timestamp,open,high,low,close,volume,turnover
2021-06-26 00:00:00,32119.5,32120.0,32044.5,32066.0,30.177,967655.682
2021-06-26 00:01:00,32066.0,32066.0,31994.0,31994.0,57.635,1843974.19
2021-06-26 00:02:00,31994.0,32020.0,31977.0,31977.0,41.909,1340124.093
2021-06-26 00:03:00,31977.0,32042.0,31977.0,32023.0,29.418,942052.614
2021-06-26 00:04:00,32023.0,32044.0,31989.5,32008.0,21.891,700687.128
2021-06-26 00:05:00,32008.0,32088.5,32007.5,32067.5,19.515,625797.2625
2021-06-26 00:06:00,32067.5,32100.0,32060.5,32095.0,15.691,503602.645
2021-06-26 00:07:00,32095.0,32148.0,32090.0,32147.5,50.78,1632450.05
2021-06-26 00:08:00,32147.5,32204.5,32147.5,32176.0,114.405,3681095.28
2021-06-26 00:09:00,32176.0,32180.5,32133.5,32180.0,28.858,928650.44
2021-06-26 00:10:00,32180.0,32256.0,32180.0,32214.0,170.573,5494838.622
2021-06-26 00:11:00,32214.0,32214.0,32169.5,32185.5,47.581,1531418.2755
2021-06-26 00:12:00,32185.5,32185.5,32134.0,32152.5,44.664,1436059.26
2021-06-26 00:13:00,32152.5,32256.0,32152.0,32255.5,45.602,1470915.311
2021-06-26 00:14:00,32255.5,32265.5,32175.0,32195.5,88.914,2862630.687
2021-06-26 00:15:00,32195.5,32219.0,32195.5,32218.5,14.989,482923.0965
2021-06-26 00:16:00,32218.5,32219.0,32202.0,32202.0,28.511,918111.222
2021-06-26 00:17:00,32202.0,32202.0,32180.0,32180.0,13.066,420463.88
2021-06-26 00:18:00,32180.0,32181.0,32158.5,32163.5,16.838,541569.013
2021-06-26 00:19:00,32163.5,32164.0,32151.0,32151.5,15.375,494329.3125
2021-06-26 00:20:00,32151.5,32151.5,32112.0,32120.0,58.827,1889523.24
2021-06-26 00:21:00,32120.0,32136.0,32000.0,32026.5,343.884,11013400.926
2021-06-26 00:22:00,32026.5,32067.5,32009.5,32062.0,152.454,4887980.148
2021-06-26 00:23:00,32062.0,32113.5,32062.0,32113.0,34.5,1107898.5
2021-06-26 00:24:00,32113.0,32171.0,32113.0,32165.0,56.048,1802783.92
2021-06-26 00:25:00,32165.0,32173.5,32150.5,32170.5,14.407,463480.3935
2021-06-26 00:26:00,32170.5,32203.5,32158.0,32203.5,26.022,837999.477
2021-06-26 00:27:00,32203.5,32203.5,32062.0,32087.5,131.433,4217356.3875
2021-06-26 00:28:00,32087.5,32087.5,32024.5,32042.5,46.186,1479914.905
2021-06-26 00:29:00,32042.5,32062.0,32012.0,32061.0,30.436,975808.596
2021-06-26 00:30:00,32061.0,32121.0,32061.0,32096.5,22.392,718704.828
2021-06-26 00:31:00,32096.5,32096.5,32009.0,32009.0,24.124,772185.116
2021-06-26 00:32:00,32009.0,32032.0,32008.0,32027.5,31.656,1013862.54
2021-06-26 00:33:00,32027.5,32035.0,32027.5,32034.5,13.6,435669.2
2021-06-26 00:34:00,32034.5,32035.0,32023.0,32023.0,23.935,766470.505
2021-06-26 00:35:00,32023.0,32041.0,32023.0,32036.0,10.492,336121.712
2021-06-26 00:36:00,32036.0,32059.0,32011.0,32011.5,50.801,1626216.2115
2021-06-26 00:37:00,32011.5,32011.5,31868.0,31871.0,157.168,5009101.328
2021-06-26 00:38:00,31871.0,31905.5,31723.0,31781.0,445.88,14170512.28
2021-06-26 00:39:00,31781.0,31813.5,31781.0,31798.0,94.902,3017693.796
2021-06-26 00:40:00,31798.0,31882.5,31798.0,31877.0,69.04,2200788.08
2021-06-26 00:41:00,31877.0,31941.0,31877.0,31936.0,35.004,1117887.744
2021-06-26 00:42:00,31936.0,32008.0,31936.0,31995.0,72.895,2332275.525
2021-06-26 00:43:00,31995.0,32001.0,31962.0,32001.0,53.539,1713301.539
2021-06-26 00:44:00,32001.0,32147.5,32000.5,32115.0,165.553,5316734.595
2021-06-26 00:45:00,32115.0,32263.0,32103.5,32257.5,138.941,4481889.3075
2021-06-26 00:46:00,32257.5,32267.5,32200.0,32211.5,131.594,4238840.131
2021-06-26 00:47:00,32211.5,32339.0,32211.5,32332.5,237.885,7691416.7625
2021-06-26 00:48:00,32332.5,32380.0,32302.5,32336.5,148.655,4806982.4075
2021-06-26 00:49:00,32336.5,32384.5,32336.5,32380.5,81.009,2623111.9245
2021-06-26 00:50:00,32380.5,32453.5,32380.5,32415.5,165.797,5374392.6535
2021-06-26 00:51:00,32415.5,32459.0,32408.5,32448.5,117.266,3805105.801
2021-06-26 00:52:00,32448.5,32448.5,32379.0,32379.0,59.716,1933544.364
2021-06-26 00:53:00,32379.0,32407.0,32348.5,32361.0,57.663,1866032.343
2021-06-26 00:54:00,32361.0,32361.5,32301.0,32316.0,76.068,2458213.488
2021-06-26 00:55:00,32316.0,32377.0,32301.0,32374.5,49.992,1618466.004
2021-06-26 00:56:00,32374.5,32389.5,32372.0,32385.0,28.523,923717.355
2021-06-26 00:57:00,32385.0,32385.5,32355.0,32355.0,16.492,533598.66
2021-06-26 00:58:00,32355.0,32398.0,32353.0,32388.5,16.376,530394.076
2021-06-26 00:59:00,32388.5,32482.0,32388.5,32460.0,127.358,4134040.68
2021-06-26 01:00:00,32460.0,32460.5,32388.0,32388.5,35.138,1138067.113
2021-06-26 01:01:00,32388.5,32388.5,32374.0,32380.5,20.14,652143.27
2021-06-26 01:02:00,32380.5,32380.5,32336.0,32340.5,61.282,1981890.521
2021-06-26 01:03:00,32340.5,32378.5,32340.0,32360.5,37.965,1228566.3825
2021-06-26 01:04:00,32360.5,32385.0,32352.0,32385.0,30.264,980099.64
2021-06-26 01:05:00,32385.0,32385.0,32349.0,32349.0,18.729,605864.421
2021-06-26 01:06:00,32349.0,32349.0,32325.0,32325.0,49.501,1600119.825
2021-06-26 01:07:00,32325.0,32325.5,32312.0,32312.0,20.957,677162.584
2021-06-26 01:08:00,32312.0,32317.0,32263.0,32263.0,60.476,1951137.188
2021-06-26 01:09:00,32263.0,32297.0,32260.5,32285.0,64.784,2091551.44
2021-06-26 01:10:00,32285.0,32285.5,32278.0,32278.0,14.772,476810.616
2021-06-26 01:11:00,32278.0,32278.0,32220.5,32222.5,57.951,1867326.0975
2021-06-26 01:12:00,32222.5,32253.5,32196.5,32199.5,34.339,1105698.6305
2021-06-26 01:13:00,32199.5,32230.5,32199.5,32200.0,31.5,1014300.0
2021-06-26 01:14:00,32200.0,32240.0,32200.0,32240.0,65.067,2097760.08
2021-06-26 01:15:00,32240.0,32240.0,32108.0,32108.5,123.629,3969541.7465
2021-06-26 01:16:00,32108.5,32108.5,32051.0,32058.5,97.793,3135096.8905
2021-06-26 01:17:00,32058.5,32144.0,32058.5,32101.0,72.888,2339777.688
2021-06-26 01:18:00,32101.0,32101.0,32040.5,32051.5,53.111,1702287.2165
2021-06-26 01:19:00,32051.5,32133.0,32051.0,32132.0,33.063,1062380.316
2021-06-26 01:20:00,32132.0,32156.5,32100.0,32156.5,37.46,1204582.49
2021-06-26 01:21:00,32156.5,32157.0,32120.0,32151.0,41.991,1350052.641
2021-06-26 01:22:00,32151.0,32151.0,32130.0,32148.5,9.172,294866.042
2021-06-26 01:23:00,32148.5,32148.5,32119.5,32119.5,15.627,501931.4265
2021-06-26 01:24:00,32119.5,32130.0,32100.0,32112.0,35.38,1136122.56
2021-06-26 01:25:00,32112.0,32251.0,32112.0,32251.0,68.747,2217159.497
2021-06-26 01:26:00,32251.0,32275.0,32221.5,32234.0,68.701,2214508.034
2021-06-26 01:27:00,32234.0,32299.0,32233.5,32291.5,21.801,703986.9915
2021-06-26 01:28:00,32291.5,32308.5,32285.5,32292.0,50.385,1627032.42
2021-06-26 01:29:00,32292.0,32301.5,32221.0,32221.0,24.271,782035.891
2021-06-26 01:30:00,32221.0,32221.0,32091.5,32091.5,74.309,2384687.2735
2021-06-26 01:31:00,32091.5,32092.0,31985.5,31986.0,207.33,6631657.38
2021-06-26 01:32:00,31986.0,32013.5,31920.0,31931.5,151.191,4827755.4165
2021-06-26 01:33:00,31931.5,32029.0,31931.5,32028.5,67.887,2174318.7795
2021-06-26 01:34:00,32028.5,32044.5,31963.0,31982.0,31.282,1000460.924
2021-06-26 01:35:00,31982.0,32067.0,31982.0,32060.0,27.79,890947.4
2021-06-26 01:36:00,32060.0,32143.5,32060.0,32115.5,51.402,1650800.931
2021-06-26 01:37:00,32115.5,32176.5,32115.0,32175.0,28.854,928377.45
2021-06-26 01:38:00,32175.0,32184.0,32127.5,32182.5,35.974,1157733.255
2021-06-26 01:39:00,32182.5,32182.5,32108.0,32109.0,46.871,1504980.939
2021-06-26 01:40:00,32109.0,32113.0,32058.5,32058.5,8.849,283685.6665
2021-06-26 01:41:00,32058.5,32105.5,32058.5,32105.5,20.735,665707.5425
2021-06-26 01:42:00,32105.5,32105.5,31992.5,31994.5,31.145,996468.7025
2021-06-26 01:43:00,31994.5,32051.0,31994.0,32008.5,43.179,1382095.0215
2021-06-26 01:44:00,32008.5,32039.0,32001.5,32023.0,22.533,721574.259
2021-06-26 01:45:00,32023.0,32089.0,32023.0,32087.5,15.896,510062.9
2021-06-26 01:46:00,32087.5,32088.0,32072.5,32072.5,21.248,681476.48
2021-06-26 01:47:00,32072.5,32111.0,32070.0,32110.5,24.045,772096.9725
2021-06-26 01:48:00,32110.5,32154.0,32110.5,32154.0,27.004,868286.616
2021-06-26 01:49:00,32154.0,32159.0,32150.0,32156.5,22.632,727765.908
2021-06-26 01:50:00,32156.5,32156.5,32083.0,32083.0,8.269,265294.327
2021-06-26 01:51:00,32083.0,32218.0,32083.0,32218.0,82.391,2654473.238
2021-06-26 01:52:00,32218.0,32269.5,32218.0,32231.5,77.315,2491978.4225
2021-06-26 01:53:00,32231.5,32242.0,32200.0,32242.0,31.327,1010045.134
2021-06-26 01:54:00,32242.0,32256.5,32224.5,32256.5,20.718,668290.167
2021-06-26 01:55:00,32256.5,32256.5,32202.0,32202.0,37.971,1222742.142
2021-06-26 01:56:00,32202.0,32234.5,32184.5,32234.5,35.761,1152737.9545
2021-06-26 01:57:00,32234.5,32244.5,32224.0,32224.0,19.915,641740.96
2021-06-26 01:58:00,32224.0,32241.0,32206.5,32241.0,18.103,583658.823
2021-06-26 01:59:00,32241.0,32268.5,32241.0,32268.5,33.007,1065086.3795
2021-06-26 02:00:00,32268.5,32299.0,32268.0,32288.5,25.294,816705.319
2021-06-26 02:01:00,32288.5,32347.5,32288.5,32342.5,37.49,1212520.325
2021-06-26 02:02:00,32342.5,32345.5,32280.0,32280.0,65.59,2117245.2
2021-06-26 02:03:00,32280.0,32288.0,32261.5,32261.5,25.398,819377.577
2021-06-26 02:04:00,32261.5,32268.5,32223.5,32230.5,26.377,850143.8985
2021-06-26 02:05:00,32230.5,32235.0,32185.0,32185.0,38.991,1254925.335
2021-06-26 02:06:00,32185.0,32191.5,32180.5,32183.5,125.655,4044017.6925
2021-06-26 02:07:00,32183.5,32265.0,32183.5,32254.0,52.933,1707300.982
2021-06-26 02:08:00,32254.0,32254.5,32240.5,32240.5,4.01,129284.405
2021-06-26 02:09:00,32240.5,32295.5,32240.5,32295.5,8.86,286138.13
2021-06-26 02:10:00,32295.5,32295.5,32244.5,32244.5,7.197,232063.6665
2021-06-26 02:11:00,32244.5,32245.0,32234.0,32240.0,7.101,228936.24
2021-06-26 02:12:00,32240.0,32255.5,32237.5,32239.5,10.058,324264.891
2021-06-26 02:13:00,32239.5,32239.5,32203.5,32203.5,25.169,810529.8915
2021-06-26 02:14:00,32203.5,32219.5,32187.5,32219.5,28.768,926890.576
2021-06-26 02:15:00,32219.5,32219.5,32200.0,32202.0,24.338,783732.276
2021-06-26 02:16:00,32202.0,32273.0,32202.0,32260.5,28.082,905939.361
2021-06-26 02:17:00,32260.5,32260.5,32222.5,32223.0,5.57,179482.11
2021-06-26 02:18:00,32223.0,32240.0,32220.0,32239.5,7.083,228352.3785
2021-06-26 02:19:00,32239.5,32270.0,32239.5,32270.0,8.238,265840.26
2021-06-26 02:20:00,32270.0,32270.0,32256.5,32257.0,14.284,460758.988
2021-06-26 02:21:00,32257.0,32257.0,32220.0,32220.0,34.483,1111042.26
2021-06-26 02:22:00,32220.0,32220.5,32087.0,32087.5,120.708,3873217.95
2021-06-26 02:23:00,32087.5,32140.0,32086.5,32140.0,37.616,1208978.24
2021-06-26 02:24:00,32140.0,32173.5,32139.5,32160.0,45.702,1469776.32
2021-06-26 02:25:00,32160.0,32203.0,32160.0,32196.5,32.583,1049058.5595
2021-06-26 02:26:00,32196.5,32197.5,32196.5,32197.0,10.02,322613.94
2021-06-26 02:27:00,32197.0,32212.0,32197.0,32212.0,7.92,255119.04
2021-06-26 02:28:00,32212.0,32212.0,32200.0,32201.0,16.326,525713.526
2021-06-26 02:29:00,32201.0,32242.5,32200.5,32200.5,24.817,799119.8085
2021-06-26 02:30:00,32200.5,32200.5,32069.5,32096.5,62.139,1994444.4135
2021-06-26 02:31:00,32096.5,32096.5,32046.0,32061.0,36.56,1172150.16
2021-06-26 02:32:00,32061.0,32115.0,32061.0,32114.5,25.839,829806.5655
2021-06-26 02:33:00,32114.5,32115.0,32040.5,32040.5,20.884,669133.802
2021-06-26 02:34:00,32040.5,32040.5,32038.0,32038.0,26.034,834077.292
2021-06-26 02:35:00,32038.0,32060.5,32038.0,32060.5,36.154,1159115.317
2021-06-26 02:36:00,32060.5,32060.5,31875.5,31930.5,183.123,5847208.9515
2021-06-26 02:37:00,31930.5,31962.0,31886.0,31893.5,61.237,1953062.2595
2021-06-26 02:38:00,31893.5,31893.5,31854.5,31883.5,53.988,1721326.398
2021-06-26 02:39:00,31883.5,31917.5,31883.0,31913.5,40.239,1284167.3265
2021-06-26 02:40:00,31913.5,31913.5,31864.0,31866.5,43.977,1401393.0705
2021-06-26 02:41:00,31866.5,31869.5,31613.0,31704.0,741.672,23513969.088
2021-06-26 02:42:00,31704.0,31740.5,31596.0,31596.5,133.074,4204672.641
2021-06-26 02:43:00,31596.5,31673.0,31596.5,31638.5,135.144,4275753.444
2021-06-26 02:44:00,31638.5,31650.0,31570.0,31645.0,161.841,5121458.445
2021-06-26 02:45:00,31645.0,31653.5,31568.5,31569.0,112.204,3542168.076
2021-06-26 02:46:00,31569.0,31622.0,31560.0,31621.5,80.644,2550084.246
2021-06-26 02:47:00,31621.5,31627.0,31560.0,31560.0,38.876,1226926.56
2021-06-26 02:48:00,31560.0,31617.5,31560.0,31600.0,53.519,1691200.4
2021-06-26 02:49:00,31600.0,31629.5,31593.0,31600.5,22.84,721755.42
2021-06-26 02:50:00,31600.5,31628.0,31600.0,31628.0,57.667,1823891.876
2021-06-26 02:51:00,31628.0,31701.0,31628.0,31690.5,83.156,2635255.218
2021-06-26 02:52:00,31690.5,31755.0,31690.0,31729.0,61.19,1941497.51
2021-06-26 02:53:00,31729.0,31741.0,31706.0,31741.0,36.253,1150706.473
2021-06-26 02:54:00,31741.0,31746.0,31740.5,31746.0,12.724,403936.104
2021-06-26 02:55:00,31746.0,31835.0,31746.0,31814.5,116.008,3690736.516
2021-06-26 02:56:00,31814.5,31823.0,31786.5,31823.0,61.008,1941457.584
2021-06-26 02:57:00,31823.0,31823.5,31798.5,31808.5,33.842,1076463.257
2021-06-26 02:58:00,31808.5,31822.5,31808.0,31822.5,11.054,351765.915
2021-06-26 02:59:00,31822.5,31825.5,31822.0,31825.5,15.833,503893.1415
2021-06-26 03:00:00,31825.5,31825.5,31729.0,31729.0,101.77,3229060.33
2021-06-26 03:01:00,31729.0,31759.5,31729.0,31759.5,37.128,1179166.716
2021-06-26 03:02:00,31759.5,31977.0,31759.5,31954.5,165.95,5302849.275
2021-06-26 03:03:00,31954.5,31954.5,31887.0,31887.5,127.788,4074839.85
2021-06-26 03:04:00,31887.5,31887.5,31842.0,31842.0,38.922,1239354.324
2021-06-26 03:05:00,31842.0,31919.5,31841.0,31895.0,40.27,1284411.65
2021-06-26 03:06:00,31895.0,31958.0,31894.0,31958.0,26.407,843914.906
2021-06-26 03:07:00,31958.0,31965.0,31909.5,31940.5,38.307,1223544.7335
2021-06-26 03:08:00,31940.5,31947.5,31933.0,31939.0,13.591,434082.949
2021-06-26 03:09:00,31939.0,32008.0,31938.5,32007.5,146.79,4698380.925
2021-06-26 03:10:00,32007.5,32103.0,31995.0,32083.5,65.805,2111254.7175
2021-06-26 03:11:00,32083.5,32153.5,32083.5,32153.0,110.487,3552488.511
2021-06-26 03:12:00,32153.0,32200.0,32143.0,32143.0,169.789,5457527.827
2021-06-26 03:13:00,32143.0,32143.5,32106.5,32114.5,36.087,1158915.9615
2021-06-26 03:14:00,32114.5,32114.5,32030.0,32030.0,59.229,1897104.87
2021-06-26 03:15:00,32030.0,32069.0,32030.0,32065.0,74.225,2380024.625
2021-06-26 03:16:00,32065.0,32065.5,31990.0,31990.0,68.161,2180470.39
2021-06-26 03:17:00,31990.0,31990.5,31891.0,31891.0,91.278,2910946.698
2021-06-26 03:18:00,31891.0,31891.5,31777.0,31777.0,91.785,2916651.945
2021-06-26 03:19:00,31777.0,31866.0,31730.5,31805.0,148.811,4732933.855
2021-06-26 03:20:00,31805.0,31810.0,31736.0,31770.0,89.583,2846051.91
2021-06-26 03:21:00,31770.0,31778.5,31735.5,31735.5,38.587,1224577.7385
2021-06-26 03:22:00,31735.5,31749.0,31676.5,31719.0,81.11,2572728.09
2021-06-26 03:23:00,31719.0,31768.5,31710.0,31732.5,55.416,1758488.22
2021-06-26 03:24:00,31732.5,31760.0,31732.0,31760.0,21.344,677885.44
2021-06-26 03:25:00,31760.0,31779.0,31687.0,31687.0,53.83,1705711.21
2021-06-26 03:26:00,31687.0,31687.5,31643.0,31643.5,104.471,3305828.0885
2021-06-26 03:27:00,31643.5,31700.0,31643.5,31700.0,44.123,1398699.1
2021-06-26 03:28:00,31700.0,31731.0,31682.0,31731.0,22.881,726037.011
2021-06-26 03:29:00,31731.0,31786.5,31730.5,31786.5,30.456,968089.644
2021-06-26 03:30:00,31786.5,31897.0,31786.0,31833.5,200.73,6389938.455
2021-06-26 03:31:00,31833.5,31833.5,31658.5,31658.5,143.211,4533845.4435
2021-06-26 03:32:00,31658.5,31695.0,31646.5,31665.0,132.567,4197734.055
2021-06-26 03:33:00,31665.0,31732.0,31665.0,31700.5,15.607,494749.7035
2021-06-26 03:34:00,31700.5,31749.0,31700.5,31721.5,12.208,387256.072
2021-06-26 03:35:00,31721.5,31743.5,31681.0,31681.5,104.115,3298519.3725
2021-06-26 03:36:00,31681.5,31775.0,31681.0,31775.0,16.791,533534.025
2021-06-26 03:37:00,31775.0,31844.0,31768.0,31829.5,37.7,1199972.15
2021-06-26 03:38:00,31829.5,31840.0,31787.5,31836.5,80.292,2556216.258
2021-06-26 03:39:00,31836.5,31845.0,31786.5,31840.0,30.974,986212.16
2021-06-26 03:40:00,31840.0,31888.5,31840.0,31877.0,21.72,692368.44
2021-06-26 03:41:00,31877.0,31889.5,31848.0,31889.0,12.298,392170.922
2021-06-26 03:42:00,31889.0,31934.5,31889.0,31900.0,49.508,1579305.2
2021-06-26 03:43:00,31900.0,31920.0,31876.0,31915.5,42.757,1364611.0335
2021-06-26 03:44:00,31915.5,31915.5,31830.0,31848.5,36.111,1150081.1835
2021-06-26 03:45:00,31848.5,31848.5,31778.5,31780.5,29.722,944580.021
2021-06-26 03:46:00,31780.5,31849.0,31780.0,31849.0,37.802,1203955.898
2021-06-26 03:47:00,31849.0,31920.0,31831.0,31908.5,18.83,600837.055
2021-06-26 03:48:00,31908.5,31927.0,31902.5,31905.0,37.062,1182463.11
2021-06-26 03:49:00,31905.0,31965.0,31901.5,31904.5,54.806,1748558.027
2021-06-26 03:50:00,31904.5,31904.5,31829.0,31855.5,26.021,828911.9655
2021-06-26 03:51:00,31855.5,31905.5,31845.5,31899.0,22.736,725255.664
2021-06-26 03:52:00,31899.0,31930.0,31868.5,31929.5,11.274,359973.183
2021-06-26 03:53:00,31929.5,31930.0,31894.0,31910.0,12.972,413936.52
2021-06-26 03:54:00,31910.0,31930.5,31880.0,31923.0,8.452,269813.196
2021-06-26 03:55:00,31923.0,31954.0,31904.5,31916.5,7.663,244576.1395
2021-06-26 03:56:00,31916.5,31920.0,31884.0,31884.5,11.717,373590.6865
2021-06-26 03:57:00,31884.5,31884.5,31860.5,31865.0,24.083,767404.795
2021-06-26 03:58:00,31865.0,31875.0,31837.5,31857.0,8.893,283304.301
2021-06-26 03:59:00,31857.0,31874.0,31828.5,31831.5,9.569,304595.6235
2021-06-26 04:00:00,31831.5,31880.0,31775.0,31775.0,28.726,912768.65
2021-06-26 04:01:00,31775.0,31775.0,31667.0,31670.0,52.91,1675659.7
2021-06-26 04:02:00,31670.0,31736.5,31668.0,31720.0,60.945,1933175.4
2021-06-26 04:03:00,31720.0,31732.0,31655.0,31705.0,69.776,2212248.08
2021-06-26 04:04:00,31705.0,31779.0,31698.5,31770.0,21.116,670855.32
2021-06-26 04:05:00,31770.0,31775.5,31732.0,31732.0,28.623,908265.036
2021-06-26 04:06:00,31732.0,31739.5,31684.0,31731.0,31.389,996004.359
2021-06-26 04:07:00,31731.0,31731.0,31681.5,31696.0,34.991,1109074.736
2021-06-26 04:08:00,31696.0,31696.0,31666.0,31690.0,36.258,1149016.02
2021-06-26 04:09:00,31690.0,31739.0,31690.0,31703.0,26.933,853856.899
2021-06-26 04:10:00,31703.0,31703.0,31650.0,31650.0,61.597,1949545.05
2021-06-26 04:11:00,31650.0,31659.5,31631.0,31632.0,88.467,2798388.144
2021-06-26 04:12:00,31632.0,31668.0,31586.0,31595.5,74.088,2340847.404
2021-06-26 04:13:00,31595.5,31644.5,31595.5,31617.5,45.211,1429458.7925
2021-06-26 04:14:00,31617.5,31617.5,31595.5,31608.5,22.137,699717.3645
2021-06-26 04:15:00,31608.5,31710.0,31525.5,31662.5,146.186,4628614.225
2021-06-26 04:16:00,31662.5,31663.0,31525.0,31525.0,94.173,2968803.825
2021-06-26 04:17:00,31525.0,31525.5,31363.0,31443.5,849.752,26719177.012
2021-06-26 04:18:00,31443.5,31443.5,31350.0,31354.0,143.517,4499832.018
2021-06-26 04:19:00,31354.0,31400.0,31350.0,31400.0,67.022,2104490.8
2021-06-26 04:20:00,31400.0,31458.0,31300.0,31300.5,186.978,5852504.889
2021-06-26 04:21:00,31300.5,31389.5,31300.0,31369.5,83.72,2626254.54
2021-06-26 04:22:00,31369.5,31388.5,31319.5,31331.5,77.883,2440191.2145
2021-06-26 04:23:00,31331.5,31392.0,31314.0,31365.5,45.108,1414834.974
2021-06-26 04:24:00,31365.5,31430.0,31365.5,31417.5,49.168,1544735.64
2021-06-26 04:25:00,31417.5,31570.0,31400.0,31518.0,82.712,2606916.816
2021-06-26 04:26:00,31518.0,31518.5,31457.5,31464.5,78.252,2462160.054
2021-06-26 04:27:00,31464.5,31464.5,31400.0,31430.0,55.056,1730410.08
2021-06-26 04:28:00,31430.0,31452.5,31410.5,31452.5,23.827,749418.7175
2021-06-26 04:29:00,31452.5,31482.0,31420.5,31428.5,76.415,2401608.8275
2021-06-26 04:30:00,31428.5,31476.5,31395.0,31405.0,43.357,1361626.585
2021-06-26 04:31:00,31405.0,31505.0,31404.5,31505.0,60.882,1918087.41
2021-06-26 04:32:00,31505.0,31519.5,31463.5,31488.5,75.892,2389725.242
2021-06-26 04:33:00,31488.5,31498.0,31473.5,31498.0,12.535,394827.43
2021-06-26 04:34:00,31498.0,31520.0,31487.5,31520.0,55.692,1755411.84
2021-06-26 04:35:00,31520.0,31598.0,31519.5,31589.0,131.955,4168326.495
2021-06-26 04:36:00,31589.0,31609.5,31536.0,31609.0,91.424,2889821.216
2021-06-26 04:37:00,31609.0,31609.0,31551.5,31551.5,26.522,836808.883
2021-06-26 04:38:00,31551.5,31551.5,31505.0,31505.0,17.357,546832.285
2021-06-26 04:39:00,31505.0,31506.0,31479.5,31483.0,36.642,1153600.086
2021-06-26 04:40:00,31483.0,31583.0,31483.0,31560.5,17.271,545081.3955
2021-06-26 04:41:00,31560.5,31572.5,31517.5,31572.5,40.73,1285947.925
2021-06-26 04:42:00,31572.5,31572.5,31500.0,31538.5,32.927,1038468.1895
2021-06-26 04:43:00,31538.5,31550.0,31523.5,31544.0,19.559,616969.096
2021-06-26 04:44:00,31544.0,31596.0,31543.5,31595.5,36.014,1137880.337
2021-06-26 04:45:00,31595.5,31623.0,31564.5,31564.5,30.332,957414.414
2021-06-26 04:46:00,31564.5,31584.5,31547.0,31564.0,17.489,552022.796
2021-06-26 04:47:00,31564.0,31564.0,31523.0,31550.0,27.212,858538.6
2021-06-26 04:48:00,31550.0,31557.0,31512.0,31513.0,14.254,449186.302
2021-06-26 04:49:00,31513.0,31513.0,31428.0,31460.5,104.938,3301401.949
2021-06-26 04:50:00,31460.5,31460.5,31417.0,31420.0,32.169,1010749.98
2021-06-26 04:51:00,31420.0,31498.0,31408.0,31497.5,37.731,1188432.1725
2021-06-26 04:52:00,31497.5,31498.0,31452.0,31496.5,32.151,1012643.9715
2021-06-26 04:53:00,31496.5,31547.0,31468.0,31503.5,27.826,876616.391
2021-06-26 04:54:00,31503.5,31503.5,31439.0,31439.5,18.107,569275.0265
2021-06-26 04:55:00,31439.5,31520.0,31439.5,31519.5,24.654,777081.753
2021-06-26 04:56:00,31519.5,31540.0,31512.5,31539.5,33.061,1042727.4095
2021-06-26 04:57:00,31539.5,31578.0,31539.5,31566.5,41.813,1319890.0645
2021-06-26 04:58:00,31566.5,31566.5,31515.5,31517.5,19.729,621808.7575
2021-06-26 04:59:00,31517.5,31517.5,31488.0,31490.0,4.949,155844.01
2021-06-26 05:00:00,31490.0,31567.0,31490.0,31567.0,12.393,391209.831
2021-06-26 05:01:00,31567.0,31592.5,31561.0,31592.5,25.792,814833.76
2021-06-26 05:02:00,31592.5,31597.5,31562.0,31562.0,19.521,616121.802
2021-06-26 05:03:00,31562.0,31600.0,31562.0,31597.5,36.341,1148284.7475
2021-06-26 05:04:00,31597.5,31614.5,31575.0,31614.5,43.414,1372511.903
2021-06-26 05:05:00,31614.5,31770.0,31588.5,31755.0,196.866,6251479.83
2021-06-26 05:06:00,31755.0,31810.0,31700.0,31776.0,140.47,4463574.72
2021-06-26 05:07:00,31776.0,31825.0,31750.0,31825.0,72.207,2297987.775
2021-06-26 05:08:00,31825.0,31893.5,31770.0,31840.0,219.135,6977258.4
2021-06-26 05:09:00,31840.0,31846.0,31816.5,31846.0,51.688,1646056.048
2021-06-26 05:10:00,31846.0,31846.0,31779.5,31810.0,45.209,1438098.29
2021-06-26 05:11:00,31810.0,31871.5,31782.5,31789.0,57.481,1827263.509
2021-06-26 05:12:00,31789.0,31840.0,31789.0,31826.5,29.408,935953.712
2021-06-26 05:13:00,31826.5,31833.5,31810.0,31810.5,16.532,525891.186
2021-06-26 05:14:00,31810.5,31869.5,31809.5,31849.5,39.964,1272833.418
2021-06-26 05:15:00,31849.5,31890.5,31818.0,31890.5,41.402,1320330.481
2021-06-26 05:16:00,31890.5,31950.0,31887.5,31887.5,92.075,2936041.5625
2021-06-26 05:17:00,31887.5,31888.0,31788.5,31801.0,58.03,1845412.03
2021-06-26 05:18:00,31801.0,31813.0,31798.5,31798.5,20.832,662426.352
2021-06-26 05:19:00,31798.5,31824.5,31787.5,31787.5,15.313,486761.9875
2021-06-26 05:20:00,31787.5,31813.0,31759.0,31759.0,30.143,957311.537
2021-06-26 05:21:00,31759.0,31780.0,31751.0,31763.5,29.698,943312.423
2021-06-26 05:22:00,31763.5,31763.5,31690.5,31690.5,46.858,1484953.449
2021-06-26 05:23:00,31690.5,31728.5,31669.5,31728.0,69.599,2208237.072
2021-06-26 05:24:00,31728.0,31728.0,31693.0,31709.0,18.263,579101.467
2021-06-26 05:25:00,31709.0,31750.0,31678.0,31678.0,31.351,993136.978
2021-06-26 05:26:00,31678.0,31681.5,31653.0,31656.0,59.606,1886887.536
2021-06-26 05:27:00,31656.0,31656.5,31617.0,31642.0,21.808,690048.736
2021-06-26 05:28:00,31642.0,31642.0,31613.5,31617.5,32.231,1019063.6425
2021-06-26 05:29:00,31617.5,31617.5,31580.0,31580.0,32.615,1029981.7
2021-06-26 05:30:00,31580.0,31696.5,31533.0,31673.5,152.975,4845253.6625
2021-06-26 05:31:00,31673.5,31680.0,31478.5,31478.5,145.946,4594161.161
2021-06-26 05:32:00,31478.5,31478.5,31305.5,31328.0,464.125,14540108.0
2021-06-26 05:33:00,31328.0,31420.0,31328.0,31400.0,158.294,4970431.6
2021-06-26 05:34:00,31400.0,31429.5,31320.0,31397.5,155.878,4894179.505
2021-06-26 05:35:00,31397.5,31458.0,31397.5,31433.5,132.095,4152208.1825
2021-06-26 05:36:00,31433.5,31608.5,31426.0,31598.0,173.108,5469866.584
2021-06-26 05:37:00,31598.0,31709.0,31556.0,31669.0,122.048,3865138.112
2021-06-26 05:38:00,31669.0,31742.5,31641.5,31641.5,194.105,6141773.3575
2021-06-26 05:39:00,31641.5,31641.5,31453.0,31453.5,133.019,4183913.1165
2021-06-26 05:40:00,31453.5,31495.5,31355.0,31419.0,159.167,5000867.973
2021-06-26 05:41:00,31419.0,31479.0,31373.5,31432.0,76.676,2410080.032
2021-06-26 05:42:00,31432.0,31476.5,31419.0,31474.5,38.693,1217842.8285
2021-06-26 05:43:00,31474.5,31636.0,31474.5,31636.0,90.604,2866348.144
2021-06-26 05:44:00,31636.0,31700.0,31618.5,31620.0,138.295,4372887.9
2021-06-26 05:45:00,31620.0,31665.5,31549.0,31655.5,76.227,2413003.7985
2021-06-26 05:46:00,31655.5,31722.0,31655.0,31712.5,116.424,3692096.1
2021-06-26 05:47:00,31712.5,31725.0,31661.0,31680.0,87.195,2762337.6
2021-06-26 05:48:00,31680.0,31756.0,31680.0,31747.5,100.095,3177766.0125
2021-06-26 05:49:00,31747.5,31835.5,31747.0,31821.5,208.625,6638760.4375
2021-06-26 05:50:00,31821.5,31880.0,31781.0,31879.5,184.16,5870928.72
2021-06-26 05:51:00,31879.5,31890.0,31807.5,31827.5,72.533,2308544.0575
2021-06-26 05:52:00,31827.5,31850.0,31780.0,31780.0,80.602,2561531.56
2021-06-26 05:53:00,31780.0,31780.5,31713.0,31713.0,62.891,1994462.283
2021-06-26 05:54:00,31713.0,31780.0,31685.0,31699.5,44.291,1404002.5545
2021-06-26 05:55:00,31699.5,31705.0,31672.0,31673.0,47.879,1516471.567
2021-06-26 05:56:00,31673.0,31758.5,31673.0,31716.0,58.804,1865027.664
2021-06-26 05:57:00,31716.0,31751.0,31716.0,31751.0,13.677,434258.427
2021-06-26 05:58:00,31751.0,31792.0,31750.5,31792.0,36.813,1170358.896
2021-06-26 05:59:00,31792.0,31838.0,31783.0,31838.0,58.107,1850010.666
2021-06-26 06:00:00,31838.0,31874.0,31838.0,31874.0,54.458,1735794.292
2021-06-26 06:01:00,31874.0,32142.5,31874.0,32142.5,607.932,19540454.31
2021-06-26 06:02:00,32142.5,32182.0,32105.5,32119.5,362.737,11650931.0715
2021-06-26 06:03:00,32119.5,32119.5,32046.0,32069.5,174.443,5594299.7885
2021-06-26 06:04:00,32069.5,32071.0,31994.0,32038.0,66.554,2132257.052
2021-06-26 06:05:00,32038.0,32038.0,31967.5,31974.5,41.341,1321857.8045
2021-06-26 06:06:00,31974.5,31975.0,31882.5,31884.5,67.668,2157560.346
2021-06-26 06:07:00,31884.5,31945.5,31824.0,31824.5,83.654,2662246.723
2021-06-26 06:08:00,31824.5,31883.5,31800.0,31800.0,72.683,2311319.4
2021-06-26 06:09:00,31800.0,31880.0,31767.5,31834.5,192.409,6125244.3105
2021-06-26 06:10:00,31834.5,31909.0,31821.0,31890.0,41.246,1315334.94
2021-06-26 06:11:00,31890.0,31925.5,31850.0,31925.5,41.9,1337678.45
2021-06-26 06:12:00,31925.5,31930.0,31896.0,31923.0,30.273,966404.979
2021-06-26 06:13:00,31923.0,31969.5,31916.0,31916.0,43.001,1372419.916
2021-06-26 06:14:00,31916.0,31941.5,31916.0,31927.5,22.584,721050.66
2021-06-26 06:15:00,31927.5,31979.5,31927.0,31974.5,51.211,1637446.1195
2021-06-26 06:16:00,31974.5,32086.5,31974.5,32082.5,74.764,2398616.03
2021-06-26 06:17:00,32082.5,32082.5,32000.0,32015.0,93.575,2995803.625
2021-06-26 06:18:00,32015.0,32091.5,32015.0,32083.5,28.234,905845.539
2021-06-26 06:19:00,32083.5,32096.5,32037.5,32092.5,53.92,1730427.6
2021-06-26 06:20:00,32092.5,32092.5,32037.5,32037.5,31.615,1012865.5625
2021-06-26 06:21:00,32037.5,32037.5,31996.5,31997.0,37.2,1190288.4
2021-06-26 06:22:00,31997.0,31997.0,31996.5,31996.5,32.299,1033454.9535
2021-06-26 06:23:00,31996.5,31997.0,31921.5,31921.5,40.512,1293203.808
2021-06-26 06:24:00,31921.5,31983.5,31876.5,31983.5,86.797,2776071.8495
2021-06-26 06:25:00,31983.5,31983.5,31894.0,31894.0,48.576,1549282.944
2021-06-26 06:26:00,31894.0,31925.5,31894.0,31896.5,31.618,1008503.537
2021-06-26 06:27:00,31896.5,31946.5,31896.5,31928.5,16.142,515389.847
2021-06-26 06:28:00,31928.5,31956.5,31928.0,31953.5,14.22,454378.77
2021-06-26 06:29:00,31953.5,31973.0,31952.0,31970.5,14.95,477958.975
2021-06-26 06:30:00,31970.5,32013.0,31970.5,32013.0,30.721,983471.373
2021-06-26 06:31:00,32013.0,32013.0,31873.5,31897.0,79.919,2549176.343
2021-06-26 06:32:00,31897.0,31905.0,31856.0,31860.5,53.298,1698100.929
2021-06-26 06:33:00,31860.5,31881.0,31837.0,31881.0,42.697,1361223.057
2021-06-26 06:34:00,31881.0,31930.0,31870.5,31930.0,17.384,555071.12
2021-06-26 06:35:00,31930.0,31930.0,31901.0,31911.0,25.353,809039.583
2021-06-26 06:36:00,31911.0,31949.5,31898.5,31898.5,33.18,1058392.23
2021-06-26 06:37:00,31898.5,31899.0,31853.0,31853.0,33.438,1065100.614
2021-06-26 06:38:00,31853.0,31893.5,31842.0,31873.0,17.083,544486.459
2021-06-26 06:39:00,31873.0,31895.0,31867.5,31895.0,15.533,495425.035
2021-06-26 06:40:00,31895.0,31995.5,31877.0,31877.0,81.449,2596349.773
2021-06-26 06:41:00,31877.0,31877.0,31790.0,31790.0,70.224,2232420.96
2021-06-26 06:42:00,31790.0,31824.5,31790.0,31808.5,33.631,1069751.6635
2021-06-26 06:43:00,31808.5,31839.0,31772.0,31777.0,43.296,1375816.992
2021-06-26 06:44:00,31777.0,31815.0,31777.0,31808.5,29.147,927122.3495
2021-06-26 06:45:00,31808.5,31837.0,31770.0,31837.0,133.556,4252022.372
2021-06-26 06:46:00,31837.0,31864.5,31813.5,31828.5,10.046,319749.111
2021-06-26 06:47:00,31828.5,31850.0,31808.0,31827.0,27.913,888387.051
2021-06-26 06:48:00,31827.0,31830.0,31800.0,31800.5,14.499,461075.4495
2021-06-26 06:49:00,31800.5,31805.0,31753.5,31753.5,39.028,1239275.598
2021-06-26 06:50:00,31753.5,31775.0,31753.5,31765.0,37.726,1198366.39
2021-06-26 06:51:00,31765.0,31765.0,31721.0,31722.5,57.915,1837208.5875
2021-06-26 06:52:00,31722.5,31740.0,31721.5,31721.5,40.605,1288051.5075
2021-06-26 06:53:00,31721.5,31721.5,31664.5,31691.0,119.196,3777440.436
2021-06-26 06:54:00,31691.0,31692.0,31670.5,31683.0,22.751,720819.933
2021-06-26 06:55:00,31683.0,31739.5,31682.5,31685.0,50.24,1591854.4
2021-06-26 06:56:00,31685.0,31720.0,31679.0,31679.0,30.504,966336.216
2021-06-26 06:57:00,31679.0,31713.5,31679.0,31697.0,18.937,600246.089
2021-06-26 06:58:00,31697.0,31762.5,31697.0,31724.5,66.791,2118911.0795
2021-06-26 06:59:00,31724.5,31766.5,31722.5,31759.5,44.324,1407708.078
2021-06-26 07:00:00,31759.5,31797.0,31734.5,31790.5,67.109,2133428.6645
2021-06-26 07:01:00,31790.5,31790.5,31769.0,31770.0,27.778,882507.06
2021-06-26 07:02:00,31770.0,31844.5,31769.5,31826.0,52.232,1662335.632
2021-06-26 07:03:00,31826.0,31826.5,31792.0,31808.5,25.824,821422.704
2021-06-26 07:04:00,31808.5,31808.5,31744.0,31744.0,24.788,786870.272
2021-06-26 07:05:00,31744.0,31744.5,31711.5,31720.0,32.212,1021764.64
2021-06-26 07:06:00,31720.0,31772.5,31720.0,31772.5,33.155,1053417.2375
2021-06-26 07:07:00,31772.5,31774.5,31718.0,31718.5,37.778,1198261.493
2021-06-26 07:08:00,31718.5,31718.5,31654.0,31666.0,57.877,1832733.082
2021-06-26 07:09:00,31666.0,31667.5,31625.0,31647.5,52.151,1650448.7725
2021-06-26 07:10:00,31647.5,31647.5,31584.0,31603.5,84.913,2683547.9955
2021-06-26 07:11:00,31603.5,31628.0,31603.5,31612.0,23.267,735516.404
2021-06-26 07:12:00,31612.0,31645.0,31612.0,31617.5,26.215,828852.7625
2021-06-26 07:13:00,31617.5,31639.5,31600.0,31639.5,73.138,2314049.751
2021-06-26 07:14:00,31639.5,31639.5,31619.0,31639.5,12.939,409383.4905
2021-06-26 07:15:00,31639.5,31678.0,31550.0,31550.5,73.539,2320192.2195
2021-06-26 07:16:00,31550.5,31610.5,31530.0,31610.5,61.061,1930168.7405
2021-06-26 07:17:00,31610.5,31741.5,31610.0,31712.5,115.842,3673639.425
2021-06-26 07:18:00,31712.5,31712.5,31616.0,31616.0,59.99,1896643.84
2021-06-26 07:19:00,31616.0,31673.5,31600.0,31667.0,37.596,1190552.532
2021-06-26 07:20:00,31667.0,31680.0,31660.0,31677.0,34.631,1097006.187
2021-06-26 07:21:00,31677.0,31725.0,31677.0,31713.0,37.346,1184353.698
2021-06-26 07:22:00,31713.0,31741.0,31713.0,31728.0,28.946,918398.688
2021-06-26 07:23:00,31728.0,31735.5,31701.5,31701.5,19.585,620873.8775
2021-06-26 07:24:00,31701.5,31839.5,31701.5,31819.0,90.325,2874051.175
2021-06-26 07:25:00,31819.0,31834.0,31785.5,31834.0,44.964,1431383.976
2021-06-26 07:26:00,31834.0,31900.0,31833.5,31864.5,117.16,3733244.82
2021-06-26 07:27:00,31864.5,31964.5,31858.5,31955.5,102.382,3271668.001
2021-06-26 07:28:00,31955.5,32029.0,31943.5,31995.5,135.347,4330494.9385
2021-06-26 07:29:00,31995.5,31995.5,31933.5,31956.0,65.81,2103024.36
2021-06-26 07:30:00,31956.0,32056.5,31956.0,31989.5,78.319,2505385.6505
2021-06-26 07:31:00,31989.5,31989.5,31935.0,31953.5,40.218,1285105.863
2021-06-26 07:32:00,31953.5,31953.5,31870.0,31870.0,71.07,2265000.9
2021-06-26 07:33:00,31870.0,31904.0,31870.0,31890.0,80.767,2575659.63
2021-06-26 07:34:00,31890.0,31933.0,31890.0,31933.0,49.0,1564717.0
2021-06-26 07:35:00,31933.0,31969.0,31933.0,31952.0,37.852,1209447.104
2021-06-26 07:36:00,31952.0,31952.0,31920.5,31925.5,48.688,1554388.744
2021-06-26 07:37:00,31925.5,31927.0,31925.5,31927.0,34.508,1101736.916
2021-06-26 07:38:00,31927.0,31971.5,31924.5,31965.0,24.333,777804.345
2021-06-26 07:39:00,31965.0,32060.0,31965.0,31998.5,73.166,2341202.251
2021-06-26 07:40:00,31998.5,32000.0,31976.5,31995.0,25.315,809953.425
2021-06-26 07:41:00,31995.0,32000.0,31977.0,31977.0,17.136,547957.872
2021-06-26 07:42:00,31977.0,31977.0,31910.0,31936.5,32.838,1048730.787
2021-06-26 07:43:00,31936.5,31987.5,31936.0,31966.5,28.465,909926.4225
2021-06-26 07:44:00,31966.5,31977.0,31966.5,31975.0,7.581,242402.475
2021-06-26 07:45:00,31975.0,32000.0,31975.0,31999.5,12.466,398905.767
2021-06-26 07:46:00,31999.5,31999.5,31912.5,31913.0,41.185,1314336.905
2021-06-26 07:47:00,31913.0,31934.0,31889.0,31889.0,22.827,727930.203
2021-06-26 07:48:00,31889.0,31889.0,31851.0,31851.0,54.211,1726674.561
2021-06-26 07:49:00,31851.0,31878.0,31851.0,31870.5,12.662,403544.271
2021-06-26 07:50:00,31870.5,31870.5,31765.0,31809.5,162.118,5156892.521
2021-06-26 07:51:00,31809.5,31850.0,31800.0,31800.0,51.302,1631403.6
2021-06-26 07:52:00,31800.0,31816.5,31800.0,31813.5,10.142,322652.517
2021-06-26 07:53:00,31813.5,31849.5,31802.0,31849.5,45.413,1446381.3435
2021-06-26 07:54:00,31849.5,31874.5,31817.5,31828.5,32.065,1020580.8525
2021-06-26 07:55:00,31828.5,31847.0,31825.0,31825.0,15.473,492428.225
2021-06-26 07:56:00,31825.0,31825.0,31756.0,31756.0,70.834,2249404.504
2021-06-26 07:57:00,31756.0,31773.5,31756.0,31773.5,20.751,659331.8985
2021-06-26 07:58:00,31773.5,31773.5,31745.0,31766.0,28.579,907840.514
2021-06-26 07:59:00,31766.0,31785.0,31758.0,31761.5,19.048,604993.052
2021-06-26 08:00:00,31761.5,31761.5,31730.0,31760.0,37.08,1177660.8
2021-06-26 08:01:00,31760.0,31760.0,31720.0,31720.5,12.195,386831.4975
2021-06-26 08:02:00,31720.5,31720.5,31703.0,31710.0,34.158,1083150.18
2021-06-26 08:03:00,31710.0,31744.0,31703.0,31744.0,33.391,1059963.904
2021-06-26 08:04:00,31744.0,31766.0,31705.0,31725.0,58.598,1859021.55
2021-06-26 08:05:00,31725.0,31743.0,31705.0,31705.5,25.027,793493.5485
2021-06-26 08:06:00,31705.5,31719.5,31704.0,31716.0,20.524,650939.184
2021-06-26 08:07:00,31716.0,31716.0,31709.5,31710.0,11.413,361906.23
2021-06-26 08:08:00,31710.0,31710.0,31693.0,31693.0,24.047,762121.571
2021-06-26 08:09:00,31693.0,31713.5,31693.0,31703.0,16.784,532103.152
2021-06-26 08:10:00,31703.0,31703.5,31703.0,31703.5,13.722,435035.427
2021-06-26 08:11:00,31703.5,31815.0,31703.0,31795.0,82.239,2614789.005
2021-06-26 08:12:00,31795.0,31844.0,31775.5,31844.0,32.507,1035152.908
2021-06-26 08:13:00,31844.0,31844.0,31810.0,31841.0,41.592,1324330.872
2021-06-26 08:14:00,31841.0,31892.0,31841.0,31892.0,52.419,1671746.748
2021-06-26 08:15:00,31892.0,31929.0,31875.0,31929.0,54.391,1736650.239
2021-06-26 08:16:00,31929.0,31975.0,31907.0,31975.0,82.574,2640303.65
2021-06-26 08:17:00,31975.0,31993.5,31950.0,31993.5,112.31,3593189.985
2021-06-26 08:18:00,31993.5,31995.5,31953.0,31953.0,48.181,1539527.493
2021-06-26 08:19:00,31953.0,31963.5,31924.0,31963.5,115.903,3704665.5405
2021-06-26 08:20:00,31963.5,31991.0,31933.5,31933.5,124.787,3984885.6645
2021-06-26 08:21:00,31933.5,31946.5,31905.0,31945.5,63.567,2030679.5985
2021-06-26 08:22:00,31945.5,31958.5,31925.5,31933.0,58.298,1861630.034
2021-06-26 08:23:00,31933.0,31933.0,31917.0,31917.0,6.874,219397.458
2021-06-26 08:24:00,31917.0,31950.0,31917.0,31944.0,20.242,646610.448
2021-06-26 08:25:00,31944.0,31954.0,31944.0,31953.5,25.9,827595.65
2021-06-26 08:26:00,31953.5,31957.5,31945.0,31945.5,35.731,1141444.6605
2021-06-26 08:27:00,31945.5,31945.5,31945.0,31945.5,3.772,120498.426
2021-06-26 08:28:00,31945.5,31945.5,31943.5,31943.5,16.588,529878.778
2021-06-26 08:29:00,31943.5,31944.0,31914.5,31941.5,17.318,553162.897
2021-06-26 08:30:00,31941.5,32046.0,31939.0,32017.5,142.393,4559067.8775
2021-06-26 08:31:00,32017.5,32084.0,31994.0,32074.0,109.432,3509921.968
2021-06-26 08:32:00,32074.0,32074.5,32010.0,32010.0,39.135,1252711.35
2021-06-26 08:33:00,32010.0,32061.0,31998.0,31998.0,47.424,1517473.152
2021-06-26 08:34:00,31998.0,32020.0,31992.0,32009.0,20.529,657112.761
2021-06-26 08:35:00,32009.0,32046.0,32009.0,32045.5,55.035,1763624.0925
2021-06-26 08:36:00,32045.5,32046.0,32028.5,32041.5,16.038,513881.577
2021-06-26 08:37:00,32041.5,32066.0,32041.5,32066.0,66.226,2123602.916
2021-06-26 08:38:00,32066.0,32117.0,32065.5,32105.0,91.199,2927943.895
2021-06-26 08:39:00,32105.0,32148.0,32100.0,32146.0,98.455,3164934.43
2021-06-26 08:40:00,32146.0,32147.5,32114.0,32129.5,69.108,2220405.486
2021-06-26 08:41:00,32129.5,32140.0,32090.0,32090.5,30.292,972085.426
2021-06-26 08:42:00,32090.5,32107.5,32086.0,32086.0,32.397,1039490.142
2021-06-26 08:43:00,32086.0,32086.5,32050.5,32050.5,32.45,1040038.725
2021-06-26 08:44:00,32050.5,32073.0,32041.5,32043.0,25.599,820268.757
2021-06-26 08:45:00,32043.0,32099.5,32042.5,32096.5,41.321,1326259.4765
2021-06-26 08:46:00,32096.5,32096.5,32070.5,32081.5,13.319,427293.4985
2021-06-26 08:47:00,32081.5,32081.5,32038.0,32038.0,33.061,1059208.318
2021-06-26 08:48:00,32038.0,32038.5,31995.0,31998.0,38.853,1243218.294
2021-06-26 08:49:00,31998.0,31998.0,31987.5,31990.0,44.588,1426370.12
2021-06-26 08:50:00,31990.0,31990.0,31981.0,31981.0,33.436,1069316.716
2021-06-26 08:51:00,31981.0,31995.5,31981.0,31982.5,18.621,595546.1325
2021-06-26 08:52:00,31982.5,31983.0,31982.5,31983.0,9.043,289222.269
2021-06-26 08:53:00,31983.0,31983.0,31982.5,31983.0,10.601,339051.783
2021-06-26 08:54:00,31983.0,31983.0,31956.5,31956.5,46.4,1482781.6
2021-06-26 08:55:00,31956.5,31977.5,31956.0,31977.5,17.92,573036.8
2021-06-26 08:56:00,31977.5,32060.0,31977.5,32021.5,80.212,2568508.558
2021-06-26 08:57:00,32021.5,32036.5,31993.0,31993.5,38.749,1239716.1315
2021-06-26 08:58:00,31993.5,32050.0,31993.0,32049.5,29.431,943248.8345
2021-06-26 08:59:00,32049.5,32050.0,32008.0,32008.5,41.457,1326976.3845
2021-06-26 09:00:00,32008.5,32076.0,32008.0,32076.0,30.79,987620.04
2021-06-26 09:01:00,32076.0,32076.0,32055.5,32068.0,20.905,670381.54
2021-06-26 09:02:00,32068.0,32075.0,32068.0,32068.0,9.312,298617.216
2021-06-26 09:03:00,32068.0,32118.0,32068.0,32100.0,56.854,1825013.4
2021-06-26 09:04:00,32100.0,32120.0,32036.5,32036.5,45.633,1461921.6045
2021-06-26 09:05:00,32036.5,32069.0,32021.0,32067.0,25.69,823801.23
2021-06-26 09:06:00,32067.0,32095.0,32066.5,32084.0,20.359,653198.156
2021-06-26 09:07:00,32084.0,32084.0,32060.5,32070.5,11.838,379650.579
2021-06-26 09:08:00,32070.5,32118.0,32070.5,32117.5,108.495,3484588.1625
2021-06-26 09:09:00,32117.5,32117.5,32115.5,32115.5,30.214,970337.717
2021-06-26 09:10:00,32115.5,32136.5,32114.0,32136.5,53.601,1722548.5365
2021-06-26 09:11:00,32136.5,32243.0,32136.5,32185.5,174.625,5620392.9375
2021-06-26 09:12:00,32185.5,32186.0,32147.0,32147.0,38.177,1227276.019
2021-06-26 09:13:00,32147.0,32166.0,32147.0,32150.0,28.95,930742.5
2021-06-26 09:14:00,32150.0,32150.5,32100.0,32100.5,67.755,2174969.3775
2021-06-26 09:15:00,32100.5,32100.5,32059.5,32059.5,35.901,1150968.1095
2021-06-26 09:16:00,32059.5,32060.0,32034.5,32057.0,59.019,1891972.083
2021-06-26 09:17:00,32057.0,32095.5,32036.0,32071.0,40.625,1302884.375
2021-06-26 09:18:00,32071.0,32090.0,32060.0,32061.0,21.079,675813.819
2021-06-26 09:19:00,32061.0,32084.5,32047.0,32084.5,44.822,1438091.459
2021-06-26 09:20:00,32084.5,32084.5,32060.0,32060.5,19.984,640697.032
2021-06-26 09:21:00,32060.5,32060.5,32053.0,32054.0,17.311,554886.794
2021-06-26 09:22:00,32054.0,32071.0,32027.5,32027.5,15.127,484479.9925
2021-06-26 09:23:00,32027.5,32028.0,32007.5,32007.5,28.615,915894.6125
2021-06-26 09:24:00,32007.5,32010.0,31999.0,32004.0,47.933,1534047.732
2021-06-26 09:25:00,32004.0,32026.5,32004.0,32018.0,30.725,983753.05
2021-06-26 09:26:00,32018.0,32018.0,31976.0,31976.0,29.204,933827.104
2021-06-26 09:27:00,31976.0,31994.0,31974.5,31975.0,41.916,1340264.1
2021-06-26 09:28:00,31975.0,31975.5,31947.5,31971.0,69.776,2230808.496
2021-06-26 09:29:00,31971.0,32009.5,31969.5,31969.5,30.264,967524.948
2021-06-26 09:30:00,31969.5,32038.5,31969.5,32038.5,31.541,1010526.3285
2021-06-26 09:31:00,32038.5,32058.5,32026.0,32040.5,22.362,716489.661
2021-06-26 09:32:00,32040.5,32055.5,32033.0,32035.0,15.476,495773.66
2021-06-26 09:33:00,32035.0,32059.0,32034.5,32059.0,13.502,432860.618
2021-06-26 09:34:00,32059.0,32090.0,32058.0,32080.0,19.892,638135.36
2021-06-26 09:35:00,32080.0,32080.0,32060.0,32074.0,19.307,619252.718
2021-06-26 09:36:00,32074.0,32096.0,32073.5,32085.0,12.211,391789.935
2021-06-26 09:37:00,32085.0,32085.5,32070.5,32070.5,14.7,471436.35
2021-06-26 09:38:00,32070.5,32080.0,32035.5,32035.5,22.09,707664.195
2021-06-26 09:39:00,32035.5,32035.5,31981.0,31981.5,39.072,1249581.168
2021-06-26 09:40:00,31981.5,31999.5,31970.5,31972.5,24.697,789624.8325
2021-06-26 09:41:00,31972.5,31972.5,31945.0,31945.0,73.368,2343740.76
2021-06-26 09:42:00,31945.0,31945.5,31926.0,31926.0,49.232,1571780.832
2021-06-26 09:43:00,31926.0,31956.0,31916.5,31916.5,39.622,1264595.563
2021-06-26 09:44:00,31916.5,31944.0,31916.5,31933.5,30.627,978027.3045
2021-06-26 09:45:00,31933.5,31997.0,31933.5,31993.0,58.178,1861288.754
2021-06-26 09:46:00,31993.0,31993.0,31976.5,31991.5,24.783,792845.3445
2021-06-26 09:47:00,31991.5,32015.0,31991.5,32015.0,37.825,1210967.375
2021-06-26 09:48:00,32015.0,32015.0,32006.0,32013.0,17.033,545277.429
2021-06-26 09:49:00,32013.0,32013.0,31970.0,31970.0,27.312,873164.64
2021-06-26 09:50:00,31970.0,31992.5,31968.5,31992.5,18.445,590101.6625
2021-06-26 09:51:00,31992.5,31992.5,31908.0,31909.5,69.566,2219816.277
2021-06-26 09:52:00,31909.5,31938.5,31890.0,31938.5,63.263,2020525.3255
2021-06-26 09:53:00,31938.5,31939.0,31880.0,31896.0,44.294,1412801.424
2021-06-26 09:54:00,31896.0,31916.0,31890.0,31892.5,18.276,582867.33
2021-06-26 09:55:00,31892.5,31928.5,31883.0,31914.0,42.968,1371280.752
2021-06-26 09:56:00,31914.0,31946.0,31913.5,31936.0,23.828,760971.008
2021-06-26 09:57:00,31936.0,31965.0,31936.0,31965.0,33.139,1059288.135
2021-06-26 09:58:00,31965.0,31985.5,31965.0,31973.5,18.305,585274.9175
2021-06-26 09:59:00,31973.5,31975.5,31973.5,31975.5,8.079,258330.0645
2021-06-26 10:00:00,31975.5,32038.5,31975.0,32038.5,60.116,1926026.466
2021-06-26 10:01:00,32038.5,32108.5,32038.0,32105.0,95.73,3073411.65
2021-06-26 10:02:00,32105.0,32105.0,32083.5,32087.0,68.296,2191413.752
2021-06-26 10:03:00,32087.0,32087.0,32068.0,32080.5,21.493,689506.1865
2021-06-26 10:04:00,32080.5,32098.5,32077.5,32098.0,15.38,493667.24
2021-06-26 10:05:00,32098.0,32110.0,32089.5,32089.5,36.388,1167672.726
2021-06-26 10:06:00,32089.5,32089.5,32047.0,32047.5,16.508,529040.13
2021-06-26 10:07:00,32047.5,32047.5,32013.5,32014.0,24.538,785559.532
2021-06-26 10:08:00,32014.0,32031.0,32011.5,32027.5,41.295,1322575.6125
2021-06-26 10:09:00,32027.5,32060.0,32027.0,32060.0,40.06,1284323.6
2021-06-26 10:10:00,32060.0,32132.0,32059.5,32132.0,74.611,2397400.652
2021-06-26 10:11:00,32132.0,32142.0,32111.0,32126.0,61.287,1968906.162
2021-06-26 10:12:00,32126.0,32126.5,32105.0,32106.0,14.826,476003.556
2021-06-26 10:13:00,32106.0,32120.5,32093.0,32093.0,10.351,332194.643
2021-06-26 10:14:00,32093.0,32111.5,32093.0,32111.5,17.176,551547.124
2021-06-26 10:15:00,32111.5,32160.0,32111.5,32145.0,72.923,2344109.835
2021-06-26 10:16:00,32145.0,32177.0,32113.5,32175.5,55.178,1775379.739
2021-06-26 10:17:00,32175.5,32177.0,32160.0,32169.5,16.715,537713.1925
2021-06-26 10:18:00,32169.5,32194.0,32165.0,32193.5,73.982,2381739.517
2021-06-26 10:19:00,32193.5,32194.0,32163.0,32163.0,24.883,800311.929
2021-06-26 10:20:00,32163.0,32163.5,32151.5,32160.0,18.734,602485.44
2021-06-26 10:21:00,32160.0,32160.0,32141.5,32142.5,5.213,167558.8525
2021-06-26 10:22:00,32142.5,32143.0,32130.0,32140.0,11.425,367199.5
2021-06-26 10:23:00,32140.0,32219.5,32140.0,32219.5,58.237,1876367.0215
2021-06-26 10:24:00,32219.5,32250.0,32208.5,32250.0,85.76,2765760.0
2021-06-26 10:25:00,32250.0,32279.5,32242.5,32250.0,80.399,2592867.75
2021-06-26 10:26:00,32250.0,32282.0,32249.5,32275.0,81.947,2644839.425
2021-06-26 10:27:00,32275.0,32275.0,32256.5,32257.0,19.698,635398.386
2021-06-26 10:28:00,32257.0,32287.0,32257.0,32275.0,45.756,1476774.9
2021-06-26 10:29:00,32275.0,32384.0,32275.0,32328.0,188.484,6093310.752
2021-06-26 10:30:00,32328.0,32464.0,32327.5,32458.5,172.136,5587276.356
2021-06-26 10:31:00,32458.5,32458.5,32385.0,32403.0,103.297,3347132.691
2021-06-26 10:32:00,32403.0,32566.0,32403.0,32492.0,333.853,10847551.676
2021-06-26 10:33:00,32492.0,32577.0,32491.5,32572.0,184.29,6002693.88
2021-06-26 10:34:00,32572.0,32700.0,32571.0,32610.0,474.681,15479347.41
2021-06-26 10:35:00,32610.0,32610.5,32567.5,32567.5,59.099,1924706.6825
2021-06-26 10:36:00,32567.5,32600.0,32532.0,32532.0,55.526,1806371.832
2021-06-26 10:37:00,32532.0,32569.5,32530.0,32538.0,60.144,1956965.472
2021-06-26 10:38:00,32538.0,32538.5,32482.0,32482.0,157.525,5116727.05
2021-06-26 10:39:00,32482.0,32507.5,32480.0,32487.0,50.39,1637019.93
2021-06-26 10:40:00,32487.0,32495.0,32432.5,32433.0,48.961,1587952.113
2021-06-26 10:41:00,32433.0,32450.0,32419.0,32419.0,74.436,2413140.684
2021-06-26 10:42:00,32419.0,32439.5,32381.5,32381.5,125.461,4062615.3715
2021-06-26 10:43:00,32381.5,32397.5,32381.5,32390.5,51.876,1680289.578
2021-06-26 10:44:00,32390.5,32424.5,32390.5,32415.5,37.461,1214317.0455
2021-06-26 10:45:00,32415.5,32415.5,32350.5,32350.5,46.408,1501322.004
2021-06-26 10:46:00,32350.5,32384.0,32350.0,32384.0,29.212,946001.408
2021-06-26 10:47:00,32384.0,32384.0,32337.0,32337.0,24.988,808036.956
2021-06-26 10:48:00,32337.0,32337.5,32282.0,32293.5,68.995,2228090.0325
2021-06-26 10:49:00,32293.5,32330.5,32293.5,32326.0,24.701,798484.526
2021-06-26 10:50:00,32326.0,32326.5,32314.0,32314.0,23.665,764710.81
2021-06-26 10:51:00,32314.0,32314.5,32262.0,32262.0,80.409,2594155.158
2021-06-26 10:52:00,32262.0,32273.5,32243.0,32243.0,51.502,1660578.986
2021-06-26 10:53:00,32243.0,32269.0,32243.0,32247.0,43.023,1387362.681
2021-06-26 10:54:00,32247.0,32250.0,32246.5,32250.0,13.952,449952.0
2021-06-26 10:55:00,32250.0,32306.0,32250.0,32284.0,96.549,3116987.916
2021-06-26 10:56:00,32284.0,32293.0,32270.0,32293.0,40.084,1294432.612
2021-06-26 10:57:00,32293.0,32329.5,32292.5,32307.5,46.2,1492606.5
2021-06-26 10:58:00,32307.5,32310.0,32307.5,32310.0,25.289,817087.59
2021-06-26 10:59:00,32310.0,32328.5,32308.0,32320.5,31.573,1020455.1465
2021-06-26 11:00:00,32320.5,32320.5,32264.5,32264.5,51.825,1672107.7125
2021-06-26 11:01:00,32264.5,32265.0,32249.0,32250.0,49.741,1604147.25
2021-06-26 11:02:00,32250.0,32250.5,32230.0,32230.0,29.539,952041.97
2021-06-26 11:03:00,32230.0,32230.5,32210.0,32228.5,32.303,1041077.2355
2021-06-26 11:04:00,32228.5,32228.5,32157.0,32157.5,121.967,3922153.8025
2021-06-26 11:05:00,32157.5,32216.0,32157.0,32177.0,54.783,1762752.591
2021-06-26 11:06:00,32177.0,32210.0,32177.0,32178.5,36.422,1172005.327
2021-06-26 11:07:00,32178.5,32188.0,32178.5,32187.5,28.596,920433.75
2021-06-26 11:08:00,32187.5,32194.0,32187.5,32194.0,19.802,637505.588
2021-06-26 11:09:00,32194.0,32195.0,32190.0,32195.0,23.033,741547.435
2021-06-26 11:10:00,32195.0,32195.0,32192.0,32192.5,6.185,199110.6125
2021-06-26 11:11:00,32192.5,32192.5,32168.0,32174.0,28.076,903317.224
2021-06-26 11:12:00,32174.0,32174.5,32116.0,32116.0,102.22,3282897.52
2021-06-26 11:13:00,32116.0,32141.5,32115.5,32141.5,43.69,1404262.135
2021-06-26 11:14:00,32141.5,32167.0,32141.0,32156.0,36.329,1168195.324
2021-06-26 11:15:00,32156.0,32187.5,32155.5,32187.5,44.289,1425552.1875
2021-06-26 11:16:00,32187.5,32187.5,32142.0,32142.0,38.195,1227663.69
2021-06-26 11:17:00,32142.0,32159.0,32110.0,32159.0,74.411,2392983.349
2021-06-26 11:18:00,32159.0,32159.0,32141.5,32142.0,13.099,421028.058
2021-06-26 11:19:00,32142.0,32146.5,32141.5,32146.5,10.637,341942.3205
2021-06-26 11:20:00,32146.5,32196.5,32146.5,32195.5,29.203,940205.1865
2021-06-26 11:21:00,32195.5,32245.5,32195.5,32245.5,64.799,2089476.1545
2021-06-26 11:22:00,32245.5,32287.0,32221.5,32287.0,66.067,2133105.229
2021-06-26 11:23:00,32287.0,32287.0,32264.0,32264.5,43.672,1409055.244
2021-06-26 11:24:00,32264.5,32325.5,32264.0,32325.5,75.116,2428162.258
2021-06-26 11:25:00,32325.5,32328.0,32302.5,32302.5,36.948,1193512.77
2021-06-26 11:26:00,32302.5,32303.0,32265.5,32265.5,52.838,1704844.489
2021-06-26 11:27:00,32265.5,32265.5,32220.0,32220.0,32.677,1052852.94
2021-06-26 11:28:00,32220.0,32220.0,32180.0,32201.0,74.146,2387575.346
2021-06-26 11:29:00,32201.0,32244.5,32201.0,32230.0,26.648,858865.04
2021-06-26 11:30:00,32230.0,32282.5,32208.0,32210.5,61.951,1995472.6855
2021-06-26 11:31:00,32210.5,32210.5,32183.0,32203.0,29.67,955463.01
2021-06-26 11:32:00,32203.0,32289.0,32203.0,32289.0,50.646,1635308.694
2021-06-26 11:33:00,32289.0,32300.0,32288.5,32293.5,25.589,826358.3715
2021-06-26 11:34:00,32293.5,32351.0,32291.0,32351.0,30.821,997090.171
2021-06-26 11:35:00,32351.0,32370.0,32328.0,32339.5,37.16,1201735.82
2021-06-26 11:36:00,32339.5,32360.5,32339.5,32350.0,25.841,835956.35
2021-06-26 11:37:00,32350.0,32350.0,32332.0,32332.5,13.027,421195.4775
2021-06-26 11:38:00,32332.5,32390.0,32332.5,32390.0,56.031,1814844.09
2021-06-26 11:39:00,32390.0,32395.0,32366.0,32385.0,45.439,1471542.015
2021-06-26 11:40:00,32385.0,32417.0,32372.5,32372.5,72.287,2340110.9075
2021-06-26 11:41:00,32372.5,32373.0,32325.0,32325.0,64.969,2100122.925
2021-06-26 11:42:00,32325.0,32359.5,32323.5,32332.0,58.488,1891034.016
2021-06-26 11:43:00,32332.0,32332.0,32331.5,32332.0,12.007,388210.324
2021-06-26 11:44:00,32332.0,32332.0,32293.0,32295.0,43.631,1409063.145
2021-06-26 11:45:00,32295.0,32328.5,32273.0,32273.5,29.741,959846.1635
2021-06-26 11:46:00,32273.5,32273.5,32238.5,32238.5,46.128,1487097.528
2021-06-26 11:47:00,32238.5,32239.0,32213.0,32219.5,59.616,1920797.712
2021-06-26 11:48:00,32219.5,32275.0,32219.5,32260.5,53.015,1710290.4075
2021-06-26 11:49:00,32260.5,32267.5,32234.0,32267.5,17.864,576426.62
2021-06-26 11:50:00,32267.5,32344.0,32267.5,32328.0,41.918,1355125.104
2021-06-26 11:51:00,32328.0,32340.5,32326.0,32331.5,15.559,503045.8085
2021-06-26 11:52:00,32331.5,32343.0,32331.5,32335.0,21.174,684661.29
2021-06-26 11:53:00,32335.0,32335.0,32273.0,32273.5,20.213,652344.2555
2021-06-26 11:54:00,32273.5,32298.0,32256.0,32298.0,18.808,607460.784
2021-06-26 11:55:00,32298.0,32336.0,32298.0,32333.5,21.951,709752.6585
2021-06-26 11:56:00,32333.5,32334.0,32286.5,32286.5,15.115,488010.4475
2021-06-26 11:57:00,32286.5,32286.5,32260.0,32260.5,17.736,572172.228
2021-06-26 11:58:00,32260.5,32298.5,32260.0,32276.0,12.132,391572.432
2021-06-26 11:59:00,32276.0,32291.0,32260.0,32291.0,20.851,673299.641
2021-06-26 12:00:00,32291.0,32323.5,32288.0,32288.0,21.47,693223.36
2021-06-26 12:01:00,32288.0,32288.0,32250.0,32253.0,27.049,872411.397
2021-06-26 12:02:00,32253.0,32275.0,32253.0,32253.0,25.624,826450.872
2021-06-26 12:03:00,32253.0,32253.0,32230.0,32230.5,33.213,1070471.5965
2021-06-26 12:04:00,32230.5,32248.0,32230.0,32235.0,50.05,1613361.75
2021-06-26 12:05:00,32235.0,32249.5,32230.0,32230.0,24.051,775163.73
2021-06-26 12:06:00,32230.0,32230.5,32217.0,32217.0,22.79,734225.43
2021-06-26 12:07:00,32217.0,32217.0,32202.0,32208.0,44.013,1417570.704
2021-06-26 12:08:00,32208.0,32208.5,32176.5,32177.0,57.479,1849501.783
2021-06-26 12:09:00,32177.0,32198.0,32161.0,32161.0,44.078,1417592.558
2021-06-26 12:10:00,32161.0,32162.5,32132.0,32132.0,66.786,2145967.752
2021-06-26 12:11:00,32132.0,32144.5,32000.0,32000.5,231.528,7409011.764
2021-06-26 12:12:00,32000.5,32023.0,31843.0,31926.0,471.98,15068433.48
2021-06-26 12:13:00,31926.0,31950.0,31876.0,31891.5,135.579,4323817.6785
2021-06-26 12:14:00,31891.5,31905.5,31745.0,31798.0,275.143,8748997.114
2021-06-26 12:15:00,31798.0,31877.0,31732.0,31735.5,188.284,5975286.882
2021-06-26 12:16:00,31735.5,31753.5,31654.5,31735.0,294.654,9350844.69
2021-06-26 12:17:00,31735.0,31735.0,31684.0,31700.5,161.149,5108503.8745
2021-06-26 12:18:00,31700.5,31768.0,31692.0,31743.0,83.632,2654730.576
2021-06-26 12:19:00,31743.0,31743.5,31708.5,31717.0,42.402,1344864.234
2021-06-26 12:20:00,31717.0,31780.0,31716.5,31765.5,102.896,3268542.888
2021-06-26 12:21:00,31765.5,31765.5,31648.5,31689.5,251.083,7956694.7285
2021-06-26 12:22:00,31689.5,31757.0,31689.0,31757.0,76.958,2443955.206
2021-06-26 12:23:00,31757.0,31757.0,31734.5,31744.5,59.552,1890448.464
2021-06-26 12:24:00,31744.5,31745.0,31740.0,31740.5,48.708,1546016.274
2021-06-26 12:25:00,31740.5,31745.0,31733.0,31734.0,33.932,1076798.088
2021-06-26 12:26:00,31734.0,31745.5,31707.5,31707.5,91.956,2915694.87
2021-06-26 12:27:00,31707.5,31707.5,31662.0,31696.5,98.12,3110060.58
2021-06-26 12:28:00,31696.5,31737.5,31696.0,31723.0,51.724,1640840.452
2021-06-26 12:29:00,31723.0,31750.0,31722.5,31746.0,80.555,2557299.03
2021-06-26 12:30:00,31746.0,31778.0,31723.0,31778.0,49.034,1558202.452
2021-06-26 12:31:00,31778.0,31810.5,31750.0,31774.5,138.951,4415098.5495
2021-06-26 12:32:00,31774.5,31784.5,31758.0,31784.5,54.714,1739057.133
2021-06-26 12:33:00,31784.5,31784.5,31752.0,31752.0,46.166,1465862.832
2021-06-26 12:34:00,31752.0,31784.0,31750.0,31750.0,68.373,2170842.75
2021-06-26 12:35:00,31750.0,31750.5,31561.0,31581.5,496.14,15668845.41
2021-06-26 12:36:00,31581.5,31635.0,31568.0,31586.5,209.143,6606095.3695
2021-06-26 12:37:00,31586.5,31650.0,31443.5,31525.5,441.434,13916427.567
2021-06-26 12:38:00,31525.5,31554.5,31510.5,31511.0,116.859,3682343.949
2021-06-26 12:39:00,31511.0,31519.5,31395.5,31427.0,295.54,9287935.58
2021-06-26 12:40:00,31427.0,31493.0,31390.0,31423.0,239.162,7515187.526
2021-06-26 12:41:00,31423.0,31423.5,31380.0,31399.0,68.594,2153783.006
2021-06-26 12:42:00,31399.0,31420.0,31384.5,31391.5,88.861,2789480.0815
2021-06-26 12:43:00,31391.5,31411.0,31314.0,31347.0,216.641,6791045.427
2021-06-26 12:44:00,31347.0,31358.5,31289.5,31307.5,212.518,6653407.285
2021-06-26 12:45:00,31307.5,31414.0,31307.5,31391.0,213.545,6703391.095
2021-06-26 12:46:00,31391.0,31391.0,31355.0,31380.5,67.183,2108236.1315
2021-06-26 12:47:00,31380.5,31381.0,31245.0,31250.0,266.343,8323218.75
2021-06-26 12:48:00,31250.0,31289.0,31175.0,31271.5,501.048,15668522.532
2021-06-26 12:49:00,31271.5,31348.5,31245.0,31248.5,137.332,4291419.002
2021-06-26 12:50:00,31248.5,31265.0,31110.0,31149.0,436.575,13598874.675
2021-06-26 12:51:00,31149.0,31220.0,31144.5,31200.0,142.648,4450617.6
2021-06-26 12:52:00,31200.0,31239.0,31173.0,31238.5,49.623,1550148.0855
2021-06-26 12:53:00,31238.5,31274.0,31218.5,31265.5,149.639,4678538.1545
2021-06-26 12:54:00,31265.5,31319.5,31265.0,31273.5,148.851,4655091.7485
2021-06-26 12:55:00,31273.5,31307.0,31264.5,31286.5,67.197,2102358.9405
2021-06-26 12:56:00,31286.5,31287.0,31154.0,31154.0,225.339,7020211.206
2021-06-26 12:57:00,31154.0,31211.5,31132.5,31211.0,108.849,3397286.139
2021-06-26 12:58:00,31211.0,31278.0,31208.0,31251.5,79.601,2487650.6515
2021-06-26 12:59:00,31251.5,31305.0,31250.0,31250.5,78.986,2468351.993
2021-06-26 13:00:00,31250.5,31250.5,31206.5,31206.5,45.662,1424951.203
2021-06-26 13:01:00,31206.5,31286.5,31206.5,31280.0,122.882,3843748.96
2021-06-26 13:02:00,31280.0,31280.5,31238.0,31280.0,54.639,1709107.92
2021-06-26 13:03:00,31280.0,31280.0,31253.5,31262.5,31.216,975890.2
2021-06-26 13:04:00,31262.5,31262.5,31151.0,31151.0,124.807,3887862.857
2021-06-26 13:05:00,31151.0,31151.5,31006.0,31070.0,685.295,21292115.65
2021-06-26 13:06:00,31070.0,31100.0,31023.0,31023.0,173.609,5385872.007
2021-06-26 13:07:00,31023.0,31023.5,30801.5,30884.5,1353.399,41799051.4155
2021-06-26 13:08:00,30884.5,30891.0,30736.0,30802.0,523.008,16109692.416
2021-06-26 13:09:00,30802.0,30822.0,30752.0,30816.5,184.586,5688294.469
2021-06-26 13:10:00,30816.5,30850.0,30816.0,30844.5,137.741,4248552.2745
2021-06-26 13:11:00,30844.5,30880.0,30844.0,30850.0,123.947,3823764.95
2021-06-26 13:12:00,30850.0,30869.0,30817.5,30869.0,157.48,4861250.12
2021-06-26 13:13:00,30869.0,30942.5,30868.5,30920.5,208.631,6450974.8355
2021-06-26 13:14:00,30920.5,30926.5,30845.5,30847.0,93.319,2878611.193
2021-06-26 13:15:00,30847.0,30847.0,30742.0,30832.0,499.635,15404746.32
2021-06-26 13:16:00,30832.0,30942.0,30832.0,30942.0,163.976,5073745.392
2021-06-26 13:17:00,30942.0,30950.0,30915.5,30929.5,75.996,2350518.282
2021-06-26 13:18:00,30929.5,30949.5,30869.0,30888.0,120.783,3730745.304
2021-06-26 13:19:00,30888.0,30910.5,30870.5,30900.5,40.477,1250759.5385
2021-06-26 13:20:00,30900.5,30902.5,30744.0,30782.5,172.055,5296283.0375
2021-06-26 13:21:00,30782.5,30794.5,30692.5,30712.5,260.11,7988628.375
2021-06-26 13:22:00,30712.5,30737.0,30613.0,30671.0,358.592,10998375.232
2021-06-26 13:23:00,30671.0,30700.0,30641.0,30679.5,170.206,5221834.977
2021-06-26 13:24:00,30679.5,30710.0,30660.0,30687.0,101.425,3112428.975
2021-06-26 13:25:00,30687.0,30688.5,30624.5,30655.5,158.647,4863403.1085
2021-06-26 13:26:00,30655.5,30760.5,30616.0,30749.5,220.13,6768887.435
2021-06-26 13:27:00,30749.5,30819.0,30727.5,30761.5,177.481,5459581.7815
2021-06-26 13:28:00,30761.5,30762.0,30650.0,30711.0,111.64,3428576.04
2021-06-26 13:29:00,30711.0,30735.0,30680.0,30680.0,106.799,3276593.32
2021-06-26 13:30:00,30680.0,30759.5,30663.0,30759.5,184.665,5680203.0675
2021-06-26 13:31:00,30759.5,30760.0,30735.5,30760.0,68.346,2102322.96
2021-06-26 13:32:00,30760.0,30832.0,30700.0,30750.5,218.469,6718030.9845
2021-06-26 13:33:00,30750.5,30750.5,30620.5,30620.5,112.254,3437273.607
2021-06-26 13:34:00,30620.5,30650.0,30560.0,30600.5,230.439,7051548.6195
2021-06-26 13:35:00,30600.5,30607.5,30515.5,30525.5,189.068,5771395.234
2021-06-26 13:36:00,30525.5,30550.0,30491.5,30500.0,252.606,7704483.0
2021-06-26 13:37:00,30500.0,30512.5,30424.5,30469.5,426.358,12990915.081
2021-06-26 13:38:00,30469.5,30474.5,30257.5,30362.0,711.834,21612703.908
2021-06-26 13:39:00,30362.0,30362.0,30255.5,30309.5,185.036,5608348.642
2021-06-26 13:40:00,30309.5,30456.0,30309.0,30440.5,297.635,9060158.2175
2021-06-26 13:41:00,30440.5,30472.0,30352.0,30360.0,164.497,4994128.92
2021-06-26 13:42:00,30360.0,30360.0,30212.0,30241.0,282.682,8548586.362
2021-06-26 13:43:00,30241.0,30287.0,30150.5,30166.0,278.961,8415137.526
2021-06-26 13:44:00,30166.0,30228.5,30125.0,30222.0,352.111,10641498.642
2021-06-26 13:45:00,30222.0,30356.0,30168.5,30355.5,258.0,7831719.0
2021-06-26 13:46:00,30355.5,30356.0,30222.0,30222.5,98.645,2981298.5125
2021-06-26 13:47:00,30222.5,30263.0,30151.5,30151.5,123.516,3724192.674
2021-06-26 13:48:00,30151.5,30230.0,30120.0,30120.5,114.953,3462441.8365
2021-06-26 13:49:00,30120.5,30198.0,30101.0,30198.0,177.268,5353139.064
2021-06-26 13:50:00,30198.0,30267.0,30170.0,30251.5,161.272,4878719.908
2021-06-26 13:51:00,30251.5,30322.5,30251.0,30311.5,387.438,11743826.937
2021-06-26 13:52:00,30311.5,30312.0,30265.0,30295.0,77.36,2343621.2
2021-06-26 13:53:00,30295.0,30316.0,30289.0,30293.5,101.18,3065096.33
2021-06-26 13:54:00,30293.5,30322.5,30247.5,30247.5,78.212,2365717.47
2021-06-26 13:55:00,30247.5,30247.5,30174.5,30190.0,121.059,3654771.21
2021-06-26 13:56:00,30190.0,30216.0,30190.0,30213.0,88.408,2671070.904
2021-06-26 13:57:00,30213.0,30266.0,30213.0,30265.5,63.592,1924643.676
2021-06-26 13:58:00,30265.5,30323.0,30265.5,30322.5,121.044,3670356.69
2021-06-26 13:59:00,30322.5,30323.0,30295.5,30302.0,75.183,2278195.266
2021-06-26 14:00:00,30302.0,30502.0,30301.5,30480.5,498.386,15191054.473
2021-06-26 14:01:00,30480.5,30570.5,30478.0,30570.5,310.073,9479086.6465
2021-06-26 14:02:00,30570.5,30626.0,30525.0,30600.0,402.784,12325190.4
2021-06-26 14:03:00,30600.0,30700.0,30600.0,30662.0,367.028,11253812.536
2021-06-26 14:04:00,30662.0,30662.5,30537.5,30549.0,239.896,7328582.904
2021-06-26 14:05:00,30549.0,30619.0,30549.0,30568.5,104.427,3192176.7495
2021-06-26 14:06:00,30568.5,30594.0,30562.0,30590.0,54.529,1668042.11
2021-06-26 14:07:00,30590.0,30590.0,30506.0,30519.5,104.566,3191302.037
2021-06-26 14:08:00,30519.5,30524.5,30413.0,30422.5,172.864,5258955.04
2021-06-26 14:09:00,30422.5,30469.0,30283.5,30301.0,195.202,5914815.802
2021-06-26 14:10:00,30301.0,30332.5,30217.5,30244.0,236.155,7142271.82
2021-06-26 14:11:00,30244.0,30244.5,30151.0,30169.5,188.553,5688549.7335
2021-06-26 14:12:00,30169.5,30292.0,30169.0,30252.0,168.328,5092258.656
2021-06-26 14:13:00,30252.0,30370.5,30252.0,30312.5,177.275,5373648.4375
2021-06-26 14:14:00,30312.5,30312.5,30205.5,30288.0,133.068,4030363.584
2021-06-26 14:15:00,30288.0,30370.0,30232.5,30368.0,151.233,4592643.744
2021-06-26 14:16:00,30368.0,30443.0,30310.0,30310.0,128.887,3906564.97
2021-06-26 14:17:00,30310.0,30331.0,30257.5,30307.5,107.777,3266451.4275
2021-06-26 14:18:00,30307.5,30348.5,30285.5,30314.0,40.228,1219471.592
2021-06-26 14:19:00,30314.0,30430.5,30311.0,30430.0,147.534,4489459.62
2021-06-26 14:20:00,30430.0,30430.5,30330.0,30330.0,60.207,1826078.31
2021-06-26 14:21:00,30330.0,30400.0,30330.0,30367.5,42.128,1279322.04
2021-06-26 14:22:00,30367.5,30377.0,30330.0,30330.0,39.038,1184022.54
2021-06-26 14:23:00,30330.0,30330.0,30282.5,30285.5,76.979,2331347.5045
2021-06-26 14:24:00,30285.5,30339.5,30285.0,30313.5,42.836,1298509.086
2021-06-26 14:25:00,30313.5,30313.5,30165.0,30194.0,140.21,4233500.74
2021-06-26 14:26:00,30194.0,30260.5,30193.5,30247.5,81.544,2466502.14
2021-06-26 14:27:00,30247.5,30300.0,30247.5,30265.0,52.932,1601986.98
2021-06-26 14:28:00,30265.0,30311.0,30250.0,30301.5,46.051,1395414.3765
2021-06-26 14:29:00,30301.5,30381.0,30301.5,30372.0,125.384,3808162.848
2021-06-26 14:30:00,30372.0,30527.0,30325.0,30500.5,207.736,6336051.868
2021-06-26 14:31:00,30500.5,30500.5,30356.5,30356.5,130.659,3966349.9335
2021-06-26 14:32:00,30356.5,30357.0,30229.0,30244.5,128.653,3891045.6585
2021-06-26 14:33:00,30244.5,30300.0,30238.0,30275.0,94.057,2847575.675
2021-06-26 14:34:00,30275.0,30350.0,30274.5,30302.0,37.234,1128264.668
2021-06-26 14:35:00,30302.0,30341.0,30275.5,30275.5,21.07,637904.785
2021-06-26 14:36:00,30275.5,30302.0,30241.5,30299.5,28.912,876019.144
2021-06-26 14:37:00,30299.5,30366.0,30299.5,30350.0,37.96,1152086.0
2021-06-26 14:38:00,30350.0,30380.0,30330.0,30350.0,48.236,1463962.6
2021-06-26 14:39:00,30350.0,30350.0,30305.5,30321.0,17.409,527858.289
2021-06-26 14:40:00,30321.0,30321.0,30256.5,30274.5,45.329,1372312.8105
2021-06-26 14:41:00,30274.5,30326.0,30253.5,30325.0,75.011,2274708.575
2021-06-26 14:42:00,30325.0,30415.0,30282.5,30296.5,219.555,6651748.0575
2021-06-26 14:43:00,30296.5,30296.5,30250.0,30268.0,67.768,2051201.824
2021-06-26 14:44:00,30268.0,30300.0,30268.0,30283.5,53.365,1616078.9775
2021-06-26 14:45:00,30283.5,30342.5,30283.0,30330.5,52.559,1594140.7495
2021-06-26 14:46:00,30330.5,30330.5,30280.0,30280.0,65.788,1992060.64
2021-06-26 14:47:00,30280.0,30350.0,30280.0,30349.5,146.037,4432149.9315
2021-06-26 14:48:00,30349.5,30352.0,30300.0,30304.5,39.584,1199573.328
2021-06-26 14:49:00,30304.5,30349.5,30301.0,30322.0,52.618,1595482.996
2021-06-26 14:50:00,30322.0,30393.5,30322.0,30385.0,33.783,1026496.455
2021-06-26 14:51:00,30385.0,30446.0,30380.5,30438.5,71.86,2187310.61
2021-06-26 14:52:00,30438.5,30462.0,30412.0,30412.0,105.472,3207614.464
2021-06-26 14:53:00,30412.0,30420.0,30377.0,30377.5,43.879,1332934.3225
2021-06-26 14:54:00,30377.5,30416.0,30377.0,30409.0,36.645,1114337.805
2021-06-26 14:55:00,30409.0,30517.0,30405.5,30461.5,129.913,3957344.8495
2021-06-26 14:56:00,30461.5,30494.5,30452.0,30452.0,58.969,1795723.988
2021-06-26 14:57:00,30452.0,30465.5,30417.0,30465.0,32.92,1002907.8
2021-06-26 14:58:00,30465.0,30520.0,30465.0,30519.5,43.106,1315573.567
2021-06-26 14:59:00,30519.5,30520.0,30496.5,30519.5,34.575,1055211.7125
2021-06-26 15:00:00,30519.5,30542.5,30497.0,30541.0,73.08,2231936.28
2021-06-26 15:01:00,30541.0,30627.5,30540.5,30599.0,165.628,5068051.172
2021-06-26 15:02:00,30599.0,30692.0,30582.0,30692.0,149.148,4577650.416
2021-06-26 15:03:00,30692.0,30692.0,30641.5,30680.0,74.903,2298024.04
2021-06-26 15:04:00,30680.0,30824.5,30680.0,30819.5,362.991,11187201.1245
2021-06-26 15:05:00,30819.5,30820.0,30723.5,30779.5,106.845,3288635.6775
2021-06-26 15:06:00,30779.5,30779.5,30695.0,30713.0,112.473,3454383.249
2021-06-26 15:07:00,30713.0,30800.0,30712.5,30796.0,86.848,2674571.008
2021-06-26 15:08:00,30796.0,31019.0,30774.0,31014.5,1060.966,32905330.007
2021-06-26 15:09:00,31014.5,31161.5,30990.5,31126.0,713.73,22215559.98
2021-06-26 15:10:00,31126.0,31233.5,31102.0,31109.0,503.669,15668638.921
2021-06-26 15:11:00,31109.0,31109.5,30990.0,31008.0,363.133,11260028.064
2021-06-26 15:12:00,31008.0,31008.0,30904.5,30908.5,234.989,7263157.5065
2021-06-26 15:13:00,30908.5,30962.0,30812.0,30812.0,188.603,5811235.636
2021-06-26 15:14:00,30812.0,30835.0,30761.0,30776.5,163.198,5022663.247
2021-06-26 15:15:00,30776.5,30776.5,30633.0,30680.0,240.772,7386884.96
2021-06-26 15:16:00,30680.0,30743.5,30679.5,30687.0,124.517,3821053.179
2021-06-26 15:17:00,30687.0,30926.0,30687.0,30926.0,223.235,6903765.61
2021-06-26 15:18:00,30926.0,30979.5,30852.0,30922.5,206.939,6399071.2275
2021-06-26 15:19:00,30922.5,30923.0,30829.5,30864.5,96.358,2974041.491
2021-06-26 15:20:00,30864.5,30904.5,30855.5,30855.5,57.191,1764656.9005
2021-06-26 15:21:00,30855.5,30900.0,30855.5,30895.0,46.12,1424877.4
2021-06-26 15:22:00,30895.0,31037.0,30894.5,30980.5,120.426,3730857.693
2021-06-26 15:23:00,30980.5,31090.0,30943.0,31032.0,93.311,2895626.952
2021-06-26 15:24:00,31032.0,31166.0,31030.0,31073.0,185.872,5775600.656
2021-06-26 15:25:00,31073.0,31073.0,30950.0,30985.0,119.075,3689538.875
2021-06-26 15:26:00,30985.0,30996.0,30953.5,30975.0,57.167,1770747.825
2021-06-26 15:27:00,30975.0,31018.5,30967.0,30967.0,81.722,2530685.174
2021-06-26 15:28:00,30967.0,30985.5,30967.0,30975.5,44.112,1366391.256
2021-06-26 15:29:00,30975.5,31023.5,30975.5,30996.5,53.87,1669781.455
2021-06-26 15:30:00,30996.5,31076.0,30955.0,31076.0,109.403,3399807.628
2021-06-26 15:31:00,31076.0,31210.0,31051.0,31177.5,240.64,7502553.6
2021-06-26 15:32:00,31177.5,31178.0,31066.5,31080.5,89.208,2772629.244
2021-06-26 15:33:00,31080.5,31120.5,31065.0,31097.5,44.792,1392919.22
2021-06-26 15:34:00,31097.5,31125.0,31075.5,31113.5,34.432,1071300.032
2021-06-26 15:35:00,31113.5,31160.0,31110.0,31160.0,88.115,2745663.4
2021-06-26 15:36:00,31160.0,31165.5,31076.5,31080.0,99.555,3094169.4
2021-06-26 15:37:00,31080.0,31080.5,31030.0,31035.0,61.367,1904524.845
2021-06-26 15:38:00,31035.0,31035.0,30899.0,30899.0,148.96,4602715.04
2021-06-26 15:39:00,30899.0,30969.0,30808.0,30857.5,172.443,5321159.8725
2021-06-26 15:40:00,30857.5,30891.0,30805.5,30809.0,96.68,2978614.12
2021-06-26 15:41:00,30809.0,30871.5,30809.0,30849.0,83.333,2570739.717
2021-06-26 15:42:00,30849.0,30961.0,30845.5,30927.5,105.42,3260377.05
2021-06-26 15:43:00,30927.5,31028.0,30900.0,30976.0,65.242,2020936.192
2021-06-26 15:44:00,30976.0,31034.0,30969.5,30990.0,77.508,2401972.92
2021-06-26 15:45:00,30990.0,30990.0,30852.5,30919.0,99.948,3090292.212
2021-06-26 15:46:00,30919.0,31023.5,30919.0,30984.5,64.841,2009065.9645
2021-06-26 15:47:00,30984.5,31012.0,30974.0,30991.0,51.65,1600685.15
2021-06-26 15:48:00,30991.0,31059.0,30991.0,31049.5,97.894,3039559.753
2021-06-26 15:49:00,31049.5,31098.0,31049.5,31057.0,82.532,2563196.324
2021-06-26 15:50:00,31057.0,31057.5,30995.0,30996.5,53.998,1673749.007
2021-06-26 15:51:00,30996.5,31025.0,30989.0,30989.0,56.915,1763738.935
2021-06-26 15:52:00,30989.0,31031.0,30989.0,31020.5,64.567,2002900.6235
2021-06-26 15:53:00,31020.5,31025.0,31004.0,31014.0,17.352,538154.928
2021-06-26 15:54:00,31014.0,31080.5,31014.0,31071.5,40.901,1270855.4215
2021-06-26 15:55:00,31071.5,31138.0,31070.5,31114.5,82.798,2576218.371
2021-06-26 15:56:00,31114.5,31114.5,31059.5,31068.0,73.896,2295800.928
2021-06-26 15:57:00,31068.0,31068.0,31023.0,31026.5,42.443,1316857.7395
2021-06-26 15:58:00,31026.5,31032.5,31002.0,31020.0,32.249,1000363.98
2021-06-26 15:59:00,31020.0,31075.0,31019.5,31039.0,18.261,566803.179
2021-06-26 16:00:00,31039.0,31068.0,31010.0,31015.0,44.652,1384881.78
2021-06-26 16:01:00,31015.0,31016.0,30932.0,30940.0,98.999,3063029.06
2021-06-26 16:02:00,30940.0,30940.0,30904.0,30906.5,70.13,2167472.845
2021-06-26 16:03:00,30906.5,30969.5,30906.5,30955.0,63.388,1962175.54
2021-06-26 16:04:00,30955.0,31016.0,30948.5,31009.5,66.393,2058813.7335
2021-06-26 16:05:00,31009.5,31037.5,30944.0,30944.0,63.861,1976114.784
2021-06-26 16:06:00,30944.0,30974.5,30941.0,30974.5,18.401,569961.7745
2021-06-26 16:07:00,30974.5,30988.0,30968.5,30988.0,34.94,1082720.72
2021-06-26 16:08:00,30988.0,30993.5,30969.5,30989.0,17.365,538123.985
2021-06-26 16:09:00,30989.0,31039.0,30988.5,31013.0,22.345,692985.485
2021-06-26 16:10:00,31013.0,31036.5,31005.5,31005.5,29.377,910848.5735
2021-06-26 16:11:00,31005.5,31005.5,30959.5,30959.5,48.605,1504786.4975
2021-06-26 16:12:00,30959.5,30959.5,30867.5,30867.5,136.573,4215667.0775
2021-06-26 16:13:00,30867.5,30902.5,30815.5,30817.0,118.959,3665959.503
2021-06-26 16:14:00,30817.0,30887.0,30817.0,30830.5,59.218,1825720.549
2021-06-26 16:15:00,30830.5,30855.0,30730.0,30762.5,138.514,4261036.925
2021-06-26 16:16:00,30762.5,30823.0,30754.5,30812.0,84.814,2613288.968
2021-06-26 16:17:00,30812.0,30881.0,30792.5,30881.0,88.929,2746216.449
2021-06-26 16:18:00,30881.0,30920.0,30880.5,30896.0,53.705,1659269.68
2021-06-26 16:19:00,30896.0,30900.0,30842.0,30900.0,65.723,2030840.7
2021-06-26 16:20:00,30900.0,30941.5,30899.5,30923.5,41.174,1273244.189
2021-06-26 16:21:00,30923.5,30924.0,30889.5,30896.5,23.985,741052.5525
2021-06-26 16:22:00,30896.5,30903.0,30871.5,30878.0,31.457,971329.246
2021-06-26 16:23:00,30878.0,30882.0,30861.0,30880.0,30.272,934799.36
2021-06-26 16:24:00,30880.0,30934.0,30880.0,30922.5,37.253,1151955.8925
2021-06-26 16:25:00,30922.5,30997.0,30922.5,30996.5,92.185,2857412.3525
2021-06-26 16:26:00,30996.5,30997.0,30964.5,30981.0,39.189,1214114.409
2021-06-26 16:27:00,30981.0,31034.0,30981.0,31034.0,65.522,2033409.748
2021-06-26 16:28:00,31034.0,31092.5,31024.5,31092.0,106.124,3299607.408
2021-06-26 16:29:00,31092.0,31093.0,31050.5,31058.5,35.761,1110683.0185
2021-06-26 16:30:00,31058.5,31143.5,31058.5,31133.0,114.997,3580201.601
2021-06-26 16:31:00,31133.0,31415.0,31133.0,31356.0,888.029,27845037.324
2021-06-26 16:32:00,31356.0,31446.0,31315.5,31349.5,355.367,11140577.7665
2021-06-26 16:33:00,31349.5,31378.5,31306.5,31332.5,102.688,3217471.76
2021-06-26 16:34:00,31332.5,31340.0,31328.5,31339.0,40.402,1266158.278
2021-06-26 16:35:00,31339.0,31340.0,31301.0,31301.0,73.187,2290826.287
2021-06-26 16:36:00,31301.0,31301.5,31253.5,31267.0,111.154,3475452.118
2021-06-26 16:37:00,31267.0,31341.0,31267.0,31341.0,66.717,2090977.497
2021-06-26 16:38:00,31341.0,31407.0,31340.5,31372.0,148.786,4667714.392
2021-06-26 16:39:00,31372.0,31577.5,31371.0,31564.5,457.072,14427249.144
2021-06-26 16:40:00,31564.5,31730.0,31554.5,31554.5,788.463,24879555.7335
2021-06-26 16:41:00,31554.5,31650.0,31554.0,31624.5,147.05,4650382.725
2021-06-26 16:42:00,31624.5,31625.0,31560.0,31560.0,115.628,3649219.68
2021-06-26 16:43:00,31560.0,31560.5,31487.5,31488.5,138.505,4361314.6925
2021-06-26 16:44:00,31488.5,31525.0,31485.0,31497.5,89.84,2829735.4
2021-06-26 16:45:00,31497.5,31540.0,31450.0,31457.5,139.264,4380897.28
2021-06-26 16:46:00,31457.5,31471.5,31428.5,31436.5,86.656,2724161.344
2021-06-26 16:47:00,31436.5,31480.0,31404.5,31404.5,108.484,3406885.778
2021-06-26 16:48:00,31404.5,31495.0,31399.5,31481.5,55.888,1759438.072
2021-06-26 16:49:00,31481.5,31642.0,31481.0,31586.0,210.557,6650653.402
2021-06-26 16:50:00,31586.0,31586.0,31482.5,31501.5,83.243,2622279.3645
2021-06-26 16:51:00,31501.5,31520.5,31467.0,31488.5,81.494,2566123.819
2021-06-26 16:52:00,31488.5,31489.0,31469.5,31481.0,138.784,4369059.104
2021-06-26 16:53:00,31481.0,31484.5,31467.5,31484.0,48.354,1522377.336
2021-06-26 16:54:00,31484.0,31502.5,31414.5,31426.5,157.058,4935783.237
2021-06-26 16:55:00,31426.5,31427.0,31385.0,31412.5,75.163,2361057.7375
2021-06-26 16:56:00,31412.5,31420.0,31372.0,31375.5,61.094,1916854.797
2021-06-26 16:57:00,31375.5,31422.5,31375.0,31405.5,85.789,2694246.4395
2021-06-26 16:58:00,31405.5,31406.0,31387.0,31387.0,54.284,1703811.908
2021-06-26 16:59:00,31387.0,31420.0,31386.5,31420.0,69.276,2176651.92
2021-06-26 17:00:00,31420.0,31484.5,31407.0,31407.0,50.642,1590513.294
2021-06-26 17:01:00,31407.0,31438.0,31390.0,31414.5,41.811,1313471.6595
2021-06-26 17:02:00,31414.5,31434.5,31414.5,31416.0,28.687,901230.792
2021-06-26 17:03:00,31416.0,31468.0,31415.5,31468.0,32.711,1029349.748
2021-06-26 17:04:00,31468.0,31468.0,31432.0,31440.0,31.247,982405.68
2021-06-26 17:05:00,31440.0,31440.0,31413.5,31425.0,57.081,1793770.425
2021-06-26 17:06:00,31425.0,31533.0,31425.0,31501.0,187.714,5913178.714
2021-06-26 17:07:00,31501.0,31524.0,31458.0,31493.0,66.747,2102063.271
2021-06-26 17:08:00,31493.0,31493.5,31458.0,31479.5,54.606,1718969.577
2021-06-26 17:09:00,31479.5,31483.0,31470.0,31470.5,23.769,748022.3145
2021-06-26 17:10:00,31470.5,31518.0,31470.0,31505.5,33.036,1040815.698
2021-06-26 17:11:00,31505.5,31644.0,31505.5,31608.5,181.62,5740735.77
2021-06-26 17:12:00,31608.5,31630.0,31576.5,31630.0,50.292,1590735.96
2021-06-26 17:13:00,31630.0,31695.5,31588.5,31608.0,230.182,7275592.656
2021-06-26 17:14:00,31608.0,31608.0,31573.5,31574.0,86.854,2742328.196
2021-06-26 17:15:00,31574.0,31594.0,31562.5,31562.5,56.008,1767752.5
2021-06-26 17:16:00,31562.5,31562.5,31510.5,31511.0,51.449,1621209.439
2021-06-26 17:17:00,31511.0,31588.5,31510.5,31588.5,57.285,1809547.2225
2021-06-26 17:18:00,31588.5,31723.5,31588.5,31711.0,191.458,6071324.638
2021-06-26 17:19:00,31711.0,31874.0,31710.5,31794.0,704.806,22408601.964
2021-06-26 17:20:00,31794.0,31865.0,31734.0,31849.5,121.573,3872039.2635
2021-06-26 17:21:00,31849.5,31850.0,31781.0,31800.0,138.611,4407829.8
2021-06-26 17:22:00,31800.0,31807.5,31780.0,31798.0,82.084,2610107.032
2021-06-26 17:23:00,31798.0,31820.0,31798.0,31798.5,73.213,2328063.5805
2021-06-26 17:24:00,31798.5,31798.5,31753.0,31753.5,88.476,2809422.666
2021-06-26 17:25:00,31753.5,31758.5,31730.0,31737.5,118.914,3774033.075
2021-06-26 17:26:00,31737.5,31759.5,31720.0,31720.0,45.685,1449128.2
2021-06-26 17:27:00,31720.0,31809.5,31707.0,31809.5,75.121,2389561.4495
2021-06-26 17:28:00,31809.5,31832.5,31768.0,31770.5,79.903,2538558.2615
2021-06-26 17:29:00,31770.5,31785.0,31761.5,31761.5,40.332,1281004.818
2021-06-26 17:30:00,31761.5,31773.5,31709.0,31752.5,124.809,3962997.7725
2021-06-26 17:31:00,31752.5,31752.5,31725.0,31730.0,57.428,1822190.44
2021-06-26 17:32:00,31730.0,31738.5,31675.5,31688.0,84.855,2688885.24
2021-06-26 17:33:00,31688.0,31688.5,31650.0,31669.5,70.951,2246982.6945
2021-06-26 17:34:00,31669.5,31699.0,31669.5,31690.0,32.899,1042569.31
2021-06-26 17:35:00,31690.0,31736.0,31690.0,31736.0,48.598,1542306.128
2021-06-26 17:36:00,31736.0,31830.0,31735.5,31761.5,118.239,3755447.9985
2021-06-26 17:37:00,31761.5,31762.0,31686.0,31686.0,51.169,1621340.934
2021-06-26 17:38:00,31686.0,31686.5,31624.0,31624.0,90.266,2854571.984
2021-06-26 17:39:00,31624.0,31660.0,31623.0,31634.5,72.25,2285592.625
2021-06-26 17:40:00,31634.5,31677.5,31634.0,31639.5,48.378,1530655.731
2021-06-26 17:41:00,31639.5,31639.5,31578.0,31578.5,116.938,3692726.633
2021-06-26 17:42:00,31578.5,31629.5,31560.0,31560.0,88.343,2788105.08
2021-06-26 17:43:00,31560.0,31591.0,31559.5,31590.5,87.273,2756997.7065
2021-06-26 17:44:00,31590.5,31623.0,31581.5,31599.0,22.028,696062.772
2021-06-26 17:45:00,31599.0,31650.0,31514.5,31523.5,131.08,4132100.38
2021-06-26 17:46:00,31523.5,31561.5,31473.0,31478.5,213.487,6720250.5295
2021-06-26 17:47:00,31478.5,31482.5,31460.0,31475.5,124.06,3904850.53
2021-06-26 17:48:00,31475.5,31499.0,31453.5,31482.0,102.29,3220293.78
2021-06-26 17:49:00,31482.0,31530.0,31482.0,31524.5,54.67,1723444.415
2021-06-26 17:50:00,31524.5,31593.0,31524.5,31576.0,75.99,2399460.24
2021-06-26 17:51:00,31576.0,31635.5,31575.5,31635.0,70.25,2222358.75
2021-06-26 17:52:00,31635.0,31676.5,31616.5,31649.0,82.42,2608510.58
2021-06-26 17:53:00,31649.0,31649.5,31605.0,31605.0,35.327,1116509.835
2021-06-26 17:54:00,31605.0,31691.5,31553.0,31691.0,137.802,4367083.182
2021-06-26 17:55:00,31691.0,31867.0,31691.0,31861.0,278.981,8888613.641
2021-06-26 17:56:00,31861.0,31975.0,31861.0,31910.0,370.156,11811677.96
2021-06-26 17:57:00,31910.0,31910.0,31800.0,31810.5,152.169,4840571.9745
2021-06-26 17:58:00,31810.5,31811.0,31773.0,31774.5,56.36,1790810.82
2021-06-26 17:59:00,31774.5,31822.5,31770.0,31822.5,59.868,1905149.43
2021-06-26 18:00:00,31822.5,31822.5,31750.0,31771.0,77.678,2467907.738
2021-06-26 18:01:00,31771.0,31790.0,31737.0,31785.0,138.963,4416938.955
2021-06-26 18:02:00,31785.0,31785.0,31737.5,31739.0,22.606,717491.834
2021-06-26 18:03:00,31739.0,31770.0,31738.5,31742.5,29.35,931642.375
2021-06-26 18:04:00,31742.5,31770.5,31742.0,31770.5,40.532,1287721.906
2021-06-26 18:05:00,31770.5,31941.0,31770.5,31884.0,209.276,6672555.984
2021-06-26 18:06:00,31884.0,31924.0,31840.0,31923.5,124.874,3986415.139
2021-06-26 18:07:00,31923.5,31923.5,31863.0,31897.5,87.124,2779037.79
2021-06-26 18:08:00,31897.5,31898.0,31826.5,31827.0,97.379,3099281.433
2021-06-26 18:09:00,31827.0,31853.5,31815.0,31815.0,90.354,2874612.51
2021-06-26 18:10:00,31815.0,31815.5,31779.0,31779.5,39.357,1250745.7815
2021-06-26 18:11:00,31779.5,31835.0,31779.0,31790.0,67.504,2145952.16
2021-06-26 18:12:00,31790.0,31816.0,31789.5,31801.0,19.05,605809.05
2021-06-26 18:13:00,31801.0,31801.5,31784.0,31785.0,73.25,2328251.25
2021-06-26 18:14:00,31785.0,31785.0,31740.0,31740.0,110.965,3522029.1
2021-06-26 18:15:00,31740.0,31740.5,31685.0,31707.5,194.834,6177699.055
2021-06-26 18:16:00,31707.5,31743.0,31675.0,31677.0,91.189,2888593.953
2021-06-26 18:17:00,31677.0,31678.5,31677.0,31678.0,27.287,864397.586
2021-06-26 18:18:00,31678.0,31711.0,31678.0,31706.5,63.676,2018943.094
2021-06-26 18:19:00,31706.5,31707.0,31650.0,31650.0,97.661,3090970.65
2021-06-26 18:20:00,31650.0,31696.0,31650.0,31696.0,31.279,991419.184
2021-06-26 18:21:00,31696.0,31748.0,31695.5,31740.0,69.719,2212881.06
2021-06-26 18:22:00,31740.0,31740.0,31530.5,31531.5,252.079,7948428.9885
2021-06-26 18:23:00,31531.5,31583.5,31510.0,31560.5,171.666,5417864.793
2021-06-26 18:24:00,31560.5,31599.0,31485.0,31494.5,147.372,4641407.454
2021-06-26 18:25:00,31494.5,31515.5,31468.5,31495.0,100.772,3173814.14
2021-06-26 18:26:00,31495.0,31495.0,31420.0,31452.5,113.565,3571903.1625
2021-06-26 18:27:00,31452.5,31453.0,31357.5,31388.0,346.685,10881748.78
2021-06-26 18:28:00,31388.0,31439.0,31344.0,31350.0,148.791,4664597.85
2021-06-26 18:29:00,31350.0,31351.0,31281.0,31286.5,243.271,7611098.1415
2021-06-26 18:30:00,31286.5,31378.0,31285.5,31350.0,171.706,5382983.1
2021-06-26 18:31:00,31350.0,31399.0,31345.0,31395.0,100.157,3144429.015
2021-06-26 18:32:00,31395.0,31427.5,31327.5,31327.5,163.504,5122171.56
2021-06-26 18:33:00,31327.5,31399.5,31327.5,31397.5,69.902,2194748.045
2021-06-26 18:34:00,31397.5,31406.5,31378.5,31378.5,49.189,1543477.0365
2021-06-26 18:35:00,31378.5,31473.0,31375.0,31471.0,140.818,4431683.278
2021-06-26 18:36:00,31471.0,31500.5,31454.0,31500.0,82.673,2604199.5
2021-06-26 18:37:00,31500.0,31500.5,31431.0,31438.5,69.301,2178719.4885
2021-06-26 18:38:00,31438.5,31439.0,31368.5,31379.0,101.641,3189392.939
2021-06-26 18:39:00,31379.0,31400.0,31354.0,31360.5,38.518,1207943.739
2021-06-26 18:40:00,31360.5,31448.5,31360.5,31448.5,67.311,2116829.9835
2021-06-26 18:41:00,31448.5,31451.5,31428.5,31443.5,25.224,793130.844
2021-06-26 18:42:00,31443.5,31489.5,31443.0,31489.0,36.16,1138642.24
2021-06-26 18:43:00,31489.0,31489.5,31462.5,31472.0,28.569,899123.568
2021-06-26 18:44:00,31472.0,31472.0,31440.0,31446.0,52.331,1645600.626
2021-06-26 18:45:00,31446.0,31574.5,31441.0,31574.0,239.899,7574571.026
2021-06-26 18:46:00,31574.0,31728.0,31562.5,31658.0,443.623,14044216.934
2021-06-26 18:47:00,31658.0,31658.0,31594.5,31605.0,91.054,2877761.67
2021-06-26 18:48:00,31605.0,31742.0,31605.0,31679.5,357.992,11341007.564
2021-06-26 18:49:00,31679.5,31697.0,31638.5,31679.5,71.948,2279276.666
2021-06-26 18:50:00,31679.5,31680.0,31620.5,31621.0,36.548,1155684.308
2021-06-26 18:51:00,31621.0,31638.0,31589.0,31593.0,98.421,3109414.653
2021-06-26 18:52:00,31593.0,31593.5,31557.5,31573.0,88.959,2808702.507
2021-06-26 18:53:00,31573.0,31586.5,31570.0,31570.0,43.24,1365086.8
2021-06-26 18:54:00,31570.0,31576.0,31530.0,31530.0,133.255,4201530.15
2021-06-26 18:55:00,31530.0,31557.5,31436.0,31450.0,145.953,4590221.85
2021-06-26 18:56:00,31450.0,31473.0,31380.0,31473.0,168.987,5318527.851
2021-06-26 18:57:00,31473.0,31559.0,31423.0,31552.0,80.111,2527662.272
2021-06-26 18:58:00,31552.0,31554.0,31504.5,31530.5,50.616,1595947.788
2021-06-26 18:59:00,31530.5,31562.0,31450.0,31450.0,78.903,2481499.35
2021-06-26 19:00:00,31450.0,31450.0,31387.5,31404.0,107.479,3375270.516
2021-06-26 19:01:00,31404.0,31450.0,31350.0,31360.5,169.959,5329999.2195
2021-06-26 19:02:00,31360.5,31390.0,31333.0,31384.0,115.849,3635805.016
2021-06-26 19:03:00,31384.0,31470.0,31373.5,31446.5,59.206,1861821.479
2021-06-26 19:04:00,31446.5,31446.5,31395.0,31423.0,38.317,1204035.091
2021-06-26 19:05:00,31423.0,31448.0,31423.0,31443.0,20.959,659013.837
2021-06-26 19:06:00,31443.0,31443.5,31339.5,31359.0,45.598,1429907.682
2021-06-26 19:07:00,31359.0,31393.5,31327.0,31329.0,81.603,2556540.387
2021-06-26 19:08:00,31329.0,31358.5,31329.0,31346.0,39.68,1243809.28
2021-06-26 19:09:00,31346.0,31371.0,31213.5,31213.5,348.646,10882461.921
2021-06-26 19:10:00,31213.5,31234.5,31153.0,31170.5,332.949,10378186.8045
2021-06-26 19:11:00,31170.5,31170.5,31073.5,31138.5,297.722,9270616.497
2021-06-26 19:12:00,31138.5,31138.5,31053.5,31098.5,140.846,4380099.331
2021-06-26 19:13:00,31098.5,31160.0,31098.0,31150.5,139.021,4330573.6605
2021-06-26 19:14:00,31150.5,31153.0,30930.5,31019.5,440.917,13677024.8815
2021-06-26 19:15:00,31019.5,31067.0,30900.5,30909.0,280.007,8654736.363
2021-06-26 19:16:00,30909.0,30948.5,30826.0,30848.0,280.081,8639938.688
2021-06-26 19:17:00,30848.0,30861.5,30814.0,30844.5,250.128,7715073.096
2021-06-26 19:18:00,30844.5,30899.0,30844.5,30874.0,222.945,6883203.93
2021-06-26 19:19:00,30874.0,30888.5,30762.0,30786.5,327.462,10081408.863
2021-06-26 19:20:00,30786.5,30885.0,30772.0,30884.5,112.656,3479324.232
2021-06-26 19:21:00,30884.5,30885.0,30814.0,30814.0,96.715,2980176.01
2021-06-26 19:22:00,30814.0,30824.0,30753.0,30753.5,191.564,5891263.474
2021-06-26 19:23:00,30753.5,30816.0,30750.0,30774.5,89.273,2747331.9385
2021-06-26 19:24:00,30774.5,30840.5,30769.5,30840.5,57.369,1769288.6445
2021-06-26 19:25:00,30840.5,30922.0,30835.0,30885.5,231.029,7135446.1795
2021-06-26 19:26:00,30885.5,30885.5,30830.0,30865.5,126.317,3898837.3635
2021-06-26 19:27:00,30865.5,30885.5,30838.5,30885.5,104.803,3236893.0565
2021-06-26 19:28:00,30885.5,30915.0,30861.0,30914.5,34.069,1053226.1005
2021-06-26 19:29:00,30914.5,30915.0,30807.0,30807.0,68.167,2100020.769
2021-06-26 19:30:00,30807.0,30891.5,30737.5,30749.0,194.789,5989566.961
2021-06-26 19:31:00,30749.0,30749.0,30621.5,30674.5,346.995,10643898.1275
2021-06-26 19:32:00,30674.5,30685.5,30548.0,30587.5,293.279,8970671.4125
2021-06-26 19:33:00,30587.5,30601.5,30554.0,30585.0,143.27,4381912.95
2021-06-26 19:34:00,30585.0,30600.0,30567.0,30592.5,135.18,4135494.15
2021-06-26 19:35:00,30592.5,30625.0,30564.0,30580.0,126.295,3862101.1
2021-06-26 19:36:00,30580.0,30677.0,30580.0,30677.0,153.991,4723981.907
2021-06-26 19:37:00,30677.0,30697.5,30650.5,30682.0,225.801,6928026.282
2021-06-26 19:38:00,30682.0,30682.5,30648.5,30651.0,65.534,2008682.634
2021-06-26 19:39:00,30651.0,30651.5,30637.5,30650.0,48.198,1477268.7
2021-06-26 19:40:00,30650.0,30682.0,30640.0,30662.0,47.135,1445253.37
2021-06-26 19:41:00,30662.0,30725.0,30661.5,30725.0,124.603,3828427.175
2021-06-26 19:42:00,30725.0,30725.0,30679.5,30680.0,101.213,3105214.84
2021-06-26 19:43:00,30680.0,30718.5,30678.5,30694.5,41.231,1265564.9295
2021-06-26 19:44:00,30694.5,30694.5,30487.0,30564.0,302.383,9242034.012
2021-06-26 19:45:00,30564.0,30621.0,30528.0,30610.5,165.377,5062272.6585
2021-06-26 19:46:00,30610.5,30680.0,30610.5,30680.0,104.485,3205599.8
2021-06-26 19:47:00,30680.0,30866.0,30650.0,30864.5,439.676,13570379.902
2021-06-26 19:48:00,30864.5,30970.5,30784.5,30878.5,406.538,12553283.633
2021-06-26 19:49:00,30878.5,30879.0,30795.0,30815.5,88.818,2736971.079
2021-06-26 19:50:00,30815.5,30816.0,30657.0,30678.5,254.103,7795498.8855
2021-06-26 19:51:00,30678.5,30780.5,30656.0,30720.5,207.793,6383504.8565
2021-06-26 19:52:00,30720.5,30780.0,30689.5,30716.5,76.311,2344006.8315
2021-06-26 19:53:00,30716.5,30750.0,30667.0,30745.0,54.868,1686916.66
2021-06-26 19:54:00,30745.0,30748.0,30702.0,30726.5,32.301,992496.6765
2021-06-26 19:55:00,30726.5,30800.0,30717.5,30799.5,77.034,2372608.683
2021-06-26 19:56:00,30799.5,30838.0,30772.5,30773.0,110.826,3410448.498
2021-06-26 19:57:00,30773.0,30836.5,30755.0,30755.5,122.923,3780558.3265
2021-06-26 19:58:00,30755.5,30820.5,30755.0,30806.0,55.239,1701692.634
2021-06-26 19:59:00,30806.0,30830.0,30806.0,30830.0,25.344,781355.52
2021-06-26 20:00:00,30830.0,30919.0,30809.0,30917.0,147.367,4556145.539
2021-06-26 20:01:00,30917.0,30974.5,30895.0,30940.0,190.641,5898432.54
2021-06-26 20:02:00,30940.0,30940.5,30904.5,30925.0,52.393,1620253.525
2021-06-26 20:03:00,30925.0,30925.5,30900.0,30908.0,88.173,2725251.084
2021-06-26 20:04:00,30908.0,30944.0,30908.0,30928.5,130.365,4031993.9025
2021-06-26 20:05:00,30928.5,30943.5,30896.0,30909.0,82.724,2556916.116
2021-06-26 20:06:00,30909.0,30909.5,30832.5,30854.0,121.075,3735648.05
2021-06-26 20:07:00,30854.0,30854.5,30800.0,30800.0,76.177,2346251.6
2021-06-26 20:08:00,30800.0,30848.0,30786.0,30839.0,30.653,945307.867
2021-06-26 20:09:00,30839.0,30881.0,30814.5,30881.0,78.284,2417488.204
2021-06-26 20:10:00,30881.0,30930.0,30880.5,30930.0,93.323,2886480.39
2021-06-26 20:11:00,30930.0,30993.5,30905.0,30963.5,219.108,6784350.558
2021-06-26 20:12:00,30963.5,30964.0,30886.0,30914.0,53.009,1638720.226
2021-06-26 20:13:00,30914.0,30983.5,30913.5,30978.5,60.776,1882749.316
2021-06-26 20:14:00,30978.5,30979.0,30960.0,30979.0,16.337,506103.923
2021-06-26 20:15:00,30979.0,30980.0,30940.0,30959.5,37.675,1166399.1625
2021-06-26 20:16:00,30959.5,30959.5,30863.5,30867.0,70.605,2179364.535
2021-06-26 20:17:00,30867.0,30922.0,30867.0,30897.5,73.559,2272789.2025
2021-06-26 20:18:00,30897.5,30947.0,30897.5,30946.5,31.436,972834.174
2021-06-26 20:19:00,30946.5,31220.0,30933.5,31166.0,716.321,22324860.286
2021-06-26 20:20:00,31166.0,31225.0,31115.0,31160.0,375.403,11697557.48
2021-06-26 20:21:00,31160.0,31409.5,31160.0,31323.5,656.22,20555107.17
2021-06-26 20:22:00,31323.5,31323.5,31262.0,31309.5,78.254,2450093.613
2021-06-26 20:23:00,31309.5,31323.5,31236.0,31268.5,157.983,4939891.4355
2021-06-26 20:24:00,31268.5,31284.0,31220.0,31266.0,100.494,3142045.404
2021-06-26 20:25:00,31266.0,31268.5,31239.0,31239.0,42.295,1321253.505
2021-06-26 20:26:00,31239.0,31274.0,31239.0,31272.0,88.834,2778016.848
2021-06-26 20:27:00,31272.0,31285.0,31245.5,31246.0,37.418,1169162.828
2021-06-26 20:28:00,31246.0,31272.0,31231.5,31248.0,42.983,1343132.784
2021-06-26 20:29:00,31248.0,31248.0,31246.5,31246.5,16.84,526191.06
2021-06-26 20:30:00,31246.5,31379.0,31219.5,31219.5,210.985,6586846.2075
2021-06-26 20:31:00,31219.5,31219.5,31043.5,31064.5,256.205,7958880.2225
2021-06-26 20:32:00,31064.5,31079.5,30965.0,30982.0,156.506,4848868.892
2021-06-26 20:33:00,30982.0,31046.0,30907.0,30920.5,206.713,6391669.3165
2021-06-26 20:34:00,30920.5,31033.5,30920.0,31015.5,156.587,4856624.0985
2021-06-26 20:35:00,31015.5,31015.5,30958.0,30975.0,72.131,2234257.725
2021-06-26 20:36:00,30975.0,31063.0,30975.0,31062.0,82.254,2554973.748
2021-06-26 20:37:00,31062.0,31131.5,31022.0,31050.0,184.809,5738319.45
2021-06-26 20:38:00,31050.0,31067.0,31000.0,31036.0,195.504,6067662.144
2021-06-26 20:39:00,31036.0,31080.0,31035.5,31079.5,26.38,819877.21
2021-06-26 20:40:00,31079.5,31151.5,31079.5,31151.5,76.2,2373744.3
2021-06-26 20:41:00,31151.5,31217.0,31123.5,31133.5,138.486,4311553.881
2021-06-26 20:42:00,31133.5,31140.0,31097.0,31104.0,90.364,2810681.856
2021-06-26 20:43:00,31104.0,31142.0,31103.5,31119.0,31.274,973215.606
2021-06-26 20:44:00,31119.0,31189.5,31111.5,31189.5,39.686,1237786.497
2021-06-26 20:45:00,31189.5,31312.5,31183.0,31312.5,205.323,6429176.4375
2021-06-26 20:46:00,31312.5,31313.0,31250.5,31250.5,86.3,2696918.15
2021-06-26 20:47:00,31250.5,31250.5,31068.0,31090.5,171.269,5324838.8445
2021-06-26 20:48:00,31090.5,31125.0,30968.0,31018.0,291.786,9050618.148
2021-06-26 20:49:00,31018.0,31036.5,30962.0,30963.0,172.867,5352480.921
2021-06-26 20:50:00,30963.0,31005.5,30933.5,30954.5,148.469,4595783.6605
2021-06-26 20:51:00,30954.5,31017.5,30940.5,31017.0,106.854,3314290.518
2021-06-26 20:52:00,31017.0,31017.5,30960.0,30993.5,50.84,1575709.54
2021-06-26 20:53:00,30993.5,31083.0,30965.5,31081.5,92.035,2860585.8525
2021-06-26 20:54:00,31081.5,31163.0,31058.5,31138.5,153.222,4771103.247
2021-06-26 20:55:00,31138.5,31196.0,31138.5,31163.5,87.035,2712315.2225
2021-06-26 20:56:00,31163.5,31173.5,31074.0,31074.0,54.084,1680606.216
2021-06-26 20:57:00,31074.0,31078.5,31047.5,31060.0,40.51,1258240.6
2021-06-26 20:58:00,31060.0,31138.5,31059.5,31120.5,35.059,1091053.6095
2021-06-26 20:59:00,31120.5,31141.0,31082.5,31095.5,42.931,1334960.9105
2021-06-26 21:00:00,31095.5,31226.5,31095.0,31210.5,113.947,3556342.8435
2021-06-26 21:01:00,31210.5,31212.5,31149.5,31166.0,43.962,1370119.692
2021-06-26 21:02:00,31166.0,31195.5,31159.5,31187.0,20.336,634218.832
2021-06-26 21:03:00,31187.0,31187.5,31144.5,31145.0,16.964,528343.78
2021-06-26 21:04:00,31145.0,31159.0,31142.5,31142.5,30.421,947385.9925
2021-06-26 21:05:00,31142.5,31143.0,31103.0,31103.0,80.679,2509358.937
2021-06-26 21:06:00,31103.0,31126.5,31102.0,31126.0,17.709,551210.334
2021-06-26 21:07:00,31126.0,31126.0,31088.5,31090.0,24.036,747279.24
2021-06-26 21:08:00,31090.0,31090.0,31059.5,31068.0,35.249,1095115.932
2021-06-26 21:09:00,31068.0,31084.0,31062.0,31068.0,35.007,1087597.476
2021-06-26 21:10:00,31068.0,31232.0,31068.0,31193.0,212.841,6639149.313
2021-06-26 21:11:00,31193.0,31193.0,31156.5,31178.5,56.025,1746775.4625
2021-06-26 21:12:00,31178.5,31178.5,31133.5,31142.0,53.16,1655508.72
2021-06-26 21:13:00,31142.0,31177.5,31110.0,31177.5,18.795,585981.1125
2021-06-26 21:14:00,31177.5,31266.0,31160.0,31265.5,79.557,2487389.3835
2021-06-26 21:15:00,31265.5,31369.0,31228.5,31368.5,275.9,8654569.15
2021-06-26 21:16:00,31368.5,31368.5,31319.0,31344.5,95.3,2987130.85
2021-06-26 21:17:00,31344.5,31415.0,31337.5,31356.0,241.629,7576518.924
2021-06-26 21:18:00,31356.0,31356.5,31287.0,31290.5,104.07,3256402.335
2021-06-26 21:19:00,31290.5,31291.0,31225.0,31253.5,123.466,3858744.631
2021-06-26 21:20:00,31253.5,31345.0,31253.0,31333.5,71.565,2242381.9275
2021-06-26 21:21:00,31333.5,31333.5,31301.5,31301.5,20.847,652542.3705
2021-06-26 21:22:00,31301.5,31314.0,31265.0,31279.0,53.708,1679932.532
2021-06-26 21:23:00,31279.0,31395.5,31279.0,31395.0,68.464,2149427.28
2021-06-26 21:24:00,31395.0,31565.5,31380.0,31508.0,432.823,13637387.084
2021-06-26 21:25:00,31508.0,31520.5,31472.5,31472.5,66.201,2083510.9725
2021-06-26 21:26:00,31472.5,31587.0,31465.5,31587.0,306.603,9684668.961
2021-06-26 21:27:00,31587.0,31587.0,31495.0,31514.5,131.463,4142990.7135
2021-06-26 21:28:00,31514.5,31539.0,31482.0,31528.5,90.296,2846897.436
2021-06-26 21:29:00,31528.5,31528.5,31480.5,31520.5,76.543,2412673.6315
2021-06-26 21:30:00,31520.5,31528.5,31442.5,31450.5,115.723,3639546.2115
2021-06-26 21:31:00,31450.5,31475.5,31363.0,31399.0,146.176,4589780.224
2021-06-26 21:32:00,31399.0,31399.0,31286.0,31357.0,220.677,6919768.689
2021-06-26 21:33:00,31357.0,31430.0,31320.0,31340.0,217.167,6806013.78
2021-06-26 21:34:00,31340.0,31375.0,31339.0,31361.0,33.42,1048084.62
2021-06-26 21:35:00,31361.0,31394.0,31345.0,31385.0,46.75,1467248.75
2021-06-26 21:36:00,31385.0,31430.0,31372.5,31375.0,53.443,1676774.125
2021-06-26 21:37:00,31375.0,31394.0,31352.0,31352.5,26.763,839086.9575
2021-06-26 21:38:00,31352.5,31395.0,31308.0,31308.0,90.429,2831151.132
2021-06-26 21:39:00,31308.0,31324.5,31195.5,31196.0,207.181,6463218.476
2021-06-26 21:40:00,31196.0,31256.5,31185.0,31237.5,134.325,4195977.1875
2021-06-26 21:41:00,31237.5,31237.5,31148.0,31174.0,169.186,5274204.364
2021-06-26 21:42:00,31174.0,31174.0,31074.0,31082.0,174.72,5430647.04
2021-06-26 21:43:00,31082.0,31125.0,31055.0,31055.0,99.956,3104133.58
2021-06-26 21:44:00,31055.0,31097.5,31050.0,31050.0,103.822,3223673.1
2021-06-26 21:45:00,31050.0,31050.5,30917.5,30917.5,271.403,8391102.2525
2021-06-26 21:46:00,30917.5,30918.0,30828.5,30840.0,318.968,9836973.12
2021-06-26 21:47:00,30840.0,30870.5,30775.5,30827.0,188.719,5817640.613
2021-06-26 21:48:00,30827.0,30918.5,30800.0,30914.5,186.299,5759340.4355
2021-06-26 21:49:00,30914.5,30949.5,30867.0,30947.5,188.688,5839421.88
2021-06-26 21:50:00,30947.5,30959.5,30892.0,30926.0,94.021,2907693.446
2021-06-26 21:51:00,30926.0,30957.0,30901.0,30945.5,132.573,4102537.7715
2021-06-26 21:52:00,30945.5,30946.5,30897.0,30935.0,44.858,1387682.23
2021-06-26 21:53:00,30935.0,30943.5,30922.0,30932.0,51.081,1580037.492
2021-06-26 21:54:00,30932.0,30945.5,30921.5,30936.0,42.41,1311995.76
2021-06-26 21:55:00,30936.0,31123.5,30936.0,31059.5,335.633,10424593.1635
2021-06-26 21:56:00,31059.5,31059.5,30965.0,30973.0,91.063,2820494.299
2021-06-26 21:57:00,30973.0,31015.5,30935.5,30935.5,68.937,2132600.5635
2021-06-26 21:58:00,30935.5,30978.5,30935.5,30978.5,50.507,1564631.0995
2021-06-26 21:59:00,30978.5,31054.5,30952.5,31050.5,75.147,2333351.9235
2021-06-26 22:00:00,31050.5,31105.0,31050.0,31086.0,113.818,3538146.348
2021-06-26 22:01:00,31086.0,31144.5,31085.5,31144.0,104.165,3244114.76
2021-06-26 22:02:00,31144.0,31144.0,31070.0,31080.0,43.986,1367084.88
2021-06-26 22:03:00,31080.0,31080.5,30956.0,30956.0,92.977,2878196.012
2021-06-26 22:04:00,30956.0,30970.5,30910.0,30924.0,100.19,3098275.56
2021-06-26 22:05:00,30924.0,30924.0,30846.5,30874.5,170.63,5268115.935
2021-06-26 22:06:00,30874.5,30936.0,30874.5,30930.0,105.692,3269053.56
2021-06-26 22:07:00,30930.0,31015.0,30917.5,30974.0,44.017,1363382.558
2021-06-26 22:08:00,30974.0,30992.0,30947.0,30969.0,28.321,877073.049
2021-06-26 22:09:00,30969.0,31028.5,30947.0,31028.5,51.352,1593375.532
2021-06-26 22:10:00,31028.5,31066.5,30989.5,31065.0,49.954,1551821.01
2021-06-26 22:11:00,31065.0,31124.5,31045.5,31098.5,93.02,2892782.47
2021-06-26 22:12:00,31098.5,31124.5,31050.0,31050.0,77.979,2421247.95
2021-06-26 22:13:00,31050.0,31050.0,30980.0,30997.5,52.905,1639922.7375
2021-06-26 22:14:00,30997.5,31016.0,30977.0,30977.5,38.7,1198829.25
2021-06-26 22:15:00,30977.5,31026.0,30938.5,30994.0,60.52,1875756.88
2021-06-26 22:16:00,30994.0,31068.5,30988.5,31061.5,47.09,1462686.035
2021-06-26 22:17:00,31061.5,31115.5,31061.5,31096.5,59.735,1857549.4275
2021-06-26 22:18:00,31096.5,31116.0,31059.5,31116.0,52.181,1623663.996
2021-06-26 22:19:00,31116.0,31116.0,31065.0,31090.5,54.058,1680690.249
2021-06-26 22:20:00,31090.5,31219.0,31064.0,31208.0,128.182,4000303.856
2021-06-26 22:21:00,31208.0,31208.0,31148.5,31167.5,46.685,1455054.7375
2021-06-26 22:22:00,31167.5,31191.0,31141.5,31190.5,76.225,2377495.8625
2021-06-26 22:23:00,31190.5,31234.0,31181.0,31234.0,85.054,2656576.636
2021-06-26 22:24:00,31234.0,31234.0,31195.0,31209.5,98.2,3064772.9
2021-06-26 22:25:00,31209.5,31230.0,31209.5,31229.5,30.587,955216.7165
2021-06-26 22:26:00,31229.5,31259.5,31229.5,31247.0,56.324,1759956.028
2021-06-26 22:27:00,31247.0,31273.5,31225.0,31273.5,26.776,837379.236
2021-06-26 22:28:00,31273.5,31318.0,31265.0,31280.0,107.237,3354373.36
2021-06-26 22:29:00,31280.0,31280.0,31230.0,31230.0,52.46,1638325.8
2021-06-26 22:30:00,31230.0,31261.5,31165.5,31183.0,87.901,2741016.883
2021-06-26 22:31:00,31183.0,31185.0,31169.0,31176.0,38.861,1211530.536
2021-06-26 22:32:00,31176.0,31266.0,31176.0,31249.0,119.113,3722162.137
2021-06-26 22:33:00,31249.0,31297.0,31249.0,31296.0,84.871,2656122.816
2021-06-26 22:34:00,31296.0,31310.0,31269.0,31293.5,50.109,1568085.9915
2021-06-26 22:35:00,31293.5,31308.0,31269.5,31270.0,30.092,940976.84
2021-06-26 22:36:00,31270.0,31300.0,31259.0,31283.5,45.671,1428748.7285
2021-06-26 22:37:00,31283.5,31350.0,31283.5,31349.0,93.627,2935112.823
2021-06-26 22:38:00,31349.0,31349.0,31321.5,31321.5,30.536,956433.324
2021-06-26 22:39:00,31321.5,31330.0,31318.5,31318.5,49.268,1542999.858
2021-06-26 22:40:00,31318.5,31318.5,31297.5,31301.5,53.729,1681798.2935
2021-06-26 22:41:00,31301.5,31310.5,31259.5,31259.5,59.228,1851437.666
2021-06-26 22:42:00,31259.5,31313.5,31259.5,31291.0,52.949,1656827.159
2021-06-26 22:43:00,31291.0,31309.0,31291.0,31293.5,24.393,763342.3455
2021-06-26 22:44:00,31293.5,31293.5,31283.5,31287.0,36.828,1152237.636
2021-06-26 22:45:00,31287.0,31300.0,31278.0,31278.5,33.415,1045171.0775
2021-06-26 22:46:00,31278.5,31279.0,31240.0,31244.5,33.315,1040910.5175
2021-06-26 22:47:00,31244.5,31275.0,31206.5,31206.5,47.981,1497319.0765
2021-06-26 22:48:00,31206.5,31250.0,31194.5,31194.5,32.681,1019467.4545
2021-06-26 22:49:00,31194.5,31194.5,31154.0,31158.0,71.397,2224587.726
2021-06-26 22:50:00,31158.0,31168.5,31074.0,31077.5,105.98,3293593.45
2021-06-26 22:51:00,31077.5,31121.5,31053.5,31081.0,94.727,2944209.887
2021-06-26 22:52:00,31081.0,31108.0,31033.0,31042.5,78.175,2426747.4375
2021-06-26 22:53:00,31042.5,31111.5,31035.5,31090.5,43.661,1357442.3205
2021-06-26 22:54:00,31090.5,31267.5,31090.5,31261.5,172.509,5392890.1035
2021-06-26 22:55:00,31261.5,31425.0,31261.5,31406.5,250.92,7880518.98
2021-06-26 22:56:00,31406.5,31406.5,31322.5,31326.5,104.869,3285178.7285
2021-06-26 22:57:00,31326.5,31341.0,31248.0,31266.5,90.579,2832088.3035
2021-06-26 22:58:00,31266.5,31266.5,31181.0,31201.0,105.058,3277914.658
2021-06-26 22:59:00,31201.0,31201.0,31142.0,31171.5,115.279,3593419.3485
2021-06-26 23:00:00,31171.5,31261.0,31157.5,31231.0,92.802,2898299.262
2021-06-26 23:01:00,31231.0,31231.0,31099.0,31123.0,74.495,2318507.885
2021-06-26 23:02:00,31123.0,31160.0,31099.0,31150.0,78.323,2439761.45
2021-06-26 23:03:00,31150.0,31246.0,31118.5,31225.0,85.157,2659027.325
2021-06-26 23:04:00,31225.0,31253.0,31186.0,31235.0,67.588,2111111.18
2021-06-26 23:05:00,31235.0,31235.0,31113.0,31125.0,65.144,2027607.0
2021-06-26 23:06:00,31125.0,31134.0,31093.5,31134.0,104.656,3258359.904
2021-06-26 23:07:00,31134.0,31175.0,31134.0,31152.0,28.8,897177.6
2021-06-26 23:08:00,31152.0,31165.5,31096.0,31096.0,38.44,1195330.24
2021-06-26 23:09:00,31096.0,31154.5,31096.0,31114.5,61.09,1900784.805
2021-06-26 23:10:00,31114.5,31156.0,31105.5,31105.5,33.358,1037617.269
2021-06-26 23:11:00,31105.5,31145.5,31105.5,31145.0,25.214,785290.03
2021-06-26 23:12:00,31145.0,31227.5,31145.0,31180.5,43.672,1361714.796
2021-06-26 23:13:00,31180.5,31202.5,31180.5,31190.5,10.095,314868.0975
2021-06-26 23:14:00,31190.5,31213.5,31190.5,31195.0,18.423,574705.485
2021-06-26 23:15:00,31195.0,31200.0,31158.5,31180.0,26.488,825895.84
2021-06-26 23:16:00,31180.0,31296.5,31180.0,31285.5,79.688,2493078.924
2021-06-26 23:17:00,31285.5,31293.0,31254.5,31292.5,29.348,918372.29
2021-06-26 23:18:00,31292.5,31317.0,31289.5,31300.5,48.824,1528215.612
2021-06-26 23:19:00,31300.5,31310.0,31288.0,31309.5,20.732,649108.554
2021-06-26 23:20:00,31309.5,31341.5,31309.5,31331.0,38.554,1207935.374
2021-06-26 23:21:00,31331.0,31541.5,31330.5,31477.5,492.578,15505123.995
2021-06-26 23:22:00,31477.5,31477.5,31436.0,31465.5,169.219,5324560.4445
2021-06-26 23:23:00,31465.5,31466.0,31414.0,31415.0,74.951,2354585.665
2021-06-26 23:24:00,31415.0,31485.5,31415.0,31448.0,78.077,2455365.496
2021-06-26 23:25:00,31448.0,31550.0,31447.5,31505.5,240.226,7568440.243
2021-06-26 23:26:00,31505.5,31540.0,31490.5,31526.5,108.747,3428412.2955
2021-06-26 23:27:00,31526.5,31740.0,31505.0,31736.0,616.326,19559721.936
2021-06-26 23:28:00,31736.0,31736.5,31652.5,31696.0,128.825,4083237.2
2021-06-26 23:29:00,31696.0,31696.0,31650.5,31668.5,51.448,1629280.988
2021-06-26 23:30:00,31668.5,31764.0,31668.0,31669.5,187.616,5941704.912
2021-06-26 23:31:00,31669.5,31674.5,31606.5,31606.5,99.842,3155656.173
2021-06-26 23:32:00,31606.5,31607.0,31569.5,31585.0,77.268,2440509.78
2021-06-26 23:33:00,31585.0,31598.0,31585.0,31590.5,34.682,1095621.721
2021-06-26 23:34:00,31590.5,31639.5,31590.0,31602.5,38.616,1220362.14
2021-06-26 23:35:00,31602.5,31602.5,31540.0,31540.0,70.369,2219438.26
2021-06-26 23:36:00,31540.0,31571.5,31540.0,31550.0,53.007,1672370.85
2021-06-26 23:37:00,31550.0,31574.5,31548.0,31574.5,42.48,1341284.76
2021-06-26 23:38:00,31574.5,31574.5,31527.0,31537.0,53.482,1686661.834
2021-06-26 23:39:00,31537.0,31570.0,31537.0,31570.0,45.922,1449757.54
2021-06-26 23:40:00,31570.0,31678.0,31570.0,31666.0,122.415,3876393.39
2021-06-26 23:41:00,31666.0,31670.5,31620.5,31668.0,56.276,1782148.368
2021-06-26 23:42:00,31668.0,31733.0,31668.0,31731.5,82.956,2632318.314
2021-06-26 23:43:00,31731.5,31731.5,31694.5,31730.5,54.801,1738863.1305
2021-06-26 23:44:00,31730.5,31888.0,31722.0,31810.0,440.943,14026396.83
2021-06-26 23:45:00,31810.0,31839.5,31728.5,31732.0,98.392,3122174.944
2021-06-26 23:46:00,31732.0,31732.0,31701.0,31708.0,48.291,1531211.028
2021-06-26 23:47:00,31708.0,31708.5,31699.5,31699.5,23.065,731148.9675
2021-06-26 23:48:00,31699.5,31709.0,31691.0,31696.0,34.843,1104383.728
2021-06-26 23:49:00,31696.0,31712.0,31672.5,31710.0,56.999,1807438.29
2021-06-26 23:50:00,31710.0,31761.5,31702.0,31705.5,56.008,1775761.644
2021-06-26 23:51:00,31705.5,31733.5,31705.5,31710.0,10.107,320492.97
2021-06-26 23:52:00,31710.0,31717.5,31685.0,31685.0,17.8,563993.0
2021-06-26 23:53:00,31685.0,31690.0,31680.5,31681.0,18.112,573806.272
2021-06-26 23:54:00,31681.0,31711.0,31680.5,31707.5,70.14,2223964.05
2021-06-26 23:55:00,31707.5,31708.0,31678.0,31679.0,13.501,427698.179
2021-06-26 23:56:00,31679.0,31679.0,31635.0,31635.0,54.122,1712149.47
2021-06-26 23:57:00,31635.0,31658.5,31591.0,31591.5,97.666,3085415.439
2021-06-26 23:58:00,31591.5,31640.0,31591.0,31625.5,28.046,886968.773
2021-06-26 23:59:00,31625.5,31654.0,31625.0,31645.5,23.124,731770.542
2021-06-27 00:00:00,31645.5,31680.0,31627.5,31627.5,95.167,3009894.2925
2021-06-27 00:01:00,31627.5,31627.5,31578.5,31585.0,44.009,1390024.265
2021-06-27 00:02:00,31585.0,31585.0,31551.5,31571.5,51.689,1631899.2635
2021-06-27 00:03:00,31571.5,31605.0,31571.0,31605.0,15.602,493101.21
2021-06-27 00:04:00,31605.0,31632.0,31601.5,31624.5,26.7,844374.15
2021-06-27 00:05:00,31624.5,31739.0,31607.5,31738.5,72.012,2285552.862
2021-06-27 00:06:00,31738.5,31799.5,31735.0,31749.5,145.654,4624441.673
2021-06-27 00:07:00,31749.5,31749.5,31698.0,31725.0,28.083,890933.175
2021-06-27 00:08:00,31725.0,31730.0,31719.5,31724.5,17.317,549373.1665
2021-06-27 00:09:00,31724.5,31724.5,31671.0,31671.0,81.732,2588534.172
2021-06-27 00:10:00,31671.0,31671.5,31656.0,31656.0,13.362,422987.472
2021-06-27 00:11:00,31656.0,31671.5,31593.0,31593.5,45.657,1442464.4295
2021-06-27 00:12:00,31593.5,31593.5,31574.0,31582.0,67.995,2147418.09
2021-06-27 00:13:00,31582.0,31600.0,31560.5,31561.0,53.7,1694825.7
2021-06-27 00:14:00,31561.0,31632.5,31559.0,31600.5,45.557,1439623.9785
2021-06-27 00:15:00,31600.5,31624.5,31559.0,31559.5,54.066,1706295.927
2021-06-27 00:16:00,31559.5,31579.5,31559.0,31579.5,17.495,552483.3525
2021-06-27 00:17:00,31579.5,31579.5,31555.0,31574.5,24.041,759082.5545
2021-06-27 00:18:00,31574.5,31608.5,31570.5,31575.0,14.601,461026.575
2021-06-27 00:19:00,31575.0,31599.5,31575.0,31590.0,36.833,1163554.47
2021-06-27 00:20:00,31590.0,31634.0,31585.5,31618.0,33.638,1063566.284
2021-06-27 00:21:00,31618.0,31647.0,31618.0,31629.5,39.444,1247593.998
2021-06-27 00:22:00,31629.5,31630.0,31620.5,31620.5,7.664,242339.512
2021-06-27 00:23:00,31620.5,31620.5,31569.5,31570.0,39.361,1242626.77
2021-06-27 00:24:00,31570.0,31585.0,31551.0,31551.0,28.717,906050.067
2021-06-27 00:25:00,31551.0,31551.0,31471.5,31472.0,231.086,7272738.592
2021-06-27 00:26:00,31472.0,31495.0,31435.5,31473.5,105.964,3335057.954
2021-06-27 00:27:00,31473.5,31510.5,31470.5,31510.5,93.905,2958993.5025
2021-06-27 00:28:00,31510.5,31528.0,31495.0,31517.5,34.706,1093846.355
2021-06-27 00:29:00,31517.5,31588.0,31517.5,31583.0,70.423,2224169.609
2021-06-27 00:30:00,31583.0,31652.0,31531.5,31650.5,98.746,3125360.273
2021-06-27 00:31:00,31650.5,31752.0,31650.0,31717.5,133.179,4224104.9325
2021-06-27 00:32:00,31717.5,31717.5,31616.0,31622.5,71.485,2260534.4125
2021-06-27 00:33:00,31622.5,31650.0,31622.5,31626.0,34.487,1090685.862
2021-06-27 00:34:00,31626.0,31638.5,31623.5,31623.5,13.407,423976.2645
2021-06-27 00:35:00,31623.5,31680.0,31623.5,31679.5,38.837,1230336.7415
2021-06-27 00:36:00,31679.5,31716.5,31654.5,31712.5,35.79,1134990.375
2021-06-27 00:37:00,31712.5,31713.0,31678.5,31679.0,21.89,693453.31
2021-06-27 00:38:00,31679.0,31747.0,31679.0,31746.5,61.692,1958505.078
2021-06-27 00:39:00,31746.5,31751.5,31711.0,31727.0,69.056,2190939.712
2021-06-27 00:40:00,31727.0,31727.0,31694.5,31694.5,18.48,585714.36
2021-06-27 00:41:00,31694.5,31695.0,31642.5,31648.0,34.656,1096793.088
2021-06-27 00:42:00,31648.0,31671.5,31639.5,31639.5,31.813,1006547.4135
2021-06-27 00:43:00,31639.5,31664.5,31639.5,31652.0,5.952,188392.704
2021-06-27 00:44:00,31652.0,31681.5,31651.0,31681.5,6.906,218792.439
2021-06-27 00:45:00,31681.5,31681.5,31587.5,31587.5,53.335,1684719.3125
2021-06-27 00:46:00,31587.5,31592.0,31572.0,31572.0,16.129,509224.788
2021-06-27 00:47:00,31572.0,31592.0,31565.0,31592.0,23.263,734924.696
2021-06-27 00:48:00,31592.0,31625.0,31586.5,31595.5,13.867,438134.7985
2021-06-27 00:49:00,31595.5,31625.0,31595.5,31625.0,57.551,1820050.375
2021-06-27 00:50:00,31625.0,31644.0,31599.5,31600.0,49.01,1548716.0
2021-06-27 00:51:00,31600.0,31605.0,31582.5,31605.0,32.708,1033736.34
2021-06-27 00:52:00,31605.0,31639.5,31605.0,31639.5,15.925,503859.0375
2021-06-27 00:53:00,31639.5,31640.0,31599.0,31599.0,26.402,834276.798
2021-06-27 00:54:00,31599.0,31608.5,31586.0,31608.5,25.608,809430.468
2021-06-27 00:55:00,31608.5,31609.0,31579.0,31579.0,25.1,792632.9
2021-06-27 00:56:00,31579.0,31579.5,31562.0,31562.0,22.79,719297.98
2021-06-27 00:57:00,31562.0,31562.5,31490.0,31490.0,63.429,1997379.21
2021-06-27 00:58:00,31490.0,31540.0,31489.5,31540.0,86.79,2737356.6
2021-06-27 00:59:00,31540.0,31589.0,31535.0,31535.0,114.245,3602716.075
2021-06-27 01:00:00,31535.0,31535.0,31467.5,31471.5,29.722,935395.923
2021-06-27 01:01:00,31471.5,31525.0,31471.5,31497.5,47.619,1499879.4525
2021-06-27 01:02:00,31497.5,31556.0,31472.0,31556.0,11.38,359107.28
2021-06-27 01:03:00,31556.0,31580.0,31556.0,31576.0,19.605,619047.48
2021-06-27 01:04:00,31576.0,31595.0,31558.0,31594.5,47.137,1489269.9465
2021-06-27 01:05:00,31594.5,31595.0,31513.0,31519.0,23.791,749868.529
2021-06-27 01:06:00,31519.0,31578.5,31506.0,31578.5,35.609,1124478.8065
2021-06-27 01:07:00,31578.5,31579.0,31544.0,31558.5,12.604,397763.334
2021-06-27 01:08:00,31558.5,31572.5,31550.0,31566.0,3.453,108997.398
2021-06-27 01:09:00,31566.0,31572.5,31565.0,31572.5,3.188,100653.13
2021-06-27 01:10:00,31572.5,31645.5,31572.0,31645.5,34.73,1099048.215
2021-06-27 01:11:00,31645.5,31645.5,31620.0,31625.0,10.532,333074.5
2021-06-27 01:12:00,31625.0,31640.0,31625.0,31630.0,7.917,250414.71
2021-06-27 01:13:00,31630.0,31630.0,31569.5,31589.0,49.438,1561696.982
2021-06-27 01:14:00,31589.0,31596.5,31576.5,31596.5,14.132,446521.738
2021-06-27 01:15:00,31596.5,31599.5,31535.0,31535.0,20.513,646877.455
2021-06-27 01:16:00,31535.0,31565.0,31529.5,31550.0,11.994,378410.7
2021-06-27 01:17:00,31550.0,31575.5,31536.5,31543.5,11.683,368522.7105
2021-06-27 01:18:00,31543.5,31543.5,31525.5,31525.5,14.719,464023.8345
2021-06-27 01:19:00,31525.5,31526.0,31524.5,31524.5,2.238,70551.831
2021-06-27 01:20:00,31524.5,31603.0,31524.5,31602.5,16.653,526276.4325
2021-06-27 01:21:00,31602.5,31646.5,31602.0,31633.0,19.338,611718.954
2021-06-27 01:22:00,31633.0,31649.5,31633.0,31636.0,13.55,428667.8
2021-06-27 01:23:00,31636.0,31636.0,31557.0,31568.0,20.398,643924.064
2021-06-27 01:24:00,31568.0,31605.0,31567.5,31593.0,10.653,336560.229
2021-06-27 01:25:00,31593.0,31593.0,31550.0,31550.5,5.396,170246.498
2021-06-27 01:26:00,31550.5,31559.5,31538.5,31539.0,12.855,405433.845
2021-06-27 01:27:00,31539.0,31550.5,31514.0,31514.0,39.497,1244708.458
2021-06-27 01:28:00,31514.0,31528.5,31514.0,31528.0,9.74,307082.72
2021-06-27 01:29:00,31528.0,31587.0,31528.0,31585.0,20.788,656588.98
2021-06-27 01:30:00,31585.0,31635.0,31521.0,31554.0,39.445,1244647.53
2021-06-27 01:31:00,31554.0,31580.0,31533.0,31580.0,7.865,248376.7
2021-06-27 01:32:00,31580.0,31580.0,31551.0,31562.0,8.883,280365.246
2021-06-27 01:33:00,31562.0,31562.0,31479.0,31479.5,119.711,3768442.4245
2021-06-27 01:34:00,31479.5,31490.0,31372.0,31418.0,329.861,10363572.898
2021-06-27 01:35:00,31418.0,31418.0,31325.0,31354.0,213.081,6680941.674
2021-06-27 01:36:00,31354.0,31373.5,31288.0,31318.5,126.515,3962260.0275
2021-06-27 01:37:00,31318.5,31358.5,31238.0,31354.0,172.395,5405272.83
2021-06-27 01:38:00,31354.0,31392.0,31321.5,31323.5,26.371,826032.0185
2021-06-27 01:39:00,31323.5,31333.5,31280.0,31333.5,37.703,1181366.9505
2021-06-27 01:40:00,31333.5,31333.5,31286.5,31320.0,20.414,639366.48
2021-06-27 01:41:00,31320.0,31350.0,31301.0,31349.5,22.091,692541.8045
2021-06-27 01:42:00,31349.5,31376.5,31330.5,31347.5,35.586,1115532.135
2021-06-27 01:43:00,31347.5,31366.5,31322.0,31330.0,18.32,573965.6
2021-06-27 01:44:00,31330.0,31360.0,31262.5,31262.5,38.071,1190194.6375
2021-06-27 01:45:00,31262.5,31263.0,31131.5,31191.5,247.352,7715279.908
2021-06-27 01:46:00,31191.5,31205.0,31131.0,31131.5,45.927,1429776.4005
2021-06-27 01:47:00,31131.5,31158.5,31105.5,31136.5,68.018,2117842.457
2021-06-27 01:48:00,31136.5,31161.5,31114.5,31144.0,13.506,420630.864
2021-06-27 01:49:00,31144.0,31150.0,31100.5,31117.5,94.569,2942750.8575
2021-06-27 01:50:00,31117.5,31197.5,31100.5,31171.0,86.48,2695668.08
2021-06-27 01:51:00,31171.0,31213.0,31171.0,31183.5,28.872,900330.012
2021-06-27 01:52:00,31183.5,31200.0,31163.0,31188.5,21.319,664907.6315
2021-06-27 01:53:00,31188.5,31200.0,31173.0,31200.0,12.531,390967.2
2021-06-27 01:54:00,31200.0,31200.0,31167.0,31197.0,12.955,404157.135
2021-06-27 01:55:00,31197.0,31200.0,31183.5,31189.5,48.537,1513844.7615
2021-06-27 01:56:00,31189.5,31256.0,31189.5,31251.0,45.947,1435889.697
2021-06-27 01:57:00,31251.0,31305.5,31237.5,31292.5,49.882,1560932.485
2021-06-27 01:58:00,31292.5,31306.0,31256.0,31256.0,36.128,1129216.768
2021-06-27 01:59:00,31256.0,31290.5,31253.0,31257.0,17.54,548247.78
2021-06-27 02:00:00,31257.0,31271.0,31200.0,31271.0,29.03,907797.13
2021-06-27 02:01:00,31271.0,31325.0,31271.0,31320.5,33.753,1057160.8365
2021-06-27 02:02:00,31320.5,31320.5,31302.0,31309.5,28.575,894668.9625
2021-06-27 02:03:00,31309.5,31309.5,31254.0,31273.5,12.287,384257.4945
2021-06-27 02:04:00,31273.5,31281.0,31236.0,31236.0,65.497,2045864.292
2021-06-27 02:05:00,31236.0,31236.0,31194.0,31194.0,16.049,500632.506
2021-06-27 02:06:00,31194.0,31213.5,31180.0,31206.0,15.108,471460.248
2021-06-27 02:07:00,31206.0,31232.0,31206.0,31225.0,9.69,302570.25
2021-06-27 02:08:00,31225.0,31264.5,31225.0,31262.0,15.103,472149.986
2021-06-27 02:09:00,31262.0,31281.0,31233.0,31280.5,17.108,535146.794
2021-06-27 02:10:00,31280.5,31311.5,31280.5,31311.5,34.119,1068317.0685
2021-06-27 02:11:00,31311.5,31311.5,31261.5,31269.5,9.108,284802.606
2021-06-27 02:12:00,31269.5,31299.0,31269.0,31299.0,12.025,376370.475
2021-06-27 02:13:00,31299.0,31299.0,31277.0,31298.0,6.374,199493.452
2021-06-27 02:14:00,31298.0,31331.5,31291.0,31331.0,35.803,1121743.793
2021-06-27 02:15:00,31331.0,31342.0,31295.0,31295.0,14.29,447205.55
2021-06-27 02:16:00,31295.0,31333.0,31295.0,31332.5,9.97,312385.025
2021-06-27 02:17:00,31332.5,31345.5,31325.5,31345.5,14.902,467110.641
2021-06-27 02:18:00,31345.5,31345.5,31327.5,31333.0,5.842,183047.386
2021-06-27 02:19:00,31333.0,31334.0,31333.0,31334.0,2.578,80779.052
2021-06-27 02:20:00,31334.0,31334.0,31302.5,31302.5,29.421,920950.8525
2021-06-27 02:21:00,31302.5,31302.5,31236.0,31243.0,57.626,1800409.118
2021-06-27 02:22:00,31243.0,31278.5,31230.5,31248.5,17.628,550848.558
2021-06-27 02:23:00,31248.5,31263.5,31228.0,31228.0,9.617,300319.676
2021-06-27 02:24:00,31228.0,31250.0,31228.0,31243.5,6.596,206082.126
2021-06-27 02:25:00,31243.5,31251.0,31237.0,31242.5,4.227,132062.0475
2021-06-27 02:26:00,31242.5,31281.5,31239.0,31281.5,8.962,280344.803
2021-06-27 02:27:00,31281.5,31297.5,31280.0,31297.5,16.61,519851.475
2021-06-27 02:28:00,31297.5,31322.0,31297.5,31322.0,121.02,3790588.44
2021-06-27 02:29:00,31322.0,31322.0,31312.5,31313.5,7.185,224987.4975
2021-06-27 02:30:00,31313.5,31313.5,31252.0,31256.5,30.474,952510.581
2021-06-27 02:31:00,31256.5,31288.0,31200.0,31200.0,26.071,813415.2
2021-06-27 02:32:00,31200.0,31217.5,31164.5,31165.0,92.456,2881391.24
2021-06-27 02:33:00,31165.0,31172.5,31126.0,31136.0,73.412,2285756.032
2021-06-27 02:34:00,31136.0,31172.5,31136.0,31169.5,14.26,444477.07
2021-06-27 02:35:00,31169.5,31202.0,31169.5,31202.0,98.788,3082383.176
2021-06-27 02:36:00,31202.0,31202.0,31083.0,31084.5,110.605,3438101.1225
2021-06-27 02:37:00,31084.5,31100.0,31039.0,31062.5,118.259,3673420.1875
2021-06-27 02:38:00,31062.5,31079.0,31031.0,31055.0,50.702,1574550.61
2021-06-27 02:39:00,31055.0,31075.0,31041.0,31069.0,20.768,645240.992
2021-06-27 02:40:00,31069.0,31091.5,31062.0,31074.0,17.798,553055.052
2021-06-27 02:41:00,31074.0,31074.0,30931.0,30931.0,192.546,5955640.326
2021-06-27 02:42:00,30931.0,31008.0,30914.5,31001.0,68.682,2129210.682
2021-06-27 02:43:00,31001.0,31047.0,31001.0,31015.0,34.011,1054851.165
2021-06-27 02:44:00,31015.0,31050.0,31015.0,31025.0,19.788,613922.7
2021-06-27 02:45:00,31025.0,31025.5,30986.0,30986.5,14.736,456617.064
2021-06-27 02:46:00,30986.5,31025.0,30986.0,30994.5,63.345,1963346.6025
2021-06-27 02:47:00,30994.5,31067.5,30994.5,31067.5,61.108,1898472.79
2021-06-27 02:48:00,31067.5,31110.0,31067.5,31083.5,42.415,1318406.6525
2021-06-27 02:49:00,31083.5,31106.5,31083.0,31106.5,14.794,460189.561
2021-06-27 02:50:00,31106.5,31133.5,31106.0,31129.5,19.281,600207.8895
2021-06-27 02:51:00,31129.5,31153.0,31129.5,31153.0,23.334,726924.102
2021-06-27 02:52:00,31153.0,31153.0,31138.0,31149.5,23.138,720737.131
2021-06-27 02:53:00,31149.5,31158.0,31149.5,31152.0,9.395,292673.04
2021-06-27 02:54:00,31152.0,31152.0,31118.0,31118.0,12.772,397439.096
2021-06-27 02:55:00,31118.0,31124.5,31115.0,31115.5,12.94,402634.57
2021-06-27 02:56:00,31115.5,31115.5,31055.0,31055.5,22.922,711854.171
2021-06-27 02:57:00,31055.5,31074.5,31031.0,31059.0,12.193,378702.387
2021-06-27 02:58:00,31059.0,31083.0,31058.5,31083.0,20.55,638755.65
2021-06-27 02:59:00,31083.0,31096.5,31031.5,31031.5,54.349,1686530.9935
2021-06-27 03:00:00,31031.5,31062.5,31031.5,31062.5,23.144,718910.5
2021-06-27 03:01:00,31062.5,31110.5,31062.0,31110.5,13.805,429480.4525
2021-06-27 03:02:00,31110.5,31189.5,31110.0,31189.5,53.127,1657004.5665
2021-06-27 03:03:00,31189.5,31272.5,31189.5,31225.5,80.555,2515370.1525
2021-06-27 03:04:00,31225.5,31226.0,31168.5,31168.5,24.722,770547.657
2021-06-27 03:05:00,31168.5,31200.5,31155.0,31155.5,12.381,385736.2455
2021-06-27 03:06:00,31155.5,31189.0,31155.0,31186.0,14.149,441250.714
2021-06-27 03:07:00,31186.0,31200.5,31185.5,31200.0,9.08,283296.0
2021-06-27 03:08:00,31200.0,31202.0,31200.0,31201.5,11.089,345993.4335
2021-06-27 03:09:00,31201.5,31251.0,31201.5,31246.5,44.313,1384626.1545
2021-06-27 03:10:00,31246.5,31246.5,31217.0,31234.0,10.317,322241.178
2021-06-27 03:11:00,31234.0,31234.0,31185.0,31185.0,26.398,823221.63
2021-06-27 03:12:00,31185.0,31214.5,31185.0,31214.5,3.611,112715.5595
2021-06-27 03:13:00,31214.5,31226.5,31186.5,31226.0,5.767,180080.342
2021-06-27 03:14:00,31226.0,31226.5,31180.0,31180.5,6.679,208254.5595
2021-06-27 03:15:00,31180.5,31194.5,31173.5,31192.5,5.625,175457.8125
2021-06-27 03:16:00,31192.5,31249.0,31165.5,31225.0,12.921,403458.225
2021-06-27 03:17:00,31225.0,31387.0,31218.5,31320.5,126.254,3954338.407
2021-06-27 03:18:00,31320.5,31372.0,31320.5,31357.5,38.419,1204723.7925
2021-06-27 03:19:00,31357.5,31371.0,31313.5,31363.0,35.098,1100778.574
2021-06-27 03:20:00,31363.0,31363.0,31325.0,31331.5,23.572,738546.118
2021-06-27 03:21:00,31331.5,31344.0,31313.5,31323.5,20.725,649179.5375
2021-06-27 03:22:00,31323.5,31335.0,31301.5,31334.5,10.593,331926.3585
2021-06-27 03:23:00,31334.5,31335.0,31311.0,31332.0,8.389,262844.148
2021-06-27 03:24:00,31332.0,31332.5,31332.0,31332.5,0.754,23624.705
2021-06-27 03:25:00,31332.5,31366.0,31322.0,31341.5,19.843,621909.3845
2021-06-27 03:26:00,31341.5,31341.5,31331.0,31337.5,18.52,580370.5
2021-06-27 03:27:00,31337.5,31340.0,31326.0,31340.0,19.981,626204.54
2021-06-27 03:28:00,31340.0,31409.0,31339.5,31397.0,54.692,1717164.724
2021-06-27 03:29:00,31397.0,31432.0,31369.0,31410.0,48.249,1515501.09
2021-06-27 03:30:00,31410.0,31410.0,31373.0,31380.5,26.726,838675.243
2021-06-27 03:31:00,31380.5,31500.0,31380.5,31443.0,83.41,2622660.63
2021-06-27 03:32:00,31443.0,31453.0,31435.0,31447.5,44.583,1402023.8925
2021-06-27 03:33:00,31447.5,31454.0,31435.0,31454.0,24.069,757066.326
2021-06-27 03:34:00,31454.0,31462.0,31446.0,31462.0,16.48,518493.76
2021-06-27 03:35:00,31462.0,31462.0,31433.5,31433.5,5.069,159336.4115
2021-06-27 03:36:00,31433.5,31439.5,31413.5,31439.5,30.65,963620.675
2021-06-27 03:37:00,31439.5,31514.5,31433.5,31512.5,30.638,965479.975
2021-06-27 03:38:00,31512.5,31564.0,31493.0,31537.0,103.927,3277545.799
2021-06-27 03:39:00,31537.0,31537.0,31520.5,31521.0,32.047,1010153.487
2021-06-27 03:40:00,31521.0,31544.0,31520.5,31538.5,24.313,766795.5505
2021-06-27 03:41:00,31538.5,31590.5,31531.5,31546.5,41.134,1297633.731
2021-06-27 03:42:00,31546.5,31586.5,31546.5,31579.0,33.951,1072138.629
2021-06-27 03:43:00,31579.0,31600.0,31567.5,31585.5,56.32,1778895.36
2021-06-27 03:44:00,31585.5,31598.0,31574.0,31585.0,13.942,440358.07
2021-06-27 03:45:00,31585.0,31585.0,31511.0,31517.0,43.069,1357405.673
2021-06-27 03:46:00,31517.0,31530.0,31486.0,31488.5,60.057,1891104.8445
2021-06-27 03:47:00,31488.5,31526.5,31488.5,31492.0,48.72,1534290.24
2021-06-27 03:48:00,31492.0,31527.5,31488.0,31504.0,14.777,465534.608
2021-06-27 03:49:00,31504.0,31519.0,31494.0,31506.0,17.74,558916.44
2021-06-27 03:50:00,31506.0,31530.0,31506.0,31529.5,11.434,360508.303
2021-06-27 03:51:00,31529.5,31536.0,31506.5,31506.5,25.4,800265.1
2021-06-27 03:52:00,31506.5,31528.0,31506.5,31521.5,11.653,367320.0395
2021-06-27 03:53:00,31521.5,31530.5,31506.5,31506.5,11.234,353944.021
2021-06-27 03:54:00,31506.5,31532.0,31506.5,31532.0,23.789,750114.748
2021-06-27 03:55:00,31532.0,31536.5,31532.0,31532.5,4.526,142716.095
2021-06-27 03:56:00,31532.5,31532.5,31520.0,31520.0,10.616,334616.32
2021-06-27 03:57:00,31520.0,31520.5,31500.0,31509.5,10.086,317804.817
2021-06-27 03:58:00,31509.5,31521.0,31509.5,31514.0,6.803,214389.742
2021-06-27 03:59:00,31514.0,31515.0,31503.5,31504.0,9.059,285394.736
2021-06-27 04:00:00,31504.0,31512.0,31503.5,31512.0,3.308,104241.696
2021-06-27 04:01:00,31512.0,31541.0,31511.5,31541.0,102.226,3224310.266
2021-06-27 04:02:00,31541.0,31646.5,31541.0,31645.0,136.99,4335048.55
2021-06-27 04:03:00,31645.0,31662.0,31621.0,31654.0,37.92,1200319.68
2021-06-27 04:04:00,31654.0,31714.0,31654.0,31707.5,98.954,3137583.955
2021-06-27 04:05:00,31707.5,31707.5,31673.0,31680.5,41.448,1313093.364
2021-06-27 04:06:00,31680.5,31680.5,31650.0,31650.0,42.363,1340788.95
2021-06-27 04:07:00,31650.0,31662.0,31624.5,31625.0,41.314,1306555.25
2021-06-27 04:08:00,31625.0,31653.0,31625.0,31640.0,6.394,202306.16
2021-06-27 04:09:00,31640.0,31661.0,31640.0,31660.5,8.034,254360.457
2021-06-27 04:10:00,31660.5,31679.0,31651.5,31659.0,7.449,235827.891
2021-06-27 04:11:00,31659.0,31698.0,31659.0,31689.5,18.572,588537.394
2021-06-27 04:12:00,31689.5,31689.5,31669.5,31670.0,8.155,258268.85
2021-06-27 04:13:00,31670.0,31721.0,31669.5,31717.5,28.529,904868.5575
2021-06-27 04:14:00,31717.5,31746.0,31704.0,31744.5,33.361,1059028.2645
2021-06-27 04:15:00,31744.5,31745.0,31703.0,31733.0,34.895,1107323.035
2021-06-27 04:16:00,31733.0,31741.0,31709.5,31709.5,59.639,1891122.8705
2021-06-27 04:17:00,31709.5,31729.5,31679.0,31679.5,36.227,1147653.2465
2021-06-27 04:18:00,31679.5,31679.5,31669.0,31669.0,22.031,697699.739
2021-06-27 04:19:00,31669.0,31688.5,31669.0,31676.0,14.905,472130.78
2021-06-27 04:20:00,31676.0,31689.0,31674.5,31675.0,16.443,520832.025
2021-06-27 04:21:00,31675.0,31675.0,31674.0,31675.0,7.878,249535.65
2021-06-27 04:22:00,31675.0,31708.0,31675.0,31695.5,27.053,857458.3615
2021-06-27 04:23:00,31695.5,31695.5,31688.0,31689.0,12.544,397506.816
2021-06-27 04:24:00,31689.0,31697.0,31682.0,31682.0,9.087,287894.334
2021-06-27 04:25:00,31682.0,31687.0,31682.0,31686.5,6.433,203839.2545
2021-06-27 04:26:00,31686.5,31697.5,31686.5,31697.5,50.7,1607063.25
2021-06-27 04:27:00,31697.5,31778.0,31697.0,31778.0,38.59,1226313.02
2021-06-27 04:28:00,31778.0,31778.0,31762.0,31762.5,29.296,930514.2
2021-06-27 04:29:00,31762.5,31762.5,31749.0,31749.0,18.954,601770.546
2021-06-27 04:30:00,31749.0,31762.5,31716.5,31716.5,20.302,643908.383
2021-06-27 04:31:00,31716.5,31716.5,31672.5,31672.5,22.902,725363.595
2021-06-27 04:32:00,31672.5,31678.0,31648.0,31653.0,48.389,1531657.017
2021-06-27 04:33:00,31653.0,31677.0,31630.0,31630.0,18.286,578386.18
2021-06-27 04:34:00,31630.0,31646.0,31615.5,31645.0,50.844,1608958.38
2021-06-27 04:35:00,31645.0,31700.0,31645.0,31699.5,25.307,802219.2465
2021-06-27 04:36:00,31699.5,31720.5,31682.5,31720.0,49.491,1569854.52
2021-06-27 04:37:00,31720.0,31721.0,31711.5,31721.0,13.087,415132.727
2021-06-27 04:38:00,31721.0,31820.0,31721.0,31819.0,149.727,4764163.413
2021-06-27 04:39:00,31819.0,31839.5,31814.5,31839.5,64.905,2066542.7475
2021-06-27 04:40:00,31839.5,31895.5,31821.5,31895.5,94.127,3002227.7285
2021-06-27 04:41:00,31895.5,31983.0,31887.5,31913.5,311.658,9946097.583
2021-06-27 04:42:00,31913.5,31914.0,31854.0,31889.5,69.082,2202990.439
2021-06-27 04:43:00,31889.5,31889.5,31828.0,31874.0,104.941,3344889.434
2021-06-27 04:44:00,31874.0,31876.0,31866.5,31868.5,15.35,489181.475
2021-06-27 04:45:00,31868.5,31878.0,31828.0,31828.5,48.896,1556286.336
2021-06-27 04:46:00,31828.5,31855.5,31824.5,31824.5,81.162,2582940.069
2021-06-27 04:47:00,31824.5,31832.0,31780.0,31783.5,71.626,2276524.971
2021-06-27 04:48:00,31783.5,31786.5,31775.0,31775.0,42.55,1352026.25
2021-06-27 04:49:00,31775.0,31775.5,31759.5,31762.5,9.548,303268.35
2021-06-27 04:50:00,31762.5,31763.0,31740.0,31742.5,41.105,1304775.4625
2021-06-27 04:51:00,31742.5,31761.0,31742.0,31761.0,22.07,700965.27
2021-06-27 04:52:00,31761.0,31828.0,31761.0,31828.0,50.861,1618803.908
2021-06-27 04:53:00,31828.0,31828.0,31765.0,31795.0,40.287,1280925.165
2021-06-27 04:54:00,31795.0,31795.0,31766.0,31775.5,13.261,421374.9055
2021-06-27 04:55:00,31775.5,31789.5,31744.0,31744.0,23.17,735508.48
2021-06-27 04:56:00,31744.0,31744.0,31684.5,31702.0,71.726,2273857.652
2021-06-27 04:57:00,31702.0,31724.0,31702.0,31717.0,14.275,452760.175
2021-06-27 04:58:00,31717.0,31739.0,31717.0,31737.0,22.474,713257.338
2021-06-27 04:59:00,31737.0,31737.5,31725.0,31725.0,9.225,292663.125
2021-06-27 05:00:00,31725.0,31766.5,31725.0,31766.5,11.935,379133.1775
2021-06-27 05:01:00,31766.5,31766.5,31747.0,31747.5,19.26,611456.85
2021-06-27 05:02:00,31747.5,31747.5,31739.0,31747.5,15.175,481768.3125
2021-06-27 05:03:00,31747.5,31782.0,31747.5,31781.5,18.826,598318.519
2021-06-27 05:04:00,31781.5,31782.0,31750.0,31750.0,13.942,442658.5
2021-06-27 05:05:00,31750.0,31757.5,31733.0,31757.5,40.237,1277826.5275
2021-06-27 05:06:00,31757.5,31768.0,31704.5,31709.0,46.219,1465558.271
2021-06-27 05:07:00,31709.0,31709.5,31700.0,31709.5,18.081,573339.4695
2021-06-27 05:08:00,31709.5,31728.5,31709.0,31724.5,6.651,210999.6495
2021-06-27 05:09:00,31724.5,31749.5,31724.5,31747.0,12.893,409314.071
2021-06-27 05:10:00,31747.0,31747.0,31746.0,31746.5,4.068,129144.762
2021-06-27 05:11:00,31746.5,31817.5,31746.5,31817.0,69.274,2204090.858
2021-06-27 05:12:00,31817.0,31889.0,31814.0,31849.0,94.668,3015081.132
2021-06-27 05:13:00,31849.0,31881.5,31849.0,31881.0,24.963,795845.403
2021-06-27 05:14:00,31881.0,31881.0,31826.5,31826.5,60.2,1915955.3
2021-06-27 05:15:00,31826.5,31900.0,31824.0,31900.0,40.528,1292843.2
2021-06-27 05:16:00,31900.0,31946.0,31899.5,31943.5,77.5,2475621.25
2021-06-27 05:17:00,31943.5,31943.5,31857.0,31882.5,25.146,801717.345
2021-06-27 05:18:00,31882.5,31882.5,31835.5,31835.5,25.817,821897.1035
2021-06-27 05:19:00,31835.5,31835.5,31778.5,31791.5,43.35,1378161.525
2021-06-27 05:20:00,31791.5,31817.0,31790.5,31807.5,24.982,794614.965
2021-06-27 05:21:00,31807.5,31866.0,31807.5,31865.5,40.94,1304573.57
2021-06-27 05:22:00,31865.5,31931.5,31865.5,31884.0,100.894,3216904.296
2021-06-27 05:23:00,31884.0,31917.5,31884.0,31917.0,9.841,314095.197
2021-06-27 05:24:00,31917.0,31917.5,31842.0,31867.0,64.421,2052904.007
2021-06-27 05:25:00,31867.0,31867.0,31815.0,31860.0,29.736,947388.96
2021-06-27 05:26:00,31860.0,31908.0,31860.0,31907.5,48.773,1556224.4975
2021-06-27 05:27:00,31907.5,32144.0,31907.5,32123.0,780.773,25080771.079
2021-06-27 05:28:00,32123.0,32129.5,32053.0,32115.5,302.101,9702124.6655
2021-06-27 05:29:00,32115.5,32265.5,32115.5,32249.5,290.051,9353999.7245
2021-06-27 05:30:00,32249.5,32256.0,32177.0,32233.5,222.766,7180527.861
2021-06-27 05:31:00,32233.5,32244.0,32130.5,32130.5,319.659,10270803.4995
2021-06-27 05:32:00,32130.5,32177.0,32104.0,32104.0,87.686,2815071.344
2021-06-27 05:33:00,32104.0,32135.0,32100.0,32124.0,67.916,2181733.584
2021-06-27 05:34:00,32124.0,32124.5,32075.0,32100.5,76.886,2468079.043
2021-06-27 05:35:00,32100.5,32100.5,32020.0,32020.0,73.367,2349211.34
2021-06-27 05:36:00,32020.0,32025.5,31972.0,31982.0,137.333,4392184.006
2021-06-27 05:37:00,31982.0,32080.0,31982.0,32080.0,70.023,2246337.84
2021-06-27 05:38:00,32080.0,32087.0,32040.0,32074.0,30.01,962540.74
2021-06-27 05:39:00,32074.0,32081.0,32050.0,32081.0,51.915,1665485.115
2021-06-27 05:40:00,32081.0,32368.0,32081.0,32347.5,442.337,14308496.1075
2021-06-27 05:41:00,32347.5,32360.0,32277.0,32360.0,111.056,3593772.16
2021-06-27 05:42:00,32360.0,32360.0,32300.0,32300.0,82.129,2652766.7
2021-06-27 05:43:00,32300.0,32448.0,32300.0,32428.5,203.825,6609739.0125
2021-06-27 05:44:00,32428.5,32432.0,32374.0,32374.5,89.599,2900722.8255
2021-06-27 05:45:00,32374.5,32575.5,32374.0,32478.5,631.979,20525729.9515
2021-06-27 05:46:00,32478.5,32520.0,32450.0,32450.0,110.212,3576379.4
2021-06-27 05:47:00,32450.0,32501.0,32401.0,32489.0,130.57,4242088.73
2021-06-27 05:48:00,32489.0,32498.0,32379.5,32399.5,106.957,3465353.3215
2021-06-27 05:49:00,32399.5,32420.0,32374.0,32374.0,120.22,3892002.28
2021-06-27 05:50:00,32374.0,32382.0,32354.5,32357.5,51.042,1651591.515
2021-06-27 05:51:00,32357.5,32384.5,32301.0,32335.5,144.323,4666756.3665
2021-06-27 05:52:00,32335.5,32366.0,32312.0,32366.0,33.935,1098340.21
2021-06-27 05:53:00,32366.0,32406.5,32365.5,32379.0,80.68,2612337.72
2021-06-27 05:54:00,32379.0,32472.5,32378.5,32444.5,96.695,3137220.9275
2021-06-27 05:55:00,32444.5,32522.0,32444.5,32512.5,194.612,6327322.65
2021-06-27 05:56:00,32512.5,32528.5,32460.5,32489.5,151.626,4926252.927
2021-06-27 05:57:00,32489.5,32500.0,32481.0,32481.0,29.417,955493.577
2021-06-27 05:58:00,32481.0,32481.5,32429.5,32449.5,53.334,1730661.633
2021-06-27 05:59:00,32449.5,32493.0,32449.5,32480.5,43.562,1414915.541
2021-06-27 06:00:00,32480.5,32571.0,32477.0,32550.0,100.498,3271209.9
2021-06-27 06:01:00,32550.0,32585.0,32549.5,32562.0,79.069,2574644.778
2021-06-27 06:02:00,32562.0,32562.5,32451.5,32502.0,130.628,4245671.256
2021-06-27 06:03:00,32502.0,32502.0,32451.0,32451.0,28.417,922160.067
2021-06-27 06:04:00,32451.0,32471.0,32440.5,32469.0,35.463,1151448.147
2021-06-27 06:05:00,32469.0,32535.5,32465.5,32465.5,31.017,1006982.4135
2021-06-27 06:06:00,32465.5,32466.0,32440.0,32449.5,38.317,1243367.4915
2021-06-27 06:07:00,32449.5,32450.0,32402.5,32414.5,37.793,1225041.1985
2021-06-27 06:08:00,32414.5,32443.5,32400.0,32400.0,115.671,3747740.4
2021-06-27 06:09:00,32400.0,32400.5,32354.5,32370.5,59.338,1920800.729
2021-06-27 06:10:00,32370.5,32404.5,32255.0,32255.0,242.253,7813870.515
2021-06-27 06:11:00,32255.0,32307.5,32243.0,32307.5,66.357,2143828.7775
2021-06-27 06:12:00,32307.5,32307.5,32277.0,32277.0,33.352,1076502.504
2021-06-27 06:13:00,32277.0,32314.0,32265.5,32313.5,42.443,1371481.8805
2021-06-27 06:14:00,32313.5,32314.0,32292.5,32293.0,36.148,1167327.364
2021-06-27 06:15:00,32293.0,32293.0,32177.5,32188.0,131.593,4235715.484
2021-06-27 06:16:00,32188.0,32188.5,32141.0,32167.5,281.27,9047752.725
2021-06-27 06:17:00,32167.5,32193.0,32108.0,32131.0,140.891,4526968.721
2021-06-27 06:18:00,32131.0,32167.5,32108.5,32167.5,104.816,3371668.68
2021-06-27 06:19:00,32167.5,32201.0,32127.0,32132.0,73.47,2360738.04
2021-06-27 06:20:00,32132.0,32194.0,32132.0,32194.0,59.485,1915060.09
2021-06-27 06:21:00,32194.0,32200.0,32193.5,32200.0,24.71,795662.0
2021-06-27 06:22:00,32200.0,32201.5,32127.0,32195.0,183.128,5895805.96
2021-06-27 06:23:00,32195.0,32310.5,32194.5,32289.5,177.218,5722280.611
2021-06-27 06:24:00,32289.5,32289.5,32247.0,32257.5,35.447,1143431.6025
2021-06-27 06:25:00,32257.5,32263.5,32245.5,32263.0,43.41,1400536.83
2021-06-27 06:26:00,32263.0,32338.5,32263.0,32338.0,58.523,1892516.774
2021-06-27 06:27:00,32338.0,32338.5,32317.0,32317.5,26.794,865915.095
2021-06-27 06:28:00,32317.5,32366.0,32317.5,32365.5,65.582,2122594.221
2021-06-27 06:29:00,32365.5,32366.0,32319.5,32330.0,34.32,1109565.6
2021-06-27 06:30:00,32330.0,32330.5,32252.0,32256.0,38.641,1246404.096
2021-06-27 06:31:00,32256.0,32300.0,32247.0,32247.5,53.019,1709730.2025
2021-06-27 06:32:00,32247.5,32269.0,32247.0,32260.5,12.89,415837.845
2021-06-27 06:33:00,32260.5,32308.0,32260.5,32308.0,41.184,1330572.672
2021-06-27 06:34:00,32308.0,32308.0,32281.0,32295.5,12.901,416644.2455
2021-06-27 06:35:00,32295.5,32343.0,32280.5,32280.5,39.252,1267074.186
2021-06-27 06:36:00,32280.5,32312.0,32279.0,32297.0,23.063,744865.711
2021-06-27 06:37:00,32297.0,32349.5,32297.0,32349.5,95.633,3093679.7335
2021-06-27 06:38:00,32349.5,32433.0,32349.5,32414.5,117.833,3819497.7785
2021-06-27 06:39:00,32414.5,32415.0,32380.0,32398.5,24.863,805523.9055
2021-06-27 06:40:00,32398.5,32416.0,32398.0,32416.0,24.495,794029.92
2021-06-27 06:41:00,32416.0,32416.0,32400.0,32400.0,21.135,684774.0
2021-06-27 06:42:00,32400.0,32439.0,32400.0,32438.5,18.905,613249.8425
2021-06-27 06:43:00,32438.5,32466.5,32438.5,32452.5,31.037,1007228.2425
2021-06-27 06:44:00,32452.5,32460.0,32442.0,32444.0,17.875,579936.5
2021-06-27 06:45:00,32444.0,32444.0,32397.0,32420.0,40.351,1308179.42
2021-06-27 06:46:00,32420.0,32436.0,32379.0,32379.0,31.792,1029393.168
2021-06-27 06:47:00,32379.0,32391.5,32352.5,32384.5,19.335,626154.3075
2021-06-27 06:48:00,32384.5,32443.0,32384.0,32439.5,22.051,715323.4145
2021-06-27 06:49:00,32439.5,32737.0,32439.5,32633.5,829.166,27058588.661
2021-06-27 06:50:00,32633.5,32633.5,32523.0,32543.5,90.492,2944926.402
2021-06-27 06:51:00,32543.5,32550.0,32485.0,32503.5,141.715,4606233.5025
2021-06-27 06:52:00,32503.5,32611.5,32503.5,32611.5,37.339,1217680.7985
2021-06-27 06:53:00,32611.5,32614.5,32547.5,32577.0,24.137,786311.049
2021-06-27 06:54:00,32577.0,32577.0,32532.5,32532.5,31.792,1034273.24
2021-06-27 06:55:00,32532.5,32532.5,32500.0,32521.0,42.041,1367215.361
2021-06-27 06:56:00,32521.0,32521.0,32487.0,32521.0,55.378,1800947.938
2021-06-27 06:57:00,32521.0,32531.5,32506.5,32528.5,20.222,657791.327
2021-06-27 06:58:00,32528.5,32565.5,32515.5,32549.5,20.545,668729.4775
2021-06-27 06:59:00,32549.5,32833.0,32548.0,32822.0,529.596,17382399.912
2021-06-27 07:00:00,32822.0,32875.5,32726.0,32726.0,690.204,22587616.104
2021-06-27 07:01:00,32726.0,32846.5,32714.5,32781.0,266.002,8719811.562
2021-06-27 07:02:00,32781.0,32781.5,32711.0,32740.0,81.097,2655115.78
2021-06-27 07:03:00,32740.0,32830.0,32739.5,32795.5,220.824,7242033.492
2021-06-27 07:04:00,32795.5,32811.5,32764.5,32770.0,44.014,1442338.78
2021-06-27 07:05:00,32770.0,32811.5,32724.5,32804.0,126.286,4142685.944
2021-06-27 07:06:00,32804.0,32916.0,32803.5,32869.0,247.183,8124658.027
2021-06-27 07:07:00,32869.0,32907.0,32807.5,32808.0,68.614,2251088.112
2021-06-27 07:08:00,32808.0,32845.0,32806.0,32828.5,29.11,955637.635
2021-06-27 07:09:00,32828.5,32856.5,32811.5,32856.5,25.993,854039.0045
2021-06-27 07:10:00,32856.5,32856.5,32833.0,32833.0,57.619,1891804.627
2021-06-27 07:11:00,32833.0,32850.0,32828.0,32828.0,47.445,1557524.46
2021-06-27 07:12:00,32828.0,32842.0,32806.0,32842.0,44.195,1451452.19
2021-06-27 07:13:00,32842.0,32842.0,32800.0,32820.5,70.1,2300717.05
2021-06-27 07:14:00,32820.5,32897.0,32810.5,32889.0,53.765,1768277.085
2021-06-27 07:15:00,32889.0,32932.5,32827.5,32829.0,42.446,1393459.734
2021-06-27 07:16:00,32829.0,32865.0,32825.0,32827.5,28.385,931808.5875
2021-06-27 07:17:00,32827.5,32860.0,32827.0,32860.0,24.954,819988.44
2021-06-27 07:18:00,32860.0,32860.0,32834.0,32835.0,12.635,414870.225
2021-06-27 07:19:00,32835.0,32835.5,32829.5,32830.0,9.269,304301.27
2021-06-27 07:20:00,32830.0,32832.5,32811.5,32811.5,41.316,1355639.934
2021-06-27 07:21:00,32811.5,32871.5,32811.5,32839.5,30.28,994380.06
2021-06-27 07:22:00,32839.5,32867.0,32839.5,32844.5,39.329,1291741.3405
2021-06-27 07:23:00,32844.5,32844.5,32841.0,32842.0,31.903,1047758.326
2021-06-27 07:24:00,32842.0,32856.0,32842.0,32855.5,7.827,257159.9985
2021-06-27 07:25:00,32855.5,32870.0,32842.0,32856.5,37.495,1231954.4675
2021-06-27 07:26:00,32856.5,32857.0,32800.0,32800.0,36.594,1200283.2
2021-06-27 07:27:00,32800.0,32800.0,32752.0,32752.0,107.681,3526768.112
2021-06-27 07:28:00,32752.0,32798.5,32746.0,32783.0,42.449,1391605.567
2021-06-27 07:29:00,32783.0,32834.0,32783.0,32833.5,56.895,1868061.9825
2021-06-27 07:30:00,32833.5,32850.0,32786.0,32786.0,35.42,1161280.12
2021-06-27 07:31:00,32786.0,32786.0,32759.0,32759.0,15.668,513268.012
2021-06-27 07:32:00,32759.0,32760.5,32755.0,32755.0,54.187,1774895.185
2021-06-27 07:33:00,32755.0,32756.0,32755.0,32755.5,109.458,3585351.519
2021-06-27 07:34:00,32755.5,32756.0,32689.5,32690.0,145.278,4749137.82
2021-06-27 07:35:00,32690.0,32707.5,32688.5,32707.0,67.91,2221132.37
2021-06-27 07:36:00,32707.0,32757.5,32707.0,32739.5,39.661,1298481.3095
2021-06-27 07:37:00,32739.5,32765.0,32739.5,32764.5,45.68,1496682.36
2021-06-27 07:38:00,32764.5,32765.0,32740.0,32758.0,34.963,1145317.954
2021-06-27 07:39:00,32758.0,32758.5,32741.0,32741.5,7.593,248606.2095
2021-06-27 07:40:00,32741.5,32765.0,32694.0,32694.0,87.979,2876385.426
2021-06-27 07:41:00,32694.0,32702.0,32693.5,32701.5,19.803,647587.8045
2021-06-27 07:42:00,32701.5,32713.0,32653.0,32661.0,74.8,2443042.8
2021-06-27 07:43:00,32661.0,32684.5,32661.0,32673.0,14.885,486337.605
2021-06-27 07:44:00,32673.0,32696.5,32671.0,32696.5,28.636,936296.974
2021-06-27 07:45:00,32696.5,32768.0,32696.0,32724.5,101.237,3312930.2065
2021-06-27 07:46:00,32724.5,32735.0,32723.0,32723.0,59.151,1935598.173
2021-06-27 07:47:00,32723.0,32723.5,32707.0,32707.0,28.954,946998.478
2021-06-27 07:48:00,32707.0,32773.0,32707.0,32756.0,43.648,1429733.888
2021-06-27 07:49:00,32756.0,32794.0,32755.5,32766.0,32.132,1052837.112
2021-06-27 07:50:00,32766.0,32880.0,32756.0,32880.0,137.577,4523531.76
2021-06-27 07:51:00,32880.0,32891.5,32838.5,32863.5,43.7,1436134.95
2021-06-27 07:52:00,32863.5,32972.5,32863.5,32940.5,154.885,5101989.3425
2021-06-27 07:53:00,32940.5,33120.0,32940.5,33020.5,620.081,20475384.6605
2021-06-27 07:54:00,33020.5,33029.0,33000.0,33012.0,100.478,3316979.736
2021-06-27 07:55:00,33012.0,33028.0,32989.5,32999.0,75.587,2494295.413
2021-06-27 07:56:00,32999.0,33133.0,32998.5,33116.5,256.843,8505741.2095
2021-06-27 07:57:00,33116.5,33135.5,33059.5,33121.5,97.553,3231101.6895
2021-06-27 07:58:00,33121.5,33178.0,33088.0,33095.5,241.923,8006562.6465
2021-06-27 07:59:00,33095.5,33096.0,33056.0,33056.5,31.17,1030371.105
2021-06-27 08:00:00,33056.5,33084.5,32964.0,32993.5,237.293,7829126.5955
2021-06-27 08:01:00,32993.5,32993.5,32921.0,32925.0,81.775,2692441.875
2021-06-27 08:02:00,32925.0,32935.5,32877.0,32877.0,98.043,3223359.711
2021-06-27 08:03:00,32877.0,32935.5,32876.0,32935.5,78.267,2577762.7785
2021-06-27 08:04:00,32935.5,32935.5,32890.0,32892.5,41.081,1351256.7925
2021-06-27 08:05:00,32892.5,32892.5,32864.5,32864.5,77.044,2532012.538
2021-06-27 08:06:00,32864.5,32880.0,32838.0,32879.5,72.523,2384519.9785
2021-06-27 08:07:00,32879.5,32912.5,32875.5,32912.0,18.587,611735.344
2021-06-27 08:08:00,32912.0,32912.5,32874.0,32880.0,28.863,949015.44
2021-06-27 08:09:00,32880.0,32895.5,32880.0,32880.0,45.64,1500643.2
2021-06-27 08:10:00,32880.0,32902.0,32879.5,32900.5,24.973,821624.1865
2021-06-27 08:11:00,32900.5,32970.0,32900.0,32969.5,99.128,3268200.596
2021-06-27 08:12:00,32969.5,32969.5,32923.0,32943.0,79.78,2628192.54
2021-06-27 08:13:00,32943.0,32947.0,32933.0,32947.0,10.273,338464.531
2021-06-27 08:14:00,32947.0,32947.0,32933.5,32941.0,13.471,443748.211
2021-06-27 08:15:00,32941.0,32942.5,32920.0,32920.0,15.228,501305.76
2021-06-27 08:16:00,32920.0,32920.0,32903.0,32903.0,17.68,581725.04
2021-06-27 08:17:00,32903.0,32903.5,32884.0,32892.0,37.829,1244271.468
2021-06-27 08:18:00,32892.0,32900.0,32882.0,32882.0,11.603,381529.846
2021-06-27 08:19:00,32882.0,32904.0,32882.0,32903.5,40.882,1345160.887
2021-06-27 08:20:00,32903.5,32916.0,32851.5,32852.0,44.928,1475974.656
2021-06-27 08:21:00,32852.0,32868.5,32851.5,32865.0,20.011,657661.515
2021-06-27 08:22:00,32865.0,32901.0,32865.0,32896.5,32.214,1059727.851
2021-06-27 08:23:00,32896.5,32938.5,32896.0,32924.5,24.151,795159.5995
2021-06-27 08:24:00,32924.5,32952.0,32924.5,32926.5,22.671,746476.6815
2021-06-27 08:25:00,32926.5,33023.0,32926.5,33023.0,72.005,2377821.115
2021-06-27 08:26:00,33023.0,33087.0,33000.0,33077.5,72.101,2384920.8275
2021-06-27 08:27:00,33077.5,33118.0,33074.5,33081.0,157.242,5201722.602
2021-06-27 08:28:00,33081.0,33094.5,33028.0,33078.0,82.802,2738924.556
2021-06-27 08:29:00,33078.0,33085.0,33065.0,33071.0,31.046,1026722.266
2021-06-27 08:30:00,33071.0,33130.0,33070.5,33123.0,33.154,1098159.942
2021-06-27 08:31:00,33123.0,33123.0,33036.5,33036.5,116.785,3858167.6525
2021-06-27 08:32:00,33036.5,33036.5,33001.5,33002.5,72.206,2382978.515
2021-06-27 08:33:00,33002.5,33024.5,32983.0,32983.0,55.108,1817627.164
2021-06-27 08:34:00,32983.0,32992.5,32977.0,32980.0,30.286,998832.28
2021-06-27 08:35:00,32980.0,33007.5,32978.5,32983.0,28.65,944962.95
2021-06-27 08:36:00,32983.0,33028.5,32982.5,33028.0,24.397,805784.116
2021-06-27 08:37:00,33028.0,33045.5,33021.5,33045.5,45.111,1490715.5505
2021-06-27 08:38:00,33045.5,33045.5,33024.5,33029.5,19.062,629608.329
2021-06-27 08:39:00,33029.5,33030.0,33003.0,33003.0,26.959,889727.877
2021-06-27 08:40:00,33003.0,33003.0,32950.0,32950.0,65.35,2153282.5
2021-06-27 08:41:00,32950.0,32950.5,32927.0,32927.0,58.257,1918228.239
2021-06-27 08:42:00,32927.0,32986.5,32927.0,32951.0,47.425,1562701.175
2021-06-27 08:43:00,32951.0,32983.0,32951.0,32983.0,8.574,282796.242
2021-06-27 08:44:00,32983.0,33023.0,32983.0,33000.5,24.957,823593.4785
2021-06-27 08:45:00,33000.5,33000.5,32951.0,32957.0,14.007,461628.699
2021-06-27 08:46:00,32957.0,32997.0,32957.0,32997.0,6.904,227811.288
2021-06-27 08:47:00,32997.0,33000.0,32996.5,32999.5,15.905,524857.0475
2021-06-27 08:48:00,32999.5,33033.0,32999.5,33029.5,25.176,831550.692
2021-06-27 08:49:00,33029.5,33033.0,33029.5,33032.5,4.534,149769.355
2021-06-27 08:50:00,33032.5,33064.5,33028.0,33031.0,31.412,1037569.772
2021-06-27 08:51:00,33031.0,33031.0,32976.0,32976.0,41.739,1376385.264
2021-06-27 08:52:00,32976.0,32981.0,32976.0,32976.5,13.939,459659.4335
2021-06-27 08:53:00,32976.5,32977.0,32951.0,32951.0,32.015,1054926.265
2021-06-27 08:54:00,32951.0,32951.0,32880.5,32888.0,100.929,3319352.952
2021-06-27 08:55:00,32888.0,32906.0,32861.0,32881.5,89.316,2936844.054
2021-06-27 08:56:00,32881.5,32881.5,32820.0,32846.0,143.305,4706996.03
2021-06-27 08:57:00,32846.0,32864.0,32776.0,32777.5,93.583,3067416.7825
2021-06-27 08:58:00,32777.5,32826.0,32777.0,32809.5,60.014,1969029.333
2021-06-27 08:59:00,32809.5,32825.0,32750.0,32758.0,140.709,4609345.422
2021-06-27 09:00:00,32758.0,32824.0,32758.0,32803.0,43.865,1438903.595
2021-06-27 09:01:00,32803.0,32853.0,32802.5,32831.0,69.071,2267670.001
2021-06-27 09:02:00,32831.0,32862.5,32831.0,32853.0,34.046,1118513.238
2021-06-27 09:03:00,32853.0,32854.0,32833.5,32854.0,30.961,1017192.694
2021-06-27 09:04:00,32854.0,32854.0,32821.5,32821.5,26.079,855951.8985
2021-06-27 09:05:00,32821.5,32844.5,32821.5,32844.0,16.846,553290.024
2021-06-27 09:06:00,32844.0,32880.0,32844.0,32880.0,28.225,928038.0
2021-06-27 09:07:00,32880.0,32880.0,32879.5,32880.0,16.191,532360.08
2021-06-27 09:08:00,32880.0,32932.5,32857.5,32920.5,133.016,4378953.228
2021-06-27 09:09:00,32920.5,32944.5,32920.0,32930.0,48.455,1595623.15
2021-06-27 09:10:00,32930.0,32955.0,32929.5,32955.0,62.757,2068156.935
2021-06-27 09:11:00,32955.0,32998.0,32945.5,32978.5,93.246,3075113.211
2021-06-27 09:12:00,32978.5,33025.5,32978.5,33025.0,95.685,3159997.125
2021-06-27 09:13:00,33025.0,33028.5,32974.5,32986.5,83.857,2766148.9305
2021-06-27 09:14:00,32986.5,33012.5,32986.5,32994.5,27.324,901541.718
2021-06-27 09:15:00,32994.5,32994.5,32947.5,32947.5,40.2,1324489.5
2021-06-27 09:16:00,32947.5,33117.0,32946.0,33117.0,257.795,8537397.015
2021-06-27 09:17:00,33117.0,33142.0,33068.0,33068.0,127.467,4215078.756
2021-06-27 09:18:00,33068.0,33140.0,33053.5,33115.0,65.164,2157905.86
2021-06-27 09:19:00,33115.0,33139.0,33113.0,33113.0,28.985,959780.305
