timestamp,open,high,low,close,volume,turnover
2023-03-23 00:00:00,28449.2,28530.0,28449.2,28463.7,508.534,14491892.835
2023-03-23 00:01:00,28463.7,28580.0,28360.3,28513.0,1267.676,36122370.5775
2023-03-23 00:02:00,28513.0,28559.0,28410.0,28443.8,862.696,24557408.0472
2023-03-23 00:03:00,28443.8,28447.0,28350.0,28380.1,554.408,15735615.4434
2023-03-23 00:04:00,28380.1,28404.0,28380.0,28394.4,190.49,5408120.3555
2023-03-23 00:05:00,28394.4,28394.4,27721.6,28057.7,6863.344,192369433.9957
2023-03-23 00:06:00,28057.7,28061.0,27800.6,27829.6,2708.546,75652392.0577
2023-03-23 00:07:00,27829.6,28062.0,27752.1,28025.1,2287.402,63891371.3226
2023-03-23 00:08:00,28025.1,28230.0,28010.1,28100.1,2266.428,63762174.1549
2023-03-23 00:09:00,28100.1,28111.5,27900.0,27930.0,1488.161,41658628.7853
2023-03-23 00:10:00,27930.0,28047.6,27926.4,28043.2,1015.341,28422152.9828
2023-03-23 00:11:00,28043.2,28166.0,27995.2,28106.7,766.582,21531314.118
2023-03-23 00:12:00,28106.7,28156.9,28048.9,28098.8,625.838,17595482.4665
2023-03-23 00:13:00,28098.8,28130.7,28051.3,28114.1,538.357,15120639.5415
2023-03-23 00:14:00,28114.1,28190.4,28096.4,28190.4,572.659,16120149.8593
2023-03-23 00:15:00,28190.4,28247.0,28136.6,28246.1,766.111,21600428.38
2023-03-23 00:16:00,28246.1,28335.2,28217.3,28311.8,1199.33,33909079.2598
2023-03-23 00:17:00,28311.8,28450.0,28283.1,28396.8,1596.083,45286110.0896
2023-03-23 00:18:00,28396.8,28441.4,28350.0,28350.0,795.331,22576461.9463
2023-03-23 00:19:00,28350.0,28423.9,28311.0,28393.5,882.812,25051189.1843
2023-03-23 00:20:00,28393.5,28410.4,28349.2,28399.1,500.034,14191974.1821
2023-03-23 00:21:00,28399.1,28399.1,28321.2,28334.9,305.865,8670754.4385
2023-03-23 00:22:00,28334.9,28379.4,28260.4,28260.4,486.418,13767137.6751
2023-03-23 00:23:00,28260.4,28350.0,28253.7,28283.1,391.065,11067859.0296
2023-03-23 00:24:00,28283.1,28330.0,28147.0,28194.3,1487.904,42012587.5384
2023-03-23 00:25:00,28194.3,28194.3,28036.2,28111.9,1653.312,46451264.7198
2023-03-23 00:26:00,28111.9,28124.9,28020.0,28039.9,992.19,27857643.2097
2023-03-23 00:27:00,28039.9,28122.0,28016.1,28052.2,473.71,13298830.6465
2023-03-23 00:28:00,28052.2,28079.3,27920.7,27961.3,1347.001,37696542.617
2023-03-23 00:29:00,27961.3,28026.9,27900.2,28011.6,812.272,22721080.3354
2023-03-23 00:30:00,28011.6,28011.7,27930.0,27951.5,869.44,24317124.7944
2023-03-23 00:31:00,27951.5,27972.4,27787.2,27816.2,1336.466,37231452.7575
2023-03-23 00:32:00,27816.2,27894.7,27750.0,27773.6,1381.201,38414121.4314
2023-03-23 00:33:00,27773.6,27857.1,27704.1,27765.1,1026.623,28519362.2752
2023-03-23 00:34:00,27765.1,27791.3,27600.9,27603.6,1851.522,51260979.8702
2023-03-23 00:35:00,27603.6,27661.8,27520.0,27561.3,2422.48,66822806.1935
2023-03-23 00:36:00,27561.3,27569.8,27372.1,27502.0,3287.769,90367441.2915
2023-03-23 00:37:00,27502.0,27612.3,27488.0,27498.6,1130.566,31152357.9773
2023-03-23 00:38:00,27498.6,27528.5,27226.2,27247.6,3371.811,92160568.3205
2023-03-23 00:39:00,27247.6,27388.0,27170.8,27384.6,2732.054,74507602.3112
2023-03-23 00:40:00,27384.6,27436.8,27266.6,27359.8,1480.318,40505797.4965
2023-03-23 00:41:00,27359.8,27433.0,27247.3,27250.0,1073.353,29335084.7769
2023-03-23 00:42:00,27250.0,27301.8,27052.0,27246.3,3101.136,84259800.972
2023-03-23 00:43:00,27246.3,27333.0,27237.5,27279.3,712.837,19449576.9545
2023-03-23 00:44:00,27279.3,27444.0,27279.3,27400.7,1248.284,34179626.5708
2023-03-23 00:45:00,27400.7,27545.2,27390.6,27453.8,1992.381,54760409.3767
2023-03-23 00:46:00,27453.8,27483.2,27356.1,27440.2,715.132,19603482.3319
2023-03-23 00:47:00,27440.2,27499.0,27421.1,27465.0,509.112,13983121.5224
2023-03-23 00:48:00,27465.0,27516.3,27445.7,27456.4,558.477,15346213.4338
2023-03-23 00:49:00,27456.4,27463.3,27323.0,27358.7,926.712,25386481.7742
2023-03-23 00:50:00,27358.7,27488.0,27310.0,27487.9,551.013,15100954.6924
2023-03-23 00:51:00,27487.9,27614.9,27478.5,27600.6,1232.441,33971741.7911
2023-03-23 00:52:00,27600.6,27623.2,27541.4,27584.6,478.673,13207184.6381
2023-03-23 00:53:00,27584.6,27584.6,27510.1,27535.8,292.939,8070201.6225
2023-03-23 00:54:00,27535.8,27573.8,27467.2,27492.7,368.409,10135607.8472
2023-03-23 00:55:00,27492.7,27510.9,27389.8,27467.2,618.674,16972601.8954
2023-03-23 00:56:00,27467.2,27549.9,27448.5,27479.6,476.405,13101820.3956
2023-03-23 00:57:00,27479.6,27584.8,27470.1,27570.3,324.762,8943139.06
2023-03-23 00:58:00,27570.3,27616.8,27560.0,27567.4,409.583,11301856.8406
2023-03-23 00:59:00,27567.4,27577.9,27512.6,27528.5,262.301,7223177.2548
2023-03-23 01:00:00,27528.5,27536.6,27490.5,27498.9,213.755,5881071.85
2023-03-23 01:01:00,27498.9,27502.6,27409.3,27469.2,640.365,17575886.8548
2023-03-23 01:02:00,27469.2,27477.3,27383.1,27414.1,437.957,12010334.7632
2023-03-23 01:03:00,27414.1,27417.3,27324.5,27385.0,738.86,20220544.2463
2023-03-23 01:04:00,27385.0,27386.5,27269.4,27382.2,851.171,23261529.2147
2023-03-23 01:05:00,27382.2,27408.4,27320.9,27326.7,427.093,11692734.2406
2023-03-23 01:06:00,27326.7,27340.6,27200.0,27246.4,993.35,27072998.5538
2023-03-23 01:07:00,27246.4,27300.0,27167.7,27233.5,804.846,21916808.4952
2023-03-23 01:08:00,27233.5,27238.4,26915.0,27144.9,3140.552,84941458.66
2023-03-23 01:09:00,27144.9,27228.5,27060.2,27062.1,841.101,22840391.0679
2023-03-23 01:10:00,27062.1,27200.0,27050.0,27191.5,836.342,22690158.2558
2023-03-23 01:11:00,27191.5,27191.5,27114.6,27185.0,536.793,14575216.5416
2023-03-23 01:12:00,27185.0,27241.6,27130.0,27232.6,628.282,17085484.9612
2023-03-23 01:13:00,27232.6,27232.6,27159.9,27215.9,454.167,12357344.9512
2023-03-23 01:14:00,27215.9,27222.7,27114.8,27120.5,589.257,15998688.8188
2023-03-23 01:15:00,27120.5,27182.7,27041.2,27092.9,695.705,18858169.7577
2023-03-23 01:16:00,27092.9,27093.0,26900.0,27005.8,1614.951,43567967.3112
2023-03-23 01:17:00,27005.8,27021.8,26807.0,26873.9,2033.262,54687411.7266
2023-03-23 01:18:00,26873.9,26878.0,26730.0,26834.3,1913.689,51298049.6708
2023-03-23 01:19:00,26834.3,26937.4,26791.4,26866.8,1031.06,27702029.8328
2023-03-23 01:20:00,26866.8,26936.4,26835.0,26910.6,470.099,12644400.9925
2023-03-23 01:21:00,26910.6,26918.2,26714.9,26768.2,1177.493,31536350.5349
2023-03-23 01:22:00,26768.2,26861.3,26681.9,26820.1,1485.093,39720222.1942
2023-03-23 01:23:00,26820.1,26828.2,26667.8,26687.1,736.546,19689353.0975
2023-03-23 01:24:00,26687.1,26760.0,26654.3,26754.5,763.022,20379244.1615
2023-03-23 01:25:00,26754.5,26848.9,26710.4,26832.9,916.126,24542519.4137
2023-03-23 01:26:00,26832.9,26837.8,26755.3,26807.0,602.463,16143854.1724
2023-03-23 01:27:00,26807.0,26817.0,26675.3,26690.9,492.761,13169430.0734
2023-03-23 01:28:00,26690.9,26813.3,26690.9,26744.8,507.792,13594439.4623
2023-03-23 01:29:00,26744.8,26761.4,26617.9,26642.6,732.167,19527169.846
2023-03-23 01:30:00,26642.6,26759.8,26583.4,26735.7,1515.649,40402577.8335
2023-03-23 01:31:00,26735.7,26815.0,26708.9,26774.8,859.236,23007381.3331
2023-03-23 01:32:00,26774.8,26816.4,26751.0,26795.0,432.777,11592290.1924
2023-03-23 01:33:00,26795.0,26838.7,26787.5,26837.2,465.201,12474813.3829
2023-03-23 01:34:00,26837.2,26877.0,26806.3,26853.1,650.713,17471764.3202
2023-03-23 01:35:00,26853.1,26879.5,26797.1,26803.4,397.669,10670221.5871
2023-03-23 01:36:00,26803.4,26860.0,26774.9,26811.9,472.416,12663385.0082
2023-03-23 01:37:00,26811.9,26856.9,26781.5,26828.1,417.736,11201797.8372
2023-03-23 01:38:00,26828.1,26936.8,26814.7,26920.0,906.622,24381877.2045
2023-03-23 01:39:00,26920.0,26994.6,26920.0,26987.6,1023.81,27608347.8948
2023-03-23 01:40:00,26987.6,26987.6,26900.2,26915.9,566.233,15252317.9078
2023-03-23 01:41:00,26915.9,26966.2,26854.9,26865.4,505.72,13604910.0177
2023-03-23 01:42:00,26865.4,26957.7,26860.8,26919.1,313.119,8427045.0443
2023-03-23 01:43:00,26919.1,26931.9,26860.2,26880.8,262.491,7060992.3494
2023-03-23 01:44:00,26880.8,26920.5,26862.0,26901.1,156.476,4208928.2296
2023-03-23 01:45:00,26901.1,26922.3,26880.0,26922.3,257.829,6936117.9442
2023-03-23 01:46:00,26922.3,27022.2,26912.4,26984.5,564.029,15218533.1929
2023-03-23 01:47:00,26984.5,27150.3,26984.5,27148.0,1619.667,43882317.477
2023-03-23 01:48:00,27148.0,27148.0,27060.6,27076.2,642.263,17398810.6839
2023-03-23 01:49:00,27076.2,27115.0,27043.7,27052.4,325.806,8821997.1065
2023-03-23 01:50:00,27052.4,27052.5,26994.3,27026.6,557.188,15055123.8535
2023-03-23 01:51:00,27026.6,27075.0,27022.2,27026.6,247.197,6687274.7722
2023-03-23 01:52:00,27026.6,27033.7,27000.0,27014.9,153.828,4155506.338
2023-03-23 01:53:00,27014.9,27063.1,27012.3,27060.9,158.346,4280747.2582
2023-03-23 01:54:00,27060.9,27062.0,27010.0,27026.9,157.607,4259861.6118
2023-03-23 01:55:00,27026.9,27094.5,27013.4,27073.6,238.919,6467790.6609
2023-03-23 01:56:00,27073.6,27107.7,27070.2,27085.1,188.665,5110895.2317
2023-03-23 01:57:00,27085.1,27094.9,27044.4,27088.1,156.741,4243521.7589
2023-03-23 01:58:00,27088.1,27120.0,27065.0,27065.5,238.681,6468119.715
2023-03-23 01:59:00,27065.5,27104.4,27064.1,27080.1,140.126,3794620.0776
2023-03-23 02:00:00,27080.1,27081.0,27017.9,27020.4,235.297,6364575.8487
2023-03-23 02:01:00,27020.4,27048.6,26982.2,26982.6,312.942,8451051.2647
2023-03-23 02:02:00,26982.6,27016.1,26939.0,26969.8,667.964,18017402.2116
2023-03-23 02:03:00,26969.8,27069.3,26969.8,27053.3,493.761,13344021.1775
2023-03-23 02:04:00,27053.3,27076.4,27045.1,27051.6,227.9,6165838.8783
2023-03-23 02:05:00,27051.6,27051.6,27004.7,27028.6,200.182,5410382.9988
2023-03-23 02:06:00,27028.6,27070.8,27022.6,27069.8,165.441,4476559.1847
2023-03-23 02:07:00,27069.8,27129.0,27068.5,27107.4,369.911,10027947.678
2023-03-23 02:08:00,27107.4,27122.8,27071.0,27087.0,175.594,4755878.697
2023-03-23 02:09:00,27087.0,27090.2,27051.0,27081.6,141.282,3824420.8262
2023-03-23 02:10:00,27081.6,27081.6,27033.0,27058.0,126.089,3411173.7453
2023-03-23 02:11:00,27058.0,27086.8,27057.9,27069.9,60.416,1635995.096
2023-03-23 02:12:00,27069.9,27119.9,27069.9,27114.8,122.296,3314334.6859
2023-03-23 02:13:00,27114.8,27127.2,27084.0,27114.4,187.13,5074740.8972
2023-03-23 02:14:00,27114.4,27119.9,27107.1,27110.1,84.832,2300045.3357
2023-03-23 02:15:00,27110.1,27252.7,27107.2,27221.2,1158.543,31508426.9538
2023-03-23 02:16:00,27221.2,27273.6,27170.0,27173.4,557.075,15169505.7548
2023-03-23 02:17:00,27173.4,27243.3,27173.3,27221.0,224.015,6096665.8435
2023-03-23 02:18:00,27221.0,27244.1,27200.0,27202.4,133.451,3633461.2432
2023-03-23 02:19:00,27202.4,27269.3,27202.3,27250.1,277.033,7549528.4017
2023-03-23 02:20:00,27250.1,27254.8,27186.9,27191.8,439.852,11970075.7369
2023-03-23 02:21:00,27191.8,27274.9,27191.7,27272.7,257.422,7013111.8509
2023-03-23 02:22:00,27272.7,27285.0,27240.0,27261.3,172.028,4690165.736
2023-03-23 02:23:00,27261.3,27323.7,27261.2,27277.6,527.292,14394240.0886
2023-03-23 02:24:00,27277.6,27322.0,27276.7,27293.1,297.804,8129946.5072
2023-03-23 02:25:00,27293.1,27311.3,27277.2,27309.5,362.187,9885178.5228
2023-03-23 02:26:00,27309.5,27358.1,27271.1,27274.4,618.996,16912814.9291
2023-03-23 02:27:00,27274.4,27279.6,27246.0,27267.7,349.438,9527259.6734
2023-03-23 02:28:00,27267.7,27299.7,27253.0,27272.3,152.797,4167622.9922
2023-03-23 02:29:00,27272.3,27298.3,27251.4,27290.8,160.064,4364329.5242
2023-03-23 02:30:00,27290.8,27298.8,27255.2,27259.9,123.031,3355271.6063
2023-03-23 02:31:00,27259.9,27260.0,27225.2,27248.9,453.441,12353469.558
2023-03-23 02:32:00,27248.9,27259.4,27196.4,27230.0,375.477,10220048.1485
2023-03-23 02:33:00,27230.0,27247.7,27218.1,27218.1,88.501,2410694.0014
2023-03-23 02:34:00,27218.1,27223.0,27155.0,27207.0,369.835,10052583.042
2023-03-23 02:35:00,27207.0,27270.7,27190.1,27250.0,239.098,6512505.7889
2023-03-23 02:36:00,27250.0,27339.2,27249.6,27339.2,292.876,7994104.7143
2023-03-23 02:37:00,27339.2,27416.2,27326.4,27385.1,1181.54,32346946.3256
2023-03-23 02:38:00,27385.1,27418.2,27375.0,27394.7,378.027,10357024.8722
2023-03-23 02:39:00,27394.7,27401.0,27375.0,27381.6,178.133,4879058.2952
2023-03-23 02:40:00,27381.6,27395.2,27350.4,27352.8,277.474,7596049.3459
2023-03-23 02:41:00,27352.8,27365.1,27326.2,27347.3,266.915,7298087.5681
2023-03-23 02:42:00,27347.3,27347.3,27319.7,27339.0,191.503,5234477.0769
2023-03-23 02:43:00,27339.0,27391.1,27330.3,27386.1,181.238,4960066.414
2023-03-23 02:44:00,27386.1,27412.6,27370.5,27399.9,292.348,8009345.4705
2023-03-23 02:45:00,27399.9,27400.0,27367.7,27374.6,210.977,5775213.3452
2023-03-23 02:46:00,27374.6,27375.7,27330.7,27347.7,94.934,2596797.9727
2023-03-23 02:47:00,27347.7,27367.7,27331.1,27340.1,117.689,3218675.5993
2023-03-23 02:48:00,27340.1,27348.0,27321.5,27347.9,115.254,3150623.6319
2023-03-23 02:49:00,27347.9,27367.7,27340.4,27340.4,164.036,4487331.8876
2023-03-23 02:50:00,27340.4,27341.0,27306.0,27315.5,199.022,5436754.0673
2023-03-23 02:51:00,27315.5,27363.7,27313.6,27349.1,131.13,3585161.8067
2023-03-23 02:52:00,27349.1,27352.2,27310.0,27310.0,210.908,5764071.9036
2023-03-23 02:53:00,27310.0,27328.3,27282.4,27321.9,267.195,7294825.4257
2023-03-23 02:54:00,27321.9,27322.0,27221.8,27244.7,498.072,13577106.8984
2023-03-23 02:55:00,27244.7,27282.5,27244.7,27272.0,98.708,2691432.1605
2023-03-23 02:56:00,27272.0,27315.7,27270.0,27303.7,97.31,2656079.186
2023-03-23 02:57:00,27303.7,27320.0,27295.8,27313.7,99.265,2710999.8645
2023-03-23 02:58:00,27313.7,27313.7,27255.8,27266.2,181.04,4939358.2574
2023-03-23 02:59:00,27266.2,27290.6,27248.9,27258.5,173.513,4731593.5779
2023-03-23 03:00:00,27258.5,27258.5,27205.0,27216.3,215.246,5860312.8563
2023-03-23 03:01:00,27216.3,27268.8,27213.0,27246.3,203.234,5535351.9165
2023-03-23 03:02:00,27246.3,27297.9,27237.4,27242.2,175.119,4773912.2145
2023-03-23 03:03:00,27242.2,27257.9,27242.2,27254.0,67.508,1839474.9434
2023-03-23 03:04:00,27254.0,27257.7,27240.6,27240.6,41.857,1140504.9386
2023-03-23 03:05:00,27240.6,27256.3,27227.2,27230.1,55.8,1520240.4471
2023-03-23 03:06:00,27230.1,27236.6,27172.0,27185.6,223.954,6091727.4543
2023-03-23 03:07:00,27185.6,27209.0,27125.5,27179.6,455.89,12382565.5172
2023-03-23 03:08:00,27179.6,27191.0,27155.1,27174.4,172.073,4675693.8525
2023-03-23 03:09:00,27174.4,27174.4,27111.2,27136.6,299.707,8131972.0459
2023-03-23 03:10:00,27136.6,27140.3,27121.1,27130.0,131.246,3560968.8872
2023-03-23 03:11:00,27130.0,27136.5,27122.2,27130.1,42.186,1144608.0744
2023-03-23 03:12:00,27130.1,27130.1,27023.0,27076.6,681.291,18441525.2791
2023-03-23 03:13:00,27076.6,27080.0,27061.1,27078.7,277.433,7510817.1472
2023-03-23 03:14:00,27078.7,27102.2,27076.8,27102.2,142.517,3860125.8166
2023-03-23 03:15:00,27102.2,27187.7,27102.2,27176.1,305.009,8281680.4536
2023-03-23 03:16:00,27176.1,27227.0,27175.7,27175.7,252.422,6866207.8117
2023-03-23 03:17:00,27175.7,27175.8,27150.1,27174.6,97.237,2641105.9658
2023-03-23 03:18:00,27174.6,27210.7,27160.5,27160.6,124.801,3393454.5198
2023-03-23 03:19:00,27160.6,27164.9,27130.8,27136.6,134.027,3638723.0185
2023-03-23 03:20:00,27136.6,27206.7,27117.7,27200.6,149.595,4064020.6082
2023-03-23 03:21:00,27200.6,27201.5,27130.7,27132.1,72.859,1978936.3756
2023-03-23 03:22:00,27132.1,27161.0,27101.3,27101.4,59.677,1619327.1372
2023-03-23 03:23:00,27101.4,27101.4,27063.8,27089.0,188.944,5116794.2336
2023-03-23 03:24:00,27089.0,27139.7,27088.9,27135.1,195.597,5303462.9156
2023-03-23 03:25:00,27135.1,27186.9,27131.9,27186.9,198.549,5392447.1361
2023-03-23 03:26:00,27186.9,27196.0,27149.3,27149.4,54.039,1469046.9285
2023-03-23 03:27:00,27149.4,27168.7,27135.0,27145.4,102.396,2779331.0866
2023-03-23 03:28:00,27145.4,27150.0,27060.0,27108.6,290.314,7867903.8571
2023-03-23 03:29:00,27108.6,27112.4,27066.2,27066.7,99.381,2692576.7561
2023-03-23 03:30:00,27066.7,27112.0,27060.0,27081.4,198.36,5370706.1752
2023-03-23 03:31:00,27081.4,27102.7,27044.0,27052.1,229.575,6213141.0196
2023-03-23 03:32:00,27052.1,27117.5,27052.0,27100.0,228.815,6199845.3312
2023-03-23 03:33:00,27100.0,27120.0,27080.1,27080.1,200.573,5437242.8141
2023-03-23 03:34:00,27080.1,27120.0,27080.1,27119.9,80.736,2188364.8905
2023-03-23 03:35:00,27119.9,27133.3,27096.5,27111.3,144.49,3917937.4573
2023-03-23 03:36:00,27111.3,27163.6,27111.3,27150.0,142.723,3874340.6651
2023-03-23 03:37:00,27150.0,27181.8,27144.9,27145.0,100.5,2729804.8776
2023-03-23 03:38:00,27145.0,27179.9,27139.8,27176.1,211.463,5744620.6258
2023-03-23 03:39:00,27176.1,27183.1,27170.0,27170.1,62.715,1704407.931
2023-03-23 03:40:00,27170.1,27177.9,27152.9,27152.9,53.923,1464688.5874
2023-03-23 03:41:00,27152.9,27153.0,27113.1,27122.6,85.822,2328778.357
2023-03-23 03:42:00,27122.6,27122.6,27080.0,27080.0,94.171,2551229.1431
2023-03-23 03:43:00,27080.0,27095.8,27067.0,27095.8,113.383,3070255.4366
2023-03-23 03:44:00,27095.8,27111.4,27088.4,27106.0,55.042,1491438.7103
2023-03-23 03:45:00,27106.0,27106.0,27077.3,27079.1,44.865,1215024.1757
2023-03-23 03:46:00,27079.1,27079.1,27055.4,27055.4,113.674,3076924.9451
2023-03-23 03:47:00,27055.4,27096.2,27055.1,27091.4,109.341,2960676.8546
2023-03-23 03:48:00,27091.4,27096.5,27083.6,27088.7,26.59,720342.4759
2023-03-23 03:49:00,27088.7,27117.1,27088.7,27114.0,67.25,1822607.4768
2023-03-23 03:50:00,27114.0,27143.9,27113.9,27131.9,87.033,2361600.234
2023-03-23 03:51:00,27131.9,27144.2,27125.2,27125.2,49.823,1352126.8121
2023-03-23 03:52:00,27125.2,27176.9,27120.5,27176.9,142.745,3875154.0585
2023-03-23 03:53:00,27176.9,27185.0,27169.5,27173.1,85.797,2331492.002
2023-03-23 03:54:00,27173.1,27173.1,27150.0,27153.8,66.788,1813709.2332
2023-03-23 03:55:00,27153.8,27153.8,27126.6,27132.7,148.391,4027182.9605
2023-03-23 03:56:00,27132.7,27153.8,27132.7,27153.8,54.686,1483991.6746
2023-03-23 03:57:00,27153.8,27168.8,27150.0,27150.0,97.127,2638320.7442
2023-03-23 03:58:00,27150.0,27156.3,27150.0,27150.0,33.543,910747.4428
2023-03-23 03:59:00,27150.0,27159.8,27145.6,27159.8,96.893,2630781.6742
2023-03-23 04:00:00,27159.8,27174.0,27154.5,27174.0,47.233,1282982.881
2023-03-23 04:01:00,27174.0,27175.0,27155.3,27157.2,34.671,941872.8468
2023-03-23 04:02:00,27157.2,27157.3,27140.1,27141.3,23.092,626880.8663
2023-03-23 04:03:00,27141.3,27148.9,27108.8,27128.4,76.688,2080162.4042
2023-03-23 04:04:00,27128.4,27128.5,27088.2,27095.2,55.106,1493417.5816
2023-03-23 04:05:00,27095.2,27104.9,27075.0,27075.0,48.224,1306448.6145
2023-03-23 04:06:00,27075.0,27089.9,27073.4,27087.5,37.164,1006384.0588
2023-03-23 04:07:00,27087.5,27095.7,27082.1,27091.2,48.368,1310109.6068
2023-03-23 04:08:00,27091.2,27091.3,27068.0,27068.0,30.598,828585.5628
2023-03-23 04:09:00,27068.0,27077.2,27066.6,27073.9,35.397,958284.8737
2023-03-23 04:10:00,27073.9,27095.0,27067.6,27070.1,69.697,1887160.8828
2023-03-23 04:11:00,27070.1,27080.5,27065.4,27065.5,38.749,1048983.4118
2023-03-23 04:12:00,27065.5,27065.5,26967.0,26971.4,756.843,20439167.1744
2023-03-23 04:13:00,26971.4,27040.4,26956.1,27039.2,342.092,9237679.5583
2023-03-23 04:14:00,27039.2,27075.6,27039.2,27062.0,190.334,5151329.399
2023-03-23 04:15:00,27062.0,27062.0,27030.0,27030.0,102.202,2764030.7528
2023-03-23 04:16:00,27030.0,27047.1,27030.0,27033.6,59.517,1609111.0787
2023-03-23 04:17:00,27033.6,27045.5,27018.1,27042.5,100.751,2723383.2615
2023-03-23 04:18:00,27042.5,27091.0,27042.0,27081.0,139.147,3767338.4309
2023-03-23 04:19:00,27081.0,27104.9,27080.9,27093.4,83.177,2253730.0951
2023-03-23 04:20:00,27093.4,27104.9,27093.3,27098.6,88.749,2405047.2445
2023-03-23 04:21:00,27098.6,27130.4,27098.5,27130.4,118.21,3205578.101
2023-03-23 04:22:00,27130.4,27130.7,27099.2,27119.0,61.968,1680323.3679
2023-03-23 04:23:00,27119.0,27133.0,27119.0,27129.9,37.929,1029069.0921
2023-03-23 04:24:00,27129.9,27153.4,27122.5,27152.0,121.489,3296699.4584
2023-03-23 04:25:00,27152.0,27202.3,27152.0,27202.3,334.263,9084677.7858
2023-03-23 04:26:00,27202.3,27214.4,27180.0,27184.3,157.75,4289888.4426
2023-03-23 04:27:00,27184.3,27223.5,27177.5,27200.1,166.318,4524249.1299
2023-03-23 04:28:00,27200.1,27206.9,27187.6,27201.3,215.456,5860339.7874
2023-03-23 04:29:00,27201.3,27208.4,27194.1,27194.1,62.945,1712230.325
2023-03-23 04:30:00,27194.1,27208.7,27172.8,27176.4,120.421,3274002.4457
2023-03-23 04:31:00,27176.4,27187.1,27172.1,27177.0,73.484,1997195.4375
2023-03-23 04:32:00,27177.0,27225.9,27177.0,27216.6,118.696,3228941.8481
2023-03-23 04:33:00,27216.6,27222.1,27201.4,27215.1,51.329,1396659.2414
2023-03-23 04:34:00,27215.1,27240.0,27204.2,27239.3,99.132,2699096.5296
2023-03-23 04:35:00,27239.3,27240.0,27215.1,27217.2,72.725,1980049.9471
2023-03-23 04:36:00,27217.2,27226.6,27211.1,27221.4,52.321,1423975.744
2023-03-23 04:37:00,27221.4,27239.5,27220.0,27230.1,45.169,1229988.7037
2023-03-23 04:38:00,27230.1,27240.0,27223.1,27237.6,92.503,2519225.0575
2023-03-23 04:39:00,27237.6,27265.0,27231.8,27265.0,268.854,7326578.7885
2023-03-23 04:40:00,27265.0,27265.2,27245.4,27249.5,66.647,1816262.2536
2023-03-23 04:41:00,27249.5,27285.5,27242.0,27242.0,192.154,5240415.4166
2023-03-23 04:42:00,27242.0,27273.8,27240.0,27262.3,87.365,2381585.7534
2023-03-23 04:43:00,27262.3,27265.8,27233.8,27233.8,52.408,1428242.1357
2023-03-23 04:44:00,27233.8,27254.5,27233.8,27243.9,43.518,1185632.5554
2023-03-23 04:45:00,27243.9,27256.5,27236.7,27245.9,59.322,1616120.784
2023-03-23 04:46:00,27245.9,27253.9,27240.0,27252.8,45.076,1228080.3609
2023-03-23 04:47:00,27252.8,27258.7,27248.1,27258.7,27.541,750547.3831
2023-03-23 04:48:00,27258.7,27270.2,27258.7,27260.6,42.18,1149994.133
2023-03-23 04:49:00,27260.6,27260.6,27251.7,27251.7,19.744,538142.7671
2023-03-23 04:50:00,27251.7,27255.0,27244.9,27244.9,43.182,1176688.1083
2023-03-23 04:51:00,27244.9,27255.1,27240.4,27240.4,36.076,983049.7436
2023-03-23 04:52:00,27240.4,27250.0,27240.4,27250.0,21.619,588998.4465
2023-03-23 04:53:00,27250.0,27250.0,27243.2,27243.2,24.228,660067.7875
2023-03-23 04:54:00,27243.2,27248.2,27232.2,27232.2,54.229,1477309.7835
2023-03-23 04:55:00,27232.2,27250.0,27232.2,27250.0,18.792,511955.2992
2023-03-23 04:56:00,27250.0,27272.8,27249.9,27272.7,49.948,1361696.8682
2023-03-23 04:57:00,27272.7,27339.0,27272.7,27311.4,483.435,13201396.6018
2023-03-23 04:58:00,27311.4,27329.7,27306.0,27306.1,101.787,2780426.3815
2023-03-23 04:59:00,27306.1,27317.2,27295.8,27301.4,143.055,3906339.7667
2023-03-23 05:00:00,27301.4,27301.4,27278.7,27285.8,56.973,1554597.8741
2023-03-23 05:01:00,27285.8,27306.9,27285.7,27301.7,64.099,1749752.6989
2023-03-23 05:02:00,27301.7,27304.5,27267.1,27270.2,108.679,2964684.358
2023-03-23 05:03:00,27270.2,27273.8,27254.0,27254.0,73.661,2008372.4839
2023-03-23 05:04:00,27254.0,27254.5,27232.8,27247.7,169.396,4613957.5428
2023-03-23 05:05:00,27247.7,27258.8,27247.7,27249.9,41.025,1118045.5431
2023-03-23 05:06:00,27249.9,27264.9,27249.9,27264.9,28.391,773863.786
2023-03-23 05:07:00,27264.9,27281.2,27257.1,27275.9,71.349,1945623.3805
2023-03-23 05:08:00,27275.9,27276.0,27263.5,27264.5,30.189,823215.1685
2023-03-23 05:09:00,27264.5,27269.4,27248.5,27251.9,88.408,2409620.6997
2023-03-23 05:10:00,27251.9,27251.9,27233.2,27237.8,147.992,4031194.4158
2023-03-23 05:11:00,27237.8,27248.7,27223.5,27248.7,101.087,2752756.2762
2023-03-23 05:12:00,27248.7,27250.0,27236.5,27249.9,30.11,820340.2065
2023-03-23 05:13:00,27249.9,27250.1,27240.0,27250.1,71.51,1948270.3497
2023-03-23 05:14:00,27250.1,27250.1,27230.0,27233.6,79.562,2166820.755
2023-03-23 05:15:00,27233.6,27233.7,27204.6,27204.6,45.107,1227860.1069
2023-03-23 05:16:00,27204.6,27236.0,27202.4,27235.9,181.223,4931975.4862
2023-03-23 05:17:00,27235.9,27249.8,27233.4,27244.9,44.404,1209650.8794
2023-03-23 05:18:00,27244.9,27255.8,27244.8,27252.1,26.983,735326.938
2023-03-23 05:19:00,27252.1,27255.0,27236.4,27245.2,52.064,1418339.3969
2023-03-23 05:20:00,27245.2,27271.9,27244.1,27255.4,84.394,2300082.0929
2023-03-23 05:21:00,27255.4,27273.6,27255.4,27273.4,21.215,578589.0074
2023-03-23 05:22:00,27273.4,27279.0,27265.0,27265.1,45.627,1244440.1714
2023-03-23 05:23:00,27265.1,27265.1,27255.5,27258.0,24.77,675208.3209
2023-03-23 05:24:00,27258.0,27258.0,27247.6,27247.7,22.487,612826.4421
2023-03-23 05:25:00,27247.7,27250.0,27243.9,27250.0,13.784,375548.4695
2023-03-23 05:26:00,27250.0,27250.0,27249.9,27249.9,5.548,151182.5197
2023-03-23 05:27:00,27249.9,27250.0,27226.5,27226.6,31.164,848888.2234
2023-03-23 05:28:00,27226.6,27247.8,27226.5,27245.8,16.136,439580.0197
2023-03-23 05:29:00,27245.8,27245.8,27228.7,27233.8,25.347,690330.7558
2023-03-23 05:30:00,27233.8,27240.4,27224.6,27234.7,67.27,1831785.074
2023-03-23 05:31:00,27234.7,27237.1,27220.6,27234.3,32.287,879068.8491
2023-03-23 05:32:00,27234.3,27243.3,27228.9,27234.9,26.798,729831.041
2023-03-23 05:33:00,27234.9,27246.5,27234.1,27246.4,62.659,1706670.9199
2023-03-23 05:34:00,27246.4,27262.7,27246.4,27262.7,49.066,1337398.5647
2023-03-23 05:35:00,27262.7,27262.7,27250.6,27258.5,53.28,1452287.0297
2023-03-23 05:36:00,27258.5,27258.6,27193.9,27197.7,150.79,4103482.8695
2023-03-23 05:37:00,27197.7,27222.1,27197.7,27222.0,144.252,3924750.1302
2023-03-23 05:38:00,27222.0,27222.1,27204.9,27204.9,47.278,1286558.4575
2023-03-23 05:39:00,27204.9,27212.3,27187.0,27189.1,57.88,1574220.7647
2023-03-23 05:40:00,27189.1,27197.0,27187.2,27188.1,47.127,1281392.5548
2023-03-23 05:41:00,27188.1,27211.1,27188.1,27201.1,62.928,1711644.8156
2023-03-23 05:42:00,27201.1,27201.2,27173.5,27177.0,122.781,3337877.5883
2023-03-23 05:43:00,27177.0,27200.0,27177.0,27199.9,90.02,2447814.8248
2023-03-23 05:44:00,27199.9,27276.1,27199.9,27273.9,345.452,9417057.0857
2023-03-23 05:45:00,27273.9,27287.3,27270.4,27280.5,163.772,4467970.7613
2023-03-23 05:46:00,27280.5,27297.6,27276.7,27297.6,101.45,2768664.283
2023-03-23 05:47:00,27297.6,27300.9,27288.2,27300.0,77.309,2110336.9908
2023-03-23 05:48:00,27300.0,27308.3,27290.6,27308.2,105.293,2874361.2389
2023-03-23 05:49:00,27308.2,27352.8,27307.9,27340.5,398.346,10889461.449
2023-03-23 05:50:00,27340.5,27367.7,27332.6,27367.6,316.521,8657670.7877
2023-03-23 05:51:00,27367.6,27367.7,27345.6,27349.9,124.661,3409904.5597
2023-03-23 05:52:00,27349.9,27367.7,27349.9,27367.7,60.956,1667802.4342
2023-03-23 05:53:00,27367.7,27378.4,27341.0,27342.9,275.038,7523474.9526
2023-03-23 05:54:00,27342.9,27357.7,27340.9,27350.0,55.696,1523268.9718
2023-03-23 05:55:00,27350.0,27359.6,27330.0,27359.5,57.938,1584120.8684
2023-03-23 05:56:00,27359.5,27411.1,27359.5,27400.1,361.122,9893992.1926
2023-03-23 05:57:00,27400.1,27402.5,27375.0,27386.1,178.639,4893051.6346
2023-03-23 05:58:00,27386.1,27396.1,27339.0,27342.5,159.643,4367799.5521
2023-03-23 05:59:00,27342.5,27348.5,27340.0,27340.0,45.7,1249579.8323
2023-03-23 06:00:00,27340.0,27355.2,27325.0,27355.1,160.539,4388874.8687
2023-03-23 06:01:00,27355.1,27401.8,27355.0,27401.6,88.031,2410985.0945
2023-03-23 06:02:00,27401.6,27403.3,27347.0,27350.1,259.155,7095451.2347
2023-03-23 06:03:00,27350.1,27353.6,27320.1,27353.6,104.062,2844669.2091
2023-03-23 06:04:00,27353.6,27355.0,27348.3,27348.3,25.856,707234.6897
2023-03-23 06:05:00,27348.3,27360.0,27345.8,27353.1,81.82,2237967.1047
2023-03-23 06:06:00,27353.1,27364.7,27340.0,27346.6,48.427,1324487.3176
2023-03-23 06:07:00,27346.6,27362.7,27346.6,27352.7,25.885,708055.4691
2023-03-23 06:08:00,27352.7,27363.2,27346.0,27363.2,41.3,1129581.995
2023-03-23 06:09:00,27363.2,27381.1,27363.1,27381.0,38.434,1052197.4749
2023-03-23 06:10:00,27381.0,27397.5,27381.0,27388.1,118.264,3238792.1925
2023-03-23 06:11:00,27388.1,27390.5,27380.0,27382.3,47.655,1305079.0094
2023-03-23 06:12:00,27382.3,27382.3,27379.1,27380.4,21.336,584181.3894
2023-03-23 06:13:00,27380.4,27380.5,27353.3,27354.9,43.515,1190975.4304
2023-03-23 06:14:00,27354.9,27358.4,27348.0,27351.7,77.15,2110383.1106
2023-03-23 06:15:00,27351.7,27351.8,27329.8,27329.8,114.704,3136013.8449
2023-03-23 06:16:00,27329.8,27337.7,27316.0,27316.0,99.838,2727913.2434
2023-03-23 06:17:00,27316.0,27332.0,27315.9,27332.0,88.514,2418436.9307
2023-03-23 06:18:00,27332.0,27332.0,27298.0,27308.8,102.976,2812704.6359
2023-03-23 06:19:00,27308.8,27308.9,27283.0,27300.6,110.404,3013400.7862
2023-03-23 06:20:00,27300.6,27308.3,27299.9,27300.6,129.676,3540647.5963
2023-03-23 06:21:00,27300.6,27307.7,27300.6,27301.4,37.174,1015079.3254
2023-03-23 06:22:00,27301.4,27306.9,27286.2,27296.0,54.088,1476510.5892
2023-03-23 06:23:00,27296.0,27296.1,27275.0,27277.0,160.67,4383309.6076
2023-03-23 06:24:00,27277.0,27290.4,27277.0,27290.4,84.993,2318942.9146
2023-03-23 06:25:00,27290.4,27299.5,27285.7,27285.7,33.398,911597.9105
2023-03-23 06:26:00,27285.7,27288.0,27276.0,27287.9,95.156,2595912.3586
2023-03-23 06:27:00,27287.9,27302.8,27287.9,27289.1,91.294,2492246.8879
2023-03-23 06:28:00,27289.1,27290.9,27280.6,27290.9,30.829,841119.9613
2023-03-23 06:29:00,27290.9,27301.2,27286.9,27301.2,42.278,1153869.4768
2023-03-23 06:30:00,27301.2,27308.1,27286.9,27286.9,279.519,7631360.4518
2023-03-23 06:31:00,27286.9,27300.0,27286.9,27296.5,68.001,1855612.3544
2023-03-23 06:32:00,27296.5,27301.0,27296.5,27296.7,38.405,1048441.8652
2023-03-23 06:33:00,27296.7,27296.7,27280.1,27280.1,34.683,946405.8603
2023-03-23 06:34:00,27280.1,27289.0,27277.0,27281.5,61.007,1664323.6429
2023-03-23 06:35:00,27281.5,27281.6,27253.4,27267.7,169.597,4624507.7843
2023-03-23 06:36:00,27267.7,27286.0,27267.6,27280.1,43.976,1199642.0859
2023-03-23 06:37:00,27280.1,27280.2,27278.7,27279.9,10.296,280869.3305
2023-03-23 06:38:00,27279.9,27279.9,27266.2,27266.3,47.833,1304715.4024
2023-03-23 06:39:00,27266.3,27274.9,27266.2,27271.6,25.047,683048.1785
2023-03-23 06:40:00,27271.6,27271.6,27241.7,27244.3,138.981,3788067.5405
2023-03-23 06:41:00,27244.3,27253.7,27240.1,27249.6,72.889,1985904.6744
2023-03-23 06:42:00,27249.6,27249.6,27240.1,27247.4,33.449,911244.3736
2023-03-23 06:43:00,27247.4,27256.2,27241.0,27245.8,59.597,1623791.9034
2023-03-23 06:44:00,27245.8,27248.2,27240.0,27240.1,28.913,787686.7468
2023-03-23 06:45:00,27240.1,27240.1,27232.6,27232.6,73.522,2002599.8134
2023-03-23 06:46:00,27232.6,27232.6,27222.3,27223.0,85.586,2330091.6189
2023-03-23 06:47:00,27223.0,27235.0,27223.0,27235.0,41.954,1142369.4109
2023-03-23 06:48:00,27235.0,27259.7,27234.9,27259.7,80.486,2193018.9455
2023-03-23 06:49:00,27259.7,27274.0,27250.0,27250.0,75.927,2069997.7943
2023-03-23 06:50:00,27250.0,27255.2,27242.7,27255.2,29.07,792108.6305
2023-03-23 06:51:00,27255.2,27289.3,27255.1,27282.8,94.239,2570658.0448
2023-03-23 06:52:00,27282.8,27282.8,27270.0,27275.5,42.146,1149542.469
2023-03-23 06:53:00,27275.5,27303.8,27275.4,27296.3,78.543,2143832.7848
2023-03-23 06:54:00,27296.3,27296.5,27283.6,27283.7,14.084,384364.5932
2023-03-23 06:55:00,27283.7,27283.7,27271.1,27273.4,90.413,2466009.4579
2023-03-23 06:56:00,27273.4,27273.4,27272.2,27272.2,16.894,460750.4392
2023-03-23 06:57:00,27272.2,27282.6,27272.0,27282.5,17.476,476642.8094
2023-03-23 06:58:00,27282.5,27282.6,27252.9,27252.9,18.334,499916.5951
2023-03-23 06:59:00,27252.9,27255.0,27241.2,27247.0,67.54,1840172.0267
2023-03-23 07:00:00,27247.0,27255.3,27247.0,27255.2,16.323,444829.4107
2023-03-23 07:01:00,27255.2,27255.3,27239.0,27239.1,24.09,656363.8767
2023-03-23 07:02:00,27239.1,27247.1,27239.1,27242.7,22.195,604681.9104
2023-03-23 07:03:00,27242.7,27264.8,27242.7,27262.6,27.481,748910.0469
2023-03-23 07:04:00,27262.6,27265.8,27246.9,27253.8,28.168,767808.1996
2023-03-23 07:05:00,27253.8,27253.8,27211.4,27211.4,84.944,2312564.0802
2023-03-23 07:06:00,27211.4,27220.0,27206.5,27219.1,87.19,2372506.0996
2023-03-23 07:07:00,27219.1,27230.0,27219.0,27227.1,28.067,764092.7956
2023-03-23 07:08:00,27227.1,27227.1,27220.0,27220.1,36.71,999391.6051
2023-03-23 07:09:00,27220.1,27225.0,27205.0,27205.0,33.74,918289.3399
2023-03-23 07:10:00,27205.0,27205.1,27182.0,27188.8,169.398,4606130.1073
2023-03-23 07:11:00,27188.8,27226.0,27188.7,27219.4,107.488,2924141.4186
2023-03-23 07:12:00,27219.4,27235.3,27219.3,27220.0,68.255,1858581.6335
2023-03-23 07:13:00,27220.0,27222.1,27219.0,27220.1,12.966,352957.0919
2023-03-23 07:14:00,27220.1,27220.2,27202.1,27204.9,17.31,470996.2928
2023-03-23 07:15:00,27204.9,27216.3,27204.9,27216.2,18.247,496579.208
2023-03-23 07:16:00,27216.2,27220.0,27190.1,27195.1,34.382,935245.5299
2023-03-23 07:17:00,27195.1,27202.4,27193.3,27193.4,16.892,459470.8354
2023-03-23 07:18:00,27193.4,27193.4,27155.4,27156.5,256.489,6968348.7057
2023-03-23 07:19:00,27156.5,27163.7,27123.2,27163.6,504.654,13698906.971
2023-03-23 07:20:00,27163.6,27173.5,27155.7,27155.7,74.887,2034456.2147
2023-03-23 07:21:00,27155.7,27160.7,27110.5,27114.5,128.777,3493610.4314
2023-03-23 07:22:00,27114.5,27144.2,27103.5,27139.4,153.21,4155335.6311
2023-03-23 07:23:00,27139.4,27153.2,27138.6,27149.0,75.308,2044384.507
2023-03-23 07:24:00,27149.0,27158.7,27139.9,27158.7,18.768,509557.4123
2023-03-23 07:25:00,27158.7,27182.2,27158.6,27180.9,146.013,3967152.4037
2023-03-23 07:26:00,27180.9,27181.0,27165.4,27166.1,59.833,1625932.2024
2023-03-23 07:27:00,27166.1,27168.1,27158.0,27168.0,11.35,308300.9092
2023-03-23 07:28:00,27168.0,27172.4,27160.2,27171.6,16.141,438521.7947
2023-03-23 07:29:00,27171.6,27173.0,27138.6,27138.6,136.309,3700914.173
2023-03-23 07:30:00,27138.6,27138.7,27126.1,27135.4,75.764,2055555.7944
2023-03-23 07:31:00,27135.4,27154.3,27135.4,27154.2,158.692,4308745.391
2023-03-23 07:32:00,27154.2,27158.2,27143.1,27158.2,88.407,2400274.4796
2023-03-23 07:33:00,27158.2,27178.9,27158.1,27178.9,50.854,1381760.2688
2023-03-23 07:34:00,27178.9,27179.2,27169.0,27169.0,24.921,677272.8865
2023-03-23 07:35:00,27169.0,27183.7,27163.9,27183.7,37.498,1018879.4056
2023-03-23 07:36:00,27183.7,27189.6,27183.6,27189.0,25.183,684690.2266
2023-03-23 07:37:00,27189.0,27189.1,27176.3,27182.0,29.248,794980.3487
2023-03-23 07:38:00,27182.0,27199.9,27181.9,27199.2,42.119,1145370.7823
2023-03-23 07:39:00,27199.2,27199.2,27198.9,27198.9,16.916,460100.337
2023-03-23 07:40:00,27198.9,27214.0,27198.9,27214.0,193.875,5274963.17
2023-03-23 07:41:00,27214.0,27214.0,27200.0,27200.1,74.094,2015776.9135
2023-03-23 07:42:00,27200.1,27221.2,27200.0,27221.2,61.899,1683876.4225
2023-03-23 07:43:00,27221.2,27239.9,27213.9,27215.8,96.773,2634903.88
2023-03-23 07:44:00,27215.8,27230.3,27215.7,27230.2,16.077,437716.776
2023-03-23 07:45:00,27230.2,27230.3,27213.2,27213.2,33.749,918701.7596
2023-03-23 07:46:00,27213.2,27213.3,27210.0,27210.5,15.378,418456.0166
2023-03-23 07:47:00,27210.5,27210.5,27205.9,27207.7,37.033,1007627.4332
2023-03-23 07:48:00,27207.7,27234.9,27207.7,27234.6,113.442,3086970.8804
2023-03-23 07:49:00,27234.6,27248.2,27234.5,27245.6,62.067,1690877.706
2023-03-23 07:50:00,27245.6,27245.7,27245.6,27245.7,14.308,389830.385
2023-03-23 07:51:00,27245.7,27245.7,27240.0,27240.1,22.935,624834.7817
2023-03-23 07:52:00,27240.1,27240.1,27239.2,27239.4,11.695,318563.5447
2023-03-23 07:53:00,27239.4,27239.9,27228.0,27228.0,30.242,823696.2031
2023-03-23 07:54:00,27228.0,27260.4,27228.0,27260.3,78.371,2135584.4496
2023-03-23 07:55:00,27260.3,27260.4,27250.8,27255.0,47.489,1294399.1123
2023-03-23 07:56:00,27255.0,27255.1,27250.0,27250.0,14.181,386451.4429
2023-03-23 07:57:00,27250.0,27271.0,27250.0,27262.3,91.259,2487984.313
2023-03-23 07:58:00,27262.3,27279.0,27262.3,27279.0,19.659,536154.9419
2023-03-23 07:59:00,27279.0,27279.8,27272.6,27274.4,40.961,1117310.1691
2023-03-23 08:00:00,27274.4,27274.4,27262.3,27262.4,28.77,784509.2226
2023-03-23 08:01:00,27262.4,27262.5,27243.2,27253.8,53.271,1451721.7192
2023-03-23 08:02:00,27253.8,27282.0,27253.8,27282.0,81.986,2236041.6693
2023-03-23 08:03:00,27282.0,27298.2,27280.0,27285.2,120.381,3285128.3738
2023-03-23 08:04:00,27285.2,27291.4,27281.4,27286.8,65.515,1787696.6095
2023-03-23 08:05:00,27286.8,27295.5,27285.3,27295.4,31.218,852021.9355
2023-03-23 08:06:00,27295.4,27295.5,27293.6,27293.6,20.497,559467.3133
2023-03-23 08:07:00,27293.6,27293.7,27292.2,27292.3,14.389,392709.164
2023-03-23 08:08:00,27292.3,27292.3,27278.0,27288.7,30.84,841450.086
2023-03-23 08:09:00,27288.7,27292.3,27288.6,27292.3,25.125,685668.9496
2023-03-23 08:10:00,27292.3,27292.3,27284.0,27287.3,45.29,1235983.9956
2023-03-23 08:11:00,27287.3,27305.0,27281.7,27281.7,140.489,3834822.4093
2023-03-23 08:12:00,27281.7,27285.0,27276.8,27284.9,63.29,1726613.8679
2023-03-23 08:13:00,27284.9,27295.6,27280.0,27286.6,32.34,882440.4697
2023-03-23 08:14:00,27286.6,27289.4,27267.3,27267.3,34.883,951599.7007
2023-03-23 08:15:00,27267.3,27277.7,27265.5,27276.3,37.124,1012360.5167
2023-03-23 08:16:00,27276.3,27320.3,27276.3,27316.5,112.29,3065800.2147
2023-03-23 08:17:00,27316.5,27321.0,27310.0,27313.1,70.925,1937426.9286
2023-03-23 08:18:00,27313.1,27314.0,27313.0,27313.9,17.382,474756.4615
2023-03-23 08:19:00,27313.9,27314.0,27298.9,27302.4,46.524,1270402.2083
2023-03-23 08:20:00,27302.4,27302.4,27296.9,27302.0,78.752,2149929.9162
2023-03-23 08:21:00,27302.0,27314.1,27301.9,27312.6,88.785,2424515.2779
2023-03-23 08:22:00,27312.6,27334.0,27312.5,27328.5,74.092,2024657.6098
2023-03-23 08:23:00,27328.5,27329.5,27317.6,27318.7,40.674,1111488.9007
2023-03-23 08:24:00,27318.7,27320.0,27312.0,27319.9,23.214,634134.5776
2023-03-23 08:25:00,27319.9,27328.3,27319.9,27320.5,26.847,733536.5476
2023-03-23 08:26:00,27320.5,27330.0,27316.3,27328.7,22.765,622038.8477
2023-03-23 08:27:00,27328.7,27339.9,27328.1,27335.5,53.985,1475710.8853
2023-03-23 08:28:00,27335.5,27335.6,27325.0,27327.8,39.68,1084558.1188
2023-03-23 08:29:00,27327.8,27336.9,27318.6,27336.9,48.307,1320064.5163
2023-03-23 08:30:00,27336.9,27367.3,27336.9,27350.3,189.501,5183032.8086
2023-03-23 08:31:00,27350.3,27362.3,27347.5,27356.1,61.19,1674092.7744
2023-03-23 08:32:00,27356.1,27379.4,27353.1,27360.9,97.101,2657294.1944
2023-03-23 08:33:00,27360.9,27360.9,27341.0,27342.9,64.328,1759206.4855
2023-03-23 08:34:00,27342.9,27342.9,27335.0,27335.0,25.9,708101.5577
2023-03-23 08:35:00,27335.0,27338.4,27312.6,27322.4,184.297,5036336.6077
2023-03-23 08:36:00,27322.4,27373.0,27322.4,27366.3,86.805,2374154.4655
2023-03-23 08:37:00,27366.3,27368.1,27349.6,27349.6,44.753,1224298.9406
2023-03-23 08:38:00,27349.6,27360.0,27342.0,27342.0,40.908,1118879.5072
2023-03-23 08:39:00,27342.0,27351.1,27342.0,27346.0,22.702,620794.0122
2023-03-23 08:40:00,27346.0,27352.0,27346.0,27348.4,36.215,990441.4907
2023-03-23 08:41:00,27348.4,27358.7,27343.6,27356.0,58.952,1612234.2855
2023-03-23 08:42:00,27356.0,27356.6,27342.0,27343.9,94.2,2576157.8805
2023-03-23 08:43:00,27343.9,27347.1,27330.7,27337.1,35.757,977624.5217
2023-03-23 08:44:00,27337.1,27337.1,27327.3,27328.9,16.067,439145.7803
2023-03-23 08:45:00,27328.9,27330.8,27313.7,27313.7,141.356,3862780.1512
2023-03-23 08:46:00,27313.7,27314.2,27307.9,27309.4,111.499,3045162.1213
2023-03-23 08:47:00,27309.4,27316.0,27309.3,27315.9,34.132,932227.8841
2023-03-23 08:48:00,27315.9,27320.3,27315.9,27320.2,32.826,896793.613
2023-03-23 08:49:00,27320.2,27320.3,27304.7,27304.9,101.029,2759865.298
2023-03-23 08:50:00,27304.9,27317.0,27304.8,27316.0,57.059,1558399.5749
2023-03-23 08:51:00,27316.0,27322.2,27310.2,27318.3,148.638,4060205.8085
2023-03-23 08:52:00,27318.3,27325.2,27318.3,27324.3,17.112,467517.574
2023-03-23 08:53:00,27324.3,27324.4,27304.1,27307.7,37.598,1026758.8808
2023-03-23 08:54:00,27307.7,27319.3,27302.3,27302.3,26.472,722904.7114
2023-03-23 08:55:00,27302.3,27302.4,27286.3,27292.7,98.501,2688306.9463
2023-03-23 08:56:00,27292.7,27304.0,27292.6,27304.0,25.521,696638.3082
2023-03-23 08:57:00,27304.0,27313.2,27303.9,27304.1,28.788,786178.4092
2023-03-23 08:58:00,27304.1,27311.7,27303.1,27303.1,26.548,725011.4019
2023-03-23 08:59:00,27303.1,27305.0,27303.1,27305.0,7.753,211685.9277
2023-03-23 09:00:00,27305.0,27310.9,27290.1,27310.9,86.645,2365391.0614
2023-03-23 09:01:00,27310.9,27318.9,27310.8,27315.6,33.565,916807.6641
2023-03-23 09:02:00,27315.6,27327.2,27315.6,27327.2,25.701,702245.8601
2023-03-23 09:03:00,27327.2,27331.5,27327.1,27328.6,23.521,642812.9451
2023-03-23 09:04:00,27328.6,27339.9,27328.6,27337.9,40.055,1094825.1149
2023-03-23 09:05:00,27337.9,27344.9,27328.6,27338.3,89.33,2442196.0726
2023-03-23 09:06:00,27338.3,27350.0,27338.3,27350.0,32.086,877434.3346
2023-03-23 09:07:00,27350.0,27366.0,27349.9,27362.7,78.695,2153159.7083
2023-03-23 09:08:00,27362.7,27362.8,27349.9,27357.0,66.293,1813640.2761
2023-03-23 09:09:00,27357.0,27357.0,27336.1,27337.8,22.857,625053.8593
2023-03-23 09:10:00,27337.8,27339.1,27324.8,27335.9,98.052,2679692.0392
2023-03-23 09:11:00,27335.9,27348.4,27335.9,27348.3,17.007,464990.1744
2023-03-23 09:12:00,27348.3,27360.0,27348.3,27360.0,23.729,649091.3152
2023-03-23 09:13:00,27360.0,27360.0,27336.7,27338.7,87.806,2400789.8998
2023-03-23 09:14:00,27338.7,27344.0,27327.3,27344.0,55.23,1509563.2089
2023-03-23 09:15:00,27344.0,27348.5,27337.2,27348.5,18.554,507308.8611
2023-03-23 09:16:00,27348.5,27349.9,27348.4,27349.9,32.747,895589.5234
2023-03-23 09:17:00,27349.9,27349.9,27333.6,27335.0,44.066,1204816.141
2023-03-23 09:18:00,27335.0,27335.0,27329.5,27332.0,23.081,630823.4505
2023-03-23 09:19:00,27332.0,27335.0,27326.8,27334.9,32.664,892699.155
2023-03-23 09:20:00,27334.9,27345.2,27334.9,27345.2,12.991,355187.7249
2023-03-23 09:21:00,27345.2,27354.0,27345.1,27354.0,23.564,644428.7617
2023-03-23 09:22:00,27354.0,27397.2,27354.0,27389.7,343.764,9412973.4299
2023-03-23 09:23:00,27389.7,27408.8,27386.8,27394.0,222.113,6085738.8166
2023-03-23 09:24:00,27394.0,27394.0,27390.0,27392.0,59.535,1630777.6442
2023-03-23 09:25:00,27392.0,27392.1,27389.4,27389.4,46.653,1277853.0688
2023-03-23 09:26:00,27389.4,27390.2,27371.6,27371.6,107.454,2942121.9373
2023-03-23 09:27:00,27371.6,27375.7,27358.2,27367.4,48.678,1332186.3483
2023-03-23 09:28:00,27367.4,27381.2,27364.2,27364.2,76.558,2095605.7319
2023-03-23 09:29:00,27364.2,27367.0,27339.6,27344.0,122.291,3344695.0024
2023-03-23 09:30:00,27344.0,27344.0,27338.8,27344.0,110.065,3009211.4205
2023-03-23 09:31:00,27344.0,27344.0,27331.2,27334.2,36.325,992944.4133
2023-03-23 09:32:00,27334.2,27334.3,27330.6,27333.0,54.239,1482481.717
2023-03-23 09:33:00,27333.0,27340.0,27332.9,27340.0,104.855,2866141.6465
2023-03-23 09:34:00,27340.0,27352.0,27339.8,27351.9,22.108,604537.2256
2023-03-23 09:35:00,27351.9,27352.0,27347.6,27352.0,16.332,446698.3621
2023-03-23 09:36:00,27352.0,27368.5,27351.6,27368.5,54.905,1501923.6375
2023-03-23 09:37:00,27368.5,27370.7,27358.5,27360.7,36.161,989567.6449
2023-03-23 09:38:00,27360.7,27360.8,27348.4,27350.1,24.696,675567.2275
2023-03-23 09:39:00,27350.1,27360.0,27350.1,27360.0,12.817,350644.7434
2023-03-23 09:40:00,27360.0,27367.7,27360.0,27367.7,24.418,668192.6576
2023-03-23 09:41:00,27367.7,27373.1,27367.7,27373.0,24.661,675031.2563
2023-03-23 09:42:00,27373.0,27373.0,27358.1,27358.2,42.65,1167341.5437
2023-03-23 09:43:00,27358.2,27372.3,27358.2,27372.2,27.537,753582.9042
2023-03-23 09:44:00,27372.2,27390.5,27370.8,27387.6,54.91,1503726.9144
2023-03-23 09:45:00,27387.6,27390.1,27373.9,27374.0,28.779,788119.3368
2023-03-23 09:46:00,27374.0,27374.0,27368.0,27368.1,9.909,271220.567
2023-03-23 09:47:00,27368.1,27395.4,27368.1,27380.6,76.595,2097519.5706
2023-03-23 09:48:00,27380.6,27380.6,27373.7,27373.8,15.981,437496.6389
2023-03-23 09:49:00,27373.8,27378.4,27367.9,27378.3,22.665,620374.9162
2023-03-23 09:50:00,27378.3,27378.9,27378.3,27378.8,9.539,261162.2872
2023-03-23 09:51:00,27378.8,27380.0,27378.4,27378.4,11.006,301337.748
2023-03-23 09:52:00,27378.4,27379.9,27378.4,27378.8,11.853,324526.9676
2023-03-23 09:53:00,27378.8,27378.8,27364.9,27364.9,14.047,384445.2942
2023-03-23 09:54:00,27364.9,27372.9,27356.0,27356.0,27.213,744586.3692
2023-03-23 09:55:00,27356.0,27366.8,27356.0,27366.8,24.599,673040.9429
2023-03-23 09:56:00,27366.8,27372.0,27366.8,27371.9,61.637,1686968.4304
2023-03-23 09:57:00,27371.9,27372.0,27365.6,27365.6,13.912,380756.7949
2023-03-23 09:58:00,27365.6,27368.0,27365.6,27365.9,17.992,492375.9643
2023-03-23 09:59:00,27365.9,27372.0,27365.8,27372.0,10.856,297127.3808
2023-03-23 10:00:00,27372.0,27381.3,27371.9,27381.3,20.772,568676.1967
2023-03-23 10:01:00,27381.3,27381.3,27373.8,27374.4,19.287,528012.6411
2023-03-23 10:02:00,27374.4,27374.5,27369.3,27369.4,24.996,684183.3839
2023-03-23 10:03:00,27369.4,27370.8,27361.5,27370.7,58.843,1610242.9301
2023-03-23 10:04:00,27370.7,27384.4,27370.7,27377.1,82.321,2253889.5085
2023-03-23 10:05:00,27377.1,27391.7,27377.1,27391.7,64.569,1768407.5909
2023-03-23 10:06:00,27391.7,27392.7,27385.0,27387.3,42.897,1174870.263
2023-03-23 10:07:00,27387.3,27404.7,27387.2,27402.4,103.318,2830775.5498
2023-03-23 10:08:00,27402.4,27405.8,27376.6,27376.6,73.022,2000788.5617
2023-03-23 10:09:00,27376.6,27376.6,27361.6,27361.6,46.085,1261248.2512
2023-03-23 10:10:00,27361.6,27361.7,27350.1,27350.5,45.416,1242408.3549
2023-03-23 10:11:00,27350.5,27350.5,27335.0,27335.0,74.572,2038786.6869
2023-03-23 10:12:00,27335.0,27336.7,27317.1,27317.1,119.551,3267455.0952
2023-03-23 10:13:00,27317.1,27320.0,27312.0,27320.0,75.479,2061844.1506
2023-03-23 10:14:00,27320.0,27332.9,27305.8,27320.3,85.509,2335955.342
2023-03-23 10:15:00,27320.3,27332.1,27320.0,27325.8,35.68,975004.7648
2023-03-23 10:16:00,27325.8,27333.3,27325.7,27327.5,11.571,316244.2179
2023-03-23 10:17:00,27327.5,27335.6,27327.4,27335.5,22.895,625750.0829
2023-03-23 10:18:00,27335.5,27339.9,27327.0,27327.1,29.334,801848.2528
2023-03-23 10:19:00,27327.1,27327.1,27327.0,27327.1,13.879,379272.2051
2023-03-23 10:20:00,27327.1,27327.1,27311.5,27311.5,32.001,874148.2774
2023-03-23 10:21:00,27311.5,27314.4,27311.4,27312.5,20.944,572047.4497
2023-03-23 10:22:00,27312.5,27312.6,27285.8,27295.4,140.245,3828184.9387
2023-03-23 10:23:00,27295.4,27299.2,27292.3,27299.2,31.758,866866.7285
2023-03-23 10:24:00,27299.2,27309.8,27299.1,27300.0,30.417,830537.2921
2023-03-23 10:25:00,27300.0,27300.1,27283.0,27283.0,50.651,1382243.4553
2023-03-23 10:26:00,27283.0,27287.8,27275.4,27275.5,79.138,2158895.6622
2023-03-23 10:27:00,27275.5,27280.0,27244.4,27248.5,505.916,13791655.0054
2023-03-23 10:28:00,27248.5,27258.3,27235.6,27242.1,176.701,4814186.2681
2023-03-23 10:29:00,27242.1,27259.3,27242.0,27259.3,51.498,1403468.9991
2023-03-23 10:30:00,27259.3,27285.9,27259.2,27267.7,209.759,5720897.1553
2023-03-23 10:31:00,27267.7,27272.9,27261.8,27270.3,50.973,1389922.2672
2023-03-23 10:32:00,27270.3,27279.9,27268.9,27279.9,30.414,829576.8995
2023-03-23 10:33:00,27279.9,27284.2,27275.0,27280.0,21.548,587859.4678
2023-03-23 10:34:00,27280.0,27296.4,27279.9,27296.3,34.948,953726.0726
2023-03-23 10:35:00,27296.3,27297.9,27285.0,27286.4,32.933,898819.9155
2023-03-23 10:36:00,27286.4,27293.7,27286.3,27292.1,25.262,689378.4869
2023-03-23 10:37:00,27292.1,27304.7,27292.0,27293.5,58.566,1598798.4621
2023-03-23 10:38:00,27293.5,27312.8,27293.5,27312.7,52.073,1421999.0091
2023-03-23 10:39:00,27312.7,27315.1,27309.6,27311.5,33.335,910485.6082
2023-03-23 10:40:00,27311.5,27315.9,27311.4,27315.9,16.429,448736.3098
2023-03-23 10:41:00,27315.9,27319.0,27315.8,27319.0,15.282,417458.2669
2023-03-23 10:42:00,27319.0,27327.7,27308.0,27308.2,86.082,2351763.1307
2023-03-23 10:43:00,27308.2,27308.2,27304.1,27304.1,23.685,646741.8574
2023-03-23 10:44:00,27304.1,27310.5,27304.1,27304.5,19.396,529660.3761
2023-03-23 10:45:00,27304.5,27309.9,27303.2,27309.9,16.073,438869.8072
2023-03-23 10:46:00,27309.9,27309.9,27309.8,27309.9,10.511,287053.8973
2023-03-23 10:47:00,27309.9,27309.9,27309.8,27309.8,6.861,187372.7823
2023-03-23 10:48:00,27309.8,27309.9,27306.0,27306.9,45.113,1231941.0528
2023-03-23 10:49:00,27306.9,27324.7,27306.8,27324.6,33.846,924322.6741
2023-03-23 10:50:00,27324.6,27332.8,27324.6,27332.8,36.457,996326.2292
2023-03-23 10:51:00,27332.8,27334.0,27332.0,27334.0,32.335,883794.818
2023-03-23 10:52:00,27334.0,27344.2,27333.9,27344.2,29.646,810467.6734
2023-03-23 10:53:00,27344.2,27347.2,27344.1,27347.2,48.38,1322950.6371
2023-03-23 10:54:00,27347.2,27349.0,27340.6,27348.4,64.753,1770784.4092
2023-03-23 10:55:00,27348.4,27382.0,27348.3,27363.6,312.791,8558900.7676
2023-03-23 10:56:00,27363.6,27390.6,27363.5,27384.2,95.801,2623202.4835
2023-03-23 10:57:00,27384.2,27387.0,27378.1,27386.9,53.621,1468406.8273
2023-03-23 10:58:00,27386.9,27387.0,27368.0,27368.0,50.286,1376592.4016
2023-03-23 10:59:00,27368.0,27380.0,27367.1,27380.0,50.805,1390767.6697
2023-03-23 11:00:00,27380.0,27384.1,27375.1,27376.5,34.773,952045.6852
2023-03-23 11:01:00,27376.5,27376.5,27369.5,27369.7,35.074,960036.7084
2023-03-23 11:02:00,27369.7,27381.9,27369.7,27380.0,49.523,1355714.9802
2023-03-23 11:03:00,27380.0,27500.0,27380.0,27480.4,1569.086,43089426.2304
2023-03-23 11:04:00,27480.4,27559.9,27480.3,27526.1,1044.671,28754175.8774
2023-03-23 11:05:00,27526.1,27531.7,27490.1,27492.2,227.79,6266424.6465
2023-03-23 11:06:00,27492.2,27509.2,27467.5,27485.0,278.831,7662919.4761
2023-03-23 11:07:00,27485.0,27485.1,27470.0,27475.0,122.748,3372384.6639
2023-03-23 11:08:00,27475.0,27514.7,27473.1,27488.2,144.704,3978989.8794
2023-03-23 11:09:00,27488.2,27488.9,27470.0,27470.1,94.753,2603708.3668
2023-03-23 11:10:00,27470.1,27490.0,27470.0,27483.4,73.66,2024209.2058
2023-03-23 11:11:00,27483.4,27574.7,27483.4,27515.2,566.367,15600901.7244
2023-03-23 11:12:00,27515.2,27547.2,27502.0,27547.1,327.2,9004356.9162
2023-03-23 11:13:00,27547.1,27578.7,27532.1,27554.5,313.762,8647433.8709
2023-03-23 11:14:00,27554.5,27564.8,27541.9,27555.7,257.149,7085033.7859
2023-03-23 11:15:00,27555.7,27563.6,27555.2,27555.2,105.276,2901136.4129
2023-03-23 11:16:00,27555.2,27555.3,27525.9,27541.7,111.933,3082726.5705
2023-03-23 11:17:00,27541.7,27553.4,27513.8,27547.7,122.23,3364892.3793
2023-03-23 11:18:00,27547.7,27573.4,27544.7,27566.8,158.831,4378348.71
2023-03-23 11:19:00,27566.8,27593.9,27564.0,27577.8,297.893,8215515.0717
2023-03-23 11:20:00,27577.8,27578.0,27566.0,27570.0,101.544,2799768.194
2023-03-23 11:21:00,27570.0,27595.0,27563.2,27584.1,156.954,4328792.2639
2023-03-23 11:22:00,27584.1,27639.5,27583.1,27615.5,524.482,14481316.6059
2023-03-23 11:23:00,27615.5,27630.0,27606.3,27609.1,177.179,4892660.7592
2023-03-23 11:24:00,27609.1,27677.0,27592.4,27659.3,834.519,23068267.44
2023-03-23 11:25:00,27659.3,27681.0,27618.2,27618.3,332.265,9190414.8536
2023-03-23 11:26:00,27618.3,27660.0,27618.2,27648.0,216.496,5985243.6075
2023-03-23 11:27:00,27648.0,27648.0,27631.1,27634.4,191.728,5298844.6139
2023-03-23 11:28:00,27634.4,27635.1,27613.8,27620.0,130.848,3614620.1169
2023-03-23 11:29:00,27620.0,27634.0,27606.8,27606.8,228.195,6302995.2425
2023-03-23 11:30:00,27606.8,27639.9,27601.0,27602.9,222.173,6135659.2773
2023-03-23 11:31:00,27602.9,27607.9,27600.1,27600.1,58.996,1628560.2174
2023-03-23 11:32:00,27600.1,27606.5,27555.0,27566.5,398.894,11000597.4952
2023-03-23 11:33:00,27566.5,27579.9,27541.6,27561.6,477.413,13155445.2616
2023-03-23 11:34:00,27561.6,27588.6,27547.6,27568.0,104.011,2867573.8635
2023-03-23 11:35:00,27568.0,27598.0,27562.1,27597.9,70.948,1956987.2904
2023-03-23 11:36:00,27597.9,27629.0,27597.9,27628.2,117.621,3248260.6657
2023-03-23 11:37:00,27628.2,27649.9,27628.1,27649.6,115.364,3189048.9233
2023-03-23 11:38:00,27649.6,27649.6,27620.7,27620.8,221.265,6113756.0254
2023-03-23 11:39:00,27620.8,27631.1,27613.3,27618.8,127.293,3516085.0785
2023-03-23 11:40:00,27618.8,27625.7,27600.1,27606.0,68.806,1899966.4181
2023-03-23 11:41:00,27606.0,27610.5,27587.9,27587.9,68.794,1898639.1183
2023-03-23 11:42:00,27587.9,27592.0,27565.0,27591.9,71.338,1967389.848
2023-03-23 11:43:00,27591.9,27605.0,27580.1,27605.0,53.693,1481633.0896
2023-03-23 11:44:00,27605.0,27605.0,27592.5,27593.9,21.333,588769.5032
2023-03-23 11:45:00,27593.9,27607.6,27581.1,27581.1,41.499,1145176.0898
2023-03-23 11:46:00,27581.1,27581.2,27573.8,27580.0,100.165,2762384.7772
2023-03-23 11:47:00,27580.0,27580.1,27570.0,27570.0,72.249,1992368.2548
2023-03-23 11:48:00,27570.0,27590.1,27570.0,27590.1,97.699,2694729.806
2023-03-23 11:49:00,27590.1,27601.5,27590.1,27596.5,28.553,787950.2486
2023-03-23 11:50:00,27596.5,27596.5,27590.0,27592.1,74.806,2064140.8245
2023-03-23 11:51:00,27592.1,27626.8,27592.0,27626.8,101.634,2806564.4282
2023-03-23 11:52:00,27626.8,27633.0,27622.6,27622.7,53.521,1478812.7317
2023-03-23 11:53:00,27622.7,27634.9,27615.1,27633.9,109.138,3014573.538
2023-03-23 11:54:00,27633.9,27657.3,27633.9,27654.6,128.826,3561768.0032
2023-03-23 11:55:00,27654.6,27657.3,27623.0,27635.1,107.773,2978767.4107
2023-03-23 11:56:00,27635.1,27635.1,27616.2,27616.2,24.24,669655.2578
2023-03-23 11:57:00,27616.2,27621.3,27614.9,27618.0,37.503,1035715.2483
2023-03-23 11:58:00,27618.0,27652.7,27612.3,27652.6,52.583,1453320.4732
2023-03-23 11:59:00,27652.6,27652.9,27636.0,27636.0,36.426,1007003.2543
2023-03-23 12:00:00,27636.0,27636.1,27621.7,27634.0,47.314,1307324.7671
2023-03-23 12:01:00,27634.0,27672.0,27633.9,27653.6,94.797,2622091.0513
2023-03-23 12:02:00,27653.6,27674.0,27650.1,27671.0,62.976,1742469.7479
2023-03-23 12:03:00,27671.0,27675.2,27658.0,27675.2,178.897,4950022.3728
2023-03-23 12:04:00,27675.2,27679.3,27664.2,27664.4,72.475,2005462.6121
2023-03-23 12:05:00,27664.4,27675.6,27664.3,27665.2,54.24,1500719.0447
2023-03-23 12:06:00,27665.2,27665.3,27656.1,27656.4,43.546,1204551.3778
2023-03-23 12:07:00,27656.4,27664.6,27636.2,27648.0,96.391,2665017.2001
2023-03-23 12:08:00,27648.0,27649.0,27628.1,27631.9,72.089,1992233.1618
2023-03-23 12:09:00,27631.9,27635.5,27614.6,27618.2,56.097,1549796.2043
2023-03-23 12:10:00,27618.2,27637.5,27615.6,27635.7,70.095,1936677.9536
2023-03-23 12:11:00,27635.7,27635.8,27622.9,27622.9,55.136,1523427.9571
2023-03-23 12:12:00,27622.9,27622.9,27620.0,27620.5,23.322,644174.334
2023-03-23 12:13:00,27620.5,27654.7,27620.5,27654.7,80.565,2226922.0311
2023-03-23 12:14:00,27654.7,27655.0,27632.7,27649.6,71.883,1987373.6032
2023-03-23 12:15:00,27649.6,27651.7,27644.5,27648.6,52.632,1455261.9597
2023-03-23 12:16:00,27648.6,27648.7,27630.0,27630.1,41.586,1149402.9118
2023-03-23 12:17:00,27630.1,27630.2,27625.9,27625.9,39.147,1081623.949
2023-03-23 12:18:00,27625.9,27626.0,27621.7,27622.9,25.719,710468.629
2023-03-23 12:19:00,27622.9,27622.9,27620.0,27620.0,21.332,589193.4144
2023-03-23 12:20:00,27620.0,27621.7,27618.0,27618.4,38.846,1072933.3454
2023-03-23 12:21:00,27618.4,27618.4,27614.4,27614.4,42.793,1181768.178
2023-03-23 12:22:00,27614.4,27618.6,27603.9,27618.6,47.46,1310336.2661
2023-03-23 12:23:00,27618.6,27620.0,27616.9,27618.5,29.272,808446.5539
2023-03-23 12:24:00,27618.5,27620.6,27604.7,27604.7,45.235,1249143.1637
2023-03-23 12:25:00,27604.7,27619.0,27602.8,27618.9,40.645,1122015.6184
2023-03-23 12:26:00,27618.9,27638.8,27618.9,27630.5,72.551,2004571.922
2023-03-23 12:27:00,27630.5,27635.8,27625.9,27625.9,40.316,1114034.6654
2023-03-23 12:28:00,27625.9,27640.2,27625.9,27640.1,16.637,459730.6291
2023-03-23 12:29:00,27640.1,27640.2,27630.2,27638.9,22.99,635307.81
2023-03-23 12:30:00,27638.9,27642.8,27634.0,27642.7,59.518,1645029.0851
2023-03-23 12:31:00,27642.7,27643.5,27631.5,27631.5,38.847,1073710.7858
2023-03-23 12:32:00,27631.5,27642.8,27622.5,27622.5,25.934,716658.5213
2023-03-23 12:33:00,27622.5,27631.0,27620.9,27631.0,32.544,898964.3129
2023-03-23 12:34:00,27631.0,27646.9,27631.0,27646.8,46.418,1282848.1138
2023-03-23 12:35:00,27646.8,27655.0,27645.5,27655.0,43.788,1210860.7679
2023-03-23 12:36:00,27655.0,27666.3,27654.9,27655.3,86.201,2384470.2396
2023-03-23 12:37:00,27655.3,27658.1,27648.0,27652.6,62.889,1739024.8632
2023-03-23 12:38:00,27652.6,27652.7,27643.0,27645.0,35.661,986004.4186
2023-03-23 12:39:00,27645.0,27658.7,27635.2,27635.2,36.772,1016741.8713
2023-03-23 12:40:00,27635.2,27637.1,27620.1,27620.2,38.153,1054188.7841
2023-03-23 12:41:00,27620.2,27620.2,27613.3,27613.4,42.805,1182195.8362
2023-03-23 12:42:00,27613.4,27620.7,27613.0,27619.8,132.06,3646685.5087
2023-03-23 12:43:00,27619.8,27619.8,27606.0,27606.0,48.131,1328998.1999
2023-03-23 12:44:00,27606.0,27611.0,27591.5,27600.1,134.767,3719740.5748
2023-03-23 12:45:00,27600.1,27613.2,27600.0,27612.8,41.292,1139839.3038
2023-03-23 12:46:00,27612.8,27622.5,27605.9,27605.9,61.903,1709574.4075
2023-03-23 12:47:00,27605.9,27610.7,27604.3,27608.1,40.361,1114221.7812
2023-03-23 12:48:00,27608.1,27609.0,27603.0,27603.1,36.597,1010371.049
2023-03-23 12:49:00,27603.1,27603.1,27594.0,27594.0,47.55,1312252.6423
2023-03-23 12:50:00,27594.0,27596.2,27583.6,27583.6,82.7,2281626.3458
2023-03-23 12:51:00,27583.6,27592.6,27576.7,27576.7,126.67,3493867.8829
2023-03-23 12:52:00,27576.7,27588.3,27576.7,27587.8,137.619,3795979.7812
2023-03-23 12:53:00,27587.8,27587.8,27542.9,27549.6,369.013,10171185.2461
2023-03-23 12:54:00,27549.6,27563.9,27533.6,27563.9,206.736,5694694.6373
2023-03-23 12:55:00,27563.9,27587.1,27563.9,27587.0,101.831,2808185.676
2023-03-23 12:56:00,27587.0,27587.1,27587.0,27587.0,21.584,595438.8849
2023-03-23 12:57:00,27587.0,27599.9,27587.0,27599.8,37.166,1025539.408
2023-03-23 12:58:00,27599.8,27600.0,27596.7,27597.3,41.835,1154585.2391
2023-03-23 12:59:00,27597.3,27600.8,27580.6,27580.6,146.79,4051025.04
2023-03-23 13:00:00,27580.6,27600.0,27576.1,27600.0,40.178,1108336.1658
2023-03-23 13:01:00,27600.0,27605.2,27594.2,27596.9,62.815,1733828.2793
2023-03-23 13:02:00,27596.9,27597.1,27591.7,27592.0,83.602,2306954.1979
2023-03-23 13:03:00,27592.0,27592.1,27570.0,27570.0,41.041,1131770.1033
2023-03-23 13:04:00,27570.0,27574.6,27570.0,27574.6,27.257,751560.9699
2023-03-23 13:05:00,27574.6,27577.1,27574.5,27577.1,20.702,570878.2078
2023-03-23 13:06:00,27577.1,27577.1,27571.0,27571.0,37.157,1024595.7893
2023-03-23 13:07:00,27571.0,27598.4,27565.5,27595.9,114.838,3167817.6008
2023-03-23 13:08:00,27595.9,27626.2,27595.8,27622.3,160.854,4441935.4995
2023-03-23 13:09:00,27622.3,27627.6,27617.6,27625.6,76.95,2125515.328
2023-03-23 13:10:00,27625.6,27648.5,27612.9,27621.3,168.836,4665960.7125
2023-03-23 13:11:00,27621.3,27631.1,27621.3,27631.1,54.785,1513547.7251
2023-03-23 13:12:00,27631.1,27638.1,27631.0,27633.1,37.598,1038998.0806
2023-03-23 13:13:00,27633.1,27633.2,27618.7,27618.7,93.914,2594817.4697
2023-03-23 13:14:00,27618.7,27621.8,27618.7,27621.1,36.719,1014216.1506
2023-03-23 13:15:00,27621.1,27621.1,27621.0,27621.1,12.487,344904.4421
2023-03-23 13:16:00,27621.1,27621.1,27617.1,27617.1,34.547,954211.0763
2023-03-23 13:17:00,27617.1,27617.1,27608.7,27609.8,20.931,577920.8218
2023-03-23 13:18:00,27609.8,27609.9,27575.3,27592.6,155.517,4289985.3838
2023-03-23 13:19:00,27592.6,27594.5,27592.6,27594.5,13.593,375087.7468
2023-03-23 13:20:00,27594.5,27595.5,27594.4,27595.4,13.507,372728.6563
2023-03-23 13:21:00,27595.4,27598.4,27595.4,27597.4,14.57,402082.7183
2023-03-23 13:22:00,27597.4,27597.5,27583.1,27583.1,54.14,1493828.0845
2023-03-23 13:23:00,27583.1,27589.0,27582.1,27588.9,33.44,922481.3643
2023-03-23 13:24:00,27588.9,27597.0,27588.9,27597.0,7.143,197114.421
2023-03-23 13:25:00,27597.0,27606.0,27596.9,27606.0,50.921,1405541.255
2023-03-23 13:26:00,27606.0,27622.9,27606.0,27622.8,49.745,1373757.6615
2023-03-23 13:27:00,27622.8,27634.9,27622.8,27630.7,39.65,1095546.4088
2023-03-23 13:28:00,27630.7,27633.7,27624.6,27633.6,101.433,2802435.7922
2023-03-23 13:29:00,27633.6,27633.7,27622.0,27622.1,25.504,704634.164
2023-03-23 13:30:00,27622.1,27627.6,27621.0,27624.6,26.88,742482.0141
2023-03-23 13:31:00,27624.6,27638.4,27624.5,27638.4,73.569,2032842.6472
2023-03-23 13:32:00,27638.4,27650.0,27631.2,27650.0,62.456,1726423.8393
2023-03-23 13:33:00,27650.0,27656.4,27648.8,27652.2,82.464,2280457.4916
2023-03-23 13:34:00,27652.2,27652.3,27639.5,27641.8,49.107,1357512.943
2023-03-23 13:35:00,27641.8,27646.8,27631.1,27646.8,49.202,1359828.7559
2023-03-23 13:36:00,27646.8,27657.5,27646.7,27653.5,44.067,1218660.8862
2023-03-23 13:37:00,27653.5,27653.5,27652.0,27652.1,21.925,606298.509
2023-03-23 13:38:00,27652.1,27657.6,27638.9,27657.6,45.234,1250616.1681
2023-03-23 13:39:00,27657.6,27688.4,27657.5,27681.0,511.873,14165562.5703
2023-03-23 13:40:00,27681.0,27681.8,27657.2,27676.6,142.684,3948202.9162
2023-03-23 13:41:00,27676.6,27737.0,27676.5,27700.0,815.295,22592114.3826
2023-03-23 13:42:00,27700.0,27708.4,27642.2,27643.8,258.46,7153088.5552
2023-03-23 13:43:00,27643.8,27648.0,27628.6,27628.6,124.466,3439974.2986
2023-03-23 13:44:00,27628.6,27628.6,27616.6,27616.6,265.693,7339089.0202
2023-03-23 13:45:00,27616.6,27631.6,27615.1,27624.6,86.183,2380433.1225
2023-03-23 13:46:00,27624.6,27624.7,27600.0,27600.1,164.6,4545266.1304
2023-03-23 13:47:00,27600.1,27600.1,27581.0,27595.8,195.086,5382934.4897
2023-03-23 13:48:00,27595.8,27596.9,27590.0,27594.0,97.03,2677427.3346
2023-03-23 13:49:00,27594.0,27609.1,27593.1,27606.6,69.186,1909751.9395
2023-03-23 13:50:00,27606.6,27613.9,27605.7,27613.8,38.141,1053139.3363
2023-03-23 13:51:00,27613.8,27621.7,27600.1,27621.6,69.156,1909311.3017
2023-03-23 13:52:00,27621.6,27642.3,27620.7,27620.8,103.072,2848267.9264
2023-03-23 13:53:00,27620.8,27620.8,27592.7,27592.7,72.03,1988355.0973
2023-03-23 13:54:00,27592.7,27600.2,27575.2,27576.4,80.337,2216051.0807
2023-03-23 13:55:00,27576.4,27593.2,27576.4,27586.3,75.088,2071235.989
2023-03-23 13:56:00,27586.3,27594.1,27579.6,27594.1,41.141,1134883.1823
2023-03-23 13:57:00,27594.1,27612.8,27585.9,27603.4,83.825,2313465.2281
2023-03-23 13:58:00,27603.4,27612.2,27603.3,27612.2,25.314,698849.4228
2023-03-23 13:59:00,27612.2,27612.2,27606.1,27608.7,31.896,880662.6372
2023-03-23 14:00:00,27608.7,27608.8,27600.0,27600.2,31.129,859303.3967
2023-03-23 14:01:00,27600.2,27600.3,27584.8,27590.0,126.944,3503277.2879
2023-03-23 14:02:00,27590.0,27593.9,27579.6,27579.6,34.912,963194.4731
2023-03-23 14:03:00,27579.6,27579.7,27560.0,27565.0,127.017,3501720.9648
2023-03-23 14:04:00,27565.0,27582.3,27560.2,27562.2,68.429,1886658.7813
2023-03-23 14:05:00,27562.2,27589.8,27562.2,27587.7,72.365,1995370.5769
2023-03-23 14:06:00,27587.7,27595.0,27587.7,27594.9,28.139,776403.7422
2023-03-23 14:07:00,27594.9,27595.0,27586.6,27586.7,17.707,488576.5906
2023-03-23 14:08:00,27586.7,27594.2,27582.0,27594.2,54.849,1512945.7019
2023-03-23 14:09:00,27594.2,27594.2,27594.1,27594.1,16.444,453758.1867
2023-03-23 14:10:00,27594.1,27594.2,27582.8,27593.7,66.531,1835273.2449
2023-03-23 14:11:00,27593.7,27605.5,27593.7,27603.0,41.367,1141739.7414
2023-03-23 14:12:00,27603.0,27607.7,27603.0,27607.6,19.756,545365.842
2023-03-23 14:13:00,27607.6,27616.0,27607.6,27610.8,28.333,782332.4371
2023-03-23 14:14:00,27610.8,27636.4,27610.8,27635.3,133.601,3690112.3425
2023-03-23 14:15:00,27635.3,27643.5,27632.9,27643.5,66.472,1837082.482
2023-03-23 14:16:00,27643.5,27643.5,27622.0,27622.0,37.489,1035993.8818
2023-03-23 14:17:00,27622.0,27638.5,27622.0,27638.5,39.543,1092625.0901
2023-03-23 14:18:00,27638.5,27650.3,27632.1,27632.1,53.314,1473900.0464
2023-03-23 14:19:00,27632.1,27642.3,27632.1,27642.3,15.693,433686.4971
2023-03-23 14:20:00,27642.3,27655.6,27642.2,27653.9,63.586,1758201.9875
2023-03-23 14:21:00,27653.9,27654.1,27650.5,27652.1,35.836,990956.9888
2023-03-23 14:22:00,27652.1,27652.1,27624.1,27627.0,63.243,1748211.4852
2023-03-23 14:23:00,27627.0,27627.1,27612.0,27626.4,45.899,1267617.2767
2023-03-23 14:24:00,27626.4,27626.9,27618.6,27618.8,15.674,432955.4803
2023-03-23 14:25:00,27618.8,27627.6,27608.6,27625.4,52.072,1438056.7014
2023-03-23 14:26:00,27625.4,27639.0,27625.4,27631.7,43.891,1212975.6442
2023-03-23 14:27:00,27631.7,27635.1,27622.2,27625.4,9.776,270094.4415
2023-03-23 14:28:00,27625.4,27625.5,27615.7,27615.7,19.554,540121.1983
2023-03-23 14:29:00,27615.7,27626.1,27615.7,27626.1,15.051,415720.4327
2023-03-23 14:30:00,27626.1,27634.9,27626.0,27633.0,17.455,482318.1252
2023-03-23 14:31:00,27633.0,27634.2,27630.0,27633.8,27.13,749665.7611
2023-03-23 14:32:00,27633.8,27633.9,27610.2,27610.2,30.029,829361.9875
2023-03-23 14:33:00,27610.2,27610.3,27600.6,27604.7,50.989,1407542.5761
2023-03-23 14:34:00,27604.7,27604.7,27585.0,27585.0,66.455,1833820.8412
2023-03-23 14:35:00,27585.0,27585.0,27582.2,27584.8,35.407,976688.3268
2023-03-23 14:36:00,27584.8,27590.1,27584.7,27589.3,30.333,836834.1203
2023-03-23 14:37:00,27589.3,27589.4,27570.0,27570.0,102.29,2821286.8808
2023-03-23 14:38:00,27570.0,27593.9,27567.4,27590.5,57.259,1579064.3469
2023-03-23 14:39:00,27590.5,27599.0,27590.5,27599.0,20.819,574463.4895
2023-03-23 14:40:00,27599.0,27616.6,27598.9,27616.6,45.544,1257278.6841
2023-03-23 14:41:00,27616.6,27616.6,27610.4,27610.4,65.629,1812151.3896
2023-03-23 14:42:00,27610.4,27610.5,27606.6,27606.7,24.174,667414.9253
2023-03-23 14:43:00,27606.7,27609.3,27597.0,27598.9,23.014,635276.0114
2023-03-23 14:44:00,27598.9,27610.5,27598.8,27610.4,34.377,948864.0161
2023-03-23 14:45:00,27610.4,27618.0,27610.4,27616.6,19.789,546480.5972
2023-03-23 14:46:00,27616.6,27616.6,27607.8,27608.6,11.344,313235.984
2023-03-23 14:47:00,27608.6,27610.0,27593.3,27593.3,15.7,433399.699
2023-03-23 14:48:00,27593.3,27593.4,27573.9,27578.0,28.776,793674.94
2023-03-23 14:49:00,27578.0,27596.0,27578.0,27595.0,15.455,426427.6665
2023-03-23 14:50:00,27595.0,27612.6,27595.0,27610.1,39.677,1095379.9283
2023-03-23 14:51:00,27610.1,27615.3,27605.3,27608.8,23.557,650446.5536
2023-03-23 14:52:00,27608.8,27612.6,27601.3,27601.4,43.91,1212340.3094
2023-03-23 14:53:00,27601.4,27608.7,27598.0,27608.7,19.821,547092.5135
2023-03-23 14:54:00,27608.7,27620.0,27606.5,27606.5,22.315,616226.7802
2023-03-23 14:55:00,27606.5,27608.6,27601.0,27603.1,25.114,693221.2962
2023-03-23 14:56:00,27603.1,27619.0,27603.1,27617.8,28.511,787391.7113
2023-03-23 14:57:00,27617.8,27618.9,27617.8,27618.7,13.768,380251.3108
2023-03-23 14:58:00,27618.7,27622.5,27618.6,27619.9,26.194,723486.5
2023-03-23 14:59:00,27619.9,27624.3,27619.9,27620.1,31.517,870534.3201
2023-03-23 15:00:00,27620.1,27627.3,27610.0,27610.0,220.74,6096870.9285
2023-03-23 15:01:00,27610.0,27610.1,27606.5,27606.5,24.939,688523.5907
2023-03-23 15:02:00,27606.5,27606.6,27593.9,27593.9,51.03,1408372.9449
2023-03-23 15:03:00,27593.9,27596.5,27592.5,27595.0,40.255,1110781.3731
2023-03-23 15:04:00,27595.0,27595.1,27595.0,27595.0,8.439,232874.4134
2023-03-23 15:05:00,27595.0,27595.3,27595.0,27595.2,33.384,921234.9065
2023-03-23 15:06:00,27595.2,27595.2,27590.0,27590.1,21.114,582612.9557
2023-03-23 15:07:00,27590.1,27600.2,27590.0,27600.2,30.542,842813.0007
2023-03-23 15:08:00,27600.2,27607.3,27599.3,27599.4,86.882,2398066.3547
2023-03-23 15:09:00,27599.4,27608.9,27599.4,27600.1,54.891,1515240.0786
2023-03-23 15:10:00,27600.1,27600.1,27600.0,27600.1,3.296,90969.7008
2023-03-23 15:11:00,27600.1,27600.9,27590.0,27590.0,32.547,898219.3761
2023-03-23 15:12:00,27590.0,27590.1,27577.9,27578.0,74.532,2055796.2824
2023-03-23 15:13:00,27578.0,27585.6,27571.0,27585.6,99.724,2749953.0199
2023-03-23 15:14:00,27585.6,27601.0,27585.5,27595.3,34.782,959852.2967
2023-03-23 15:15:00,27595.3,27595.3,27575.0,27575.8,121.793,3359333.6734
2023-03-23 15:16:00,27575.8,27584.4,27570.2,27572.2,80.452,2218544.1742
2023-03-23 15:17:00,27572.2,27587.9,27565.3,27578.7,152.227,4197280.1842
2023-03-23 15:18:00,27578.7,27580.0,27563.4,27568.8,63.112,1739870.0636
2023-03-23 15:19:00,27568.8,27589.4,27568.8,27589.4,61.501,1696193.9233
2023-03-23 15:20:00,27589.4,27595.6,27589.3,27595.5,34.659,956343.4972
2023-03-23 15:21:00,27595.5,27621.4,27595.5,27621.4,68.261,1884434.9021
2023-03-23 15:22:00,27621.4,27621.9,27618.3,27621.1,40.88,1129134.2127
2023-03-23 15:23:00,27621.1,27624.0,27621.1,27623.8,47.035,1299233.4549
2023-03-23 15:24:00,27623.8,27623.9,27605.8,27606.7,65.238,1801298.3749
2023-03-23 15:25:00,27606.7,27619.0,27606.6,27609.9,46.457,1282802.0115
2023-03-23 15:26:00,27609.9,27610.0,27609.8,27609.9,17.795,491318.9049
2023-03-23 15:27:00,27609.9,27621.6,27609.9,27617.7,21.482,593292.0091
2023-03-23 15:28:00,27617.7,27628.2,27617.7,27628.2,28.128,777043.5472
2023-03-23 15:29:00,27628.2,27629.9,27617.1,27617.4,90.435,2498053.5858
2023-03-23 15:30:00,27617.4,27625.7,27617.4,27623.1,21.111,583111.9571
2023-03-23 15:31:00,27623.1,27625.2,27623.0,27625.2,18.777,518684.5038
2023-03-23 15:32:00,27625.2,27626.0,27613.0,27616.9,50.799,1403172.044
2023-03-23 15:33:00,27616.9,27616.9,27599.8,27602.8,95.944,2648556.4332
2023-03-23 15:34:00,27602.8,27613.8,27602.8,27613.8,19.781,546080.0267
2023-03-23 15:35:00,27613.8,27620.0,27613.7,27620.0,21.751,600705.4866
2023-03-23 15:36:00,27620.0,27635.1,27619.9,27635.1,53.662,1482536.9102
2023-03-23 15:37:00,27635.1,27635.7,27614.8,27632.6,56.165,1551678.8639
2023-03-23 15:38:00,27632.6,27634.7,27630.2,27632.9,40.589,1121590.6992
2023-03-23 15:39:00,27632.9,27646.6,27632.8,27646.6,51.516,1423977.9545
2023-03-23 15:40:00,27646.6,27652.5,27643.6,27652.3,75.742,2094172.9586
2023-03-23 15:41:00,27652.3,27663.3,27652.3,27661.0,172.286,4765301.9195
2023-03-23 15:42:00,27661.0,27661.0,27634.1,27634.1,129.754,3587413.6988
2023-03-23 15:43:00,27634.1,27634.2,27627.1,27628.8,53.903,1489374.2191
2023-03-23 15:44:00,27628.8,27630.5,27612.3,27612.4,47.306,1306711.01
2023-03-23 15:45:00,27612.4,27620.9,27612.3,27620.9,29.232,807284.848
2023-03-23 15:46:00,27620.9,27630.8,27620.8,27623.8,42.34,1169606.2515
2023-03-23 15:47:00,27623.8,27623.8,27614.5,27614.5,36.35,1003904.7654
2023-03-23 15:48:00,27614.5,27614.5,27602.7,27602.7,24.563,678115.6035
2023-03-23 15:49:00,27602.7,27602.8,27580.0,27580.1,205.119,5659629.8653
2023-03-23 15:50:00,27580.1,27591.6,27575.3,27589.0,146.943,4052781.0409
2023-03-23 15:51:00,27589.0,27599.2,27589.0,27599.2,29.144,804207.24
2023-03-23 15:52:00,27599.2,27605.3,27599.0,27600.0,21.901,604503.5724
2023-03-23 15:53:00,27600.0,27603.3,27596.4,27603.2,20.977,578955.5267
2023-03-23 15:54:00,27603.2,27605.7,27603.2,27603.3,14.405,397646.0065
2023-03-23 15:55:00,27603.3,27605.7,27603.2,27605.7,8.384,231442.8896
2023-03-23 15:56:00,27605.7,27607.2,27600.0,27602.5,27.883,769688.9861
2023-03-23 15:57:00,27602.5,27608.5,27602.5,27607.7,10.367,286205.4225
2023-03-23 15:58:00,27607.7,27627.5,27607.7,27627.5,110.415,3049809.756
2023-03-23 15:59:00,27627.5,27627.5,27612.4,27612.5,88.253,2437458.1743
2023-03-23 16:00:00,27612.5,27626.8,27612.3,27626.8,24.274,670328.5941
2023-03-23 16:01:00,27626.8,27633.8,27626.8,27633.5,113.274,3129922.4492
2023-03-23 16:02:00,27633.5,27633.5,27626.8,27632.0,19.937,550849.8265
2023-03-23 16:03:00,27632.0,27635.3,27631.0,27635.3,36.872,1018841.4844
2023-03-23 16:04:00,27635.3,27635.3,27627.9,27627.9,37.837,1045469.462
2023-03-23 16:05:00,27627.9,27655.0,27627.9,27643.4,117.981,3261616.4189
2023-03-23 16:06:00,27643.4,27643.8,27626.4,27626.4,67.193,1857226.5686
2023-03-23 16:07:00,27626.4,27627.8,27615.4,27615.4,20.343,561934.5856
2023-03-23 16:08:00,27615.4,27618.8,27615.4,27618.8,19.935,550536.6288
2023-03-23 16:09:00,27618.8,27618.8,27618.5,27618.6,8.551,236167.4686
2023-03-23 16:10:00,27618.6,27630.0,27618.5,27630.0,32.046,885197.0182
2023-03-23 16:11:00,27630.0,27630.0,27617.1,27617.1,23.712,655083.6169
2023-03-23 16:12:00,27617.1,27620.9,27617.1,27618.4,8.217,226943.6791
2023-03-23 16:13:00,27618.4,27618.5,27618.4,27618.5,5.015,138506.4614
2023-03-23 16:14:00,27618.5,27624.3,27616.0,27624.2,14.48,399942.3627
2023-03-23 16:15:00,27624.2,27636.7,27623.5,27632.3,32.377,894610.0905
2023-03-23 16:16:00,27632.3,27632.3,27622.0,27622.1,28.265,780803.2599
2023-03-23 16:17:00,27622.1,27628.6,27622.0,27628.6,17.676,488259.9135
2023-03-23 16:18:00,27628.6,27630.0,27624.1,27624.1,16.356,451901.5142
2023-03-23 16:19:00,27624.1,27624.1,27618.4,27618.5,28.57,789109.2468
2023-03-23 16:20:00,27618.5,27620.8,27612.0,27612.0,19.634,542262.7611
2023-03-23 16:21:00,27612.0,27612.1,27606.0,27610.9,22.131,611026.2917
2023-03-23 16:22:00,27610.9,27611.0,27599.0,27601.8,135.749,3747099.7222
2023-03-23 16:23:00,27601.8,27601.9,27596.4,27599.0,38.41,1060073.2683
2023-03-23 16:24:00,27599.0,27600.0,27586.7,27600.0,78.893,2176711.3914
2023-03-23 16:25:00,27600.0,27611.5,27599.9,27611.5,16.766,462796.1268
2023-03-23 16:26:00,27611.5,27611.5,27598.4,27598.4,19.675,543098.0811
2023-03-23 16:27:00,27598.4,27598.5,27589.4,27592.8,65.128,1797019.1835
2023-03-23 16:28:00,27592.8,27607.2,27592.8,27607.2,27.538,759920.9254
2023-03-23 16:29:00,27607.2,27607.3,27596.1,27596.2,20.439,564199.0686
2023-03-23 16:30:00,27596.2,27600.0,27586.9,27586.9,47.142,1300947.6582
2023-03-23 16:31:00,27586.9,27587.0,27583.2,27583.3,56.821,1567439.8495
2023-03-23 16:32:00,27583.3,27583.3,27580.4,27580.4,40.633,1120712.2795
2023-03-23 16:33:00,27580.4,27580.5,27578.2,27578.2,40.464,1115955.3563
2023-03-23 16:34:00,27578.2,27578.3,27561.6,27561.6,108.862,3001293.6721
2023-03-23 16:35:00,27561.6,27572.6,27555.9,27569.7,148.567,4095149.8683
2023-03-23 16:36:00,27569.7,27570.6,27569.6,27570.3,28.858,795627.8855
2023-03-23 16:37:00,27570.3,27570.3,27552.4,27555.7,79.244,2184044.9371
2023-03-23 16:38:00,27555.7,27573.7,27555.7,27572.2,68.235,1880746.9019
2023-03-23 16:39:00,27572.2,27573.7,27562.3,27562.3,36.564,1008125.0717
2023-03-23 16:40:00,27562.3,27564.0,27551.1,27551.1,54.147,1492268.6182
2023-03-23 16:41:00,27551.1,27551.2,27510.0,27534.6,571.481,15729719.4173
2023-03-23 16:42:00,27534.6,27534.6,27516.6,27516.6,66.296,1825014.0068
2023-03-23 16:43:00,27516.6,27529.1,27515.0,27521.5,64.114,1764661.2087
2023-03-23 16:44:00,27521.5,27521.5,27460.4,27489.4,772.803,21241310.433
2023-03-23 16:45:00,27489.4,27520.0,27485.1,27516.2,297.091,8173187.8751
2023-03-23 16:46:00,27516.2,27534.0,27516.2,27533.9,162.856,4482052.8346
2023-03-23 16:47:00,27533.9,27538.0,27511.0,27511.0,143.311,3944991.0953
2023-03-23 16:48:00,27511.0,27511.0,27481.1,27487.5,128.673,3537823.1293
2023-03-23 16:49:00,27487.5,27489.7,27476.8,27476.8,65.683,1805338.8533
2023-03-23 16:50:00,27476.8,27479.8,27426.0,27447.8,556.536,15277869.4985
2023-03-23 16:51:00,27447.8,27485.0,27447.7,27480.0,171.34,4706602.1631
2023-03-23 16:52:00,27480.0,27515.9,27480.0,27508.6,225.419,6199673.2197
2023-03-23 16:53:00,27508.6,27512.8,27508.6,27511.4,37.133,1021593.905
2023-03-23 16:54:00,27511.4,27511.4,27488.9,27508.1,78.87,2168832.7174
2023-03-23 16:55:00,27508.1,27509.0,27498.4,27501.3,75.384,2073342.0824
2023-03-23 16:56:00,27501.3,27503.2,27484.1,27484.2,79.007,2172146.8482
2023-03-23 16:57:00,27484.2,27496.4,27477.1,27493.4,60.697,1668279.457
2023-03-23 16:58:00,27493.4,27499.4,27493.4,27494.7,58.884,1619124.5969
2023-03-23 16:59:00,27494.7,27494.7,27480.1,27483.0,54.485,1497461.7417
2023-03-23 17:00:00,27483.0,27499.3,27483.0,27492.1,60.886,1673895.8873
2023-03-23 17:01:00,27492.1,27501.0,27492.0,27501.0,33.814,929801.2194
2023-03-23 17:02:00,27501.0,27512.5,27500.9,27507.2,79.611,2189997.7079
2023-03-23 17:03:00,27507.2,27515.0,27507.2,27515.0,38.898,1070072.3708
2023-03-23 17:04:00,27515.0,27525.3,27515.0,27525.3,78.194,2152115.3131
2023-03-23 17:05:00,27525.3,27535.0,27525.3,27534.9,82.275,2265153.3088
2023-03-23 17:06:00,27534.9,27535.0,27504.0,27510.1,86.395,2377808.6406
2023-03-23 17:07:00,27510.1,27510.1,27468.6,27468.7,156.604,4304540.68
2023-03-23 17:08:00,27468.7,27478.1,27443.1,27475.5,185.571,5095622.7438
2023-03-23 17:09:00,27475.5,27477.8,27473.3,27477.8,36.598,1005526.0993
2023-03-23 17:10:00,27477.8,27496.1,27477.8,27490.0,61.64,1694472.0535
2023-03-23 17:11:00,27490.0,27493.9,27472.0,27473.7,56.627,1556357.7119
2023-03-23 17:12:00,27473.7,27474.3,27460.0,27471.2,130.832,3593829.1895
2023-03-23 17:13:00,27471.2,27488.3,27471.1,27486.4,47.915,1316714.949
2023-03-23 17:14:00,27486.4,27494.0,27483.3,27494.0,36.258,996682.1732
2023-03-23 17:15:00,27494.0,27510.5,27494.0,27505.5,39.979,1099564.4872
2023-03-23 17:16:00,27505.5,27509.3,27503.0,27509.1,33.743,928096.9896
2023-03-23 17:17:00,27509.1,27512.9,27505.4,27512.6,38.731,1065529.1857
2023-03-23 17:18:00,27512.6,27514.8,27500.3,27501.2,55.439,1524862.8796
2023-03-23 17:19:00,27501.2,27501.5,27493.0,27493.0,88.939,2445650.2133
2023-03-23 17:20:00,27493.0,27500.0,27493.0,27500.0,32.676,898473.628
2023-03-23 17:21:00,27500.0,27510.8,27496.1,27496.1,34.893,959713.7583
2023-03-23 17:22:00,27496.1,27496.2,27494.6,27495.9,22.549,619995.1715
2023-03-23 17:23:00,27495.9,27507.8,27495.8,27505.1,27.708,762048.6421
2023-03-23 17:24:00,27505.1,27522.0,27504.0,27522.0,67.187,1848402.403
2023-03-23 17:25:00,27522.0,27564.5,27521.3,27562.5,305.328,8410385.8724
2023-03-23 17:26:00,27562.5,27594.3,27552.2,27591.7,351.452,9691956.6608
2023-03-23 17:27:00,27591.7,27617.1,27563.4,27576.0,464.265,12812128.4726
2023-03-23 17:28:00,27576.0,27584.5,27553.0,27582.0,114.545,3157274.9587
2023-03-23 17:29:00,27582.0,27582.1,27564.7,27574.1,73.968,2039519.0671
2023-03-23 17:30:00,27574.1,27579.6,27555.2,27555.3,79.535,2192572.9017
2023-03-23 17:31:00,27555.3,27565.5,27550.0,27550.1,100.685,2774379.0521
2023-03-23 17:32:00,27550.1,27560.0,27547.3,27553.2,113.339,3122464.5609
2023-03-23 17:33:00,27553.2,27553.2,27531.4,27531.4,165.215,4550229.3812
2023-03-23 17:34:00,27531.4,27544.6,27522.8,27543.9,162.391,4470450.8958
2023-03-23 17:35:00,27543.9,27568.0,27543.8,27566.6,101.993,2810889.5783
2023-03-23 17:36:00,27566.6,27601.9,27566.5,27601.9,166.949,4606307.8366
2023-03-23 17:37:00,27601.9,27612.1,27584.8,27594.3,307.916,8499881.1183
2023-03-23 17:38:00,27594.3,27600.0,27581.1,27596.9,57.286,1580635.1076
2023-03-23 17:39:00,27596.9,27596.9,27595.1,27596.7,16.585,457687.3723
2023-03-23 17:40:00,27596.7,27618.5,27596.7,27608.0,180.472,4982836.8272
2023-03-23 17:41:00,27608.0,27608.0,27586.0,27598.0,70.631,1949206.1537
2023-03-23 17:42:00,27598.0,27598.1,27583.9,27584.1,36.839,1016439.5337
2023-03-23 17:43:00,27584.1,27610.0,27584.0,27608.5,101.679,2805940.9176
2023-03-23 17:44:00,27608.5,27609.4,27600.2,27601.0,40.706,1123607.287
2023-03-23 17:45:00,27601.0,27604.9,27595.3,27598.2,32.017,883675.8693
2023-03-23 17:46:00,27598.2,27600.6,27589.3,27590.9,34.961,964765.0189
2023-03-23 17:47:00,27590.9,27590.9,27581.9,27582.0,65.847,1816373.4738
2023-03-23 17:48:00,27582.0,27600.8,27581.9,27600.8,49.24,1358502.7411
2023-03-23 17:49:00,27600.8,27614.0,27590.8,27590.8,106.544,2941063.3603
2023-03-23 17:50:00,27590.8,27604.9,27583.1,27604.9,48.401,1335511.13
2023-03-23 17:51:00,27604.9,27639.8,27604.9,27624.9,265.638,7339948.7164
2023-03-23 17:52:00,27624.9,27631.2,27619.2,27631.2,63.383,1750771.2236
2023-03-23 17:53:00,27631.2,27631.4,27608.7,27609.7,56.589,1562846.0297
2023-03-23 17:54:00,27609.7,27610.5,27591.0,27591.0,32.99,910628.7613
2023-03-23 17:55:00,27591.0,27612.0,27591.0,27594.1,65.255,1800926.3973
2023-03-23 17:56:00,27594.1,27601.8,27579.3,27579.6,128.461,3544896.1827
2023-03-23 17:57:00,27579.6,27590.6,27575.0,27590.5,54.482,1502606.4201
2023-03-23 17:58:00,27590.5,27598.1,27584.7,27590.4,30.763,848768.5379
2023-03-23 17:59:00,27590.4,27590.4,27570.3,27581.8,45.471,1254201.2331
2023-03-23 18:00:00,27581.8,27617.9,27550.7,27617.4,361.716,9973969.3187
2023-03-23 18:01:00,27617.4,27626.3,27596.2,27596.3,267.396,7383910.1479
2023-03-23 18:02:00,27596.3,27596.3,27565.5,27565.5,85.661,2362123.6619
2023-03-23 18:03:00,27565.5,27565.6,27541.6,27555.4,161.828,4458310.2646
2023-03-23 18:04:00,27555.4,27573.3,27548.1,27551.4,62.752,1729381.2272
2023-03-23 18:05:00,27551.4,27567.9,27550.6,27567.9,43.164,1189380.7181
2023-03-23 18:06:00,27567.9,27576.0,27557.9,27557.9,48.133,1327076.3459
2023-03-23 18:07:00,27557.9,27558.0,27535.8,27539.1,163.879,4513289.0409
2023-03-23 18:08:00,27539.1,27546.3,27539.1,27542.2,35.485,977370.4742
2023-03-23 18:09:00,27542.2,27545.9,27524.5,27541.9,158.649,4368327.2716
2023-03-23 18:10:00,27541.9,27541.9,27526.1,27528.7,49.411,1360344.4994
2023-03-23 18:11:00,27528.7,27528.7,27503.4,27516.1,121.538,3343856.4842
2023-03-23 18:12:00,27516.1,27516.1,27465.9,27473.5,380.017,10446210.0061
2023-03-23 18:13:00,27473.5,27501.6,27472.2,27501.6,126.501,3477812.6335
2023-03-23 18:14:00,27501.6,27501.6,27494.8,27497.0,29.8,819452.4153
2023-03-23 18:15:00,27497.0,27525.0,27490.0,27525.0,159.706,4393161.611
2023-03-23 18:16:00,27525.0,27548.6,27524.9,27542.2,135.444,3730193.4042
2023-03-23 18:17:00,27542.2,27548.3,27532.1,27545.0,59.568,1640551.8752
2023-03-23 18:18:00,27545.0,27548.7,27537.7,27547.8,36.448,1003929.3151
2023-03-23 18:19:00,27547.8,27550.7,27512.0,27514.1,117.193,3226054.3701
2023-03-23 18:20:00,27514.1,27521.8,27492.7,27492.7,91.682,2521767.0088
2023-03-23 18:21:00,27492.7,27506.2,27492.7,27506.1,42.297,1163039.202
2023-03-23 18:22:00,27506.1,27513.3,27501.9,27505.1,34.545,950220.7594
2023-03-23 18:23:00,27505.1,27505.1,27500.0,27500.0,33.397,918543.4577
2023-03-23 18:24:00,27500.0,27503.7,27497.0,27500.0,74.231,2041436.0832
2023-03-23 18:25:00,27500.0,27514.3,27498.0,27500.0,58.655,1613315.9365
2023-03-23 18:26:00,27500.0,27500.1,27474.2,27481.7,154.629,4249474.4353
2023-03-23 18:27:00,27481.7,27483.8,27469.3,27473.4,50.409,1385091.7817
2023-03-23 18:28:00,27473.4,27481.7,27452.0,27462.2,237.284,6516877.9728
2023-03-23 18:29:00,27462.2,27462.3,27435.6,27459.9,182.881,5020061.3056
2023-03-23 18:30:00,27459.9,27483.2,27457.1,27476.0,154.505,4244411.2768
2023-03-23 18:31:00,27476.0,27476.1,27456.7,27456.7,71.412,1961511.7987
2023-03-23 18:32:00,27456.7,27461.1,27451.1,27455.4,118.647,3257424.8673
2023-03-23 18:33:00,27455.4,27455.5,27429.4,27435.2,196.692,5396912.5857
2023-03-23 18:34:00,27435.2,27449.9,27402.5,27449.9,580.13,15907682.361
2023-03-23 18:35:00,27449.9,27473.3,27449.9,27468.3,159.713,4386181.5361
2023-03-23 18:36:00,27468.3,27472.8,27461.4,27461.5,74.049,2034075.2785
2023-03-23 18:37:00,27461.5,27463.1,27432.7,27433.5,78.279,2148695.163
2023-03-23 18:38:00,27433.5,27444.0,27430.6,27444.0,74.751,2051146.3565
2023-03-23 18:39:00,27444.0,27444.5,27435.0,27435.1,32.738,898314.3853
2023-03-23 18:40:00,27435.1,27460.7,27435.1,27460.7,90.844,2494025.8918
2023-03-23 18:41:00,27460.7,27473.0,27460.6,27472.1,51.038,1402032.4926
2023-03-23 18:42:00,27472.1,27472.2,27440.0,27441.9,44.906,1232665.8041
2023-03-23 18:43:00,27441.9,27458.0,27425.6,27425.6,89.244,2449231.6807
2023-03-23 18:44:00,27425.6,27447.7,27411.3,27411.3,237.964,6527322.1474
2023-03-23 18:45:00,27411.3,27421.9,27332.0,27379.4,1808.552,49505119.5854
2023-03-23 18:46:00,27379.4,27381.1,27264.0,27340.1,1266.028,34586951.3399
2023-03-23 18:47:00,27340.1,27361.9,27302.2,27308.2,466.945,12766493.4396
2023-03-23 18:48:00,27308.2,27329.5,27269.1,27322.0,565.129,15424965.5837
2023-03-23 18:49:00,27322.0,27353.6,27315.3,27335.0,447.52,12232464.0069
2023-03-23 18:50:00,27335.0,27378.5,27303.1,27368.5,545.421,14916450.3556
2023-03-23 18:51:00,27368.5,27368.7,27332.0,27335.1,188.558,5157036.7177
2023-03-23 18:52:00,27335.1,27354.9,27317.9,27340.9,164.347,4493029.7955
2023-03-23 18:53:00,27340.9,27358.5,27340.0,27340.1,152.253,4163910.2481
2023-03-23 18:54:00,27340.1,27340.1,27300.0,27303.9,158.808,4338707.5366
2023-03-23 18:55:00,27303.9,27348.5,27302.8,27343.4,158.263,4325120.1183
2023-03-23 18:56:00,27343.4,27360.6,27341.4,27360.6,84.585,2313461.7903
2023-03-23 18:57:00,27360.6,27387.6,27355.3,27362.9,124.354,3403846.6796
2023-03-23 18:58:00,27362.9,27367.6,27343.0,27345.1,81.506,2229215.1515
2023-03-23 18:59:00,27345.1,27352.4,27340.5,27352.4,150.241,4108571.4902
2023-03-23 19:00:00,27352.4,27395.2,27352.4,27394.6,234.697,6426064.1529
2023-03-23 19:01:00,27394.6,27456.5,27394.6,27444.8,815.581,22373054.1331
2023-03-23 19:02:00,27444.8,27453.1,27418.0,27427.2,354.874,9735868.6342
2023-03-23 19:03:00,27427.2,27435.7,27409.1,27420.0,77.908,2136377.1983
2023-03-23 19:04:00,27420.0,27449.0,27420.0,27426.9,123.285,3382815.7431
2023-03-23 19:05:00,27426.9,27440.6,27391.8,27400.0,151.748,4158631.1367
2023-03-23 19:06:00,27400.0,27400.0,27377.4,27394.8,85.612,2344836.2927
2023-03-23 19:07:00,27394.8,27416.6,27394.7,27407.4,71.845,1969080.9374
2023-03-23 19:08:00,27407.4,27425.0,27401.2,27404.0,52.741,1445687.565
2023-03-23 19:09:00,27404.0,27433.1,27391.0,27392.9,94.041,2577888.2983
2023-03-23 19:10:00,27392.9,27403.8,27327.0,27342.9,363.644,9946768.7351
2023-03-23 19:11:00,27342.9,27345.0,27314.0,27331.1,220.468,6025370.9489
2023-03-23 19:12:00,27331.1,27335.0,27305.0,27320.0,234.695,6410555.5794
2023-03-23 19:13:00,27320.0,27404.5,27316.4,27403.0,653.692,17886121.905
2023-03-23 19:14:00,27403.0,27415.3,27354.4,27358.6,362.216,9921133.579
2023-03-23 19:15:00,27358.6,27382.6,27351.8,27374.9,111.322,3046713.9091
2023-03-23 19:16:00,27374.9,27396.6,27365.0,27366.2,100.16,2742606.1751
2023-03-23 19:17:00,27366.2,27375.3,27333.3,27333.3,80.211,2194290.2303
2023-03-23 19:18:00,27333.3,27333.4,27281.4,27296.4,381.427,10415027.6186
2023-03-23 19:19:00,27296.4,27299.3,27272.1,27299.0,284.695,7768057.2229
2023-03-23 19:20:00,27299.0,27334.7,27290.2,27290.2,272.574,7444937.9462
2023-03-23 19:21:00,27290.2,27316.1,27273.0,27316.0,170.409,4650831.4761
2023-03-23 19:22:00,27316.0,27329.3,27308.5,27317.2,115.938,3167207.1459
2023-03-23 19:23:00,27317.2,27349.6,27317.1,27339.6,117.231,3204806.987
2023-03-23 19:24:00,27339.6,27374.7,27339.5,27368.6,130.151,3561154.1525
2023-03-23 19:25:00,27368.6,27385.5,27350.1,27353.1,223.194,6109838.9172
2023-03-23 19:26:00,27353.1,27359.1,27326.5,27326.5,78.938,2158711.2675
2023-03-23 19:27:00,27326.5,27355.0,27323.6,27348.2,62.874,1718897.9951
2023-03-23 19:28:00,27348.2,27359.0,27342.9,27356.8,47.895,1309982.7982
2023-03-23 19:29:00,27356.8,27361.2,27356.4,27356.5,48.561,1328545.4284
2023-03-23 19:30:00,27356.5,27383.0,27356.5,27365.6,186.215,5097347.7179
2023-03-23 19:31:00,27365.6,27383.3,27365.6,27380.4,76.47,2093470.9134
2023-03-23 19:32:00,27380.4,27384.1,27365.0,27373.5,96.998,2655270.74
2023-03-23 19:33:00,27373.5,27373.5,27344.5,27364.0,73.158,2001557.584
2023-03-23 19:34:00,27364.0,27364.0,27307.0,27316.7,300.092,8199638.0841
2023-03-23 19:35:00,27316.7,27335.5,27301.3,27328.6,89.453,2443848.151
2023-03-23 19:36:00,27328.6,27360.0,27320.0,27356.7,73.734,2015861.6365
2023-03-23 19:37:00,27356.7,27356.7,27313.4,27315.0,71.604,1957004.3202
2023-03-23 19:38:00,27315.0,27337.8,27314.9,27333.2,75.119,2053106.7973
2023-03-23 19:39:00,27333.2,27333.2,27285.7,27294.3,337.616,9218833.0988
2023-03-23 19:40:00,27294.3,27364.4,27290.5,27362.3,167.016,4564586.5441
2023-03-23 19:41:00,27362.3,27400.0,27360.0,27400.0,316.115,8656713.9773
2023-03-23 19:42:00,27400.0,27409.2,27387.2,27392.8,223.53,6124735.6506
2023-03-23 19:43:00,27392.8,27395.9,27380.3,27383.6,76.627,2098639.492
2023-03-23 19:44:00,27383.6,27410.0,27383.6,27409.8,90.69,2485087.0742
2023-03-23 19:45:00,27409.8,27449.4,27409.8,27435.8,239.531,6571087.1737
2023-03-23 19:46:00,27435.8,27436.3,27405.5,27406.7,95.234,2611822.9124
2023-03-23 19:47:00,27406.7,27419.7,27400.1,27400.1,108.088,2962869.9144
2023-03-23 19:48:00,27400.1,27413.7,27376.9,27413.7,133.674,3661326.879
2023-03-23 19:49:00,27413.7,27420.0,27383.3,27384.4,70.594,1934286.0984
2023-03-23 19:50:00,27384.4,27390.1,27366.8,27390.0,112.371,3076393.0037
2023-03-23 19:51:00,27390.0,27390.0,27362.8,27362.9,39.38,1078023.2826
2023-03-23 19:52:00,27362.9,27362.9,27326.0,27332.0,286.588,7836654.2717
2023-03-23 19:53:00,27332.0,27345.4,27328.5,27328.5,109.84,3002502.4503
2023-03-23 19:54:00,27328.5,27345.9,27326.4,27345.7,156.863,4287632.7887
2023-03-23 19:55:00,27345.7,27345.7,27333.9,27337.1,54.847,1499485.9089
2023-03-23 19:56:00,27337.1,27353.6,27336.0,27352.6,20.106,549787.0414
2023-03-23 19:57:00,27352.6,27386.3,27352.5,27373.8,156.885,4293427.4835
2023-03-23 19:58:00,27373.8,27380.8,27346.1,27350.0,66.835,1829267.1452
2023-03-23 19:59:00,27350.0,27356.3,27345.8,27345.8,45.667,1249024.0631
2023-03-23 20:00:00,27345.8,27346.8,27322.2,27346.7,109.116,2982679.4173
2023-03-23 20:01:00,27346.7,27351.2,27341.1,27344.8,35.591,973249.1672
2023-03-23 20:02:00,27344.8,27344.8,27333.0,27343.0,37.7,1030615.5857
2023-03-23 20:03:00,27343.0,27350.0,27334.4,27344.4,60.715,1660107.6914
2023-03-23 20:04:00,27344.4,27344.4,27307.8,27320.0,136.479,3728867.7829
2023-03-23 20:05:00,27320.0,27342.0,27319.9,27341.9,35.024,957148.0342
2023-03-23 20:06:00,27341.9,27347.7,27328.0,27332.6,65.418,1788555.1303
2023-03-23 20:07:00,27332.6,27342.0,27332.5,27338.1,18.871,515912.8606
2023-03-23 20:08:00,27338.1,27374.4,27330.8,27362.4,97.032,2654110.3443
2023-03-23 20:09:00,27362.4,27380.0,27362.4,27379.7,48.547,1328971.6895
2023-03-23 20:10:00,27379.7,27390.0,27374.3,27390.0,60.681,1661593.3268
2023-03-23 20:11:00,27390.0,27394.6,27372.0,27393.8,142.159,3892954.8191
2023-03-23 20:12:00,27393.8,27395.7,27364.5,27370.4,53.802,1473281.8436
2023-03-23 20:13:00,27370.4,27390.0,27370.4,27389.9,73.135,2002583.734
2023-03-23 20:14:00,27389.9,27398.7,27386.4,27396.6,54.561,1494404.882
2023-03-23 20:15:00,27396.6,27425.4,27385.1,27421.5,236.173,6472322.7272
2023-03-23 20:16:00,27421.5,27526.0,27421.5,27518.7,1369.938,37651485.0527
2023-03-23 20:17:00,27518.7,27554.2,27502.0,27540.6,541.755,14914715.5057
2023-03-23 20:18:00,27540.6,27546.4,27503.8,27518.9,311.34,8569706.2265
2023-03-23 20:19:00,27518.9,27615.0,27511.9,27588.5,834.14,23004652.5004
2023-03-23 20:20:00,27588.5,27606.9,27550.1,27550.1,467.108,12881394.3814
2023-03-23 20:21:00,27550.1,27566.6,27532.4,27532.4,236.986,6530281.5457
2023-03-23 20:22:00,27532.4,27575.0,27532.4,27562.4,320.967,8844038.3495
2023-03-23 20:23:00,27562.4,27600.0,27552.9,27600.0,134.668,3713463.6521
2023-03-23 20:24:00,27600.0,27614.4,27570.0,27570.0,423.227,11677305.3893
2023-03-23 20:25:00,27570.0,27619.0,27570.0,27596.0,373.769,10317237.5564
2023-03-23 20:26:00,27596.0,27676.0,27592.1,27651.2,912.517,25222069.6699
2023-03-23 20:27:00,27651.2,27700.0,27630.0,27634.9,1024.133,28340598.2235
2023-03-23 20:28:00,27634.9,27725.8,27634.9,27695.6,1170.5,32412027.7907
2023-03-23 20:29:00,27695.6,28129.6,27689.5,28042.4,7771.977,217081083.1367
2023-03-23 20:30:00,28042.4,28221.9,27950.0,28191.4,4069.995,114433065.4552
2023-03-23 20:31:00,28191.4,28230.1,28034.6,28112.4,2210.051,62130130.9578
2023-03-23 20:32:00,28112.4,28141.7,28040.0,28085.8,842.178,23660313.2075
2023-03-23 20:33:00,28085.8,28097.0,28002.0,28060.6,923.57,25906025.8292
2023-03-23 20:34:00,28060.6,28095.5,28056.8,28071.8,402.011,11286998.1184
2023-03-23 20:35:00,28071.8,28180.0,28069.6,28145.0,1019.22,28655410.7738
2023-03-23 20:36:00,28145.0,28199.9,28142.0,28142.1,831.358,23422255.25
2023-03-23 20:37:00,28142.1,28174.5,28094.7,28161.8,622.742,17522618.6327
2023-03-23 20:38:00,28161.8,28276.0,28155.5,28234.7,1635.194,46168534.6815
2023-03-23 20:39:00,28234.7,28239.9,28159.0,28190.0,756.503,21336642.9231
2023-03-23 20:40:00,28190.0,28250.0,28168.7,28236.6,431.818,12183047.7159
2023-03-23 20:41:00,28236.6,28357.9,28201.5,28357.9,1620.454,45853921.2752
2023-03-23 20:42:00,28357.9,28399.4,28292.9,28296.3,1484.021,42062357.0224
2023-03-23 20:43:00,28296.3,28340.7,28290.4,28340.1,521.763,14773738.0753
2023-03-23 20:44:00,28340.1,28355.3,28272.7,28336.6,452.043,12794978.1609
2023-03-23 20:45:00,28336.6,28695.0,28333.8,28613.3,5636.893,160834419.8225
2023-03-23 20:46:00,28613.3,28780.0,28601.7,28673.6,3570.731,102437930.6715
2023-03-23 20:47:00,28673.6,28730.0,28626.9,28648.4,1021.084,29280291.9984
2023-03-23 20:48:00,28648.4,28648.4,28540.1,28565.4,877.803,25098961.8322
2023-03-23 20:49:00,28565.4,28593.7,28512.0,28519.1,773.098,22070169.5656
2023-03-23 20:50:00,28519.1,28560.0,28451.8,28484.5,1329.782,37893084.1545
2023-03-23 20:51:00,28484.5,28540.1,28482.7,28490.1,882.448,25161766.6845
2023-03-23 20:52:00,28490.1,28530.0,28475.0,28510.2,366.547,10446711.3956
2023-03-23 20:53:00,28510.2,28513.6,28385.0,28400.5,908.543,25829721.2167
2023-03-23 20:54:00,28400.5,28475.8,28371.1,28405.0,814.662,23143554.5403
2023-03-23 20:55:00,28405.0,28485.9,28382.2,28467.1,615.364,17501237.3499
2023-03-23 20:56:00,28467.1,28485.8,28402.0,28444.3,400.176,11379599.0499
2023-03-23 20:57:00,28444.3,28495.0,28444.2,28493.3,294.656,8389891.7989
2023-03-23 20:58:00,28493.3,28553.1,28457.0,28542.5,706.844,20144715.4784
2023-03-23 20:59:00,28542.5,28561.4,28460.0,28468.4,498.04,14192550.1428
2023-03-23 21:00:00,28468.4,28577.2,28468.4,28565.6,695.214,19835952.1437
2023-03-23 21:01:00,28565.6,28598.4,28543.9,28566.5,478.582,13674196.7539
2023-03-23 21:02:00,28566.5,28622.0,28550.2,28573.6,515.58,14738340.9987
2023-03-23 21:03:00,28573.6,28600.0,28553.3,28599.9,286.081,8174986.7048
2023-03-23 21:04:00,28599.9,28608.0,28550.7,28562.7,311.664,8906016.5302
2023-03-23 21:05:00,28562.7,28634.3,28555.0,28632.9,391.04,11184065.0254
2023-03-23 21:06:00,28632.9,28690.0,28592.8,28677.5,1229.917,35237371.7456
2023-03-23 21:07:00,28677.5,28724.6,28621.8,28666.7,914.854,26231614.1448
2023-03-23 21:08:00,28666.7,28683.8,28591.9,28613.6,744.491,21320866.1297
2023-03-23 21:09:00,28613.6,28613.6,28561.4,28590.7,552.937,15807676.8136
2023-03-23 21:10:00,28590.7,28625.0,28567.3,28567.4,337.493,9651375.7265
2023-03-23 21:11:00,28567.4,28571.6,28489.7,28519.4,704.982,20106555.4719
2023-03-23 21:12:00,28519.4,28550.0,28455.0,28494.7,453.329,12920542.5499
2023-03-23 21:13:00,28494.7,28509.9,28468.1,28506.1,262.803,7487705.2608
2023-03-23 21:14:00,28506.1,28538.2,28493.6,28506.8,310.291,8848129.7412
2023-03-23 21:15:00,28506.8,28551.0,28506.8,28525.1,304.231,8681704.6115
2023-03-23 21:16:00,28525.1,28566.9,28525.0,28546.0,235.076,6710543.2499
2023-03-23 21:17:00,28546.0,28600.0,28543.0,28554.6,429.823,12282976.6164
2023-03-23 21:18:00,28554.6,28612.8,28554.6,28600.0,262.349,7499543.553
2023-03-23 21:19:00,28600.0,28629.2,28580.2,28602.6,396.497,11340559.1661
2023-03-23 21:20:00,28602.6,28642.0,28602.6,28630.1,294.501,8431695.6942
2023-03-23 21:21:00,28630.1,28640.0,28559.4,28571.0,411.702,11771369.9228
2023-03-23 21:22:00,28571.0,28651.0,28568.1,28634.1,427.818,12248569.1818
2023-03-23 21:23:00,28634.1,28665.7,28581.9,28581.9,320.553,9176338.7425
2023-03-23 21:24:00,28581.9,28608.0,28580.0,28596.1,123.651,3535769.8228
2023-03-23 21:25:00,28596.1,28628.0,28580.0,28619.8,171.933,4916856.2131
2023-03-23 21:26:00,28619.8,28639.0,28590.9,28594.6,106.484,3048001.9749
2023-03-23 21:27:00,28594.6,28618.1,28584.0,28592.6,164.954,4717250.3465
2023-03-23 21:28:00,28592.6,28592.6,28527.9,28527.9,313.401,8954645.7859
2023-03-23 21:29:00,28527.9,28585.0,28516.5,28567.9,225.986,6454674.9068
2023-03-23 21:30:00,28567.9,28629.1,28567.8,28616.1,438.12,12533804.5356
2023-03-23 21:31:00,28616.1,28616.4,28551.7,28565.2,265.26,7582495.1326
2023-03-23 21:32:00,28565.2,28568.7,28509.2,28512.6,399.941,11412519.2642
2023-03-23 21:33:00,28512.6,28528.2,28479.0,28483.1,432.778,12333898.8433
2023-03-23 21:34:00,28483.1,28506.1,28471.8,28495.4,280.988,8004025.1927
2023-03-23 21:35:00,28495.4,28559.6,28495.3,28544.4,245.653,7007734.4797
2023-03-23 21:36:00,28544.4,28578.4,28527.1,28578.3,154.237,4404494.3256
2023-03-23 21:37:00,28578.3,28590.0,28561.9,28576.3,229.852,6569273.7401
2023-03-23 21:38:00,28576.3,28600.0,28554.3,28596.9,165.867,4740684.5876
2023-03-23 21:39:00,28596.9,28600.0,28530.0,28531.3,163.568,4670163.0031
2023-03-23 21:40:00,28531.3,28577.6,28530.0,28572.5,135.155,3859850.3584
2023-03-23 21:41:00,28572.5,28578.7,28541.3,28551.5,66.84,1908972.8589
2023-03-23 21:42:00,28551.5,28555.6,28530.1,28546.4,85.082,2428038.1007
2023-03-23 21:43:00,28546.4,28546.4,28450.0,28468.7,465.234,13250642.084
2023-03-23 21:44:00,28468.7,28505.3,28430.0,28440.9,844.05,24025344.0035
2023-03-23 21:45:00,28440.9,28507.2,28430.1,28472.5,410.234,11676959.1072
2023-03-23 21:46:00,28472.5,28497.3,28464.4,28493.2,106.292,3027163.2811
2023-03-23 21:47:00,28493.2,28530.5,28491.3,28500.0,182.618,5207335.7818
2023-03-23 21:48:00,28500.0,28531.6,28430.8,28435.6,215.554,6138237.7879
2023-03-23 21:49:00,28435.6,28439.6,28345.5,28360.6,1036.453,29419467.3572
2023-03-23 21:50:00,28360.6,28429.0,28357.5,28392.6,474.93,13488025.8032
2023-03-23 21:51:00,28392.6,28412.0,28385.4,28391.5,185.779,5275543.0665
2023-03-23 21:52:00,28391.5,28450.0,28391.4,28427.8,194.168,5519130.7732
2023-03-23 21:53:00,28427.8,28435.0,28405.4,28420.4,183.767,5222550.3751
2023-03-23 21:54:00,28420.4,28430.0,28392.0,28395.7,93.393,2653162.2151
2023-03-23 21:55:00,28395.7,28399.1,28367.0,28398.7,168.237,4775261.0909
2023-03-23 21:56:00,28398.7,28462.2,28395.1,28453.1,265.874,7559150.539
2023-03-23 21:57:00,28453.1,28485.0,28450.1,28468.8,356.198,10139997.3876
2023-03-23 21:58:00,28468.8,28482.2,28452.6,28482.2,137.531,3915630.0727
2023-03-23 21:59:00,28482.2,28515.0,28472.8,28477.3,304.939,8689860.7214
2023-03-23 22:00:00,28477.3,28515.0,28475.6,28515.0,66.9,1906864.4772
2023-03-23 22:01:00,28515.0,28515.0,28474.8,28499.3,95.714,2727532.9235
2023-03-23 22:02:00,28499.3,28499.3,28451.2,28459.9,72.134,2053589.4776
2023-03-23 22:03:00,28459.9,28472.5,28435.2,28455.8,297.761,8471710.9653
2023-03-23 22:04:00,28455.8,28464.4,28433.5,28433.5,70.533,2006359.0137
2023-03-23 22:05:00,28433.5,28448.5,28384.3,28387.6,320.305,9099250.7588
2023-03-23 22:06:00,28387.6,28413.1,28370.1,28400.0,187.856,5333684.9969
2023-03-23 22:07:00,28400.0,28400.1,28361.0,28371.1,254.533,7222069.5715
2023-03-23 22:08:00,28371.1,28420.0,28371.1,28416.6,136.823,3885854.4489
2023-03-23 22:09:00,28416.6,28430.0,28408.2,28408.2,81.175,2307103.7247
2023-03-23 22:10:00,28408.2,28414.2,28373.0,28380.0,108.957,3093833.592
2023-03-23 22:11:00,28380.0,28384.2,28361.0,28361.0,93.609,2655740.7106
2023-03-23 22:12:00,28361.0,28427.9,28361.0,28416.7,130.0,3691395.2283
2023-03-23 22:13:00,28416.7,28416.7,28396.4,28410.5,62.466,1774433.7606
2023-03-23 22:14:00,28410.5,28418.1,28395.9,28397.5,81.073,2302806.4202
2023-03-23 22:15:00,28397.5,28404.9,28381.2,28396.1,49.661,1410019.4053
2023-03-23 22:16:00,28396.1,28430.0,28389.9,28410.5,107.242,3047583.5024
2023-03-23 22:17:00,28410.5,28418.0,28380.1,28382.2,163.046,4629776.3229
2023-03-23 22:18:00,28382.2,28394.4,28370.4,28370.4,82.037,2328217.2855
2023-03-23 22:19:00,28370.4,28407.6,28370.4,28405.3,60.966,1730851.1205
2023-03-23 22:20:00,28405.3,28405.4,28379.8,28382.3,36.667,1040786.9438
2023-03-23 22:21:00,28382.3,28398.9,28382.3,28388.1,67.088,1904508.014
2023-03-23 22:22:00,28388.1,28443.8,28388.1,28439.0,174.428,4958636.7191
2023-03-23 22:23:00,28439.0,28495.7,28438.9,28495.7,398.388,11344150.5505
2023-03-23 22:24:00,28495.7,28511.2,28462.6,28470.1,319.273,9094144.3228
2023-03-23 22:25:00,28470.1,28491.6,28470.0,28491.6,117.169,3336826.5986
2023-03-23 22:26:00,28491.6,28504.7,28480.1,28493.1,194.667,5546705.7052
2023-03-23 22:27:00,28493.1,28517.8,28490.0,28497.3,154.792,4412378.2802
2023-03-23 22:28:00,28497.3,28497.4,28443.5,28443.6,285.255,8122999.7549
2023-03-23 22:29:00,28443.6,28472.4,28443.6,28459.9,91.258,2597153.9153
2023-03-23 22:30:00,28459.9,28478.1,28453.0,28463.8,50.436,1435850.4105
2023-03-23 22:31:00,28463.8,28463.8,28444.5,28444.6,52.78,1501561.2805
2023-03-23 22:32:00,28444.6,28459.0,28431.5,28459.0,91.86,2612682.1586
2023-03-23 22:33:00,28459.0,28487.7,28453.6,28483.8,55.1,1568844.1321
2023-03-23 22:34:00,28483.8,28493.0,28476.4,28493.0,71.142,2026446.1002
2023-03-23 22:35:00,28493.0,28502.0,28475.0,28490.7,86.369,2460448.6299
2023-03-23 22:36:00,28490.7,28495.1,28480.0,28480.0,37.295,1062482.0076
2023-03-23 22:37:00,28480.0,28494.5,28460.5,28473.7,59.835,1704086.7297
2023-03-23 22:38:00,28473.7,28473.7,28415.7,28415.7,194.711,5538680.7047
2023-03-23 22:39:00,28415.7,28416.9,28375.1,28388.8,195.566,5552652.411
2023-03-23 22:40:00,28388.8,28391.1,28350.0,28352.8,176.583,5008850.3249
2023-03-23 22:41:00,28352.8,28370.0,28288.5,28294.5,919.854,26053740.8152
2023-03-23 22:42:00,28294.5,28315.6,28240.5,28314.0,1174.513,33209311.8758
2023-03-23 22:43:00,28314.0,28343.7,28295.2,28338.0,258.452,7320767.4971
2023-03-23 22:44:00,28338.0,28355.8,28329.1,28331.0,161.935,4589808.9611
2023-03-23 22:45:00,28331.0,28342.2,28270.0,28279.9,218.83,6191643.7206
2023-03-23 22:46:00,28279.9,28299.0,28250.9,28298.1,229.486,6487273.7028
2023-03-23 22:47:00,28298.1,28339.9,28281.5,28337.8,118.399,3352628.1412
2023-03-23 22:48:00,28337.8,28341.0,28306.6,28313.1,129.508,3667560.7272
2023-03-23 22:49:00,28313.1,28330.9,28300.0,28320.0,90.593,2565216.5744
2023-03-23 22:50:00,28320.0,28321.9,28304.5,28312.5,104.878,2969113.4837
2023-03-23 22:51:00,28312.5,28336.5,28306.7,28325.4,183.607,5201042.1192
2023-03-23 22:52:00,28325.4,28386.6,28321.6,28364.7,372.542,10567481.8158
2023-03-23 22:53:00,28364.7,28366.3,28310.5,28324.9,185.958,5269876.3436
2023-03-23 22:54:00,28324.9,28330.0,28277.0,28277.0,548.43,15528919.3486
2023-03-23 22:55:00,28277.0,28277.1,28211.2,28229.7,780.734,22051308.5942
2023-03-23 22:56:00,28229.7,28238.0,28130.0,28185.6,1929.249,54369893.681
2023-03-23 22:57:00,28185.6,28186.9,28152.0,28175.0,337.41,9506729.1917
2023-03-23 22:58:00,28175.0,28232.0,28174.9,28214.4,292.696,8254331.5608
2023-03-23 22:59:00,28214.4,28219.3,28178.4,28196.9,154.914,4369052.6117
2023-03-23 23:00:00,28196.9,28231.8,28190.0,28231.8,159.236,4492339.141
2023-03-23 23:01:00,28231.8,28281.2,28231.7,28273.1,299.195,8452710.0057
2023-03-23 23:02:00,28273.1,28273.1,28216.5,28233.6,139.337,3935328.0562
2023-03-23 23:03:00,28233.6,28249.9,28199.4,28207.8,113.087,3191582.613
2023-03-23 23:04:00,28207.8,28234.8,28193.8,28194.1,173.36,4891601.963
2023-03-23 23:05:00,28194.1,28196.7,28170.0,28177.4,198.086,5582327.1298
2023-03-23 23:06:00,28177.4,28185.0,28120.0,28185.0,738.348,20786689.9884
2023-03-23 23:07:00,28185.0,28238.4,28179.2,28212.1,244.099,6887892.3798
2023-03-23 23:08:00,28212.1,28214.9,28171.2,28190.7,203.853,5749518.346
2023-03-23 23:09:00,28190.7,28207.9,28177.0,28177.0,120.332,3391801.3405
2023-03-23 23:10:00,28177.0,28203.8,28162.0,28200.1,80.175,2258976.2941
2023-03-23 23:11:00,28200.1,28235.0,28200.0,28234.9,114.239,3223221.4428
2023-03-23 23:12:00,28234.9,28275.0,28225.3,28271.1,461.256,13028636.2542
2023-03-23 23:13:00,28271.1,28323.1,28263.9,28276.0,568.526,16088724.9561
2023-03-23 23:14:00,28276.0,28294.5,28271.0,28284.8,50.657,1432735.7885
2023-03-23 23:15:00,28284.8,28332.3,28272.7,28307.1,272.165,7704418.7256
2023-03-23 23:16:00,28307.1,28307.1,28251.0,28256.6,242.18,6848518.9828
2023-03-23 23:17:00,28256.6,28259.7,28227.0,28259.6,80.486,2273005.4393
2023-03-23 23:18:00,28259.6,28273.0,28247.8,28268.0,63.712,1800555.9021
2023-03-23 23:19:00,28268.0,28280.0,28253.3,28280.0,59.226,1673866.7589
2023-03-23 23:20:00,28280.0,28287.0,28252.6,28268.2,41.242,1166038.2175
2023-03-23 23:21:00,28268.2,28268.2,28209.5,28235.7,119.15,3362949.988
2023-03-23 23:22:00,28235.7,28245.0,28228.7,28241.1,47.226,1333484.9048
2023-03-23 23:23:00,28241.1,28270.7,28241.1,28265.9,65.534,1851674.5901
2023-03-23 23:24:00,28265.9,28275.2,28235.3,28239.3,75.124,2122617.5062
2023-03-23 23:25:00,28239.3,28259.5,28234.8,28234.8,60.618,1712327.0049
2023-03-23 23:26:00,28234.8,28269.0,28233.0,28268.9,25.482,719939.2972
2023-03-23 23:27:00,28268.9,28292.2,28265.6,28273.0,105.375,2980062.1156
2023-03-23 23:28:00,28273.0,28312.9,28248.2,28292.6,228.836,6470952.5636
2023-03-23 23:29:00,28292.6,28296.6,28273.2,28279.1,177.223,5012991.8799
2023-03-23 23:30:00,28279.1,28302.2,28279.1,28302.2,83.935,2374192.7638
2023-03-23 23:31:00,28302.2,28310.0,28283.1,28290.1,87.849,2485715.8395
2023-03-23 23:32:00,28290.1,28296.1,28285.5,28287.1,20.752,587091.9285
2023-03-23 23:33:00,28287.1,28287.2,28251.6,28255.0,107.977,3051617.1513
2023-03-23 23:34:00,28255.0,28256.1,28240.0,28240.0,85.121,2404468.6591
2023-03-23 23:35:00,28240.0,28269.7,28235.0,28239.4,49.471,1397569.9739
2023-03-23 23:36:00,28239.4,28254.9,28227.5,28237.8,58.093,1640248.5608
2023-03-23 23:37:00,28237.8,28248.4,28225.0,28245.8,52.627,1485674.5621
2023-03-23 23:38:00,28245.8,28247.2,28235.0,28239.1,37.298,1053302.0309
2023-03-23 23:39:00,28239.1,28270.0,28235.1,28261.1,151.12,4269466.0512
2023-03-23 23:40:00,28261.1,28286.0,28256.4,28283.6,66.584,1882580.8195
2023-03-23 23:41:00,28283.6,28289.0,28255.1,28262.6,52.796,1492599.8664
2023-03-23 23:42:00,28262.6,28314.2,28262.5,28314.2,124.247,3515868.6936
2023-03-23 23:43:00,28314.2,28382.8,28314.2,28343.0,940.917,26682394.5643
2023-03-23 23:44:00,28343.0,28350.9,28330.5,28341.3,118.396,3355627.9002
2023-03-23 23:45:00,28341.3,28341.3,28325.0,28326.6,54.585,1546648.4109
2023-03-23 23:46:00,28326.6,28340.0,28325.0,28332.1,81.484,2308815.3132
2023-03-23 23:47:00,28332.1,28332.1,28307.8,28308.9,133.014,3766703.9939
2023-03-23 23:48:00,28308.9,28310.0,28285.9,28309.9,77.211,2185031.188
2023-03-23 23:49:00,28309.9,28329.4,28303.3,28303.3,134.021,3794542.2232
2023-03-23 23:50:00,28303.3,28303.3,28278.0,28286.3,65.907,1864610.1809
2023-03-23 23:51:00,28286.3,28290.9,28226.0,28243.2,286.625,8101073.4377
2023-03-23 23:52:00,28243.2,28260.0,28243.2,28248.4,153.276,4329947.9155
2023-03-23 23:53:00,28248.4,28276.4,28242.0,28242.0,79.187,2238100.8023
2023-03-23 23:54:00,28242.0,28248.5,28200.1,28205.6,147.67,4168039.7285
2023-03-23 23:55:00,28205.6,28205.6,28146.4,28146.4,242.964,6845734.9635
2023-03-23 23:56:00,28146.4,28197.0,28146.4,28193.5,131.444,3703904.8651
2023-03-23 23:57:00,28193.5,28208.9,28189.9,28190.2,97.941,2762048.65
2023-03-23 23:58:00,28190.2,28199.8,28189.0,28198.9,34.877,983338.8848
2023-03-23 23:59:00,28198.9,28280.0,28178.4,28227.0,395.471,11160562.9936
2023-03-24 00:00:00,28227.0,28227.0,28177.1,28178.1,137.038,3863809.5956
2023-03-24 00:01:00,28178.1,28178.1,28150.0,28171.6,229.004,6448547.2598
2023-03-24 00:02:00,28171.6,28172.0,28135.0,28142.1,117.919,3320215.914
2023-03-24 00:03:00,28142.1,28166.6,28125.0,28166.6,258.61,7277096.0745
2023-03-24 00:04:00,28166.6,28166.6,28148.1,28166.4,95.504,2689146.797
2023-03-24 00:05:00,28166.4,28195.9,28160.5,28191.6,123.131,3469667.8774
2023-03-24 00:06:00,28191.6,28200.0,28176.4,28183.5,154.007,4341369.8341
2023-03-24 00:07:00,28183.5,28196.2,28161.3,28196.2,77.69,2188607.0097
2023-03-24 00:08:00,28196.2,28199.9,28175.0,28175.0,48.782,1375201.0347
2023-03-24 00:09:00,28175.0,28203.4,28172.6,28202.4,214.245,6039782.0594
2023-03-24 00:10:00,28202.4,28219.9,28177.2,28185.2,73.805,2081207.9822
2023-03-24 00:11:00,28185.2,28185.2,28140.4,28140.7,96.535,2718541.9339
2023-03-24 00:12:00,28140.7,28151.0,28135.1,28145.3,59.326,1669706.2754
2023-03-24 00:13:00,28145.3,28151.0,28056.3,28070.9,899.04,25259556.5173
2023-03-24 00:14:00,28070.9,28113.8,28067.3,28089.6,337.017,9466959.2444
2023-03-24 00:15:00,28089.6,28147.7,28089.6,28121.4,284.295,7995827.7382
2023-03-24 00:16:00,28121.4,28145.0,28120.7,28132.2,98.926,2782967.0501
2023-03-24 00:17:00,28132.2,28134.0,28040.1,28041.8,357.153,10024482.4451
2023-03-24 00:18:00,28041.8,28041.9,27959.3,28008.1,1972.334,55233884.9904
2023-03-24 00:19:00,28008.1,28014.3,27917.7,27962.4,1035.127,28943929.7548
2023-03-24 00:20:00,27962.4,28007.7,27944.5,27980.4,611.465,17106713.5768
2023-03-24 00:21:00,27980.4,28023.3,27971.6,28023.2,260.257,7286051.2923
2023-03-24 00:22:00,28023.2,28064.9,27989.1,27989.2,209.389,5870074.4154
2023-03-24 00:23:00,27989.2,28000.0,27971.7,27976.7,295.021,8257028.201
2023-03-24 00:24:00,27976.7,27978.8,27957.3,27962.8,191.691,5361399.5282
2023-03-24 00:25:00,27962.8,27962.8,27806.8,27839.7,1670.706,46563388.9457
2023-03-24 00:26:00,27839.7,27848.4,27758.4,27832.9,1291.286,35895325.1156
2023-03-24 00:27:00,27832.9,27845.0,27785.0,27843.4,510.907,14216433.2772
2023-03-24 00:28:00,27843.4,27874.9,27770.1,27872.6,406.416,11308169.1333
2023-03-24 00:29:00,27872.6,27895.9,27851.5,27881.8,429.759,11980148.6622
2023-03-24 00:30:00,27881.8,28006.7,27874.1,27983.1,1247.859,34886128.2047
2023-03-24 00:31:00,27983.1,28002.9,27925.4,27942.9,740.582,20715458.908
2023-03-24 00:32:00,27942.9,27954.8,27825.8,27849.9,503.049,14021505.657
2023-03-24 00:33:00,27849.9,27930.0,27849.5,27922.0,288.7,8053033.377
2023-03-24 00:34:00,27922.0,27922.1,27786.8,27821.3,607.747,16916682.1623
2023-03-24 00:35:00,27821.3,27850.0,27751.8,27780.2,679.857,18891189.2569
2023-03-24 00:36:00,27780.2,27817.3,27738.2,27776.8,359.503,9983852.8178
2023-03-24 00:37:00,27776.8,27822.2,27776.7,27811.6,306.86,8532054.6445
2023-03-24 00:38:00,27811.6,27843.7,27803.0,27838.2,349.22,9715214.9274
2023-03-24 00:39:00,27838.2,27880.6,27826.4,27868.9,277.784,7738136.1491
2023-03-24 00:40:00,27868.9,27872.0,27813.4,27857.1,162.595,4527256.1906
2023-03-24 00:41:00,27857.1,27872.9,27834.7,27843.4,173.309,4828794.7968
2023-03-24 00:42:00,27843.4,27912.4,27840.3,27900.1,389.087,10851047.2411
2023-03-24 00:43:00,27900.1,27900.1,27842.5,27881.0,159.048,4432314.501
2023-03-24 00:44:00,27881.0,27915.0,27880.9,27915.0,142.33,3970820.9923
2023-03-24 00:45:00,27915.0,27931.0,27900.0,27902.9,204.302,5703085.8625
2023-03-24 00:46:00,27902.9,27924.9,27883.0,27891.6,81.943,2287241.3193
2023-03-24 00:47:00,27891.6,27941.0,27888.4,27939.6,126.59,3534342.4297
2023-03-24 00:48:00,27939.6,27951.0,27900.1,27939.5,260.703,7284064.792
2023-03-24 00:49:00,27939.5,27942.5,27880.0,27883.8,174.476,4869010.0762
2023-03-24 00:50:00,27883.8,27892.6,27851.0,27855.0,119.375,3326321.0822
2023-03-24 00:51:00,27855.0,27866.0,27791.0,27806.2,627.021,17447554.0541
2023-03-24 00:52:00,27806.2,27827.8,27733.0,27820.6,564.328,15671604.9936
2023-03-24 00:53:00,27820.6,27869.0,27811.5,27863.2,227.294,6328271.4604
2023-03-24 00:54:00,27863.2,27871.0,27823.8,27871.0,86.804,2417240.338
2023-03-24 00:55:00,27871.0,27909.6,27852.0,27906.2,211.93,5911003.8396
2023-03-24 00:56:00,27906.2,27906.2,27851.2,27860.6,97.389,2715417.7653
2023-03-24 00:57:00,27860.6,27899.9,27860.5,27876.3,65.129,1815828.2107
2023-03-24 00:58:00,27876.3,27900.0,27851.5,27896.9,115.404,3216716.3095
2023-03-24 00:59:00,27896.9,27911.0,27880.5,27888.1,102.62,2862714.4888
2023-03-24 01:00:00,27888.1,27888.1,27852.9,27868.9,75.14,2093946.1669
2023-03-24 01:01:00,27868.9,27884.9,27831.0,27878.7,216.984,6044398.1561
2023-03-24 01:02:00,27878.7,27951.0,27878.6,27931.8,298.611,8339254.5878
2023-03-24 01:03:00,27931.8,27935.5,27903.4,27908.0,143.415,4003225.681
2023-03-24 01:04:00,27908.0,27924.9,27897.0,27915.5,136.907,3820077.2971
2023-03-24 01:05:00,27915.5,27959.9,27915.5,27941.2,140.735,3931811.5662
2023-03-24 01:06:00,27941.2,27981.6,27937.6,27966.4,248.907,6961278.7407
2023-03-24 01:07:00,27966.4,28022.7,27964.6,28002.5,387.169,10840943.4704
2023-03-24 01:08:00,28002.5,28012.8,27981.6,28005.3,169.566,4747296.2276
2023-03-24 01:09:00,28005.3,28053.5,28005.3,28034.2,390.148,10938095.3813
2023-03-24 01:10:00,28034.2,28034.2,27996.0,28002.9,176.387,4940453.0919
2023-03-24 01:11:00,28002.9,28022.4,27993.9,28007.8,204.088,5715112.3681
2023-03-24 01:12:00,28007.8,28068.4,28000.0,28068.4,116.334,3261360.0567
2023-03-24 01:13:00,28068.4,28129.0,28054.4,28101.4,805.064,22622174.4155
2023-03-24 01:14:00,28101.4,28132.0,28072.1,28125.8,291.463,8190866.4133
2023-03-24 01:15:00,28125.8,28185.9,28102.1,28150.0,932.722,26256077.0744
2023-03-24 01:16:00,28150.0,28185.1,28115.1,28127.7,413.877,11651172.2253
2023-03-24 01:17:00,28127.7,28238.4,28125.8,28220.4,536.314,15121020.6645
2023-03-24 01:18:00,28220.4,28227.7,28171.7,28186.5,247.305,6969545.7246
2023-03-24 01:19:00,28186.5,28267.3,28185.6,28220.1,399.635,11282744.6319
2023-03-24 01:20:00,28220.1,28421.3,28220.1,28415.8,1567.293,44408268.1712
2023-03-24 01:21:00,28415.8,28416.0,28279.9,28301.5,987.856,27983689.0845
2023-03-24 01:22:00,28301.5,28354.3,28284.2,28340.2,380.219,10769810.3142
2023-03-24 01:23:00,28340.2,28369.4,28330.4,28369.3,307.249,8712264.6481
2023-03-24 01:24:00,28369.3,28432.1,28309.4,28428.9,491.016,13931898.3766
2023-03-24 01:25:00,28428.9,28441.3,28350.8,28360.2,456.438,12964712.8128
2023-03-24 01:26:00,28360.2,28372.4,28332.8,28352.1,312.61,8862525.0689
2023-03-24 01:27:00,28352.1,28399.4,28352.1,28388.5,169.205,4802484.9205
2023-03-24 01:28:00,28388.5,28388.5,28285.6,28307.0,333.596,9451507.0199
2023-03-24 01:29:00,28307.0,28378.2,28295.2,28359.0,188.034,5327462.0174
2023-03-24 01:30:00,28359.0,28359.0,28251.0,28265.3,322.045,9111221.7412
2023-03-24 01:31:00,28265.3,28285.2,28255.2,28273.9,219.601,6207959.9161
2023-03-24 01:32:00,28273.9,28309.8,28246.5,28246.5,342.459,9682257.627
2023-03-24 01:33:00,28246.5,28246.8,28211.1,28234.9,265.636,7498162.7511
2023-03-24 01:34:00,28234.9,28258.8,28215.0,28217.4,200.774,5670841.1636
2023-03-24 01:35:00,28217.4,28240.9,28205.0,28217.4,139.453,3936314.925
2023-03-24 01:36:00,28217.4,28240.3,28205.0,28205.0,107.041,3021402.2491
2023-03-24 01:37:00,28205.0,28205.1,28128.0,28128.1,556.699,15682440.4276
2023-03-24 01:38:00,28128.1,28187.0,28128.0,28187.0,301.659,8493305.2393
2023-03-24 01:39:00,28187.0,28187.0,28156.4,28159.0,52.893,1489878.6875
2023-03-24 01:40:00,28159.0,28170.0,28153.0,28166.9,103.982,2928272.3878
2023-03-24 01:41:00,28166.9,28169.7,28154.0,28154.0,68.034,1915755.0689
2023-03-24 01:42:00,28154.0,28168.6,28141.1,28168.6,153.597,4323923.2622
2023-03-24 01:43:00,28168.6,28225.8,28165.1,28210.9,321.941,9079443.7394
2023-03-24 01:44:00,28210.9,28214.1,28153.4,28165.0,157.734,4444062.4831
2023-03-24 01:45:00,28165.0,28189.6,28145.5,28186.3,216.557,6099763.0898
2023-03-24 01:46:00,28186.3,28189.3,28174.5,28189.3,43.103,1214764.7428
2023-03-24 01:47:00,28189.3,28208.0,28170.0,28170.0,150.89,4254563.4364
2023-03-24 01:48:00,28170.0,28178.5,28156.0,28178.4,92.989,2619102.6028
2023-03-24 01:49:00,28178.4,28191.8,28150.0,28150.0,182.886,5151493.8579
2023-03-24 01:50:00,28150.0,28150.2,28073.6,28089.4,593.304,16678286.1212
2023-03-24 01:51:00,28089.4,28123.0,28080.4,28123.0,253.552,7125710.6863
2023-03-24 01:52:00,28123.0,28123.0,28112.2,28118.0,41.586,1169245.6067
2023-03-24 01:53:00,28118.0,28157.6,28118.0,28135.1,174.185,4901712.8915
2023-03-24 01:54:00,28135.1,28146.8,28128.1,28135.4,37.54,1056379.1758
2023-03-24 01:55:00,28135.4,28155.0,28130.0,28146.6,46.953,1321468.3707
2023-03-24 01:56:00,28146.6,28166.0,28146.6,28158.6,49.345,1389467.5718
2023-03-24 01:57:00,28158.6,28171.7,28155.6,28166.7,70.026,1972327.7781
2023-03-24 01:58:00,28166.7,28180.0,28160.0,28160.1,56.997,1605414.2122
2023-03-24 01:59:00,28160.1,28160.1,28140.0,28145.1,79.528,2238780.6691
2023-03-24 02:00:00,28145.1,28145.1,28111.3,28115.5,97.471,2741084.4321
2023-03-24 02:01:00,28115.5,28170.9,28115.5,28170.9,132.603,3732449.6558
2023-03-24 02:02:00,28170.9,28179.9,28165.2,28178.9,51.579,1453262.9631
2023-03-24 02:03:00,28178.9,28219.4,28178.8,28205.0,160.361,4522635.8399
2023-03-24 02:04:00,28205.0,28259.4,28204.9,28245.0,323.699,9140106.3352
2023-03-24 02:05:00,28245.0,28245.0,28222.5,28239.9,55.223,1559067.3592
2023-03-24 02:06:00,28239.9,28259.4,28229.0,28230.0,121.57,3434538.3053
2023-03-24 02:07:00,28230.0,28240.2,28174.0,28178.9,250.934,7076629.8417
2023-03-24 02:08:00,28178.9,28188.2,28167.2,28174.9,37.551,1058078.5053
2023-03-24 02:09:00,28174.9,28185.6,28153.6,28185.6,78.971,2224399.521
2023-03-24 02:10:00,28185.6,28226.1,28185.6,28222.8,158.076,4458866.3979
2023-03-24 02:11:00,28222.8,28248.0,28222.8,28244.1,43.024,1214981.4369
2023-03-24 02:12:00,28244.1,28244.1,28218.4,28240.0,80.081,2260991.8612
2023-03-24 02:13:00,28240.0,28240.0,28194.4,28194.4,102.52,2892336.6319
2023-03-24 02:14:00,28194.4,28203.0,28194.4,28203.0,12.378,349051.6448
2023-03-24 02:15:00,28203.0,28203.0,28174.5,28177.6,33.319,939209.4889
2023-03-24 02:16:00,28177.6,28204.9,28176.2,28203.4,53.398,1505291.9225
2023-03-24 02:17:00,28203.4,28206.1,28167.7,28178.2,55.008,1550259.3355
2023-03-24 02:18:00,28178.2,28182.4,28165.1,28165.1,28.869,813417.7896
2023-03-24 02:19:00,28165.1,28191.7,28165.0,28191.7,34.281,965821.736
2023-03-24 02:20:00,28191.7,28191.7,28180.0,28180.0,29.339,826903.2813
2023-03-24 02:21:00,28180.0,28180.1,28166.7,28166.8,30.994,873117.7126
2023-03-24 02:22:00,28166.8,28169.0,28144.6,28168.9,155.679,4382924.5399
2023-03-24 02:23:00,28168.9,28174.8,28166.2,28167.0,71.479,2013650.5193
2023-03-24 02:24:00,28167.0,28185.9,28157.5,28182.3,64.84,1826322.9971
2023-03-24 02:25:00,28182.3,28189.7,28182.2,28186.9,14.49,408443.6678
2023-03-24 02:26:00,28186.9,28212.7,28186.9,28212.6,55.275,1558596.8573
2023-03-24 02:27:00,28212.6,28212.7,28207.2,28207.2,41.25,1163656.3157
2023-03-24 02:28:00,28207.2,28267.7,28204.3,28250.1,208.078,5876901.9161
2023-03-24 02:29:00,28250.1,28282.0,28250.0,28271.0,146.723,4148061.8956
2023-03-24 02:30:00,28271.0,28271.0,28233.1,28233.5,116.0,3276017.5027
2023-03-24 02:31:00,28233.5,28233.5,28206.1,28211.2,62.598,1766267.1041
2023-03-24 02:32:00,28211.2,28220.0,28211.2,28219.9,54.579,1539969.6064
2023-03-24 02:33:00,28219.9,28221.5,28188.0,28188.0,76.37,2153810.9598
2023-03-24 02:34:00,28188.0,28201.7,28176.0,28185.1,51.582,1453926.3808
2023-03-24 02:35:00,28185.1,28211.7,28185.1,28211.6,37.058,1045069.6873
2023-03-24 02:36:00,28211.6,28211.7,28201.9,28209.4,15.966,450357.8779
2023-03-24 02:37:00,28209.4,28211.5,28197.7,28211.5,45.209,1274969.519
2023-03-24 02:38:00,28211.5,28220.0,28209.6,28215.9,24.786,699345.4461
2023-03-24 02:39:00,28215.9,28261.9,28215.9,28251.8,64.187,1812634.6483
2023-03-24 02:40:00,28251.8,28273.0,28245.8,28269.2,49.033,1385775.5032
2023-03-24 02:41:00,28269.2,28273.1,28250.9,28250.9,49.092,1387442.746
2023-03-24 02:42:00,28250.9,28260.0,28236.1,28236.1,41.122,1161900.7902
2023-03-24 02:43:00,28236.1,28241.0,28227.6,28240.7,26.085,736503.5595
2023-03-24 02:44:00,28240.7,28251.0,28240.5,28245.9,31.138,879483.6827
2023-03-24 02:45:00,28245.9,28245.9,28185.0,28185.1,84.392,2380616.8624
2023-03-24 02:46:00,28185.1,28191.5,28018.4,28075.2,931.78,26164669.5421
2023-03-24 02:47:00,28075.2,28093.0,27950.0,28036.8,830.822,23267849.972
2023-03-24 02:48:00,28036.8,28072.0,28021.7,28027.5,155.501,4361644.8528
2023-03-24 02:49:00,28027.5,28030.9,27937.3,27997.5,355.311,9942095.1263
2023-03-24 02:50:00,27997.5,28055.1,27994.6,28051.8,151.116,4235358.7595
2023-03-24 02:51:00,28051.8,28071.1,28047.6,28060.1,143.641,4030981.7069
2023-03-24 02:52:00,28060.1,28100.8,28042.3,28092.8,152.469,4280120.1137
2023-03-24 02:53:00,28092.8,28111.4,28056.4,28064.0,124.457,3496392.1732
2023-03-24 02:54:00,28064.0,28079.9,28058.0,28061.8,28.575,802101.31
2023-03-24 02:55:00,28061.8,28116.0,28060.1,28104.4,76.265,2142657.2093
2023-03-24 02:56:00,28104.4,28114.7,28088.1,28114.7,46.422,1304514.2234
2023-03-24 02:57:00,28114.7,28114.7,28103.0,28107.3,19.016,534474.8374
2023-03-24 02:58:00,28107.3,28113.8,28085.1,28106.3,60.851,1709726.0776
2023-03-24 02:59:00,28106.3,28143.9,28103.2,28112.7,118.443,3331617.4262
2023-03-24 03:00:00,28112.7,28209.9,28112.7,28178.0,206.62,5821170.5287
2023-03-24 03:01:00,28178.0,28178.0,28142.3,28149.2,46.079,1297397.5972
2023-03-24 03:02:00,28149.2,28149.3,28081.6,28094.5,97.668,2744782.7867
2023-03-24 03:03:00,28094.5,28110.4,28087.6,28090.1,33.079,929421.7703
2023-03-24 03:04:00,28090.1,28111.4,28082.0,28109.4,76.621,2152792.6842
2023-03-24 03:05:00,28109.4,28109.4,28060.0,28075.9,77.317,2171096.5596
2023-03-24 03:06:00,28075.9,28118.5,28075.9,28112.2,29.322,824121.3796
2023-03-24 03:07:00,28112.2,28133.4,28112.1,28122.7,44.647,1255776.9519
2023-03-24 03:08:00,28122.7,28137.0,28122.4,28136.9,21.868,615158.4582
2023-03-24 03:09:00,28136.9,28142.0,28105.7,28105.7,42.399,1192703.9353
2023-03-24 03:10:00,28105.7,28105.8,28060.5,28069.6,59.987,1684176.4209
2023-03-24 03:11:00,28069.6,28123.2,28065.0,28107.0,65.725,1846588.0818
2023-03-24 03:12:00,28107.0,28107.0,28100.0,28104.0,23.549,661761.6797
2023-03-24 03:13:00,28104.0,28120.0,28104.0,28120.0,29.349,824986.852
2023-03-24 03:14:00,28120.0,28141.0,28120.0,28139.9,25.794,725718.3744
2023-03-24 03:15:00,28139.9,28140.0,28116.0,28117.4,32.951,926834.209
2023-03-24 03:16:00,28117.4,28149.9,28101.7,28101.7,52.376,1473579.9996
2023-03-24 03:17:00,28101.7,28102.7,28098.7,28100.8,23.929,672419.6326
2023-03-24 03:18:00,28100.8,28119.4,28100.8,28119.3,67.564,1899612.9079
2023-03-24 03:19:00,28119.3,28162.0,28119.3,28162.0,142.59,4012217.5147
2023-03-24 03:20:00,28162.0,28183.5,28131.3,28131.4,93.746,2640615.5779
2023-03-24 03:21:00,28131.4,28143.1,28115.6,28138.3,22.46,631727.0574
2023-03-24 03:22:00,28138.3,28177.0,28138.3,28176.9,37.085,1044564.7154
2023-03-24 03:23:00,28176.9,28177.0,28146.9,28161.5,26.436,744504.238
2023-03-24 03:24:00,28161.5,28163.5,28158.8,28161.0,19.859,559242.3804
2023-03-24 03:25:00,28161.0,28164.3,28160.9,28163.1,10.44,294015.0392
2023-03-24 03:26:00,28163.1,28169.0,28146.0,28150.5,27.91,785956.2385
2023-03-24 03:27:00,28150.5,28155.3,28124.2,28124.2,81.179,2285045.6733
2023-03-24 03:28:00,28124.2,28139.1,28124.2,28138.1,10.101,284153.6356
2023-03-24 03:29:00,28138.1,28155.1,28138.1,28155.1,24.055,677052.5109
2023-03-24 03:30:00,28155.1,28160.0,28137.0,28140.5,75.534,2126236.2362
2023-03-24 03:31:00,28140.5,28145.5,28140.3,28141.9,7.905,222468.3282
2023-03-24 03:32:00,28141.9,28158.2,28140.1,28158.2,45.868,1291159.4724
2023-03-24 03:33:00,28158.2,28169.9,28126.5,28126.6,48.843,1374671.653
2023-03-24 03:34:00,28126.6,28130.0,28121.0,28121.0,37.534,1055663.2218
2023-03-24 03:35:00,28121.0,28123.1,28109.0,28115.2,42.704,1200734.2199
2023-03-24 03:36:00,28115.2,28128.2,28112.4,28112.5,39.695,1116164.183
2023-03-24 03:37:00,28112.5,28112.5,28090.0,28090.1,93.455,2626744.6088
2023-03-24 03:38:00,28090.1,28124.6,28089.3,28124.6,77.578,2179896.8862
2023-03-24 03:39:00,28124.6,28130.5,28123.5,28129.1,18.119,509644.1712
2023-03-24 03:40:00,28129.1,28146.3,28129.0,28142.0,42.893,1206954.4888
2023-03-24 03:41:00,28142.0,28149.9,28140.4,28144.3,38.686,1088866.4115
2023-03-24 03:42:00,28144.3,28149.9,28123.0,28124.3,36.62,1030344.038
2023-03-24 03:43:00,28124.3,28125.7,28109.0,28121.3,24.921,700790.1007
2023-03-24 03:44:00,28121.3,28132.2,28121.2,28129.2,13.18,370706.1687
2023-03-24 03:45:00,28129.2,28130.6,28121.7,28130.6,10.808,303991.4113
2023-03-24 03:46:00,28130.6,28138.7,28126.2,28133.6,34.163,961110.0938
2023-03-24 03:47:00,28133.6,28137.0,28129.8,28135.1,12.429,349676.07
2023-03-24 03:48:00,28135.1,28146.8,28135.1,28138.7,19.869,559067.3879
2023-03-24 03:49:00,28138.7,28147.8,28138.1,28139.1,73.59,2070864.6378
2023-03-24 03:50:00,28139.1,28187.0,28139.1,28182.6,159.291,4486898.7371
2023-03-24 03:51:00,28182.6,28216.7,28182.6,28189.8,214.904,6060478.51
2023-03-24 03:52:00,28189.8,28189.8,28185.8,28186.8,14.151,398879.5836
2023-03-24 03:53:00,28186.8,28186.9,28178.2,28179.6,76.087,2144387.4096
2023-03-24 03:54:00,28179.6,28179.7,28168.4,28171.4,28.16,793326.1344
2023-03-24 03:55:00,28171.4,28175.3,28102.4,28114.7,362.232,10193642.1687
2023-03-24 03:56:00,28114.7,28121.4,28076.7,28096.7,126.289,3547585.7931
2023-03-24 03:57:00,28096.7,28098.3,28070.3,28072.5,77.856,2186550.3755
2023-03-24 03:58:00,28072.5,28109.1,28072.4,28109.1,62.534,1756456.7053
2023-03-24 03:59:00,28109.1,28124.9,28109.1,28124.2,53.372,1500652.2241
2023-03-24 04:00:00,28124.2,28132.3,28122.0,28132.3,26.941,757711.5492
2023-03-24 04:01:00,28132.3,28132.3,28131.0,28131.1,7.876,221567.3457
2023-03-24 04:02:00,28131.1,28160.2,28122.8,28158.0,92.953,2615716.7597
2023-03-24 04:03:00,28158.0,28168.4,28148.7,28157.2,66.2,1864130.8742
2023-03-24 04:04:00,28157.2,28165.1,28144.5,28144.6,49.78,1401749.1454
2023-03-24 04:05:00,28144.6,28147.0,28136.3,28139.2,10.827,304682.9113
2023-03-24 04:06:00,28139.2,28160.0,28137.7,28155.6,24.951,702349.3465
2023-03-24 04:07:00,28155.6,28155.6,28150.8,28154.7,33.17,933861.9239
2023-03-24 04:08:00,28154.7,28159.8,28151.1,28159.8,17.415,490289.5201
2023-03-24 04:09:00,28159.8,28159.8,28158.8,28158.9,12.919,363786.8489
2023-03-24 04:10:00,28158.9,28175.5,28158.8,28167.2,33.557,945348.1277
2023-03-24 04:11:00,28167.2,28175.5,28164.1,28166.0,86.403,2434072.8969
2023-03-24 04:12:00,28166.0,28179.2,28166.0,28178.4,27.436,772937.5991
2023-03-24 04:13:00,28178.4,28196.6,28178.4,28188.0,48.487,1366840.9147
2023-03-24 04:14:00,28188.0,28221.7,28182.4,28220.0,160.808,4536513.1698
2023-03-24 04:15:00,28220.0,28233.6,28219.4,28219.4,97.986,2765618.0986
2023-03-24 04:16:00,28219.4,28219.5,28189.2,28192.6,121.501,3426975.7072
2023-03-24 04:17:00,28192.6,28192.6,28170.1,28172.5,53.261,1500751.6213
2023-03-24 04:18:00,28172.5,28187.9,28172.4,28181.6,37.299,1051219.0651
2023-03-24 04:19:00,28181.6,28194.5,28162.9,28190.1,74.148,2088779.3887
2023-03-24 04:20:00,28190.1,28255.9,28190.1,28240.6,300.649,8489345.6314
2023-03-24 04:21:00,28240.6,28262.7,28240.5,28250.0,104.887,2963332.4107
2023-03-24 04:22:00,28250.0,28250.1,28214.5,28226.2,75.4,2128880.1421
2023-03-24 04:23:00,28226.2,28233.7,28220.4,28225.0,24.737,698260.023
2023-03-24 04:24:00,28225.0,28225.0,28216.6,28220.1,40.793,1151213.6807
2023-03-24 04:25:00,28220.1,28235.9,28213.1,28213.1,64.342,1816198.7521
2023-03-24 04:26:00,28213.1,28214.3,28200.1,28207.7,51.409,1450182.8638
2023-03-24 04:27:00,28207.7,28214.7,28203.9,28206.2,26.95,760310.7183
2023-03-24 04:28:00,28206.2,28208.9,28200.0,28200.1,19.58,552254.5848
2023-03-24 04:29:00,28200.1,28210.0,28200.0,28202.2,12.243,345277.6851
2023-03-24 04:30:00,28202.2,28205.1,28171.4,28174.6,51.181,1442785.4468
2023-03-24 04:31:00,28174.6,28228.4,28174.5,28224.2,52.558,1482290.4706
2023-03-24 04:32:00,28224.2,28234.9,28223.4,28226.9,32.624,920911.3926
2023-03-24 04:33:00,28226.9,28258.5,28226.9,28255.4,176.04,4972994.4735
2023-03-24 04:34:00,28255.4,28316.3,28255.3,28273.7,520.124,14715303.2799
2023-03-24 04:35:00,28273.7,28291.0,28251.7,28254.4,181.648,5136496.0621
2023-03-24 04:36:00,28254.4,28261.2,28253.4,28261.1,49.153,1388953.7826
2023-03-24 04:37:00,28261.1,28266.5,28256.4,28261.1,25.59,723207.1652
2023-03-24 04:38:00,28261.1,28291.2,28260.5,28291.2,52.635,1488106.9705
2023-03-24 04:39:00,28291.2,28304.9,28291.1,28302.5,85.105,2408316.7552
2023-03-24 04:40:00,28302.5,28316.4,28285.6,28316.4,112.055,3171164.1092
2023-03-24 04:41:00,28316.4,28362.6,28308.8,28344.9,383.217,10861509.8601
2023-03-24 04:42:00,28344.9,28355.0,28342.8,28347.1,94.618,2682248.2884
2023-03-24 04:43:00,28347.1,28348.9,28327.7,28343.4,91.225,2585210.1036
2023-03-24 04:44:00,28343.4,28343.4,28326.3,28327.4,101.304,2870789.7479
2023-03-24 04:45:00,28327.4,28327.5,28291.8,28310.5,141.74,4011707.4483
2023-03-24 04:46:00,28310.5,28443.0,28310.4,28406.8,973.669,27654923.4909
2023-03-24 04:47:00,28406.8,28425.0,28380.0,28402.0,198.194,5627154.332
2023-03-24 04:48:00,28402.0,28402.0,28353.8,28363.3,221.7,6291045.4303
2023-03-24 04:49:00,28363.3,28376.4,28351.5,28372.0,125.567,3561427.2359
2023-03-24 04:50:00,28372.0,28388.6,28349.0,28353.3,200.287,5680177.5605
2023-03-24 04:51:00,28353.3,28358.0,28327.0,28351.7,136.066,3856399.6921
2023-03-24 04:52:00,28351.7,28371.1,28350.8,28361.5,52.796,1497597.8354
2023-03-24 04:53:00,28361.5,28371.1,28350.4,28366.4,55.091,1562486.8588
2023-03-24 04:54:00,28366.4,28386.8,28356.9,28385.0,48.525,1376689.5044
2023-03-24 04:55:00,28385.0,28400.0,28374.1,28374.1,64.995,1845500.1274
2023-03-24 04:56:00,28374.1,28393.1,28374.1,28380.1,34.306,973598.7768
2023-03-24 04:57:00,28380.1,28380.1,28355.6,28365.3,55.629,1578098.3817
2023-03-24 04:58:00,28365.3,28369.9,28350.0,28365.4,60.686,1720737.5691
2023-03-24 04:59:00,28365.4,28365.4,28350.1,28353.0,58.939,1671180.474
2023-03-24 05:00:00,28353.0,28365.0,28353.0,28355.5,40.288,1142582.1092
2023-03-24 05:01:00,28355.5,28380.0,28355.4,28378.4,33.284,944148.8142
2023-03-24 05:02:00,28378.4,28386.6,28377.3,28379.8,37.863,1074583.4707
2023-03-24 05:03:00,28379.8,28379.8,28363.9,28365.6,43.488,1233934.0178
2023-03-24 05:04:00,28365.6,28385.0,28362.8,28373.8,71.569,2030986.3024
2023-03-24 05:05:00,28373.8,28388.0,28354.2,28354.2,62.73,1780053.1163
2023-03-24 05:06:00,28354.2,28365.1,28354.2,28361.1,18.11,513574.4789
2023-03-24 05:07:00,28361.1,28361.1,28288.4,28324.9,379.757,10753940.7313
2023-03-24 05:08:00,28324.9,28344.0,28309.8,28336.2,238.492,6755296.8442
2023-03-24 05:09:00,28336.2,28336.3,28315.7,28325.0,69.271,1961994.0061
2023-03-24 05:10:00,28325.0,28339.1,28321.4,28338.2,50.754,1437994.9056
2023-03-24 05:11:00,28338.2,28338.2,28312.9,28316.2,68.062,1927773.1909
2023-03-24 05:12:00,28316.2,28316.2,28300.1,28300.8,46.533,1317238.0164
2023-03-24 05:13:00,28300.8,28316.7,28300.0,28314.6,47.445,1343092.9005
2023-03-24 05:14:00,28314.6,28318.4,28273.3,28281.8,215.736,6102295.6264
2023-03-24 05:15:00,28281.8,28281.8,28262.0,28268.0,80.645,2279545.0318
2023-03-24 05:16:00,28268.0,28291.8,28267.9,28280.7,54.951,1553979.852
2023-03-24 05:17:00,28280.7,28289.2,28268.4,28289.2,42.447,1200212.4446
2023-03-24 05:18:00,28289.2,28309.5,28289.1,28309.5,29.243,827507.8499
2023-03-24 05:19:00,28309.5,28325.4,28300.0,28300.1,76.518,2166760.3397
2023-03-24 05:20:00,28300.1,28301.6,28285.5,28289.3,40.783,1154028.9164
2023-03-24 05:21:00,28289.3,28310.0,28289.3,28308.4,32.009,905985.3516
2023-03-24 05:22:00,28308.4,28315.2,28289.4,28293.0,55.593,1573432.5763
2023-03-24 05:23:00,28293.0,28309.3,28286.1,28303.3,51.56,1459070.4588
2023-03-24 05:24:00,28303.3,28306.7,28303.3,28306.7,15.128,428218.0767
2023-03-24 05:25:00,28306.7,28333.0,28306.6,28333.0,44.898,1271322.577
2023-03-24 05:26:00,28333.0,28341.8,28279.3,28279.4,105.231,2979171.5665
2023-03-24 05:27:00,28279.4,28305.5,28275.2,28302.4,37.845,1070802.5915
2023-03-24 05:28:00,28302.4,28302.5,28287.2,28287.2,10.639,301015.3953
2023-03-24 05:29:00,28287.2,28287.3,28274.3,28278.0,46.629,1318538.5852
2023-03-24 05:30:00,28278.0,28294.0,28277.9,28289.6,34.453,974539.8335
2023-03-24 05:31:00,28289.6,28294.4,28279.1,28292.4,23.412,662253.8652
2023-03-24 05:32:00,28292.4,28315.0,28292.4,28308.1,61.5,1740771.4354
2023-03-24 05:33:00,28308.1,28319.0,28295.4,28295.5,40.317,1141399.6385
2023-03-24 05:34:00,28295.5,28295.5,28276.5,28276.6,34.237,968262.5352
2023-03-24 05:35:00,28276.6,28277.9,28270.2,28270.2,39.589,1119318.113
2023-03-24 05:36:00,28270.2,28289.9,28270.2,28288.3,110.556,3126056.4337
2023-03-24 05:37:00,28288.3,28316.8,28288.3,28311.6,75.658,2142035.459
2023-03-24 05:38:00,28311.6,28313.2,28301.4,28304.5,31.551,893223.6236
2023-03-24 05:39:00,28304.5,28307.2,28276.9,28290.3,70.799,2003607.7178
2023-03-24 05:40:00,28290.3,28308.9,28288.9,28303.8,32.962,932951.7563
2023-03-24 05:41:00,28303.8,28322.0,28303.8,28322.0,33.211,940358.9403
2023-03-24 05:42:00,28322.0,28326.0,28310.0,28310.1,47.873,1355702.97
2023-03-24 05:43:00,28310.1,28325.7,28310.0,28314.2,21.429,606818.987
2023-03-24 05:44:00,28314.2,28314.2,28295.6,28301.2,28.092,795038.9406
2023-03-24 05:45:00,28301.2,28306.4,28287.3,28288.4,24.868,703657.5417
2023-03-24 05:46:00,28288.4,28301.3,28288.3,28298.8,12.923,365670.1295
2023-03-24 05:47:00,28298.8,28309.8,28290.1,28292.0,51.342,1453089.7994
2023-03-24 05:48:00,28292.0,28321.6,28292.0,28321.5,30.772,871317.9537
2023-03-24 05:49:00,28321.5,28330.0,28313.7,28330.0,59.42,1683041.6084
2023-03-24 05:50:00,28330.0,28342.0,28329.9,28342.0,114.01,3230851.1166
2023-03-24 05:51:00,28342.0,28342.0,28331.3,28333.7,50.539,1432042.7662
2023-03-24 05:52:00,28333.7,28333.8,28329.6,28330.7,61.082,1730626.0816
2023-03-24 05:53:00,28330.7,28353.2,28326.0,28338.7,179.569,5089641.3811
2023-03-24 05:54:00,28338.7,28352.2,28338.6,28342.0,38.833,1100611.5637
2023-03-24 05:55:00,28342.0,28342.0,28321.9,28322.0,37.455,1061280.5611
2023-03-24 05:56:00,28322.0,28322.9,28312.0,28312.0,24.878,704559.8586
2023-03-24 05:57:00,28312.0,28312.1,28303.9,28307.1,25.819,730871.9383
2023-03-24 05:58:00,28307.1,28311.2,28296.4,28296.4,113.353,3208616.2542
2023-03-24 05:59:00,28296.4,28296.4,28264.7,28273.1,120.339,3402594.9865
2023-03-24 06:00:00,28273.1,28276.4,28245.8,28267.9,117.07,3308226.7751
2023-03-24 06:01:00,28267.9,28283.5,28267.1,28277.8,32.776,926753.7319
2023-03-24 06:02:00,28277.8,28288.5,28277.8,28282.1,22.186,627414.8428
2023-03-24 06:03:00,28282.1,28282.1,28267.4,28280.6,25.54,722189.2349
2023-03-24 06:04:00,28280.6,28289.3,28274.2,28274.2,17.68,500047.2801
2023-03-24 06:05:00,28274.2,28311.6,28274.2,28311.6,35.301,998951.0968
2023-03-24 06:06:00,28311.6,28319.9,28275.7,28277.9,101.351,2868739.2988
2023-03-24 06:07:00,28277.9,28282.3,28272.0,28282.2,30.559,864126.6088
2023-03-24 06:08:00,28282.2,28286.8,28275.0,28283.5,26.882,760212.2744
2023-03-24 06:09:00,28283.5,28294.3,28283.5,28293.2,31.516,891607.2414
2023-03-24 06:10:00,28293.2,28295.9,28264.9,28266.5,44.038,1245302.3906
2023-03-24 06:11:00,28266.5,28288.7,28265.4,28275.0,29.042,821225.5966
2023-03-24 06:12:00,28275.0,28283.8,28268.2,28269.6,13.078,369775.0552
2023-03-24 06:13:00,28269.6,28286.0,28269.6,28286.0,10.251,289898.0123
2023-03-24 06:14:00,28286.0,28300.8,28281.7,28285.5,29.083,822812.8313
2023-03-24 06:15:00,28285.5,28292.9,28281.9,28292.6,33.408,944933.7555
2023-03-24 06:16:00,28292.6,28295.7,28282.1,28283.4,8.786,248581.2587
2023-03-24 06:17:00,28283.4,28292.5,28280.0,28280.1,10.147,287019.1811
2023-03-24 06:18:00,28280.1,28284.4,28274.5,28274.6,30.637,866346.6195
2023-03-24 06:19:00,28274.6,28284.2,28272.2,28281.7,12.838,363032.593
2023-03-24 06:20:00,28281.7,28281.8,28260.2,28260.2,40.551,1146469.8101
2023-03-24 06:21:00,28260.2,28268.3,28250.1,28250.1,37.149,1049777.8782
2023-03-24 06:22:00,28250.1,28252.1,28209.9,28228.9,457.073,12901554.4496
2023-03-24 06:23:00,28228.9,28246.8,28228.1,28230.6,41.856,1181908.9549
2023-03-24 06:24:00,28230.6,28239.9,28230.6,28238.0,12.601,355798.2653
2023-03-24 06:25:00,28238.0,28238.5,28220.3,28224.9,74.117,2092146.5919
2023-03-24 06:26:00,28224.9,28225.7,28143.6,28187.4,498.77,14056152.8195
2023-03-24 06:27:00,28187.4,28206.2,28187.3,28206.2,107.769,3038230.1943
2023-03-24 06:28:00,28206.2,28216.4,28176.3,28177.1,110.426,3114101.4792
2023-03-24 06:29:00,28177.1,28188.1,28173.5,28178.7,56.518,1592690.213
2023-03-24 06:30:00,28178.7,28190.0,28178.7,28181.1,48.58,1369139.6771
2023-03-24 06:31:00,28181.1,28185.8,28136.0,28152.3,145.036,4083366.3397
2023-03-24 06:32:00,28152.3,28176.5,28152.3,28176.4,107.032,3014712.1881
2023-03-24 06:33:00,28176.4,28186.0,28170.0,28183.1,71.656,2019058.5347
2023-03-24 06:34:00,28183.1,28196.1,28183.1,28192.6,71.21,2007470.1576
2023-03-24 06:35:00,28192.6,28194.5,28173.9,28173.9,30.38,856213.1389
2023-03-24 06:36:00,28173.9,28173.9,28110.7,28129.7,266.787,7504914.621
2023-03-24 06:37:00,28129.7,28161.3,28122.1,28159.0,248.283,6986649.7968
2023-03-24 06:38:00,28159.0,28165.8,28150.3,28158.2,22.853,643521.8678
2023-03-24 06:39:00,28158.2,28172.3,28154.8,28168.0,58.933,1659713.1731
2023-03-24 06:40:00,28168.0,28191.5,28168.0,28189.1,99.588,2806279.9229
2023-03-24 06:41:00,28189.1,28204.5,28183.4,28197.9,70.329,1982863.6488
2023-03-24 06:42:00,28197.9,28211.4,28196.5,28197.9,115.534,3258407.3039
2023-03-24 06:43:00,28197.9,28197.9,28185.5,28187.0,24.343,686229.181
2023-03-24 06:44:00,28187.0,28196.8,28186.9,28191.4,31.124,877424.8021
2023-03-24 06:45:00,28191.4,28210.0,28184.4,28206.3,63.964,1803733.7168
2023-03-24 06:46:00,28206.3,28221.0,28203.1,28218.7,60.463,1705911.7424
2023-03-24 06:47:00,28218.7,28218.7,28212.8,28214.7,68.782,1940773.4392
2023-03-24 06:48:00,28214.7,28242.3,28214.7,28239.9,88.68,2503676.9664
2023-03-24 06:49:00,28239.9,28239.9,28234.3,28235.0,18.69,527741.7406
2023-03-24 06:50:00,28235.0,28237.9,28230.0,28237.9,23.826,672629.9952
2023-03-24 06:51:00,28237.9,28242.5,28235.9,28242.5,23.272,657152.356
2023-03-24 06:52:00,28242.5,28256.7,28242.4,28255.4,124.898,3528423.7617
2023-03-24 06:53:00,28255.4,28255.4,28238.0,28242.0,15.837,447339.9143
2023-03-24 06:54:00,28242.0,28242.0,28230.0,28230.1,11.956,337609.197
2023-03-24 06:55:00,28230.1,28250.0,28229.6,28249.9,36.942,1043344.5365
2023-03-24 06:56:00,28249.9,28264.0,28249.9,28260.1,41.338,1168185.7058
2023-03-24 06:57:00,28260.1,28283.0,28250.7,28272.1,81.017,2290604.5685
2023-03-24 06:58:00,28272.1,28275.9,28258.4,28261.1,16.465,465385.84
2023-03-24 06:59:00,28261.1,28279.0,28261.1,28275.5,26.436,747378.0424
2023-03-24 07:00:00,28275.5,28275.5,28260.0,28261.1,14.704,415652.5146
2023-03-24 07:01:00,28261.1,28261.2,28250.0,28251.7,30.334,857074.2016
2023-03-24 07:02:00,28251.7,28264.2,28251.6,28264.2,14.939,422186.9988
2023-03-24 07:03:00,28264.2,28264.9,28254.5,28254.6,23.731,670668.1159
2023-03-24 07:04:00,28254.6,28260.1,28254.6,28256.8,48.37,1366761.953
2023-03-24 07:05:00,28256.8,28260.0,28247.4,28260.0,55.567,1569885.0376
2023-03-24 07:06:00,28260.0,28275.0,28259.9,28275.0,50.859,1437394.1048
2023-03-24 07:07:00,28275.0,28287.0,28274.9,28286.9,40.158,1135666.0633
2023-03-24 07:08:00,28286.9,28287.0,28275.9,28282.7,18.904,534658.1897
2023-03-24 07:09:00,28282.7,28290.0,28282.7,28285.6,20.382,576572.9779
2023-03-24 07:10:00,28285.6,28305.9,28285.2,28293.1,113.638,3215671.5063
2023-03-24 07:11:00,28293.1,28293.1,28285.7,28285.7,14.642,414166.8587
2023-03-24 07:12:00,28285.7,28285.8,28272.0,28274.6,69.384,1962139.7628
2023-03-24 07:13:00,28274.6,28291.4,28272.5,28290.2,32.424,917078.1344
2023-03-24 07:14:00,28290.2,28309.6,28289.3,28303.7,61.136,1730192.3511
2023-03-24 07:15:00,28303.7,28303.8,28295.5,28295.5,50.038,1416086.9216
2023-03-24 07:16:00,28295.5,28302.6,28294.8,28297.5,29.491,834576.4923
2023-03-24 07:17:00,28297.5,28297.5,28287.7,28288.1,14.147,400213.1787
2023-03-24 07:18:00,28288.1,28288.1,28256.2,28265.6,103.906,2937449.4941
2023-03-24 07:19:00,28265.6,28265.6,28260.2,28264.3,26.755,756141.8767
2023-03-24 07:20:00,28264.3,28265.0,28260.0,28260.1,20.665,584074.2625
2023-03-24 07:21:00,28260.1,28270.0,28260.0,28267.1,22.706,641716.7834
2023-03-24 07:22:00,28267.1,28269.9,28261.6,28262.1,12.44,351640.6523
2023-03-24 07:23:00,28262.1,28270.0,28262.1,28270.0,7.375,208477.7488
2023-03-24 07:24:00,28270.0,28282.4,28269.9,28279.1,9.971,281928.0153
2023-03-24 07:25:00,28279.1,28279.4,28261.6,28262.8,13.682,386802.2229
2023-03-24 07:26:00,28262.8,28265.0,28240.8,28243.7,87.294,2466027.5602
2023-03-24 07:27:00,28243.7,28245.0,28232.2,28235.8,31.021,875973.8038
2023-03-24 07:28:00,28235.8,28249.1,28235.8,28249.1,9.966,281445.2193
2023-03-24 07:29:00,28249.1,28249.1,28235.1,28236.4,79.378,2241560.6702
2023-03-24 07:30:00,28236.4,28237.1,28236.4,28237.1,11.97,337997.3302
2023-03-24 07:31:00,28237.1,28246.8,28237.0,28246.7,16.137,455739.3513
2023-03-24 07:32:00,28246.7,28254.4,28246.7,28254.4,9.009,254514.8938
2023-03-24 07:33:00,28254.4,28265.6,28254.3,28265.1,32.331,913757.4731
2023-03-24 07:34:00,28265.1,28270.0,28265.0,28270.0,12.425,351227.5613
2023-03-24 07:35:00,28270.0,28270.0,28269.9,28270.0,10.378,293385.8192
2023-03-24 07:36:00,28270.0,28287.7,28269.9,28285.2,108.243,3060664.8856
2023-03-24 07:37:00,28285.2,28289.6,28285.2,28289.6,18.576,525474.6971
2023-03-24 07:38:00,28289.6,28299.9,28289.6,28299.9,19.866,562148.5616
2023-03-24 07:39:00,28299.9,28304.3,28290.4,28293.0,59.408,1681216.2634
2023-03-24 07:40:00,28293.0,28301.3,28290.1,28297.8,71.677,2027994.2495
2023-03-24 07:41:00,28297.8,28299.7,28295.1,28295.1,9.858,278963.2578
2023-03-24 07:42:00,28295.1,28295.1,28289.0,28289.0,16.514,467189.8095
2023-03-24 07:43:00,28289.0,28289.0,28275.1,28275.1,9.286,262653.0884
2023-03-24 07:44:00,28275.1,28299.3,28275.0,28296.2,34.539,977051.9924
2023-03-24 07:45:00,28296.2,28300.0,28289.5,28296.8,22.189,627835.0407
2023-03-24 07:46:00,28296.8,28300.0,28296.4,28296.4,34.539,977380.0692
2023-03-24 07:47:00,28296.4,28299.7,28292.5,28296.9,10.901,308449.1919
2023-03-24 07:48:00,28296.9,28297.0,28295.0,28295.0,7.194,203562.2627
2023-03-24 07:49:00,28295.0,28296.1,28288.4,28288.7,22.139,626382.4307
2023-03-24 07:50:00,28288.7,28294.7,28288.6,28294.7,10.259,290220.995
2023-03-24 07:51:00,28294.7,28294.7,28282.4,28282.4,21.243,601001.9453
2023-03-24 07:52:00,28282.4,28292.0,28278.4,28292.0,51.781,1464537.5441
2023-03-24 07:53:00,28292.0,28292.0,28288.2,28289.4,9.05,256031.2567
2023-03-24 07:54:00,28289.4,28289.4,28270.8,28272.9,27.266,770970.7146
2023-03-24 07:55:00,28272.9,28273.0,28256.7,28261.5,24.674,697388.8254
2023-03-24 07:56:00,28261.5,28262.9,28254.3,28254.3,29.254,826731.0635
2023-03-24 07:57:00,28254.3,28254.4,28250.0,28250.0,36.243,1023899.0538
2023-03-24 07:58:00,28250.0,28252.9,28250.0,28250.3,30.464,860617.7981
2023-03-24 07:59:00,28250.3,28260.0,28250.2,28260.0,37.648,1063857.0586
2023-03-24 08:00:00,28260.0,28265.5,28250.6,28264.4,22.716,641807.6418
2023-03-24 08:01:00,28264.4,28277.1,28261.9,28272.5,10.161,287266.7533
2023-03-24 08:02:00,28272.5,28272.6,28256.8,28256.8,59.183,1672778.9057
2023-03-24 08:03:00,28256.8,28256.9,28250.0,28250.0,35.954,1015760.5627
2023-03-24 08:04:00,28250.0,28255.0,28250.0,28250.8,9.145,258368.0772
2023-03-24 08:05:00,28250.8,28250.8,28233.1,28233.2,66.256,1871415.9187
2023-03-24 08:06:00,28233.2,28237.3,28233.1,28234.2,32.722,923872.2324
2023-03-24 08:07:00,28234.2,28234.2,28194.4,28222.1,213.897,6034068.3096
2023-03-24 08:08:00,28222.1,28222.2,28207.9,28220.0,163.183,4604039.1945
2023-03-24 08:09:00,28220.0,28230.9,28219.9,28230.9,13.613,384225.4792
2023-03-24 08:10:00,28230.9,28230.9,28199.7,28203.0,189.481,5345895.4722
2023-03-24 08:11:00,28203.0,28205.3,28188.1,28190.3,60.382,1702605.4796
2023-03-24 08:12:00,28190.3,28205.3,28185.7,28200.3,77.873,2195613.9686
2023-03-24 08:13:00,28200.3,28219.9,28192.7,28216.9,33.919,956595.186
2023-03-24 08:14:00,28216.9,28216.9,28196.9,28201.9,56.194,1584893.6889
2023-03-24 08:15:00,28201.9,28213.2,28201.9,28213.2,15.578,439456.7415
2023-03-24 08:16:00,28213.2,28214.9,28210.0,28214.9,19.289,544215.7638
2023-03-24 08:17:00,28214.9,28215.0,28214.9,28214.9,6.07,171264.7486
2023-03-24 08:18:00,28214.9,28215.0,28190.5,28198.3,62.154,1752842.5602
2023-03-24 08:19:00,28198.3,28203.7,28180.1,28180.5,71.301,2009867.9385
2023-03-24 08:20:00,28180.5,28180.5,28160.1,28165.4,208.216,5865225.2258
2023-03-24 08:21:00,28165.4,28165.4,28150.7,28150.8,88.915,2503820.3048
2023-03-24 08:22:00,28150.8,28161.8,28150.7,28161.8,37.934,1068028.349
2023-03-24 08:23:00,28161.8,28165.0,28120.0,28134.7,189.952,5345532.6671
2023-03-24 08:24:00,28134.7,28147.4,28134.7,28145.6,67.554,1901111.0285
2023-03-24 08:25:00,28145.6,28182.9,28145.6,28173.7,122.198,3442591.0576
2023-03-24 08:26:00,28173.7,28177.1,28160.1,28177.0,25.327,713419.2415
2023-03-24 08:27:00,28177.0,28188.5,28172.3,28178.7,34.86,982332.2108
2023-03-24 08:28:00,28178.7,28192.1,28163.6,28163.7,109.933,3098421.3637
2023-03-24 08:29:00,28163.7,28175.0,28163.6,28173.8,39.158,1103139.7385
2023-03-24 08:30:00,28173.8,28179.7,28172.6,28179.6,14.639,412481.3562
2023-03-24 08:31:00,28179.6,28189.4,28179.6,28187.4,26.861,757100.6537
2023-03-24 08:32:00,28187.4,28187.4,28180.0,28180.0,14.125,398111.6516
2023-03-24 08:33:00,28180.0,28193.6,28180.0,28192.4,71.583,2017617.0467
2023-03-24 08:34:00,28192.4,28199.6,28190.0,28194.8,65.344,1842513.5135
2023-03-24 08:35:00,28194.8,28194.8,28181.0,28181.1,24.644,694674.2899
2023-03-24 08:36:00,28181.1,28197.9,28181.0,28196.9,30.196,851202.9178
2023-03-24 08:37:00,28196.9,28207.2,28196.8,28202.1,23.696,668294.9151
2023-03-24 08:38:00,28202.1,28209.6,28199.3,28205.9,22.913,646192.8214
2023-03-24 08:39:00,28205.9,28206.0,28190.8,28190.8,33.659,949176.7997
2023-03-24 08:40:00,28190.8,28190.8,28182.4,28182.4,3.804,107227.1161
2023-03-24 08:41:00,28182.4,28185.2,28174.4,28174.6,34.744,979088.853
2023-03-24 08:42:00,28174.6,28180.2,28173.5,28173.5,81.598,2299084.5972
2023-03-24 08:43:00,28173.5,28176.1,28170.7,28176.1,24.035,677139.5492
2023-03-24 08:44:00,28176.1,28180.0,28176.1,28180.0,6.282,177007.2373
2023-03-24 08:45:00,28180.0,28180.0,28162.0,28162.0,50.677,1427496.2704
2023-03-24 08:46:00,28162.0,28162.1,28153.3,28156.9,77.969,2195232.8384
2023-03-24 08:47:00,28156.9,28165.0,28156.8,28164.9,13.23,372545.3502
2023-03-24 08:48:00,28164.9,28178.2,28164.9,28178.1,41.112,1158105.2909
2023-03-24 08:49:00,28178.1,28189.8,28178.1,28181.1,20.839,587374.2038
2023-03-24 08:50:00,28181.1,28193.3,28181.0,28193.2,16.246,457984.001
2023-03-24 08:51:00,28193.2,28194.9,28185.3,28187.8,27.331,770446.901
2023-03-24 08:52:00,28187.8,28194.8,28183.1,28194.7,7.737,218098.629
2023-03-24 08:53:00,28194.7,28208.2,28194.7,28207.9,20.631,581832.6281
2023-03-24 08:54:00,28207.9,28212.0,28207.9,28210.8,29.303,826615.7784
2023-03-24 08:55:00,28210.8,28219.1,28200.0,28218.1,89.106,2513698.7656
2023-03-24 08:56:00,28218.1,28219.9,28211.8,28211.8,24.184,682390.2528
2023-03-24 08:57:00,28211.8,28217.9,28209.3,28217.9,11.684,329630.0127
2023-03-24 08:58:00,28217.9,28228.3,28217.0,28219.5,46.819,1321405.1141
2023-03-24 08:59:00,28219.5,28219.6,28211.0,28216.8,9.389,264930.6524
2023-03-24 09:00:00,28216.8,28216.8,28208.0,28208.1,4.144,116909.4317
2023-03-24 09:01:00,28208.1,28213.8,28207.1,28210.0,26.736,754206.2909
2023-03-24 09:02:00,28210.0,28210.1,28205.9,28207.0,4.419,124653.9663
2023-03-24 09:03:00,28207.0,28207.1,28207.0,28207.1,0.491,13849.6476
2023-03-24 09:04:00,28207.1,28207.1,28200.0,28200.1,9.159,258296.5739
2023-03-24 09:05:00,28200.1,28202.6,28200.0,28202.3,10.965,309224.3828
2023-03-24 09:06:00,28202.3,28203.3,28200.1,28203.3,8.52,240281.7166
2023-03-24 09:07:00,28203.3,28203.3,28189.2,28189.3,14.897,420062.4186
2023-03-24 09:08:00,28189.3,28189.3,28143.0,28166.9,153.504,4322609.1173
2023-03-24 09:09:00,28166.9,28181.0,28165.0,28181.0,24.674,695119.8656
2023-03-24 09:10:00,28181.0,28200.1,28181.0,28186.8,91.17,2570607.7265
2023-03-24 09:11:00,28186.8,28222.2,28186.8,28210.1,52.485,1480407.3126
2023-03-24 09:12:00,28210.1,28210.2,28210.1,28210.2,4.802,135465.1648
2023-03-24 09:13:00,28210.2,28210.2,28202.4,28202.4,13.618,384087.836
2023-03-24 09:14:00,28202.4,28205.0,28201.1,28202.5,15.934,449386.7612
2023-03-24 09:15:00,28202.5,28202.5,28200.9,28200.9,18.147,511763.7794
2023-03-24 09:16:00,28200.9,28201.0,28200.9,28200.9,5.864,165370.1447
2023-03-24 09:17:00,28200.9,28210.0,28200.9,28210.0,14.783,416941.8919
2023-03-24 09:18:00,28210.0,28210.0,28205.7,28205.7,12.419,350326.0758
2023-03-24 09:19:00,28205.7,28213.5,28205.7,28213.5,10.415,293771.1388
