timestamp,open,high,low,close,volume,turnover
2022-07-13 00:00:00,19799.5,19808.5,19788.0,19788.0,32.794,649423.5465
2022-07-13 00:01:00,19788.0,19791.5,19771.0,19783.0,48.42,957768.2585
2022-07-13 00:02:00,19783.0,19794.0,19780.0,19782.0,77.603,1535555.5815
2022-07-13 00:03:00,19782.0,19800.0,19781.0,19798.0,78.351,1550176.911
2022-07-13 00:04:00,19798.0,19798.0,19785.5,19785.5,21.168,419024.857
2022-07-13 00:05:00,19785.5,19798.0,19785.0,19795.0,64.611,1278759.333
2022-07-13 00:06:00,19795.0,19800.0,19790.0,19796.5,26.661,527801.02
2022-07-13 00:07:00,19796.5,19809.0,19792.5,19793.0,82.138,1626345.5005
2022-07-13 00:08:00,19793.0,19802.5,19793.0,19796.0,24.855,492024.106
2022-07-13 00:09:00,19796.0,19801.0,19790.0,19795.0,16.902,334548.468
2022-07-13 00:10:00,19795.0,19795.0,19778.5,19779.0,40.66,804562.423
2022-07-13 00:11:00,19779.0,19779.0,19761.5,19774.0,341.661,6755390.5995
2022-07-13 00:12:00,19774.0,19779.0,19761.5,19779.0,60.478,1195631.7245
2022-07-13 00:13:00,19779.0,19788.5,19774.5,19786.5,125.771,2487899.396
2022-07-13 00:14:00,19786.5,19799.0,19781.5,19785.5,43.203,855033.625
2022-07-13 00:15:00,19785.5,19785.5,19772.0,19776.5,29.043,574397.4455
2022-07-13 00:16:00,19776.5,19791.0,19776.0,19788.0,26.701,528286.615
2022-07-13 00:17:00,19788.0,19800.0,19788.0,19799.5,40.945,810484.748
2022-07-13 00:18:00,19799.5,19803.0,19792.0,19792.5,27.387,542252.266
2022-07-13 00:19:00,19792.5,19799.0,19790.0,19798.0,20.415,404136.2095
2022-07-13 00:20:00,19798.0,19798.0,19780.0,19782.0,23.965,474307.7875
2022-07-13 00:21:00,19782.0,19782.0,19769.5,19775.5,37.813,747753.9085
2022-07-13 00:22:00,19775.5,19775.5,19752.0,19755.5,73.499,1452541.9505
2022-07-13 00:23:00,19755.5,19761.0,19750.0,19759.5,107.842,2130466.274
2022-07-13 00:24:00,19759.5,19759.5,19716.0,19744.5,329.01,6493637.247
2022-07-13 00:25:00,19744.5,19744.5,19708.0,19710.0,252.744,4985231.963
2022-07-13 00:26:00,19710.0,19722.5,19696.0,19713.5,331.877,6540122.094
2022-07-13 00:27:00,19713.5,19722.5,19710.0,19713.0,126.583,2495341.184
2022-07-13 00:28:00,19713.0,19721.0,19706.0,19713.5,91.925,1812420.555
2022-07-13 00:29:00,19713.5,19718.0,19711.0,19718.0,47.578,937970.824
2022-07-13 00:30:00,19718.0,19718.0,19709.5,19710.0,142.593,2811092.833
2022-07-13 00:31:00,19710.0,19710.5,19654.0,19673.5,797.009,15680124.2425
2022-07-13 00:32:00,19673.5,19691.5,19669.5,19676.5,148.796,2929049.284
2022-07-13 00:33:00,19676.5,19688.0,19671.5,19672.0,167.773,3301558.9725
2022-07-13 00:34:00,19672.0,19678.0,19640.0,19652.0,330.656,6498075.021
2022-07-13 00:35:00,19652.0,19679.5,19647.5,19679.0,139.149,2736248.721
2022-07-13 00:36:00,19679.0,19682.0,19669.5,19675.5,70.633,1389920.799
2022-07-13 00:37:00,19675.5,19676.0,19630.0,19647.0,374.983,7365536.34
2022-07-13 00:38:00,19647.0,19665.5,19642.5,19665.5,197.478,3881899.976
2022-07-13 00:39:00,19665.5,19672.0,19623.5,19630.5,265.392,5213790.679
2022-07-13 00:40:00,19630.5,19635.0,19580.0,19620.0,940.58,18439857.7765
2022-07-13 00:41:00,19620.0,19621.5,19597.0,19598.5,209.788,4113408.0
2022-07-13 00:42:00,19598.5,19602.5,19573.0,19583.5,292.644,5731086.1885
2022-07-13 00:43:00,19583.5,19597.5,19580.0,19597.5,238.454,4670763.591
2022-07-13 00:44:00,19597.5,19630.0,19597.0,19630.0,278.471,5461565.807
2022-07-13 00:45:00,19630.0,19630.0,19580.0,19584.5,294.142,5767451.014
2022-07-13 00:46:00,19584.5,19590.5,19570.0,19581.5,222.651,4359155.56
2022-07-13 00:47:00,19581.5,19581.5,19427.5,19442.0,4551.447,88727433.879
2022-07-13 00:48:00,19442.0,19491.5,19438.0,19472.5,692.654,13482674.735
2022-07-13 00:49:00,19472.5,19489.5,19411.0,19424.5,899.559,17481530.421
2022-07-13 00:50:00,19424.5,19448.5,19380.0,19391.0,763.89,14829004.254
2022-07-13 00:51:00,19391.0,19436.5,19356.5,19406.0,1032.672,20025315.458
2022-07-13 00:52:00,19406.0,19444.5,19392.0,19444.5,491.874,9554083.0575
2022-07-13 00:53:00,19444.5,19444.5,19400.0,19400.5,229.746,4460483.286
2022-07-13 00:54:00,19400.5,19400.5,19355.0,19374.5,608.139,11780409.911
2022-07-13 00:55:00,19374.5,19380.0,19322.5,19352.5,718.739,13907317.362
2022-07-13 00:56:00,19352.5,19395.0,19352.5,19385.0,326.629,6328437.496
2022-07-13 00:57:00,19385.0,19393.5,19356.0,19364.5,256.777,4975627.1555
2022-07-13 00:58:00,19364.5,19392.0,19355.0,19387.5,261.99,5074975.288
2022-07-13 00:59:00,19387.5,19396.0,19375.0,19378.0,131.64,2551697.458
2022-07-13 01:00:00,19378.0,19393.0,19358.0,19375.5,155.924,3021673.0275
2022-07-13 01:01:00,19375.5,19377.5,19360.0,19371.5,143.068,2770823.4695
2022-07-13 01:02:00,19371.5,19372.0,19323.0,19340.0,387.431,7491665.5875
2022-07-13 01:03:00,19340.0,19349.5,19330.0,19340.0,174.721,3378980.141
2022-07-13 01:04:00,19340.0,19365.0,19339.5,19345.0,161.73,3129486.819
2022-07-13 01:05:00,19345.0,19353.0,19340.0,19345.0,155.769,3013289.1315
2022-07-13 01:06:00,19345.0,19350.0,19319.0,19323.5,185.741,3590663.5715
2022-07-13 01:07:00,19323.5,19341.5,19319.5,19332.5,157.404,3042471.6275
2022-07-13 01:08:00,19332.5,19342.0,19328.5,19336.0,120.237,2325025.908
2022-07-13 01:09:00,19336.0,19345.5,19311.5,19338.0,373.039,7208899.0685
2022-07-13 01:10:00,19338.0,19355.0,19219.5,19344.0,2302.911,44434989.031
2022-07-13 01:11:00,19344.0,19394.5,19338.0,19390.0,654.804,12687820.9405
2022-07-13 01:12:00,19390.0,19437.0,19382.5,19405.0,781.527,15171511.7965
2022-07-13 01:13:00,19405.0,19411.5,19385.0,19395.0,158.401,3072848.884
2022-07-13 01:14:00,19395.0,19425.5,19385.0,19421.0,237.532,4610874.393
2022-07-13 01:15:00,19421.0,19464.5,19407.5,19457.0,482.036,9371898.6805
2022-07-13 01:16:00,19457.0,19477.0,19447.5,19466.5,472.105,9187325.1715
2022-07-13 01:17:00,19466.5,19469.0,19444.5,19455.5,170.983,3326536.2625
2022-07-13 01:18:00,19455.5,19474.5,19455.0,19474.5,114.755,2233838.3645
2022-07-13 01:19:00,19474.5,19490.0,19474.0,19487.0,180.85,3523375.863
2022-07-13 01:20:00,19487.0,19549.5,19483.0,19530.0,756.131,14755386.5515
2022-07-13 01:21:00,19530.0,19536.0,19453.5,19465.0,480.813,9370622.3035
2022-07-13 01:22:00,19465.0,19465.5,19428.5,19453.5,375.98,7311871.7545
2022-07-13 01:23:00,19453.5,19492.0,19450.5,19460.5,299.174,5824669.891
2022-07-13 01:24:00,19460.5,19468.0,19422.5,19435.0,174.936,3401113.954
2022-07-13 01:25:00,19435.0,19455.5,19432.0,19432.0,87.193,1695342.113
2022-07-13 01:26:00,19432.0,19432.5,19383.5,19419.0,485.049,9411180.632
2022-07-13 01:27:00,19419.0,19423.5,19403.5,19419.0,118.596,2302392.563
2022-07-13 01:28:00,19419.0,19435.0,19412.0,19412.5,248.169,4820821.2295
2022-07-13 01:29:00,19412.5,19413.0,19373.0,19387.5,329.205,6384498.7195
2022-07-13 01:30:00,19387.5,19422.0,19370.0,19408.0,309.634,6006401.843
2022-07-13 01:31:00,19408.0,19455.0,19408.0,19453.0,342.828,6665277.604
2022-07-13 01:32:00,19453.0,19469.5,19436.0,19436.5,194.289,3780846.366
2022-07-13 01:33:00,19436.5,19443.5,19395.0,19395.0,202.191,3925831.286
2022-07-13 01:34:00,19395.0,19424.5,19394.5,19408.5,114.832,2228568.434
2022-07-13 01:35:00,19408.5,19434.0,19391.5,19394.5,334.124,6488024.0005
2022-07-13 01:36:00,19394.5,19428.5,19394.5,19428.5,106.906,2075203.823
2022-07-13 01:37:00,19428.5,19429.5,19414.5,19416.5,74.817,1453410.2665
2022-07-13 01:38:00,19416.5,19418.5,19407.5,19412.5,80.205,1556969.111
2022-07-13 01:39:00,19412.5,19448.5,19408.5,19448.5,81.147,1576450.1295
2022-07-13 01:40:00,19448.5,19448.5,19439.0,19439.0,43.363,843174.005
2022-07-13 01:41:00,19439.0,19459.5,19437.0,19459.0,178.196,3465550.613
2022-07-13 01:42:00,19459.0,19480.0,19457.5,19460.5,120.338,2342809.009
2022-07-13 01:43:00,19460.5,19477.5,19460.0,19475.0,76.684,1492906.9405
2022-07-13 01:44:00,19475.0,19483.5,19470.0,19470.5,123.713,2409274.734
2022-07-13 01:45:00,19470.5,19481.5,19467.0,19481.5,60.774,1183506.137
2022-07-13 01:46:00,19481.5,19500.0,19481.5,19491.0,216.282,4216196.3795
2022-07-13 01:47:00,19491.0,19494.0,19472.0,19485.0,99.086,1930250.8355
2022-07-13 01:48:00,19485.0,19485.0,19456.0,19461.0,95.593,1861022.4935
2022-07-13 01:49:00,19461.0,19473.0,19455.0,19456.0,61.931,1205228.8825
2022-07-13 01:50:00,19456.0,19466.0,19448.5,19449.0,167.008,3249731.8385
2022-07-13 01:51:00,19449.0,19449.0,19419.0,19444.0,146.739,2851678.4915
2022-07-13 01:52:00,19444.0,19477.5,19438.5,19467.0,248.63,4836857.409
2022-07-13 01:53:00,19467.0,19484.0,19455.0,19455.5,124.576,2425871.231
2022-07-13 01:54:00,19455.5,19480.0,19454.0,19479.5,106.274,2068961.765
2022-07-13 01:55:00,19479.5,19490.0,19466.5,19466.5,109.861,2140379.9835
2022-07-13 01:56:00,19466.5,19485.0,19466.5,19470.5,36.704,714813.045
2022-07-13 01:57:00,19470.5,19472.5,19460.0,19472.0,40.758,793458.3575
2022-07-13 01:58:00,19472.0,19492.5,19472.0,19485.0,83.042,1617964.4155
2022-07-13 01:59:00,19485.0,19493.0,19480.0,19487.5,62.432,1216648.3195
2022-07-13 02:00:00,19487.5,19490.5,19460.5,19482.0,90.515,1762846.0095
2022-07-13 02:01:00,19482.0,19482.0,19476.0,19480.0,62.907,1225313.746
2022-07-13 02:02:00,19480.0,19507.0,19480.0,19506.0,104.888,2045272.869
2022-07-13 02:03:00,19506.0,19526.0,19500.5,19522.0,218.399,4261819.39
2022-07-13 02:04:00,19522.0,19538.0,19515.0,19534.5,258.912,5056147.1415
2022-07-13 02:05:00,19534.5,19539.5,19520.5,19524.5,83.949,1639554.189
2022-07-13 02:06:00,19524.5,19525.0,19502.0,19502.5,90.934,1774069.437
2022-07-13 02:07:00,19502.5,19510.0,19491.0,19505.5,87.881,1713508.555
2022-07-13 02:08:00,19505.5,19516.0,19505.0,19508.0,47.396,924668.6915
2022-07-13 02:09:00,19508.0,19509.0,19491.0,19506.5,84.513,1647975.929
2022-07-13 02:10:00,19506.5,19507.5,19500.0,19507.0,20.69,403520.8285
2022-07-13 02:11:00,19507.0,19507.5,19489.0,19492.5,34.127,665481.0285
2022-07-13 02:12:00,19492.5,19505.0,19492.5,19505.0,32.566,634948.8265
2022-07-13 02:13:00,19505.0,19507.5,19495.5,19495.5,62.429,1217535.7775
2022-07-13 02:14:00,19495.5,19499.0,19453.5,19460.5,198.103,3857776.185
2022-07-13 02:15:00,19460.5,19460.5,19413.5,19424.0,381.978,7424513.8375
2022-07-13 02:16:00,19424.0,19426.0,19406.0,19419.5,171.702,3333495.506
2022-07-13 02:17:00,19419.5,19425.0,19400.0,19404.0,121.713,2362508.055
2022-07-13 02:18:00,19404.0,19411.0,19363.5,19374.0,352.466,6830991.0955
2022-07-13 02:19:00,19374.0,19404.5,19371.5,19383.0,241.08,4674671.0805
2022-07-13 02:20:00,19383.0,19405.0,19382.5,19392.0,129.269,2507456.082
2022-07-13 02:21:00,19392.0,19409.0,19381.5,19390.0,122.475,2375270.6855
2022-07-13 02:22:00,19390.0,19419.0,19390.0,19419.0,91.589,1777686.8335
2022-07-13 02:23:00,19419.0,19419.0,19401.0,19409.0,48.181,935460.7195
2022-07-13 02:24:00,19409.0,19409.0,19399.5,19400.5,49.896,968148.2385
2022-07-13 02:25:00,19400.5,19413.0,19378.0,19399.0,111.505,2162275.513
2022-07-13 02:26:00,19399.0,19402.5,19398.5,19402.0,54.186,1051149.657
2022-07-13 02:27:00,19402.0,19420.0,19402.0,19419.5,86.462,1678184.4505
2022-07-13 02:28:00,19419.5,19444.5,19419.5,19443.0,142.514,2769840.6895
2022-07-13 02:29:00,19443.0,19446.5,19442.0,19446.5,75.967,1477093.1195
2022-07-13 02:30:00,19446.5,19446.5,19423.5,19431.5,138.355,2689188.5875
2022-07-13 02:31:00,19431.5,19431.5,19428.0,19428.0,36.533,709824.2915
2022-07-13 02:32:00,19428.0,19440.0,19423.5,19427.5,61.243,1189849.259
2022-07-13 02:33:00,19427.5,19431.5,19415.5,19415.5,73.038,1418827.8105
2022-07-13 02:34:00,19415.5,19421.5,19410.5,19410.5,43.019,835202.386
2022-07-13 02:35:00,19410.5,19433.5,19405.0,19425.5,51.789,1005811.5525
2022-07-13 02:36:00,19425.5,19433.0,19425.0,19433.0,30.131,585466.275
2022-07-13 02:37:00,19433.0,19435.0,19421.5,19422.0,59.607,1158297.734
2022-07-13 02:38:00,19422.0,19447.0,19422.0,19446.0,43.013,836208.0735
2022-07-13 02:39:00,19446.0,19446.5,19446.0,19446.5,42.333,823225.2375
2022-07-13 02:40:00,19446.5,19458.0,19446.0,19457.5,56.282,1094800.208
2022-07-13 02:41:00,19457.5,19480.0,19457.5,19479.5,117.408,2285736.7415
2022-07-13 02:42:00,19479.5,19505.0,19479.5,19499.5,167.656,3268360.1235
2022-07-13 02:43:00,19499.5,19504.5,19471.5,19475.5,131.588,2565123.249
2022-07-13 02:44:00,19475.5,19488.0,19475.5,19478.5,32.76,638142.713
2022-07-13 02:45:00,19478.5,19484.0,19478.0,19483.5,28.755,560153.089
2022-07-13 02:46:00,19483.5,19490.0,19469.5,19472.5,69.822,1360289.6235
2022-07-13 02:47:00,19472.5,19474.0,19447.5,19447.5,84.796,1650289.623
2022-07-13 02:48:00,19447.5,19471.5,19443.0,19470.0,41.791,812883.3705
2022-07-13 02:49:00,19470.0,19481.0,19469.5,19476.5,37.44,729135.043
2022-07-13 02:50:00,19476.5,19478.0,19471.0,19474.5,19.093,371846.479
2022-07-13 02:51:00,19474.5,19476.0,19458.5,19473.5,75.601,1471929.6855
2022-07-13 02:52:00,19473.5,19483.0,19473.5,19483.0,16.113,313843.202
2022-07-13 02:53:00,19483.0,19516.0,19482.5,19506.5,130.654,2548310.4005
2022-07-13 02:54:00,19506.5,19513.0,19505.0,19505.0,69.622,1358298.7075
2022-07-13 02:55:00,19505.0,19511.5,19484.5,19490.0,68.696,1339624.6855
2022-07-13 02:56:00,19490.0,19498.5,19486.5,19490.5,22.893,446243.6315
2022-07-13 02:57:00,19490.5,19490.5,19477.0,19477.5,35.22,686106.1235
2022-07-13 02:58:00,19477.5,19493.5,19476.0,19486.5,115.971,2259571.401
2022-07-13 02:59:00,19486.5,19496.5,19486.0,19491.0,30.188,588410.6705
2022-07-13 03:00:00,19491.0,19491.5,19490.0,19490.0,21.63,421577.741
2022-07-13 03:01:00,19490.0,19490.5,19479.5,19482.5,30.839,600886.6685
2022-07-13 03:02:00,19482.5,19482.5,19474.0,19474.0,19.721,384140.2685
2022-07-13 03:03:00,19474.0,19474.5,19441.0,19442.5,79.563,1547508.308
2022-07-13 03:04:00,19442.5,19461.5,19441.0,19458.0,45.721,889377.337
2022-07-13 03:05:00,19458.0,19460.0,19450.0,19450.5,16.902,328801.0555
2022-07-13 03:06:00,19450.5,19450.5,19426.0,19433.0,80.917,1572687.6965
2022-07-13 03:07:00,19433.0,19433.5,19428.5,19428.5,35.442,688664.626
2022-07-13 03:08:00,19428.5,19430.0,19426.5,19428.5,58.617,1138835.9905
2022-07-13 03:09:00,19428.5,19452.5,19426.5,19438.0,105.814,2056442.1325
2022-07-13 03:10:00,19438.0,19438.0,19428.0,19428.0,17.246,335142.595
2022-07-13 03:11:00,19428.0,19435.0,19426.5,19435.0,28.851,560580.9645
2022-07-13 03:12:00,19435.0,19435.0,19430.5,19433.5,13.818,268533.1985
2022-07-13 03:13:00,19433.5,19434.0,19433.0,19434.0,13.508,262505.809
2022-07-13 03:14:00,19434.0,19434.0,19410.5,19417.5,96.519,1874780.1175
2022-07-13 03:15:00,19417.5,19420.0,19417.5,19418.0,25.543,495995.425
2022-07-13 03:16:00,19418.0,19428.0,19417.5,19427.0,21.512,417830.492
2022-07-13 03:17:00,19427.0,19427.0,19425.0,19425.0,27.623,536590.391
2022-07-13 03:18:00,19425.0,19434.0,19425.0,19432.5,38.38,745703.4
2022-07-13 03:19:00,19432.5,19432.5,19430.0,19431.5,23.821,462884.296
2022-07-13 03:20:00,19431.5,19433.0,19431.5,19433.0,27.392,532291.2855
2022-07-13 03:21:00,19433.0,19433.0,19422.5,19425.0,22.791,442794.7525
2022-07-13 03:22:00,19425.0,19427.5,19425.0,19427.5,10.108,196359.9485
2022-07-13 03:23:00,19427.5,19460.0,19427.5,19454.0,79.858,1553121.0085
2022-07-13 03:24:00,19454.0,19454.0,19440.5,19441.0,39.254,763193.2735
2022-07-13 03:25:00,19441.0,19441.0,19427.0,19427.0,33.172,644766.7535
2022-07-13 03:26:00,19427.0,19427.5,19388.0,19390.5,147.973,2870372.296
2022-07-13 03:27:00,19390.5,19397.5,19389.0,19394.0,76.421,1481974.7485
2022-07-13 03:28:00,19394.0,19410.0,19393.0,19393.0,50.81,985766.4585
2022-07-13 03:29:00,19393.0,19393.5,19330.5,19337.0,481.36,9318379.1385
2022-07-13 03:30:00,19337.0,19375.5,19272.5,19276.5,619.597,11967892.1515
2022-07-13 03:31:00,19276.5,19313.0,19235.5,19309.5,768.78,14815997.933
2022-07-13 03:32:00,19309.5,19365.0,19309.5,19364.5,284.337,5498569.924
2022-07-13 03:33:00,19364.5,19374.0,19320.0,19339.0,235.606,4558197.1895
2022-07-13 03:34:00,19339.0,19370.0,19322.0,19356.5,144.578,2797469.262
2022-07-13 03:35:00,19356.5,19400.0,19356.0,19399.5,146.597,2841021.8415
2022-07-13 03:36:00,19399.5,19410.0,19380.0,19386.5,108.255,2099927.6505
2022-07-13 03:37:00,19386.5,19386.5,19353.5,19366.0,90.569,1754315.5795
2022-07-13 03:38:00,19366.0,19395.0,19365.5,19371.0,91.289,1769370.5225
2022-07-13 03:39:00,19371.0,19384.5,19353.5,19380.0,73.767,1428804.3685
2022-07-13 03:40:00,19380.0,19387.5,19379.5,19379.5,66.247,1284117.3815
2022-07-13 03:41:00,19379.5,19379.5,19355.0,19359.5,67.027,1298119.248
2022-07-13 03:42:00,19359.5,19359.5,19325.0,19325.5,85.224,1648170.9355
2022-07-13 03:43:00,19325.5,19342.5,19325.0,19341.5,69.678,1347413.715
2022-07-13 03:44:00,19341.5,19370.0,19341.5,19366.5,112.402,2176096.785
2022-07-13 03:45:00,19366.5,19366.5,19322.5,19349.0,158.117,3057893.9525
2022-07-13 03:46:00,19349.0,19395.0,19342.5,19394.5,169.092,3276451.6545
2022-07-13 03:47:00,19394.5,19422.0,19387.5,19413.0,209.004,4055134.697
2022-07-13 03:48:00,19413.0,19413.0,19391.5,19401.5,50.222,974159.8595
2022-07-13 03:49:00,19401.5,19425.0,19401.0,19424.0,110.38,2143428.701
2022-07-13 03:50:00,19424.0,19428.0,19407.5,19419.5,107.333,2084161.78
2022-07-13 03:51:00,19419.5,19419.5,19407.5,19410.5,52.14,1012315.92
2022-07-13 03:52:00,19410.5,19429.5,19410.0,19424.0,88.279,1714551.2875
2022-07-13 03:53:00,19424.0,19431.5,19410.0,19419.5,245.765,4772534.907
2022-07-13 03:54:00,19419.5,19420.0,19400.0,19403.5,33.828,656751.366
2022-07-13 03:55:00,19403.5,19404.0,19368.5,19371.0,129.118,2503648.7225
2022-07-13 03:56:00,19371.0,19400.0,19363.5,19397.5,80.433,1558723.372
2022-07-13 03:57:00,19397.5,19437.5,19386.5,19437.5,193.051,3747968.0775
2022-07-13 03:58:00,19437.5,19437.5,19420.5,19435.5,68.023,1321624.0175
2022-07-13 03:59:00,19435.5,19450.0,19435.5,19450.0,90.853,1766765.752
2022-07-13 04:00:00,19450.0,19450.0,19436.0,19444.0,73.347,1426019.3185
2022-07-13 04:01:00,19444.0,19444.5,19419.0,19426.0,41.672,809809.187
2022-07-13 04:02:00,19426.0,19439.0,19426.0,19434.5,42.415,824303.74
2022-07-13 04:03:00,19434.5,19435.0,19429.5,19430.0,29.858,580194.147
2022-07-13 04:04:00,19430.0,19435.0,19424.5,19426.5,61.368,1192364.3485
2022-07-13 04:05:00,19426.5,19448.0,19425.0,19442.0,54.464,1058636.708
2022-07-13 04:06:00,19442.0,19442.0,19431.0,19431.0,27.141,527544.2005
2022-07-13 04:07:00,19431.0,19462.0,19430.5,19458.5,115.563,2248220.029
2022-07-13 04:08:00,19458.5,19467.5,19444.0,19444.0,93.036,1810691.4565
2022-07-13 04:09:00,19444.0,19450.0,19431.0,19440.0,52.03,1011657.5455
2022-07-13 04:10:00,19440.0,19446.0,19436.5,19444.5,24.521,476692.94
2022-07-13 04:11:00,19444.5,19447.5,19433.5,19440.0,110.489,2148349.2145
2022-07-13 04:12:00,19440.0,19440.5,19417.0,19425.0,61.586,1196037.1085
2022-07-13 04:13:00,19425.0,19433.5,19421.5,19422.0,31.359,609221.03
2022-07-13 04:14:00,19422.0,19422.0,19411.0,19412.5,70.861,1375843.144
2022-07-13 04:15:00,19412.5,19425.5,19412.5,19419.5,39.748,771968.2985
2022-07-13 04:16:00,19419.5,19420.0,19400.0,19402.0,59.793,1160538.4985
2022-07-13 04:17:00,19402.0,19404.0,19389.5,19404.0,45.739,887264.598
2022-07-13 04:18:00,19404.0,19404.0,19389.0,19392.5,33.043,640859.979
2022-07-13 04:19:00,19392.5,19404.0,19392.5,19402.0,41.707,809062.9
2022-07-13 04:20:00,19402.0,19403.0,19397.0,19398.5,21.458,416268.8005
2022-07-13 04:21:00,19398.5,19414.5,19398.5,19409.0,37.52,728153.9915
2022-07-13 04:22:00,19409.0,19414.5,19372.0,19380.0,101.123,1960575.2745
2022-07-13 04:23:00,19380.0,19383.5,19327.5,19353.5,425.754,8237964.2715
2022-07-13 04:24:00,19353.5,19371.0,19353.0,19358.0,68.735,1330857.2895
2022-07-13 04:25:00,19358.0,19368.0,19357.5,19361.5,85.911,1663371.3685
2022-07-13 04:26:00,19361.5,19367.5,19345.0,19348.0,103.332,2000140.8625
2022-07-13 04:27:00,19348.0,19355.5,19347.5,19350.5,34.586,669261.816
2022-07-13 04:28:00,19350.5,19350.5,19332.5,19340.5,117.001,2262863.168
2022-07-13 04:29:00,19340.5,19370.0,19340.5,19370.0,56.501,1093697.44
2022-07-13 04:30:00,19370.0,19380.0,19358.5,19366.5,96.293,1865167.4305
2022-07-13 04:31:00,19366.5,19366.5,19357.0,19357.0,73.783,1428527.1415
2022-07-13 04:32:00,19357.0,19357.5,19337.5,19337.5,120.305,2327313.3285
2022-07-13 04:33:00,19337.5,19357.5,19335.5,19351.0,131.691,2547558.4465
2022-07-13 04:34:00,19351.0,19367.5,19348.5,19360.0,53.229,1030336.2605
2022-07-13 04:35:00,19360.0,19383.5,19351.5,19381.5,152.048,2945017.634
2022-07-13 04:36:00,19381.5,19406.5,19381.0,19383.5,118.61,2300422.2855
2022-07-13 04:37:00,19383.5,19399.0,19383.5,19384.0,112.475,2181196.4605
2022-07-13 04:38:00,19384.0,19389.5,19380.5,19389.5,28.542,553226.756
2022-07-13 04:39:00,19389.5,19407.5,19389.0,19401.5,54.156,1050708.249
2022-07-13 04:40:00,19401.5,19413.0,19401.5,19411.0,76.19,1478724.508
2022-07-13 04:41:00,19411.0,19440.0,19411.0,19425.0,180.311,3503277.8445
2022-07-13 04:42:00,19425.0,19438.0,19425.0,19438.0,46.814,909763.9055
2022-07-13 04:43:00,19438.0,19438.0,19401.0,19411.0,86.796,1685067.779
2022-07-13 04:44:00,19411.0,19411.0,19393.5,19400.0,32.754,635531.848
2022-07-13 04:45:00,19400.0,19405.5,19392.5,19396.5,72.938,1415189.3585
2022-07-13 04:46:00,19396.5,19397.0,19389.0,19392.5,87.105,1689116.2055
2022-07-13 04:47:00,19392.5,19400.0,19384.5,19400.0,41.101,797075.8255
2022-07-13 04:48:00,19400.0,19436.0,19399.5,19434.0,82.993,1611527.939
2022-07-13 04:49:00,19434.0,19434.0,19416.5,19416.5,100.824,1958653.87
2022-07-13 04:50:00,19416.5,19419.5,19370.0,19370.0,166.055,3220114.758
2022-07-13 04:51:00,19370.0,19380.0,19363.5,19370.0,99.544,1928279.337
2022-07-13 04:52:00,19370.0,19384.5,19370.0,19376.5,43.585,844640.119
2022-07-13 04:53:00,19376.5,19383.0,19363.0,19371.5,81.162,1572177.1605
2022-07-13 04:54:00,19371.5,19379.0,19371.5,19372.5,20.057,388597.6575
2022-07-13 04:55:00,19372.5,19373.0,19353.5,19368.5,116.107,2248227.2295
2022-07-13 04:56:00,19368.5,19373.0,19357.0,19373.0,87.684,1698239.9495
2022-07-13 04:57:00,19373.0,19374.5,19360.5,19368.5,21.822,422606.3935
2022-07-13 04:58:00,19368.5,19369.0,19358.5,19361.5,70.993,1374586.597
2022-07-13 04:59:00,19361.5,19362.0,19360.0,19361.5,34.019,658650.3225
2022-07-13 05:00:00,19361.5,19366.5,19350.0,19354.0,49.691,961898.276
2022-07-13 05:01:00,19354.0,19390.0,19353.5,19387.5,135.15,2618199.664
2022-07-13 05:02:00,19387.5,19389.5,19362.0,19363.0,92.762,1798009.024
2022-07-13 05:03:00,19363.0,19370.0,19363.0,19365.0,38.91,753603.205
2022-07-13 05:04:00,19365.0,19367.0,19359.0,19367.0,21.752,421232.0335
2022-07-13 05:05:00,19367.0,19367.0,19366.5,19367.0,13.159,254847.884
2022-07-13 05:06:00,19367.0,19374.0,19360.5,19368.5,53.588,1037902.1145
2022-07-13 05:07:00,19368.5,19387.5,19368.5,19383.5,86.809,1682410.75
2022-07-13 05:08:00,19383.5,19386.5,19372.5,19372.5,146.114,2832194.789
2022-07-13 05:09:00,19372.5,19388.0,19366.5,19387.5,78.744,1525493.7945
2022-07-13 05:10:00,19387.5,19412.5,19387.5,19402.0,158.556,3076418.151
2022-07-13 05:11:00,19402.0,19413.0,19401.5,19405.0,24.361,472794.3005
2022-07-13 05:12:00,19405.0,19405.5,19388.5,19394.5,23.336,452619.063
2022-07-13 05:13:00,19394.5,19394.5,19360.0,19370.0,113.772,2203585.233
2022-07-13 05:14:00,19370.0,19378.0,19361.0,19376.0,48.245,934442.1765
2022-07-13 05:15:00,19376.0,19377.5,19366.5,19367.5,50.523,978549.8045
2022-07-13 05:16:00,19367.5,19397.0,19367.5,19394.5,105.285,2041411.8315
2022-07-13 05:17:00,19394.5,19400.0,19382.0,19400.0,31.591,612763.8655
2022-07-13 05:18:00,19400.0,19400.0,19372.0,19387.5,162.418,3148281.344
2022-07-13 05:19:00,19387.5,19388.0,19357.0,19357.0,85.81,1662840.693
2022-07-13 05:20:00,19357.0,19364.5,19300.0,19314.0,393.24,7599883.612
2022-07-13 05:21:00,19314.0,19314.0,19263.0,19290.5,582.466,11232316.266
2022-07-13 05:22:00,19290.5,19309.5,19254.0,19295.0,357.18,6887730.6885
2022-07-13 05:23:00,19295.0,19302.0,19273.0,19291.0,129.763,2502916.791
2022-07-13 05:24:00,19291.0,19332.0,19291.0,19329.5,352.845,6816235.5655
2022-07-13 05:25:00,19329.5,19329.5,19304.5,19319.0,98.328,1899585.6445
2022-07-13 05:26:00,19319.0,19340.0,19315.5,19321.5,165.02,3189816.2665
2022-07-13 05:27:00,19321.5,19321.5,19296.5,19300.5,101.626,1961979.4395
2022-07-13 05:28:00,19300.5,19317.5,19295.5,19309.0,72.079,1391341.89
2022-07-13 05:29:00,19309.0,19331.0,19309.0,19323.5,48.595,938833.282
2022-07-13 05:30:00,19323.5,19341.0,19317.0,19317.5,119.574,2311168.66
2022-07-13 05:31:00,19317.5,19321.0,19270.0,19283.5,356.908,6882346.057
2022-07-13 05:32:00,19283.5,19311.0,19283.0,19287.0,246.617,4759347.173
2022-07-13 05:33:00,19287.0,19293.0,19270.0,19277.5,260.511,5022234.4675
2022-07-13 05:34:00,19277.5,19320.0,19268.5,19310.0,255.379,4925983.071
2022-07-13 05:35:00,19310.0,19318.0,19268.5,19271.5,228.902,4413238.303
2022-07-13 05:36:00,19271.5,19293.5,19263.0,19278.5,165.368,3187446.4955
2022-07-13 05:37:00,19278.5,19299.0,19278.5,19295.0,58.368,1125851.6375
2022-07-13 05:38:00,19295.0,19305.0,19286.0,19287.0,65.995,1273192.445
2022-07-13 05:39:00,19287.0,19310.0,19286.5,19305.5,57.518,1110182.8015
2022-07-13 05:40:00,19305.5,19336.0,19305.5,19332.0,131.262,2536862.317
2022-07-13 05:41:00,19332.0,19339.0,19320.5,19323.0,140.911,2723993.404
2022-07-13 05:42:00,19323.0,19323.0,19292.5,19300.5,75.824,1463681.7975
2022-07-13 05:43:00,19300.5,19302.5,19279.0,19302.5,195.69,3775243.7715
2022-07-13 05:44:00,19302.5,19330.5,19302.5,19325.0,168.542,3255406.9865
2022-07-13 05:45:00,19325.0,19345.0,19325.0,19336.5,91.385,1767102.22
2022-07-13 05:46:00,19336.5,19356.5,19336.5,19356.5,140.815,2724199.9365
2022-07-13 05:47:00,19356.5,19364.0,19326.5,19327.0,96.702,1871291.842
2022-07-13 05:48:00,19327.0,19344.0,19310.5,19342.0,68.085,1315356.971
2022-07-13 05:49:00,19342.0,19342.0,19312.0,19314.0,41.0,792187.5465
2022-07-13 05:50:00,19314.0,19314.5,19288.0,19294.0,194.089,3745966.9435
2022-07-13 05:51:00,19294.0,19311.0,19293.0,19301.5,63.955,1234164.298
2022-07-13 05:52:00,19301.5,19312.0,19294.0,19303.5,34.05,657282.448
2022-07-13 05:53:00,19303.5,19317.5,19300.0,19317.5,55.202,1065913.607
2022-07-13 05:54:00,19317.5,19350.0,19314.0,19314.0,113.95,2203099.2705
2022-07-13 05:55:00,19314.0,19319.0,19312.0,19314.5,67.498,1303760.587
2022-07-13 05:56:00,19314.5,19332.0,19314.5,19329.5,23.315,450607.2805
2022-07-13 05:57:00,19329.5,19345.5,19325.0,19334.5,65.57,1267888.228
2022-07-13 05:58:00,19334.5,19346.0,19330.0,19341.5,36.376,703480.3185
2022-07-13 05:59:00,19341.5,19342.0,19317.5,19337.5,30.936,597949.288
2022-07-13 06:00:00,19337.5,19343.0,19324.0,19343.0,100.835,1949581.685
2022-07-13 06:01:00,19343.0,19375.0,19341.0,19359.0,293.366,5679357.18
2022-07-13 06:02:00,19359.0,19395.0,19359.0,19384.5,260.684,5051987.195
2022-07-13 06:03:00,19384.5,19385.0,19359.0,19363.5,72.384,1402069.8245
2022-07-13 06:04:00,19363.5,19372.5,19360.0,19371.5,68.975,1335791.795
2022-07-13 06:05:00,19371.5,19400.0,19371.5,19387.0,121.763,2361056.7945
2022-07-13 06:06:00,19387.0,19387.5,19373.0,19380.0,59.422,1151644.3415
2022-07-13 06:07:00,19380.0,19393.5,19376.5,19377.5,190.365,3689535.684
2022-07-13 06:08:00,19377.5,19392.5,19377.5,19386.5,48.335,936993.3035
2022-07-13 06:09:00,19386.5,19434.0,19386.0,19434.0,418.306,8120909.837
2022-07-13 06:10:00,19434.0,19438.0,19410.0,19411.5,122.07,2371198.7605
2022-07-13 06:11:00,19411.5,19419.0,19391.5,19405.0,151.768,2945163.254
2022-07-13 06:12:00,19405.0,19410.0,19396.5,19396.5,109.637,2127122.815
2022-07-13 06:13:00,19396.5,19410.0,19386.0,19410.0,90.409,1753329.038
2022-07-13 06:14:00,19410.0,19420.0,19409.0,19419.5,65.529,1272065.0545
2022-07-13 06:15:00,19419.5,19420.0,19406.0,19406.5,119.065,2311423.1595
2022-07-13 06:16:00,19406.5,19413.5,19402.5,19413.0,25.021,485637.151
2022-07-13 06:17:00,19413.0,19414.0,19404.5,19409.0,34.709,673714.23
2022-07-13 06:18:00,19409.0,19414.5,19395.5,19414.5,89.071,1728016.278
2022-07-13 06:19:00,19414.5,19415.0,19404.0,19404.5,33.185,644052.8685
2022-07-13 06:20:00,19404.5,19413.0,19400.5,19405.5,53.037,1029278.7755
2022-07-13 06:21:00,19405.5,19413.5,19400.5,19400.5,32.843,637455.2385
2022-07-13 06:22:00,19400.5,19411.0,19388.0,19392.0,43.426,842351.999
2022-07-13 06:23:00,19392.0,19400.0,19388.0,19388.0,53.462,1036901.2815
2022-07-13 06:24:00,19388.0,19398.0,19388.0,19397.5,19.431,376823.9565
2022-07-13 06:25:00,19397.5,19407.5,19390.0,19407.5,42.981,833708.299
2022-07-13 06:26:00,19407.5,19422.0,19407.5,19412.0,78.807,1530132.146
2022-07-13 06:27:00,19412.0,19415.0,19403.0,19414.5,84.076,1631944.964
2022-07-13 06:28:00,19414.5,19418.0,19413.0,19413.0,16.403,318485.2905
2022-07-13 06:29:00,19413.0,19419.0,19413.0,19419.0,21.253,412615.743
2022-07-13 06:30:00,19419.0,19447.0,19411.5,19438.5,210.479,4089950.5055
2022-07-13 06:31:00,19438.5,19440.5,19421.5,19427.0,53.092,1031682.8205
2022-07-13 06:32:00,19427.0,19427.0,19395.5,19401.0,83.35,1617677.8235
2022-07-13 06:33:00,19401.0,19458.0,19400.5,19455.5,270.462,5258092.817
2022-07-13 06:34:00,19455.5,19463.0,19440.5,19449.5,144.843,2817882.49
2022-07-13 06:35:00,19449.5,19450.0,19435.0,19435.5,63.855,1241604.0105
2022-07-13 06:36:00,19435.5,19436.0,19424.5,19424.5,98.271,1909677.7725
2022-07-13 06:37:00,19424.5,19436.5,19423.0,19434.0,77.769,1511070.5835
2022-07-13 06:38:00,19434.0,19452.0,19432.0,19448.0,67.006,1302953.6835
2022-07-13 06:39:00,19448.0,19448.0,19431.5,19443.0,40.159,780829.253
2022-07-13 06:40:00,19443.0,19450.0,19435.0,19448.0,37.088,721028.8055
2022-07-13 06:41:00,19448.0,19448.0,19427.0,19438.0,30.444,591673.18
2022-07-13 06:42:00,19438.0,19441.5,19433.0,19436.0,15.339,298140.9785
2022-07-13 06:43:00,19436.0,19440.0,19436.0,19436.0,8.606,167289.6545
2022-07-13 06:44:00,19436.0,19440.0,19427.0,19433.0,16.948,329375.966
2022-07-13 06:45:00,19433.0,19438.5,19423.5,19428.5,27.273,529924.998
2022-07-13 06:46:00,19428.5,19428.5,19415.0,19415.0,60.438,1173763.8655
2022-07-13 06:47:00,19415.0,19415.0,19403.5,19403.5,35.176,682657.386
2022-07-13 06:48:00,19403.5,19420.0,19403.5,19420.0,52.35,1016197.4865
2022-07-13 06:49:00,19420.0,19420.0,19395.0,19396.5,67.607,1311588.4995
2022-07-13 06:50:00,19396.5,19403.5,19396.0,19397.5,28.973,562001.011
2022-07-13 06:51:00,19397.5,19409.5,19396.5,19397.0,67.815,1315766.9275
2022-07-13 06:52:00,19397.0,19400.5,19395.0,19395.5,35.708,692615.483
2022-07-13 06:53:00,19395.5,19403.5,19395.0,19395.0,32.195,624545.808
2022-07-13 06:54:00,19395.0,19402.0,19395.0,19402.0,14.385,279068.521
2022-07-13 06:55:00,19402.0,19402.0,19373.0,19377.0,218.419,4234785.6005
2022-07-13 06:56:00,19377.0,19386.5,19376.0,19386.5,48.578,941429.7285
2022-07-13 06:57:00,19386.5,19394.0,19386.5,19390.0,102.185,1981417.0405
2022-07-13 06:58:00,19390.0,19395.0,19382.5,19392.0,54.763,1061761.2345
2022-07-13 06:59:00,19392.0,19400.0,19385.0,19385.5,32.497,630207.3945
2022-07-13 07:00:00,19385.5,19393.0,19385.0,19392.5,30.111,583876.5555
2022-07-13 07:01:00,19392.5,19399.0,19386.0,19388.5,70.039,1358289.8345
2022-07-13 07:02:00,19388.5,19388.5,19386.0,19386.5,40.786,790711.877
2022-07-13 07:03:00,19386.5,19398.5,19386.5,19395.0,34.587,670710.7465
2022-07-13 07:04:00,19395.0,19407.5,19395.0,19401.5,74.932,1453851.633
2022-07-13 07:05:00,19401.5,19410.0,19400.0,19400.5,67.015,1300305.147
2022-07-13 07:06:00,19400.5,19414.0,19400.0,19414.0,43.289,840103.654
2022-07-13 07:07:00,19414.0,19415.0,19405.5,19406.0,38.387,745134.014
2022-07-13 07:08:00,19406.0,19414.0,19404.0,19404.5,33.512,650341.4815
2022-07-13 07:09:00,19404.5,19404.5,19385.0,19399.0,155.493,3016051.05
2022-07-13 07:10:00,19399.0,19399.5,19386.0,19392.0,20.36,394851.9525
2022-07-13 07:11:00,19392.0,19410.5,19389.5,19410.0,47.95,930388.398
2022-07-13 07:12:00,19410.0,19421.0,19410.0,19413.0,61.742,1198894.076
2022-07-13 07:13:00,19413.0,19413.5,19399.0,19400.0,25.832,501376.9325
2022-07-13 07:14:00,19400.0,19400.0,19380.0,19384.0,50.544,979734.481
2022-07-13 07:15:00,19384.0,19390.5,19382.0,19390.0,24.029,465886.7375
2022-07-13 07:16:00,19390.0,19410.0,19390.0,19409.5,47.391,919496.03
2022-07-13 07:17:00,19409.5,19415.0,19400.5,19414.5,43.951,853096.826
2022-07-13 07:18:00,19414.5,19418.0,19408.0,19416.0,25.949,503772.5405
2022-07-13 07:19:00,19416.0,19420.0,19405.5,19420.0,43.76,849302.7865
2022-07-13 07:20:00,19420.0,19445.0,19419.5,19438.5,156.841,3048407.2245
2022-07-13 07:21:00,19438.5,19441.5,19428.0,19428.0,77.5,1506284.236
2022-07-13 07:22:00,19428.0,19429.5,19420.0,19420.0,19.516,379078.0465
2022-07-13 07:23:00,19420.0,19420.5,19411.5,19415.0,31.529,612112.2125
2022-07-13 07:24:00,19415.0,19417.0,19400.0,19417.0,42.277,820517.8655
2022-07-13 07:25:00,19417.0,19423.0,19406.5,19406.5,28.152,546622.9435
2022-07-13 07:26:00,19406.5,19407.0,19400.0,19404.5,18.876,366234.8555
2022-07-13 07:27:00,19404.5,19418.5,19404.5,19415.5,36.528,709032.01
2022-07-13 07:28:00,19415.5,19422.0,19415.0,19419.5,17.445,338751.864
2022-07-13 07:29:00,19419.5,19420.0,19410.0,19415.5,25.458,494274.0665
2022-07-13 07:30:00,19415.5,19448.5,19415.5,19440.5,91.825,1784824.776
2022-07-13 07:31:00,19440.5,19448.5,19435.5,19447.0,43.505,845911.546
2022-07-13 07:32:00,19447.0,19455.0,19440.0,19454.5,134.862,2622999.3835
2022-07-13 07:33:00,19454.5,19455.0,19446.0,19447.5,39.49,768112.9615
2022-07-13 07:34:00,19447.5,19453.0,19447.0,19452.5,36.674,713299.3555
2022-07-13 07:35:00,19452.5,19524.0,19440.5,19517.5,810.467,15796653.608
2022-07-13 07:36:00,19517.5,19521.5,19489.0,19489.5,267.114,5210213.4995
2022-07-13 07:37:00,19489.5,19501.0,19479.5,19482.0,141.166,2751534.3355
2022-07-13 07:38:00,19482.0,19495.0,19481.5,19495.0,66.519,1296539.5235
2022-07-13 07:39:00,19495.0,19495.0,19491.5,19492.0,36.909,719514.5195
2022-07-13 07:40:00,19492.0,19497.0,19488.5,19496.5,121.895,2376094.71
2022-07-13 07:41:00,19496.5,19530.0,19496.5,19521.5,260.887,5091311.636
2022-07-13 07:42:00,19521.5,19522.0,19499.5,19500.0,139.776,2726881.0885
2022-07-13 07:43:00,19500.0,19505.5,19498.5,19498.5,64.018,1248472.956
2022-07-13 07:44:00,19498.5,19499.0,19485.0,19485.0,46.67,909793.84
2022-07-13 07:45:00,19485.0,19510.0,19474.0,19510.0,125.257,2441294.7
2022-07-13 07:46:00,19510.0,19510.0,19487.5,19492.0,98.304,1916854.1325
2022-07-13 07:47:00,19492.0,19495.0,19492.0,19493.5,29.907,582979.168
2022-07-13 07:48:00,19493.5,19500.0,19490.0,19495.5,84.937,1655986.5835
2022-07-13 07:49:00,19495.5,19499.0,19493.5,19497.0,82.504,1608465.1
2022-07-13 07:50:00,19497.0,19508.5,19497.0,19501.0,128.566,2507578.51
2022-07-13 07:51:00,19501.0,19502.5,19492.5,19493.0,98.686,1924294.8795
2022-07-13 07:52:00,19493.0,19502.5,19492.5,19500.5,46.44,905568.244
2022-07-13 07:53:00,19500.5,19505.0,19500.0,19500.5,22.144,431862.607
2022-07-13 07:54:00,19500.5,19500.5,19495.0,19495.5,106.493,2076281.977
2022-07-13 07:55:00,19495.5,19496.0,19478.0,19478.5,93.863,1829338.2
2022-07-13 07:56:00,19478.5,19482.0,19475.0,19477.5,65.275,1271422.8465
2022-07-13 07:57:00,19477.5,19481.0,19475.0,19475.5,26.97,525344.861
2022-07-13 07:58:00,19475.5,19478.0,19470.0,19475.5,88.655,1726325.784
2022-07-13 07:59:00,19475.5,19476.0,19470.0,19470.5,40.231,783441.118
2022-07-13 08:00:00,19470.5,19483.0,19468.0,19479.5,110.638,2154728.5255
2022-07-13 08:01:00,19479.5,19487.0,19479.0,19483.5,36.902,718980.701
2022-07-13 08:02:00,19483.5,19490.0,19481.0,19489.5,46.236,901027.778
2022-07-13 08:03:00,19489.5,19500.0,19489.5,19499.5,53.083,1034964.4345
2022-07-13 08:04:00,19499.5,19502.0,19488.5,19489.0,62.442,1217429.612
2022-07-13 08:05:00,19489.0,19494.0,19488.5,19494.0,15.917,310278.8745
2022-07-13 08:06:00,19494.0,19494.0,19482.0,19488.0,23.494,457821.358
2022-07-13 08:07:00,19488.0,19492.5,19481.0,19490.5,29.455,573978.3515
2022-07-13 08:08:00,19490.5,19498.5,19489.0,19497.0,40.393,787382.717
2022-07-13 08:09:00,19497.0,19497.5,19494.0,19497.5,23.754,463083.9925
2022-07-13 08:10:00,19497.5,19503.0,19490.0,19490.5,34.912,680695.343
2022-07-13 08:11:00,19490.5,19491.0,19487.5,19487.5,31.261,609287.092
2022-07-13 08:12:00,19487.5,19491.0,19481.5,19491.0,30.905,602133.568
2022-07-13 08:13:00,19491.0,19491.0,19481.5,19481.5,27.77,541187.2865
2022-07-13 08:14:00,19481.5,19483.5,19475.0,19483.5,22.664,441483.484
2022-07-13 08:15:00,19483.5,19483.5,19475.5,19476.5,22.935,446741.416
2022-07-13 08:16:00,19476.5,19485.0,19476.0,19476.0,30.552,595055.1625
2022-07-13 08:17:00,19476.0,19477.0,19467.0,19474.5,64.136,1248888.087
2022-07-13 08:18:00,19474.5,19482.0,19474.5,19480.0,13.877,270304.734
2022-07-13 08:19:00,19480.0,19491.0,19479.0,19491.0,22.456,437632.3075
2022-07-13 08:20:00,19491.0,19491.0,19488.0,19488.5,17.455,340196.2175
2022-07-13 08:21:00,19488.5,19488.5,19480.0,19484.0,55.381,1079018.433
2022-07-13 08:22:00,19484.0,19496.0,19484.0,19496.0,21.599,421004.846
2022-07-13 08:23:00,19496.0,19499.0,19496.0,19498.5,38.162,744084.412
2022-07-13 08:24:00,19498.5,19499.0,19493.0,19497.0,19.591,381966.7025
2022-07-13 08:25:00,19497.0,19497.0,19496.5,19496.5,6.549,127684.7645
2022-07-13 08:26:00,19496.5,19509.5,19496.5,19505.0,180.408,3519139.31
2022-07-13 08:27:00,19505.0,19510.0,19497.5,19497.5,54.782,1068529.609
2022-07-13 08:28:00,19497.5,19504.0,19497.5,19501.0,20.236,394637.013
2022-07-13 08:29:00,19501.0,19501.0,19492.5,19495.0,19.042,371237.654
2022-07-13 08:30:00,19495.0,19502.0,19494.5,19501.5,24.233,472476.5395
2022-07-13 08:31:00,19501.5,19504.5,19501.5,19504.5,43.9,856199.2205
2022-07-13 08:32:00,19504.5,19508.0,19503.0,19504.5,32.948,642672.1415
2022-07-13 08:33:00,19504.5,19505.0,19500.0,19500.5,13.087,255220.1725
2022-07-13 08:34:00,19500.5,19500.5,19490.5,19494.0,35.711,696193.4385
2022-07-13 08:35:00,19494.0,19504.0,19490.0,19504.0,98.374,1918116.3715
2022-07-13 08:36:00,19504.0,19505.0,19500.0,19504.5,91.471,1784017.031
2022-07-13 08:37:00,19504.5,19508.0,19504.0,19507.5,120.971,2359575.7255
2022-07-13 08:38:00,19507.5,19508.5,19501.0,19508.5,137.674,2685461.985
2022-07-13 08:39:00,19508.5,19527.0,19508.0,19527.0,184.257,3597228.689
2022-07-13 08:40:00,19527.0,19575.0,19526.5,19549.0,740.77,14483839.339
2022-07-13 08:41:00,19549.0,19556.0,19521.0,19524.5,243.52,4757654.408
2022-07-13 08:42:00,19524.5,19524.5,19512.0,19512.0,54.605,1065784.469
2022-07-13 08:43:00,19512.0,19527.5,19512.0,19526.0,47.209,921562.2475
2022-07-13 08:44:00,19526.0,19528.0,19526.0,19527.5,27.986,546501.3205
2022-07-13 08:45:00,19527.5,19527.5,19512.5,19512.5,98.783,1928382.1625
2022-07-13 08:46:00,19512.5,19515.0,19504.5,19510.0,44.888,875784.165
2022-07-13 08:47:00,19510.0,19510.5,19494.5,19500.5,98.086,1912746.9295
2022-07-13 08:48:00,19500.5,19504.0,19491.0,19491.0,50.749,989582.208
2022-07-13 08:49:00,19491.0,19497.0,19489.0,19496.5,133.529,2602674.3175
2022-07-13 08:50:00,19496.5,19510.0,19496.5,19510.0,75.041,1463756.289
2022-07-13 08:51:00,19510.0,19510.0,19498.0,19500.5,28.422,554349.904
2022-07-13 08:52:00,19500.5,19509.5,19499.5,19509.5,27.91,544320.9925
2022-07-13 08:53:00,19509.5,19515.5,19509.5,19512.5,22.328,435676.5945
2022-07-13 08:54:00,19512.5,19528.0,19512.5,19527.5,64.997,1268603.553
2022-07-13 08:55:00,19527.5,19527.5,19519.0,19526.0,18.777,366620.8235
2022-07-13 08:56:00,19526.0,19526.5,19508.0,19508.0,22.654,442098.6525
2022-07-13 08:57:00,19508.0,19509.5,19501.0,19501.5,20.854,406765.694
2022-07-13 08:58:00,19501.5,19501.5,19498.5,19499.0,69.643,1358059.6785
2022-07-13 08:59:00,19499.0,19503.0,19498.5,19502.5,126.203,2461095.485
2022-07-13 09:00:00,19502.5,19509.0,19499.5,19501.0,29.479,574882.7895
2022-07-13 09:01:00,19501.0,19501.0,19496.0,19499.5,115.008,2242642.482
2022-07-13 09:02:00,19499.5,19510.0,19499.5,19509.5,28.061,547426.8725
2022-07-13 09:03:00,19509.5,19521.0,19509.5,19510.0,45.508,888189.6335
2022-07-13 09:04:00,19510.0,19516.0,19510.0,19515.5,26.343,514008.47
2022-07-13 09:05:00,19515.5,19517.0,19506.5,19506.5,31.988,624206.9145
2022-07-13 09:06:00,19506.5,19519.0,19506.0,19515.5,23.589,460300.491
2022-07-13 09:07:00,19515.5,19520.0,19515.0,19519.5,38.301,747571.071
2022-07-13 09:08:00,19519.5,19519.5,19502.0,19502.0,31.716,618701.6865
2022-07-13 09:09:00,19502.0,19502.5,19494.0,19494.5,35.84,698778.48
2022-07-13 09:10:00,19494.5,19494.5,19470.5,19470.5,153.695,2994291.0435
2022-07-13 09:11:00,19470.5,19483.5,19454.0,19460.5,240.693,4685742.7895
2022-07-13 09:12:00,19460.5,19480.0,19460.5,19478.5,44.23,861261.6445
2022-07-13 09:13:00,19478.5,19478.5,19463.5,19463.5,47.011,915212.4315
2022-07-13 09:14:00,19463.5,19464.0,19447.0,19463.5,142.329,2768939.0655
2022-07-13 09:15:00,19463.5,19467.0,19457.0,19464.5,35.776,696181.035
2022-07-13 09:16:00,19464.5,19464.5,19456.5,19457.0,56.207,1093724.2155
2022-07-13 09:17:00,19457.0,19464.0,19456.5,19457.0,76.795,1494599.8695
2022-07-13 09:18:00,19457.0,19464.5,19457.0,19464.5,34.335,668217.216
2022-07-13 09:19:00,19464.5,19473.0,19461.5,19472.5,44.09,858320.2025
2022-07-13 09:20:00,19472.5,19475.0,19461.5,19462.0,27.213,529774.671
2022-07-13 09:21:00,19462.0,19472.5,19458.5,19472.5,27.787,540884.6245
2022-07-13 09:22:00,19472.5,19472.5,19458.0,19462.5,94.646,1841844.333
2022-07-13 09:23:00,19462.5,19465.0,19458.0,19464.5,16.034,312040.3525
2022-07-13 09:24:00,19464.5,19468.0,19464.0,19466.0,29.686,577869.9255
2022-07-13 09:25:00,19466.0,19466.0,19465.5,19465.5,10.553,205421.3745
2022-07-13 09:26:00,19465.5,19466.0,19465.5,19466.0,7.84,152611.9245
2022-07-13 09:27:00,19466.0,19466.0,19465.5,19466.0,25.381,494058.455
2022-07-13 09:28:00,19466.0,19470.0,19465.5,19467.5,41.999,817658.1885
2022-07-13 09:29:00,19467.5,19468.0,19458.0,19458.0,34.913,679459.896
2022-07-13 09:30:00,19458.0,19468.0,19458.0,19460.0,65.321,1271383.0905
2022-07-13 09:31:00,19460.0,19464.0,19459.0,19462.0,15.028,292461.2865
2022-07-13 09:32:00,19462.0,19462.0,19461.5,19462.0,14.803,288094.082
2022-07-13 09:33:00,19462.0,19487.0,19461.5,19474.5,218.102,4246459.7365
2022-07-13 09:34:00,19474.5,19482.5,19472.5,19473.0,33.59,654261.3445
2022-07-13 09:35:00,19473.0,19487.5,19472.5,19486.5,62.639,1220427.541
2022-07-13 09:36:00,19486.5,19486.5,19476.0,19485.5,25.182,490611.4565
2022-07-13 09:37:00,19485.5,19495.0,19485.0,19492.5,76.77,1496172.163
2022-07-13 09:38:00,19492.5,19493.5,19489.0,19493.5,23.255,453252.2565
2022-07-13 09:39:00,19493.5,19495.0,19479.0,19479.0,52.96,1032186.193
2022-07-13 09:40:00,19479.0,19489.0,19478.5,19486.5,55.325,1077751.2435
2022-07-13 09:41:00,19486.5,19489.0,19480.5,19488.5,26.026,507120.2325
2022-07-13 09:42:00,19488.5,19489.0,19488.0,19488.0,20.553,400547.9135
2022-07-13 09:43:00,19488.0,19488.5,19480.5,19483.5,34.991,681789.6285
2022-07-13 09:44:00,19483.5,19487.5,19483.5,19485.5,12.442,242439.8795
2022-07-13 09:45:00,19485.5,19495.0,19481.5,19495.0,24.276,473078.76
2022-07-13 09:46:00,19495.0,19495.5,19494.0,19494.0,20.225,394282.266
2022-07-13 09:47:00,19494.0,19494.5,19490.0,19490.0,17.284,336893.39
2022-07-13 09:48:00,19490.0,19492.5,19490.0,19491.5,15.982,311522.5085
2022-07-13 09:49:00,19491.5,19491.5,19490.0,19490.0,24.454,476621.4215
2022-07-13 09:50:00,19490.0,19490.5,19489.5,19489.5,13.349,260175.3945
2022-07-13 09:51:00,19489.5,19496.5,19489.0,19496.5,45.543,887769.995
2022-07-13 09:52:00,19496.5,19500.0,19496.0,19496.5,62.635,1221243.8655
2022-07-13 09:53:00,19496.5,19510.0,19496.0,19509.5,63.116,1231037.2915
2022-07-13 09:54:00,19509.5,19510.0,19509.5,19509.5,21.878,426834.1565
2022-07-13 09:55:00,19509.5,19510.0,19495.0,19495.0,77.934,1520154.492
2022-07-13 09:56:00,19495.0,19508.5,19495.0,19502.0,20.399,397818.2525
2022-07-13 09:57:00,19502.0,19509.0,19501.5,19503.0,8.851,172623.293
2022-07-13 09:58:00,19503.0,19503.0,19495.5,19495.5,21.183,413025.774
2022-07-13 09:59:00,19495.5,19495.5,19483.5,19488.0,51.645,1006503.294
2022-07-13 10:00:00,19488.0,19490.0,19488.0,19488.5,11.827,230494.6185
2022-07-13 10:01:00,19488.5,19488.5,19477.0,19477.0,67.26,1310314.344
2022-07-13 10:02:00,19477.0,19477.5,19469.0,19469.5,50.088,975430.238
2022-07-13 10:03:00,19469.5,19469.5,19463.0,19463.5,63.481,1235774.6645
2022-07-13 10:04:00,19463.5,19477.5,19463.0,19477.5,62.419,1215327.1255
2022-07-13 10:05:00,19477.5,19477.5,19470.0,19470.5,8.655,168561.7
2022-07-13 10:06:00,19470.5,19470.5,19443.0,19450.5,113.765,2213035.601
2022-07-13 10:07:00,19450.5,19459.5,19449.0,19455.0,38.763,754015.9515
2022-07-13 10:08:00,19455.0,19460.0,19454.0,19457.5,25.949,504867.953
2022-07-13 10:09:00,19457.5,19460.0,19457.0,19457.0,45.729,889844.09
2022-07-13 10:10:00,19457.0,19463.0,19456.5,19462.5,21.439,417203.3065
2022-07-13 10:11:00,19462.5,19463.0,19462.5,19463.0,31.948,621789.067
2022-07-13 10:12:00,19463.0,19463.0,19450.0,19450.5,25.502,496222.457
2022-07-13 10:13:00,19450.5,19450.5,19421.0,19436.5,305.56,5939797.1095
2022-07-13 10:14:00,19436.5,19448.0,19436.5,19437.0,51.61,1003374.125
2022-07-13 10:15:00,19437.0,19440.0,19423.5,19440.0,87.574,1701611.921
2022-07-13 10:16:00,19440.0,19441.5,19430.5,19431.0,27.391,532437.1495
2022-07-13 10:17:00,19431.0,19431.0,19410.0,19410.5,172.511,3349646.0095
2022-07-13 10:18:00,19410.5,19448.5,19410.5,19448.0,222.059,4314710.3565
2022-07-13 10:19:00,19448.0,19448.5,19436.0,19447.0,46.649,907043.821
2022-07-13 10:20:00,19447.0,19459.0,19446.5,19458.5,45.669,888257.8005
2022-07-13 10:21:00,19458.5,19467.5,19458.5,19466.5,95.385,1856308.411
2022-07-13 10:22:00,19466.5,19469.5,19466.0,19469.5,28.504,554927.485
2022-07-13 10:23:00,19469.5,19479.0,19462.0,19462.5,123.337,2401615.0335
2022-07-13 10:24:00,19462.5,19475.0,19462.0,19474.5,23.24,452464.7135
2022-07-13 10:25:00,19474.5,19477.0,19474.0,19476.5,37.306,726590.953
2022-07-13 10:26:00,19476.5,19482.5,19476.5,19482.5,50.542,984458.205
2022-07-13 10:27:00,19482.5,19482.5,19475.0,19475.0,101.562,1978383.825
2022-07-13 10:28:00,19475.0,19475.5,19465.5,19473.5,37.702,734132.0065
2022-07-13 10:29:00,19473.5,19473.5,19467.5,19467.5,12.477,242909.6875
2022-07-13 10:30:00,19467.5,19468.0,19465.0,19465.5,29.999,583961.7055
2022-07-13 10:31:00,19465.5,19474.5,19461.5,19474.0,22.647,440827.846
2022-07-13 10:32:00,19474.0,19478.5,19474.0,19478.5,30.516,594328.0315
2022-07-13 10:33:00,19478.5,19478.5,19471.0,19474.0,22.398,436204.517
2022-07-13 10:34:00,19474.0,19476.0,19468.5,19468.5,42.028,818472.4975
2022-07-13 10:35:00,19468.5,19468.5,19457.5,19460.5,43.358,843770.784
2022-07-13 10:36:00,19460.5,19461.0,19459.0,19459.0,38.756,754179.059
2022-07-13 10:37:00,19459.0,19459.5,19459.0,19459.0,38.625,751604.531
2022-07-13 10:38:00,19459.0,19459.5,19455.0,19455.5,24.747,481528.496
2022-07-13 10:39:00,19455.5,19455.5,19453.5,19453.5,18.461,359140.283
2022-07-13 10:40:00,19453.5,19454.0,19451.0,19451.5,15.27,297030.9905
2022-07-13 10:41:00,19451.5,19455.0,19451.0,19453.0,24.493,476437.2805
2022-07-13 10:42:00,19453.0,19461.0,19453.0,19461.0,21.411,416562.158
2022-07-13 10:43:00,19461.0,19461.0,19452.0,19452.0,28.946,563164.8815
2022-07-13 10:44:00,19452.0,19460.0,19452.0,19460.0,44.377,863409.2865
2022-07-13 10:45:00,19460.0,19464.5,19459.5,19464.0,21.234,413267.0015
2022-07-13 10:46:00,19464.0,19468.0,19464.0,19468.0,14.141,275259.06
2022-07-13 10:47:00,19468.0,19471.0,19456.5,19457.0,48.702,948007.955
2022-07-13 10:48:00,19457.0,19457.0,19438.0,19445.0,50.684,985587.912
2022-07-13 10:49:00,19445.0,19445.0,19442.5,19443.0,20.412,396894.1355
2022-07-13 10:50:00,19443.0,19443.0,19440.0,19442.5,14.776,287271.3415
2022-07-13 10:51:00,19442.5,19446.0,19434.5,19436.0,53.357,1037198.3565
2022-07-13 10:52:00,19436.0,19446.5,19435.0,19446.0,27.743,539346.371
2022-07-13 10:53:00,19446.0,19462.0,19446.0,19462.0,45.614,887300.493
2022-07-13 10:54:00,19462.0,19509.5,19461.5,19509.0,180.068,3509893.942
2022-07-13 10:55:00,19509.0,19509.5,19484.5,19492.0,88.177,1719174.0005
2022-07-13 10:56:00,19492.0,19498.0,19485.5,19492.5,43.8,853758.3395
2022-07-13 10:57:00,19492.5,19492.5,19487.0,19487.5,27.225,530544.548
2022-07-13 10:58:00,19487.5,19494.5,19486.0,19488.0,32.409,631677.572
2022-07-13 10:59:00,19488.0,19494.5,19481.5,19494.0,53.315,1038828.6745
2022-07-13 11:00:00,19494.0,19494.5,19479.0,19479.5,35.785,697269.5165
2022-07-13 11:01:00,19479.5,19483.5,19475.5,19479.5,39.167,762866.2975
2022-07-13 11:02:00,19479.5,19495.5,19477.0,19488.5,113.896,2219894.038
2022-07-13 11:03:00,19488.5,19490.0,19487.0,19489.5,21.71,423104.8745
2022-07-13 11:04:00,19489.5,19493.0,19486.0,19493.0,14.032,273467.7465
2022-07-13 11:05:00,19493.0,19493.0,19481.5,19482.0,36.15,704478.634
2022-07-13 11:06:00,19482.0,19488.0,19481.5,19487.0,11.586,225762.41
2022-07-13 11:07:00,19487.0,19520.0,19482.0,19520.0,221.462,4320288.717
2022-07-13 11:08:00,19520.0,19547.5,19517.0,19535.5,308.699,6030149.8105
2022-07-13 11:09:00,19535.5,19550.0,19534.5,19542.5,162.534,3176745.572
2022-07-13 11:10:00,19542.5,19550.0,19522.5,19536.5,203.715,3978804.736
2022-07-13 11:11:00,19536.5,19536.5,19525.5,19525.5,41.376,808119.234
2022-07-13 11:12:00,19525.5,19529.5,19525.5,19529.0,104.049,2031711.893
2022-07-13 11:13:00,19529.0,19530.0,19522.0,19522.5,26.662,520599.7205
2022-07-13 11:14:00,19522.5,19530.0,19519.5,19519.5,46.194,901926.843
2022-07-13 11:15:00,19519.5,19529.5,19519.5,19529.0,24.514,478623.566
2022-07-13 11:16:00,19529.0,19536.5,19529.0,19536.0,57.488,1122964.4745
2022-07-13 11:17:00,19536.0,19545.5,19536.0,19545.0,208.663,4078099.1265
2022-07-13 11:18:00,19545.0,19558.0,19545.0,19552.0,132.947,2599454.7835
2022-07-13 11:19:00,19552.0,19552.5,19542.0,19550.5,67.081,1311414.6915
2022-07-13 11:20:00,19550.5,19572.5,19550.5,19551.0,268.356,5249915.3125
2022-07-13 11:21:00,19551.0,19551.0,19543.5,19547.0,54.92,1073531.7815
2022-07-13 11:22:00,19547.0,19547.0,19531.5,19536.0,67.852,1325863.2855
2022-07-13 11:23:00,19536.0,19540.0,19519.0,19535.0,148.268,2895122.568
2022-07-13 11:24:00,19535.0,19535.0,19508.5,19512.5,160.65,3136324.936
2022-07-13 11:25:00,19512.5,19513.0,19502.0,19502.0,35.082,684395.495
2022-07-13 11:26:00,19502.0,19507.0,19495.5,19502.0,51.492,1004167.7985
2022-07-13 11:27:00,19502.0,19520.0,19501.5,19519.0,35.931,701096.546
2022-07-13 11:28:00,19519.0,19519.0,19507.5,19507.5,25.608,499625.658
2022-07-13 11:29:00,19507.5,19515.0,19502.0,19502.5,79.404,1548822.2405
2022-07-13 11:30:00,19502.5,19515.0,19502.0,19509.5,24.122,470618.484
2022-07-13 11:31:00,19509.5,19511.0,19504.0,19504.0,29.01,565932.7765
2022-07-13 11:32:00,19504.0,19508.0,19503.5,19504.0,14.772,288139.267
2022-07-13 11:33:00,19504.0,19504.5,19500.0,19501.0,57.52,1121736.685
2022-07-13 11:34:00,19501.0,19508.0,19497.0,19498.5,35.995,701961.067
2022-07-13 11:35:00,19498.5,19505.5,19495.0,19498.0,108.96,2124800.738
2022-07-13 11:36:00,19498.0,19505.0,19497.0,19499.5,29.632,577824.841
2022-07-13 11:37:00,19499.5,19505.5,19498.0,19499.5,25.969,506392.205
2022-07-13 11:38:00,19499.5,19500.0,19492.5,19492.5,48.871,952704.455
2022-07-13 11:39:00,19492.5,19493.0,19491.5,19491.5,17.484,340808.515
2022-07-13 11:40:00,19491.5,19492.0,19489.0,19489.0,26.43,515105.1385
2022-07-13 11:41:00,19489.0,19489.5,19485.0,19485.0,30.992,603940.1195
2022-07-13 11:42:00,19485.0,19491.0,19481.0,19490.0,56.857,1107807.2115
2022-07-13 11:43:00,19490.0,19490.0,19486.0,19486.5,32.772,638608.033
2022-07-13 11:44:00,19486.5,19491.5,19486.0,19491.0,17.004,331397.9005
2022-07-13 11:45:00,19491.0,19491.5,19464.0,19469.0,215.834,4202589.1455
2022-07-13 11:46:00,19469.0,19478.0,19469.0,19478.0,45.145,879071.673
2022-07-13 11:47:00,19478.0,19478.0,19464.0,19464.0,36.08,702483.556
2022-07-13 11:48:00,19464.0,19464.5,19460.5,19464.5,57.371,1116626.2795
2022-07-13 11:49:00,19464.5,19465.5,19462.5,19463.5,43.378,844315.54
2022-07-13 11:50:00,19463.5,19476.5,19463.0,19475.5,76.322,1486096.514
2022-07-13 11:51:00,19475.5,19486.0,19471.5,19484.5,79.672,1552055.7915
2022-07-13 11:52:00,19484.5,19485.0,19479.0,19479.5,42.868,835076.165
2022-07-13 11:53:00,19479.5,19481.0,19479.0,19480.5,18.056,351733.715
2022-07-13 11:54:00,19480.5,19481.0,19475.0,19475.0,18.893,367989.487
2022-07-13 11:55:00,19475.0,19476.5,19471.5,19476.0,22.628,440672.8865
2022-07-13 11:56:00,19476.0,19476.0,19468.0,19468.0,25.137,489460.987
2022-07-13 11:57:00,19468.0,19468.5,19468.0,19468.5,14.292,278239.5465
2022-07-13 11:58:00,19468.5,19468.5,19460.0,19465.5,132.455,2578254.3985
2022-07-13 11:59:00,19465.5,19474.5,19465.5,19472.5,37.001,720374.346
2022-07-13 12:00:00,19472.5,19473.0,19462.0,19466.0,56.757,1104841.1755
2022-07-13 12:01:00,19466.0,19470.5,19464.0,19470.5,11.843,230537.3245
2022-07-13 12:02:00,19470.5,19478.0,19469.5,19477.5,28.562,556157.9495
2022-07-13 12:03:00,19477.5,19478.0,19472.5,19474.5,17.694,344582.168
2022-07-13 12:04:00,19474.5,19483.0,19474.5,19482.5,55.91,1089043.0945
2022-07-13 12:05:00,19482.5,19503.0,19482.5,19495.5,292.927,5709718.1715
2022-07-13 12:06:00,19495.5,19500.0,19495.0,19499.5,33.91,661190.717
2022-07-13 12:07:00,19499.5,19500.0,19478.0,19486.5,89.25,1739676.2855
2022-07-13 12:08:00,19486.5,19487.0,19476.5,19476.5,24.82,483511.8775
2022-07-13 12:09:00,19476.5,19477.0,19475.5,19476.0,20.564,400514.2215
2022-07-13 12:10:00,19476.0,19499.5,19476.0,19498.0,39.917,777821.77
2022-07-13 12:11:00,19498.0,19498.0,19489.0,19493.5,22.016,429146.2295
2022-07-13 12:12:00,19493.5,19503.0,19488.0,19502.5,53.878,1050151.9965
2022-07-13 12:13:00,19502.5,19534.0,19502.5,19529.5,402.393,7854265.4905
2022-07-13 12:14:00,19529.5,19544.0,19517.5,19519.5,121.856,2379994.861
2022-07-13 12:15:00,19519.5,19534.0,19519.5,19534.0,51.891,1013325.5415
2022-07-13 12:16:00,19534.0,19534.0,19524.5,19532.5,41.272,806088.5635
2022-07-13 12:17:00,19532.5,19548.0,19526.5,19548.0,147.999,2891751.9325
2022-07-13 12:18:00,19548.0,19548.0,19529.0,19530.5,60.834,1188482.721
2022-07-13 12:19:00,19530.5,19536.0,19530.5,19531.0,34.807,679866.199
2022-07-13 12:20:00,19531.0,19531.0,19529.0,19529.5,25.911,506042.84
2022-07-13 12:21:00,19529.5,19529.5,19517.5,19518.0,46.474,907378.8455
2022-07-13 12:22:00,19518.0,19518.0,19509.5,19509.5,37.068,723308.8095
2022-07-13 12:23:00,19509.5,19510.0,19502.0,19502.5,63.271,1234147.071
2022-07-13 12:24:00,19502.5,19515.5,19502.0,19515.5,37.073,723333.7755
2022-07-13 12:25:00,19515.5,19516.5,19515.0,19516.0,18.332,357759.149
2022-07-13 12:26:00,19516.0,19529.5,19516.0,19526.5,76.509,1493680.1365
2022-07-13 12:27:00,19526.5,19539.5,19526.0,19539.5,150.903,2947236.702
2022-07-13 12:28:00,19539.5,19544.0,19533.5,19540.5,48.777,953053.3395
2022-07-13 12:29:00,19540.5,19541.0,19529.5,19538.5,87.335,1706031.3515
2022-07-13 12:30:00,19538.5,19550.0,19520.0,19550.0,130.308,2545529.607
2022-07-13 12:31:00,19550.0,19550.5,19547.5,19548.0,81.051,1584509.413
2022-07-13 12:32:00,19548.0,19548.0,19538.0,19543.0,78.675,1537636.916
2022-07-13 12:33:00,19543.0,19547.0,19541.5,19541.5,14.999,293153.859
2022-07-13 12:34:00,19541.5,19544.5,19541.0,19544.0,34.324,670754.0955
2022-07-13 12:35:00,19544.0,19548.0,19538.0,19541.5,43.922,858442.4895
2022-07-13 12:36:00,19541.5,19548.0,19541.0,19544.0,41.511,811288.279
2022-07-13 12:37:00,19544.0,19544.5,19543.5,19544.5,17.686,345654.9495
2022-07-13 12:38:00,19544.5,19552.0,19544.5,19551.5,64.786,1266610.386
2022-07-13 12:39:00,19551.5,19551.5,19530.0,19534.5,52.811,1031801.6855
2022-07-13 12:40:00,19534.5,19550.0,19532.5,19533.0,37.863,739873.313
2022-07-13 12:41:00,19533.0,19537.0,19531.0,19531.0,50.786,991941.6415
2022-07-13 12:42:00,19531.0,19533.0,19513.5,19513.5,72.873,1422713.8945
2022-07-13 12:43:00,19513.5,19518.0,19512.5,19515.5,45.169,881503.5445
2022-07-13 12:44:00,19515.5,19516.0,19506.5,19512.5,99.57,1942675.307
2022-07-13 12:45:00,19512.5,19512.5,19495.0,19498.0,78.785,1536288.347
2022-07-13 12:46:00,19498.0,19499.5,19490.0,19499.5,66.113,1288865.448
2022-07-13 12:47:00,19499.5,19505.5,19495.0,19505.0,69.948,1363850.5855
2022-07-13 12:48:00,19505.0,19505.5,19500.5,19504.5,55.841,1089064.301
2022-07-13 12:49:00,19504.5,19508.5,19503.5,19503.5,26.121,509497.4495
2022-07-13 12:50:00,19503.5,19511.0,19503.5,19510.5,33.36,650744.5075
2022-07-13 12:51:00,19510.5,19517.5,19510.5,19515.0,29.506,575804.4485
2022-07-13 12:52:00,19515.0,19520.0,19515.0,19519.5,28.473,555762.7845
2022-07-13 12:53:00,19519.5,19523.0,19510.0,19522.5,69.643,1359244.277
2022-07-13 12:54:00,19522.5,19523.0,19495.0,19501.0,97.005,1892264.297
2022-07-13 12:55:00,19501.0,19504.5,19481.0,19495.5,169.74,3308701.2475
2022-07-13 12:56:00,19495.5,19502.5,19493.0,19502.5,215.766,4206822.3955
2022-07-13 12:57:00,19502.5,19502.5,19495.5,19495.5,28.263,551093.955
2022-07-13 12:58:00,19495.5,19500.5,19491.0,19498.0,182.463,3557332.3825
2022-07-13 12:59:00,19498.0,19510.0,19497.5,19507.0,55.206,1076858.1655
2022-07-13 13:00:00,19507.0,19507.5,19496.5,19496.5,30.24,589728.827
2022-07-13 13:01:00,19496.5,19510.0,19496.5,19509.5,66.744,1301999.9205
2022-07-13 13:02:00,19509.5,19521.0,19509.5,19520.5,85.764,1673886.223
2022-07-13 13:03:00,19520.5,19533.0,19520.5,19527.5,203.075,3965854.808
2022-07-13 13:04:00,19527.5,19528.0,19520.0,19520.5,29.108,568368.4175
2022-07-13 13:05:00,19520.5,19520.5,19510.0,19510.0,12.495,243869.766
2022-07-13 13:06:00,19510.0,19520.0,19510.0,19520.0,15.645,305343.898
2022-07-13 13:07:00,19520.0,19520.0,19510.5,19514.0,22.36,436347.473
2022-07-13 13:08:00,19514.0,19514.5,19489.0,19496.0,71.825,1400336.5345
2022-07-13 13:09:00,19496.0,19567.5,19495.5,19552.5,553.198,10810695.5415
2022-07-13 13:10:00,19552.5,19692.5,19540.0,19692.0,2875.916,56445826.033
2022-07-13 13:11:00,19692.0,19873.5,19622.0,19742.5,3981.362,78662820.893
2022-07-13 13:12:00,19742.5,19787.5,19699.0,19699.0,816.303,16114094.8095
2022-07-13 13:13:00,19699.0,19699.5,19668.0,19698.0,530.588,10444649.7805
2022-07-13 13:14:00,19698.0,19700.0,19657.0,19681.5,306.509,6031463.0055
2022-07-13 13:15:00,19681.5,19685.0,19644.5,19648.0,435.19,8555288.5815
2022-07-13 13:16:00,19648.0,19709.5,19632.5,19709.0,875.733,17219602.1315
2022-07-13 13:17:00,19709.0,19747.0,19704.5,19747.0,520.257,10262440.789
2022-07-13 13:18:00,19747.0,19766.0,19731.5,19748.5,432.222,8536651.573
2022-07-13 13:19:00,19748.5,19767.0,19725.5,19744.5,471.137,9300688.8495
2022-07-13 13:20:00,19744.5,19745.0,19714.5,19719.0,195.933,3864459.105
2022-07-13 13:21:00,19719.0,19721.5,19670.0,19677.0,288.383,5678828.8025
2022-07-13 13:22:00,19677.0,19692.0,19668.5,19685.0,159.89,3146343.98
2022-07-13 13:23:00,19685.0,19685.5,19667.0,19669.5,114.574,2253947.25
2022-07-13 13:24:00,19669.5,19694.5,19669.0,19692.5,156.095,3072290.0895
2022-07-13 13:25:00,19692.5,19718.0,19684.5,19718.0,160.649,3164703.257
2022-07-13 13:26:00,19718.0,19725.0,19690.0,19696.0,284.733,5613008.2995
2022-07-13 13:27:00,19696.0,19706.0,19689.5,19706.0,76.165,1500221.422
2022-07-13 13:28:00,19706.0,19724.0,19700.0,19718.0,127.398,2511965.8375
2022-07-13 13:29:00,19718.0,19718.0,19693.0,19699.0,51.508,1014692.524
2022-07-13 13:30:00,19699.0,19716.5,19698.5,19716.5,194.184,3826156.107
2022-07-13 13:31:00,19716.5,19751.5,19716.0,19743.5,279.777,5522300.8995
2022-07-13 13:32:00,19743.5,19774.0,19734.5,19735.5,323.7,6394628.0955
2022-07-13 13:33:00,19735.5,19740.0,19727.0,19737.5,152.679,3013051.866
2022-07-13 13:34:00,19737.5,19737.5,19729.0,19732.0,85.586,1688858.0485
2022-07-13 13:35:00,19732.0,19752.0,19722.0,19752.0,86.918,1715648.558
2022-07-13 13:36:00,19752.0,19752.0,19705.0,19705.5,175.94,3469346.855
2022-07-13 13:37:00,19705.5,19705.5,19687.0,19687.0,174.784,3442669.166
2022-07-13 13:38:00,19687.0,19687.5,19664.0,19665.5,179.77,3536980.5745
2022-07-13 13:39:00,19665.5,19703.0,19662.0,19688.5,254.087,5001063.992
2022-07-13 13:40:00,19688.5,19690.5,19670.0,19674.5,113.482,2233557.861
2022-07-13 13:41:00,19674.5,19689.5,19673.0,19677.0,70.696,1391189.927
2022-07-13 13:42:00,19677.0,19687.0,19675.0,19686.0,54.545,1073467.259
2022-07-13 13:43:00,19686.0,19686.0,19675.0,19680.0,51.25,1008639.923
2022-07-13 13:44:00,19680.0,19691.0,19672.0,19687.5,105.71,2081009.6905
2022-07-13 13:45:00,19687.5,19688.0,19670.0,19670.0,83.828,1649901.989
2022-07-13 13:46:00,19670.0,19680.0,19666.5,19679.5,77.494,1524510.4995
2022-07-13 13:47:00,19679.5,19693.5,19666.0,19692.0,87.432,1720289.3935
2022-07-13 13:48:00,19692.0,19692.0,19688.0,19690.5,58.643,1154709.697
2022-07-13 13:49:00,19690.5,19693.5,19678.5,19679.0,98.545,1940130.7395
2022-07-13 13:50:00,19679.0,19694.0,19674.0,19693.5,37.165,731433.5215
2022-07-13 13:51:00,19693.5,19698.0,19687.5,19697.5,46.928,924040.2195
2022-07-13 13:52:00,19697.5,19740.0,19697.5,19724.0,276.255,5446875.211
2022-07-13 13:53:00,19724.0,19750.0,19724.0,19727.5,280.428,5535045.8325
2022-07-13 13:54:00,19727.5,19745.0,19727.5,19736.0,122.331,2414727.1515
2022-07-13 13:55:00,19736.0,19742.5,19716.5,19722.5,166.833,3291951.6705
2022-07-13 13:56:00,19722.5,19764.0,19722.5,19764.0,176.958,3494195.944
2022-07-13 13:57:00,19764.0,19764.0,19748.0,19759.5,154.587,3054098.1705
2022-07-13 13:58:00,19759.5,19812.5,19759.5,19769.5,446.27,8831182.952
2022-07-13 13:59:00,19769.5,19808.5,19769.0,19786.0,208.016,4116153.256
2022-07-13 14:00:00,19786.0,19805.5,19772.0,19805.0,170.531,3374530.156
2022-07-13 14:01:00,19805.0,19817.0,19789.0,19807.0,169.074,3348941.7135
2022-07-13 14:02:00,19807.0,19807.0,19795.0,19797.5,114.87,2274806.489
2022-07-13 14:03:00,19797.5,19810.0,19787.5,19810.0,108.974,2157504.616
2022-07-13 14:04:00,19810.0,19850.0,19800.0,19817.0,356.285,7066132.733
2022-07-13 14:05:00,19817.0,19841.0,19801.5,19818.5,232.67,4610633.7135
2022-07-13 14:06:00,19818.5,19888.0,19818.0,19839.0,758.538,15062575.667
2022-07-13 14:07:00,19839.0,19870.5,19833.5,19866.5,441.416,8762064.709
2022-07-13 14:08:00,19866.5,19888.0,19840.0,19887.5,480.209,9539980.2255
2022-07-13 14:09:00,19887.5,19920.0,19850.0,19895.5,826.883,16451964.1
2022-07-13 14:10:00,19895.5,19914.0,19880.5,19883.5,438.439,8723150.6395
2022-07-13 14:11:00,19883.5,19884.0,19851.5,19851.5,302.135,6002618.3595
2022-07-13 14:12:00,19851.5,19865.5,19834.0,19841.5,494.618,9819775.868
2022-07-13 14:13:00,19841.5,19861.5,19836.0,19861.5,168.262,3339275.7165
2022-07-13 14:14:00,19861.5,19865.0,19856.5,19864.0,101.728,2020424.862
2022-07-13 14:15:00,19864.0,19901.5,19864.0,19880.5,248.649,4944429.5855
2022-07-13 14:16:00,19880.5,19880.5,19840.5,19850.0,158.455,3145754.679
2022-07-13 14:17:00,19850.0,19879.0,19847.0,19878.5,84.133,1671011.851
2022-07-13 14:18:00,19878.5,19882.5,19863.0,19868.5,73.765,1466033.8425
2022-07-13 14:19:00,19868.5,19868.5,19851.0,19851.5,95.898,1904413.268
2022-07-13 14:20:00,19851.5,19874.0,19849.5,19874.0,92.654,1839923.517
2022-07-13 14:21:00,19874.0,19880.0,19864.0,19874.5,90.436,1797033.1645
2022-07-13 14:22:00,19874.5,19876.5,19851.5,19851.5,65.882,1308551.8695
2022-07-13 14:23:00,19851.5,19865.0,19850.0,19862.0,63.702,1264955.82
2022-07-13 14:24:00,19862.0,19876.5,19861.5,19870.5,90.088,1790265.4325
2022-07-13 14:25:00,19870.5,19877.0,19840.0,19862.0,138.833,2756557.284
2022-07-13 14:26:00,19862.0,19862.0,19843.5,19843.5,102.626,2037507.132
2022-07-13 14:27:00,19843.5,19847.0,19824.5,19833.0,240.817,4776463.324
2022-07-13 14:28:00,19833.0,19845.5,19812.0,19838.0,270.666,5365317.859
2022-07-13 14:29:00,19838.0,19840.0,19828.5,19839.0,50.025,992293.6545
2022-07-13 14:30:00,19839.0,19856.0,19838.5,19855.0,93.696,1859622.946
2022-07-13 14:31:00,19855.0,19862.0,19850.0,19862.0,62.141,1234004.5215
2022-07-13 14:32:00,19862.0,19862.5,19843.0,19843.0,71.542,1420355.0605
2022-07-13 14:33:00,19843.0,19843.5,19826.5,19826.5,107.519,2132513.1775
2022-07-13 14:34:00,19826.5,19827.0,19820.0,19820.5,74.503,1476925.5915
2022-07-13 14:35:00,19820.5,19830.0,19818.5,19818.5,105.754,2096343.1985
2022-07-13 14:36:00,19818.5,19818.5,19789.5,19799.5,224.828,4452206.833
2022-07-13 14:37:00,19799.5,19827.5,19799.5,19827.5,126.105,2498948.018
2022-07-13 14:38:00,19827.5,19837.0,19825.5,19835.5,55.812,1106898.536
2022-07-13 14:39:00,19835.5,19856.5,19835.5,19855.0,199.552,3961460.699
2022-07-13 14:40:00,19855.0,19855.5,19838.0,19843.0,86.977,1725951.5735
2022-07-13 14:41:00,19843.0,19855.5,19842.5,19855.5,119.846,2378810.73
2022-07-13 14:42:00,19855.5,19870.5,19855.0,19859.5,110.924,2203562.9295
2022-07-13 14:43:00,19859.5,19866.0,19859.5,19861.0,49.656,986383.512
2022-07-13 14:44:00,19861.0,19870.0,19859.5,19869.5,63.282,1257238.6085
2022-07-13 14:45:00,19869.5,19870.0,19851.0,19851.0,116.671,2317495.593
2022-07-13 14:46:00,19851.0,19852.0,19842.0,19845.5,48.864,969864.125
2022-07-13 14:47:00,19845.5,19865.0,19844.0,19865.0,19.47,386542.8275
2022-07-13 14:48:00,19865.0,19865.5,19851.5,19851.5,88.561,1758740.5835
2022-07-13 14:49:00,19851.5,19855.5,19846.5,19855.0,51.583,1023890.808
2022-07-13 14:50:00,19855.0,19863.5,19855.0,19860.0,49.213,977365.5605
2022-07-13 14:51:00,19860.0,19860.5,19848.0,19849.5,38.664,767622.6995
2022-07-13 14:52:00,19849.5,19860.0,19849.0,19859.5,60.181,1194856.7875
2022-07-13 14:53:00,19859.5,19859.5,19855.5,19855.5,39.522,784863.608
2022-07-13 14:54:00,19855.5,19859.5,19851.0,19859.5,34.111,677209.091
2022-07-13 14:55:00,19859.5,19860.0,19856.0,19858.0,19.882,394812.9545
2022-07-13 14:56:00,19858.0,19875.0,19855.0,19872.5,84.131,1671189.5655
2022-07-13 14:57:00,19872.5,19874.5,19867.0,19867.5,135.949,2701489.864
2022-07-13 14:58:00,19867.5,19887.0,19867.0,19887.0,130.632,2596829.781
2022-07-13 14:59:00,19887.0,19887.0,19879.0,19879.5,79.623,1583070.8905
2022-07-13 15:00:00,19879.5,19886.0,19858.0,19858.5,108.263,2151572.199
2022-07-13 15:01:00,19858.5,19862.0,19840.0,19840.5,90.965,1805957.481
2022-07-13 15:02:00,19840.5,19844.0,19829.0,19829.5,90.731,1799791.47
2022-07-13 15:03:00,19829.5,19840.0,19827.0,19831.0,52.582,1042905.3325
2022-07-13 15:04:00,19831.0,19831.5,19813.5,19814.0,103.712,2055503.3925
2022-07-13 15:05:00,19814.0,19819.5,19795.5,19807.0,185.575,3675670.5895
2022-07-13 15:06:00,19807.0,19832.5,19803.5,19813.5,209.886,4160434.7825
2022-07-13 15:07:00,19813.5,19825.0,19813.5,19820.5,68.829,1364088.3215
2022-07-13 15:08:00,19820.5,19830.0,19818.0,19824.0,61.1,1211456.4545
2022-07-13 15:09:00,19824.0,19828.0,19815.0,19815.0,34.545,684713.4765
2022-07-13 15:10:00,19815.0,19815.5,19802.5,19802.5,81.315,1611050.406
2022-07-13 15:11:00,19802.5,19803.0,19797.0,19797.0,82.558,1634545.828
2022-07-13 15:12:00,19797.0,19797.5,19770.5,19780.0,311.403,6159335.665
2022-07-13 15:13:00,19780.0,19794.0,19778.0,19778.0,129.456,2561432.326
2022-07-13 15:14:00,19778.0,19790.0,19778.0,19779.5,156.084,3088283.3965
2022-07-13 15:15:00,19779.5,19783.5,19779.0,19779.5,56.597,1119581.165
2022-07-13 15:16:00,19779.5,19779.5,19766.5,19767.0,153.504,3035229.728
2022-07-13 15:17:00,19767.0,19777.5,19760.0,19770.0,163.913,3239894.768
2022-07-13 15:18:00,19770.0,19800.0,19770.0,19795.0,139.817,2767158.9655
2022-07-13 15:19:00,19795.0,19796.5,19789.0,19792.0,109.795,2173259.929
2022-07-13 15:20:00,19792.0,19798.5,19791.5,19796.5,38.829,768603.7845
2022-07-13 15:21:00,19796.5,19800.0,19796.0,19799.0,55.94,1107577.926
2022-07-13 15:22:00,19799.0,19799.0,19785.5,19786.0,137.058,2712363.251
2022-07-13 15:23:00,19786.0,19800.0,19785.5,19786.0,64.464,1275951.814
2022-07-13 15:24:00,19786.0,19793.0,19785.5,19792.5,36.042,713129.93
2022-07-13 15:25:00,19792.5,19793.0,19792.5,19793.0,29.942,592638.561
2022-07-13 15:26:00,19793.0,19795.0,19790.0,19790.0,82.934,1641518.4565
2022-07-13 15:27:00,19790.0,19790.5,19775.5,19778.5,76.743,1518144.918
2022-07-13 15:28:00,19778.5,19796.5,19778.5,19795.5,60.416,1195469.1825
2022-07-13 15:29:00,19795.5,19797.5,19793.0,19795.5,60.844,1204507.1575
2022-07-13 15:30:00,19795.5,19805.0,19794.0,19802.0,117.624,2329149.621
2022-07-13 15:31:00,19802.0,19802.0,19786.0,19786.5,72.419,1433604.4325
2022-07-13 15:32:00,19786.5,19791.0,19779.5,19779.5,92.613,1832260.435
2022-07-13 15:33:00,19779.5,19780.0,19772.0,19772.5,42.313,836680.249
2022-07-13 15:34:00,19772.5,19775.0,19733.0,19751.0,376.708,7439309.9645
2022-07-13 15:35:00,19751.0,19752.0,19738.5,19740.0,239.22,4723452.93
2022-07-13 15:36:00,19740.0,19767.0,19739.5,19765.0,139.713,2759412.0585
2022-07-13 15:37:00,19765.0,19767.0,19755.0,19757.5,88.454,1747877.007
2022-07-13 15:38:00,19757.5,19773.5,19757.0,19773.0,54.384,1074824.1525
2022-07-13 15:39:00,19773.0,19780.0,19769.5,19775.5,97.694,1931958.2075
2022-07-13 15:40:00,19775.5,19780.0,19762.5,19773.0,104.915,2074625.473
2022-07-13 15:41:00,19773.0,19773.5,19765.5,19766.5,32.095,634485.145
2022-07-13 15:42:00,19766.5,19769.5,19762.0,19769.0,70.218,1387963.5355
2022-07-13 15:43:00,19769.0,19789.5,19769.0,19784.5,105.41,2085337.817
2022-07-13 15:44:00,19784.5,19784.5,19773.0,19773.0,17.454,345177.9775
2022-07-13 15:45:00,19773.0,19783.5,19773.0,19778.5,47.523,939963.3945
2022-07-13 15:46:00,19778.5,19778.5,19774.0,19774.5,19.65,388620.858
2022-07-13 15:47:00,19774.5,19775.0,19762.5,19764.5,22.001,434894.003
2022-07-13 15:48:00,19764.5,19773.0,19764.5,19771.5,22.11,437086.8445
2022-07-13 15:49:00,19771.5,19771.5,19765.5,19765.5,40.611,802793.815
2022-07-13 15:50:00,19765.5,19766.0,19757.0,19758.0,24.246,479122.4635
2022-07-13 15:51:00,19758.0,19758.0,19751.0,19753.0,35.745,706108.1445
2022-07-13 15:52:00,19753.0,19753.5,19750.0,19750.5,36.776,726354.7265
2022-07-13 15:53:00,19750.5,19755.5,19750.0,19755.0,44.638,881805.8905
2022-07-13 15:54:00,19755.0,19768.0,19755.0,19758.5,82.148,1623518.455
2022-07-13 15:55:00,19758.5,19770.0,19758.0,19770.0,26.059,515035.507
2022-07-13 15:56:00,19770.0,19775.0,19743.5,19743.5,175.286,3463723.1605
2022-07-13 15:57:00,19743.5,19747.0,19720.0,19725.0,289.833,5719357.52
2022-07-13 15:58:00,19725.0,19742.5,19725.0,19730.0,79.157,1562152.1165
2022-07-13 15:59:00,19730.0,19745.0,19729.5,19735.0,36.73,725045.0595
2022-07-13 16:00:00,19735.0,19735.0,19715.5,19719.0,128.599,2536166.036
2022-07-13 16:01:00,19719.0,19722.5,19717.0,19717.0,113.49,2238093.338
2022-07-13 16:02:00,19717.0,19717.0,19707.0,19710.0,233.338,4599597.2225
2022-07-13 16:03:00,19710.0,19717.0,19691.5,19715.0,297.261,5856827.0455
2022-07-13 16:04:00,19715.0,19734.5,19711.0,19729.0,115.403,2276118.8635
2022-07-13 16:05:00,19729.0,19739.0,19729.0,19738.5,75.997,1499802.5075
2022-07-13 16:06:00,19738.5,19740.0,19731.5,19736.5,67.417,1330696.7415
2022-07-13 16:07:00,19736.5,19740.0,19735.0,19739.0,39.102,771773.3115
2022-07-13 16:08:00,19739.0,19759.5,19738.5,19757.5,191.891,3790614.811
2022-07-13 16:09:00,19757.5,19764.5,19757.5,19764.0,79.509,1571240.6955
2022-07-13 16:10:00,19764.0,19783.0,19750.0,19783.0,164.952,3260354.5025
2022-07-13 16:11:00,19783.0,19785.0,19768.5,19769.0,99.431,1966763.6695
2022-07-13 16:12:00,19769.0,19787.0,19768.5,19786.5,184.097,3641652.1055
2022-07-13 16:13:00,19786.5,19798.0,19778.0,19778.5,177.605,3514801.272
2022-07-13 16:14:00,19778.5,19789.0,19773.5,19774.0,72.325,1430557.7595
2022-07-13 16:15:00,19774.0,19785.0,19773.5,19785.0,161.01,3184647.5985
2022-07-13 16:16:00,19785.0,19785.0,19770.0,19770.0,50.822,1004961.7175
2022-07-13 16:17:00,19770.0,19771.0,19767.0,19769.0,53.804,1063650.169
2022-07-13 16:18:00,19769.0,19770.0,19760.5,19769.5,52.403,1035736.144
2022-07-13 16:19:00,19769.5,19772.0,19763.0,19763.0,59.36,1173498.5685
2022-07-13 16:20:00,19763.0,19771.0,19759.5,19771.0,50.658,1001352.127
2022-07-13 16:21:00,19771.0,19772.0,19763.0,19763.5,16.473,325654.385
2022-07-13 16:22:00,19763.5,19768.0,19748.0,19753.5,111.997,2212455.258
2022-07-13 16:23:00,19753.5,19766.0,19753.5,19765.5,75.017,1482371.908
2022-07-13 16:24:00,19765.5,19770.0,19762.0,19769.5,34.842,688646.176
2022-07-13 16:25:00,19769.5,19769.5,19762.0,19765.0,13.585,268519.76
2022-07-13 16:26:00,19765.0,19775.0,19765.0,19774.5,44.571,881265.3525
2022-07-13 16:27:00,19774.5,19775.0,19773.0,19773.5,26.21,518295.432
2022-07-13 16:28:00,19773.5,19777.0,19772.0,19776.5,28.907,571642.1135
2022-07-13 16:29:00,19776.5,19783.0,19776.5,19780.0,84.839,1678029.157
2022-07-13 16:30:00,19780.0,19780.0,19771.5,19778.0,69.879,1381810.058
2022-07-13 16:31:00,19778.0,19778.0,19777.5,19778.0,13.99,276690.196
2022-07-13 16:32:00,19778.0,19778.0,19768.0,19768.0,53.726,1062382.3125
2022-07-13 16:33:00,19768.0,19768.5,19768.0,19768.0,8.678,171547.708
2022-07-13 16:34:00,19768.0,19768.5,19765.5,19765.5,58.431,1154943.073
2022-07-13 16:35:00,19765.5,19766.0,19761.0,19761.5,80.311,1587229.5345
2022-07-13 16:36:00,19761.5,19762.0,19754.0,19761.5,56.954,1125298.8875
2022-07-13 16:37:00,19761.5,19775.0,19761.5,19774.5,29.671,586555.7715
2022-07-13 16:38:00,19774.5,19798.0,19774.5,19798.0,113.837,2252982.5905
2022-07-13 16:39:00,19798.0,19836.5,19797.5,19799.0,491.796,9743772.9775
2022-07-13 16:40:00,19799.0,19820.5,19799.0,19816.5,102.687,2034375.804
2022-07-13 16:41:00,19816.5,19816.5,19801.0,19806.5,43.214,855998.5265
2022-07-13 16:42:00,19806.5,19812.5,19800.0,19805.0,42.678,845265.324
2022-07-13 16:43:00,19805.0,19805.5,19800.0,19800.0,39.994,792014.5955
2022-07-13 16:44:00,19800.0,19800.5,19793.0,19796.0,21.888,433309.7555
2022-07-13 16:45:00,19796.0,19796.5,19773.5,19785.5,111.525,2206792.1415
2022-07-13 16:46:00,19785.5,19786.0,19770.5,19780.0,53.759,1063391.83
2022-07-13 16:47:00,19780.0,19789.5,19779.5,19789.5,24.251,479739.07
2022-07-13 16:48:00,19789.5,19792.0,19789.0,19791.5,21.383,423193.2015
2022-07-13 16:49:00,19791.5,19795.0,19779.0,19781.5,45.12,892644.272
2022-07-13 16:50:00,19781.5,19789.0,19781.0,19789.0,25.663,507671.962
2022-07-13 16:51:00,19789.0,19790.0,19788.5,19789.5,35.872,709885.1105
2022-07-13 16:52:00,19789.5,19805.0,19789.5,19804.5,156.733,3103183.379
2022-07-13 16:53:00,19804.5,19805.0,19790.5,19791.0,69.89,1383889.357
2022-07-13 16:54:00,19791.0,19791.0,19756.0,19756.0,133.215,2633460.2165
2022-07-13 16:55:00,19756.0,19779.5,19756.0,19770.5,83.659,1653392.2295
2022-07-13 16:56:00,19770.5,19776.5,19759.0,19776.5,39.307,776980.422
2022-07-13 16:57:00,19776.5,19793.5,19771.0,19793.0,119.159,2357160.0185
2022-07-13 16:58:00,19793.0,19795.0,19782.5,19795.0,39.555,782854.004
2022-07-13 16:59:00,19795.0,19806.0,19789.0,19795.5,126.815,2510789.784
2022-07-13 17:00:00,19795.5,19796.0,19792.5,19796.0,39.347,778823.484
2022-07-13 17:01:00,19796.0,19806.5,19790.0,19790.0,67.077,1328285.435
2022-07-13 17:02:00,19790.0,19804.0,19783.0,19802.0,59.854,1184873.9825
2022-07-13 17:03:00,19802.0,19802.5,19802.0,19802.5,21.088,417592.6385
2022-07-13 17:04:00,19802.5,19811.0,19800.5,19802.5,62.11,1230212.073
2022-07-13 17:05:00,19802.5,19818.0,19801.0,19818.0,68.657,1360090.2015
2022-07-13 17:06:00,19818.0,19822.0,19816.5,19821.0,84.417,1672941.0535
2022-07-13 17:07:00,19821.0,19821.5,19807.5,19810.5,48.164,954273.397
2022-07-13 17:08:00,19810.5,19856.5,19810.0,19841.0,385.88,7656449.741
2022-07-13 17:09:00,19841.0,19853.5,19834.0,19844.5,152.47,3025832.4695
2022-07-13 17:10:00,19844.5,19848.0,19829.5,19832.0,145.305,2882763.7295
2022-07-13 17:11:00,19832.0,19836.0,19824.0,19824.5,41.517,823308.6825
2022-07-13 17:12:00,19824.5,19826.0,19822.0,19822.5,32.606,646383.334
2022-07-13 17:13:00,19822.5,19823.5,19809.5,19823.0,54.894,1087761.8895
2022-07-13 17:14:00,19823.0,19823.5,19814.0,19822.0,49.008,971221.8325
2022-07-13 17:15:00,19822.0,19822.0,19804.5,19804.5,50.122,992972.3675
2022-07-13 17:16:00,19804.5,19823.0,19804.5,19822.5,76.973,1525058.4865
2022-07-13 17:17:00,19822.5,19884.5,19822.0,19845.0,500.511,9940913.6795
2022-07-13 17:18:00,19845.0,19845.5,19827.0,19827.0,157.934,3132402.2225
2022-07-13 17:19:00,19827.0,19846.0,19818.5,19841.0,79.157,1569618.4475
2022-07-13 17:20:00,19841.0,19841.5,19826.0,19826.0,28.017,555573.05
2022-07-13 17:21:00,19826.0,19833.5,19814.5,19820.5,66.735,1322846.019
2022-07-13 17:22:00,19820.5,19820.5,19806.5,19809.5,59.581,1180248.4385
2022-07-13 17:23:00,19809.5,19809.5,19806.5,19806.5,49.996,990358.267
2022-07-13 17:24:00,19806.5,19807.0,19782.0,19797.0,218.807,4330590.3065
2022-07-13 17:25:00,19797.0,19828.5,19792.0,19828.5,98.1,1943209.5865
2022-07-13 17:26:00,19828.5,19828.5,19813.5,19818.0,36.032,714137.9775
2022-07-13 17:27:00,19818.0,19840.0,19817.5,19836.5,65.703,1302884.7775
2022-07-13 17:28:00,19836.5,19836.5,19825.5,19832.5,64.359,1276351.224
2022-07-13 17:29:00,19832.5,19836.5,19827.5,19831.0,72.431,1436365.272
2022-07-13 17:30:00,19831.0,19836.0,19820.0,19836.0,70.42,1396076.9045
2022-07-13 17:31:00,19836.0,19836.0,19816.5,19817.5,77.263,1531983.8375
2022-07-13 17:32:00,19817.5,19820.0,19809.0,19809.5,72.632,1439089.072
2022-07-13 17:33:00,19809.5,19854.0,19807.0,19845.5,116.596,2313195.0085
2022-07-13 17:34:00,19845.5,19858.0,19841.0,19858.0,130.652,2593327.2855
2022-07-13 17:35:00,19858.0,19858.0,19838.0,19840.0,110.17,2186822.3415
2022-07-13 17:36:00,19840.0,19848.0,19827.0,19828.5,98.228,1948641.1125
2022-07-13 17:37:00,19828.5,19841.5,19824.0,19824.0,106.302,2108239.1815
2022-07-13 17:38:00,19824.0,19850.5,19824.0,19832.5,87.057,1726955.3785
2022-07-13 17:39:00,19832.5,19839.5,19832.0,19837.0,23.725,470650.494
2022-07-13 17:40:00,19837.0,19840.0,19828.0,19835.0,59.662,1183234.9105
2022-07-13 17:41:00,19835.0,19835.5,19815.0,19815.0,79.393,1573691.523
2022-07-13 17:42:00,19815.0,19815.5,19788.5,19789.0,139.586,2763663.0175
2022-07-13 17:43:00,19789.0,19789.0,19729.5,19738.5,614.029,12129487.698
2022-07-13 17:44:00,19738.5,19744.5,19718.0,19739.5,548.915,10829624.568
2022-07-13 17:45:00,19739.5,19741.5,19675.0,19702.0,897.95,17685045.533
2022-07-13 17:46:00,19702.0,19704.5,19678.0,19679.5,285.925,5629496.221
2022-07-13 17:47:00,19679.5,19708.0,19678.0,19704.0,335.338,6603928.555
2022-07-13 17:48:00,19704.0,19718.0,19696.0,19706.0,189.46,3733370.457
2022-07-13 17:49:00,19706.0,19734.0,19696.5,19734.0,194.829,3840763.9505
2022-07-13 17:50:00,19734.0,19783.0,19733.5,19757.0,518.879,10255609.317
2022-07-13 17:51:00,19757.0,19778.5,19752.5,19770.5,136.237,2692945.6395
2022-07-13 17:52:00,19770.5,19770.5,19751.0,19760.0,113.003,2233100.191
2022-07-13 17:53:00,19760.0,19849.0,19759.5,19804.0,460.355,9116778.5025
2022-07-13 17:54:00,19804.0,19880.0,19803.5,19857.0,654.256,12987582.2025
2022-07-13 17:55:00,19857.0,20193.0,19853.0,20031.5,5309.74,106324656.308
2022-07-13 17:56:00,20031.5,20079.5,19898.5,19944.5,1590.015,31756235.3815
2022-07-13 17:57:00,19944.5,19952.5,19880.0,19912.0,652.355,12994838.34
2022-07-13 17:58:00,19912.0,19912.5,19822.0,19890.0,1348.608,26789202.9425
2022-07-13 17:59:00,19890.0,20051.5,19885.5,20050.0,1410.976,28174353.5105
2022-07-13 18:00:00,20050.0,20051.5,19443.0,19603.0,9802.349,192802301.796
2022-07-13 18:01:00,19603.0,19604.5,19300.0,19474.0,5533.326,107606370.8365
2022-07-13 18:02:00,19474.0,19505.5,19415.0,19442.0,1721.333,33492838.8325
2022-07-13 18:03:00,19442.0,19468.0,19312.5,19422.0,3047.123,59048259.14
2022-07-13 18:04:00,19422.0,19480.0,19385.0,19406.0,1432.855,27846480.328
2022-07-13 18:05:00,19406.0,19435.5,19350.0,19387.5,1422.046,27573885.0725
2022-07-13 18:06:00,19387.5,19400.0,19327.5,19350.5,1149.665,22265171.912
2022-07-13 18:07:00,19350.5,19380.0,19310.0,19379.5,908.967,17581403.264
2022-07-13 18:08:00,19379.5,19380.0,19261.0,19277.0,1578.057,30487915.4575
2022-07-13 18:09:00,19277.0,19340.0,18986.0,19028.0,5272.488,101070288.7085
2022-07-13 18:10:00,19028.0,19140.5,18987.5,19017.0,3344.25,63727474.8685
2022-07-13 18:11:00,19017.0,19050.0,18940.0,19015.0,2771.307,52643222.856
2022-07-13 18:12:00,19015.0,19031.5,18867.5,18989.0,2694.303,51015840.601
2022-07-13 18:13:00,18989.0,19196.0,18960.0,19135.5,2818.64,53808900.843
2022-07-13 18:14:00,19135.5,19144.5,19060.0,19143.5,1112.993,21260442.2155
2022-07-13 18:15:00,19143.5,19144.0,19070.0,19079.5,989.33,18892105.6695
2022-07-13 18:16:00,19079.5,19180.5,19053.5,19171.0,1276.489,24419291.7295
2022-07-13 18:17:00,19171.0,19220.0,19114.0,19124.0,1381.318,26479615.0025
2022-07-13 18:18:00,19124.0,19179.5,19111.5,19172.5,484.078,9267194.706
2022-07-13 18:19:00,19172.5,19248.0,19154.0,19241.0,1375.334,26409294.8995
2022-07-13 18:20:00,19241.0,19241.0,19150.0,19185.0,961.482,18445029.3735
2022-07-13 18:21:00,19185.0,19190.0,19118.0,19118.0,603.389,11557853.8075
2022-07-13 18:22:00,19118.0,19166.0,19110.5,19153.0,507.376,9710769.6545
2022-07-13 18:23:00,19153.0,19157.0,19120.5,19126.0,349.993,6697004.7835
2022-07-13 18:24:00,19126.0,19126.5,19090.0,19110.0,519.611,9928809.6955
2022-07-13 18:25:00,19110.0,19110.0,19035.5,19039.5,864.877,16485641.1
2022-07-13 18:26:00,19039.5,19109.0,19039.5,19107.0,697.249,13303048.199
2022-07-13 18:27:00,19107.0,19109.0,19080.0,19102.0,315.2,6019621.254
2022-07-13 18:28:00,19102.0,19147.5,19100.0,19144.5,332.738,6363027.9545
2022-07-13 18:29:00,19144.5,19190.5,19130.0,19159.5,734.558,14074364.51
2022-07-13 18:30:00,19159.5,19160.0,19113.5,19137.0,469.39,8982526.6575
2022-07-13 18:31:00,19137.0,19203.5,19135.5,19203.0,464.504,8904751.824
2022-07-13 18:32:00,19203.0,19238.5,19177.0,19209.5,714.642,13723380.91
2022-07-13 18:33:00,19209.5,19215.5,19181.5,19200.0,357.648,6864856.1
2022-07-13 18:34:00,19200.0,19218.5,19191.5,19198.0,535.394,10280910.1485
2022-07-13 18:35:00,19198.0,19219.0,19180.0,19219.0,328.002,6298214.905
2022-07-13 18:36:00,19219.0,19220.0,19173.5,19176.0,228.991,4396949.0205
2022-07-13 18:37:00,19176.0,19179.0,19144.0,19175.5,351.295,6733371.756
2022-07-13 18:38:00,19175.5,19199.0,19169.5,19184.5,171.419,3288852.915
2022-07-13 18:39:00,19184.5,19197.0,19178.5,19181.0,197.133,3782234.0355
2022-07-13 18:40:00,19181.0,19213.0,19155.0,19205.5,422.421,8101996.8485
2022-07-13 18:41:00,19205.5,19205.5,19157.5,19167.0,284.139,5448520.982
2022-07-13 18:42:00,19167.0,19178.5,19159.0,19161.5,149.692,2869438.1935
2022-07-13 18:43:00,19161.5,19193.5,19160.0,19186.0,177.803,3410261.6615
2022-07-13 18:44:00,19186.0,19190.0,19163.0,19163.5,160.414,3076410.6205
2022-07-13 18:45:00,19163.5,19187.0,19156.5,19157.0,175.668,3367731.818
2022-07-13 18:46:00,19157.0,19165.0,19151.0,19155.0,124.59,2386447.4345
2022-07-13 18:47:00,19155.0,19155.0,19100.0,19103.5,607.077,11610661.211
2022-07-13 18:48:00,19103.5,19104.5,19088.0,19089.0,400.803,7653472.3115
2022-07-13 18:49:00,19089.0,19132.0,19076.5,19081.5,507.908,9702023.5185
2022-07-13 18:50:00,19081.5,19097.5,19050.0,19071.0,488.195,9313638.1695
2022-07-13 18:51:00,19071.0,19100.0,19071.0,19084.5,274.471,5238126.614
2022-07-13 18:52:00,19084.5,19090.0,19051.0,19055.5,264.412,5040259.202
2022-07-13 18:53:00,19055.5,19074.0,19050.0,19065.0,164.762,3140893.4595
2022-07-13 18:54:00,19065.0,19089.0,19063.5,19084.5,295.095,5629822.802
2022-07-13 18:55:00,19084.5,19099.0,19075.5,19075.5,183.864,3509909.586
2022-07-13 18:56:00,19075.5,19115.5,19070.0,19100.5,294.403,5622695.7175
2022-07-13 18:57:00,19100.5,19105.0,19069.0,19073.0,278.929,5324030.5165
2022-07-13 18:58:00,19073.0,19076.5,18988.0,19017.0,875.339,16656432.0775
2022-07-13 18:59:00,19017.0,19037.0,18975.0,19029.0,826.2,15695632.2375
2022-07-13 19:00:00,19029.0,19035.5,18980.0,18991.5,766.325,14559044.0045
2022-07-13 19:01:00,18991.5,19011.0,18927.0,18945.0,1101.195,20893019.4665
2022-07-13 19:02:00,18945.0,18999.0,18931.0,18940.0,608.196,11528702.681
2022-07-13 19:03:00,18940.0,19082.5,18932.0,19048.0,1022.909,19450777.044
2022-07-13 19:04:00,19048.0,19093.0,19017.0,19065.0,846.708,16137339.3235
2022-07-13 19:05:00,19065.0,19075.0,19015.0,19060.0,493.07,9387514.741
2022-07-13 19:06:00,19060.0,19153.0,19047.0,19152.5,892.224,17050644.762
2022-07-13 19:07:00,19152.5,19159.5,19119.0,19136.0,535.722,10252892.5175
2022-07-13 19:08:00,19136.0,19177.5,19095.0,19177.5,751.043,14382470.6365
2022-07-13 19:09:00,19177.5,19321.0,19164.5,19251.5,2177.803,41888669.2445
2022-07-13 19:10:00,19251.5,19349.0,19239.0,19263.0,1757.593,33914680.286
2022-07-13 19:11:00,19263.0,19271.0,19203.5,19222.5,830.56,15970268.733
2022-07-13 19:12:00,19222.5,19270.0,19212.5,19236.0,614.005,11814189.464
2022-07-13 19:13:00,19236.0,19267.5,19212.5,19219.5,332.141,6389711.956
2022-07-13 19:14:00,19219.5,19220.0,19184.5,19196.0,368.105,7068176.7455
2022-07-13 19:15:00,19196.0,19231.0,19177.5,19178.0,485.278,9318148.258
2022-07-13 19:16:00,19178.0,19192.0,19137.0,19169.0,562.762,10782014.407
2022-07-13 19:17:00,19169.0,19215.0,19169.0,19205.0,349.39,6708073.5735
2022-07-13 19:18:00,19205.0,19242.5,19193.5,19241.5,310.589,5969983.0825
2022-07-13 19:19:00,19241.5,19327.5,19233.5,19299.5,843.333,16264836.617
2022-07-13 19:20:00,19299.5,19320.0,19261.0,19271.5,602.931,11627995.7395
2022-07-13 19:21:00,19271.5,19310.0,19261.5,19296.5,420.817,8114689.6525
2022-07-13 19:22:00,19296.5,19301.0,19279.0,19290.0,271.835,5243241.5715
2022-07-13 19:23:00,19290.0,19314.0,19282.0,19294.0,223.59,4315261.3515
2022-07-13 19:24:00,19294.0,19300.5,19268.0,19279.5,188.977,3643336.8925
2022-07-13 19:25:00,19279.5,19280.0,19230.0,19245.5,284.231,5471162.416
2022-07-13 19:26:00,19245.5,19265.0,19242.5,19264.5,175.908,3386985.0225
2022-07-13 19:27:00,19264.5,19284.0,19238.0,19238.5,256.778,4946705.366
2022-07-13 19:28:00,19238.5,19285.5,19232.0,19280.0,217.694,4194259.044
2022-07-13 19:29:00,19280.0,19300.0,19267.5,19279.0,363.714,7015800.739
2022-07-13 19:30:00,19279.0,19279.0,19230.0,19232.0,321.32,6182665.358
2022-07-13 19:31:00,19232.0,19274.0,19230.5,19270.5,204.7,3940945.4035
2022-07-13 19:32:00,19270.5,19310.0,19254.5,19296.5,441.126,8505906.1335
2022-07-13 19:33:00,19296.5,19317.0,19292.5,19300.0,320.385,6185661.064
2022-07-13 19:34:00,19300.0,19324.0,19297.0,19315.0,314.268,6069677.3205
2022-07-13 19:35:00,19315.0,19390.5,19306.0,19365.0,1160.736,22469875.971
2022-07-13 19:36:00,19365.0,19365.5,19270.0,19272.5,680.574,13147195.4845
2022-07-13 19:37:00,19272.5,19300.0,19270.5,19282.0,235.047,4532935.893
2022-07-13 19:38:00,19282.0,19282.0,19252.5,19261.0,254.808,4908311.9715
2022-07-13 19:39:00,19261.0,19287.0,19240.0,19258.0,303.615,5847573.4585
2022-07-13 19:40:00,19258.0,19262.0,19250.0,19250.5,146.104,2813414.368
2022-07-13 19:41:00,19250.5,19285.0,19247.0,19273.0,269.693,5196137.7495
2022-07-13 19:42:00,19273.0,19289.5,19255.5,19278.5,148.295,2857574.595
2022-07-13 19:43:00,19278.5,19300.0,19275.5,19284.5,138.827,2677890.5535
2022-07-13 19:44:00,19284.5,19299.5,19267.5,19292.0,57.817,1114988.0075
2022-07-13 19:45:00,19292.0,19309.5,19272.5,19277.0,144.902,2796663.982
2022-07-13 19:46:00,19277.0,19282.0,19260.0,19261.0,203.55,3922385.029
2022-07-13 19:47:00,19261.0,19284.0,19261.0,19261.5,56.597,1090552.3985
2022-07-13 19:48:00,19261.5,19262.0,19229.0,19246.0,238.614,4592127.781
2022-07-13 19:49:00,19246.0,19256.0,19229.0,19229.5,89.203,1716427.4995
2022-07-13 19:50:00,19229.5,19229.5,19185.0,19207.0,578.203,11104677.4835
2022-07-13 19:51:00,19207.0,19237.0,19205.0,19232.0,207.732,3992788.89
2022-07-13 19:52:00,19232.0,19242.0,19223.0,19232.5,165.264,3178528.5335
2022-07-13 19:53:00,19232.5,19245.5,19211.5,19212.0,99.626,1916126.8285
2022-07-13 19:54:00,19212.0,19220.5,19182.0,19205.0,314.272,6034748.8065
2022-07-13 19:55:00,19205.0,19223.0,19194.0,19223.0,135.092,2594767.2895
2022-07-13 19:56:00,19223.0,19274.0,19222.5,19242.5,268.043,5161136.941
2022-07-13 19:57:00,19242.5,19251.5,19221.0,19239.5,202.14,3887439.8645
2022-07-13 19:58:00,19239.5,19248.0,19233.5,19240.5,74.752,1438404.4425
2022-07-13 19:59:00,19240.5,19248.0,19229.5,19237.0,86.301,1660379.6375
2022-07-13 20:00:00,19237.0,19250.0,19215.5,19224.5,108.29,2082423.337
2022-07-13 20:01:00,19224.5,19274.0,19217.0,19273.5,399.731,7697666.69
2022-07-13 20:02:00,19273.5,19341.5,19270.5,19320.0,562.929,10870977.679
2022-07-13 20:03:00,19320.0,19357.0,19318.0,19349.5,325.122,6285221.7355
2022-07-13 20:04:00,19349.5,19377.0,19337.0,19374.5,403.343,7807522.9625
2022-07-13 20:05:00,19374.5,19466.0,19374.5,19406.0,2158.105,41913124.4015
2022-07-13 20:06:00,19406.0,19409.5,19363.0,19363.0,373.948,7251417.2365
2022-07-13 20:07:00,19363.0,19380.5,19360.0,19376.5,321.245,6222231.608
2022-07-13 20:08:00,19376.5,19398.0,19364.0,19364.5,205.065,3974905.195
2022-07-13 20:09:00,19364.5,19388.0,19363.0,19387.5,159.856,3097491.606
2022-07-13 20:10:00,19387.5,19429.0,19384.5,19419.5,299.428,5812614.118
2022-07-13 20:11:00,19419.5,19420.0,19390.0,19415.5,218.902,4248124.66
2022-07-13 20:12:00,19415.5,19466.0,19409.5,19440.0,470.172,9140218.7525
2022-07-13 20:13:00,19440.0,19480.0,19414.0,19470.5,441.991,8597080.905
2022-07-13 20:14:00,19470.5,19572.0,19460.0,19534.5,2003.201,39083490.045
2022-07-13 20:15:00,19534.5,19576.5,19492.0,19554.0,1024.749,20015194.6145
2022-07-13 20:16:00,19554.0,19555.0,19486.0,19503.5,642.231,12532919.9765
2022-07-13 20:17:00,19503.5,19562.0,19495.0,19546.0,781.957,15276249.6825
2022-07-13 20:18:00,19546.0,19663.0,19538.5,19612.5,2173.386,42636501.238
2022-07-13 20:19:00,19612.5,19613.0,19562.5,19591.0,620.572,12157893.2695
2022-07-13 20:20:00,19591.0,19618.5,19578.5,19600.0,394.831,7737582.884
2022-07-13 20:21:00,19600.0,19672.0,19594.5,19654.5,739.545,14522191.383
2022-07-13 20:22:00,19654.5,19655.0,19601.0,19601.0,359.175,7049876.43
2022-07-13 20:23:00,19601.0,19605.0,19571.0,19571.5,512.88,10047826.333
2022-07-13 20:24:00,19571.5,19584.0,19541.0,19571.5,591.459,11568971.1255
2022-07-13 20:25:00,19571.5,19600.0,19571.0,19580.0,302.452,5923911.599
2022-07-13 20:26:00,19580.0,19594.0,19568.0,19582.5,240.048,4701033.578
2022-07-13 20:27:00,19582.5,19589.5,19580.0,19585.0,115.009,2252399.367
2022-07-13 20:28:00,19585.0,19585.5,19574.0,19578.5,152.733,2990511.6005
2022-07-13 20:29:00,19578.5,19583.0,19558.0,19561.5,182.503,3571036.334
2022-07-13 20:30:00,19561.5,19572.0,19550.5,19570.0,247.387,4839596.72
2022-07-13 20:31:00,19570.0,19570.5,19528.5,19528.5,232.005,4534723.6215
2022-07-13 20:32:00,19528.5,19594.5,19528.5,19574.0,303.388,5934293.0085
2022-07-13 20:33:00,19574.0,19610.0,19574.0,19600.0,397.409,7787679.8165
2022-07-13 20:34:00,19600.0,19603.0,19575.5,19581.0,183.312,3590505.091
2022-07-13 20:35:00,19581.0,19631.0,19581.0,19622.5,314.831,6174455.4795
2022-07-13 20:36:00,19622.5,19666.0,19616.0,19645.5,522.828,10272312.3705
2022-07-13 20:37:00,19645.5,19706.0,19636.5,19640.0,775.043,15249202.504
2022-07-13 20:38:00,19640.0,19640.5,19609.5,19633.5,400.368,7855481.1655
2022-07-13 20:39:00,19633.5,19636.5,19594.5,19599.0,341.333,6693479.083
2022-07-13 20:40:00,19599.0,19620.0,19592.0,19615.5,158.639,3109675.4385
2022-07-13 20:41:00,19615.5,19637.5,19605.0,19637.5,221.058,4336939.288
2022-07-13 20:42:00,19637.5,19637.5,19620.5,19628.0,147.249,2890301.7385
2022-07-13 20:43:00,19628.0,19628.5,19594.0,19605.0,233.028,4569532.0905
2022-07-13 20:44:00,19605.0,19634.0,19592.0,19633.5,257.906,5057483.1845
2022-07-13 20:45:00,19633.5,19639.5,19603.5,19607.5,110.069,2159583.22
2022-07-13 20:46:00,19607.5,19619.5,19600.5,19603.5,109.456,2146287.2395
2022-07-13 20:47:00,19603.5,19612.0,19597.0,19597.0,72.561,1422634.2195
2022-07-13 20:48:00,19597.0,19597.0,19562.0,19562.0,269.172,5269304.65
2022-07-13 20:49:00,19562.0,19577.0,19561.0,19574.5,196.041,3836327.803
2022-07-13 20:50:00,19574.5,19589.0,19572.5,19579.0,195.487,3827707.533
2022-07-13 20:51:00,19579.0,19579.5,19565.0,19567.5,96.06,1880168.71
2022-07-13 20:52:00,19567.5,19580.0,19567.0,19568.5,81.474,1594770.4725
2022-07-13 20:53:00,19568.5,19570.0,19548.5,19551.5,164.873,3224443.8295
2022-07-13 20:54:00,19551.5,19555.5,19516.0,19525.5,288.002,5626601.064
2022-07-13 20:55:00,19525.5,19536.5,19505.5,19516.5,282.972,5523423.6585
2022-07-13 20:56:00,19516.5,19522.5,19511.5,19512.0,179.852,3510154.176
2022-07-13 20:57:00,19512.0,19515.0,19508.5,19510.0,187.391,3656241.5075
2022-07-13 20:58:00,19510.0,19510.0,19482.0,19488.0,445.577,8687044.4475
2022-07-13 20:59:00,19488.0,19489.0,19467.0,19486.5,445.119,8669635.634
2022-07-13 21:00:00,19486.5,19521.0,19486.5,19508.5,318.913,6221032.696
2022-07-13 21:01:00,19508.5,19515.5,19483.0,19483.0,245.585,4789278.1305
2022-07-13 21:02:00,19483.0,19491.5,19464.5,19470.0,235.551,4586606.056
2022-07-13 21:03:00,19470.0,19478.5,19433.5,19440.0,504.476,9814139.173
2022-07-13 21:04:00,19440.0,19455.0,19415.0,19448.0,457.06,8880832.46
2022-07-13 21:05:00,19448.0,19470.0,19447.5,19469.5,262.93,5117156.0185
2022-07-13 21:06:00,19469.5,19469.5,19386.0,19399.0,456.905,8874708.333
2022-07-13 21:07:00,19399.0,19440.0,19399.0,19440.0,477.652,9274395.3895
2022-07-13 21:08:00,19440.0,19471.0,19439.5,19453.5,164.4,3197938.7345
2022-07-13 21:09:00,19453.5,19465.0,19447.5,19455.5,131.638,2561181.6975
2022-07-13 21:10:00,19455.5,19466.5,19451.0,19466.0,119.952,2334499.5925
2022-07-13 21:11:00,19466.0,19487.0,19450.0,19485.0,205.631,4003369.0745
2022-07-13 21:12:00,19485.0,19485.0,19460.0,19465.0,102.224,1990501.282
2022-07-13 21:13:00,19465.0,19466.5,19435.0,19435.0,87.524,1702382.838
2022-07-13 21:14:00,19435.0,19437.5,19401.0,19401.5,285.581,5545762.3135
2022-07-13 21:15:00,19401.5,19414.5,19377.0,19380.5,367.035,7116557.0545
2022-07-13 21:16:00,19380.5,19405.5,19380.0,19391.0,216.907,4206501.932
2022-07-13 21:17:00,19391.0,19415.5,19391.0,19406.5,219.535,4260242.596
2022-07-13 21:18:00,19406.5,19433.0,19406.0,19432.5,168.138,3265763.5165
2022-07-13 21:19:00,19432.5,19459.0,19419.5,19459.0,183.243,3561625.007
2022-07-13 21:20:00,19459.0,19496.0,19455.5,19463.0,256.331,4992864.523
2022-07-13 21:21:00,19463.0,19478.5,19456.5,19470.5,138.262,2691657.644
2022-07-13 21:22:00,19470.5,19490.0,19470.0,19470.0,150.332,2928435.8675
2022-07-13 21:23:00,19470.0,19474.0,19445.5,19445.5,84.149,1637502.473
2022-07-13 21:24:00,19445.5,19469.5,19445.5,19469.0,111.06,2160815.4855
2022-07-13 21:25:00,19469.0,19469.0,19446.0,19450.5,68.69,1336193.7305
2022-07-13 21:26:00,19450.5,19469.5,19432.5,19469.5,80.417,1564290.375
2022-07-13 21:27:00,19469.5,19471.0,19453.0,19453.5,56.518,1099845.3745
2022-07-13 21:28:00,19453.5,19465.0,19453.0,19465.0,28.209,548913.4185
2022-07-13 21:29:00,19465.0,19465.0,19444.0,19444.5,35.138,683616.4345
2022-07-13 21:30:00,19444.5,19465.5,19436.0,19454.5,74.281,1444978.4995
2022-07-13 21:31:00,19454.5,19459.0,19447.0,19447.5,44.888,873109.6045
2022-07-13 21:32:00,19447.5,19460.0,19429.0,19452.5,109.012,2119585.8775
2022-07-13 21:33:00,19452.5,19469.0,19432.5,19436.0,131.116,2550115.389
2022-07-13 21:34:00,19436.0,19451.5,19418.0,19451.5,138.015,2682566.718
2022-07-13 21:35:00,19451.5,19455.0,19447.5,19453.0,81.771,1590549.4745
2022-07-13 21:36:00,19453.0,19453.0,19423.0,19426.5,56.132,1090962.3175
2022-07-13 21:37:00,19426.5,19434.5,19422.5,19424.0,87.6,1701887.8545
2022-07-13 21:38:00,19424.0,19446.0,19423.5,19440.0,80.564,1566001.4825
2022-07-13 21:39:00,19440.0,19454.0,19440.0,19454.0,72.23,1404858.9525
2022-07-13 21:40:00,19454.0,19454.0,19359.0,19387.0,765.973,14847360.952
2022-07-13 21:41:00,19387.0,19387.5,19356.0,19364.0,266.647,5163647.472
2022-07-13 21:42:00,19364.0,19415.0,19364.0,19402.0,244.623,4742695.4565
2022-07-13 21:43:00,19402.0,19402.0,19360.0,19363.5,144.662,2802653.7175
2022-07-13 21:44:00,19363.5,19374.0,19355.0,19361.5,168.774,3268301.9915
2022-07-13 21:45:00,19361.5,19361.5,19301.0,19317.5,652.157,12606281.8795
2022-07-13 21:46:00,19317.5,19317.5,19302.5,19305.5,199.159,3845338.3235
2022-07-13 21:47:00,19305.5,19310.0,19243.0,19261.5,945.66,18224015.826
2022-07-13 21:48:00,19261.5,19275.0,19259.5,19261.0,385.502,7426718.8775
2022-07-13 21:49:00,19261.0,19261.5,19242.0,19250.0,396.708,7637374.5265
2022-07-13 21:50:00,19250.0,19255.0,19232.0,19249.5,359.283,6914700.3945
2022-07-13 21:51:00,19249.5,19266.0,19249.5,19264.5,222.919,4293285.0265
2022-07-13 21:52:00,19264.5,19333.5,19258.0,19311.0,701.753,13536748.4685
2022-07-13 21:53:00,19311.0,19331.5,19300.0,19315.5,315.477,6093488.2505
2022-07-13 21:54:00,19315.5,19345.5,19315.5,19335.0,434.554,8402726.3155
2022-07-13 21:55:00,19335.0,19344.5,19313.5,19324.0,240.165,4642499.6725
2022-07-13 21:56:00,19324.0,19367.5,19323.5,19357.5,237.806,4602552.714
2022-07-13 21:57:00,19357.5,19366.5,19348.0,19348.0,134.702,2607789.4055
2022-07-13 21:58:00,19348.0,19356.5,19336.0,19351.5,122.239,2364559.5545
2022-07-13 21:59:00,19351.5,19375.5,19351.5,19369.0,287.217,5562366.2195
2022-07-13 22:00:00,19369.0,19391.0,19355.5,19374.0,250.005,4844679.1345
2022-07-13 22:01:00,19374.0,19399.0,19373.5,19394.5,155.685,3018207.179
2022-07-13 22:02:00,19394.5,19399.0,19379.5,19395.0,199.423,3866788.4065
2022-07-13 22:03:00,19395.0,19431.0,19391.5,19430.0,375.172,7283050.3895
2022-07-13 22:04:00,19430.0,19431.0,19393.0,19396.0,169.536,3290805.2795
2022-07-13 22:05:00,19396.0,19419.5,19392.5,19410.5,206.099,3998457.9645
2022-07-13 22:06:00,19410.5,19413.5,19378.5,19383.0,137.543,2667293.4465
2022-07-13 22:07:00,19383.0,19406.5,19380.0,19399.5,93.747,1818015.96
2022-07-13 22:08:00,19399.5,19406.0,19388.5,19403.5,50.292,975573.992
2022-07-13 22:09:00,19403.5,19443.0,19403.5,19437.0,199.735,3879483.2575
2022-07-13 22:10:00,19437.0,19437.0,19408.5,19415.0,107.588,2089614.6445
2022-07-13 22:11:00,19415.0,19415.5,19379.5,19390.0,155.508,3016071.4895
2022-07-13 22:12:00,19390.0,19461.5,19382.0,19431.0,490.229,9521360.8145
2022-07-13 22:13:00,19431.0,19460.0,19424.0,19459.5,148.79,2893336.1025
2022-07-13 22:14:00,19459.5,19465.0,19451.5,19465.0,77.175,1501524.4255
2022-07-13 22:15:00,19465.0,19476.0,19464.0,19474.0,168.184,3274710.4455
2022-07-13 22:16:00,19474.0,19474.0,19427.0,19436.0,186.471,3626809.0915
2022-07-13 22:17:00,19436.0,19447.5,19425.0,19434.5,55.932,1087014.9165
2022-07-13 22:18:00,19434.5,19454.5,19434.0,19453.0,70.73,1375385.092
2022-07-13 22:19:00,19453.0,19454.5,19441.0,19451.5,75.679,1471770.4325
2022-07-13 22:20:00,19451.5,19468.0,19440.0,19467.5,193.157,3756627.242
2022-07-13 22:21:00,19467.5,19498.0,19464.0,19497.5,246.429,4801140.5425
2022-07-13 22:22:00,19497.5,19514.0,19492.5,19503.5,277.803,5418032.981
2022-07-13 22:23:00,19503.5,19548.5,19500.5,19548.5,320.844,6266487.576
2022-07-13 22:24:00,19548.5,19593.5,19545.5,19585.0,515.548,10088729.389
2022-07-13 22:25:00,19585.0,19614.5,19585.0,19602.0,432.211,8470039.218
2022-07-13 22:26:00,19602.0,19602.5,19588.5,19593.5,296.242,5805470.6765
2022-07-13 22:27:00,19593.5,19616.0,19593.0,19616.0,210.706,4130728.365
2022-07-13 22:28:00,19616.0,19616.0,19602.0,19610.0,212.576,4168510.016
2022-07-13 22:29:00,19610.0,19622.5,19605.0,19622.5,253.737,4978407.6925
2022-07-13 22:30:00,19622.5,19625.0,19610.0,19620.5,167.651,3289035.822
2022-07-13 22:31:00,19620.5,19649.5,19620.5,19636.5,421.723,8281218.2845
2022-07-13 22:32:00,19636.5,19897.5,19636.5,19839.0,3397.002,67193715.807
2022-07-13 22:33:00,19839.0,20073.0,19835.0,19873.5,3531.954,70468337.7615
2022-07-13 22:34:00,19873.5,19967.5,19870.0,19883.5,1019.95,20305827.171
2022-07-13 22:35:00,19883.5,19920.0,19840.0,19843.0,634.117,12605325.814
2022-07-13 22:36:00,19843.0,19843.0,19790.5,19796.5,807.094,15994808.586
2022-07-13 22:37:00,19796.5,19820.5,19774.5,19779.5,477.056,9441499.899
2022-07-13 22:38:00,19779.5,19830.0,19774.5,19812.0,551.291,10916347.681
2022-07-13 22:39:00,19812.0,19823.0,19766.0,19778.0,441.318,8734253.104
2022-07-13 22:40:00,19778.0,19800.0,19765.0,19797.0,153.735,3040599.49
2022-07-13 22:41:00,19797.0,19817.5,19788.5,19803.5,148.737,2945417.5065
2022-07-13 22:42:00,19803.5,19850.0,19797.0,19823.5,471.905,9357280.1365
2022-07-13 22:43:00,19823.5,19848.0,19817.0,19833.0,349.616,6934882.4035
2022-07-13 22:44:00,19833.0,19921.0,19833.0,19876.5,738.458,14680167.5665
2022-07-13 22:45:00,19876.5,19878.0,19835.0,19835.0,269.813,5356328.266
2022-07-13 22:46:00,19835.0,19838.5,19800.0,19809.5,333.574,6610408.9365
2022-07-13 22:47:00,19809.5,19813.5,19781.5,19795.5,462.587,9157708.4815
2022-07-13 22:48:00,19795.5,19798.0,19746.5,19758.0,438.299,8663238.64
2022-07-13 22:49:00,19758.0,19773.5,19747.5,19770.0,238.899,4720116.0345
2022-07-13 22:50:00,19770.0,19770.0,19747.0,19750.5,149.9,2961321.595
2022-07-13 22:51:00,19750.5,19780.0,19742.0,19780.0,191.789,3789953.363
2022-07-13 22:52:00,19780.0,19780.0,19760.0,19765.0,97.501,1927557.753
2022-07-13 22:53:00,19765.0,19774.0,19755.0,19767.5,73.848,1459548.476
2022-07-13 22:54:00,19767.5,19830.0,19767.5,19817.5,286.396,5671691.074
2022-07-13 22:55:00,19817.5,19843.5,19799.5,19804.0,243.846,4834682.532
2022-07-13 22:56:00,19804.0,19805.5,19763.5,19792.5,263.905,5219996.8075
2022-07-13 22:57:00,19792.5,19822.0,19790.5,19807.5,113.24,2243108.31
2022-07-13 22:58:00,19807.5,19833.0,19798.5,19811.5,142.739,2828234.0135
2022-07-13 22:59:00,19811.5,19836.0,19811.0,19830.0,133.359,2643487.939
2022-07-13 23:00:00,19830.0,19836.0,19799.0,19799.0,73.916,1464365.3915
2022-07-13 23:01:00,19799.0,19808.5,19790.0,19792.0,115.027,2277523.4185
2022-07-13 23:02:00,19792.0,19803.0,19781.0,19781.0,70.343,1392185.387
2022-07-13 23:03:00,19781.0,19782.0,19765.5,19775.0,110.02,2175409.322
2022-07-13 23:04:00,19775.0,19777.5,19749.0,19764.0,327.481,6471487.275
2022-07-13 23:05:00,19764.0,19779.5,19750.0,19771.5,121.062,2391985.482
2022-07-13 23:06:00,19771.5,19781.0,19751.5,19766.5,129.216,2554839.656
2022-07-13 23:07:00,19766.5,19784.0,19766.5,19783.5,55.379,1095228.704
2022-07-13 23:08:00,19783.5,19789.5,19758.0,19761.0,155.391,3071467.6735
2022-07-13 23:09:00,19761.0,19782.5,19755.0,19774.5,86.777,1715445.6115
2022-07-13 23:10:00,19774.5,19813.0,19774.5,19800.0,107.785,2134316.437
2022-07-13 23:11:00,19800.0,19835.5,19800.0,19835.0,153.157,3035214.259
2022-07-13 23:12:00,19835.0,19915.0,19835.0,19876.0,799.024,15878037.8645
2022-07-13 23:13:00,19876.0,19910.5,19875.5,19890.5,329.929,6564097.6045
2022-07-13 23:14:00,19890.5,19951.0,19874.5,19930.5,603.995,12031319.0805
2022-07-13 23:15:00,19930.5,19945.0,19862.5,19864.5,232.532,4628221.975
2022-07-13 23:16:00,19864.5,19894.0,19822.0,19847.5,489.861,9730881.8935
2022-07-13 23:17:00,19847.5,19868.0,19840.0,19841.0,155.891,3094846.7005
2022-07-13 23:18:00,19841.0,19876.5,19840.5,19871.5,101.045,2006819.868
2022-07-13 23:19:00,19871.5,19905.5,19859.0,19901.5,253.154,5035137.638
2022-07-13 23:20:00,19901.5,19905.5,19891.5,19899.0,96.949,1929039.2425
2022-07-13 23:21:00,19899.0,19899.5,19868.0,19868.5,83.752,1665361.188
2022-07-13 23:22:00,19868.5,19884.0,19864.0,19874.5,66.614,1323873.7265
2022-07-13 23:23:00,19874.5,19884.0,19865.0,19883.5,119.529,2375346.895
2022-07-13 23:24:00,19883.5,19884.0,19853.0,19853.5,97.372,1934672.041
2022-07-13 23:25:00,19853.5,19865.0,19824.5,19830.5,126.755,2515383.7525
2022-07-13 23:26:00,19830.5,19846.5,19828.0,19839.5,86.081,1707461.0255
2022-07-13 23:27:00,19839.5,19873.0,19839.5,19867.5,97.076,1927698.291
2022-07-13 23:28:00,19867.5,19892.0,19867.0,19887.0,58.203,1157164.0175
2022-07-13 23:29:00,19887.0,19887.5,19855.5,19870.5,54.405,1081270.34
2022-07-13 23:30:00,19870.5,19881.0,19784.0,19789.5,719.182,14259863.6755
2022-07-13 23:31:00,19789.5,19810.0,19757.0,19770.5,360.718,7133607.2995
2022-07-13 23:32:00,19770.5,19775.0,19754.5,19767.5,188.626,3728186.2085
2022-07-13 23:33:00,19767.5,19778.5,19716.5,19717.5,622.573,12292765.728
2022-07-13 23:34:00,19717.5,19726.0,19682.5,19707.5,810.876,15976672.6145
2022-07-13 23:35:00,19707.5,19755.0,19707.5,19749.0,337.106,6653536.4035
2022-07-13 23:36:00,19749.0,19755.0,19720.0,19741.0,100.874,1990715.199
2022-07-13 23:37:00,19741.0,19748.0,19722.0,19725.5,75.371,1487435.663
2022-07-13 23:38:00,19725.5,19725.5,19695.0,19699.5,230.573,4543500.682
2022-07-13 23:39:00,19699.5,19729.0,19699.5,19722.0,147.692,2912423.0645
2022-07-13 23:40:00,19722.0,19727.5,19711.0,19718.0,135.057,2663069.729
2022-07-13 23:41:00,19718.0,19727.0,19715.0,19727.0,70.969,1399374.1375
2022-07-13 23:42:00,19727.0,19727.0,19715.0,19715.5,78.512,1548049.709
2022-07-13 23:43:00,19715.5,19744.0,19713.5,19738.5,135.394,2671452.6555
2022-07-13 23:44:00,19738.5,19764.0,19737.5,19745.5,214.025,4227426.0795
2022-07-13 23:45:00,19745.5,19745.5,19704.5,19722.5,109.307,2155695.8205
2022-07-13 23:46:00,19722.5,19729.0,19706.0,19706.5,66.293,1307134.081
2022-07-13 23:47:00,19706.5,19708.5,19685.0,19687.5,190.669,3754604.527
2022-07-13 23:48:00,19687.5,19710.5,19687.0,19703.5,72.529,1428729.3835
2022-07-13 23:49:00,19703.5,19713.5,19699.5,19707.0,32.96,649551.8875
2022-07-13 23:50:00,19707.0,19707.0,19692.0,19694.0,52.083,1025881.0075
2022-07-13 23:51:00,19694.0,19708.5,19692.0,19692.5,101.931,2008254.8
2022-07-13 23:52:00,19692.5,19692.5,19667.5,19675.5,311.574,6131041.7845
2022-07-13 23:53:00,19675.5,19699.5,19668.5,19699.5,228.45,4496390.335
2022-07-13 23:54:00,19699.5,19755.0,19699.0,19741.5,345.486,6817304.6295
2022-07-13 23:55:00,19741.5,19778.5,19741.5,19757.0,266.874,5275071.7505
2022-07-13 23:56:00,19757.0,19779.0,19732.0,19732.5,300.449,5938580.0225
2022-07-13 23:57:00,19732.5,19756.0,19732.0,19750.0,53.734,1060903.964
2022-07-13 23:58:00,19750.0,19762.5,19744.0,19751.0,67.9,1341480.2435
2022-07-13 23:59:00,19751.0,19783.5,19744.0,19771.5,309.275,6113873.587
2022-07-14 00:00:00,19771.5,19815.0,19763.5,19815.0,433.211,8570675.4415
2022-07-14 00:01:00,19815.0,19833.5,19797.0,19811.0,340.182,6739949.317
2022-07-14 00:02:00,19811.0,19811.0,19756.0,19756.0,180.732,3575583.913
2022-07-14 00:03:00,19756.0,19757.5,19733.0,19749.5,127.983,2527541.069
2022-07-14 00:04:00,19749.5,19783.5,19749.5,19783.0,64.386,1272846.744
2022-07-14 00:05:00,19783.0,19803.0,19770.0,19802.5,138.261,2735878.041
2022-07-14 00:06:00,19802.5,19807.5,19795.0,19795.0,60.495,1197972.058
2022-07-14 00:07:00,19795.0,19800.0,19772.0,19786.5,233.238,4614750.302
2022-07-14 00:08:00,19786.5,19802.5,19783.5,19797.0,44.986,890446.863
2022-07-14 00:09:00,19797.0,19807.5,19795.0,19807.5,36.192,716620.45
2022-07-14 00:10:00,19807.5,19807.5,19796.5,19803.5,49.527,980693.3095
2022-07-14 00:11:00,19803.5,19809.0,19790.0,19800.0,58.487,1158046.9595
2022-07-14 00:12:00,19800.0,19800.5,19789.0,19794.0,41.245,816316.4285
2022-07-14 00:13:00,19794.0,19825.5,19792.5,19825.0,107.644,2132705.3185
2022-07-14 00:14:00,19825.0,19825.5,19796.5,19802.0,102.838,2037886.7015
2022-07-14 00:15:00,19802.0,19819.0,19786.5,19787.0,64.387,1275416.38
2022-07-14 00:16:00,19787.0,19795.0,19778.0,19780.0,51.644,1021744.38
2022-07-14 00:17:00,19780.0,19797.5,19777.0,19786.0,111.312,2202393.0575
2022-07-14 00:18:00,19786.0,19786.5,19760.5,19764.5,93.999,1858333.859
2022-07-14 00:19:00,19764.5,19772.5,19754.5,19772.0,69.557,1374626.981
2022-07-14 00:20:00,19772.0,19802.5,19772.0,19790.0,117.445,2323993.5355
2022-07-14 00:21:00,19790.0,19845.5,19790.0,19845.0,169.368,3358760.2445
2022-07-14 00:22:00,19845.0,19845.5,19817.5,19823.0,118.848,2356733.564
2022-07-14 00:23:00,19823.0,19839.5,19822.5,19832.0,64.895,1287035.2945
2022-07-14 00:24:00,19832.0,19832.5,19815.0,19825.5,56.63,1122491.1365
2022-07-14 00:25:00,19825.5,19860.0,19825.0,19850.0,180.713,3586491.819
2022-07-14 00:26:00,19850.0,19855.5,19786.0,19792.5,202.663,4014969.1125
2022-07-14 00:27:00,19792.5,19804.5,19785.0,19794.5,94.35,1867794.158
2022-07-14 00:28:00,19794.5,19825.5,19792.0,19810.5,99.841,1977596.901
2022-07-14 00:29:00,19810.5,19834.0,19805.0,19833.5,156.299,3098662.6
2022-07-14 00:30:00,19833.5,19834.0,19800.0,19812.5,69.629,1379896.094
2022-07-14 00:31:00,19812.5,19820.0,19802.0,19819.5,38.5,762825.3395
2022-07-14 00:32:00,19819.5,19824.5,19807.0,19818.5,60.236,1193447.121
2022-07-14 00:33:00,19818.5,19830.0,19798.0,19829.5,70.638,1399186.229
2022-07-14 00:34:00,19829.5,19855.0,19826.0,19836.0,116.859,2318276.263
2022-07-14 00:35:00,19836.0,19838.5,19815.0,19815.0,73.026,1448017.32
2022-07-14 00:36:00,19815.0,19815.5,19783.5,19784.0,100.792,1995623.434
2022-07-14 00:37:00,19784.0,19784.0,19752.5,19755.5,143.471,2836088.106
2022-07-14 00:38:00,19755.5,19769.5,19749.0,19757.0,99.286,1961614.2295
2022-07-14 00:39:00,19757.0,19757.5,19735.5,19750.0,140.218,2768472.107
2022-07-14 00:40:00,19750.0,19759.0,19740.0,19742.5,51.861,1024137.5715
2022-07-14 00:41:00,19742.5,19773.0,19742.0,19773.0,70.021,1383529.758
2022-07-14 00:42:00,19773.0,19782.0,19763.5,19780.5,28.354,560607.4295
2022-07-14 00:43:00,19780.5,19785.0,19769.0,19785.0,19.323,382139.316
2022-07-14 00:44:00,19785.0,19800.0,19774.5,19797.5,34.393,680577.736
2022-07-14 00:45:00,19797.5,19797.5,19759.5,19772.5,43.559,861447.293
2022-07-14 00:46:00,19772.5,19785.0,19763.0,19763.0,49.787,984425.8145
2022-07-14 00:47:00,19763.0,19776.0,19755.5,19759.5,51.269,1013381.647
2022-07-14 00:48:00,19759.5,19769.0,19755.0,19758.0,24.269,479560.5645
2022-07-14 00:49:00,19758.0,19773.0,19758.0,19770.0,27.872,550972.1475
2022-07-14 00:50:00,19770.0,19778.0,19765.5,19778.0,27.032,534478.8485
2022-07-14 00:51:00,19778.0,19778.0,19755.0,19755.5,35.085,693458.5
2022-07-14 00:52:00,19755.5,19755.5,19747.0,19747.0,30.49,602184.7265
2022-07-14 00:53:00,19747.0,19762.0,19746.0,19761.0,23.97,473489.104
2022-07-14 00:54:00,19761.0,19763.5,19752.5,19753.0,13.209,261004.873
2022-07-14 00:55:00,19753.0,19753.0,19727.0,19728.0,111.382,2198717.8585
2022-07-14 00:56:00,19728.0,19738.5,19720.0,19724.0,103.226,2036696.0085
2022-07-14 00:57:00,19724.0,19741.5,19722.0,19739.5,79.355,1565536.6985
2022-07-14 00:58:00,19739.5,19750.0,19730.0,19734.0,31.694,625618.694
2022-07-14 00:59:00,19734.0,19741.0,19734.0,19734.5,13.406,264571.3095
2022-07-14 01:00:00,19734.5,19742.5,19705.5,19715.0,94.819,1869655.8065
2022-07-14 01:01:00,19715.0,19715.0,19706.0,19707.5,62.545,1232820.4395
2022-07-14 01:02:00,19707.5,19718.5,19691.0,19691.0,191.817,3779650.0825
2022-07-14 01:03:00,19691.0,19700.0,19689.5,19693.0,56.72,1116952.8515
2022-07-14 01:04:00,19693.0,19713.5,19652.5,19663.5,469.495,9236468.6125
2022-07-14 01:05:00,19663.5,19700.0,19659.0,19700.0,176.516,3473747.59
2022-07-14 01:06:00,19700.0,19723.0,19694.0,19694.0,187.356,3693173.5655
2022-07-14 01:07:00,19694.0,19715.0,19694.0,19704.0,102.831,2026254.789
2022-07-14 01:08:00,19704.0,19714.5,19675.0,19675.0,67.769,1334762.6485
2022-07-14 01:09:00,19675.0,19692.5,19662.0,19692.5,114.748,2257956.3205
2022-07-14 01:10:00,19692.5,19700.0,19683.5,19684.0,109.442,2155386.299
2022-07-14 01:11:00,19684.0,19690.0,19680.0,19686.5,57.087,1123727.963
2022-07-14 01:12:00,19686.5,19700.0,19686.5,19699.0,63.36,1247761.384
2022-07-14 01:13:00,19699.0,19699.0,19642.0,19650.5,278.751,5481519.402
2022-07-14 01:14:00,19650.5,19665.0,19620.5,19627.0,318.358,6253374.43
2022-07-14 01:15:00,19627.0,19675.0,19627.0,19675.0,143.398,2818290.3745
2022-07-14 01:16:00,19675.0,19681.0,19665.5,19665.5,71.266,1402029.569
2022-07-14 01:17:00,19665.5,19670.0,19651.5,19670.0,57.087,1122228.2985
2022-07-14 01:18:00,19670.0,19675.0,19658.5,19658.5,22.261,437833.9125
2022-07-14 01:19:00,19658.5,19669.0,19655.0,19667.5,38.06,748360.87
2022-07-14 01:20:00,19667.5,19667.5,19649.5,19655.5,58.898,1157837.1565
2022-07-14 01:21:00,19655.5,19656.0,19635.5,19638.5,87.955,1727730.1675
2022-07-14 01:22:00,19638.5,19657.0,19627.0,19657.0,110.93,2178552.125
2022-07-14 01:23:00,19657.0,19658.5,19637.5,19657.5,54.441,1069712.82
2022-07-14 01:24:00,19657.5,19659.0,19632.5,19642.0,81.847,1607590.3535
2022-07-14 01:25:00,19642.0,19649.0,19630.0,19643.0,24.631,483743.0875
2022-07-14 01:26:00,19643.0,19655.5,19638.5,19649.0,98.016,1925774.722
2022-07-14 01:27:00,19649.0,19665.0,19648.5,19655.0,88.172,1733344.928
2022-07-14 01:28:00,19655.0,19655.0,19637.0,19637.5,37.941,745302.129
2022-07-14 01:29:00,19637.5,19653.0,19637.0,19643.0,68.083,1337435.6065
2022-07-14 01:30:00,19643.0,19655.0,19640.0,19653.0,65.933,1295545.9765
2022-07-14 01:31:00,19653.0,19760.5,19652.5,19716.0,454.189,8950846.778
2022-07-14 01:32:00,19716.0,19716.5,19662.5,19663.0,158.034,3112831.522
2022-07-14 01:33:00,19663.0,19680.0,19654.0,19680.0,49.984,983028.292
2022-07-14 01:34:00,19680.0,19690.0,19679.0,19688.0,38.714,761985.3355
2022-07-14 01:35:00,19688.0,19688.0,19644.5,19648.0,183.337,3603800.584
2022-07-14 01:36:00,19648.0,19665.0,19648.0,19661.0,79.667,1565928.4425
2022-07-14 01:37:00,19661.0,19673.0,19658.5,19660.0,35.503,698116.9955
2022-07-14 01:38:00,19660.0,19672.0,19659.5,19659.5,29.222,574564.1085
2022-07-14 01:39:00,19659.5,19679.5,19659.0,19679.0,59.001,1160235.0035
2022-07-14 01:40:00,19679.0,19700.0,19679.0,19680.5,126.125,2483816.3755
2022-07-14 01:41:00,19680.5,19685.0,19671.0,19671.0,112.776,2219211.66
2022-07-14 01:42:00,19671.0,19694.5,19671.0,19690.0,21.38,420795.827
2022-07-14 01:43:00,19690.0,19700.0,19680.0,19697.5,82.977,1633971.938
2022-07-14 01:44:00,19697.5,19697.5,19690.0,19694.0,39.783,783439.263
2022-07-14 01:45:00,19694.0,19694.5,19687.0,19687.0,28.028,551859.994
2022-07-14 01:46:00,19687.0,19687.5,19673.5,19674.0,24.664,485331.9265
2022-07-14 01:47:00,19674.0,19680.5,19663.0,19667.5,66.305,1304153.302
2022-07-14 01:48:00,19667.5,19674.5,19653.5,19674.5,68.728,1351602.197
2022-07-14 01:49:00,19674.5,19674.5,19662.0,19669.0,30.456,598967.221
2022-07-14 01:50:00,19669.0,19671.5,19660.0,19661.0,33.913,666810.5415
2022-07-14 01:51:00,19661.0,19674.0,19650.5,19650.5,78.885,1551060.6495
2022-07-14 01:52:00,19650.5,19650.5,19629.5,19629.5,110.758,2175150.353
2022-07-14 01:53:00,19629.5,19642.0,19625.5,19640.0,84.839,1665760.1165
2022-07-14 01:54:00,19640.0,19642.5,19639.5,19642.0,15.362,301726.3935
2022-07-14 01:55:00,19642.0,19650.0,19640.0,19647.5,38.185,750151.032
2022-07-14 01:56:00,19647.5,19647.5,19584.0,19609.5,470.05,9215824.4975
2022-07-14 01:57:00,19609.5,19616.0,19575.0,19577.5,219.786,4304554.7225
2022-07-14 01:58:00,19577.5,19608.5,19577.0,19595.0,182.515,3575928.8825
2022-07-14 01:59:00,19595.0,19617.5,19592.0,19606.0,75.997,1489664.271
2022-07-14 02:00:00,19606.0,19640.0,19595.0,19639.5,145.972,2864058.9
2022-07-14 02:01:00,19639.5,19640.0,19639.5,19639.5,36.767,722098.3595
2022-07-14 02:02:00,19639.5,19640.0,19630.0,19639.0,27.57,541421.362
2022-07-14 02:03:00,19639.0,19639.0,19615.5,19632.5,143.856,2823878.429
2022-07-14 02:04:00,19632.5,19637.0,19632.0,19632.5,52.384,1028570.3365
2022-07-14 02:05:00,19632.5,19638.0,19632.0,19638.0,10.38,203830.3925
2022-07-14 02:06:00,19638.0,19660.0,19637.5,19650.5,143.311,2816417.863
2022-07-14 02:07:00,19650.5,19662.0,19649.5,19652.5,87.624,1722394.2005
2022-07-14 02:08:00,19652.5,19672.5,19652.5,19660.0,34.441,677268.317
2022-07-14 02:09:00,19660.0,19666.0,19650.0,19651.0,75.277,1479719.1375
2022-07-14 02:10:00,19651.0,19665.0,19650.0,19652.0,33.65,661453.6475
2022-07-14 02:11:00,19652.0,19656.0,19635.5,19639.0,45.066,885395.166
2022-07-14 02:12:00,19639.0,19661.5,19639.0,19656.0,32.455,637830.143
2022-07-14 02:13:00,19656.0,19661.0,19650.0,19659.0,29.645,582672.4055
2022-07-14 02:14:00,19659.0,19663.5,19653.5,19663.5,60.734,1194006.0765
2022-07-14 02:15:00,19663.5,19665.0,19663.0,19664.5,19.289,379297.4225
2022-07-14 02:16:00,19664.5,19664.5,19653.0,19653.0,19.037,374267.9355
2022-07-14 02:17:00,19653.0,19665.0,19651.5,19655.5,26.625,523487.132
2022-07-14 02:18:00,19655.5,19665.0,19654.5,19656.0,53.35,1049059.763
2022-07-14 02:19:00,19656.0,19665.0,19656.0,19663.5,22.161,435729.607
2022-07-14 02:20:00,19663.5,19665.0,19657.5,19665.0,12.469,245179.4175
2022-07-14 02:21:00,19665.0,19681.0,19664.5,19673.5,70.245,1381797.2135
2022-07-14 02:22:00,19673.5,19674.0,19664.0,19665.5,29.091,572112.6645
2022-07-14 02:23:00,19665.5,19666.0,19652.0,19657.0,23.672,465396.4855
2022-07-14 02:24:00,19657.0,19657.5,19644.0,19644.5,70.85,1392025.1155
2022-07-14 02:25:00,19644.5,19663.5,19633.5,19663.0,68.536,1346884.122
2022-07-14 02:26:00,19663.0,19663.5,19658.5,19659.5,19.151,376521.917
2022-07-14 02:27:00,19659.5,19660.0,19650.5,19655.0,10.627,208870.2895
2022-07-14 02:28:00,19655.0,19677.5,19652.0,19663.0,152.256,2994317.5425
2022-07-14 02:29:00,19663.0,19669.0,19660.0,19667.0,88.249,1735166.239
2022-07-14 02:30:00,19667.0,19667.0,19660.0,19664.0,80.687,1586612.36
2022-07-14 02:31:00,19664.0,19664.5,19643.5,19649.0,83.379,1638223.423
2022-07-14 02:32:00,19649.0,19668.5,19648.5,19668.5,40.503,796470.608
2022-07-14 02:33:00,19668.5,19668.5,19660.0,19664.0,11.158,219403.834
2022-07-14 02:34:00,19664.0,19664.0,19663.5,19663.5,20.782,408652.8045
2022-07-14 02:35:00,19663.5,19680.0,19663.5,19679.5,79.896,1571669.2055
2022-07-14 02:36:00,19679.5,19737.0,19679.5,19736.5,360.059,7095593.8725
2022-07-14 02:37:00,19736.5,19737.5,19707.0,19712.5,236.428,4663151.57
2022-07-14 02:38:00,19712.5,19731.5,19712.0,19714.5,57.9,1141898.7835
2022-07-14 02:39:00,19714.5,19739.0,19714.0,19739.0,101.713,2006820.588
2022-07-14 02:40:00,19739.0,19809.5,19738.5,19770.5,634.778,12553907.741
2022-07-14 02:41:00,19770.5,19775.0,19754.0,19757.0,108.047,2135907.5135
2022-07-14 02:42:00,19757.0,19757.5,19726.0,19728.0,85.907,1695560.246
2022-07-14 02:43:00,19728.0,19737.5,19711.0,19717.0,142.555,2811382.3845
2022-07-14 02:44:00,19717.0,19724.0,19717.0,19718.0,29.222,576235.3025
2022-07-14 02:45:00,19718.0,19722.0,19694.5,19717.5,92.006,1813515.0765
2022-07-14 02:46:00,19717.5,19763.0,19717.5,19758.0,93.709,1850045.644
2022-07-14 02:47:00,19758.0,19758.0,19721.5,19738.0,135.853,2680887.5385
2022-07-14 02:48:00,19738.0,19750.0,19735.0,19747.5,22.807,450224.477
2022-07-14 02:49:00,19747.5,19748.5,19738.5,19748.0,18.036,356089.6775
2022-07-14 02:50:00,19748.0,19754.5,19734.0,19754.0,110.984,2190692.6995
2022-07-14 02:51:00,19754.0,19772.0,19749.5,19750.0,115.393,2280436.556
2022-07-14 02:52:00,19750.0,19750.0,19727.0,19734.5,52.294,1032112.556
2022-07-14 02:53:00,19734.5,19740.0,19734.5,19740.0,17.888,353083.222
2022-07-14 02:54:00,19740.0,19740.0,19735.5,19735.5,25.067,494811.743
2022-07-14 02:55:00,19735.5,19765.5,19735.0,19764.5,52.127,1029361.7425
2022-07-14 02:56:00,19764.5,19765.5,19753.0,19759.5,10.819,213750.4985
2022-07-14 02:57:00,19759.5,19760.5,19757.5,19758.5,45.023,889576.3085
2022-07-14 02:58:00,19758.5,19777.5,19754.5,19772.5,95.668,1890520.573
2022-07-14 02:59:00,19772.5,19798.5,19772.0,19798.5,102.344,2024651.8205
2022-07-14 03:00:00,19798.5,19820.0,19775.0,19775.0,251.054,4971544.245
2022-07-14 03:01:00,19775.0,19775.5,19767.5,19767.5,80.01,1582175.6135
2022-07-14 03:02:00,19767.5,19775.5,19763.0,19775.0,50.827,1004685.7085
2022-07-14 03:03:00,19775.0,19809.5,19775.0,19794.0,92.2,1825283.962
2022-07-14 03:04:00,19794.0,19806.5,19788.0,19799.5,26.373,522065.613
2022-07-14 03:05:00,19799.5,19819.0,19783.0,19809.0,103.566,2050628.914
2022-07-14 03:06:00,19809.0,19825.0,19804.5,19815.5,56.478,1119084.644
2022-07-14 03:07:00,19815.5,19816.0,19784.0,19792.5,68.987,1365628.5445
2022-07-14 03:08:00,19792.5,19803.5,19792.5,19797.5,49.732,984615.773
2022-07-14 03:09:00,19797.5,19798.0,19794.0,19794.5,8.401,166311.9035
2022-07-14 03:10:00,19794.5,19794.5,19777.0,19785.0,48.789,965287.2145
2022-07-14 03:11:00,19785.0,19819.0,19784.5,19817.5,116.018,2297783.9765
2022-07-14 03:12:00,19817.5,19817.5,19809.5,19811.0,38.264,758124.2675
2022-07-14 03:13:00,19811.0,19879.0,19811.0,19869.5,342.446,6798373.0185
2022-07-14 03:14:00,19869.5,19930.0,19845.5,19887.5,700.335,13930615.0875
2022-07-14 03:15:00,19887.5,19894.0,19828.0,19845.0,239.781,4761139.592
2022-07-14 03:16:00,19845.0,19849.0,19845.0,19845.0,66.178,1313377.529
2022-07-14 03:17:00,19845.0,19873.5,19840.5,19863.0,102.99,2044601.2715
2022-07-14 03:18:00,19863.0,19878.0,19836.0,19878.0,190.574,3783555.1545
2022-07-14 03:19:00,19878.0,19880.0,19862.5,19880.0,49.376,981178.0075
2022-07-14 03:20:00,19880.0,19886.0,19879.0,19886.0,67.738,1346628.163
2022-07-14 03:21:00,19886.0,19915.0,19886.0,19909.0,98.823,1966876.9275
2022-07-14 03:22:00,19909.0,19909.0,19904.5,19904.5,46.605,927787.2855
2022-07-14 03:23:00,19904.5,19915.0,19904.5,19908.0,60.911,1212816.7135
2022-07-14 03:24:00,19908.0,19940.0,19904.5,19940.0,232.854,4640067.6185
2022-07-14 03:25:00,19940.0,19943.5,19894.0,19898.5,145.694,2900873.1775
2022-07-14 03:26:00,19898.5,19928.0,19898.0,19923.5,114.52,2280123.389
2022-07-14 03:27:00,19923.5,19923.5,19882.5,19883.0,87.398,1739035.969
2022-07-14 03:28:00,19883.0,19896.0,19881.0,19891.5,44.253,880202.8625
2022-07-14 03:29:00,19891.5,19908.0,19891.5,19908.0,65.593,1305007.42
2022-07-14 03:30:00,19908.0,19928.0,19894.5,19915.5,433.145,8623587.64
2022-07-14 03:31:00,19915.5,19943.5,19915.0,19943.0,133.037,2652068.453
2022-07-14 03:32:00,19943.0,19976.0,19932.5,19967.5,415.508,8293306.768
2022-07-14 03:33:00,19967.5,19994.0,19967.0,19977.5,226.24,4520816.1715
2022-07-14 03:34:00,19977.5,20021.0,19943.5,19950.0,638.515,12760477.6765
2022-07-14 03:35:00,19950.0,19972.5,19937.0,19948.5,209.515,4180755.459
2022-07-14 03:36:00,19948.5,19948.5,19915.0,19930.5,135.497,2700193.596
2022-07-14 03:37:00,19930.5,19930.5,19910.5,19912.5,83.359,1660497.6165
2022-07-14 03:38:00,19912.5,19914.0,19894.5,19897.5,108.17,2152937.584
2022-07-14 03:39:00,19897.5,19897.5,19832.0,19846.0,711.754,14134664.2195
2022-07-14 03:40:00,19846.0,19876.5,19838.0,19860.5,255.068,5065472.259
2022-07-14 03:41:00,19860.5,19882.5,19857.0,19874.0,108.277,2151620.795
2022-07-14 03:42:00,19874.0,19874.0,19855.5,19855.5,40.198,798544.718
2022-07-14 03:43:00,19855.5,19877.0,19855.5,19873.0,59.314,1178726.557
2022-07-14 03:44:00,19873.0,19906.0,19872.5,19891.5,137.622,2737326.8
2022-07-14 03:45:00,19891.5,19900.0,19872.0,19872.0,46.786,930318.4455
2022-07-14 03:46:00,19872.0,19885.5,19870.5,19881.0,42.393,842597.734
2022-07-14 03:47:00,19881.0,19894.5,19867.0,19867.0,38.281,761128.5295
2022-07-14 03:48:00,19867.0,19890.0,19861.5,19883.0,31.524,626629.646
2022-07-14 03:49:00,19883.0,19885.5,19882.5,19885.5,32.106,638395.0975
2022-07-14 03:50:00,19885.5,19899.5,19880.0,19895.5,21.63,430163.0165
2022-07-14 03:51:00,19895.5,19910.0,19894.0,19907.0,93.232,1855568.236
2022-07-14 03:52:00,19907.0,19933.5,19907.0,19930.5,103.164,2054962.2485
2022-07-14 03:53:00,19930.5,19933.5,19920.0,19921.0,63.453,1264396.8975
2022-07-14 03:54:00,19921.0,19931.5,19916.0,19916.0,94.064,1874376.0295
2022-07-14 03:55:00,19916.0,19939.0,19916.0,19938.5,83.469,1663335.9325
2022-07-14 03:56:00,19938.5,19942.0,19913.0,19913.5,114.234,2277063.229
2022-07-14 03:57:00,19913.5,19927.0,19910.0,19910.5,64.352,1281872.9395
2022-07-14 03:58:00,19910.5,19918.5,19890.5,19891.0,132.073,2628266.2655
2022-07-14 03:59:00,19891.0,19897.5,19870.0,19870.0,98.814,1965214.827
2022-07-14 04:00:00,19870.0,19882.5,19870.0,19880.0,39.895,793015.62
2022-07-14 04:01:00,19880.0,19910.0,19879.5,19909.5,112.122,2230972.854
2022-07-14 04:02:00,19909.5,19918.5,19908.0,19914.0,39.946,795458.363
2022-07-14 04:03:00,19914.0,19919.0,19913.5,19918.0,27.149,540764.2065
2022-07-14 04:04:00,19918.0,19918.0,19907.5,19910.0,35.256,702080.2975
2022-07-14 04:05:00,19910.0,19910.0,19889.5,19890.0,33.837,673530.356
2022-07-14 04:06:00,19890.0,19890.0,19874.5,19875.0,54.274,1079063.0545
2022-07-14 04:07:00,19875.0,19877.0,19856.0,19856.0,116.934,2322525.769
2022-07-14 04:08:00,19856.0,19862.5,19853.5,19854.0,93.902,1864617.286
2022-07-14 04:09:00,19854.0,19854.0,19844.0,19844.5,105.683,2097691.532
2022-07-14 04:10:00,19844.5,19844.5,19809.0,19838.0,174.434,3458208.733
2022-07-14 04:11:00,19838.0,19838.0,19821.5,19833.0,101.404,2010583.6965
2022-07-14 04:12:00,19833.0,19835.0,19824.0,19831.0,74.858,1484466.79
2022-07-14 04:13:00,19831.0,19831.0,19820.0,19824.0,43.245,857308.4315
2022-07-14 04:14:00,19824.0,19835.0,19820.0,19823.0,108.918,2159690.8755
2022-07-14 04:15:00,19823.0,19842.5,19823.0,19838.5,97.787,1939445.1345
2022-07-14 04:16:00,19838.5,19844.0,19831.0,19832.5,124.067,2461084.5285
2022-07-14 04:17:00,19832.5,19840.0,19828.5,19831.5,48.02,952350.994
2022-07-14 04:18:00,19831.5,19835.0,19830.5,19831.5,31.698,628646.715
2022-07-14 04:19:00,19831.5,19862.5,19831.0,19850.0,188.762,3746149.346
2022-07-14 04:20:00,19850.0,19857.0,19841.0,19849.5,30.352,602404.5025
2022-07-14 04:21:00,19849.5,19854.0,19832.0,19834.0,56.121,1113538.0315
2022-07-14 04:22:00,19834.0,19834.0,19820.0,19824.0,70.077,1389335.639
2022-07-14 04:23:00,19824.0,19848.5,19824.0,19848.5,126.802,2515302.924
2022-07-14 04:24:00,19848.5,19849.0,19832.0,19838.5,19.086,378688.6655
2022-07-14 04:25:00,19838.5,19847.0,19838.5,19846.5,29.745,590176.8045
2022-07-14 04:26:00,19846.5,19846.5,19826.5,19830.0,37.305,739992.1425
2022-07-14 04:27:00,19830.0,19831.5,19825.0,19827.5,18.316,363150.4815
2022-07-14 04:28:00,19827.5,19830.0,19823.0,19829.5,13.967,276907.92
2022-07-14 04:29:00,19829.5,19830.0,19829.0,19829.0,14.193,281439.837
2022-07-14 04:30:00,19829.0,19830.0,19822.5,19827.0,25.868,512907.4475
2022-07-14 04:31:00,19827.0,19850.0,19827.0,19849.5,108.357,2150145.2665
2022-07-14 04:32:00,19849.5,19888.0,19842.0,19888.0,107.945,2144621.7035
2022-07-14 04:33:00,19888.0,19889.0,19874.0,19889.0,50.649,1007018.92
2022-07-14 04:34:00,19889.0,19894.5,19875.0,19880.5,56.858,1130605.6755
2022-07-14 04:35:00,19880.5,19907.5,19878.0,19899.5,156.202,3107724.9705
2022-07-14 04:36:00,19899.5,19905.0,19890.0,19905.0,64.119,1275990.875
2022-07-14 04:37:00,19905.0,19922.0,19901.0,19920.5,105.017,2091201.1195
2022-07-14 04:38:00,19920.5,19920.5,19885.0,19885.0,79.153,1575235.41
2022-07-14 04:39:00,19885.0,19909.5,19885.0,19905.0,56.075,1115683.1775
2022-07-14 04:40:00,19905.0,19906.0,19892.0,19892.5,65.553,1304539.8495
2022-07-14 04:41:00,19892.5,19898.5,19887.5,19896.5,54.625,1086621.7665
2022-07-14 04:42:00,19896.5,19900.0,19882.0,19891.5,137.216,2730179.964
2022-07-14 04:43:00,19891.5,19900.0,19891.0,19900.0,71.613,1424927.3665
2022-07-14 04:44:00,19900.0,19968.0,19899.5,19953.0,480.307,9574402.2165
2022-07-14 04:45:00,19953.0,20330.0,19949.5,20322.5,4798.71,96842674.6545
2022-07-14 04:46:00,20322.5,20346.0,20135.0,20214.5,2325.901,47070732.8695
2022-07-14 04:47:00,20214.5,20249.5,20175.5,20249.5,794.595,16058793.1515
2022-07-14 04:48:00,20249.5,20264.0,20162.0,20211.0,689.96,13942676.041
2022-07-14 04:49:00,20211.0,20211.0,20166.5,20181.5,296.402,5982900.2415
2022-07-14 04:50:00,20181.5,20211.5,20172.5,20198.5,304.729,6154501.394
2022-07-14 04:51:00,20198.5,20230.0,20198.0,20210.0,238.966,4830504.0135
2022-07-14 04:52:00,20210.0,20256.0,20210.0,20245.5,377.486,7638140.674
2022-07-14 04:53:00,20245.5,20248.0,20201.0,20206.5,206.527,4176683.7265
2022-07-14 04:54:00,20206.5,20213.5,20141.0,20149.0,583.724,11778245.202
2022-07-14 04:55:00,20149.0,20171.5,20112.0,20135.5,581.639,11715686.4365
2022-07-14 04:56:00,20135.5,20136.0,20055.0,20078.0,733.051,14728428.3855
2022-07-14 04:57:00,20078.0,20097.0,20055.0,20059.0,327.377,6573734.1775
2022-07-14 04:58:00,20059.0,20096.0,20050.0,20054.0,355.419,7134160.066
2022-07-14 04:59:00,20054.0,20076.0,20043.0,20074.5,235.178,4716648.156
2022-07-14 05:00:00,20074.5,20113.0,20074.0,20110.5,263.204,5289680.8875
2022-07-14 05:01:00,20110.5,20115.5,20103.5,20104.0,98.019,1971234.6835
2022-07-14 05:02:00,20104.0,20158.5,20086.5,20133.5,417.781,8405472.3655
2022-07-14 05:03:00,20133.5,20162.5,20126.0,20141.5,185.935,3746080.004
2022-07-14 05:04:00,20141.5,20142.0,20121.0,20123.5,96.507,1942951.462
2022-07-14 05:05:00,20123.5,20160.0,20123.5,20159.5,131.584,2650532.3705
2022-07-14 05:06:00,20159.5,20160.0,20139.0,20148.0,145.948,2940842.802
2022-07-14 05:07:00,20148.0,20154.0,20108.0,20121.5,74.183,1493577.009
2022-07-14 05:08:00,20121.5,20147.5,20120.5,20143.5,114.988,2315207.8185
2022-07-14 05:09:00,20143.5,20147.5,20125.5,20125.5,87.324,1758370.178
2022-07-14 05:10:00,20125.5,20150.0,20125.0,20149.5,223.316,4496424.412
2022-07-14 05:11:00,20149.5,20180.5,20141.5,20174.0,257.733,5197720.3895
2022-07-14 05:12:00,20174.0,20178.5,20169.0,20176.0,107.302,2164717.0875
2022-07-14 05:13:00,20176.0,20191.0,20167.0,20184.5,111.101,2241612.1755
2022-07-14 05:14:00,20184.5,20185.0,20160.0,20175.0,138.797,2799248.167
2022-07-14 05:15:00,20175.0,20185.5,20165.5,20167.5,61.244,1235456.8605
2022-07-14 05:16:00,20167.5,20167.5,20162.5,20167.5,82.974,1673243.1115
2022-07-14 05:17:00,20167.5,20167.5,20132.5,20132.5,120.194,2422023.237
2022-07-14 05:18:00,20132.5,20167.0,20127.5,20167.0,186.786,3762300.438
2022-07-14 05:19:00,20167.0,20167.0,20157.0,20164.5,32.854,662427.9255
2022-07-14 05:20:00,20164.5,20211.0,20154.5,20200.5,264.731,5343477.831
2022-07-14 05:21:00,20200.5,20277.0,20197.5,20218.0,490.332,9921301.399
2022-07-14 05:22:00,20218.0,20218.0,20186.5,20186.5,296.739,5994148.22
2022-07-14 05:23:00,20186.5,20188.0,20171.0,20172.0,145.344,2933008.8175
2022-07-14 05:24:00,20172.0,20172.5,20161.0,20167.5,80.436,1622298.01
2022-07-14 05:25:00,20167.5,20177.5,20165.0,20169.5,81.612,1646030.052
2022-07-14 05:26:00,20169.5,20200.0,20169.5,20190.0,145.946,2946403.795
2022-07-14 05:27:00,20190.0,20300.0,20183.0,20256.5,550.062,11137105.258
2022-07-14 05:28:00,20256.5,20257.0,20213.0,20224.5,158.624,3208819.9695
2022-07-14 05:29:00,20224.5,20237.5,20215.0,20215.5,146.182,2956790.314
2022-07-14 05:30:00,20215.5,20221.0,20200.0,20202.0,253.561,5125229.4805
2022-07-14 05:31:00,20202.0,20261.0,20194.5,20248.5,391.257,7911653.471
2022-07-14 05:32:00,20248.5,20287.0,20229.5,20265.5,404.713,8196506.2915
2022-07-14 05:33:00,20265.5,20345.0,20255.0,20323.5,838.013,17015210.643
2022-07-14 05:34:00,20323.5,20398.0,20306.0,20356.5,1573.393,32036996.575
2022-07-14 05:35:00,20356.5,20364.0,20300.0,20306.5,466.804,9491058.961
2022-07-14 05:36:00,20306.5,20336.0,20283.0,20283.0,306.045,6215102.4925
2022-07-14 05:37:00,20283.0,20299.5,20273.5,20285.0,166.452,3376743.0985
2022-07-14 05:38:00,20285.0,20285.0,20253.5,20270.5,190.611,3863514.299
2022-07-14 05:39:00,20270.5,20270.5,20249.5,20250.0,246.71,4997772.0175
2022-07-14 05:40:00,20250.0,20293.0,20248.0,20280.5,126.391,2561222.1235
2022-07-14 05:41:00,20280.5,20281.0,20253.0,20255.0,112.005,2269677.562
2022-07-14 05:42:00,20255.0,20260.0,20250.0,20252.0,77.178,1563043.56
2022-07-14 05:43:00,20252.0,20277.0,20245.0,20272.0,107.792,2183317.4055
2022-07-14 05:44:00,20272.0,20293.0,20262.0,20286.0,87.732,1778892.7565
2022-07-14 05:45:00,20286.0,20329.0,20285.5,20305.5,204.804,4158376.202
2022-07-14 05:46:00,20305.5,20305.5,20260.5,20261.0,93.384,1893984.0565
2022-07-14 05:47:00,20261.0,20264.5,20242.0,20242.0,89.974,1822227.4785
2022-07-14 05:48:00,20242.0,20249.0,20210.0,20215.0,367.585,7434953.064
2022-07-14 05:49:00,20215.0,20230.0,20210.0,20219.5,211.709,4280374.4905
2022-07-14 05:50:00,20219.5,20250.0,20219.0,20221.0,152.503,3086032.722
2022-07-14 05:51:00,20221.0,20221.0,20180.0,20190.5,282.74,5710629.405
2022-07-14 05:52:00,20190.5,20201.5,20187.5,20199.5,194.793,3933511.716
2022-07-14 05:53:00,20199.5,20200.0,20184.0,20192.0,190.076,3837702.9995
2022-07-14 05:54:00,20192.0,20194.5,20175.0,20187.5,106.854,2156621.06
2022-07-14 05:55:00,20187.5,20202.5,20178.0,20178.0,161.267,3257017.8365
2022-07-14 05:56:00,20178.0,20195.5,20178.0,20191.0,36.766,742260.884
2022-07-14 05:57:00,20191.0,20219.5,20181.0,20213.0,163.899,3311622.231
2022-07-14 05:58:00,20213.0,20213.0,20194.5,20194.5,130.958,2645334.637
2022-07-14 05:59:00,20194.5,20198.5,20152.5,20160.0,178.147,3592526.1915
2022-07-14 06:00:00,20160.0,20261.5,20160.0,20220.5,406.152,8211073.144
2022-07-14 06:01:00,20220.5,20232.0,20200.0,20200.5,150.045,3033057.8105
2022-07-14 06:02:00,20200.5,20204.5,20186.5,20196.5,47.295,954934.8925
2022-07-14 06:03:00,20196.5,20222.0,20192.5,20213.0,92.227,1863519.861
2022-07-14 06:04:00,20213.0,20213.0,20193.5,20200.5,53.331,1077338.461
2022-07-14 06:05:00,20200.5,20217.0,20190.0,20192.0,121.655,2457475.279
2022-07-14 06:06:00,20192.0,20208.0,20192.0,20193.5,33.568,678034.1345
2022-07-14 06:07:00,20193.5,20232.5,20193.0,20226.5,163.346,3302676.482
2022-07-14 06:08:00,20226.5,20230.0,20200.0,20200.5,54.393,1099449.0725
2022-07-14 06:09:00,20200.5,20221.5,20200.0,20214.5,102.882,2079678.485
2022-07-14 06:10:00,20214.5,20239.0,20212.0,20214.5,42.878,867287.46
2022-07-14 06:11:00,20214.5,20240.5,20214.0,20234.0,198.525,4015819.558
2022-07-14 06:12:00,20234.0,20282.5,20230.0,20278.5,224.789,4554874.7925
2022-07-14 06:13:00,20278.5,20278.5,20247.0,20247.5,130.374,2641312.006
2022-07-14 06:14:00,20247.5,20264.5,20247.5,20250.5,76.607,1551624.37
2022-07-14 06:15:00,20250.5,20269.5,20250.0,20263.5,88.738,1797735.0105
2022-07-14 06:16:00,20263.5,20267.5,20253.5,20267.0,61.811,1252236.3535
2022-07-14 06:17:00,20267.0,20330.0,20267.0,20305.0,282.687,5738445.5545
2022-07-14 06:18:00,20305.0,20319.0,20294.0,20299.5,123.548,2508333.09
2022-07-14 06:19:00,20299.5,20300.0,20264.0,20270.0,92.662,1879316.7335
2022-07-14 06:20:00,20270.0,20302.0,20269.5,20284.0,115.219,2337356.185
2022-07-14 06:21:00,20284.0,20318.0,20284.0,20311.0,109.978,2233445.51
2022-07-14 06:22:00,20311.0,20320.0,20307.0,20310.5,110.206,2238572.721
2022-07-14 06:23:00,20310.5,20329.0,20303.0,20320.5,95.406,1938311.2465
2022-07-14 06:24:00,20320.5,20381.0,20320.0,20351.5,651.489,13261926.5865
2022-07-14 06:25:00,20351.5,20351.5,20302.0,20325.5,292.197,5937722.6255
2022-07-14 06:26:00,20325.5,20336.5,20283.5,20291.0,222.649,4520907.43
2022-07-14 06:27:00,20291.0,20300.0,20289.5,20299.5,47.668,967429.4375
2022-07-14 06:28:00,20299.5,20318.0,20299.5,20312.5,68.926,1399636.6705
2022-07-14 06:29:00,20312.5,20312.5,20293.5,20294.0,42.702,867128.3795
2022-07-14 06:30:00,20294.0,20310.0,20291.0,20310.0,76.671,1556375.681
2022-07-14 06:31:00,20310.0,20310.0,20290.5,20291.0,57.786,1172979.353
2022-07-14 06:32:00,20291.0,20291.0,20250.0,20257.0,272.01,5512530.407
2022-07-14 06:33:00,20257.0,20271.0,20253.0,20255.5,114.835,2326888.7245
2022-07-14 06:34:00,20255.5,20272.0,20255.0,20265.5,91.193,1847757.8095
2022-07-14 06:35:00,20265.5,20266.0,20229.0,20245.0,214.183,4336445.672
2022-07-14 06:36:00,20245.0,20250.0,20239.5,20248.5,44.853,908031.239
2022-07-14 06:37:00,20248.5,20254.5,20248.0,20254.5,49.707,1006601.88
2022-07-14 06:38:00,20254.5,20254.5,20252.5,20253.0,30.164,610913.0875
2022-07-14 06:39:00,20253.0,20288.0,20240.5,20284.5,131.342,2661690.2505
2022-07-14 06:40:00,20284.5,20285.0,20276.0,20279.5,60.722,1231553.139
2022-07-14 06:41:00,20279.5,20310.0,20279.5,20308.5,97.784,1985276.0795
2022-07-14 06:42:00,20308.5,20325.0,20307.5,20324.5,82.629,1678664.372
2022-07-14 06:43:00,20324.5,20335.0,20321.5,20325.0,163.245,3318592.093
2022-07-14 06:44:00,20325.0,20331.5,20325.0,20331.5,49.428,1004757.9475
2022-07-14 06:45:00,20331.5,20340.0,20327.0,20339.0,130.454,2652597.417
2022-07-14 06:46:00,20339.0,20370.0,20335.5,20360.0,294.974,6003170.055
2022-07-14 06:47:00,20360.0,20422.0,20350.0,20409.0,811.951,16561995.6675
2022-07-14 06:48:00,20409.0,20412.0,20324.5,20334.5,735.534,14986359.4085
2022-07-14 06:49:00,20334.5,20349.5,20301.0,20323.5,324.606,6596330.919
2022-07-14 06:50:00,20323.5,20323.5,20289.5,20297.5,131.735,2674467.11
2022-07-14 06:51:00,20297.5,20333.0,20289.5,20322.0,244.347,4963044.451
2022-07-14 06:52:00,20322.0,20330.0,20300.0,20304.0,123.441,2507944.9755
2022-07-14 06:53:00,20304.0,20323.0,20303.5,20306.0,151.6,3078993.176
2022-07-14 06:54:00,20306.0,20318.5,20273.5,20277.5,281.558,5715139.576
2022-07-14 06:55:00,20277.5,20282.5,20264.5,20273.5,205.81,4172288.729
2022-07-14 06:56:00,20273.5,20278.5,20266.0,20269.5,47.185,956561.7715
2022-07-14 06:57:00,20269.5,20272.0,20266.5,20267.5,81.233,1646557.077
2022-07-14 06:58:00,20267.5,20278.5,20267.0,20271.0,64.215,1301776.173
2022-07-14 06:59:00,20271.0,20283.5,20266.0,20277.0,83.154,1685802.787
2022-07-14 07:00:00,20277.0,20279.0,20253.5,20268.5,94.25,1909833.8285
2022-07-14 07:01:00,20268.5,20269.0,20245.0,20248.5,192.879,3906427.093
2022-07-14 07:02:00,20248.5,20249.0,20225.0,20235.5,295.785,5985315.8975
2022-07-14 07:03:00,20235.5,20263.0,20228.5,20256.5,369.048,7470731.1645
2022-07-14 07:04:00,20256.5,20260.0,20245.5,20258.5,43.191,874905.293
2022-07-14 07:05:00,20258.5,20259.0,20245.0,20251.5,59.448,1203964.4795
2022-07-14 07:06:00,20251.5,20254.5,20246.0,20254.5,60.67,1228591.5955
2022-07-14 07:07:00,20254.5,20267.5,20251.0,20253.5,66.685,1350923.143
2022-07-14 07:08:00,20253.5,20255.0,20234.5,20240.5,135.532,2743442.797
2022-07-14 07:09:00,20240.5,20256.5,20231.0,20254.0,37.474,758758.6845
2022-07-14 07:10:00,20254.0,20254.5,20233.5,20249.5,59.587,1206308.8245
2022-07-14 07:11:00,20249.5,20261.5,20244.0,20259.5,32.4,656149.14
2022-07-14 07:12:00,20259.5,20265.0,20243.5,20243.5,104.541,2117640.9985
2022-07-14 07:13:00,20243.5,20250.0,20225.0,20226.0,281.688,5699830.3145
2022-07-14 07:14:00,20226.0,20249.0,20226.0,20248.0,38.776,784641.686
2022-07-14 07:15:00,20248.0,20253.0,20233.5,20233.5,35.833,725543.113
2022-07-14 07:16:00,20233.5,20240.0,20227.5,20240.0,40.868,826978.5485
2022-07-14 07:17:00,20240.0,20261.0,20239.5,20248.0,56.588,1145727.1085
2022-07-14 07:18:00,20248.0,20251.0,20240.5,20242.5,45.347,918132.133
2022-07-14 07:19:00,20242.5,20243.0,20224.5,20227.5,84.06,1700637.989
2022-07-14 07:20:00,20227.5,20227.5,20223.0,20227.0,57.332,1159596.329
2022-07-14 07:21:00,20227.0,20242.5,20227.0,20233.5,82.264,1664721.473
2022-07-14 07:22:00,20233.5,20245.5,20230.0,20237.5,32.221,652157.237
2022-07-14 07:23:00,20237.5,20239.0,20230.0,20237.0,34.172,691418.714
2022-07-14 07:24:00,20237.0,20239.0,20237.0,20239.0,18.365,371667.734
2022-07-14 07:25:00,20239.0,20286.0,20238.5,20285.0,309.725,6277895.14
2022-07-14 07:26:00,20285.0,20285.0,20216.0,20217.5,148.04,2996302.316
2022-07-14 07:27:00,20217.5,20264.5,20217.5,20256.0,98.837,2000996.2665
2022-07-14 07:28:00,20256.0,20279.5,20255.5,20269.5,154.592,3133279.5085
2022-07-14 07:29:00,20269.5,20274.0,20264.5,20267.0,39.649,803696.7805
2022-07-14 07:30:00,20267.0,20280.0,20267.0,20269.0,71.769,1455095.957
2022-07-14 07:31:00,20269.0,20269.5,20240.0,20240.0,35.083,710513.7805
2022-07-14 07:32:00,20240.0,20271.0,20236.5,20263.5,56.628,1146674.64
2022-07-14 07:33:00,20263.5,20270.0,20261.5,20264.0,24.045,487318.5625
2022-07-14 07:34:00,20264.0,20269.0,20256.5,20260.5,24.219,490743.9905
2022-07-14 07:35:00,20260.5,20260.5,20251.5,20255.5,20.312,411432.6875
2022-07-14 07:36:00,20255.5,20264.5,20246.5,20247.0,42.106,852840.161
2022-07-14 07:37:00,20247.0,20247.0,20221.5,20229.5,88.394,1788131.4115
2022-07-14 07:38:00,20229.5,20244.0,20229.0,20229.0,41.64,842565.642
2022-07-14 07:39:00,20229.0,20238.0,20225.0,20225.5,37.375,756120.307
2022-07-14 07:40:00,20225.5,20225.5,20209.0,20210.0,118.853,2402979.828
2022-07-14 07:41:00,20210.0,20230.0,20209.5,20215.5,74.198,1500254.3055
2022-07-14 07:42:00,20215.5,20218.0,20210.5,20217.5,102.702,2075992.6375
2022-07-14 07:43:00,20217.5,20224.5,20216.0,20221.5,47.687,964291.591
2022-07-14 07:44:00,20221.5,20226.5,20211.0,20211.0,29.466,595842.073
2022-07-14 07:45:00,20211.0,20222.0,20211.0,20222.0,50.548,1021811.2305
2022-07-14 07:46:00,20222.0,20230.0,20221.5,20230.0,50.561,1022595.936
2022-07-14 07:47:00,20230.0,20244.0,20225.0,20236.5,94.403,1910391.9
2022-07-14 07:48:00,20236.5,20237.0,20225.0,20235.5,25.537,516671.0755
2022-07-14 07:49:00,20235.5,20236.0,20230.0,20235.0,16.088,325520.3095
2022-07-14 07:50:00,20235.0,20235.5,20232.0,20232.0,12.834,259692.6505
2022-07-14 07:51:00,20232.0,20232.0,20211.5,20214.5,108.39,2192024.4935
2022-07-14 07:52:00,20214.5,20228.0,20213.0,20215.5,50.155,1014124.9825
2022-07-14 07:53:00,20215.5,20230.0,20215.0,20228.0,34.139,690421.0665
2022-07-14 07:54:00,20228.0,20236.0,20228.0,20232.5,10.99,222337.671
2022-07-14 07:55:00,20232.5,20232.5,20231.0,20231.0,13.682,276804.0415
2022-07-14 07:56:00,20231.0,20238.5,20228.0,20238.5,40.601,821557.2355
2022-07-14 07:57:00,20238.5,20241.5,20226.5,20231.5,43.159,873345.456
2022-07-14 07:58:00,20231.5,20235.5,20231.0,20235.0,3.769,76263.599
2022-07-14 07:59:00,20235.0,20239.0,20235.0,20235.0,20.706,419025.5245
2022-07-14 08:00:00,20235.0,20242.5,20234.5,20241.0,64.319,1301820.73
2022-07-14 08:01:00,20241.0,20248.0,20227.0,20229.5,80.624,1631443.803
2022-07-14 08:02:00,20229.5,20261.0,20229.0,20250.5,211.404,4280460.037
2022-07-14 08:03:00,20250.5,20268.0,20250.5,20262.5,50.664,1026442.256
2022-07-14 08:04:00,20262.5,20267.0,20247.0,20253.0,97.148,1968178.1645
2022-07-14 08:05:00,20253.0,20273.5,20253.0,20264.0,82.085,1663502.4275
2022-07-14 08:06:00,20264.0,20310.0,20263.5,20292.5,300.314,6095218.99
2022-07-14 08:07:00,20292.5,20300.0,20282.0,20285.5,115.323,2340136.558
2022-07-14 08:08:00,20285.5,20285.5,20272.5,20279.5,37.673,763939.294
2022-07-14 08:09:00,20279.5,20295.0,20279.5,20291.0,90.636,1838969.0705
2022-07-14 08:10:00,20291.0,20292.5,20275.0,20275.5,120.639,2446718.0915
2022-07-14 08:11:00,20275.5,20279.0,20235.5,20238.5,221.592,4488635.283
2022-07-14 08:12:00,20238.5,20274.5,20238.5,20263.5,130.39,2641735.3805
2022-07-14 08:13:00,20263.5,20269.0,20257.5,20269.0,26.879,544622.9195
2022-07-14 08:14:00,20269.0,20272.5,20219.5,20226.5,121.828,2465731.995
2022-07-14 08:15:00,20226.5,20243.0,20226.5,20241.5,46.108,932993.607
2022-07-14 08:16:00,20241.5,20249.0,20230.5,20231.0,22.416,453687.5055
2022-07-14 08:17:00,20231.0,20231.0,20215.0,20216.0,75.396,1524583.765
2022-07-14 08:18:00,20216.0,20216.5,20215.0,20216.0,37.756,763256.3815
2022-07-14 08:19:00,20216.0,20216.5,20201.0,20212.0,170.656,3449222.193
2022-07-14 08:20:00,20212.0,20218.5,20207.5,20211.5,69.984,1414523.247
2022-07-14 08:21:00,20211.5,20211.5,20179.0,20199.5,338.58,6836191.7
2022-07-14 08:22:00,20199.5,20207.0,20175.0,20177.0,132.583,2676269.612
2022-07-14 08:23:00,20177.0,20194.0,20175.0,20183.0,285.596,5764498.4875
2022-07-14 08:24:00,20183.0,20197.0,20179.0,20197.0,70.672,1426842.138
2022-07-14 08:25:00,20197.0,20200.0,20196.5,20199.5,44.189,892533.829
2022-07-14 08:26:00,20199.5,20204.0,20199.5,20200.0,21.874,441880.501
2022-07-14 08:27:00,20200.0,20225.5,20200.0,20218.0,102.463,2071495.1595
2022-07-14 08:28:00,20218.0,20247.5,20217.5,20246.0,70.908,1434704.743
2022-07-14 08:29:00,20246.0,20246.0,20235.0,20244.5,57.782,1169418.6695
2022-07-14 08:30:00,20244.5,20254.5,20238.0,20238.5,52.622,1065336.5275
2022-07-14 08:31:00,20238.5,20330.0,20238.0,20301.0,888.477,18034722.282
2022-07-14 08:32:00,20301.0,20312.0,20283.5,20310.5,266.311,5406328.32
2022-07-14 08:33:00,20310.5,20318.5,20285.0,20299.5,177.429,3601254.7595
2022-07-14 08:34:00,20299.5,20310.0,20297.0,20305.5,96.369,1956713.7635
2022-07-14 08:35:00,20305.5,20342.5,20282.0,20284.5,227.76,4626447.225
2022-07-14 08:36:00,20284.5,20294.0,20275.5,20285.5,82.708,1677652.291
2022-07-14 08:37:00,20285.5,20320.0,20282.0,20301.0,135.701,2755595.7555
2022-07-14 08:38:00,20301.0,20314.0,20294.0,20300.5,53.343,1083065.8395
2022-07-14 08:39:00,20300.5,20314.0,20300.0,20310.5,38.168,774951.883
2022-07-14 08:40:00,20310.5,20316.0,20293.5,20296.5,46.563,945486.8805
2022-07-14 08:41:00,20296.5,20304.0,20293.5,20293.5,48.076,975752.3685
2022-07-14 08:42:00,20293.5,20298.0,20291.5,20292.0,29.002,588622.1705
2022-07-14 08:43:00,20292.0,20292.0,20282.0,20282.5,43.398,880408.2155
2022-07-14 08:44:00,20282.5,20292.5,20282.0,20292.5,15.534,315182.7765
2022-07-14 08:45:00,20292.5,20293.5,20283.0,20286.5,16.471,334147.746
2022-07-14 08:46:00,20286.5,20310.0,20286.0,20308.5,44.908,911592.1175
2022-07-14 08:47:00,20308.5,20313.5,20301.5,20313.0,99.124,2012927.734
2022-07-14 08:48:00,20313.0,20333.5,20308.5,20333.0,88.247,1793362.848
2022-07-14 08:49:00,20333.0,20333.5,20315.5,20320.0,60.042,1220228.7635
2022-07-14 08:50:00,20320.0,20340.0,20320.0,20335.5,56.818,1155151.221
2022-07-14 08:51:00,20335.5,20335.5,20325.0,20330.0,39.541,803802.053
2022-07-14 08:52:00,20330.0,20370.5,20329.5,20343.0,258.089,5252389.7555
2022-07-14 08:53:00,20343.0,20345.0,20333.5,20334.0,44.243,899888.0185
2022-07-14 08:54:00,20334.0,20334.0,20295.5,20295.5,212.344,4314043.9115
2022-07-14 08:55:00,20295.5,20296.0,20270.0,20276.5,230.876,4681566.703
2022-07-14 08:56:00,20276.5,20283.5,20273.5,20274.0,33.769,684790.5165
2022-07-14 08:57:00,20274.0,20274.0,20262.5,20267.5,78.937,1599813.601
2022-07-14 08:58:00,20267.5,20277.5,20252.0,20269.0,80.043,1622008.2025
2022-07-14 08:59:00,20269.0,20280.0,20268.5,20280.0,64.396,1305607.391
2022-07-14 09:00:00,20280.0,20280.0,20262.5,20263.0,50.39,1021509.611
2022-07-14 09:01:00,20263.0,20280.0,20261.5,20267.0,64.355,1304377.9615
2022-07-14 09:02:00,20267.0,20273.5,20267.0,20272.5,13.305,269716.353
2022-07-14 09:03:00,20272.5,20283.0,20272.0,20277.5,42.49,861655.869
2022-07-14 09:04:00,20277.5,20283.5,20277.0,20283.0,21.825,442630.26
2022-07-14 09:05:00,20283.0,20293.5,20258.5,20258.5,137.728,2793366.075
2022-07-14 09:06:00,20258.5,20264.0,20256.0,20258.0,45.449,920779.2415
2022-07-14 09:07:00,20258.0,20265.0,20253.0,20255.5,44.407,899513.2135
2022-07-14 09:08:00,20255.5,20264.0,20252.0,20260.0,42.364,858081.1485
2022-07-14 09:09:00,20260.0,20260.0,20233.0,20235.5,139.392,2821907.825
2022-07-14 09:10:00,20235.5,20247.5,20220.0,20247.5,88.282,1785920.78
2022-07-14 09:11:00,20247.5,20260.0,20247.5,20260.0,30.959,627084.7155
2022-07-14 09:12:00,20260.0,20261.5,20236.5,20245.5,91.774,1858352.7745
2022-07-14 09:13:00,20245.5,20263.5,20239.5,20263.5,110.68,2241504.106
2022-07-14 09:14:00,20263.5,20263.5,20246.5,20257.0,44.625,904001.3565
2022-07-14 09:15:00,20257.0,20257.5,20236.0,20236.5,57.917,1172586.017
2022-07-14 09:16:00,20236.5,20236.5,20210.0,20230.0,187.311,3787180.423
2022-07-14 09:17:00,20230.0,20230.5,20219.0,20222.5,53.315,1078240.887
2022-07-14 09:18:00,20222.5,20230.0,20220.0,20224.0,66.755,1350090.381
2022-07-14 09:19:00,20224.0,20224.0,20210.0,20210.0,72.802,1471777.208
