startTime,openPrice,highPrice,lowPrice,closePrice,volume,turnover
1609007400000,25783,25791,25763.5,25783,8.404,216680.332
1609007460000,25783,25788,25782.5,25784,2.858,73690.672
1609007520000,25784,25788.5,25780.5,25787,4.299,110858.313
1609007580000,25787,25800,25786.5,25800,8.247,212772.6
1609007640000,25800,25820.5,25799.5,25820.5,11.609,299750.1845
1609007700000,25820.5,25823,25809.5,25812.5,3.173,81903.0625
1609007760000,25812.5,25812.5,25810,25810,2.108,54407.48
1609007820000,25810,25810,25797.5,25806.5,2.229,57522.6885
1609007880000,25806.5,25811.5,25806.5,25811.5,0.017,438.7955
1609007940000,25811.5,25811.5,25803.5,25804,1.536,39634.944
1609008000000,25804,25805,25767,25767,7.032,181193.544
1609008060000,25767,25767,25728.5,25746,35.442,912489.732
1609008120000,25746,25746,25653.5,25700.5,150.798,3875583.999
1609008180000,25700.5,25715.5,25700.5,25715,4.334,111448.81
1609008240000,25715,25727,25715,25720,5.69,146346.8
1609008300000,25720,25729,25691.5,25729,6.296,161989.784
1609008360000,25729,25747.5,25729,25742,1,25742
1609008420000,25742,25757,25741.5,25757,17.913,461385.141
1609008480000,25757,25763,25755.5,25755.5,4.031,103820.4205
1609008540000,25755.5,25763,25755.5,25762.5,3.741,96377.5125
1609008600000,25762.5,25778,25762.5,25778,53.298,1373915.844
1609008660000,25778,25778,25771,25771,1.646,42419.066
1609008720000,25771,25771.5,25771,25771,1.221,31466.391
1609008780000,25771,25771,25689,25718.5,14.35,369060.475
1609008840000,25718.5,25737.5,25716,25730,6.64,170847.2
1609008900000,25730,25732.5,25696,25700,8.954,230117.8
1609008960000,25700,25700,25666,25682,15.773,405082.186
1609009020000,25682,25689,25650,25659,54.749,1404804.591
1609009080000,25659,25679,25641,25657.5,32.043,822143.2725
1609009140000,25657.5,25671,25626.5,25670.5,32.558,835780.139
1609009200000,25670.5,25700.5,25670.5,25700,143.787,3695325.9
1609009260000,25700,25700,25683,25687.5,2.671,68611.3125
1609009320000,25687.5,25687.5,25679,25683,7.236,185842.188
1609009380000,25683,25683,25641.5,25641.5,6.324,162156.846
1609009440000,25641.5,25643.5,25641,25641,5.667,145307.547
1609009500000,25641,25659,25641,25659,7.181,184257.279
1609009560000,25659,25682.5,25659,25682.5,21,539332.5
1609009620000,25682.5,25720.5,25682.5,25683,59.949,1539670.167
1609009680000,25683,25684.5,25677,25681.5,53.738,1380072.447
1609009740000,25681.5,25696.5,25681,25692.5,3.408,87560.04
1609009800000,25692.5,25692.5,25690,25690,4.468,114782.92
1609009860000,25690,25710,25690,25710,3.598,92504.58
1609009920000,25710,25710,25709,25709,1,25709
1609009980000,25709,25711,25694.5,25695,5.483,140885.685
1609010040000,25695,25703,25694.5,25703,2.176,55929.728
1609010100000,25703,25732.5,25703,25732.5,7.815,201099.4875
1609010160000,25732.5,25734.5,25693,25700.5,3.994,102647.797
1609010220000,25700.5,25723.5,25700.5,25721.5,3.263,83929.2545
1609010280000,25721.5,25733.5,25721.5,25730.5,1.159,29821.6495
1609010340000,25730.5,25733.5,25730,25733.5,0.628,16160.638
1609010400000,25733.5,25773,25733.5,25770.5,11.375,293139.4375
1609010460000,25770.5,25770.5,25769,25770,3.229,83211.33
1609010520000,25770,25794,25770,25794,52.948,1365740.712
1609010580000,25794,25794,25770,25773,8.923,229972.479
1609010640000,25773,25773,25762,25762,3.112,80171.344
1609010700000,25762,25768,25762,25768,1.326,34168.368
1609010760000,25768,25774,25768,25774,2.967,76471.458
1609010820000,25774,25785,25774,25785,2.753,70986.105
1609010880000,25785,25785,25779.5,25779.5,2.322,59859.999
1609010940000,25779.5,25779.5,25766,25771,5.231,134808.101
1609011000000,25771,25780,25771,25773,4.256,109689.888
1609011060000,25773,25777.5,25763.5,25763.5,15.437,397711.1495
1609011120000,25763.5,25763.5,25758,25760.5,15.199,391533.8395
1609011180000,25760.5,25760.5,25760.5,25760.5,0.223,5744.5915
1609011240000,25760.5,25761,25754,25754,0.162,4172.148
1609011300000,25754,25772,25754,25772,1.014,26132.808
1609011360000,25772,25830,25771.5,25813,28.279,729965.827
1609011420000,25813,25865,25813,25865,30.717,794495.205
1609011480000,25865,25869,25855,25855,14.889,384955.095
1609011540000,25855,25858,25851.5,25858,10.379,268380.182
1609011600000,25858,25877,25855.5,25865,2.928,75732.72
1609011660000,25865,25880,25865,25879.5,6.911,178853.2245
1609011720000,25879.5,25886,25878,25886,5.517,142813.062
1609011780000,25886,25886,25881.5,25882,1.313,33983.066
1609011840000,25882,25906.5,25882,25895,12.818,331922.11
1609011900000,25895,25895,25886,25886.5,6.492,168055.158
1609011960000,25886.5,25886.5,25867,25871.5,10.638,275221.017
1609012020000,25871.5,25889.5,25871,25882.5,8.132,210476.49
1609012080000,25882.5,25890,25882.5,25886,3.686,95415.796
1609012140000,25886,25910,25886,25889.5,7.544,195310.388
1609012200000,25889.5,25897,25889.5,25892,0.072,1864.224
1609012260000,25892,25897,25892,25895,0.101,2615.395
1609012320000,25895,25897,25895,25897,0.91,23566.27
1609012380000,25897,25897.5,25896.5,25896.5,6.661,172496.5865
1609012440000,25896.5,25933,25896.5,25933,23.616,612433.728
1609012500000,25933,25938,25933,25937.5,12.023,311846.5625
1609012560000,25937.5,25955,25937.5,25954.5,13.822,358743.099
1609012620000,25954.5,25954.5,25926,25926,10.864,281660.064
1609012680000,25926,25926.5,25910.5,25922.5,5.089,131919.6025
1609012740000,25922.5,25962,25922.5,25962,6.25,162262.5
1609012800000,25962,26000,25962,25998.5,28.972,753228.542
1609012860000,25998.5,26020,25985.5,26015,41.024,1067239.36
1609012920000,26015,26015,25939,25964,20.261,526056.604
1609012980000,25964,25965,25940.5,25940.5,22.657,587733.9085
1609013040000,25940.5,25949.5,25938.5,25948.5,3.242,84125.037
1609013100000,25948.5,25948.5,25894,25916.5,48.996,1269804.834
1609013160000,25916.5,25941.5,25916,25921,7.804,202287.484
1609013220000,25921,25936,25914,25914,1.115,28894.11
1609013280000,25914,25914.5,25914,25914,1.708,44261.112
1609013340000,25914,25915,25914,25915,0.642,16637.43
1609013400000,25915,25915,25893,25893,22.098,572183.514
1609013460000,25893,25893,25852,25881,105.941,2741859.021
1609013520000,25881,25888,25875,25888,1.906,49342.528
1609013580000,25888,25902.5,25888,25902.5,4.224,109412.16
1609013640000,25902.5,25902.5,25880,25880,2.765,71558.2
1609013700000,25880,25890,25880,25890,1.861,48181.29
1609013760000,25890,25897,25889,25889,0.582,15067.398
1609013820000,25889,25918.5,25889,25918.5,9.282,240575.517
1609013880000,25918.5,25924,25918.5,25918.5,3.524,91336.794
1609013940000,25918.5,25918.5,25909,25910,2.606,67521.46
1609014000000,25910,25927,25905.5,25912,17.57,455273.84
1609014060000,25912,25912,25898.5,25899,0.667,17274.633
1609014120000,25899,25911,25899,25906.5,3.824,99066.456
1609014180000,25906.5,25911,25906.5,25911,4.845,125538.795
1609014240000,25911,25937,25911,25937,10.34,268188.58
1609014300000,25937,25964,25937,25964,30.443,790422.052
1609014360000,25964,25994.5,25964,25994.5,10.318,268211.251
1609014420000,25994.5,26039,25994.5,26037,31.547,821389.239
1609014480000,26037,26038,26000.5,26001,25.659,667159.659
1609014540000,26001,26020,26001,26004,1.942,50499.768
1609014600000,26004,26004,25940,25958,34.379,892410.082
1609014660000,25958,25958,25953,25953.5,1.044,27095.454
1609014720000,25953.5,25996,25953,25996,7.714,200533.144
1609014780000,25996,26017.5,25984,26017,34.428,895713.276
1609014840000,26017,26022,26017,26021.5,2.103,54723.2145
1609014900000,26021.5,26024.5,26021.5,26022,18.724,487235.928
1609014960000,26022,26184.5,26022,26152,166.871,4364010.392
1609015020000,26152,26322,26095.5,26320,135.583,3568544.56
1609015080000,26320,26487,26297,26305,280.884,7388653.62
1609015140000,26305,26400,26295.5,26344.5,58.612,1544103.834
1609015200000,26344.5,26344.5,26239,26294,70.985,1866479.59
1609015260000,26294,26354,26277,26341,169.648,4468697.968
1609015320000,26341,26408,26327,26343,49.687,1308904.641
1609015380000,26343,26400,26343,26356,29.741,783853.796
1609015440000,26356,26368.5,26328.5,26361,20.825,548967.825
1609015500000,26361,26390,26323.5,26323.5,230.42,6065460.87
1609015560000,26323.5,26323.5,26283.5,26313.5,48.925,1287387.9875
1609015620000,26313.5,26319,26300,26307.5,10.628,279596.11
1609015680000,26307.5,26344.5,26300.5,26337,52.132,1373000.484
1609015740000,26337,26337,26316,26325.5,8.03,211393.765
1609015800000,26325.5,26325.5,26319,26319,2.077,54664.563
1609015860000,26319,26319,26275.5,26304,32.945,866585.28
1609015920000,26304,26342.5,26304,26320.5,13.49,355063.545
1609015980000,26320.5,26320.5,26310,26313,10.251,269734.563
1609016040000,26313,26313.5,26293.5,26313,11.679,307309.527
1609016100000,26313,26349.5,26310.5,26349.5,13.76,362569.12
1609016160000,26349.5,26349.5,26321,26321,5.256,138343.176
1609016220000,26321,26327.5,26321,26327,1.717,45203.459
1609016280000,26327,26333,26320,26333,5.697,150019.101
1609016340000,26333,26532,26333,26452,164.327,4346777.804
1609016400000,26452,26483.5,26379,26406.5,84.767,2238399.7855
1609016460000,26406.5,26480,26400.5,26469,32.527,860957.163
1609016520000,26469,26487,26454,26486,13.336,353217.296
1609016580000,26486,26600,26484.5,26538,162.504,4312531.152
1609016640000,26538,26646.5,26505,26598.5,61.632,1639318.752
1609016700000,26598.5,26639,26570,26585.5,44.063,1171436.8865
1609016760000,26585.5,26707.5,26582,26663,59.627,1589834.701
1609016820000,26663,26663,26605,26629.5,41.107,1094658.8565
1609016880000,26629.5,26629.5,26438,26533,116.898,3101654.634
1609016940000,26533,26550.5,26490,26543.5,18.265,484817.0275
1609017000000,26543.5,26597,26543,26583,4.708,125152.764
1609017060000,26583,26586.5,26563,26570.5,4.94,131258.27
1609017120000,26570.5,26570.5,26489,26545,16.512,438311.04
1609017180000,26545,26545,26520.5,26520.5,16.826,446233.933
1609017240000,26520.5,26537.5,26490,26490,13.447,356211.03
1609017300000,26490,26534,26485.5,26534,10.53,279403.02
1609017360000,26534,26576,26534,26550.5,17.602,467341.901
1609017420000,26550.5,26565,26547,26561,4.795,127359.995
1609017480000,26561,26565.5,26548.5,26558.5,2.989,79383.3565
1609017540000,26558.5,26558.5,26502,26502,12.22,323854.44
1609017600000,26502,26552.5,26502,26525.5,9.404,249445.802
1609017660000,26525.5,26526,26481.5,26499,18.496,490125.504
1609017720000,26499,26500.5,26484,26498.5,32.273,855186.0905
1609017780000,26498.5,26520,26493,26520,6.653,176437.56
1609017840000,26520,26527,26511,26511.5,5.453,144567.2095
1609017900000,26511.5,26515,26492,26515,6.9,182953.5
1609017960000,26515,26600,26515,26600,79.804,2122786.4
1609018020000,26600,26660,26597,26660,28.165,750878.9
1609018080000,26660,26660,26603.5,26603.5,10.75,285987.625
1609018140000,26603.5,26620,26578.5,26581,42.224,1122356.144
1609018200000,26581,26614.5,26525,26537.5,17.648,468333.8
1609018260000,26537.5,26562.5,26537.5,26557,17.055,452929.635
1609018320000,26557,26597,26550,26597,35.402,941586.994
1609018380000,26597,26672,26597,26659.5,10.478,279338.241
1609018440000,26659.5,26677.5,26651,26660,41.972,1118973.52
1609018500000,26660,26700,26635,26700,27.64,737988
1609018560000,26700,26833,26700,26791.5,102.752,2752880.208
1609018620000,26791.5,26817.5,26723.5,26761,88.549,2369659.789
1609018680000,26761,26765,26688,26710,26.977,720555.67
1609018740000,26710,26744.5,26704.5,26732,9.383,250826.356
1609018800000,26732,26752.5,26723,26730,14.515,387985.95
1609018860000,26730,26758,26728.5,26735.5,3.523,94189.1665
1609018920000,26735.5,26735.5,26720,26720,6.49,173412.8
1609018980000,26720,26720,26696.5,26716,8.729,233203.964
1609019040000,26716,26807.5,26713,26805,76.921,2061867.405
1609019100000,26805,26919,26802.5,26856.5,80.538,2162968.797
1609019160000,26856.5,26857,26816,26822.5,73.052,1959437.27
1609019220000,26822.5,26822.5,26762,26766.5,65.531,1754035.5115
1609019280000,26766.5,26792.5,26641,26672.5,93.139,2484249.9775
1609019340000,26672.5,26722,26672.5,26719,10.328,275953.832
1609019400000,26719,26719,26577.5,26616,102.269,2721991.704
1609019460000,26616,26645,26595,26605,84.925,2259429.625
1609019520000,26605,26690.5,26584,26690.5,32.11,857031.955
1609019580000,26690.5,26735,26672.5,26735,22.346,597420.31
1609019640000,26735,26770,26704,26769,40.011,1071054.459
1609019700000,26769,26769,26720,26737.5,109.804,2935884.45
1609019760000,26737.5,26744,26727.5,26733,10.825,289384.725
1609019820000,26733,26750,26730,26733,5.497,146951.301
1609019880000,26733,26750,26730,26730,6.104,163159.92
1609019940000,26730,26737,26704.5,26737,6.943,185634.991
1609020000000,26737,26831,26737,26772.5,42.158,1128675.055
1609020060000,26772.5,26786.5,26742.5,26742.5,6.174,165108.195
1609020120000,26742.5,26759.5,26739.5,26739.5,12.338,329911.951
1609020180000,26739.5,26748.5,26712,26741,12.435,332524.335
1609020240000,26741,26741,26720,26720,4.23,113025.6
1609020300000,26720,26754.5,26720,26740,12.253,327645.22
1609020360000,26740,26740,26705.5,26719,3.131,83657.189
1609020420000,26719,26727,26714,26714,14.049,375304.986
1609020480000,26714,26714.5,26622.5,26643.5,96.045,2558974.9575
1609020540000,26643.5,26681.5,26640,26640.5,15.35,408931.675
1609020600000,26640.5,26660,26627,26640,8.466,225534.24
1609020660000,26640,26640,26578,26629.5,69.227,1843480.3965
1609020720000,26629.5,26629.5,26590,26597.5,6.096,162138.36
1609020780000,26597.5,26598,26228,26253,496.44,13033039.32
1609020840000,26253,26433,26192,26411,249.671,6594060.781
1609020900000,26411,26535.5,26409.5,26514.5,151.409,4014533.9305
1609020960000,26514.5,26515,26400,26403,117.93,3113705.79
1609021020000,26403,26487,26400,26400,137.444,3628521.6
1609021080000,26400,26400,26188,26283.5,178.293,4686164.0655
1609021140000,26283.5,26310,26279,26302,24.933,655787.766
1609021200000,26302,26408.5,26301.5,26408.5,32.906,868998.101
1609021260000,26408.5,26408.5,26298,26335.5,28.744,756987.612
1609021320000,26335.5,26408,26335.5,26408,26.482,699336.656
1609021380000,26408,26457.5,26405.5,26423.5,62.192,1643330.312
1609021440000,26423.5,26423.5,26362,26373,12.423,327631.779
1609021500000,26373,26389.5,26371,26371,16.324,430480.204
1609021560000,26371,26421,26371,26421,17.89,472671.69
1609021620000,26421,26449.5,26401,26425.5,10.353,273583.2015
1609021680000,26425.5,26426.5,26417.5,26426.5,8.173,215983.7845
1609021740000,26426.5,26490,26426,26490,24.709,654541.41
1609021800000,26490,26505,26440,26440,108.936,2880267.84
1609021860000,26440,26449,26372,26416.5,17.431,460466.0115
1609021920000,26416.5,26422.5,26383.5,26421,36.181,955938.201
1609021980000,26421,26445,26404.5,26445,8.796,232610.22
1609022040000,26445,26462.5,26445,26462.5,8.941,236601.2125
1609022100000,26462.5,26462.5,26428.5,26446.5,13.71,362581.515
1609022160000,26446.5,26490,26446.5,26490,5.275,139734.75
1609022220000,26490,26517.5,26490,26517.5,24.672,654239.76
1609022280000,26517.5,26554,26501.5,26554,30.033,797496.282
1609022340000,26554,26557.5,26515,26557.5,66.644,1769898.03
1609022400000,26557.5,26559,26524,26524,27,716148
1609022460000,26524,26539,26524,26535,9.65,256062.75
1609022520000,26535,26535.5,26512.5,26513,9.718,257653.334
1609022580000,26513,26513,26439,26471,35.499,939694.029
1609022640000,26471,26507.5,26471,26499.5,4.941,130934.0295
1609022700000,26499.5,26519.5,26499.5,26518,22.557,598166.526
1609022760000,26518,26518,26500,26504.5,6.641,176016.3845
1609022820000,26504.5,26525,26504,26513.5,1.015,26911.2025
1609022880000,26513.5,26513.5,26450,26464,35.593,941933.152
1609022940000,26464,26464,26360.5,26393.5,44.275,1168572.2125
1609023000000,26393.5,26409,26374,26398,19.014,501931.572
1609023060000,26398,26398,26278,26354,48.646,1282016.684
1609023120000,26354,26364.5,26328.5,26348,16.317,429920.316
1609023180000,26348,26407.5,26348,26407.5,100.842,2662985.115
1609023240000,26407.5,26419.5,26385,26419.5,5.425,143325.7875
1609023300000,26419.5,26426.5,26419.5,26426,3.852,101792.952
1609023360000,26426,26426.5,26397.5,26398,17.367,458454.066
1609023420000,26398,26423.5,26398,26423,5.64,149025.72
1609023480000,26423,26434.5,26423,26434.5,4.937,130507.1265
1609023540000,26434.5,26471,26434.5,26471,12.605,333666.955
1609023600000,26471,26474.5,26452.5,26474.5,14.682,388698.609
1609023660000,26474.5,26480,26469,26480,1.528,40461.44
1609023720000,26480,26505,26480,26504.5,22.069,584927.8105
1609023780000,26504.5,26510,26492.5,26510,1.152,30539.52
1609023840000,26510,26525,26510,26525,11.322,300316.05
1609023900000,26525,26553.5,26525,26553.5,6.121,162533.9735
1609023960000,26553.5,26617.5,26553.5,26617.5,47.425,1262334.9375
1609024020000,26617.5,26617.5,26587,26596.5,8.589,228437.3385
1609024080000,26596.5,26630,26596.5,26630,13.09,348586.7
1609024140000,26630,26634,26609.5,26611,14.294,380377.634
1609024200000,26611,26626,26572.5,26597.5,15.206,404441.585
1609024260000,26597.5,26642,26593,26626,12.438,331174.188
1609024320000,26626,26626,26611.5,26622.5,4.296,114370.26
1609024380000,26622.5,26630,26615.5,26629.5,7.549,201026.0955
1609024440000,26629.5,26629.5,26550,26550,15.116,401329.8
1609024500000,26550,26581.5,26550,26580,6.469,171946.02
1609024560000,26580,26601.5,26580,26593,4.22,112222.46
1609024620000,26593,26609,26593,26609,0.97,25810.73
1609024680000,26609,26638,26609,26638,6.919,184308.322
1609024740000,26638,26684,26638,26652,22.046,587569.992
1609024800000,26652,26652.5,26615.5,26615.5,5.183,137948.1365
1609024860000,26615.5,26615.5,26595.5,26596,4.123,109655.308
1609024920000,26596,26628,26588,26628,8.195,218216.46
1609024980000,26628,26672,26628,26672,14.435,385010.32
1609025040000,26672,26691,26671.5,26675.5,8.791,234504.3205
1609025100000,26675.5,26676,26672,26673.5,6.274,167349.539
1609025160000,26673.5,26673.5,26655.5,26655.5,3.495,93160.9725
1609025220000,26655.5,26655.5,26633.5,26633.5,5.038,134179.573
1609025280000,26633.5,26633.5,26610,26610,0.958,25492.38
1609025340000,26610,26630,26610,26625,1.198,31896.75
1609025400000,26625,26625,26600,26600,24.055,639863
1609025460000,26600,26622,26593.5,26622,7.236,192636.792
1609025520000,26622,26657,26622,26641.5,2.928,78006.312
1609025580000,26641.5,26669.5,26641.5,26653.5,6.807,181430.3745
1609025640000,26653.5,26653.5,26625,26625,6.187,164728.875
1609025700000,26625,26625,26611.5,26611.5,5.545,147560.7675
1609025760000,26611.5,26611.5,26557.5,26557.5,14.111,374752.8825
1609025820000,26557.5,26566,26465.5,26480,47.762,1264737.76
1609025880000,26480,26512.5,26477.5,26490,11.46,303575.4
1609025940000,26490,26515.5,26490,26495,2.799,74159.505
1609026000000,26495,26501,26488.5,26488.5,3.001,79491.9885
1609026060000,26488.5,26488.5,26426.5,26460.5,29.481,780082.0005
1609026120000,26460.5,26480.5,26410,26425.5,25.508,674061.654
1609026180000,26425.5,26458.5,26425.5,26450.5,5.721,151323.3105
1609026240000,26450.5,26450.5,26438,26444,14.24,376562.56
1609026300000,26444,26458.5,26444,26458.5,6.492,171768.582
1609026360000,26458.5,26510,26454.5,26510,12.766,338426.66
1609026420000,26510,26513,26485.5,26485.5,9.691,256670.9805
1609026480000,26485.5,26500,26478.5,26500,5.067,134275.5
1609026540000,26500,26521,26500,26519,6.845,181522.555
1609026600000,26519,26520.5,26515,26515,8.053,213525.295
1609026660000,26515,26540,26515,26526.5,14.391,381742.8615
1609026720000,26526.5,26526.5,26499,26500,12.124,321286
1609026780000,26500,26506,26500,26500,1.579,41843.5
1609026840000,26500,26501.5,26500,26501.5,0.031,821.5465
1609026900000,26501.5,26501.5,26500.5,26501,1.4,37101.4
1609026960000,26501,26513.5,26501,26513.5,10.681,283190.6935
1609027020000,26513.5,26524.5,26509,26521,5.118,135734.478
1609027080000,26521,26521,26495,26498.5,3.3,87445.05
1609027140000,26498.5,26522,26498.5,26522,3.397,90095.234
1609027200000,26522,26577,26522,26577,6.426,170783.802
1609027260000,26577,26579,26572,26579,1.303,34632.437
1609027320000,26579,26580,26571.5,26577.5,8.018,213098.395
1609027380000,26577.5,26625.5,26577.5,26624.5,19.368,515663.316
1609027440000,26624.5,26653,26624.5,26653,49.458,1318204.074
1609027500000,26653,26725,26652,26687.5,38.719,1033313.3125
1609027560000,26687.5,26695.5,26659,26673.5,27.692,738642.562
1609027620000,26673.5,26696,26658.5,26696,8.111,216531.256
1609027680000,26696,26696.5,26662.5,26663,11.019,293799.597
1609027740000,26663,26666,26634.5,26644,24.835,661703.74
1609027800000,26644,26644,26593.5,26623.5,14.333,381594.6255
1609027860000,26623.5,26647.5,26623.5,26641,3.917,104352.797
1609027920000,26641,26652,26641,26652,3.443,91762.836
1609027980000,26652,26659,26652,26658,6.409,170851.122
1609028040000,26658,26659,26650.5,26651,2.857,76141.907
1609028100000,26651,26651,26634,26635,8.763,233402.505
1609028160000,26635,26635,26597.5,26597.5,7.134,189746.565
1609028220000,26597.5,26597.5,26548,26571.5,16.224,431096.016
1609028280000,26571.5,26585,26571.5,26578.5,3.609,95921.8065
1609028340000,26578.5,26584,26557.5,26557.5,3.846,102140.145
1609028400000,26557.5,26571,26555,26560.5,5.26,139708.23
1609028460000,26560.5,26593,26560.5,26593,9.797,260531.621
1609028520000,26593,26593,26560.5,26560.5,2.778,73785.069
1609028580000,26560.5,26571,26560,26562.5,7.517,199670.3125
1609028640000,26562.5,26562.5,26560,26560,0.302,8021.12
1609028700000,26560,26576.5,26550.5,26576.5,5.408,143725.712
1609028760000,26576.5,26590.5,26576.5,26584.5,4.497,119550.4965
1609028820000,26584.5,26632.5,26584.5,26632.5,9.853,262410.0225
1609028880000,26632.5,26662,26632.5,26648.5,50.529,1346522.0565
1609028940000,26648.5,26670,26648,26670,74.659,1991155.53
1609029000000,26670,26714,26669.5,26714,14.559,388929.126
1609029060000,26714,26770,26710,26741,43.484,1162805.644
1609029120000,26741,26743,26715,26721,36.946,987234.066
1609029180000,26721,26797.5,26706,26767,95.375,2552902.625
1609029240000,26767,26833.5,26766.5,26833.5,42.979,1153276.9965
1609029300000,26833.5,26855.5,26800,26853.5,29.852,801630.682
1609029360000,26853.5,26866,26808,26827,52.214,1400744.978
1609029420000,26827,26854,26811.5,26820,32.043,859393.26
1609029480000,26820,26846,26820,26836.5,18.531,497307.1815
1609029540000,26836.5,26850.5,26827.5,26827.5,10.178,273050.295
1609029600000,26827.5,26827.5,26753.5,26774.5,116.058,3107394.921
1609029660000,26774.5,26774.5,26703.5,26751.5,33.892,906661.838
1609029720000,26751.5,26751.5,26706.5,26720.5,8.442,225574.461
1609029780000,26720.5,26745.5,26720.5,26731,7.825,209170.075
1609029840000,26731,26746,26731,26737,21.358,571048.846
1609029900000,26737,26785,26737,26781.5,20.147,539566.8805
1609029960000,26781.5,26785.5,26756.5,26756.5,6.912,184940.928
1609030020000,26756.5,26758.5,26736.5,26736.5,11.799,315463.9635
1609030080000,26736.5,26736.5,26732,26732.5,7.639,204209.5675
1609030140000,26732.5,26732.5,26708,26711.5,73.473,1962574.0395
1609030200000,26711.5,26751.5,26711.5,26751.5,17.843,477327.0145
1609030260000,26751.5,26780,26751.5,26773.5,7.187,192421.1445
1609030320000,26773.5,26789.5,26770,26789.5,5.835,156316.7325
1609030380000,26789.5,26800,26789.5,26799.5,3.703,99238.5485
1609030440000,26799.5,26827.5,26777,26827.5,79.018,2119855.395
1609030500000,26827.5,26900,26827.5,26883,40.155,1079486.865
1609030560000,26883,26903,26844,26844,41.493,1113838.092
1609030620000,26844,26850.5,26821,26839.5,5.014,134573.253
1609030680000,26839.5,26839.5,26815,26815,5.487,147133.905
1609030740000,26815,26823.5,26790,26805,76.706,2056104.33
1609030800000,26805,26833,26760,26760,14.161,378948.36
1609030860000,26760,26803,26757.5,26795.5,4.006,107342.773
1609030920000,26795.5,26796,26781.5,26791,8.503,227803.873
1609030980000,26791,26832,26791,26832,20.049,537954.768
1609031040000,26832,26887,26832,26866,42.463,1140810.958
1609031100000,26866,26870,26849,26849,4.366,117222.734
1609031160000,26849,26982,26849,26982,183.13,4941213.66
1609031220000,26982,27023.5,26938.5,26958.5,146.222,3941925.787
1609031280000,26958.5,26991,26952.5,26988,171.411,4626040.068
1609031340000,26988,26988,26936,26936,15.88,427743.68
1609031400000,26936,26977,26936,26977,27.483,741408.891
1609031460000,26977,26979.5,26951.5,26966.5,10.392,280235.868
1609031520000,26966.5,26971.5,26953.5,26970,13.779,371619.63
1609031580000,26970,27020,26957.5,26969,22.549,608123.981
1609031640000,26969,26985.5,26926,26930,27.981,753528.33
1609031700000,26930,26957,26886,26957,48.577,1309490.189
1609031760000,26957,26978.5,26948.5,26948.5,6.968,187777.148
1609031820000,26948.5,26952,26893,26894.5,65.175,1752849.0375
1609031880000,26894.5,26950.5,26867.5,26950.5,26.101,703435.0005
1609031940000,26950.5,26959.5,26926.5,26926.5,24.537,660695.5305
1609032000000,26926.5,26926.5,26897,26902,11.762,316421.324
1609032060000,26902,26946,26902,26943,19.212,517628.916
1609032120000,26943,26960.5,26936.5,26960.5,10.106,272462.813
1609032180000,26960.5,26972,26951,26953,3.928,105871.384
1609032240000,26953,26954.5,26897.5,26916,3.406,91675.896
1609032300000,26916,26929.5,26895,26927.5,21.145,569381.9875
1609032360000,26927.5,26931.5,26920,26920,1.939,52197.88
1609032420000,26920,26928.5,26920,26922,2.937,79069.914
1609032480000,26922,26929.5,26891,26892.5,12.168,327227.94
1609032540000,26892.5,26904,26865,26877.5,35.353,950200.2575
1609032600000,26877.5,26891.5,26801,26853.5,57.465,1543136.3775
1609032660000,26853.5,26858,26834,26847,35.337,948692.439
1609032720000,26847,26898,26847,26886,48.349,1299911.214
1609032780000,26886,26887,26862.5,26881,2.539,68250.859
1609032840000,26881,26896.5,26881,26896.5,2.359,63448.8435
1609032900000,26896.5,26899.5,26896.5,26899.5,1.426,38358.687
1609032960000,26899.5,26946.5,26899.5,26941.5,18.212,490658.598
1609033020000,26941.5,26967,26941.5,26966.5,42.773,1153438.1045
1609033080000,26966.5,26973.5,26953.5,26953.5,9.013,242931.8955
1609033140000,26953.5,26966,26953.5,26966,8.01,215997.66
1609033200000,26966,26966,26805,26805,60.291,1616100.255
1609033260000,26805,26805,26646.5,26647.5,349.285,9307572.0375
1609033320000,26647.5,26757.5,26647.5,26755,52.964,1417051.82
1609033380000,26755,26826,26754.5,26826,20.178,541295.028
1609033440000,26826,26831.5,26785,26800,25.08,672144
1609033500000,26800,26800,26712,26712,17.139,457816.968
1609033560000,26712,26756,26712,26751.5,12.144,324870.216
1609033620000,26751.5,26752,26706.5,26739,14.375,384373.125
1609033680000,26739,26739,26575,26593.5,64.079,1704084.8865
1609033740000,26593.5,26682.5,26591,26651,73.238,1951865.938
1609033800000,26651,26678,26644,26678,25.012,667270.136
1609033860000,26678,26687,26642.5,26642.5,28.641,763067.8425
1609033920000,26642.5,26645.5,26610,26628.5,30.888,822501.108
1609033980000,26628.5,26633.5,26596,26626,35.577,947273.202
1609034040000,26626,26647,26620.5,26647,17.46,465256.62
1609034100000,26647,26680.5,26644.5,26675,18.071,482043.925
1609034160000,26675,26714.5,26660.5,26707,14.478,386663.946
1609034220000,26707,26707,26671.5,26673,19.487,519776.751
1609034280000,26673,26673,26611.5,26637,68.108,1814192.796
1609034340000,26637,26698.5,26637,26698.5,53.662,1432694.907
1609034400000,26698.5,26698.5,26634,26664,3.551,94683.864
1609034460000,26664,26704,26664,26704,2.489,66466.256
1609034520000,26704,26766.5,26704,26757.5,75.516,2020619.37
1609034580000,26757.5,26817,26757.5,26782,26.869,719605.558
1609034640000,26782,26797,26767.5,26794.5,11.091,297177.7995
1609034700000,26794.5,26812,26794.5,26812,18.474,495324.888
1609034760000,26812,26819,26812,26819,4.479,120122.301
1609034820000,26819,26890,26811.5,26889.5,26.177,703886.4415
1609034880000,26889.5,26890,26865.5,26866,25.814,693518.924
1609034940000,26866,26896.5,26865,26896.5,8.236,221519.574
1609035000000,26896.5,26900,26876.5,26898.5,7.223,194287.8655
1609035060000,26898.5,26898.5,26853,26853,15.548,417510.444
1609035120000,26853,26853,26843.5,26852,8.469,227409.588
1609035180000,26852,26861,26784,26810.5,38.97,1044805.185
1609035240000,26810.5,26823,26752,26769,15.608,417810.552
1609035300000,26769,26807,26763.5,26807,5.818,155963.126
1609035360000,26807,26826,26807,26826,0.391,10488.966
1609035420000,26826,26845.5,26826,26830,4.4,118052
1609035480000,26830,26830,26803.5,26821,5.734,153791.614
1609035540000,26821,26831.5,26821,26831.5,6.07,162867.205
1609035600000,26831.5,26832.5,26831.5,26832.5,0.633,16984.9725
1609035660000,26832.5,26832.5,26808.5,26817,7.31,196032.27
1609035720000,26817,26860,26817,26860,6.617,177732.62
1609035780000,26860,26882,26860,26875.5,8.584,230699.292
1609035840000,26875.5,26875.5,26861.5,26867.5,5.905,158652.5875
1609035900000,26867.5,26868,26841.5,26841.5,16.341,438616.9515
1609035960000,26841.5,26844.5,26801,26801,11.707,313759.307
1609036020000,26801,26801.5,26758,26759.5,7.736,207011.492
1609036080000,26759.5,26795,26750.5,26795,28.273,757575.035
1609036140000,26795,26817,26795,26817,11.798,316386.966
1609036200000,26817,26821,26760,26760.5,12.942,346334.391
1609036260000,26760.5,26760.5,26737,26737,9.369,250498.953
1609036320000,26737,26737,26731,26731,17.71,473406.01
1609036380000,26731,26734.5,26706,26706.5,32.549,869269.8685
1609036440000,26706.5,26734.5,26706.5,26733.5,15.213,406696.7355
1609036500000,26733.5,26767,26733.5,26734.5,22.139,591875.0955
1609036560000,26734.5,26759,26733.5,26750,17.567,469917.25
1609036620000,26750,26779,26750,26779,3.695,98948.405
1609036680000,26779,26780.5,26733.5,26737,17.732,474100.484
1609036740000,26737,26752,26725,26752,2.867,76697.984
1609036800000,26752,26783,26752,26783,2.155,57717.365
1609036860000,26783,26797,26783,26797,18.093,484838.121
1609036920000,26797,26797,26793,26796.5,5.713,153088.4045
1609036980000,26796.5,26811.5,26793.5,26795,9.901,265297.295
1609037040000,26795,26803,26790,26790,1.662,44524.98
1609037100000,26790,26795.5,26781,26795.5,9.331,250028.8105
1609037160000,26795.5,26795.5,26781,26781,2.059,55142.079
1609037220000,26781,26781.5,26701.5,26701.5,36.685,979544.5275
1609037280000,26701.5,26713.5,26684,26713,18.134,484413.542
1609037340000,26713,26716.5,26703.5,26710,1.099,29354.29
1609037400000,26710,26716,26687,26687,12.772,340846.364
1609037460000,26687,26687,26656,26665.5,20.36,542909.58
1609037520000,26665.5,26665.5,26603.5,26635.5,22.465,598366.5075
1609037580000,26635.5,26671,26622.5,26671,11.875,316718.125
1609037640000,26671,26675,26576.5,26586.5,116.126,3087383.899
1609037700000,26586.5,26588,26536,26577,44.778,1190064.906
1609037760000,26577,26633.5,26575.5,26621.5,26.189,697190.4635
1609037820000,26621.5,26625,26599,26599,3.39,90170.61
1609037880000,26599,26650,26590.5,26650,10.182,271350.3
1609037940000,26650,26651,26620,26620,3.723,99106.26
1609038000000,26620,26665,26620,26665,17.331,462131.115
1609038060000,26665,26667.5,26664.5,26665,1.326,35357.79
1609038120000,26665,26665,26627,26647,13.314,354778.158
1609038180000,26647,26660,26647,26660,3.364,89684.24
1609038240000,26660,26670,26660,26670,4.624,123322.08
1609038300000,26670,26670,26655,26663.5,3.943,105134.1805
1609038360000,26663.5,26666,26663.5,26663.5,1.968,52473.768
1609038420000,26663.5,26663.5,26639.5,26639.5,76.735,2044182.0325
1609038480000,26639.5,26677,26639.5,26677,3.692,98491.484
1609038540000,26677,26680,26654,26654,5.573,148542.742
1609038600000,26654,26654,26606,26606,11.932,317462.792
1609038660000,26606,26606,26575.5,26605,14.974,398383.27
1609038720000,26605,26637.5,26605,26637.5,2.73,72720.375
1609038780000,26637.5,26637.5,26624,26636.5,4.517,120317.0705
1609038840000,26636.5,26673,26636.5,26672.5,37.5,1000218.75
1609038900000,26672.5,26680.5,26672.5,26680.5,12.472,332759.196
1609038960000,26680.5,26680.5,26657.5,26661.5,1.273,33940.0895
1609039020000,26661.5,26669.5,26657,26661.5,0.762,20316.063
1609039080000,26661.5,26667.5,26661.5,26667.5,0.459,12240.3825
1609039140000,26667.5,26667.5,26600.5,26612.5,3.824,101766.2
1609039200000,26612.5,26612.5,26591.5,26606,4.261,113368.166
1609039260000,26606,26606,26560,26567,23.382,621189.594
1609039320000,26567,26592,26566.5,26585,3.21,85337.85
1609039380000,26585,26644.5,26585,26644.5,10.504,279873.828
1609039440000,26644.5,26647,26644.5,26647,1.206,32136.282
1609039500000,26647,26647.5,26618.5,26625.5,6.66,177325.83
1609039560000,26625.5,26632.5,26620,26632.5,7.446,198305.595
1609039620000,26632.5,26634.5,26632.5,26633.5,1.433,38165.8055
1609039680000,26633.5,26647,26633.5,26647,18.81,501230.07
1609039740000,26647,26677,26647,26677,14.042,374598.434
1609039800000,26677,26679.5,26660,26660,1.943,51800.38
1609039860000,26660,26664,26621.5,26621.5,2.787,74194.1205
1609039920000,26621.5,26621.5,26616.5,26616.5,0.073,1943.0045
1609039980000,26616.5,26619.5,26598,26600,1.837,48864.2
1609040040000,26600,26600.5,26585,26585,1.603,42615.755
1609040100000,26585,26600.5,26569.5,26569.5,8.37,222386.715
1609040160000,26569.5,26577,26566,26571.5,2.837,75383.3455
1609040220000,26571.5,26571.5,26506.5,26508,56.649,1501651.692
1609040280000,26508,26525,26500,26515,12.312,326452.68
1609040340000,26515,26536.5,26510,26536.5,31.168,827089.632
1609040400000,26536.5,26547.5,26535.5,26547,18.137,481482.939
1609040460000,26547,26550,26546.5,26547,2.892,76773.924
1609040520000,26547,26563.5,26547,26563.5,9.971,264864.6585
1609040580000,26563.5,26581.5,26545,26549.5,13.173,349736.5635
1609040640000,26549.5,26566,26549.5,26561.5,5.1,135463.65
1609040700000,26561.5,26561.5,26531.5,26545.5,7.956,211195.998
1609040760000,26545.5,26573.5,26545.5,26573.5,3.56,94601.66
1609040820000,26573.5,26593,26573.5,26593,5.331,141767.283
1609040880000,26593,26612,26592.5,26612,4.32,114963.84
1609040940000,26612,26616.5,26610.5,26616.5,3.931,104629.4615
1609041000000,26616.5,26628,26616.5,26628,0.996,26521.488
1609041060000,26628,26637.5,26625.5,26637.5,6.705,178604.4375
1609041120000,26637.5,26638.5,26637.5,26638.5,1.128,30048.228
1609041180000,26638.5,26640,26638,26638,2.396,63824.648
1609041240000,26638,26638,26638,26638,0.938,24986.444
1609041300000,26638,26638.5,26631,26631,8.477,225750.987
1609041360000,26631,26631,26613.5,26613.5,4.915,130805.3525
1609041420000,26613.5,26650.5,26611,26650.5,11.573,308426.2365
1609041480000,26650.5,26650.5,26641,26641,0.642,17103.522
1609041540000,26641,26641,26621.5,26621.5,2.477,65941.4555
1609041600000,26621.5,26657.5,26621.5,26657.5,7.162,190921.015
1609041660000,26657.5,26697,26657.5,26689.5,11.646,310825.917
1609041720000,26689.5,26708.5,26689.5,26706,12.317,328937.802
1609041780000,26706,26709.5,26700,26700.5,2.226,59435.313
1609041840000,26700.5,26726,26700.5,26716,38.874,1038557.784
1609041900000,26716,26731,26716,26728.5,5.066,135406.581
1609041960000,26728.5,26728.5,26694,26699.5,9.148,244247.026
1609042020000,26699.5,26704,26699.5,26704,0.027,721.008
1609042080000,26704,26704,26691.5,26701,3.02,80637.02
1609042140000,26701,26701,26684.5,26691.5,2.682,71586.603
1609042200000,26691.5,26700.5,26691.5,26700,3.407,90966.9
1609042260000,26700,26700,26683,26697,5.639,150544.383
1609042320000,26697,26697,26697,26697,1.1,29366.7
1609042380000,26697,26715.5,26697,26715.5,5.272,140844.116
1609042440000,26715.5,26764.5,26715.5,26757.5,9.412,251841.59
1609042500000,26757.5,26765,26757,26762.5,3.816,102125.7
1609042560000,26762.5,26768,26762.5,26768,1.749,46817.232
1609042620000,26768,26768.5,26760,26760.5,1.384,37036.532
1609042680000,26760.5,26764,26758,26758,3.755,100476.29
1609042740000,26758,26758,26731.5,26731.5,1.001,26758.2315
1609042800000,26731.5,26748,26731.5,26732,27.506,735290.392
1609042860000,26732,26732,26722.5,26723,10.945,292483.235
1609042920000,26723,26738,26723,26729,7.586,202766.194
1609042980000,26729,26729,26708.5,26708.5,3.028,80873.338
1609043040000,26708.5,26732,26708.5,26732,2.999,80169.268
1609043100000,26732,26766,26732,26765.5,0.317,8484.6635
1609043160000,26765.5,26790,26765.5,26787.5,4.92,131794.5
1609043220000,26787.5,26790,26778.5,26779,2.4,64269.6
1609043280000,26779,26819,26779,26819,7.192,192882.248
1609043340000,26819,26834.5,26819,26830.5,6.955,186606.1275
1609043400000,26830.5,26834.5,26788.5,26788.5,9.028,241846.578
1609043460000,26788.5,26799,26788.5,26795,1.508,40406.86
1609043520000,26795,26796,26781,26781,4.161,111435.741
1609043580000,26781,26807.5,26777.5,26807.5,4.091,109669.4825
1609043640000,26807.5,26808,26782,26782.5,2.078,55654.035
1609043700000,26782.5,26866,26782.5,26847.5,29.246,785181.985
1609043760000,26847.5,26854.5,26822,26822,12.807,343509.354
1609043820000,26822,26845.5,26812,26845.5,76.07,2042137.185
1609043880000,26845.5,26845.5,26821.5,26829.5,1.186,31819.787
1609043940000,26829.5,26847,26829.5,26847,4.729,126959.463
1609044000000,26847,26850,26847,26849.5,6.673,179166.7135
1609044060000,26849.5,26850,26830.5,26830.5,2.811,75420.5355
1609044120000,26830.5,26830.5,26810,26810,7.844,210297.64
1609044180000,26810,26810,26789.5,26789.5,60.923,1632096.7085
1609044240000,26789.5,26804,26787.5,26795,31.586,846346.87
1609044300000,26795,26795,26759.5,26774.5,28.063,751372.7935
1609044360000,26774.5,26774.5,26770,26770.5,24.978,668673.549
1609044420000,26770.5,26791,26770.5,26791,5.876,157423.916
1609044480000,26791,26791,26790.5,26790.5,0.461,12350.4205
1609044540000,26790.5,26791,26770.5,26770.5,8.786,235205.613
1609044600000,26770.5,26770.5,26752.5,26761.5,22.693,607298.7195
1609044660000,26761.5,26770.5,26761.5,26764,45.229,1210508.956
1609044720000,26764,26764.5,26751.5,26751.5,4.397,117626.3455
1609044780000,26751.5,26759.5,26709,26709,29.658,792135.522
1609044840000,26709,26732.5,26709,26725.5,8.3,221821.65
1609044900000,26725.5,26759,26725.5,26739.5,2.68,71661.86
1609044960000,26739.5,26739.5,26726,26726,0.817,21835.142
1609045020000,26726,26726,26718.5,26723.5,8.885,237438.2975
1609045080000,26723.5,26751.5,26723.5,26751.5,5.671,151707.7565
1609045140000,26751.5,26776,26751.5,26776,4.639,124213.864
1609045200000,26776,26776,26770.5,26771,4.147,111019.337
1609045260000,26771,26771,26755,26755,1.213,32453.815
1609045320000,26755,26771,26755,26771,0.386,10333.606
1609045380000,26771,26790,26771,26790,5.679,152140.41
1609045440000,26790,26800,26787,26800,4.576,122636.8
1609045500000,26800,26815,26800,26815,2.508,67252.02
1609045560000,26815,26822.5,26815,26821.5,4.294,115171.521
1609045620000,26821.5,26821.5,26821,26821,0.007,187.747
1609045680000,26821,26823.5,26821,26823.5,0.864,23175.504
1609045740000,26823.5,26833,26823.5,26833,9.162,245843.946
1609045800000,26833,26833,26832,26833,2.157,57878.781
1609045860000,26833,26833,26833,26833,0.1,2683.3
1609045920000,26833,26833,26832.5,26832.5,0.127,3407.7275
1609045980000,26832.5,26846,26832.5,26846,8.218,220620.428
1609046040000,26846,26846,26833,26833,9.391,251988.703
1609046100000,26833,26833.5,26828.5,26829,4.031,108147.699
1609046160000,26829,26845,26829,26839,0.809,21712.751
1609046220000,26839,26845.5,26839,26842.5,1.457,39109.5225
1609046280000,26842.5,26854,26842.5,26845,6.138,164774.61
1609046340000,26845,26845,26816,26816,10.198,273469.568
1609046400000,26816,26816.5,26799.5,26799.5,5.036,134962.282
1609046460000,26799.5,26799.5,26788,26798.5,2.648,70962.428
1609046520000,26798.5,26807.5,26787,26787,8.49,227421.63
1609046580000,26787,26800,26784.5,26799.5,2.665,71420.6675
1609046640000,26799.5,26826,26799.5,26826,4.552,122111.952
1609046700000,26826,26826.5,26817,26826.5,0.254,6813.931
1609046760000,26826.5,26829,26822,26829,1.619,43436.151
1609046820000,26829,26851,26829,26848.5,5.454,146431.719
1609046880000,26848.5,26851.5,26848.5,26851.5,2.443,65598.2145
1609046940000,26851.5,26851.5,26839,26839,1.483,39802.237
1609047000000,26839,26845,26834,26834,2.281,61208.354
1609047060000,26834,26834,26820,26820,1.825,48946.5
1609047120000,26820,26848,26811,26839,6.905,185323.295
1609047180000,26839,26848.5,26839,26847,5.595,150208.965
1609047240000,26847,26897,26847,26897,11.426,307325.122
1609047300000,26897,26904.5,26891.5,26904.5,12.171,327454.6695
1609047360000,26904.5,26904.5,26861,26871,7.943,213436.353
1609047420000,26871,26872.5,26865,26865,2.367,63589.455
1609047480000,26865,26865.5,26846,26846,5.187,139250.202
1609047540000,26846,26846,26822,26822,7.246,194352.212
1609047600000,26822,26822,26799,26802,12.149,325617.498
1609047660000,26802,26802,26784.5,26795,5.541,148471.095
1609047720000,26795,26795,26772.5,26772.5,26.925,720849.5625
1609047780000,26772.5,26804,26772.5,26801.5,3.516,94234.074
1609047840000,26801.5,26805,26789,26789.5,3.276,87762.402
1609047900000,26789.5,26832.5,26789.5,26832.5,12.3,330039.75
1609047960000,26832.5,26872.5,26832.5,26872.5,12.139,326205.2775
1609048020000,26872.5,26873,26863.5,26863.5,7.281,195593.1435
1609048080000,26863.5,26864,26845.5,26851.5,4.424,118791.036
1609048140000,26851.5,26870,26851.5,26857,5.501,147740.357
1609048200000,26857,26857,26856.5,26856.5,2,53713
1609048260000,26856.5,26890,26856.5,26890,4.95,133105.5
1609048320000,26890,26904,26889.5,26904,29.578,795766.512
1609048380000,26904,26904,26888,26888,0.687,18472.056
1609048440000,26888,26962,26888,26919.5,54.191,1458794.6245
1609048500000,26919.5,26985,26919.5,26956,66.313,1787533.228
1609048560000,26956,26956.5,26955.5,26955.5,1.642,44260.931
1609048620000,26955.5,26979,26955.5,26972,22.297,601394.684
1609048680000,26972,26972,26946,26946.5,25.986,700231.749
1609048740000,26946.5,26953,26938,26938,18.814,506811.532
1609048800000,26938,27048.5,26936.5,27038.5,35.158,950619.583
1609048860000,27038.5,27380,27038.5,27298.5,441.681,12057228.7785
1609048920000,27298.5,27322,27199,27274,59.774,1630276.076
1609048980000,27274,27287.5,27211,27287.5,29.831,814013.4125
1609049040000,27287.5,27400,27287.5,27377.5,127.002,3476997.255
1609049100000,27377.5,27377.5,27277,27331,48.76,1332659.56
1609049160000,27331,27396.5,27286,27396.5,90.676,2484205.034
1609049220000,27396.5,27452.5,27333,27366,66.95,1832153.7
1609049280000,27366,27385.5,27340,27340,41.133,1124576.22
1609049340000,27340,27375.5,27316.5,27375.5,26.206,717402.353
1609049400000,27375.5,27375.5,27295.5,27352.5,34.012,930313.23
1609049460000,27352.5,27352.5,27350,27350,1.021,27924.35
1609049520000,27350,27430.5,27350,27430.5,36.336,996714.648
1609049580000,27430.5,27437,27401.5,27420,36.313,995702.46
1609049640000,27420,27518,27420,27512.5,42.269,1162925.8625
1609049700000,27512.5,27640,27456,27477.5,92.624,2545075.96
1609049760000,27477.5,27488,27408,27439.5,31.39,861325.905
1609049820000,27439.5,27451,27421,27441.5,16.981,465984.1115
1609049880000,27441.5,27507,27427,27475.5,16.562,455049.231
1609049940000,27475.5,27475.5,27434.5,27442,6.632,181995.344
1609050000000,27442,27477.5,27415,27431.5,12.918,354360.117
1609050060000,27431.5,27486.5,27431.5,27486.5,13.859,380935.4035
1609050120000,27486.5,27488,27460.5,27485,4.942,135830.87
1609050180000,27485,27485,27445,27445,14.702,403496.39
1609050240000,27445,27466,27443,27464,2.924,80304.736
1609050300000,27464,27480,27456.5,27474.5,11.912,327276.244
1609050360000,27474.5,27476.5,27457,27462.5,7.362,202178.925
1609050420000,27462.5,27462.5,27408,27414,14.725,403671.15
1609050480000,27414,27476,27400,27476,16.84,462695.84
1609050540000,27476,27555,27476,27536,16.467,453435.312
1609050600000,27536,27602.5,27491.5,27602.5,27.817,767818.7425
1609050660000,27602.5,27602.5,27559.5,27589.5,11.266,310823.307
1609050720000,27589.5,27590,27547,27566,13.439,370459.474
1609050780000,27566,27566.5,27505.5,27518.5,16.679,458981.0615
1609050840000,27518.5,27579.5,27516,27571.5,16.859,464827.9185
1609050900000,27571.5,27571.5,27531,27559.5,18.77,517291.815
1609050960000,27559.5,27559.5,27516.5,27516.5,14.302,393540.983
1609051020000,27516.5,27539.5,27516.5,27525,17.214,473815.35
1609051080000,27525,27527.5,27483.5,27505.5,29.409,808909.2495
1609051140000,27505.5,27538.5,27505,27538,16.701,459912.138
1609051200000,27538,27540,27530,27540,9.424,259536.96
1609051260000,27540,27579.5,27540,27559,45.206,1245832.154
1609051320000,27559,27600,27550.5,27599.5,20.59,568273.705
1609051380000,27599.5,27650.5,27599.5,27639.5,28.763,794994.9385
1609051440000,27639.5,27669.5,27622,27648,44.012,1216843.776
1609051500000,27648,27648,27552.5,27620.5,18.466,510040.153
1609051560000,27620.5,27620.5,27580,27592.5,3.763,103830.5775
1609051620000,27592.5,27616.5,27588,27616.5,3.322,91742.013
1609051680000,27616.5,27617,27586,27586,5.733,158150.538
1609051740000,27586,27591.5,27577,27578.5,7.687,211995.9295
1609051800000,27578.5,27657,27577.5,27657,74.405,2057819.085
1609051860000,27657,27777,27656.5,27740.5,87.777,2434977.8685
1609051920000,27740.5,27775,27709.5,27736.5,44.292,1228505.058
1609051980000,27736.5,27736.5,27681.5,27723,13.523,374898.129
1609052040000,27723,27723,27678.5,27699.5,6.346,175781.027
1609052100000,27699.5,27699.5,27650,27650,26.163,723406.95
1609052160000,27650,27715.5,27650,27690,24.534,679346.46
1609052220000,27690,27736,27690,27732,20.629,572083.428
1609052280000,27732,27732,27704.5,27724.5,9.469,262523.2905
1609052340000,27724.5,27724.5,27678,27678,9.059,250735.002
1609052400000,27678,27716.5,27655.5,27657,25.567,707106.519
1609052460000,27657,27663,27611,27613,44.395,1225879.135
1609052520000,27613,27656,27613,27656,10.6,293153.6
1609052580000,27656,27656,27641.5,27641.5,6.633,183346.0695
1609052640000,27641.5,27701,27641.5,27701,7.592,210305.992
1609052700000,27701,27713,27695,27703,6.171,170955.213
1609052760000,27703,27703,27663,27674.5,25.523,706336.2635
1609052820000,27674.5,27674.5,27639.5,27639.5,19.721,545078.5795
1609052880000,27639.5,27639.5,27625,27625,8.9,245862.5
1609052940000,27625,27625.5,27625,27625,18.168,501891
1609053000000,27625,27625,27502.5,27550,89.602,2468535.1
1609053060000,27550,27561,27549.5,27553,24.68,680008.04
1609053120000,27553,27587,27553,27586.5,7.573,208912.5645
1609053180000,27586.5,27586.5,27568.5,27568.5,7.248,199816.488
1609053240000,27568.5,27614.5,27568.5,27614.5,11.435,315771.8075
1609053300000,27614.5,27625,27610,27621,7.238,199920.798
1609053360000,27621,27663,27621,27662.5,21.447,593277.6375
1609053420000,27662.5,27665,27648.5,27665,3.592,99372.68
1609053480000,27665,27666.5,27646.5,27663.5,120.189,3324848.4015
1609053540000,27663.5,27679.5,27663.5,27665,7.042,194816.93
1609053600000,27665,27665,27610,27641,15.513,428794.833
1609053660000,27641,27641.5,27617,27637.5,10.228,282676.35
1609053720000,27637.5,27640.5,27630.5,27631,6.288,173743.728
1609053780000,27631,27631,27611,27624.5,6.277,173398.9865
1609053840000,27624.5,27665.5,27624.5,27665.5,7.689,212720.0295
1609053900000,27665.5,27668.5,27641,27658.5,7.429,205474.9965
1609053960000,27658.5,27679,27658.5,27679,4.428,122562.612
1609054020000,27679,27701.5,27679,27696,13.027,360795.792
1609054080000,27696,27696,27686.5,27696,0.843,23347.728
1609054140000,27696,27696,27647.5,27669,11.953,330727.557
1609054200000,27669,27721,27664,27721,10.212,283086.852
1609054260000,27721,27743,27714.5,27720,20.141,558308.52
1609054320000,27720,27738,27713,27713,4.967,137650.471
1609054380000,27713,27730,27708,27730,6.141,170289.93
1609054440000,27730,27765,27730,27763,17.766,493237.458
1609054500000,27763,27827.5,27735,27826,73.485,2044793.61
1609054560000,27826,27826.5,27768,27796.5,18.207,506090.8755
1609054620000,27796.5,27796.5,27736,27738,9.977,276742.026
1609054680000,27738,27762,27726.5,27750,22.376,620934
1609054740000,27750,27750,27704.5,27722.5,11.397,315953.3325
1609054800000,27722.5,27727,27708,27723,9.188,254718.924
1609054860000,27723,27723,27686.5,27695.5,16.883,467583.1265
1609054920000,27695.5,27737.5,27695.5,27727.5,7.707,213695.8425
1609054980000,27727.5,27765,27708,27708,8.987,249011.796
1609055040000,27708,27711.5,27697,27697,3.49,96662.53
1609055100000,27697,27708,27688,27688,14.291,395689.208
1609055160000,27688,27688,27647,27657.5,68.055,1882231.1625
1609055220000,27657.5,27683,27655,27683,9.195,254545.185
1609055280000,27683,27706.5,27683,27706.5,13.456,372818.664
1609055340000,27706.5,27714,27700,27700,3.2,88640
1609055400000,27700,27717.5,27690,27717.5,3.391,93990.0425
1609055460000,27717.5,27744.5,27706.5,27744.5,7.09,196708.505
1609055520000,27744.5,27754,27730,27737,10.586,293623.882
1609055580000,27737,27737,27712.5,27723.5,5.786,160408.171
1609055640000,27723.5,27723.5,27708.5,27722,5.633,156158.026
1609055700000,27722,27728,27720,27720,1.152,31933.44
1609055760000,27720,27720,27705,27709,8.73,241899.57
1609055820000,27709,27718,27707,27708.5,3.06,84788.01
1609055880000,27708.5,27708.5,27687.5,27704.5,21.993,609305.0685
1609055940000,27704.5,27704.5,27673.5,27680.5,1.505,41659.1525
1609056000000,27680.5,27727,27678,27726.5,47.902,1328154.803
1609056060000,27726.5,27746.5,27720.5,27746.5,23.447,650572.1855
1609056120000,27746.5,27750,27746.5,27750,5.355,148601.25
1609056180000,27750,27770,27750,27769,16.542,459354.798
1609056240000,27769,27887.5,27769,27851.5,128.085,3567359.3775
1609056300000,27851.5,27867,27785,27820.5,66.713,1855989.0165
1609056360000,27820.5,27869.5,27818.5,27869.5,17.289,481835.7855
1609056420000,27869.5,27874,27833.5,27851,9.616,267815.216
1609056480000,27851,27859,27840.5,27859,7.908,220308.972
1609056540000,27859,27903,27846.5,27902,21.525,600590.55
1609056600000,27902,27903,27849.5,27849.5,4.072,113403.164
1609056660000,27849.5,27888.5,27811,27888.5,35.75,997013.875
1609056720000,27888.5,27942,27888.5,27937.5,15.296,427332
1609056780000,27937.5,27947,27903.5,27930.5,12.415,346757.1575
1609056840000,27930.5,27930.5,27880,27890.5,16.025,446945.2625
1609056900000,27890.5,27921,27890.5,27921,5.694,158982.174
1609056960000,27921,27939,27921,27931,18.737,523343.147
1609057020000,27931,27979.5,27931,27951,27.967,781705.617
1609057080000,27951,27951,27897,27897,19.075,532135.275
1609057140000,27897,27931.5,27897,27918,7.282,203298.876
1609057200000,27918,27935.5,27908,27935.5,4.758,132917.109
1609057260000,27935.5,27963.5,27935.5,27944.5,8.53,238366.585
1609057320000,27944.5,27944.5,27908,27908,6.537,182434.596
1609057380000,27908,27908,27819,27834,39.717,1105482.978
1609057440000,27834,27873.5,27834,27847.5,22.639,630439.5525
1609057500000,27847.5,27849,27818.5,27818.5,6.853,190640.1805
1609057560000,27818.5,27834,27775,27834,57.069,1588458.546
1609057620000,27834,27841.5,27826.5,27827.5,18.331,510105.9025
1609057680000,27827.5,27827.5,27786.5,27786.5,8.017,222764.3705
1609057740000,27786.5,27819.5,27786.5,27819,41.037,1141608.303
1609057800000,27819,27820,27814.5,27814.5,3.95,109867.275
1609057860000,27814.5,27865.5,27814.5,27862,25.553,711957.686
1609057920000,27862,27862,27835,27835.5,7.289,202892.9595
1609057980000,27835.5,27835.5,27810,27810,10.939,304213.59
1609058040000,27810,27846.5,27810,27834.5,6.324,176025.378
1609058100000,27834.5,27834.5,27780,27786.5,22.874,635588.401
1609058160000,27786.5,27824,27770,27818.5,17.687,492025.8095
1609058220000,27818.5,27818.5,27786.5,27793.5,1.41,39188.835
1609058280000,27793.5,27809.5,27781.5,27781.5,8.564,237920.766
1609058340000,27781.5,27791.5,27781.5,27791,1.281,35600.271
1609058400000,27791,27805.5,27786,27791.5,4.905,136317.3075
1609058460000,27791.5,27797.5,27790,27797.5,0.744,20681.34
1609058520000,27797.5,27797.5,27770,27770,10.924,303359.48
1609058580000,27770,27783.5,27770,27783.5,1.073,29811.6955
1609058640000,27783.5,27800,27774.5,27800,4.98,138444
1609058700000,27800,27857,27799.5,27855.5,5.324,148302.682
1609058760000,27855.5,27895,27855.5,27883,36.263,1011121.229
1609058820000,27883,27883.5,27874.5,27881.5,3.244,90447.586
1609058880000,27881.5,27929.5,27881.5,27922.5,13.687,382175.2575
1609058940000,27922.5,27941,27912.5,27912.5,8.958,250040.175
1609059000000,27912.5,27953.5,27912.5,27930.5,13.611,380162.0355
1609059060000,27930.5,27950.5,27912.5,27915.5,5.027,140331.2185
1609059120000,27915.5,27934,27908.5,27908.5,13.576,378885.796
1609059180000,27908.5,27923,27880,27888,18.174,506836.512
1609059240000,27888,27924,27888,27907,1.382,38567.474
1609059300000,27907,27907,27894.5,27894.5,14.522,405083.929
1609059360000,27894.5,27894.5,27850,27850,10.081,280755.85
1609059420000,27850,27850.5,27791,27802,39.897,1109216.394
1609059480000,27802,27802,27670,27676.5,68.996,1909567.794
1609059540000,27676.5,27686.5,27408,27519.5,399.342,10989692.169
1609059600000,27519.5,27599.5,27270.5,27293,260.46,7108734.78
1609059660000,27293,27504,27276,27478,75.271,2068296.538
1609059720000,27478,27525,27462.5,27521.5,42.621,1172993.8515
1609059780000,27521.5,27586,27500,27586,78.42,2163294.12
1609059840000,27586,27601,27560,27581.5,51.65,1424584.475
1609059900000,27581.5,27656,27579,27608.5,60.943,1682544.8155
1609059960000,27608.5,27650,27608.5,27615,9.09,251020.35
1609060020000,27615,27648.5,27581,27629,18.891,521939.439
1609060080000,27629,27677.5,27629,27677.5,11.899,329334.5725
1609060140000,27677.5,27682,27654,27657.5,7.264,200904.08
1609060200000,27657.5,27657.5,27611,27623.5,30.915,853980.5025
1609060260000,27623.5,27654,27623.5,27628.5,11.937,329801.4045
1609060320000,27628.5,27628.5,27604.5,27604.5,49.515,1366836.8175
1609060380000,27604.5,27626.5,27601,27625,20.295,560649.375
1609060440000,27625,27700,27625,27685.5,42.125,1166251.6875
1609060500000,27685.5,27740,27685.5,27739.5,36.758,1019648.541
1609060560000,27739.5,27740,27701,27730.5,106.245,2946226.9725
1609060620000,27730.5,27732,27718,27732,14.78,409878.96
1609060680000,27732,27772.5,27732,27760,16.084,446491.84
1609060740000,27760,27763,27738,27738,14.343,397846.134
1609060800000,27738,27738,27697,27736.5,10.791,299304.5715
1609060860000,27736.5,27749,27718.5,27749,3.059,84884.191
1609060920000,27749,27784,27749,27762,8.083,224400.246
1609060980000,27762,27781,27762,27766.5,9.604,266669.466
1609061040000,27766.5,27771,27760,27761,1.211,33618.571
1609061100000,27761,27761,27711,27711,13.332,369443.052
1609061160000,27711,27718.5,27711,27718,0.962,26664.716
1609061220000,27718,27756,27718,27747.5,14.075,390546.0625
1609061280000,27747.5,27763,27743,27754,2.762,76656.548
1609061340000,27754,27772.5,27740,27740,144.092,3997112.08
1609061400000,27740,27754,27740,27753.5,3.451,95777.3285
1609061460000,27753.5,27753.5,27716,27716,3.867,107177.772
1609061520000,27716,27738,27716,27733,5.014,139053.262
1609061580000,27733,27733,27719,27723,0.682,18907.086
1609061640000,27723,27730,27723,27730,0.189,5240.97
1609061700000,27730,27769.5,27648.5,27652.5,47.506,1313659.665
1609061760000,27652.5,27700,27630,27691.5,32.279,893853.9285
1609061820000,27691.5,27691.5,27661,27683,117.786,3260669.838
1609061880000,27683,27683,27625.5,27638,39.344,1087389.472
1609061940000,27638,27657,27637.5,27651,12.461,344559.111
1609062000000,27651,27651,27571.5,27585.5,140.787,3883679.7885
1609062060000,27585.5,27633,27558.5,27633,19.138,528840.354
1609062120000,27633,27665,27633,27649,107.114,2961594.986
1609062180000,27649,27687,27649,27687,30.706,850157.022
1609062240000,27687,27713,27687,27701,16.007,443409.907
1609062300000,27701,27726.5,27701,27717.5,15.643,433584.8525
1609062360000,27717.5,27745,27717.5,27734,8.34,231301.56
1609062420000,27734,27735,27725,27734,17.995,499073.33
1609062480000,27734,27780,27734,27780,8.522,236741.16
1609062540000,27780,27789,27764.5,27780.5,7.515,208770.4575
1609062600000,27780.5,27780.5,27762,27772.5,3.016,83761.86
1609062660000,27772.5,27851,27772.5,27818.5,36.786,1023331.341
1609062720000,27818.5,27843,27818.5,27841.5,21.28,592467.12
1609062780000,27841.5,27869,27841.5,27852,15.625,435187.5
1609062840000,27852,27852,27842,27843.5,3.194,88932.139
1609062900000,27843.5,27899.5,27843.5,27899,28.048,782511.152
1609062960000,27899,27899.5,27863.5,27864,3.977,110815.128
1609063020000,27864,27879,27863.5,27879,1.914,53360.406
1609063080000,27879,27879,27859,27859,18.137,505278.683
1609063140000,27859,27882,27859,27874.5,5.5,153309.75
1609063200000,27874.5,27874.5,27848,27858.5,18.331,510674.1635
1609063260000,27858.5,27863.5,27845,27845,2.254,62762.63
1609063320000,27845,27845,27821.5,27833.5,14.112,392786.352
1609063380000,27833.5,27833.5,27821,27821,2.192,60983.632
1609063440000,27821,27821,27820.5,27820.5,1.682,46794.081
1609063500000,27820.5,27907,27820.5,27904,18.834,525543.936
1609063560000,27904,27904.5,27883.5,27904.5,9.233,257642.2485
1609063620000,27904.5,27940.5,27904.5,27930,20.145,562649.85
1609063680000,27930,27930.5,27877.5,27902.5,12.832,358044.88
1609063740000,27902.5,27902.5,27883,27895,6.181,172418.995
1609063800000,27895,27895,27867,27872.5,3.48,96996.3
1609063860000,27872.5,27872.5,27845.5,27845.5,11.784,328131.372
1609063920000,27845.5,27845.5,27803.5,27833.5,41.691,1160406.4485
1609063980000,27833.5,27838,27825,27833.5,4.254,118403.709
1609064040000,27833.5,27848.5,27819,27848.5,6.368,177339.248
1609064100000,27848.5,27848.5,27818.5,27818.5,18.393,511665.6705
1609064160000,27818.5,27818.5,27811.5,27811.5,5.627,156495.3105
1609064220000,27811.5,27812,27793,27793.5,4.437,123319.7595
1609064280000,27793.5,27793.5,27772.5,27780,18.767,521347.26
1609064340000,27780,27821.5,27766,27819,23.674,658587.006
1609064400000,27819,27849,27810,27849,5.316,148045.284
1609064460000,27849,27862.5,27849,27862.5,5.793,161407.4625
1609064520000,27862.5,27863,27826.5,27832,11.056,307710.592
1609064580000,27832,27832,27823.5,27823.5,0.547,15219.4545
1609064640000,27823.5,27823.5,27812,27812,2.156,59962.672
1609064700000,27812,27812,27762,27771,8.603,238913.913
1609064760000,27771,27771,27756,27756,7.619,211472.964
1609064820000,27756,27777,27737.5,27777,31.547,876281.019
1609064880000,27777,27784,27771,27784,32.25,896034
1609064940000,27784,27801.5,27777.5,27801.5,6.037,167837.6555
1609065000000,27801.5,27805,27767.5,27778,14.186,394058.708
1609065060000,27778,27810,27778,27810,16.856,468765.36
1609065120000,27810,27850,27810,27841,21.708,604372.428
1609065180000,27841,27841,27820.5,27828.5,0.96,26715.36
1609065240000,27828.5,27857,27828.5,27857,4.181,116470.117
1609065300000,27857,27877,27857,27870,7.821,217971.27
1609065360000,27870,27870.5,27851,27851,3.097,86254.547
1609065420000,27851,27865,27851,27852.5,9.293,258833.2825
1609065480000,27852.5,27866,27852.5,27865.5,3.22,89726.91
1609065540000,27865.5,27865.5,27845.5,27858.5,3.863,107617.3855
1609065600000,27858.5,27870,27858.5,27860.5,3.122,86980.481
1609065660000,27860.5,27862,27828,27828.5,9.713,270298.2205
1609065720000,27828.5,27835.5,27828,27835.5,2.068,57563.814
1609065780000,27835.5,27835.5,27790,27790,7.514,208814.06
1609065840000,27790,27801.5,27777.5,27777.5,12.229,339691.0475
1609065900000,27777.5,27810,27754,27810,7.236,201233.16
1609065960000,27810,27836.5,27810,27826.5,1.739,48390.2835
1609066020000,27826.5,27837.5,27826.5,27837.5,1.961,54589.3375
1609066080000,27837.5,27872,27837.5,27872,5.198,144878.656
1609066140000,27872,27872,27862.5,27862.5,11.142,310443.975
1609066200000,27862.5,27870,27862.5,27869.5,3.111,86702.0145
1609066260000,27869.5,27878,27869.5,27869.5,1.884,52506.138
1609066320000,27869.5,27869.5,27859,27859,10.095,281236.605
1609066380000,27859,27859,27833,27839.5,7.645,212832.9775
1609066440000,27839.5,27851,27838,27851,1.47,40940.97
1609066500000,27851,27851,27823.5,27823.5,2.024,56314.764
1609066560000,27823.5,27857,27823.5,27857,4.234,117946.538
1609066620000,27857,27859.5,27857,27859,1.871,52124.189
1609066680000,27859,27877,27859,27877,4.364,121655.228
1609066740000,27877,27892,27876.5,27876.5,12.295,342741.5675
1609066800000,27876.5,27876.5,27847,27849,2.094,58315.806
1609066860000,27849,27935,27849,27934.5,21.36,596680.92
1609066920000,27934.5,28038.5,27934,28038.5,92.251,2586579.6635
1609066980000,28038.5,28040,27989.5,28007.5,62.143,1740470.0725
1609067040000,28007.5,28173,28007.5,28154.5,69.978,1970195.601
1609067100000,28154.5,28204,28137,28204,48.867,1378244.868
1609067160000,28204,28204,28165,28170,36.987,1041923.79
1609067220000,28170,28261,28146,28238,54.773,1546679.974
1609067280000,28238,28329,28238,28318,50.199,1421535.282
1609067340000,28318,28318,28250,28293,41.973,1187542.089
1609067400000,28293,28298.5,28230,28248.5,23.251,656805.8735
1609067460000,28248.5,28267,28230.5,28237,14.997,423470.289
1609067520000,28237,28265,28237,28245,22.068,623310.66
1609067580000,28245,28326,28245,28326,16.752,474517.152
1609067640000,28326,28387,28326,28363,65.624,1861293.512
1609067700000,28363,28449.5,28311.5,28428,96.425,2741169.9
1609067760000,28428,28468,28400,28422,56.481,1605302.982
1609067820000,28422,28452,28410,28430.5,49.934,1419648.587
1609067880000,28430.5,28437,28355,28366,39.733,1127066.278
1609067940000,28366,28374,28300,28340,46.2,1309308
1609068000000,28340,28340,28301,28302,19.168,542492.736
1609068060000,28302,28349,28302,28340.5,11.552,327389.456
1609068120000,28340.5,28380,28340.5,28380,26.638,755986.44
1609068180000,28380,28406.5,28380,28406.5,21.904,622215.976
1609068240000,28406.5,28406.5,28366,28366,11.899,337527.034
1609068300000,28366,28378,28347,28353.5,26.189,742549.8115
1609068360000,28353.5,28357.5,28333,28333,4.397,124580.201
1609068420000,28333,28354.5,28290.5,28354.5,79.714,2260250.613
1609068480000,28354.5,28360,28333,28333.5,7.055,199892.8425
1609068540000,28333.5,28333.5,28308,28311,10.45,295849.95
1609068600000,28311,28350,28311,28345,12.697,359896.465
1609068660000,28345,28365.5,28344.5,28354.5,5.014,142169.463
1609068720000,28354.5,28405.5,28354.5,28399.5,20.742,589062.429
1609068780000,28399.5,28400.5,28361,28361,40.833,1158064.713
1609068840000,28361,28361,27783.5,27853.5,533.009,14846166.1815
1609068900000,27853.5,28139.5,27783.5,28125,261.724,7360987.5
1609068960000,28125,28130,28033.5,28085,54.185,1521785.725
1609069020000,28085,28085,27936,28029,118.756,3328611.924
1609069080000,28029,28029,27689,27825.5,241.657,6724226.8535
1609069140000,27825.5,27888.5,27557,27736.5,160.691,4457005.9215
1609069200000,27736.5,27780,27688.5,27694,88.12,2440395.28
1609069260000,27694,27700.5,27085,27104,592.634,16062751.936
1609069320000,27104,27416,27103.5,27416,607.608,16658180.928
1609069380000,27416,27577,27416,27522.5,232.835,6408201.2875
1609069440000,27522.5,27559.5,27504,27520.5,59.831,1646579.0355
1609069500000,27520.5,27719.5,27518,27641,89.908,2485147.028
1609069560000,27641,27667.5,27614.5,27619.5,32.958,910283.481
1609069620000,27619.5,27625,27439,27504.5,148.863,4094402.3835
1609069680000,27504.5,27651,27504.5,27619,55.557,1534428.783
1609069740000,27619,27627,27569,27606.5,33.471,924017.1615
1609069800000,27606.5,27653.5,27597.5,27653.5,19.069,527324.5915
1609069860000,27653.5,27682.5,27641.5,27659,31.281,865201.179
1609069920000,27659,27722.5,27659,27721.5,13.19,365646.585
1609069980000,27721.5,27779,27721.5,27770.5,23.805,661076.7525
1609070040000,27770.5,27771,27712,27712,30.62,848541.44
1609070100000,27712,27712,27641,27689,33.782,935389.798
1609070160000,27689,27706,27682.5,27682.5,14.057,389132.9025
1609070220000,27682.5,27691.5,27641,27649,19.898,550159.802
1609070280000,27649,27656.5,27558,27597.5,69.645,1922027.8875
1609070340000,27597.5,27696.5,27597.5,27696.5,27.629,765226.5985
1609070400000,27696.5,27699,27584,27602.5,43.148,1190992.67
1609070460000,27602.5,27602.5,27369.5,27460,187.447,5147294.62
1609070520000,27460,27588,27460,27585.5,31.009,855398.7695
1609070580000,27585.5,27587.5,27520,27528.5,13.78,379342.73
1609070640000,27528.5,27553,27444,27500,24.95,686125
1609070700000,27500,27520,27375,27412,65.431,1793594.572
1609070760000,27412,27412,27295.5,27363,149.865,4100755.995
1609070820000,27363,27372,27203.5,27223,116.909,3182613.707
1609070880000,27223,27298,27052.5,27178.5,381.253,10361884.6605
1609070940000,27178.5,27270.5,27099,27123.5,103.863,2817128.0805
1609071000000,27123.5,27123.5,26666,26749,543.831,14546935.419
1609071060000,26749,26991.5,26743.5,26974,174.891,4717509.834
1609071120000,26974,27066,26900,26936.5,160.96,4335699.04
1609071180000,26936.5,26991,26859.5,26953.5,115.825,3121889.1375
1609071240000,26953.5,27077.5,26941,27042.5,50.109,1355072.6325
1609071300000,27042.5,27176,27019,27120.5,144.598,3921570.059
1609071360000,27120.5,27194.5,27111,27188.5,24.852,675688.602
1609071420000,27188.5,27190.5,27076,27081,16.927,458400.087
1609071480000,27081,27148.5,27081,27124.5,8.234,223343.133
1609071540000,27124.5,27124.5,26951.5,26980,32.121,866624.58
1609071600000,26980,27087.5,26980,27084,11.7,316882.8
1609071660000,27084,27084,26885,26921.5,46.401,1249184.5215
1609071720000,26921.5,26961,26854.5,26940,20.126,542194.44
1609071780000,26940,27020.5,26939.5,27015,15.451,417408.765
1609071840000,27015,27115,27015,27063,9.118,246760.434
1609071900000,27063,27153,27058.5,27115,114.237,3097536.255
1609071960000,27115,27117,27071,27083,12.152,329112.616
1609072020000,27083,27083,27000,27029,34.921,943879.709
1609072080000,27029,27030.5,26965,26980,25.939,699834.22
1609072140000,26980,27052.5,26980,27009,20.797,561706.173
1609072200000,27009,27009,26882.5,26981,48.889,1319074.109
1609072260000,26981,26981,26910.5,26957,29.004,781860.828
1609072320000,26957,27063,26935.5,27063,30.856,835055.928
1609072380000,27063,27100,27060,27099,18.977,514257.723
1609072440000,27099,27180,27096.5,27151,54.408,1477231.608
1609072500000,27151,27244.5,27151,27211,81.447,2216254.317
1609072560000,27211,27235,27183,27184,16.356,444621.504
1609072620000,27184,27311,27184,27305,141.045,3851233.725
1609072680000,27305,27348,27304.5,27332.5,101.218,2766540.985
1609072740000,27332.5,27332.5,27281,27290.5,125.704,3430525.012
1609072800000,27290.5,27315.5,27284.5,27315.5,8.66,236552.23
1609072860000,27315.5,27323.5,27291,27291.5,106.787,2914377.4105
1609072920000,27291.5,27291.5,27231,27231,7.355,200284.005
1609072980000,27231,27231,27180.5,27184,29.395,799073.68
1609073040000,27184,27234.5,27157,27234.5,20.367,554685.0615
1609073100000,27234.5,27359,27234.5,27353,29.819,815639.107
1609073160000,27353,27400,27353,27379,10.053,275241.087
1609073220000,27379,27400,27379,27388,10.179,278782.452
1609073280000,27388,27400,27355,27355.5,25.065,685665.6075
1609073340000,27355.5,27391,27343,27343,13.66,373505.38
1609073400000,27343,27368.5,27339.5,27355,7.355,201196.025
1609073460000,27355,27376.5,27344,27375,21.22,580897.5
1609073520000,27375,27413.5,27375,27406,23.824,652920.544
1609073580000,27406,27408,27390,27397.5,21.163,579813.2925
1609073640000,27397.5,27397.5,27361,27391,14.173,388212.643
1609073700000,27391,27400,27382,27400,9.676,265122.4
1609073760000,27400,27400,27346.5,27346.5,6.482,177260.013
1609073820000,27346.5,27359,27260.5,27359,130.254,3563619.186
1609073880000,27359,27359.5,27291,27302,42.565,1162109.63
1609073940000,27302,27302,27271.5,27271.5,12.613,343975.4295
1609074000000,27271.5,27336,27271,27336,153.21,4188148.56
1609074060000,27336,27340,27317,27317,38.848,1061210.816
1609074120000,27317,27387,27317,27387,29.689,813092.643
1609074180000,27387,27405,27360,27360,32.188,880663.68
1609074240000,27360,27374,27357.5,27358,3.908,106915.064
1609074300000,27358,27358,27300,27320,14.623,399500.36
1609074360000,27320,27324.5,27234,27236,22.409,610331.524
1609074420000,27236,27253.5,27200,27226,86.131,2345002.606
1609074480000,27226,27226.5,27206.5,27206.5,5.654,153825.551
1609074540000,27206.5,27275.5,27206.5,27275,12.585,343255.875
1609074600000,27275,27275.5,27147,27147,27.001,732996.147
1609074660000,27147,27189,27114.5,27180,24.607,668818.26
1609074720000,27180,27226.5,27173.5,27226.5,10.754,292793.781
1609074780000,27226.5,27227,27181,27195.5,10.314,280494.387
1609074840000,27195.5,27273.5,27195.5,27273.5,8.175,222960.8625
1609074900000,27273.5,27373,27273.5,27373,36.855,1008831.915
1609074960000,27373,27383.5,27359,27374,20.799,569351.826
1609075020000,27374,27374,27345,27345,61.915,1693065.675
1609075080000,27345,27354,27342.5,27354,4.456,121889.424
1609075140000,27354,27354,27197.5,27203,73.602,2002195.206
1609075200000,27203,27276.5,27199,27271,38.32,1045024.72
1609075260000,27271,27271,27236,27241.5,4.836,131739.894
1609075320000,27241.5,27242.5,27211,27242,14.627,398468.734
1609075380000,27242,27286,27242,27285.5,38.55,1051856.025
1609075440000,27285.5,27313.5,27280.5,27313.5,16.894,461434.269
1609075500000,27313.5,27314.5,27313.5,27314.5,1.144,31247.788
1609075560000,27314.5,27314.5,27280,27280,5.445,148539.6
1609075620000,27280,27305,27274.5,27305,5.567,152006.935
1609075680000,27305,27349,27305,27349,13.382,365984.318
1609075740000,27349,27349,27302,27316,5.845,159662.02
1609075800000,27316,27316,27208.5,27243.5,69.214,1885631.609
1609075860000,27243.5,27264.5,27243.5,27248,3.83,104359.84
1609075920000,27248,27284,27248,27279.5,7.549,205932.9455
1609075980000,27279.5,27281,27279.5,27280.5,6.071,165619.9155
1609076040000,27280.5,27280.5,27251,27265,26.187,713988.555
1609076100000,27265,27302,27265,27284.5,123.082,3358230.829
1609076160000,27284.5,27347,27284.5,27327.5,27.176,742652.14
1609076220000,27327.5,27365.5,27326.5,27340.5,5.743,157016.4915
1609076280000,27340.5,27366,27340.5,27366,1.705,46659.03
1609076340000,27366,27396,27351,27396,20.702,567151.992
1609076400000,27396,27477.5,27396,27454,141.832,3893855.728
1609076460000,27454,27463,27403,27412,112.884,3094376.208
1609076520000,27412,27472,27412,27472,20.199,554906.928
1609076580000,27472,27472.5,27438.5,27438.5,22.96,629987.96
1609076640000,27438.5,27470.5,27438.5,27470,61.363,1685641.61
1609076700000,27470,27470,27437.5,27437.5,8.557,234782.6875
1609076760000,27437.5,27490.5,27437.5,27461,12.113,332635.093
1609076820000,27461,27467,27423,27467,24.644,676896.748
1609076880000,27467,27467,27431,27431,3.284,90083.404
1609076940000,27431,27488,27431,27488,4.801,131969.888
1609077000000,27488,27566.5,27488,27538,30.316,834842.008
1609077060000,27538,27558.5,27536,27536,20.452,563166.272
1609077120000,27536,27540,27493.5,27506.5,103.473,2846180.0745
1609077180000,27506.5,27525,27473.5,27480.5,6.264,172137.852
1609077240000,27480.5,27540,27480.5,27539.5,32.799,903268.0605
1609077300000,27539.5,27633,27539.5,27602.5,64.964,1793168.81
1609077360000,27602.5,27609,27570,27570,19.076,525925.32
1609077420000,27570,27596,27561.5,27588.5,13.491,372196.4535
1609077480000,27588.5,27588.5,27533,27538.5,33.322,917637.897
1609077540000,27538.5,27562,27536.5,27562,7.197,198363.714
1609077600000,27562,27562,27510.5,27541,12.715,350183.815
1609077660000,27541,27563.5,27497,27563.5,16.01,441291.635
1609077720000,27563.5,27566.5,27522,27543.5,6.655,183301.9925
1609077780000,27543.5,27551.5,27506,27519.5,14.841,408416.8995
1609077840000,27519.5,27519.5,27511,27516.5,11.052,304112.358
1609077900000,27516.5,27529.5,27509,27529.5,3.493,96160.5435
1609077960000,27529.5,27623.5,27529.5,27623.5,128.842,3559066.987
1609078020000,27623.5,27684,27586,27673.5,31.216,863855.976
1609078080000,27673.5,27698,27635.5,27697.5,15.85,439005.375
1609078140000,27697.5,27698,27679,27698,86.856,2405737.488
1609078200000,27698,27743.5,27698,27715,24.534,679959.81
1609078260000,27715,27715,27667.5,27667.5,22.334,617925.945
1609078320000,27667.5,27712.5,27667,27691.5,22.712,628929.348
1609078380000,27691.5,27730.5,27691,27720,7.684,213000.48
1609078440000,27720,27745,27718,27731.5,18.341,508623.4415
1609078500000,27731.5,27820.5,27731.5,27791,42.856,1191011.096
1609078560000,27791,27791,27760.5,27760.5,7.645,212229.0225
1609078620000,27760.5,27777.5,27739,27739,15.351,425821.389
1609078680000,27739,27739,27723,27731,4.44,123125.64
1609078740000,27731,27763,27697.5,27763,17.177,476885.051
1609078800000,27763,27763.5,27723,27728.5,16.287,451614.0795
1609078860000,27728.5,27747,27728.5,27746.5,3.647,101191.4855
1609078920000,27746.5,27746.5,27708,27738.5,86.118,2388784.143
1609078980000,27738.5,27776,27738.5,27776,14.599,405501.824
1609079040000,27776,27776,27739,27747,55.836,1549281.492
1609079100000,27747,27768.5,27729,27729,22.74,630557.46
1609079160000,27729,27729,27675,27687.5,29.889,827551.6875
1609079220000,27687.5,27721.5,27687.5,27690,11.819,327268.11
1609079280000,27690,27715.5,27690,27706.5,5.965,165269.2725
1609079340000,27706.5,27706.5,27630,27635,45.232,1249986.32
1609079400000,27635,27689.5,27634.5,27689.5,7.259,200998.0805
1609079460000,27689.5,27715,27670,27715,12.499,346409.785
1609079520000,27715,27750.5,27715,27739.5,16.626,461196.927
1609079580000,27739.5,27739.5,27700,27711,2.818,78089.598
1609079640000,27711,27741,27711,27741,4.434,123003.594
1609079700000,27741,27746,27707.5,27707.5,7.325,202957.4375
1609079760000,27707.5,27723,27701,27710.5,10.065,278906.1825
1609079820000,27710.5,27710.5,27668,27681.5,22.723,629006.7245
1609079880000,27681.5,27681.5,27628.5,27640,22.782,629694.48
1609079940000,27640,27640,27568.5,27585.5,45.227,1247609.4085
1609080000000,27585.5,27600,27555.5,27600,21.419,591164.4
1609080060000,27600,27631,27583.5,27630.5,16.571,457865.0155
1609080120000,27630.5,27647.5,27611.5,27612,18.162,501489.144
1609080180000,27612,27612,27566.5,27588.5,15.701,433167.0385
1609080240000,27588.5,27593.5,27565.5,27565.5,9.233,254512.2615
1609080300000,27565.5,27589.5,27565.5,27581.5,23.232,640773.408
1609080360000,27581.5,27585.5,27564,27564,38.381,1057933.884
1609080420000,27564,27577.5,27556,27558.5,3.609,99458.6265
1609080480000,27558.5,27558.5,27482,27497,251.506,6915660.482
1609080540000,27497,27513,27395,27419.5,127.87,3506131.465
1609080600000,27419.5,27477,27419.5,27461,19.813,544084.793
1609080660000,27461,27464,27423.5,27423.5,144.328,3957978.908
1609080720000,27423.5,27499,27410,27499,34.741,955342.759
1609080780000,27499,27499,27460,27481,11.407,313475.767
1609080840000,27481,27484.5,27480.5,27484.5,11.021,302906.6745
1609080900000,27484.5,27485,27449,27449.5,20.427,560710.9365
1609080960000,27449.5,27449.5,27311,27347,65.415,1788904.005
1609081020000,27347,27383,27347,27361.5,31.285,856004.5275
1609081080000,27361.5,27400,27361,27400,9.097,249257.8
1609081140000,27400,27400,27367.5,27400,12.398,339705.2
1609081200000,27400,27473,27400,27473,13.274,364676.602
1609081260000,27473,27527,27473,27510.5,18.905,520086.0025
1609081320000,27510.5,27541,27510.5,27541,26.343,725512.563
1609081380000,27541,27541,27480,27480.5,2.951,81094.9555
1609081440000,27480.5,27496.5,27474,27474,1.162,31924.788
1609081500000,27474,27474,27403,27457,17.794,488569.858
1609081560000,27457,27490,27456.5,27490,14.989,412047.61
1609081620000,27490,27513.5,27451,27451,17.523,481023.873
1609081680000,27451,27514,27451,27514,59.102,1626132.428
1609081740000,27514,27567,27506.5,27530.5,224.93,6192435.365
1609081800000,27530.5,27537,27465,27473,44.744,1229251.912
1609081860000,27473,27473,27445.5,27465,15.485,425295.525
1609081920000,27465,27465,27425,27425,6.678,183144.15
1609081980000,27425,27464.5,27425,27433,12.101,331966.733
1609082040000,27433,27434.5,27361,27385,69.79,1911199.15
1609082100000,27385,27427,27385,27427,5.548,152164.996
1609082160000,27427,27439,27415,27439,9.23,253261.97
1609082220000,27439,27479,27439,27479,12.847,353022.713
1609082280000,27479,27480.5,27430,27443,9.189,252173.727
1609082340000,27443,27461.5,27443,27460.5,4.195,115196.7975
1609082400000,27460.5,27460.5,27376,27376,5.586,152922.336
1609082460000,27376,27382,27355,27373.5,7.432,203439.852
1609082520000,27373.5,27373.5,27322,27325.5,9.314,254509.707
1609082580000,27325.5,27338.5,27230,27309.5,147.587,4030527.1765
1609082640000,27309.5,27312,27174,27174,58.511,1589977.914
1609082700000,27174,27178,27072,27111.5,188.177,5101760.7355
1609082760000,27111.5,27253,27111.5,27218,30.519,830666.142
1609082820000,27218,27280,27218,27278,91.477,2495309.606
1609082880000,27278,27323,27265,27282.5,45.265,1234942.3625
1609082940000,27282.5,27282.5,27211.5,27211.5,24.525,667362.0375
1609083000000,27211.5,27282,27211,27282,12.315,335977.83
1609083060000,27282,27332,27282,27290,18.967,517609.43
1609083120000,27290,27317,27290,27315.5,5.93,161980.915
1609083180000,27315.5,27316,27240,27300,56.175,1533577.5
1609083240000,27300,27322.5,27276,27322.5,26.212,716177.37
1609083300000,27322.5,27322.5,27298.5,27311.5,9.575,261507.6125
1609083360000,27311.5,27312,27279.5,27287.5,2.594,70783.775
1609083420000,27287.5,27312,27265.5,27312,5.546,151472.352
1609083480000,27312,27362,27312,27358.5,36.157,989201.2845
1609083540000,27358.5,27372.5,27349.5,27372.5,20.198,552869.755
1609083600000,27372.5,27374,27361.5,27361.5,12.813,350582.8995
1609083660000,27361.5,27361.5,27328.5,27359,6.118,167382.362
1609083720000,27359,27371,27356.5,27371,6.245,170931.895
1609083780000,27371,27372.5,27345,27345,9.723,265875.435
1609083840000,27345,27353,27345,27353,30.074,822614.122
1609083900000,27353,27403,27353,27403,36.52,1000757.56
1609083960000,27403,27438.5,27403,27412,12.783,350407.596
1609084020000,27412,27414,27410,27410,5.553,152207.73
1609084080000,27410,27417,27398.5,27417,7.987,218979.579
1609084140000,27417,27435.5,27417,27435.5,13.004,356771.242
1609084200000,27435.5,27435.5,27402,27413.5,17.588,482148.638
1609084260000,27413.5,27416.5,27407,27413.5,9.978,273531.903
1609084320000,27413.5,27438,27413.5,27438,21.385,586761.63
1609084380000,27438,27440,27419,27432,12.34,338510.88
1609084440000,27432,27432,27419,27424,1.28,35102.72
1609084500000,27424,27425,27414,27424.5,24.287,666058.8315
1609084560000,27424.5,27425,27405,27405,7.156,196110.18
1609084620000,27405,27405.5,27401,27401,3.212,88012.012
1609084680000,27401,27422,27401,27422,27.667,758684.474
1609084740000,27422,27422,27410,27410,12.598,345311.18
1609084800000,27410,27434,27402,27417.5,49.412,1354753.51
1609084860000,27417.5,27496.5,27417.5,27496.5,55.023,1512939.9195
1609084920000,27496.5,27511,27449.5,27449.5,41.194,1130754.703
1609084980000,27449.5,27507.5,27449.5,27504,13.294,365638.176
1609085040000,27504,27511,27489,27511,8.944,246058.384
1609085100000,27511,27515,27483,27515,10.728,295180.92
1609085160000,27515,27524,27495,27524,9.885,272074.74
1609085220000,27524,27524,27497,27506,1.963,53994.278
1609085280000,27506,27506,27401,27417.5,14.92,409069.1
1609085340000,27417.5,27417.5,27294.5,27320.5,67.513,1844488.9165
1609085400000,27320.5,27320.5,27237.5,27238,40.297,1097609.686
1609085460000,27238,27277,27215,27242,35.525,967772.05
1609085520000,27242,27242,27175.5,27182,33.26,904073.32
1609085580000,27182,27200,27147.5,27191.5,25.061,681446.1815
1609085640000,27191.5,27244.5,27191.5,27240,44.496,1212071.04
1609085700000,27240,27240,27199.5,27206,11.198,304652.788
1609085760000,27206,27212.5,27168,27200.5,4.68,127298.34
1609085820000,27200.5,27204,27125,27125,78.488,2128987
1609085880000,27125,27163.5,27125,27154,7.802,211855.508
1609085940000,27154,27154,27010,27029.5,64.892,1753998.314
1609086000000,27029.5,27109,27003,27097,43.44,1177093.68
1609086060000,27097,27097,26876.5,26887,99.984,2688269.808
1609086120000,26887,26971,26877,26971,69.697,1879797.787
1609086180000,26971,27006.5,26892,26892.5,45.197,1215460.3225
1609086240000,26892.5,26893,26777,26820.5,115.393,3094897.9565
1609086300000,26820.5,26846,26695.5,26766.5,146.633,3924852.1945
1609086360000,26766.5,26946,26766.5,26918.5,103.201,2778016.1185
1609086420000,26918.5,26919,26821,26912,24.064,647610.368
1609086480000,26912,27003,26912,26977,79.546,2145912.442
1609086540000,26977,27020.5,26977,27009,69.532,1877989.788
1609086600000,27009,27009,26933,26933,12.794,344580.802
1609086660000,26933,26965,26874.5,26891,51.147,1375393.977
1609086720000,26891,26938,26858,26864.5,18.686,501990.047
1609086780000,26864.5,26903,26815,26821,26.855,720277.955
1609086840000,26821,26846.5,26747.5,26774,59.729,1599184.246
1609086900000,26774,26820.5,26671.5,26808,64.021,1716274.968
1609086960000,26808,26890.5,26780,26788.5,86.742,2323688.067
1609087020000,26788.5,26788.5,26667,26703.5,70.237,1875573.7295
1609087080000,26703.5,26839.5,26685,26822,44.354,1189662.988
1609087140000,26822,26865.5,26758,26799.5,99.419,2664379.4905
1609087200000,26799.5,26804,26704,26783,39.353,1053991.399
1609087260000,26783,26859.5,26783,26825,29.182,782807.15
1609087320000,26825,26915.5,26825,26909,36.98,995094.82
1609087380000,26909,26931,26861.5,26898.5,27.992,752942.812
1609087440000,26898.5,26935,26894,26920,44.598,1200578.16
1609087500000,26920,26946,26878,26897.5,9.772,262842.37
1609087560000,26897.5,26933.5,26895,26896,101.226,2722574.496
1609087620000,26896,26913,26893,26893,4.742,127526.606
1609087680000,26893,26893,26817.5,26854.5,13.301,357191.7045
1609087740000,26854.5,26913,26854.5,26913,62.892,1692612.396
1609087800000,26913,26913,26832,26832,32.442,870483.744
1609087860000,26832,26832,26755,26764,21.453,574168.092
1609087920000,26764,26786.5,26705,26717.5,24.382,651426.085
1609087980000,26717.5,26798,26717.5,26790,6.745,180698.55
1609088040000,26790,26963,26790,26963,95.127,2564909.301
1609088100000,26963,27049.5,26944,27049.5,37.012,1001156.094
1609088160000,27049.5,27077,27014,27077,28.168,762704.936
1609088220000,27077,27093.5,27052,27084.5,9.48,256761.06
1609088280000,27084.5,27084.5,27041,27063,3.08,83354.04
1609088340000,27063,27097.5,27059.5,27096.5,52.804,1430803.586
1609088400000,27096.5,27097,26961.5,27004,54.666,1476200.664
1609088460000,27004,27053.5,26971.5,27008,17.985,485738.88
1609088520000,27008,27017,26933,26937.5,32.349,871401.1875
1609088580000,26937.5,26962.5,26896.5,26936,65.489,1764011.704
1609088640000,26936,26990.5,26918.5,26987,13.563,366024.681
1609088700000,26987,26996.5,26963,26977,2.282,61561.514
1609088760000,26977,26990,26969.5,26989.5,3.977,107337.2415
1609088820000,26989.5,26989.5,26894,26894,14.079,378640.626
1609088880000,26894,26919.5,26894,26911.5,3.656,98388.444
1609088940000,26911.5,26911.5,26855.5,26882,20.068,539467.976
1609089000000,26882,26920.5,26838,26838,20.418,547978.284
1609089060000,26838,26859,26838,26856,5.066,136052.496
1609089120000,26856,26961.5,26856,26953,20.308,547361.524
1609089180000,26953,26956,26865,26865,14.909,400530.285
1609089240000,26865,26956.5,26865,26921,47.591,1281197.311
1609089300000,26921,26988,26921,26988,20.302,547910.376
1609089360000,26988,27018.5,26973,26996,9.739,262914.044
1609089420000,26996,27023,26996,27021,1.495,40396.395
1609089480000,27021,27024,26992,27008,4.494,121373.952
1609089540000,27008,27008,26985,26993,14.125,381276.125
1609089600000,26993,26999.5,26896,26927.5,22.049,593724.4475
1609089660000,26927.5,26980,26912,26964,28.036,755962.704
1609089720000,26964,26999,26964,26977.5,3.726,100518.165
1609089780000,26977.5,26977.5,26889.5,26931,14.407,387994.917
1609089840000,26931,26931,26882,26909,16.063,432239.267
1609089900000,26909,26944,26907,26944,0.997,26863.168
1609089960000,26944,26969,26936,26947,12.386,333765.542
1609090020000,26947,26953,26927.5,26944,2.281,61459.264
1609090080000,26944,26944,26915.5,26926.5,1.982,53368.323
1609090140000,26926.5,26926.5,26885,26904.5,2.042,54938.989
1609090200000,26904.5,26904.5,26859.5,26865,15.177,407730.105
1609090260000,26865,26944,26853,26944,9.206,248046.464
1609090320000,26944,27032.5,26944,27032.5,36.441,985091.3325
1609090380000,27032.5,27032.5,26978.5,26990.5,5.15,139001.075
1609090440000,26990.5,27023.5,26990.5,27018,5.534,149517.612
1609090500000,27018,27021,26973.5,26984,5.889,158908.776
1609090560000,26984,27000.5,26970,26970,1.015,27374.55
1609090620000,26970,26970.5,26915.5,26928,23.141,623140.848
1609090680000,26928,26953.5,26928,26928,1.937,52159.536
1609090740000,26928,26928.5,26907.5,26914.5,84.289,2268596.2905
1609090800000,26914.5,26936,26849,26849,105.02,2819681.98
1609090860000,26849,26874,26846,26874,33.594,902805.156
1609090920000,26874,26874,26812,26831.5,19.182,514681.833
1609090980000,26831.5,26838,26783,26797,36.249,971364.453
1609091040000,26797,26812,26785,26795.5,4.272,114470.376
1609091100000,26795.5,26853,26795.5,26841,15.061,404252.301
1609091160000,26841,26849,26783.5,26783.5,8.435,225918.8225
1609091220000,26783.5,26820,26772,26820,5.346,143379.72
1609091280000,26820,26820,26787.5,26787.5,4.325,115855.9375
1609091340000,26787.5,26795,26764,26785.5,12.168,325925.964
1609091400000,26785.5,26785.5,26739,26739,5.345,142919.955
1609091460000,26739,26860,26739,26854.5,58.032,1558420.344
1609091520000,26854.5,26854.5,26787,26807.5,6.564,175964.43
1609091580000,26807.5,26811,26774,26789,5.732,153554.548
1609091640000,26789,26822.5,26787,26800,9.993,267812.4
1609091700000,26800,26800,26764,26764,115.269,3085059.516
1609091760000,26764,26764,26719,26732.5,14.601,390321.2325
1609091820000,26732.5,26784,26725,26784,12.984,347763.456
1609091880000,26784,26816,26772.5,26814,72.742,1950503.988
1609091940000,26814,26829.5,26809.5,26829.5,10.89,292173.255
1609092000000,26829.5,26830,26783.5,26792.5,5.247,140580.2475
1609092060000,26792.5,26850,26792.5,26848,33.729,905556.192
1609092120000,26848,26848,26816,26818,10.587,283922.166
1609092180000,26818,26822,26590.5,26602.5,167.037,4443601.7925
1609092240000,26602.5,26722,26602.5,26651.5,156.42,4168827.63
1609092300000,26651.5,26736,26651.5,26717,47.06,1257302.02
1609092360000,26717,26777,26698,26777,29.496,789814.392
1609092420000,26777,26783.5,26744.5,26745.5,2.939,78605.0245
1609092480000,26745.5,26768.5,26731.5,26744.5,14.442,386244.069
1609092540000,26744.5,26766,26733.5,26766,2.189,58590.774
1609092600000,26766,26807.5,26766,26793,36.664,982338.552
1609092660000,26793,26865,26793,26848,12.471,334821.408
1609092720000,26848,26856,26840.5,26840.5,8.571,230049.9255
1609092780000,26840.5,26853,26840,26850.5,103.773,2786356.9365
1609092840000,26850.5,26866.5,26850.5,26866.5,4.349,116842.4085
1609092900000,26866.5,26888,26864.5,26880,7.269,195390.72
1609092960000,26880,26880,26870.5,26871.5,7.243,194630.2745
1609093020000,26871.5,26914,26871.5,26914,17.777,478450.178
1609093080000,26914,26930,26896.5,26897.5,13.635,366747.4125
1609093140000,26897.5,26911.5,26896,26906,1.229,33067.474
1609093200000,26906,26924.5,26906,26924.5,1.794,48302.553
1609093260000,26924.5,26951,26917.5,26936,60.068,1617991.648
1609093320000,26936,26975,26930.5,26975,29.821,804421.475
1609093380000,26975,26988,26950,26950,13.061,351993.95
1609093440000,26950,26976,26950,26962,14.831,399873.422
1609093500000,26962,26993,26962,26993,45.136,1218356.048
1609093560000,26993,27014.5,26993,27005.5,3.83,103431.065
1609093620000,27005.5,27006,26970.5,26971.5,23.573,635799.1695
1609093680000,26971.5,26978,26936,26945.5,22.305,601019.3775
1609093740000,26945.5,26953,26936,26936,10.949,294922.264
1609093800000,26936,26937.5,26930,26930,1.426,38402.18
1609093860000,26930,26937.5,26893,26911.5,4.373,117683.9895
1609093920000,26911.5,26911.5,26887.5,26895,3.576,96176.52
1609093980000,26895,26895,26872,26872,6.578,176764.016
1609094040000,26872,26904,26872,26883,13.253,356280.399
1609094100000,26883,26883,26784.5,26792.5,35.38,947918.65
1609094160000,26792.5,26805,26751.5,26774.5,6.122,163913.489
1609094220000,26774.5,26812,26774.5,26812,4.471,119876.452
1609094280000,26812,26813.5,26800,26804,14.073,377212.692
1609094340000,26804,26825.5,26801.5,26825.5,9.97,267450.235
1609094400000,26825.5,26826,26808.5,26808.5,4.823,129297.3955
1609094460000,26808.5,26808.5,26801,26803,1.861,49880.383
1609094520000,26803,26830.5,26803,26830.5,36.363,975637.4715
1609094580000,26830.5,26842,26827,26842,3.98,106831.16
1609094640000,26842,26860.5,26838.5,26838.5,9.804,263124.654
1609094700000,26838.5,26844,26838.5,26844,1.699,45607.956
1609094760000,26844,26854,26840,26854,1.491,40039.314
1609094820000,26854,26854,26840.5,26840.5,0.486,13044.483
1609094880000,26840.5,26863.5,26840.5,26863.5,0.936,25144.236
1609094940000,26863.5,26967,26863.5,26967,71.357,1924284.219
1609095000000,26967,26968,26953,26953.5,14.68,395677.38
1609095060000,26953.5,26953.5,26943.5,26943.5,3.876,104433.006
1609095120000,26943.5,26943.5,26918,26918,12.338,332114.284
1609095180000,26918,26942,26918,26928,1.334,35921.952
1609095240000,26928,26963.5,26928,26957,8.779,236655.503
1609095300000,26957,26963.5,26944,26944,4.706,126798.464
1609095360000,26944,26946,26944,26946,0.219,5901.174
1609095420000,26946,26981.5,26946,26981.5,18.753,505984.0695
1609095480000,26981.5,27046.5,26981.5,27040.5,19.152,517879.656
1609095540000,27040.5,27070.5,27035.5,27070.5,135.738,3674495.529
1609095600000,27070.5,27091,27057,27085.5,15.422,417712.581
1609095660000,27085.5,27091,27067,27067,11.391,308320.197
1609095720000,27067,27067,27026,27033,33.003,892170.099
1609095780000,27033,27065,27033,27047.5,3.694,99913.465
1609095840000,27047.5,27047.5,27035,27037.5,12.503,338049.8625
1609095900000,27037.5,27037.5,27017.5,27018,11.132,300764.376
1609095960000,27018,27070,27017,27068,6.2,167821.6
1609096020000,27068,27068,27049,27064.5,0.287,7767.5115
1609096080000,27064.5,27064.5,27049.5,27060.5,1.302,35232.771
1609096140000,27060.5,27061.5,27049.5,27057.5,2.196,59418.27
1609096200000,27057.5,27057.5,27041,27048.5,0.34,9196.49
1609096260000,27048.5,27048.5,27031,27031,0.051,1378.581
1609096320000,27031,27039.5,27029.5,27039.5,0.462,12492.249
1609096380000,27039.5,27056,27039,27056,23.735,642174.16
1609096440000,27056,27198,27056,27198,63.202,1718967.996
1609096500000,27198,27199,27178,27178,31.536,857085.408
1609096560000,27178,27220,27173,27201.5,12.207,332048.7105
1609096620000,27201.5,27221.5,27200.5,27221.5,8.902,242325.793
1609096680000,27221.5,27225.5,27210,27217.5,79.533,2164689.4275
1609096740000,27217.5,27217.5,27178,27181.5,6.846,186084.549
1609096800000,27181.5,27215,27181.5,27209.5,4.395,119585.7525
1609096860000,27209.5,27209.5,27191,27191,4.633,125975.903
1609096920000,27191,27214,27186.5,27207,6.999,190421.793
1609096980000,27207,27209.5,27207,27209,2.422,65900.198
1609097040000,27209,27210,27209,27209.5,2.136,58119.492
1609097100000,27209.5,27304.5,27209.5,27290,30.839,841596.31
1609097160000,27290,27290,27230,27234.5,12.791,348356.4895
1609097220000,27234.5,27234.5,27169.5,27183,54.329,1476825.207
1609097280000,27183,27188,27157,27157,15.872,431035.904
1609097340000,27157,27194,27157,27170.5,2.878,78196.699
1609097400000,27170.5,27178,27170.5,27173,2.447,66492.331
1609097460000,27173,27207,27173,27207,13.32,362397.24
1609097520000,27207,27207,27183.5,27183.5,11.098,301682.483
1609097580000,27183.5,27193.5,27180,27181,0.793,21554.533
1609097640000,27181,27190,27181,27184,0.942,25607.328
1609097700000,27184,27184,27160,27160.5,0.574,15590.127
1609097760000,27160.5,27176,27160.5,27176,0.225,6114.6
1609097820000,27176,27207,27176,27207,3.425,93183.975
1609097880000,27207,27207,27192,27200.5,3.45,93841.725
1609097940000,27200.5,27200.5,27170,27170,3.413,92731.21
1609098000000,27170,27185.5,27170,27172,2.2,59778.4
1609098060000,27172,27185.5,27172,27177,0.094,2554.638
1609098120000,27177,27177.5,27175,27175,0.322,8750.35
1609098180000,27175,27175,27120,27133,27.042,733730.586
1609098240000,27133,27137.5,27102.5,27106.5,15.139,410365.3035
1609098300000,27106.5,27140,27106.5,27139.5,15.593,423186.2235
1609098360000,27139.5,27162.5,27139.5,27162.5,30.371,824952.2875
1609098420000,27162.5,27183.5,27162.5,27178,7.655,208047.59
1609098480000,27178,27192.5,27174,27192.5,10.831,294521.9675
1609098540000,27192.5,27192.5,27190,27191,2.899,78826.709
1609098600000,27191,27191,27188.5,27188.5,19.448,528761.948
1609098660000,27188.5,27188.5,27146,27151.5,70.799,1922299.0485
1609098720000,27151.5,27151.5,27122,27130,9.898,268532.74
1609098780000,27130,27137,27122.5,27122.5,14.615,396395.3375
1609098840000,27122.5,27135.5,27106,27135.5,4.311,116981.1405
1609098900000,27135.5,27136,27100,27100,5.186,140540.6
1609098960000,27100,27133,27100,27133,37.063,1005630.379
1609099020000,27133,27137,27122,27122,9.084,246376.248
1609099080000,27122,27122,27106,27106,1.516,41092.696
1609099140000,27106,27114,27106,27106.5,1.83,49604.895
1609099200000,27106.5,27106.5,27063,27098.5,12.188,330276.518
1609099260000,27098.5,27098.5,27058.5,27058.5,47.6,1287984.6
1609099320000,27058.5,27058.5,27021,27022.5,17.533,473785.4925
1609099380000,27022.5,27022.5,26961.5,26984.5,102.663,2770309.7235
1609099440000,26984.5,27000.5,26962.5,26962.5,14.621,394218.7125
1609099500000,26962.5,26970.5,26900.5,26924.5,20.627,555371.6615
1609099560000,26924.5,26952.5,26914,26949.5,7.699,207484.2005
1609099620000,26949.5,26949.5,26928.5,26929,4.888,131628.952
1609099680000,26929,26949.5,26929,26949.5,5.685,153207.9075
1609099740000,26949.5,26976.5,26949.5,26973,6.033,162728.109
1609099800000,26973,26973.5,26948,26960.5,4.039,108893.4595
1609099860000,26960.5,26967.5,26960.5,26967.5,0.551,14859.0925
1609099920000,26967.5,27004,26967.5,26996,7.236,195343.056
1609099980000,26996,27021.5,26996,27021.5,11.369,307207.4335
1609100040000,27021.5,27022.5,27012.5,27013.5,4.666,126044.991
1609100100000,27013.5,27013.5,26985,26991.5,3.05,82324.075
1609100160000,26991.5,26991.5,26960,26960,2.811,75784.56
1609100220000,26960,26960,26914,26920,7.944,213852.48
1609100280000,26920,26920,26840.5,26904,16.901,454704.504
1609100340000,26904,26933.5,26904,26919.5,13.479,362847.9405
1609100400000,26919.5,26919.5,26871,26871.5,19.362,520285.983
1609100460000,26871.5,26899.5,26863.5,26898,6.06,163001.88
1609100520000,26898,26906.5,26885,26904,1.179,31719.816
1609100580000,26904,26904,26876,26886,3.281,88212.966
1609100640000,26886,26887.5,26872,26872,18.768,504333.696
1609100700000,26872,26872.5,26822,26855.5,11.805,317029.1775
1609100760000,26855.5,26890,26855.5,26890,12.121,325933.69
1609100820000,26890,26902.5,26889.5,26902.5,2.252,60584.43
1609100880000,26902.5,26902.5,26840,26860.5,3.022,81172.431
1609100940000,26860.5,26872.5,26856,26872.5,32.05,861263.625
1609101000000,26872.5,26928,26872.5,26919,27.018,727297.542
1609101060000,26919,26933,26832.5,26832.5,13.685,367202.7625
1609101120000,26832.5,26832.5,26776,26779,39.737,1064117.123
1609101180000,26779,26798,26758,26767,40.648,1088025.016
1609101240000,26767,26767,26708.5,26740.5,55.481,1483589.6805
1609101300000,26740.5,26745.5,26714.5,26733.5,12.797,342108.5995
1609101360000,26733.5,26769.5,26733.5,26735.5,3.807,101782.0485
1609101420000,26735.5,26753.5,26709.5,26747.5,3.454,92385.865
1609101480000,26747.5,26766,26724,26724,3.191,85276.284
1609101540000,26724,26724,26642.5,26668.5,66.173,1764734.6505
1609101600000,26668.5,26709,26667,26702.5,11.528,307826.42
1609101660000,26702.5,26758,26702.5,26713.5,9.981,266627.4435
1609101720000,26713.5,26713.5,26672,26698.5,6.235,166465.1475
1609101780000,26698.5,26730,26696.5,26700,2.807,74946.9
1609101840000,26700,26707.5,26685,26704.5,5.08,135658.86
1609101900000,26704.5,26704.5,26614,26615.5,20.224,538271.872
1609101960000,26615.5,26616,26323.5,26328.5,302.592,7966793.472
1609102020000,26328.5,26424.5,26319.5,26319.5,76.553,2014836.6835
1609102080000,26319.5,26429,26311,26392.5,113.714,3001196.745
1609102140000,26392.5,26393,26285,26330,80.452,2118301.16
1609102200000,26330,26450.5,26330,26407.5,61.026,1611544.095
1609102260000,26407.5,26438,26402.5,26425,30.167,797162.975
1609102320000,26425,26432.5,26378.5,26398,69.343,1830516.514
1609102380000,26398,26426,26380,26398,30.601,807805.198
1609102440000,26398,26398,26283,26283,81.088,2131235.904
1609102500000,26283,26349,26217,26222.5,85.005,2229043.6125
1609102560000,26222.5,26385,26200,26383,85.244,2248992.452
1609102620000,26383,26412.5,26350.5,26350.5,18.297,482135.0985
1609102680000,26350.5,26366.5,26275,26301.5,16.317,429161.5755
1609102740000,26301.5,26305.5,26220,26235,138.632,3637010.52
1609102800000,26235,26375.5,26222.5,26298,13.498,354970.404
1609102860000,26298,26390,26285,26328,39.13,1030214.64
1609102920000,26328,26328,26222.5,26234,23.768,623529.712
1609102980000,26234,26311,26203,26248,42.304,1110395.392
1609103040000,26248,26248,26147,26204,133.333,3493857.932
1609103100000,26204,26290,26152,26270,75.251,1976843.77
1609103160000,26270,26307,26258.5,26271.5,39.875,1047576.0625
1609103220000,26271.5,26294.5,26223.5,26294.5,11.618,305489.501
1609103280000,26294.5,26349,26281,26340,43.315,1140917.1
1609103340000,26340,26340.5,26285,26287,9.746,256193.102
1609103400000,26287,26313,26253,26253,10.078,264577.734
1609103460000,26253,26304.5,26250,26250,45.097,1183796.25
1609103520000,26250,26283,26248.5,26261.5,61.106,1604735.219
1609103580000,26261.5,26300,26250,26254,48.914,1284188.156
1609103640000,26254,26260.5,26174,26224.5,57.765,1514858.2425
1609103700000,26224.5,26244,26188,26227,12.038,315720.626
1609103760000,26227,26252.5,26153,26153,10.191,266525.223
1609103820000,26153,26175.5,26118.5,26133.5,271.195,7087274.5325
1609103880000,26133.5,26133.5,26006,26070,326.508,8512063.56
1609103940000,26070,26114,25906,25951.5,60.291,1564641.8865
1609104000000,25951.5,26070,25866.5,25999,297.358,7731010.642
1609104060000,25999,25999,25865,25869,103.981,2689884.489
1609104120000,25869,26006,25866,26000,108.413,2818738
1609104180000,26000,26126,26000,26116,192.257,5020983.812
1609104240000,26116,26208,26116,26158.5,38.51,1007363.835
1609104300000,26158.5,26175.5,26060,26153,78.164,2044223.092
1609104360000,26153,26169.5,26033.5,26033.5,65.984,1717794.464
1609104420000,26033.5,26108.5,26005,26041,12.589,327830.149
1609104480000,26041,26092,26026.5,26083,15.047,392470.901
1609104540000,26083,26083,26011.5,26031.5,30.789,801483.8535
1609104600000,26031.5,26141,26017,26141,19.774,516912.134
1609104660000,26141,26173.5,26114,26173.5,10.032,262572.552
1609104720000,26173.5,26191,26142,26182.5,68.364,1789940.43
1609104780000,26182.5,26234.5,26182.5,26209.5,71.098,1863443.031
1609104840000,26209.5,26229,26194.5,26207.5,26.501,694524.9575
1609104900000,26207.5,26296.5,26207.5,26264.5,169.471,4451071.0795
1609104960000,26264.5,26282.5,26234,26269.5,84.722,2225604.579
1609105020000,26269.5,26275,26214.5,26214.5,9.571,250898.9795
1609105080000,26214.5,26248,26214.5,26217.5,4.767,124978.8225
1609105140000,26217.5,26257,26217,26256,13.71,359969.76
1609105200000,26256,26267.5,26218.5,26218.5,24.043,630371.3955
1609105260000,26218.5,26233,26215,26221.5,11.463,300577.0545
1609105320000,26221.5,26225.5,26200,26225.5,27.171,712573.0605
1609105380000,26225.5,26287.5,26225.5,26264,15.582,409245.648
1609105440000,26264,26292.5,26264,26281,10.077,264833.637
1609105500000,26281,26348,26281,26348,41.299,1088146.052
1609105560000,26348,26394,26348,26394,62.601,1652290.794
1609105620000,26394,26454.5,26391.5,26431,23.07,609763.17
1609105680000,26431,26431,26397,26407,10.867,286964.869
1609105740000,26407,26420,26407,26417,13.107,346247.619
1609105800000,26417,26425,26392,26392,15.823,417600.616
1609105860000,26392,26401.5,26373,26373,6.214,163881.822
1609105920000,26373,26392,26365.5,26389,13.411,353902.879
1609105980000,26389,26421.5,26388.5,26421.5,8.92,235679.78
1609106040000,26421.5,26449.5,26419,26424.5,6,158547
1609106100000,26424.5,26447.5,26424,26437,3.57,94380.09
1609106160000,26437,26437,26380.5,26380.5,11.081,292322.3205
1609106220000,26380.5,26399,26373,26375,17.98,474222.5
1609106280000,26375,26375,26316.5,26316.5,28.18,741598.97
1609106340000,26316.5,26390,26315.5,26390,15.04,396905.6
1609106400000,26390,26399,26327.5,26399,2.117,55886.683
1609106460000,26399,26417.5,26399,26402.5,16.655,439733.6375
1609106520000,26402.5,26402.5,26372,26374.5,11.006,290277.747
1609106580000,26374.5,26391,26372,26372,4.536,119623.392
1609106640000,26372,26372.5,26338.5,26352,28.443,749529.936
1609106700000,26352,26368.5,26352,26368.5,3.61,95190.285
1609106760000,26368.5,26375,26368.5,26375,1.776,46842
1609106820000,26375,26384.5,26375,26384.5,7.184,189546.248
1609106880000,26384.5,26547.5,26384,26511.5,37.527,994897.0605
1609106940000,26511.5,26529,26460.5,26529,43.852,1163349.708
1609107000000,26529,26658,26529,26647.5,91.106,2427747.135
1609107060000,26647.5,26647.5,26580,26580,12.955,344343.9
1609107120000,26580,26580,26543.5,26545,10.341,274501.845
1609107180000,26545,26593.5,26545,26593.5,16.98,451557.63
1609107240000,26593.5,26594,26563,26563,6.534,173562.642
1609107300000,26563,26563,26487,26487,25.134,665724.258
1609107360000,26487,26502,26449.5,26502,22.855,605703.21
1609107420000,26502,26520.5,26500,26500,4.59,121635
1609107480000,26500,26500.5,26487.5,26487.5,0.523,13852.9625
1609107540000,26487.5,26487.5,26451,26455,2.859,75634.845
1609107600000,26455,26515,26455,26515,13.612,360922.18
1609107660000,26515,26515,26476.5,26476.5,14.714,389575.221
1609107720000,26476.5,26542,26476.5,26542,5.064,134408.688
1609107780000,26542,26542,26509.5,26509.5,2.36,62562.42
1609107840000,26509.5,26546,26509.5,26546,19.082,506550.772
1609107900000,26546,26577,26546,26577,5.013,133230.501
1609107960000,26577,26577,26490.5,26507,5.05,133860.35
1609108020000,26507,26511,26480,26480,1.417,37522.16
1609108080000,26480,26480,26479.5,26480,0.713,18880.24
1609108140000,26480,26480,26419,26419,7.967,210480.173
1609108200000,26419,26419,26358.5,26358.5,6.944,183033.424
1609108260000,26358.5,26389.5,26358.5,26387.5,5.242,138323.275
1609108320000,26387.5,26387.5,26338,26344,5.56,146472.64
1609108380000,26344,26344,26303,26312,11.712,308166.144
1609108440000,26312,26312,26272,26302,29.759,782721.218
1609108500000,26302,26354.5,26302,26350.5,17.596,463663.398
1609108560000,26350.5,26350.5,26314,26328.5,2.881,75852.4085
1609108620000,26328.5,26405,26328.5,26393.5,19.494,514514.889
1609108680000,26393.5,26393.5,26329.5,26343.5,27.278,718597.993
1609108740000,26343.5,26354.5,26343.5,26343.5,2.453,64620.6055
1609108800000,26343.5,26399,26343.5,26399,5.104,134740.496
1609108860000,26399,26425,26399,26424.5,3.171,83792.0895
1609108920000,26424.5,26424.5,26401,26401,0.782,20645.582
1609108980000,26401,26475,26401,26475,21.311,564208.725
1609109040000,26475,26507,26452.5,26503.5,9.654,255864.789
1609109100000,26503.5,26589.5,26503.5,26537.5,50.163,1331200.6125
1609109160000,26537.5,26537.5,26462,26462,57.497,1521485.614
1609109220000,26462,26462,26397,26443.5,49.206,1301178.861
1609109280000,26443.5,26489.5,26437.5,26489.5,43.402,1149697.279
1609109340000,26489.5,26528,26489.5,26528,12.637,335234.336
1609109400000,26528,26528,26482.5,26520.5,23.434,621481.397
1609109460000,26520.5,26520.5,26490.5,26503,0.859,22766.077
1609109520000,26503,26533.5,26503,26533.5,3.687,97829.0145
1609109580000,26533.5,26546.5,26522,26522,2.491,66066.302
1609109640000,26522,26546,26522,26546,23.278,617937.788
1609109700000,26546,26546,26531.5,26533.5,0.251,6659.9085
1609109760000,26533.5,26534,26533.5,26533.5,0.846,22447.341
1609109820000,26533.5,26534,26522.5,26522.5,0.357,9468.5325
1609109880000,26522.5,26522.5,26506,26506,13.106,347387.636
1609109940000,26506,26512,26501.5,26512,3.401,90167.312
1609110000000,26512,26514,26475,26475,11.028,291966.3
1609110060000,26475,26502,26475,26492.5,2.54,67290.95
1609110120000,26492.5,26497.5,26409,26409,41.117,1085858.853
1609110180000,26409,26456.5,26402.5,26449.5,13.674,361670.463
1609110240000,26449.5,26453,26420.5,26431,12.487,330043.897
1609110300000,26431,26488,26431,26464.5,3.392,89767.584
1609110360000,26464.5,26478.5,26458.5,26476,15.098,399734.648
1609110420000,26476,26497,26476,26497,0.584,15474.248
1609110480000,26497,26550,26497,26545,24.204,642495.18
1609110540000,26545,26620,26545,26619.5,30.615,814955.9925
1609110600000,26619.5,26620,26587.5,26587.5,5.488,145912.2
1609110660000,26587.5,26615.5,26587.5,26606.5,4.492,119516.398
1609110720000,26606.5,26606.5,26588.5,26598.5,2.406,63995.991
1609110780000,26598.5,26613,26598,26612.5,7.156,190439.05
1609110840000,26612.5,26612.5,26571,26572.5,9.211,244759.2975
1609110900000,26572.5,26572.5,26523,26523,14.709,390126.807
1609110960000,26523,26523,26488,26501.5,10.743,284705.6145
1609111020000,26501.5,26503.5,26501,26501,0.356,9434.356
1609111080000,26501,26565,26501,26565,7.031,186778.515
1609111140000,26565,26576.5,26561.5,26561.5,4.77,126698.355
1609111200000,26561.5,26561.5,26561.5,26561.5,5.894,156553.481
1609111260000,26561.5,26587,26561.5,26571.5,1.327,35260.3805
1609111320000,26571.5,26585.5,26563.5,26580,0.313,8319.54
1609111380000,26580,26588.5,26580,26588.5,1.02,27120.27
1609111440000,26588.5,26654,26588.5,26654,9.531,254039.274
1609111500000,26654,26699,26653.5,26671.5,11.855,316190.6325
1609111560000,26671.5,26681.5,26662.5,26669,3.639,97048.491
1609111620000,26669,26680,26669,26670.5,2.744,73183.852
1609111680000,26670.5,26670.5,26594,26594,10.164,270301.416
1609111740000,26594,26621,26594,26616.5,34.809,926493.7485
1609111800000,26616.5,26665,26610.5,26663,5.633,150192.679
1609111860000,26663,26666,26643,26643,18.345,488765.835
1609111920000,26643,26645,26613,26613,5.281,140543.253
1609111980000,26613,26613,26568,26569.5,23.675,629032.9125
1609112040000,26569.5,26569.5,26533.5,26566.5,21.516,571604.814
1609112100000,26566.5,26601.5,26566.5,26601.5,39.31,1045704.965
1609112160000,26601.5,26601.5,26554.5,26554.5,6.767,179694.3015
1609112220000,26554.5,26557,26548.5,26557,2.979,79113.303
1609112280000,26557,26557,26550.5,26556.5,4.785,127072.8525
1609112340000,26556.5,26557,26501.5,26523,36.499,968062.977
1609112400000,26523,26523,26418,26429,43.606,1152462.974
1609112460000,26429,26469.5,26424,26469,5.945,157358.205
1609112520000,26469,26469,26438,26438,0.812,21467.656
1609112580000,26438,26495.5,26438,26482.5,7.077,187416.6525
1609112640000,26482.5,26500,26472,26500,3.837,101680.5
1609112700000,26500,26537,26500,26525,3.234,85781.85
1609112760000,26525,26532,26499.5,26499.5,2.305,61081.3475
1609112820000,26499.5,26499.5,26429.5,26429.5,44.701,1181425.0795
1609112880000,26429.5,26429.5,26371,26381.5,44.3,1168700.45
1609112940000,26381.5,26417,26380.5,26409.5,4.52,119370.94
1609113000000,26409.5,26427,26407,26422,25.033,661421.926
1609113060000,26422,26422,26337.5,26356,37.658,992514.248
1609113120000,26356,26369.5,26344.5,26369,5.076,133849.044
1609113180000,26369,26369,26309.5,26314.5,12.19,320773.755
1609113240000,26314.5,26344.5,26294.5,26344,9.17,241574.48
1609113300000,26344,26344,26255,26255.5,15.724,412841.482
1609113360000,26255.5,26290.5,26230,26269.5,25.722,675704.079
1609113420000,26269.5,26277.5,26237,26267.5,9.548,250802.09
1609113480000,26267.5,26267.5,26231.5,26233.5,6.424,168524.004
1609113540000,26233.5,26266.5,26233.5,26266.5,39.291,1032037.0515
1609113600000,26266.5,26383.5,26259,26374,107.713,2840822.662
1609113660000,26374,26374,26300,26315,9.524,250624.06
1609113720000,26315,26322,26208.5,26214.5,67.713,1775062.4385
1609113780000,26214.5,26214.5,26150,26186,37.109,971736.274
1609113840000,26186,26188,26101,26157.5,125.908,3293438.51
1609113900000,26157.5,26257,26157.5,26247.5,23.881,626816.5475
1609113960000,26247.5,26298,26217.5,26278,15.244,400581.832
1609114020000,26278,26286,26249.5,26266,9.884,259613.144
1609114080000,26266,26348,26261.5,26348,16.704,440116.992
1609114140000,26348,26393.5,26348,26359.5,25.76,679020.72
1609114200000,26359.5,26436,26353.5,26398.5,13.957,368443.8645
1609114260000,26398.5,26412,26385,26412,8.473,223788.876
1609114320000,26412,26441.5,26397,26441.5,10.857,287075.3655
1609114380000,26441.5,26458.5,26395,26426.5,70.955,1875092.3075
1609114440000,26426.5,26426.5,26382,26394.5,13.715,362000.5675
1609114500000,26394.5,26408.5,26374.5,26384,6.487,171153.008
1609114560000,26384,26480,26383.5,26480,21.894,579753.12
1609114620000,26480,26524.5,26478.5,26501,17.812,472035.812
1609114680000,26501,26519.5,26485.5,26519.5,13.705,363449.7475
1609114740000,26519.5,26615.5,26519.5,26568.5,90.328,2399879.468
1609114800000,26568.5,26600,26540.5,26544,10.026,266130.144
1609114860000,26544,26544,26505.5,26523.5,9.438,250328.793
1609114920000,26523.5,26620,26523.5,26618,20.217,538136.106
1609114980000,26618,26751,26597.5,26750,76.763,2053410.25
1609115040000,26750,26830,26748,26773,88.775,2376773.075
1609115100000,26773,26773,26742,26742,52.372,1400532.024
1609115160000,26742,26785,26713.5,26785,25.766,690142.31
1609115220000,26785,26786,26739.5,26739.5,7.77,207765.915
1609115280000,26739.5,26739.5,26691,26713,30.381,811567.653
1609115340000,26713,26766,26713,26765.5,35.331,945651.8805
1609115400000,26765.5,26828,26765,26824.5,13.068,350542.566
1609115460000,26824.5,26824.5,26741.5,26741.5,15.888,424868.952
1609115520000,26741.5,26781.5,26723.5,26781,18.031,482888.211
1609115580000,26781,26880,26767,26880,35.452,952949.76
1609115640000,26880,26905,26857,26880,21.99,591091.2
1609115700000,26880,26904,26880,26904,6.499,174849.096
1609115760000,26904,26904,26816.5,26858,24.013,644941.154
1609115820000,26858,26871,26850,26871,4.254,114309.234
1609115880000,26871,26958.5,26871,26944.5,29.75,801598.875
1609115940000,26944.5,26950,26914,26921,9.673,260406.833
1609116000000,26921,26928,26902.5,26910.5,104.417,2809913.6785
1609116060000,26910.5,26911,26855,26855,25.286,679055.53
1609116120000,26855,26944.5,26854.5,26944.5,43.747,1178741.0415
1609116180000,26944.5,26960,26941.5,26958.5,2.823,76103.8455
1609116240000,26958.5,26958.5,26948.5,26956,4.704,126801.024
1609116300000,26956,26956,26912,26951,7.04,189735.04
1609116360000,26951,26951,26923,26930.5,25,673262.5
1609116420000,26930.5,26932.5,26868.5,26868.5,12.797,343836.1945
1609116480000,26868.5,26891,26868.5,26878,12.101,325250.678
1609116540000,26878,26948.5,26878,26944,10.724,288947.456
1609116600000,26944,26944,26900.5,26900.5,2.524,67896.862
1609116660000,26900.5,26903.5,26880,26880,1.482,39836.16
1609116720000,26880,26891,26847,26860,18.161,487804.46
1609116780000,26860,26861.5,26844.5,26861.5,7.563,203153.5245
1609116840000,26861.5,26956,26861,26936.5,118.645,3195881.0425
1609116900000,26936.5,26957,26911,26914.5,15.946,429178.617
1609116960000,26914.5,26914.5,26880,26880,6.546,175956.48
1609117020000,26880,26895.5,26877,26881.5,2.509,67445.6835
1609117080000,26881.5,26896,26881.5,26888,2.584,69478.592
1609117140000,26888,26888,26876.5,26879,9.684,260296.236
1609117200000,26879,26879,26811,26820,10.983,294564.06
1609117260000,26820,26838,26818,26835.5,15.345,411790.7475
1609117320000,26835.5,26848,26829,26848,2.991,80302.368
1609117380000,26848,26889,26848,26888,1.925,51759.4
1609117440000,26888,26914,26870,26914,9.916,266879.224
1609117500000,26914,26954,26906.5,26954,8.523,229728.942
1609117560000,26954,27025.5,26954,27025.5,80.05,2163391.275
1609117620000,27025.5,27094,27025.5,27080,16.336,442378.88
1609117680000,27080,27210,27078.5,27151,80.574,2187664.674
1609117740000,27151,27185.5,27146.5,27166.5,20.888,567453.852
1609117800000,27166.5,27193,27121.5,27125,94.085,2552055.625
1609117860000,27125,27146.5,27112,27122.5,20.865,565910.9625
1609117920000,27122.5,27149,27075,27090.5,33.29,901842.745
1609117980000,27090.5,27107,27082,27082,11.996,324875.672
1609118040000,27082,27162,27082,27149,31.437,853483.113
1609118100000,27149,27226.5,27138.5,27226.5,25.174,685399.911
1609118160000,27226.5,27251.5,27202,27218,26.979,734314.422
1609118220000,27218,27218,27158,27170,28.724,780431.08
1609118280000,27170,27236.5,27170,27236.5,14.226,387466.449
1609118340000,27236.5,27262,27232.5,27251,7.694,209669.194
1609118400000,27251,27304,27229.5,27297,145.828,3980666.916
1609118460000,27297,27315,27267.5,27315,8.045,219749.175
1609118520000,27315,27321.5,27280,27309,25.069,684609.321
1609118580000,27309,27309,27242.5,27255,15.14,412640.7
1609118640000,27255,27266.5,27213,27213,29.965,815437.545
1609118700000,27213,27217.5,27181,27202.5,33.772,918682.83
1609118760000,27202.5,27208,27158.5,27182.5,18.559,504480.0175
1609118820000,27182.5,27250,27182.5,27239,3.976,108302.264
1609118880000,27239,27247,27211,27218,5.91,160858.38
1609118940000,27218,27218,27186,27202,24.019,653364.838
1609119000000,27202,27210,27170,27170.5,10.309,280100.6845
1609119060000,27170.5,27170.5,27143,27154,11.904,323241.216
1609119120000,27154,27183,27154,27170,9.278,252083.26
1609119180000,27170,27174,27169.5,27169.5,3.55,96451.725
1609119240000,27169.5,27200,27162,27199.5,3.181,86521.6095
1609119300000,27199.5,27223,27177.5,27223,8.356,227475.388
1609119360000,27223,27260,27223,27260,12.664,345220.64
1609119420000,27260,27260,27218.5,27218.5,4.233,115215.9105
1609119480000,27218.5,27218.5,27204,27213,6.661,181265.793
1609119540000,27213,27213,27191,27191,4.501,122386.691
1609119600000,27191,27233.5,27191,27233,13.003,354110.699
1609119660000,27233,27233,27200,27200,8.282,225270.4
1609119720000,27200,27200,27181,27181,4.488,121988.328
1609119780000,27181,27249,27180.5,27249,8.016,218427.984
1609119840000,27249,27373,27249,27359,100.493,2749387.987
1609119900000,27359,27368.5,27328.5,27328.5,38.105,1041352.4925
1609119960000,27328.5,27328.5,27307,27307,3.998,109173.386
1609120020000,27307,27307,27254.5,27265,15.407,420071.855
1609120080000,27265,27265,27253.5,27254,1.507,41071.778
1609120140000,27254,27254,27207,27207,32.185,875657.295
1609120200000,27207,27234,27207,27215.5,3.921,106711.9755
1609120260000,27215.5,27215.5,27196,27210,6.991,190225.11
1609120320000,27210,27210,27194.5,27208.5,0.87,23671.395
1609120380000,27208.5,27214.5,27180.5,27183,7.895,214609.785
1609120440000,27183,27183,27157.5,27170,7.309,198585.53
1609120500000,27170,27170,27055,27055,42.97,1162553.35
1609120560000,27055,27084.5,26990.5,27010,88.562,2392059.62
1609120620000,27010,27055,27007.5,27055,19.269,521322.795
1609120680000,27055,27055,27041,27055,3.979,107651.845
1609120740000,27055,27087,27054.5,27087,7.675,207892.725
1609120800000,27087,27097,27073,27097,2.839,76928.383
1609120860000,27097,27099,27097,27099,5.666,153542.934
1609120920000,27099,27155,27099,27155,52.29,1419934.95
1609120980000,27155,27166.5,27143,27166,6.485,176171.51
1609121040000,27166,27166.5,27150,27150,7.54,204711
1609121100000,27150,27153.5,27150,27153.5,2.253,61176.8355
1609121160000,27153.5,27153.5,27142,27153.5,2.262,61421.217
1609121220000,27153.5,27153.5,27142.5,27143,0.405,10992.915
1609121280000,27143,27143,27090,27090.5,4.443,120363.0915
1609121340000,27090.5,27096.5,27087,27090,2.963,80267.67
1609121400000,27090,27090,27042,27042,24.197,654335.274
1609121460000,27042,27050.5,26985,27008.5,10.718,289477.103
1609121520000,27008.5,27008.5,26945,26971,10.898,293929.958
1609121580000,26971,26999.5,26971,26999.5,9.484,256063.258
1609121640000,26999.5,27025.5,26999.5,27025,6.976,188526.4
1609121700000,27025,27057,27025,27057,8.733,236288.781
1609121760000,27057,27072,27057,27059,3.935,106477.165
1609121820000,27059,27084.5,27059,27073,0.826,22362.298
1609121880000,27073,27073,27054.5,27054.5,0.416,11254.672
1609121940000,27054.5,27069.5,27051,27069.5,0.338,9149.491
1609122000000,27069.5,27100,27068,27089.5,2.98,80726.71
1609122060000,27089.5,27103,27062.5,27062.5,2.491,67412.6875
1609122120000,27062.5,27062.5,26962,26962,19.466,524842.292
1609122180000,26962,26985,26944,26985,7.969,215043.465
1609122240000,26985,26985.5,26973,26980.5,3.447,93001.7835
1609122300000,26980.5,27029.5,26980.5,27029.5,14.778,399441.951
1609122360000,27029.5,27050,27029.5,27050,13.367,361577.35
1609122420000,27050,27071,27050,27057,5.403,146188.971
1609122480000,27057,27057.5,27041,27041,4.136,111841.576
1609122540000,27041,27050.5,27038,27047.5,2.498,67564.655
1609122600000,27047.5,27047.5,27041.5,27043.5,1.316,35589.246
1609122660000,27043.5,27144,27043.5,27144,42.174,1144771.056
1609122720000,27144,27182.5,27143.5,27143.5,7.803,211800.7305
1609122780000,27143.5,27165,27143.5,27165,1.161,31538.565
1609122840000,27165,27165.5,27144,27154.5,0.487,13224.2415
1609122900000,27154.5,27171,27139.5,27171,18.002,489132.342
1609122960000,27171,27171,27146.5,27146.5,0.591,16043.5815
1609123020000,27146.5,27146.5,27073.5,27073.5,12.752,345241.272
1609123080000,27073.5,27073.5,27044.5,27044.5,2.027,54819.2015
1609123140000,27044.5,27084,27042.5,27084,7.066,191375.544
1609123200000,27084,27084,27071.5,27071.5,0.746,20195.339
1609123260000,27071.5,27071.5,27057.5,27057.5,0.423,11445.3225
1609123320000,27057.5,27070,27057,27070,2.663,72087.41
1609123380000,27070,27070,27003,27003,6.051,163395.153
1609123440000,27003,27003.5,26981,26999.5,11.128,300450.436
1609123500000,26999.5,27014.5,26977,26977,5.333,143868.341
1609123560000,26977,26993,26977,26980.5,6.499,175346.2695
1609123620000,26980.5,27006.5,26980.5,27006.5,2.884,77886.746
1609123680000,27006.5,27006.5,26993,26997,2.156,58205.532
1609123740000,26997,27044,26997,27044,8.963,242395.372
1609123800000,27044,27045.5,27044,27045.5,0.4,10818.2
1609123860000,27045.5,27057,27045.5,27057,0.833,22538.481
1609123920000,27057,27074,27057,27074,16.06,434808.44
1609123980000,27074,27078.5,27074,27078.5,0.03,812.355
1609124040000,27078.5,27132.5,27078.5,27132.5,48.448,1314515.36
1609124100000,27132.5,27143,27131,27131,1.548,41998.788
1609124160000,27131,27131,27127,27130,0.53,14378.9
1609124220000,27130,27130,27122,27122,0.565,15323.93
1609124280000,27122,27138,27119,27138,0.972,26378.136
1609124340000,27138,27138,27110,27110,3.366,91252.26
1609124400000,27110,27179.5,27110,27179.5,3.63,98661.585
1609124460000,27179.5,27186.5,27179,27179.5,6.841,185934.9595
1609124520000,27179.5,27204.5,27178.5,27190,5.226,142094.94
1609124580000,27190,27190,27162,27162,5.883,159794.046
1609124640000,27162,27162,27112,27112,5.071,137484.952
1609124700000,27112,27112,27065,27065,22.359,605146.335
1609124760000,27065,27073,27047.5,27047.5,12.153,328708.2675
1609124820000,27047.5,27047.5,27025,27031,5.152,139263.712
1609124880000,27031,27033,27005,27033,6.073,164171.409
1609124940000,27033,27037,27025,27034,3.499,94591.966
1609125000000,27034,27034,27009,27016.5,17.31,467655.615
1609125060000,27016.5,27016.5,26998,26998,2.482,67009.036
1609125120000,26998,27006,26998,27005.5,3.481,94006.1455
1609125180000,27005.5,27006,26998.5,26998.5,0.518,13985.223
1609125240000,26998.5,27027,26998.5,27027,2.75,74324.25
1609125300000,27027,27035,27024,27025.5,1.294,34970.997
1609125360000,27025.5,27025.5,27018.5,27018.5,2.029,54820.5365
1609125420000,27018.5,27037.5,27018.5,27037.5,25.752,696269.7
1609125480000,27037.5,27044,27037.5,27044,21.027,568654.188
1609125540000,27044,27046.5,26989,26989,18.084,488069.076
1609125600000,26989,26989,26952.5,26968.5,9.57,258088.545
1609125660000,26968.5,26990,26961,26990,3.034,81887.66
1609125720000,26990,26990.5,26977,26977,2.761,74483.497
1609125780000,26977,27009,26970.5,27009,2.159,58312.431
1609125840000,27009,27036.5,27009,27036.5,7.277,196744.6105
1609125900000,27036.5,27038.5,27036.5,27038.5,0.192,5191.392
1609125960000,27038.5,27038.5,27038,27038.5,0.205,5542.8925
1609126020000,27038.5,27127,27038.5,27127,12.351,335045.577
1609126080000,27127,27140.5,27114,27114.5,6.132,166266.114
1609126140000,27114.5,27119.5,27097.5,27098,16.363,443404.574
1609126200000,27098,27114.5,27098,27106,1.368,37081.008
1609126260000,27106,27130.5,27094.5,27130.5,6.113,165848.7465
1609126320000,27130.5,27182.5,27130.5,27182.5,17.601,478439.1825
1609126380000,27182.5,27196.5,27146,27196.5,12.486,339575.499
1609126440000,27196.5,27196.5,27162.5,27162.5,1.218,33083.925
1609126500000,27162.5,27185.5,27162.5,27185.5,1.7,46215.35
1609126560000,27185.5,27193.5,27185.5,27191,0.283,7695.053
1609126620000,27191,27228,27190,27228,7.345,199989.66
1609126680000,27228,27262,27228,27253,59.397,1618746.441
1609126740000,27253,27253,27216,27221.5,8.952,243686.868
1609126800000,27221.5,27221.5,27194,27194,41.826,1137416.244
1609126860000,27194,27200,27190,27190,5.253,142829.07
1609126920000,27190,27191,27188.5,27191,2.051,55768.741
1609126980000,27191,27195.5,27191,27195.5,0.5,13597.75
1609127040000,27195.5,27231.5,27195.5,27231.5,21.882,595879.683
1609127100000,27231.5,27234,27205.5,27206,7.735,210438.41
1609127160000,27206,27210.5,27193.5,27195,2.923,79490.985
1609127220000,27195,27195,27152,27162,18.215,494755.83
1609127280000,27162,27175,27162,27173,1.202,32661.946
1609127340000,27173,27173,27173,27173,0,0
