timestamp,open,high,low,close,volume,turnover
2023-07-15 00:00:00,30373.8,30373.8,30210.0,30223.8,2275.744,68905406.9737
2023-07-15 00:01:00,30223.8,30239.3,30036.4,30142.3,3659.639,110311032.7015
2023-07-15 00:02:00,30142.3,30252.6,30093.8,30246.4,1312.692,39606679.5232
2023-07-15 00:03:00,30246.4,30249.7,30133.6,30162.0,865.463,26133978.0327
2023-07-15 00:04:00,30162.0,30213.5,30105.0,30117.2,520.761,15709719.5323
2023-07-15 00:05:00,30117.2,30159.8,30009.3,30045.4,1432.338,43071642.49
2023-07-15 00:06:00,30045.4,30138.0,30045.2,30138.0,655.07,19720870.981
2023-07-15 00:07:00,30138.0,30176.1,30082.5,30167.9,636.548,19178420.4732
2023-07-15 00:08:00,30167.9,30206.4,30164.2,30197.4,607.785,18348509.9153
2023-07-15 00:09:00,30197.4,30213.9,30171.0,30180.1,467.129,14105119.0438
2023-07-15 00:10:00,30180.1,30180.1,30086.4,30108.0,1115.405,33597824.6453
2023-07-15 00:11:00,30108.0,30160.0,30087.0,30152.6,393.815,11864299.9142
2023-07-15 00:12:00,30152.6,30159.9,30111.1,30150.5,241.214,7270141.3021
2023-07-15 00:13:00,30150.5,30150.5,30065.8,30065.8,419.776,12633658.9411
2023-07-15 00:14:00,30065.8,30140.0,30065.0,30140.0,285.434,8594624.8291
2023-07-15 00:15:00,30140.0,30143.7,30050.0,30050.0,438.057,13173209.0281
2023-07-15 00:16:00,30050.0,30120.0,30027.6,30114.2,423.671,12740270.516
2023-07-15 00:17:00,30114.2,30180.1,30078.5,30175.1,583.08,17567643.7428
2023-07-15 00:18:00,30175.1,30184.3,30147.0,30184.2,339.763,10250266.1269
2023-07-15 00:19:00,30184.2,30234.6,30157.1,30234.6,567.225,17127174.7329
2023-07-15 00:20:00,30234.6,30242.0,30200.0,30200.0,499.465,15091760.9602
2023-07-15 00:21:00,30200.0,30201.3,30154.7,30163.6,541.035,16328764.9201
2023-07-15 00:22:00,30163.6,30177.7,30130.1,30149.0,531.742,16033896.508
2023-07-15 00:23:00,30149.0,30178.1,30124.4,30146.9,302.15,9107840.4142
2023-07-15 00:24:00,30146.9,30187.5,30143.7,30168.8,144.556,4360372.3478
2023-07-15 00:25:00,30168.8,30168.9,30102.7,30117.4,152.423,4592865.3114
2023-07-15 00:26:00,30117.4,30131.7,30075.4,30129.0,333.553,10039681.3286
2023-07-15 00:27:00,30129.0,30152.9,30093.7,30100.8,158.105,4761391.8875
2023-07-15 00:28:00,30100.8,30101.2,30063.4,30076.1,221.729,6669822.7652
2023-07-15 00:29:00,30076.1,30102.0,30068.3,30075.8,245.912,7398523.2312
2023-07-15 00:30:00,30075.8,30075.8,30010.0,30026.9,659.035,19793930.1149
2023-07-15 00:31:00,30026.9,30124.7,29980.0,30099.1,1730.416,51956244.6098
2023-07-15 00:32:00,30099.1,30099.2,29985.9,29996.0,514.849,15452504.7963
2023-07-15 00:33:00,29996.0,30024.4,29910.0,29959.6,1587.773,47574021.1576
2023-07-15 00:34:00,29959.6,30000.0,29895.6,29941.6,1086.753,32539634.1481
2023-07-15 00:35:00,29941.6,29955.0,29873.0,29950.0,783.832,23443233.5176
2023-07-15 00:36:00,29950.0,29998.4,29949.9,29982.6,406.478,12183011.2725
2023-07-15 00:37:00,29982.6,30079.0,29972.0,30054.3,500.955,15047257.8222
2023-07-15 00:38:00,30054.3,30095.0,30034.9,30095.0,404.788,12169059.1135
2023-07-15 00:39:00,30095.0,30141.6,30090.1,30116.9,621.544,18717024.0156
2023-07-15 00:40:00,30116.9,30127.0,30055.0,30060.1,451.135,13573565.3828
2023-07-15 00:41:00,30060.1,30130.0,30060.0,30111.7,402.107,12107321.7088
2023-07-15 00:42:00,30111.7,30139.5,30100.5,30128.0,289.382,8716481.6549
2023-07-15 00:43:00,30128.0,30199.2,30124.4,30190.2,544.404,16421384.3833
2023-07-15 00:44:00,30190.2,30219.9,30182.4,30219.9,412.546,12458233.2034
2023-07-15 00:45:00,30219.9,30222.6,30168.2,30202.9,313.093,9453676.0937
2023-07-15 00:46:00,30202.9,30218.0,30199.9,30218.0,87.348,2638640.4666
2023-07-15 00:47:00,30218.0,30218.0,30167.7,30192.6,167.264,5050732.1811
2023-07-15 00:48:00,30192.6,30220.9,30177.8,30213.1,124.494,3760692.6852
2023-07-15 00:49:00,30213.1,30213.1,30187.4,30190.1,57.367,1732308.2999
2023-07-15 00:50:00,30190.1,30194.1,30163.0,30176.4,162.268,4896923.7951
2023-07-15 00:51:00,30176.4,30184.8,30141.1,30184.8,127.495,3844975.2897
2023-07-15 00:52:00,30184.8,30186.8,30155.1,30155.1,119.361,3602013.2581
2023-07-15 00:53:00,30155.1,30199.0,30155.1,30197.3,59.637,1800306.566
2023-07-15 00:54:00,30197.3,30197.3,30165.1,30165.2,102.95,3107388.4918
2023-07-15 00:55:00,30165.2,30172.1,30142.2,30142.2,129.406,3902950.6631
2023-07-15 00:56:00,30142.2,30163.8,30129.6,30163.8,88.404,2664893.3343
2023-07-15 00:57:00,30163.8,30170.9,30163.7,30170.8,42.292,1275924.4256
2023-07-15 00:58:00,30170.8,30170.9,30141.3,30141.5,46.443,1400317.1086
2023-07-15 00:59:00,30141.5,30147.1,30140.0,30147.1,60.795,1832551.9325
2023-07-15 01:00:00,30147.1,30163.4,30102.1,30115.6,227.397,6851088.8341
2023-07-15 01:01:00,30115.6,30126.5,30104.1,30126.5,146.431,4409632.954
2023-07-15 01:02:00,30126.5,30130.0,30100.0,30116.8,85.561,2576495.4927
2023-07-15 01:03:00,30116.8,30127.6,30100.2,30108.0,73.732,2220253.245
2023-07-15 01:04:00,30108.0,30138.8,30102.7,30135.7,51.037,1537343.5828
2023-07-15 01:05:00,30135.7,30135.7,30050.0,30054.8,696.69,20962317.0051
2023-07-15 01:06:00,30054.8,30100.1,30054.8,30100.1,473.039,14228792.9782
2023-07-15 01:07:00,30100.1,30124.9,30084.1,30124.8,310.949,9359094.8282
2023-07-15 01:08:00,30124.8,30135.0,30110.0,30110.0,261.722,7884372.4649
2023-07-15 01:09:00,30110.0,30130.3,30110.0,30110.7,86.762,2613033.8681
2023-07-15 01:10:00,30110.7,30110.8,30077.6,30086.0,229.399,6903972.8945
2023-07-15 01:11:00,30086.0,30086.1,30060.0,30060.0,270.274,8127259.4054
2023-07-15 01:12:00,30060.0,30111.1,30043.2,30111.0,371.064,11156069.7937
2023-07-15 01:13:00,30111.0,30111.1,30066.6,30066.6,70.351,2116922.0183
2023-07-15 01:14:00,30066.6,30082.4,30064.4,30082.4,51.735,1555682.3852
2023-07-15 01:15:00,30082.4,30090.1,30054.7,30068.6,175.448,5275125.2124
2023-07-15 01:16:00,30068.6,30089.1,30050.0,30088.0,69.637,2094015.2708
2023-07-15 01:17:00,30088.0,30088.0,30060.5,30068.9,174.145,5236868.3685
2023-07-15 01:18:00,30068.9,30080.0,30060.0,30080.0,95.129,2860244.1898
2023-07-15 01:19:00,30080.0,30080.0,30060.0,30061.4,128.63,3867194.2152
2023-07-15 01:20:00,30061.4,30063.4,30043.2,30051.7,162.879,4895040.5896
2023-07-15 01:21:00,30051.7,30064.3,30046.0,30055.0,57.768,1736396.0693
2023-07-15 01:22:00,30055.0,30103.3,30054.9,30103.3,75.105,2258946.7573
2023-07-15 01:23:00,30103.3,30114.2,30094.1,30114.1,97.489,2934743.4012
2023-07-15 01:24:00,30114.1,30114.2,30092.9,30101.2,106.542,3207098.2331
2023-07-15 01:25:00,30101.2,30101.2,30044.0,30051.0,114.094,3430695.9281
2023-07-15 01:26:00,30051.0,30065.6,30044.0,30053.1,73.721,2215395.989
2023-07-15 01:27:00,30053.1,30065.4,30051.0,30051.0,43.551,1308966.7905
2023-07-15 01:28:00,30051.0,30088.6,30051.0,30088.5,54.243,1631158.7933
2023-07-15 01:29:00,30088.5,30107.1,30087.4,30104.1,108.077,3252674.6049
2023-07-15 01:30:00,30104.1,30120.5,30075.0,30120.5,225.979,6800068.427
2023-07-15 01:31:00,30120.5,30130.0,30111.0,30116.1,165.905,4997487.7421
2023-07-15 01:32:00,30116.1,30116.1,30092.8,30101.6,64.167,1931748.4624
2023-07-15 01:33:00,30101.6,30101.7,30078.6,30083.2,65.643,1975006.9996
2023-07-15 01:34:00,30083.2,30083.3,30073.1,30073.1,22.93,689750.9464
2023-07-15 01:35:00,30073.1,30086.0,30055.1,30055.1,69.381,2086183.3485
2023-07-15 01:36:00,30055.1,30068.9,30055.1,30062.5,61.259,1841467.9885
2023-07-15 01:37:00,30062.5,30064.3,30050.2,30050.3,34.583,1039497.6736
2023-07-15 01:38:00,30050.3,30079.9,30050.2,30075.3,57.365,1724868.446
2023-07-15 01:39:00,30075.3,30075.4,30065.0,30066.7,15.671,471202.0011
2023-07-15 01:40:00,30066.7,30066.8,30045.0,30047.2,119.047,3577549.8908
2023-07-15 01:41:00,30047.2,30083.1,30047.1,30082.0,96.503,2901691.452
2023-07-15 01:42:00,30082.0,30088.1,30068.2,30088.1,82.011,2466572.6159
2023-07-15 01:43:00,30088.1,30088.5,30083.5,30087.4,31.764,955671.6387
2023-07-15 01:44:00,30087.4,30089.3,30070.0,30087.2,27.267,820117.0284
2023-07-15 01:45:00,30087.2,30087.2,30050.0,30050.0,46.386,1394472.1666
2023-07-15 01:46:00,30050.0,30076.9,30043.2,30070.1,44.607,1340706.6987
2023-07-15 01:47:00,30070.1,30075.7,30070.1,30070.1,44.918,1350759.1587
2023-07-15 01:48:00,30070.1,30088.6,30062.4,30078.6,68.356,2055852.3517
2023-07-15 01:49:00,30078.6,30078.6,30059.2,30060.8,32.442,975425.7781
2023-07-15 01:50:00,30060.8,30060.8,30030.6,30034.0,127.389,3826818.2581
2023-07-15 01:51:00,30034.0,30034.0,30000.6,30011.5,259.564,7791280.8304
2023-07-15 01:52:00,30011.5,30055.0,30006.0,30053.0,233.92,7024438.8674
2023-07-15 01:53:00,30053.0,30053.0,30043.5,30049.8,50.019,1502992.1868
2023-07-15 01:54:00,30049.8,30053.3,30040.0,30049.1,133.3,4005114.444
2023-07-15 01:55:00,30049.1,30049.2,30043.7,30046.9,20.803,625032.8365
2023-07-15 01:56:00,30046.9,30046.9,30034.1,30034.1,24.872,747273.4851
2023-07-15 01:57:00,30034.1,30034.2,30005.0,30010.4,67.504,2026222.4636
2023-07-15 01:58:00,30010.4,30020.1,29974.1,30000.0,378.972,11368471.5928
2023-07-15 01:59:00,30000.0,30011.9,29986.1,30011.9,281.28,8439219.1666
2023-07-15 02:00:00,30011.9,30034.3,29979.8,29979.8,130.622,3919488.6714
2023-07-15 02:01:00,29979.8,30004.0,29979.8,30004.0,117.783,3532702.8862
2023-07-15 02:02:00,30004.0,30012.0,29985.3,29995.8,111.671,3349884.4953
2023-07-15 02:03:00,29995.8,29997.4,29970.0,29990.1,108.721,3259456.9863
2023-07-15 02:04:00,29990.1,29994.0,29972.3,29972.3,57.444,1722080.3733
2023-07-15 02:05:00,29972.3,30067.9,29972.3,30065.7,163.327,4903510.1723
2023-07-15 02:06:00,30065.7,30065.7,30048.2,30051.3,161.22,4845582.9956
2023-07-15 02:07:00,30051.3,30079.0,30050.0,30079.0,144.268,4336647.9537
2023-07-15 02:08:00,30079.0,30120.0,30071.9,30113.1,398.593,11999148.8156
2023-07-15 02:09:00,30113.1,30125.2,30113.0,30124.8,120.723,3636377.6979
2023-07-15 02:10:00,30124.8,30146.6,30112.0,30118.7,267.373,8055872.071
2023-07-15 02:11:00,30118.7,30118.7,30098.6,30112.1,71.156,2142409.1743
2023-07-15 02:12:00,30112.1,30132.0,30103.3,30128.6,87.525,2636159.3882
2023-07-15 02:13:00,30128.6,30128.6,30112.3,30120.9,30.328,913415.9669
2023-07-15 02:14:00,30120.9,30147.2,30120.8,30143.8,126.745,3819969.053
2023-07-15 02:15:00,30143.8,30182.2,30143.7,30171.7,288.253,8693542.2199
2023-07-15 02:16:00,30171.7,30197.7,30168.9,30194.2,243.246,7342099.0098
2023-07-15 02:17:00,30194.2,30221.6,30194.2,30213.2,610.192,18433609.6658
2023-07-15 02:18:00,30213.2,30225.0,30201.4,30224.9,262.737,7939196.882
2023-07-15 02:19:00,30224.9,30225.0,30212.0,30221.1,200.518,6059984.8681
2023-07-15 02:20:00,30221.1,30221.1,30175.0,30187.6,287.516,8682685.2434
2023-07-15 02:21:00,30187.6,30199.3,30156.2,30156.3,142.848,4310361.7187
2023-07-15 02:22:00,30156.3,30184.2,30156.2,30184.2,75.21,2269338.7817
2023-07-15 02:23:00,30184.2,30194.6,30178.5,30178.5,97.604,2946431.7053
2023-07-15 02:24:00,30178.5,30186.1,30165.7,30186.1,85.809,2588921.7796
2023-07-15 02:25:00,30186.1,30190.1,30162.5,30167.2,116.254,3507457.8069
2023-07-15 02:26:00,30167.2,30177.9,30167.2,30167.3,34.181,1031326.1535
2023-07-15 02:27:00,30167.3,30174.0,30166.0,30168.1,19.055,574884.7105
2023-07-15 02:28:00,30168.1,30187.2,30168.0,30187.2,31.862,961425.0041
2023-07-15 02:29:00,30187.2,30187.2,30178.0,30178.0,31.268,943837.4981
2023-07-15 02:30:00,30178.0,30178.9,30171.5,30174.9,33.182,1001267.3706
2023-07-15 02:31:00,30174.9,30200.5,30174.9,30200.5,78.198,2361007.357
2023-07-15 02:32:00,30200.5,30220.2,30200.0,30220.0,68.756,2077261.658
2023-07-15 02:33:00,30220.0,30220.8,30214.8,30219.0,50.733,1533108.5908
2023-07-15 02:34:00,30219.0,30225.3,30218.9,30219.0,50.907,1538433.8529
2023-07-15 02:35:00,30219.0,30219.0,30199.4,30199.4,60.414,1825085.5615
2023-07-15 02:36:00,30199.4,30225.0,30199.4,30225.0,35.865,1083474.4697
2023-07-15 02:37:00,30225.0,30240.2,30224.9,30237.8,144.609,4372076.4869
2023-07-15 02:38:00,30237.8,30237.9,30219.9,30228.2,118.816,3591524.3371
2023-07-15 02:39:00,30228.2,30248.0,30228.1,30238.9,147.439,4458505.0559
2023-07-15 02:40:00,30238.9,30239.0,30215.1,30221.9,87.06,2631348.6596
2023-07-15 02:41:00,30221.9,30239.5,30221.9,30235.4,42.729,1291711.2848
2023-07-15 02:42:00,30235.4,30236.5,30235.4,30236.5,23.02,696029.7595
2023-07-15 02:43:00,30236.5,30242.9,30227.2,30241.5,55.408,1675453.016
2023-07-15 02:44:00,30241.5,30256.9,30241.5,30248.0,92.828,2808078.1133
2023-07-15 02:45:00,30248.0,30253.6,30236.0,30236.0,117.443,3552294.585
2023-07-15 02:46:00,30236.0,30261.9,30236.0,30252.3,58.548,1771290.1033
2023-07-15 02:47:00,30252.3,30258.9,30252.3,30258.8,36.63,1108306.4862
2023-07-15 02:48:00,30258.8,30261.5,30252.2,30261.3,68.857,2083554.3915
2023-07-15 02:49:00,30261.3,30261.4,30246.4,30259.0,45.658,1381422.0007
2023-07-15 02:50:00,30259.0,30259.0,30222.0,30222.0,73.9,2234849.1857
2023-07-15 02:51:00,30222.0,30222.1,30207.6,30212.6,72.859,2201282.4143
2023-07-15 02:52:00,30212.6,30218.0,30201.0,30217.4,180.168,5443317.3397
2023-07-15 02:53:00,30217.4,30217.5,30170.6,30173.7,144.065,4348916.1721
2023-07-15 02:54:00,30173.7,30190.0,30171.9,30190.0,58.571,1767698.9316
2023-07-15 02:55:00,30190.0,30190.0,30177.0,30177.8,49.417,1491595.8643
2023-07-15 02:56:00,30177.8,30181.6,30177.8,30181.5,32.289,974461.9486
2023-07-15 02:57:00,30181.5,30193.0,30176.0,30193.0,88.757,2678922.1362
2023-07-15 02:58:00,30193.0,30205.5,30189.0,30203.0,34.42,1039353.683
2023-07-15 02:59:00,30203.0,30203.0,30200.2,30202.3,27.966,844632.4042
2023-07-15 03:00:00,30202.3,30202.3,30185.1,30185.2,27.479,829865.015
2023-07-15 03:01:00,30185.2,30185.2,30172.0,30174.9,32.552,982320.3036
2023-07-15 03:02:00,30174.9,30175.0,30174.9,30175.0,8.972,270729.6945
2023-07-15 03:03:00,30175.0,30182.2,30174.9,30181.7,24.965,753436.1244
2023-07-15 03:04:00,30181.7,30181.7,30177.3,30177.3,20.368,614691.4618
2023-07-15 03:05:00,30177.3,30195.7,30175.0,30195.6,31.124,939403.8152
2023-07-15 03:06:00,30195.6,30202.2,30195.6,30202.2,27.997,845441.6259
2023-07-15 03:07:00,30202.2,30206.4,30196.1,30196.1,34.578,1044363.055
2023-07-15 03:08:00,30196.1,30203.7,30189.7,30190.0,65.858,1988669.2134
2023-07-15 03:09:00,30190.0,30203.1,30189.9,30196.1,18.403,555666.2329
2023-07-15 03:10:00,30196.1,30196.1,30175.5,30175.6,55.574,1677115.1106
2023-07-15 03:11:00,30175.6,30175.6,30170.0,30173.7,55.656,1679284.8238
2023-07-15 03:12:00,30173.7,30173.8,30170.9,30173.7,35.167,1061086.6473
2023-07-15 03:13:00,30173.7,30174.0,30173.6,30174.0,33.019,996307.6764
2023-07-15 03:14:00,30174.0,30174.5,30160.7,30160.8,71.044,2143181.8544
2023-07-15 03:15:00,30160.8,30160.8,30125.0,30133.9,585.815,17657026.2645
2023-07-15 03:16:00,30133.9,30134.5,30128.9,30131.5,76.202,2296262.3891
2023-07-15 03:17:00,30131.5,30134.2,30125.0,30128.0,111.567,3361378.7269
2023-07-15 03:18:00,30128.0,30147.6,30126.0,30147.6,74.354,2240355.1867
2023-07-15 03:19:00,30147.6,30165.0,30147.5,30165.0,52.522,1583909.5318
2023-07-15 03:20:00,30165.0,30171.3,30165.0,30171.3,37.595,1134252.045
2023-07-15 03:21:00,30171.3,30171.3,30148.2,30152.8,46.895,1414312.8011
2023-07-15 03:22:00,30152.8,30164.9,30152.7,30164.9,34.764,1048466.2534
2023-07-15 03:23:00,30164.9,30182.0,30164.8,30182.0,28.08,847298.4252
2023-07-15 03:24:00,30182.0,30212.5,30182.0,30212.3,88.612,2675973.8851
2023-07-15 03:25:00,30212.3,30212.3,30196.7,30199.3,24.453,738613.6903
2023-07-15 03:26:00,30199.3,30205.0,30197.2,30205.0,26.102,788309.6743
2023-07-15 03:27:00,30205.0,30205.0,30202.3,30204.9,9.187,277490.7736
2023-07-15 03:28:00,30204.9,30216.0,30204.8,30215.9,27.835,841005.7262
2023-07-15 03:29:00,30215.9,30227.9,30215.9,30224.1,97.013,2932035.2259
2023-07-15 03:30:00,30224.1,30224.1,30200.9,30200.9,44.899,1356366.1197
2023-07-15 03:31:00,30200.9,30216.7,30200.9,30214.5,30.559,923034.1514
2023-07-15 03:32:00,30214.5,30220.8,30209.3,30217.2,73.407,2218066.5998
2023-07-15 03:33:00,30217.2,30227.6,30216.4,30216.5,27.48,830471.1824
2023-07-15 03:34:00,30216.5,30216.5,30215.0,30215.1,40.368,1219761.8636
2023-07-15 03:35:00,30215.1,30215.1,30200.5,30200.5,29.893,903068.0355
2023-07-15 03:36:00,30200.5,30202.5,30195.0,30195.1,19.167,578823.6095
2023-07-15 03:37:00,30195.1,30195.1,30190.1,30190.1,9.152,276327.057
2023-07-15 03:38:00,30190.1,30194.2,30179.0,30190.1,184.483,5569393.7673
2023-07-15 03:39:00,30190.1,30203.7,30190.0,30203.7,63.042,1903771.999
2023-07-15 03:40:00,30203.7,30203.7,30190.1,30190.2,12.566,379461.0844
2023-07-15 03:41:00,30190.2,30190.2,30182.4,30184.6,39.129,1181083.6083
2023-07-15 03:42:00,30184.6,30184.6,30184.5,30184.5,5.106,154122.4853
2023-07-15 03:43:00,30184.5,30187.3,30184.5,30187.3,15.333,462836.2924
2023-07-15 03:44:00,30187.3,30187.3,30172.2,30181.5,102.913,3105567.4586
2023-07-15 03:45:00,30181.5,30187.7,30181.5,30183.0,13.364,403406.5604
2023-07-15 03:46:00,30183.0,30192.0,30180.0,30192.0,15.801,476920.899
2023-07-15 03:47:00,30192.0,30196.7,30191.9,30196.6,40.823,1232648.2378
2023-07-15 03:48:00,30196.6,30204.6,30196.6,30204.6,20.015,604473.1248
2023-07-15 03:49:00,30204.6,30210.3,30204.5,30205.8,19.451,587574.3246
2023-07-15 03:50:00,30205.8,30209.1,30204.4,30204.4,6.681,201810.3681
2023-07-15 03:51:00,30204.4,30213.7,30204.4,30213.7,8.716,263267.57
2023-07-15 03:52:00,30213.7,30218.0,30212.6,30215.1,12.375,373909.9378
2023-07-15 03:53:00,30215.1,30215.1,30209.6,30213.8,30.641,925698.0017
2023-07-15 03:54:00,30213.8,30213.8,30213.7,30213.7,12.945,391117.4957
2023-07-15 03:55:00,30213.7,30213.8,30192.1,30194.6,19.625,592751.1934
2023-07-15 03:56:00,30194.6,30194.7,30190.8,30190.8,16.208,489359.1756
2023-07-15 03:57:00,30190.8,30200.0,30190.8,30200.0,22.966,693447.8984
2023-07-15 03:58:00,30200.0,30200.0,30199.9,30199.9,5.528,166945.5526
2023-07-15 03:59:00,30199.9,30200.0,30199.9,30200.0,4.395,132728.8246
2023-07-15 04:00:00,30200.0,30208.2,30199.9,30202.0,22.637,683699.5474
2023-07-15 04:01:00,30202.0,30207.2,30202.0,30207.2,4.138,124987.049
2023-07-15 04:02:00,30207.2,30207.8,30207.1,30207.8,3.543,107024.0707
2023-07-15 04:03:00,30207.8,30225.9,30207.8,30225.9,46.29,1398659.9873
2023-07-15 04:04:00,30225.9,30231.0,30225.9,30231.0,24.936,753814.2147
2023-07-15 04:05:00,30231.0,30235.0,30230.9,30235.0,24.466,739698.6226
2023-07-15 04:06:00,30235.0,30237.0,30223.9,30232.6,31.71,958638.0022
2023-07-15 04:07:00,30232.6,30233.9,30232.6,30233.9,26.187,791734.5924
2023-07-15 04:08:00,30233.9,30234.3,30233.8,30234.3,13.724,414931.1328
2023-07-15 04:09:00,30234.3,30238.1,30234.2,30234.3,26.139,790357.3761
2023-07-15 04:10:00,30234.3,30234.4,30208.0,30208.0,126.301,3817133.9516
2023-07-15 04:11:00,30208.0,30208.0,30196.1,30207.2,60.57,1829347.0788
2023-07-15 04:12:00,30207.2,30219.7,30207.1,30219.7,14.777,446470.7495
2023-07-15 04:13:00,30219.7,30220.0,30219.7,30220.0,21.095,637489.0233
2023-07-15 04:14:00,30220.0,30220.0,30219.9,30219.9,3.607,109003.3885
2023-07-15 04:15:00,30219.9,30220.0,30209.8,30214.0,11.259,340193.5597
2023-07-15 04:16:00,30214.0,30215.9,30213.9,30215.8,3.311,100043.0066
2023-07-15 04:17:00,30215.8,30220.0,30215.8,30220.0,12.767,385792.6082
2023-07-15 04:18:00,30220.0,30230.8,30219.9,30230.8,20.735,626698.0118
2023-07-15 04:19:00,30230.8,30237.7,30229.4,30231.1,55.921,1690790.2964
2023-07-15 04:20:00,30231.1,30232.0,30228.5,30231.9,3.686,111431.059
2023-07-15 04:21:00,30231.9,30234.9,30231.9,30234.8,11.628,351552.3275
2023-07-15 04:22:00,30234.8,30234.9,30234.8,30234.9,3.667,110871.2749
2023-07-15 04:23:00,30234.9,30234.9,30234.8,30234.8,5.452,164840.27
2023-07-15 04:24:00,30234.8,30234.9,30232.0,30232.1,11.047,333992.2794
2023-07-15 04:25:00,30232.1,30232.1,30231.6,30231.7,16.574,501065.1323
2023-07-15 04:26:00,30231.7,30237.6,30231.6,30234.7,81.526,2464876.762
2023-07-15 04:27:00,30234.7,30234.8,30234.7,30234.8,6.284,189995.3735
2023-07-15 04:28:00,30234.8,30234.8,30234.7,30234.8,6.119,185006.3218
2023-07-15 04:29:00,30234.8,30234.8,30215.0,30215.1,20.021,605138.7625
2023-07-15 04:30:00,30215.1,30215.1,30191.4,30204.5,70.023,2114841.5389
2023-07-15 04:31:00,30204.5,30214.0,30202.6,30210.0,32.262,974572.126
2023-07-15 04:32:00,30210.0,30222.0,30210.0,30222.0,23.026,695775.3381
2023-07-15 04:33:00,30222.0,30223.4,30217.0,30223.4,16.244,490894.3729
2023-07-15 04:34:00,30223.4,30224.6,30223.4,30224.6,2.603,78674.3833
2023-07-15 04:35:00,30224.6,30224.6,30211.3,30211.3,9.666,292092.0841
2023-07-15 04:36:00,30211.3,30226.4,30211.3,30226.4,57.835,1747790.6892
2023-07-15 04:37:00,30226.4,30230.0,30226.3,30230.0,9.806,296426.695
2023-07-15 04:38:00,30230.0,30237.1,30229.9,30237.0,48.74,1473663.5967
2023-07-15 04:39:00,30237.0,30237.1,30237.0,30237.1,17.703,535286.8317
2023-07-15 04:40:00,30237.1,30237.1,30235.3,30235.4,27.266,824431.3048
2023-07-15 04:41:00,30235.4,30237.0,30235.3,30236.9,8.466,255974.5125
2023-07-15 04:42:00,30236.9,30238.0,30236.9,30238.0,6.876,207913.8927
2023-07-15 04:43:00,30238.0,30238.0,30237.9,30237.9,3.363,101690.3016
2023-07-15 04:44:00,30237.9,30238.0,30237.9,30237.9,3.207,96973.0779
2023-07-15 04:45:00,30237.9,30238.0,30227.5,30231.0,22.987,694984.4364
2023-07-15 04:46:00,30231.0,30240.9,30231.0,30237.8,50.735,1534103.6668
2023-07-15 04:47:00,30237.8,30255.0,30237.7,30255.0,92.019,2783474.7256
2023-07-15 04:48:00,30255.0,30255.0,30254.9,30255.0,7.847,237410.8493
2023-07-15 04:49:00,30255.0,30260.0,30255.0,30259.9,33.83,1023630.2321
2023-07-15 04:50:00,30259.9,30279.8,30251.0,30267.8,191.517,5795747.59
2023-07-15 04:51:00,30267.8,30267.9,30252.0,30266.5,54.525,1649951.4649
2023-07-15 04:52:00,30266.5,30272.3,30266.5,30272.3,13.52,409230.0747
2023-07-15 04:53:00,30272.3,30274.0,30265.5,30274.0,94.758,2868382.0166
2023-07-15 04:54:00,30274.0,30275.3,30262.0,30262.2,41.14,1245350.9575
2023-07-15 04:55:00,30262.2,30270.0,30260.7,30270.0,42.409,1283460.6598
2023-07-15 04:56:00,30270.0,30272.9,30267.4,30272.8,46.0,1392519.8977
2023-07-15 04:57:00,30272.8,30285.9,30272.7,30285.9,101.891,3084812.2158
2023-07-15 04:58:00,30285.9,30288.6,30280.5,30288.5,42.881,1298510.2817
2023-07-15 04:59:00,30288.5,30306.3,30284.8,30290.7,308.38,9342806.1192
2023-07-15 05:00:00,30290.7,30294.3,30274.2,30280.0,72.944,2209233.2081
2023-07-15 05:01:00,30280.0,30280.0,30255.4,30267.3,42.208,1277438.4357
2023-07-15 05:02:00,30267.3,30294.9,30261.2,30293.3,92.763,2809052.8377
2023-07-15 05:03:00,30293.3,30302.1,30293.3,30302.1,30.639,928325.7505
2023-07-15 05:04:00,30302.1,30302.1,30300.5,30300.5,32.848,995324.5566
2023-07-15 05:05:00,30300.5,30301.4,30292.0,30301.4,30.887,935807.494
2023-07-15 05:06:00,30301.4,30301.5,30301.4,30301.5,15.718,476278.6732
2023-07-15 05:07:00,30301.5,30301.5,30294.4,30298.4,6.731,203953.1796
2023-07-15 05:08:00,30298.4,30305.8,30298.0,30298.1,91.281,2766008.1111
2023-07-15 05:09:00,30298.1,30298.1,30298.0,30298.1,18.881,572056.8795
2023-07-15 05:10:00,30298.1,30298.1,30286.0,30290.5,37.032,1121773.8401
2023-07-15 05:11:00,30290.5,30290.5,30260.1,30265.0,62.944,1905554.2752
2023-07-15 05:12:00,30265.0,30276.9,30264.9,30276.8,13.728,415592.0929
2023-07-15 05:13:00,30276.8,30280.0,30276.8,30280.0,6.459,195559.8251
2023-07-15 05:14:00,30280.0,30289.8,30279.9,30289.8,26.307,796672.9714
2023-07-15 05:15:00,30289.8,30289.8,30256.5,30258.1,47.457,1436562.5712
2023-07-15 05:16:00,30258.1,30258.1,30227.8,30231.9,209.556,6336588.2464
2023-07-15 05:17:00,30231.9,30248.7,30231.9,30248.6,21.254,642707.5116
2023-07-15 05:18:00,30248.6,30252.9,30248.6,30252.9,18.851,570260.8853
2023-07-15 05:19:00,30252.9,30264.9,30252.8,30264.9,18.341,554973.7074
2023-07-15 05:20:00,30264.9,30264.9,30256.0,30257.5,8.605,260389.7052
2023-07-15 05:21:00,30257.5,30269.6,30257.4,30269.6,14.335,433807.0825
2023-07-15 05:22:00,30269.6,30283.1,30269.6,30282.3,58.378,1767631.7964
2023-07-15 05:23:00,30282.3,30288.8,30282.3,30288.8,13.46,407641.8252
2023-07-15 05:24:00,30288.8,30288.8,30288.7,30288.7,8.432,255394.8758
2023-07-15 05:25:00,30288.7,30292.5,30288.7,30292.4,16.649,504299.8322
2023-07-15 05:26:00,30292.4,30294.0,30287.6,30294.0,35.09,1062893.1877
2023-07-15 05:27:00,30294.0,30295.2,30294.0,30295.2,4.456,134994.9178
2023-07-15 05:28:00,30295.2,30296.8,30292.3,30293.5,62.264,1886342.7232
2023-07-15 05:29:00,30293.5,30294.9,30293.4,30294.8,5.438,164736.75
2023-07-15 05:30:00,30294.8,30294.9,30281.9,30281.9,102.365,3100501.9347
2023-07-15 05:31:00,30281.9,30282.0,30274.9,30274.9,16.331,494484.5273
2023-07-15 05:32:00,30274.9,30275.0,30272.4,30272.4,14.91,451398.1388
2023-07-15 05:33:00,30272.4,30286.7,30272.4,30278.1,56.326,1705669.9949
2023-07-15 05:34:00,30278.1,30283.1,30278.1,30282.1,24.688,747599.5192
2023-07-15 05:35:00,30282.1,30282.1,30275.0,30275.0,7.966,241220.8132
2023-07-15 05:36:00,30275.0,30275.1,30266.8,30266.9,25.414,769320.3128
2023-07-15 05:37:00,30266.9,30277.4,30266.9,30276.8,36.304,1099059.0233
2023-07-15 05:38:00,30276.8,30276.9,30259.6,30259.6,24.185,731964.0107
2023-07-15 05:39:00,30259.6,30269.0,30253.5,30269.0,52.517,1588969.8308
2023-07-15 05:40:00,30269.0,30270.5,30266.6,30266.7,9.638,291716.2366
2023-07-15 05:41:00,30266.7,30266.7,30264.8,30264.8,15.863,480101.7902
2023-07-15 05:42:00,30264.8,30264.9,30253.5,30253.6,58.202,1761316.9531
2023-07-15 05:43:00,30253.6,30261.2,30253.5,30254.5,13.457,407194.4939
2023-07-15 05:44:00,30254.5,30254.8,30254.3,30254.4,9.333,282365.7549
2023-07-15 05:45:00,30254.4,30254.4,30250.0,30253.9,54.815,1658289.5824
2023-07-15 05:46:00,30253.9,30267.9,30253.9,30258.0,24.052,727768.6549
2023-07-15 05:47:00,30258.0,30261.0,30257.9,30259.9,16.315,493679.8675
2023-07-15 05:48:00,30259.9,30259.9,30252.6,30252.7,6.123,185268.8214
2023-07-15 05:49:00,30252.7,30252.7,30246.3,30249.9,35.276,1067104.5158
2023-07-15 05:50:00,30249.9,30250.0,30234.7,30234.7,48.7,1472874.6216
2023-07-15 05:51:00,30234.7,30250.0,30234.7,30250.0,6.603,199691.2818
2023-07-15 05:52:00,30250.0,30250.0,30221.3,30226.9,117.021,3538046.2758
2023-07-15 05:53:00,30226.9,30247.1,30222.6,30247.0,41.301,1248481.3943
2023-07-15 05:54:00,30247.0,30247.1,30244.6,30244.6,15.268,461806.3167
2023-07-15 05:55:00,30244.6,30244.7,30244.6,30244.7,4.092,123761.1143
2023-07-15 05:56:00,30244.7,30248.7,30244.7,30248.7,5.126,155046.2129
2023-07-15 05:57:00,30248.7,30263.2,30248.7,30263.1,27.305,825981.1793
2023-07-15 05:58:00,30263.1,30268.4,30263.1,30268.3,7.748,234495.1684
2023-07-15 05:59:00,30268.3,30294.9,30268.3,30294.8,30.641,927823.8064
2023-07-15 06:00:00,30294.8,30296.3,30254.0,30269.1,207.003,6266827.6864
2023-07-15 06:01:00,30269.1,30272.1,30269.1,30272.0,4.357,131893.3544
2023-07-15 06:02:00,30272.0,30272.1,30255.4,30264.6,27.504,832387.5578
2023-07-15 06:03:00,30264.6,30264.6,30250.7,30250.7,10.202,308667.2934
2023-07-15 06:04:00,30250.7,30261.0,30250.7,30260.9,6.287,190228.2456
2023-07-15 06:05:00,30260.9,30269.3,30252.5,30252.5,31.948,966897.1609
2023-07-15 06:06:00,30252.5,30258.6,30252.5,30258.5,7.706,233148.7793
2023-07-15 06:07:00,30258.5,30269.5,30258.5,30269.5,9.999,302624.1478
2023-07-15 06:08:00,30269.5,30280.0,30269.5,30280.0,23.742,718741.717
2023-07-15 06:09:00,30280.0,30296.3,30280.0,30291.6,13.826,418779.9469
2023-07-15 06:10:00,30291.6,30291.7,30281.3,30281.4,11.445,346644.5336
2023-07-15 06:11:00,30281.4,30291.7,30276.9,30284.4,118.138,3578114.0033
2023-07-15 06:12:00,30284.4,30284.4,30271.5,30271.5,12.991,393346.0397
2023-07-15 06:13:00,30271.5,30271.5,30269.9,30270.0,6.653,201386.6998
2023-07-15 06:14:00,30270.0,30277.8,30270.0,30271.4,15.983,483853.4449
2023-07-15 06:15:00,30271.4,30276.9,30271.3,30276.9,2.947,89212.5769
2023-07-15 06:16:00,30276.9,30288.0,30276.9,30288.0,6.518,197386.7336
2023-07-15 06:17:00,30288.0,30291.7,30287.9,30291.6,12.312,372939.3546
2023-07-15 06:18:00,30291.6,30291.8,30291.6,30291.7,10.767,326150.5091
2023-07-15 06:19:00,30291.7,30291.8,30289.6,30289.6,14.459,437965.5952
2023-07-15 06:20:00,30289.6,30290.0,30283.0,30283.0,9.093,275416.8196
2023-07-15 06:21:00,30283.0,30285.9,30281.0,30281.1,6.895,208813.1877
2023-07-15 06:22:00,30281.1,30288.0,30281.0,30287.6,17.659,534765.6871
2023-07-15 06:23:00,30287.6,30287.6,30287.3,30287.3,7.655,231850.9583
2023-07-15 06:24:00,30287.3,30296.3,30287.2,30296.2,14.254,431759.0
2023-07-15 06:25:00,30296.2,30296.3,30295.5,30295.6,3.576,108339.2216
2023-07-15 06:26:00,30295.6,30304.0,30295.5,30304.0,30.647,928600.8697
2023-07-15 06:27:00,30304.0,30310.0,30303.9,30309.9,39.468,1196173.9493
2023-07-15 06:28:00,30309.9,30310.0,30309.9,30309.9,18.04,546792.2496
2023-07-15 06:29:00,30309.9,30312.0,30309.9,30312.0,14.499,439470.5974
2023-07-15 06:30:00,30312.0,30315.0,30312.0,30315.0,11.243,340811.0072
2023-07-15 06:31:00,30315.0,30315.0,30311.7,30314.9,10.293,312022.8183
2023-07-15 06:32:00,30314.9,30315.0,30302.0,30305.1,21.279,644916.5134
2023-07-15 06:33:00,30305.1,30306.5,30302.9,30303.8,11.747,355990.2277
2023-07-15 06:34:00,30303.8,30306.5,30303.8,30306.5,8.457,256295.4547
2023-07-15 06:35:00,30306.5,30306.5,30305.1,30305.1,5.232,158560.8118
2023-07-15 06:36:00,30305.1,30305.2,30289.9,30289.9,41.734,1264471.4222
2023-07-15 06:37:00,30289.9,30290.0,30274.8,30274.8,17.52,530572.941
2023-07-15 06:38:00,30274.8,30283.7,30274.8,30280.5,15.286,462892.5108
2023-07-15 06:39:00,30280.5,30287.5,30279.6,30280.6,16.93,512689.492
2023-07-15 06:40:00,30280.6,30300.0,30280.5,30300.0,31.143,943343.6044
2023-07-15 06:41:00,30300.0,30300.0,30298.9,30298.9,9.0,272698.9501
2023-07-15 06:42:00,30298.9,30299.0,30298.9,30298.9,1.974,59810.1631
2023-07-15 06:43:00,30298.9,30299.0,30298.9,30299.0,4.06,123013.627
2023-07-15 06:44:00,30299.0,30299.0,30298.9,30299.0,3.402,103077.0619
2023-07-15 06:45:00,30299.0,30316.0,30298.9,30316.0,28.953,877523.448
2023-07-15 06:46:00,30316.0,30316.0,30312.1,30312.2,21.4,648706.653
2023-07-15 06:47:00,30312.2,30312.2,30306.0,30310.0,23.33,707121.3939
2023-07-15 06:48:00,30310.0,30316.0,30307.6,30316.0,18.104,548772.9344
2023-07-15 06:49:00,30316.0,30318.8,30315.0,30315.0,25.098,760895.4708
2023-07-15 06:50:00,30315.0,30315.1,30308.6,30308.7,11.977,363050.9296
2023-07-15 06:51:00,30308.7,30317.0,30308.6,30312.6,8.146,246937.5203
2023-07-15 06:52:00,30312.6,30319.9,30312.6,30318.1,40.636,1231966.1984
2023-07-15 06:53:00,30318.1,30338.0,30318.0,30323.1,135.098,4097723.5199
2023-07-15 06:54:00,30323.1,30323.2,30320.1,30320.1,12.424,376734.0497
2023-07-15 06:55:00,30320.1,30320.1,30313.7,30318.3,41.228,1249878.6448
2023-07-15 06:56:00,30318.3,30329.5,30318.3,30329.5,17.944,544071.835
2023-07-15 06:57:00,30329.5,30329.5,30329.4,30329.4,14.299,433680.8244
2023-07-15 06:58:00,30329.4,30329.5,30329.4,30329.5,7.191,218099.2791
2023-07-15 06:59:00,30329.5,30330.0,30326.1,30330.0,28.984,879017.1135
2023-07-15 07:00:00,30330.0,30330.1,30329.9,30330.1,15.863,481125.4097
2023-07-15 07:01:00,30330.1,30330.1,30330.0,30330.0,9.725,294959.6313
2023-07-15 07:02:00,30330.0,30330.1,30324.0,30324.0,14.973,454109.855
2023-07-15 07:03:00,30324.0,30324.1,30324.0,30324.0,8.776,266123.6048
2023-07-15 07:04:00,30324.0,30328.5,30324.0,30328.4,38.897,1179537.0259
2023-07-15 07:05:00,30328.4,30338.0,30328.4,30338.0,29.689,900585.3937
2023-07-15 07:06:00,30338.0,30340.0,30337.9,30340.0,21.542,653568.6537
2023-07-15 07:07:00,30340.0,30344.9,30339.9,30344.8,19.606,594862.0871
2023-07-15 07:08:00,30344.8,30344.9,30343.3,30343.4,12.375,375506.5322
2023-07-15 07:09:00,30343.4,30358.5,30343.3,30353.7,119.116,3615110.7479
2023-07-15 07:10:00,30353.7,30353.8,30353.7,30353.8,9.031,274124.7345
2023-07-15 07:11:00,30353.8,30357.4,30353.6,30357.4,14.041,426204.59
2023-07-15 07:12:00,30357.4,30384.0,30357.3,30378.1,169.615,5151629.6378
2023-07-15 07:13:00,30378.1,30378.1,30350.0,30350.0,66.359,2014998.5598
2023-07-15 07:14:00,30350.0,30350.1,30340.4,30340.5,25.444,772052.1147
2023-07-15 07:15:00,30340.5,30357.9,30340.0,30352.8,66.764,2025951.3672
2023-07-15 07:16:00,30352.8,30352.8,30342.7,30342.7,20.976,636626.217
2023-07-15 07:17:00,30342.7,30342.7,30342.6,30342.7,5.886,178596.944
2023-07-15 07:18:00,30342.7,30353.0,30342.6,30348.8,10.703,324830.786
2023-07-15 07:19:00,30348.8,30348.9,30336.7,30336.7,14.205,430998.335
2023-07-15 07:20:00,30336.7,30336.8,30329.5,30329.5,17.914,543388.9017
2023-07-15 07:21:00,30329.5,30342.6,30329.5,30342.6,35.352,1072372.1403
2023-07-15 07:22:00,30342.6,30345.3,30342.5,30345.2,6.973,211588.6391
2023-07-15 07:23:00,30345.2,30345.3,30335.4,30335.4,20.283,615470.9234
2023-07-15 07:24:00,30335.4,30335.5,30320.2,30320.3,54.731,1659704.5645
2023-07-15 07:25:00,30320.3,30320.3,30316.1,30316.1,30.875,936064.3398
2023-07-15 07:26:00,30316.1,30316.2,30316.1,30316.2,10.823,328111.8773
2023-07-15 07:27:00,30316.2,30318.0,30316.1,30318.0,6.103,185020.2559
2023-07-15 07:28:00,30318.0,30323.8,30318.0,30321.8,10.085,305795.1391
2023-07-15 07:29:00,30321.8,30321.8,30317.1,30317.1,10.351,313824.0363
2023-07-15 07:30:00,30317.1,30325.3,30317.1,30325.2,27.21,825003.0589
2023-07-15 07:31:00,30325.2,30330.0,30321.1,30321.1,15.702,476208.2443
2023-07-15 07:32:00,30321.1,30321.2,30315.0,30315.1,16.345,495555.1781
2023-07-15 07:33:00,30315.1,30315.1,30312.0,30312.1,13.729,416175.6372
2023-07-15 07:34:00,30312.1,30312.1,30309.6,30309.7,20.443,619629.71
2023-07-15 07:35:00,30309.7,30309.7,30309.6,30309.6,13.437,407270.7501
2023-07-15 07:36:00,30309.6,30309.7,30307.1,30307.2,23.368,708267.2533
2023-07-15 07:37:00,30307.2,30307.2,30290.9,30291.0,34.256,1037997.6605
2023-07-15 07:38:00,30291.0,30296.3,30282.0,30282.1,53.06,1606981.773
2023-07-15 07:39:00,30282.1,30295.0,30282.0,30294.9,33.358,1010285.4081
2023-07-15 07:40:00,30294.9,30305.0,30294.9,30304.9,8.05,243933.25
2023-07-15 07:41:00,30304.9,30305.0,30304.9,30304.9,1.857,56276.2752
2023-07-15 07:42:00,30304.9,30305.0,30304.2,30304.2,6.545,198343.9066
2023-07-15 07:43:00,30304.2,30304.5,30302.7,30304.4,6.115,185308.1485
2023-07-15 07:44:00,30304.4,30304.4,30302.7,30302.8,4.991,151244.5894
2023-07-15 07:45:00,30302.8,30302.8,30300.0,30300.0,9.861,298794.9642
2023-07-15 07:46:00,30300.0,30309.9,30300.0,30309.9,17.301,524236.9431
2023-07-15 07:47:00,30309.9,30314.3,30309.8,30314.2,5.364,162591.0182
2023-07-15 07:48:00,30314.2,30316.1,30314.2,30316.1,11.241,340766.0399
2023-07-15 07:49:00,30316.1,30316.4,30305.2,30305.2,8.156,247229.8198
2023-07-15 07:50:00,30305.2,30305.2,30300.0,30300.0,7.792,236116.6116
2023-07-15 07:51:00,30300.0,30300.1,30281.9,30281.9,53.573,1622738.8617
2023-07-15 07:52:00,30281.9,30282.0,30281.0,30281.1,11.347,343606.7325
2023-07-15 07:53:00,30281.1,30282.0,30281.0,30281.1,10.038,303966.3614
2023-07-15 07:54:00,30281.1,30281.1,30281.0,30281.0,3.8,115067.822
2023-07-15 07:55:00,30281.0,30285.0,30281.0,30284.9,7.687,232777.301
2023-07-15 07:56:00,30284.9,30288.2,30284.9,30288.1,10.936,331216.1557
2023-07-15 07:57:00,30288.1,30288.2,30281.0,30284.1,16.917,512330.8602
2023-07-15 07:58:00,30284.1,30285.4,30284.1,30285.3,6.798,205879.0741
2023-07-15 07:59:00,30285.3,30285.3,30283.3,30283.3,3.18,96301.8534
2023-07-15 08:00:00,30283.3,30293.3,30283.3,30293.3,8.217,248874.3405
2023-07-15 08:01:00,30293.3,30293.4,30290.1,30290.1,6.179,187178.7542
2023-07-15 08:02:00,30290.1,30290.1,30290.0,30290.1,4.342,131519.3487
2023-07-15 08:03:00,30290.1,30290.1,30282.0,30282.0,12.683,384121.9539
2023-07-15 08:04:00,30282.0,30282.1,30282.0,30282.1,7.347,222481.913
2023-07-15 08:05:00,30282.1,30282.1,30279.8,30279.8,21.286,644576.5622
2023-07-15 08:06:00,30279.8,30279.9,30274.1,30277.4,7.433,225049.5025
2023-07-15 08:07:00,30277.4,30290.9,30277.4,30290.8,17.362,525773.3822
2023-07-15 08:08:00,30290.8,30297.6,30290.8,30297.5,11.587,351026.4876
2023-07-15 08:09:00,30297.5,30297.6,30297.5,30297.6,1.393,42204.4619
2023-07-15 08:10:00,30297.6,30300.0,30297.5,30299.9,8.178,247782.6955
2023-07-15 08:11:00,30299.9,30302.0,30299.9,30301.9,7.399,224198.9264
2023-07-15 08:12:00,30301.9,30303.7,30301.9,30303.7,10.915,330746.6177
2023-07-15 08:13:00,30303.7,30305.4,30303.6,30305.3,7.083,214652.0958
2023-07-15 08:14:00,30305.3,30305.4,30302.2,30302.2,9.299,281803.8887
2023-07-15 08:15:00,30302.2,30307.0,30302.2,30307.0,10.344,313479.8428
2023-07-15 08:16:00,30307.0,30310.5,30302.8,30302.8,10.358,313936.657
2023-07-15 08:17:00,30302.8,30302.9,30298.4,30301.6,11.039,334468.5723
2023-07-15 08:18:00,30301.6,30301.7,30301.6,30301.6,7.227,218989.874
2023-07-15 08:19:00,30301.6,30301.7,30301.6,30301.7,1.862,56421.696
2023-07-15 08:20:00,30301.7,30308.8,30301.6,30308.8,7.816,236883.5329
2023-07-15 08:21:00,30308.8,30308.8,30308.7,30308.7,4.721,143087.8234
2023-07-15 08:22:00,30308.7,30308.8,30306.6,30306.7,11.385,345060.8701
2023-07-15 08:23:00,30306.7,30306.7,30301.4,30301.4,10.022,303706.6853
2023-07-15 08:24:00,30301.4,30301.5,30301.4,30301.4,3.378,102358.2634
2023-07-15 08:25:00,30301.4,30301.5,30301.4,30301.5,3.155,95601.2083
2023-07-15 08:26:00,30301.5,30301.5,30292.8,30292.8,11.353,343986.5816
2023-07-15 08:27:00,30292.8,30292.8,30275.3,30276.1,26.507,802678.7117
2023-07-15 08:28:00,30276.1,30276.1,30276.0,30276.0,11.574,350414.5133
2023-07-15 08:29:00,30276.0,30276.1,30275.3,30275.3,8.199,248232.6865
2023-07-15 08:30:00,30275.3,30276.1,30265.0,30276.1,106.808,3233365.3814
2023-07-15 08:31:00,30276.1,30276.1,30276.0,30276.1,3.053,92432.8855
2023-07-15 08:32:00,30276.1,30276.1,30276.0,30276.0,2.855,86438.1505
2023-07-15 08:33:00,30276.0,30276.1,30276.0,30276.0,4.433,134213.7125
2023-07-15 08:34:00,30276.0,30276.1,30276.0,30276.1,4.082,123586.7218
2023-07-15 08:35:00,30276.1,30276.1,30265.0,30265.1,14.43,436812.3549
2023-07-15 08:36:00,30265.1,30265.1,30264.4,30264.4,7.481,226412.0519
2023-07-15 08:37:00,30264.4,30264.5,30261.5,30261.5,9.477,286805.3314
2023-07-15 08:38:00,30261.5,30261.5,30256.0,30256.0,22.296,674666.6116
2023-07-15 08:39:00,30256.0,30256.1,30253.0,30253.1,29.302,886515.1228
2023-07-15 08:40:00,30253.1,30264.5,30253.0,30264.5,16.517,499784.5883
2023-07-15 08:41:00,30264.5,30264.5,30252.7,30261.5,14.487,438381.8581
2023-07-15 08:42:00,30261.5,30268.0,30261.5,30267.9,4.546,137582.7333
2023-07-15 08:43:00,30267.9,30270.0,30267.9,30269.7,13.849,419192.1477
2023-07-15 08:44:00,30269.7,30269.7,30259.2,30268.0,23.421,708819.4118
2023-07-15 08:45:00,30268.0,30268.0,30267.9,30267.9,4.729,143136.9484
2023-07-15 08:46:00,30267.9,30268.0,30267.9,30267.9,6.521,197377.1498
2023-07-15 08:47:00,30267.9,30268.0,30265.4,30265.4,6.894,208664.9097
2023-07-15 08:48:00,30265.4,30265.5,30257.4,30257.4,19.561,591939.0892
2023-07-15 08:49:00,30257.4,30257.5,30247.1,30249.9,61.077,1847537.832
2023-07-15 08:50:00,30249.9,30268.0,30249.9,30267.9,15.857,479843.5372
2023-07-15 08:51:00,30267.9,30286.5,30267.9,30286.4,30.49,923203.7868
2023-07-15 08:52:00,30286.4,30286.5,30281.1,30281.1,11.581,350708.6729
2023-07-15 08:53:00,30281.1,30287.0,30281.1,30287.0,8.964,271474.4487
2023-07-15 08:54:00,30287.0,30287.0,30276.1,30276.1,18.244,552462.0609
2023-07-15 08:55:00,30276.1,30280.1,30271.2,30280.1,16.632,503532.1013
2023-07-15 08:56:00,30280.1,30284.0,30280.0,30284.0,12.389,375163.3493
2023-07-15 08:57:00,30284.0,30284.0,30280.1,30280.1,46.914,1420672.9931
2023-07-15 08:58:00,30280.1,30280.2,30280.1,30280.2,6.67,201968.387
2023-07-15 08:59:00,30280.2,30280.2,30275.1,30275.1,12.363,374314.3596
2023-07-15 09:00:00,30275.1,30291.5,30275.1,30291.5,106.881,3236307.3443
2023-07-15 09:01:00,30291.5,30291.5,30287.2,30290.3,21.409,648496.59
2023-07-15 09:02:00,30290.3,30292.0,30290.3,30291.9,7.396,224036.5729
2023-07-15 09:03:00,30291.9,30292.0,30291.9,30291.9,8.01,242638.526
2023-07-15 09:04:00,30291.9,30292.0,30291.9,30291.9,1.999,60553.6523
2023-07-15 09:05:00,30291.9,30292.0,30291.5,30291.5,2.494,75548.1339
2023-07-15 09:06:00,30291.5,30298.0,30290.8,30298.0,11.427,346162.7865
2023-07-15 09:07:00,30298.0,30300.0,30297.9,30299.9,14.162,429106.8464
2023-07-15 09:08:00,30299.9,30310.4,30299.9,30310.4,54.641,1655794.2968
2023-07-15 09:09:00,30310.4,30314.4,30301.9,30301.9,27.947,847027.4492
2023-07-15 09:10:00,30301.9,30307.7,30301.9,30306.3,7.789,236027.4347
2023-07-15 09:11:00,30306.3,30314.5,30306.3,30314.5,15.695,475685.2214
2023-07-15 09:12:00,30314.5,30319.6,30314.5,30318.1,19.492,590952.9234
2023-07-15 09:13:00,30318.1,30318.1,30316.3,30316.3,8.91,270132.5049
2023-07-15 09:14:00,30316.3,30316.4,30306.4,30306.5,17.901,542612.977
2023-07-15 09:15:00,30306.5,30313.7,30306.5,30310.0,8.338,252723.7104
2023-07-15 09:16:00,30310.0,30310.1,30308.5,30308.5,3.276,99294.7132
2023-07-15 09:17:00,30308.5,30308.6,30303.8,30303.8,8.731,264600.6386
2023-07-15 09:18:00,30303.8,30303.9,30303.8,30303.9,2.095,63486.5337
2023-07-15 09:19:00,30303.9,30303.9,30303.8,30303.8,1.113,33728.1851
2023-07-15 09:20:00,30303.8,30304.0,30303.5,30303.5,8.84,267885.6363
2023-07-15 09:21:00,30303.5,30303.5,30293.3,30293.3,16.966,514018.4528
2023-07-15 09:22:00,30293.3,30293.4,30293.0,30293.0,1.828,55376.1212
2023-07-15 09:23:00,30293.0,30293.0,30290.0,30290.0,10.479,317427.1173
2023-07-15 09:24:00,30290.0,30290.1,30289.1,30289.2,2.583,78237.1855
2023-07-15 09:25:00,30289.2,30289.2,30276.0,30276.0,33.331,1009311.2409
2023-07-15 09:26:00,30276.0,30279.6,30272.1,30279.5,18.214,551413.7853
2023-07-15 09:27:00,30279.5,30279.6,30273.5,30273.5,13.195,399491.2323
2023-07-15 09:28:00,30273.5,30273.6,30273.5,30273.5,2.612,79074.5035
2023-07-15 09:29:00,30273.5,30273.6,30273.5,30273.6,3.144,95179.9853
2023-07-15 09:30:00,30273.6,30273.6,30273.5,30273.5,8.872,268586.6803
2023-07-15 09:31:00,30273.5,30278.0,30273.5,30278.0,8.545,258716.6508
2023-07-15 09:32:00,30278.0,30289.5,30277.9,30289.5,37.357,1131422.5393
2023-07-15 09:33:00,30289.5,30289.5,30289.4,30289.4,5.951,180252.6622
2023-07-15 09:34:00,30289.4,30289.5,30279.0,30279.1,6.469,195939.4674
2023-07-15 09:35:00,30279.1,30279.1,30278.0,30278.0,2.545,77059.3409
2023-07-15 09:36:00,30278.0,30278.1,30278.0,30278.1,1.815,54954.6509
2023-07-15 09:37:00,30278.1,30279.1,30278.0,30279.0,4.077,123445.5575
2023-07-15 09:38:00,30279.0,30279.1,30279.0,30279.0,8.833,267454.6451
2023-07-15 09:39:00,30279.0,30279.1,30279.0,30279.0,2.874,87021.8485
2023-07-15 09:40:00,30279.0,30279.1,30278.1,30278.1,5.464,165442.1273
2023-07-15 09:41:00,30278.1,30283.0,30278.1,30282.9,6.128,185562.8152
2023-07-15 09:42:00,30282.9,30285.0,30282.9,30285.0,3.175,96150.5671
2023-07-15 09:43:00,30285.0,30285.0,30284.9,30285.0,3.016,91339.4672
2023-07-15 09:44:00,30285.0,30285.0,30284.9,30284.9,2.696,81648.2572
2023-07-15 09:45:00,30284.9,30294.5,30284.9,30294.4,5.702,172706.6086
2023-07-15 09:46:00,30294.4,30297.1,30294.4,30297.0,7.291,220888.1705
2023-07-15 09:47:00,30297.0,30300.0,30297.0,30300.0,10.165,307989.7129
2023-07-15 09:48:00,30300.0,30300.2,30297.8,30297.9,5.955,180436.4313
2023-07-15 09:49:00,30297.9,30297.9,30297.0,30297.0,14.976,453728.4277
2023-07-15 09:50:00,30297.0,30299.7,30297.0,30299.6,5.444,164951.0516
2023-07-15 09:51:00,30299.6,30300.3,30297.8,30300.3,8.946,271053.3442
2023-07-15 09:52:00,30300.3,30304.5,30300.2,30304.5,2.272,68847.982
2023-07-15 09:53:00,30304.5,30307.9,30304.4,30305.0,18.523,561349.6209
2023-07-15 09:54:00,30305.0,30305.1,30301.2,30301.2,6.142,186120.0752
2023-07-15 09:55:00,30301.2,30305.0,30301.2,30305.0,19.681,596417.6776
2023-07-15 09:56:00,30305.0,30305.0,30304.9,30305.0,2.018,61155.3141
2023-07-15 09:57:00,30305.0,30305.0,30304.8,30304.8,1.84,55761.0941
2023-07-15 09:58:00,30304.8,30304.9,30304.8,30304.8,3.08,93339.0557
2023-07-15 09:59:00,30304.8,30305.0,30304.8,30304.9,4.577,138705.5091
2023-07-15 10:00:00,30304.9,30305.0,30304.9,30304.9,3.371,102158.0988
2023-07-15 10:01:00,30304.9,30305.0,30304.9,30304.9,29.006,879024.1956
2023-07-15 10:02:00,30304.9,30305.0,30304.4,30304.4,6.603,200101.9225
2023-07-15 10:03:00,30304.4,30304.4,30300.0,30300.0,8.019,242989.7383
2023-07-15 10:04:00,30300.0,30300.1,30300.0,30300.0,3.326,100778.0921
2023-07-15 10:05:00,30300.0,30300.1,30295.0,30295.1,12.12,367215.6655
2023-07-15 10:06:00,30295.1,30297.8,30294.0,30294.0,23.378,708234.9248
2023-07-15 10:07:00,30294.0,30294.1,30290.3,30290.4,4.525,137072.8595
2023-07-15 10:08:00,30290.4,30290.4,30287.0,30287.0,5.551,168136.5115
2023-07-15 10:09:00,30287.0,30287.1,30281.7,30281.8,24.922,754761.8944
2023-07-15 10:10:00,30281.8,30281.8,30277.3,30277.3,9.631,291610.0367
2023-07-15 10:11:00,30277.3,30277.4,30277.3,30277.3,3.268,98946.3673
2023-07-15 10:12:00,30277.3,30279.9,30277.3,30279.9,7.283,220519.502
2023-07-15 10:13:00,30279.9,30279.9,30279.8,30279.9,4.201,127205.8261
2023-07-15 10:14:00,30279.9,30279.9,30279.8,30279.9,3.504,106100.6484
2023-07-15 10:15:00,30279.9,30279.9,30279.8,30279.8,2.453,74276.411
2023-07-15 10:16:00,30279.8,30289.6,30279.8,30289.6,12.722,385261.4014
2023-07-15 10:17:00,30289.6,30289.6,30289.5,30289.6,0.885,26806.2307
2023-07-15 10:18:00,30289.6,30289.6,30289.5,30289.5,1.445,43768.3857
2023-07-15 10:19:00,30289.5,30289.5,30286.9,30286.9,12.724,385375.0022
2023-07-15 10:20:00,30286.9,30289.0,30286.9,30289.0,7.259,219860.9355
2023-07-15 10:21:00,30289.0,30289.0,30288.9,30288.9,3.939,119308.0096
2023-07-15 10:22:00,30288.9,30289.0,30286.1,30286.1,5.558,168341.0821
2023-07-15 10:23:00,30286.1,30286.1,30281.6,30281.7,3.141,95120.5962
2023-07-15 10:24:00,30281.7,30281.7,30281.6,30281.6,2.607,78944.1698
2023-07-15 10:25:00,30281.6,30282.0,30281.6,30281.9,3.578,108348.5423
2023-07-15 10:26:00,30281.9,30282.0,30281.9,30282.0,1.28,38760.9368
2023-07-15 10:27:00,30282.0,30282.0,30281.9,30281.9,15.239,461465.9452
2023-07-15 10:28:00,30281.9,30282.0,30281.9,30281.9,2.278,68982.3673
2023-07-15 10:29:00,30281.9,30282.0,30279.0,30279.0,9.764,295660.8882
2023-07-15 10:30:00,30279.0,30279.1,30278.0,30278.1,16.234,491541.0937
2023-07-15 10:31:00,30278.1,30278.1,30275.5,30275.5,6.265,189684.9899
2023-07-15 10:32:00,30275.5,30275.5,30273.4,30273.5,7.207,218183.1314
2023-07-15 10:33:00,30273.5,30273.5,30273.4,30273.5,3.008,91062.6102
2023-07-15 10:34:00,30273.5,30273.5,30273.4,30273.5,1.631,49375.9825
2023-07-15 10:35:00,30273.5,30282.0,30273.4,30281.9,8.466,256304.8004
2023-07-15 10:36:00,30281.9,30282.0,30281.9,30281.9,2.374,71889.4016
2023-07-15 10:37:00,30281.9,30282.0,30280.0,30281.6,6.234,188770.5272
2023-07-15 10:38:00,30281.6,30282.9,30281.6,30282.9,5.628,170426.0065
2023-07-15 10:39:00,30282.9,30282.9,30282.8,30282.9,15.563,471292.4481
2023-07-15 10:40:00,30282.9,30291.7,30282.9,30291.7,4.143,125479.7541
2023-07-15 10:41:00,30291.7,30295.8,30291.7,30295.8,12.167,368603.7088
2023-07-15 10:42:00,30295.8,30295.8,30295.7,30295.8,1.261,38202.9826
2023-07-15 10:43:00,30295.8,30295.8,30295.7,30295.8,1.074,32537.6534
2023-07-15 10:44:00,30295.8,30295.8,30295.7,30295.8,1.551,46988.6338
2023-07-15 10:45:00,30295.8,30295.8,30295.7,30295.7,6.87,208131.6718
2023-07-15 10:46:00,30295.7,30296.6,30295.6,30295.6,7.093,214890.5688
2023-07-15 10:47:00,30295.6,30295.7,30290.0,30290.1,11.995,363351.7021
2023-07-15 10:48:00,30290.1,30290.1,30289.3,30289.3,5.001,151480.3877
2023-07-15 10:49:00,30289.3,30289.4,30289.3,30289.4,2.161,65455.2837
2023-07-15 10:50:00,30289.4,30289.4,30274.0,30274.1,34.301,1038626.0059
2023-07-15 10:51:00,30274.1,30274.1,30266.9,30266.9,27.696,838364.207
2023-07-15 10:52:00,30266.9,30274.0,30266.9,30268.0,30.26,916008.1489
2023-07-15 10:53:00,30268.0,30268.1,30268.0,30268.1,6.827,206639.9502
2023-07-15 10:54:00,30268.1,30268.1,30268.0,30268.1,1.132,34263.4152
2023-07-15 10:55:00,30268.1,30268.1,30255.0,30255.0,27.266,825147.8692
2023-07-15 10:56:00,30255.0,30255.1,30254.6,30254.7,28.548,863713.1057
2023-07-15 10:57:00,30254.7,30254.7,30240.5,30246.5,45.994,1391241.0828
2023-07-15 10:58:00,30246.5,30246.6,30235.6,30238.5,77.53,2344396.5241
2023-07-15 10:59:00,30238.5,30250.8,30238.4,30250.2,67.947,2054906.0375
2023-07-15 11:00:00,30250.2,30256.7,30241.4,30256.0,23.732,717859.1041
2023-07-15 11:01:00,30256.0,30268.1,30255.9,30268.0,28.285,855985.2405
2023-07-15 11:02:00,30268.0,30268.1,30259.0,30259.0,21.594,653483.128
2023-07-15 11:03:00,30259.0,30262.5,30259.0,30262.4,11.03,333783.7017
2023-07-15 11:04:00,30262.4,30262.5,30262.2,30262.2,7.547,228390.4319
2023-07-15 11:05:00,30262.2,30262.3,30262.2,30262.2,4.78,144653.3766
2023-07-15 11:06:00,30262.2,30262.3,30260.0,30260.1,4.195,126946.5749
2023-07-15 11:07:00,30260.1,30260.1,30260.0,30260.0,2.771,83850.4864
2023-07-15 11:08:00,30260.0,30260.1,30259.8,30259.8,7.393,223712.1564
2023-07-15 11:09:00,30259.8,30259.9,30259.8,30259.9,6.472,195841.4976
2023-07-15 11:10:00,30259.9,30262.6,30259.8,30262.5,15.249,461457.7669
2023-07-15 11:11:00,30262.5,30262.6,30262.5,30262.5,3.645,110306.9549
2023-07-15 11:12:00,30262.5,30262.6,30262.5,30262.6,9.557,289218.9138
2023-07-15 11:13:00,30262.6,30262.6,30262.5,30262.6,2.383,72115.7133
2023-07-15 11:14:00,30262.6,30264.9,30262.5,30264.9,5.126,155126.4806
2023-07-15 11:15:00,30264.9,30270.0,30264.9,30269.9,9.743,294899.7463
2023-07-15 11:16:00,30269.9,30275.0,30269.9,30274.9,9.733,294655.8355
2023-07-15 11:17:00,30274.9,30275.0,30274.9,30275.0,2.888,87434.1083
2023-07-15 11:18:00,30275.0,30285.4,30274.9,30280.7,79.824,2417146.2344
2023-07-15 11:19:00,30280.7,30280.7,30280.6,30280.7,38.314,1160173.0642
2023-07-15 11:20:00,30280.7,30280.7,30276.0,30276.1,11.779,356656.3144
2023-07-15 11:21:00,30276.1,30276.1,30275.1,30275.2,11.773,356435.4105
2023-07-15 11:22:00,30275.2,30280.0,30275.2,30280.0,9.109,275808.097
2023-07-15 11:23:00,30280.0,30280.0,30277.2,30277.3,18.541,561401.2502
2023-07-15 11:24:00,30277.3,30282.1,30277.2,30282.0,9.511,287984.1602
2023-07-15 11:25:00,30282.0,30282.1,30275.1,30275.2,12.984,393141.7649
2023-07-15 11:26:00,30275.2,30275.2,30275.1,30275.1,4.01,121403.2178
2023-07-15 11:27:00,30275.1,30277.2,30275.1,30277.2,4.105,124280.2076
2023-07-15 11:28:00,30277.2,30277.2,30277.1,30277.2,2.72,82353.8078
2023-07-15 11:29:00,30277.2,30277.2,30277.1,30277.1,3.859,116839.6379
2023-07-15 11:30:00,30277.1,30288.8,30277.1,30288.8,17.604,533089.6342
2023-07-15 11:31:00,30288.8,30288.8,30277.1,30277.1,14.762,447099.1047
2023-07-15 11:32:00,30277.1,30277.1,30258.3,30258.4,19.307,584349.1882
2023-07-15 11:33:00,30258.4,30258.4,30258.3,30258.3,7.075,214077.6882
2023-07-15 11:34:00,30258.3,30258.4,30254.1,30254.2,19.333,584924.9193
2023-07-15 11:35:00,30254.2,30254.2,30251.9,30252.0,36.182,1094622.7117
2023-07-15 11:36:00,30252.0,30258.4,30252.0,30258.4,10.207,308787.5427
2023-07-15 11:37:00,30258.4,30264.8,30258.3,30264.8,7.446,225306.1766
2023-07-15 11:38:00,30264.8,30269.8,30264.8,30269.8,9.542,288821.9689
2023-07-15 11:39:00,30269.8,30269.8,30269.7,30269.8,2.661,80547.8886
2023-07-15 11:40:00,30269.8,30278.6,30269.7,30278.6,7.693,232900.9977
2023-07-15 11:41:00,30278.6,30283.7,30278.5,30283.7,15.392,466056.5373
2023-07-15 11:42:00,30283.7,30283.7,30281.0,30281.1,8.667,262456.3996
2023-07-15 11:43:00,30281.1,30281.1,30273.7,30273.8,14.745,446458.0715
2023-07-15 11:44:00,30273.8,30273.8,30273.7,30273.7,8.567,259355.2729
2023-07-15 11:45:00,30273.7,30277.0,30273.7,30277.0,7.393,223817.5679
2023-07-15 11:46:00,30277.0,30294.9,30276.9,30294.0,36.435,1103521.949
2023-07-15 11:47:00,30294.0,30295.6,30293.9,30295.5,12.99,393526.6224
2023-07-15 11:48:00,30295.5,30295.6,30295.5,30295.6,6.337,191983.0575
2023-07-15 11:49:00,30295.6,30295.6,30295.5,30295.5,1.577,47776.0819
2023-07-15 11:50:00,30295.5,30299.9,30295.5,30299.8,27.691,838928.6512
2023-07-15 11:51:00,30299.8,30299.9,30295.5,30295.5,34.688,1050981.2714
2023-07-15 11:52:00,30295.5,30295.6,30288.0,30288.0,12.621,382335.9034
2023-07-15 11:53:00,30288.0,30288.1,30288.0,30288.1,2.676,81050.913
2023-07-15 11:54:00,30288.1,30288.1,30285.0,30285.1,2.289,69328.2385
2023-07-15 11:55:00,30285.1,30285.1,30284.9,30284.9,4.861,147215.5144
2023-07-15 11:56:00,30284.9,30285.0,30284.9,30284.9,1.54,46638.8153
2023-07-15 11:57:00,30284.9,30285.0,30280.0,30280.0,18.725,567026.1956
2023-07-15 11:58:00,30280.0,30280.1,30280.0,30280.1,6.069,183769.8173
2023-07-15 11:59:00,30280.1,30280.1,30280.0,30280.1,5.976,180953.519
2023-07-15 12:00:00,30280.1,30284.7,30280.0,30284.7,10.765,325969.2855
2023-07-15 12:01:00,30284.7,30285.0,30284.7,30284.9,3.726,112841.8656
2023-07-15 12:02:00,30284.9,30295.1,30284.9,30295.1,19.759,598484.3668
2023-07-15 12:03:00,30295.1,30300.0,30295.1,30299.9,15.688,475325.6889
2023-07-15 12:04:00,30299.9,30300.0,30292.7,30292.7,6.39,193589.2299
2023-07-15 12:05:00,30292.7,30292.7,30284.8,30284.9,13.429,406755.9664
2023-07-15 12:06:00,30284.9,30284.9,30284.8,30284.9,1.474,44639.8812
2023-07-15 12:07:00,30284.9,30284.9,30280.1,30280.1,3.704,112164.0479
2023-07-15 12:08:00,30280.1,30280.2,30280.1,30280.2,6.247,189160.2699
2023-07-15 12:09:00,30280.2,30280.2,30280.1,30280.1,11.277,341469.2692
2023-07-15 12:10:00,30280.1,30280.2,30280.0,30280.1,3.477,105283.9541
2023-07-15 12:11:00,30280.1,30280.1,30274.0,30274.0,19.78,598923.4313
2023-07-15 12:12:00,30274.0,30274.0,30273.9,30274.0,1.679,50829.9642
2023-07-15 12:13:00,30274.0,30274.0,30273.9,30273.9,3.766,114011.5509
2023-07-15 12:14:00,30273.9,30274.0,30273.9,30273.9,4.591,138987.5019
2023-07-15 12:15:00,30273.9,30282.3,30273.9,30282.3,20.479,620020.5582
2023-07-15 12:16:00,30282.3,30282.3,30282.2,30282.2,3.514,106411.8553
2023-07-15 12:17:00,30282.2,30282.3,30282.2,30282.2,5.359,162282.6246
2023-07-15 12:18:00,30282.2,30288.0,30282.2,30288.0,11.251,340717.0687
2023-07-15 12:19:00,30288.0,30288.0,30286.0,30286.0,3.216,97401.6851
2023-07-15 12:20:00,30286.0,30286.2,30286.0,30286.2,6.437,194951.895
2023-07-15 12:21:00,30286.2,30286.2,30286.1,30286.2,5.484,166089.303
2023-07-15 12:22:00,30286.2,30286.2,30286.1,30286.1,3.456,104669.0179
2023-07-15 12:23:00,30286.1,30286.6,30286.1,30286.6,18.092,547938.3976
2023-07-15 12:24:00,30286.6,30286.6,30286.5,30286.6,6.572,199043.1499
2023-07-15 12:25:00,30286.6,30295.0,30286.5,30295.0,20.955,634720.9119
2023-07-15 12:26:00,30295.0,30295.5,30294.9,30295.5,9.029,273536.8481
2023-07-15 12:27:00,30295.5,30298.0,30286.1,30291.8,64.017,1939273.2729
2023-07-15 12:28:00,30291.8,30291.8,30291.7,30291.8,3.235,97993.8181
2023-07-15 12:29:00,30291.8,30291.8,30291.7,30291.8,10.791,326878.5492
2023-07-15 12:30:00,30291.8,30291.8,30288.3,30288.4,10.678,323445.5098
2023-07-15 12:31:00,30288.4,30296.0,30285.8,30295.9,21.511,651559.9754
2023-07-15 12:32:00,30295.9,30300.0,30294.0,30298.7,24.116,730648.2398
2023-07-15 12:33:00,30298.7,30298.8,30295.3,30295.4,5.419,164182.2933
2023-07-15 12:34:00,30295.4,30297.0,30295.0,30297.0,5.201,157571.6459
2023-07-15 12:35:00,30297.0,30300.0,30296.9,30300.0,71.873,2177744.9635
2023-07-15 12:36:00,30300.0,30315.8,30300.0,30315.1,97.188,2945615.8407
2023-07-15 12:37:00,30315.1,30318.0,30315.1,30318.0,29.454,892965.9152
2023-07-15 12:38:00,30318.0,30318.0,30317.9,30318.0,8.352,253215.6186
2023-07-15 12:39:00,30318.0,30320.1,30317.9,30320.0,24.053,729276.3894
2023-07-15 12:40:00,30320.0,30320.0,30317.9,30320.0,13.826,419186.5135
2023-07-15 12:41:00,30320.0,30326.0,30319.9,30326.0,30.084,912254.6097
2023-07-15 12:42:00,30326.0,30329.8,30325.9,30326.1,57.392,1740504.9971
2023-07-15 12:43:00,30326.1,30330.0,30326.0,30330.0,16.821,510159.3369
2023-07-15 12:44:00,30330.0,30330.0,30323.0,30323.1,86.811,2632861.0673
2023-07-15 12:45:00,30323.1,30332.7,30323.0,30332.6,48.37,1466907.5228
2023-07-15 12:46:00,30332.6,30333.0,30332.0,30332.9,65.019,1972193.1615
2023-07-15 12:47:00,30332.9,30333.0,30322.4,30322.5,41.563,1260505.952
2023-07-15 12:48:00,30322.5,30322.5,30301.2,30301.3,30.543,925816.0686
2023-07-15 12:49:00,30301.3,30316.9,30300.0,30316.9,13.589,411792.4717
2023-07-15 12:50:00,30316.9,30319.7,30316.8,30319.7,14.685,445207.5213
2023-07-15 12:51:00,30319.7,30319.7,30317.8,30317.9,45.043,1365653.6602
2023-07-15 12:52:00,30317.9,30318.0,30314.6,30314.7,32.511,985590.7991
2023-07-15 12:53:00,30314.7,30316.3,30314.6,30316.3,19.607,594390.8424
2023-07-15 12:54:00,30316.3,30316.3,30312.3,30312.3,27.185,824117.6099
2023-07-15 12:55:00,30312.3,30316.0,30304.9,30316.0,26.482,802596.9258
2023-07-15 12:56:00,30316.0,30330.5,30316.0,30324.1,40.539,1229409.5273
2023-07-15 12:57:00,30324.1,30329.2,30324.1,30329.2,19.572,593552.1787
2023-07-15 12:58:00,30329.2,30329.2,30317.0,30317.0,13.016,394719.2358
2023-07-15 12:59:00,30317.0,30317.1,30309.3,30309.4,7.968,241551.5364
2023-07-15 13:00:00,30309.4,30309.4,30303.4,30303.5,5.009,151807.7621
2023-07-15 13:01:00,30303.5,30303.5,30292.0,30300.0,28.308,857645.2841
2023-07-15 13:02:00,30300.0,30300.0,30284.9,30285.0,27.477,832258.1227
2023-07-15 13:03:00,30285.0,30299.9,30285.0,30299.9,20.099,608918.2477
2023-07-15 13:04:00,30299.9,30302.8,30299.9,30302.8,11.862,359423.3709
2023-07-15 13:05:00,30302.8,30303.3,30302.7,30303.3,11.215,339847.3812
2023-07-15 13:06:00,30303.3,30312.0,30303.3,30311.9,14.738,446726.217
2023-07-15 13:07:00,30311.9,30326.6,30311.9,30326.6,14.632,443624.7358
2023-07-15 13:08:00,30326.6,30328.0,30326.5,30327.9,20.613,625134.9313
2023-07-15 13:09:00,30327.9,30328.0,30322.8,30323.5,35.007,1061568.5341
2023-07-15 13:10:00,30323.5,30323.5,30323.2,30323.3,46.118,1398453.225
2023-07-15 13:11:00,30323.3,30331.9,30323.2,30331.9,24.953,756796.3581
2023-07-15 13:12:00,30331.9,30331.9,30323.2,30323.2,13.071,396427.5646
2023-07-15 13:13:00,30323.2,30331.9,30323.2,30331.8,7.573,229657.9845
2023-07-15 13:14:00,30331.8,30343.9,30331.8,30343.6,49.537,1502988.264
2023-07-15 13:15:00,30343.6,30343.9,30338.0,30340.0,13.387,406176.4083
2023-07-15 13:16:00,30340.0,30340.0,30339.9,30340.0,8.261,250638.6508
2023-07-15 13:17:00,30340.0,30343.9,30339.1,30339.1,20.804,631204.643
2023-07-15 13:18:00,30339.1,30339.1,30330.1,30330.1,19.127,580184.2822
2023-07-15 13:19:00,30330.1,30330.2,30317.0,30317.7,80.033,2426579.1957
2023-07-15 13:20:00,30317.7,30317.7,30312.7,30315.8,71.018,2152887.6536
2023-07-15 13:21:00,30315.8,30322.0,30315.7,30322.0,32.614,988829.1264
2023-07-15 13:22:00,30322.0,30322.0,30321.9,30321.9,4.057,123016.266
2023-07-15 13:23:00,30321.9,30322.0,30321.9,30322.0,6.142,186237.4862
2023-07-15 13:24:00,30322.0,30322.0,30321.9,30321.9,4.256,129050.1565
2023-07-15 13:25:00,30321.9,30322.0,30321.9,30321.9,5.256,159372.2829
2023-07-15 13:26:00,30321.9,30322.0,30321.9,30321.9,5.089,154308.5396
2023-07-15 13:27:00,30321.9,30322.0,30311.5,30311.6,45.162,1369112.7838
2023-07-15 13:28:00,30311.6,30311.6,30310.0,30310.1,74.122,2246717.4038
2023-07-15 13:29:00,30310.1,30310.1,30310.0,30310.1,12.438,376996.3015
2023-07-15 13:30:00,30310.1,30310.1,30310.0,30310.1,23.803,721470.6393
2023-07-15 13:31:00,30310.1,30314.4,30308.5,30308.5,48.259,1462850.0096
2023-07-15 13:32:00,30308.5,30308.5,30308.0,30308.1,23.935,725427.951
2023-07-15 13:33:00,30308.1,30308.1,30300.0,30300.1,24.345,737720.076
2023-07-15 13:34:00,30300.1,30300.1,30292.9,30293.0,42.455,1286265.7457
2023-07-15 13:35:00,30293.0,30293.0,30292.8,30292.9,8.899,269576.7788
2023-07-15 13:36:00,30292.9,30292.9,30292.8,30292.9,8.638,261669.5693
2023-07-15 13:37:00,30292.9,30292.9,30291.4,30291.5,12.553,380257.1867
2023-07-15 13:38:00,30291.5,30291.5,30290.1,30290.2,15.791,478317.251
2023-07-15 13:39:00,30290.2,30290.2,30290.0,30290.0,9.338,282848.7045
2023-07-15 13:40:00,30290.0,30290.1,30290.0,30290.0,11.615,351818.8768
2023-07-15 13:41:00,30290.0,30290.1,30290.0,30290.0,13.123,397496.7788
2023-07-15 13:42:00,30290.0,30290.1,30290.0,30290.1,7.28,220511.2991
2023-07-15 13:43:00,30290.1,30290.1,30290.0,30290.1,7.423,224843.2468
2023-07-15 13:44:00,30290.1,30290.1,30290.0,30290.1,1.837,55642.8446
2023-07-15 13:45:00,30290.1,30290.1,30290.0,30290.1,10.187,308564.896
2023-07-15 13:46:00,30290.1,30290.1,30284.1,30284.1,21.355,646782.7158
2023-07-15 13:47:00,30284.1,30284.2,30283.1,30283.1,12.203,369553.1244
2023-07-15 13:48:00,30283.1,30286.7,30260.0,30286.7,137.449,4161121.4709
2023-07-15 13:49:00,30286.7,30291.5,30286.7,30291.5,18.228,552131.0309
2023-07-15 13:50:00,30291.5,30291.5,30282.6,30287.4,8.703,263577.1902
2023-07-15 13:51:00,30287.4,30287.5,30287.4,30287.5,8.687,263107.1308
2023-07-15 13:52:00,30287.5,30287.5,30287.4,30287.5,10.02,303479.9484
2023-07-15 13:53:00,30287.5,30287.5,30268.1,30275.0,103.648,3138191.0662
2023-07-15 13:54:00,30275.0,30275.1,30272.9,30272.9,5.613,169929.5498
2023-07-15 13:55:00,30272.9,30280.0,30272.8,30280.0,28.55,864320.7832
2023-07-15 13:56:00,30280.0,30285.7,30279.9,30285.6,14.778,447512.5827
2023-07-15 13:57:00,30285.6,30289.9,30282.5,30289.8,25.107,760346.8155
2023-07-15 13:58:00,30289.8,30295.0,30289.8,30295.0,21.918,663967.4389
2023-07-15 13:59:00,30295.0,30300.0,30294.9,30299.9,24.449,740749.0158
2023-07-15 14:00:00,30299.9,30300.0,30299.9,30300.0,7.944,240702.814
2023-07-15 14:01:00,30300.0,30300.0,30299.9,30300.0,3.271,99111.229
2023-07-15 14:02:00,30300.0,30302.9,30299.9,30300.0,9.106,275927.4123
2023-07-15 14:03:00,30300.0,30304.9,30300.0,30304.9,11.909,360873.1243
2023-07-15 14:04:00,30304.9,30309.4,30304.9,30305.1,7.291,220964.8712
2023-07-15 14:05:00,30305.1,30305.1,30305.0,30305.1,4.072,123402.1478
2023-07-15 14:06:00,30305.1,30305.1,30305.0,30305.1,4.001,121250.569
2023-07-15 14:07:00,30305.1,30312.1,30305.0,30308.7,25.682,778425.4471
2023-07-15 14:08:00,30308.7,30308.8,30308.7,30308.8,6.155,186550.4903
2023-07-15 14:09:00,30308.8,30308.8,30308.7,30308.7,11.037,334518.1083
2023-07-15 14:10:00,30308.7,30308.8,30308.7,30308.8,18.795,569653.4584
2023-07-15 14:11:00,30308.8,30308.8,30305.0,30305.1,21.266,644506.0222
2023-07-15 14:12:00,30305.1,30320.8,30305.0,30318.4,90.019,2728920.0803
2023-07-15 14:13:00,30318.4,30327.2,30318.3,30325.0,53.215,1613618.6328
2023-07-15 14:14:00,30325.0,30327.1,30324.9,30327.1,64.801,1965213.6982
2023-07-15 14:15:00,30327.1,30328.8,30327.0,30328.8,14.545,441126.4593
2023-07-15 14:16:00,30328.8,30328.8,30328.7,30328.8,14.073,426816.9088
2023-07-15 14:17:00,30328.8,30330.6,30328.8,30330.4,47.77,1448878.1363
2023-07-15 14:18:00,30330.4,30330.4,30304.5,30304.5,122.45,3712479.0292
2023-07-15 14:19:00,30304.5,30304.9,30304.5,30304.5,6.858,207830.042
2023-07-15 14:20:00,30304.5,30304.9,30304.5,30304.9,10.842,328564.093
2023-07-15 14:21:00,30304.9,30307.1,30304.9,30307.1,8.868,268752.3309
2023-07-15 14:22:00,30307.1,30307.9,30306.0,30306.1,7.552,228882.1652
2023-07-15 14:23:00,30306.1,30306.1,30306.0,30306.0,5.301,160652.4633
2023-07-15 14:24:00,30306.0,30306.1,30300.0,30303.8,62.644,1898196.074
2023-07-15 14:25:00,30303.8,30303.9,30300.0,30300.1,9.732,294891.2613
2023-07-15 14:26:00,30300.1,30300.1,30300.0,30300.0,16.969,514161.1246
2023-07-15 14:27:00,30300.0,30300.1,30300.0,30300.0,7.872,238522.1515
2023-07-15 14:28:00,30300.0,30300.1,30300.0,30300.1,4.107,124442.2305
2023-07-15 14:29:00,30300.1,30300.1,30300.0,30300.0,3.014,91324.3916
2023-07-15 14:30:00,30300.0,30300.1,30295.8,30299.9,75.004,2272512.1926
2023-07-15 14:31:00,30299.9,30301.8,30299.9,30301.8,3.171,96081.6466
2023-07-15 14:32:00,30301.8,30301.8,30301.7,30301.8,5.554,168296.0347
2023-07-15 14:33:00,30301.8,30302.2,30301.8,30302.1,9.982,302475.1982
2023-07-15 14:34:00,30302.1,30302.2,30294.8,30294.8,45.416,1376026.3486
2023-07-15 14:35:00,30294.8,30298.5,30294.0,30298.4,43.707,1324086.8549
2023-07-15 14:36:00,30298.4,30302.6,30298.4,30302.5,5.033,152507.5836
2023-07-15 14:37:00,30302.5,30302.6,30302.5,30302.6,2.8,84847.2117
2023-07-15 14:38:00,30302.6,30302.6,30302.5,30302.5,2.14,64847.4977
2023-07-15 14:39:00,30302.5,30302.6,30302.5,30302.6,3.063,92816.7319
2023-07-15 14:40:00,30302.6,30310.5,30302.5,30310.1,95.092,2881797.598
2023-07-15 14:41:00,30310.1,30310.1,30302.5,30310.0,69.436,2104420.3451
2023-07-15 14:42:00,30310.0,30310.1,30310.0,30310.1,65.41,1982577.4017
2023-07-15 14:43:00,30310.1,30310.1,30310.0,30310.1,4.143,125574.5824
2023-07-15 14:44:00,30310.1,30310.1,30302.8,30310.1,51.881,1572389.6267
2023-07-15 14:45:00,30310.1,30310.1,30310.0,30310.0,2.983,90414.9855
2023-07-15 14:46:00,30310.0,30310.1,30310.0,30310.1,1.931,58528.6752
2023-07-15 14:47:00,30310.1,30314.0,30310.0,30313.9,11.62,352212.3756
2023-07-15 14:48:00,30313.9,30314.0,30310.0,30310.0,3.647,110551.5616
2023-07-15 14:49:00,30310.0,30310.1,30310.0,30310.1,2.224,67409.5127
2023-07-15 14:50:00,30310.1,30310.1,30310.0,30310.1,14.392,436221.7156
2023-07-15 14:51:00,30310.1,30310.1,30310.0,30310.0,2.722,82503.8749
2023-07-15 14:52:00,30310.0,30315.3,30310.0,30315.3,24.982,757262.9513
2023-07-15 14:53:00,30315.3,30315.3,30315.2,30315.2,16.49,499899.1161
2023-07-15 14:54:00,30315.2,30315.3,30315.2,30315.2,1.901,57629.3029
2023-07-15 14:55:00,30315.2,30315.3,30315.2,30315.3,10.349,313732.4643
2023-07-15 14:56:00,30315.3,30315.9,30315.2,30315.9,3.363,101950.5513
2023-07-15 14:57:00,30315.9,30325.1,30315.8,30325.1,57.671,1748727.2012
2023-07-15 14:58:00,30325.1,30325.1,30325.0,30325.1,5.53,167697.6758
2023-07-15 14:59:00,30325.1,30330.1,30325.0,30330.1,31.237,947367.3838
2023-07-15 15:00:00,30330.1,30330.1,30330.0,30330.0,9.716,294686.5127
2023-07-15 15:01:00,30330.0,30333.7,30330.0,30330.0,107.773,3268827.9649
2023-07-15 15:02:00,30330.0,30330.1,30325.0,30325.1,41.794,1267601.8439
2023-07-15 15:03:00,30325.1,30325.1,30325.0,30325.0,4.769,144620.127
2023-07-15 15:04:00,30325.0,30325.1,30325.0,30325.1,3.021,91612.0578
2023-07-15 15:05:00,30325.1,30326.0,30317.0,30317.0,10.225,310063.003
2023-07-15 15:06:00,30317.0,30317.1,30317.0,30317.1,4.705,142641.7486
2023-07-15 15:07:00,30317.1,30317.1,30317.0,30317.0,5.312,161044.15
2023-07-15 15:08:00,30317.0,30317.1,30317.0,30317.1,6.268,190027.2737
2023-07-15 15:09:00,30317.1,30317.1,30315.0,30315.1,27.228,825418.6631
2023-07-15 15:10:00,30315.1,30315.1,30315.0,30315.1,14.994,454543.894
2023-07-15 15:11:00,30315.1,30323.2,30315.1,30323.2,5.759,174614.4826
2023-07-15 15:12:00,30323.2,30323.2,30323.1,30323.2,3.981,120716.4568
2023-07-15 15:13:00,30323.2,30325.9,30323.1,30325.8,15.854,480768.3414
2023-07-15 15:14:00,30325.8,30325.9,30325.0,30325.0,4.302,130458.4277
2023-07-15 15:15:00,30325.0,30325.1,30325.0,30325.0,6.671,202298.5782
2023-07-15 15:16:00,30325.0,30325.1,30323.1,30323.1,5.346,162113.8603
2023-07-15 15:17:00,30323.1,30323.2,30323.1,30323.2,1.211,36721.3325
2023-07-15 15:18:00,30323.2,30324.0,30323.1,30324.0,14.732,446722.1661
2023-07-15 15:19:00,30324.0,30328.5,30324.0,30328.4,15.547,471484.0827
2023-07-15 15:20:00,30328.4,30328.5,30327.1,30327.2,6.019,182541.9761
2023-07-15 15:21:00,30327.2,30327.2,30326.1,30326.2,5.873,178110.286
2023-07-15 15:22:00,30326.2,30334.1,30326.1,30334.0,90.376,2740942.8985
2023-07-15 15:23:00,30334.0,30338.5,30334.0,30338.5,19.027,577207.5727
2023-07-15 15:24:00,30338.5,30339.1,30338.4,30339.1,6.376,193441.2005
2023-07-15 15:25:00,30339.1,30344.1,30339.0,30340.5,55.769,1692131.9262
2023-07-15 15:26:00,30340.5,30340.6,30333.7,30333.7,15.151,459684.6796
2023-07-15 15:27:00,30333.7,30334.5,30333.7,30334.5,10.83,328515.2924
2023-07-15 15:28:00,30334.5,30343.2,30334.4,30343.2,16.885,512263.2713
2023-07-15 15:29:00,30343.2,30343.2,30339.5,30339.5,8.365,253799.2391
2023-07-15 15:30:00,30339.5,30339.8,30339.5,30339.8,6.483,196691.7467
2023-07-15 15:31:00,30339.8,30339.8,30339.7,30339.8,5.476,166140.5634
2023-07-15 15:32:00,30339.8,30348.3,30339.7,30345.0,118.558,3597442.5888
2023-07-15 15:33:00,30345.0,30345.0,30344.0,30344.1,5.701,172991.6077
2023-07-15 15:34:00,30344.1,30344.1,30344.0,30344.0,21.917,665051.382
2023-07-15 15:35:00,30344.0,30344.0,30340.7,30340.8,9.866,299349.3607
2023-07-15 15:36:00,30340.8,30340.8,30340.7,30340.7,7.364,223429.128
2023-07-15 15:37:00,30340.7,30340.8,30340.7,30340.8,10.735,325708.3158
2023-07-15 15:38:00,30340.8,30341.8,30340.7,30340.7,14.803,449140.7564
2023-07-15 15:39:00,30340.7,30341.1,30340.7,30341.0,7.796,236536.5492
2023-07-15 15:40:00,30341.0,30347.6,30341.0,30347.5,19.837,601965.2185
2023-07-15 15:41:00,30347.5,30348.2,30347.5,30348.1,13.638,413885.8421
2023-07-15 15:42:00,30348.1,30350.0,30348.1,30350.0,23.721,719912.8133
2023-07-15 15:43:00,30350.0,30350.0,30349.9,30350.0,7.794,236547.824
2023-07-15 15:44:00,30350.0,30353.9,30349.9,30350.0,30.006,910744.9942
2023-07-15 15:45:00,30350.0,30351.9,30350.0,30351.9,7.401,224624.1244
2023-07-15 15:46:00,30351.9,30351.9,30351.8,30351.9,6.175,187422.7124
2023-07-15 15:47:00,30351.9,30356.0,30351.9,30356.0,17.479,530575.156
2023-07-15 15:48:00,30356.0,30358.0,30355.9,30358.0,19.565,593934.4904
2023-07-15 15:49:00,30358.0,30358.7,30357.9,30358.7,15.587,473190.8487
2023-07-15 15:50:00,30358.7,30360.9,30358.6,30360.9,22.258,675746.9434
2023-07-15 15:51:00,30360.9,30360.9,30360.4,30360.8,9.504,288547.1985
2023-07-15 15:52:00,30360.8,30360.9,30351.3,30351.3,23.367,709356.5509
2023-07-15 15:53:00,30351.3,30351.4,30341.1,30341.2,56.699,1720776.2171
2023-07-15 15:54:00,30341.2,30341.2,30334.0,30334.0,13.886,421254.0581
2023-07-15 15:55:00,30334.0,30336.2,30328.9,30334.8,29.449,893249.5751
2023-07-15 15:56:00,30334.8,30335.9,30334.8,30335.8,13.577,411867.9193
2023-07-15 15:57:00,30335.8,30343.5,30335.8,30342.1,25.938,786957.6818
2023-07-15 15:58:00,30342.1,30344.0,30342.1,30343.9,6.044,183395.0506
2023-07-15 15:59:00,30343.9,30344.0,30343.9,30344.0,7.766,235651.1503
2023-07-15 16:00:00,30344.0,30347.0,30342.2,30347.0,79.044,2398667.0569
2023-07-15 16:01:00,30347.0,30347.0,30337.3,30337.4,35.021,1062689.5719
2023-07-15 16:02:00,30337.4,30337.4,30330.9,30331.0,9.584,290734.175
2023-07-15 16:03:00,30331.0,30331.0,30329.0,30329.0,13.636,413573.1441
2023-07-15 16:04:00,30329.0,30329.1,30328.9,30328.9,12.144,368315.4519
2023-07-15 16:05:00,30328.9,30328.9,30325.0,30325.1,6.193,187813.3354
2023-07-15 16:06:00,30325.1,30325.1,30325.0,30325.1,4.556,138160.7372
2023-07-15 16:07:00,30325.1,30325.1,30324.0,30324.0,9.567,290114.5918
2023-07-15 16:08:00,30324.0,30324.2,30324.0,30324.1,5.257,159413.7863
2023-07-15 16:09:00,30324.1,30324.2,30324.1,30324.2,7.735,234556.9537
2023-07-15 16:10:00,30324.2,30324.2,30324.1,30324.1,19.255,583890.6626
2023-07-15 16:11:00,30324.1,30324.2,30324.1,30324.2,5.886,178488.1871
2023-07-15 16:12:00,30324.2,30324.2,30323.7,30323.7,8.232,249627.2699
2023-07-15 16:13:00,30323.7,30323.9,30323.7,30323.8,2.727,82692.9768
2023-07-15 16:14:00,30323.8,30323.8,30315.5,30315.5,19.682,596725.1487
2023-07-15 16:15:00,30315.5,30315.6,30313.5,30313.5,15.239,461970.5343
2023-07-15 16:16:00,30313.5,30313.6,30313.3,30313.3,7.405,224470.4692
2023-07-15 16:17:00,30313.3,30313.4,30311.2,30311.3,32.563,987029.7968
2023-07-15 16:18:00,30311.3,30311.3,30310.3,30310.3,11.585,351154.6162
2023-07-15 16:19:00,30310.3,30310.4,30310.2,30310.2,2.983,90415.6126
2023-07-15 16:20:00,30310.2,30310.3,30310.0,30310.1,14.325,434191.466
2023-07-15 16:21:00,30310.1,30310.1,30300.0,30300.0,32.33,979704.7115
2023-07-15 16:22:00,30300.0,30300.1,30295.0,30299.6,31.368,950414.2881
2023-07-15 16:23:00,30299.6,30310.4,30299.5,30310.4,31.963,968658.5349
2023-07-15 16:24:00,30310.4,30311.9,30310.3,30311.9,7.078,214537.3362
2023-07-15 16:25:00,30311.9,30318.0,30311.9,30318.0,15.853,480574.6431
2023-07-15 16:26:00,30318.0,30318.0,30317.9,30318.0,2.374,71974.9259
2023-07-15 16:27:00,30318.0,30318.0,30317.9,30318.0,16.648,504733.4965
2023-07-15 16:28:00,30318.0,30318.0,30311.2,30311.3,7.487,226968.5306
2023-07-15 16:29:00,30311.3,30311.3,30303.1,30310.9,21.758,659385.058
2023-07-15 16:30:00,30310.9,30311.0,30310.9,30310.9,2.682,81293.9319
2023-07-15 16:31:00,30310.9,30313.0,30310.9,30312.9,5.709,173052.2984
2023-07-15 16:32:00,30312.9,30316.0,30312.9,30315.9,8.491,257405.6664
2023-07-15 16:33:00,30315.9,30316.0,30315.9,30316.0,2.482,75244.2422
2023-07-15 16:34:00,30316.0,30316.0,30315.9,30316.0,17.674,535804.5756
2023-07-15 16:35:00,30316.0,30316.0,30304.7,30304.8,11.242,340718.3672
2023-07-15 16:36:00,30304.8,30313.1,30304.8,30313.1,9.345,283225.8191
2023-07-15 16:37:00,30313.1,30319.3,30313.0,30313.6,17.946,544054.4246
2023-07-15 16:38:00,30313.6,30315.9,30313.5,30315.8,2.952,89491.0837
2023-07-15 16:39:00,30315.8,30315.9,30315.8,30315.8,2.052,62208.1431
2023-07-15 16:40:00,30315.8,30315.9,30315.8,30315.9,8.318,252167.3093
2023-07-15 16:41:00,30315.9,30316.1,30315.8,30316.1,5.714,173225.4617
2023-07-15 16:42:00,30316.1,30317.0,30316.0,30316.9,4.131,125238.706
2023-07-15 16:43:00,30316.9,30320.0,30316.9,30320.0,3.534,107145.7919
2023-07-15 16:44:00,30320.0,30320.0,30319.9,30319.9,3.097,93900.7695
2023-07-15 16:45:00,30319.9,30319.9,30308.7,30308.7,20.485,620960.0539
2023-07-15 16:46:00,30308.7,30308.8,30295.0,30295.0,33.063,1001931.724
2023-07-15 16:47:00,30295.0,30295.0,30280.0,30280.0,48.792,1477740.1907
2023-07-15 16:48:00,30280.0,30280.1,30275.0,30275.0,44.014,1332610.7445
2023-07-15 16:49:00,30275.0,30275.1,30275.0,30275.1,29.883,904708.808
2023-07-15 16:50:00,30275.1,30294.5,30275.0,30289.1,85.218,2580644.7266
2023-07-15 16:51:00,30289.1,30289.1,30276.8,30281.1,78.765,2384971.6245
2023-07-15 16:52:00,30281.1,30301.5,30281.1,30301.5,45.662,1383189.0898
2023-07-15 16:53:00,30301.5,30301.5,30296.0,30296.1,14.275,432491.3003
2023-07-15 16:54:00,30296.1,30296.1,30296.0,30296.0,5.717,173202.3059
2023-07-15 16:55:00,30296.0,30296.1,30296.0,30296.1,3.225,97704.7485
2023-07-15 16:56:00,30296.1,30296.1,30284.9,30285.1,18.908,572734.9943
2023-07-15 16:57:00,30285.1,30285.2,30284.9,30285.0,5.62,170202.0561
2023-07-15 16:58:00,30285.0,30285.4,30284.9,30285.4,14.43,437016.9656
2023-07-15 16:59:00,30285.4,30285.4,30285.3,30285.4,9.16,277414.0723
2023-07-15 17:00:00,30285.4,30291.9,30285.3,30291.8,16.934,512870.5987
2023-07-15 17:01:00,30291.8,30297.4,30291.8,30297.3,8.96,271436.9683
2023-07-15 17:02:00,30297.3,30297.5,30297.3,30297.5,5.6,169665.5752
2023-07-15 17:03:00,30297.5,30297.5,30297.4,30297.4,1.098,33266.6268
2023-07-15 17:04:00,30297.4,30297.5,30297.4,30297.4,3.232,97921.3478
2023-07-15 17:05:00,30297.4,30297.5,30297.4,30297.5,2.484,75258.829
2023-07-15 17:06:00,30297.5,30297.5,30297.4,30297.5,1.85,56050.2054
2023-07-15 17:07:00,30297.5,30298.0,30297.4,30298.0,4.315,130733.9075
2023-07-15 17:08:00,30298.0,30311.0,30298.0,30311.0,58.87,1784149.2969
2023-07-15 17:09:00,30311.0,30311.0,30301.2,30301.3,12.575,381120.6361
2023-07-15 17:10:00,30301.3,30301.3,30300.7,30300.8,19.271,583931.5552
2023-07-15 17:11:00,30300.8,30300.8,30300.7,30300.8,8.419,255101.8756
2023-07-15 17:12:00,30300.8,30300.8,30300.0,30300.1,11.379,344787.1178
2023-07-15 17:13:00,30300.1,30300.1,30298.9,30298.9,2.26,68477.7376
2023-07-15 17:14:00,30298.9,30298.9,30296.2,30296.3,4.271,129398.2405
2023-07-15 17:15:00,30296.3,30301.3,30296.2,30301.2,8.541,258772.1585
2023-07-15 17:16:00,30301.2,30301.3,30301.2,30301.3,3.517,106569.5056
2023-07-15 17:17:00,30301.3,30301.3,30301.0,30301.0,2.947,89297.3074
2023-07-15 17:18:00,30301.0,30301.1,30301.0,30301.1,6.347,192320.8988
2023-07-15 17:19:00,30301.1,30301.1,30300.1,30300.2,4.389,132988.6948
2023-07-15 17:20:00,30300.2,30300.5,30300.1,30300.4,6.675,202254.9107
2023-07-15 17:21:00,30300.4,30300.5,30300.4,30300.4,0.9,27270.4371
2023-07-15 17:22:00,30300.4,30300.5,30293.7,30293.8,46.351,1404349.4976
2023-07-15 17:23:00,30293.8,30293.8,30293.7,30293.7,2.575,78006.382
2023-07-15 17:24:00,30293.7,30293.8,30293.7,30293.8,10.855,328838.4315
2023-07-15 17:25:00,30293.8,30293.8,30293.7,30293.7,8.672,262707.4148
2023-07-15 17:26:00,30293.7,30293.8,30287.3,30287.3,17.575,532315.8833
2023-07-15 17:27:00,30287.3,30292.0,30287.3,30291.9,13.053,395347.7434
2023-07-15 17:28:00,30291.9,30292.0,30290.2,30290.3,52.234,1582251.1476
2023-07-15 17:29:00,30290.3,30292.0,30290.2,30292.0,4.253,128830.921
2023-07-15 17:30:00,30292.0,30298.2,30291.9,30298.1,11.045,334621.5953
2023-07-15 17:31:00,30298.1,30304.2,30298.1,30303.3,13.235,401028.8743
2023-07-15 17:32:00,30303.3,30303.3,30300.1,30300.1,5.675,171968.1615
2023-07-15 17:33:00,30300.1,30300.2,30300.1,30300.1,5.302,160651.4849
2023-07-15 17:34:00,30300.1,30300.2,30300.1,30300.1,0.385,11665.562
2023-07-15 17:35:00,30300.1,30300.2,30300.1,30300.2,4.067,123230.7611
2023-07-15 17:36:00,30300.2,30308.2,30300.1,30308.2,11.744,355886.9655
2023-07-15 17:37:00,30308.2,30310.9,30308.1,30310.8,25.327,767659.2762
2023-07-15 17:38:00,30310.8,30310.9,30310.8,30310.8,10.096,306018.8266
2023-07-15 17:39:00,30310.8,30310.9,30310.8,30310.8,2.565,77747.2715
2023-07-15 17:40:00,30310.8,30322.5,30310.8,30315.7,128.752,3903345.0993
2023-07-15 17:41:00,30315.7,30315.8,30315.7,30315.7,3.729,113047.3825
2023-07-15 17:42:00,30315.7,30315.8,30315.5,30315.6,4.698,142423.1897
2023-07-15 17:43:00,30315.6,30315.6,30315.5,30315.6,5.094,154427.5839
2023-07-15 17:44:00,30315.6,30315.6,30315.5,30315.5,0.91,27587.167
2023-07-15 17:45:00,30315.5,30315.6,30315.5,30315.6,0.987,29921.4477
2023-07-15 17:46:00,30315.6,30315.6,30315.5,30315.6,2.076,62935.1682
2023-07-15 17:47:00,30315.6,30315.6,30315.5,30315.6,3.1,93978.2899
2023-07-15 17:48:00,30315.6,30315.6,30315.5,30315.5,9.226,279691.5796
2023-07-15 17:49:00,30315.5,30315.6,30315.5,30315.6,3.079,93341.6735
2023-07-15 17:50:00,30315.6,30315.6,30315.5,30315.6,2.277,69028.4908
2023-07-15 17:51:00,30315.6,30315.6,30315.5,30315.6,1.738,52688.483
2023-07-15 17:52:00,30315.6,30315.6,30315.5,30315.6,3.828,116047.8615
2023-07-15 17:53:00,30315.6,30315.6,30315.5,30315.6,2.111,63996.1475
2023-07-15 17:54:00,30315.6,30315.6,30315.5,30315.6,11.114,336926.9443
2023-07-15 17:55:00,30315.6,30315.6,30315.5,30315.6,5.151,156155.4792
2023-07-15 17:56:00,30315.6,30325.0,30315.6,30325.0,10.651,322923.8281
2023-07-15 17:57:00,30325.0,30335.6,30324.9,30335.6,21.431,650012.1041
2023-07-15 17:58:00,30335.6,30335.6,30332.0,30332.1,7.143,216666.859
2023-07-15 17:59:00,30332.1,30345.8,30332.1,30343.3,56.029,1699823.8246
2023-07-15 18:00:00,30343.3,30343.4,30333.8,30333.8,31.459,954330.8188
2023-07-15 18:01:00,30333.8,30333.9,30323.4,30333.7,34.29,1039889.3912
2023-07-15 18:02:00,30333.7,30333.7,30318.5,30318.5,13.389,405995.5296
2023-07-15 18:03:00,30318.5,30318.6,30317.2,30317.3,1.664,50448.0677
2023-07-15 18:04:00,30317.3,30317.3,30316.6,30316.6,10.04,304384.4606
2023-07-15 18:05:00,30316.6,30316.7,30316.6,30316.6,2.151,65211.0674
2023-07-15 18:06:00,30316.6,30320.0,30316.6,30319.9,5.678,172142.4225
2023-07-15 18:07:00,30319.9,30320.0,30319.9,30319.9,7.894,239345.8712
2023-07-15 18:08:00,30319.9,30320.0,30319.9,30320.0,5.438,164879.9109
2023-07-15 18:09:00,30320.0,30320.0,30319.9,30319.9,6.281,190439.5195
2023-07-15 18:10:00,30319.9,30320.0,30319.9,30320.0,7.229,219182.7065
2023-07-15 18:11:00,30320.0,30333.9,30319.9,30333.8,15.479,469392.9039
2023-07-15 18:12:00,30333.8,30339.7,30333.8,30336.2,12.882,390796.5611
2023-07-15 18:13:00,30336.2,30336.3,30335.8,30335.8,4.407,133691.7557
2023-07-15 18:14:00,30335.8,30335.9,30324.7,30324.8,8.833,267912.8844
2023-07-15 18:15:00,30324.8,30333.0,30324.7,30333.0,4.264,129324.8236
2023-07-15 18:16:00,30333.0,30337.5,30332.9,30337.0,17.629,534778.5166
2023-07-15 18:17:00,30337.0,30341.4,30337.0,30341.4,52.369,1588775.2188
2023-07-15 18:18:00,30341.4,30341.4,30341.3,30341.4,1.18,35802.7865
2023-07-15 18:19:00,30341.4,30341.4,30341.3,30341.4,3.896,118209.8225
2023-07-15 18:20:00,30341.4,30341.4,30341.3,30341.4,6.513,197613.4372
2023-07-15 18:21:00,30341.4,30341.4,30341.3,30341.4,6.741,204530.7935
2023-07-15 18:22:00,30341.4,30341.4,30341.0,30341.1,14.121,428445.8687
2023-07-15 18:23:00,30341.1,30341.1,30340.0,30340.1,5.089,154403.7799
2023-07-15 18:24:00,30340.1,30340.1,30340.0,30340.1,3.629,110103.9792
2023-07-15 18:25:00,30340.1,30340.1,30340.0,30340.0,5.232,158739.2967
2023-07-15 18:26:00,30340.0,30340.1,30340.0,30340.1,2.1,63714.1603
2023-07-15 18:27:00,30340.1,30340.1,30340.0,30340.0,3.871,117446.1989
2023-07-15 18:28:00,30340.0,30340.1,30337.0,30337.0,12.489,378904.6642
2023-07-15 18:29:00,30337.0,30337.1,30337.0,30337.0,2.619,79452.7137
2023-07-15 18:30:00,30337.0,30337.1,30333.2,30333.2,11.138,337888.4977
2023-07-15 18:31:00,30333.2,30333.2,30321.6,30321.6,17.613,534176.087
2023-07-15 18:32:00,30321.6,30321.7,30318.5,30318.5,14.671,444843.4139
2023-07-15 18:33:00,30318.5,30318.6,30311.4,30311.5,12.374,375135.2029
2023-07-15 18:34:00,30311.5,30311.5,30305.2,30311.4,43.137,1307420.6524
2023-07-15 18:35:00,30311.4,30320.0,30311.4,30320.0,8.716,264220.3873
2023-07-15 18:36:00,30320.0,30320.0,30319.9,30319.9,5.537,167881.6801
2023-07-15 18:37:00,30319.9,30320.0,30318.0,30318.0,10.225,310018.0238
2023-07-15 18:38:00,30318.0,30318.1,30317.1,30317.1,5.468,165776.8734
2023-07-15 18:39:00,30317.1,30317.2,30311.5,30311.5,5.639,170953.8998
2023-07-15 18:40:00,30311.5,30313.4,30303.9,30313.4,55.491,1681775.5257
2023-07-15 18:41:00,30313.4,30317.5,30308.0,30308.0,20.619,624937.2234
2023-07-15 18:42:00,30308.0,30308.1,30308.0,30308.1,5.994,181666.2399
2023-07-15 18:43:00,30308.1,30308.1,30302.0,30302.0,10.297,312058.6548
2023-07-15 18:44:00,30302.0,30302.1,30301.1,30301.2,5.216,158052.5052
2023-07-15 18:45:00,30301.2,30301.2,30296.4,30296.4,20.906,633451.5907
2023-07-15 18:46:00,30296.4,30298.0,30288.6,30297.9,43.197,1308544.0727
2023-07-15 18:47:00,30297.9,30298.0,30297.9,30297.9,3.404,103134.231
2023-07-15 18:48:00,30297.9,30298.0,30297.9,30298.0,12.539,379905.7834
2023-07-15 18:49:00,30298.0,30302.0,30297.9,30302.0,8.356,253179.9345
2023-07-15 18:50:00,30302.0,30307.9,30301.9,30307.9,14.93,452454.2469
2023-07-15 18:51:00,30307.9,30313.4,30307.9,30313.3,2.211,67017.8677
2023-07-15 18:52:00,30313.3,30313.4,30313.3,30313.3,1.946,58989.792
2023-07-15 18:53:00,30313.3,30313.4,30308.0,30308.0,10.682,323792.9746
2023-07-15 18:54:00,30308.0,30313.5,30308.0,30313.4,8.407,254832.585
2023-07-15 18:55:00,30313.4,30313.5,30305.4,30305.5,4.257,129025.7552
2023-07-15 18:56:00,30305.5,30305.5,30302.0,30302.1,12.858,389642.1454
2023-07-15 18:57:00,30302.1,30302.1,30289.0,30289.1,10.085,305554.5442
2023-07-15 18:58:00,30289.1,30290.0,30284.9,30290.0,32.853,995017.2007
2023-07-15 18:59:00,30290.0,30290.0,30284.0,30284.1,55.026,1666533.284
2023-07-15 19:00:00,30284.1,30290.7,30283.4,30290.6,15.141,458557.513
2023-07-15 19:01:00,30290.6,30291.2,30290.6,30291.1,4.095,124041.8869
2023-07-15 19:02:00,30291.1,30291.2,30288.0,30288.0,13.662,413833.442
2023-07-15 19:03:00,30288.0,30288.1,30284.8,30284.9,27.174,822976.5551
2023-07-15 19:04:00,30284.9,30284.9,30280.8,30280.8,33.664,1019447.3024
2023-07-15 19:05:00,30280.8,30281.5,30280.7,30281.4,12.514,378938.8289
2023-07-15 19:06:00,30281.4,30287.5,30281.4,30287.4,7.637,231293.9178
2023-07-15 19:07:00,30287.4,30287.5,30286.0,30286.0,12.43,376470.5462
2023-07-15 19:08:00,30286.0,30286.8,30282.9,30283.2,26.149,791925.8692
2023-07-15 19:09:00,30283.2,30283.2,30280.8,30280.9,22.7,687406.1443
2023-07-15 19:10:00,30280.9,30284.1,30280.8,30284.1,10.857,328777.7701
2023-07-15 19:11:00,30284.1,30284.1,30284.0,30284.1,1.586,48030.4969
2023-07-15 19:12:00,30284.1,30284.1,30284.0,30284.0,3.865,117047.7574
2023-07-15 19:13:00,30284.0,30284.1,30281.3,30281.4,22.031,667171.1629
2023-07-15 19:14:00,30281.4,30281.4,30281.0,30281.0,15.439,467512.9538
2023-07-15 19:15:00,30281.0,30281.1,30276.4,30276.4,44.542,1348628.1411
2023-07-15 19:16:00,30276.4,30276.5,30251.3,30266.2,178.013,5386820.006
2023-07-15 19:17:00,30266.2,30283.9,30266.2,30283.9,44.212,1338472.0991
2023-07-15 19:18:00,30283.9,30300.0,30283.8,30300.0,43.799,1326835.978
2023-07-15 19:19:00,30300.0,30304.3,30300.0,30304.3,14.009,424505.5328
2023-07-15 19:20:00,30304.3,30308.2,30304.2,30308.2,90.219,2734082.9343
2023-07-15 19:21:00,30308.2,30319.3,30308.1,30317.1,25.55,774526.6324
2023-07-15 19:22:00,30317.1,30317.1,30313.9,30314.0,17.379,526869.5819
2023-07-15 19:23:00,30314.0,30315.2,30313.9,30315.2,18.386,557353.3277
2023-07-15 19:24:00,30315.2,30315.2,30313.4,30313.4,20.679,626873.6697
2023-07-15 19:25:00,30313.4,30313.4,30312.8,30312.9,10.579,320680.4761
2023-07-15 19:26:00,30312.9,30312.9,30312.5,30312.6,3.908,118461.708
2023-07-15 19:27:00,30312.6,30312.6,30306.0,30307.4,24.986,757362.1132
2023-07-15 19:28:00,30307.4,30307.4,30307.3,30307.4,1.455,44097.1972
2023-07-15 19:29:00,30307.4,30307.4,30307.3,30307.4,0.935,28337.374
2023-07-15 19:30:00,30307.4,30313.9,30307.3,30313.9,7.828,237272.9574
2023-07-15 19:31:00,30313.9,30313.9,30313.8,30313.9,3.295,99884.0724
2023-07-15 19:32:00,30313.9,30313.9,30313.8,30313.9,2.946,89304.6431
2023-07-15 19:33:00,30313.9,30313.9,30308.4,30308.5,10.13,307068.5358
2023-07-15 19:34:00,30308.5,30308.5,30294.3,30294.5,50.648,1534548.1999
2023-07-15 19:35:00,30294.5,30294.5,30290.0,30290.0,24.15,731587.3694
2023-07-15 19:36:00,30290.0,30290.1,30287.0,30287.1,8.069,244392.1395
2023-07-15 19:37:00,30287.1,30288.5,30287.0,30288.5,11.677,353665.1486
2023-07-15 19:38:00,30288.5,30288.5,30280.4,30280.5,13.127,397530.4984
2023-07-15 19:39:00,30280.5,30287.7,30278.7,30287.7,16.539,500808.2697
2023-07-15 19:40:00,30287.7,30293.7,30287.6,30293.7,4.093,123985.8779
2023-07-15 19:41:00,30293.7,30293.7,30287.3,30289.3,5.106,154662.3001
2023-07-15 19:42:00,30289.3,30295.4,30289.3,30295.4,3.205,97088.1638
2023-07-15 19:43:00,30295.4,30295.4,30294.2,30294.2,6.293,190647.3705
2023-07-15 19:44:00,30294.2,30294.3,30288.3,30290.0,10.158,307685.4573
2023-07-15 19:45:00,30290.0,30293.8,30290.0,30293.8,6.332,191812.692
2023-07-15 19:46:00,30293.8,30293.8,30288.4,30288.4,7.019,212618.216
2023-07-15 19:47:00,30288.4,30288.5,30287.0,30287.0,4.401,133297.6124
2023-07-15 19:48:00,30287.0,30287.1,30280.0,30280.0,7.684,232705.487
2023-07-15 19:49:00,30280.0,30288.5,30271.7,30288.4,20.483,620229.0956
2023-07-15 19:50:00,30288.4,30290.0,30288.4,30290.0,4.01,121462.2867
2023-07-15 19:51:00,30290.0,30290.0,30289.9,30289.9,1.93,58459.5398
2023-07-15 19:52:00,30289.9,30290.0,30289.9,30289.9,1.154,34954.5954
2023-07-15 19:53:00,30289.9,30290.2,30286.2,30286.3,5.999,181709.0109
2023-07-15 19:54:00,30286.3,30288.0,30280.6,30287.9,4.843,146663.576
2023-07-15 19:55:00,30287.9,30288.0,30284.5,30284.6,4.527,137108.2607
2023-07-15 19:56:00,30284.6,30284.6,30280.0,30280.0,21.941,664392.4043
2023-07-15 19:57:00,30280.0,30280.1,30276.3,30276.4,14.187,429544.9508
2023-07-15 19:58:00,30276.4,30276.4,30263.7,30263.8,41.61,1259543.4698
2023-07-15 19:59:00,30263.8,30273.5,30257.0,30273.4,43.215,1307774.1638
2023-07-15 20:00:00,30273.4,30289.8,30273.4,30289.7,64.197,1944128.4826
2023-07-15 20:01:00,30289.7,30289.8,30289.7,30289.7,2.004,60700.6298
2023-07-15 20:02:00,30289.7,30289.8,30289.7,30289.8,5.753,174256.9418
2023-07-15 20:03:00,30289.8,30289.8,30289.7,30289.7,7.997,242227.3222
2023-07-15 20:04:00,30289.7,30298.0,30289.7,30297.9,9.969,301991.2659
2023-07-15 20:05:00,30297.9,30299.6,30297.9,30299.6,7.381,223631.45
2023-07-15 20:06:00,30299.6,30299.6,30298.8,30298.8,9.856,298627.7223
2023-07-15 20:07:00,30298.8,30298.8,30295.3,30295.3,13.91,421421.1263
2023-07-15 20:08:00,30295.3,30295.4,30295.3,30295.3,1.835,55591.8808
2023-07-15 20:09:00,30295.3,30295.4,30295.3,30295.4,1.147,34748.7977
2023-07-15 20:10:00,30295.4,30295.4,30293.5,30293.6,6.933,210027.6602
2023-07-15 20:11:00,30293.6,30293.6,30285.6,30285.6,5.46,165379.928
2023-07-15 20:12:00,30285.6,30285.7,30281.7,30281.7,9.996,302725.674
2023-07-15 20:13:00,30281.7,30281.8,30280.2,30280.2,21.619,654628.2452
2023-07-15 20:14:00,30280.2,30288.6,30277.3,30288.6,21.433,649060.0301
2023-07-15 20:15:00,30288.6,30291.8,30288.5,30291.8,9.463,286634.6713
2023-07-15 20:16:00,30291.8,30294.0,30291.8,30294.0,3.816,115600.5718
2023-07-15 20:17:00,30294.0,30294.0,30293.9,30294.0,1.945,58921.8112
2023-07-15 20:18:00,30294.0,30294.0,30293.7,30293.7,10.756,325841.0916
2023-07-15 20:19:00,30293.7,30293.8,30290.3,30290.3,4.541,137559.2909
2023-07-15 20:20:00,30290.3,30290.4,30288.4,30288.4,1.519,46009.3146
2023-07-15 20:21:00,30288.4,30288.5,30282.8,30282.8,4.023,121848.3797
2023-07-15 20:22:00,30282.8,30282.8,30281.9,30281.9,3.197,96811.7399
2023-07-15 20:23:00,30281.9,30282.0,30279.0,30279.0,6.795,205758.9042
2023-07-15 20:24:00,30279.0,30279.1,30278.7,30279.1,8.307,251527.6485
2023-07-15 20:25:00,30279.1,30279.1,30269.4,30269.4,7.274,220224.4176
2023-07-15 20:26:00,30269.4,30269.5,30263.1,30264.6,26.582,804507.6058
2023-07-15 20:27:00,30264.6,30264.7,30261.9,30262.6,31.788,962002.5276
2023-07-15 20:28:00,30262.6,30262.6,30262.5,30262.5,3.249,98322.9109
2023-07-15 20:29:00,30262.5,30268.6,30262.5,30268.5,15.179,459379.1522
2023-07-15 20:30:00,30268.5,30281.3,30268.5,30275.3,17.444,528149.4312
2023-07-15 20:31:00,30275.3,30275.3,30251.0,30251.0,67.135,2031371.1359
2023-07-15 20:32:00,30251.0,30275.2,30251.0,30275.1,37.069,1121697.4886
2023-07-15 20:33:00,30275.1,30275.9,30260.0,30260.0,32.885,995441.4651
2023-07-15 20:34:00,30260.0,30260.6,30251.8,30260.5,21.486,650042.5616
2023-07-15 20:35:00,30260.5,30260.6,30235.9,30245.0,209.347,6331896.4278
2023-07-15 20:36:00,30245.0,30256.6,30244.9,30252.4,28.447,860560.6569
2023-07-15 20:37:00,30252.4,30258.6,30252.4,30258.6,11.416,345410.9539
2023-07-15 20:38:00,30258.6,30274.2,30258.5,30274.2,20.126,609149.8541
2023-07-15 20:39:00,30274.2,30279.9,30274.1,30275.6,13.707,415014.0895
2023-07-15 20:40:00,30275.6,30285.1,30275.5,30285.1,16.207,490792.3907
2023-07-15 20:41:00,30285.1,30293.1,30285.0,30293.1,14.559,440989.9122
2023-07-15 20:42:00,30293.1,30293.1,30293.0,30293.1,6.569,198994.9407
2023-07-15 20:43:00,30293.1,30293.1,30293.0,30293.1,8.866,268578.2088
2023-07-15 20:44:00,30293.1,30293.5,30293.0,30293.5,10.928,331043.23
2023-07-15 20:45:00,30293.5,30295.6,30293.4,30295.6,13.183,399380.2483
2023-07-15 20:46:00,30295.6,30298.7,30295.5,30298.7,9.606,291024.0154
2023-07-15 20:47:00,30298.7,30300.0,30298.6,30300.0,5.164,156468.6121
2023-07-15 20:48:00,30300.0,30300.0,30299.9,30299.9,5.796,175618.6817
2023-07-15 20:49:00,30299.9,30300.0,30299.9,30299.9,6.922,209736.2089
2023-07-15 20:50:00,30299.9,30300.0,30292.7,30292.7,23.772,720202.406
2023-07-15 20:51:00,30292.7,30292.8,30285.4,30285.4,27.18,823250.1314
2023-07-15 20:52:00,30285.4,30285.5,30281.4,30281.5,14.496,438977.4139
2023-07-15 20:53:00,30281.5,30281.5,30277.5,30277.5,20.321,615342.8422
2023-07-15 20:54:00,30277.5,30277.5,30262.9,30263.0,23.044,697532.3789
2023-07-15 20:55:00,30263.0,30270.0,30262.9,30270.0,9.509,287797.2173
2023-07-15 20:56:00,30270.0,30279.4,30269.9,30279.4,11.194,338872.6875
2023-07-15 20:57:00,30279.4,30279.9,30276.0,30276.2,7.829,237055.1418
2023-07-15 20:58:00,30276.2,30279.1,30270.4,30270.4,28.709,869207.0294
2023-07-15 20:59:00,30270.4,30270.5,30270.4,30270.4,12.758,386190.0967
2023-07-15 21:00:00,30270.4,30274.8,30270.4,30274.0,4.184,126667.7511
2023-07-15 21:01:00,30274.0,30274.0,30273.6,30273.6,0.95,28759.9446
2023-07-15 21:02:00,30273.6,30273.7,30273.6,30273.6,0.735,22251.1442
2023-07-15 21:03:00,30273.6,30273.7,30273.6,30273.7,0.711,21524.5351
2023-07-15 21:04:00,30273.7,30275.8,30273.6,30275.8,4.54,137449.5923
2023-07-15 21:05:00,30275.8,30280.0,30275.8,30279.9,2.824,85508.4429
2023-07-15 21:06:00,30279.9,30286.0,30279.9,30285.6,3.709,112322.512
2023-07-15 21:07:00,30285.6,30285.7,30285.5,30285.7,10.295,311789.5205
2023-07-15 21:08:00,30285.7,30286.3,30285.6,30286.3,2.729,82651.0175
2023-07-15 21:09:00,30286.3,30286.3,30286.2,30286.3,7.421,224754.628
2023-07-15 21:10:00,30286.3,30286.4,30286.3,30286.4,1.783,54000.611
2023-07-15 21:11:00,30286.4,30287.0,30286.3,30287.0,5.585,169149.1362
2023-07-15 21:12:00,30287.0,30288.9,30286.9,30288.9,11.854,359042.9769
2023-07-15 21:13:00,30288.9,30288.9,30288.8,30288.9,9.06,274417.3283
2023-07-15 21:14:00,30288.9,30294.9,30288.9,30294.9,8.273,250599.4039
2023-07-15 21:15:00,30294.9,30297.4,30294.8,30295.4,12.264,371543.5932
2023-07-15 21:16:00,30295.4,30295.5,30295.4,30295.5,3.303,100065.8326
2023-07-15 21:17:00,30295.5,30295.5,30295.4,30295.4,4.426,134087.6669
2023-07-15 21:18:00,30295.4,30300.0,30295.4,30300.0,47.889,1450979.357
2023-07-15 21:19:00,30300.0,30309.2,30300.0,30309.2,48.573,1472116.0397
2023-07-15 21:20:00,30309.2,30309.2,30296.2,30296.3,20.502,621295.1899
2023-07-15 21:21:00,30296.3,30296.3,30295.0,30295.0,8.006,242545.1876
2023-07-15 21:22:00,30295.0,30304.8,30295.0,30299.8,33.03,1000840.0479
2023-07-15 21:23:00,30299.8,30303.4,30299.8,30303.4,3.554,107693.6207
2023-07-15 21:24:00,30303.4,30303.4,30301.3,30301.5,4.067,123235.9096
2023-07-15 21:25:00,30301.5,30304.7,30297.2,30297.2,11.208,339619.0381
2023-07-15 21:26:00,30297.2,30297.2,30294.7,30294.7,14.168,429246.2868
2023-07-15 21:27:00,30294.7,30294.7,30288.8,30288.8,3.288,99593.4507
2023-07-15 21:28:00,30288.8,30288.9,30288.8,30288.9,4.996,151323.0071
2023-07-15 21:29:00,30288.9,30288.9,30288.8,30288.9,1.323,40072.1218
2023-07-15 21:30:00,30288.9,30288.9,30280.0,30280.1,28.461,861935.1343
2023-07-15 21:31:00,30280.1,30280.1,30270.6,30270.6,15.899,481342.2731
2023-07-15 21:32:00,30270.6,30273.6,30270.6,30273.6,9.274,280751.5799
2023-07-15 21:33:00,30273.6,30275.0,30273.5,30274.9,27.499,832503.4917
2023-07-15 21:34:00,30274.9,30275.0,30274.8,30274.8,12.287,371988.0994
2023-07-15 21:35:00,30274.8,30274.9,30272.9,30273.0,9.886,299287.2473
2023-07-15 21:36:00,30273.0,30273.0,30263.6,30263.6,21.017,636122.2524
2023-07-15 21:37:00,30263.6,30263.9,30254.0,30263.9,39.538,1196356.3907
2023-07-15 21:38:00,30263.9,30265.8,30252.3,30252.3,33.376,1009974.6602
2023-07-15 21:39:00,30252.3,30257.4,30252.3,30257.3,17.495,529298.6466
2023-07-15 21:40:00,30257.3,30263.4,30257.3,30262.0,6.81,206073.1303
2023-07-15 21:41:00,30262.0,30262.1,30261.0,30261.0,3.474,105129.5227
2023-07-15 21:42:00,30261.0,30273.5,30261.0,30270.5,21.883,662418.5827
2023-07-15 21:43:00,30270.5,30270.5,30270.4,30270.5,12.23,370208.0121
2023-07-15 21:44:00,30270.5,30270.5,30270.4,30270.4,20.469,619605.8162
2023-07-15 21:45:00,30270.4,30273.5,30270.4,30273.5,4.829,146179.8735
2023-07-15 21:46:00,30273.5,30273.6,30273.5,30273.6,2.374,71869.356
2023-07-15 21:47:00,30273.6,30273.6,30273.5,30273.5,3.718,112556.9321
2023-07-15 21:48:00,30273.5,30287.6,30273.5,30287.5,17.377,526196.8434
2023-07-15 21:49:00,30287.5,30293.5,30287.5,30287.9,14.239,431327.0904
2023-07-15 21:50:00,30287.9,30287.9,30273.5,30273.6,111.017,3361542.9486
2023-07-15 21:51:00,30273.6,30273.6,30263.1,30265.3,135.608,4104611.3183
2023-07-15 21:52:00,30265.3,30269.0,30265.2,30269.0,5.26,159199.3581
2023-07-15 21:53:00,30269.0,30269.0,30258.2,30258.2,5.055,152971.817
2023-07-15 21:54:00,30258.2,30258.3,30227.2,30244.5,507.65,15351147.2016
2023-07-15 21:55:00,30244.5,30261.3,30244.5,30247.0,36.042,1090467.2813
2023-07-15 21:56:00,30247.0,30260.0,30246.9,30257.6,15.765,476962.8649
2023-07-15 21:57:00,30257.6,30265.5,30257.5,30265.5,17.588,532257.2823
2023-07-15 21:58:00,30265.5,30266.7,30265.4,30266.7,9.01,272701.2189
2023-07-15 21:59:00,30266.7,30266.7,30265.7,30265.7,6.136,185714.4631
2023-07-15 22:00:00,30265.7,30274.1,30265.7,30273.0,10.738,325049.2166
2023-07-15 22:01:00,30273.0,30273.0,30258.7,30262.8,114.544,3467035.2608
2023-07-15 22:02:00,30262.8,30262.9,30254.4,30254.4,20.352,615820.2763
2023-07-15 22:03:00,30254.4,30254.5,30254.4,30254.4,6.823,206426.1273
2023-07-15 22:04:00,30254.4,30254.5,30237.9,30242.5,34.091,1031088.8027
2023-07-15 22:05:00,30242.5,30249.9,30242.3,30242.4,27.422,829415.2022
2023-07-15 22:06:00,30242.4,30252.1,30242.3,30250.0,18.676,564896.1746
2023-07-15 22:07:00,30250.0,30259.5,30250.0,30259.0,15.241,461121.4345
2023-07-15 22:08:00,30259.0,30259.9,30259.0,30259.9,8.507,257416.7082
2023-07-15 22:09:00,30259.9,30259.9,30259.8,30259.8,4.836,146336.466
2023-07-15 22:10:00,30259.8,30259.9,30259.4,30259.5,5.838,176655.7855
2023-07-15 22:11:00,30259.5,30259.9,30259.4,30259.8,11.02,333459.3696
2023-07-15 22:12:00,30259.8,30259.9,30259.8,30259.9,3.807,115199.2749
2023-07-15 22:13:00,30259.9,30269.5,30259.0,30264.9,14.902,451003.5804
2023-07-15 22:14:00,30264.9,30269.9,30264.8,30269.8,21.721,657474.2649
2023-07-15 22:15:00,30269.8,30277.3,30262.6,30262.6,24.558,743485.2032
2023-07-15 22:16:00,30262.6,30263.1,30257.0,30260.0,9.046,273727.3913
2023-07-15 22:17:00,30260.0,30260.1,30250.9,30251.0,7.6,229924.7013
2023-07-15 22:18:00,30251.0,30254.0,30250.0,30250.2,6.561,198471.903
2023-07-15 22:19:00,30250.2,30250.2,30245.0,30249.7,32.396,979946.5446
2023-07-15 22:20:00,30249.7,30260.0,30249.7,30260.0,13.996,423494.4225
2023-07-15 22:21:00,30260.0,30260.0,30259.9,30259.9,0.644,19487.426
2023-07-15 22:22:00,30259.9,30260.0,30258.8,30258.8,7.052,213391.9581
2023-07-15 22:23:00,30258.8,30270.6,30258.7,30270.6,40.047,1211906.9808
2023-07-15 22:24:00,30270.6,30270.6,30269.4,30269.4,2.08,62962.0129
2023-07-15 22:25:00,30269.4,30269.5,30269.4,30269.4,17.803,538887.7423
2023-07-15 22:26:00,30269.4,30269.5,30265.6,30265.6,12.791,387167.5015
2023-07-15 22:27:00,30265.6,30265.7,30265.6,30265.6,3.033,91795.7112
2023-07-15 22:28:00,30265.6,30265.7,30260.5,30260.6,7.616,230473.8426
2023-07-15 22:29:00,30260.6,30260.6,30260.5,30260.6,1.694,51261.4181
2023-07-15 22:30:00,30260.6,30267.1,30260.5,30267.1,10.098,305612.6649
2023-07-15 22:31:00,30267.1,30268.0,30267.0,30267.9,3.229,97732.8341
2023-07-15 22:32:00,30267.9,30270.0,30267.9,30270.0,5.083,153860.6781
2023-07-15 22:33:00,30270.0,30270.1,30269.9,30270.1,7.618,230596.2593
2023-07-15 22:34:00,30270.1,30277.5,30270.0,30277.5,11.716,354704.0599
2023-07-15 22:35:00,30277.5,30277.5,30277.4,30277.5,6.747,204282.2107
2023-07-15 22:36:00,30277.5,30277.5,30277.4,30277.5,4.889,148026.6944
2023-07-15 22:37:00,30277.5,30278.0,30277.4,30277.5,15.999,484414.6967
2023-07-15 22:38:00,30277.5,30277.5,30272.8,30272.8,7.021,212558.0276
2023-07-15 22:39:00,30272.8,30272.9,30268.8,30268.8,6.378,193067.936
2023-07-15 22:40:00,30268.8,30268.9,30268.8,30268.8,6.731,203739.5589
2023-07-15 22:41:00,30268.8,30268.9,30268.8,30268.8,2.012,60900.8786
2023-07-15 22:42:00,30268.8,30268.9,30268.8,30268.9,1.178,35656.7365
2023-07-15 22:43:00,30268.9,30269.9,30268.8,30269.9,3.194,96679.2482
2023-07-15 22:44:00,30269.9,30270.2,30269.8,30270.1,8.0,242159.3373
2023-07-15 22:45:00,30270.1,30280.8,30270.1,30280.8,19.853,601108.5925
2023-07-15 22:46:00,30280.8,30284.0,30280.7,30284.0,10.352,313489.3443
2023-07-15 22:47:00,30284.0,30289.2,30284.0,30289.1,30.513,924135.7819
2023-07-15 22:48:00,30289.1,30289.2,30289.1,30289.2,16.654,504436.0695
2023-07-15 22:49:00,30289.2,30289.2,30289.1,30289.2,3.845,116461.8895
2023-07-15 22:50:00,30289.2,30289.2,30289.1,30289.2,3.253,98530.6878
2023-07-15 22:51:00,30289.2,30289.2,30289.1,30289.1,4.756,144055.2735
2023-07-15 22:52:00,30289.1,30289.2,30289.1,30289.2,1.174,35559.4566
2023-07-15 22:53:00,30289.2,30289.3,30289.1,30289.3,1.434,43434.7811
2023-07-15 22:54:00,30289.3,30289.5,30289.2,30289.5,1.124,34045.2185
2023-07-15 22:55:00,30289.5,30292.0,30289.4,30292.0,10.256,310657.9566
2023-07-15 22:56:00,30292.0,30294.6,30291.9,30294.6,5.875,177978.7659
2023-07-15 22:57:00,30294.6,30294.6,30294.5,30294.6,5.994,181585.273
2023-07-15 22:58:00,30294.6,30294.6,30294.5,30294.6,3.726,112877.6077
2023-07-15 22:59:00,30294.6,30294.6,30294.5,30294.6,5.256,159228.1895
2023-07-15 23:00:00,30294.6,30294.6,30294.5,30294.5,2.21,66951.0423
2023-07-15 23:01:00,30294.5,30294.6,30286.3,30286.4,15.303,463557.2779
2023-07-15 23:02:00,30286.4,30289.2,30286.3,30289.2,17.455,528682.5526
2023-07-15 23:03:00,30289.2,30289.2,30289.1,30289.2,1.234,37376.792
2023-07-15 23:04:00,30289.2,30289.2,30287.7,30287.7,2.197,66545.2628
2023-07-15 23:05:00,30287.7,30287.7,30287.6,30287.6,2.199,66602.4572
2023-07-15 23:06:00,30287.6,30287.7,30287.6,30287.7,0.811,24563.2911
2023-07-15 23:07:00,30287.7,30293.0,30287.6,30293.0,5.981,181159.9827
2023-07-15 23:08:00,30293.0,30295.0,30292.9,30295.0,3.569,108119.9134
2023-07-15 23:09:00,30295.0,30295.0,30294.9,30294.9,3.174,96156.304
2023-07-15 23:10:00,30294.9,30295.0,30286.8,30286.8,50.719,1536512.8709
2023-07-15 23:11:00,30286.8,30286.9,30286.6,30286.7,1.671,50609.078
2023-07-15 23:12:00,30286.7,30286.7,30286.6,30286.6,3.518,106548.3559
2023-07-15 23:13:00,30286.6,30286.7,30286.6,30286.7,1.692,51244.9602
2023-07-15 23:14:00,30286.7,30286.7,30285.3,30285.3,10.733,325059.6639
2023-07-15 23:15:00,30285.3,30285.4,30282.8,30282.9,6.785,205481.4827
2023-07-15 23:16:00,30282.9,30282.9,30276.7,30276.7,12.243,370700.3885
2023-07-15 23:17:00,30276.7,30276.7,30273.9,30274.0,1.275,38600.5978
2023-07-15 23:18:00,30274.0,30274.0,30269.1,30269.2,4.972,150506.894
2023-07-15 23:19:00,30269.2,30269.2,30256.0,30256.1,30.082,910319.8957
2023-07-15 23:20:00,30256.1,30256.1,30244.0,30252.0,39.088,1182342.84
2023-07-15 23:21:00,30252.0,30259.9,30251.9,30259.9,4.766,144193.2901
2023-07-15 23:22:00,30259.9,30260.0,30259.8,30260.0,4.529,137047.1633
2023-07-15 23:23:00,30260.0,30269.2,30260.0,30269.2,4.066,123052.7485
2023-07-15 23:24:00,30269.2,30269.2,30269.1,30269.2,2.128,64412.7654
2023-07-15 23:25:00,30269.2,30269.2,30269.1,30269.1,3.109,94106.7124
2023-07-15 23:26:00,30269.1,30269.2,30265.3,30265.4,2.483,75157.1895
2023-07-15 23:27:00,30265.4,30265.4,30265.3,30265.3,0.476,14406.2875
2023-07-15 23:28:00,30265.3,30265.4,30265.3,30265.3,7.386,223540.1258
2023-07-15 23:29:00,30265.3,30268.0,30265.3,30267.9,3.631,109896.3269
2023-07-15 23:30:00,30267.9,30276.3,30267.9,30276.3,9.185,278047.9497
2023-07-15 23:31:00,30276.3,30277.6,30276.2,30277.6,1.669,50531.3421
2023-07-15 23:32:00,30277.6,30280.0,30277.5,30280.0,1.129,34185.2711
2023-07-15 23:33:00,30280.0,30280.0,30272.8,30280.0,18.298,553998.2651
2023-07-15 23:34:00,30280.0,30280.0,30279.9,30280.0,4.964,150309.8587
2023-07-15 23:35:00,30280.0,30281.7,30280.0,30281.6,4.2,127181.6474
2023-07-15 23:36:00,30281.6,30281.7,30281.1,30281.2,1.812,54869.9154
2023-07-15 23:37:00,30281.2,30281.2,30280.3,30280.3,1.22,36942.9725
2023-07-15 23:38:00,30280.3,30286.1,30280.2,30284.5,2.415,73133.2622
2023-07-15 23:39:00,30284.5,30284.6,30284.5,30284.6,0.345,10448.167
2023-07-15 23:40:00,30284.6,30284.6,30284.5,30284.6,0.702,21259.7805
2023-07-15 23:41:00,30284.6,30284.6,30284.5,30284.6,3.678,111386.4139
2023-07-15 23:42:00,30284.6,30284.6,30282.8,30282.8,3.406,103146.776
2023-07-15 23:43:00,30282.8,30282.8,30282.3,30282.3,1.334,40396.9531
2023-07-15 23:44:00,30282.3,30282.4,30282.3,30282.4,2.004,60685.7828
2023-07-15 23:45:00,30282.4,30282.4,30282.3,30282.4,9.147,276993.06
2023-07-15 23:46:00,30282.4,30282.4,30282.3,30282.3,2.833,85789.9207
2023-07-15 23:47:00,30282.3,30282.4,30278.3,30278.3,4.231,128118.6456
2023-07-15 23:48:00,30278.3,30278.4,30278.3,30278.4,7.34,222243.3609
2023-07-15 23:49:00,30278.4,30278.4,30278.3,30278.3,0.182,5510.6647
2023-07-15 23:50:00,30278.3,30278.4,30278.3,30278.4,4.056,122809.1132
2023-07-15 23:51:00,30278.4,30278.4,30278.3,30278.4,2.391,72395.4242
2023-07-15 23:52:00,30278.4,30278.4,30278.3,30278.3,0.464,14049.1697
2023-07-15 23:53:00,30278.3,30278.4,30278.3,30278.3,0.761,23041.8299
2023-07-15 23:54:00,30278.3,30278.4,30278.3,30278.4,1.26,38150.6989
2023-07-15 23:55:00,30278.4,30278.4,30278.3,30278.4,0.613,18560.6434
2023-07-15 23:56:00,30278.4,30278.4,30278.3,30278.4,0.923,27946.9489
2023-07-15 23:57:00,30278.4,30278.4,30278.3,30278.3,0.32,9689.072
2023-07-15 23:58:00,30278.3,30290.0,30278.3,30290.0,29.379,889609.2662
2023-07-15 23:59:00,30290.0,30290.0,30289.9,30290.0,2.172,65789.8084
2023-07-16 00:00:00,30290.0,30290.0,30289.9,30290.0,2.654,80389.6305
2023-07-16 00:01:00,30290.0,30300.0,30289.9,30300.0,17.729,537118.8438
2023-07-16 00:02:00,30300.0,30320.0,30300.0,30320.0,67.694,2052012.8976
2023-07-16 00:03:00,30320.0,30320.0,30315.8,30315.9,15.803,479126.5541
2023-07-16 00:04:00,30315.9,30315.9,30315.8,30315.8,15.924,482749.9933
2023-07-16 00:05:00,30315.8,30320.7,30315.8,30320.7,19.805,600464.7648
2023-07-16 00:06:00,30320.7,30325.0,30320.7,30324.9,14.562,441573.1072
2023-07-16 00:07:00,30324.9,30338.0,30324.9,30329.2,136.831,4150476.4895
2023-07-16 00:08:00,30329.2,30332.0,30324.0,30332.0,17.903,542947.8884
2023-07-16 00:09:00,30332.0,30337.8,30331.9,30337.7,12.136,368166.9472
2023-07-16 00:10:00,30337.7,30337.8,30318.5,30318.5,33.247,1008250.2771
2023-07-16 00:11:00,30318.5,30319.3,30317.0,30319.3,13.357,404958.3014
2023-07-16 00:12:00,30319.3,30319.3,30317.6,30317.7,5.39,163416.6723
2023-07-16 00:13:00,30317.7,30317.7,30317.1,30317.2,9.62,291651.5146
2023-07-16 00:14:00,30317.2,30317.2,30317.1,30317.1,2.772,84039.0718
2023-07-16 00:15:00,30317.1,30320.0,30317.1,30319.9,7.909,239780.663
2023-07-16 00:16:00,30319.9,30335.4,30319.9,30331.8,70.349,2133392.5407
2023-07-16 00:17:00,30331.8,30331.9,30331.8,30331.9,7.776,235860.7875
2023-07-16 00:18:00,30331.9,30331.9,30326.4,30327.3,17.018,516133.2077
2023-07-16 00:19:00,30327.3,30327.4,30327.0,30327.0,3.63,110087.4644
2023-07-16 00:20:00,30327.0,30327.1,30317.6,30317.6,9.501,288127.7493
2023-07-16 00:21:00,30317.6,30317.7,30317.0,30317.7,6.026,182693.823
2023-07-16 00:22:00,30317.7,30317.7,30317.6,30317.7,3.194,96834.5365
2023-07-16 00:23:00,30317.7,30317.7,30317.6,30317.6,1.428,43293.6174
2023-07-16 00:24:00,30317.6,30317.7,30315.1,30315.1,5.341,161922.7538
2023-07-16 00:25:00,30315.1,30315.1,30296.4,30296.5,36.157,1095879.3373
2023-07-16 00:26:00,30296.5,30296.5,30295.4,30295.5,18.696,566420.2279
2023-07-16 00:27:00,30295.5,30306.8,30295.5,30306.8,13.302,403055.6187
2023-07-16 00:28:00,30306.8,30306.8,30306.7,30306.8,1.898,57522.2849
2023-07-16 00:29:00,30306.8,30306.8,30303.8,30303.8,9.572,290090.1307
2023-07-16 00:30:00,30303.8,30303.8,30302.3,30302.3,23.225,703791.2123
2023-07-16 00:31:00,30302.3,30302.3,30297.6,30300.1,20.681,626617.3344
2023-07-16 00:32:00,30300.1,30306.8,30300.0,30306.7,7.516,227765.129
2023-07-16 00:33:00,30306.7,30310.3,30306.7,30310.3,11.633,352588.102
2023-07-16 00:34:00,30310.3,30310.3,30310.2,30310.3,1.526,46253.5092
2023-07-16 00:35:00,30310.3,30310.3,30310.2,30310.2,3.647,110541.6321
2023-07-16 00:36:00,30310.2,30310.3,30310.2,30310.2,3.615,109571.6057
2023-07-16 00:37:00,30310.2,30310.3,30310.2,30310.3,1.384,41949.4457
2023-07-16 00:38:00,30310.3,30320.5,30310.2,30320.5,18.656,565539.4702
2023-07-16 00:39:00,30320.5,30324.3,30320.4,30324.3,3.758,113953.4833
2023-07-16 00:40:00,30324.3,30324.3,30322.4,30322.4,3.898,118200.5959
2023-07-16 00:41:00,30322.4,30325.5,30322.4,30325.4,6.037,183070.2124
2023-07-16 00:42:00,30325.4,30327.3,30325.4,30327.3,5.937,180046.6014
2023-07-16 00:43:00,30327.3,30327.3,30327.2,30327.3,1.573,47704.7635
2023-07-16 00:44:00,30327.3,30327.3,30327.2,30327.3,8.192,248440.8098
2023-07-16 00:45:00,30327.3,30331.8,30327.2,30331.7,28.11,852518.2066
2023-07-16 00:46:00,30331.7,30331.8,30331.7,30331.8,1.926,58418.937
2023-07-16 00:47:00,30331.8,30331.8,30322.7,30322.7,14.695,445683.4682
2023-07-16 00:48:00,30322.7,30324.0,30313.1,30324.0,9.162,277786.9199
2023-07-16 00:49:00,30324.0,30324.0,30321.6,30321.6,3.102,94059.3716
2023-07-16 00:50:00,30321.6,30321.7,30320.5,30320.5,5.095,154486.1967
2023-07-16 00:51:00,30320.5,30327.6,30320.5,30327.6,12.659,383885.4378
2023-07-16 00:52:00,30327.6,30327.6,30327.5,30327.6,4.272,129559.4511
2023-07-16 00:53:00,30327.6,30327.6,30327.5,30327.5,10.531,319379.9185
2023-07-16 00:54:00,30327.5,30327.6,30326.3,30326.4,4.722,143206.1374
2023-07-16 00:55:00,30326.4,30326.4,30326.3,30326.4,2.152,65262.3784
2023-07-16 00:56:00,30326.4,30326.4,30321.9,30321.9,2.338,70900.0522
2023-07-16 00:57:00,30321.9,30328.0,30321.9,30328.0,4.349,131872.2658
2023-07-16 00:58:00,30328.0,30328.0,30327.9,30328.0,1.738,52710.028
2023-07-16 00:59:00,30328.0,30331.0,30327.9,30331.0,40.066,1215153.1435
2023-07-16 01:00:00,30331.0,30331.0,30330.9,30331.0,8.569,259905.8638
2023-07-16 01:01:00,30331.0,30331.0,30324.1,30324.1,17.682,536284.9811
2023-07-16 01:02:00,30324.1,30324.2,30316.5,30316.5,9.326,282776.2215
2023-07-16 01:03:00,30316.5,30316.6,30314.6,30314.6,3.915,118683.9673
2023-07-16 01:04:00,30314.6,30314.7,30314.6,30314.6,6.717,203623.6898
2023-07-16 01:05:00,30314.6,30314.7,30314.6,30314.7,6.848,207594.9562
2023-07-16 01:06:00,30314.7,30314.7,30314.6,30314.6,10.536,319394.7321
2023-07-16 01:07:00,30314.6,30314.7,30314.6,30314.6,9.162,277742.523
2023-07-16 01:08:00,30314.6,30314.7,30314.6,30314.6,1.164,35286.2702
2023-07-16 01:09:00,30314.6,30314.7,30314.6,30314.7,0.916,27768.1854
2023-07-16 01:10:00,30314.7,30314.7,30314.6,30314.7,0.741,22463.1343
2023-07-16 01:11:00,30314.7,30314.7,30314.6,30314.6,1.669,50595.1391
2023-07-16 01:12:00,30314.6,30314.7,30314.6,30314.7,0.61,18491.9301
2023-07-16 01:13:00,30314.7,30314.7,30314.6,30314.7,1.511,45805.4503
2023-07-16 01:14:00,30314.7,30314.7,30314.6,30314.6,2.202,66752.783
2023-07-16 01:15:00,30314.6,30314.7,30314.6,30314.7,1.503,45562.9031
2023-07-16 01:16:00,30314.7,30314.7,30313.5,30313.5,2.681,81271.3493
2023-07-16 01:17:00,30313.5,30313.6,30310.0,30310.1,8.592,260441.1923
2023-07-16 01:18:00,30310.1,30310.1,30310.0,30310.1,4.039,122422.3374
2023-07-16 01:19:00,30310.1,30310.1,30310.0,30310.1,4.158,126029.295
2023-07-16 01:20:00,30310.1,30310.1,30310.0,30310.1,1.328,40251.7389
2023-07-16 01:21:00,30310.1,30314.3,30310.0,30314.3,8.488,257273.1014
2023-07-16 01:22:00,30314.3,30314.3,30314.2,30314.3,0.388,11761.9254
2023-07-16 01:23:00,30314.3,30314.3,30312.5,30312.6,2.082,63112.6198
2023-07-16 01:24:00,30312.6,30330.3,30312.5,30322.6,229.503,6958222.8862
2023-07-16 01:25:00,30322.6,30322.6,30322.5,30322.5,9.063,274813.5379
2023-07-16 01:26:00,30322.5,30322.6,30322.5,30322.6,5.276,159981.5331
2023-07-16 01:27:00,30322.6,30322.6,30316.0,30316.1,4.235,128407.716
2023-07-16 01:28:00,30316.1,30316.1,30316.0,30316.1,3.235,98072.4173
2023-07-16 01:29:00,30316.1,30316.1,30308.8,30308.8,44.766,1356968.23
2023-07-16 01:30:00,30308.8,30308.9,30300.2,30300.3,34.547,1046898.7442
2023-07-16 01:31:00,30300.3,30300.3,30300.0,30300.1,32.288,978332.7623
2023-07-16 01:32:00,30300.1,30300.1,30300.0,30300.0,23.503,712141.7064
2023-07-16 01:33:00,30300.0,30300.1,30300.0,30300.0,7.315,221644.5118
2023-07-16 01:34:00,30300.0,30300.1,30300.0,30300.1,4.231,128199.4883
2023-07-16 01:35:00,30300.1,30300.1,30300.0,30300.0,9.105,275881.6967
2023-07-16 01:36:00,30300.0,30300.1,30288.8,30288.9,62.627,1897408.4833
2023-07-16 01:37:00,30288.9,30288.9,30287.1,30287.1,15.352,464980.3501
2023-07-16 01:38:00,30287.1,30287.1,30280.0,30280.0,9.894,299618.5037
2023-07-16 01:39:00,30280.0,30280.1,30280.0,30280.1,3.157,95594.2021
2023-07-16 01:40:00,30280.1,30293.8,30280.0,30293.8,18.704,566446.9808
2023-07-16 01:41:00,30293.8,30293.8,30293.7,30293.8,4.62,139957.0501
2023-07-16 01:42:00,30293.8,30293.8,30293.7,30293.7,2.067,62617.1824
2023-07-16 01:43:00,30293.7,30293.8,30293.7,30293.7,5.314,160981.1543
2023-07-16 01:44:00,30293.7,30293.8,30293.7,30293.7,0.985,29839.3811
2023-07-16 01:45:00,30293.7,30295.3,30293.7,30295.3,8.14,246595.8412
2023-07-16 01:46:00,30295.3,30307.5,30295.2,30307.5,26.835,813128.5955
2023-07-16 01:47:00,30307.5,30307.5,30301.4,30301.5,6.812,206447.1024
2023-07-16 01:48:00,30301.5,30301.5,30299.6,30299.6,1.95,59086.9074
2023-07-16 01:49:00,30299.6,30299.7,30294.9,30295.0,14.559,441066.6251
2023-07-16 01:50:00,30295.0,30295.0,30294.9,30294.9,1.097,33233.5906
2023-07-16 01:51:00,30294.9,30295.0,30294.9,30295.0,0.462,13996.2886
2023-07-16 01:52:00,30295.0,30295.0,30294.7,30294.8,7.485,226756.1497
2023-07-16 01:53:00,30294.8,30294.8,30294.7,30294.8,2.753,83401.3199
2023-07-16 01:54:00,30294.8,30294.8,30294.7,30294.8,0.082,2484.1677
2023-07-16 01:55:00,30294.8,30294.8,30294.7,30294.8,3.037,92005.054
2023-07-16 01:56:00,30294.8,30294.8,30294.7,30294.7,4.736,143475.981
2023-07-16 01:57:00,30294.7,30294.8,30294.7,30294.8,0.095,2878.006
2023-07-16 01:58:00,30294.8,30294.8,30294.7,30294.7,4.102,124268.9387
2023-07-16 01:59:00,30294.7,30294.8,30294.7,30294.7,16.24,491986.0668
2023-07-16 02:00:00,30294.7,30294.7,30279.3,30279.3,49.441,1497613.0918
2023-07-16 02:01:00,30279.3,30279.4,30279.3,30279.4,7.413,224460.9306
2023-07-16 02:02:00,30279.4,30279.4,30279.1,30279.1,10.475,317175.0161
2023-07-16 02:03:00,30279.1,30279.1,30278.1,30278.2,6.597,199746.9991
2023-07-16 02:04:00,30278.2,30278.2,30277.7,30277.7,4.892,148119.6475
2023-07-16 02:05:00,30277.7,30282.7,30277.7,30282.6,12.243,370692.656
2023-07-16 02:06:00,30282.6,30283.0,30282.6,30282.9,4.792,145115.117
2023-07-16 02:07:00,30282.9,30284.7,30282.9,30284.7,2.462,74560.3239
2023-07-16 02:08:00,30284.7,30284.7,30284.6,30284.6,3.307,100151.2284
2023-07-16 02:09:00,30284.6,30291.2,30284.6,30291.2,34.974,1059319.8054
2023-07-16 02:10:00,30291.2,30291.2,30291.1,30291.2,4.537,137430.9635
2023-07-16 02:11:00,30291.2,30297.9,30291.1,30297.6,12.369,374702.8443
2023-07-16 02:12:00,30297.6,30297.6,30292.0,30292.0,12.327,373446.7635
2023-07-16 02:13:00,30292.0,30292.0,30288.1,30288.1,25.305,766500.8149
2023-07-16 02:14:00,30288.1,30288.2,30288.1,30288.2,1.977,59879.6124
2023-07-16 02:15:00,30288.2,30288.2,30288.1,30288.1,5.265,159466.8871
2023-07-16 02:16:00,30288.1,30288.9,30288.1,30288.9,12.059,365246.0238
2023-07-16 02:17:00,30288.9,30288.9,30288.8,30288.9,3.233,97923.8131
2023-07-16 02:18:00,30288.9,30288.9,30288.8,30288.9,1.172,35498.5828
2023-07-16 02:19:00,30288.9,30289.5,30288.9,30289.4,1.586,48038.6341
2023-07-16 02:20:00,30289.4,30290.1,30289.4,30290.1,3.279,99320.765
2023-07-16 02:21:00,30290.1,30290.1,30290.0,30290.1,0.769,23293.0666
2023-07-16 02:22:00,30290.1,30290.1,30290.0,30290.1,0.567,17174.4793
2023-07-16 02:23:00,30290.1,30290.1,30290.0,30290.1,1.086,32895.0364
2023-07-16 02:24:00,30290.1,30290.1,30290.1,30290.1,0.215,6512.3715
2023-07-16 02:25:00,30290.1,30290.2,30290.0,30290.2,20.788,629668.5595
2023-07-16 02:26:00,30290.2,30290.2,30290.1,30290.1,1.448,43860.1099
2023-07-16 02:27:00,30290.1,30290.2,30290.1,30290.2,0.082,2483.7955
2023-07-16 02:28:00,30290.2,30290.2,30290.0,30290.1,5.631,170563.4345
2023-07-16 02:29:00,30290.1,30290.1,30287.8,30287.8,3.614,109463.8816
2023-07-16 02:30:00,30287.8,30287.9,30281.1,30281.2,14.096,426870.0319
2023-07-16 02:31:00,30281.2,30281.2,30281.1,30281.2,1.303,39456.3987
2023-07-16 02:32:00,30281.2,30281.2,30281.1,30281.2,1.473,44604.0817
2023-07-16 02:33:00,30281.2,30281.8,30281.1,30281.8,0.953,28858.4284
2023-07-16 02:34:00,30281.8,30281.8,30281.7,30281.8,5.437,164641.688
2023-07-16 02:35:00,30281.8,30281.8,30281.7,30281.8,3.752,113617.2794
2023-07-16 02:36:00,30281.8,30281.8,30281.7,30281.7,1.968,59594.4194
2023-07-16 02:37:00,30281.7,30281.8,30277.3,30277.3,2.867,86809.9944
2023-07-16 02:38:00,30277.3,30277.4,30277.3,30277.3,15.862,480260.1097
2023-07-16 02:39:00,30277.3,30277.3,30276.0,30276.1,25.545,773424.1043
2023-07-16 02:40:00,30276.1,30276.1,30276.0,30276.1,5.116,154892.2122
2023-07-16 02:41:00,30276.1,30276.1,30276.0,30276.0,7.82,236758.425
2023-07-16 02:42:00,30276.0,30276.1,30276.0,30276.1,4.516,136726.55
2023-07-16 02:43:00,30276.1,30276.1,30276.0,30276.0,1.901,57554.7686
2023-07-16 02:44:00,30276.0,30276.1,30268.0,30268.0,26.47,801336.8163
2023-07-16 02:45:00,30268.0,30271.1,30268.0,30271.1,28.773,870909.1227
2023-07-16 02:46:00,30271.1,30275.2,30271.0,30275.1,20.011,605793.1465
2023-07-16 02:47:00,30275.1,30275.2,30268.0,30268.0,14.208,430117.7041
2023-07-16 02:48:00,30268.0,30268.1,30268.0,30268.1,5.183,156879.1063
2023-07-16 02:49:00,30268.1,30268.1,30267.3,30267.4,4.086,123673.7988
2023-07-16 02:50:00,30267.4,30267.4,30267.3,30267.4,1.711,51787.5126
2023-07-16 02:51:00,30267.4,30267.4,30267.3,30267.4,1.652,50001.5903
2023-07-16 02:52:00,30267.4,30267.4,30267.3,30267.3,5.166,156361.1849
2023-07-16 02:53:00,30267.3,30273.2,30267.3,30273.2,21.337,645819.8068
2023-07-16 02:54:00,30273.2,30273.2,30273.1,30273.2,0.529,16014.521
2023-07-16 02:55:00,30273.2,30276.1,30273.1,30276.1,7.883,238648.1689
2023-07-16 02:56:00,30276.1,30276.1,30276.0,30276.1,1.277,38662.5562
2023-07-16 02:57:00,30276.1,30281.6,30276.0,30281.6,20.567,622739.754
2023-07-16 02:58:00,30281.6,30281.6,30281.5,30281.5,1.501,45452.5794
2023-07-16 02:59:00,30281.5,30281.6,30281.5,30281.5,4.174,126395.2848
2023-07-16 03:00:00,30281.5,30281.6,30281.5,30281.5,0.459,13899.2423
2023-07-16 03:01:00,30281.5,30281.6,30281.5,30281.5,2.388,72312.4243
2023-07-16 03:02:00,30281.5,30281.6,30281.5,30281.5,1.726,52266.04
2023-07-16 03:03:00,30281.5,30281.6,30281.5,30281.6,10.028,303663.8807
2023-07-16 03:04:00,30281.6,30281.6,30281.5,30281.6,0.623,18865.4239
2023-07-16 03:05:00,30281.6,30281.6,30281.5,30281.6,0.29,8781.6477
2023-07-16 03:06:00,30281.6,30281.6,30281.5,30281.5,2.896,87695.4251
2023-07-16 03:07:00,30281.5,30281.6,30281.5,30281.6,0.137,4148.5661
2023-07-16 03:08:00,30281.6,30281.6,30281.5,30281.6,1.583,47935.7668
2023-07-16 03:09:00,30281.6,30281.7,30281.5,30281.7,6.996,211850.1118
2023-07-16 03:10:00,30281.7,30281.7,30281.6,30281.7,12.658,383304.5514
2023-07-16 03:11:00,30281.7,30281.7,30281.6,30281.6,2.465,74644.3282
2023-07-16 03:12:00,30281.6,30281.7,30281.6,30281.6,1.178,35671.7628
2023-07-16 03:13:00,30281.6,30281.8,30281.6,30281.8,2.73,82669.0993
2023-07-16 03:14:00,30281.8,30286.8,30281.8,30286.8,15.198,460225.775
2023-07-16 03:15:00,30286.8,30287.5,30286.7,30287.5,1.61,48762.2273
2023-07-16 03:16:00,30287.5,30287.5,30287.4,30287.4,0.867,26259.2427
2023-07-16 03:17:00,30287.4,30287.5,30287.4,30287.4,1.675,50731.5398
2023-07-16 03:18:00,30287.4,30287.5,30287.4,30287.5,0.631,19111.3667
2023-07-16 03:19:00,30287.5,30287.5,30287.4,30287.5,0.207,6269.4924
2023-07-16 03:20:00,30287.5,30287.5,30287.4,30287.5,0.442,13387.065
2023-07-16 03:21:00,30287.5,30287.5,30287.4,30287.5,0.718,21746.4
2023-07-16 03:22:00,30287.5,30287.5,30287.4,30287.5,9.905,299996.7922
2023-07-16 03:23:00,30287.5,30287.5,30287.4,30287.4,1.5,45431.189
2023-07-16 03:24:00,30287.4,30287.5,30287.4,30287.4,3.126,94678.4161
2023-07-16 03:25:00,30287.4,30287.5,30287.4,30287.5,14.37,435229.9571
2023-07-16 03:26:00,30287.5,30287.5,30287.4,30287.4,1.226,37132.407
2023-07-16 03:27:00,30287.4,30287.5,30287.4,30287.5,0.833,25229.4304
2023-07-16 03:28:00,30287.5,30287.5,30287.4,30287.5,0.542,16415.7946
2023-07-16 03:29:00,30287.5,30287.5,30287.4,30287.5,0.056,1696.0998
2023-07-16 03:30:00,30287.5,30287.5,30280.0,30280.0,20.362,616657.053
2023-07-16 03:31:00,30280.0,30287.5,30280.0,30286.7,8.853,268081.8928
2023-07-16 03:32:00,30286.7,30286.7,30276.3,30280.0,29.151,882747.433
2023-07-16 03:33:00,30280.0,30280.0,30276.0,30276.1,5.722,173246.6587
2023-07-16 03:34:00,30276.1,30276.1,30264.8,30264.9,98.865,2992521.2478
2023-07-16 03:35:00,30264.9,30275.5,30264.8,30275.4,110.989,3359226.697
2023-07-16 03:36:00,30275.4,30275.5,30275.4,30275.5,6.597,199726.9494
2023-07-16 03:37:00,30275.5,30276.7,30275.4,30276.7,17.477,529137.3753
2023-07-16 03:38:00,30276.7,30276.7,30276.6,30276.7,0.856,25916.8504
2023-07-16 03:39:00,30276.7,30276.7,30276.6,30276.7,11.659,352996.0025
2023-07-16 03:40:00,30276.7,30276.7,30276.6,30276.7,1.275,38602.7314
2023-07-16 03:41:00,30276.7,30276.7,30276.7,30276.7,0.013,393.5971
2023-07-16 03:42:00,30276.7,30276.7,30276.6,30276.7,1.041,31517.9775
2023-07-16 03:43:00,30276.7,30276.7,30276.6,30276.7,1.483,44900.2446
2023-07-16 03:44:00,30276.7,30276.7,30269.4,30269.4,22.485,680713.2439
2023-07-16 03:45:00,30269.4,30269.5,30269.4,30269.4,3.985,120623.7157
2023-07-16 03:46:00,30269.4,30269.5,30269.4,30269.4,8.863,268278.3408
2023-07-16 03:47:00,30269.4,30269.5,30269.4,30269.5,2.711,82060.4093
2023-07-16 03:48:00,30269.5,30269.5,30269.4,30269.5,13.244,400889.2013
2023-07-16 03:49:00,30269.5,30269.5,30269.4,30269.5,5.818,176107.8745
2023-07-16 03:50:00,30269.5,30270.9,30269.5,30270.8,30.711,929620.3969
2023-07-16 03:51:00,30270.8,30270.9,30270.8,30270.9,3.794,114847.6386
2023-07-16 03:52:00,30270.9,30270.9,30270.8,30270.9,5.158,156137.0664
2023-07-16 03:53:00,30270.9,30270.9,30270.8,30270.9,2.083,63054.1984
2023-07-16 03:54:00,30270.9,30282.0,30270.8,30281.9,92.463,2799044.8521
2023-07-16 03:55:00,30281.9,30286.5,30281.9,30286.5,5.103,154531.211
2023-07-16 03:56:00,30286.5,30291.1,30286.4,30291.0,12.646,383034.3502
2023-07-16 03:57:00,30291.0,30291.1,30291.0,30291.0,2.441,73940.5329
2023-07-16 03:58:00,30291.0,30291.1,30291.0,30291.1,0.901,27292.2454
2023-07-16 03:59:00,30291.1,30291.1,30291.0,30291.0,1.12,33926.0098
2023-07-16 04:00:00,30291.0,30291.1,30285.0,30286.7,16.328,494556.9469
2023-07-16 04:01:00,30286.7,30293.7,30286.7,30293.7,6.023,182447.6476
2023-07-16 04:02:00,30293.7,30293.7,30293.6,30293.6,3.827,115933.9772
2023-07-16 04:03:00,30293.6,30293.7,30293.6,30293.7,0.759,22992.8968
2023-07-16 04:04:00,30293.7,30299.9,30293.6,30295.2,31.553,955916.9201
2023-07-16 04:05:00,30295.2,30295.3,30283.7,30283.7,25.59,775203.6095
2023-07-16 04:06:00,30283.7,30283.7,30275.1,30275.2,13.94,422096.474
2023-07-16 04:07:00,30275.2,30275.2,30256.7,30256.7,52.607,1592157.8492
2023-07-16 04:08:00,30256.7,30264.0,30256.7,30264.0,24.661,746217.5125
2023-07-16 04:09:00,30264.0,30264.0,30258.8,30262.7,24.358,737069.6892
2023-07-16 04:10:00,30262.7,30262.7,30258.0,30258.1,5.181,156786.5082
2023-07-16 04:11:00,30258.1,30269.1,30258.0,30269.1,5.45,164942.6169
2023-07-16 04:12:00,30269.1,30269.1,30269.0,30269.1,1.489,45070.5741
2023-07-16 04:13:00,30269.1,30269.1,30269.0,30269.0,2.165,65532.4815
2023-07-16 04:14:00,30269.0,30269.1,30269.0,30269.1,5.04,152555.8228
2023-07-16 04:15:00,30269.1,30269.1,30269.0,30269.0,5.779,174924.5717
2023-07-16 04:16:00,30269.0,30269.1,30269.0,30269.1,0.058,1755.6058
2023-07-16 04:17:00,30269.1,30269.1,30264.0,30264.0,5.717,173033.0766
2023-07-16 04:18:00,30264.0,30264.1,30259.2,30261.9,55.315,1673962.6038
2023-07-16 04:19:00,30261.9,30268.1,30261.8,30266.4,23.372,707379.4003
2023-07-16 04:20:00,30266.4,30272.2,30266.3,30272.1,25.417,769405.5514
2023-07-16 04:21:00,30272.1,30272.2,30272.1,30272.1,0.547,16558.8895
2023-07-16 04:22:00,30272.1,30272.2,30270.8,30270.8,6.367,192741.9432
2023-07-16 04:23:00,30270.8,30270.9,30270.8,30270.8,4.591,138973.472
2023-07-16 04:24:00,30270.8,30270.9,30270.8,30270.9,1.547,46828.9411
2023-07-16 04:25:00,30270.9,30278.0,30270.9,30278.0,6.043,182958.728
2023-07-16 04:26:00,30278.0,30278.0,30274.9,30275.0,9.835,297778.3394
2023-07-16 04:27:00,30275.0,30275.0,30274.9,30275.0,0.961,29094.1907
2023-07-16 04:28:00,30275.0,30275.0,30274.9,30275.0,1.336,40447.2741
2023-07-16 04:29:00,30275.0,30275.0,30270.8,30270.9,6.461,195597.8298
2023-07-16 04:30:00,30270.9,30270.9,30269.0,30269.0,6.996,211764.5033
2023-07-16 04:31:00,30269.0,30269.1,30269.0,30269.0,2.729,82604.2042
2023-07-16 04:32:00,30269.0,30269.1,30269.0,30269.0,1.36,41165.9015
2023-07-16 04:33:00,30269.0,30269.1,30268.4,30268.5,13.66,413472.7392
2023-07-16 04:34:00,30268.5,30268.5,30264.3,30264.3,20.142,609644.8321
2023-07-16 04:35:00,30264.3,30275.0,30264.3,30275.0,9.458,286255.6302
2023-07-16 04:36:00,30275.0,30275.0,30273.9,30273.9,1.878,56856.1599
2023-07-16 04:37:00,30273.9,30274.0,30272.8,30272.8,24.399,738632.9467
2023-07-16 04:38:00,30272.8,30272.9,30263.1,30263.2,9.352,283069.1426
2023-07-16 04:39:00,30263.2,30263.2,30260.0,30260.1,3.137,94929.0828
2023-07-16 04:40:00,30260.1,30260.1,30255.0,30255.1,6.285,190165.965
2023-07-16 04:41:00,30255.1,30255.1,30255.0,30255.0,2.604,78784.0342
2023-07-16 04:42:00,30255.0,30257.6,30255.0,30257.6,4.891,147983.6584
2023-07-16 04:43:00,30257.6,30262.2,30257.5,30262.2,6.46,195468.711
2023-07-16 04:44:00,30262.2,30262.2,30262.1,30262.2,2.334,70631.9722
2023-07-16 04:45:00,30262.2,30266.2,30262.2,30266.2,2.925,88526.025
2023-07-16 04:46:00,30266.2,30266.2,30266.1,30266.1,1.439,43553.0185
2023-07-16 04:47:00,30266.1,30272.1,30266.1,30272.0,4.755,143920.3914
2023-07-16 04:48:00,30272.0,30273.0,30272.0,30273.0,0.855,25883.3379
2023-07-16 04:49:00,30273.0,30273.0,30272.9,30273.0,2.106,63754.8103
2023-07-16 04:50:00,30273.0,30278.9,30272.9,30278.1,1.631,49381.1661
2023-07-16 04:51:00,30278.1,30278.1,30271.1,30271.1,1.845,55853.9174
2023-07-16 04:52:00,30271.1,30271.2,30271.1,30271.1,1.677,50764.6915
2023-07-16 04:53:00,30271.1,30271.2,30266.9,30266.9,2.036,61631.7406
2023-07-16 04:54:00,30266.9,30267.0,30266.9,30267.0,1.964,59444.3456
2023-07-16 04:55:00,30267.0,30267.0,30266.9,30266.9,0.791,23941.1769
2023-07-16 04:56:00,30266.9,30267.0,30266.9,30267.0,1.753,53057.9926
2023-07-16 04:57:00,30267.0,30277.0,30266.9,30273.8,8.057,243924.4624
2023-07-16 04:58:00,30273.8,30273.8,30273.7,30273.8,1.479,44774.9262
2023-07-16 04:59:00,30273.8,30273.8,30273.7,30273.8,4.108,124364.6122
2023-07-16 05:00:00,30273.8,30273.8,30273.7,30273.7,4.02,121700.5232
2023-07-16 05:01:00,30273.7,30273.8,30273.7,30273.7,1.439,43563.8621
2023-07-16 05:02:00,30273.7,30273.8,30273.7,30273.8,0.187,5661.1991
2023-07-16 05:03:00,30273.8,30273.8,30273.7,30273.8,2.115,64028.9676
2023-07-16 05:04:00,30273.8,30273.8,30270.7,30270.7,4.621,139894.4579
2023-07-16 05:05:00,30270.7,30270.7,30268.0,30268.1,3.488,105578.9681
2023-07-16 05:06:00,30268.1,30268.1,30262.0,30262.0,2.39,72332.2986
2023-07-16 05:07:00,30262.0,30262.1,30262.0,30262.1,1.061,32108.0803
2023-07-16 05:08:00,30262.1,30262.1,30262.0,30262.1,11.856,358786.3806
2023-07-16 05:09:00,30262.1,30262.1,30262.0,30262.1,11.09,335606.5505
2023-07-16 05:10:00,30262.1,30262.1,30261.8,30261.9,10.665,322743.828
2023-07-16 05:11:00,30261.9,30268.6,30261.8,30268.6,1.276,38620.1159
2023-07-16 05:12:00,30268.6,30268.6,30268.5,30268.6,0.557,16859.6098
2023-07-16 05:13:00,30268.6,30268.6,30268.5,30268.5,1.315,39803.1913
2023-07-16 05:14:00,30268.5,30268.6,30268.5,30268.6,0.826,25001.8377
2023-07-16 05:15:00,30268.6,30268.6,30262.6,30262.6,5.502,166531.9739
2023-07-16 05:16:00,30262.6,30262.7,30259.5,30259.5,11.375,344232.3852
2023-07-16 05:17:00,30259.5,30259.6,30253.5,30259.0,21.876,661894.4066
2023-07-16 05:18:00,30259.0,30262.7,30258.9,30262.7,0.467,14131.8241
2023-07-16 05:19:00,30262.7,30262.7,30262.6,30262.7,0.592,17915.4864
2023-07-16 05:20:00,30262.7,30262.7,30262.6,30262.7,3.172,95993.2586
2023-07-16 05:21:00,30262.7,30262.7,30262.6,30262.7,4.965,150254.1982
2023-07-16 05:22:00,30262.7,30262.7,30258.9,30258.9,2.755,83373.2962
2023-07-16 05:23:00,30258.9,30259.0,30258.9,30259.0,1.726,52227.0006
2023-07-16 05:24:00,30259.0,30259.0,30258.9,30259.0,0.672,20334.0399
2023-07-16 05:25:00,30259.0,30259.0,30258.9,30258.9,5.635,170509.4446
2023-07-16 05:26:00,30258.9,30268.6,30258.9,30268.6,27.784,840767.9171
2023-07-16 05:27:00,30268.6,30268.6,30268.5,30268.6,3.174,96072.4055
2023-07-16 05:28:00,30268.6,30268.6,30268.5,30268.5,1.541,46643.8882
2023-07-16 05:29:00,30268.5,30268.6,30268.5,30268.6,4.202,127188.5847
2023-07-16 05:30:00,30268.6,30268.6,30268.5,30268.5,3.341,101127.0968
2023-07-16 05:31:00,30268.5,30268.8,30268.5,30268.8,7.787,235701.5802
2023-07-16 05:32:00,30268.8,30270.7,30268.8,30270.6,3.798,114966.0587
2023-07-16 05:33:00,30270.6,30274.4,30270.6,30274.4,3.255,98532.8293
2023-07-16 05:34:00,30274.4,30278.0,30274.4,30278.0,3.154,95494.391
2023-07-16 05:35:00,30278.0,30278.0,30277.9,30278.0,2.577,78026.396
2023-07-16 05:36:00,30278.0,30280.0,30277.9,30280.0,5.268,159507.0559
2023-07-16 05:37:00,30280.0,30280.0,30279.9,30280.0,2.854,86419.0311
2023-07-16 05:38:00,30280.0,30280.0,30275.3,30276.1,7.507,227302.4005
2023-07-16 05:39:00,30276.1,30280.2,30276.0,30280.2,4.893,148152.4328
2023-07-16 05:40:00,30280.2,30280.2,30280.1,30280.2,4.898,148311.9422
2023-07-16 05:41:00,30280.2,30280.9,30280.1,30280.8,7.473,226285.1149
2023-07-16 05:42:00,30280.8,30287.1,30280.8,30287.1,5.496,166430.1051
2023-07-16 05:43:00,30287.1,30287.9,30287.0,30287.9,3.725,112821.8292
2023-07-16 05:44:00,30287.9,30293.0,30287.8,30292.9,10.37,314094.7906
2023-07-16 05:45:00,30292.9,30293.0,30279.9,30280.0,14.38,435531.9056
2023-07-16 05:46:00,30280.0,30280.0,30279.9,30279.9,0.69,20893.1891
2023-07-16 05:47:00,30279.9,30280.0,30279.9,30280.0,1.705,51627.2318
2023-07-16 05:48:00,30280.0,30280.0,30274.0,30274.0,5.241,158691.2417
2023-07-16 05:49:00,30274.0,30275.5,30274.0,30275.5,4.596,139143.4006
2023-07-16 05:50:00,30275.5,30275.5,30275.4,30275.5,1.303,39448.9207
2023-07-16 05:51:00,30275.5,30275.5,30275.4,30275.5,1.583,47926.0773
2023-07-16 05:52:00,30275.5,30275.5,30275.4,30275.5,4.248,128610.3221
2023-07-16 05:53:00,30275.5,30275.5,30275.4,30275.4,0.588,17801.9414
2023-07-16 05:54:00,30275.4,30275.5,30271.2,30271.3,11.398,345065.2037
2023-07-16 05:55:00,30271.3,30271.3,30255.9,30256.0,76.431,2312864.8905
2023-07-16 05:56:00,30256.0,30256.0,30255.9,30256.0,17.375,525696.3163
2023-07-16 05:57:00,30256.0,30257.3,30255.9,30257.3,6.97,210885.2586
2023-07-16 05:58:00,30257.3,30257.3,30257.2,30257.2,6.88,208170.0947
2023-07-16 05:59:00,30257.2,30262.6,30257.2,30262.6,17.755,537220.7499
2023-07-16 06:00:00,30262.6,30262.6,30262.5,30262.6,38.636,1169225.7112
2023-07-16 06:01:00,30262.6,30262.6,30262.5,30262.5,7.328,221763.6635
2023-07-16 06:02:00,30262.5,30270.5,30262.5,30270.5,4.125,124849.6626
2023-07-16 06:03:00,30270.5,30270.5,30270.4,30270.4,11.785,356737.7426
2023-07-16 06:04:00,30270.4,30270.5,30270.4,30270.5,0.398,12047.6398
2023-07-16 06:05:00,30270.5,30270.5,30270.4,30270.5,0.503,15226.0517
2023-07-16 06:06:00,30270.5,30270.5,30270.4,30270.5,0.731,22127.7131
2023-07-16 06:07:00,30270.5,30270.5,30270.4,30270.5,12.909,390761.8214
2023-07-16 06:08:00,30270.5,30270.5,30270.4,30270.5,2.236,67684.8171
2023-07-16 06:09:00,30270.5,30270.5,30270.4,30270.5,0.952,28817.4965
2023-07-16 06:10:00,30270.5,30270.5,30270.4,30270.4,0.874,26456.3494
2023-07-16 06:11:00,30270.4,30270.5,30270.4,30270.5,1.427,43195.864
2023-07-16 06:12:00,30270.5,30270.5,30270.4,30270.4,14.29,432564.2304
2023-07-16 06:13:00,30270.4,30270.5,30270.4,30270.4,0.183,5539.491
2023-07-16 06:14:00,30270.4,30270.5,30270.4,30270.5,1.369,41440.3006
2023-07-16 06:15:00,30270.5,30272.1,30270.4,30272.1,2.352,71196.5223
2023-07-16 06:16:00,30272.1,30272.2,30272.1,30272.2,0.216,6538.7798
2023-07-16 06:17:00,30272.2,30272.2,30272.1,30272.2,0.746,22583.0559
2023-07-16 06:18:00,30272.2,30274.8,30272.1,30274.7,6.682,202285.7792
2023-07-16 06:19:00,30274.7,30276.2,30274.7,30276.2,2.925,88556.6253
2023-07-16 06:20:00,30276.2,30280.0,30276.2,30280.0,1.427,43207.8118
2023-07-16 06:21:00,30280.0,30280.0,30279.9,30280.0,2.532,76668.9596
2023-07-16 06:22:00,30280.0,30280.0,30279.9,30279.9,5.968,180711.0214
2023-07-16 06:23:00,30279.9,30280.0,30279.9,30280.0,8.252,249870.4295
2023-07-16 06:24:00,30280.0,30280.0,30279.9,30279.9,1.477,44723.4833
2023-07-16 06:25:00,30279.9,30280.0,30279.9,30280.0,0.772,23376.1223
2023-07-16 06:26:00,30280.0,30281.8,30279.9,30281.7,2.888,87450.46
2023-07-16 06:27:00,30281.7,30284.0,30281.7,30284.0,2.246,68012.9567
2023-07-16 06:28:00,30284.0,30284.0,30283.9,30283.9,4.429,134127.7272
2023-07-16 06:29:00,30283.9,30284.0,30283.9,30284.0,2.385,72227.3221
2023-07-16 06:30:00,30284.0,30284.0,30283.9,30283.9,0.494,14960.269
2023-07-16 06:31:00,30283.9,30284.8,30283.9,30284.8,10.292,311687.4533
2023-07-16 06:32:00,30284.8,30287.0,30284.8,30286.9,3.781,114509.8095
2023-07-16 06:33:00,30286.9,30287.0,30286.9,30286.9,4.041,122389.727
2023-07-16 06:34:00,30286.9,30290.0,30286.9,30290.0,8.808,266772.7583
2023-07-16 06:35:00,30290.0,30290.9,30289.9,30290.9,16.929,512787.2664
2023-07-16 06:36:00,30290.9,30290.9,30290.8,30290.9,9.334,282735.2577
2023-07-16 06:37:00,30290.9,30291.0,30290.8,30290.9,2.191,66367.355
2023-07-16 06:38:00,30290.9,30296.1,30290.9,30296.0,16.325,494546.3486
2023-07-16 06:39:00,30296.0,30296.1,30296.0,30296.0,4.127,125031.9661
2023-07-16 06:40:00,30296.0,30296.1,30296.0,30296.0,2.35,71195.7194
2023-07-16 06:41:00,30296.0,30296.5,30296.0,30296.5,6.466,195895.1729
2023-07-16 06:42:00,30296.5,30297.1,30296.4,30297.1,5.523,167327.8212
2023-07-16 06:43:00,30297.1,30314.0,30297.1,30313.9,47.036,1425368.0216
2023-07-16 06:44:00,30313.9,30315.5,30313.9,30315.5,10.687,323974.9357
2023-07-16 06:45:00,30315.5,30315.5,30308.1,30308.2,28.334,858894.7268
2023-07-16 06:46:00,30308.2,30312.2,30307.1,30307.1,8.944,271089.9936
2023-07-16 06:47:00,30307.1,30307.2,30307.1,30307.2,1.615,48946.0966
2023-07-16 06:48:00,30307.2,30307.2,30306.4,30306.4,1.385,41975.0555
2023-07-16 06:49:00,30306.4,30306.5,30306.4,30306.5,1.3,39398.3556
2023-07-16 06:50:00,30306.5,30306.8,30306.4,30306.7,11.771,356739.6359
2023-07-16 06:51:00,30306.7,30306.8,30306.7,30306.8,2.194,66492.9587
2023-07-16 06:52:00,30306.8,30307.0,30306.8,30307.0,2.701,81859.1258
2023-07-16 06:53:00,30307.0,30314.0,30307.0,30314.0,6.017,182384.6739
2023-07-16 06:54:00,30314.0,30314.0,30313.9,30314.0,7.812,236812.3291
2023-07-16 06:55:00,30314.0,30315.0,30305.0,30305.1,35.868,1087286.3455
2023-07-16 06:56:00,30305.1,30305.1,30303.0,30303.0,5.603,169794.3798
2023-07-16 06:57:00,30303.0,30304.5,30303.0,30304.5,6.203,187975.5654
2023-07-16 06:58:00,30304.5,30304.5,30304.4,30304.5,0.918,27819.5284
2023-07-16 06:59:00,30304.5,30304.5,30304.4,30304.5,11.969,362714.376
2023-07-16 07:00:00,30304.5,30309.6,30302.9,30303.0,4.26,129109.0186
2023-07-16 07:01:00,30303.0,30303.0,30285.7,30285.8,9.25,280228.4923
2023-07-16 07:02:00,30285.8,30285.8,30285.0,30285.1,5.573,168779.7255
2023-07-16 07:03:00,30285.1,30285.1,30275.2,30275.3,8.96,271330.6135
2023-07-16 07:04:00,30275.3,30275.3,30275.1,30275.1,4.027,121918.2289
2023-07-16 07:05:00,30275.1,30275.2,30266.5,30266.5,7.003,211981.464
2023-07-16 07:06:00,30266.5,30266.5,30257.3,30257.3,16.477,498614.0899
2023-07-16 07:07:00,30257.3,30268.5,30257.3,30268.4,69.767,2111343.0145
2023-07-16 07:08:00,30268.4,30268.9,30263.2,30263.3,7.061,213725.5471
2023-07-16 07:09:00,30263.3,30263.3,30263.2,30263.2,1.358,41097.5004
2023-07-16 07:10:00,30263.2,30272.0,30263.2,30265.1,9.705,293741.6536
2023-07-16 07:11:00,30265.1,30265.1,30255.9,30255.9,49.786,1506499.3266
2023-07-16 07:12:00,30255.9,30256.0,30249.3,30249.4,96.667,2924303.6436
2023-07-16 07:13:00,30249.4,30256.7,30249.3,30256.7,16.988,513927.3637
2023-07-16 07:14:00,30256.7,30262.6,30256.6,30262.6,8.692,263014.8693
2023-07-16 07:15:00,30262.6,30262.6,30256.6,30256.6,7.561,228794.1094
2023-07-16 07:16:00,30256.6,30256.7,30250.2,30251.3,14.978,453113.0567
2023-07-16 07:17:00,30251.3,30258.6,30251.3,30258.6,21.211,641755.1892
2023-07-16 07:18:00,30258.6,30261.9,30258.5,30261.9,5.639,170632.4492
2023-07-16 07:19:00,30261.9,30261.9,30261.8,30261.9,3.879,117385.8833
2023-07-16 07:20:00,30261.9,30261.9,30261.8,30261.8,2.239,67756.3118
2023-07-16 07:21:00,30261.8,30261.9,30261.8,30261.9,1.009,30534.2532
2023-07-16 07:22:00,30261.9,30261.9,30261.8,30261.9,1.643,49720.2303
2023-07-16 07:23:00,30261.9,30261.9,30257.2,30257.2,12.937,391457.6245
2023-07-16 07:24:00,30257.2,30257.3,30255.5,30255.5,12.968,392360.3906
2023-07-16 07:25:00,30255.5,30255.5,30254.9,30254.9,20.583,622741.1145
2023-07-16 07:26:00,30254.9,30255.0,30254.4,30254.4,8.922,269935.0343
2023-07-16 07:27:00,30254.4,30254.4,30254.0,30254.1,9.95,301028.5998
2023-07-16 07:28:00,30254.1,30254.1,30254.0,30254.0,7.477,226209.5739
2023-07-16 07:29:00,30254.0,30254.1,30254.0,30254.0,1.499,45350.7811
2023-07-16 07:30:00,30254.0,30254.0,30250.0,30250.1,18.255,552228.7418
2023-07-16 07:31:00,30250.1,30250.1,30250.0,30250.1,9.462,286226.2886
2023-07-16 07:32:00,30250.1,30250.1,30250.0,30250.1,2.235,67608.904
2023-07-16 07:33:00,30250.1,30250.1,30250.0,30250.0,10.219,309124.7527
2023-07-16 07:34:00,30250.0,30250.1,30249.9,30249.9,8.113,245418.2572
2023-07-16 07:35:00,30249.9,30255.4,30246.0,30252.4,26.569,803689.724
2023-07-16 07:36:00,30252.4,30254.9,30250.1,30254.9,11.789,356642.1908
2023-07-16 07:37:00,30254.9,30256.5,30254.8,30256.5,11.779,356380.4978
2023-07-16 07:38:00,30256.5,30256.5,30251.6,30251.6,3.3,99843.2391
2023-07-16 07:39:00,30251.6,30251.6,30245.0,30248.9,15.756,476590.6008
2023-07-16 07:40:00,30248.9,30254.8,30248.8,30254.8,19.276,583157.3276
2023-07-16 07:41:00,30254.8,30254.8,30254.7,30254.7,2.661,80508.009
2023-07-16 07:42:00,30254.7,30254.8,30254.7,30254.7,5.771,174600.4431
2023-07-16 07:43:00,30254.7,30254.8,30254.7,30254.7,3.16,95605.1141
2023-07-16 07:44:00,30254.7,30254.8,30254.7,30254.7,2.996,90643.3419
2023-07-16 07:45:00,30254.7,30254.8,30110.0,30162.0,2409.159,72682094.8042
2023-07-16 07:46:00,30162.0,30227.2,30148.5,30224.1,180.738,5456240.5418
2023-07-16 07:47:00,30224.1,30224.1,30170.0,30201.4,198.046,5978770.9254
2023-07-16 07:48:00,30201.4,30212.5,30185.3,30185.3,222.171,6710558.5132
2023-07-16 07:49:00,30185.3,30186.2,30172.6,30177.6,58.846,1775994.6618
2023-07-16 07:50:00,30177.6,30177.6,30136.3,30155.8,136.947,4129969.0914
2023-07-16 07:51:00,30155.8,30155.8,30038.2,30066.0,1396.909,42014752.6063
2023-07-16 07:52:00,30066.0,30112.6,30059.1,30112.4,302.828,9112460.2928
2023-07-16 07:53:00,30112.4,30112.4,30074.8,30107.8,161.818,4869028.921
2023-07-16 07:54:00,30107.8,30128.7,30102.9,30121.5,122.739,3696855.3335
2023-07-16 07:55:00,30121.5,30128.7,30104.7,30104.7,83.434,2512988.7099
2023-07-16 07:56:00,30104.7,30133.9,30100.0,30133.9,83.954,2528129.2567
2023-07-16 07:57:00,30133.9,30135.4,30128.0,30135.4,60.323,1817646.7834
2023-07-16 07:58:00,30135.4,30139.2,30111.1,30114.3,99.983,3013057.9796
2023-07-16 07:59:00,30114.3,30114.7,30095.0,30100.0,95.736,2881949.9462
2023-07-16 08:00:00,30100.0,30123.0,30097.4,30122.9,120.157,3616858.7827
2023-07-16 08:01:00,30122.9,30127.7,30119.0,30119.0,129.172,3891378.7566
2023-07-16 08:02:00,30119.0,30130.6,30110.0,30130.6,34.151,1028726.973
2023-07-16 08:03:00,30130.6,30140.0,30130.6,30140.0,130.401,3929527.7806
2023-07-16 08:04:00,30140.0,30140.0,30133.0,30133.1,29.596,891958.5303
2023-07-16 08:05:00,30133.1,30156.0,30133.0,30156.0,105.765,3188562.9147
2023-07-16 08:06:00,30156.0,30157.4,30144.1,30157.4,55.561,1675259.8974
2023-07-16 08:07:00,30157.4,30229.6,30157.3,30206.0,1022.098,30867142.3932
2023-07-16 08:08:00,30206.0,30217.9,30195.9,30217.9,91.122,2752481.4243
2023-07-16 08:09:00,30217.9,30219.8,30205.0,30213.9,50.146,1515074.6076
2023-07-16 08:10:00,30213.9,30251.2,30213.9,30236.3,206.717,6250256.0684
2023-07-16 08:11:00,30236.3,30252.1,30232.3,30236.3,81.743,2472034.7329
2023-07-16 08:12:00,30236.3,30305.0,30236.3,30297.8,308.56,9344104.5489
2023-07-16 08:13:00,30297.8,30312.0,30272.4,30309.0,208.358,6311834.6373
2023-07-16 08:14:00,30309.0,30315.4,30291.1,30294.4,178.104,5397030.4746
2023-07-16 08:15:00,30294.4,30313.7,30267.8,30313.6,157.85,4781525.7451
2023-07-16 08:16:00,30313.6,30321.6,30292.0,30315.0,124.084,3761221.1849
2023-07-16 08:17:00,30315.0,30322.0,30278.2,30278.2,104.843,3177064.8436
2023-07-16 08:18:00,30278.2,30278.3,30265.3,30265.3,45.746,1384724.1374
2023-07-16 08:19:00,30265.3,30270.0,30257.1,30266.1,112.295,3398663.531
2023-07-16 08:20:00,30266.1,30269.3,30250.0,30267.2,86.792,2626182.2018
2023-07-16 08:21:00,30267.2,30267.2,30251.0,30251.0,19.53,590900.6501
2023-07-16 08:22:00,30251.0,30260.0,30234.9,30260.0,134.096,4056155.3194
2023-07-16 08:23:00,30260.0,30260.0,30248.0,30248.0,14.034,424547.5279
2023-07-16 08:24:00,30248.0,30255.7,30240.2,30255.7,23.544,712103.147
2023-07-16 08:25:00,30255.7,30255.7,30255.6,30255.7,48.538,1468551.0587
2023-07-16 08:26:00,30255.7,30262.9,30245.0,30262.9,42.033,1271557.4785
2023-07-16 08:27:00,30262.9,30262.9,30245.1,30247.3,31.512,953307.0372
2023-07-16 08:28:00,30247.3,30256.7,30245.0,30249.1,27.057,818461.8428
2023-07-16 08:29:00,30249.1,30249.1,30235.2,30240.0,42.632,1289210.4874
2023-07-16 08:30:00,30240.0,30252.0,30232.5,30232.6,34.828,1053208.9845
2023-07-16 08:31:00,30232.6,30232.6,30229.0,30229.0,35.795,1082099.6235
2023-07-16 08:32:00,30229.0,30229.0,30205.2,30205.3,96.769,2924166.3596
2023-07-16 08:33:00,30205.3,30222.3,30200.0,30213.3,251.349,7593216.7697
2023-07-16 08:34:00,30213.3,30220.0,30206.6,30219.9,30.659,926364.8084
2023-07-16 08:35:00,30219.9,30220.7,30196.2,30196.3,49.881,1506593.4529
2023-07-16 08:36:00,30196.3,30196.3,30185.3,30190.0,80.041,2416419.6296
2023-07-16 08:37:00,30190.0,30197.7,30190.0,30197.7,17.492,528150.5449
2023-07-16 08:38:00,30197.7,30210.0,30193.4,30209.9,28.16,850474.1088
2023-07-16 08:39:00,30209.9,30210.0,30200.0,30200.1,32.693,987468.4081
2023-07-16 08:40:00,30200.1,30218.2,30193.4,30218.2,95.234,2876528.0976
2023-07-16 08:41:00,30218.2,30220.7,30205.4,30205.4,18.26,551778.6177
2023-07-16 08:42:00,30205.4,30206.9,30198.0,30206.9,19.25,581435.9256
2023-07-16 08:43:00,30206.9,30218.1,30206.8,30218.1,10.319,311724.1763
2023-07-16 08:44:00,30218.1,30218.1,30207.2,30207.2,11.046,333724.673
2023-07-16 08:45:00,30207.2,30219.2,30207.2,30207.6,13.413,405256.7443
2023-07-16 08:46:00,30207.6,30207.6,30193.4,30193.5,18.442,556888.0834
2023-07-16 08:47:00,30193.5,30193.5,30192.0,30193.5,10.148,306396.9619
2023-07-16 08:48:00,30193.5,30204.4,30193.4,30204.4,15.558,469827.0247
2023-07-16 08:49:00,30204.4,30207.6,30204.4,30207.6,19.62,592658.8764
2023-07-16 08:50:00,30207.6,30207.6,30207.5,30207.6,7.256,219186.3281
2023-07-16 08:51:00,30207.6,30207.6,30207.5,30207.5,5.123,154753.5246
2023-07-16 08:52:00,30207.5,30207.6,30195.6,30195.7,14.525,438695.97
2023-07-16 08:53:00,30195.7,30199.9,30195.0,30195.0,7.986,241146.5494
2023-07-16 08:54:00,30195.0,30197.9,30194.0,30197.9,4.067,122809.9257
2023-07-16 08:55:00,30197.9,30197.9,30194.0,30194.0,5.044,152302.6269
2023-07-16 08:56:00,30194.0,30194.1,30190.9,30193.9,55.381,1672078.5991
2023-07-16 08:57:00,30193.9,30199.2,30193.9,30199.2,41.909,1265404.085
2023-07-16 08:58:00,30199.2,30199.3,30191.6,30191.6,11.896,359230.8695
2023-07-16 08:59:00,30191.6,30191.6,30185.6,30185.6,9.348,282205.8845
2023-07-16 09:00:00,30185.6,30216.7,30185.6,30214.2,57.545,1738243.3254
2023-07-16 09:01:00,30214.2,30220.0,30210.6,30210.6,23.203,701100.1503
2023-07-16 09:02:00,30210.6,30221.1,30207.5,30207.5,78.811,2381260.4666
2023-07-16 09:03:00,30207.5,30207.7,30207.5,30207.6,2.242,67725.3994
2023-07-16 09:04:00,30207.6,30207.7,30200.0,30207.7,9.757,294724.7024
2023-07-16 09:05:00,30207.7,30207.7,30201.7,30201.8,0.403,12171.9672
2023-07-16 09:06:00,30201.8,30203.4,30186.1,30203.3,55.063,1662661.5848
2023-07-16 09:07:00,30203.3,30214.4,30203.3,30214.4,28.005,845912.0159
2023-07-16 09:08:00,30214.4,30215.4,30214.4,30215.3,10.268,310248.7132
2023-07-16 09:09:00,30215.3,30215.4,30215.3,30215.4,0.922,27858.5692
2023-07-16 09:10:00,30215.4,30224.0,30215.3,30224.0,15.843,478766.9016
2023-07-16 09:11:00,30224.0,30228.0,30224.0,30228.0,16.704,504925.5552
2023-07-16 09:12:00,30228.0,30228.0,30223.7,30227.9,7.879,238151.1728
2023-07-16 09:13:00,30227.9,30229.7,30221.9,30221.9,8.211,248178.0016
2023-07-16 09:14:00,30221.9,30222.0,30203.1,30203.1,5.679,171576.7135
2023-07-16 09:15:00,30203.1,30216.9,30203.1,30212.1,18.865,569940.9509
2023-07-16 09:16:00,30212.1,30212.1,30212.0,30212.1,0.883,26677.2206
2023-07-16 09:17:00,30212.1,30212.1,30210.0,30210.1,2.409,72777.2963
2023-07-16 09:18:00,30210.1,30210.1,30208.7,30208.8,8.462,255636.3827
2023-07-16 09:19:00,30208.8,30208.8,30207.4,30207.4,3.822,115455.5113
