startTime,openPrice,highPrice,lowPrice,closePrice,volume,turnover
1606933800000,19054,19056,19051,19051.5,8.566,163195.149
1606933860000,19051.5,19056.5,19044,19044,2.306,43915.464
1606933920000,19044,19044.5,19025.5,19026,24.128,459059.328
1606933980000,19026,19026,19011,19011.5,36.035,685079.4025
1606934040000,19011.5,19044,19011.5,19044,3.621,68958.324
1606934100000,19044,19048.5,19038.5,19044.5,3.365,64084.7425
1606934160000,19044.5,19046,19034,19034,0.874,16635.716
1606934220000,19034,19034,19030,19030,0.174,3311.22
1606934280000,19030,19033,19027,19033,0.023,437.759
1606934340000,19033,19054,19033,19054,2.175,41442.45
1606934400000,19054,19054.5,19037.5,19037.5,2.134,40626.025
1606934460000,19037.5,19037.5,19021,19021,0.071,1350.491
1606934520000,19021,19021,19013,19013,1.903,36181.739
1606934580000,19013,19024.5,19013,19024.5,15.215,289457.7675
1606934640000,19024.5,19033,19020,19033,2.469,46992.477
1606934700000,19033,19033,19025,19025,0.342,6506.55
1606934760000,19025,19025,19021,19021,0.062,1179.302
1606934820000,19021,19032,19021,19031.5,0.19,3615.985
1606934880000,19031.5,19031.5,19022.5,19023,1.265,24064.095
1606934940000,19023,19023,19023,19023,0.127,2415.921
1606935000000,19023,19030,19023,19030,2.494,47460.82
1606935060000,19030,19039,19027.5,19039,16.385,311954.015
1606935120000,19039,19043,19039,19043,9.82,187002.26
1606935180000,19043,19043,19036,19036,8.587,163462.132
1606935240000,19036,19041,19036,19041,0.001,19.041
1606935300000,19041,19044,19038.5,19038.5,0.436,8300.786
1606935360000,19038.5,19038.5,19032,19035,1.467,27924.345
1606935420000,19035,19042,19035,19042,0.569,10834.898
1606935480000,19042,19042,19018,19018,1.542,29325.756
1606935540000,19018,19018,19016.5,19016.5,0.683,12988.2695
1606935600000,19016.5,19093,19016.5,19079,179.712,3428725.248
1606935660000,19079,19134,19079,19134,15.247,291736.098
1606935720000,19134,19134,19095,19107,116.831,2232289.917
1606935780000,19107,19125.5,19106,19106,149.217,2850940.002
1606935840000,19106,19123.5,19103,19108,4.874,93132.392
1606935900000,19108,19116.5,19107,19107,0.525,10031.175
1606935960000,19107,19107,19072.5,19072.5,22.69,432755.025
1606936020000,19072.5,19078,19060.5,19077.5,7.816,149109.74
1606936080000,19077.5,19077.5,19059.5,19059.5,1.353,25787.5035
1606936140000,19059.5,19067,19059.5,19067,2.224,42405.008
1606936200000,19067,19086.5,19067,19086.5,2.492,47563.558
1606936260000,19086.5,19086.5,19078.5,19078.5,0.355,6772.8675
1606936320000,19078.5,19078.5,19067,19067,0.143,2726.581
1606936380000,19067,19067,19061.5,19061.5,0.567,10807.8705
1606936440000,19061.5,19061.5,19061.5,19061.5,8.275,157733.9125
1606936500000,19061.5,19061.5,19016,19016,66.964,1273387.424
1606936560000,19016,19021,19015,19015,1.579,30024.685
1606936620000,19015,19015,18987,18987,13.708,260273.796
1606936680000,18987,19003.5,18985,19003.5,1.615,30690.6525
1606936740000,19003.5,19004.5,18986.5,18987,5.491,104257.617
1606936800000,18987,18991.5,18987,18987.5,10.201,193691.4875
1606936860000,18987.5,18987.5,18977,18977,1.895,35961.415
1606936920000,18977,18987,18977,18987,0.535,10158.045
1606936980000,18987,18990.5,18986.5,18986.5,0.757,14372.7805
1606937040000,18986.5,19003,18986,19003,1.271,24152.813
1606937100000,19003,19004,18993.5,19003.5,4.792,91064.772
1606937160000,19003.5,19003.5,18998.5,19001,0.177,3363.177
1606937220000,19001,19004.5,19001,19004.5,0.145,2755.6525
1606937280000,19004.5,19005,19000,19000,0.199,3781
1606937340000,19000,19006,19000,19006,1.667,31683.002
1606937400000,19006,19009.5,19006,19009.5,0.271,5151.5745
1606937460000,19009.5,19012,19009.5,19012,0.055,1045.66
1606937520000,19012,19014.5,19012,19014.5,3.041,57823.0945
1606937580000,19014.5,19023,19014.5,19023,2.277,43315.371
1606937640000,19023,19024.5,19023,19024.5,1.189,22620.1305
1606937700000,19024.5,19024.5,19005.5,19018,2.367,45015.606
1606937760000,19018,19043,19018,19043,14.069,267915.967
1606937820000,19043,19045,19042.5,19045,1.302,24796.59
1606937880000,19045,19058,19045,19058,6.404,122047.432
1606937940000,19058,19058,19053,19053,1.244,23701.932
1606938000000,19053,19067,19051,19067,8.167,155720.189
1606938060000,19067,19067,19066.5,19067,0.302,5758.234
1606938120000,19067,19069.5,19062,19069.5,2.009,38310.6255
1606938180000,19069.5,19070,19069.5,19070,0.207,3947.49
1606938240000,19070,19070,19069,19069,0.056,1067.864
1606938300000,19069,19070,19061.5,19061.5,2.315,44127.3725
1606938360000,19061.5,19067,19061,19067,9.57,182471.19
1606938420000,19067,19067,19058,19066.5,7.281,138823.1865
1606938480000,19066.5,19067,19066.5,19067,1.299,24768.033
1606938540000,19067,19068,19063,19067.5,0.643,12260.4025
1606938600000,19067.5,19069.5,19067.5,19069.5,0.32,6102.24
1606938660000,19069.5,19084,19069.5,19084,21.996,419771.664
1606938720000,19084,19096,19083.5,19094.5,1.477,28202.5765
1606938780000,19094.5,19095,19088,19090,11.141,212681.69
1606938840000,19090,19090,19089,19090,0.12,2290.8
1606938900000,19090,19095,19090,19094.5,7.639,145862.8855
1606938960000,19094.5,19097,19094.5,19097,1.136,21694.192
1606939020000,19097,19109,19097,19109,100.779,1925785.911
1606939080000,19109,19127,19109,19115.5,78.238,1495558.489
1606939140000,19115.5,19115.5,19104.5,19109,10.716,204772.044
1606939200000,19109,19109,19091,19100,109.225,2086197.5
1606939260000,19100,19100,19080,19096.5,119.808,2287913.472
1606939320000,19096.5,19141,19096.5,19141,117.208,2243478.328
1606939380000,19141,19156.5,19141,19152.5,63.948,1224764.07
1606939440000,19152.5,19155,19152.5,19155,15.587,298568.985
1606939500000,19155,19157,19150.5,19151,2.516,48183.916
1606939560000,19151,19151.5,19119,19119,11.577,221340.663
1606939620000,19119,19119,19106,19106,4.139,79079.734
1606939680000,19106,19108,19090,19108,70.973,1356152.084
1606939740000,19108,19121.5,19108,19117.5,12.722,243212.835
1606939800000,19117.5,19121,19117.5,19119.5,10.497,200697.3915
1606939860000,19119.5,19119.5,19099,19099.5,2.352,44922.024
1606939920000,19099.5,19099.5,19094.5,19095,0.718,13710.21
1606939980000,19095,19100,19086,19086,13.946,266173.356
1606940040000,19086,19089,19078.5,19089,9.883,188656.587
1606940100000,19089,19095.5,19083.5,19095,1.599,30532.905
1606940160000,19095,19095.5,19078,19078,4.869,92890.782
1606940220000,19078,19080,19077,19077,1.711,32640.747
1606940280000,19077,19078,19066.5,19078,4.486,85583.908
1606940340000,19078,19101.5,19073,19101,1.175,22443.675
1606940400000,19101,19101,19078.5,19078.5,1.076,20528.466
1606940460000,19078.5,19082,19078.5,19082,1.175,22421.35
1606940520000,19082,19082,19067.5,19067.5,16.305,310895.5875
1606940580000,19067.5,19067.5,19067,19067,2.673,50966.091
1606940640000,19067,19067,19066.5,19066.5,0.125,2383.3125
1606940700000,19066.5,19070.5,19066,19070.5,16.815,320670.4575
1606940760000,19070.5,19090,19070.5,19090,12.46,237861.4
1606940820000,19090,19090,19072,19072,0.53,10108.16
1606940880000,19072,19079,19069.5,19079,1.349,25737.571
1606940940000,19079,19097.5,19079,19097.5,4.26,81355.35
1606941000000,19097.5,19097.5,19090.5,19090.5,1.062,20274.111
1606941060000,19090.5,19104,19090.5,19104,3.141,60005.664
1606941120000,19104,19108.5,19103.5,19108.5,1.811,34605.4935
1606941180000,19108.5,19108.5,19105.5,19105.5,27.1,517759.05
1606941240000,19105.5,19105.5,19101,19101,1.034,19750.434
1606941300000,19101,19107,19100,19107,19.953,381241.971
1606941360000,19107,19107,19107,19107,1.505,28756.035
1606941420000,19107,19108.5,19106.5,19108.5,0.66,12611.61
1606941480000,19108.5,19116.5,19106,19116,13.113,250668.108
1606941540000,19116,19130,19116,19130,3.423,65481.99
1606941600000,19130,19152.5,19130,19152.5,2.869,54948.5225
1606941660000,19152.5,19152.5,19147.5,19148,0.574,10990.952
1606941720000,19148,19151,19141,19150.5,26.591,509230.9455
1606941780000,19150.5,19150.5,19144,19146.5,0.087,1665.7455
1606941840000,19146.5,19146.5,19146.5,19146.5,0.082,1570.013
1606941900000,19146.5,19147,19146.5,19147,0.027,516.969
1606941960000,19147,19149.5,19146.5,19149.5,5.373,102890.2635
1606942020000,19149.5,19151.5,19149,19149,4.118,78855.582
1606942080000,19149,19149,19120.5,19120.5,68.04,1300958.82
1606942140000,19120.5,19121.5,19120.5,19121.5,5.705,109088.1575
1606942200000,19121.5,19121.5,19121,19121.5,2.513,48052.3295
1606942260000,19121.5,19121.5,19112,19112,0.995,19016.44
1606942320000,19112,19112,19104,19104,2.527,48275.808
1606942380000,19104,19104.5,19101,19104.5,1.173,22409.5785
1606942440000,19104.5,19112.5,19104.5,19112.5,2.277,43519.1625
1606942500000,19112.5,19112.5,19106,19112.5,1.066,20373.925
1606942560000,19112.5,19120.5,19110,19120.5,1.911,36539.2755
1606942620000,19120.5,19120.5,19113,19113,0.08,1529.04
1606942680000,19113,19116,19113,19115.5,0.615,11756.0325
1606942740000,19115.5,19115.5,19091.5,19091.5,4.517,86236.3055
1606942800000,19091.5,19105.5,19091.5,19105.5,2.596,49597.878
1606942860000,19105.5,19110,19105.5,19109.5,1.206,23046.057
1606942920000,19109.5,19113.5,19109.5,19113.5,1.003,19170.8405
1606942980000,19113.5,19127,19113.5,19127,1.36,26012.72
1606943040000,19127,19129,19127,19129,1.507,28827.403
1606943100000,19129,19142,19129,19141.5,4.721,90367.0215
1606943160000,19141.5,19148.5,19141.5,19148.5,1.445,27669.5825
1606943220000,19148.5,19172,19148,19171.5,14.8,283738.2
1606943280000,19171.5,19171.5,19148,19148.5,54.019,1034382.8215
1606943340000,19148.5,19148.5,19140,19140,10.462,200242.68
1606943400000,19140,19140,19103,19103,10.178,194430.334
1606943460000,19103,19103,19081,19081,41.014,782588.134
1606943520000,19081,19089.5,19081,19089.5,11.289,215501.3655
1606943580000,19089.5,19089.5,19068.5,19068.5,14.234,271421.029
1606943640000,19068.5,19084,19067,19081,1.064,20302.184
1606943700000,19081,19081,19073,19078,25.209,480937.302
1606943760000,19078,19084,19078,19084,31.697,604905.548
1606943820000,19084,19088.5,19083.5,19088.5,7.961,151963.5485
1606943880000,19088.5,19094,19088.5,19094,3.146,60069.724
1606943940000,19094,19094,19082,19082,0.304,5800.928
1606944000000,19082,19082,19072,19072.5,1.545,29467.0125
1606944060000,19072.5,19077.5,19067.5,19077.5,1.691,32260.0525
1606944120000,19077.5,19077.5,19065,19071.5,3.986,76018.999
1606944180000,19071.5,19081.5,19071.5,19073,0.913,17413.649
1606944240000,19073,19074,19073,19074,0.58,11062.92
1606944300000,19074,19074,19066,19066,3.372,64290.552
1606944360000,19066,19069.5,19066,19069.5,0.332,6331.074
1606944420000,19069.5,19069.5,19069,19069,0.319,6083.011
1606944480000,19069,19069,19069,19069,0,0
1606944540000,19069,19069,19065,19065,6.928,132082.32
1606944600000,19065,19072,19065,19071.5,2.817,53724.4155
1606944660000,19071.5,19072,19068.5,19072,8.695,165831.04
1606944720000,19072,19086.5,19072,19086.5,15.699,299638.9635
1606944780000,19086.5,19087,19086.5,19087,8.221,156914.227
1606944840000,19087,19095,19079.5,19079.5,13.419,256027.8105
1606944900000,19079.5,19079.5,19078.5,19078.5,0.993,18944.9505
1606944960000,19078.5,19078.5,19078.5,19078.5,0.109,2079.5565
1606945020000,19078.5,19089.5,19078,19089.5,7.132,136146.314
1606945080000,19089.5,19089.5,19082.5,19085,1.557,29715.345
1606945140000,19085,19091,19085,19091,0.839,16017.349
1606945200000,19091,19096.5,19091,19096.5,1.416,27040.644
1606945260000,19096.5,19096.5,19090,19090,1.131,21590.79
1606945320000,19090,19090,19084,19084,13.793,263225.612
1606945380000,19084,19087.5,19079,19087,5.979,114121.173
1606945440000,19087,19087,19078.5,19078.5,1.074,20490.309
1606945500000,19078.5,19078.5,19071,19071,0.158,3013.218
1606945560000,19071,19092.5,19069,19092.5,2.471,47177.5675
1606945620000,19092.5,19106,19092.5,19105.5,5.485,104793.6675
1606945680000,19105.5,19119,19105.5,19119,29.522,564431.118
1606945740000,19119,19121,19116.5,19116.5,8.549,163426.9585
1606945800000,19116.5,19118,19114.5,19114.5,2.095,40044.8775
1606945860000,19114.5,19114.5,19113,19113,1.45,27713.85
1606945920000,19113,19124.5,19113,19124.5,0.24,4589.88
1606945980000,19124.5,19131.5,19124.5,19131.5,32.68,625217.42
1606946040000,19131.5,19131.5,19131,19131.5,0.865,16548.7475
1606946100000,19131.5,19131.5,19131.5,19131.5,0.038,726.997
1606946160000,19131.5,19132.5,19131.5,19132.5,1.425,27263.8125
1606946220000,19132.5,19144.5,19132,19144.5,12.95,247921.275
1606946280000,19144.5,19146.5,19144.5,19146.5,5.284,101170.106
1606946340000,19146.5,19146.5,19146,19146,2.039,39038.694
1606946400000,19146,19146.5,19146,19146.5,0.391,7486.2815
1606946460000,19146.5,19146.5,19146,19146.5,0.525,10051.9125
1606946520000,19146.5,19186,19146.5,19186,40.263,772485.918
1606946580000,19186,19193,19186,19193,21.388,410499.884
1606946640000,19193,19193,19192.5,19193,0.956,18348.508
1606946700000,19193,19193,19192.5,19193,3.871,74296.103
1606946760000,19193,19197.5,19193,19197.5,5.953,114282.7175
1606946820000,19197.5,19198,19197.5,19198,0.768,14744.064
1606946880000,19198,19217.5,19198,19217.5,29.526,567415.905
1606946940000,19217.5,19217.5,19208,19208,15.088,289810.304
1606947000000,19208,19227,19208,19227,111.674,2147155.998
1606947060000,19227,19232.5,19226.5,19232.5,18.63,358301.475
1606947120000,19232.5,19232.5,19232,19232,7.998,153817.536
1606947180000,19232,19232.5,19232,19232.5,13.934,267985.655
1606947240000,19232.5,19232.5,19192,19193.5,13.437,257903.0595
1606947300000,19193.5,19210,19193.5,19210,35.531,682550.51
1606947360000,19210,19212.5,19209.5,19212.5,5.456,104823.4
1606947420000,19212.5,19217,19212,19217,4.592,88244.464
1606947480000,19217,19228.5,19217,19228.5,10.231,196726.7835
1606947540000,19228.5,19230,19222.5,19222.5,18.565,356865.7125
1606947600000,19222.5,19222.5,19206.5,19206.5,6.763,129893.5595
1606947660000,19206.5,19206.5,19184,19184,11.973,229690.032
1606947720000,19184,19184,19181.5,19181.5,9.183,176143.7145
1606947780000,19181.5,19182,19181.5,19182,11.424,219135.168
1606947840000,19182,19187.5,19182,19187.5,21.936,420897
1606947900000,19187.5,19191,19187.5,19190.5,1.477,28344.3685
1606947960000,19190.5,19191,19190.5,19190.5,0.54,10362.87
1606948020000,19190.5,19191,19190.5,19191,0.269,5162.379
1606948080000,19191,19191,19160.5,19160.5,19.378,371292.169
1606948140000,19160.5,19161,19158,19158,7.237,138646.446
1606948200000,19158,19158.5,19158,19158.5,18.138,347496.873
1606948260000,19158.5,19158.5,19158,19158.5,0.333,6379.7805
1606948320000,19158.5,19158.5,19133,19133,9.902,189454.966
1606948380000,19133,19135,19132,19135,5.436,104017.86
1606948440000,19135,19152.5,19134.5,19152.5,10.311,197481.4275
1606948500000,19152.5,19178.5,19152.5,19178.5,12.626,242147.741
1606948560000,19178.5,19178.5,19178,19178.5,0.486,9320.751
1606948620000,19178.5,19178.5,19177.5,19177.5,1.607,30818.2425
1606948680000,19177.5,19177.5,19164,19164,7.812,149709.168
1606948740000,19164,19164,19162,19162.5,0.522,10002.825
1606948800000,19162.5,19162.5,19151.5,19151.5,1.952,37383.728
1606948860000,19151.5,19151.5,19150,19150.5,11.577,221705.3385
1606948920000,19150.5,19172.5,19150,19172.5,7.552,144790.72
1606948980000,19172.5,19172.5,19172.5,19172.5,1.05,20131.125
1606949040000,19172.5,19172.5,19164.5,19164.5,5.244,100498.638
1606949100000,19164.5,19164.5,19150.5,19150.5,6.791,130051.0455
1606949160000,19150.5,19150.5,19150,19150,0.058,1110.7
1606949220000,19150,19173.5,19150,19172.5,3.385,64898.9125
1606949280000,19172.5,19187.5,19172,19187.5,2.394,45934.875
1606949340000,19187.5,19187.5,19187,19187.5,2.291,43958.5625
1606949400000,19187.5,19187.5,19187,19187.5,11.11,213173.125
1606949460000,19187.5,19187.5,19187.5,19187.5,0.649,12452.6875
1606949520000,19187.5,19192,19184,19192,2.386,45792.112
1606949580000,19192,19192.5,19192,19192.5,6.342,121718.835
1606949640000,19192.5,19192.5,19192,19192.5,1.429,27426.0825
1606949700000,19192.5,19192.5,19192,19192,25.1,481719.2
1606949760000,19192,19192.5,19192,19192,1.032,19806.144
1606949820000,19192,19192,19166,19166,27.824,533274.784
1606949880000,19166,19166,19104,19104,61.104,1167330.816
1606949940000,19104,19141,19104,19124,9.76,186650.24
1606950000000,19124,19133.5,19120,19120,8.668,165732.16
1606950060000,19120,19120,19102,19116,47.43,906671.88
1606950120000,19116,19124,19108.5,19123.5,8.435,161306.7225
1606950180000,19123.5,19144,19123.5,19144,16.098,308180.112
1606950240000,19144,19144,19120.5,19120.5,12.062,230631.471
1606950300000,19120.5,19124,19112,19124,22.914,438207.336
1606950360000,19124,19165.5,19124,19158,9.426,180583.308
1606950420000,19158,19158,19116.5,19132,25.491,487693.812
1606950480000,19132,19140.5,19132,19138.5,5.216,99826.416
1606950540000,19138.5,19143,19132.5,19143,3.892,74504.556
1606950600000,19143,19151.5,19143,19151.5,7.214,138158.921
1606950660000,19151.5,19156.5,19147,19149.5,3.579,68536.0605
1606950720000,19149.5,19149.5,19145,19145,6.357,121704.765
1606950780000,19145,19145,19144.5,19144.5,0.105,2010.1725
1606950840000,19144.5,19147.5,19144.5,19147.5,0.807,15452.0325
1606950900000,19147.5,19172.5,19147.5,19172.5,6.725,128935.0625
1606950960000,19172.5,19173,19166,19173,1.286,24656.478
1606951020000,19173,19173,19166.5,19169.5,0.732,14032.074
1606951080000,19169.5,19170,19169.5,19169.5,0.247,4734.8665
1606951140000,19169.5,19170.5,19164,19170.5,1.012,19400.546
1606951200000,19170.5,19171.5,19170.5,19171.5,5.713,109526.7795
1606951260000,19171.5,19176.5,19171.5,19176.5,1.007,19310.7355
1606951320000,19176.5,19176.5,19176,19176,0.531,10182.456
1606951380000,19176,19176,19173,19173.5,0.932,17869.702
1606951440000,19173.5,19176.5,19173.5,19176.5,15.003,287705.0295
1606951500000,19176.5,19185.5,19176.5,19185.5,22.237,426627.9635
1606951560000,19185.5,19185.5,19185.5,19185.5,0.223,4278.3665
1606951620000,19185.5,19186,19185.5,19185.5,0.118,2263.889
1606951680000,19185.5,19186,19185.5,19186,0.876,16806.936
1606951740000,19186,19186,19186,19186,0.01,191.86
1606951800000,19186,19200,19186,19200,33.706,647155.2
1606951860000,19200,19202,19197.5,19197.5,0.749,14378.9275
1606951920000,19197.5,19197.5,19187,19187,3.074,58980.838
1606951980000,19187,19187,19186.5,19186.5,0.064,1227.936
1606952040000,19186.5,19186.5,19174.5,19185.5,44.034,844814.307
1606952100000,19185.5,19210,19185.5,19206.5,9.37,179964.905
1606952160000,19206.5,19207,19204,19204,19.071,366239.484
1606952220000,19204,19206,19204,19206,0.132,2535.192
1606952280000,19206,19207,19206,19207,2.779,53376.253
1606952340000,19207,19210,19207,19209,5.206,100002.054
1606952400000,19209,19218.5,19208,19218.5,9.003,173024.1555
1606952460000,19218.5,19219.5,19218,19218,27.835,534933.03
1606952520000,19218,19218,19216.5,19217.5,0.937,18006.7975
1606952580000,19217.5,19226.5,19217.5,19226.5,6.263,120415.5695
1606952640000,19226.5,19228,19226.5,19228,0.16,3076.48
1606952700000,19228,19228,19227.5,19228,2.772,53300.016
1606952760000,19228,19229,19228,19229,0.194,3730.426
1606952820000,19229,19259,19228.5,19258.5,23.603,454558.3755
1606952880000,19258.5,19268.5,19252,19252.5,6.673,128471.9325
1606952940000,19252.5,19252.5,19231,19231,34.63,665969.53
1606953000000,19231,19238,19210.5,19213.5,18.651,358350.9885
1606953060000,19213.5,19214,19200,19202.5,12.524,240492.11
1606953120000,19202.5,19224.5,19202.5,19224,3.441,66149.784
1606953180000,19224,19224,19205.5,19205.5,4.444,85349.242
1606953240000,19205.5,19205.5,19200,19200,1.25,24000
1606953300000,19200,19200,19200,19200,0.03,576
1606953360000,19200,19215,19190.5,19215,41.281,793214.415
1606953420000,19215,19215,19204.5,19206.5,0.786,15096.309
1606953480000,19206.5,19207,19206.5,19207,0.182,3495.674
1606953540000,19207,19222.5,19207,19217.5,25.68,493505.4
1606953600000,19217.5,19234,19210.5,19234,15.746,302858.564
1606953660000,19234,19299,19234,19285.5,69.135,1333303.0425
1606953720000,19285.5,19292.5,19275,19292.5,1.477,28495.0225
1606953780000,19292.5,19293,19287.5,19292.5,1.681,32430.6925
1606953840000,19292.5,19292.5,19265.5,19265.5,12.183,234711.5865
1606953900000,19265.5,19279.5,19264.5,19279.5,1.834,35358.603
1606953960000,19279.5,19294,19279.5,19294,17.6,339574.4
1606954020000,19294,19295.5,19289.5,19289.5,3.333,64291.9035
1606954080000,19289.5,19289.5,19275.5,19276,4.465,86067.34
1606954140000,19276,19295.5,19276,19295.5,3.126,60317.733
1606954200000,19295.5,19295.5,19282,19282,1.194,23022.708
1606954260000,19282,19282,19256.5,19256.5,5.689,109550.2285
1606954320000,19256.5,19264,19248.5,19264,4.675,90059.2
1606954380000,19264,19275,19264,19264.5,0.203,3910.6935
1606954440000,19264.5,19264.5,19260.5,19260.5,1.448,27889.204
1606954500000,19260.5,19260.5,19258,19258,6.23,119977.34
1606954560000,19258,19268,19258,19268,11.617,223836.356
1606954620000,19268,19270.5,19251,19251,3.926,75579.426
1606954680000,19251,19251.5,19240.5,19250,17.661,339974.25
1606954740000,19250,19250,19244,19250,0.432,8316
1606954800000,19250,19268,19249.5,19268,1.072,20655.296
1606954860000,19268,19290,19268,19289.5,43.712,843182.624
1606954920000,19289.5,19290,19263.5,19263.5,10.266,197759.091
1606954980000,19263.5,19263.5,19234.5,19234.5,1.707,32833.2915
1606955040000,19234.5,19244,19227,19227,10.182,195769.314
1606955100000,19227,19241.5,19227,19232.5,6.278,120741.635
1606955160000,19232.5,19243,19232.5,19243,0.041,788.963
1606955220000,19243,19243.5,19232.5,19234,1.685,32409.29
1606955280000,19234,19234,19233.5,19233.5,0.198,3808.233
1606955340000,19233.5,19233.5,19227,19227.5,4.643,89273.2825
1606955400000,19227.5,19235.5,19214.5,19214.5,3.718,71439.511
1606955460000,19214.5,19214.5,19175.5,19186,67.742,1299698.012
1606955520000,19186,19200,19185.5,19200,5.454,104716.8
1606955580000,19200,19218,19195,19215,9.806,188422.29
1606955640000,19215,19217.5,19188,19191,6.808,130652.328
1606955700000,19191,19209.5,19187.5,19209.5,9.803,188310.7285
1606955760000,19209.5,19209.5,19199.5,19204.5,0.266,5108.397
1606955820000,19204.5,19205,19204.5,19204.5,3.285,63086.7825
1606955880000,19204.5,19204.5,19187.5,19192.5,5.772,110779.11
1606955940000,19192.5,19192.5,19186,19192.5,0.655,12571.0875
1606956000000,19192.5,19193,19182.5,19182.5,1.758,33722.835
1606956060000,19182.5,19187.5,19182,19182,1.135,21771.57
1606956120000,19182,19199.5,19182,19199.5,1.218,23384.991
1606956180000,19199.5,19204.5,19191,19191,3.303,63387.873
1606956240000,19191,19191,19187,19187,0.256,4911.872
1606956300000,19187,19187,19187,19187,0,0
1606956360000,19187,19197.5,19186.5,19197.5,1.642,31522.295
1606956420000,19197.5,19198,19194.5,19194.5,0.587,11267.1715
1606956480000,19194.5,19194.5,19194,19194,1.922,36890.868
1606956540000,19194,19194,19191,19193.5,0.164,3147.734
1606956600000,19193.5,19198,19193.5,19198,0.07,1343.86
1606956660000,19198,19198,19190.5,19190.5,6.013,115392.4765
1606956720000,19190.5,19190.5,19190.5,19190.5,0.1,1919.05
1606956780000,19190.5,19190.5,19190,19190.5,8.2,157362.1
1606956840000,19190.5,19190.5,19190,19190,0.01,191.9
1606956900000,19190,19193.5,19190,19193.5,5.581,107118.9235
1606956960000,19193.5,19193.5,19193.5,19193.5,0.94,18041.89
1606957020000,19193.5,19194,19193.5,19194,1.638,31439.772
1606957080000,19194,19194,19193.5,19193.5,0.941,18061.0835
1606957140000,19193.5,19194,19193.5,19194,0.071,1362.774
1606957200000,19194,19194,19190,19190,1.004,19266.76
1606957260000,19190,19190,19139.5,19143.5,144.441,2765106.2835
1606957320000,19143.5,19143.5,19078,19108.5,49.458,945068.193
1606957380000,19108.5,19116.5,19098,19116.5,48.452,926232.658
1606957440000,19116.5,19116.5,19111.5,19111.5,6.433,122944.2795
1606957500000,19111.5,19126,19105,19110.5,5.269,100693.2245
1606957560000,19110.5,19112,19100.5,19112,8.755,167325.56
1606957620000,19112,19114.5,19111.5,19114.5,4.38,83721.51
1606957680000,19114.5,19135,19114.5,19135,21.154,404781.79
1606957740000,19135,19136,19111,19136,39.247,751030.592
1606957800000,19136,19138,19131,19134.5,5.744,109908.568
1606957860000,19134.5,19134.5,19111.5,19111.5,17.995,343911.4425
1606957920000,19111.5,19111.5,19095,19095.5,29.261,558753.4255
1606957980000,19095.5,19095.5,19057,19071.5,32.132,612805.438
1606958040000,19071.5,19078,19070,19070.5,8.125,154947.8125
1606958100000,19070.5,19091,19070.5,19090,8.653,165185.77
1606958160000,19090,19090.5,19080,19080,8.955,170861.4
1606958220000,19080,19085,19080,19081.5,7.106,135593.139
1606958280000,19081.5,19085,19081.5,19085,0.376,7175.96
1606958340000,19085,19085,19080.5,19080.5,2.468,47090.674
1606958400000,19080.5,19090,19080.5,19090,12.368,236105.12
1606958460000,19090,19096.5,19090,19092.5,22.342,426564.635
1606958520000,19092.5,19096.5,19081,19085,18.04,344293.4
1606958580000,19085,19085,19067,19068.5,22.11,421604.535
1606958640000,19068.5,19074,19068.5,19068.5,4.215,80373.7275
1606958700000,19068.5,19102,19068.5,19102,10.541,201354.182
1606958760000,19102,19102,19085,19085,1.043,19905.655
1606958820000,19085,19085,19079,19079,1.549,29553.371
1606958880000,19079,19082.5,19079,19082,2.559,48830.838
1606958940000,19082,19082,19082,19082,0.05,954.1
1606959000000,19082,19090,19082,19085.5,5.029,95980.9795
1606959060000,19085.5,19085.5,19070.5,19070.5,4.453,84920.9365
1606959120000,19070.5,19070.5,19000,19005,111.5,2119057.5
1606959180000,19005,19018.5,19005,19008.5,7.525,143038.9625
1606959240000,19008.5,19028,19008.5,19028,24.743,470809.804
1606959300000,19028,19028,19024,19024,22.001,418547.024
1606959360000,19024,19024,19000.5,19001.5,31.181,592485.7715
1606959420000,19001.5,19004,18983.5,19004,44.129,838627.516
1606959480000,19004,19012,18995.5,18995.5,31.106,590874.023
1606959540000,18995.5,19004,18995.5,19004,2.392,45457.568
1606959600000,19004,19004,18974,18974,20.859,395778.666
1606959660000,18974,18989,18973.5,18988.5,2.801,53186.7885
1606959720000,18988.5,19004,18988.5,18998.5,5.307,100825.0395
1606959780000,18998.5,18998.5,18987,18987,2.058,39075.246
1606959840000,18987,18987,18965,18978,20.463,388346.814
1606959900000,18978,18981,18975,18975,0.421,7988.475
1606959960000,18975,18988.5,18956.5,18988.5,72.517,1376989.0545
1606960020000,18988.5,19012,18988.5,19012,10.588,201299.056
1606960080000,19012,19019,19012,19019,1.684,32027.996
1606960140000,19019,19019,19008,19008.5,0.395,7508.3575
1606960200000,19008.5,19019.5,19008.5,19012.5,6.131,116565.6375
1606960260000,19012.5,19015.5,19006.5,19015.5,1.274,24225.747
1606960320000,19015.5,19034.5,19015.5,19034.5,17.729,337462.6505
1606960380000,19034.5,19034.5,19034,19034,1.671,31805.814
1606960440000,19034,19035,19030.5,19030.5,3.904,74295.072
1606960500000,19030.5,19035.5,19030,19030,5.476,104208.28
1606960560000,19030,19030.5,19030,19030.5,20.03,381180.915
1606960620000,19030.5,19038,19030.5,19032,9.535,181470.12
1606960680000,19032,19035.5,19032,19032.5,23.383,445036.9475
1606960740000,19032.5,19032.5,19030,19030,7.497,142667.91
1606960800000,19030,19034,19026,19027.5,9.437,179562.5175
1606960860000,19027.5,19033,19027.5,19033,0.097,1846.201
1606960920000,19033,19039.5,19033,19039.5,2.162,41163.399
1606960980000,19039.5,19041,19039,19041,0.404,7692.564
1606961040000,19041,19041,19010.5,19010.5,36.281,689719.9505
1606961100000,19010.5,19011,18974.5,18978.5,38.018,721524.613
1606961160000,18978.5,18989.5,18976.5,18976.5,17.002,322638.453
1606961220000,18976.5,18976.5,18958,18963.5,19.797,375420.4095
1606961280000,18963.5,19006,18959,19006,50.225,954576.35
1606961340000,19006,19015,19006,19015,8.473,161114.095
1606961400000,19015,19078.5,19015,19073,45.06,859429.38
1606961460000,19073,19085,19056.5,19078,145.181,2769763.118
1606961520000,19078,19082.5,19065,19082,8.097,154506.954
1606961580000,19082,19082,19070.5,19080.5,11.034,210534.237
1606961640000,19080.5,19080.5,19075.5,19076,1.52,28995.52
1606961700000,19076,19077.5,19073,19075,1.315,25083.625
1606961760000,19075,19075,19065.5,19065.5,5.648,107681.944
1606961820000,19065.5,19066,19065.5,19065.5,8.017,152848.1135
1606961880000,19065.5,19065.5,19054.5,19054.5,6.613,126007.4085
1606961940000,19054.5,19054.5,19046,19049.5,3.981,75836.0595
1606962000000,19049.5,19049.5,19035,19035,7.847,149367.645
1606962060000,19035,19035,19033,19033,1.743,33174.519
1606962120000,19033,19033.5,19024,19024,7.388,140549.312
1606962180000,19024,19024,19021,19021,0.29,5516.09
1606962240000,19021,19021,19018.5,19018.5,16.226,308594.181
1606962300000,19018.5,19018.5,19015,19015,2.232,42441.48
1606962360000,19015,19015.5,19015,19015,0.16,3042.4
1606962420000,19015,19046,19015,19046,25.034,476797.564
1606962480000,19046,19049,19046,19049,2.664,50746.536
1606962540000,19049,19055,19036.5,19036.5,12.025,228913.9125
1606962600000,19036.5,19036.5,19014.5,19014.5,2.257,42915.7265
1606962660000,19014.5,19016,19008.5,19016,1.781,33867.496
1606962720000,19016,19021,19016,19019,10.272,195363.168
1606962780000,19019,19019,19009,19009.5,15.756,299513.682
1606962840000,19009.5,19033,18994.5,19033,20.271,385817.943
1606962900000,19033,19058,19033,19058,24.026,457887.508
1606962960000,19058,19093,19058,19082,42.941,819400.162
1606963020000,19082,19083.5,19082,19083,7.101,135508.383
1606963080000,19083,19087.5,19069,19069,5.775,110123.475
1606963140000,19069,19078,19069,19073,0.164,3127.972
1606963200000,19073,19073,19067,19068.5,1.086,20708.391
1606963260000,19068.5,19070.5,19066.5,19070.5,10.07,192039.935
1606963320000,19070.5,19071,19065,19065,6.038,115114.47
1606963380000,19065,19072,19061.5,19072,2.007,38277.504
1606963440000,19072,19083.5,19072,19083.5,15.157,289248.6095
1606963500000,19083.5,19083.5,19077,19080.5,24.763,472490.4215
1606963560000,19080.5,19080.5,19071,19071,2.609,49756.239
1606963620000,19071,19078,19071,19078,14.25,271861.5
1606963680000,19078,19078,19070,19070,3.316,63236.12
1606963740000,19070,19070,19069.5,19069.5,1,19069.5
1606963800000,19069.5,19075.5,19069.5,19075.5,0.125,2384.4375
1606963860000,19075.5,19078,19075.5,19078,1,19078
1606963920000,19078,19078,19073.5,19073.5,3.427,65364.8845
1606963980000,19073.5,19073.5,19046,19046,52.451,998981.746
1606964040000,19046,19051,19046,19046,1.113,21198.198
1606964100000,19046,19049.5,19046,19049.5,9.001,171464.5495
1606964160000,19049.5,19063,19046,19063,7.975,152027.425
1606964220000,19063,19063,19048,19048,5.251,100021.048
1606964280000,19048,19048,19039.5,19039.5,2.74,52168.23
1606964340000,19039.5,19045,19036.5,19045,3.892,74123.14
1606964400000,19045,19067,19027.5,19067,33.829,645017.543
1606964460000,19067,19080.5,19067,19078,15.762,300707.436
1606964520000,19078,19082.5,19078,19082.5,6.169,117719.9425
1606964580000,19082.5,19083.5,19079.5,19083.5,0.675,12881.3625
1606964640000,19083.5,19083.5,19083,19083,3.37,64309.71
1606964700000,19083,19084,19083,19084,0.973,18568.732
1606964760000,19084,19092,19084,19092,10.379,198155.868
1606964820000,19092,19102,19092,19102,3.283,62711.866
1606964880000,19102,19103,19102,19103,2.543,48578.929
1606964940000,19103,19114.5,19102.5,19114.5,8.508,162626.166
1606965000000,19114.5,19121.5,19114.5,19121.5,6.762,129299.583
1606965060000,19121.5,19122,19120.5,19120.5,1.359,25984.7595
1606965120000,19120.5,19120.5,19120,19120,0.507,9693.84
1606965180000,19120,19120,19114.5,19114.5,6.516,124550.082
1606965240000,19114.5,19139,19114.5,19139,40.142,768277.738
1606965300000,19139,19157.5,19139,19143.5,10.628,203457.118
1606965360000,19143.5,19150,19143,19150,1.084,20758.6
1606965420000,19150,19150,19137,19137,5.908,113061.396
1606965480000,19137,19137,19134.5,19134.5,9.07,173549.915
1606965540000,19134.5,19139,19129,19139,7.98,152729.22
1606965600000,19139,19139.5,19139,19139,3.566,68249.674
1606965660000,19139,19139,19132.5,19132.5,0.64,12244.8
1606965720000,19132.5,19132.5,19130.5,19130.5,0.353,6753.0665
1606965780000,19130.5,19130.5,19130.5,19130.5,0,0
1606965840000,19130.5,19130.5,19127,19127,5.14,98312.78
1606965900000,19127,19127.5,19127,19127.5,0.074,1415.435
1606965960000,19127.5,19127.5,19121,19121,1.725,32983.725
1606966020000,19121,19121,19120.5,19121,0.579,11071.059
1606966080000,19121,19121,19121,19121,0,0
1606966140000,19121,19121,19121,19121,0,0
1606966200000,19121,19121,19112.5,19112.5,1.581,30216.8625
1606966260000,19112.5,19121,19112.5,19121,21.017,401866.057
1606966320000,19121,19136.5,19121,19136.5,53.949,1032395.0385
1606966380000,19136.5,19136.5,19126.5,19126.5,2.041,39037.1865
1606966440000,19126.5,19126.5,19118,19118,0.514,9826.652
1606966500000,19118,19118,19116,19116,1.206,23053.896
1606966560000,19116,19119,19116,19119,0.301,5754.819
1606966620000,19119,19119.5,19119,19119,0.502,9597.738
1606966680000,19119,19119,19118,19118,0.117,2236.806
1606966740000,19118,19121,19115,19121,1,19121
1606966800000,19121,19128,19121,19128,9.437,180510.936
1606966860000,19128,19134,19128,19134,11.864,227005.776
1606966920000,19134,19153,19134,19153,32.052,613891.956
1606966980000,19153,19169.5,19153,19169.5,25.247,483972.3665
1606967040000,19169.5,19170,19169.5,19169.5,3.287,63010.1465
1606967100000,19169.5,19179,19169.5,19170,21.79,417714.3
1606967160000,19170,19170,19162,19162,1.801,34510.762
1606967220000,19162,19162,19151.5,19151.5,0.381,7296.7215
1606967280000,19151.5,19151.5,19146,19146.5,0.325,6222.6125
1606967340000,19146.5,19153,19144.5,19153,6.306,120778.818
1606967400000,19153,19153,19151.5,19151.5,0.122,2336.483
1606967460000,19151.5,19151.5,19149,19149,0.002,38.298
1606967520000,19149,19149,19135.5,19135.5,2.393,45791.2515
1606967580000,19135.5,19135.5,19130,19130,3.512,67184.56
1606967640000,19130,19130,19123.5,19125,4.228,80860.5
1606967700000,19125,19125,19114.5,19114.5,5.267,100676.0715
1606967760000,19114.5,19114.5,19113.5,19114,4.138,79093.732
1606967820000,19114,19114,19113.5,19113.5,0.012,229.362
1606967880000,19113.5,19114,19113.5,19114,0.128,2446.592
1606967940000,19114,19114,19093,19093,30.983,591558.419
1606968000000,19093,19093,19079,19086,11.267,215041.962
1606968060000,19086,19099.5,19086,19092.5,4.951,94526.9675
1606968120000,19092.5,19098.5,19080,19081.5,1.589,30320.5035
1606968180000,19081.5,19088,19081.5,19088,5.672,108267.136
1606968240000,19088,19089.5,19081.5,19081.5,0.567,10819.2105
1606968300000,19081.5,19083.5,19081,19083.5,2.207,42117.2845
1606968360000,19083.5,19084,19083.5,19083.5,0.133,2538.1055
1606968420000,19083.5,19099,19083.5,19099,0.073,1394.227
1606968480000,19099,19099,19094,19094.5,0.428,8172.446
1606968540000,19094.5,19099.5,19094.5,19099.5,3.32,63410.34
1606968600000,19099.5,19099.5,19099.5,19099.5,1.022,19519.689
1606968660000,19099.5,19099.5,19099,19099,2,38198
1606968720000,19099,19101,19099,19101,5.852,111779.052
1606968780000,19101,19101,19101,19101,2,38202
1606968840000,19101,19101,19101,19101,0.25,4775.25
1606968900000,19101,19101.5,19101,19101.5,0.916,17496.974
1606968960000,19101.5,19107.5,19101.5,19107,6.096,116476.272
1606969020000,19107,19120,19107,19120,16.02,306302.4
1606969080000,19120,19120,19110.5,19110.5,0.657,12555.5985
1606969140000,19110.5,19110.5,19095,19095,5.808,110903.76
1606969200000,19095,19095,19092,19092,3,57276
1606969260000,19092,19092,19090,19090,0.462,8819.58
1606969320000,19090,19090,19089,19089,1.585,30256.065
1606969380000,19089,19089,19087.5,19087.5,10,190875
1606969440000,19087.5,19087.5,19087,19087,0.4,7634.8
1606969500000,19087,19087,19048,19048,25.968,494638.464
1606969560000,19048,19048,19045.5,19045.5,0.533,10151.2515
1606969620000,19045.5,19060,19045.5,19060,0.144,2744.64
1606969680000,19060,19065.5,19060,19065,9.58,182642.7
1606969740000,19065,19065,19059,19059,0.06,1143.54
1606969800000,19059,19065,19059,19065,0.002,38.13
1606969860000,19065,19066,19065,19066,3.662,69819.692
1606969920000,19066,19068,19065.5,19068,0.508,9686.544
1606969980000,19068,19068,19053.5,19053.5,1.06,20196.71
1606970040000,19053.5,19056.5,19049,19049,14.855,282972.895
1606970100000,19049,19049,19038.5,19038.5,12.057,229547.1945
1606970160000,19038.5,19067,19038.5,19067,8.507,162202.969
1606970220000,19067,19068,19047,19047,2.065,39332.055
1606970280000,19047,19047,19045,19045,0.95,18092.75
1606970340000,19045,19051,19045,19051,0.276,5258.076
1606970400000,19051,19051,19046,19046,0.698,13294.108
1606970460000,19046,19054.5,19046,19054.5,14.394,274270.473
1606970520000,19054.5,19070.5,19054.5,19070.5,0.433,8257.5265
1606970580000,19070.5,19071.5,19068.5,19068.5,21.964,418820.534
1606970640000,19068.5,19068.5,19062,19062,5.252,100113.624
1606970700000,19062,19062,19061.5,19061.5,0.806,15363.569
1606970760000,19061.5,19082,19061,19081.5,0.993,18947.9295
1606970820000,19081.5,19082,19081.5,19081.5,1.114,21256.791
1606970880000,19081.5,19081.5,19080.5,19080.5,1.255,23946.0275
1606970940000,19080.5,19080.5,19070.5,19070.5,8.062,153746.371
1606971000000,19070.5,19070.5,19063,19063.5,13.797,263019.1095
1606971060000,19063.5,19064,19063.5,19063.5,0.25,4765.875
1606971120000,19063.5,19064,19063.5,19063.5,6,114381
1606971180000,19063.5,19064,19062,19062,0.02,381.24
1606971240000,19062,19062,19060.5,19060.5,3.597,68560.6185
1606971300000,19060.5,19061,19059.5,19059.5,4.224,80507.328
1606971360000,19059.5,19059.5,19053.5,19053.5,3.72,70879.02
1606971420000,19053.5,19053.5,19053,19053.5,3.063,58360.8705
1606971480000,19053.5,19053.5,19053,19053,0.072,1371.816
1606971540000,19053,19053.5,19045,19045,23.125,440415.625
1606971600000,19045,19045,19032.5,19032.5,4.765,90689.8625
1606971660000,19032.5,19036,19032.5,19036,18.106,344665.816
1606971720000,19036,19061,19036,19061,3.218,61338.298
1606971780000,19061,19061,19061,19061,2,38122
1606971840000,19061,19061,19061,19061,0,0
1606971900000,19061,19073,19061,19073,11.18,213236.14
1606971960000,19073,19082.5,19073,19082.5,6.779,129360.2675
1606972020000,19082.5,19083,19082.5,19083,0.021,400.743
1606972080000,19083,19084.5,19083,19084.5,0.522,9962.109
1606972140000,19084.5,19085,19084.5,19085,1.824,34811.04
1606972200000,19085,19085,19084.5,19084.5,10.095,192658.0275
1606972260000,19084.5,19084.5,19083,19084.5,2.143,40898.0835
1606972320000,19084.5,19084.5,19059,19059,7.768,148050.312
1606972380000,19059,19059.5,19053,19053,4.699,89530.047
1606972440000,19053,19053,19051,19051,2.21,42102.71
1606972500000,19051,19060.5,19051,19060.5,2.892,55122.966
1606972560000,19060.5,19060.5,19060.5,19060.5,0,0
1606972620000,19060.5,19061,19060.5,19060.5,3.272,62365.956
1606972680000,19060.5,19062,19060.5,19062,0.841,16031.142
1606972740000,19062,19064.5,19056,19056,4.264,81254.784
1606972800000,19056,19111,19050.5,19111,19.154,366052.094
1606972860000,19111,19111,19105.5,19105.5,0.509,9724.6995
1606972920000,19105.5,19111,19105.5,19110,5.406,103308.66
1606972980000,19110,19110,19109.5,19110,0.121,2312.31
1606973040000,19110,19110,19108.5,19108.5,3.033,57956.0805
1606973100000,19108.5,19108.5,19107.5,19107.5,1.441,27533.9075
1606973160000,19107.5,19108,19107.5,19108,0.853,16299.124
1606973220000,19108,19108,19107.5,19108,0.192,3668.736
1606973280000,19108,19108,19104,19104,5.155,98481.12
1606973340000,19104,19104,19102.5,19102.5,10.785,206020.4625
1606973400000,19102.5,19102.5,19095.5,19095.5,14.468,276273.694
1606973460000,19095.5,19095.5,19092.5,19092.5,4.349,83033.2825
1606973520000,19092.5,19092.5,19076,19076.5,5.773,110128.6345
1606973580000,19076.5,19076.5,19074,19074,0.029,553.146
1606973640000,19074,19074,19073,19073,3.693,70436.589
1606973700000,19073,19073,19065.5,19065.5,4.24,80837.72
1606973760000,19065.5,19073.5,19065.5,19073.5,1.967,37517.5745
1606973820000,19073.5,19076,19057.5,19057.5,0.715,13626.1125
1606973880000,19057.5,19057.5,19021.5,19021.5,57.841,1100222.5815
1606973940000,19021.5,19021.5,18984.5,18995.5,73.551,1397138.0205
1606974000000,18995.5,18995.5,18972,18972,14.927,283195.044
1606974060000,18972,18977.5,18910.5,18935.5,154.999,2934983.5645
1606974120000,18935.5,18935.5,18876,18931,58.069,1099304.239
1606974180000,18931,18931,18904,18913.5,8.606,162769.581
1606974240000,18913.5,18914,18911,18911,2.012,38048.932
1606974300000,18911,18924.5,18911,18921,31.073,587932.233
1606974360000,18921,18940,18920.5,18940,28.179,533710.26
1606974420000,18940,18940,18909,18923,14.317,270920.591
1606974480000,18923,18938,18923,18938,9.616,182107.808
1606974540000,18938,18941.5,18936.5,18936.5,6.538,123806.837
1606974600000,18936.5,18965.5,18936,18965.5,8.074,153127.447
1606974660000,18965.5,18965.5,18954,18954,5.235,99224.19
1606974720000,18954,18956.5,18954,18956,22.118,419268.808
1606974780000,18956,18956,18947.5,18948,4.399,83352.252
1606974840000,18948,18948,18945,18945.5,12.402,234962.091
1606974900000,18945.5,18945.5,18942.5,18945,3.272,61988.04
1606974960000,18945,18949,18945,18949,1.948,36912.652
1606975020000,18949,18950,18935.5,18935.5,0.999,18916.5645
1606975080000,18935.5,18935.5,18933.5,18934,0.298,5642.332
1606975140000,18934,18934,18928,18930,21.733,411405.69
1606975200000,18930,18930,18896,18910,33.881,640689.71
1606975260000,18910,18959,18910,18959,43.006,815350.754
1606975320000,18959,19007,18959,19006.5,88.686,1685610.459
1606975380000,19006.5,19006.5,18984,18984,48.703,924577.752
1606975440000,18984,18984,18974.5,18974.5,6.688,126901.456
1606975500000,18974.5,18974.5,18964.5,18971,8.434,160001.414
1606975560000,18971,18974,18967.5,18974,1.222,23186.228
1606975620000,18974,18974,18973.5,18974,0.477,9050.598
1606975680000,18974,18989,18974,18975.5,58.434,1108814.367
1606975740000,18975.5,18976,18966.5,18976,17.145,325343.52
1606975800000,18976,18992,18976,18991.5,3.747,71161.1505
1606975860000,18991.5,19004.5,18991.5,18998.5,3.322,63113.017
1606975920000,18998.5,18999,18975,18976,9.309,176647.584
1606975980000,18976,18998,18975,18998,1.884,35792.232
1606976040000,18998,19004.5,18991,18991,1.699,32265.709
1606976100000,18991,18991,18980.5,18980.5,1.666,31621.513
1606976160000,18980.5,18982.5,18980.5,18982.5,0.2,3796.5
1606976220000,18982.5,18982.5,18976.5,18976.5,1.181,22411.2465
1606976280000,18976.5,18998.5,18973,18998.5,13.365,253914.9525
1606976340000,18998.5,18998.5,18985,18985,1.909,36242.365
1606976400000,18985,18985.5,18985,18985,0.097,1841.545
1606976460000,18985,18985.5,18985,18985.5,0.1,1898.55
1606976520000,18985.5,19000,18985.5,19000,1.107,21033
1606976580000,19000,19001.5,18960,18960,40.136,760978.56
1606976640000,18960,18983,18960,18980.5,1.834,34810.237
1606976700000,18980.5,18980.5,18980.5,18980.5,0,0
1606976760000,18980.5,18980.5,18969,18969,0.02,379.38
1606976820000,18969,18969,18968.5,18969,0.659,12500.571
1606976880000,18969,18975.5,18969,18975.5,0.145,2751.4475
1606976940000,18975.5,18992,18975.5,18992,2.968,56368.256
1606977000000,18992,18992.5,18991,18991,1.727,32797.457
1606977060000,18991,18991,18971.5,18971.5,0.047,891.6605
1606977120000,18971.5,18990.5,18971,18982.5,3.722,70652.865
1606977180000,18982.5,18982.5,18982.5,18982.5,0.001,18.9825
1606977240000,18982.5,18990.5,18982.5,18987.5,0.672,12759.6
1606977300000,18987.5,18987.5,18975.5,18976,0.052,986.752
1606977360000,18976,18976,18975.5,18975.5,0.549,10417.5495
1606977420000,18975.5,18976,18970,18970.5,1.426,27051.933
1606977480000,18970.5,18975.5,18968.5,18973,2.174,41247.302
1606977540000,18973,18973,18969.5,18969.5,4.45,84414.275
1606977600000,18969.5,18969.5,18963.5,18963.5,1.782,33792.957
1606977660000,18963.5,18990.5,18959.5,18990.5,8.091,153652.1355
1606977720000,18990.5,18999,18990.5,18998.5,1.995,37902.0075
1606977780000,18998.5,18999.5,18993.5,18993.5,2.03,38556.805
1606977840000,18993.5,18993.5,18984,18984,5.146,97691.664
1606977900000,18984,18984,18976.5,18976.5,1.152,21860.928
1606977960000,18976.5,18979,18976.5,18979,6.043,114690.097
1606978020000,18979,18979.5,18979,18979,2.107,39988.753
1606978080000,18979,18979,18975.5,18975.5,0.453,8595.9015
1606978140000,18975.5,18975.5,18965.5,18965.5,2.245,42577.5475
1606978200000,18965.5,18965.5,18965,18965,0.09,1706.85
1606978260000,18965,18965.5,18965,18965.5,2.04,38689.62
1606978320000,18965.5,18965.5,18965,18965,5.313,100761.045
1606978380000,18965,18976,18965,18976,2.408,45694.208
1606978440000,18976,18976,18976,18976,0.152,2884.352
1606978500000,18976,18976,18976,18976,0,0
1606978560000,18976,18985.5,18976,18985.5,1.035,19649.9925
1606978620000,18985.5,18986,18964,18967,2.253,42732.651
1606978680000,18967,18967,18950,18950,5.603,106176.85
1606978740000,18950,18965,18949.5,18965,4.849,91961.285
1606978800000,18965,18970.5,18964,18964,20.889,396138.996
1606978860000,18964,18964,18931,18931,5.538,104839.878
1606978920000,18931,18933.5,18919,18919,7.87,148892.53
1606978980000,18919,18929.5,18919,18922.5,1.283,24277.5675
1606979040000,18922.5,18940.5,18922.5,18932.5,2.024,38319.38
1606979100000,18932.5,18937,18931,18934.5,3.06,57939.57
1606979160000,18934.5,18941,18934.5,18941,4.587,86882.367
1606979220000,18941,18946,18941,18946,27.005,511636.73
1606979280000,18946,18954.5,18946,18954.5,10.141,192217.5845
1606979340000,18954.5,18955,18954,18954,0.227,4302.558
1606979400000,18954,18954,18948,18948,67.181,1272945.588
1606979460000,18948,18948.5,18945,18945,1.502,28455.39
1606979520000,18945,18945,18944,18944,0.005,94.72
1606979580000,18944,18944,18944,18944,0,0
1606979640000,18944,18944,18940,18940,2.368,44849.92
1606979700000,18940,18940,18926,18926,2.81,53182.06
1606979760000,18926,18966.5,18926,18966.5,9.482,179840.353
1606979820000,18966.5,18981.5,18966.5,18981,9.547,181211.607
1606979880000,18981,18982.5,18976,18976.5,1.03,19545.795
1606979940000,18976.5,18997,18976.5,18997,10.924,207523.228
1606980000000,18997,19032.5,18997,19031,48.526,923498.306
1606980060000,19031,19031,19025.5,19025.5,3.399,64667.6745
1606980120000,19025.5,19045,19025,19044.5,23.303,443793.9835
1606980180000,19044.5,19068,19044.5,19068,33.215,633343.62
1606980240000,19068,19068.5,19063,19063,8.145,155268.135
1606980300000,19063,19063.5,19061,19061,3.318,63244.398
1606980360000,19061,19071.5,19053.5,19070.5,7.715,147128.9075
1606980420000,19070.5,19070.5,19061,19069,6.123,116759.487
1606980480000,19069,19069.5,19064,19069.5,14.004,267049.278
1606980540000,19069.5,19069.5,19067.5,19068,3.853,73469.004
1606980600000,19068,19073,19068,19073,5.74,109479.02
1606980660000,19073,19133.5,19073,19133.5,80.917,1548225.4195
1606980720000,19133.5,19153,19118.5,19153,56.567,1083427.751
1606980780000,19153,19221,19153,19194.5,243.153,4667200.2585
1606980840000,19194.5,19223,19194.5,19217.5,57.685,1108561.4875
1606980900000,19217.5,19217.5,19197,19204,12.722,244313.288
1606980960000,19204,19204,19185,19192,16.135,309662.92
1606981020000,19192,19195,19181,19186.5,5.827,111799.7355
1606981080000,19186.5,19187,19186.5,19187,1.651,31677.737
1606981140000,19187,19187,19186.5,19187,0.686,13162.282
1606981200000,19187,19187,19172.5,19172.5,15.096,289428.06
1606981260000,19172.5,19222,19172.5,19206,60.95,1170605.7
1606981320000,19206,19221,19202.5,19215,12.322,236767.23
1606981380000,19215,19215,19199,19202.5,33.049,634623.4225
1606981440000,19202.5,19204.5,19193,19196,11.972,229814.512
1606981500000,19196,19199,19192,19199,22.832,438351.568
1606981560000,19199,19252.5,19198.5,19252.5,17.535,337592.5875
1606981620000,19252.5,19255,19232,19243.5,29.704,571608.924
1606981680000,19243.5,19243.5,19226,19226.5,3.272,62909.108
1606981740000,19226.5,19227,19221.5,19221.5,5.342,102681.253
1606981800000,19221.5,19238,19221,19227,7.955,152950.785
1606981860000,19227,19227,19220.5,19227,2.723,52355.121
1606981920000,19227,19229,19223,19223.5,0.679,13052.7565
1606981980000,19223.5,19223.5,19213,19216,30.832,592467.712
1606982040000,19216,19216.5,19200,19200,5.764,110668.8
1606982100000,19200,19230.5,19194.5,19230.5,56.325,1083157.9125
1606982160000,19230.5,19230.5,19213.5,19224.5,13.565,260780.3425
1606982220000,19224.5,19224.5,19218.5,19219,2.293,44069.167
1606982280000,19219,19224,19219,19219,2.921,56138.699
1606982340000,19219,19219,19205,19208.5,4.839,92949.9315
1606982400000,19208.5,19217,19208,19216.5,11.944,229521.876
1606982460000,19216.5,19217,19216.5,19216.5,0.674,12951.921
1606982520000,19216.5,19217,19216.5,19217,3.621,69584.757
1606982580000,19217,19217,19216.5,19216.5,9.381,180269.9865
1606982640000,19216.5,19217,19216.5,19217,1.201,23079.617
1606982700000,19217,19217,19210.5,19210.5,4.329,83162.2545
1606982760000,19210.5,19210.5,19202,19202,2.613,50174.826
1606982820000,19202,19202,19190,19190,6.131,117653.89
1606982880000,19190,19190,19176,19179.5,27.935,535779.3325
1606982940000,19179.5,19185,19179,19183,14.03,269137.49
1606983000000,19183,19186.5,19182,19186.5,0.363,6964.6995
1606983060000,19186.5,19186.5,19183.5,19183.5,0.264,5064.444
1606983120000,19183.5,19183.5,19180.5,19180.5,3.252,62374.986
1606983180000,19180.5,19180.5,19179.5,19180,10.469,200795.42
1606983240000,19180,19181,19180,19181,1.354,25971.074
1606983300000,19181,19210,19181,19210,8.77,168471.7
1606983360000,19210,19242,19210,19239.5,35.581,684560.6495
1606983420000,19239.5,19314.5,19232,19307.5,97.365,1879874.7375
1606983480000,19307.5,19418.5,19307.5,19391,364.722,7072324.302
1606983540000,19391,19441,19353.5,19440.5,79.136,1538443.408
1606983600000,19440.5,19455,19421,19451.5,81.824,1591599.536
1606983660000,19451.5,19461,19434.5,19461,13.924,270974.964
1606983720000,19461,19467,19460.5,19466.5,16.831,327640.6615
1606983780000,19466.5,19467,19452.5,19457.5,20.761,403957.1575
1606983840000,19457.5,19458,19446.5,19446.5,14.244,276995.946
1606983900000,19446.5,19447,19431.5,19432,9.981,193950.792
1606983960000,19432,19458,19421,19453.5,13.579,264159.0765
1606984020000,19453.5,19473.5,19450,19450,12.182,236939.9
1606984080000,19450,19463,19450,19455,8.288,161243.04
1606984140000,19455,19455,19436,19440,2.581,50174.64
1606984200000,19440,19466,19440,19466,15.169,295279.754
1606984260000,19466,19466,19458,19458,8.028,156208.824
1606984320000,19458,19458,19443,19450.5,18.331,356547.1155
1606984380000,19450.5,19454.5,19450.5,19454.5,1.598,31088.291
1606984440000,19454.5,19454.5,19443.5,19443.5,3.713,72193.7155
1606984500000,19443.5,19445.5,19427.5,19443.5,14.329,278605.9115
1606984560000,19443.5,19443.5,19416,19416,19.65,381524.4
1606984620000,19416,19426,19416,19419,4.666,90609.054
1606984680000,19419,19425,19419,19424.5,0.933,18123.0585
1606984740000,19424.5,19424.5,19387,19387,39.136,758729.632
1606984800000,19387,19387,19383.5,19387,51.136,991373.632
1606984860000,19387,19387,19382,19382,5.586,108267.852
1606984920000,19382,19385,19382,19385,2.908,56371.58
1606984980000,19385,19406,19385,19406,7.043,136676.458
1606985040000,19406,19408.5,19384.5,19389.5,7.795,151141.1525
1606985100000,19389.5,19404,19389.5,19398.5,6.358,123335.663
1606985160000,19398.5,19409,19398.5,19409,2.668,51783.212
1606985220000,19409,19411,19395,19395,22.849,443156.355
1606985280000,19395,19402,19394.5,19401.5,13.423,260426.3345
1606985340000,19401.5,19402,19385.5,19385.5,2.089,40496.3095
1606985400000,19385.5,19392,19385,19389.5,3.402,65963.079
1606985460000,19389.5,19389.5,19385.5,19385.5,1.233,23902.3215
1606985520000,19385.5,19393,19385.5,19393,1.077,20886.261
1606985580000,19393,19397,19393,19397,12.853,249309.641
1606985640000,19397,19397,19388,19388,8.674,168171.512
1606985700000,19388,19393,19388,19393,3.924,76098.132
1606985760000,19393,19396.5,19392,19392,28.753,557578.176
1606985820000,19392,19400,19392,19399.5,12.499,242474.3505
1606985880000,19399.5,19404.5,19399.5,19404.5,0.879,17056.5555
1606985940000,19404.5,19405.5,19404.5,19405.5,1.567,30408.4185
1606986000000,19405.5,19438,19405.5,19428,17.72,344264.16
1606986060000,19428,19435,19426,19430.5,1.139,22131.3395
1606986120000,19430.5,19430.5,19428,19428,0.35,6799.8
1606986180000,19428,19428,19408,19408.5,9.495,184283.7075
1606986240000,19408.5,19413.5,19408,19413.5,1.116,21665.466
1606986300000,19413.5,19413.5,19359.5,19363.5,21.789,421911.3015
1606986360000,19363.5,19363.5,19341,19350,60.451,1169726.85
1606986420000,19350,19350.5,19243.5,19280,329.544,6353608.32
1606986480000,19280,19298,19280,19289.5,35.297,680861.4815
1606986540000,19289.5,19289.5,19123.5,19141,264.525,5063273.025
1606986600000,19141,19224,19141,19202.5,71.613,1375148.6325
1606986660000,19202.5,19254,19197.5,19239.5,40.923,787338.0585
1606986720000,19239.5,19239.5,19200,19200,29.873,573561.6
1606986780000,19200,19200,19172,19190.5,59.993,1151295.6665
1606986840000,19190.5,19225.5,19190.5,19205.5,24.203,464830.7165
1606986900000,19205.5,19237,19205.5,19237,5.397,103822.089
1606986960000,19237,19242,19215.5,19215.5,2.824,54264.572
1606987020000,19215.5,19234,19215,19234,1.05,20195.7
1606987080000,19234,19234.5,19208,19224,16.679,320637.096
1606987140000,19224,19243,19224,19243,4.42,85054.06
1606987200000,19243,19249,19240.5,19240.5,4.743,91257.6915
1606987260000,19240.5,19245.5,19223.5,19238.5,16.426,316011.601
1606987320000,19238.5,19238.5,19231,19231.5,1.572,30231.918
1606987380000,19231.5,19235,19228.5,19235,60.998,1173296.53
1606987440000,19235,19237.5,19224.5,19228.5,5.343,102737.8755
1606987500000,19228.5,19236.5,19219,19219,3.13,60155.47
1606987560000,19219,19222,19218,19222,21.492,413119.224
1606987620000,19222,19222,19213,19213.5,1.804,34661.154
1606987680000,19213.5,19213.5,19190.5,19190.5,35.521,681665.7505
1606987740000,19190.5,19197,19185,19197,3.575,68629.275
1606987800000,19197,19204.5,19184,19196.5,10.024,192425.716
1606987860000,19196.5,19226,19196.5,19226,6.336,121815.936
1606987920000,19226,19226,19225.5,19226,7.163,137715.838
1606987980000,19226,19229,19226,19227.5,14.879,286085.9725
1606988040000,19227.5,19227.5,19227,19227,15.237,292961.799
1606988100000,19227,19246.5,19227,19246.5,9.271,178434.3015
1606988160000,19246.5,19287.5,19246.5,19263.5,16.73,322278.355
1606988220000,19263.5,19264,19263.5,19264,2.21,42573.44
1606988280000,19264,19264,19238.5,19256,11.683,224967.848
1606988340000,19256,19256.5,19256,19256,1.26,24262.56
1606988400000,19256,19258.5,19256,19256,4.163,80162.728
1606988460000,19256,19256,19251,19251.5,0.75,14438.625
1606988520000,19251.5,19251.5,19246,19246,16.384,315326.464
1606988580000,19246,19263,19246,19263,4.25,81867.75
1606988640000,19263,19273.5,19263,19265.5,47.13,907983.015
1606988700000,19265.5,19283.5,19250.5,19283.5,33.153,639305.8755
1606988760000,19283.5,19290.5,19283.5,19290.5,18.458,356064.049
1606988820000,19290.5,19325,19290,19325,57.155,1104520.375
1606988880000,19325,19327,19319,19319,55.54,1072977.26
1606988940000,19319,19319.5,19317.5,19317.5,33.058,638597.915
1606989000000,19317.5,19318,19309,19318,1.612,31140.616
1606989060000,19318,19328,19318,19328,0.892,17240.576
1606989120000,19328,19330.5,19327.5,19330.5,9.957,192473.7885
1606989180000,19330.5,19330.5,19330.5,19330.5,2.212,42759.066
1606989240000,19330.5,19331,19328,19331,1.892,36574.252
1606989300000,19331,19331,19330.5,19330.5,0.049,947.1945
1606989360000,19330.5,19331,19312.5,19312.5,2.897,55948.3125
1606989420000,19312.5,19313,19300,19303.5,3.694,71307.129
1606989480000,19303.5,19337,19302.5,19337,12.322,238270.514
1606989540000,19337,19365,19337,19365,63.811,1235700.015
1606989600000,19365,19365,19337.5,19346.5,5.909,114318.4685
1606989660000,19346.5,19357,19345,19345,1.992,38535.24
1606989720000,19345,19345,19333,19342.5,4.773,92321.7525
1606989780000,19342.5,19342.5,19333,19333,1.744,33716.752
1606989840000,19333,19333,19324,19327,7.058,136409.966
1606989900000,19327,19332,19321.5,19321.5,1.051,20306.8965
1606989960000,19321.5,19321.5,19315.5,19315.5,5.206,100556.493
1606990020000,19315.5,19315.5,19305,19305,20.597,397625.085
1606990080000,19305,19305.5,19302,19305.5,2.903,56043.8665
1606990140000,19305.5,19311.5,19305.5,19311.5,3.33,64307.295
1606990200000,19311.5,19311.5,19295,19295.5,1.109,21398.7095
1606990260000,19295.5,19311.5,19295.5,19301,1.738,33545.138
1606990320000,19301,19301,19280,19280,7.394,142556.32
1606990380000,19280,19280.5,19254.5,19261.5,37.215,716816.7225
1606990440000,19261.5,19281,19261.5,19281,2.802,54025.362
1606990500000,19281,19320,19281,19312,16.468,318030.016
1606990560000,19312,19312,19288.5,19288.5,0.52,10030.02
1606990620000,19288.5,19305.5,19288.5,19298,2.089,40313.522
1606990680000,19298,19298,19288.5,19294.5,9.211,177721.6395
1606990740000,19294.5,19325.5,19294.5,19325.5,26.413,510444.4315
1606990800000,19325.5,19341.5,19325.5,19341.5,2.694,52106.001
1606990860000,19341.5,19350,19341.5,19348.5,11.926,230750.211
1606990920000,19348.5,19350,19348.5,19349.5,2.213,42820.4435
1606990980000,19349.5,19349.5,19342,19342,27.608,533993.936
1606991040000,19342,19342,19321.5,19321.5,4.52,87333.18
1606991100000,19321.5,19321.5,19318.5,19318.5,4.977,96148.1745
1606991160000,19318.5,19342.5,19318.5,19342.5,34.599,669231.1575
1606991220000,19342.5,19348,19342.5,19342.5,35.745,691397.6625
1606991280000,19342.5,19363,19342.5,19362.5,41.591,805305.7375
1606991340000,19362.5,19401.5,19359.5,19399.5,83.769,1625076.7155
1606991400000,19399.5,19435.5,19399.5,19413.5,25.81,501062.435
1606991460000,19413.5,19413.5,19388,19388,7.519,145778.372
1606991520000,19388,19388,19372.5,19385,17.286,335089.11
1606991580000,19385,19385,19369,19369,2.721,52703.049
1606991640000,19369,19372,19361,19361,5.685,110067.285
1606991700000,19361,19361.5,19355,19355,4.13,79936.15
1606991760000,19355,19359.5,19355,19359.5,2.642,51147.799
1606991820000,19359.5,19377.5,19355,19377.5,3.92,75959.8
1606991880000,19377.5,19395,19377.5,19395,3.446,66835.17
1606991940000,19395,19396,19390,19390,3.319,64355.41
1606992000000,19390,19390.5,19389,19389,4.272,82829.808
1606992060000,19389,19389,19367.5,19376.5,10.464,202755.696
1606992120000,19376.5,19378.5,19368,19368,2.462,47684.016
1606992180000,19368,19373,19368,19373,1.003,19431.119
1606992240000,19373,19396.5,19373,19396.5,6.518,126426.387
1606992300000,19396.5,19400,19375,19375,4.309,83486.875
1606992360000,19375,19378.5,19369,19378.5,2.978,57709.173
1606992420000,19378.5,19397,19378.5,19397,22.346,433445.362
1606992480000,19397,19409.5,19395,19409.5,21.144,410394.468
1606992540000,19409.5,19416.5,19409.5,19416,5.493,106652.088
1606992600000,19416,19433.5,19416,19420,3.492,67814.64
1606992660000,19420,19420,19402,19402,3.403,66025.006
1606992720000,19402,19402,19378.5,19396.5,40.336,782377.224
1606992780000,19396.5,19396.5,19385,19385.5,2.788,54046.774
1606992840000,19385.5,19385.5,19377.5,19377.5,5.123,99270.9325
1606992900000,19377.5,19385,19370,19370,3.394,65741.78
1606992960000,19370,19370,19370,19370,1.799,34846.63
1606993020000,19370,19375,19368.5,19368.5,2.129,41235.5365
1606993080000,19368.5,19372,19368.5,19372,1.26,24408.72
1606993140000,19372,19372,19370.5,19370.5,3.319,64290.6895
1606993200000,19370.5,19398.5,19370.5,19398.5,4.592,89077.912
1606993260000,19398.5,19401,19393,19393,19.427,376747.811
1606993320000,19393,19393,19389.5,19389.5,11.787,228544.0365
1606993380000,19389.5,19390,19389.5,19389.5,1.459,28289.2805
1606993440000,19389.5,19406,19389.5,19406,22.997,446279.782
1606993500000,19406,19427,19406,19419,5.195,100881.705
1606993560000,19419,19425.5,19418,19424,9.526,185033.024
1606993620000,19424,19425,19424,19424.5,2.921,56738.9645
1606993680000,19424.5,19425,19424.5,19424.5,9.661,187660.0945
1606993740000,19424.5,19425,19310.5,19332,94.459,1826081.388
1606993800000,19332,19367,19332,19342,8.992,173923.264
1606993860000,19342,19358.5,19332,19358.5,30.648,593299.308
1606993920000,19358.5,19358.5,19348,19348.5,3.979,76987.6815
1606993980000,19348.5,19348.5,19325.5,19333.5,10.222,197627.037
1606994040000,19333.5,19337.5,19322.5,19322.5,12.792,247173.42
1606994100000,19322.5,19333,19322.5,19333,2.263,43750.579
1606994160000,19333,19333,19324,19324,2.357,45546.668
1606994220000,19324,19324,19323,19323,13.604,262870.092
1606994280000,19323,19330.5,19323,19330,0.545,10534.85
1606994340000,19330,19347.5,19330,19347.5,6.568,127074.38
1606994400000,19347.5,19352.5,19340.5,19352.5,5.334,103226.235
1606994460000,19352.5,19392.5,19352.5,19392.5,16.053,311307.8025
1606994520000,19392.5,19431,19392.5,19428,21.404,415836.912
1606994580000,19428,19465,19428,19453,59.754,1162394.562
1606994640000,19453,19455,19439,19439,3.954,76861.806
1606994700000,19439,19439,19426.5,19438,4.942,96062.596
1606994760000,19438,19452,19437,19442,15.61,303489.62
1606994820000,19442,19442.5,19433,19433,2.089,40595.537
1606994880000,19433,19433,19396.5,19418,35.689,693009.002
1606994940000,19418,19435.5,19418,19435.5,18.08,351393.84
1606995000000,19435.5,19447,19433,19447,7.836,152386.692
1606995060000,19447,19447,19402.5,19411,11.81,229243.91
1606995120000,19411,19414.5,19404.5,19414,0.749,14541.086
1606995180000,19414,19416.5,19402,19416.5,9.754,189388.541
1606995240000,19416.5,19425.5,19416.5,19416.5,5.667,110033.3055
1606995300000,19416.5,19416.5,19396.5,19396.5,6.943,134669.8995
1606995360000,19396.5,19426,19389.5,19423,4.443,86296.389
1606995420000,19423,19438,19423,19438,6.078,118144.164
1606995480000,19438,19439,19428,19428,5.071,98519.388
1606995540000,19428,19428,19419,19427.5,1.881,36543.1275
1606995600000,19427.5,19427.5,19399.5,19416.5,2.015,39124.2475
1606995660000,19416.5,19424.5,19416.5,19417.5,5.992,116349.66
1606995720000,19417.5,19417.5,19416.5,19416.5,0.399,7747.1835
1606995780000,19416.5,19416.5,19399,19405.5,15.226,295468.143
1606995840000,19405.5,19405.5,19395.5,19396,11.646,225885.816
1606995900000,19396,19396,19395.5,19396,1.14,22111.44
1606995960000,19396,19411,19396,19411,4.569,88688.859
1606996020000,19411,19411,19390,19390,7.972,154577.08
1606996080000,19390,19390,19375.5,19375.5,8.33,161397.915
1606996140000,19375.5,19375.5,19345,19349.5,13.623,263598.2385
1606996200000,19349.5,19367,19349.5,19366,3.922,75953.452
1606996260000,19366,19366,19363,19363.5,0.492,9526.842
1606996320000,19363.5,19367.5,19363,19367.5,0.894,17314.545
1606996380000,19367.5,19369,19366.5,19369,0.79,15301.51
1606996440000,19369,19369,19366.5,19366.5,15.455,299309.2575
1606996500000,19366.5,19370,19366.5,19370,0.382,7399.34
1606996560000,19370,19380.5,19370,19380.5,1.677,32501.0985
1606996620000,19380.5,19392,19380.5,19392,0.758,14699.136
1606996680000,19392,19392,19381,19381.5,3.277,63513.1755
1606996740000,19381.5,19418.5,19381.5,19418.5,5.096,98956.676
1606996800000,19418.5,19442.5,19418.5,19438,30.052,584150.776
1606996860000,19438,19438,19426,19426,1.285,24962.41
1606996920000,19426,19426.5,19398,19398.5,30.839,598230.3415
1606996980000,19398.5,19398.5,19294,19318,188.575,3642891.85
1606997040000,19318,19330,19293,19322,88.34,1706905.48
1606997100000,19322,19340,19322,19332.5,13.409,259229.4925
1606997160000,19332.5,19350,19332,19350,2.352,45511.2
1606997220000,19350,19350,19330,19330,2.347,45367.51
1606997280000,19330,19335,19329.5,19334.5,5.591,108099.1895
1606997340000,19334.5,19344,19334.5,19338.5,5.011,96905.2235
1606997400000,19338.5,19350,19338.5,19349.5,2.817,54507.5415
1606997460000,19349.5,19350,19349.5,19349.5,0.495,9578.0025
1606997520000,19349.5,19359,19330.5,19330.5,16.716,323128.638
1606997580000,19330.5,19336,19300,19311.5,32.374,625190.501
1606997640000,19311.5,19323,19311.5,19315,2.829,54642.135
1606997700000,19315,19319,19307,19307,73.832,1425474.424
1606997760000,19307,19307,19262,19299.5,91.554,1766946.423
1606997820000,19299.5,19300,19259,19274.5,41.73,804324.885
1606997880000,19274.5,19301.5,19274.5,19301.5,57.085,1101826.1275
1606997940000,19301.5,19312,19286.5,19287,39.213,756301.131
1606998000000,19287,19300,19279.5,19300,14.891,287396.3
1606998060000,19300,19302,19293,19293.5,1.174,22650.569
1606998120000,19293.5,19298.5,19292.5,19298,3.554,68585.092
1606998180000,19298,19319.5,19298,19305,40.941,790366.005
1606998240000,19305,19318.5,19303.5,19318.5,2.456,47446.236
1606998300000,19318.5,19318.5,19315,19315,2.536,48982.84
1606998360000,19315,19321,19315,19321,23.347,451087.387
1606998420000,19321,19323.5,19321,19323.5,0.649,12540.9515
1606998480000,19323.5,19323.5,19305,19305,2.657,51293.385
1606998540000,19305,19312,19302,19312,13.052,252060.224
1606998600000,19312,19323.5,19312,19323,2.462,47573.226
1606998660000,19323,19323,19300.5,19300.5,2.893,55836.3465
1606998720000,19300.5,19316,19275,19316,17.272,333625.952
1606998780000,19316,19338,19316,19338,61.9,1197022.2
1606998840000,19338,19338.5,19310,19310,7.203,139089.93
1606998900000,19310,19326.5,19306,19325.5,1.958,37839.329
1606998960000,19325.5,19326,19317,19317.5,4.496,86851.48
1606999020000,19317.5,19325,19317.5,19325,0.224,4328.8
1606999080000,19325,19327,19300,19300,6.555,126511.5
1606999140000,19300,19306.5,19298.5,19302,2.558,49374.516
1606999200000,19302,19309.5,19302,19309.5,0.896,17301.312
1606999260000,19309.5,19309.5,19308.5,19308.5,0.928,17918.288
1606999320000,19308.5,19308.5,19300.5,19303,0.907,17507.821
1606999380000,19303,19305.5,19303,19305.5,0.16,3088.88
1606999440000,19305.5,19306.5,19305.5,19306.5,0.041,791.5665
1606999500000,19306.5,19306.5,19302.5,19302.5,0.023,443.9575
1606999560000,19302.5,19303,19302.5,19302.5,0.018,347.445
1606999620000,19302.5,19315,19302.5,19314.5,5.018,96920.161
1606999680000,19314.5,19320,19283.5,19320,21.115,407941.8
1606999740000,19320,19337,19320,19336.5,7.084,136979.766
1606999800000,19336.5,19339.5,19335.5,19339.5,20.363,393810.2385
1606999860000,19339.5,19339.5,19325.5,19330,8.865,171360.45
1606999920000,19330,19330,19311.5,19311.5,4.983,96229.2045
1606999980000,19311.5,19311.5,19307,19307,2.668,51511.076
1607000040000,19307,19307,19296.5,19296.5,3.726,71898.759
1607000100000,19296.5,19311,19295.5,19311,0.999,19291.689
1607000160000,19311,19311,19307,19307,0.547,10560.929
1607000220000,19307,19309.5,19306.5,19309.5,0.179,3456.4005
1607000280000,19309.5,19322,19309.5,19322,2.887,55782.614
1607000340000,19322,19328,19322,19328,3.177,61405.056
1607000400000,19328,19342.5,19328,19342.5,34.001,657664.3425
1607000460000,19342.5,19379,19342.5,19379,34.763,673672.177
1607000520000,19379,19379,19354.5,19354.5,5.356,103662.702
1607000580000,19354.5,19354.5,19337.5,19337.5,2,38675
1607000640000,19337.5,19344,19336.5,19343.5,7.955,153877.5425
1607000700000,19343.5,19349.5,19341.5,19341.5,0.957,18509.8155
1607000760000,19341.5,19349.5,19338.5,19349.5,5.302,102591.049
1607000820000,19349.5,19349.5,19345,19346.5,0.4,7738.6
1607000880000,19346.5,19348.5,19343,19343.5,2.402,46463.087
1607000940000,19343.5,19343.5,19342,19342,0.136,2630.512
1607001000000,19342,19345,19341,19344.5,2.29,44298.905
1607001060000,19344.5,19348.5,19343.5,19348.5,3.348,64778.778
1607001120000,19348.5,19348.5,19346,19346.5,0.067,1296.2155
1607001180000,19346.5,19346.5,19346.5,19346.5,0,0
1607001240000,19346.5,19346.5,19346,19346,0.51,9866.46
1607001300000,19346,19356,19346,19356,0.601,11632.956
1607001360000,19356,19368.5,19355.5,19368.5,5.591,108289.2835
1607001420000,19368.5,19368.5,19352,19352,1.344,26009.088
1607001480000,19352,19352,19343,19343,1.976,38221.768
1607001540000,19343,19343,19343,19343,0,0
1607001600000,19343,19347,19343,19343,0.098,1895.614
1607001660000,19343,19370,19343,19370,16.856,326500.72
1607001720000,19370,19376.5,19369.5,19376.5,34.104,660816.156
1607001780000,19376.5,19378,19375,19375,1.055,20440.625
1607001840000,19375,19375.5,19373.5,19373.5,0.033,639.3255
1607001900000,19373.5,19373.5,19359,19359,11.095,214788.105
1607001960000,19359,19359,19347,19347,5.863,113431.461
1607002020000,19347,19350,19342,19350,14.841,287173.35
1607002080000,19350,19352,19350,19352,1.018,19700.336
1607002140000,19352,19352,19351.5,19351.5,7,135460.5
1607002200000,19351.5,19351.5,19348,19348,3.07,59398.36
1607002260000,19348,19348,19345,19345,1.252,24219.94
1607002320000,19345,19345,19340,19344.5,3.132,60586.974
1607002380000,19344.5,19344.5,19341.5,19341.5,1.951,37735.2665
1607002440000,19341.5,19341.5,19331,19331,3.194,61743.214
1607002500000,19331,19331,19325.5,19325.5,0.675,13044.7125
1607002560000,19325.5,19330,19324,19330,0.126,2435.58
1607002620000,19330,19332,19327,19327,1.481,28623.287
1607002680000,19327,19327.5,19325,19325,2.831,54709.075
1607002740000,19325,19340,19325,19340,4.78,92445.2
1607002800000,19340,19340,19336,19336,0.186,3596.496
1607002860000,19336,19336,19335.5,19335.5,0.02,386.71
1607002920000,19335.5,19335.5,19310,19310,7.096,137023.76
1607002980000,19310,19310,19302,19302,2.423,46768.746
1607003040000,19302,19303.5,19302,19302,2.854,55087.908
1607003100000,19302,19302,19300,19300,1.414,27290.2
1607003160000,19300,19312,19293,19302,9.436,182133.672
1607003220000,19302,19302,19301.5,19301.5,0.148,2856.622
1607003280000,19301.5,19301.5,19300.5,19300.5,0.721,13915.6605
1607003340000,19300.5,19300.5,19293.5,19294,4.855,93672.37
1607003400000,19294,19306,19294,19306,1.899,36662.094
1607003460000,19306,19325,19306,19325,4.004,77377.3
1607003520000,19325,19327,19325,19326.5,0.91,17587.115
1607003580000,19326.5,19326.5,19313,19313,1.748,33759.124
1607003640000,19313,19313,19278,19278,16.713,322193.214
1607003700000,19278,19278.5,19265,19278.5,16.698,321912.393
1607003760000,19278.5,19280.5,19271.5,19278.5,0.533,10275.4405
1607003820000,19278.5,19286.5,19278.5,19286.5,1.157,22314.4805
1607003880000,19286.5,19302,19286.5,19297.5,0.529,10208.3775
1607003940000,19297.5,19299.5,19292,19299.5,1.829,35298.7855
1607004000000,19299.5,19299.5,19290,19297,1.607,31010.279
1607004060000,19297,19321,19297,19321,4.219,81515.299
1607004120000,19321,19333,19321,19330.5,4.649,89867.4945
1607004180000,19330.5,19330.5,19327,19327,1.102,21298.354
1607004240000,19327,19327,19326,19326,0.001,19.326
1607004300000,19326,19326,19322,19322,1.258,24307.076
1607004360000,19322,19322,19322,19322,10.486,202610.492
1607004420000,19322,19330,19322,19330,13.321,257494.93
1607004480000,19330,19336.5,19330,19336.5,5.135,99292.9275
1607004540000,19336.5,19350,19336.5,19350,23.102,447023.7
1607004600000,19350,19365,19350,19365,3.995,77363.175
1607004660000,19365,19372,19365,19372,2.778,53815.416
1607004720000,19372,19372,19370,19370,3.665,70991.05
1607004780000,19370,19370,19364,19367,3.569,69120.823
1607004840000,19367,19367,19366,19366,4.028,78006.248
1607004900000,19366,19366,19364,19364.5,0.151,2924.0395
1607004960000,19364.5,19366,19364.5,19366,1.185,22948.71
1607005020000,19366,19383.5,19366,19382.5,15.454,299537.155
1607005080000,19382.5,19385.5,19382.5,19385.5,4.664,90413.972
1607005140000,19385.5,19387.5,19368,19374,4.942,95746.308
1607005200000,19374,19400,19374,19400,9.609,186414.6
1607005260000,19400,19400,19395,19399,4.835,93794.165
1607005320000,19399,19399.5,19395.5,19399.5,0.397,7701.6015
1607005380000,19399.5,19399.5,19399,19399.5,0.289,5606.4555
1607005440000,19399.5,19399.5,19399,19399.5,1.448,28090.476
1607005500000,19399.5,19399.5,19390.5,19395,2.679,51959.205
1607005560000,19395,19395,19393,19393,6.257,121342.001
1607005620000,19393,19393,19385,19385,1.31,25394.35
1607005680000,19385,19385.5,19377.5,19379,4.302,83368.458
1607005740000,19379,19379,19378.5,19378.5,0.002,38.757
1607005800000,19378.5,19378.5,19371,19371.5,3.578,69311.227
1607005860000,19371.5,19371.5,19368.5,19368.5,0.85,16463.225
1607005920000,19368.5,19369,19368.5,19368.5,0.223,4319.1755
1607005980000,19368.5,19368.5,19354.5,19354.5,4.511,87308.1495
1607006040000,19354.5,19355,19348,19348.5,21.452,415064.022
1607006100000,19348.5,19352.5,19348.5,19352.5,1.2,23223
1607006160000,19352.5,19353,19352.5,19353,2.2,42576.6
1607006220000,19353,19370,19352.5,19370,1.644,31844.28
1607006280000,19370,19370,19370,19370,0.01,193.7
1607006340000,19370,19370,19365.5,19365.5,3.225,62453.7375
1607006400000,19365.5,19366,19363.5,19363.5,0.459,8887.8465
1607006460000,19363.5,19363.5,19363.5,19363.5,0.078,1510.353
1607006520000,19363.5,19365,19363.5,19365,3.871,74961.915
1607006580000,19365,19365,19364.5,19364.5,0.082,1587.889
1607006640000,19364.5,19366.5,19364.5,19366.5,2.161,41851.0065
1607006700000,19366.5,19373.5,19366.5,19373.5,3.843,74452.3605
1607006760000,19373.5,19373.5,19343,19343,7.381,142770.683
1607006820000,19343,19343,19332,19332,2.546,49219.272
1607006880000,19332,19345,19332,19345,0.564,10910.58
1607006940000,19345,19345,19345,19345,0,0
1607007000000,19345,19348.5,19345,19348.5,4.051,78380.7735
1607007060000,19348.5,19348.5,19348.5,19348.5,0.042,812.637
1607007120000,19348.5,19348.5,19340.5,19340.5,3.281,63456.1805
1607007180000,19340.5,19340.5,19339.5,19339.5,0.75,14504.625
1607007240000,19339.5,19339.5,19338.5,19338.5,0.896,17327.296
1607007300000,19338.5,19338.5,19333,19337,0.667,12897.779
1607007360000,19337,19341,19337,19341,0.766,14815.206
1607007420000,19341,19343,19340.5,19343,1.536,29710.848
1607007480000,19343,19360,19343,19360,0.989,19147.04
1607007540000,19360,19361,19358,19358,0.384,7433.472
1607007600000,19358,19358.5,19358,19358.5,0.192,3716.832
1607007660000,19358.5,19358.5,19338,19338,5.517,106687.746
1607007720000,19338,19338.5,19333.5,19333.5,0.351,6786.0585
1607007780000,19333.5,19346,19333.5,19346,2.687,51982.702
1607007840000,19346,19346,19342,19342,0.463,8955.346
1607007900000,19342,19342,19340,19340,0.357,6904.38
1607007960000,19340,19340,19337.5,19337.5,0.091,1759.7125
1607008020000,19337.5,19337.5,19318,19318,30.948,597853.464
1607008080000,19318,19318,19317,19317.5,0.265,5119.1375
1607008140000,19317.5,19330,19317,19330,5.704,110258.32
1607008200000,19330,19330,19330,19330,0,0
1607008260000,19330,19332,19330,19331.5,4.411,85271.2465
1607008320000,19331.5,19331.5,19329.5,19329.5,1,19329.5
1607008380000,19329.5,19335.5,19329.5,19335.5,2.079,40198.5045
1607008440000,19335.5,19337,19335.5,19337,0.547,10577.339
1607008500000,19337,19350,19337,19349.5,3.068,59364.266
1607008560000,19349.5,19350,19349.5,19350,17.618,340908.3
1607008620000,19350,19353.5,19349.5,19353.5,8.807,170446.2745
1607008680000,19353.5,19355,19353.5,19355,21.772,421397.06
1607008740000,19355,19361,19355,19361,0.296,5730.856
1607008800000,19361,19361,19361,19361,0.042,813.162
1607008860000,19361,19383.5,19361,19383,7.462,144635.946
1607008920000,19383,19383.5,19378,19378,0.911,17653.358
1607008980000,19378,19383,19378,19383,9.147,177296.301
1607009040000,19383,19395.5,19383,19395,5.588,108379.26
1607009100000,19395,19395.5,19395,19395,11.091,215109.945
1607009160000,19395,19395.5,19395,19395.5,0.108,2094.714
1607009220000,19395.5,19399.5,19395,19399.5,2.985,57907.5075
1607009280000,19399.5,19399.5,19395.5,19395.5,2.651,51417.4705
1607009340000,19395.5,19399.5,19395.5,19399.5,0.953,18487.7235
1607009400000,19399.5,19399.5,19394.5,19394.5,6.758,131068.031
1607009460000,19394.5,19395,19384,19384,31.445,609529.88
1607009520000,19384,19384,19378,19378,2.133,41333.274
1607009580000,19378,19392.5,19378,19392.5,1.477,28642.7225
1607009640000,19392.5,19419.5,19392.5,19419.5,54.679,1061838.8405
1607009700000,19419.5,19429,19419.5,19421,25.426,493798.346
1607009760000,19421,19423,19411.5,19413.5,3.943,76547.4305
1607009820000,19413.5,19413.5,19405.5,19405.5,5.185,100617.5175
1607009880000,19405.5,19417.5,19405.5,19416,15.788,306539.808
1607009940000,19416,19416,19396,19396,34.875,676435.5
1607010000000,19396,19396,19387,19387,0.928,17991.136
1607010060000,19387,19396,19387,19396,8.793,170549.028
1607010120000,19396,19396,19394.5,19394.5,15.34,297511.63
1607010180000,19394.5,19398,19394.5,19398,13.102,254152.596
1607010240000,19398,19404.5,19398,19398,18.333,355623.534
1607010300000,19398,19413,19398,19413,3.673,71303.949
1607010360000,19413,19413,19407,19407,1.246,24181.122
1607010420000,19407,19407,19405.5,19405.5,1.226,23791.143
1607010480000,19405.5,19419.5,19405.5,19419.5,9.638,187165.141
1607010540000,19419.5,19420.5,19419.5,19420.5,4.813,93470.8665
1607010600000,19420.5,19425,19420.5,19425,28.262,548989.35
1607010660000,19425,19435,19422.5,19435,6.511,126541.285
1607010720000,19435,19442,19432,19441,11.893,231211.813
1607010780000,19441,19442.5,19440,19440,7.945,154450.8
1607010840000,19440,19442,19432,19442,3.811,74093.462
1607010900000,19442,19462.5,19442,19446.5,45.886,892322.099
1607010960000,19446.5,19464.5,19446.5,19464.5,15.339,298565.9655
1607011020000,19464.5,19536,19464.5,19536,131.487,2568730.032
1607011080000,19536,19562,19535.5,19543.5,59.515,1163131.4025
1607011140000,19543.5,19551.5,19525,19551.5,28.161,550589.7915
1607011200000,19551.5,19590,19551.5,19585.5,74.942,1467776.541
1607011260000,19585.5,19586,19556,19566,18.34,358840.44
1607011320000,19566,19613.5,19566,19613,32.019,627988.647
1607011380000,19613,19620,19604,19620,94.66,1857229.2
1607011440000,19620,19620,19580,19592,28.338,555198.096
1607011500000,19592,19618.5,19589.5,19589.5,16.548,324167.046
1607011560000,19589.5,19597.5,19575,19581.5,6.844,134015.786
1607011620000,19581.5,19581.5,19550,19550,28.365,554535.75
1607011680000,19550,19575,19550,19559,13.087,255968.633
1607011740000,19559,19566.5,19547.5,19547.5,45.139,882354.6025
1607011800000,19547.5,19547.5,19508.5,19531,27.35,534172.85
1607011860000,19531,19531,19515,19515,1.724,33643.86
1607011920000,19515,19515,19490.5,19500,34.679,676240.5
1607011980000,19500,19500,19409,19423,73.929,1435922.967
1607012040000,19423,19443.5,19307.5,19307.5,285.852,5519087.49
1607012100000,19307.5,19389.5,19282.5,19355.5,61.845,1197040.8975
1607012160000,19355.5,19376,19340,19355.5,21.776,421485.368
1607012220000,19355.5,19356,19316.5,19334.5,21.722,419984.009
1607012280000,19334.5,19334.5,19263,19284.5,42.96,828462.12
1607012340000,19284.5,19321.5,19275,19285,48.648,938176.68
1607012400000,19285,19311.5,19285,19304,9.654,186360.816
1607012460000,19304,19340,19304,19338.5,7.366,142447.391
1607012520000,19338.5,19372,19325.5,19372,33.64,651674.08
1607012580000,19372,19372,19353.5,19362.5,3.184,61650.2
1607012640000,19362.5,19362.5,19358,19362,1.601,30998.562
1607012700000,19362,19373,19362,19370,37.164,719866.68
1607012760000,19370,19373,19370,19372.5,12.063,233690.4675
1607012820000,19372.5,19373,19353,19353.5,14.152,273890.732
1607012880000,19353.5,19353.5,19345,19348.5,4.579,88596.7815
1607012940000,19348.5,19371.5,19348.5,19371.5,10.297,199468.3355
1607013000000,19371.5,19402,19371.5,19402,39.338,763235.876
1607013060000,19402,19424.5,19402,19424,14.516,281958.784
1607013120000,19424,19432,19424,19432,14.954,290586.128
1607013180000,19432,19432,19389,19391.5,41.309,801043.4735
1607013240000,19391.5,19425.5,19391.5,19408,28.228,547849.024
1607013300000,19408,19411.5,19395.5,19395.5,34.051,660436.1705
1607013360000,19395.5,19417.5,19395.5,19415.5,1.992,38675.676
1607013420000,19415.5,19415.5,19379,19387.5,13.622,264096.525
1607013480000,19387.5,19395.5,19387.5,19395.5,16.398,318047.409
1607013540000,19395.5,19397.5,19389,19389,0.911,17663.379
1607013600000,19389,19389,19377,19377,2.065,40013.505
1607013660000,19377,19409,19377,19407.5,5.682,110273.415
1607013720000,19407.5,19408.5,19407.5,19408,1.914,37146.912
1607013780000,19408,19408,19396,19398.5,3.208,62230.388
1607013840000,19398.5,19409,19398.5,19404,2.349,45579.996
1607013900000,19404,19404,19376,19384.5,11.914,230946.933
1607013960000,19384.5,19384.5,19348,19351,19.639,380034.289
1607014020000,19351,19370,19351,19368.5,0.533,10323.4105
1607014080000,19368.5,19373.5,19359,19364,26.398,511170.872
1607014140000,19364,19364,19343.5,19345,7.663,148240.735
1607014200000,19345,19345,19323.5,19329,22.511,435115.119
1607014260000,19329,19330,19329,19330,8.574,165735.42
1607014320000,19330,19356,19330,19356,6.304,122020.224
1607014380000,19356,19356,19349.5,19349.5,3.145,60854.1775
1607014440000,19349.5,19380,19349.5,19380,33.339,646109.82
1607014500000,19380,19390.5,19379.5,19379.5,1.783,34553.6485
1607014560000,19379.5,19386,19379.5,19386,0.005,96.93
1607014620000,19386,19386,19382,19382.5,1.083,20991.2475
1607014680000,19382.5,19382.5,19370,19370,0.283,5481.71
1607014740000,19370,19373.5,19366.5,19366.5,0.892,17274.918
1607014800000,19366.5,19382.5,19366.5,19382.5,1.452,28143.39
1607014860000,19382.5,19382.5,19373,19373,0.923,17881.279
1607014920000,19373,19373,19373,19373,1.046,20264.158
1607014980000,19373,19373,19373,19373,0,0
1607015040000,19373,19373,19370.5,19372,2.641,51161.452
1607015100000,19372,19372,19362.5,19362.5,1.571,30418.4875
1607015160000,19362.5,19362.5,19351,19351,4.418,85492.718
1607015220000,19351,19351,19310,19310,24.327,469754.37
1607015280000,19310,19321,19308,19308,6.909,133398.972
1607015340000,19308,19308,19305,19305.5,25.657,495321.2135
1607015400000,19305.5,19310,19305,19310,9.617,185704.27
1607015460000,19310,19315,19310,19315,33.787,652595.905
1607015520000,19315,19315,19227.5,19234.5,110.529,2125970.0505
1607015580000,19234.5,19283.5,19218.5,19277.5,26.632,513398.38
1607015640000,19277.5,19277.5,19229,19229,11.109,213614.961
1607015700000,19229,19265,19209.5,19260,26.39,508271.4
1607015760000,19260,19279.5,19258,19279.5,3.958,76308.261
1607015820000,19279.5,19284.5,19268.5,19268.5,4.808,92642.948
1607015880000,19268.5,19272,19222,19234,15.247,293260.798
1607015940000,19234,19256,19212.5,19217.5,18.757,360462.6475
1607016000000,19217.5,19242.5,19208,19242.5,13.575,261216.9375
1607016060000,19242.5,19256.5,19242.5,19256,3.261,62793.816
1607016120000,19256,19271.5,19250.5,19271.5,5.474,105492.191
1607016180000,19271.5,19280,19266,19266.5,3.626,69860.329
1607016240000,19266.5,19266.5,19252.5,19255,2.078,40011.89
1607016300000,19255,19271,19255,19271,5.125,98763.875
1607016360000,19271,19291.5,19271,19291,3.908,75389.228
1607016420000,19291,19291.5,19258.5,19258.5,3.897,75050.3745
1607016480000,19258.5,19285.5,19258.5,19279.5,4.354,83942.943
1607016540000,19279.5,19280,19278,19280,3.851,74247.28
1607016600000,19280,19282,19259,19259,4.02,77421.18
1607016660000,19259,19296,19259,19295.5,6.748,130206.034
1607016720000,19295.5,19304.5,19295.5,19304,1.155,22296.12
1607016780000,19304,19304,19303.5,19304,1.566,30230.064
1607016840000,19304,19304.5,19304,19304.5,0.061,1177.5745
1607016900000,19304.5,19304.5,19290.5,19303,12.31,237619.93
1607016960000,19303,19320,19303,19304.5,5.396,104167.082
1607017020000,19304.5,19307.5,19295,19304.5,3.307,63839.9815
1607017080000,19304.5,19304.5,19299.5,19299.5,0.99,19106.505
1607017140000,19299.5,19299.5,19293,19294.5,1.353,26105.4585
1607017200000,19294.5,19295,19293,19293,1.47,28360.71
1607017260000,19293,19295,19291.5,19295,0.838,16169.21
1607017320000,19295,19300,19287.5,19287.5,1.802,34756.075
1607017380000,19287.5,19299.5,19287.5,19299.5,21.021,405694.7895
1607017440000,19299.5,19299.5,19287,19287,0.851,16413.237
1607017500000,19287,19303,19286,19303,14.446,278851.138
1607017560000,19303,19303,19297,19297,7.431,143396.007
1607017620000,19297,19297,19285,19285,4.289,82713.365
1607017680000,19285,19285,19267,19267,3.523,67877.641
1607017740000,19267,19302,19267,19302,2.324,44857.848
1607017800000,19302,19302,19278,19287.5,5.171,99735.6625
1607017860000,19287.5,19287.5,19285.5,19287,1.942,37455.354
1607017920000,19287,19293,19287,19292.5,0.029,559.4825
1607017980000,19292.5,19298,19292.5,19298,0.438,8452.524
1607018040000,19298,19302,19298,19302,1.584,30574.368
1607018100000,19302,19303,19300,19302.5,1.159,22371.5975
1607018160000,19302.5,19303,19301.5,19302,2.05,39569.1
1607018220000,19302,19306.5,19302,19306.5,2.32,44791.08
1607018280000,19306.5,19308,19306.5,19308,25.1,484630.8
1607018340000,19308,19310,19307.5,19310,6.924,133702.44
1607018400000,19310,19319.5,19309.5,19319.5,1.438,27781.441
1607018460000,19319.5,19323,19319,19323,0.764,14762.772
1607018520000,19323,19329,19323,19329,4.523,87425.067
1607018580000,19329,19330,19329,19330,2.186,42255.38
1607018640000,19330,19330,19329.5,19330,0.585,11308.05
1607018700000,19330,19330,19330,19330,0.488,9433.04
1607018760000,19330,19339,19330,19338.5,2.035,39353.8475
1607018820000,19338.5,19339,19338.5,19339,1.527,29530.653
1607018880000,19339,19378.5,19338.5,19375,27.206,527116.25
1607018940000,19375,19379,19375,19378,26.845,520202.41
1607019000000,19378,19393,19378,19381,15.91,308351.71
1607019060000,19381,19381,19367,19367,9.261,179357.787
1607019120000,19367,19372.5,19366,19372.5,0.795,15401.1375
1607019180000,19372.5,19372.5,19358,19365,6.738,130481.37
1607019240000,19365,19365,19362,19362,0.184,3562.608
1607019300000,19362,19366.5,19362,19366,1.141,22096.606
1607019360000,19366,19366,19366,19366,0,0
1607019420000,19366,19366.5,19366,19366,0.002,38.732
1607019480000,19366,19366,19366,19366,0.4,7746.4
1607019540000,19366,19371.5,19366,19371.5,0.704,13637.536
1607019600000,19371.5,19371.5,19371.5,19371.5,0.262,5075.333
1607019660000,19371.5,19371.5,19371,19371,30.545,591687.195
1607019720000,19371,19371.5,19371,19371.5,33.671,652257.7765
1607019780000,19371.5,19371.5,19361,19361,5.382,104200.902
1607019840000,19361,19361,19361,19361,1.405,27202.205
1607019900000,19361,19361,19361,19361,0,0
1607019960000,19361,19373,19361,19373,0.866,16777.018
1607020020000,19373,19375,19372.5,19375,2.429,47061.875
1607020080000,19375,19375,19375,19375,0,0
1607020140000,19375,19375,19375,19375,0,0
1607020200000,19375,19375,19375,19375,0.076,1472.5
1607020260000,19375,19375,19374.5,19374.5,0.22,4262.39
1607020320000,19374.5,19375.5,19374.5,19375.5,2.562,49640.031
1607020380000,19375.5,19383.5,19375.5,19383.5,0.942,18259.257
1607020440000,19383.5,19407,19383,19398.5,17.121,332121.7185
1607020500000,19398.5,19399,19398.5,19399,20.151,390909.249
1607020560000,19399,19399,19398.5,19399,1.099,21319.501
1607020620000,19399,19399,19392,19392.5,25.618,496797.065
1607020680000,19392.5,19392.5,19389,19389,1.667,32321.463
1607020740000,19389,19389.5,19389,19389.5,2.012,39011.674
1607020800000,19389.5,19389.5,19375,19375,12.406,240366.25
1607020860000,19375,19375.5,19373.5,19373.5,6.891,133502.7885
1607020920000,19373.5,19380.5,19373.5,19380.5,0.397,7694.0585
1607020980000,19380.5,19380.5,19380.5,19380.5,3.056,59226.808
1607021040000,19380.5,19385,19375.5,19385,10.125,196273.125
1607021100000,19385,19385,19385,19385,0.03,581.55
1607021160000,19385,19385,19375.5,19375.5,0.809,15674.7795
1607021220000,19375.5,19375.5,19360.5,19361.5,26.654,516061.421
1607021280000,19361.5,19364,19361.5,19364,0.76,14716.64
1607021340000,19364,19366.5,19363,19363,1.83,35434.29
1607021400000,19363,19363,19363,19363,0.212,4104.956
1607021460000,19363,19379,19363,19367,9.18,177789.06
1607021520000,19367,19367,19365,19365,0.005,96.825
1607021580000,19365,19365,19359,19359,0.687,13299.633
1607021640000,19359,19359,19358,19358,0.179,3465.082
1607021700000,19358,19358.5,19358,19358.5,0.021,406.5285
1607021760000,19358.5,19360,19358.5,19360,8,154880
1607021820000,19360,19363,19360,19362.5,0.003,58.0875
1607021880000,19362.5,19362.5,19358.5,19358.5,0.641,12408.7985
1607021940000,19358.5,19377.5,19358.5,19377.5,9.055,175463.2625
1607022000000,19377.5,19379,19377.5,19379,1.4,27130.6
1607022060000,19379,19380,19379,19380,0.92,17829.6
1607022120000,19380,19385,19380,19380,5.625,109012.5
1607022180000,19380,19380.5,19369.5,19369.5,3.881,75173.0295
1607022240000,19369.5,19369.5,19355.5,19364.5,4.272,82725.144
1607022300000,19364.5,19364.5,19364.5,19364.5,0.598,11579.971
1607022360000,19364.5,19365,19364.5,19365,0.003,58.095
1607022420000,19365,19365,19364.5,19364.5,0.008,154.916
1607022480000,19364.5,19374,19364.5,19374,1.21,23442.54
1607022540000,19374,19385,19374,19383.5,8.207,159080.3845
1607022600000,19383.5,19383.5,19374.5,19374.5,9.89,191613.805
1607022660000,19374.5,19374.5,19374.5,19374.5,0.453,8776.6485
1607022720000,19374.5,19382,19374.5,19382,0.163,3159.266
1607022780000,19382,19382,19376.5,19376.5,0.241,4669.7365
1607022840000,19376.5,19376.5,19361,19363.5,1.737,33634.3995
1607022900000,19363.5,19363.5,19363,19363,0.084,1626.492
1607022960000,19363,19363,19359,19359,0.367,7104.753
1607023020000,19359,19362,19353,19353.5,2.293,44377.5755
1607023080000,19353.5,19364.5,19353,19361.5,11.757,227633.1555
1607023140000,19361.5,19361.5,19357,19357,3.669,71020.833
1607023200000,19357,19357,19356,19356,0.614,11884.584
1607023260000,19356,19356.5,19356,19356.5,0.194,3755.161
1607023320000,19356.5,19356.5,19356.5,19356.5,0,0
1607023380000,19356.5,19356.5,19356.5,19356.5,0.5,9678.25
1607023440000,19356.5,19358.5,19353.5,19353.5,0.838,16218.233
1607023500000,19353.5,19353.5,19353.5,19353.5,0,0
1607023560000,19353.5,19353.5,19350.5,19350.5,2.533,49014.8165
1607023620000,19350.5,19350.5,19350,19350,26.61,514903.5
1607023680000,19350,19350,19350,19350,1.55,29992.5
1607023740000,19350,19350,19346.5,19346.5,1.292,24995.678
1607023800000,19346.5,19346.5,19346.5,19346.5,0.02,386.93
1607023860000,19346.5,19347,19346.5,19346.5,4.902,94836.543
1607023920000,19346.5,19347,19346.5,19347,0.923,17857.281
1607023980000,19347,19347,19347,19347,0,0
1607024040000,19347,19347,19346.5,19347,2.526,48870.522
1607024100000,19347,19365.5,19347,19365.5,10.133,196230.6115
1607024160000,19365.5,19379.5,19365.5,19379.5,3.302,63991.109
1607024220000,19379.5,19380,19379,19380,4.197,81337.86
1607024280000,19380,19385.5,19380,19385.5,15.469,299874.2995
1607024340000,19385.5,19388.5,19385.5,19388.5,2.894,56110.319
1607024400000,19388.5,19388.5,19388,19388.5,8.746,169571.821
1607024460000,19388.5,19400,19388.5,19400,2.697,52321.8
1607024520000,19400,19400,19390,19390.5,1.307,25343.3835
1607024580000,19390.5,19392,19390.5,19391.5,0.694,13457.701
1607024640000,19391.5,19391.5,19391.5,19391.5,0.833,16153.1195
1607024700000,19391.5,19392,19385.5,19385.5,0.278,5389.169
1607024760000,19385.5,19386,19385.5,19386,1.63,31599.18
1607024820000,19386,19399,19386,19399,6.604,128110.996
1607024880000,19399,19420,19399,19420,37.021,718947.82
1607024940000,19420,19420,19420,19420,0.819,15904.98
1607025000000,19420,19420,19419.5,19419.5,1.341,26041.5495
1607025060000,19419.5,19420,19419.5,19420,0.33,6408.6
1607025120000,19420,19420,19412,19413,2.328,45193.464
1607025180000,19413,19415.5,19413,19415.5,2.394,46480.707
1607025240000,19415.5,19415.5,19415,19415.5,2.405,46694.2775
1607025300000,19415.5,19415.5,19415,19415,0.023,446.545
1607025360000,19415,19420.5,19415,19420,1.788,34722.96
1607025420000,19420,19420.5,19420,19420.5,1.58,30684.39
1607025480000,19420.5,19420.5,19420,19420.5,0.227,4408.4535
1607025540000,19420.5,19420.5,19420,19420,1.571,30508.82
1607025600000,19420,19420.5,19405,19409.5,4.227,82043.9565
1607025660000,19409.5,19409.5,19395,19406,14.915,289440.49
1607025720000,19406,19408.5,19403.5,19408.5,4.918,95451.003
1607025780000,19408.5,19408.5,19399.5,19399.5,5.661,109820.5695
1607025840000,19399.5,19400,19399.5,19399.5,0.502,9738.549
1607025900000,19399.5,19399.5,19396,19396,1.291,25040.236
1607025960000,19396,19396,19395.5,19395.5,1.192,23119.436
1607026020000,19395.5,19400,19395.5,19400,2.77,53738
1607026080000,19400,19400,19400,19400,0.01,194
1607026140000,19400,19400,19396,19400,4.648,90171.2
1607026200000,19400,19400,19400,19400,0.04,776
1607026260000,19400,19400.5,19388,19388,5.971,115765.748
1607026320000,19388,19388,19388,19388,0.042,814.296
1607026380000,19388,19412,19388,19411.5,1.451,28166.0865
1607026440000,19411.5,19434,19411.5,19434,14.484,281482.056
1607026500000,19434,19437,19433.5,19434,7.375,143325.75
1607026560000,19434,19436.5,19434,19436,22,427592
1607026620000,19436,19436.5,19426,19426,6.753,131183.778
1607026680000,19426,19426,19423,19423,10.054,195278.842
1607026740000,19423,19426,19423,19426,0.559,10859.134
1607026800000,19426,19426,19426,19426,0,0
1607026860000,19426,19430.5,19425.5,19430.5,11.457,222615.2385
1607026920000,19430.5,19430.5,19428,19428,3.054,59333.112
1607026980000,19428,19428,19419.5,19420,4.282,83156.44
1607027040000,19420,19420,19417.5,19418,0.392,7611.856
1607027100000,19418,19418,19417.5,19418,0.216,4194.288
1607027160000,19418,19428.5,19418,19428.5,9.189,178528.4865
1607027220000,19428.5,19428.5,19423,19423,6.229,120985.867
1607027280000,19423,19423,19399,19399,3.043,59031.157
1607027340000,19399,19399,19397.5,19397.5,2.081,40366.1975
1607027400000,19397.5,19399,19397.5,19399,0.13,2521.87
1607027460000,19399,19399,19399,19399,0.035,678.965
1607027520000,19399,19399,19399,19399,0.358,6944.842
1607027580000,19399,19399,19376.5,19379,14.785,286518.515
1607027640000,19379,19388.5,19379,19388.5,4.837,93782.1745
1607027700000,19388.5,19389,19384.5,19384.5,6.25,121153.125
1607027760000,19384.5,19384.5,19379,19379,1.578,30580.062
1607027820000,19379,19379.5,19379,19379.5,0.458,8875.811
1607027880000,19379.5,19385,19379.5,19385,1.206,23378.31
1607027940000,19385,19390,19385,19390,2.818,54641.02
1607028000000,19390,19391.5,19390,19390,4.014,77831.46
1607028060000,19390,19390,19365,19365,31.012,600547.38
1607028120000,19365,19365,19334,19340,21.001,406159.34
1607028180000,19340,19340,19322,19336.5,11.64,225076.86
1607028240000,19336.5,19336.5,19333,19333,2.592,50111.136
1607028300000,19333,19358.5,19333,19349.5,0.564,10913.118
1607028360000,19349.5,19349.5,19332.5,19343.5,4.28,82790.18
1607028420000,19343.5,19344,19334,19334.5,0.89,17207.705
1607028480000,19334.5,19344,19334.5,19344,2.548,49288.512
1607028540000,19344,19344,19343.5,19344,0.708,13695.552
1607028600000,19344,19350.5,19344,19350.5,0.181,3502.4405
1607028660000,19350.5,19350.5,19350.5,19350.5,0.2,3870.1
1607028720000,19350.5,19356,19350.5,19356,0.11,2129.16
1607028780000,19356,19359,19355.5,19359,0.055,1064.745
1607028840000,19359,19363,19359,19359,0.117,2265.003
1607028900000,19359,19359,19358.5,19359,7.688,148831.992
1607028960000,19359,19359,19358.5,19358.5,0.119,2303.6615
1607029020000,19358.5,19363,19358.5,19362.5,0.447,8655.0375
1607029080000,19362.5,19363,19362.5,19363,0.731,14154.353
1607029140000,19363,19367,19363,19367,3.082,59689.094
1607029200000,19367,19369,19367,19369,0.028,542.332
1607029260000,19369,19372,19369,19371.5,0.35,6780.025
1607029320000,19371.5,19371.5,19352.5,19352.5,2.486,48110.315
1607029380000,19352.5,19353,19344,19344,1.351,26133.744
1607029440000,19344,19344,19342.5,19342.5,3.745,72437.6625
1607029500000,19342.5,19361,19342.5,19361,0.287,5556.607
1607029560000,19361,19362.5,19361,19362.5,0.014,271.075
1607029620000,19362.5,19362.5,19362,19362,0.002,38.724
1607029680000,19362,19362,19362,19362,0,0
1607029740000,19362,19371,19362,19371,0.923,17879.433
1607029800000,19371,19375,19371,19375,0.568,11005
1607029860000,19375,19375,19374.5,19374.5,0.042,813.729
1607029920000,19374.5,19377.5,19374.5,19377.5,10.39,201332.225
1607029980000,19377.5,19377.5,19377,19377.5,0.543,10521.9825
1607030040000,19377.5,19377.5,19377,19377,0.401,7770.177
1607030100000,19377,19377,19377,19377,0,0
1607030160000,19377,19377,19360.5,19360.5,2.384,46155.432
1607030220000,19360.5,19375,19360.5,19375,0.81,15693.75
1607030280000,19375,19376,19375,19376,0.708,13718.208
1607030340000,19376,19384.5,19376,19384.5,2.807,54412.2915
1607030400000,19384.5,19386,19384,19386,0.193,3741.498
1607030460000,19386,19390,19386,19390,19.88,385473.2
1607030520000,19390,19390,19389.5,19390,1.203,23326.17
1607030580000,19390,19390,19390,19390,0,0
1607030640000,19390,19391.5,19390,19391.5,1.034,20050.811
1607030700000,19391.5,19391.5,19391.5,19391.5,0.525,10180.5375
1607030760000,19391.5,19392,19384.5,19384.5,1.053,20411.8785
1607030820000,19384.5,19384.5,19383.5,19383.5,0.206,3993.001
1607030880000,19383.5,19383.5,19381,19381,25.064,485765.384
1607030940000,19381,19381,19381,19381,1.1,21319.1
1607031000000,19381,19381,19379,19379,0.15,2906.85
1607031060000,19379,19379,19374,19374,8.071,156367.554
1607031120000,19374,19374,19373,19373,0.345,6683.685
1607031180000,19373,19373,19373,19373,0.013,251.849
1607031240000,19373,19373,19373,19373,0.016,309.968
1607031300000,19373,19389,19373,19389,3.918,75966.102
1607031360000,19389,19399.5,19389,19399.5,1.612,31271.994
1607031420000,19399.5,19400,19399,19399.5,1.848,35850.276
1607031480000,19399.5,19414.5,19399.5,19414.5,2.702,52457.979
1607031540000,19414.5,19427.5,19414.5,19427.5,4.171,81032.1025
1607031600000,19427.5,19430.5,19422,19422,1.738,33755.436
1607031660000,19422,19422,19419,19419.5,11.234,218158.663
1607031720000,19419.5,19432,19419.5,19432,7.086,137695.152
1607031780000,19432,19441.5,19432,19441.5,3.073,59743.7295
1607031840000,19441.5,19456,19441.5,19456,17.648,343359.488
1607031900000,19456,19456,19448.5,19448.5,8.661,168443.4585
1607031960000,19448.5,19448.5,19448,19448,2.826,54960.048
1607032020000,19448,19463,19448,19463,38.461,748566.443
1607032080000,19463,19463,19458,19458,3.194,62148.852
1607032140000,19458,19458,19451,19455,2.618,50933.19
1607032200000,19455,19455,19450.5,19451,5.094,99083.394
1607032260000,19451,19451,19449,19449,1.103,21452.247
1607032320000,19449,19449,19441.5,19441.5,8.6,167196.9
1607032380000,19441.5,19455.5,19438,19455,10.934,212720.97
1607032440000,19455,19455,19449.5,19450,0.651,12661.95
1607032500000,19450,19450,19449.5,19450,0.452,8791.4
1607032560000,19450,19450,19449.5,19450,2.191,42614.95
1607032620000,19450,19450,19449.5,19449.5,0.002,38.899
1607032680000,19449.5,19450,19449.5,19450,0.575,11183.75
1607032740000,19450,19450,19449.5,19449.5,1.667,32422.3165
1607032800000,19449.5,19450,19440,19440,22.405,435553.2
1607032860000,19440,19441,19437.5,19441,1.364,26517.524
1607032920000,19441,19449,19441,19448.5,0.39,7584.915
1607032980000,19448.5,19449,19448.5,19448.5,0.382,7429.327
1607033040000,19448.5,19449,19446,19446,1.46,28391.16
1607033100000,19446,19446,19439.5,19440,2.759,53634.96
1607033160000,19440,19440,19439.5,19439.5,0.744,14462.988
1607033220000,19439.5,19439.5,19438,19438,0.032,622.016
1607033280000,19438,19438,19436.5,19436.5,0.108,2099.142
1607033340000,19436.5,19436.5,19436.5,19436.5,0,0
1607033400000,19436.5,19437,19436.5,19436.5,1.157,22488.0305
1607033460000,19436.5,19437,19436.5,19437,0.2,3887.4
1607033520000,19437,19437,19436.5,19436.5,4.326,84082.299
1607033580000,19436.5,19448,19436.5,19448,15.03,292303.44
1607033640000,19448,19448,19448,19448,1.477,28724.696
1607033700000,19448,19450,19448,19449.5,0.853,16590.4235
1607033760000,19449.5,19450.5,19449.5,19450.5,9.332,181512.066
1607033820000,19450.5,19451,19450.5,19450.5,2.075,40359.7875
1607033880000,19450.5,19451,19450.5,19451,1.005,19548.255
1607033940000,19451,19451,19451,19451,0,0
1607034000000,19451,19451,19450,19450,30.469,592622.05
1607034060000,19450,19450.5,19450,19450.5,1.71,33260.355
1607034120000,19450.5,19450.5,19449.5,19449.5,1.014,19721.793
1607034180000,19449.5,19450,19449.5,19450,0.01,194.5
1607034240000,19450,19452.5,19450,19452.5,1.734,33730.635
1607034300000,19452.5,19453.5,19452,19453.5,1.031,20056.5585
1607034360000,19453.5,19455,19453.5,19455,3.453,67178.115
1607034420000,19455,19477,19455,19473.5,34.109,664221.6115
1607034480000,19473.5,19476.5,19473.5,19476.5,25.545,497527.1925
1607034540000,19476.5,19478.5,19476.5,19478,5.565,108395.07
1607034600000,19478,19478.5,19478,19478.5,1.459,28419.1315
1607034660000,19478.5,19478.5,19465.5,19465.5,12.122,235960.791
1607034720000,19465.5,19466,19449,19449,7.861,152888.589
1607034780000,19449,19449,19448,19448,0.246,4784.208
1607034840000,19448,19448,19448,19448,0.002,38.896
1607034900000,19448,19448.5,19448,19448.5,0.437,8498.9945
1607034960000,19448.5,19448.5,19448,19448,0.728,14158.144
1607035020000,19448,19448.5,19448,19448.5,0.052,1011.322
1607035080000,19448.5,19448.5,19448.5,19448.5,0,0
1607035140000,19448.5,19454.5,19448.5,19454.5,2.379,46282.2555
1607035200000,19454.5,19455,19454.5,19455,0.96,18676.8
1607035260000,19455,19455,19455,19455,0.064,1245.12
1607035320000,19455,19455,19454.5,19455,0.52,10116.6
1607035380000,19455,19455,19455,19455,1.948,37898.34
1607035440000,19455,19455,19448.5,19448.5,1.567,30475.7995
1607035500000,19448.5,19449,19448.5,19448.5,1.055,20518.1675
1607035560000,19448.5,19448.5,19446.5,19446.5,13.429,261147.0485
1607035620000,19446.5,19447,19446,19446,7.883,153292.818
1607035680000,19446,19446,19446,19446,0,0
1607035740000,19446,19446,19442.5,19442.5,1.177,22883.8225
1607035800000,19442.5,19443,19442.5,19443,0.983,19112.469
1607035860000,19443,19443,19438.5,19439,4.582,89069.498
1607035920000,19439,19439,19432,19432,1.104,21452.928
1607035980000,19432,19432,19416,19425.5,3.342,64920.021
1607036040000,19425.5,19430.5,19425.5,19430.5,5.552,107878.136
1607036100000,19430.5,19447,19430.5,19447,12.236,237953.492
1607036160000,19447,19453,19447,19453,1.796,34937.588
1607036220000,19453,19472.5,19453,19472,10.564,205702.208
1607036280000,19472,19472,19472,19472,1.56,30376.32
1607036340000,19472,19472,19467,19467.5,7.128,138764.34
1607036400000,19467.5,19467.5,19467,19467.5,12.578,244862.215
1607036460000,19467.5,19470.5,19467.5,19470.5,3.928,76480.124
1607036520000,19470.5,19474,19470.5,19474,0.876,17059.224
1607036580000,19474,19514.5,19474,19509.5,59.229,1155528.1755
1607036640000,19509.5,19509.5,19509,19509,6.768,132036.912
1607036700000,19509,19515.5,19507.5,19515.5,7.17,139926.135
1607036760000,19515.5,19530,19515.5,19530,6.872,134210.16
1607036820000,19530,19533,19529.5,19532,3.67,71682.44
1607036880000,19532,19542.5,19531.5,19538.5,6.666,130243.641
1607036940000,19538.5,19538.5,19516,19520,9.39,183292.8
1607037000000,19520,19530,19520,19529.5,0.986,19256.087
1607037060000,19529.5,19531,19523.5,19527.5,9.446,184456.765
1607037120000,19527.5,19528,19527.5,19528,0.272,5311.616
1607037180000,19528,19528,19500,19500,45.104,879528
1607037240000,19500,19514.5,19500,19514.5,4.457,86976.1265
1607037300000,19514.5,19518,19508.5,19508.5,3.818,74483.453
1607037360000,19508.5,19511,19508.5,19510.5,5.884,114799.782
1607037420000,19510.5,19510.5,19510,19510.5,0.137,2672.9385
1607037480000,19510.5,19510.5,19498,19498,8.45,164758.1
1607037540000,19498,19498,19494.5,19494.5,6.818,132913.501
1607037600000,19494.5,19499,19494.5,19498.5,0.121,2359.3185
1607037660000,19498.5,19499,19491,19491,1.827,35610.057
1607037720000,19491,19491,19480,19480,3.203,62394.44
1607037780000,19480,19494,19461.5,19461.5,10.453,203431.0595
1607037840000,19461.5,19461.5,19435,19442,4.149,80664.858
1607037900000,19442,19462,19441.5,19441.5,12.606,245079.549
1607037960000,19441.5,19449,19440,19440,10.647,206977.68
1607038020000,19440,19453,19437,19452.5,4.109,79930.3225
1607038080000,19452.5,19458,19452.5,19453,1.567,30482.851
1607038140000,19453,19453,19451.5,19451.5,1.36,26454.04
1607038200000,19451.5,19451.5,19449,19450,1.437,27949.65
1607038260000,19450,19450,19450,19450,0.1,1945
1607038320000,19450,19455.5,19450,19455,5.391,104881.905
1607038380000,19455,19455,19455,19455,0.108,2101.14
1607038440000,19455,19455,19455,19455,0,0
1607038500000,19455,19455,19450,19450,1.408,27385.6
1607038560000,19450,19454.5,19448,19454.5,2.9,56418.05
1607038620000,19454.5,19458.5,19454.5,19458,0.102,1984.716
1607038680000,19458,19458.5,19458,19458,2.118,41212.044
1607038740000,19458,19458.5,19458,19458.5,1.11,21598.935
1607038800000,19458.5,19458.5,19449,19449,0.65,12641.85
1607038860000,19449,19449,19449,19449,0,0
1607038920000,19449,19449,19448,19448,0.06,1166.88
1607038980000,19448,19448,19446,19446,0.907,17637.522
1607039040000,19446,19446,19443.5,19443.5,1.731,33656.6985
1607039100000,19443.5,19443.5,19443.5,19443.5,0.02,388.87
1607039160000,19443.5,19444,19443.5,19444,0.246,4783.224
1607039220000,19444,19444,19443.5,19443.5,0.196,3810.926
1607039280000,19443.5,19443.5,19442.5,19442.5,1.402,27258.385
1607039340000,19442.5,19442.5,19438,19438,32.067,623318.346
1607039400000,19438,19438,19425,19425,40.157,780049.725
1607039460000,19425,19425,19422.5,19422.5,2,38845
1607039520000,19422.5,19432,19422.5,19432,1.141,22171.912
1607039580000,19432,19436,19432,19436,1.56,30320.16
1607039640000,19436,19444,19436,19444,1.703,33113.132
1607039700000,19444,19444,19444,19444,0,0
1607039760000,19444,19444,19444,19444,0,0
1607039820000,19444,19444,19441,19441.5,0.999,19422.0585
1607039880000,19441.5,19441.5,19433.5,19433.5,3.676,71437.546
1607039940000,19433.5,19435.5,19433.5,19435,0.488,9484.28
1607040000000,19435,19435,19411.5,19411.5,37.605,729969.4575
1607040060000,19411.5,19414.5,19397.5,19398,20.34,394555.32
1607040120000,19398,19409,19397.5,19401.5,3.344,64878.616
1607040180000,19401.5,19405.5,19401.5,19405.5,0.15,2910.825
1607040240000,19405.5,19427,19405.5,19427,2.896,56260.592
1607040300000,19427,19427,19411,19411,1.682,32649.302
1607040360000,19411,19411,19399.5,19399.5,0.482,9350.559
1607040420000,19399.5,19409,19399.5,19409,7.674,148944.666
1607040480000,19409,19410,19409,19410,0.611,11859.51
1607040540000,19410,19410,19410,19410,0.052,1009.32
1607040600000,19410,19410,19410,19410,0.577,11199.57
1607040660000,19410,19425,19410,19425,0.805,15637.125
1607040720000,19425,19461.5,19425,19461.5,17.638,343261.937
1607040780000,19461.5,19469,19461.5,19465.5,4.032,78484.896
1607040840000,19465.5,19469.5,19463.5,19463.5,2.816,54809.216
1607040900000,19463.5,19463.5,19463,19463,1.981,38556.203
1607040960000,19463,19463,19451.5,19451.5,16.674,324334.311
1607041020000,19451.5,19451.5,19449,19449,0.129,2508.921
1607041080000,19449,19449,19448.5,19448.5,0.025,486.2125
1607041140000,19448.5,19456.5,19448.5,19456.5,2.064,40158.216
1607041200000,19456.5,19456.5,19451.5,19451.5,4.037,78525.7055
1607041260000,19451.5,19451.5,19443.5,19443.5,0.835,16235.3225
1607041320000,19443.5,19443.5,19441,19441,0.172,3343.852
1607041380000,19441,19441,19441,19441,0,0
1607041440000,19441,19441,19440,19440.5,2.249,43721.6845
1607041500000,19440.5,19440.5,19440.5,19440.5,0,0
1607041560000,19440.5,19440.5,19440.5,19440.5,0,0
1607041620000,19440.5,19440.5,19440,19440,0.955,18565.2
1607041680000,19440,19442,19439.5,19442,1.27,24691.34
1607041740000,19442,19458.5,19442,19458.5,13.302,258836.967
1607041800000,19458.5,19490,19458.5,19490,2.091,40753.59
1607041860000,19490,19499.5,19490,19499.5,1.581,30828.7095
1607041920000,19499.5,19505,19499.5,19502.5,1.458,28434.645
1607041980000,19502.5,19508,19502.5,19508,0.1,1950.8
1607042040000,19508,19508,19501,19501.5,19.121,372888.1815
1607042100000,19501.5,19501.5,19501,19501.5,2.225,43390.8375
1607042160000,19501.5,19501.5,19501,19501.5,3.422,66734.133
1607042220000,19501.5,19501.5,19501,19501,0.002,39.002
1607042280000,19501,19501.5,19501,19501.5,0.041,799.5615
1607042340000,19501.5,19527,19501.5,19527,13.223,258205.521
1607042400000,19527,19527,19510,19510,0.847,16524.97
1607042460000,19510,19510.5,19510,19510,0.89,17363.9
1607042520000,19510,19510,19478,19478,15.944,310557.232
1607042580000,19478,19478.5,19478,19478.5,0.001,19.4785
1607042640000,19478.5,19491.5,19478.5,19491.5,5.336,104006.644
1607042700000,19491.5,19492,19491.5,19492,0.004,77.968
1607042760000,19492,19496.5,19492,19496,3.991,77808.536
1607042820000,19496,19496.5,19496,19496,5.194,101262.224
1607042880000,19496,19496.5,19470.5,19470.5,4.408,85825.964
1607042940000,19470.5,19471,19467,19471,5.867,114236.357
1607043000000,19471,19479.5,19471,19479.5,1.126,21933.917
1607043060000,19479.5,19479.5,19479.5,19479.5,0,0
1607043120000,19479.5,19479.5,19479,19479.5,0.122,2376.499
1607043180000,19479.5,19479.5,19479.5,19479.5,0,0
1607043240000,19479.5,19480,19479.5,19480,0.148,2883.04
1607043300000,19480,19480,19462,19462,3.885,75609.87
1607043360000,19462,19473,19461,19473,0.662,12891.126
1607043420000,19473,19476,19466.5,19466.5,0.047,914.9255
1607043480000,19466.5,19472,19466.5,19471.5,1.151,22411.6965
1607043540000,19471.5,19471.5,19471.5,19471.5,0.845,16453.4175
1607043600000,19471.5,19471.5,19471.5,19471.5,0,0
1607043660000,19471.5,19485,19471.5,19484.5,23.752,462795.844
1607043720000,19484.5,19488.5,19484.5,19486.5,1.872,36478.728
1607043780000,19486.5,19487,19486.5,19486.5,1.543,30067.6695
1607043840000,19486.5,19486.5,19468.5,19468.5,8.034,156409.929
1607043900000,19468.5,19468.5,19457.5,19457.5,2.133,41502.8475
1607043960000,19457.5,19457.5,19455.5,19455.5,0.022,428.021
1607044020000,19455.5,19455.5,19439,19439,11.048,214762.072
1607044080000,19439,19439,19424.5,19424.5,8.144,158193.128
1607044140000,19424.5,19424.5,19424,19424,1.366,26533.184
1607044200000,19424,19432,19414.5,19414.5,7.812,151666.074
1607044260000,19414.5,19414.5,19406.5,19407,31.994,620907.558
1607044320000,19407,19407,19406.5,19407,6.084,118072.188
1607044380000,19407,19407,19405.5,19405.5,6.639,128833.1145
1607044440000,19405.5,19405.5,19400,19400.5,2.159,41885.6795
1607044500000,19400.5,19400.5,19372,19372,38.315,742238.18
1607044560000,19372,19375.5,19371.5,19375,6.896,133610
1607044620000,19375,19375.5,19375,19375.5,3.102,60102.801
1607044680000,19375.5,19389,19375.5,19388.5,2.26,43818.01
1607044740000,19388.5,19389,19388,19388,1.401,27162.588
1607044800000,19388,19392,19388,19392,11.791,228651.072
1607044860000,19392,19392,19392,19392,1.786,34634.112
1607044920000,19392,19392,19391.5,19392,1.27,24627.84
1607044980000,19392,19405,19392,19405,6.594,127956.57
1607045040000,19405,19408,19405,19405,2.133,41390.865
1607045100000,19405,19405,19405,19405,0,0
1607045160000,19405,19407.5,19405,19407.5,0.4,7763
1607045220000,19407.5,19407.5,19402.5,19402.5,0.002,38.805
1607045280000,19402.5,19403,19394.5,19394.5,5.143,99745.9135
1607045340000,19394.5,19394.5,19392,19392,0.561,10878.912
1607045400000,19392,19392,19389,19389.5,1.799,34881.7105
1607045460000,19389.5,19396,19389.5,19396,5.346,103691.016
1607045520000,19396,19396,19393.5,19393.5,0.5,9696.75
1607045580000,19393.5,19393.5,19385.5,19385.5,2.669,51739.8995
1607045640000,19385.5,19385.5,19342,19342.5,38.695,748458.0375
1607045700000,19342.5,19363,19342,19363,2.719,52647.997
1607045760000,19363,19364,19350,19350,12.498,241836.3
1607045820000,19350,19361.5,19350,19361.5,2.995,57987.6925
1607045880000,19361.5,19372,19361.5,19372,1.82,35257.04
1607045940000,19372,19373.5,19369.5,19373.5,0.49,9493.015
1607046000000,19373.5,19373.5,19371.5,19371.5,2,38743
1607046060000,19371.5,19373.5,19371.5,19373.5,4.912,95162.632
1607046120000,19373.5,19373.5,19373.5,19373.5,0.468,9066.798
1607046180000,19373.5,19373.5,19373.5,19373.5,0,0
1607046240000,19373.5,19373.5,19371.5,19372,0.724,14025.328
1607046300000,19372,19376,19372,19376,2.412,46734.912
1607046360000,19376,19377.5,19376,19377.5,1.241,24047.4775
1607046420000,19377.5,19377.5,19363,19363,2.213,42850.319
1607046480000,19363,19371,19362,19371,4.33,83876.43
1607046540000,19371,19373.5,19371,19373.5,0.652,12631.522
1607046600000,19373.5,19374,19373.5,19374,0.722,13988.028
1607046660000,19374,19374,19374,19374,0,0
1607046720000,19374,19374,19373.5,19374,1.094,21195.156
1607046780000,19374,19379.5,19374,19379.5,16.333,316525.3735
1607046840000,19379.5,19387,19379.5,19387,30.694,595064.578
1607046900000,19387,19387,19387,19387,1.416,27451.992
1607046960000,19387,19387,19361.5,19361.5,14.115,273287.5725
1607047020000,19361.5,19362,19349,19349,6.253,120989.297
1607047080000,19349,19349,19343,19343,8.859,171359.637
1607047140000,19343,19343,19342,19342,1.94,37523.48
1607047200000,19342,19342,19323.5,19335,17.339,335249.565
1607047260000,19335,19359,19335,19358.5,12.272,237567.512
1607047320000,19358.5,19362,19358.5,19360.5,2.838,54945.099
1607047380000,19360.5,19363,19358,19363,1.007,19498.541
1607047440000,19363,19372,19363,19372,6.505,126014.86
1607047500000,19372,19372,19371.5,19372,0.525,10170.3
1607047560000,19372,19372,19363.5,19363.5,6.539,126617.9265
1607047620000,19363.5,19363.5,19363,19363,0.102,1975.026
1607047680000,19363,19371.5,19363,19363,0.326,6312.338
1607047740000,19363,19371,19363,19371,0.101,1956.471
1607047800000,19371,19371,19371,19371,3.583,69406.293
1607047860000,19371,19371,19370.5,19370.5,2,38741
1607047920000,19370.5,19370.5,19368.5,19368.5,0.32,6197.92
1607047980000,19368.5,19369,19368.5,19369,0.712,13790.728
1607048040000,19369,19370,19369,19370,3.074,59543.38
1607048100000,19370,19374,19366,19374,2.549,49384.326
1607048160000,19374,19379,19374,19379,6.091,118037.489
1607048220000,19379,19379,19375,19375,5.003,96933.125
1607048280000,19375,19375,19365.5,19366,1.446,28003.236
1607048340000,19366,19366,19365,19365,1.37,26530.05
1607048400000,19365,19365,19342.5,19343,48.024,928928.232
1607048460000,19343,19343,19332.5,19333.5,12.3,237802.05
1607048520000,19333.5,19344,19333.5,19344,1.08,20891.52
1607048580000,19344,19345,19343.5,19345,1.189,23001.205
1607048640000,19345,19345,19345,19345,0,0
1607048700000,19345,19345.5,19345,19345.5,0.177,3424.1535
1607048760000,19345.5,19349,19345.5,19349,7.275,140763.975
1607048820000,19349,19368.5,19349,19368.5,5.152,99786.512
1607048880000,19368.5,19368.5,19368.5,19368.5,0,0
1607048940000,19368.5,19368.5,19365.5,19365.5,0.21,4066.755
1607049000000,19365.5,19365.5,19365.5,19365.5,0.6,11619.3
1607049060000,19365.5,19365.5,19359,19359,1.625,31458.375
1607049120000,19359,19359,19346,19346,0.945,18281.97
1607049180000,19346,19346,19345.5,19345.5,0.992,19190.736
1607049240000,19345.5,19346,19345.5,19346,0.133,2573.018
1607049300000,19346,19346,19342.5,19342.5,1.346,26035.005
1607049360000,19342.5,19342.5,19301.5,19315,18.305,353561.075
1607049420000,19315,19343.5,19315,19332.5,9.013,174243.8225
1607049480000,19332.5,19332.5,19318.5,19318.5,4.627,89386.6995
1607049540000,19318.5,19318.5,19291.5,19295,27.946,539218.07
1607049600000,19295,19300,19291,19300,6.602,127418.6
1607049660000,19300,19314.5,19300,19314.5,9.081,175394.9745
1607049720000,19314.5,19314.5,19295,19295,2.092,40365.14
1607049780000,19295,19305,19293,19305,24.448,471968.64
1607049840000,19305,19308,19295,19295,3.549,68477.955
1607049900000,19295,19296,19295,19296,1.208,23309.568
1607049960000,19296,19305,19296,19305,1.543,29787.615
1607050020000,19305,19310.5,19304.5,19310.5,0.079,1525.5295
1607050080000,19310.5,19311,19310.5,19310.5,0.412,7955.926
1607050140000,19310.5,19312,19310.5,19311.5,2.013,38874.0495
1607050200000,19311.5,19312,19305,19305.5,2.463,47549.4465
1607050260000,19305.5,19305.5,19288,19288,7.859,151584.392
1607050320000,19288,19288,19278.5,19279.5,6.001,115696.2795
1607050380000,19279.5,19286,19279.5,19283.5,13.075,252131.7625
1607050440000,19283.5,19283.5,19270,19277.5,6.668,128542.37
1607050500000,19277.5,19288,19273,19288,7.216,139182.208
1607050560000,19288,19297,19283.5,19283.5,3.254,62748.509
1607050620000,19283.5,19283.5,19271,19271.5,3.556,68529.454
1607050680000,19271.5,19280,19271,19280,1.317,25391.76
1607050740000,19280,19280,19273.5,19273.5,0.11,2120.085
1607050800000,19273.5,19284.5,19265,19284.5,18.069,348451.6305
1607050860000,19284.5,19294,19284.5,19294,7.398,142737.012
1607050920000,19294,19294,19293.5,19293.5,1.048,20219.588
1607050980000,19293.5,19294.5,19293.5,19294.5,2.225,42930.2625
1607051040000,19294.5,19316,19294.5,19316,17.499,338010.684
1607051100000,19316,19316,19310.5,19313,0.655,12650.015
1607051160000,19313,19314,19310.5,19310.5,1.173,22651.2165
1607051220000,19310.5,19310.5,19310,19310,0.316,6101.96
1607051280000,19310,19310,19310,19310,0.017,328.27
1607051340000,19310,19310,19310,19310,0,0
1607051400000,19310,19310.5,19310,19310.5,0.1,1931.05
1607051460000,19310.5,19319,19310.5,19319,7.982,154204.258
1607051520000,19319,19319,19318.5,19319,0.277,5351.363
1607051580000,19319,19319,19319,19319,0.3,5795.7
1607051640000,19319,19333.5,19319,19324,42.89,828806.36
1607051700000,19324,19326.5,19324,19326.5,1.559,30130.0135
1607051760000,19326.5,19327,19326.5,19326.5,7.642,147693.113
1607051820000,19326.5,19327,19326,19326.5,1.501,29009.0765
1607051880000,19326.5,19326.5,19325,19325,1.03,19904.75
1607051940000,19325,19325,19318.5,19318.5,5.054,97635.699
1607052000000,19318.5,19318.5,19305,19305,3.742,72239.31
1607052060000,19305,19305,19293,19293,32.126,619806.918
1607052120000,19293,19293,19281,19281,4.887,94226.247
1607052180000,19281,19281,19265,19265,10.839,208813.335
1607052240000,19265,19267.5,19265,19267,7.036,135562.612
1607052300000,19267,19295,19267,19295,2.071,39959.945
1607052360000,19295,19295,19295,19295,0.262,5055.29
1607052420000,19295,19295,19256,19259,20.433,393519.147
1607052480000,19259,19263,19256.5,19256.5,3.195,61524.5175
1607052540000,19256.5,19256.5,19240.5,19240.5,9.22,177397.41
1607052600000,19240.5,19243.5,19224.5,19243.5,14.591,280781.9085
1607052660000,19243.5,19243.5,19233.5,19233.5,0.013,250.0355
1607052720000,19233.5,19240,19232,19238,1.396,26856.248
1607052780000,19238,19241,19238,19241,0.632,12160.312
1607052840000,19241,19256,19240.5,19255.5,2.936,56534.148
1607052900000,19255.5,19262,19255.5,19262,3.626,69844.012
1607052960000,19262,19263.5,19260.5,19260.5,1.39,26772.095
1607053020000,19260.5,19263,19255.5,19263,4.31,83023.53
1607053080000,19263,19263,19251.5,19251.5,2.002,38541.503
1607053140000,19251.5,19251.5,19242,19242,12.159,233963.478
1607053200000,19242,19242,19241.5,19241.5,0.889,17105.6935
1607053260000,19241.5,19247,19241,19247,2.062,39687.314
1607053320000,19247,19261,19247,19261,7.332,141221.652
1607053380000,19261,19264.5,19261,19264.5,3.842,74014.209
1607053440000,19264.5,19271,19264.5,19270.5,3.228,62205.174
1607053500000,19270.5,19275,19270.5,19275,10.128,195217.2
1607053560000,19275,19277.5,19275,19277.5,2.278,43914.145
1607053620000,19277.5,19278,19277,19278,1.081,20839.518
1607053680000,19278,19278,19277.5,19277.5,0.267,5147.0925
1607053740000,19277.5,19277.5,19256,19256,3.08,59308.48
