timestamp,open,high,low,close,volume,turnover
2021-04-26 00:00:00,49677.5,49720.5,49677.5,49709.0,4.399,218669.891
2021-04-26 00:01:00,49709.0,49749.5,49709.0,49749.0,5.362,266754.138
2021-04-26 00:02:00,49749.0,49750.0,49749.0,49749.5,2.367,117757.0665
2021-04-26 00:03:00,49749.5,49750.0,49749.5,49749.5,0.385,19153.5575
2021-04-26 00:04:00,49749.5,49749.5,49680.0,49684.0,2.307,114620.988
2021-04-26 00:05:00,49684.0,49684.0,49632.5,49657.0,5.735,284782.895
2021-04-26 00:06:00,49657.0,49657.0,49626.0,49630.5,2.403,119262.0915
2021-04-26 00:07:00,49630.5,49630.5,49537.5,49624.0,39.287,1949578.088
2021-04-26 00:08:00,49624.0,49644.0,49553.5,49599.5,7.66,379932.17
2021-04-26 00:09:00,49599.5,49647.0,49579.0,49647.0,4.775,237064.425
2021-04-26 00:10:00,49647.0,49647.0,49579.5,49601.5,5.0,248007.5
2021-04-26 00:11:00,49601.5,49617.0,49584.0,49584.0,4.228,209641.152
2021-04-26 00:12:00,49584.0,49597.5,49550.0,49597.5,6.87,340734.825
2021-04-26 00:13:00,49597.5,49647.0,49597.0,49646.5,9.894,491202.471
2021-04-26 00:14:00,49646.5,49676.5,49646.5,49660.0,1.811,89934.26
2021-04-26 00:15:00,49660.0,49745.5,49660.0,49745.5,9.546,474870.543
2021-04-26 00:16:00,49745.5,49750.0,49745.5,49749.5,3.883,193177.3085
2021-04-26 00:17:00,49749.5,49790.5,49749.5,49765.0,19.967,993657.755
2021-04-26 00:18:00,49765.0,49765.0,49764.5,49765.0,1.672,83207.08
2021-04-26 00:19:00,49765.0,49770.0,49764.5,49770.0,0.916,45589.32
2021-04-26 00:20:00,49770.0,49778.5,49752.5,49754.0,27.827,1384504.558
2021-04-26 00:21:00,49754.0,49754.0,49709.5,49709.5,3.743,186062.6585
2021-04-26 00:22:00,49709.5,49732.0,49700.0,49700.5,2.441,121318.9205
2021-04-26 00:23:00,49700.5,49700.5,49690.0,49700.0,5.277,262266.9
2021-04-26 00:24:00,49700.0,49700.0,49696.5,49696.5,0.959,47658.9435
2021-04-26 00:25:00,49696.5,49760.0,49696.5,49746.5,3.788,188439.742
2021-04-26 00:26:00,49746.5,49746.5,49728.5,49728.5,1.19,59176.915
2021-04-26 00:27:00,49728.5,49732.5,49728.5,49728.5,2.573,127951.4305
2021-04-26 00:28:00,49728.5,49728.5,49715.5,49716.0,4.335,215518.86
2021-04-26 00:29:00,49716.0,49716.0,49684.5,49684.5,4.016,199532.952
2021-04-26 00:30:00,49684.5,49684.5,49630.0,49660.0,17.409,864530.94
2021-04-26 00:31:00,49660.0,49716.5,49639.0,49716.5,1.488,73978.152
2021-04-26 00:32:00,49716.5,49720.0,49688.0,49690.0,1.625,80746.25
2021-04-26 00:33:00,49690.0,49710.0,49663.5,49710.0,1.91,94946.1
2021-04-26 00:34:00,49710.0,49736.5,49710.0,49728.5,14.754,733694.289
2021-04-26 00:35:00,49728.5,49742.5,49727.0,49727.0,6.306,313578.462
2021-04-26 00:36:00,49727.0,49740.5,49726.5,49740.5,5.595,278298.0975
2021-04-26 00:37:00,49740.5,49809.0,49740.0,49809.0,11.326,564136.734
2021-04-26 00:38:00,49809.0,49820.5,49803.0,49820.5,10.819,539007.9895
2021-04-26 00:39:00,49820.5,49820.5,49778.0,49778.0,2.696,134201.488
2021-04-26 00:40:00,49778.0,49778.5,49724.5,49724.5,6.274,311971.513
2021-04-26 00:41:00,49724.5,49768.0,49722.0,49747.0,7.312,363750.064
2021-04-26 00:42:00,49747.0,49765.5,49743.0,49743.0,0.529,26314.047
2021-04-26 00:43:00,49743.0,49743.0,49726.0,49726.0,16.247,807898.322
2021-04-26 00:44:00,49726.0,49761.5,49725.5,49761.0,27.761,1381415.121
2021-04-26 00:45:00,49761.0,49761.0,49748.5,49760.0,5.874,292290.24
2021-04-26 00:46:00,49760.0,49760.0,49736.0,49736.0,0.507,25216.152
2021-04-26 00:47:00,49736.0,49757.0,49690.0,49690.0,7.499,372625.31
2021-04-26 00:48:00,49690.0,49716.0,49661.5,49673.0,1.732,86033.636
2021-04-26 00:49:00,49673.0,49702.5,49673.0,49699.5,1.202,59738.799
2021-04-26 00:50:00,49699.5,49700.0,49686.5,49687.0,1.217,60469.079
2021-04-26 00:51:00,49687.0,49687.0,49634.5,49634.5,10.814,536747.483
2021-04-26 00:52:00,49634.5,49697.0,49634.5,49696.5,1.084,53871.006
2021-04-26 00:53:00,49696.5,49696.5,49656.5,49656.5,4.861,241380.2465
2021-04-26 00:54:00,49656.5,49657.0,49636.0,49638.0,15.465,767651.67
2021-04-26 00:55:00,49638.0,49657.5,49638.0,49645.5,3.641,180759.2655
2021-04-26 00:56:00,49645.5,49646.0,49627.0,49627.5,1.289,63969.8475
2021-04-26 00:57:00,49627.5,49627.5,49555.0,49573.0,40.136,1989661.928
2021-04-26 00:58:00,49573.0,49584.5,49555.5,49571.5,5.057,250683.0755
2021-04-26 00:59:00,49571.5,49607.0,49571.5,49607.0,2.019,100156.533
2021-04-26 01:00:00,49607.0,49607.0,49534.5,49534.5,6.529,323410.7505
2021-04-26 01:01:00,49534.5,49589.0,49534.5,49561.5,14.946,740746.179
2021-04-26 01:02:00,49561.5,49561.5,49529.0,49561.5,3.891,192843.7965
2021-04-26 01:03:00,49561.5,49649.5,49561.5,49649.5,3.308,164240.546
2021-04-26 01:04:00,49649.5,49732.5,49649.5,49716.0,7.625,379084.5
2021-04-26 01:05:00,49716.0,49737.0,49700.0,49731.5,9.475,471205.9625
2021-04-26 01:06:00,49731.5,49779.0,49731.5,49778.5,21.413,1065907.0205
2021-04-26 01:07:00,49778.5,49778.5,49714.5,49724.5,20.427,1015722.3615
2021-04-26 01:08:00,49724.5,49735.5,49723.0,49735.0,17.534,872053.49
2021-04-26 01:09:00,49735.0,49735.0,49709.0,49735.0,1.922,95590.67
2021-04-26 01:10:00,49735.0,49735.0,49734.5,49734.5,0.225,11190.2625
2021-04-26 01:11:00,49734.5,49735.0,49645.0,49645.0,7.187,356798.615
2021-04-26 01:12:00,49645.0,49645.5,49579.0,49602.0,6.433,319089.666
2021-04-26 01:13:00,49602.0,49602.0,49583.5,49595.5,6.25,309971.875
2021-04-26 01:14:00,49595.5,49595.5,49581.0,49581.5,5.243,259955.8045
2021-04-26 01:15:00,49581.5,49665.5,49581.5,49644.0,3.299,163775.556
2021-04-26 01:16:00,49644.0,49648.0,49638.0,49638.0,4.609,228781.542
2021-04-26 01:17:00,49638.0,49638.0,49581.5,49581.5,9.682,480048.083
2021-04-26 01:18:00,49581.5,49634.5,49581.0,49634.0,1.676,83186.584
2021-04-26 01:19:00,49634.0,49658.0,49607.0,49658.0,2.633,130749.514
2021-04-26 01:20:00,49658.0,49658.0,49631.5,49641.0,48.548,2409971.268
2021-04-26 01:21:00,49641.0,49653.5,49603.0,49603.0,3.738,185416.014
2021-04-26 01:22:00,49603.0,49603.0,49555.5,49555.5,4.295,212840.8725
2021-04-26 01:23:00,49555.5,49555.5,49448.0,49462.5,80.731,3993157.0875
2021-04-26 01:24:00,49462.5,49500.0,49437.5,49437.5,12.779,631761.8125
2021-04-26 01:25:00,49437.5,49453.0,49350.0,49422.5,31.678,1565605.955
2021-04-26 01:26:00,49422.5,49492.5,49400.5,49425.0,14.567,719973.975
2021-04-26 01:27:00,49425.0,49425.0,49375.0,49399.5,9.627,475568.9865
2021-04-26 01:28:00,49399.5,49400.0,49375.0,49389.0,7.017,346562.613
2021-04-26 01:29:00,49389.0,49412.0,49387.5,49395.0,3.062,151247.49
2021-04-26 01:30:00,49395.0,49395.0,49300.5,49305.5,30.594,1508452.467
2021-04-26 01:31:00,49305.5,49480.0,49305.5,49480.0,20.593,1018941.64
2021-04-26 01:32:00,49480.0,49481.0,49401.5,49419.5,11.179,552460.5905
2021-04-26 01:33:00,49419.5,49431.0,49380.0,49400.5,11.546,570378.173
2021-04-26 01:34:00,49400.5,49436.0,49399.5,49436.0,6.605,326524.78
2021-04-26 01:35:00,49436.0,49472.0,49424.0,49472.0,26.132,1292802.304
2021-04-26 01:36:00,49472.0,49491.0,49455.5,49467.5,5.636,278798.83
2021-04-26 01:37:00,49467.5,49502.5,49456.0,49502.0,18.806,930934.612
2021-04-26 01:38:00,49502.0,49546.0,49502.0,49544.0,10.621,526206.824
2021-04-26 01:39:00,49544.0,49546.0,49489.0,49530.5,10.49,519574.945
2021-04-26 01:40:00,49530.5,49539.0,49520.5,49521.0,3.414,169064.694
2021-04-26 01:41:00,49521.0,49525.0,49501.5,49521.0,5.637,279149.877
2021-04-26 01:42:00,49521.0,49521.0,49495.5,49495.5,9.673,478769.9715
2021-04-26 01:43:00,49495.5,49520.0,49495.5,49496.0,8.074,399630.704
2021-04-26 01:44:00,49496.0,49505.0,49495.0,49495.0,3.877,191892.115
2021-04-26 01:45:00,49495.0,49538.5,49495.0,49538.0,9.995,495132.31
2021-04-26 01:46:00,49538.0,49538.0,49510.0,49527.5,1.467,72656.8425
2021-04-26 01:47:00,49527.5,49527.5,49476.0,49476.0,3.172,156937.872
2021-04-26 01:48:00,49476.0,49476.0,49445.5,49449.0,9.726,480940.974
2021-04-26 01:49:00,49449.0,49449.5,49448.5,49448.5,9.485,469019.0225
2021-04-26 01:50:00,49448.5,49449.5,49448.5,49449.5,1.895,93706.8025
2021-04-26 01:51:00,49449.5,49490.0,49449.0,49490.0,3.731,184647.19
2021-04-26 01:52:00,49490.0,49518.0,49489.5,49518.0,5.003,247738.554
2021-04-26 01:53:00,49518.0,49519.0,49501.0,49518.0,2.908,143998.344
2021-04-26 01:54:00,49518.0,49546.5,49518.0,49546.0,23.97,1187617.62
2021-04-26 01:55:00,49546.0,49617.5,49517.5,49609.0,19.376,961223.984
2021-04-26 01:56:00,49609.0,49609.0,49551.5,49551.5,29.212,1447498.418
2021-04-26 01:57:00,49551.5,49552.0,49533.0,49533.0,7.383,365702.139
2021-04-26 01:58:00,49533.0,49543.5,49532.5,49543.5,1.768,87592.908
2021-04-26 01:59:00,49543.5,49560.0,49532.5,49560.0,5.241,259743.96
2021-04-26 02:00:00,49560.0,49560.0,49545.5,49545.5,8.847,438329.0385
2021-04-26 02:01:00,49545.5,49546.5,49543.5,49543.5,22.508,1115125.098
2021-04-26 02:02:00,49543.5,49544.0,49528.5,49528.5,1.292,63990.822
2021-04-26 02:03:00,49528.5,49528.5,49520.0,49520.0,7.506,371697.12
2021-04-26 02:04:00,49520.0,49520.0,49468.5,49483.5,11.814,584598.069
2021-04-26 02:05:00,49483.5,49500.0,49469.0,49486.5,1.19,58888.935
2021-04-26 02:06:00,49486.5,49545.0,49486.5,49545.0,2.293,113606.685
2021-04-26 02:07:00,49545.0,49586.5,49544.5,49586.0,5.503,272871.758
2021-04-26 02:08:00,49586.0,49586.5,49478.0,49478.0,3.509,173618.302
2021-04-26 02:09:00,49478.0,49478.0,49460.0,49460.0,5.447,269408.62
2021-04-26 02:10:00,49460.0,49476.0,49460.0,49473.5,1.147,56746.1045
2021-04-26 02:11:00,49473.5,49473.5,49402.0,49402.0,3.02,149194.04
2021-04-26 02:12:00,49402.0,49402.5,49377.0,49377.0,3.964,195730.428
2021-04-26 02:13:00,49377.0,49411.0,49377.0,49400.5,3.354,165689.277
2021-04-26 02:14:00,49400.5,49410.0,49400.0,49410.0,0.493,24359.13
2021-04-26 02:15:00,49410.0,49410.0,49300.0,49300.0,19.044,938869.2
2021-04-26 02:16:00,49300.0,49300.0,48845.0,48942.5,306.52,15001855.1
2021-04-26 02:17:00,48942.5,48942.5,48761.0,48805.5,70.534,3442447.137
2021-04-26 02:18:00,48805.5,48931.0,48611.0,48617.0,90.966,4422494.022
2021-04-26 02:19:00,48617.0,48747.5,48511.5,48599.5,57.704,2804385.548
2021-04-26 02:20:00,48599.5,48713.5,48330.5,48330.5,124.55,6019563.775
2021-04-26 02:21:00,48330.5,48485.0,48190.0,48313.0,102.974,4974982.862
2021-04-26 02:22:00,48313.0,48463.0,48313.0,48400.5,42.884,2075607.042
2021-04-26 02:23:00,48400.5,48447.0,48161.0,48166.5,61.847,2978953.5255
2021-04-26 02:24:00,48166.5,48230.5,48111.0,48111.0,147.772,7109458.692
2021-04-26 02:25:00,48111.0,48241.0,48046.5,48241.0,121.169,5845313.729
2021-04-26 02:26:00,48241.0,48452.5,48241.0,48269.5,80.946,3907222.947
2021-04-26 02:27:00,48269.5,48270.0,48000.0,48014.5,91.865,4410852.0425
2021-04-26 02:28:00,48014.5,48050.5,47909.0,48006.0,99.287,4766371.722
2021-04-26 02:29:00,48006.0,48180.5,47999.0,48132.5,79.548,3828844.11
2021-04-26 02:30:00,48132.5,48149.0,47881.0,47881.0,79.042,3784610.002
2021-04-26 02:31:00,47881.0,47988.0,47722.5,47946.0,183.026,8775364.596
2021-04-26 02:32:00,47946.0,48007.0,47850.0,47934.5,101.985,4888599.9825
2021-04-26 02:33:00,47934.5,48100.0,47934.0,47996.0,57.969,2782280.124
2021-04-26 02:34:00,47996.0,48027.5,47911.5,47935.0,81.611,3912023.285
2021-04-26 02:35:00,47935.0,48181.0,47900.0,48181.0,33.727,1625000.587
2021-04-26 02:36:00,48181.0,48196.5,48013.0,48046.5,42.914,2061867.501
2021-04-26 02:37:00,48046.5,48078.0,47983.0,48013.0,26.972,1295006.636
2021-04-26 02:38:00,48013.0,48112.0,47989.0,48111.5,11.409,548904.1035
2021-04-26 02:39:00,48111.5,48111.5,48054.0,48054.0,16.151,776120.154
2021-04-26 02:40:00,48054.0,48067.0,48031.0,48067.0,8.604,413568.468
2021-04-26 02:41:00,48067.0,48191.0,48067.0,48174.5,24.271,1169243.2895
2021-04-26 02:42:00,48174.5,48245.0,48174.0,48186.0,31.163,1501620.318
2021-04-26 02:43:00,48186.0,48342.0,48175.0,48285.5,52.009,2511280.5695
2021-04-26 02:44:00,48285.5,48333.0,48285.5,48297.5,23.916,1155083.01
2021-04-26 02:45:00,48297.5,48297.5,48206.5,48268.5,27.908,1347077.298
2021-04-26 02:46:00,48268.5,48305.0,48240.0,48305.0,7.351,355090.055
2021-04-26 02:47:00,48305.0,48373.0,48294.5,48373.0,20.836,1007899.828
2021-04-26 02:48:00,48373.0,48373.5,48305.0,48305.0,16.948,818673.14
2021-04-26 02:49:00,48305.0,48305.5,48196.0,48235.0,32.42,1563778.7
2021-04-26 02:50:00,48235.0,48279.5,48153.5,48200.0,25.148,1212133.6
2021-04-26 02:51:00,48200.0,48200.5,47962.0,47972.0,26.221,1257873.812
2021-04-26 02:52:00,47972.0,48073.0,47972.0,48052.0,19.846,953639.992
2021-04-26 02:53:00,48052.0,48189.5,48052.0,48189.5,11.131,536397.3245
2021-04-26 02:54:00,48189.5,48196.5,48100.0,48100.0,10.47,503607.0
2021-04-26 02:55:00,48100.0,48138.0,48070.5,48090.5,3.889,187023.9545
2021-04-26 02:56:00,48090.5,48090.5,47957.0,47977.0,25.171,1207629.067
2021-04-26 02:57:00,47977.0,47977.5,47867.0,47908.0,33.82,1620248.56
2021-04-26 02:58:00,47908.0,48021.0,47908.0,47921.0,30.593,1466047.153
2021-04-26 02:59:00,47921.0,48016.5,47885.0,48016.0,25.45,1222007.2
2021-04-26 03:00:00,48016.0,48016.0,47907.5,47928.5,16.522,791874.677
2021-04-26 03:01:00,47928.5,47979.0,47928.5,47977.0,32.854,1576236.358
2021-04-26 03:02:00,47977.0,47977.5,47660.0,47745.0,105.63,5043304.35
2021-04-26 03:03:00,47745.0,47875.5,47729.5,47782.0,48.071,2296928.522
2021-04-26 03:04:00,47782.0,47846.0,47782.0,47824.0,24.454,1169488.096
2021-04-26 03:05:00,47824.0,47824.0,47721.0,47721.0,33.429,1595265.309
2021-04-26 03:06:00,47721.0,47767.0,47556.0,47686.5,87.397,4167657.0405
2021-04-26 03:07:00,47686.5,47728.0,47686.0,47710.5,27.098,1292859.129
2021-04-26 03:08:00,47710.5,47749.5,47695.0,47749.5,15.324,731713.338
2021-04-26 03:09:00,47749.5,47819.5,47749.5,47813.0,21.356,1021094.428
2021-04-26 03:10:00,47813.0,47818.5,47812.5,47818.5,7.695,367963.3575
2021-04-26 03:11:00,47818.5,47819.5,47588.5,47588.5,54.68,2602139.18
2021-04-26 03:12:00,47588.5,47589.0,47030.0,47031.5,351.545,16533688.6675
2021-04-26 03:13:00,47031.5,47311.0,47031.5,47220.5,126.137,5956252.2085
2021-04-26 03:14:00,47220.5,47302.0,47208.5,47209.0,45.255,2136443.295
2021-04-26 03:15:00,47209.0,47344.0,47019.0,47175.0,93.338,4403220.15
2021-04-26 03:16:00,47175.0,47251.0,47175.0,47250.5,54.693,2584271.5965
2021-04-26 03:17:00,47250.5,47475.5,47250.5,47431.5,85.363,4048895.1345
2021-04-26 03:18:00,47431.5,47575.0,47394.0,47575.0,77.906,3706377.95
2021-04-26 03:19:00,47575.0,47648.0,47527.0,47527.0,55.551,2640172.377
2021-04-26 03:20:00,47527.0,47749.0,47527.0,47747.0,70.476,3365017.572
2021-04-26 03:21:00,47747.0,47747.5,47640.5,47696.5,38.851,1853056.7215
2021-04-26 03:22:00,47696.5,47696.5,47618.5,47640.0,28.827,1373318.28
2021-04-26 03:23:00,47640.0,47668.0,47536.5,47605.5,16.585,789537.2175
2021-04-26 03:24:00,47605.5,47687.0,47590.0,47590.0,9.932,472663.88
2021-04-26 03:25:00,47590.0,47667.5,47590.0,47600.5,26.289,1251369.5445
2021-04-26 03:26:00,47600.5,47600.5,47400.0,47543.5,57.161,2717634.0035
2021-04-26 03:27:00,47543.5,47544.0,47411.5,47499.5,33.579,1594985.7105
2021-04-26 03:28:00,47499.5,47502.5,47450.0,47469.0,14.823,703632.987
2021-04-26 03:29:00,47469.0,47663.0,47469.0,47586.5,56.766,2701295.259
2021-04-26 03:30:00,47586.5,47586.5,47509.0,47537.0,12.297,584562.489
2021-04-26 03:31:00,47537.0,47705.0,47530.0,47705.0,33.683,1606847.515
2021-04-26 03:32:00,47705.0,47903.5,47704.5,47746.0,133.333,6366117.418
2021-04-26 03:33:00,47746.0,47861.0,47687.0,47796.0,39.207,1873937.772
2021-04-26 03:34:00,47796.0,47952.5,47796.0,47952.5,22.135,1061428.5875
2021-04-26 03:35:00,47952.5,47952.5,47843.0,47885.0,24.741,1184722.785
2021-04-26 03:36:00,47885.0,48030.0,47885.0,47990.5,74.525,3576492.0125
2021-04-26 03:37:00,47990.5,48047.0,47975.5,48000.0,37.473,1798704.0
2021-04-26 03:38:00,48000.0,48000.0,47855.5,47855.5,56.86,2721063.73
2021-04-26 03:39:00,47855.5,47916.5,47855.0,47867.5,25.447,1218084.2725
2021-04-26 03:40:00,47867.5,47895.0,47800.0,47894.5,32.927,1577022.2015
2021-04-26 03:41:00,47894.5,47950.0,47865.5,47949.5,14.237,682657.0315
2021-04-26 03:42:00,47949.5,47971.5,47908.0,47921.0,12.278,588374.038
2021-04-26 03:43:00,47921.0,47981.5,47921.0,47966.5,13.321,638961.7465
2021-04-26 03:44:00,47966.5,47973.5,47950.5,47973.0,11.75,563682.75
2021-04-26 03:45:00,47973.0,48110.0,47973.0,48110.0,48.604,2338338.44
2021-04-26 03:46:00,48110.0,48110.0,47950.5,47964.0,44.145,2117370.78
2021-04-26 03:47:00,47964.0,47964.0,47865.0,47886.5,38.026,1820932.049
2021-04-26 03:48:00,47886.5,47999.0,47886.0,47926.0,15.754,755026.204
2021-04-26 03:49:00,47926.0,47965.5,47920.5,47923.0,41.694,1998101.562
2021-04-26 03:50:00,47923.0,47967.5,47920.5,47950.5,7.728,370561.464
2021-04-26 03:51:00,47950.5,47951.0,47911.0,47925.5,24.948,1195645.374
2021-04-26 03:52:00,47925.5,47926.0,47913.5,47917.0,4.74,227126.58
2021-04-26 03:53:00,47917.0,47921.0,47881.0,47906.5,9.519,456021.9735
2021-04-26 03:54:00,47906.5,48032.5,47906.5,47945.5,18.567,890204.0985
2021-04-26 03:55:00,47945.5,48015.5,47945.5,47996.5,8.37,401730.705
2021-04-26 03:56:00,47996.5,48000.0,47977.0,47993.5,2.337,112160.8095
2021-04-26 03:57:00,47993.5,47993.5,47943.0,47951.5,5.75,275721.125
2021-04-26 03:58:00,47951.5,47951.5,47904.0,47915.5,3.939,188739.1545
2021-04-26 03:59:00,47915.5,47920.0,47910.5,47910.5,1.628,77998.294
2021-04-26 04:00:00,47910.5,47920.0,47871.5,47871.5,8.184,391780.356
2021-04-26 04:01:00,47871.5,47872.0,47738.5,47798.5,53.46,2555307.81
2021-04-26 04:02:00,47798.5,47819.0,47721.0,47757.5,20.742,990586.065
2021-04-26 04:03:00,47757.5,47773.5,47722.5,47735.5,22.312,1065074.476
2021-04-26 04:04:00,47735.5,47880.0,47735.5,47880.0,17.208,823919.04
2021-04-26 04:05:00,47880.0,47983.5,47880.0,47972.0,22.254,1067568.888
2021-04-26 04:06:00,47972.0,48144.0,47970.0,48120.0,106.515,5125501.8
2021-04-26 04:07:00,48120.0,48120.0,47986.5,48004.0,40.876,1962211.504
2021-04-26 04:08:00,48004.0,48145.0,48004.0,48145.0,11.559,556508.055
2021-04-26 04:09:00,48145.0,48145.0,48087.5,48145.0,19.845,955437.525
2021-04-26 04:10:00,48145.0,48222.5,48145.0,48150.0,67.069,3229372.35
2021-04-26 04:11:00,48150.0,48238.0,48100.0,48222.0,31.573,1522513.206
2021-04-26 04:12:00,48222.0,48300.0,48222.0,48298.5,48.676,2350977.786
2021-04-26 04:13:00,48298.5,48466.5,48298.5,48406.0,103.074,4989400.044
2021-04-26 04:14:00,48406.0,48406.5,48381.5,48382.0,23.242,1124494.444
2021-04-26 04:15:00,48382.0,48673.5,48382.0,48643.5,134.001,6518277.6435
2021-04-26 04:16:00,48643.5,48764.0,48613.5,48651.0,48.977,2382780.027
2021-04-26 04:17:00,48651.0,48711.5,48617.0,48620.5,16.3,792514.15
2021-04-26 04:18:00,48620.5,48623.0,48504.5,48618.5,22.661,1101743.8285
2021-04-26 04:19:00,48618.5,48622.5,48530.5,48561.5,7.841,380770.7215
2021-04-26 04:20:00,48561.5,48562.0,48455.0,48466.0,79.588,3857312.008
2021-04-26 04:21:00,48466.0,48532.0,48466.0,48520.5,6.409,310967.8845
2021-04-26 04:22:00,48520.5,48520.5,48480.0,48492.0,8.75,424305.0
2021-04-26 04:23:00,48492.0,48562.0,48483.5,48562.0,13.962,678022.644
2021-04-26 04:24:00,48562.0,48750.0,48562.0,48712.0,41.221,2007957.352
2021-04-26 04:25:00,48712.0,48712.0,48581.0,48616.0,17.296,840862.336
2021-04-26 04:26:00,48616.0,48616.0,48554.5,48561.5,23.297,1131337.2655
2021-04-26 04:27:00,48561.5,48600.0,48506.5,48506.5,9.09,440924.085
2021-04-26 04:28:00,48506.5,48600.0,48506.5,48599.5,14.104,685447.348
2021-04-26 04:29:00,48599.5,48639.0,48580.0,48638.5,8.618,419166.593
2021-04-26 04:30:00,48638.5,48799.5,48638.5,48654.5,33.938,1651236.421
2021-04-26 04:31:00,48654.5,48654.5,48580.0,48610.0,19.339,940068.79
2021-04-26 04:32:00,48610.0,48610.0,48570.0,48603.5,6.904,335558.564
2021-04-26 04:33:00,48603.5,48624.5,48530.0,48624.5,14.286,694649.607
2021-04-26 04:34:00,48624.5,48635.0,48583.5,48584.0,9.986,485159.824
2021-04-26 04:35:00,48584.0,48616.5,48577.0,48577.0,20.896,1015064.992
2021-04-26 04:36:00,48577.0,48577.0,48544.5,48544.5,7.796,378452.922
2021-04-26 04:37:00,48544.5,48545.0,48536.0,48545.0,1.488,72234.96
2021-04-26 04:38:00,48545.0,48551.5,48523.0,48523.0,4.863,235967.349
2021-04-26 04:39:00,48523.0,48523.0,48498.0,48498.0,7.514,364413.972
2021-04-26 04:40:00,48498.0,48550.0,48496.5,48549.5,5.255,255127.6225
2021-04-26 04:41:00,48549.5,48549.5,48520.0,48525.5,2.285,110880.7675
2021-04-26 04:42:00,48525.5,48542.0,48509.0,48520.0,5.455,264676.6
2021-04-26 04:43:00,48520.0,48547.5,48520.0,48544.0,9.829,477138.976
2021-04-26 04:44:00,48544.0,48559.5,48544.0,48552.0,6.011,291846.072
2021-04-26 04:45:00,48552.0,48702.5,48552.0,48669.0,18.326,891908.094
2021-04-26 04:46:00,48669.0,48680.5,48586.5,48586.5,11.966,581386.059
2021-04-26 04:47:00,48586.5,48586.5,48485.5,48485.5,9.607,465800.1985
2021-04-26 04:48:00,48485.5,48556.5,48485.5,48543.5,7.869,381988.8015
2021-04-26 04:49:00,48543.5,48594.0,48543.5,48569.5,10.451,507599.8445
2021-04-26 04:50:00,48569.5,48594.0,48563.5,48580.5,2.691,130730.1255
2021-04-26 04:51:00,48580.5,48591.5,48580.5,48591.5,1.957,95093.5655
2021-04-26 04:52:00,48591.5,48648.0,48591.0,48626.0,15.743,765519.118
2021-04-26 04:53:00,48626.0,48660.0,48625.5,48660.0,10.604,515990.64
2021-04-26 04:54:00,48660.0,48746.0,48650.0,48739.0,13.925,678690.575
2021-04-26 04:55:00,48739.0,48800.0,48735.5,48799.0,158.752,7746938.848
2021-04-26 04:56:00,48799.0,48920.0,48704.5,48918.5,103.12,5044475.72
2021-04-26 04:57:00,48918.5,48919.0,48793.0,48912.0,122.722,6002578.464
2021-04-26 04:58:00,48912.0,49075.5,48883.5,49006.0,56.796,2783344.776
2021-04-26 04:59:00,49006.0,49130.0,49005.5,49031.0,39.955,1959033.605
2021-04-26 05:00:00,49031.0,49089.5,48984.5,49085.5,33.272,1633172.756
2021-04-26 05:01:00,49085.5,49085.5,48990.5,49000.0,12.972,635628.0
2021-04-26 05:02:00,49000.0,49000.0,48956.5,48956.5,12.276,600989.994
2021-04-26 05:03:00,48956.5,48957.0,48888.0,48888.0,9.139,446787.432
2021-04-26 05:04:00,48888.0,48929.5,48865.5,48913.0,57.17,2796356.21
2021-04-26 05:05:00,48913.0,48913.0,48858.5,48858.5,17.098,835382.633
2021-04-26 05:06:00,48858.5,48899.5,48858.5,48880.0,6.757,330282.16
2021-04-26 05:07:00,48880.0,48933.5,48879.5,48933.5,11.004,538464.234
2021-04-26 05:08:00,48933.5,48942.5,48896.0,48896.0,7.539,368626.944
2021-04-26 05:09:00,48896.0,48902.0,48879.5,48898.0,1.911,93444.078
2021-04-26 05:10:00,48898.0,48920.5,48897.5,48900.5,2.511,122789.1555
2021-04-26 05:11:00,48900.5,48900.5,48875.0,48875.0,14.198,693927.25
2021-04-26 05:12:00,48875.0,48900.0,48875.0,48880.0,12.576,614714.88
2021-04-26 05:13:00,48880.0,48908.5,48875.0,48908.5,8.518,416602.603
2021-04-26 05:14:00,48908.5,48935.0,48908.5,48935.0,3.481,170342.735
2021-04-26 05:15:00,48935.0,48963.5,48934.5,48963.5,13.406,656404.681
2021-04-26 05:16:00,48963.5,48963.5,48853.5,48853.5,11.979,585216.0765
2021-04-26 05:17:00,48853.5,48853.5,48817.0,48817.0,19.66,959742.22
2021-04-26 05:18:00,48817.0,48832.0,48780.0,48832.0,33.554,1638508.928
2021-04-26 05:19:00,48832.0,48840.0,48831.5,48839.5,4.703,229692.1685
2021-04-26 05:20:00,48839.5,48902.5,48839.5,48884.0,14.552,711359.968
2021-04-26 05:21:00,48884.0,48896.5,48853.0,48856.5,4.309,210522.6585
2021-04-26 05:22:00,48856.5,48898.0,48856.5,48898.0,8.253,403555.194
2021-04-26 05:23:00,48898.0,48933.0,48897.5,48933.0,3.696,180856.368
2021-04-26 05:24:00,48933.0,48946.0,48933.0,48946.0,4.015,196518.19
2021-04-26 05:25:00,48946.0,49038.0,48946.0,49038.0,18.932,928387.416
2021-04-26 05:26:00,49038.0,49038.0,48968.0,48968.0,11.501,563180.968
2021-04-26 05:27:00,48968.0,48968.5,48905.5,48905.5,14.949,731088.3195
2021-04-26 05:28:00,48905.5,48927.0,48905.5,48923.0,18.258,893236.134
2021-04-26 05:29:00,48923.0,49023.0,48923.0,49022.5,30.255,1483175.7375
2021-04-26 05:30:00,49022.5,49213.0,49022.5,49171.5,90.338,4442054.967
2021-04-26 05:31:00,49171.5,49200.0,49079.5,49129.0,175.842,8638941.618
2021-04-26 05:32:00,49129.0,49136.0,48939.5,48939.5,47.316,2315621.382
2021-04-26 05:33:00,48939.5,48939.5,48834.0,48869.5,23.839,1165000.0105
2021-04-26 05:34:00,48869.5,48869.5,48723.0,48740.5,110.959,5408197.1395
2021-04-26 05:35:00,48740.5,48944.0,48740.5,48944.0,22.025,1077991.6
2021-04-26 05:36:00,48944.0,49099.5,48944.0,49080.0,53.802,2640602.16
2021-04-26 05:37:00,49080.0,49157.0,49013.0,49157.0,19.42,954628.94
2021-04-26 05:38:00,49157.0,49186.0,49120.0,49135.0,12.021,590651.835
2021-04-26 05:39:00,49135.0,49517.5,49135.0,49497.0,192.04,9505403.88
2021-04-26 05:40:00,49497.0,49651.5,49497.0,49573.5,110.547,5480201.7045
2021-04-26 05:41:00,49573.5,49786.0,49573.5,49760.0,54.805,2727096.8
2021-04-26 05:42:00,49760.0,49878.0,49650.5,49827.0,108.33,5397758.91
2021-04-26 05:43:00,49827.0,49927.5,49783.5,49859.0,38.817,1935376.803
2021-04-26 05:44:00,49859.0,49900.0,49821.5,49845.0,29.926,1491661.47
2021-04-26 05:45:00,49845.0,50199.5,49844.5,50199.5,238.79,11987138.605
2021-04-26 05:46:00,50199.5,50245.0,50080.5,50129.5,46.035,2307711.5325
2021-04-26 05:47:00,50129.5,50160.5,50034.5,50034.5,41.974,2100148.103
2021-04-26 05:48:00,50034.5,50125.0,50010.0,50051.5,26.127,1307695.5405
2021-04-26 05:49:00,50051.5,50159.0,49990.0,50130.0,28.851,1446300.63
2021-04-26 05:50:00,50130.0,50130.0,50013.5,50023.5,8.138,407091.243
2021-04-26 05:51:00,50023.5,50023.5,49917.5,50001.0,33.558,1677933.558
2021-04-26 05:52:00,50001.0,50001.0,49934.5,49998.0,9.153,457631.694
2021-04-26 05:53:00,49998.0,50090.0,49973.0,50086.0,14.934,747984.324
2021-04-26 05:54:00,50086.0,50100.0,50010.0,50010.0,11.173,558761.73
2021-04-26 05:55:00,50010.0,50106.5,50000.0,50106.5,16.747,839133.5555
2021-04-26 05:56:00,50106.5,50160.0,50106.5,50115.0,75.371,3777217.665
2021-04-26 05:57:00,50115.0,50115.5,50027.0,50058.0,43.95,2200049.1
2021-04-26 05:58:00,50058.0,50058.0,50019.0,50048.5,6.527,326666.5595
2021-04-26 05:59:00,50048.5,50063.5,50025.5,50042.0,6.658,333179.636
2021-04-26 06:00:00,50042.0,50119.0,50042.0,50104.0,11.088,555553.152
2021-04-26 06:01:00,50104.0,50104.0,49997.0,50001.0,18.423,921168.423
2021-04-26 06:02:00,50001.0,50110.0,50000.0,50109.5,18.797,941908.2715
2021-04-26 06:03:00,50109.5,50314.0,50066.0,50283.0,80.401,4042803.483
2021-04-26 06:04:00,50283.0,50786.5,50267.0,50670.5,179.711,9106046.2255
2021-04-26 06:05:00,50670.5,50772.5,50520.0,50552.5,84.885,4291148.9625
2021-04-26 06:06:00,50552.5,50606.5,50549.0,50599.0,30.236,1529911.364
2021-04-26 06:07:00,50599.0,50599.0,50510.5,50571.0,14.215,718866.765
2021-04-26 06:08:00,50571.0,50670.0,50565.0,50633.0,14.76,747343.08
2021-04-26 06:09:00,50633.0,50670.5,50608.0,50608.5,12.039,609275.7315
2021-04-26 06:10:00,50608.5,50680.0,50578.0,50673.0,30.012,1520798.076
2021-04-26 06:11:00,50673.0,50682.5,50632.5,50682.5,11.495,582595.3375
2021-04-26 06:12:00,50682.5,50899.5,50682.0,50855.0,136.049,6918771.895
2021-04-26 06:13:00,50855.0,50855.0,50778.5,50806.0,27.657,1405141.542
2021-04-26 06:14:00,50806.0,50820.0,50703.0,50720.5,50.846,2578934.543
2021-04-26 06:15:00,50720.5,50740.5,50674.5,50677.5,13.538,686071.995
2021-04-26 06:16:00,50677.5,50727.0,50644.5,50727.0,33.909,1720101.843
2021-04-26 06:17:00,50727.0,50736.5,50672.5,50673.0,20.941,1061143.293
2021-04-26 06:18:00,50673.0,50681.0,50610.0,50645.0,50.867,2576159.215
2021-04-26 06:19:00,50645.0,50645.0,50600.0,50618.0,16.239,821985.702
2021-04-26 06:20:00,50618.0,50699.0,50618.0,50698.5,11.375,576695.4375
2021-04-26 06:21:00,50698.5,50699.0,50651.5,50681.0,9.745,493886.345
2021-04-26 06:22:00,50681.0,50681.0,50620.5,50620.5,23.212,1175003.046
2021-04-26 06:23:00,50620.5,50621.0,50565.0,50565.0,33.023,1669807.995
2021-04-26 06:24:00,50565.0,50609.5,50564.5,50591.5,9.945,503132.4675
2021-04-26 06:25:00,50591.5,50592.0,50558.0,50579.0,28.85,1459204.15
2021-04-26 06:26:00,50579.0,50596.0,50575.5,50578.5,5.239,264980.7615
2021-04-26 06:27:00,50578.5,50600.0,50563.0,50594.5,2.675,135340.2875
2021-04-26 06:28:00,50594.5,50681.0,50594.5,50681.0,14.989,759657.509
2021-04-26 06:29:00,50681.0,50850.0,50680.5,50850.0,67.277,3421035.45
2021-04-26 06:30:00,50850.0,50886.0,50725.0,50725.0,28.131,1426944.975
2021-04-26 06:31:00,50725.0,50763.0,50704.5,50724.5,27.73,1406590.385
2021-04-26 06:32:00,50724.5,50725.0,50652.0,50661.5,13.105,663918.9575
2021-04-26 06:33:00,50661.5,50687.5,50631.0,50631.5,6.18,312902.67
2021-04-26 06:34:00,50631.5,50655.0,50593.5,50633.0,16.659,843495.147
2021-04-26 06:35:00,50633.0,50664.0,50585.0,50585.0,3.594,181802.49
2021-04-26 06:36:00,50585.0,50644.0,50585.0,50643.0,6.216,314796.888
2021-04-26 06:37:00,50643.0,50698.0,50626.0,50627.0,23.613,1195455.351
2021-04-26 06:38:00,50627.0,50638.0,50626.0,50627.0,8.417,426127.459
2021-04-26 06:39:00,50627.0,50727.0,50627.0,50686.0,13.65,691863.9
2021-04-26 06:40:00,50686.0,50699.5,50673.5,50678.0,3.549,179856.222
2021-04-26 06:41:00,50678.0,50678.0,50566.0,50566.0,17.642,892085.372
2021-04-26 06:42:00,50566.0,50598.0,50538.0,50553.0,14.372,726547.716
2021-04-26 06:43:00,50553.0,50598.0,50553.0,50598.0,5.28,267157.44
2021-04-26 06:44:00,50598.0,50598.0,50552.0,50552.0,11.493,580994.136
2021-04-26 06:45:00,50552.0,50619.5,50552.0,50619.5,9.038,457499.041
2021-04-26 06:46:00,50619.5,50625.5,50520.5,50520.5,29.977,1514453.0285
2021-04-26 06:47:00,50520.5,50531.5,50455.0,50455.0,26.517,1337915.235
2021-04-26 06:48:00,50455.0,50490.0,50455.0,50463.5,4.367,220374.1045
2021-04-26 06:49:00,50463.5,50488.0,50408.5,50488.0,20.863,1053331.144
2021-04-26 06:50:00,50488.0,50666.0,50488.0,50666.0,20.412,1034194.392
2021-04-26 06:51:00,50666.0,50700.0,50641.5,50642.0,8.258,418201.636
2021-04-26 06:52:00,50642.0,50689.0,50641.5,50686.0,3.513,178059.918
2021-04-26 06:53:00,50686.0,50686.0,50663.5,50663.5,3.83,194041.205
2021-04-26 06:54:00,50663.5,50686.0,50663.5,50686.0,4.174,211563.364
2021-04-26 06:55:00,50686.0,50740.0,50665.5,50707.5,13.254,672077.205
2021-04-26 06:56:00,50707.5,50835.5,50707.0,50835.5,37.756,1919345.138
2021-04-26 06:57:00,50835.5,50907.5,50776.0,50776.0,18.352,931841.152
2021-04-26 06:58:00,50776.0,50818.0,50775.0,50808.0,24.707,1255313.256
2021-04-26 06:59:00,50808.0,50841.0,50787.0,50819.0,17.77,903053.63
2021-04-26 07:00:00,50819.0,50903.0,50813.5,50896.5,64.41,3278243.565
2021-04-26 07:01:00,50896.5,51198.0,50880.0,51133.0,218.574,11176344.342
2021-04-26 07:02:00,51133.0,51400.0,51133.0,51260.0,210.829,10807094.54
2021-04-26 07:03:00,51260.0,51327.5,51249.5,51315.5,33.683,1728459.9865
2021-04-26 07:04:00,51315.5,51394.0,51227.5,51250.5,64.086,3284439.543
2021-04-26 07:05:00,51250.5,51263.5,51200.5,51226.5,69.451,3557731.6515
2021-04-26 07:06:00,51226.5,51279.0,51210.0,51265.5,11.276,578069.778
2021-04-26 07:07:00,51265.5,51474.0,51265.5,51303.0,64.609,3314635.527
2021-04-26 07:08:00,51303.0,51384.0,51265.5,51363.0,14.891,764846.433
2021-04-26 07:09:00,51363.0,51400.0,51345.5,51360.0,33.62,1726723.2
2021-04-26 07:10:00,51360.0,51360.5,51301.0,51349.5,6.572,337468.914
2021-04-26 07:11:00,51349.5,51615.0,51339.0,51615.0,152.473,7869893.895
2021-04-26 07:12:00,51615.0,51615.0,51489.0,51560.5,26.161,1348874.2405
2021-04-26 07:13:00,51560.5,51560.5,51478.5,51549.5,15.686,808605.457
2021-04-26 07:14:00,51549.5,51549.5,51436.0,51450.0,19.167,986142.15
2021-04-26 07:15:00,51450.0,51587.0,51449.5,51553.0,19.54,1007345.62
2021-04-26 07:16:00,51553.0,51553.0,51455.5,51459.0,19.931,1025629.329
2021-04-26 07:17:00,51459.0,51459.5,51388.0,51388.0,38.158,1960863.304
2021-04-26 07:18:00,51388.0,51400.0,51365.0,51399.5,21.909,1126111.6455
2021-04-26 07:19:00,51399.5,51703.5,51399.5,51703.0,64.796,3350147.588
2021-04-26 07:20:00,51703.0,51899.0,51703.0,51871.0,256.646,13312484.666
2021-04-26 07:21:00,51871.0,51871.0,51776.0,51796.5,30.756,1593053.154
2021-04-26 07:22:00,51796.5,51835.5,51680.0,51796.0,23.736,1229429.856
2021-04-26 07:23:00,51796.0,51932.0,51796.0,51900.0,51.039,2648924.1
2021-04-26 07:24:00,51900.0,51900.5,51796.0,51850.5,21.715,1125933.6075
2021-04-26 07:25:00,51850.5,51851.0,51724.5,51724.5,12.286,635487.207
2021-04-26 07:26:00,51724.5,51839.5,51706.0,51839.5,14.093,730574.0735
2021-04-26 07:27:00,51839.5,51900.0,51825.0,51899.0,21.998,1141674.202
2021-04-26 07:28:00,51899.0,51899.0,51850.5,51850.5,9.847,510571.8735
2021-04-26 07:29:00,51850.5,51891.0,51786.0,51882.5,51.359,2664633.3175
2021-04-26 07:30:00,51882.5,52346.5,51882.5,52221.5,237.706,12413363.879
2021-04-26 07:31:00,52221.5,52367.0,52221.5,52300.0,54.986,2875767.8
2021-04-26 07:32:00,52300.0,52432.0,52267.0,52431.5,55.527,2911363.9005
2021-04-26 07:33:00,52431.5,52468.0,52350.0,52398.0,63.761,3340948.878
2021-04-26 07:34:00,52398.0,52398.0,52150.0,52211.5,57.601,3007434.6115
2021-04-26 07:35:00,52211.5,52225.0,52056.5,52223.0,107.194,5597992.262
2021-04-26 07:36:00,52223.0,52284.0,52148.5,52148.5,33.092,1725698.162
2021-04-26 07:37:00,52148.5,52148.5,52056.0,52120.5,19.247,1003163.2635
2021-04-26 07:38:00,52120.5,52256.5,52097.0,52195.0,29.171,1522580.345
2021-04-26 07:39:00,52195.0,52195.0,52119.0,52119.0,15.562,811075.878
2021-04-26 07:40:00,52119.0,52120.5,52008.5,52008.5,21.569,1121771.3365
2021-04-26 07:41:00,52008.5,52090.5,52002.0,52090.5,36.294,1890572.607
2021-04-26 07:42:00,52090.5,52136.0,52090.5,52091.0,12.946,674370.086
2021-04-26 07:43:00,52091.0,52129.0,52071.5,52129.0,8.743,455763.847
2021-04-26 07:44:00,52129.0,52214.0,52129.0,52179.0,38.598,2014005.042
2021-04-26 07:45:00,52179.0,52225.0,52077.0,52077.0,28.476,1482944.652
2021-04-26 07:46:00,52077.0,52077.0,52042.0,52058.0,11.218,583986.644
2021-04-26 07:47:00,52058.0,52126.0,52052.5,52125.5,7.2,375303.6
2021-04-26 07:48:00,52125.5,52125.5,52025.0,52029.5,12.934,672949.553
2021-04-26 07:49:00,52029.5,52030.0,51840.5,51850.0,98.618,5113343.3
2021-04-26 07:50:00,51850.0,51860.0,51776.0,51838.5,41.9,2172033.15
2021-04-26 07:51:00,51838.5,51949.5,51838.0,51939.5,17.461,906915.6095
2021-04-26 07:52:00,51939.5,51986.0,51928.5,51946.0,33.631,1746995.926
2021-04-26 07:53:00,51946.0,51998.0,51928.0,51953.0,16.183,840755.399
2021-04-26 07:54:00,51953.0,51953.0,51853.5,51853.5,9.329,483741.3015
2021-04-26 07:55:00,51853.5,51936.5,51853.5,51936.5,10.066,522792.809
2021-04-26 07:56:00,51936.5,52033.0,51919.0,51919.0,20.024,1039626.056
2021-04-26 07:57:00,51919.0,51961.5,51915.0,51929.0,6.932,359971.828
2021-04-26 07:58:00,51929.0,51950.0,51928.5,51934.5,7.042,365722.749
2021-04-26 07:59:00,51934.5,51934.5,51910.5,51919.5,7.935,411981.2325
2021-04-26 08:00:00,51919.5,51934.5,51910.5,51910.5,15.848,822677.604
2021-04-26 08:01:00,51910.5,51910.5,51840.5,51840.5,20.872,1082014.916
2021-04-26 08:02:00,51840.5,51840.5,51800.0,51800.5,28.328,1467404.564
2021-04-26 08:03:00,51800.5,51801.5,51734.0,51743.5,19.475,1007704.6625
2021-04-26 08:04:00,51743.5,51743.5,51678.0,51723.0,19.505,1008857.115
2021-04-26 08:05:00,51723.0,51839.5,51722.5,51839.0,18.898,979653.422
2021-04-26 08:06:00,51839.0,51950.0,51838.5,51950.0,10.884,565423.8
2021-04-26 08:07:00,51950.0,51952.0,51896.5,51896.5,6.398,332033.807
2021-04-26 08:08:00,51896.5,51900.0,51833.0,51833.5,34.514,1788981.419
2021-04-26 08:09:00,51833.5,51846.0,51815.0,51836.0,3.231,167482.116
2021-04-26 08:10:00,51836.0,51864.0,51836.0,51861.5,31.379,1627362.0085
2021-04-26 08:11:00,51861.5,51885.0,51847.0,51867.5,7.445,386153.5375
2021-04-26 08:12:00,51867.5,51895.0,51821.0,51821.5,18.694,968751.121
2021-04-26 08:13:00,51821.5,51821.5,51815.0,51821.0,13.232,685695.472
2021-04-26 08:14:00,51821.0,51896.0,51821.0,51896.0,4.124,214019.104
2021-04-26 08:15:00,51896.0,51900.0,51891.0,51899.5,4.009,208065.0955
2021-04-26 08:16:00,51899.5,51955.0,51889.5,51955.0,15.133,786235.015
2021-04-26 08:17:00,51955.0,51955.0,51920.0,51921.0,3.716,192938.436
2021-04-26 08:18:00,51921.0,51955.0,51921.0,51955.0,2.249,116846.795
2021-04-26 08:19:00,51955.0,51955.5,51950.0,51950.0,6.501,337726.95
2021-04-26 08:20:00,51950.0,51973.0,51950.0,51973.0,4.897,254511.781
2021-04-26 08:21:00,51973.0,51981.5,51914.0,51957.0,112.445,5842304.865
2021-04-26 08:22:00,51957.0,51957.0,51900.0,51900.0,8.288,430147.2
2021-04-26 08:23:00,51900.0,51930.0,51898.0,51898.0,7.403,384200.894
2021-04-26 08:24:00,51898.0,51914.5,51850.0,51850.0,11.425,592386.25
2021-04-26 08:25:00,51850.0,51892.0,51839.5,51892.0,4.365,226508.58
2021-04-26 08:26:00,51892.0,51960.0,51891.5,51917.0,2.903,150715.051
2021-04-26 08:27:00,51917.0,51917.0,51868.5,51869.0,10.454,542238.526
2021-04-26 08:28:00,51869.0,51918.5,51868.5,51918.0,1.908,99059.544
2021-04-26 08:29:00,51918.0,51928.0,51914.0,51928.0,0.654,33960.912
2021-04-26 08:30:00,51928.0,52111.0,51928.0,52111.0,46.587,2427695.157
2021-04-26 08:31:00,52111.0,52170.0,52096.0,52170.0,71.194,3714190.98
2021-04-26 08:32:00,52170.0,52172.0,52153.5,52172.0,19.555,1020223.46
2021-04-26 08:33:00,52172.0,52172.0,52103.0,52138.0,10.671,556364.598
2021-04-26 08:34:00,52138.0,52138.0,52110.5,52123.5,8.466,441277.551
2021-04-26 08:35:00,52123.5,52144.5,52090.5,52096.0,6.645,346177.92
2021-04-26 08:36:00,52096.0,52108.0,52095.5,52104.5,5.671,295484.6195
2021-04-26 08:37:00,52104.5,52138.0,52104.5,52137.5,5.741,299321.3875
2021-04-26 08:38:00,52137.5,52151.0,52088.0,52088.0,9.719,506243.272
2021-04-26 08:39:00,52088.0,52139.5,52088.0,52139.5,0.81,42232.995
2021-04-26 08:40:00,52139.5,52194.5,52139.5,52192.0,5.502,287160.384
2021-04-26 08:41:00,52192.0,52192.5,52137.5,52137.5,6.271,326954.2625
2021-04-26 08:42:00,52137.5,52184.0,52137.5,52184.0,3.997,208579.448
2021-04-26 08:43:00,52184.0,52200.0,52184.0,52200.0,1.838,95943.6
2021-04-26 08:44:00,52200.0,52210.0,52200.0,52209.5,10.132,528986.654
2021-04-26 08:45:00,52209.5,52230.0,52209.5,52212.0,26.82,1400325.84
2021-04-26 08:46:00,52212.0,52212.0,52110.0,52110.0,13.574,707341.14
2021-04-26 08:47:00,52110.0,52110.5,52106.0,52108.0,12.836,668858.288
2021-04-26 08:48:00,52108.0,52108.5,52072.0,52072.0,24.622,1282116.784
2021-04-26 08:49:00,52072.0,52072.5,51993.0,52001.0,11.244,584699.244
2021-04-26 08:50:00,52001.0,52001.0,51991.0,52001.0,7.107,369571.107
2021-04-26 08:51:00,52001.0,52036.0,52001.0,52030.0,7.557,393190.71
2021-04-26 08:52:00,52030.0,52097.5,52029.5,52077.5,6.201,322932.5775
2021-04-26 08:53:00,52077.5,52089.5,52077.5,52089.5,0.306,15939.387
2021-04-26 08:54:00,52089.5,52089.5,52064.0,52089.5,1.47,76571.565
2021-04-26 08:55:00,52089.5,52090.0,52050.0,52050.0,5.883,306210.15
2021-04-26 08:56:00,52050.0,52050.0,51999.0,51999.0,2.595,134937.405
2021-04-26 08:57:00,51999.0,52015.5,51988.0,52013.5,16.941,881160.7035
2021-04-26 08:58:00,52013.5,52019.5,51990.0,51990.0,4.204,218565.96
2021-04-26 08:59:00,51990.0,51990.0,51907.5,51907.5,10.603,550375.2225
2021-04-26 09:00:00,51907.5,51951.0,51904.5,51950.5,26.533,1378402.6165
2021-04-26 09:01:00,51950.5,51950.5,51941.5,51941.5,1.06,55057.99
2021-04-26 09:02:00,51941.5,51942.0,51840.0,51894.5,44.552,2312003.764
2021-04-26 09:03:00,51894.5,51895.5,51894.5,51895.5,15.491,803913.1905
2021-04-26 09:04:00,51895.5,51926.0,51895.5,51926.0,21.968,1140710.368
2021-04-26 09:05:00,51926.0,51937.0,51925.5,51937.0,6.775,351873.175
2021-04-26 09:06:00,51937.0,51937.5,51925.5,51925.5,1.412,73318.806
2021-04-26 09:07:00,51925.5,52000.0,51925.5,51999.5,19.317,1004474.3415
2021-04-26 09:08:00,51999.5,52022.5,51999.5,52013.0,12.413,645637.369
2021-04-26 09:09:00,52013.0,52013.5,52013.0,52013.5,11.865,617140.1775
2021-04-26 09:10:00,52013.5,52030.0,52013.0,52030.0,4.816,250576.48
2021-04-26 09:11:00,52030.0,52031.0,52013.0,52013.0,29.737,1546710.581
2021-04-26 09:12:00,52013.0,52013.5,52013.0,52013.0,1.078,56070.014
2021-04-26 09:13:00,52013.0,52013.5,52013.0,52013.0,10.175,529232.275
2021-04-26 09:14:00,52013.0,52013.5,52013.0,52013.5,41.875,2178065.3125
2021-04-26 09:15:00,52013.5,52230.0,52013.0,52229.5,29.973,1565474.8035
2021-04-26 09:16:00,52229.5,52245.0,52210.5,52225.0,28.251,1475408.475
2021-04-26 09:17:00,52225.0,52245.0,52225.0,52244.5,30.245,1580134.9025
2021-04-26 09:18:00,52244.5,52259.5,52244.5,52259.5,51.268,2679240.046
2021-04-26 09:19:00,52259.5,52389.5,52259.5,52342.0,86.406,4522662.852
2021-04-26 09:20:00,52342.0,52342.5,52279.0,52289.0,19.967,1044054.463
2021-04-26 09:21:00,52289.0,52293.0,52228.0,52228.0,32.214,1682472.792
2021-04-26 09:22:00,52228.0,52228.5,52214.5,52214.5,5.367,280235.2215
2021-04-26 09:23:00,52214.5,52228.5,52206.5,52228.0,10.658,556646.024
2021-04-26 09:24:00,52228.0,52230.0,52210.5,52230.0,6.427,335682.21
2021-04-26 09:25:00,52230.0,52230.0,52213.0,52224.0,4.662,243468.288
2021-04-26 09:26:00,52224.0,52284.5,52224.0,52250.0,8.979,469152.75
2021-04-26 09:27:00,52250.0,52291.5,52250.0,52286.0,8.105,423778.03
2021-04-26 09:28:00,52286.0,52300.0,52286.0,52299.5,3.205,167619.8975
2021-04-26 09:29:00,52299.5,52338.0,52299.5,52338.0,11.275,590110.95
2021-04-26 09:30:00,52338.0,52695.5,52338.0,52600.0,242.763,12769333.8
2021-04-26 09:31:00,52600.0,52600.5,52424.0,52447.5,26.526,1391222.385
2021-04-26 09:32:00,52447.5,52465.5,52350.0,52350.5,31.14,1630194.57
2021-04-26 09:33:00,52350.5,52372.0,52265.0,52265.5,35.762,1869118.811
2021-04-26 09:34:00,52265.5,52265.5,52220.0,52220.5,28.852,1506665.866
2021-04-26 09:35:00,52220.5,52252.0,52145.0,52145.5,64.781,3378037.6355
2021-04-26 09:36:00,52145.5,52167.0,52129.0,52167.0,35.012,1826471.004
2021-04-26 09:37:00,52167.0,52167.0,52161.0,52162.5,9.673,504567.8625
2021-04-26 09:38:00,52162.5,52167.0,52125.0,52125.0,23.436,1221601.5
2021-04-26 09:39:00,52125.0,52222.0,52125.0,52185.0,22.743,1186843.455
2021-04-26 09:40:00,52185.0,52185.0,52166.5,52185.0,7.819,408034.515
2021-04-26 09:41:00,52185.0,52185.0,52184.5,52185.0,6.632,346090.92
2021-04-26 09:42:00,52185.0,52217.0,52177.0,52217.0,5.422,283120.574
2021-04-26 09:43:00,52217.0,52268.0,52196.5,52224.5,29.564,1543965.118
2021-04-26 09:44:00,52224.5,52225.0,52199.5,52199.5,3.925,204883.0375
2021-04-26 09:45:00,52199.5,52200.0,52150.5,52151.5,14.441,753119.8115
2021-04-26 09:46:00,52151.5,52152.5,52120.0,52120.0,29.507,1537904.84
2021-04-26 09:47:00,52120.0,52160.5,52063.5,52160.5,52.58,2742599.09
2021-04-26 09:48:00,52160.5,52160.5,52125.5,52129.5,2.917,152061.7515
2021-04-26 09:49:00,52129.5,52129.5,52100.5,52101.0,8.205,427488.705
2021-04-26 09:50:00,52101.0,52170.0,52100.5,52170.0,3.224,168196.08
2021-04-26 09:51:00,52170.0,52200.0,52169.5,52200.0,5.007,261365.4
2021-04-26 09:52:00,52200.0,52200.0,52156.5,52199.0,6.461,337257.739
2021-04-26 09:53:00,52199.0,52199.0,52142.0,52186.0,6.2,323553.2
2021-04-26 09:54:00,52186.0,52186.5,52120.0,52120.0,2.417,125974.04
2021-04-26 09:55:00,52120.0,52137.5,52120.0,52135.5,6.263,326524.6365
2021-04-26 09:56:00,52135.5,52184.0,52135.5,52180.5,12.675,661387.8375
2021-04-26 09:57:00,52180.5,52182.0,52180.5,52180.5,3.643,190093.5615
2021-04-26 09:58:00,52180.5,52180.5,52180.0,52180.5,1.612,84114.966
2021-04-26 09:59:00,52180.5,52186.0,52180.5,52186.0,2.077,108390.322
2021-04-26 10:00:00,52186.0,52186.0,52164.5,52164.5,5.348,278975.746
2021-04-26 10:01:00,52164.5,52165.0,52161.5,52161.5,7.231,377179.8065
2021-04-26 10:02:00,52161.5,52180.0,52160.0,52179.5,2.655,138536.5725
2021-04-26 10:03:00,52179.5,52234.0,52179.5,52234.0,16.336,853294.624
2021-04-26 10:04:00,52234.0,52281.5,52234.0,52281.0,35.563,1859269.203
2021-04-26 10:05:00,52281.0,52285.0,52227.5,52227.5,8.493,443568.1575
2021-04-26 10:06:00,52227.5,52230.0,52206.5,52206.5,8.952,467352.588
2021-04-26 10:07:00,52206.5,52232.5,52206.5,52232.5,114.963,6004804.8975
2021-04-26 10:08:00,52232.5,52249.0,52232.0,52245.0,2.444,127686.78
2021-04-26 10:09:00,52245.0,52250.0,52082.0,52082.0,53.243,2773001.926
2021-04-26 10:10:00,52082.0,52082.5,52048.5,52048.5,18.515,963677.9775
2021-04-26 10:11:00,52048.5,52213.5,52045.0,52173.5,44.639,2328972.8665
2021-04-26 10:12:00,52173.5,52265.5,52173.5,52222.0,39.77,2076868.94
2021-04-26 10:13:00,52222.0,52320.5,52222.0,52320.5,7.917,414221.3985
2021-04-26 10:14:00,52320.5,52321.5,52231.5,52231.5,5.383,281162.1645
2021-04-26 10:15:00,52231.5,52256.0,52207.5,52245.5,5.174,270318.217
2021-04-26 10:16:00,52245.5,52270.0,52245.5,52269.5,4.688,245039.416
2021-04-26 10:17:00,52269.5,52320.0,52269.5,52320.0,5.627,294404.64
2021-04-26 10:18:00,52320.0,52336.0,52298.0,52305.0,5.238,273973.59
2021-04-26 10:19:00,52305.0,52305.0,52272.0,52273.0,1.839,96130.047
2021-04-26 10:20:00,52273.0,52275.0,52273.0,52274.5,2.996,156614.402
2021-04-26 10:21:00,52274.5,52312.0,52274.5,52312.0,12.198,638101.776
2021-04-26 10:22:00,52312.0,52312.0,52296.0,52296.5,1.125,58833.5625
2021-04-26 10:23:00,52296.5,52296.5,52270.5,52270.5,5.282,276092.781
2021-04-26 10:24:00,52270.5,52271.5,52247.0,52247.0,6.716,350890.852
2021-04-26 10:25:00,52247.0,52285.5,52246.5,52285.5,5.869,306863.5995
2021-04-26 10:26:00,52285.5,52300.0,52285.0,52300.0,3.052,159619.6
2021-04-26 10:27:00,52300.0,52308.0,52261.5,52261.5,4.643,242650.1445
2021-04-26 10:28:00,52261.5,52284.5,52261.5,52273.5,1.384,72346.524
2021-04-26 10:29:00,52273.5,52273.5,52259.5,52268.0,5.191,271323.188
2021-04-26 10:30:00,52268.0,52398.5,52268.0,52398.5,14.31,749822.535
2021-04-26 10:31:00,52398.5,52423.5,52359.0,52359.5,22.837,1195733.9015
2021-04-26 10:32:00,52359.5,52359.5,52333.0,52333.0,3.108,162650.964
2021-04-26 10:33:00,52333.0,52333.0,52299.5,52325.0,50.658,2650679.85
2021-04-26 10:34:00,52325.0,52325.5,52309.5,52325.0,5.895,308455.875
2021-04-26 10:35:00,52325.0,52325.0,52278.0,52287.0,3.016,157697.592
2021-04-26 10:36:00,52287.0,52287.0,52256.0,52256.5,9.871,515823.9115
2021-04-26 10:37:00,52256.5,52256.5,52219.5,52219.5,13.444,702038.958
2021-04-26 10:38:00,52219.5,52220.0,52219.5,52220.0,3.632,189663.04
2021-04-26 10:39:00,52220.0,52220.0,52175.0,52175.0,13.014,679005.45
2021-04-26 10:40:00,52175.0,52222.0,52170.5,52222.0,9.633,503054.526
2021-04-26 10:41:00,52222.0,52222.0,52116.5,52116.5,11.203,583861.1495
2021-04-26 10:42:00,52116.5,52117.0,52083.0,52098.0,9.53,496493.94
2021-04-26 10:43:00,52098.0,52099.0,52075.5,52099.0,4.369,227620.531
2021-04-26 10:44:00,52099.0,52100.5,52080.0,52100.0,7.077,368711.7
2021-04-26 10:45:00,52100.0,52120.0,52083.5,52120.0,3.126,162927.12
2021-04-26 10:46:00,52120.0,52155.0,52120.0,52155.0,15.841,826187.355
2021-04-26 10:47:00,52155.0,52155.0,52130.0,52146.5,1.644,85728.846
2021-04-26 10:48:00,52146.5,52170.0,52146.5,52170.0,10.781,562444.77
2021-04-26 10:49:00,52170.0,52180.0,52148.0,52148.0,3.612,188358.576
2021-04-26 10:50:00,52148.0,52153.0,52148.0,52153.0,1.605,83705.565
2021-04-26 10:51:00,52153.0,52215.0,52153.0,52214.5,5.678,296473.931
2021-04-26 10:52:00,52214.5,52243.0,52214.5,52243.0,10.311,538677.573
2021-04-26 10:53:00,52243.0,52243.0,52242.5,52242.5,0.874,45659.945
2021-04-26 10:54:00,52242.5,52243.5,52242.5,52243.5,0.425,22203.4875
2021-04-26 10:55:00,52243.5,52300.0,52243.5,52299.5,7.3,381786.35
2021-04-26 10:56:00,52299.5,52300.0,52299.5,52299.5,1.297,67832.4515
2021-04-26 10:57:00,52299.5,52300.0,52275.0,52275.5,4.672,244231.136
2021-04-26 10:58:00,52275.5,52299.5,52275.0,52299.5,0.507,26515.8465
2021-04-26 10:59:00,52299.5,52299.5,52299.0,52299.5,1.461,76409.5695
2021-04-26 11:00:00,52299.5,52300.0,52299.0,52300.0,1.017,53189.1
2021-04-26 11:01:00,52300.0,52350.0,52259.0,52305.0,11.029,576871.845
2021-04-26 11:02:00,52305.0,52387.0,52305.0,52381.5,7.538,394851.747
2021-04-26 11:03:00,52381.5,52381.5,52344.0,52368.0,5.923,310175.664
2021-04-26 11:04:00,52368.0,52368.5,52345.0,52345.0,3.584,187604.48
2021-04-26 11:05:00,52345.0,52412.0,52345.0,52411.5,11.616,608811.984
2021-04-26 11:06:00,52411.5,52412.0,52384.5,52385.0,2.307,120852.195
2021-04-26 11:07:00,52385.0,52385.0,52384.5,52384.5,15.309,801954.3105
2021-04-26 11:08:00,52384.5,52414.5,52384.5,52414.5,2.593,135910.7985
2021-04-26 11:09:00,52414.5,52454.0,52414.0,52420.0,18.937,992677.54
2021-04-26 11:10:00,52420.0,52420.5,52343.5,52343.5,12.161,636549.3035
2021-04-26 11:11:00,52343.5,52409.5,52343.5,52371.5,15.455,809401.5325
2021-04-26 11:12:00,52371.5,52371.5,52341.0,52353.5,1.391,72823.7185
2021-04-26 11:13:00,52353.5,52385.0,52333.0,52333.0,5.585,292279.805
2021-04-26 11:14:00,52333.0,52351.5,52333.0,52351.0,1.164,60936.564
2021-04-26 11:15:00,52351.0,52396.5,52351.0,52396.5,1.545,80952.5925
2021-04-26 11:16:00,52396.5,52401.5,52396.5,52399.5,2.93,153530.535
2021-04-26 11:17:00,52399.5,52399.5,52361.5,52364.0,2.597,135989.308
2021-04-26 11:18:00,52364.0,52398.5,52364.0,52385.5,5.949,311641.3395
2021-04-26 11:19:00,52385.5,52398.0,52385.0,52385.0,5.707,298961.195
2021-04-26 11:20:00,52385.0,52385.0,52346.5,52346.5,3.603,188604.4395
2021-04-26 11:21:00,52346.5,52346.5,52320.0,52338.0,18.256,955482.528
2021-04-26 11:22:00,52338.0,52338.0,52327.0,52327.5,6.85,358443.375
2021-04-26 11:23:00,52327.5,52327.5,52300.0,52314.0,6.835,357566.19
2021-04-26 11:24:00,52314.0,52314.5,52300.0,52300.5,2.284,119454.342
2021-04-26 11:25:00,52300.5,52368.0,52300.0,52368.0,6.455,338035.44
2021-04-26 11:26:00,52368.0,52376.0,52367.5,52376.0,2.507,131306.632
2021-04-26 11:27:00,52376.0,52387.5,52375.5,52387.5,2.562,134216.775
2021-04-26 11:28:00,52387.5,52500.0,52387.5,52500.0,16.534,868035.0
2021-04-26 11:29:00,52500.0,52500.0,52474.0,52498.5,6.418,336935.373
2021-04-26 11:30:00,52498.5,52568.0,52498.5,52550.0,62.846,3302557.3
2021-04-26 11:31:00,52550.0,52550.0,52496.0,52496.0,17.864,937788.544
2021-04-26 11:32:00,52496.0,52496.0,52456.0,52460.5,27.446,1439830.883
2021-04-26 11:33:00,52460.5,52460.5,52423.5,52423.5,17.236,903571.446
2021-04-26 11:34:00,52423.5,52423.5,52398.0,52398.0,13.776,721834.848
2021-04-26 11:35:00,52398.0,52459.5,52398.0,52424.5,3.145,164875.0525
2021-04-26 11:36:00,52424.5,52446.0,52420.0,52420.0,1.646,86283.32
2021-04-26 11:37:00,52420.0,52480.0,52420.0,52480.0,5.042,264604.16
2021-04-26 11:38:00,52480.0,52498.0,52480.0,52490.0,8.273,434249.77
2021-04-26 11:39:00,52490.0,52585.5,52490.0,52570.5,34.699,1824143.7795
2021-04-26 11:40:00,52570.5,52580.5,52535.5,52570.0,24.648,1295745.36
2021-04-26 11:41:00,52570.0,52624.5,52570.0,52605.0,27.829,1463944.545
2021-04-26 11:42:00,52605.0,52799.0,52605.0,52795.5,93.064,4913360.412
2021-04-26 11:43:00,52795.5,52795.5,52720.0,52724.0,26.002,1370929.448
2021-04-26 11:44:00,52724.0,52769.5,52716.0,52769.5,27.774,1465620.093
2021-04-26 11:45:00,52769.5,52769.5,52669.5,52676.5,14.731,775977.5215
2021-04-26 11:46:00,52676.5,52677.0,52630.0,52644.5,13.688,720597.916
2021-04-26 11:47:00,52644.5,52687.5,52644.5,52646.0,10.692,562891.032
2021-04-26 11:48:00,52646.0,52704.5,52646.0,52703.5,9.077,478389.6695
2021-04-26 11:49:00,52703.5,52704.0,52671.5,52703.5,6.698,353008.043
2021-04-26 11:50:00,52703.5,52704.0,52676.0,52676.0,4.49,236515.24
2021-04-26 11:51:00,52676.0,52676.5,52650.5,52650.5,9.406,495230.603
2021-04-26 11:52:00,52650.5,52650.5,52606.5,52608.0,5.196,273351.168
2021-04-26 11:53:00,52608.0,52663.5,52607.5,52652.0,3.922,206501.144
2021-04-26 11:54:00,52652.0,52700.0,52646.5,52700.0,2.978,156940.6
2021-04-26 11:55:00,52700.0,52737.5,52700.0,52710.5,24.064,1268425.472
2021-04-26 11:56:00,52710.5,52710.5,52576.5,52593.5,21.778,1145381.243
2021-04-26 11:57:00,52593.5,52621.5,52593.0,52621.5,8.954,471172.911
2021-04-26 11:58:00,52621.5,52637.0,52621.5,52636.5,2.636,138749.814
2021-04-26 11:59:00,52636.5,52636.5,52601.5,52601.5,10.926,574723.989
2021-04-26 12:00:00,52601.5,52735.5,52601.0,52735.5,32.244,1700403.462
2021-04-26 12:01:00,52735.5,52745.5,52705.0,52705.5,12.103,637894.6665
2021-04-26 12:02:00,52705.5,52705.5,52655.5,52680.5,4.55,239696.275
2021-04-26 12:03:00,52680.5,52728.5,52680.5,52717.5,1.672,88143.66
2021-04-26 12:04:00,52717.5,52760.0,52717.5,52760.0,9.143,482384.68
2021-04-26 12:05:00,52760.0,52765.0,52738.5,52765.0,13.954,736282.81
2021-04-26 12:06:00,52765.0,52837.0,52751.5,52787.5,49.325,2603743.4375
2021-04-26 12:07:00,52787.5,52787.5,52652.0,52667.5,44.966,2368246.805
2021-04-26 12:08:00,52667.5,52712.0,52667.5,52679.5,6.393,336780.0435
2021-04-26 12:09:00,52679.5,52698.0,52679.5,52695.0,1.558,82098.81
2021-04-26 12:10:00,52695.0,52895.0,52695.0,52891.5,44.199,2337751.4085
2021-04-26 12:11:00,52891.5,52892.5,52820.5,52821.0,8.762,462817.602
2021-04-26 12:12:00,52821.0,52821.0,52788.0,52788.0,3.891,205398.108
2021-04-26 12:13:00,52788.0,52847.5,52788.0,52847.5,4.847,256151.8325
2021-04-26 12:14:00,52847.5,52926.5,52847.0,52926.0,14.856,786268.656
2021-04-26 12:15:00,52926.0,52929.0,52832.0,52832.5,12.887,680852.4275
2021-04-26 12:16:00,52832.5,52873.0,52832.5,52873.0,9.888,522808.224
2021-04-26 12:17:00,52873.0,52873.0,52870.0,52872.0,3.284,173631.648
2021-04-26 12:18:00,52872.0,52886.0,52816.5,52816.5,11.76,621122.04
2021-04-26 12:19:00,52816.5,52817.0,52810.5,52811.0,10.6,559796.6
2021-04-26 12:20:00,52811.0,52817.0,52777.5,52810.5,4.277,225870.5085
2021-04-26 12:21:00,52810.5,52811.0,52810.5,52810.5,0.771,40716.8955
2021-04-26 12:22:00,52810.5,52811.0,52810.5,52810.5,0.842,44466.441
2021-04-26 12:23:00,52810.5,52850.0,52804.0,52850.0,10.936,577967.6
2021-04-26 12:24:00,52850.0,52880.0,52849.5,52879.5,4.601,243298.5795
2021-04-26 12:25:00,52879.5,52999.0,52879.5,52947.5,42.756,2263823.31
2021-04-26 12:26:00,52947.5,52957.0,52800.5,52867.5,53.492,2827988.31
2021-04-26 12:27:00,52867.5,52913.0,52850.0,52850.5,13.367,706452.6335
2021-04-26 12:28:00,52850.5,52850.5,52731.5,52739.5,26.148,1379032.446
2021-04-26 12:29:00,52739.5,52810.0,52739.5,52810.0,7.689,406056.09
2021-04-26 12:30:00,52810.0,52843.0,52754.0,52754.0,17.555,926096.47
2021-04-26 12:31:00,52754.0,52754.0,52570.0,52579.0,51.909,2729323.311
2021-04-26 12:32:00,52579.0,52643.0,52579.0,52616.0,36.192,1904278.272
2021-04-26 12:33:00,52616.0,52616.0,52509.0,52509.0,24.761,1300175.349
2021-04-26 12:34:00,52509.0,52580.0,52509.0,52578.0,13.369,702915.282
2021-04-26 12:35:00,52578.0,52673.5,52577.0,52673.5,7.983,420492.5505
2021-04-26 12:36:00,52673.5,52673.5,52602.5,52607.5,15.701,825990.3575
2021-04-26 12:37:00,52607.5,52608.0,52607.5,52608.0,2.109,110950.272
2021-04-26 12:38:00,52608.0,52773.5,52608.0,52754.5,48.172,2541289.774
2021-04-26 12:39:00,52754.5,52754.5,52673.0,52697.5,3.329,175429.9775
2021-04-26 12:40:00,52697.5,52723.5,52697.0,52704.0,1.691,89122.464
2021-04-26 12:41:00,52704.0,52704.5,52578.5,52582.5,28.75,1511746.875
2021-04-26 12:42:00,52582.5,52651.0,52569.5,52648.0,5.276,277770.848
2021-04-26 12:43:00,52648.0,52663.0,52632.0,52643.0,6.181,325386.383
2021-04-26 12:44:00,52643.0,52654.0,52622.0,52622.0,1.406,73986.532
2021-04-26 12:45:00,52622.0,52632.5,52600.0,52615.0,7.778,409239.47
2021-04-26 12:46:00,52615.0,52615.0,52520.0,52520.0,10.608,557132.16
2021-04-26 12:47:00,52520.0,52528.5,52505.0,52505.0,17.764,932698.82
2021-04-26 12:48:00,52505.0,52505.0,52443.0,52443.0,14.551,763098.093
2021-04-26 12:49:00,52443.0,52484.5,52443.0,52484.0,10.25,537961.0
2021-04-26 12:50:00,52484.0,52500.0,52452.0,52499.5,9.37,491920.315
2021-04-26 12:51:00,52499.5,52505.0,52499.5,52504.5,5.992,314606.964
2021-04-26 12:52:00,52504.5,52504.5,52484.0,52484.0,3.867,202955.628
2021-04-26 12:53:00,52484.0,52504.0,52484.0,52504.0,6.799,356974.696
2021-04-26 12:54:00,52504.0,52523.5,52500.0,52500.5,6.416,336843.208
2021-04-26 12:55:00,52500.5,52536.5,52496.5,52536.5,5.57,292628.305
2021-04-26 12:56:00,52536.5,52541.5,52518.0,52536.5,1.555,81694.2575
2021-04-26 12:57:00,52536.5,52593.5,52536.5,52593.5,11.005,578791.4675
2021-04-26 12:58:00,52593.5,52596.0,52577.0,52593.5,23.538,1237945.803
2021-04-26 12:59:00,52593.5,52658.0,52593.5,52658.0,33.927,1786527.966
2021-04-26 13:00:00,52658.0,52704.5,52658.0,52687.5,14.253,750954.9375
2021-04-26 13:01:00,52687.5,52688.0,52627.0,52666.5,6.273,330376.9545
2021-04-26 13:02:00,52666.5,52700.0,52666.5,52700.0,1.869,98496.3
2021-04-26 13:03:00,52700.0,52749.5,52679.0,52749.5,11.872,626242.064
2021-04-26 13:04:00,52749.5,52749.5,52703.0,52732.5,5.141,271097.7825
2021-04-26 13:05:00,52732.5,52746.0,52732.5,52734.5,1.929,101724.8505
2021-04-26 13:06:00,52734.5,52746.0,52700.0,52723.5,6.348,334688.778
2021-04-26 13:07:00,52723.5,52724.0,52667.5,52667.5,7.597,400114.9975
2021-04-26 13:08:00,52667.5,52694.0,52655.0,52662.5,9.551,502979.5375
2021-04-26 13:09:00,52662.5,52684.5,52662.0,52684.5,2.628,138454.866
2021-04-26 13:10:00,52684.5,52728.0,52684.5,52723.0,5.845,308165.935
2021-04-26 13:11:00,52723.0,52770.5,52712.5,52770.5,30.939,1632666.4995
2021-04-26 13:12:00,52770.5,52832.5,52770.0,52832.0,9.241,488220.512
2021-04-26 13:13:00,52832.0,52840.0,52832.0,52840.0,5.141,271650.44
2021-04-26 13:14:00,52840.0,52887.0,52840.0,52866.0,5.358,283256.028
2021-04-26 13:15:00,52866.0,52899.0,52855.0,52899.0,6.863,363045.837
2021-04-26 13:16:00,52899.0,52899.0,52835.0,52880.5,15.724,831492.982
2021-04-26 13:17:00,52880.5,52880.5,52856.5,52856.5,4.344,229608.636
2021-04-26 13:18:00,52856.5,52857.0,52850.0,52856.5,8.21,433951.865
2021-04-26 13:19:00,52856.5,52856.5,52801.5,52826.5,15.272,806766.308
2021-04-26 13:20:00,52826.5,52834.0,52794.0,52794.5,2.949,155690.9805
2021-04-26 13:21:00,52794.5,52794.5,52765.0,52765.0,8.751,461746.515
2021-04-26 13:22:00,52765.0,52780.0,52760.0,52760.0,10.067,531134.92
2021-04-26 13:23:00,52760.0,52821.5,52760.0,52806.5,5.649,298303.9185
2021-04-26 13:24:00,52806.5,52806.5,52736.0,52736.0,9.315,491235.84
2021-04-26 13:25:00,52736.0,52736.5,52690.0,52691.5,8.502,447983.133
2021-04-26 13:26:00,52691.5,52711.0,52690.0,52711.0,50.496,2661694.656
2021-04-26 13:27:00,52711.0,52809.5,52711.0,52805.0,3.416,180381.88
2021-04-26 13:28:00,52805.0,52833.0,52804.5,52833.0,5.502,290687.166
2021-04-26 13:29:00,52833.0,52833.0,52786.0,52786.5,13.885,732940.5525
2021-04-26 13:30:00,52786.5,52884.5,52786.0,52880.0,22.587,1194400.56
2021-04-26 13:31:00,52880.0,52880.5,52828.0,52829.5,14.153,747695.9135
2021-04-26 13:32:00,52829.5,52836.0,52720.5,52720.5,19.484,1027206.222
2021-04-26 13:33:00,52720.5,52769.0,52671.0,52678.5,26.557,1398982.9245
2021-04-26 13:34:00,52678.5,52684.5,52645.5,52646.0,67.499,3553552.354
2021-04-26 13:35:00,52646.0,52701.0,52645.5,52701.0,11.363,598841.463
2021-04-26 13:36:00,52701.0,52719.0,52701.0,52714.5,4.288,226039.776
2021-04-26 13:37:00,52714.5,52714.5,52634.5,52640.0,6.737,354635.68
2021-04-26 13:38:00,52640.0,52682.5,52634.5,52634.5,5.698,299911.381
2021-04-26 13:39:00,52634.5,52635.0,52611.0,52613.0,1.394,73342.522
2021-04-26 13:40:00,52613.0,52673.0,52612.5,52625.5,6.138,323015.319
2021-04-26 13:41:00,52625.5,52650.0,52625.5,52633.0,2.988,157267.404
2021-04-26 13:42:00,52633.0,52633.5,52603.0,52603.0,11.348,596938.844
2021-04-26 13:43:00,52603.0,52603.5,52569.5,52603.0,19.198,1009872.394
2021-04-26 13:44:00,52603.0,52603.0,52573.0,52582.5,6.275,329955.1875
2021-04-26 13:45:00,52582.5,52650.0,52582.5,52649.5,8.058,424249.671
2021-04-26 13:46:00,52649.5,52677.5,52631.5,52677.0,7.968,419730.336
2021-04-26 13:47:00,52677.0,52677.5,52677.0,52677.5,5.161,271868.5775
2021-04-26 13:48:00,52677.5,52677.5,52634.5,52634.5,3.322,174851.809
2021-04-26 13:49:00,52634.5,52635.0,52587.5,52587.5,5.122,269353.175
2021-04-26 13:50:00,52587.5,52594.5,52530.0,52530.0,17.08,897212.4
2021-04-26 13:51:00,52530.0,52574.0,52530.0,52573.5,9.17,482098.995
2021-04-26 13:52:00,52573.5,52596.5,52561.5,52596.5,3.903,205284.1395
2021-04-26 13:53:00,52596.5,52599.0,52584.0,52599.0,6.393,336265.407
2021-04-26 13:54:00,52599.0,52677.0,52599.0,52677.0,26.542,1398152.934
2021-04-26 13:55:00,52677.0,52677.0,52637.5,52648.5,8.426,443616.261
2021-04-26 13:56:00,52648.5,52649.0,52619.5,52640.0,8.317,437806.88
2021-04-26 13:57:00,52640.0,52640.0,52639.5,52639.5,0.378,19897.731
2021-04-26 13:58:00,52639.5,52670.0,52632.0,52632.0,2.448,128843.136
2021-04-26 13:59:00,52632.0,52653.0,52619.5,52653.0,6.189,325869.417
2021-04-26 14:00:00,52653.0,52659.5,52637.0,52637.0,6.205,326612.585
2021-04-26 14:01:00,52637.0,52637.5,52629.5,52631.5,2.586,136105.059
2021-04-26 14:02:00,52631.5,52675.0,52631.5,52675.0,10.313,543237.275
2021-04-26 14:03:00,52675.0,52675.0,52674.5,52674.5,2.296,120940.652
2021-04-26 14:04:00,52674.5,52674.5,52663.5,52664.0,1.106,58246.384
2021-04-26 14:05:00,52664.0,52720.5,52663.5,52720.5,26.419,1392822.8895
2021-04-26 14:06:00,52720.5,52774.0,52720.5,52773.0,10.805,570212.265
2021-04-26 14:07:00,52773.0,52773.0,52738.0,52749.5,7.837,413397.8315
2021-04-26 14:08:00,52749.5,52818.0,52749.5,52781.0,22.273,1175591.213
2021-04-26 14:09:00,52781.0,52781.0,52750.0,52766.0,9.067,478429.322
2021-04-26 14:10:00,52766.0,52766.0,52749.5,52749.5,3.861,203665.8195
2021-04-26 14:11:00,52749.5,52750.0,52686.0,52686.0,10.257,540400.302
2021-04-26 14:12:00,52686.0,52707.5,52660.0,52660.5,12.276,646460.298
2021-04-26 14:13:00,52660.5,52660.5,52594.0,52594.5,28.4,1493683.8
2021-04-26 14:14:00,52594.5,52598.5,52575.0,52598.5,13.648,717864.328
2021-04-26 14:15:00,52598.5,52649.0,52598.5,52649.0,3.737,196749.313
2021-04-26 14:16:00,52649.0,52649.0,52578.5,52579.0,12.946,680687.734
2021-04-26 14:17:00,52579.0,52579.0,52545.0,52545.0,20.599,1082374.455
2021-04-26 14:18:00,52545.0,52545.5,52510.5,52514.5,17.161,901201.3345
2021-04-26 14:19:00,52514.5,52583.5,52514.5,52565.5,5.728,301095.184
2021-04-26 14:20:00,52565.5,52636.0,52551.0,52636.0,7.248,381505.728
2021-04-26 14:21:00,52636.0,52636.0,52601.0,52601.0,3.885,204354.885
2021-04-26 14:22:00,52601.0,52628.0,52601.0,52610.0,2.366,124475.26
2021-04-26 14:23:00,52610.0,52632.0,52600.0,52632.0,1.683,88579.656
2021-04-26 14:24:00,52632.0,52632.0,52631.5,52631.5,0.968,50947.292
2021-04-26 14:25:00,52631.5,52637.0,52631.5,52636.5,2.74,144224.01
2021-04-26 14:26:00,52636.5,52666.0,52636.5,52658.0,13.604,716359.432
2021-04-26 14:27:00,52658.0,52658.0,52646.5,52650.0,0.893,47016.45
2021-04-26 14:28:00,52650.0,52660.5,52650.0,52650.0,8.581,451789.65
2021-04-26 14:29:00,52650.0,52650.5,52591.0,52591.0,10.12,532220.92
2021-04-26 14:30:00,52591.0,52591.0,52580.5,52587.0,5.366,282181.842
2021-04-26 14:31:00,52587.0,52587.5,52586.5,52586.5,0.906,47643.369
2021-04-26 14:32:00,52586.5,52587.0,52586.5,52586.5,1.458,76671.117
2021-04-26 14:33:00,52586.5,52586.5,52586.0,52586.0,4.98,261878.28
2021-04-26 14:34:00,52586.0,52586.5,52586.0,52586.0,1.291,67888.526
2021-04-26 14:35:00,52586.0,52587.0,52586.0,52587.0,1.535,80721.045
2021-04-26 14:36:00,52587.0,52587.0,52525.5,52526.0,6.926,363795.076
2021-04-26 14:37:00,52526.0,52526.5,52485.0,52485.0,18.227,956644.095
2021-04-26 14:38:00,52485.0,52508.5,52485.0,52508.0,6.593,346185.244
2021-04-26 14:39:00,52508.0,52509.5,52491.5,52491.5,8.001,419984.4915
2021-04-26 14:40:00,52491.5,52491.5,52478.5,52478.5,9.646,506207.611
2021-04-26 14:41:00,52478.5,52478.5,52454.5,52454.5,72.751,3816117.3295
2021-04-26 14:42:00,52454.5,52454.5,52444.0,52444.0,16.62,871619.28
2021-04-26 14:43:00,52444.0,52444.5,52257.0,52354.5,85.945,4499607.5025
2021-04-26 14:44:00,52354.5,52400.0,52314.0,52384.5,19.133,1002272.6385
2021-04-26 14:45:00,52384.5,52385.0,52320.0,52326.5,19.368,1013459.652
2021-04-26 14:46:00,52326.5,52396.0,52326.5,52386.5,12.307,644720.6555
2021-04-26 14:47:00,52386.5,52451.0,52386.5,52450.5,15.165,795411.8325
2021-04-26 14:48:00,52450.5,52458.5,52418.0,52418.0,8.466,443770.788
2021-04-26 14:49:00,52418.0,52418.0,52368.5,52368.5,8.279,433558.8115
2021-04-26 14:50:00,52368.5,52408.0,52344.0,52408.0,9.231,483778.248
2021-04-26 14:51:00,52408.0,52448.0,52400.0,52447.5,7.17,376048.575
2021-04-26 14:52:00,52447.5,52467.0,52425.0,52456.5,4.159,218166.5835
2021-04-26 14:53:00,52456.5,52456.5,52440.0,52440.0,1.35,70794.0
2021-04-26 14:54:00,52440.0,52458.5,52440.0,52442.0,27.143,1423433.206
2021-04-26 14:55:00,52442.0,52491.0,52441.5,52490.5,15.629,820374.0245
2021-04-26 14:56:00,52490.5,52491.0,52456.0,52464.5,5.36,281209.72
2021-04-26 14:57:00,52464.5,52464.5,52456.0,52464.5,2.647,138873.5315
2021-04-26 14:58:00,52464.5,52464.5,52400.0,52400.0,13.553,710177.2
2021-04-26 14:59:00,52400.0,52400.5,52338.5,52338.5,9.066,474500.841
2021-04-26 15:00:00,52338.5,52400.0,52338.0,52400.0,9.875,517450.0
2021-04-26 15:01:00,52400.0,52448.5,52400.0,52448.0,10.185,534182.88
2021-04-26 15:02:00,52448.0,52448.5,52415.0,52442.0,1.625,85218.25
2021-04-26 15:03:00,52442.0,52456.5,52442.0,52448.0,3.002,157448.896
2021-04-26 15:04:00,52448.0,52476.0,52448.0,52476.0,4.447,233360.772
2021-04-26 15:05:00,52476.0,52500.0,52472.0,52499.5,10.228,536964.886
2021-04-26 15:06:00,52499.5,52500.0,52483.0,52483.0,1.161,60932.763
2021-04-26 15:07:00,52483.0,52483.0,52457.0,52470.0,4.539,238161.33
2021-04-26 15:08:00,52470.0,52499.0,52470.0,52499.0,2.264,118857.736
2021-04-26 15:09:00,52499.0,52520.0,52499.0,52499.0,4.816,252835.184
2021-04-26 15:10:00,52499.0,52509.5,52499.0,52500.0,1.763,92557.5
2021-04-26 15:11:00,52500.0,52509.0,52500.0,52509.0,3.475,182468.775
2021-04-26 15:12:00,52509.0,52509.0,52470.5,52499.5,3.54,185848.23
2021-04-26 15:13:00,52499.5,52511.5,52499.5,52511.5,0.918,48205.557
2021-04-26 15:14:00,52511.5,52589.5,52511.5,52589.5,15.706,825970.687
2021-04-26 15:15:00,52589.5,52686.0,52589.5,52686.0,31.655,1667775.33
2021-04-26 15:16:00,52686.0,52900.0,52662.0,52900.0,76.603,4052298.7
2021-04-26 15:17:00,52900.0,52900.0,52823.5,52864.0,44.367,2345417.088
2021-04-26 15:18:00,52864.0,53400.0,52864.0,53262.5,422.943,22527001.5375
2021-04-26 15:19:00,53262.5,53465.0,53222.0,53301.5,95.663,5098981.3945
2021-04-26 15:20:00,53301.5,53330.0,53228.0,53290.0,31.556,1681619.24
2021-04-26 15:21:00,53290.0,53292.5,53242.5,53292.5,24.346,1297459.205
2021-04-26 15:22:00,53292.5,53484.0,53292.0,53350.0,82.564,4404789.4
2021-04-26 15:23:00,53350.0,53386.5,53350.0,53370.0,8.404,448521.48
2021-04-26 15:24:00,53370.0,53421.0,53315.5,53421.0,16.817,898380.957
2021-04-26 15:25:00,53421.0,53425.5,53276.5,53276.5,12.217,650879.0005
2021-04-26 15:26:00,53276.5,53325.0,53276.5,53277.5,5.895,314070.8625
2021-04-26 15:27:00,53277.5,53277.5,53170.0,53230.0,30.766,1637674.18
2021-04-26 15:28:00,53230.0,53300.0,53229.5,53273.5,19.97,1063871.795
2021-04-26 15:29:00,53273.5,53386.0,53273.5,53375.0,36.982,1973914.25
2021-04-26 15:30:00,53375.0,53382.0,53282.0,53300.5,7.335,390959.1675
2021-04-26 15:31:00,53300.5,53301.0,53255.0,53255.5,17.697,942462.5835
2021-04-26 15:32:00,53255.5,53426.0,53238.0,53405.0,17.663,943292.515
2021-04-26 15:33:00,53405.0,53405.5,53340.0,53363.5,10.339,551725.2265
2021-04-26 15:34:00,53363.5,53363.5,53295.0,53302.0,12.352,658386.304
2021-04-26 15:35:00,53302.0,53307.0,53220.0,53220.0,7.24,385312.8
2021-04-26 15:36:00,53220.0,53240.0,53190.0,53200.0,31.042,1651434.4
2021-04-26 15:37:00,53200.0,53200.5,53158.0,53161.0,9.893,525921.773
2021-04-26 15:38:00,53161.0,53190.0,53160.5,53161.5,10.984,583925.916
2021-04-26 15:39:00,53161.5,53202.5,53161.0,53202.0,18.059,960774.918
2021-04-26 15:40:00,53202.0,53202.5,53188.0,53188.5,7.25,385616.625
2021-04-26 15:41:00,53188.5,53280.0,53161.5,53280.0,16.578,883275.84
2021-04-26 15:42:00,53280.0,53280.0,53242.0,53279.5,55.073,2934261.9035
2021-04-26 15:43:00,53279.5,53380.0,53279.5,53366.0,20.692,1104249.272
2021-04-26 15:44:00,53366.0,53444.0,53283.0,53300.0,10.632,566685.6
2021-04-26 15:45:00,53300.0,53300.5,53212.0,53212.5,10.713,570065.5125
2021-04-26 15:46:00,53212.5,53280.0,53212.0,53270.5,5.778,307796.949
2021-04-26 15:47:00,53270.5,53278.0,53242.5,53278.0,3.359,178960.802
2021-04-26 15:48:00,53278.0,53320.5,53277.5,53300.0,6.891,367290.3
2021-04-26 15:49:00,53300.0,53300.0,53268.0,53268.0,1.781,94870.308
2021-04-26 15:50:00,53268.0,53314.5,53250.0,53294.0,5.886,313688.484
2021-04-26 15:51:00,53294.0,53315.0,53294.0,53315.0,1.494,79652.61
2021-04-26 15:52:00,53315.0,53390.0,53315.0,53354.5,9.985,532744.6825
2021-04-26 15:53:00,53354.5,53400.0,53354.5,53370.5,16.409,875756.5345
2021-04-26 15:54:00,53370.5,53370.5,53302.5,53304.5,8.402,447864.409
2021-04-26 15:55:00,53304.5,53333.0,53300.0,53333.0,4.019,214345.327
2021-04-26 15:56:00,53333.0,53350.0,53332.5,53349.5,4.634,247221.583
2021-04-26 15:57:00,53349.5,53349.5,53300.0,53326.0,5.078,270789.428
2021-04-26 15:58:00,53326.0,53330.0,53307.0,53307.0,7.012,373788.684
2021-04-26 15:59:00,53307.0,53309.5,53300.0,53309.5,0.959,51123.8105
2021-04-26 16:00:00,53309.5,53336.0,53302.0,53311.5,4.662,248538.213
2021-04-26 16:01:00,53311.5,53322.5,53302.5,53303.0,1.27,67694.81
2021-04-26 16:02:00,53303.0,53303.0,53258.5,53259.0,13.584,723470.256
2021-04-26 16:03:00,53259.0,53313.0,53258.5,53313.0,2.467,131523.171
2021-04-26 16:04:00,53313.0,53313.0,53271.0,53271.5,6.256,333266.504
2021-04-26 16:05:00,53271.5,53271.5,53234.5,53264.5,12.796,681572.542
2021-04-26 16:06:00,53264.5,53270.0,53253.5,53270.0,3.642,194009.34
2021-04-26 16:07:00,53270.0,53270.0,53250.0,53253.0,13.716,730418.148
2021-04-26 16:08:00,53253.0,53253.5,53250.0,53250.5,11.022,586927.011
2021-04-26 16:09:00,53250.5,53250.5,53200.0,53201.0,15.888,845257.488
2021-04-26 16:10:00,53201.0,53242.0,53197.0,53200.0,12.17,647444.0
2021-04-26 16:11:00,53200.0,53214.0,53200.0,53200.0,5.681,302229.2
2021-04-26 16:12:00,53200.0,53200.5,53199.5,53199.5,5.1,271317.45
2021-04-26 16:13:00,53199.5,53199.5,53199.5,53199.5,0.664,35324.468
2021-04-26 16:14:00,53199.5,53200.0,53100.0,53122.5,16.334,867702.915
2021-04-26 16:15:00,53122.5,53149.0,53081.5,53086.5,5.947,315705.4155
2021-04-26 16:16:00,53086.5,53120.0,53073.0,53120.0,10.474,556378.88
2021-04-26 16:17:00,53120.0,53141.5,53120.0,53141.5,5.63,299186.645
2021-04-26 16:18:00,53141.5,53176.0,53141.5,53175.0,3.27,173882.25
2021-04-26 16:19:00,53175.0,53212.5,53174.5,53212.5,4.998,265956.075
2021-04-26 16:20:00,53212.5,53257.0,53212.5,53220.5,5.41,287922.905
2021-04-26 16:21:00,53220.5,53221.0,53191.0,53191.0,15.735,836960.385
2021-04-26 16:22:00,53191.0,53191.5,53175.5,53178.5,3.154,167724.989
2021-04-26 16:23:00,53178.5,53178.5,53170.0,53170.5,1.337,71088.9585
2021-04-26 16:24:00,53170.5,53211.0,53156.5,53185.5,6.382,339429.861
2021-04-26 16:25:00,53185.5,53185.5,53164.0,53178.5,13.598,723121.243
2021-04-26 16:26:00,53178.5,53178.5,53158.5,53158.5,2.973,158040.2205
2021-04-26 16:27:00,53158.5,53184.0,53158.5,53160.5,3.819,203019.9495
2021-04-26 16:28:00,53160.5,53175.5,53155.0,53155.0,3.205,170361.775
2021-04-26 16:29:00,53155.0,53184.0,53150.5,53173.0,6.61,351473.53
2021-04-26 16:30:00,53173.0,53249.0,53173.0,53236.0,1.746,92950.056
2021-04-26 16:31:00,53236.0,53298.0,53236.0,53287.5,13.272,707231.7
2021-04-26 16:32:00,53287.5,53308.0,53275.0,53308.0,8.693,463406.444
2021-04-26 16:33:00,53308.0,53338.0,53273.0,53317.0,11.058,589579.386
2021-04-26 16:34:00,53317.0,53340.0,53316.5,53328.5,5.252,280081.282
2021-04-26 16:35:00,53328.5,53329.5,53316.5,53329.5,6.792,362213.964
2021-04-26 16:36:00,53329.5,53330.0,53329.0,53330.0,2.015,107459.95
2021-04-26 16:37:00,53330.0,53330.0,53318.5,53319.0,3.745,199679.655
2021-04-26 16:38:00,53319.0,53350.0,53318.5,53350.0,6.577,350882.95
2021-04-26 16:39:00,53350.0,53350.0,53348.0,53348.5,8.257,440498.5645
2021-04-26 16:40:00,53348.5,53352.0,53348.0,53348.0,20.219,1078643.212
2021-04-26 16:41:00,53348.0,53365.0,53341.0,53353.5,12.114,646324.299
2021-04-26 16:42:00,53353.5,53374.0,53353.5,53374.0,1.87,99809.38
2021-04-26 16:43:00,53374.0,53454.0,53373.5,53453.5,18.574,992845.309
2021-04-26 16:44:00,53453.5,53454.0,53408.0,53408.5,8.39,448097.315
2021-04-26 16:45:00,53408.5,53408.5,53315.5,53315.5,10.719,571488.8445
2021-04-26 16:46:00,53315.5,53340.5,53300.0,53300.0,8.225,438392.5
2021-04-26 16:47:00,53300.0,53324.0,53300.0,53324.0,1.914,102062.136
2021-04-26 16:48:00,53324.0,53384.5,53323.5,53361.5,3.873,206669.0895
2021-04-26 16:49:00,53361.5,53378.0,53361.5,53362.0,4.285,228656.17
2021-04-26 16:50:00,53362.0,53362.5,53342.5,53343.0,4.218,225000.774
2021-04-26 16:51:00,53343.0,53359.5,53341.0,53359.5,2.987,159384.8265
2021-04-26 16:52:00,53359.5,53438.5,53359.5,53421.0,11.089,592385.469
2021-04-26 16:53:00,53421.0,53451.0,53398.0,53400.0,7.196,384266.4
2021-04-26 16:54:00,53400.0,53629.0,53400.0,53599.5,107.215,5746670.3925
2021-04-26 16:55:00,53599.5,53604.0,53510.5,53514.0,15.597,834657.858
2021-04-26 16:56:00,53514.0,53514.5,53450.5,53450.5,7.809,417394.9545
2021-04-26 16:57:00,53450.5,53450.5,53325.0,53326.0,23.16,1235030.16
2021-04-26 16:58:00,53326.0,53384.0,53318.5,53333.0,9.518,507623.494
2021-04-26 16:59:00,53333.0,53383.0,53333.0,53361.5,9.988,532974.662
2021-04-26 17:00:00,53361.5,53370.5,53234.0,53234.0,22.704,1208624.736
2021-04-26 17:01:00,53234.0,53450.0,53234.0,53389.0,19.961,1065697.829
2021-04-26 17:02:00,53389.0,53405.5,53372.5,53405.0,18.597,993172.785
2021-04-26 17:03:00,53405.0,53405.5,53378.0,53403.0,6.35,339109.05
2021-04-26 17:04:00,53403.0,53403.0,53402.5,53403.0,3.446,184026.738
2021-04-26 17:05:00,53403.0,53432.5,53403.0,53432.5,4.907,262193.2775
2021-04-26 17:06:00,53432.5,53500.0,53432.5,53485.5,8.978,480192.819
2021-04-26 17:07:00,53485.5,53486.0,53485.5,53485.5,2.049,109591.7895
2021-04-26 17:08:00,53485.5,53537.0,53485.5,53526.0,5.119,273999.594
2021-04-26 17:09:00,53526.0,53526.5,53492.5,53493.0,4.785,255964.005
2021-04-26 17:10:00,53493.0,53493.0,53444.0,53444.0,12.047,643839.868
2021-04-26 17:11:00,53444.0,53444.0,53432.5,53433.0,3.466,185198.778
2021-04-26 17:12:00,53433.0,53463.0,53432.5,53463.0,10.149,542595.987
2021-04-26 17:13:00,53463.0,53474.0,53463.0,53474.0,0.581,31068.394
2021-04-26 17:14:00,53474.0,53550.0,53473.5,53550.0,41.778,2237211.9
2021-04-26 17:15:00,53550.0,53550.0,53480.0,53480.5,18.512,990031.016
2021-04-26 17:16:00,53480.5,53526.0,53480.5,53525.5,5.763,308467.4565
2021-04-26 17:17:00,53525.5,53526.0,53488.0,53488.5,6.89,368535.765
2021-04-26 17:18:00,53488.5,53488.5,53443.0,53446.0,10.822,578392.612
2021-04-26 17:19:00,53446.0,53446.5,53446.0,53446.5,5.065,270706.5225
2021-04-26 17:20:00,53446.5,53446.5,53411.0,53412.5,3.361,179519.4125
2021-04-26 17:21:00,53412.5,53490.0,53412.5,53490.0,5.455,291787.95
2021-04-26 17:22:00,53490.0,53490.0,53474.5,53474.5,2.698,144274.201
2021-04-26 17:23:00,53474.5,53474.5,53465.0,53470.0,1.644,87904.68
2021-04-26 17:24:00,53470.0,53524.5,53469.5,53504.0,8.063,431402.752
2021-04-26 17:25:00,53504.0,53590.0,53504.0,53590.0,4.712,252516.08
2021-04-26 17:26:00,53590.0,53601.5,53512.5,53556.5,16.056,859903.164
2021-04-26 17:27:00,53556.5,53556.5,53529.0,53529.5,2.753,147366.7135
2021-04-26 17:28:00,53529.5,53550.5,53529.0,53539.0,3.881,207784.859
2021-04-26 17:29:00,53539.0,53579.5,53539.0,53560.5,12.022,643904.331
2021-04-26 17:30:00,53560.5,53560.5,53493.5,53493.5,24.515,1311393.1525
2021-04-26 17:31:00,53493.5,53509.0,53476.5,53476.5,17.051,911827.8015
2021-04-26 17:32:00,53476.5,53532.5,53476.5,53516.5,7.702,412184.083
2021-04-26 17:33:00,53516.5,53768.0,53516.0,53704.5,176.457,9476534.9565
2021-04-26 17:34:00,53704.5,53705.0,53580.0,53580.5,38.165,2044899.7825
2021-04-26 17:35:00,53580.5,53581.0,53487.5,53538.0,42.64,2282860.32
2021-04-26 17:36:00,53538.0,53550.0,53538.0,53550.0,11.207,600134.85
2021-04-26 17:37:00,53550.0,53550.0,53519.0,53539.5,5.688,304532.676
2021-04-26 17:38:00,53539.5,53540.0,53465.0,53465.0,13.554,724664.61
2021-04-26 17:39:00,53465.0,53487.0,53452.0,53487.0,9.993,534495.591
2021-04-26 17:40:00,53487.0,53487.0,53435.0,53435.0,15.016,802379.96
2021-04-26 17:41:00,53435.0,53448.5,53416.0,53416.0,40.412,2158647.392
2021-04-26 17:42:00,53416.0,53444.0,53389.0,53435.0,30.219,1614752.265
2021-04-26 17:43:00,53435.0,53490.0,53435.0,53463.5,4.964,265392.814
2021-04-26 17:44:00,53463.5,53500.5,53463.5,53500.0,4.347,232564.5
2021-04-26 17:45:00,53500.0,53500.0,53446.0,53446.5,3.356,179366.454
2021-04-26 17:46:00,53446.5,53446.5,53410.0,53410.5,13.345,712763.1225
2021-04-26 17:47:00,53410.5,53417.5,53409.0,53409.0,12.595,672686.355
2021-04-26 17:48:00,53409.0,53409.5,53374.5,53374.5,22.759,1214750.2455
2021-04-26 17:49:00,53374.5,53399.5,53362.0,53392.0,17.784,949523.328
2021-04-26 17:50:00,53392.0,53419.5,53392.0,53392.5,21.111,1127169.0675
2021-04-26 17:51:00,53392.5,53430.0,53392.0,53430.0,2.354,125774.22
2021-04-26 17:52:00,53430.0,53513.0,53430.0,53481.5,12.678,678038.457
2021-04-26 17:53:00,53481.5,53566.5,53481.5,53566.5,14.725,788766.7125
2021-04-26 17:54:00,53566.5,53573.5,53555.5,53555.5,13.251,709663.9305
2021-04-26 17:55:00,53555.5,53722.0,53555.5,53677.0,56.269,3020351.113
2021-04-26 17:56:00,53677.0,53677.0,53600.0,53633.0,13.43,720291.19
2021-04-26 17:57:00,53633.0,53707.0,53624.0,53706.5,32.97,1770703.305
2021-04-26 17:58:00,53706.5,53706.5,53668.0,53668.0,12.664,679651.552
2021-04-26 17:59:00,53668.0,53732.0,53668.0,53725.0,15.696,843267.6
2021-04-26 18:00:00,53725.0,53766.5,53675.5,53748.5,17.766,954895.851
2021-04-26 18:01:00,53748.5,53748.5,53678.0,53713.0,17.528,941481.464
2021-04-26 18:02:00,53713.0,53713.0,53611.5,53620.5,15.827,848651.6535
2021-04-26 18:03:00,53620.5,53673.5,53608.0,53646.0,24.201,1298286.846
2021-04-26 18:04:00,53646.0,53690.0,53646.0,53679.0,11.276,605284.404
2021-04-26 18:05:00,53679.0,53727.5,53679.0,53726.5,16.287,875043.5055
2021-04-26 18:06:00,53726.5,53727.0,53726.5,53727.0,3.859,207332.493
2021-04-26 18:07:00,53727.0,53750.0,53726.5,53750.0,24.086,1294622.5
2021-04-26 18:08:00,53750.0,53849.0,53726.5,53779.5,40.479,2176940.3805
2021-04-26 18:09:00,53779.5,53812.0,53770.0,53780.5,25.1,1349890.55
2021-04-26 18:10:00,53780.5,53799.5,53749.5,53774.5,16.349,879159.3005
2021-04-26 18:11:00,53774.5,53817.0,53774.5,53817.0,4.554,245082.618
2021-04-26 18:12:00,53817.0,53817.0,53792.0,53792.5,9.413,506348.8025
2021-04-26 18:13:00,53792.5,53792.5,53749.5,53753.0,4.779,256885.587
2021-04-26 18:14:00,53753.0,53785.5,53725.5,53740.0,9.178,493225.72
2021-04-26 18:15:00,53740.0,53740.5,53683.5,53684.0,33.744,1811512.896
2021-04-26 18:16:00,53684.0,53684.0,53665.5,53665.5,21.086,1131590.733
2021-04-26 18:17:00,53665.5,53707.0,53665.5,53706.5,4.171,224009.8115
2021-04-26 18:18:00,53706.5,53707.0,53688.0,53688.0,4.482,240629.616
2021-04-26 18:19:00,53688.0,53688.0,53569.5,53593.5,63.32,3393540.42
2021-04-26 18:20:00,53593.5,53618.0,53507.0,53507.0,41.652,2228673.564
2021-04-26 18:21:00,53507.0,53579.5,53507.0,53554.5,13.287,711578.6415
2021-04-26 18:22:00,53554.5,53588.0,53554.5,53563.0,5.597,299792.111
2021-04-26 18:23:00,53563.0,53586.0,53562.5,53563.0,2.371,126997.873
2021-04-26 18:24:00,53563.0,53605.5,53562.5,53592.0,9.324,499691.808
2021-04-26 18:25:00,53592.0,53599.0,53591.5,53598.0,14.131,757393.338
2021-04-26 18:26:00,53598.0,53598.5,53566.0,53566.0,7.859,420975.194
2021-04-26 18:27:00,53566.0,53589.0,53533.5,53533.5,15.049,805625.6415
2021-04-26 18:28:00,53533.5,53533.5,53453.5,53454.0,31.94,1707320.76
2021-04-26 18:29:00,53454.0,53490.0,53446.0,53446.0,12.551,670800.746
2021-04-26 18:30:00,53446.0,53495.0,53446.0,53494.5,14.691,785887.6995
2021-04-26 18:31:00,53494.5,53495.0,53494.5,53494.5,3.169,169524.0705
2021-04-26 18:32:00,53494.5,53568.5,53494.5,53568.5,17.51,937984.435
2021-04-26 18:33:00,53568.5,53568.5,53497.0,53497.0,31.641,1692698.577
2021-04-26 18:34:00,53497.0,53497.0,53302.5,53314.0,48.255,2572667.07
2021-04-26 18:35:00,53314.0,53366.0,53314.0,53322.0,15.944,850165.968
2021-04-26 18:36:00,53322.0,53383.0,53322.0,53322.0,17.607,938840.454
2021-04-26 18:37:00,53322.0,53352.5,53322.0,53352.0,9.453,504336.456
2021-04-26 18:38:00,53352.0,53396.0,53352.0,53396.0,8.199,437793.804
2021-04-26 18:39:00,53396.0,53397.5,53395.5,53397.0,20.538,1096667.586
2021-04-26 18:40:00,53397.0,53397.5,53311.0,53311.0,16.764,893705.604
2021-04-26 18:41:00,53311.0,53349.0,53311.0,53349.0,21.202,1131105.498
2021-04-26 18:42:00,53349.0,53390.0,53348.5,53353.0,7.109,379286.477
2021-04-26 18:43:00,53353.0,53353.5,53254.5,53285.0,20.99,1118452.15
2021-04-26 18:44:00,53285.0,53285.5,53236.0,53239.0,20.574,1095339.186
2021-04-26 18:45:00,53239.0,53299.5,53239.0,53256.0,32.493,1730447.208
2021-04-26 18:46:00,53256.0,53365.5,53237.0,53353.0,70.007,3735083.471
2021-04-26 18:47:00,53353.0,53367.0,53303.0,53330.0,30.23,1612165.9
2021-04-26 18:48:00,53330.0,53398.0,53329.5,53398.0,12.604,673028.392
2021-04-26 18:49:00,53398.0,53467.5,53398.0,53467.5,24.68,1319577.9
2021-04-26 18:50:00,53467.5,53518.5,53467.5,53518.5,8.89,475779.465
2021-04-26 18:51:00,53518.5,53547.0,53518.0,53547.0,15.45,827301.15
2021-04-26 18:52:00,53547.0,53596.5,53547.0,53596.5,30.381,1628315.2665
2021-04-26 18:53:00,53596.5,53611.0,53588.0,53588.0,13.321,713845.748
2021-04-26 18:54:00,53588.0,53588.0,53503.5,53531.5,29.573,1583087.0495
2021-04-26 18:55:00,53531.5,53648.0,53531.5,53621.5,13.965,748824.2475
2021-04-26 18:56:00,53621.5,53622.0,53556.5,53618.5,13.298,713018.813
2021-04-26 18:57:00,53618.5,53653.5,53579.0,53579.0,13.001,696580.579
2021-04-26 18:58:00,53579.0,53600.0,53579.0,53599.5,1.545,82811.2275
2021-04-26 18:59:00,53599.5,53622.5,53599.5,53622.5,7.227,387529.8075
2021-04-26 19:00:00,53622.5,53740.0,53622.5,53713.5,27.089,1455045.0015
2021-04-26 19:01:00,53713.5,53790.0,53713.5,53790.0,19.622,1055467.38
2021-04-26 19:02:00,53790.0,53790.0,53746.0,53746.0,13.829,743253.434
2021-04-26 19:03:00,53746.0,53746.5,53746.0,53746.5,12.079,649203.9735
2021-04-26 19:04:00,53746.5,53772.5,53746.0,53771.0,7.835,421295.785
2021-04-26 19:05:00,53771.0,53771.0,53670.0,53670.0,19.408,1041627.36
2021-04-26 19:06:00,53670.0,53688.0,53645.5,53688.0,15.67,841290.96
2021-04-26 19:07:00,53688.0,53730.0,53687.5,53691.0,11.538,619486.758
2021-04-26 19:08:00,53691.0,53691.5,53675.0,53675.5,14.041,753657.6955
2021-04-26 19:09:00,53675.5,53699.0,53674.5,53698.5,2.492,133816.662
2021-04-26 19:10:00,53698.5,53716.0,53698.5,53703.0,4.531,243328.293
2021-04-26 19:11:00,53703.0,53750.0,53702.5,53749.5,5.593,300620.9535
2021-04-26 19:12:00,53749.5,53812.0,53749.0,53812.0,32.812,1765679.344
2021-04-26 19:13:00,53812.0,53840.0,53802.5,53816.0,9.68,520938.88
2021-04-26 19:14:00,53816.0,53833.5,53800.5,53833.5,10.176,547809.696
2021-04-26 19:15:00,53833.5,53833.5,53759.5,53786.5,10.226,550020.749
2021-04-26 19:16:00,53786.5,53787.0,53746.0,53747.0,13.394,719887.318
2021-04-26 19:17:00,53747.0,53747.0,53735.0,53735.0,8.823,474103.905
2021-04-26 19:18:00,53735.0,53778.0,53735.0,53753.5,1.28,68804.48
2021-04-26 19:19:00,53753.5,53759.5,53753.0,53759.5,5.072,272668.184
2021-04-26 19:20:00,53759.5,53778.0,53703.0,53703.0,12.426,667313.478
2021-04-26 19:21:00,53703.0,53703.5,53639.0,53639.0,19.623,1052558.097
2021-04-26 19:22:00,53639.0,53639.5,53587.0,53587.0,13.656,731784.072
2021-04-26 19:23:00,53587.0,53691.5,53568.5,53568.5,25.953,1390263.2805
2021-04-26 19:24:00,53568.5,53624.0,53568.5,53569.5,5.912,316702.884
2021-04-26 19:25:00,53569.5,53632.5,53569.0,53569.0,4.998,267737.862
2021-04-26 19:26:00,53569.0,53569.0,53512.0,53512.0,13.416,717916.992
2021-04-26 19:27:00,53512.0,53588.5,53512.0,53562.0,3.515,188270.43
2021-04-26 19:28:00,53562.0,53644.0,53552.5,53610.0,6.891,369426.51
2021-04-26 19:29:00,53610.0,53668.0,53610.0,53625.5,8.316,445949.658
2021-04-26 19:30:00,53625.5,53644.0,53611.5,53643.5,4.065,218060.8275
2021-04-26 19:31:00,53643.5,53775.0,53643.5,53774.5,21.349,1148031.8005
2021-04-26 19:32:00,53774.5,53774.5,53726.5,53727.5,11.716,629471.39
2021-04-26 19:33:00,53727.5,53727.5,53696.0,53696.5,7.709,413946.3185
2021-04-26 19:34:00,53696.5,53697.0,53634.0,53634.0,12.331,661360.854
2021-04-26 19:35:00,53634.0,53634.0,53560.0,53560.0,45.218,2421876.08
2021-04-26 19:36:00,53560.0,53585.5,53560.0,53573.0,2.609,139771.957
2021-04-26 19:37:00,53573.0,53588.0,53572.5,53588.0,5.34,286159.92
2021-04-26 19:38:00,53588.0,53619.0,53582.0,53582.0,4.786,256443.452
2021-04-26 19:39:00,53582.0,53600.0,53562.0,53562.0,6.054,324264.348
2021-04-26 19:40:00,53562.0,53562.5,53562.0,53562.0,60.352,3232573.824
2021-04-26 19:41:00,53562.0,53574.0,53562.0,53574.0,2.099,112451.826
2021-04-26 19:42:00,53574.0,53574.0,53573.5,53573.5,1.392,74574.312
2021-04-26 19:43:00,53573.5,53580.0,53562.0,53580.0,3.299,176760.42
2021-04-26 19:44:00,53580.0,53667.0,53580.0,53622.0,45.639,2447254.458
2021-04-26 19:45:00,53622.0,53664.0,53622.0,53652.5,14.791,793574.1275
2021-04-26 19:46:00,53652.5,53653.0,53612.0,53616.5,3.046,163315.859
2021-04-26 19:47:00,53616.5,53617.0,53465.0,53489.0,36.204,1936515.756
2021-04-26 19:48:00,53489.0,53544.5,53476.5,53536.0,8.128,435140.608
2021-04-26 19:49:00,53536.0,53536.0,53508.5,53514.0,18.119,969620.166
2021-04-26 19:50:00,53514.0,53583.5,53514.0,53583.0,8.908,477317.364
2021-04-26 19:51:00,53583.0,53583.0,53575.5,53580.0,4.36,233608.8
2021-04-26 19:52:00,53580.0,53584.0,53556.5,53556.5,2.634,141067.821
2021-04-26 19:53:00,53556.5,53556.5,53470.0,53481.0,12.725,680545.725
2021-04-26 19:54:00,53481.0,53509.5,53480.5,53509.5,5.187,277553.7765
2021-04-26 19:55:00,53509.5,53510.0,53501.0,53501.0,3.166,169384.166
2021-04-26 19:56:00,53501.0,53520.0,53501.0,53520.0,2.387,127752.24
2021-04-26 19:57:00,53520.0,53570.5,53519.5,53554.5,5.819,311633.6355
2021-04-26 19:58:00,53554.5,53554.5,53538.0,53550.0,4.133,221322.15
2021-04-26 19:59:00,53550.0,53580.0,53535.5,53579.5,16.261,871256.2495
2021-04-26 20:00:00,53579.5,53580.0,53555.0,53579.5,15.979,856146.8305
2021-04-26 20:01:00,53579.5,53603.5,53578.5,53578.5,12.476,668445.366
2021-04-26 20:02:00,53578.5,53579.0,53505.0,53505.0,23.914,1279518.57
2021-04-26 20:03:00,53505.0,53505.0,53387.0,53387.0,32.952,1759208.424
2021-04-26 20:04:00,53387.0,53437.0,53379.5,53381.5,11.658,622321.527
2021-04-26 20:05:00,53381.5,53445.0,53381.5,53444.5,5.505,294211.9725
2021-04-26 20:06:00,53444.5,53465.0,53444.5,53464.5,5.884,314585.118
2021-04-26 20:07:00,53464.5,53499.5,53464.5,53471.5,2.609,139507.1435
2021-04-26 20:08:00,53471.5,53500.0,53471.5,53499.5,2.128,113846.936
2021-04-26 20:09:00,53499.5,53529.0,53499.5,53529.0,3.274,175253.946
2021-04-26 20:10:00,53529.0,53543.0,53529.0,53542.5,3.736,200034.78
2021-04-26 20:11:00,53542.5,53592.0,53542.5,53592.0,26.623,1426779.816
2021-04-26 20:12:00,53592.0,53592.0,53578.5,53578.5,12.171,652103.9235
2021-04-26 20:13:00,53578.5,53579.0,53554.0,53579.0,5.643,302346.297
2021-04-26 20:14:00,53579.0,53583.0,53579.0,53582.5,1.934,103628.555
2021-04-26 20:15:00,53582.5,53638.0,53582.5,53616.0,10.538,565005.408
2021-04-26 20:16:00,53616.0,53674.0,53616.0,53673.5,4.295,230527.6825
2021-04-26 20:17:00,53673.5,53695.5,53673.5,53693.0,8.36,448873.48
2021-04-26 20:18:00,53693.0,53710.5,53669.5,53674.0,12.782,686061.068
2021-04-26 20:19:00,53674.0,53692.5,53634.5,53634.5,12.896,691670.512
2021-04-26 20:20:00,53634.5,53652.0,53627.5,53652.0,3.167,169915.884
2021-04-26 20:21:00,53652.0,53652.5,53650.5,53650.5,4.946,265355.373
2021-04-26 20:22:00,53650.5,53651.0,53631.5,53631.5,14.125,757544.9375
2021-04-26 20:23:00,53631.5,53631.5,53626.0,53626.5,1.954,104786.181
2021-04-26 20:24:00,53626.5,53661.0,53619.5,53620.0,9.524,510676.88
2021-04-26 20:25:00,53620.0,53620.0,53560.0,53560.5,16.487,883051.9635
2021-04-26 20:26:00,53560.5,53560.5,53502.5,53503.5,10.867,581422.5345
2021-04-26 20:27:00,53503.5,53503.5,53471.0,53487.5,23.479,1255833.0125
2021-04-26 20:28:00,53487.5,53552.0,53487.5,53508.0,16.514,883631.112
2021-04-26 20:29:00,53508.0,53508.0,53477.0,53500.0,13.399,716846.5
2021-04-26 20:30:00,53500.0,53629.0,53500.0,53605.5,8.884,476231.262
2021-04-26 20:31:00,53605.5,53665.5,53605.5,53665.0,3.09,165824.85
2021-04-26 20:32:00,53665.0,53665.5,53612.5,53612.5,9.315,499400.4375
2021-04-26 20:33:00,53612.5,53644.0,53612.5,53643.5,3.806,204167.161
2021-04-26 20:34:00,53643.5,53644.0,53586.0,53586.5,2.785,149238.4025
2021-04-26 20:35:00,53586.5,53586.5,53541.0,53544.5,39.562,2118327.509
2021-04-26 20:36:00,53544.5,53584.5,53544.5,53584.0,4.773,255756.432
2021-04-26 20:37:00,53584.0,53584.0,53518.5,53518.5,9.191,491888.5335
2021-04-26 20:38:00,53518.5,53518.5,53500.0,53500.0,5.428,290398.0
2021-04-26 20:39:00,53500.0,53500.5,53476.5,53476.5,9.065,484764.4725
2021-04-26 20:40:00,53476.5,53476.5,53472.0,53472.0,7.231,386656.032
2021-04-26 20:41:00,53472.0,53472.0,53444.0,53444.0,12.963,692794.572
2021-04-26 20:42:00,53444.0,53480.0,53251.5,53258.5,152.809,8138378.1265
2021-04-26 20:43:00,53258.5,53380.5,53258.5,53311.5,42.202,2249851.923
2021-04-26 20:44:00,53311.5,53368.0,53311.0,53355.0,26.482,1412947.11
2021-04-26 20:45:00,53355.0,53355.0,53257.0,53308.0,30.659,1634369.972
2021-04-26 20:46:00,53308.0,53388.5,53307.5,53344.0,6.129,326945.376
2021-04-26 20:47:00,53344.0,53368.0,53343.5,53368.0,8.413,448984.984
2021-04-26 20:48:00,53368.0,53368.0,53354.5,53367.0,2.786,148680.462
2021-04-26 20:49:00,53367.0,53409.5,53367.0,53407.5,15.484,826961.73
2021-04-26 20:50:00,53407.5,53428.5,53407.0,53428.5,37.158,1985296.203
2021-04-26 20:51:00,53428.5,53442.0,53428.0,53442.0,11.464,612659.088
2021-04-26 20:52:00,53442.0,53442.5,53441.5,53442.5,2.942,157227.835
2021-04-26 20:53:00,53442.5,53490.5,53442.5,53447.5,15.159,810210.6525
2021-04-26 20:54:00,53447.5,53447.5,53397.0,53397.5,18.622,994368.245
2021-04-26 20:55:00,53397.5,53447.5,53387.5,53447.5,5.745,307055.8875
2021-04-26 20:56:00,53447.5,53475.0,53447.5,53474.5,11.382,608646.759
2021-04-26 20:57:00,53474.5,53539.0,53474.5,53525.5,31.363,1678720.2565
2021-04-26 20:58:00,53525.5,53557.5,53525.5,53525.5,11.144,596488.172
2021-04-26 20:59:00,53525.5,53526.0,53490.5,53490.5,22.825,1220920.6625
2021-04-26 21:00:00,53490.5,53504.5,53490.0,53504.5,3.909,209149.0905
2021-04-26 21:01:00,53504.5,53504.5,53496.0,53496.0,1.663,88963.848
2021-04-26 21:02:00,53496.0,53496.5,53464.5,53480.5,5.041,269595.2005
2021-04-26 21:03:00,53480.5,53489.5,53479.5,53489.5,5.667,303124.9965
2021-04-26 21:04:00,53489.5,53489.5,53489.0,53489.5,0.997,53329.0315
2021-04-26 21:05:00,53489.5,53500.5,53489.0,53492.5,6.707,358774.1975
2021-04-26 21:06:00,53492.5,53492.5,53492.0,53492.5,2.73,146034.525
2021-04-26 21:07:00,53492.5,53492.5,53490.0,53490.0,3.705,198180.45
2021-04-26 21:08:00,53490.0,53490.0,53489.0,53489.0,3.32,177583.48
2021-04-26 21:09:00,53489.0,53500.0,53474.5,53500.0,3.625,193937.5
2021-04-26 21:10:00,53500.0,53617.0,53500.0,53583.5,44.545,2386877.0075
2021-04-26 21:11:00,53583.5,53583.5,53558.0,53558.0,5.298,283750.284
2021-04-26 21:12:00,53558.0,53560.5,53558.0,53560.0,2.344,125544.64
2021-04-26 21:13:00,53560.0,53570.0,53560.0,53569.5,1.441,77193.6495
2021-04-26 21:14:00,53569.5,53570.0,53569.5,53570.0,1.24,66426.8
2021-04-26 21:15:00,53570.0,53570.0,53535.0,53535.0,10.375,555425.625
2021-04-26 21:16:00,53535.0,53596.5,53535.0,53596.5,2.89,154893.885
2021-04-26 21:17:00,53596.5,53676.5,53596.5,53676.5,12.356,663226.834
2021-04-26 21:18:00,53676.5,53676.5,53635.5,53641.5,8.103,434657.0745
2021-04-26 21:19:00,53641.5,53641.5,53622.0,53622.0,1.651,88529.922
2021-04-26 21:20:00,53622.0,53630.0,53622.0,53630.0,0.536,28745.68
2021-04-26 21:21:00,53630.0,53630.0,53584.0,53584.5,4.366,233949.927
2021-04-26 21:22:00,53584.5,53584.5,53567.0,53567.0,2.636,141202.612
2021-04-26 21:23:00,53567.0,53607.5,53567.0,53589.0,23.095,1237637.955
2021-04-26 21:24:00,53589.0,53589.0,53587.5,53588.0,2.011,107765.468
2021-04-26 21:25:00,53588.0,53588.0,53550.0,53550.0,5.213,279156.15
2021-04-26 21:26:00,53550.0,53550.0,53521.5,53521.5,3.75,200705.625
2021-04-26 21:27:00,53521.5,53529.5,53521.5,53529.5,1.368,73228.356
2021-04-26 21:28:00,53529.5,53534.0,53529.0,53534.0,2.482,132871.388
2021-04-26 21:29:00,53534.0,53571.5,53534.0,53561.5,2.507,134278.6805
2021-04-26 21:30:00,53561.5,53633.5,53561.5,53633.5,35.577,1908119.0295
2021-04-26 21:31:00,53633.5,53672.0,53578.5,53671.0,32.878,1764595.138
2021-04-26 21:32:00,53671.0,53692.0,53671.0,53692.0,5.635,302554.42
2021-04-26 21:33:00,53692.0,53692.0,53658.0,53658.0,11.084,594745.272
2021-04-26 21:34:00,53658.0,53658.5,53598.5,53598.5,4.331,232135.1035
2021-04-26 21:35:00,53598.5,53599.0,53563.0,53563.5,24.591,1317180.0285
2021-04-26 21:36:00,53563.5,53563.5,53493.0,53493.0,17.655,944418.915
2021-04-26 21:37:00,53493.0,53493.5,53463.5,53463.5,12.299,657547.5865
2021-04-26 21:38:00,53463.5,53483.0,53374.0,53417.0,26.539,1417633.763
2021-04-26 21:39:00,53417.0,53417.0,53318.0,53357.0,32.338,1725458.666
2021-04-26 21:40:00,53357.0,53422.5,53357.0,53390.0,8.169,436142.91
2021-04-26 21:41:00,53390.0,53462.5,53383.5,53383.5,13.941,744219.3735
2021-04-26 21:42:00,53383.5,53384.0,53282.0,53330.0,22.888,1220617.04
2021-04-26 21:43:00,53330.0,53345.0,53157.0,53172.0,56.886,3024742.392
2021-04-26 21:44:00,53172.0,53300.5,53172.0,53268.0,23.516,1252650.288
2021-04-26 21:45:00,53268.0,53359.0,53268.0,53309.5,23.072,1229956.784
2021-04-26 21:46:00,53309.5,53309.5,53270.0,53281.5,4.038,215150.697
2021-04-26 21:47:00,53281.5,53320.0,53281.5,53300.0,6.147,327635.1
2021-04-26 21:48:00,53300.0,53300.5,53231.5,53231.5,9.11,484938.965
2021-04-26 21:49:00,53231.5,53280.0,53217.5,53280.0,15.839,843901.92
2021-04-26 21:50:00,53280.0,53340.0,53269.5,53269.5,14.354,764630.403
2021-04-26 21:51:00,53269.5,53269.5,53232.0,53232.5,6.526,347395.295
2021-04-26 21:52:00,53232.5,53232.5,53030.5,53030.5,92.722,4917094.021
2021-04-26 21:53:00,53030.5,53105.0,53017.0,53075.5,25.972,1378476.886
2021-04-26 21:54:00,53075.5,53174.5,53075.5,53125.0,14.771,784709.375
2021-04-26 21:55:00,53125.0,53141.0,53029.5,53087.0,63.905,3392524.735
2021-04-26 21:56:00,53087.0,53094.0,52965.5,53013.0,67.901,3599635.713
2021-04-26 21:57:00,53013.0,53028.0,52885.5,52912.5,52.34,2769440.25
2021-04-26 21:58:00,52912.5,53050.5,52912.5,53020.0,29.597,1569232.94
2021-04-26 21:59:00,53020.0,53076.0,53020.0,53074.5,11.975,635567.1375
2021-04-26 22:00:00,53074.5,53074.5,52953.0,52978.5,37.73,1998878.805
2021-04-26 22:01:00,52978.5,53134.0,52978.5,53130.0,10.212,542563.56
2021-04-26 22:02:00,53130.0,53130.0,53059.0,53083.5,5.215,276830.4525
2021-04-26 22:03:00,53083.5,53173.0,53083.5,53162.5,40.476,2151805.35
2021-04-26 22:04:00,53162.5,53232.5,53160.0,53232.5,20.346,1083068.445
2021-04-26 22:05:00,53232.5,53321.5,53232.5,53321.5,14.653,781319.9395
2021-04-26 22:06:00,53321.5,53356.5,53286.0,53334.0,22.041,1175534.694
2021-04-26 22:07:00,53334.0,53334.0,53268.0,53268.0,21.502,1145368.536
2021-04-26 22:08:00,53268.0,53319.5,53268.0,53291.0,11.131,593182.121
2021-04-26 22:09:00,53291.0,53307.0,53246.5,53291.0,5.073,270345.243
2021-04-26 22:10:00,53291.0,53314.5,53289.5,53314.0,1.845,98364.33
2021-04-26 22:11:00,53314.0,53314.0,53291.5,53291.5,4.106,218814.899
2021-04-26 22:12:00,53291.5,53292.0,53290.5,53290.5,5.15,274446.075
2021-04-26 22:13:00,53290.5,53290.5,53203.5,53221.5,12.207,649674.8505
2021-04-26 22:14:00,53221.5,53222.0,53210.0,53210.5,1.362,72472.701
2021-04-26 22:15:00,53210.5,53280.0,53204.5,53279.5,8.465,451010.9675
2021-04-26 22:16:00,53279.5,53286.0,53279.5,53285.5,1.563,83285.2365
2021-04-26 22:17:00,53285.5,53319.5,53240.5,53249.0,28.101,1496350.149
2021-04-26 22:18:00,53249.0,53279.5,53236.0,53279.0,31.379,1671841.741
2021-04-26 22:19:00,53279.0,53279.5,53220.5,53279.5,12.065,642817.1675
2021-04-26 22:20:00,53279.5,53298.0,53265.5,53265.5,2.451,130553.7405
2021-04-26 22:21:00,53265.5,53305.0,53265.0,53304.5,9.173,488962.1785
2021-04-26 22:22:00,53304.5,53319.5,53304.5,53319.0,5.18,276192.42
2021-04-26 22:23:00,53319.0,53351.0,53305.0,53351.0,14.864,793009.264
2021-04-26 22:24:00,53351.0,53351.0,53326.0,53326.5,1.908,101746.962
2021-04-26 22:25:00,53326.5,53359.0,53326.5,53359.0,13.505,720613.295
2021-04-26 22:26:00,53359.0,53359.0,53301.5,53301.5,9.663,515052.3945
2021-04-26 22:27:00,53301.5,53329.0,53276.5,53319.5,5.772,307760.154
2021-04-26 22:28:00,53319.5,53336.0,53319.0,53320.0,5.344,284942.08
2021-04-26 22:29:00,53320.0,53330.0,53300.0,53300.0,2.82,150306.0
2021-04-26 22:30:00,53300.0,53326.0,53287.0,53326.0,4.999,266576.674
2021-04-26 22:31:00,53326.0,53549.5,53326.0,53549.0,35.534,1902810.166
2021-04-26 22:32:00,53549.0,53600.0,53525.0,53598.5,17.781,953034.9285
2021-04-26 22:33:00,53598.5,53600.0,53550.0,53562.5,2.946,157795.125
2021-04-26 22:34:00,53562.5,53650.0,53540.5,53649.5,24.615,1320582.4425
2021-04-26 22:35:00,53649.5,53677.0,53612.0,53612.5,15.34,822415.75
2021-04-26 22:36:00,53612.5,53612.5,53540.5,53576.0,11.51,616659.76
2021-04-26 22:37:00,53576.0,53576.0,53550.0,53550.5,3.115,166809.8075
2021-04-26 22:38:00,53550.5,53565.0,53550.5,53564.5,1.352,72419.204
2021-04-26 22:39:00,53564.5,53600.0,53564.5,53583.0,4.714,252590.262
2021-04-26 22:40:00,53583.0,53589.0,53580.0,53580.0,2.444,130949.52
2021-04-26 22:41:00,53580.0,53580.5,53580.0,53580.5,1.033,55348.6565
2021-04-26 22:42:00,53580.5,53580.5,53580.0,53580.0,1.255,67242.9
2021-04-26 22:43:00,53580.0,53760.5,53580.0,53760.5,156.212,8398035.226
2021-04-26 22:44:00,53760.5,53760.5,53717.0,53717.0,13.91,747203.47
2021-04-26 22:45:00,53717.0,53743.0,53694.5,53743.0,9.653,518781.179
2021-04-26 22:46:00,53743.0,53831.0,53717.0,53831.0,51.269,2759861.539
2021-04-26 22:47:00,53831.0,53831.0,53797.5,53818.0,33.568,1806562.624
2021-04-26 22:48:00,53818.0,53818.5,53808.0,53808.0,6.533,351527.664
2021-04-26 22:49:00,53808.0,53984.5,53808.0,53975.0,188.691,10184596.725
2021-04-26 22:50:00,53975.0,54157.0,53961.0,54066.5,234.31,12668321.615
2021-04-26 22:51:00,54066.5,54187.5,54066.5,54120.5,64.871,3510850.9555
2021-04-26 22:52:00,54120.5,54327.5,54110.5,54272.5,79.419,4310267.6775
2021-04-26 22:53:00,54272.5,54274.0,54169.5,54203.0,54.88,2974660.64
2021-04-26 22:54:00,54203.0,54203.5,54151.0,54187.5,20.468,1109109.75
2021-04-26 22:55:00,54187.5,54285.0,54167.0,54285.0,62.67,3402040.95
2021-04-26 22:56:00,54285.0,54304.5,54176.5,54181.5,21.125,1144584.1875
2021-04-26 22:57:00,54181.5,54233.5,54117.5,54233.0,59.28,3214932.24
2021-04-26 22:58:00,54233.0,54233.5,54233.0,54233.5,2.122,115083.487
2021-04-26 22:59:00,54233.5,54275.0,54233.0,54250.5,9.185,498290.8425
2021-04-26 23:00:00,54250.5,54250.5,54122.0,54176.0,52.164,2826036.864
2021-04-26 23:01:00,54176.0,54176.5,54140.0,54140.0,3.317,179582.38
2021-04-26 23:02:00,54140.0,54169.0,54136.0,54136.0,3.377,182817.272
2021-04-26 23:03:00,54136.0,54166.0,54127.5,54127.5,5.589,302518.5975
2021-04-26 23:04:00,54127.5,54127.5,54104.5,54114.5,7.175,388271.5375
2021-04-26 23:05:00,54114.5,54114.5,54064.0,54064.0,19.875,1074522.0
2021-04-26 23:06:00,54064.0,54064.5,54001.0,54001.5,29.251,1579597.8765
2021-04-26 23:07:00,54001.5,54100.0,54001.5,54099.5,23.538,1273394.031
2021-04-26 23:08:00,54099.5,54165.0,54099.5,54165.0,15.488,838907.52
2021-04-26 23:09:00,54165.0,54165.0,54156.0,54157.0,1.993,107934.901
2021-04-26 23:10:00,54157.0,54157.0,54112.0,54125.0,3.462,187380.75
2021-04-26 23:11:00,54125.0,54129.5,54124.5,54129.5,0.451,24412.4045
2021-04-26 23:12:00,54129.5,54174.5,54129.5,54174.0,7.41,401429.34
2021-04-26 23:13:00,54174.0,54174.0,54137.5,54148.5,3.418,185079.573
2021-04-26 23:14:00,54148.5,54155.5,54148.5,54155.5,3.027,163928.6985
2021-04-26 23:15:00,54155.5,54155.5,54127.5,54128.0,5.166,279625.248
2021-04-26 23:16:00,54128.0,54128.0,54102.0,54102.0,5.732,310112.664
2021-04-26 23:17:00,54102.0,54102.0,54081.0,54081.5,6.914,373919.491
2021-04-26 23:18:00,54081.5,54081.5,54050.0,54061.0,5.784,312688.824
2021-04-26 23:19:00,54061.0,54072.0,54033.5,54072.0,19.322,1044779.184
2021-04-26 23:20:00,54072.0,54072.5,54055.0,54056.0,4.293,232062.408
2021-04-26 23:21:00,54056.0,54056.0,53951.0,53951.0,17.329,934916.879
2021-04-26 23:22:00,53951.0,53965.5,53892.0,53903.5,8.215,442817.2525
2021-04-26 23:23:00,53903.5,53903.5,53857.5,53873.0,11.094,597667.062
2021-04-26 23:24:00,53873.0,53913.5,53863.0,53913.5,23.8,1283141.3
2021-04-26 23:25:00,53913.5,53994.0,53913.0,53994.0,42.71,2306083.74
2021-04-26 23:26:00,53994.0,54000.0,53964.5,53967.0,16.559,893639.553
2021-04-26 23:27:00,53967.0,54063.0,53966.5,54008.0,9.846,531762.768
2021-04-26 23:28:00,54008.0,54042.5,54007.5,54010.0,5.657,305534.57
2021-04-26 23:29:00,54010.0,54040.0,54010.0,54010.5,6.044,326439.462
2021-04-26 23:30:00,54010.5,54021.5,53952.0,53952.0,16.64,897761.28
2021-04-26 23:31:00,53952.0,53978.5,53913.0,53913.0,17.318,933665.334
2021-04-26 23:32:00,53913.0,53971.5,53913.0,53946.0,9.503,512648.838
2021-04-26 23:33:00,53946.0,53946.0,53902.0,53908.0,2.512,135416.896
2021-04-26 23:34:00,53908.0,53913.5,53888.0,53903.5,12.045,649267.6575
2021-04-26 23:35:00,53903.5,53918.0,53888.0,53918.0,1.483,79960.394
2021-04-26 23:36:00,53918.0,53924.5,53918.0,53924.0,17.205,927762.42
2021-04-26 23:37:00,53924.0,53947.5,53924.0,53947.5,2.848,153642.48
2021-04-26 23:38:00,53947.5,53947.5,53904.0,53904.0,8.492,457752.768
2021-04-26 23:39:00,53904.0,53947.0,53903.0,53946.5,1.948,105087.782
2021-04-26 23:40:00,53946.5,54050.0,53946.5,54050.0,8.564,462884.2
2021-04-26 23:41:00,54050.0,54129.0,54050.0,54090.5,21.003,1136062.7715
2021-04-26 23:42:00,54090.5,54100.0,54049.5,54100.0,11.562,625504.2
2021-04-26 23:43:00,54100.0,54156.0,54099.5,54155.5,12.951,701367.8805
2021-04-26 23:44:00,54155.5,54155.5,54111.0,54150.5,27.207,1473272.6535
2021-04-26 23:45:00,54150.5,54158.0,54125.0,54125.5,17.76,961268.88
2021-04-26 23:46:00,54125.5,54125.5,54057.5,54057.5,4.379,236717.7925
2021-04-26 23:47:00,54057.5,54058.5,54015.5,54021.0,6.765,365452.065
2021-04-26 23:48:00,54021.0,54077.0,54015.5,54046.5,6.871,371353.5015
2021-04-26 23:49:00,54046.5,54047.0,54036.0,54047.0,10.522,568682.534
2021-04-26 23:50:00,54047.0,54075.5,54047.0,54075.5,1.415,76516.8325
2021-04-26 23:51:00,54075.5,54075.5,54005.5,54005.5,3.483,188101.1565
2021-04-26 23:52:00,54005.5,54005.5,53950.0,53950.0,3.262,175984.9
2021-04-26 23:53:00,53950.0,54018.0,53950.0,54018.0,6.201,334965.618
2021-04-26 23:54:00,54018.0,54025.0,53991.5,54022.5,5.789,312736.2525
2021-04-26 23:55:00,54022.5,54066.5,54001.0,54062.5,3.394,183488.125
2021-04-26 23:56:00,54062.5,54072.0,54062.5,54072.0,9.145,494488.44
2021-04-26 23:57:00,54072.0,54147.0,54071.5,54147.0,10.616,574824.552
2021-04-26 23:58:00,54147.0,54150.0,54075.0,54075.0,6.084,328992.3
2021-04-26 23:59:00,54075.0,54132.5,54075.0,54095.5,4.913,265771.1915
2021-04-27 00:00:00,54095.5,54144.0,54095.5,54111.5,1.07,57899.305
2021-04-27 00:01:00,54111.5,54181.5,54111.0,54181.0,20.503,1110873.043
2021-04-27 00:02:00,54181.0,54249.5,54164.0,54209.5,23.44,1270670.68
2021-04-27 00:03:00,54209.5,54212.5,54177.0,54207.5,14.68,795766.1
2021-04-27 00:04:00,54207.5,54208.0,54172.5,54172.5,15.229,824993.0025
2021-04-27 00:05:00,54172.5,54212.5,54172.5,54185.0,6.141,332750.085
2021-04-27 00:06:00,54185.0,54185.0,54150.0,54150.0,13.536,732974.4
2021-04-27 00:07:00,54150.0,54150.0,54112.0,54112.0,1.104,59739.648
2021-04-27 00:08:00,54112.0,54127.5,54100.0,54100.0,2.378,128649.8
2021-04-27 00:09:00,54100.0,54134.5,54100.0,54134.0,2.927,158450.218
2021-04-27 00:10:00,54134.0,54154.0,54134.0,54154.0,1.057,57240.778
2021-04-27 00:11:00,54154.0,54210.0,54154.0,54210.0,3.84,208166.4
2021-04-27 00:12:00,54210.0,54239.5,54175.5,54239.5,7.633,414010.1035
2021-04-27 00:13:00,54239.5,54239.5,54203.0,54203.5,4.117,223155.8095
2021-04-27 00:14:00,54203.5,54203.5,54120.5,54120.5,2.942,159222.511
2021-04-27 00:15:00,54120.5,54142.5,54098.5,54098.5,8.441,456645.4385
2021-04-27 00:16:00,54098.5,54099.5,54096.0,54099.0,10.019,542017.881
2021-04-27 00:17:00,54099.0,54143.0,54099.0,54142.5,2.145,116135.6625
2021-04-27 00:18:00,54142.5,54143.0,54126.0,54134.5,0.955,51698.4475
2021-04-27 00:19:00,54134.5,54134.5,54102.0,54105.0,9.135,494249.175
2021-04-27 00:20:00,54105.0,54115.5,54101.5,54103.0,3.907,211380.421
2021-04-27 00:21:00,54103.0,54109.0,54103.0,54109.0,4.573,247440.457
2021-04-27 00:22:00,54109.0,54180.5,54109.0,54180.5,20.646,1118610.603
2021-04-27 00:23:00,54180.5,54181.0,54180.5,54180.5,1.552,84088.136
2021-04-27 00:24:00,54180.5,54183.0,54157.5,54170.0,9.678,524257.26
2021-04-27 00:25:00,54170.0,54183.5,54150.5,54150.5,1.903,103048.4015
2021-04-27 00:26:00,54150.5,54151.0,54144.0,54144.5,8.125,439924.0625
2021-04-27 00:27:00,54144.5,54180.0,54144.5,54179.0,11.191,606317.189
2021-04-27 00:28:00,54179.0,54184.0,54174.0,54183.5,2.614,141635.669
2021-04-27 00:29:00,54183.5,54197.5,54182.0,54182.5,2.764,149760.43
2021-04-27 00:30:00,54182.5,54210.0,54182.5,54210.0,3.042,164906.82
2021-04-27 00:31:00,54210.0,54210.5,54210.0,54210.0,3.628,196673.88
2021-04-27 00:32:00,54210.0,54250.5,54210.0,54230.0,6.01,325922.3
2021-04-27 00:33:00,54230.0,54230.0,53964.5,53967.0,21.962,1185223.254
2021-04-27 00:34:00,53967.0,54052.5,53967.0,54052.5,10.211,551930.0775
2021-04-27 00:35:00,54052.5,54053.0,53838.0,53853.0,68.42,3684622.26
2021-04-27 00:36:00,53853.0,53911.5,53777.0,53777.0,30.904,1661924.408
2021-04-27 00:37:00,53777.0,53875.5,53715.5,53796.0,59.807,3217377.372
2021-04-27 00:38:00,53796.0,53906.0,53783.5,53906.0,22.943,1236765.358
2021-04-27 00:39:00,53906.0,53931.5,53906.0,53931.5,4.256,229532.464
2021-04-27 00:40:00,53931.5,54046.5,53931.5,54046.5,6.801,367570.2465
2021-04-27 00:41:00,54046.5,54093.0,54017.5,54017.5,3.896,210452.18
2021-04-27 00:42:00,54017.5,54053.0,54012.5,54020.0,4.125,222832.5
2021-04-27 00:43:00,54020.0,54020.5,53910.0,53932.5,10.061,542614.8825
2021-04-27 00:44:00,53932.5,53941.0,53900.0,53900.0,3.412,183906.8
2021-04-27 00:45:00,53900.0,53949.5,53849.5,53949.5,24.216,1306441.092
2021-04-27 00:46:00,53949.5,53955.0,53888.0,53897.0,15.594,840469.818
2021-04-27 00:47:00,53897.0,53897.0,53850.0,53880.5,3.19,171878.795
2021-04-27 00:48:00,53880.5,53932.0,53880.5,53918.0,4.43,238856.74
2021-04-27 00:49:00,53918.0,53937.0,53918.0,53923.0,1.548,83472.804
2021-04-27 00:50:00,53923.0,53923.0,53887.5,53900.5,2.11,113730.055
2021-04-27 00:51:00,53900.5,53911.0,53819.0,53819.0,7.981,429529.439
2021-04-27 00:52:00,53819.0,53830.5,53800.0,53824.0,11.01,592602.24
2021-04-27 00:53:00,53824.0,53886.5,53824.0,53881.0,7.153,385410.793
2021-04-27 00:54:00,53881.0,53892.5,53857.0,53857.0,1.328,71522.096
2021-04-27 00:55:00,53857.0,53890.0,53857.0,53888.5,1.348,72641.698
2021-04-27 00:56:00,53888.5,53889.0,53863.5,53863.5,2.788,150171.438
2021-04-27 00:57:00,53863.5,53876.0,53863.5,53874.0,0.787,42398.838
2021-04-27 00:58:00,53874.0,53875.0,53849.5,53849.5,4.358,234676.121
2021-04-27 00:59:00,53849.5,53850.0,53775.0,53775.5,3.858,207465.879
2021-04-27 01:00:00,53775.5,53796.5,53723.0,53796.0,2.76,148476.96
2021-04-27 01:01:00,53796.0,53857.0,53795.5,53849.5,55.309,2978361.9955
2021-04-27 01:02:00,53849.5,53850.0,53811.5,53811.5,1.979,106492.9585
2021-04-27 01:03:00,53811.5,53875.5,53811.5,53875.5,1.507,81190.3785
2021-04-27 01:04:00,53875.5,53900.0,53872.0,53872.0,1.081,58235.632
2021-04-27 01:05:00,53872.0,53931.5,53872.0,53931.0,11.312,610067.472
2021-04-27 01:06:00,53931.0,53931.5,53899.0,53899.0,3.511,189239.389
2021-04-27 01:07:00,53899.0,53899.0,53872.0,53872.5,4.624,249106.44
2021-04-27 01:08:00,53872.5,53872.5,53835.5,53851.5,2.987,160854.4305
2021-04-27 01:09:00,53851.5,53851.5,53827.0,53827.0,1.699,91452.073
2021-04-27 01:10:00,53827.0,53868.5,53819.5,53840.5,4.509,242766.8145
2021-04-27 01:11:00,53840.5,53840.5,53824.5,53824.5,1.525,82082.3625
2021-04-27 01:12:00,53824.5,53840.5,53824.5,53840.5,1.923,103535.2815
2021-04-27 01:13:00,53840.5,53840.5,53806.0,53830.0,2.622,141142.26
2021-04-27 01:14:00,53830.0,53846.5,53821.0,53822.0,0.969,52153.518
2021-04-27 01:15:00,53822.0,53822.0,53800.0,53800.0,1.181,63537.8
2021-04-27 01:16:00,53800.0,53800.0,53790.0,53790.0,0.754,40557.66
2021-04-27 01:17:00,53790.0,53790.5,53744.0,53759.5,6.043,324868.6585
2021-04-27 01:18:00,53759.5,53767.0,53733.0,53739.5,3.501,188141.9895
2021-04-27 01:19:00,53739.5,53739.5,53701.5,53701.5,6.036,324142.254
2021-04-27 01:20:00,53701.5,53785.5,53691.0,53785.5,27.142,1459846.041
2021-04-27 01:21:00,53785.5,53858.0,53777.5,53858.0,4.385,236167.33
2021-04-27 01:22:00,53858.0,53925.0,53858.0,53912.5,6.918,372966.675
2021-04-27 01:23:00,53912.5,53935.5,53907.0,53907.0,6.074,327431.118
2021-04-27 01:24:00,53907.0,53945.0,53907.0,53942.5,0.927,50004.6975
2021-04-27 01:25:00,53942.5,53952.5,53937.5,53943.0,9.24,498433.32
2021-04-27 01:26:00,53943.0,53944.0,53943.0,53943.0,2.196,118458.828
2021-04-27 01:27:00,53943.0,53954.5,53943.0,53946.0,1.425,76873.05
2021-04-27 01:28:00,53946.0,53946.0,53943.0,53946.0,2.788,150401.448
2021-04-27 01:29:00,53946.0,54000.0,53946.0,53999.0,7.234,390628.766
2021-04-27 01:30:00,53999.0,53999.5,53885.0,53885.0,12.325,664132.625
2021-04-27 01:31:00,53885.0,53892.0,53861.5,53864.0,4.209,226713.576
2021-04-27 01:32:00,53864.0,53887.0,53832.5,53851.5,6.986,376206.579
2021-04-27 01:33:00,53851.5,53851.5,53806.0,53845.5,9.284,499901.622
2021-04-27 01:34:00,53845.5,53873.0,53845.5,53860.5,3.456,186141.888
2021-04-27 01:35:00,53860.5,53870.0,53845.0,53845.0,1.138,61275.61
2021-04-27 01:36:00,53845.0,53845.5,53829.5,53829.5,2.427,130644.1965
2021-04-27 01:37:00,53829.5,53830.0,53829.5,53830.0,0.212,11411.96
2021-04-27 01:38:00,53830.0,53830.0,53829.5,53829.5,0.41,22070.095
2021-04-27 01:39:00,53829.5,53900.0,53829.5,53859.0,23.855,1284806.445
2021-04-27 01:40:00,53859.0,53859.0,53814.5,53819.0,2.701,145365.119
2021-04-27 01:41:00,53819.0,53819.0,53750.0,53750.0,5.414,291002.5
2021-04-27 01:42:00,53750.0,53758.5,53739.0,53758.5,1.073,57682.8705
2021-04-27 01:43:00,53758.5,53758.5,53750.0,53750.0,3.811,204841.25
2021-04-27 01:44:00,53750.0,53750.0,53742.5,53744.0,2.647,142260.368
2021-04-27 01:45:00,53744.0,53812.0,53739.0,53812.0,1.541,82924.292
2021-04-27 01:46:00,53812.0,53812.0,53700.0,53700.0,5.322,285791.4
2021-04-27 01:47:00,53700.0,53700.0,53516.0,53517.0,44.214,2366200.638
2021-04-27 01:48:00,53517.0,53560.0,53496.0,53496.0,17.662,944846.352
2021-04-27 01:49:00,53496.0,53532.0,53495.0,53509.0,8.97,479975.73
2021-04-27 01:50:00,53509.0,53560.0,53509.0,53552.5,7.606,407320.315
2021-04-27 01:51:00,53552.5,53552.5,53422.0,53450.0,35.683,1907256.35
2021-04-27 01:52:00,53450.0,53471.5,53450.0,53463.0,6.339,338901.957
2021-04-27 01:53:00,53463.0,53516.5,53462.0,53500.0,5.261,281463.5
2021-04-27 01:54:00,53500.0,53500.5,53446.5,53446.5,10.948,585132.282
2021-04-27 01:55:00,53446.5,53446.5,53361.5,53370.0,11.855,632701.35
2021-04-27 01:56:00,53370.0,53504.0,53369.5,53454.5,8.564,457784.338
2021-04-27 01:57:00,53454.5,53455.0,53412.0,53412.0,2.59,138337.08
2021-04-27 01:58:00,53412.0,53412.0,53321.5,53321.5,9.165,488691.5475
2021-04-27 01:59:00,53321.5,53321.5,53175.5,53182.0,33.08,1759260.56
2021-04-27 02:00:00,53182.0,53336.0,53182.0,53336.0,14.086,751290.896
2021-04-27 02:01:00,53336.0,53341.0,53305.0,53305.0,5.594,298188.17
2021-04-27 02:02:00,53305.0,53372.5,53305.0,53347.0,12.087,644805.189
2021-04-27 02:03:00,53347.0,53391.5,53347.0,53391.5,7.641,407964.4515
2021-04-27 02:04:00,53391.5,53393.0,53391.5,53393.0,1.85,98777.05
2021-04-27 02:05:00,53393.0,53424.0,53392.5,53407.5,4.704,251228.88
2021-04-27 02:06:00,53407.5,53545.0,53407.5,53526.5,7.846,419968.919
2021-04-27 02:07:00,53526.5,53526.5,53492.5,53492.5,6.138,328336.965
2021-04-27 02:08:00,53492.5,53520.0,53492.5,53519.5,5.009,268079.1755
2021-04-27 02:09:00,53519.5,53520.0,53492.5,53519.5,1.461,78191.9895
2021-04-27 02:10:00,53519.5,53554.0,53519.5,53554.0,4.11,220106.94
2021-04-27 02:11:00,53554.0,53558.5,53539.0,53544.0,4.038,216210.672
2021-04-27 02:12:00,53544.0,53565.5,53544.0,53545.0,2.507,134237.315
2021-04-27 02:13:00,53545.0,53549.0,53529.5,53529.5,3.797,203251.5115
2021-04-27 02:14:00,53529.5,53530.0,53431.0,53431.0,11.395,608846.245
2021-04-27 02:15:00,53431.0,53439.5,53353.5,53353.5,12.289,655661.1615
2021-04-27 02:16:00,53353.5,53413.0,53341.0,53364.5,19.934,1063767.943
2021-04-27 02:17:00,53364.5,53364.5,53330.5,53357.5,21.401,1141903.8575
2021-04-27 02:18:00,53357.5,53358.0,53340.5,53340.5,10.827,577517.5935
2021-04-27 02:19:00,53340.5,53375.0,53316.5,53374.5,2.848,152010.576
2021-04-27 02:20:00,53374.5,53468.5,53374.5,53374.5,5.87,313308.315
2021-04-27 02:21:00,53374.5,53375.0,53270.5,53271.0,8.075,430163.325
2021-04-27 02:22:00,53271.0,53271.0,53255.0,53258.5,3.312,176392.152
2021-04-27 02:23:00,53258.5,53307.5,53253.5,53253.5,10.23,544783.305
2021-04-27 02:24:00,53253.5,53255.5,53199.5,53210.5,8.572,456120.406
2021-04-27 02:25:00,53210.5,53255.0,53210.5,53255.0,4.498,239540.99
2021-04-27 02:26:00,53255.0,53349.5,53255.0,53349.5,11.122,593353.139
2021-04-27 02:27:00,53349.5,53349.5,53266.0,53266.0,0.96,51135.36
2021-04-27 02:28:00,53266.0,53266.0,53220.0,53220.0,4.077,216977.94
2021-04-27 02:29:00,53220.0,53220.0,53188.5,53189.0,6.496,345515.744
2021-04-27 02:30:00,53189.0,53189.0,53082.0,53108.0,20.798,1104540.184
2021-04-27 02:31:00,53108.0,53108.0,53022.5,53025.5,8.475,449391.1125
2021-04-27 02:32:00,53025.5,53025.5,52900.0,52900.0,38.651,2044637.9
2021-04-27 02:33:00,52900.0,52900.5,52715.0,52715.5,115.644,6096231.282
2021-04-27 02:34:00,52715.5,52865.0,52700.0,52704.0,21.898,1154112.192
2021-04-27 02:35:00,52704.0,52823.5,52704.0,52823.5,25.364,1339815.254
2021-04-27 02:36:00,52823.5,52850.0,52736.0,52747.5,35.518,1873485.705
2021-04-27 02:37:00,52747.5,52779.0,52747.5,52759.0,6.504,343144.536
2021-04-27 02:38:00,52759.0,52834.5,52740.0,52800.5,14.636,772788.118
2021-04-27 02:39:00,52800.5,52853.0,52800.0,52848.0,23.644,1249538.112
2021-04-27 02:40:00,52848.0,53069.0,52782.5,53069.0,86.59,4595244.71
2021-04-27 02:41:00,53069.0,53073.0,52944.5,52984.0,25.554,1353953.136
2021-04-27 02:42:00,52984.0,52994.0,52947.5,52947.5,4.886,258701.485
2021-04-27 02:43:00,52947.5,52996.5,52896.0,52996.0,6.825,361697.7
2021-04-27 02:44:00,52996.0,52996.5,52955.0,52955.0,6.039,319795.245
2021-04-27 02:45:00,52955.0,52955.5,52873.5,52914.0,12.748,674547.672
2021-04-27 02:46:00,52914.0,52914.0,52786.5,52786.5,64.332,3395861.118
2021-04-27 02:47:00,52786.5,52859.0,52724.0,52777.0,123.529,6519490.033
2021-04-27 02:48:00,52777.0,52777.0,52688.0,52688.5,59.506,3135281.881
2021-04-27 02:49:00,52688.5,52867.5,52688.0,52795.5,72.059,3804390.9345
2021-04-27 02:50:00,52795.5,52795.5,52745.0,52745.0,8.446,445484.27
2021-04-27 02:51:00,52745.0,52745.0,52695.0,52695.0,29.274,1542593.43
2021-04-27 02:52:00,52695.0,52794.0,52681.0,52743.5,55.83,2944669.605
2021-04-27 02:53:00,52743.5,52770.0,52743.5,52770.0,6.355,335353.35
2021-04-27 02:54:00,52770.0,52770.0,52690.0,52690.0,15.921,838877.49
2021-04-27 02:55:00,52690.0,52728.5,52690.0,52720.5,9.03,476066.115
2021-04-27 02:56:00,52720.5,52720.5,52716.0,52716.5,4.101,216190.3665
2021-04-27 02:57:00,52716.5,52717.0,52663.0,52663.0,28.747,1513903.261
2021-04-27 02:58:00,52663.0,52672.0,52632.0,52672.0,22.268,1172900.096
2021-04-27 02:59:00,52672.0,52672.0,52660.0,52671.5,10.825,570168.9875
2021-04-27 03:00:00,52671.5,52839.0,52671.5,52839.0,29.597,1563875.883
2021-04-27 03:01:00,52839.0,52996.5,52839.0,52984.5,67.707,3587421.5415
2021-04-27 03:02:00,52984.5,52985.0,52984.5,52984.5,6.348,336345.606
2021-04-27 03:03:00,52984.5,53238.0,52984.5,53236.0,78.596,4184136.656
2021-04-27 03:04:00,53236.0,53236.0,53095.0,53180.0,25.369,1349123.42
2021-04-27 03:05:00,53180.0,53180.0,53126.5,53126.5,20.765,1103171.7725
2021-04-27 03:06:00,53126.5,53126.5,53124.5,53124.5,8.845,469886.2025
2021-04-27 03:07:00,53124.5,53157.5,53124.5,53157.5,2.486,132149.545
2021-04-27 03:08:00,53157.5,53183.5,53157.5,53183.0,6.078,323246.274
2021-04-27 03:09:00,53183.0,53183.5,53153.0,53153.0,8.188,435216.764
2021-04-27 03:10:00,53153.0,53237.5,53087.0,53237.0,60.571,3224618.327
2021-04-27 03:11:00,53237.0,53356.0,53237.0,53356.0,28.243,1506933.508
2021-04-27 03:12:00,53356.0,53369.0,53316.5,53316.5,7.873,419760.8045
2021-04-27 03:13:00,53316.5,53344.0,53316.5,53343.5,7.371,393194.9385
2021-04-27 03:14:00,53343.5,53485.5,53343.5,53485.0,11.297,604220.045
2021-04-27 03:15:00,53485.0,53485.5,53415.5,53416.0,10.837,578869.192
2021-04-27 03:16:00,53416.0,53416.0,53408.0,53408.0,8.876,474049.408
2021-04-27 03:17:00,53408.0,53408.5,53402.5,53402.5,7.095,378890.7375
2021-04-27 03:18:00,53402.5,53402.5,53391.0,53391.0,7.303,389914.473
2021-04-27 03:19:00,53391.0,53391.5,53391.0,53391.0,1.376,73466.016
2021-04-27 03:20:00,53391.0,53391.5,53300.0,53300.0,13.073,696790.9
2021-04-27 03:21:00,53300.0,53327.5,53300.0,53327.0,4.193,223600.111
2021-04-27 03:22:00,53327.0,53350.0,53327.0,53343.5,3.324,177313.794
2021-04-27 03:23:00,53343.5,53344.0,53343.5,53343.5,1.993,106313.5955
2021-04-27 03:24:00,53343.5,53343.5,53305.5,53305.5,14.619,779273.1045
2021-04-27 03:25:00,53305.5,53305.5,53208.5,53251.5,10.565,562602.0975
2021-04-27 03:26:00,53251.5,53252.0,53249.5,53249.5,3.759,200164.8705
2021-04-27 03:27:00,53249.5,53330.0,53249.5,53330.0,14.788,788644.04
2021-04-27 03:28:00,53330.0,53330.0,53329.5,53330.0,4.202,224092.66
2021-04-27 03:29:00,53330.0,53339.5,53329.5,53339.5,2.382,127054.689
2021-04-27 03:30:00,53339.5,53344.0,53216.0,53216.0,6.459,343722.144
2021-04-27 03:31:00,53216.0,53229.5,53153.0,53199.5,14.678,780862.261
2021-04-27 03:32:00,53199.5,53200.0,53081.0,53081.0,17.392,923184.752
2021-04-27 03:33:00,53081.0,53131.0,53041.0,53111.0,29.406,1561782.066
2021-04-27 03:34:00,53111.0,53140.0,53069.5,53072.0,8.709,462204.048
2021-04-27 03:35:00,53072.0,53072.0,52884.0,52884.0,13.642,721443.528
2021-04-27 03:36:00,52884.0,52958.5,52884.0,52958.5,4.96,262674.16
2021-04-27 03:37:00,52958.5,52983.5,52924.0,52983.5,3.544,187773.524
2021-04-27 03:38:00,52983.5,53127.0,52983.5,53127.0,7.508,398877.516
2021-04-27 03:39:00,53127.0,53275.5,53127.0,53275.5,8.764,466906.482
2021-04-27 03:40:00,53275.5,53400.0,53275.0,53387.0,8.987,479788.969
2021-04-27 03:41:00,53387.0,53393.5,53287.0,53385.0,13.715,732175.275
2021-04-27 03:42:00,53385.0,53638.0,53385.0,53561.5,193.556,10367149.694
2021-04-27 03:43:00,53561.5,53733.0,53517.0,53733.0,65.435,3516018.855
2021-04-27 03:44:00,53733.0,53939.0,53581.5,53901.5,131.238,7073925.057
2021-04-27 03:45:00,53901.5,54081.5,53791.0,53999.5,141.407,7635907.2965
2021-04-27 03:46:00,53999.5,54000.0,53909.0,53956.0,7.254,391396.824
2021-04-27 03:47:00,53956.0,54246.0,53956.0,54100.5,83.092,4495318.746
2021-04-27 03:48:00,54100.5,54186.0,54050.5,54084.0,23.989,1297421.076
2021-04-27 03:49:00,54084.0,54084.5,53967.5,54049.5,33.621,1817198.2395
2021-04-27 03:50:00,54049.5,54070.0,53947.0,54070.0,15.25,824567.5
2021-04-27 03:51:00,54070.0,54160.0,54064.5,54114.0,3.701,200275.914
2021-04-27 03:52:00,54114.0,54114.0,53931.5,53931.5,45.065,2430423.0475
2021-04-27 03:53:00,53931.5,54022.0,53906.0,54022.0,20.367,1100266.074
2021-04-27 03:54:00,54022.0,54022.0,53952.0,53952.0,2.948,159050.496
2021-04-27 03:55:00,53952.0,53964.5,53886.0,53886.0,18.199,980671.314
2021-04-27 03:56:00,53886.0,53886.0,53824.0,53844.0,23.758,1279225.752
2021-04-27 03:57:00,53844.0,53844.5,53730.0,53770.0,7.265,390639.05
2021-04-27 03:58:00,53770.0,53773.0,53708.0,53710.0,11.92,640223.2
2021-04-27 03:59:00,53710.0,53729.5,53710.0,53729.0,5.746,308726.834
2021-04-27 04:00:00,53729.0,53729.0,53604.0,53604.0,16.054,860558.616
2021-04-27 04:01:00,53604.0,53615.5,53600.0,53608.0,14.317,767505.736
2021-04-27 04:02:00,53608.0,53608.0,53563.5,53564.0,14.047,752413.508
2021-04-27 04:03:00,53564.0,53580.5,53563.5,53564.0,3.014,161441.896
2021-04-27 04:04:00,53564.0,53765.0,53564.0,53765.0,18.569,998362.285
2021-04-27 04:05:00,53765.0,53849.5,53765.0,53834.0,27.143,1461216.262
2021-04-27 04:06:00,53834.0,53870.0,53800.0,53836.0,11.915,641455.94
2021-04-27 04:07:00,53836.0,53836.0,53550.0,53550.0,15.782,845126.1
2021-04-27 04:08:00,53550.0,53625.5,53550.0,53610.0,6.512,349108.32
2021-04-27 04:09:00,53610.0,53661.0,53610.0,53636.0,6.137,329164.132
2021-04-27 04:10:00,53636.0,53636.5,53612.0,53634.0,1.212,65004.408
2021-04-27 04:11:00,53634.0,53634.0,53540.5,53540.5,15.17,812209.385
2021-04-27 04:12:00,53540.5,53540.5,53496.0,53518.5,15.046,805239.351
2021-04-27 04:13:00,53518.5,53530.0,53500.0,53529.0,2.217,118673.793
2021-04-27 04:14:00,53529.0,53550.0,53470.0,53550.0,6.179,330885.45
2021-04-27 04:15:00,53550.0,53668.5,53550.0,53595.0,10.98,588473.1
2021-04-27 04:16:00,53595.0,53664.0,53595.0,53608.0,1.808,96923.264
2021-04-27 04:17:00,53608.0,53631.0,53596.5,53604.5,2.514,134761.713
2021-04-27 04:18:00,53604.5,53680.0,53604.5,53668.0,1.928,103471.904
2021-04-27 04:19:00,53668.0,53688.0,53668.0,53688.0,14.1,757000.8
2021-04-27 04:20:00,53688.0,53688.0,53643.5,53643.5,1.034,55467.379
2021-04-27 04:21:00,53643.5,53643.5,53624.0,53624.0,0.848,45473.152
2021-04-27 04:22:00,53624.0,53624.0,53530.0,53530.5,1.705,91269.5025
2021-04-27 04:23:00,53530.5,53530.5,53464.0,53510.0,4.807,257222.57
2021-04-27 04:24:00,53510.0,53589.0,53509.5,53588.5,1.517,81293.7545
2021-04-27 04:25:00,53588.5,53588.5,53552.0,53552.0,2.461,131791.472
2021-04-27 04:26:00,53552.0,53552.5,53552.0,53552.5,1.342,71867.455
2021-04-27 04:27:00,53552.5,53643.0,53552.0,53625.5,3.278,175784.389
2021-04-27 04:28:00,53625.5,53625.5,53592.0,53592.5,0.871,46679.0675
2021-04-27 04:29:00,53592.5,53592.5,53562.0,53590.0,1.564,83814.76
2021-04-27 04:30:00,53590.0,53594.0,53500.0,53525.5,2.73,146124.615
2021-04-27 04:31:00,53525.5,53560.5,53499.0,53520.0,2.971,159007.92
2021-04-27 04:32:00,53520.0,53550.5,53493.0,53550.0,4.151,222286.05
2021-04-27 04:33:00,53550.0,53619.0,53547.0,53619.0,1.73,92760.87
2021-04-27 04:34:00,53619.0,53619.0,53552.5,53586.0,1.917,102724.362
2021-04-27 04:35:00,53586.0,53586.5,53586.0,53586.5,0.734,39332.491
2021-04-27 04:36:00,53586.5,53586.5,53568.0,53568.0,0.421,22552.128
2021-04-27 04:37:00,53568.0,53599.0,53565.0,53599.0,1.611,86347.989
2021-04-27 04:38:00,53599.0,53770.0,53599.0,53740.0,29.137,1565822.38
2021-04-27 04:39:00,53740.0,53740.0,53675.0,53692.0,2.155,115706.26
2021-04-27 04:40:00,53692.0,53692.0,53619.5,53641.5,1.465,78584.7975
2021-04-27 04:41:00,53641.5,53688.0,53641.5,53688.0,2.703,145118.664
2021-04-27 04:42:00,53688.0,53697.0,53672.5,53689.0,1.691,90788.099
2021-04-27 04:43:00,53689.0,53689.0,53556.0,53599.5,2.688,144075.456
2021-04-27 04:44:00,53599.5,53655.0,53599.5,53655.0,0.951,51025.905
2021-04-27 04:45:00,53655.0,53666.5,53654.5,53666.5,19.452,1043920.758
2021-04-27 04:46:00,53666.5,53815.5,53666.5,53799.5,9.239,497053.5805
2021-04-27 04:47:00,53799.5,53827.0,53780.0,53782.5,3.208,172534.26
2021-04-27 04:48:00,53782.5,53782.5,53733.0,53733.0,21.989,1181534.937
2021-04-27 04:49:00,53733.0,53879.0,53733.0,53853.0,6.466,348213.498
2021-04-27 04:50:00,53853.0,53853.0,53817.5,53818.0,0.251,13508.318
2021-04-27 04:51:00,53818.0,53932.0,53818.0,53932.0,27.82,1500388.24
2021-04-27 04:52:00,53932.0,54038.5,53932.0,54037.0,61.158,3304794.846
2021-04-27 04:53:00,54037.0,54037.5,53929.5,53979.5,24.421,1318233.3695
2021-04-27 04:54:00,53979.5,53979.5,53969.5,53969.5,2.803,151276.5085
2021-04-27 04:55:00,53969.5,53969.5,53878.5,53894.5,32.595,1756691.2275
2021-04-27 04:56:00,53894.5,53895.0,53871.5,53876.5,4.06,218738.59
2021-04-27 04:57:00,53876.5,53876.5,53800.0,53826.5,4.944,266118.216
2021-04-27 04:58:00,53826.5,53827.0,53815.5,53815.5,2.276,122484.078
2021-04-27 04:59:00,53815.5,53823.0,53781.0,53823.0,0.305,16416.015
2021-04-27 05:00:00,53823.0,53823.0,53780.0,53780.0,2.227,119768.06
2021-04-27 05:01:00,53780.0,53780.5,53780.0,53780.5,4.164,223942.002
2021-04-27 05:02:00,53780.5,53884.5,53780.0,53884.5,4.725,254604.2625
2021-04-27 05:03:00,53884.5,53903.5,53884.0,53903.5,1.646,88725.161
2021-04-27 05:04:00,53903.5,53903.5,53838.5,53839.0,46.437,2500121.643
2021-04-27 05:05:00,53839.0,53839.0,53801.5,53801.5,2.781,149621.9715
2021-04-27 05:06:00,53801.5,53875.0,53801.5,53875.0,3.502,188670.25
2021-04-27 05:07:00,53875.0,53875.0,53827.5,53853.0,2.164,116537.892
2021-04-27 05:08:00,53853.0,53880.0,53852.5,53879.5,2.331,125593.1145
2021-04-27 05:09:00,53879.5,53880.0,53879.5,53880.0,0.466,25108.08
2021-04-27 05:10:00,53880.0,53880.0,53848.5,53849.0,2.367,127460.583
2021-04-27 05:11:00,53849.0,53940.5,53849.0,53940.5,7.02,378662.31
2021-04-27 05:12:00,53940.5,53940.5,53901.5,53901.5,1.561,84140.2415
2021-04-27 05:13:00,53901.5,53902.0,53850.0,53884.0,2.519,135733.796
2021-04-27 05:14:00,53884.0,53884.0,53861.5,53868.0,1.111,59847.348
2021-04-27 05:15:00,53868.0,53900.0,53850.0,53889.5,2.395,129065.3525
2021-04-27 05:16:00,53889.5,53950.0,53889.5,53949.5,13.327,718984.9865
2021-04-27 05:17:00,53949.5,53982.0,53949.5,53954.5,5.82,314015.19
2021-04-27 05:18:00,53954.5,53973.5,53951.5,53973.5,1.759,94939.3865
2021-04-27 05:19:00,53973.5,53973.5,53950.0,53958.0,1.131,61026.498
2021-04-27 05:20:00,53958.0,53958.0,53909.0,53921.0,4.174,225066.254
2021-04-27 05:21:00,53921.0,53933.0,53920.5,53933.0,2.304,124261.632
2021-04-27 05:22:00,53933.0,53945.0,53917.0,53945.0,31.69,1709517.05
2021-04-27 05:23:00,53945.0,53994.5,53945.0,53994.5,2.607,140763.6615
2021-04-27 05:24:00,53994.5,53994.5,53951.5,53965.5,11.774,635389.797
2021-04-27 05:25:00,53965.5,54000.0,53965.0,53999.5,4.053,218859.9735
2021-04-27 05:26:00,53999.5,54015.5,53999.5,54015.5,3.022,163234.841
2021-04-27 05:27:00,54015.5,54015.5,54015.0,54015.0,3.211,173442.165
2021-04-27 05:28:00,54015.0,54015.5,54015.0,54015.5,6.34,342458.27
2021-04-27 05:29:00,54015.5,54017.0,53970.5,54017.0,2.428,131153.276
2021-04-27 05:30:00,54017.0,54017.0,53879.0,53909.5,40.396,2177728.162
2021-04-27 05:31:00,53909.5,53983.0,53888.0,53961.5,26.602,1435483.823
2021-04-27 05:32:00,53961.5,54074.5,53961.5,54074.5,16.181,874979.4845
2021-04-27 05:33:00,54074.5,54150.0,54074.5,54150.0,27.758,1503095.7
2021-04-27 05:34:00,54150.0,54150.0,53959.5,53959.5,28.862,1557379.089
2021-04-27 05:35:00,53959.5,53959.5,53803.0,53834.5,76.295,4107303.1775
2021-04-27 05:36:00,53834.5,53926.5,53801.0,53900.0,17.142,923953.8
2021-04-27 05:37:00,53900.0,53923.5,53873.0,53900.0,2.816,151782.4
2021-04-27 05:38:00,53900.0,53932.0,53897.5,53932.0,5.497,296464.204
2021-04-27 05:39:00,53932.0,53961.0,53932.0,53935.0,5.426,292651.31
2021-04-27 05:40:00,53935.0,53966.0,53934.5,53946.0,1.872,100986.912
2021-04-27 05:41:00,53946.0,53946.5,53858.0,53858.5,14.747,794251.2995
2021-04-27 05:42:00,53858.5,53858.5,53850.0,53850.5,1.545,83199.0225
2021-04-27 05:43:00,53850.5,53850.5,53745.5,53746.0,16.313,876758.498
2021-04-27 05:44:00,53746.0,53784.5,53684.5,53784.5,17.498,941121.181
2021-04-27 05:45:00,53784.5,53820.5,53718.5,53718.5,7.14,383550.09
2021-04-27 05:46:00,53718.5,53718.5,53681.0,53702.0,12.126,651190.452
2021-04-27 05:47:00,53702.0,53748.0,53701.5,53748.0,4.282,230148.936
2021-04-27 05:48:00,53748.0,53761.5,53708.5,53708.5,16.459,883988.2015
2021-04-27 05:49:00,53708.5,53775.0,53708.5,53775.0,0.271,14573.025
2021-04-27 05:50:00,53775.0,53818.5,53775.0,53783.5,14.128,759853.288
2021-04-27 05:51:00,53783.5,53783.5,53700.0,53700.5,2.48,133177.24
2021-04-27 05:52:00,53700.5,53700.5,53698.5,53698.5,6.298,338193.153
2021-04-27 05:53:00,53698.5,53711.0,53698.5,53703.0,4.519,242683.857
2021-04-27 05:54:00,53703.0,53703.5,53703.0,53703.5,0.752,40385.032
2021-04-27 05:55:00,53703.5,53703.5,53591.5,53603.0,118.797,6367875.591
2021-04-27 05:56:00,53603.0,53650.0,53601.0,53649.5,6.574,352691.813
2021-04-27 05:57:00,53649.5,53651.5,53629.5,53629.5,127.108,6816738.486
2021-04-27 05:58:00,53629.5,53630.0,53583.0,53583.0,3.821,204740.643
2021-04-27 05:59:00,53583.0,53592.0,53540.0,53544.0,8.896,476327.424
2021-04-27 06:00:00,53544.0,53628.0,53543.5,53628.0,17.64,945997.92
2021-04-27 06:01:00,53628.0,53740.0,53627.5,53739.5,27.743,1490894.9485
2021-04-27 06:02:00,53739.5,53743.5,53729.5,53743.5,8.467,455046.2145
2021-04-27 06:03:00,53743.5,53780.0,53743.5,53780.0,17.386,935019.08
2021-04-27 06:04:00,53780.0,53780.0,53776.5,53776.5,4.234,227689.701
2021-04-27 06:05:00,53776.5,53776.5,53725.0,53725.0,3.869,207862.025
2021-04-27 06:06:00,53725.0,53844.0,53725.0,53844.0,14.23,766200.12
2021-04-27 06:07:00,53844.0,53848.0,53811.5,53834.0,1.52,81827.68
2021-04-27 06:08:00,53834.0,53848.0,53833.5,53847.5,5.705,307199.9875
2021-04-27 06:09:00,53847.5,53855.0,53834.0,53853.0,1.324,71301.372
2021-04-27 06:10:00,53853.0,53899.0,53819.0,53895.5,6.548,352907.734
2021-04-27 06:11:00,53895.5,53895.5,53895.0,53895.0,0.95,51200.25
2021-04-27 06:12:00,53895.0,53895.0,53838.0,53854.0,8.472,456251.088
2021-04-27 06:13:00,53854.0,53854.5,53747.5,53765.0,6.155,330923.575
2021-04-27 06:14:00,53765.0,53766.0,53748.0,53748.0,3.421,183871.908
2021-04-27 06:15:00,53748.0,53748.0,53695.5,53695.5,11.669,626572.7895
2021-04-27 06:16:00,53695.5,53709.5,53695.5,53701.0,5.399,289931.699
2021-04-27 06:17:00,53701.0,53758.0,53700.5,53747.0,2.466,132540.102
2021-04-27 06:18:00,53747.0,53747.0,53678.0,53678.0,4.041,216912.798
2021-04-27 06:19:00,53678.0,53678.0,53629.5,53629.5,5.257,281930.2815
2021-04-27 06:20:00,53629.5,53671.5,53629.5,53671.5,2.969,159350.6835
2021-04-27 06:21:00,53671.5,53684.5,53650.0,53684.5,4.688,251672.936
2021-04-27 06:22:00,53684.5,53690.5,53684.0,53690.0,1.02,54763.8
2021-04-27 06:23:00,53690.0,53690.5,53690.0,53690.0,0.568,30495.92
2021-04-27 06:24:00,53690.0,53690.5,53690.0,53690.0,11.878,637729.82
2021-04-27 06:25:00,53690.0,53748.5,53690.0,53748.0,10.497,564192.756
2021-04-27 06:26:00,53748.0,53748.0,53725.0,53725.0,4.431,238055.475
2021-04-27 06:27:00,53725.0,53725.0,53690.5,53690.5,12.559,674298.9895
2021-04-27 06:28:00,53690.5,53690.5,53645.0,53645.0,8.392,450188.84
2021-04-27 06:29:00,53645.0,53658.5,53636.5,53636.5,1.85,99227.525
2021-04-27 06:30:00,53636.5,53636.5,53596.5,53596.5,11.47,614751.855
2021-04-27 06:31:00,53596.5,53597.0,53593.0,53596.5,10.097,541163.8605
2021-04-27 06:32:00,53596.5,53653.5,53596.0,53653.5,18.433,988994.9655
2021-04-27 06:33:00,53653.5,53692.5,53653.0,53692.5,4.756,255361.53
2021-04-27 06:34:00,53692.5,53692.5,53671.0,53671.0,8.973,481589.883
2021-04-27 06:35:00,53671.0,53683.0,53671.0,53683.0,16.338,877072.854
2021-04-27 06:36:00,53683.0,53723.5,53683.0,53723.5,2.717,145966.7495
2021-04-27 06:37:00,53723.5,53781.0,53722.5,53781.0,15.176,816180.456
2021-04-27 06:38:00,53781.0,53781.0,53778.5,53778.5,13.363,718642.0955
2021-04-27 06:39:00,53778.5,53779.0,53759.0,53759.5,5.182,278581.729
2021-04-27 06:40:00,53759.5,53781.0,53754.5,53769.0,1.803,96945.507
2021-04-27 06:41:00,53769.0,53800.0,53769.0,53770.0,7.307,392897.39
2021-04-27 06:42:00,53770.0,53786.0,53769.5,53785.5,0.612,32916.726
2021-04-27 06:43:00,53785.5,53785.5,53764.5,53764.5,2.114,113658.153
2021-04-27 06:44:00,53764.5,53765.0,53764.5,53765.0,1.581,85002.465
2021-04-27 06:45:00,53765.0,53768.5,53741.0,53768.5,2.369,127377.5765
2021-04-27 06:46:00,53768.5,53768.5,53753.5,53753.5,5.028,270272.598
2021-04-27 06:47:00,53753.5,53753.5,53720.0,53720.5,5.692,305777.086
2021-04-27 06:48:00,53720.5,53720.5,53700.0,53700.0,2.041,109601.7
2021-04-27 06:49:00,53700.0,53700.5,53673.0,53673.0,3.051,163756.323
2021-04-27 06:50:00,53673.0,53709.5,53673.0,53709.0,7.709,414042.681
2021-04-27 06:51:00,53709.0,53709.0,53664.0,53664.5,3.305,177361.1725
2021-04-27 06:52:00,53664.5,53664.5,53619.0,53619.0,5.182,277853.658
2021-04-27 06:53:00,53619.0,53630.5,53619.0,53630.0,3.147,168773.61
2021-04-27 06:54:00,53630.0,53630.5,53630.0,53630.5,3.096,166040.028
2021-04-27 06:55:00,53630.5,53668.5,53630.0,53668.5,4.816,258467.496
2021-04-27 06:56:00,53668.5,53670.0,53668.5,53670.0,3.149,169006.83
2021-04-27 06:57:00,53670.0,53670.0,53669.5,53670.0,1.765,94727.55
2021-04-27 06:58:00,53670.0,53702.0,53670.0,53702.0,5.161,277156.022
2021-04-27 06:59:00,53702.0,53765.0,53702.0,53765.0,3.464,186241.96
2021-04-27 07:00:00,53765.0,53765.0,53644.5,53644.5,7.41,397505.745
2021-04-27 07:01:00,53644.5,53644.5,53640.0,53640.0,4.913,263533.32
2021-04-27 07:02:00,53640.0,53640.5,53615.0,53615.5,7.589,406888.0295
2021-04-27 07:03:00,53615.5,53657.5,53613.0,53657.5,6.62,355212.65
2021-04-27 07:04:00,53657.5,53685.5,53657.0,53685.5,2.464,132281.072
2021-04-27 07:05:00,53685.5,53692.0,53685.5,53691.5,1.187,63731.8105
2021-04-27 07:06:00,53691.5,53691.5,53690.0,53690.0,0.758,40697.02
2021-04-27 07:07:00,53690.0,53690.0,53635.0,53635.5,41.466,2224049.643
2021-04-27 07:08:00,53635.5,53670.0,53635.5,53667.5,0.64,34347.2
2021-04-27 07:09:00,53667.5,53667.5,53661.5,53662.0,1.454,78024.548
2021-04-27 07:10:00,53662.0,53668.0,53661.5,53667.5,0.712,38211.26
2021-04-27 07:11:00,53667.5,53668.0,53665.0,53665.5,0.207,11108.7585
2021-04-27 07:12:00,53665.5,53665.5,53630.0,53630.0,1.848,99108.24
2021-04-27 07:13:00,53630.0,53670.0,53630.0,53670.0,1.313,70468.71
2021-04-27 07:14:00,53670.0,53704.5,53670.0,53704.5,0.803,43124.7135
2021-04-27 07:15:00,53704.5,53746.5,53704.5,53746.5,9.239,496563.9135
2021-04-27 07:16:00,53746.5,53746.5,53734.0,53734.0,12.731,684087.554
2021-04-27 07:17:00,53734.0,53746.5,53734.0,53746.5,0.408,21928.572
2021-04-27 07:18:00,53746.5,53746.5,53746.0,53746.5,0.372,19993.698
2021-04-27 07:19:00,53746.5,53746.5,53746.0,53746.0,0.884,47511.464
2021-04-27 07:20:00,53746.0,53746.5,53676.0,53676.5,4.404,236391.306
2021-04-27 07:21:00,53676.5,53685.5,53644.5,53645.0,4.449,238666.605
2021-04-27 07:22:00,53645.0,53645.0,53644.5,53645.0,3.884,208357.18
2021-04-27 07:23:00,53645.0,53662.5,53645.0,53645.5,2.85,152889.675
2021-04-27 07:24:00,53645.5,53663.5,53623.0,53623.5,3.868,207415.698
2021-04-27 07:25:00,53623.5,53623.5,53613.0,53613.0,8.178,438447.114
2021-04-27 07:26:00,53613.0,53655.5,53613.0,53655.5,1.337,71737.4035
2021-04-27 07:27:00,53655.5,53728.0,53655.5,53727.5,2.499,134265.0225
2021-04-27 07:28:00,53727.5,53784.5,53727.5,53768.0,63.573,3418193.064
2021-04-27 07:29:00,53768.0,53785.0,53749.5,53784.5,14.449,777132.2405
2021-04-27 07:30:00,53784.5,53850.0,53748.5,53850.0,6.185,333062.25
2021-04-27 07:31:00,53850.0,53917.0,53849.5,53917.0,11.385,613845.045
2021-04-27 07:32:00,53917.0,53917.0,53900.0,53900.0,24.276,1308476.4
2021-04-27 07:33:00,53900.0,53900.5,53852.0,53852.0,14.722,792809.144
2021-04-27 07:34:00,53852.0,53852.0,53800.0,53800.0,4.103,220741.4
2021-04-27 07:35:00,53800.0,53800.0,53756.0,53781.0,6.662,358289.022
2021-04-27 07:36:00,53781.0,53814.0,53781.0,53812.0,6.824,367213.088
2021-04-27 07:37:00,53812.0,53860.0,53811.5,53836.0,2.793,150363.948
2021-04-27 07:38:00,53836.0,53898.5,53835.5,53898.5,7.007,377666.7895
2021-04-27 07:39:00,53898.5,53975.5,53898.0,53931.0,6.627,357400.737
2021-04-27 07:40:00,53931.0,53953.0,53931.0,53947.5,3.795,204730.7625
2021-04-27 07:41:00,53947.5,53947.5,53880.0,53880.0,8.812,474790.56
2021-04-27 07:42:00,53880.0,53880.5,53860.5,53876.0,1.027,55330.652
2021-04-27 07:43:00,53876.0,53876.5,53876.0,53876.5,0.784,42239.176
2021-04-27 07:44:00,53876.5,53876.5,53876.0,53876.5,2.061,111039.4665
2021-04-27 07:45:00,53876.5,53876.5,53858.0,53858.5,9.311,501476.4935
2021-04-27 07:46:00,53858.5,53858.5,53845.5,53852.0,4.169,224508.988
2021-04-27 07:47:00,53852.0,53852.0,53820.0,53820.0,3.743,201448.26
2021-04-27 07:48:00,53820.0,53847.5,53820.0,53847.5,2.796,150557.61
2021-04-27 07:49:00,53847.5,53847.5,53847.5,53847.5,0.356,19169.71
2021-04-27 07:50:00,53847.5,53884.0,53847.5,53884.0,1.417,76353.628
2021-04-27 07:51:00,53884.0,53904.0,53884.0,53904.0,8.922,480931.488
2021-04-27 07:52:00,53904.0,53904.0,53882.0,53882.0,2.24,120695.68
2021-04-27 07:53:00,53882.0,53882.0,53842.5,53843.0,4.336,233463.248
2021-04-27 07:54:00,53843.0,53885.5,53843.0,53885.5,15.686,845247.953
2021-04-27 07:55:00,53885.5,53885.5,53855.5,53855.5,0.378,20357.379
2021-04-27 07:56:00,53855.5,53904.5,53855.0,53904.0,1.723,92876.592
2021-04-27 07:57:00,53904.0,53946.0,53904.0,53936.0,12.394,668482.784
2021-04-27 07:58:00,53936.0,53964.5,53936.0,53942.5,10.219,551238.4075
2021-04-27 07:59:00,53942.5,53942.5,53890.0,53905.5,4.201,226457.0055
2021-04-27 08:00:00,53905.5,53906.0,53881.5,53881.5,11.074,596683.731
2021-04-27 08:01:00,53881.5,53904.0,53872.0,53872.0,2.496,134464.512
2021-04-27 08:02:00,53872.0,53891.5,53862.0,53863.5,7.631,411032.3685
2021-04-27 08:03:00,53863.5,53864.0,53863.5,53864.0,1.173,63182.472
2021-04-27 08:04:00,53864.0,53864.0,53813.0,53813.5,6.337,341016.1495
2021-04-27 08:05:00,53813.5,53813.5,53813.0,53813.0,4.114,221386.682
2021-04-27 08:06:00,53813.0,53834.0,53813.0,53834.0,1.406,75690.604
2021-04-27 08:07:00,53834.0,53834.0,53814.5,53815.0,1.47,79108.05
2021-04-27 08:08:00,53815.0,53815.0,53807.0,53807.0,4.682,251924.374
2021-04-27 08:09:00,53807.0,53828.5,53807.0,53828.0,32.974,1774924.472
2021-04-27 08:10:00,53828.0,53828.5,53828.0,53828.5,0.335,18032.5475
2021-04-27 08:11:00,53828.5,53876.5,53828.5,53876.0,10.735,578358.86
2021-04-27 08:12:00,53876.0,53876.5,53876.0,53876.5,1.077,58024.9905
2021-04-27 08:13:00,53876.5,53876.5,53876.0,53876.0,5.513,297018.388
2021-04-27 08:14:00,53876.0,53876.5,53876.0,53876.0,0.102,5495.352
2021-04-27 08:15:00,53876.0,53896.0,53876.0,53896.0,8.51,458654.96
2021-04-27 08:16:00,53896.0,53900.0,53896.0,53900.0,1.466,79017.4
2021-04-27 08:17:00,53900.0,53900.0,53876.0,53884.0,4.124,222217.616
2021-04-27 08:18:00,53884.0,53884.0,53876.0,53876.5,0.105,5657.0325
2021-04-27 08:19:00,53876.5,53912.5,53855.0,53912.5,5.849,315334.2125
2021-04-27 08:20:00,53912.5,53912.5,53876.5,53876.5,4.025,216852.9125
2021-04-27 08:21:00,53876.5,53877.0,53854.5,53854.5,0.472,25419.324
2021-04-27 08:22:00,53854.5,53854.5,53828.0,53828.0,6.493,349505.204
2021-04-27 08:23:00,53828.0,53828.0,53804.0,53804.0,4.023,216453.492
2021-04-27 08:24:00,53804.0,53804.5,53804.0,53804.5,5.933,319222.0985
2021-04-27 08:25:00,53804.5,53816.5,53804.0,53816.0,1.033,55591.928
2021-04-27 08:26:00,53816.0,53841.5,53816.0,53817.5,2.77,149074.475
2021-04-27 08:27:00,53817.5,53817.5,53796.0,53796.0,3.371,181346.316
2021-04-27 08:28:00,53796.0,53796.5,53792.5,53793.0,0.81,43572.33
2021-04-27 08:29:00,53793.0,53794.5,53793.0,53794.5,3.012,162029.034
2021-04-27 08:30:00,53794.5,53794.5,53766.0,53766.5,5.361,288242.2065
2021-04-27 08:31:00,53766.5,53766.5,53765.0,53765.0,9.186,493885.29
2021-04-27 08:32:00,53765.0,53803.0,53765.0,53789.5,6.125,329460.6875
2021-04-27 08:33:00,53789.5,53789.5,53789.0,53789.0,0.96,51637.44
2021-04-27 08:34:00,53789.0,53789.0,53691.0,53713.5,17.279,928115.5665
2021-04-27 08:35:00,53713.5,53735.0,53683.0,53735.0,12.018,645787.23
2021-04-27 08:36:00,53735.0,53735.0,53704.0,53705.5,6.609,354939.6495
2021-04-27 08:37:00,53705.5,53705.5,53680.0,53700.0,4.346,233380.2
2021-04-27 08:38:00,53700.0,53700.0,53679.5,53679.5,2.285,122657.6575
2021-04-27 08:39:00,53679.5,53680.0,53660.0,53660.0,6.447,345946.02
2021-04-27 08:40:00,53660.0,53666.0,53660.0,53666.0,2.476,132877.016
2021-04-27 08:41:00,53666.0,53670.0,53665.5,53670.0,3.062,164337.54
2021-04-27 08:42:00,53670.0,53691.5,53669.5,53691.5,7.158,384323.757
2021-04-27 08:43:00,53691.5,53691.5,53669.5,53669.5,1.673,89789.0735
2021-04-27 08:44:00,53669.5,53680.0,53669.5,53679.5,0.612,32851.854
2021-04-27 08:45:00,53679.5,53680.0,53679.5,53680.0,2.32,124537.6
2021-04-27 08:46:00,53680.0,53680.0,53679.5,53680.0,0.716,38434.88
2021-04-27 08:47:00,53680.0,53680.0,53679.5,53679.5,0.421,22599.0695
2021-04-27 08:48:00,53679.5,53680.0,53615.5,53615.5,22.116,1185760.398
2021-04-27 08:49:00,53615.5,53615.5,53598.5,53600.5,7.187,385226.7935
2021-04-27 08:50:00,53600.5,53635.0,53600.5,53633.0,4.971,266609.643
2021-04-27 08:51:00,53633.0,53633.0,53604.5,53604.5,38.035,2038847.1575
2021-04-27 08:52:00,53604.5,53604.5,53482.0,53502.5,43.993,2353735.4825
2021-04-27 08:53:00,53502.5,53522.0,53327.5,53328.5,76.097,4058138.8645
2021-04-27 08:54:00,53328.5,53395.0,53326.0,53370.0,6.81,363449.7
2021-04-27 08:55:00,53370.0,53435.0,53370.0,53422.5,10.768,575253.48
2021-04-27 08:56:00,53422.5,53449.0,53422.5,53449.0,3.442,183971.458
2021-04-27 08:57:00,53449.0,53450.0,53379.0,53411.0,8.128,434124.608
2021-04-27 08:58:00,53411.0,53482.0,53411.0,53477.5,8.486,453810.065
2021-04-27 08:59:00,53477.5,53478.0,53461.0,53461.5,3.187,170381.8005
2021-04-27 09:00:00,53461.5,53474.5,53461.5,53474.0,3.764,201276.136
2021-04-27 09:01:00,53474.0,53554.0,53474.0,53553.5,4.363,233653.9205
2021-04-27 09:02:00,53553.5,53558.5,53549.5,53558.5,33.656,1802564.876
2021-04-27 09:03:00,53558.5,53580.0,53558.5,53580.0,11.467,614401.86
2021-04-27 09:04:00,53580.0,53580.0,53546.5,53549.5,3.938,210877.931
2021-04-27 09:05:00,53549.5,53549.5,53476.5,53477.0,9.398,502576.846
2021-04-27 09:06:00,53477.0,53506.5,53477.0,53479.5,11.999,641700.5205
2021-04-27 09:07:00,53479.5,53543.5,53479.5,53543.5,44.968,2407744.108
2021-04-27 09:08:00,53543.5,53570.0,53509.5,53509.5,6.633,354928.5135
2021-04-27 09:09:00,53509.5,53510.0,53479.5,53480.0,5.102,272854.96
2021-04-27 09:10:00,53480.0,53480.0,53446.5,53453.0,8.733,466805.049
2021-04-27 09:11:00,53453.0,53476.5,53453.0,53476.5,9.129,488186.9685
2021-04-27 09:12:00,53476.5,53476.5,53425.0,53425.0,2.51,134096.75
2021-04-27 09:13:00,53425.0,53428.0,53425.0,53428.0,3.883,207460.924
2021-04-27 09:14:00,53428.0,53468.5,53428.0,53468.5,11.804,631142.174
2021-04-27 09:15:00,53468.5,53555.5,53468.5,53555.5,7.481,400648.6955
2021-04-27 09:16:00,53555.5,53555.5,53500.0,53510.0,5.561,297569.11
2021-04-27 09:17:00,53510.0,53536.5,53510.0,53536.0,2.113,113121.568
2021-04-27 09:18:00,53536.0,53572.0,53536.0,53572.0,13.041,698632.452
2021-04-27 09:19:00,53572.0,53572.0,53550.0,53550.5,4.912,263040.056
