timestamp,open,high,low,close,volume,turnover
2020-10-17 00:00:00,11358.0,11358.0,11358.0,11358.0,3.496,39707.568
2020-10-17 00:01:00,11358.0,11358.0,11358.0,11358.0,0.0,0.0
2020-10-17 00:02:00,11358.0,11358.0,11358.0,11358.0,0.0,0.0
2020-10-17 00:03:00,11358.0,11358.0,11357.5,11357.5,0.085,965.3875
2020-10-17 00:04:00,11357.5,11357.5,11357.5,11357.5,0.0,0.0
2020-10-17 00:05:00,11357.5,11360.0,11357.5,11360.0,0.487,5532.32
2020-10-17 00:06:00,11360.0,11362.0,11360.0,11362.0,0.966,10975.692
2020-10-17 00:07:00,11362.0,11365.5,11361.5,11365.5,2.153,24469.9215
2020-10-17 00:08:00,11365.5,11366.0,11365.5,11366.0,0.169,1920.854
2020-10-17 00:09:00,11366.0,11366.0,11366.0,11366.0,0.0,0.0
2020-10-17 00:10:00,11366.0,11366.0,11366.0,11366.0,8.139,92507.874
2020-10-17 00:11:00,11366.0,11366.0,11366.0,11366.0,0.0,0.0
2020-10-17 00:12:00,11366.0,11366.0,11365.0,11365.0,0.291,3307.215
2020-10-17 00:13:00,11365.0,11365.0,11365.0,11365.0,0.221,2511.665
2020-10-17 00:14:00,11365.0,11365.0,11365.0,11365.0,0.0,0.0
2020-10-17 00:15:00,11365.0,11365.0,11365.0,11365.0,0.0,0.0
2020-10-17 00:16:00,11365.0,11365.0,11365.0,11365.0,0.0,0.0
2020-10-17 00:17:00,11365.0,11365.5,11365.0,11365.0,0.62,7046.3
2020-10-17 00:18:00,11365.0,11365.0,11365.0,11365.0,0.349,3966.385
2020-10-17 00:19:00,11365.0,11365.0,11365.0,11365.0,0.002,22.73
2020-10-17 00:20:00,11365.0,11365.0,11365.0,11365.0,0.0,0.0
2020-10-17 00:21:00,11365.0,11365.0,11365.0,11365.0,0.0,0.0
2020-10-17 00:22:00,11365.0,11365.0,11365.0,11365.0,2.0,22730.0
2020-10-17 00:23:00,11365.0,11365.0,11365.0,11365.0,0.3,3409.5
2020-10-17 00:24:00,11365.0,11365.0,11365.0,11365.0,0.001,11.365
2020-10-17 00:25:00,11365.0,11365.0,11365.0,11365.0,0.0,0.0
2020-10-17 00:26:00,11365.0,11365.0,11365.0,11365.0,0.0,0.0
2020-10-17 00:27:00,11365.0,11365.0,11364.5,11364.5,0.057,647.7765
2020-10-17 00:28:00,11364.5,11364.5,11364.5,11364.5,0.0,0.0
2020-10-17 00:29:00,11364.5,11365.0,11364.5,11365.0,1.0,11365.0
2020-10-17 00:30:00,11365.0,11366.5,11365.0,11366.5,0.5,5683.25
2020-10-17 00:31:00,11366.5,11366.5,11366.5,11366.5,0.553,6285.6745
2020-10-17 00:32:00,11366.5,11366.5,11362.5,11362.5,1.463,16623.3375
2020-10-17 00:33:00,11362.5,11362.5,11357.0,11357.0,6.206,70481.542
2020-10-17 00:34:00,11357.0,11357.0,11352.0,11352.0,7.05,80031.6
2020-10-17 00:35:00,11352.0,11352.0,11352.0,11352.0,6.93,78669.36
2020-10-17 00:36:00,11352.0,11352.0,11352.0,11352.0,0.0,0.0
2020-10-17 00:37:00,11352.0,11352.5,11351.5,11352.5,0.149,1691.5225
2020-10-17 00:38:00,11352.5,11353.0,11352.5,11353.0,0.002,22.706
2020-10-17 00:39:00,11353.0,11353.0,11353.0,11353.0,0.0,0.0
2020-10-17 00:40:00,11353.0,11353.0,11353.0,11353.0,0.873,9911.169
2020-10-17 00:41:00,11353.0,11353.0,11353.0,11353.0,0.158,1793.774
2020-10-17 00:42:00,11353.0,11353.0,11353.0,11353.0,0.0,0.0
2020-10-17 00:43:00,11353.0,11353.0,11349.0,11349.0,1.214,13777.686
2020-10-17 00:44:00,11349.0,11349.0,11349.0,11349.0,2.734,31028.166
2020-10-17 00:45:00,11349.0,11349.0,11349.0,11349.0,0.351,3983.499
2020-10-17 00:46:00,11349.0,11349.5,11349.0,11349.5,0.5,5674.75
2020-10-17 00:47:00,11349.5,11349.5,11349.0,11349.0,0.002,22.698
2020-10-17 00:48:00,11349.0,11349.0,11349.0,11349.0,0.057,646.893
2020-10-17 00:49:00,11349.0,11349.5,11349.0,11349.5,0.019,215.6405
2020-10-17 00:50:00,11349.5,11350.0,11349.5,11350.0,0.057,646.95
2020-10-17 00:51:00,11350.0,11350.0,11350.0,11350.0,0.0,0.0
2020-10-17 00:52:00,11350.0,11350.0,11349.5,11349.5,0.172,1952.114
2020-10-17 00:53:00,11349.5,11349.5,11349.5,11349.5,0.0,0.0
2020-10-17 00:54:00,11349.5,11350.0,11349.5,11350.0,0.076,862.6
2020-10-17 00:55:00,11350.0,11350.0,11350.0,11350.0,0.0,0.0
2020-10-17 00:56:00,11350.0,11350.0,11350.0,11350.0,0.0,0.0
2020-10-17 00:57:00,11350.0,11350.0,11349.5,11349.5,0.002,22.699
2020-10-17 00:58:00,11349.5,11349.5,11349.5,11349.5,0.0,0.0
2020-10-17 00:59:00,11349.5,11349.5,11349.5,11349.5,0.0,0.0
2020-10-17 01:00:00,11349.5,11349.5,11349.5,11349.5,0.012,136.194
2020-10-17 01:01:00,11349.5,11349.5,11349.5,11349.5,0.0,0.0
2020-10-17 01:02:00,11349.5,11350.0,11349.5,11350.0,0.013,147.55
2020-10-17 01:03:00,11350.0,11350.0,11350.0,11350.0,0.067,760.45
2020-10-17 01:04:00,11350.0,11350.0,11350.0,11350.0,0.4,4540.0
2020-10-17 01:05:00,11350.0,11350.0,11350.0,11350.0,0.0,0.0
2020-10-17 01:06:00,11350.0,11350.0,11350.0,11350.0,0.0,0.0
2020-10-17 01:07:00,11350.0,11350.0,11349.5,11349.5,0.002,22.699
2020-10-17 01:08:00,11349.5,11349.5,11349.5,11349.5,0.0,0.0
2020-10-17 01:09:00,11349.5,11349.5,11349.5,11349.5,0.0,0.0
2020-10-17 01:10:00,11349.5,11349.5,11349.5,11349.5,0.0,0.0
2020-10-17 01:11:00,11349.5,11349.5,11349.5,11349.5,0.1,1134.95
2020-10-17 01:12:00,11349.5,11350.5,11349.5,11350.5,9.21,104538.105
2020-10-17 01:13:00,11350.5,11351.5,11350.5,11351.5,0.007,79.4605
2020-10-17 01:14:00,11351.5,11351.5,11351.5,11351.5,0.0,0.0
2020-10-17 01:15:00,11351.5,11351.5,11351.5,11351.5,0.0,0.0
2020-10-17 01:16:00,11351.5,11351.5,11351.5,11351.5,0.0,0.0
2020-10-17 01:17:00,11351.5,11352.0,11351.5,11351.5,0.502,5698.453
2020-10-17 01:18:00,11351.5,11351.5,11351.5,11351.5,0.0,0.0
2020-10-17 01:19:00,11351.5,11351.5,11351.5,11351.5,0.0,0.0
2020-10-17 01:20:00,11351.5,11351.5,11351.5,11351.5,0.0,0.0
2020-10-17 01:21:00,11351.5,11351.5,11351.5,11351.5,0.02,227.03
2020-10-17 01:22:00,11351.5,11351.5,11343.0,11343.0,8.788,99682.284
2020-10-17 01:23:00,11343.0,11343.0,11336.0,11336.0,1.923,21799.128
2020-10-17 01:24:00,11336.0,11336.0,11335.0,11335.0,1.797,20368.995
2020-10-17 01:25:00,11335.0,11335.0,11334.0,11334.0,2.773,31429.182
2020-10-17 01:26:00,11334.0,11334.0,11333.5,11333.5,1.051,11911.5085
2020-10-17 01:27:00,11333.5,11334.0,11333.5,11334.0,10.002,113362.668
2020-10-17 01:28:00,11334.0,11334.0,11334.0,11334.0,0.0,0.0
2020-10-17 01:29:00,11334.0,11334.0,11319.0,11319.0,5.566,63001.554
2020-10-17 01:30:00,11319.0,11319.0,11318.5,11319.0,0.528,5976.432
2020-10-17 01:31:00,11319.0,11319.0,11297.5,11302.0,17.994,203368.188
2020-10-17 01:32:00,11302.0,11306.5,11300.0,11300.0,1.115,12599.5
2020-10-17 01:33:00,11300.0,11300.0,11299.5,11299.5,19.304,218125.548
2020-10-17 01:34:00,11299.5,11299.5,11299.0,11299.0,2.339,26428.361
2020-10-17 01:35:00,11299.0,11299.0,11286.0,11288.0,25.859,291896.392
2020-10-17 01:36:00,11288.0,11288.0,11287.5,11287.5,0.679,7664.2125
2020-10-17 01:37:00,11287.5,11288.0,11287.5,11287.5,1.312,14809.2
2020-10-17 01:38:00,11287.5,11289.5,11287.5,11289.5,3.154,35607.083
2020-10-17 01:39:00,11289.5,11299.5,11289.5,11299.5,9.863,111446.9685
2020-10-17 01:40:00,11299.5,11299.5,11299.5,11299.5,10.5,118644.75
2020-10-17 01:41:00,11299.5,11299.5,11299.0,11299.0,1.021,11536.279
2020-10-17 01:42:00,11299.0,11304.5,11299.0,11304.5,3.319,37519.6355
2020-10-17 01:43:00,11304.5,11309.5,11304.5,11304.5,7.491,84682.0095
2020-10-17 01:44:00,11304.5,11305.0,11304.5,11305.0,1.732,19580.26
2020-10-17 01:45:00,11305.0,11305.0,11302.5,11302.5,3.244,36665.31
2020-10-17 01:46:00,11302.5,11303.0,11302.5,11303.0,0.068,768.604
2020-10-17 01:47:00,11303.0,11303.0,11302.5,11303.0,0.443,5007.229
2020-10-17 01:48:00,11303.0,11303.0,11301.5,11301.5,1.161,13121.0415
2020-10-17 01:49:00,11301.5,11301.5,11301.5,11301.5,2.05,23168.075
2020-10-17 01:50:00,11301.5,11301.5,11299.5,11299.5,0.992,11209.104
2020-10-17 01:51:00,11299.5,11299.5,11299.5,11299.5,0.632,7141.284
2020-10-17 01:52:00,11299.5,11300.0,11299.5,11300.0,0.309,3491.7
2020-10-17 01:53:00,11300.0,11300.0,11299.5,11299.5,5.926,66960.837
2020-10-17 01:54:00,11299.5,11300.0,11299.5,11299.5,4.134,46712.133
2020-10-17 01:55:00,11299.5,11299.5,11299.5,11299.5,0.0,0.0
2020-10-17 01:56:00,11299.5,11300.0,11299.5,11299.5,0.21,2372.895
2020-10-17 01:57:00,11299.5,11300.0,11299.5,11299.5,0.044,497.178
2020-10-17 01:58:00,11299.5,11299.5,11289.0,11289.0,3.045,34375.005
2020-10-17 01:59:00,11289.0,11289.0,11289.0,11289.0,0.201,2269.089
2020-10-17 02:00:00,11289.0,11298.5,11289.0,11298.5,1.225,13840.6625
2020-10-17 02:01:00,11298.5,11303.5,11298.5,11303.5,2.764,31242.874
2020-10-17 02:02:00,11303.5,11307.0,11303.5,11307.0,0.872,9859.704
2020-10-17 02:03:00,11307.0,11307.5,11306.0,11306.5,17.207,194550.9455
2020-10-17 02:04:00,11306.5,11306.5,11306.5,11306.5,0.075,847.9875
2020-10-17 02:05:00,11306.5,11306.5,11306.5,11306.5,0.005,56.5325
2020-10-17 02:06:00,11306.5,11306.5,11306.5,11306.5,0.0,0.0
2020-10-17 02:07:00,11306.5,11306.5,11306.0,11306.0,0.1,1130.6
2020-10-17 02:08:00,11306.0,11306.0,11305.5,11305.5,0.01,113.055
2020-10-17 02:09:00,11305.5,11305.5,11305.5,11305.5,0.07,791.385
2020-10-17 02:10:00,11305.5,11305.5,11303.5,11303.5,0.2,2260.7
2020-10-17 02:11:00,11303.5,11303.5,11302.0,11302.0,0.675,7628.85
2020-10-17 02:12:00,11302.0,11302.0,11302.0,11302.0,0.005,56.51
2020-10-17 02:13:00,11302.0,11302.0,11301.5,11301.5,0.228,2576.742
2020-10-17 02:14:00,11301.5,11301.5,11301.5,11301.5,0.0,0.0
2020-10-17 02:15:00,11301.5,11301.5,11301.5,11301.5,0.0,0.0
2020-10-17 02:16:00,11301.5,11302.0,11301.5,11302.0,0.011,124.322
2020-10-17 02:17:00,11302.0,11302.5,11302.0,11302.5,0.752,8499.48
2020-10-17 02:18:00,11302.5,11302.5,11302.5,11302.5,0.593,6702.3825
2020-10-17 02:19:00,11302.5,11302.5,11302.0,11302.0,2.159,24401.018
2020-10-17 02:20:00,11302.0,11302.0,11302.0,11302.0,0.0,0.0
2020-10-17 02:21:00,11302.0,11302.0,11300.5,11300.5,3.707,41890.9535
2020-10-17 02:22:00,11300.5,11300.5,11300.5,11300.5,0.066,745.833
2020-10-17 02:23:00,11300.5,11300.5,11300.5,11300.5,0.0,0.0
2020-10-17 02:24:00,11300.5,11302.0,11300.5,11302.0,0.119,1344.938
2020-10-17 02:25:00,11302.0,11302.0,11302.0,11302.0,0.0,0.0
2020-10-17 02:26:00,11302.0,11302.5,11302.0,11302.5,0.277,3130.7925
2020-10-17 02:27:00,11302.5,11303.0,11302.5,11303.0,0.27,3051.81
2020-10-17 02:28:00,11303.0,11303.0,11302.5,11302.5,0.1,1130.25
2020-10-17 02:29:00,11302.5,11309.0,11302.5,11309.0,8.357,94509.313
2020-10-17 02:30:00,11309.0,11312.5,11309.0,11312.5,3.346,37851.625
2020-10-17 02:31:00,11312.5,11312.5,11312.5,11312.5,2.963,33518.9375
2020-10-17 02:32:00,11312.5,11312.5,11312.5,11312.5,0.4,4525.0
2020-10-17 02:33:00,11312.5,11312.5,11312.5,11312.5,2.0,22625.0
2020-10-17 02:34:00,11312.5,11312.5,11312.5,11312.5,0.544,6154.0
2020-10-17 02:35:00,11312.5,11312.5,11312.0,11312.0,8.208,92848.896
2020-10-17 02:36:00,11312.0,11312.0,11312.0,11312.0,0.0,0.0
2020-10-17 02:37:00,11312.0,11312.5,11312.0,11312.0,0.002,22.624
2020-10-17 02:38:00,11312.0,11312.0,11312.0,11312.0,0.0,0.0
2020-10-17 02:39:00,11312.0,11312.0,11312.0,11312.0,0.0,0.0
2020-10-17 02:40:00,11312.0,11312.0,11312.0,11312.0,0.0,0.0
2020-10-17 02:41:00,11312.0,11312.5,11312.0,11312.5,0.061,690.0625
2020-10-17 02:42:00,11312.5,11312.5,11312.5,11312.5,0.0,0.0
2020-10-17 02:43:00,11312.5,11312.5,11312.5,11312.5,0.0,0.0
2020-10-17 02:44:00,11312.5,11312.5,11312.5,11312.5,0.3,3393.75
2020-10-17 02:45:00,11312.5,11312.5,11312.5,11312.5,0.014,158.375
2020-10-17 02:46:00,11312.5,11312.5,11312.5,11312.5,1.0,11312.5
2020-10-17 02:47:00,11312.5,11312.5,11312.0,11312.0,0.872,9864.064
2020-10-17 02:48:00,11312.0,11313.0,11312.0,11313.0,0.2,2262.6
2020-10-17 02:49:00,11313.0,11313.0,11309.0,11309.0,1.86,21034.74
2020-10-17 02:50:00,11309.0,11309.0,11308.5,11308.5,0.1,1130.85
2020-10-17 02:51:00,11308.5,11308.5,11308.5,11308.5,0.019,214.8615
2020-10-17 02:52:00,11308.5,11308.5,11308.5,11308.5,0.001,11.3085
2020-10-17 02:53:00,11308.5,11308.5,11308.0,11308.5,1.07,12100.095
2020-10-17 02:54:00,11308.5,11308.5,11308.5,11308.5,0.0,0.0
2020-10-17 02:55:00,11308.5,11308.5,11308.5,11308.5,0.0,0.0
2020-10-17 02:56:00,11308.5,11308.5,11308.0,11308.0,0.016,180.928
2020-10-17 02:57:00,11308.0,11308.5,11308.0,11308.0,3.002,33946.616
2020-10-17 02:58:00,11308.0,11308.0,11308.0,11308.0,0.0,0.0
2020-10-17 02:59:00,11308.0,11308.0,11308.0,11308.0,0.0,0.0
2020-10-17 03:00:00,11308.0,11308.5,11308.0,11308.5,0.1,1130.85
2020-10-17 03:01:00,11308.5,11308.5,11308.5,11308.5,0.0,0.0
2020-10-17 03:02:00,11308.5,11310.0,11308.5,11310.0,0.893,10099.83
2020-10-17 03:03:00,11310.0,11310.5,11310.0,11310.5,0.017,192.2785
2020-10-17 03:04:00,11310.5,11312.0,11310.5,11312.0,2.839,32114.768
2020-10-17 03:05:00,11312.0,11317.0,11312.0,11317.0,3.511,39733.987
2020-10-17 03:06:00,11317.0,11321.5,11317.0,11320.0,4.424,50079.68
2020-10-17 03:07:00,11320.0,11323.5,11320.0,11323.0,0.418,4733.014
2020-10-17 03:08:00,11323.0,11324.5,11323.0,11324.5,0.745,8436.7525
2020-10-17 03:09:00,11324.5,11325.0,11324.5,11325.0,0.208,2355.6
2020-10-17 03:10:00,11325.0,11325.0,11325.0,11325.0,0.85,9626.25
2020-10-17 03:11:00,11325.0,11325.0,11325.0,11325.0,0.3,3397.5
2020-10-17 03:12:00,11325.0,11325.0,11325.0,11325.0,0.0,0.0
2020-10-17 03:13:00,11325.0,11325.0,11325.0,11325.0,0.0,0.0
2020-10-17 03:14:00,11325.0,11325.5,11325.0,11325.5,0.16,1812.08
2020-10-17 03:15:00,11325.5,11326.0,11325.5,11326.0,1.278,14474.628
2020-10-17 03:16:00,11326.0,11328.0,11326.0,11328.0,0.339,3840.192
2020-10-17 03:17:00,11328.0,11328.5,11328.0,11328.5,0.242,2741.497
2020-10-17 03:18:00,11328.5,11328.5,11328.5,11328.5,0.669,7578.7665
2020-10-17 03:19:00,11328.5,11328.5,11328.5,11328.5,0.018,203.913
2020-10-17 03:20:00,11328.5,11328.5,11328.0,11328.0,0.924,10467.072
2020-10-17 03:21:00,11328.0,11328.0,11328.0,11328.0,0.0,0.0
2020-10-17 03:22:00,11328.0,11328.5,11328.0,11328.0,0.018,203.904
2020-10-17 03:23:00,11328.0,11328.5,11328.0,11328.5,0.246,2786.811
2020-10-17 03:24:00,11328.5,11328.5,11328.0,11328.0,0.139,1574.592
2020-10-17 03:25:00,11328.0,11328.5,11328.0,11328.5,4.744,53742.404
2020-10-17 03:26:00,11328.5,11328.5,11328.5,11328.5,0.262,2968.067
2020-10-17 03:27:00,11328.5,11328.5,11328.0,11328.5,0.848,9606.568
2020-10-17 03:28:00,11328.5,11331.5,11328.5,11331.5,0.706,8000.039
2020-10-17 03:29:00,11331.5,11332.0,11331.5,11332.0,0.807,9144.924
2020-10-17 03:30:00,11332.0,11332.5,11332.0,11332.5,0.186,2107.845
2020-10-17 03:31:00,11332.5,11332.5,11332.5,11332.5,0.0,0.0
2020-10-17 03:32:00,11332.5,11333.0,11332.5,11333.0,1.0,11333.0
2020-10-17 03:33:00,11333.0,11334.5,11333.0,11334.5,0.1,1133.45
2020-10-17 03:34:00,11334.5,11334.5,11334.5,11334.5,0.0,0.0
2020-10-17 03:35:00,11334.5,11334.5,11334.5,11334.5,0.372,4216.434
2020-10-17 03:36:00,11334.5,11334.5,11334.5,11334.5,0.0,0.0
2020-10-17 03:37:00,11334.5,11334.5,11334.0,11334.0,0.655,7423.77
2020-10-17 03:38:00,11334.0,11334.0,11329.0,11329.0,3.484,39470.236
2020-10-17 03:39:00,11329.0,11329.0,11325.0,11325.0,3.462,39207.15
2020-10-17 03:40:00,11325.0,11325.5,11325.0,11325.5,5.475,62007.1125
2020-10-17 03:41:00,11325.5,11325.5,11325.5,11325.5,0.0,0.0
2020-10-17 03:42:00,11325.5,11325.5,11325.5,11325.5,0.0,0.0
2020-10-17 03:43:00,11325.5,11326.0,11325.5,11326.0,0.424,4802.224
2020-10-17 03:44:00,11326.0,11327.5,11326.0,11327.5,0.185,2095.5875
2020-10-17 03:45:00,11327.5,11331.0,11327.5,11331.0,0.675,7648.425
2020-10-17 03:46:00,11331.0,11331.5,11331.0,11331.5,2.38,26968.97
2020-10-17 03:47:00,11331.5,11335.5,11331.5,11335.5,0.993,11256.1515
2020-10-17 03:48:00,11335.5,11343.0,11335.5,11343.0,2.828,32078.004
2020-10-17 03:49:00,11343.0,11343.0,11343.0,11343.0,0.692,7849.356
2020-10-17 03:50:00,11343.0,11346.0,11343.0,11346.0,1.476,16746.696
2020-10-17 03:51:00,11346.0,11346.0,11346.0,11346.0,0.25,2836.5
2020-10-17 03:52:00,11346.0,11346.0,11345.5,11345.5,2.0,22691.0
2020-10-17 03:53:00,11345.5,11345.5,11345.5,11345.5,0.023,260.9465
2020-10-17 03:54:00,11345.5,11345.5,11345.5,11345.5,0.0,0.0
2020-10-17 03:55:00,11345.5,11345.5,11345.5,11345.5,0.0,0.0
2020-10-17 03:56:00,11345.5,11345.5,11345.5,11345.5,0.8,9076.4
2020-10-17 03:57:00,11345.5,11346.0,11345.5,11345.5,0.002,22.691
2020-10-17 03:58:00,11345.5,11345.5,11345.5,11345.5,0.0,0.0
2020-10-17 03:59:00,11345.5,11345.5,11345.5,11345.5,0.0,0.0
2020-10-17 04:00:00,11345.5,11346.5,11345.5,11346.5,0.686,7783.699
2020-10-17 04:01:00,11346.5,11347.0,11346.5,11347.0,0.023,260.981
2020-10-17 04:02:00,11347.0,11347.0,11344.5,11344.5,0.808,9166.356
2020-10-17 04:03:00,11344.5,11344.5,11342.5,11342.5,0.192,2177.76
2020-10-17 04:04:00,11342.5,11342.5,11342.5,11342.5,0.0,0.0
2020-10-17 04:05:00,11342.5,11342.5,11342.5,11342.5,0.0,0.0
2020-10-17 04:06:00,11342.5,11343.0,11342.5,11343.0,0.094,1066.242
2020-10-17 04:07:00,11343.0,11345.0,11343.0,11344.5,0.113,1281.9285
2020-10-17 04:08:00,11344.5,11344.5,11344.5,11344.5,0.0,0.0
2020-10-17 04:09:00,11344.5,11344.5,11344.5,11344.5,0.0,0.0
2020-10-17 04:10:00,11344.5,11344.5,11344.5,11344.5,0.0,0.0
2020-10-17 04:11:00,11344.5,11344.5,11344.5,11344.5,0.0,0.0
2020-10-17 04:12:00,11344.5,11344.5,11344.5,11344.5,0.0,0.0
2020-10-17 04:13:00,11344.5,11344.5,11344.5,11344.5,0.0,0.0
2020-10-17 04:14:00,11344.5,11344.5,11344.5,11344.5,0.0,0.0
2020-10-17 04:15:00,11344.5,11344.5,11344.5,11344.5,0.0,0.0
2020-10-17 04:16:00,11344.5,11344.5,11344.5,11344.5,0.0,0.0
2020-10-17 04:17:00,11344.5,11345.0,11344.5,11344.5,0.002,22.689
2020-10-17 04:18:00,11344.5,11344.5,11344.5,11344.5,0.651,7385.2695
2020-10-17 04:19:00,11344.5,11344.5,11344.5,11344.5,0.0,0.0
2020-10-17 04:20:00,11344.5,11344.5,11344.5,11344.5,0.0,0.0
2020-10-17 04:21:00,11344.5,11344.5,11343.5,11343.5,0.003,34.0305
2020-10-17 04:22:00,11343.5,11343.5,11343.5,11343.5,0.0,0.0
2020-10-17 04:23:00,11343.5,11343.5,11343.5,11343.5,0.0,0.0
2020-10-17 04:24:00,11343.5,11343.5,11343.5,11343.5,0.0,0.0
2020-10-17 04:25:00,11343.5,11343.5,11343.5,11343.5,0.0,0.0
2020-10-17 04:26:00,11343.5,11343.5,11343.5,11343.5,0.3,3403.05
2020-10-17 04:27:00,11343.5,11343.5,11343.0,11343.0,0.002,22.686
2020-10-17 04:28:00,11343.0,11343.0,11343.0,11343.0,0.329,3731.847
2020-10-17 04:29:00,11343.0,11343.0,11343.0,11343.0,0.0,0.0
2020-10-17 04:30:00,11343.0,11347.0,11343.0,11347.0,3.671,41654.837
2020-10-17 04:31:00,11347.0,11347.0,11347.0,11347.0,0.0,0.0
2020-10-17 04:32:00,11347.0,11347.0,11346.5,11346.5,0.3,3403.95
2020-10-17 04:33:00,11346.5,11346.5,11344.0,11344.0,1.17,13272.48
2020-10-17 04:34:00,11344.0,11344.0,11344.0,11344.0,0.0,0.0
2020-10-17 04:35:00,11344.0,11344.0,11344.0,11344.0,0.101,1145.744
2020-10-17 04:36:00,11344.0,11344.0,11344.0,11344.0,0.0,0.0
2020-10-17 04:37:00,11344.0,11344.5,11344.0,11344.0,0.352,3993.088
2020-10-17 04:38:00,11344.0,11344.0,11340.5,11340.5,1.368,15513.804
2020-10-17 04:39:00,11340.5,11340.5,11340.5,11340.5,0.0,0.0
2020-10-17 04:40:00,11340.5,11340.5,11340.5,11340.5,0.0,0.0
2020-10-17 04:41:00,11340.5,11340.5,11340.5,11340.5,0.0,0.0
2020-10-17 04:42:00,11340.5,11340.5,11340.5,11340.5,0.11,1247.455
2020-10-17 04:43:00,11340.5,11341.0,11340.5,11341.0,4.198,47609.518
2020-10-17 04:44:00,11341.0,11343.0,11341.0,11343.0,4.268,48411.924
2020-10-17 04:45:00,11343.0,11343.5,11343.0,11343.5,0.6,6806.1
2020-10-17 04:46:00,11343.5,11343.5,11343.5,11343.5,0.0,0.0
2020-10-17 04:47:00,11343.5,11343.5,11343.0,11343.0,0.002,22.686
2020-10-17 04:48:00,11343.0,11343.0,11343.0,11343.0,0.0,0.0
2020-10-17 04:49:00,11343.0,11343.5,11343.0,11343.5,0.001,11.3435
2020-10-17 04:50:00,11343.5,11343.5,11343.5,11343.5,0.0,0.0
2020-10-17 04:51:00,11343.5,11343.5,11343.5,11343.5,0.0,0.0
2020-10-17 04:52:00,11343.5,11343.5,11341.0,11341.0,0.984,11159.544
2020-10-17 04:53:00,11341.0,11341.0,11338.0,11338.0,7.187,81486.206
2020-10-17 04:54:00,11338.0,11338.0,11337.5,11337.5,0.003,34.0125
2020-10-17 04:55:00,11337.5,11337.5,11337.5,11337.5,0.003,34.0125
2020-10-17 04:56:00,11337.5,11337.5,11332.0,11332.0,1.154,13077.128
2020-10-17 04:57:00,11332.0,11332.0,11326.5,11326.5,3.234,36629.901
2020-10-17 04:58:00,11326.5,11326.5,11325.5,11325.5,0.1,1132.55
2020-10-17 04:59:00,11325.5,11325.5,11325.5,11325.5,0.197,2231.1235
2020-10-17 05:00:00,11325.5,11326.0,11325.5,11326.0,0.09,1019.34
2020-10-17 05:01:00,11326.0,11330.0,11326.0,11330.0,0.467,5291.11
2020-10-17 05:02:00,11330.0,11332.0,11330.0,11332.0,0.48,5439.36
2020-10-17 05:03:00,11332.0,11332.0,11332.0,11332.0,0.24,2719.68
2020-10-17 05:04:00,11332.0,11340.5,11332.0,11340.5,13.476,152824.578
2020-10-17 05:05:00,11340.5,11341.0,11340.5,11341.0,0.693,7859.313
2020-10-17 05:06:00,11341.0,11341.0,11341.0,11341.0,0.0,0.0
2020-10-17 05:07:00,11341.0,11341.0,11340.0,11340.0,0.393,4456.62
2020-10-17 05:08:00,11340.0,11340.5,11340.0,11340.5,0.101,1145.3905
2020-10-17 05:09:00,11340.5,11340.5,11340.0,11340.0,0.04,453.6
2020-10-17 05:10:00,11340.0,11340.0,11340.0,11340.0,0.0,0.0
2020-10-17 05:11:00,11340.0,11340.0,11340.0,11340.0,1.0,11340.0
2020-10-17 05:12:00,11340.0,11340.5,11340.0,11340.5,0.056,635.068
2020-10-17 05:13:00,11340.5,11340.5,11340.0,11340.0,0.01,113.4
2020-10-17 05:14:00,11340.0,11340.0,11340.0,11340.0,0.0,0.0
2020-10-17 05:15:00,11340.0,11340.0,11340.0,11340.0,0.0,0.0
2020-10-17 05:16:00,11340.0,11340.5,11340.0,11340.5,0.062,703.111
2020-10-17 05:17:00,11340.5,11340.5,11340.0,11340.5,1.478,16761.259
2020-10-17 05:18:00,11340.5,11340.5,11335.5,11335.5,1.287,14588.7885
2020-10-17 05:19:00,11335.5,11335.5,11335.5,11335.5,0.0,0.0
2020-10-17 05:20:00,11335.5,11335.5,11330.0,11330.0,1.0,11330.0
2020-10-17 05:21:00,11330.0,11330.0,11330.0,11330.0,0.0,0.0
2020-10-17 05:22:00,11330.0,11330.0,11317.0,11320.0,10.227,115769.64
2020-10-17 05:23:00,11320.0,11320.0,11316.5,11316.5,0.51,5771.415
2020-10-17 05:24:00,11316.5,11316.5,11316.5,11316.5,0.0,0.0
2020-10-17 05:25:00,11316.5,11318.0,11316.5,11318.0,1.142,12925.156
2020-10-17 05:26:00,11318.0,11318.0,11318.0,11318.0,0.0,0.0
2020-10-17 05:27:00,11318.0,11318.5,11318.0,11318.0,0.002,22.636
2020-10-17 05:28:00,11318.0,11318.0,11318.0,11318.0,0.0,0.0
2020-10-17 05:29:00,11318.0,11318.5,11318.0,11318.5,1.211,13706.7035
2020-10-17 05:30:00,11318.5,11324.0,11318.0,11324.0,4.856,54989.344
2020-10-17 05:31:00,11324.0,11324.0,11324.0,11324.0,1.344,15219.456
2020-10-17 05:32:00,11324.0,11324.0,11323.5,11323.5,1.996,22601.706
2020-10-17 05:33:00,11323.5,11323.5,11320.5,11321.0,3.282,37155.522
2020-10-17 05:34:00,11321.0,11321.0,11320.5,11321.0,0.722,8173.762
2020-10-17 05:35:00,11321.0,11321.0,11321.0,11321.0,0.0,0.0
2020-10-17 05:36:00,11321.0,11321.0,11320.5,11320.5,0.005,56.6025
2020-10-17 05:37:00,11320.5,11320.5,11318.0,11318.0,2.095,23711.21
2020-10-17 05:38:00,11318.0,11318.0,11318.0,11318.0,0.067,758.306
2020-10-17 05:39:00,11318.0,11318.0,11318.0,11318.0,0.0,0.0
2020-10-17 05:40:00,11318.0,11318.0,11318.0,11318.0,0.034,384.812
2020-10-17 05:41:00,11318.0,11318.0,11317.5,11317.5,2.909,32922.6075
2020-10-17 05:42:00,11317.5,11317.5,11317.5,11317.5,0.0,0.0
2020-10-17 05:43:00,11317.5,11317.5,11312.5,11312.5,8.622,97536.375
2020-10-17 05:44:00,11312.5,11312.5,11307.5,11307.5,2.559,28935.8925
2020-10-17 05:45:00,11307.5,11307.5,11306.5,11306.5,2.332,26366.758
2020-10-17 05:46:00,11306.5,11306.5,11306.0,11306.0,0.4,4522.4
2020-10-17 05:47:00,11306.0,11306.5,11306.0,11306.0,0.683,7721.998
2020-10-17 05:48:00,11306.0,11306.0,11306.0,11306.0,0.0,0.0
2020-10-17 05:49:00,11306.0,11309.5,11306.0,11309.5,22.138,250369.711
2020-10-17 05:50:00,11309.5,11316.0,11309.5,11316.0,22.793,257925.588
2020-10-17 05:51:00,11316.0,11316.0,11316.0,11316.0,0.0,0.0
2020-10-17 05:52:00,11316.0,11316.0,11315.0,11315.0,2.187,24745.905
2020-10-17 05:53:00,11315.0,11315.0,11313.5,11313.5,0.48,5430.48
2020-10-17 05:54:00,11313.5,11313.5,11308.5,11308.5,2.825,31946.5125
2020-10-17 05:55:00,11308.5,11308.5,11308.0,11308.5,0.401,4534.7085
2020-10-17 05:56:00,11308.5,11308.5,11308.5,11308.5,0.0,0.0
2020-10-17 05:57:00,11308.5,11308.5,11308.0,11308.0,0.002,22.616
2020-10-17 05:58:00,11308.0,11308.5,11308.0,11308.5,1.085,12269.7225
2020-10-17 05:59:00,11308.5,11308.5,11300.0,11300.0,7.263,82071.9
2020-10-17 06:00:00,11300.0,11300.0,11276.0,11286.5,53.011,598308.6515
2020-10-17 06:01:00,11286.5,11287.0,11286.5,11287.0,6.724,75893.788
2020-10-17 06:02:00,11287.0,11291.5,11287.0,11291.5,13.102,147941.233
2020-10-17 06:03:00,11291.5,11299.0,11291.5,11299.0,5.101,57636.199
2020-10-17 06:04:00,11299.0,11299.0,11289.5,11289.5,12.837,144923.3115
2020-10-17 06:05:00,11289.5,11290.0,11283.0,11283.0,11.112,125376.696
2020-10-17 06:06:00,11283.0,11283.0,11283.0,11283.0,0.0,0.0
2020-10-17 06:07:00,11283.0,11283.5,11283.0,11283.0,0.002,22.566
2020-10-17 06:08:00,11283.0,11285.0,11283.0,11285.0,1.16,13090.6
2020-10-17 06:09:00,11285.0,11287.5,11285.0,11287.5,0.506,5711.475
2020-10-17 06:10:00,11287.5,11287.5,11284.5,11284.5,0.209,2358.4605
2020-10-17 06:11:00,11284.5,11284.5,11284.0,11284.0,0.4,4513.6
2020-10-17 06:12:00,11284.0,11284.5,11284.0,11284.5,0.314,3543.333
2020-10-17 06:13:00,11284.5,11284.5,11284.5,11284.5,0.029,327.2505
2020-10-17 06:14:00,11284.5,11287.5,11284.5,11287.5,1.501,16942.5375
2020-10-17 06:15:00,11287.5,11293.5,11287.5,11293.5,1.543,17425.8705
2020-10-17 06:16:00,11293.5,11293.5,11292.5,11292.5,1.249,14104.3325
2020-10-17 06:17:00,11292.5,11298.0,11292.0,11298.0,2.141,24189.018
2020-10-17 06:18:00,11298.0,11298.5,11298.0,11298.0,0.09,1016.82
2020-10-17 06:19:00,11298.0,11298.0,11298.0,11298.0,0.0,0.0
2020-10-17 06:20:00,11298.0,11298.0,11297.5,11297.5,0.26,2937.35
2020-10-17 06:21:00,11297.5,11297.5,11297.5,11297.5,0.0,0.0
2020-10-17 06:22:00,11297.5,11297.5,11297.5,11297.5,0.019,214.6525
2020-10-17 06:23:00,11297.5,11299.0,11297.5,11299.0,1.109,12530.591
2020-10-17 06:24:00,11299.0,11299.0,11298.5,11298.5,0.883,9976.5755
2020-10-17 06:25:00,11298.5,11298.5,11298.5,11298.5,0.0,0.0
2020-10-17 06:26:00,11298.5,11299.0,11298.5,11299.0,0.2,2259.8
2020-10-17 06:27:00,11299.0,11299.5,11299.0,11299.5,0.897,10135.6515
2020-10-17 06:28:00,11299.5,11299.5,11299.5,11299.5,0.0,0.0
2020-10-17 06:29:00,11299.5,11300.0,11299.5,11300.0,0.123,1389.9
2020-10-17 06:30:00,11300.0,11307.5,11300.0,11307.5,5.923,66974.3225
2020-10-17 06:31:00,11307.5,11307.5,11307.5,11307.5,0.0,0.0
2020-10-17 06:32:00,11307.5,11307.5,11307.5,11307.5,0.057,644.5275
2020-10-17 06:33:00,11307.5,11307.5,11307.0,11307.0,0.008,90.456
2020-10-17 06:34:00,11307.0,11307.0,11307.0,11307.0,0.0,0.0
2020-10-17 06:35:00,11307.0,11307.0,11307.0,11307.0,0.0,0.0
2020-10-17 06:36:00,11307.0,11307.0,11307.0,11307.0,0.0,0.0
2020-10-17 06:37:00,11307.0,11307.5,11307.0,11307.0,0.002,22.614
2020-10-17 06:38:00,11307.0,11307.0,11307.0,11307.0,0.0,0.0
2020-10-17 06:39:00,11307.0,11307.0,11307.0,11307.0,0.0,0.0
2020-10-17 06:40:00,11307.0,11307.0,11307.0,11307.0,0.4,4522.8
2020-10-17 06:41:00,11307.0,11307.0,11307.0,11307.0,0.875,9893.625
2020-10-17 06:42:00,11307.0,11307.0,11307.0,11307.0,0.0,0.0
2020-10-17 06:43:00,11307.0,11307.0,11303.5,11304.0,1.029,11631.816
2020-10-17 06:44:00,11304.0,11304.0,11304.0,11304.0,0.027,305.208
2020-10-17 06:45:00,11304.0,11304.5,11304.0,11304.5,0.411,4646.1495
2020-10-17 06:46:00,11304.5,11307.5,11304.5,11307.5,0.1,1130.75
2020-10-17 06:47:00,11307.5,11308.5,11307.0,11308.5,1.977,22356.9045
2020-10-17 06:48:00,11308.5,11315.0,11308.5,11315.0,0.827,9357.505
2020-10-17 06:49:00,11315.0,11315.0,11315.0,11315.0,0.109,1233.335
2020-10-17 06:50:00,11315.0,11318.0,11315.0,11318.0,2.527,28600.586
2020-10-17 06:51:00,11318.0,11320.0,11318.0,11320.0,5.02,56826.4
2020-10-17 06:52:00,11320.0,11320.0,11320.0,11320.0,0.0,0.0
2020-10-17 06:53:00,11320.0,11320.0,11320.0,11320.0,0.0,0.0
2020-10-17 06:54:00,11320.0,11322.0,11320.0,11322.0,0.748,8468.856
2020-10-17 06:55:00,11322.0,11322.0,11322.0,11322.0,0.0,0.0
2020-10-17 06:56:00,11322.0,11323.0,11322.0,11322.5,0.208,2355.08
2020-10-17 06:57:00,11322.5,11323.5,11322.5,11323.5,1.579,17879.8065
2020-10-17 06:58:00,11323.5,11323.5,11323.5,11323.5,0.0,0.0
2020-10-17 06:59:00,11323.5,11323.5,11323.5,11323.5,0.231,2615.7285
2020-10-17 07:00:00,11323.5,11323.5,11323.5,11323.5,0.0,0.0
2020-10-17 07:01:00,11323.5,11323.5,11323.5,11323.5,0.0,0.0
2020-10-17 07:02:00,11323.5,11324.0,11323.5,11324.0,8.792,99560.608
2020-10-17 07:03:00,11324.0,11324.5,11324.0,11324.0,0.277,3136.748
2020-10-17 07:04:00,11324.0,11324.0,11324.0,11324.0,0.5,5662.0
2020-10-17 07:05:00,11324.0,11324.0,11324.0,11324.0,1.0,11324.0
2020-10-17 07:06:00,11324.0,11324.0,11324.0,11324.0,0.0,0.0
2020-10-17 07:07:00,11324.0,11324.5,11319.0,11319.0,19.619,222067.461
2020-10-17 07:08:00,11319.0,11320.5,11319.0,11320.5,0.273,3090.4965
2020-10-17 07:09:00,11320.5,11322.0,11320.5,11322.0,0.204,2309.688
2020-10-17 07:10:00,11322.0,11322.0,11322.0,11322.0,0.0,0.0
2020-10-17 07:11:00,11322.0,11322.0,11322.0,11322.0,0.0,0.0
2020-10-17 07:12:00,11322.0,11326.5,11322.0,11325.5,3.402,38529.351
2020-10-17 07:13:00,11325.5,11328.5,11325.5,11328.5,9.2,104222.2
2020-10-17 07:14:00,11328.5,11332.0,11328.5,11332.0,4.674,52965.768
2020-10-17 07:15:00,11332.0,11332.0,11332.0,11332.0,0.185,2096.42
2020-10-17 07:16:00,11332.0,11332.0,11332.0,11332.0,0.5,5666.0
2020-10-17 07:17:00,11332.0,11332.5,11332.0,11332.0,0.002,22.664
2020-10-17 07:18:00,11332.0,11332.0,11332.0,11332.0,0.0,0.0
2020-10-17 07:19:00,11332.0,11332.0,11332.0,11332.0,0.0,0.0
2020-10-17 07:20:00,11332.0,11332.0,11332.0,11332.0,0.0,0.0
2020-10-17 07:21:00,11332.0,11332.0,11332.0,11332.0,0.0,0.0
2020-10-17 07:22:00,11332.0,11332.0,11332.0,11332.0,0.0,0.0
2020-10-17 07:23:00,11332.0,11335.0,11332.0,11335.0,0.695,7877.825
2020-10-17 07:24:00,11335.0,11341.0,11335.0,11341.0,2.846,32276.486
2020-10-17 07:25:00,11341.0,11342.5,11341.0,11342.5,2.711,30749.5175
2020-10-17 07:26:00,11342.5,11342.5,11342.5,11342.5,0.103,1168.2775
2020-10-17 07:27:00,11342.5,11343.0,11342.5,11342.5,0.002,22.685
2020-10-17 07:28:00,11342.5,11342.5,11342.5,11342.5,0.0,0.0
2020-10-17 07:29:00,11342.5,11343.0,11337.5,11337.5,4.103,46517.7625
2020-10-17 07:30:00,11337.5,11343.0,11337.5,11343.0,1.435,16277.205
2020-10-17 07:31:00,11343.0,11343.0,11343.0,11343.0,0.0,0.0
2020-10-17 07:32:00,11343.0,11343.0,11342.5,11342.5,0.521,5909.4425
2020-10-17 07:33:00,11342.5,11342.5,11342.5,11342.5,0.0,0.0
2020-10-17 07:34:00,11342.5,11343.0,11342.5,11343.0,0.187,2121.141
2020-10-17 07:35:00,11343.0,11343.0,11340.5,11340.5,3.682,41755.721
2020-10-17 07:36:00,11340.5,11341.0,11338.0,11338.0,0.933,10578.354
2020-10-17 07:37:00,11338.0,11338.0,11337.5,11337.5,0.002,22.675
2020-10-17 07:38:00,11337.5,11337.5,11337.5,11337.5,0.0,0.0
2020-10-17 07:39:00,11337.5,11337.5,11337.5,11337.5,0.0,0.0
2020-10-17 07:40:00,11337.5,11337.5,11337.5,11337.5,0.145,1643.9375
2020-10-17 07:41:00,11337.5,11337.5,11337.5,11337.5,0.0,0.0
2020-10-17 07:42:00,11337.5,11337.5,11333.0,11333.5,1.447,16399.5745
2020-10-17 07:43:00,11333.5,11333.5,11332.5,11332.5,0.036,407.97
2020-10-17 07:44:00,11332.5,11332.5,11332.5,11332.5,0.0,0.0
2020-10-17 07:45:00,11332.5,11332.5,11332.0,11332.0,0.003,33.996
2020-10-17 07:46:00,11332.0,11332.0,11332.0,11332.0,0.0,0.0
2020-10-17 07:47:00,11332.0,11332.5,11332.0,11332.0,0.002,22.664
2020-10-17 07:48:00,11332.0,11332.5,11332.0,11332.5,0.327,3705.7275
2020-10-17 07:49:00,11332.5,11332.5,11332.5,11332.5,0.598,6776.835
2020-10-17 07:50:00,11332.5,11332.5,11332.0,11332.0,1.5,16998.0
2020-10-17 07:51:00,11332.0,11337.5,11332.0,11337.5,3.979,45111.9125
2020-10-17 07:52:00,11337.5,11338.5,11337.0,11338.5,3.205,36339.8925
2020-10-17 07:53:00,11338.5,11340.0,11338.5,11340.0,1.138,12904.92
2020-10-17 07:54:00,11340.0,11340.0,11340.0,11340.0,0.0,0.0
2020-10-17 07:55:00,11340.0,11340.0,11340.0,11340.0,0.0,0.0
2020-10-17 07:56:00,11340.0,11340.0,11339.5,11339.5,0.055,623.6725
2020-10-17 07:57:00,11339.5,11340.5,11339.5,11340.0,1.002,11362.68
2020-10-17 07:58:00,11340.0,11342.0,11340.0,11341.5,0.278,3152.937
2020-10-17 07:59:00,11341.5,11341.5,11341.5,11341.5,0.0,0.0
2020-10-17 08:00:00,11341.5,11346.0,11341.5,11346.0,2.44,27684.24
2020-10-17 08:01:00,11346.0,11346.0,11346.0,11346.0,0.2,2269.2
2020-10-17 08:02:00,11346.0,11346.0,11346.0,11346.0,0.0,0.0
2020-10-17 08:03:00,11346.0,11346.0,11346.0,11346.0,0.25,2836.5
2020-10-17 08:04:00,11346.0,11346.0,11346.0,11346.0,0.822,9326.412
2020-10-17 08:05:00,11346.0,11346.0,11346.0,11346.0,0.038,431.148
2020-10-17 08:06:00,11346.0,11346.0,11346.0,11346.0,0.015,170.19
2020-10-17 08:07:00,11346.0,11346.0,11345.5,11345.5,0.002,22.691
2020-10-17 08:08:00,11345.5,11345.5,11345.5,11345.5,0.003,34.0365
2020-10-17 08:09:00,11345.5,11345.5,11345.5,11345.5,0.0,0.0
2020-10-17 08:10:00,11345.5,11345.5,11345.5,11345.5,0.0,0.0
2020-10-17 08:11:00,11345.5,11345.5,11345.5,11345.5,0.2,2269.1
2020-10-17 08:12:00,11345.5,11345.5,11345.5,11345.5,0.05,567.275
2020-10-17 08:13:00,11345.5,11345.5,11345.5,11345.5,0.0,0.0
2020-10-17 08:14:00,11345.5,11345.5,11345.5,11345.5,3.046,34558.393
2020-10-17 08:15:00,11345.5,11345.5,11345.5,11345.5,0.012,136.146
2020-10-17 08:16:00,11345.5,11345.5,11341.0,11341.0,7.786,88301.026
2020-10-17 08:17:00,11341.0,11341.5,11341.0,11341.0,0.285,3232.185
2020-10-17 08:18:00,11341.0,11341.5,11341.0,11341.0,0.433,4910.653
2020-10-17 08:19:00,11341.0,11341.0,11341.0,11341.0,0.0,0.0
2020-10-17 08:20:00,11341.0,11341.0,11341.0,11341.0,0.089,1009.349
2020-10-17 08:21:00,11341.0,11341.5,11341.0,11341.5,1.055,11965.2825
2020-10-17 08:22:00,11341.5,11341.5,11341.5,11341.5,0.0,0.0
2020-10-17 08:23:00,11341.5,11345.5,11341.5,11345.5,1.351,15327.7705
2020-10-17 08:24:00,11345.5,11346.0,11345.5,11346.0,0.058,658.068
2020-10-17 08:25:00,11346.0,11346.0,11346.0,11346.0,0.0,0.0
2020-10-17 08:26:00,11346.0,11346.0,11345.5,11345.5,0.035,397.0925
2020-10-17 08:27:00,11345.5,11346.0,11345.5,11345.5,0.002,22.691
2020-10-17 08:28:00,11345.5,11346.0,11345.5,11346.0,0.06,680.76
2020-10-17 08:29:00,11346.0,11346.0,11346.0,11346.0,0.035,397.11
2020-10-17 08:30:00,11346.0,11346.0,11346.0,11346.0,0.0,0.0
2020-10-17 08:31:00,11346.0,11346.0,11346.0,11346.0,5.662,64241.052
2020-10-17 08:32:00,11346.0,11346.0,11346.0,11346.0,0.1,1134.6
2020-10-17 08:33:00,11346.0,11346.0,11346.0,11346.0,0.0,0.0
2020-10-17 08:34:00,11346.0,11346.0,11341.0,11341.0,0.92,10433.72
2020-10-17 08:35:00,11341.0,11341.0,11341.0,11341.0,0.2,2268.2
2020-10-17 08:36:00,11341.0,11341.0,11341.0,11341.0,0.0,0.0
2020-10-17 08:37:00,11341.0,11341.0,11338.5,11338.5,0.311,3526.2735
2020-10-17 08:38:00,11338.5,11338.5,11337.0,11337.0,0.074,838.938
2020-10-17 08:39:00,11337.0,11337.0,11336.5,11336.5,11.026,124996.249
2020-10-17 08:40:00,11336.5,11336.5,11336.5,11336.5,7.108,80579.842
2020-10-17 08:41:00,11336.5,11337.0,11336.5,11337.0,1.1,12470.7
2020-10-17 08:42:00,11337.0,11337.0,11337.0,11337.0,0.0,0.0
2020-10-17 08:43:00,11337.0,11337.0,11337.0,11337.0,0.0,0.0
2020-10-17 08:44:00,11337.0,11337.0,11337.0,11337.0,0.0,0.0
2020-10-17 08:45:00,11337.0,11337.0,11337.0,11337.0,0.01,113.37
2020-10-17 08:46:00,11337.0,11337.0,11337.0,11337.0,0.08,906.96
2020-10-17 08:47:00,11337.0,11337.0,11336.5,11336.5,0.002,22.673
2020-10-17 08:48:00,11336.5,11336.5,11336.5,11336.5,0.0,0.0
2020-10-17 08:49:00,11336.5,11336.5,11336.5,11336.5,0.0,0.0
2020-10-17 08:50:00,11336.5,11336.5,11336.5,11336.5,0.0,0.0
2020-10-17 08:51:00,11336.5,11341.0,11336.5,11340.5,0.934,10592.027
2020-10-17 08:52:00,11340.5,11340.5,11340.5,11340.5,0.1,1134.05
2020-10-17 08:53:00,11340.5,11340.5,11340.5,11340.5,0.0,0.0
2020-10-17 08:54:00,11340.5,11340.5,11340.5,11340.5,0.0,0.0
2020-10-17 08:55:00,11340.5,11340.5,11340.5,11340.5,0.0,0.0
2020-10-17 08:56:00,11340.5,11340.5,11340.5,11340.5,0.0,0.0
2020-10-17 08:57:00,11340.5,11341.0,11337.0,11337.0,2.783,31550.871
2020-10-17 08:58:00,11337.0,11337.0,11336.5,11336.5,0.01,113.365
2020-10-17 08:59:00,11336.5,11337.0,11336.5,11337.0,1.201,13615.737
2020-10-17 09:00:00,11337.0,11337.0,11337.0,11337.0,0.0,0.0
2020-10-17 09:01:00,11337.0,11337.0,11337.0,11337.0,1.182,13400.334
2020-10-17 09:02:00,11337.0,11337.0,11337.0,11337.0,0.0,0.0
2020-10-17 09:03:00,11337.0,11337.0,11336.5,11336.5,0.057,646.1805
2020-10-17 09:04:00,11336.5,11340.5,11336.5,11340.5,1.762,19981.961
2020-10-17 09:05:00,11340.5,11340.5,11340.5,11340.5,0.0,0.0
2020-10-17 09:06:00,11340.5,11341.0,11340.0,11341.0,2.976,33750.816
2020-10-17 09:07:00,11341.0,11342.0,11341.0,11342.0,1.754,19893.868
2020-10-17 09:08:00,11342.0,11342.0,11342.0,11342.0,0.0,0.0
2020-10-17 09:09:00,11342.0,11342.5,11342.0,11342.5,3.887,44088.2975
2020-10-17 09:10:00,11342.5,11348.0,11342.5,11345.5,3.377,38313.7535
2020-10-17 09:11:00,11345.5,11350.5,11345.5,11350.5,10.226,116070.213
2020-10-17 09:12:00,11350.5,11350.5,11350.5,11350.5,1.5,17025.75
2020-10-17 09:13:00,11350.5,11351.0,11350.5,11351.0,0.344,3904.744
2020-10-17 09:14:00,11351.0,11352.0,11351.0,11351.5,0.65,7378.475
2020-10-17 09:15:00,11351.5,11352.0,11351.5,11352.0,1.132,12850.464
2020-10-17 09:16:00,11352.0,11356.0,11352.0,11356.0,3.081,34987.836
2020-10-17 09:17:00,11356.0,11356.0,11355.5,11355.5,0.012,136.266
2020-10-17 09:18:00,11355.5,11355.5,11355.5,11355.5,1.48,16806.14
2020-10-17 09:19:00,11355.5,11355.5,11355.5,11355.5,0.0,0.0
2020-10-17 09:20:00,11355.5,11355.5,11355.5,11355.5,1.0,11355.5
2020-10-17 09:21:00,11355.5,11356.0,11355.5,11356.0,0.25,2839.0
2020-10-17 09:22:00,11356.0,11356.0,11356.0,11356.0,0.014,158.984
2020-10-17 09:23:00,11356.0,11356.0,11356.0,11356.0,0.008,90.848
2020-10-17 09:24:00,11356.0,11356.0,11356.0,11356.0,0.0,0.0
2020-10-17 09:25:00,11356.0,11359.5,11356.0,11359.5,41.902,475985.769
2020-10-17 09:26:00,11359.5,11359.5,11359.5,11359.5,0.0,0.0
2020-10-17 09:27:00,11359.5,11360.0,11359.5,11359.5,20.768,235914.096
2020-10-17 09:28:00,11359.5,11361.5,11359.5,11361.5,2.2,24995.3
2020-10-17 09:29:00,11361.5,11362.0,11361.5,11362.0,0.511,5805.982
2020-10-17 09:30:00,11362.0,11362.0,11362.0,11362.0,0.014,159.068
2020-10-17 09:31:00,11362.0,11362.0,11362.0,11362.0,0.0,0.0
2020-10-17 09:32:00,11362.0,11362.0,11362.0,11362.0,0.704,7998.848
2020-10-17 09:33:00,11362.0,11362.0,11362.0,11362.0,0.042,477.204
2020-10-17 09:34:00,11362.0,11362.0,11361.5,11362.0,0.397,4510.714
2020-10-17 09:35:00,11362.0,11362.0,11361.0,11361.0,1.437,16325.757
2020-10-17 09:36:00,11361.0,11361.0,11361.0,11361.0,3.23,36696.03
2020-10-17 09:37:00,11361.0,11361.0,11360.5,11360.5,1.085,12326.1425
2020-10-17 09:38:00,11360.5,11360.5,11359.0,11359.0,21.166,240424.594
2020-10-17 09:39:00,11359.0,11359.0,11359.0,11359.0,0.183,2078.697
2020-10-17 09:40:00,11359.0,11359.0,11359.0,11359.0,1.238,14062.442
2020-10-17 09:41:00,11359.0,11359.0,11359.0,11359.0,0.638,7247.042
2020-10-17 09:42:00,11359.0,11359.0,11359.0,11359.0,0.0,0.0
2020-10-17 09:43:00,11359.0,11359.0,11359.0,11359.0,0.0,0.0
2020-10-17 09:44:00,11359.0,11359.5,11359.0,11359.0,0.761,8644.199
2020-10-17 09:45:00,11359.0,11359.0,11359.0,11359.0,5.21,59180.39
2020-10-17 09:46:00,11359.0,11359.0,11359.0,11359.0,0.094,1067.746
2020-10-17 09:47:00,11359.0,11359.0,11358.5,11358.5,0.591,6712.8735
2020-10-17 09:48:00,11358.5,11358.5,11358.5,11358.5,3.0,34075.5
2020-10-17 09:49:00,11358.5,11358.5,11358.5,11358.5,0.0,0.0
2020-10-17 09:50:00,11358.5,11358.5,11358.5,11358.5,1.0,11358.5
2020-10-17 09:51:00,11358.5,11358.5,11358.5,11358.5,0.0,0.0
2020-10-17 09:52:00,11358.5,11358.5,11358.5,11358.5,0.0,0.0
2020-10-17 09:53:00,11358.5,11358.5,11358.5,11358.5,0.0,0.0
2020-10-17 09:54:00,11358.5,11358.5,11358.5,11358.5,0.0,0.0
2020-10-17 09:55:00,11358.5,11358.5,11358.5,11358.5,2.0,22717.0
2020-10-17 09:56:00,11358.5,11358.5,11358.0,11358.0,0.548,6224.184
2020-10-17 09:57:00,11358.0,11358.5,11355.5,11355.5,7.507,85245.7385
2020-10-17 09:58:00,11355.5,11355.5,11354.5,11354.5,0.168,1907.556
2020-10-17 09:59:00,11354.5,11354.5,11351.5,11351.5,1.871,21238.6565
2020-10-17 10:00:00,11351.5,11351.5,11350.5,11350.5,0.045,510.7725
2020-10-17 10:01:00,11350.5,11350.5,11350.0,11350.0,0.015,170.25
2020-10-17 10:02:00,11350.0,11350.0,11350.0,11350.0,0.034,385.9
2020-10-17 10:03:00,11350.0,11350.0,11350.0,11350.0,0.01,113.5
2020-10-17 10:04:00,11350.0,11350.0,11350.0,11350.0,0.346,3927.1
2020-10-17 10:05:00,11350.0,11350.0,11350.0,11350.0,0.0,0.0
2020-10-17 10:06:00,11350.0,11350.0,11350.0,11350.0,0.001,11.35
2020-10-17 10:07:00,11350.0,11350.5,11350.0,11350.0,0.048,544.8
2020-10-17 10:08:00,11350.0,11350.0,11350.0,11350.0,0.0,0.0
2020-10-17 10:09:00,11350.0,11350.5,11350.0,11350.5,0.02,227.01
2020-10-17 10:10:00,11350.5,11350.5,11350.5,11350.5,0.0,0.0
2020-10-17 10:11:00,11350.5,11350.5,11350.5,11350.5,0.0,0.0
2020-10-17 10:12:00,11350.5,11350.5,11350.0,11350.5,0.546,6197.373
2020-10-17 10:13:00,11350.5,11350.5,11350.5,11350.5,0.084,953.442
2020-10-17 10:14:00,11350.5,11350.5,11348.0,11348.0,2.159,24500.332
2020-10-17 10:15:00,11348.0,11348.0,11347.5,11347.5,0.094,1066.665
2020-10-17 10:16:00,11347.5,11348.0,11347.5,11348.0,0.133,1509.284
2020-10-17 10:17:00,11348.0,11348.0,11347.5,11347.5,0.002,22.695
2020-10-17 10:18:00,11347.5,11348.0,11347.5,11348.0,0.055,624.14
2020-10-17 10:19:00,11348.0,11348.0,11348.0,11348.0,0.0,0.0
2020-10-17 10:20:00,11348.0,11348.0,11348.0,11348.0,0.6,6808.8
2020-10-17 10:21:00,11348.0,11348.0,11348.0,11348.0,0.0,0.0
2020-10-17 10:22:00,11348.0,11348.0,11348.0,11348.0,0.0,0.0
2020-10-17 10:23:00,11348.0,11348.0,11348.0,11348.0,0.0,0.0
2020-10-17 10:24:00,11348.0,11348.0,11347.5,11348.0,0.416,4720.768
2020-10-17 10:25:00,11348.0,11348.0,11348.0,11348.0,0.0,0.0
2020-10-17 10:26:00,11348.0,11348.0,11348.0,11348.0,0.0,0.0
2020-10-17 10:27:00,11348.0,11348.0,11347.5,11347.5,0.002,22.695
2020-10-17 10:28:00,11347.5,11347.5,11347.5,11347.5,0.228,2587.23
2020-10-17 10:29:00,11347.5,11347.5,11347.5,11347.5,0.0,0.0
2020-10-17 10:30:00,11347.5,11347.5,11347.5,11347.5,0.05,567.375
2020-10-17 10:31:00,11347.5,11347.5,11347.5,11347.5,0.074,839.715
2020-10-17 10:32:00,11347.5,11347.5,11347.5,11347.5,0.0,0.0
2020-10-17 10:33:00,11347.5,11347.5,11347.5,11347.5,0.0,0.0
2020-10-17 10:34:00,11347.5,11348.0,11347.5,11348.0,1.074,12187.752
2020-10-17 10:35:00,11348.0,11349.0,11348.0,11349.0,1.634,18544.266
2020-10-17 10:36:00,11349.0,11350.0,11349.0,11350.0,0.078,885.3
2020-10-17 10:37:00,11350.0,11350.5,11349.5,11350.5,1.271,14426.4855
2020-10-17 10:38:00,11350.5,11350.5,11350.5,11350.5,0.0,0.0
2020-10-17 10:39:00,11350.5,11350.5,11350.5,11350.5,0.892,10124.646
2020-10-17 10:40:00,11350.5,11356.5,11350.5,11356.5,5.398,61302.387
2020-10-17 10:41:00,11356.5,11356.5,11356.5,11356.5,0.0,0.0
2020-10-17 10:42:00,11356.5,11356.5,11356.5,11356.5,0.49,5564.685
2020-10-17 10:43:00,11356.5,11356.5,11356.5,11356.5,0.0,0.0
2020-10-17 10:44:00,11356.5,11356.5,11356.5,11356.5,5.581,63380.6265
2020-10-17 10:45:00,11356.5,11356.5,11353.0,11353.0,3.366,38214.198
2020-10-17 10:46:00,11353.0,11353.0,11350.0,11350.0,2.22,25197.0
2020-10-17 10:47:00,11350.0,11350.0,11349.0,11349.0,0.002,22.698
2020-10-17 10:48:00,11349.0,11349.5,11349.0,11349.5,0.073,828.5135
2020-10-17 10:49:00,11349.5,11349.5,11349.5,11349.5,0.0,0.0
2020-10-17 10:50:00,11349.5,11349.5,11349.5,11349.5,0.0,0.0
2020-10-17 10:51:00,11349.5,11349.5,11349.0,11349.0,0.011,124.839
2020-10-17 10:52:00,11349.0,11349.0,11348.5,11348.5,0.116,1316.426
2020-10-17 10:53:00,11348.5,11348.5,11348.0,11348.0,0.022,249.656
2020-10-17 10:54:00,11348.0,11348.0,11348.0,11348.0,0.0,0.0
2020-10-17 10:55:00,11348.0,11348.0,11348.0,11348.0,0.0,0.0
2020-10-17 10:56:00,11348.0,11348.0,11347.5,11347.5,0.069,782.9775
2020-10-17 10:57:00,11347.5,11348.0,11347.0,11347.0,0.869,9860.543
2020-10-17 10:58:00,11347.0,11347.0,11345.0,11345.0,0.034,385.73
2020-10-17 10:59:00,11345.0,11345.0,11343.5,11343.5,1.899,21541.3065
2020-10-17 11:00:00,11343.5,11343.5,11342.5,11342.5,1.018,11546.665
2020-10-17 11:01:00,11342.5,11343.0,11342.5,11343.0,0.097,1100.271
2020-10-17 11:02:00,11343.0,11343.0,11342.5,11342.5,0.372,4219.41
2020-10-17 11:03:00,11342.5,11342.5,11342.5,11342.5,0.0,0.0
2020-10-17 11:04:00,11342.5,11342.5,11342.5,11342.5,0.0,0.0
2020-10-17 11:05:00,11342.5,11342.5,11342.5,11342.5,0.0,0.0
2020-10-17 11:06:00,11342.5,11347.5,11342.5,11347.5,3.758,42643.905
2020-10-17 11:07:00,11347.5,11348.0,11347.5,11347.5,0.002,22.695
2020-10-17 11:08:00,11347.5,11347.5,11347.5,11347.5,0.0,0.0
2020-10-17 11:09:00,11347.5,11347.5,11347.5,11347.5,0.0,0.0
2020-10-17 11:10:00,11347.5,11347.5,11347.5,11347.5,0.0,0.0
2020-10-17 11:11:00,11347.5,11348.0,11347.5,11348.0,0.31,3517.88
2020-10-17 11:12:00,11348.0,11348.0,11347.5,11347.5,6.172,70036.77
2020-10-17 11:13:00,11347.5,11347.5,11347.5,11347.5,0.0,0.0
2020-10-17 11:14:00,11347.5,11347.5,11347.5,11347.5,0.0,0.0
2020-10-17 11:15:00,11347.5,11347.5,11347.5,11347.5,0.05,567.375
2020-10-17 11:16:00,11347.5,11347.5,11347.0,11347.0,5.508,62499.276
2020-10-17 11:17:00,11347.0,11347.5,11347.0,11347.0,0.002,22.694
2020-10-17 11:18:00,11347.0,11347.0,11347.0,11347.0,0.0,0.0
2020-10-17 11:19:00,11347.0,11347.0,11347.0,11347.0,0.02,226.94
2020-10-17 11:20:00,11347.0,11347.0,11347.0,11347.0,0.01,113.47
2020-10-17 11:21:00,11347.0,11347.5,11347.0,11347.5,0.463,5253.8925
2020-10-17 11:22:00,11347.5,11347.5,11347.0,11347.0,0.05,567.35
2020-10-17 11:23:00,11347.0,11347.0,11347.0,11347.0,0.0,0.0
2020-10-17 11:24:00,11347.0,11347.0,11347.0,11347.0,0.0,0.0
2020-10-17 11:25:00,11347.0,11348.5,11347.0,11348.5,3.467,39345.2495
2020-10-17 11:26:00,11348.5,11349.0,11348.5,11349.0,0.48,5447.52
2020-10-17 11:27:00,11349.0,11349.0,11348.5,11348.5,0.002,22.697
2020-10-17 11:28:00,11348.5,11348.5,11348.5,11348.5,0.0,0.0
2020-10-17 11:29:00,11348.5,11348.5,11348.5,11348.5,0.0,0.0
2020-10-17 11:30:00,11348.5,11348.5,11348.5,11348.5,0.0,0.0
2020-10-17 11:31:00,11348.5,11348.5,11348.5,11348.5,0.0,0.0
2020-10-17 11:32:00,11348.5,11348.5,11348.5,11348.5,0.0,0.0
2020-10-17 11:33:00,11348.5,11348.5,11348.5,11348.5,0.0,0.0
2020-10-17 11:34:00,11348.5,11349.0,11348.5,11349.0,0.201,2281.149
2020-10-17 11:35:00,11349.0,11349.0,11349.0,11349.0,0.0,0.0
2020-10-17 11:36:00,11349.0,11349.0,11349.0,11349.0,0.0,0.0
2020-10-17 11:37:00,11349.0,11349.5,11349.0,11349.0,0.002,22.698
2020-10-17 11:38:00,11349.0,11349.0,11349.0,11349.0,0.0,0.0
2020-10-17 11:39:00,11349.0,11349.0,11349.0,11349.0,0.0,0.0
2020-10-17 11:40:00,11349.0,11349.0,11349.0,11349.0,0.0,0.0
2020-10-17 11:41:00,11349.0,11349.0,11349.0,11349.0,0.0,0.0
2020-10-17 11:42:00,11349.0,11349.5,11349.0,11349.5,0.001,11.3495
2020-10-17 11:43:00,11349.5,11349.5,11349.5,11349.5,0.0,0.0
2020-10-17 11:44:00,11349.5,11349.5,11347.0,11347.5,0.355,4028.3625
2020-10-17 11:45:00,11347.5,11347.5,11346.0,11346.0,0.947,10744.662
2020-10-17 11:46:00,11346.0,11346.0,11344.0,11344.0,0.172,1951.168
2020-10-17 11:47:00,11344.0,11344.5,11344.0,11344.0,0.002,22.688
2020-10-17 11:48:00,11344.0,11344.0,11344.0,11344.0,0.0,0.0
2020-10-17 11:49:00,11344.0,11344.0,11344.0,11344.0,0.0,0.0
2020-10-17 11:50:00,11344.0,11344.0,11344.0,11344.0,0.0,0.0
2020-10-17 11:51:00,11344.0,11344.0,11344.0,11344.0,0.0,0.0
2020-10-17 11:52:00,11344.0,11344.0,11344.0,11344.0,0.0,0.0
2020-10-17 11:53:00,11344.0,11344.0,11344.0,11344.0,0.005,56.72
2020-10-17 11:54:00,11344.0,11344.0,11344.0,11344.0,0.0,0.0
2020-10-17 11:55:00,11344.0,11344.0,11344.0,11344.0,0.0,0.0
2020-10-17 11:56:00,11344.0,11355.0,11344.0,11355.0,7.559,85832.445
2020-10-17 11:57:00,11355.0,11359.5,11355.0,11359.5,1.207,13710.9165
2020-10-17 11:58:00,11359.5,11372.0,11359.5,11372.0,12.726,144720.072
2020-10-17 11:59:00,11372.0,11374.0,11372.0,11374.0,2.519,28651.106
2020-10-17 12:00:00,11374.0,11376.0,11374.0,11376.0,5.22,59382.72
2020-10-17 12:01:00,11376.0,11376.0,11376.0,11376.0,0.02,227.52
2020-10-17 12:02:00,11376.0,11376.0,11374.5,11374.5,20.945,238238.9025
2020-10-17 12:03:00,11374.5,11374.5,11368.0,11368.0,0.761,8651.048
2020-10-17 12:04:00,11368.0,11368.0,11361.5,11361.5,1.225,13917.8375
2020-10-17 12:05:00,11361.5,11361.5,11359.0,11359.0,2.115,24024.285
2020-10-17 12:06:00,11359.0,11359.0,11346.5,11346.5,14.333,162629.3845
2020-10-17 12:07:00,11346.5,11346.5,11345.5,11346.0,4.475,50773.35
2020-10-17 12:08:00,11346.0,11346.0,11345.5,11345.5,19.65,222939.075
2020-10-17 12:09:00,11345.5,11345.5,11344.5,11344.5,12.118,137472.651
2020-10-17 12:10:00,11344.5,11344.5,11344.5,11344.5,0.285,3233.1825
2020-10-17 12:11:00,11344.5,11345.0,11344.5,11344.5,0.325,3686.9625
2020-10-17 12:12:00,11344.5,11344.5,11344.5,11344.5,0.0,0.0
2020-10-17 12:13:00,11344.5,11344.5,11344.5,11344.5,0.0,0.0
2020-10-17 12:14:00,11344.5,11344.5,11344.5,11344.5,0.0,0.0
2020-10-17 12:15:00,11344.5,11344.5,11344.5,11344.5,0.0,0.0
2020-10-17 12:16:00,11344.5,11344.5,11344.5,11344.5,0.0,0.0
2020-10-17 12:17:00,11344.5,11345.0,11344.5,11344.5,0.002,22.689
2020-10-17 12:18:00,11344.5,11345.0,11344.5,11345.0,0.05,567.25
2020-10-17 12:19:00,11345.0,11345.0,11345.0,11345.0,0.238,2700.11
2020-10-17 12:20:00,11345.0,11345.0,11345.0,11345.0,0.774,8781.03
2020-10-17 12:21:00,11345.0,11347.5,11345.0,11347.5,0.021,238.2975
2020-10-17 12:22:00,11347.5,11350.0,11347.5,11350.0,1.507,17104.45
2020-10-17 12:23:00,11350.0,11350.0,11350.0,11350.0,0.0,0.0
2020-10-17 12:24:00,11350.0,11350.0,11350.0,11350.0,2.265,25707.75
2020-10-17 12:25:00,11350.0,11350.0,11350.0,11350.0,5.485,62254.75
2020-10-17 12:26:00,11350.0,11350.0,11350.0,11350.0,0.0,0.0
2020-10-17 12:27:00,11350.0,11350.0,11349.5,11349.5,0.002,22.699
2020-10-17 12:28:00,11349.5,11349.5,11349.5,11349.5,0.0,0.0
2020-10-17 12:29:00,11349.5,11349.5,11349.5,11349.5,0.0,0.0
2020-10-17 12:30:00,11349.5,11349.5,11349.5,11349.5,0.352,3995.024
2020-10-17 12:31:00,11349.5,11349.5,11349.5,11349.5,0.0,0.0
2020-10-17 12:32:00,11349.5,11349.5,11349.5,11349.5,0.0,0.0
2020-10-17 12:33:00,11349.5,11349.5,11349.5,11349.5,0.0,0.0
2020-10-17 12:34:00,11349.5,11349.5,11349.5,11349.5,0.0,0.0
2020-10-17 12:35:00,11349.5,11349.5,11349.5,11349.5,0.0,0.0
2020-10-17 12:36:00,11349.5,11349.5,11349.5,11349.5,0.0,0.0
2020-10-17 12:37:00,11349.5,11350.0,11349.5,11350.0,0.045,510.75
2020-10-17 12:38:00,11350.0,11350.0,11350.0,11350.0,0.0,0.0
2020-10-17 12:39:00,11350.0,11350.0,11349.5,11349.5,0.954,10827.423
2020-10-17 12:40:00,11349.5,11349.5,11349.5,11349.5,0.0,0.0
2020-10-17 12:41:00,11349.5,11349.5,11349.5,11349.5,0.0,0.0
2020-10-17 12:42:00,11349.5,11349.5,11349.5,11349.5,0.0,0.0
2020-10-17 12:43:00,11349.5,11349.5,11349.5,11349.5,0.0,0.0
2020-10-17 12:44:00,11349.5,11349.5,11349.5,11349.5,0.0,0.0
2020-10-17 12:45:00,11349.5,11349.5,11349.5,11349.5,0.0,0.0
2020-10-17 12:46:00,11349.5,11349.5,11349.5,11349.5,0.0,0.0
2020-10-17 12:47:00,11349.5,11350.0,11349.5,11349.5,0.002,22.699
2020-10-17 12:48:00,11349.5,11349.5,11349.5,11349.5,0.0,0.0
2020-10-17 12:49:00,11349.5,11350.0,11349.5,11350.0,0.006,68.1
2020-10-17 12:50:00,11350.0,11350.0,11350.0,11350.0,0.847,9613.45
2020-10-17 12:51:00,11350.0,11350.0,11350.0,11350.0,2.304,26150.4
2020-10-17 12:52:00,11350.0,11350.0,11350.0,11350.0,0.0,0.0
2020-10-17 12:53:00,11350.0,11350.0,11349.5,11349.5,0.087,987.4065
2020-10-17 12:54:00,11349.5,11349.5,11348.0,11348.0,1.827,20732.796
2020-10-17 12:55:00,11348.0,11348.0,11346.5,11346.5,1.445,16395.6925
2020-10-17 12:56:00,11346.5,11346.5,11346.5,11346.5,0.0,0.0
2020-10-17 12:57:00,11346.5,11347.0,11346.5,11346.5,0.341,3869.1565
2020-10-17 12:58:00,11346.5,11346.5,11346.5,11346.5,7.37,83623.705
2020-10-17 12:59:00,11346.5,11346.5,11346.5,11346.5,0.0,0.0
2020-10-17 13:00:00,11346.5,11346.5,11346.5,11346.5,0.01,113.465
2020-10-17 13:01:00,11346.5,11346.5,11344.0,11344.0,4.738,53747.872
2020-10-17 13:02:00,11344.0,11344.0,11344.0,11344.0,0.549,6227.856
2020-10-17 13:03:00,11344.0,11344.0,11344.0,11344.0,0.0,0.0
2020-10-17 13:04:00,11344.0,11344.0,11344.0,11344.0,0.0,0.0
2020-10-17 13:05:00,11344.0,11345.5,11344.0,11345.5,4.099,46505.2045
2020-10-17 13:06:00,11345.5,11349.5,11345.5,11349.5,9.089,103155.6055
2020-10-17 13:07:00,11349.5,11350.0,11349.5,11349.5,0.002,22.699
2020-10-17 13:08:00,11349.5,11349.5,11349.5,11349.5,0.0,0.0
2020-10-17 13:09:00,11349.5,11349.5,11349.5,11349.5,0.0,0.0
2020-10-17 13:10:00,11349.5,11351.0,11349.5,11351.0,0.24,2724.24
2020-10-17 13:11:00,11351.0,11354.0,11351.0,11354.0,0.981,11138.274
2020-10-17 13:12:00,11354.0,11354.0,11354.0,11354.0,0.646,7334.684
2020-10-17 13:13:00,11354.0,11354.0,11354.0,11354.0,0.0,0.0
2020-10-17 13:14:00,11354.0,11354.0,11354.0,11354.0,0.0,0.0
2020-10-17 13:15:00,11354.0,11354.0,11354.0,11354.0,0.0,0.0
2020-10-17 13:16:00,11354.0,11355.0,11354.0,11355.0,0.101,1146.855
2020-10-17 13:17:00,11355.0,11355.5,11355.0,11355.5,0.197,2237.0335
2020-10-17 13:18:00,11355.5,11355.5,11355.5,11355.5,0.0,0.0
2020-10-17 13:19:00,11355.5,11355.5,11355.5,11355.5,0.122,1385.371
2020-10-17 13:20:00,11355.5,11355.5,11355.5,11355.5,0.0,0.0
2020-10-17 13:21:00,11355.5,11355.5,11349.5,11349.5,7.311,82976.1945
2020-10-17 13:22:00,11349.5,11349.5,11349.5,11349.5,0.0,0.0
2020-10-17 13:23:00,11349.5,11349.5,11349.5,11349.5,0.0,0.0
2020-10-17 13:24:00,11349.5,11349.5,11349.5,11349.5,0.0,0.0
2020-10-17 13:25:00,11349.5,11349.5,11349.5,11349.5,0.0,0.0
2020-10-17 13:26:00,11349.5,11349.5,11349.5,11349.5,0.0,0.0
2020-10-17 13:27:00,11349.5,11350.0,11349.5,11349.5,0.002,22.699
2020-10-17 13:28:00,11349.5,11349.5,11349.5,11349.5,0.0,0.0
2020-10-17 13:29:00,11349.5,11349.5,11348.0,11348.5,1.473,16716.3405
2020-10-17 13:30:00,11348.5,11348.5,11348.5,11348.5,0.028,317.758
2020-10-17 13:31:00,11348.5,11348.5,11348.5,11348.5,0.0,0.0
2020-10-17 13:32:00,11348.5,11348.5,11348.0,11348.0,0.252,2859.696
2020-10-17 13:33:00,11348.0,11349.5,11348.0,11349.5,0.439,4982.4305
2020-10-17 13:34:00,11349.5,11350.0,11349.5,11350.0,0.051,578.85
2020-10-17 13:35:00,11350.0,11350.5,11350.0,11350.5,0.721,8183.7105
2020-10-17 13:36:00,11350.5,11352.5,11350.0,11352.5,1.621,18402.4025
2020-10-17 13:37:00,11352.5,11352.5,11352.0,11352.0,0.501,5687.352
2020-10-17 13:38:00,11352.0,11353.0,11352.0,11352.5,0.375,4257.1875
2020-10-17 13:39:00,11352.5,11353.0,11352.5,11353.0,0.339,3848.667
2020-10-17 13:40:00,11353.0,11353.0,11353.0,11353.0,0.0,0.0
2020-10-17 13:41:00,11353.0,11353.0,11353.0,11353.0,0.0,0.0
2020-10-17 13:42:00,11353.0,11353.0,11352.5,11352.5,0.02,227.05
2020-10-17 13:43:00,11352.5,11352.5,11352.5,11352.5,0.0,0.0
2020-10-17 13:44:00,11352.5,11352.5,11352.5,11352.5,0.0,0.0
2020-10-17 13:45:00,11352.5,11352.5,11352.0,11352.0,0.329,3734.808
2020-10-17 13:46:00,11352.0,11352.0,11350.0,11350.0,2.666,30259.1
2020-10-17 13:47:00,11350.0,11350.0,11349.5,11349.5,2.42,27465.79
2020-10-17 13:48:00,11349.5,11349.5,11349.0,11349.0,0.1,1134.9
2020-10-17 13:49:00,11349.0,11349.0,11349.0,11349.0,0.0,0.0
2020-10-17 13:50:00,11349.0,11349.0,11339.5,11340.0,8.777,99531.18
2020-10-17 13:51:00,11340.0,11340.0,11339.5,11339.5,2.59,29369.305
2020-10-17 13:52:00,11339.5,11339.5,11339.5,11339.5,0.0,0.0
2020-10-17 13:53:00,11339.5,11340.0,11339.5,11340.0,1.112,12610.08
2020-10-17 13:54:00,11340.0,11341.0,11340.0,11341.0,1.394,15809.354
2020-10-17 13:55:00,11341.0,11341.5,11341.0,11341.5,1.234,13995.411
2020-10-17 13:56:00,11341.5,11342.0,11341.5,11342.0,1.3,14744.6
2020-10-17 13:57:00,11342.0,11342.5,11342.0,11342.0,0.014,158.788
2020-10-17 13:58:00,11342.0,11342.0,11341.5,11341.5,0.388,4400.502
2020-10-17 13:59:00,11341.5,11341.5,11341.5,11341.5,0.0,0.0
2020-10-17 14:00:00,11341.5,11341.5,11341.0,11341.0,0.202,2290.882
2020-10-17 14:01:00,11341.0,11341.0,11341.0,11341.0,0.0,0.0
2020-10-17 14:02:00,11341.0,11341.0,11341.0,11341.0,0.0,0.0
2020-10-17 14:03:00,11341.0,11341.0,11341.0,11341.0,0.0,0.0
2020-10-17 14:04:00,11341.0,11341.5,11341.0,11341.5,5.0,56707.5
2020-10-17 14:05:00,11341.5,11342.0,11341.5,11342.0,0.435,4933.77
2020-10-17 14:06:00,11342.0,11342.0,11341.5,11341.5,0.193,2188.9095
2020-10-17 14:07:00,11341.5,11342.0,11341.5,11342.0,21.343,242072.306
2020-10-17 14:08:00,11342.0,11342.0,11342.0,11342.0,1.665,18884.43
2020-10-17 14:09:00,11342.0,11342.0,11341.5,11341.5,0.07,793.905
2020-10-17 14:10:00,11341.5,11341.5,11341.0,11341.0,10.266,116426.706
2020-10-17 14:11:00,11341.0,11341.5,11341.0,11341.5,0.38,4309.77
2020-10-17 14:12:00,11341.5,11341.5,11341.0,11341.0,1.194,13541.154
2020-10-17 14:13:00,11341.0,11341.0,11341.0,11341.0,0.0,0.0
2020-10-17 14:14:00,11341.0,11341.0,11341.0,11341.0,0.0,0.0
2020-10-17 14:15:00,11341.0,11341.0,11341.0,11341.0,1.659,18814.719
2020-10-17 14:16:00,11341.0,11341.0,11340.0,11340.0,0.63,7144.2
2020-10-17 14:17:00,11340.0,11340.0,11339.5,11339.5,0.194,2199.863
2020-10-17 14:18:00,11339.5,11339.5,11339.5,11339.5,0.0,0.0
2020-10-17 14:19:00,11339.5,11339.5,11339.5,11339.5,0.0,0.0
2020-10-17 14:20:00,11339.5,11339.5,11339.5,11339.5,0.0,0.0
2020-10-17 14:21:00,11339.5,11339.5,11339.5,11339.5,0.0,0.0
2020-10-17 14:22:00,11339.5,11339.5,11339.0,11339.0,1.557,17654.823
2020-10-17 14:23:00,11339.0,11339.0,11337.0,11337.0,1.717,19465.629
2020-10-17 14:24:00,11337.0,11337.0,11335.0,11335.0,0.784,8886.64
2020-10-17 14:25:00,11335.0,11335.0,11326.0,11326.5,6.66,75434.49
2020-10-17 14:26:00,11326.5,11326.5,11325.0,11325.0,11.719,132717.675
2020-10-17 14:27:00,11325.0,11325.0,11324.5,11324.5,0.707,8006.4215
2020-10-17 14:28:00,11324.5,11324.5,11324.5,11324.5,0.0,0.0
2020-10-17 14:29:00,11324.5,11324.5,11324.5,11324.5,0.0,0.0
2020-10-17 14:30:00,11324.5,11324.5,11322.0,11322.0,1.609,18217.098
2020-10-17 14:31:00,11322.0,11322.5,11322.0,11322.5,5.442,61617.045
2020-10-17 14:32:00,11322.5,11322.5,11322.5,11322.5,0.05,566.125
2020-10-17 14:33:00,11322.5,11322.5,11322.5,11322.5,0.0,0.0
2020-10-17 14:34:00,11322.5,11322.5,11322.0,11322.0,0.18,2037.96
2020-10-17 14:35:00,11322.0,11322.0,11322.0,11322.0,0.0,0.0
2020-10-17 14:36:00,11322.0,11322.0,11322.0,11322.0,0.0,0.0
2020-10-17 14:37:00,11322.0,11324.0,11322.0,11324.0,5.581,63199.244
2020-10-17 14:38:00,11324.0,11326.5,11324.0,11326.5,5.208,58988.412
2020-10-17 14:39:00,11326.5,11327.5,11326.5,11327.5,0.55,6230.125
2020-10-17 14:40:00,11327.5,11327.5,11326.5,11326.5,0.849,9616.1985
2020-10-17 14:41:00,11326.5,11326.5,11326.0,11326.0,1.577,17861.102
2020-10-17 14:42:00,11326.0,11326.5,11326.0,11326.5,0.147,1664.9955
2020-10-17 14:43:00,11326.5,11326.5,11326.0,11326.5,0.11,1245.915
2020-10-17 14:44:00,11326.5,11326.5,11326.5,11326.5,0.022,249.183
2020-10-17 14:45:00,11326.5,11326.5,11326.5,11326.5,0.0,0.0
2020-10-17 14:46:00,11326.5,11326.5,11326.5,11326.5,0.0,0.0
2020-10-17 14:47:00,11326.5,11326.5,11326.0,11326.5,2.462,27885.843
2020-10-17 14:48:00,11326.5,11326.5,11326.5,11326.5,0.0,0.0
2020-10-17 14:49:00,11326.5,11326.5,11326.5,11326.5,0.0,0.0
2020-10-17 14:50:00,11326.5,11328.5,11326.5,11328.5,0.323,3659.1055
2020-10-17 14:51:00,11328.5,11328.5,11328.5,11328.5,0.0,0.0
2020-10-17 14:52:00,11328.5,11328.5,11328.5,11328.5,0.0,0.0
2020-10-17 14:53:00,11328.5,11328.5,11328.5,11328.5,0.0,0.0
2020-10-17 14:54:00,11328.5,11328.5,11328.0,11328.0,0.045,509.76
2020-10-17 14:55:00,11328.0,11328.5,11328.0,11328.5,0.08,906.28
2020-10-17 14:56:00,11328.5,11328.5,11328.5,11328.5,0.2,2265.7
2020-10-17 14:57:00,11328.5,11328.5,11328.0,11328.0,0.375,4248.0
2020-10-17 14:58:00,11328.0,11328.0,11328.0,11328.0,0.128,1449.984
2020-10-17 14:59:00,11328.0,11328.0,11328.0,11328.0,0.067,758.976
2020-10-17 15:00:00,11328.0,11328.0,11328.0,11328.0,0.604,6842.112
2020-10-17 15:01:00,11328.0,11328.0,11321.5,11321.5,2.211,25031.8365
2020-10-17 15:02:00,11321.5,11321.5,11318.0,11318.0,13.704,155101.872
2020-10-17 15:03:00,11318.0,11318.0,11317.5,11317.5,2.368,26799.84
2020-10-17 15:04:00,11317.5,11317.5,11317.5,11317.5,0.0,0.0
2020-10-17 15:05:00,11317.5,11317.5,11317.5,11317.5,0.606,6858.405
2020-10-17 15:06:00,11317.5,11318.0,11317.5,11318.0,0.163,1844.834
2020-10-17 15:07:00,11318.0,11318.0,11317.5,11318.0,0.302,3418.036
2020-10-17 15:08:00,11318.0,11318.0,11318.0,11318.0,0.131,1482.658
2020-10-17 15:09:00,11318.0,11318.0,11318.0,11318.0,0.0,0.0
2020-10-17 15:10:00,11318.0,11318.0,11318.0,11318.0,0.0,0.0
2020-10-17 15:11:00,11318.0,11318.0,11318.0,11318.0,0.0,0.0
2020-10-17 15:12:00,11318.0,11318.0,11318.0,11318.0,1.267,14339.906
2020-10-17 15:13:00,11318.0,11319.5,11318.0,11319.5,11.044,125012.558
2020-10-17 15:14:00,11319.5,11320.0,11319.5,11320.0,1.236,13991.52
2020-10-17 15:15:00,11320.0,11323.0,11320.0,11323.0,1.872,21196.656
2020-10-17 15:16:00,11323.0,11323.0,11323.0,11323.0,0.16,1811.68
2020-10-17 15:17:00,11323.0,11323.0,11322.5,11322.5,0.002,22.645
2020-10-17 15:18:00,11322.5,11325.0,11322.5,11325.0,0.068,770.1
2020-10-17 15:19:00,11325.0,11325.5,11325.0,11325.5,0.002,22.651
2020-10-17 15:20:00,11325.5,11325.5,11325.5,11325.5,0.005,56.6275
2020-10-17 15:21:00,11325.5,11325.5,11325.0,11325.0,0.375,4246.875
2020-10-17 15:22:00,11325.0,11328.0,11325.0,11328.0,0.553,6264.384
2020-10-17 15:23:00,11328.0,11331.0,11328.0,11331.0,0.003,33.993
2020-10-17 15:24:00,11331.0,11336.0,11331.0,11336.0,1.394,15802.384
2020-10-17 15:25:00,11336.0,11340.0,11336.0,11339.5,3.71,42069.545
2020-10-17 15:26:00,11339.5,11339.5,11339.5,11339.5,0.038,430.901
2020-10-17 15:27:00,11339.5,11340.0,11339.5,11340.0,0.134,1519.56
2020-10-17 15:28:00,11340.0,11340.0,11340.0,11340.0,0.046,521.64
2020-10-17 15:29:00,11340.0,11340.0,11340.0,11340.0,0.0,0.0
2020-10-17 15:30:00,11340.0,11340.0,11339.5,11339.5,0.013,147.4135
2020-10-17 15:31:00,11339.5,11340.0,11339.5,11340.0,0.748,8482.32
2020-10-17 15:32:00,11340.0,11340.0,11339.5,11340.0,0.216,2449.44
2020-10-17 15:33:00,11340.0,11340.0,11339.5,11340.0,0.502,5692.68
2020-10-17 15:34:00,11340.0,11340.0,11340.0,11340.0,0.015,170.1
2020-10-17 15:35:00,11340.0,11341.0,11340.0,11341.0,1.703,19313.723
2020-10-17 15:36:00,11341.0,11341.0,11341.0,11341.0,1.618,18349.738
2020-10-17 15:37:00,11341.0,11341.5,11341.0,11341.0,0.016,181.456
2020-10-17 15:38:00,11341.0,11341.0,11340.5,11340.5,0.48,5443.44
2020-10-17 15:39:00,11340.5,11341.0,11340.5,11341.0,0.35,3969.35
2020-10-17 15:40:00,11341.0,11341.0,11340.5,11340.5,0.046,521.663
2020-10-17 15:41:00,11340.5,11340.5,11340.5,11340.5,0.0,0.0
2020-10-17 15:42:00,11340.5,11341.0,11340.5,11341.0,0.07,793.87
2020-10-17 15:43:00,11341.0,11341.0,11341.0,11341.0,0.0,0.0
2020-10-17 15:44:00,11341.0,11341.0,11341.0,11341.0,0.087,986.667
2020-10-17 15:45:00,11341.0,11341.0,11341.0,11341.0,0.087,986.667
2020-10-17 15:46:00,11341.0,11341.0,11341.0,11341.0,0.0,0.0
2020-10-17 15:47:00,11341.0,11341.0,11340.5,11340.5,0.002,22.681
2020-10-17 15:48:00,11340.5,11340.5,11340.5,11340.5,0.0,0.0
2020-10-17 15:49:00,11340.5,11340.5,11340.5,11340.5,0.0,0.0
2020-10-17 15:50:00,11340.5,11341.0,11340.5,11341.0,0.5,5670.5
2020-10-17 15:51:00,11341.0,11342.0,11341.0,11342.0,0.068,771.256
2020-10-17 15:52:00,11342.0,11342.5,11342.0,11342.5,0.64,7259.2
2020-10-17 15:53:00,11342.5,11342.5,11342.5,11342.5,0.0,0.0
2020-10-17 15:54:00,11342.5,11342.5,11342.5,11342.5,0.0,0.0
2020-10-17 15:55:00,11342.5,11342.5,11342.5,11342.5,0.0,0.0
2020-10-17 15:56:00,11342.5,11342.5,11342.5,11342.5,0.001,11.3425
2020-10-17 15:57:00,11342.5,11342.5,11342.0,11342.0,0.002,22.684
2020-10-17 15:58:00,11342.0,11342.0,11342.0,11342.0,0.8,9073.6
2020-10-17 15:59:00,11342.0,11342.5,11342.0,11342.5,1.292,14654.51
2020-10-17 16:00:00,11342.5,11342.5,11342.5,11342.5,0.0,0.0
2020-10-17 16:01:00,11342.5,11342.5,11342.5,11342.5,0.0,0.0
2020-10-17 16:02:00,11342.5,11342.5,11342.0,11342.0,0.05,567.1
2020-10-17 16:03:00,11342.0,11342.0,11342.0,11342.0,0.0,0.0
2020-10-17 16:04:00,11342.0,11342.0,11342.0,11342.0,0.145,1644.59
2020-10-17 16:05:00,11342.0,11342.0,11342.0,11342.0,0.05,567.1
2020-10-17 16:06:00,11342.0,11342.0,11341.5,11341.5,11.12,126117.48
2020-10-17 16:07:00,11341.5,11341.5,11341.0,11341.0,0.229,2597.089
2020-10-17 16:08:00,11341.0,11341.0,11341.0,11341.0,0.0,0.0
2020-10-17 16:09:00,11341.0,11341.0,11341.0,11341.0,0.0,0.0
2020-10-17 16:10:00,11341.0,11341.0,11340.0,11340.0,0.329,3730.86
2020-10-17 16:11:00,11340.0,11340.0,11337.5,11337.5,13.078,148271.825
2020-10-17 16:12:00,11337.5,11337.5,11337.5,11337.5,0.0,0.0
2020-10-17 16:13:00,11337.5,11337.5,11337.0,11337.0,0.144,1632.528
2020-10-17 16:14:00,11337.0,11337.0,11337.0,11337.0,1.371,15543.027
2020-10-17 16:15:00,11337.0,11341.0,11337.0,11340.5,9.842,111613.201
2020-10-17 16:16:00,11340.5,11340.5,11340.5,11340.5,0.0,0.0
2020-10-17 16:17:00,11340.5,11341.0,11340.5,11340.5,0.002,22.681
2020-10-17 16:18:00,11340.5,11340.5,11340.5,11340.5,0.0,0.0
2020-10-17 16:19:00,11340.5,11340.5,11340.5,11340.5,0.0,0.0
2020-10-17 16:20:00,11340.5,11343.0,11340.5,11343.0,5.479,62148.297
2020-10-17 16:21:00,11343.0,11343.5,11343.0,11343.5,5.5,62389.25
2020-10-17 16:22:00,11343.5,11344.5,11343.5,11344.5,23.765,269602.0425
2020-10-17 16:23:00,11344.5,11344.5,11344.5,11344.5,0.0,0.0
2020-10-17 16:24:00,11344.5,11345.0,11344.5,11344.5,6.019,68282.5455
2020-10-17 16:25:00,11344.5,11345.5,11344.5,11345.0,15.002,170197.69
2020-10-17 16:26:00,11345.0,11345.0,11345.0,11345.0,0.0,0.0
2020-10-17 16:27:00,11345.0,11345.5,11345.0,11345.5,5.934,67324.197
2020-10-17 16:28:00,11345.5,11345.5,11345.5,11345.5,0.0,0.0
2020-10-17 16:29:00,11345.5,11345.5,11345.5,11345.5,0.0,0.0
2020-10-17 16:30:00,11345.5,11345.5,11345.5,11345.5,3.177,36044.6535
2020-10-17 16:31:00,11345.5,11345.5,11345.0,11345.0,1.606,18220.07
2020-10-17 16:32:00,11345.0,11345.0,11345.0,11345.0,0.0,0.0
2020-10-17 16:33:00,11345.0,11345.0,11345.0,11345.0,0.0,0.0
2020-10-17 16:34:00,11345.0,11345.0,11345.0,11345.0,0.0,0.0
2020-10-17 16:35:00,11345.0,11345.0,11345.0,11345.0,0.0,0.0
2020-10-17 16:36:00,11345.0,11345.0,11345.0,11345.0,0.0,0.0
2020-10-17 16:37:00,11345.0,11345.0,11344.5,11344.5,0.002,22.689
2020-10-17 16:38:00,11344.5,11345.0,11344.5,11345.0,0.004,45.38
2020-10-17 16:39:00,11345.0,11345.0,11344.5,11344.5,2.001,22700.3445
2020-10-17 16:40:00,11344.5,11344.5,11344.5,11344.5,0.0,0.0
2020-10-17 16:41:00,11344.5,11345.5,11344.5,11345.5,10.0,113455.0
2020-10-17 16:42:00,11345.5,11346.0,11345.5,11345.5,10.059,114124.3845
2020-10-17 16:43:00,11345.5,11345.5,11345.5,11345.5,0.0,0.0
2020-10-17 16:44:00,11345.5,11345.5,11345.5,11345.5,0.0,0.0
2020-10-17 16:45:00,11345.5,11345.5,11345.5,11345.5,0.105,1191.2775
2020-10-17 16:46:00,11345.5,11345.5,11345.5,11345.5,0.0,0.0
2020-10-17 16:47:00,11345.5,11346.0,11345.5,11345.5,0.404,4583.582
2020-10-17 16:48:00,11345.5,11346.0,11345.5,11346.0,0.1,1134.6
2020-10-17 16:49:00,11346.0,11346.0,11346.0,11346.0,0.0,0.0
2020-10-17 16:50:00,11346.0,11346.0,11346.0,11346.0,0.05,567.3
2020-10-17 16:51:00,11346.0,11346.0,11346.0,11346.0,0.017,192.882
2020-10-17 16:52:00,11346.0,11346.0,11346.0,11346.0,0.0,0.0
2020-10-17 16:53:00,11346.0,11346.0,11345.0,11345.0,0.116,1316.02
2020-10-17 16:54:00,11345.0,11345.0,11345.0,11345.0,0.0,0.0
2020-10-17 16:55:00,11345.0,11345.0,11345.0,11345.0,0.0,0.0
2020-10-17 16:56:00,11345.0,11345.0,11345.0,11345.0,0.0,0.0
2020-10-17 16:57:00,11345.0,11345.5,11345.0,11345.0,0.002,22.69
2020-10-17 16:58:00,11345.0,11345.5,11345.0,11345.5,0.027,306.3285
2020-10-17 16:59:00,11345.5,11345.5,11345.5,11345.5,3.177,36044.6535
2020-10-17 17:00:00,11345.5,11345.5,11345.5,11345.5,4.0,45382.0
2020-10-17 17:01:00,11345.5,11345.5,11345.5,11345.5,0.25,2836.375
2020-10-17 17:02:00,11345.5,11345.5,11345.5,11345.5,0.0,0.0
2020-10-17 17:03:00,11345.5,11348.5,11345.5,11348.5,2.848,32320.528
2020-10-17 17:04:00,11348.5,11352.5,11348.5,11352.5,8.317,94418.7425
2020-10-17 17:05:00,11352.5,11353.0,11352.5,11353.0,0.086,976.358
2020-10-17 17:06:00,11353.0,11353.0,11353.0,11353.0,0.0,0.0
2020-10-17 17:07:00,11353.0,11353.0,11352.5,11352.5,0.002,22.705
2020-10-17 17:08:00,11352.5,11352.5,11352.5,11352.5,0.0,0.0
2020-10-17 17:09:00,11352.5,11352.5,11352.5,11352.5,0.0,0.0
2020-10-17 17:10:00,11352.5,11352.5,11352.5,11352.5,0.0,0.0
2020-10-17 17:11:00,11352.5,11352.5,11352.5,11352.5,0.0,0.0
2020-10-17 17:12:00,11352.5,11353.0,11352.5,11353.0,0.01,113.53
2020-10-17 17:13:00,11353.0,11353.0,11350.0,11350.0,0.903,10249.05
2020-10-17 17:14:00,11350.0,11351.0,11350.0,11350.5,0.002,22.701
2020-10-17 17:15:00,11350.5,11350.5,11350.0,11350.0,0.035,397.25
2020-10-17 17:16:00,11350.0,11350.0,11350.0,11350.0,0.0,0.0
2020-10-17 17:17:00,11350.0,11350.5,11350.0,11350.0,0.599,6798.65
2020-10-17 17:18:00,11350.0,11350.0,11349.0,11349.0,4.113,46678.437
2020-10-17 17:19:00,11349.0,11349.0,11349.0,11349.0,0.0,0.0
2020-10-17 17:20:00,11349.0,11349.0,11347.5,11347.5,0.706,8011.335
2020-10-17 17:21:00,11347.5,11347.5,11347.5,11347.5,0.0,0.0
2020-10-17 17:22:00,11347.5,11347.5,11346.5,11346.5,0.08,907.72
2020-10-17 17:23:00,11346.5,11346.5,11345.5,11345.5,0.556,6308.098
2020-10-17 17:24:00,11345.5,11345.5,11343.5,11343.5,5.435,61651.9225
2020-10-17 17:25:00,11343.5,11343.5,11342.5,11343.0,2.537,28777.191
2020-10-17 17:26:00,11343.0,11343.0,11343.0,11343.0,0.01,113.43
2020-10-17 17:27:00,11343.0,11343.0,11342.5,11343.0,0.003,34.029
2020-10-17 17:28:00,11343.0,11343.0,11342.5,11342.5,0.2,2268.5
2020-10-17 17:29:00,11342.5,11343.0,11342.5,11343.0,20.0,226860.0
2020-10-17 17:30:00,11343.0,11344.5,11343.0,11344.0,0.039,442.416
2020-10-17 17:31:00,11344.0,11344.0,11344.0,11344.0,0.0,0.0
2020-10-17 17:32:00,11344.0,11344.0,11344.0,11344.0,0.0,0.0
2020-10-17 17:33:00,11344.0,11344.0,11344.0,11344.0,1.0,11344.0
2020-10-17 17:34:00,11344.0,11344.0,11344.0,11344.0,0.0,0.0
2020-10-17 17:35:00,11344.0,11344.0,11344.0,11344.0,0.0,0.0
2020-10-17 17:36:00,11344.0,11344.0,11343.5,11343.5,1.231,13963.8485
2020-10-17 17:37:00,11343.5,11343.5,11342.0,11342.0,0.722,8188.924
2020-10-17 17:38:00,11342.0,11342.0,11341.5,11341.5,0.285,3232.3275
2020-10-17 17:39:00,11341.5,11341.5,11341.5,11341.5,0.0,0.0
2020-10-17 17:40:00,11341.5,11342.0,11341.5,11342.0,1.3,14744.6
2020-10-17 17:41:00,11342.0,11342.0,11341.5,11341.5,0.54,6124.41
2020-10-17 17:42:00,11341.5,11341.5,11341.5,11341.5,0.0,0.0
2020-10-17 17:43:00,11341.5,11341.5,11341.5,11341.5,0.019,215.4885
2020-10-17 17:44:00,11341.5,11341.5,11341.5,11341.5,0.0,0.0
2020-10-17 17:45:00,11341.5,11342.0,11341.5,11342.0,0.35,3969.7
2020-10-17 17:46:00,11342.0,11342.0,11341.5,11341.5,0.002,22.683
2020-10-17 17:47:00,11341.5,11342.0,11341.5,11341.5,0.016,181.464
2020-10-17 17:48:00,11341.5,11341.5,11341.5,11341.5,0.0,0.0
2020-10-17 17:49:00,11341.5,11342.0,11341.5,11341.5,0.103,1168.1745
2020-10-17 17:50:00,11341.5,11341.5,11341.5,11341.5,0.022,249.513
2020-10-17 17:51:00,11341.5,11341.5,11341.5,11341.5,3.0,34024.5
2020-10-17 17:52:00,11341.5,11341.5,11341.5,11341.5,0.0,0.0
2020-10-17 17:53:00,11341.5,11342.0,11341.5,11342.0,1.479,16774.818
2020-10-17 17:54:00,11342.0,11342.0,11342.0,11342.0,0.0,0.0
2020-10-17 17:55:00,11342.0,11342.0,11342.0,11342.0,0.01,113.42
2020-10-17 17:56:00,11342.0,11342.0,11341.5,11341.5,0.01,113.415
2020-10-17 17:57:00,11341.5,11342.0,11341.5,11341.5,0.002,22.683
2020-10-17 17:58:00,11341.5,11342.0,11341.5,11342.0,0.02,226.84
2020-10-17 17:59:00,11342.0,11342.0,11341.5,11341.5,0.045,510.3675
2020-10-17 18:00:00,11341.5,11342.0,11341.5,11342.0,0.501,5682.342
2020-10-17 18:01:00,11342.0,11342.0,11341.5,11341.5,0.4,4536.6
2020-10-17 18:02:00,11341.5,11341.5,11338.0,11338.0,3.311,37540.118
2020-10-17 18:03:00,11338.0,11338.0,11333.5,11333.5,7.496,84955.916
2020-10-17 18:04:00,11333.5,11333.5,11332.0,11332.0,0.462,5235.384
2020-10-17 18:05:00,11332.0,11332.0,11330.0,11330.5,2.094,23726.067
2020-10-17 18:06:00,11330.5,11330.5,11330.0,11330.0,20.951,237374.83
2020-10-17 18:07:00,11330.0,11330.5,11330.0,11330.0,0.002,22.66
2020-10-17 18:08:00,11330.0,11330.0,11330.0,11330.0,0.0,0.0
2020-10-17 18:09:00,11330.0,11333.5,11330.0,11333.0,7.967,90290.011
2020-10-17 18:10:00,11333.0,11333.5,11333.0,11333.5,0.309,3502.0515
2020-10-17 18:11:00,11333.5,11333.5,11333.5,11333.5,0.001,11.3335
2020-10-17 18:12:00,11333.5,11333.5,11333.0,11333.5,0.017,192.6695
2020-10-17 18:13:00,11333.5,11333.5,11333.0,11333.0,0.008,90.664
2020-10-17 18:14:00,11333.0,11333.0,11333.0,11333.0,0.0,0.0
2020-10-17 18:15:00,11333.0,11333.5,11333.0,11333.5,0.049,555.3415
2020-10-17 18:16:00,11333.5,11333.5,11333.0,11333.0,0.017,192.661
2020-10-17 18:17:00,11333.0,11333.5,11333.0,11333.5,0.009,102.0015
2020-10-17 18:18:00,11333.5,11333.5,11333.5,11333.5,0.0,0.0
2020-10-17 18:19:00,11333.5,11333.5,11332.5,11332.5,14.146,160309.545
2020-10-17 18:20:00,11332.5,11332.5,11332.0,11332.0,2.1,23797.2
2020-10-17 18:21:00,11332.0,11332.5,11332.0,11332.0,2.424,27468.768
2020-10-17 18:22:00,11332.0,11332.0,11332.0,11332.0,1.473,16692.036
2020-10-17 18:23:00,11332.0,11332.0,11332.0,11332.0,0.307,3478.924
2020-10-17 18:24:00,11332.0,11334.5,11332.0,11334.5,2.679,30365.1255
2020-10-17 18:25:00,11334.5,11342.0,11334.5,11342.0,7.419,84146.298
2020-10-17 18:26:00,11342.0,11343.0,11341.5,11343.0,1.44,16333.92
2020-10-17 18:27:00,11343.0,11343.0,11342.5,11343.0,1.424,16152.432
2020-10-17 18:28:00,11343.0,11343.5,11343.0,11343.5,0.282,3198.867
2020-10-17 18:29:00,11343.5,11343.5,11343.5,11343.5,0.045,510.4575
2020-10-17 18:30:00,11343.5,11344.0,11343.5,11344.0,0.068,771.392
2020-10-17 18:31:00,11344.0,11346.0,11344.0,11345.5,17.478,198296.649
2020-10-17 18:32:00,11345.5,11348.5,11345.5,11348.5,16.044,182075.334
2020-10-17 18:33:00,11348.5,11348.5,11348.5,11348.5,0.0,0.0
2020-10-17 18:34:00,11348.5,11350.0,11348.5,11350.0,2.591,29407.85
2020-10-17 18:35:00,11350.0,11350.0,11350.0,11350.0,0.0,0.0
2020-10-17 18:36:00,11350.0,11350.0,11350.0,11350.0,0.0,0.0
2020-10-17 18:37:00,11350.0,11350.0,11349.5,11349.5,0.002,22.699
2020-10-17 18:38:00,11349.5,11350.0,11349.5,11350.0,0.05,567.5
2020-10-17 18:39:00,11350.0,11350.0,11350.0,11350.0,0.0,0.0
2020-10-17 18:40:00,11350.0,11350.0,11349.5,11349.5,0.02,226.99
2020-10-17 18:41:00,11349.5,11350.0,11349.5,11350.0,0.001,11.35
2020-10-17 18:42:00,11350.0,11350.0,11348.0,11348.0,0.925,10496.9
2020-10-17 18:43:00,11348.0,11348.0,11348.0,11348.0,1.83,20766.84
2020-10-17 18:44:00,11348.0,11348.0,11348.0,11348.0,4.709,53437.732
2020-10-17 18:45:00,11348.0,11348.0,11345.0,11345.0,6.712,76147.64
2020-10-17 18:46:00,11345.0,11345.0,11337.5,11337.5,40.163,455348.0125
2020-10-17 18:47:00,11337.5,11338.0,11337.5,11337.5,0.002,22.675
2020-10-17 18:48:00,11337.5,11337.5,11337.0,11337.0,0.009,102.033
2020-10-17 18:49:00,11337.0,11337.0,11337.0,11337.0,0.0,0.0
2020-10-17 18:50:00,11337.0,11337.0,11337.0,11337.0,0.0,0.0
2020-10-17 18:51:00,11337.0,11337.0,11333.5,11333.5,2.279,25829.0465
2020-10-17 18:52:00,11333.5,11333.5,11333.0,11333.0,0.48,5439.84
2020-10-17 18:53:00,11333.0,11335.5,11333.0,11335.5,16.06,182048.13
2020-10-17 18:54:00,11335.5,11336.5,11335.5,11336.5,2.319,26289.3435
2020-10-17 18:55:00,11336.5,11336.5,11336.5,11336.5,4.08,46252.92
2020-10-17 18:56:00,11336.5,11336.5,11336.5,11336.5,0.0,0.0
2020-10-17 18:57:00,11336.5,11336.5,11336.0,11336.0,0.482,5463.952
2020-10-17 18:58:00,11336.0,11336.0,11335.0,11335.0,1.201,13613.335
2020-10-17 18:59:00,11335.0,11335.0,11335.0,11335.0,0.0,0.0
2020-10-17 19:00:00,11335.0,11335.0,11335.0,11335.0,0.007,79.345
2020-10-17 19:01:00,11335.0,11335.0,11334.0,11334.0,2.751,31179.834
2020-10-17 19:02:00,11334.0,11334.0,11334.0,11334.0,0.0,0.0
2020-10-17 19:03:00,11334.0,11334.0,11334.0,11334.0,0.0,0.0
2020-10-17 19:04:00,11334.0,11334.0,11334.0,11334.0,40.642,460636.428
2020-10-17 19:05:00,11334.0,11334.0,11334.0,11334.0,0.0,0.0
2020-10-17 19:06:00,11334.0,11336.0,11334.0,11336.0,5.265,59684.04
2020-10-17 19:07:00,11336.0,11336.0,11335.5,11336.0,4.739,53721.304
2020-10-17 19:08:00,11336.0,11336.0,11336.0,11336.0,5.24,59400.64
2020-10-17 19:09:00,11336.0,11336.0,11336.0,11336.0,0.01,113.36
2020-10-17 19:10:00,11336.0,11336.0,11336.0,11336.0,0.0,0.0
2020-10-17 19:11:00,11336.0,11336.0,11335.0,11335.0,1.152,13057.92
2020-10-17 19:12:00,11335.0,11335.0,11334.5,11334.5,0.008,90.676
2020-10-17 19:13:00,11334.5,11334.5,11332.5,11332.5,0.766,8680.695
2020-10-17 19:14:00,11332.5,11332.5,11332.5,11332.5,0.0,0.0
2020-10-17 19:15:00,11332.5,11333.5,11332.5,11333.5,0.245,2776.7075
2020-10-17 19:16:00,11333.5,11333.5,11333.5,11333.5,0.0,0.0
2020-10-17 19:17:00,11333.5,11334.0,11333.0,11333.0,0.252,2855.916
2020-10-17 19:18:00,11333.0,11333.0,11332.0,11332.0,0.24,2719.68
2020-10-17 19:19:00,11332.0,11332.0,11332.0,11332.0,0.2,2266.4
2020-10-17 19:20:00,11332.0,11332.0,11322.0,11322.0,4.267,48310.974
2020-10-17 19:21:00,11322.0,11322.0,11322.0,11322.0,0.087,985.014
2020-10-17 19:22:00,11322.0,11322.5,11322.0,11322.5,2.992,33876.92
2020-10-17 19:23:00,11322.5,11323.0,11322.5,11323.0,0.607,6873.061
2020-10-17 19:24:00,11323.0,11323.0,11323.0,11323.0,0.0,0.0
2020-10-17 19:25:00,11323.0,11323.0,11323.0,11323.0,0.0,0.0
2020-10-17 19:26:00,11323.0,11323.0,11323.0,11323.0,0.101,1143.623
2020-10-17 19:27:00,11323.0,11323.5,11322.5,11323.5,1.156,13089.966
2020-10-17 19:28:00,11323.5,11324.0,11323.5,11324.0,5.33,60356.92
2020-10-17 19:29:00,11324.0,11324.0,11324.0,11324.0,0.0,0.0
2020-10-17 19:30:00,11324.0,11324.0,11324.0,11324.0,0.0,0.0
2020-10-17 19:31:00,11324.0,11326.5,11324.0,11326.5,0.972,11009.358
2020-10-17 19:32:00,11326.5,11327.0,11326.5,11327.0,5.0,56635.0
2020-10-17 19:33:00,11327.0,11329.5,11327.0,11329.5,0.02,226.59
2020-10-17 19:34:00,11329.5,11329.5,11329.0,11329.5,1.024,11601.408
2020-10-17 19:35:00,11329.5,11329.5,11329.5,11329.5,1.295,14671.7025
2020-10-17 19:36:00,11329.5,11329.5,11329.5,11329.5,1.68,19033.56
2020-10-17 19:37:00,11329.5,11330.0,11329.5,11329.5,0.002,22.659
2020-10-17 19:38:00,11329.5,11329.5,11329.5,11329.5,0.041,464.5095
2020-10-17 19:39:00,11329.5,11329.5,11329.5,11329.5,0.0,0.0
2020-10-17 19:40:00,11329.5,11330.0,11329.5,11330.0,0.001,11.33
2020-10-17 19:41:00,11330.0,11330.0,11330.0,11330.0,0.0,0.0
2020-10-17 19:42:00,11330.0,11330.0,11330.0,11330.0,0.0,0.0
2020-10-17 19:43:00,11330.0,11330.0,11330.0,11330.0,0.007,79.31
2020-10-17 19:44:00,11330.0,11330.0,11329.5,11329.5,0.03,339.885
2020-10-17 19:45:00,11329.5,11329.5,11329.5,11329.5,0.0,0.0
2020-10-17 19:46:00,11329.5,11329.5,11329.5,11329.5,0.0,0.0
2020-10-17 19:47:00,11329.5,11330.0,11329.5,11329.5,0.002,22.659
2020-10-17 19:48:00,11329.5,11330.0,11329.5,11330.0,0.002,22.66
2020-10-17 19:49:00,11330.0,11330.0,11330.0,11330.0,0.006,67.98
2020-10-17 19:50:00,11330.0,11330.0,11330.0,11330.0,0.0,0.0
2020-10-17 19:51:00,11330.0,11330.0,11330.0,11330.0,0.2,2266.0
2020-10-17 19:52:00,11330.0,11332.0,11330.0,11332.0,4.834,54778.888
2020-10-17 19:53:00,11332.0,11334.5,11332.0,11334.5,0.549,6222.6405
2020-10-17 19:54:00,11334.5,11335.0,11334.5,11335.0,2.172,24619.62
2020-10-17 19:55:00,11335.0,11335.0,11335.0,11335.0,0.0,0.0
2020-10-17 19:56:00,11335.0,11335.0,11335.0,11335.0,1.0,11335.0
2020-10-17 19:57:00,11335.0,11335.5,11335.0,11335.0,0.108,1224.18
2020-10-17 19:58:00,11335.0,11335.0,11335.0,11335.0,0.0,0.0
2020-10-17 19:59:00,11335.0,11335.0,11335.0,11335.0,0.002,22.67
2020-10-17 20:00:00,11335.0,11335.5,11335.0,11335.0,0.12,1360.2
2020-10-17 20:01:00,11335.0,11335.0,11335.0,11335.0,0.248,2811.08
2020-10-17 20:02:00,11335.0,11335.0,11330.0,11330.0,5.459,61850.47
2020-10-17 20:03:00,11330.0,11330.0,11325.0,11325.0,2.635,29841.375
2020-10-17 20:04:00,11325.0,11330.5,11322.0,11327.5,3.119,35330.4725
2020-10-17 20:05:00,11327.5,11327.5,11327.5,11327.5,0.0,0.0
2020-10-17 20:06:00,11327.5,11327.5,11327.0,11327.0,0.4,4530.8
2020-10-17 20:07:00,11327.0,11327.5,11327.0,11327.0,0.002,22.654
2020-10-17 20:08:00,11327.0,11327.0,11310.0,11310.0,27.869,315198.39
2020-10-17 20:09:00,11310.0,11310.0,11302.0,11302.5,12.7,143541.75
2020-10-17 20:10:00,11302.5,11318.5,11302.5,11318.5,28.97,327896.945
2020-10-17 20:11:00,11318.5,11320.0,11311.0,11311.0,4.547,51431.117
2020-10-17 20:12:00,11311.0,11314.0,11311.0,11314.0,2.878,32561.692
2020-10-17 20:13:00,11314.0,11317.5,11314.0,11317.5,1.24,14033.7
2020-10-17 20:14:00,11317.5,11317.5,11305.5,11305.5,15.86,179305.23
2020-10-17 20:15:00,11305.5,11305.5,11260.5,11299.0,278.105,3142308.395
2020-10-17 20:16:00,11299.0,11304.0,11292.5,11296.0,4.694,53023.424
2020-10-17 20:17:00,11296.0,11319.5,11296.0,11319.5,55.084,623523.338
2020-10-17 20:18:00,11319.5,11348.5,11319.5,11348.0,48.414,549402.072
2020-10-17 20:19:00,11348.0,11353.0,11342.5,11353.0,23.325,264808.725
2020-10-17 20:20:00,11353.0,11370.0,11352.5,11360.5,23.071,262098.0955
2020-10-17 20:21:00,11360.5,11365.5,11360.5,11362.0,3.33,37835.46
2020-10-17 20:22:00,11362.0,11363.0,11362.0,11363.0,6.472,73541.336
2020-10-17 20:23:00,11363.0,11363.0,11360.0,11360.0,1.564,17767.04
2020-10-17 20:24:00,11360.0,11360.0,11359.5,11359.5,6.284,71383.098
2020-10-17 20:25:00,11359.5,11360.0,11359.5,11359.5,2.282,25922.379
2020-10-17 20:26:00,11359.5,11360.0,11359.5,11360.0,0.011,124.96
2020-10-17 20:27:00,11360.0,11360.5,11359.5,11360.5,18.959,215383.7195
2020-10-17 20:28:00,11360.5,11363.5,11360.5,11363.0,13.695,155616.285
2020-10-17 20:29:00,11363.0,11363.5,11363.0,11363.0,0.372,4227.036
2020-10-17 20:30:00,11363.0,11371.5,11363.0,11371.5,4.583,52115.5845
2020-10-17 20:31:00,11371.5,11411.0,11371.5,11403.5,110.487,1259938.5045
2020-10-17 20:32:00,11403.5,11403.5,11400.0,11400.0,2.158,24601.2
2020-10-17 20:33:00,11400.0,11400.0,11393.5,11393.5,1.195,13615.2325
2020-10-17 20:34:00,11393.5,11394.5,11393.5,11393.5,2.739,31206.7965
2020-10-17 20:35:00,11393.5,11394.0,11393.5,11394.0,1.401,15962.994
2020-10-17 20:36:00,11394.0,11394.0,11393.5,11394.0,0.654,7451.676
2020-10-17 20:37:00,11394.0,11394.0,11376.5,11378.0,7.307,83139.046
2020-10-17 20:38:00,11378.0,11378.0,11378.0,11378.0,0.888,10103.664
2020-10-17 20:39:00,11378.0,11378.0,11367.0,11369.5,38.672,439681.304
2020-10-17 20:40:00,11369.5,11372.5,11369.5,11372.5,5.165,58738.9625
2020-10-17 20:41:00,11372.5,11374.0,11372.5,11374.0,3.601,40957.774
2020-10-17 20:42:00,11374.0,11374.0,11373.5,11373.5,3.513,39955.1055
2020-10-17 20:43:00,11373.5,11374.0,11363.0,11364.0,5.017,57013.188
2020-10-17 20:44:00,11364.0,11364.0,11364.0,11364.0,2.513,28557.732
2020-10-17 20:45:00,11364.0,11364.0,11362.5,11362.5,0.522,5931.225
2020-10-17 20:46:00,11362.5,11362.5,11362.0,11362.5,0.03,340.875
2020-10-17 20:47:00,11362.5,11362.5,11361.0,11361.0,1.957,22233.477
2020-10-17 20:48:00,11361.0,11361.5,11361.0,11361.5,0.077,874.8355
2020-10-17 20:49:00,11361.5,11361.5,11361.0,11361.5,0.287,3260.7505
2020-10-17 20:50:00,11361.5,11362.5,11361.0,11362.0,3.622,41153.164
2020-10-17 20:51:00,11362.0,11362.0,11341.0,11342.5,17.144,194455.82
2020-10-17 20:52:00,11342.5,11351.5,11342.5,11351.5,7.529,85465.4435
2020-10-17 20:53:00,11351.5,11352.0,11350.5,11350.5,0.832,9443.616
2020-10-17 20:54:00,11350.5,11353.0,11350.0,11353.0,5.349,60727.197
2020-10-17 20:55:00,11353.0,11353.0,11350.5,11350.5,0.191,2167.9455
2020-10-17 20:56:00,11350.5,11350.5,11350.5,11350.5,0.135,1532.3175
2020-10-17 20:57:00,11350.5,11351.0,11350.5,11350.5,0.002,22.701
2020-10-17 20:58:00,11350.5,11351.0,11350.5,11351.0,0.39,4426.89
2020-10-17 20:59:00,11351.0,11351.0,11351.0,11351.0,0.29,3291.79
2020-10-17 21:00:00,11351.0,11351.0,11351.0,11351.0,0.014,158.914
2020-10-17 21:01:00,11351.0,11351.0,11350.5,11350.5,0.688,7809.144
2020-10-17 21:02:00,11350.5,11351.0,11350.5,11351.0,0.1,1135.1
2020-10-17 21:03:00,11351.0,11351.0,11351.0,11351.0,0.0,0.0
2020-10-17 21:04:00,11351.0,11351.0,11346.5,11346.5,2.136,24236.124
2020-10-17 21:05:00,11346.5,11346.5,11346.5,11346.5,0.31,3517.415
2020-10-17 21:06:00,11346.5,11346.5,11346.5,11346.5,0.58,6580.97
2020-10-17 21:07:00,11346.5,11346.5,11346.0,11346.5,1.441,16350.3065
2020-10-17 21:08:00,11346.5,11346.5,11346.5,11346.5,0.4,4538.6
2020-10-17 21:09:00,11346.5,11346.5,11346.5,11346.5,0.1,1134.65
2020-10-17 21:10:00,11346.5,11346.5,11346.0,11346.0,0.001,11.346
2020-10-17 21:11:00,11346.0,11346.0,11346.0,11346.0,0.0,0.0
2020-10-17 21:12:00,11346.0,11346.0,11346.0,11346.0,0.0,0.0
2020-10-17 21:13:00,11346.0,11346.0,11345.0,11345.0,2.408,27318.76
2020-10-17 21:14:00,11345.0,11345.0,11344.0,11344.0,0.138,1565.472
2020-10-17 21:15:00,11344.0,11347.5,11344.0,11347.5,0.596,6763.11
2020-10-17 21:16:00,11347.5,11347.5,11346.5,11346.5,0.616,6989.444
2020-10-17 21:17:00,11346.5,11346.5,11343.0,11343.0,0.848,9618.864
2020-10-17 21:18:00,11343.0,11343.0,11336.0,11336.5,3.96,44892.54
2020-10-17 21:19:00,11336.5,11336.5,11336.0,11336.5,0.623,7062.6395
2020-10-17 21:20:00,11336.5,11336.5,11336.5,11336.5,0.2,2267.3
2020-10-17 21:21:00,11336.5,11336.5,11336.5,11336.5,0.1,1133.65
2020-10-17 21:22:00,11336.5,11341.5,11336.5,11341.5,3.032,34387.428
2020-10-17 21:23:00,11341.5,11342.0,11341.5,11342.0,0.3,3402.6
2020-10-17 21:24:00,11342.0,11342.0,11341.5,11341.5,0.22,2495.13
2020-10-17 21:25:00,11341.5,11341.5,11341.5,11341.5,0.018,204.147
2020-10-17 21:26:00,11341.5,11341.5,11341.5,11341.5,0.0,0.0
2020-10-17 21:27:00,11341.5,11342.0,11341.5,11341.5,0.054,612.441
2020-10-17 21:28:00,11341.5,11342.0,11341.5,11342.0,0.603,6839.226
2020-10-17 21:29:00,11342.0,11342.0,11341.5,11342.0,0.022,249.524
2020-10-17 21:30:00,11342.0,11342.0,11341.5,11341.5,0.374,4241.721
2020-10-17 21:31:00,11341.5,11341.5,11341.0,11341.5,0.442,5012.943
2020-10-17 21:32:00,11341.5,11341.5,11341.5,11341.5,1.058,11999.307
2020-10-17 21:33:00,11341.5,11343.0,11341.5,11343.0,0.58,6578.94
2020-10-17 21:34:00,11343.0,11343.0,11343.0,11343.0,0.3,3402.9
2020-10-17 21:35:00,11343.0,11343.0,11343.0,11343.0,0.0,0.0
2020-10-17 21:36:00,11343.0,11343.0,11343.0,11343.0,0.05,567.15
2020-10-17 21:37:00,11343.0,11343.0,11340.5,11340.5,0.762,8641.461
2020-10-17 21:38:00,11340.5,11340.5,11340.5,11340.5,0.0,0.0
2020-10-17 21:39:00,11340.5,11340.5,11330.5,11330.5,1.373,15556.7765
2020-10-17 21:40:00,11330.5,11331.0,11330.5,11331.0,0.265,3002.715
2020-10-17 21:41:00,11331.0,11331.0,11331.0,11331.0,0.0,0.0
2020-10-17 21:42:00,11331.0,11331.0,11331.0,11331.0,0.0,0.0
2020-10-17 21:43:00,11331.0,11331.0,11330.0,11330.0,0.248,2809.84
2020-10-17 21:44:00,11330.0,11330.0,11330.0,11330.0,0.028,317.24
2020-10-17 21:45:00,11330.0,11330.0,11330.0,11330.0,0.179,2028.07
2020-10-17 21:46:00,11330.0,11330.0,11328.5,11328.5,1.442,16335.697
2020-10-17 21:47:00,11328.5,11329.0,11328.5,11328.5,0.002,22.657
2020-10-17 21:48:00,11328.5,11333.0,11328.5,11333.0,3.842,43541.386
2020-10-17 21:49:00,11333.0,11337.5,11333.0,11337.5,0.053,600.8875
2020-10-17 21:50:00,11337.5,11338.0,11337.5,11338.0,0.02,226.76
2020-10-17 21:51:00,11338.0,11338.5,11338.0,11338.5,0.068,771.018
2020-10-17 21:52:00,11338.5,11339.0,11338.5,11339.0,0.032,362.848
2020-10-17 21:53:00,11339.0,11339.0,11337.5,11337.5,0.097,1099.7375
2020-10-17 21:54:00,11337.5,11337.5,11334.5,11334.5,50.0,566725.0
2020-10-17 21:55:00,11334.5,11334.5,11330.5,11330.5,60.76,688441.18
2020-10-17 21:56:00,11330.5,11330.5,11330.5,11330.5,0.038,430.559
2020-10-17 21:57:00,11330.5,11331.0,11330.5,11331.0,0.098,1110.438
2020-10-17 21:58:00,11331.0,11331.0,11330.5,11331.0,1.02,11557.62
2020-10-17 21:59:00,11331.0,11331.5,11331.0,11331.5,0.004,45.326
2020-10-17 22:00:00,11331.5,11331.5,11331.5,11331.5,0.0,0.0
2020-10-17 22:01:00,11331.5,11331.5,11331.5,11331.5,0.0,0.0
2020-10-17 22:02:00,11331.5,11331.5,11331.5,11331.5,0.0,0.0
2020-10-17 22:03:00,11331.5,11331.5,11327.5,11327.5,1.131,12811.4025
2020-10-17 22:04:00,11327.5,11327.5,11318.5,11318.5,8.46,95754.51
2020-10-17 22:05:00,11318.5,11318.5,11308.5,11317.0,18.15,205403.55
2020-10-17 22:06:00,11317.0,11317.0,11312.0,11312.5,0.734,8303.375
2020-10-17 22:07:00,11312.5,11319.0,11312.5,11318.5,0.669,7572.0765
2020-10-17 22:08:00,11318.5,11320.0,11318.5,11320.0,0.578,6542.96
2020-10-17 22:09:00,11320.0,11320.0,11320.0,11320.0,0.035,396.2
2020-10-17 22:10:00,11320.0,11320.0,11315.5,11315.5,1.508,17063.774
2020-10-17 22:11:00,11315.5,11321.5,11315.5,11318.0,1.231,13932.458
2020-10-17 22:12:00,11318.0,11320.5,11318.0,11320.5,0.707,8003.5935
2020-10-17 22:13:00,11320.5,11325.0,11320.5,11325.0,0.597,6761.025
2020-10-17 22:14:00,11325.0,11325.0,11325.0,11325.0,0.0,0.0
2020-10-17 22:15:00,11325.0,11325.0,11324.5,11324.5,0.033,373.7085
2020-10-17 22:16:00,11324.5,11324.5,11320.5,11323.5,1.791,20280.3885
2020-10-17 22:17:00,11323.5,11327.0,11323.0,11326.5,0.727,8234.3655
2020-10-17 22:18:00,11326.5,11326.5,11326.5,11326.5,0.1,1132.65
2020-10-17 22:19:00,11326.5,11326.5,11326.5,11326.5,0.0,0.0
2020-10-17 22:20:00,11326.5,11326.5,11323.5,11323.5,0.192,2174.112
2020-10-17 22:21:00,11323.5,11323.5,11322.5,11322.5,0.12,1358.7
2020-10-17 22:22:00,11322.5,11323.0,11322.5,11323.0,0.071,803.933
2020-10-17 22:23:00,11323.0,11323.0,11323.0,11323.0,0.0,0.0
2020-10-17 22:24:00,11323.0,11323.0,11323.0,11323.0,0.0,0.0
2020-10-17 22:25:00,11323.0,11323.0,11323.0,11323.0,0.0,0.0
2020-10-17 22:26:00,11323.0,11325.0,11323.0,11325.0,0.651,7372.575
2020-10-17 22:27:00,11325.0,11327.0,11325.0,11326.5,0.466,5278.149
2020-10-17 22:28:00,11326.5,11326.5,11326.5,11326.5,0.0,0.0
2020-10-17 22:29:00,11326.5,11327.0,11326.5,11327.0,0.653,7396.531
2020-10-17 22:30:00,11327.0,11327.0,11326.0,11326.0,1.654,18733.204
2020-10-17 22:31:00,11326.0,11326.0,11326.0,11326.0,0.0,0.0
2020-10-17 22:32:00,11326.0,11326.5,11326.0,11326.0,1.789,20262.214
2020-10-17 22:33:00,11326.0,11326.0,11326.0,11326.0,1.909,21621.334
2020-10-17 22:34:00,11326.0,11326.0,11326.0,11326.0,0.0,0.0
2020-10-17 22:35:00,11326.0,11326.0,11326.0,11326.0,5.002,56652.652
2020-10-17 22:36:00,11326.0,11326.5,11326.0,11326.5,0.2,2265.3
2020-10-17 22:37:00,11326.5,11326.5,11326.0,11326.0,0.002,22.652
2020-10-17 22:38:00,11326.0,11326.5,11326.0,11326.5,0.22,2491.83
2020-10-17 22:39:00,11326.5,11328.5,11324.5,11324.5,1.889,21391.9805
2020-10-17 22:40:00,11324.5,11324.5,11324.5,11324.5,0.193,2185.6285
2020-10-17 22:41:00,11324.5,11325.5,11324.5,11325.5,4.547,51497.0485
2020-10-17 22:42:00,11325.5,11325.5,11325.5,11325.5,0.0,0.0
2020-10-17 22:43:00,11325.5,11325.5,11325.5,11325.5,0.0,0.0
2020-10-17 22:44:00,11325.5,11325.5,11325.5,11325.5,0.4,4530.2
2020-10-17 22:45:00,11325.5,11326.5,11325.5,11326.5,3.899,44162.0235
2020-10-17 22:46:00,11326.5,11326.5,11326.5,11326.5,0.0,0.0
2020-10-17 22:47:00,11326.5,11326.5,11326.0,11326.0,0.152,1721.552
2020-10-17 22:48:00,11326.0,11326.0,11326.0,11326.0,0.0,0.0
2020-10-17 22:49:00,11326.0,11326.0,11326.0,11326.0,0.0,0.0
2020-10-17 22:50:00,11326.0,11326.0,11326.0,11326.0,0.0,0.0
2020-10-17 22:51:00,11326.0,11326.5,11326.0,11326.0,0.02,226.52
2020-10-17 22:52:00,11326.0,11326.0,11326.0,11326.0,0.0,0.0
2020-10-17 22:53:00,11326.0,11326.0,11326.0,11326.0,0.0,0.0
2020-10-17 22:54:00,11326.0,11326.0,11326.0,11326.0,0.003,33.978
2020-10-17 22:55:00,11326.0,11326.0,11326.0,11326.0,0.0,0.0
2020-10-17 22:56:00,11326.0,11326.0,11326.0,11326.0,0.0,0.0
2020-10-17 22:57:00,11326.0,11326.5,11326.0,11326.0,0.002,22.652
2020-10-17 22:58:00,11326.0,11326.5,11326.0,11326.0,0.154,1744.204
2020-10-17 22:59:00,11326.0,11326.0,11326.0,11326.0,0.0,0.0
2020-10-17 23:00:00,11326.0,11326.0,11326.0,11326.0,0.0,0.0
2020-10-17 23:01:00,11326.0,11326.0,11326.0,11326.0,0.0,0.0
2020-10-17 23:02:00,11326.0,11326.0,11326.0,11326.0,0.0,0.0
2020-10-17 23:03:00,11326.0,11326.0,11325.5,11325.5,1.0,11325.5
2020-10-17 23:04:00,11325.5,11326.0,11325.5,11326.0,0.451,5108.026
2020-10-17 23:05:00,11326.0,11326.5,11326.0,11326.0,1.672,18937.072
2020-10-17 23:06:00,11326.0,11326.0,11326.0,11326.0,0.0,0.0
2020-10-17 23:07:00,11326.0,11326.5,11326.0,11326.0,0.002,22.652
2020-10-17 23:08:00,11326.0,11326.0,11326.0,11326.0,0.0,0.0
2020-10-17 23:09:00,11326.0,11326.0,11326.0,11326.0,0.0,0.0
2020-10-17 23:10:00,11326.0,11326.5,11326.0,11326.5,0.1,1132.65
2020-10-17 23:11:00,11326.5,11326.5,11326.5,11326.5,0.0,0.0
2020-10-17 23:12:00,11326.5,11326.5,11326.0,11326.0,0.6,6795.6
2020-10-17 23:13:00,11326.0,11326.0,11326.0,11326.0,0.0,0.0
2020-10-17 23:14:00,11326.0,11326.0,11326.0,11326.0,0.004,45.304
2020-10-17 23:15:00,11326.0,11326.5,11326.0,11326.0,0.013,147.238
2020-10-17 23:16:00,11326.0,11326.0,11326.0,11326.0,0.006,67.956
2020-10-17 23:17:00,11326.0,11326.5,11326.0,11326.5,0.044,498.366
2020-10-17 23:18:00,11326.5,11326.5,11326.5,11326.5,0.0,0.0
2020-10-17 23:19:00,11326.5,11332.0,11326.5,11332.0,6.841,77522.212
2020-10-17 23:20:00,11332.0,11332.0,11332.0,11332.0,0.0,0.0
2020-10-17 23:21:00,11332.0,11332.0,11332.0,11332.0,0.0,0.0
2020-10-17 23:22:00,11332.0,11332.0,11331.5,11331.5,0.103,1167.1445
2020-10-17 23:23:00,11331.5,11331.5,11331.5,11331.5,0.0,0.0
2020-10-17 23:24:00,11331.5,11331.5,11331.5,11331.5,0.0,0.0
2020-10-17 23:25:00,11331.5,11332.0,11331.5,11331.5,0.069,781.8735
2020-10-17 23:26:00,11331.5,11331.5,11331.5,11331.5,0.0,0.0
2020-10-17 23:27:00,11331.5,11332.0,11331.5,11331.5,0.002,22.663
2020-10-17 23:28:00,11331.5,11342.0,11331.5,11342.0,3.488,39560.896
2020-10-17 23:29:00,11342.0,11342.0,11341.0,11341.5,10.17,115343.055
2020-10-17 23:30:00,11341.5,11342.0,11341.5,11342.0,0.156,1769.352
2020-10-17 23:31:00,11342.0,11342.0,11342.0,11342.0,0.0,0.0
2020-10-17 23:32:00,11342.0,11342.0,11342.0,11342.0,0.0,0.0
2020-10-17 23:33:00,11342.0,11342.0,11341.5,11341.5,0.008,90.732
2020-10-17 23:34:00,11341.5,11342.5,11341.5,11342.5,1.039,11784.8575
2020-10-17 23:35:00,11342.5,11343.5,11342.5,11343.5,0.01,113.435
2020-10-17 23:36:00,11343.5,11343.5,11343.0,11343.0,0.04,453.72
2020-10-17 23:37:00,11343.0,11343.5,11343.0,11343.0,1.103,12511.329
2020-10-17 23:38:00,11343.0,11343.5,11340.5,11340.5,0.631,7155.8555
2020-10-17 23:39:00,11340.5,11340.5,11340.0,11340.0,0.01,113.4
2020-10-17 23:40:00,11340.0,11340.0,11340.0,11340.0,0.0,0.0
2020-10-17 23:41:00,11340.0,11340.0,11340.0,11340.0,0.0,0.0
2020-10-17 23:42:00,11340.0,11340.0,11340.0,11340.0,0.0,0.0
2020-10-17 23:43:00,11340.0,11340.5,11340.0,11340.5,0.17,1927.885
2020-10-17 23:44:00,11340.5,11340.5,11340.5,11340.5,0.0,0.0
2020-10-17 23:45:00,11340.5,11340.5,11340.0,11340.0,0.011,124.74
2020-10-17 23:46:00,11340.0,11340.0,11340.0,11340.0,0.178,2018.52
2020-10-17 23:47:00,11340.0,11340.0,11339.5,11339.5,0.736,8345.872
2020-10-17 23:48:00,11339.5,11339.5,11339.0,11339.0,0.035,396.865
2020-10-17 23:49:00,11339.0,11339.0,11339.0,11339.0,0.0,0.0
2020-10-17 23:50:00,11339.0,11339.0,11339.0,11339.0,0.475,5386.025
2020-10-17 23:51:00,11339.0,11339.0,11339.0,11339.0,0.1,1133.9
2020-10-17 23:52:00,11339.0,11339.0,11339.0,11339.0,10.0,113390.0
2020-10-17 23:53:00,11339.0,11339.0,11339.0,11339.0,0.0,0.0
2020-10-17 23:54:00,11339.0,11339.0,11339.0,11339.0,0.0,0.0
2020-10-17 23:55:00,11339.0,11339.0,11339.0,11339.0,0.0,0.0
2020-10-17 23:56:00,11339.0,11339.0,11339.0,11339.0,0.0,0.0
2020-10-17 23:57:00,11339.0,11339.0,11338.5,11338.5,0.102,1156.527
2020-10-17 23:58:00,11338.5,11338.5,11338.5,11338.5,0.017,192.7545
2020-10-17 23:59:00,11338.5,11339.0,11338.5,11339.0,0.038,430.882
2020-10-18 00:00:00,11339.0,11339.0,11339.0,11339.0,0.0,0.0
2020-10-18 00:01:00,11339.0,11340.0,11339.0,11340.0,0.007,79.38
2020-10-18 00:02:00,11340.0,11340.0,11340.0,11340.0,0.0,0.0
2020-10-18 00:03:00,11340.0,11340.0,11340.0,11340.0,0.0,0.0
2020-10-18 00:04:00,11340.0,11340.0,11339.5,11339.5,1.7,19277.15
2020-10-18 00:05:00,11339.5,11339.5,11339.5,11339.5,0.0,0.0
2020-10-18 00:06:00,11339.5,11340.5,11339.5,11340.5,0.032,362.896
2020-10-18 00:07:00,11340.5,11340.5,11340.0,11340.0,0.002,22.68
2020-10-18 00:08:00,11340.0,11340.5,11340.0,11340.5,0.509,5772.3145
2020-10-18 00:09:00,11340.5,11340.5,11340.5,11340.5,0.0,0.0
2020-10-18 00:10:00,11340.5,11340.5,11340.0,11340.5,0.17,1927.885
2020-10-18 00:11:00,11340.5,11340.5,11340.5,11340.5,0.0,0.0
2020-10-18 00:12:00,11340.5,11340.5,11340.5,11340.5,0.0,0.0
2020-10-18 00:13:00,11340.5,11340.5,11340.5,11340.5,0.0,0.0
2020-10-18 00:14:00,11340.5,11340.5,11340.5,11340.5,0.0,0.0
2020-10-18 00:15:00,11340.5,11340.5,11340.5,11340.5,0.0,0.0
2020-10-18 00:16:00,11340.5,11342.5,11340.5,11342.5,0.706,8007.805
2020-10-18 00:17:00,11342.5,11344.0,11342.5,11343.5,0.137,1554.0595
2020-10-18 00:18:00,11343.5,11343.5,11343.5,11343.5,0.0,0.0
2020-10-18 00:19:00,11343.5,11343.5,11343.5,11343.5,0.0,0.0
2020-10-18 00:20:00,11343.5,11343.5,11343.5,11343.5,0.0,0.0
2020-10-18 00:21:00,11343.5,11343.5,11343.5,11343.5,0.0,0.0
2020-10-18 00:22:00,11343.5,11343.5,11343.5,11343.5,0.0,0.0
2020-10-18 00:23:00,11343.5,11343.5,11343.5,11343.5,0.0,0.0
2020-10-18 00:24:00,11343.5,11343.5,11343.5,11343.5,0.0,0.0
2020-10-18 00:25:00,11343.5,11343.5,11343.5,11343.5,0.0,0.0
2020-10-18 00:26:00,11343.5,11343.5,11343.5,11343.5,0.0,0.0
2020-10-18 00:27:00,11343.5,11344.0,11343.5,11343.5,0.002,22.687
2020-10-18 00:28:00,11343.5,11343.5,11343.5,11343.5,0.0,0.0
2020-10-18 00:29:00,11343.5,11343.5,11343.5,11343.5,0.0,0.0
2020-10-18 00:30:00,11343.5,11344.5,11343.5,11344.5,0.707,8020.5615
2020-10-18 00:31:00,11344.5,11345.0,11344.5,11345.0,0.1,1134.5
2020-10-18 00:32:00,11345.0,11345.0,11345.0,11345.0,0.0,0.0
2020-10-18 00:33:00,11345.0,11345.0,11344.5,11344.5,0.398,4515.111
2020-10-18 00:34:00,11344.5,11344.5,11344.5,11344.5,0.0,0.0
2020-10-18 00:35:00,11344.5,11344.5,11344.5,11344.5,0.0,0.0
2020-10-18 00:36:00,11344.5,11344.5,11344.5,11344.5,0.0,0.0
2020-10-18 00:37:00,11344.5,11345.0,11344.5,11344.5,0.394,4469.733
2020-10-18 00:38:00,11344.5,11344.5,11344.5,11344.5,0.0,0.0
2020-10-18 00:39:00,11344.5,11345.0,11344.5,11345.0,0.2,2269.0
2020-10-18 00:40:00,11345.0,11345.0,11343.5,11343.5,0.195,2211.9825
2020-10-18 00:41:00,11343.5,11343.5,11343.5,11343.5,0.977,11082.5995
2020-10-18 00:42:00,11343.5,11343.5,11343.5,11343.5,0.0,0.0
2020-10-18 00:43:00,11343.5,11343.5,11343.5,11343.5,0.0,0.0
2020-10-18 00:44:00,11343.5,11343.5,11343.5,11343.5,0.0,0.0
2020-10-18 00:45:00,11343.5,11343.5,11343.5,11343.5,0.0,0.0
2020-10-18 00:46:00,11343.5,11343.5,11343.5,11343.5,0.0,0.0
2020-10-18 00:47:00,11343.5,11343.5,11343.0,11343.0,0.002,22.686
2020-10-18 00:48:00,11343.0,11343.0,11343.0,11343.0,0.0,0.0
2020-10-18 00:49:00,11343.0,11343.0,11343.0,11343.0,0.0,0.0
2020-10-18 00:50:00,11343.0,11343.0,11343.0,11343.0,0.0,0.0
2020-10-18 00:51:00,11343.0,11343.0,11343.0,11343.0,0.0,0.0
2020-10-18 00:52:00,11343.0,11343.5,11343.0,11343.5,0.004,45.374
2020-10-18 00:53:00,11343.5,11345.5,11343.5,11345.5,1.002,11368.191
2020-10-18 00:54:00,11345.5,11345.5,11345.5,11345.5,0.0,0.0
2020-10-18 00:55:00,11345.5,11345.5,11345.5,11345.5,0.0,0.0
2020-10-18 00:56:00,11345.5,11352.0,11345.5,11352.0,8.958,101691.216
2020-10-18 00:57:00,11352.0,11353.0,11351.5,11353.0,0.707,8026.571
2020-10-18 00:58:00,11353.0,11353.0,11353.0,11353.0,0.001,11.353
2020-10-18 00:59:00,11353.0,11353.0,11353.0,11353.0,0.024,272.472
2020-10-18 01:00:00,11353.0,11353.0,11353.0,11353.0,2.035,23103.355
2020-10-18 01:01:00,11353.0,11353.0,11353.0,11353.0,0.0,0.0
2020-10-18 01:02:00,11353.0,11353.0,11353.0,11353.0,0.0,0.0
2020-10-18 01:03:00,11353.0,11353.0,11352.5,11352.5,0.713,8094.3325
2020-10-18 01:04:00,11352.5,11353.0,11352.5,11353.0,4.337,49237.961
2020-10-18 01:05:00,11353.0,11353.0,11353.0,11353.0,0.0,0.0
2020-10-18 01:06:00,11353.0,11353.0,11353.0,11353.0,0.0,0.0
2020-10-18 01:07:00,11353.0,11353.0,11352.5,11352.5,0.227,2577.0175
2020-10-18 01:08:00,11352.5,11352.5,11352.5,11352.5,0.0,0.0
2020-10-18 01:09:00,11352.5,11353.0,11351.0,11351.0,2.887,32770.337
2020-10-18 01:10:00,11351.0,11351.0,11350.5,11350.5,0.7,7945.35
2020-10-18 01:11:00,11350.5,11351.0,11350.5,11351.0,1.055,11975.305
2020-10-18 01:12:00,11351.0,11351.0,11351.0,11351.0,0.0,0.0
2020-10-18 01:13:00,11351.0,11351.0,11350.0,11350.0,0.677,7683.95
2020-10-18 01:14:00,11350.0,11350.0,11347.5,11347.5,4.873,55296.3675
2020-10-18 01:15:00,11347.5,11347.5,11347.5,11347.5,1.0,11347.5
2020-10-18 01:16:00,11347.5,11347.5,11347.5,11347.5,0.0,0.0
2020-10-18 01:17:00,11347.5,11348.0,11347.5,11347.5,0.002,22.695
2020-10-18 01:18:00,11347.5,11347.5,11347.5,11347.5,0.02,226.95
2020-10-18 01:19:00,11347.5,11348.0,11347.5,11348.0,0.05,567.4
2020-10-18 01:20:00,11348.0,11348.0,11348.0,11348.0,0.0,0.0
2020-10-18 01:21:00,11348.0,11348.0,11348.0,11348.0,0.0,0.0
2020-10-18 01:22:00,11348.0,11348.0,11344.0,11344.0,1.888,21417.472
2020-10-18 01:23:00,11344.0,11344.0,11344.0,11344.0,0.0,0.0
2020-10-18 01:24:00,11344.0,11344.0,11344.0,11344.0,0.0,0.0
2020-10-18 01:25:00,11344.0,11344.0,11343.5,11343.5,0.07,794.045
2020-10-18 01:26:00,11343.5,11343.5,11343.5,11343.5,0.0,0.0
2020-10-18 01:27:00,11343.5,11347.5,11343.5,11347.5,0.624,7080.84
2020-10-18 01:28:00,11347.5,11347.5,11347.5,11347.5,0.0,0.0
2020-10-18 01:29:00,11347.5,11347.5,11347.5,11347.5,0.0,0.0
2020-10-18 01:30:00,11347.5,11347.5,11344.5,11344.5,3.641,41305.3245
2020-10-18 01:31:00,11344.5,11344.5,11344.5,11344.5,0.0,0.0
2020-10-18 01:32:00,11344.5,11344.5,11344.5,11344.5,0.019,215.5455
2020-10-18 01:33:00,11344.5,11344.5,11344.0,11344.0,0.001,11.344
2020-10-18 01:34:00,11344.0,11344.0,11344.0,11344.0,0.058,657.952
2020-10-18 01:35:00,11344.0,11344.0,11344.0,11344.0,0.0,0.0
2020-10-18 01:36:00,11344.0,11344.0,11344.0,11344.0,0.2,2268.8
2020-10-18 01:37:00,11344.0,11344.5,11344.0,11344.0,0.002,22.688
2020-10-18 01:38:00,11344.0,11344.0,11344.0,11344.0,0.0,0.0
2020-10-18 01:39:00,11344.0,11344.0,11344.0,11344.0,0.0,0.0
2020-10-18 01:40:00,11344.0,11344.0,11344.0,11344.0,0.0,0.0
2020-10-18 01:41:00,11344.0,11344.5,11344.0,11344.5,0.29,3289.905
2020-10-18 01:42:00,11344.5,11344.5,11344.5,11344.5,0.0,0.0
2020-10-18 01:43:00,11344.5,11344.5,11344.5,11344.5,0.0,0.0
2020-10-18 01:44:00,11344.5,11344.5,11343.5,11343.5,0.1,1134.35
2020-10-18 01:45:00,11343.5,11343.5,11343.5,11343.5,0.0,0.0
2020-10-18 01:46:00,11343.5,11344.0,11343.5,11344.0,0.437,4957.328
2020-10-18 01:47:00,11344.0,11344.0,11343.5,11343.5,0.002,22.687
2020-10-18 01:48:00,11343.5,11343.5,11343.5,11343.5,0.05,567.175
2020-10-18 01:49:00,11343.5,11343.5,11343.5,11343.5,0.0,0.0
2020-10-18 01:50:00,11343.5,11343.5,11343.5,11343.5,0.0,0.0
2020-10-18 01:51:00,11343.5,11343.5,11343.5,11343.5,0.0,0.0
2020-10-18 01:52:00,11343.5,11343.5,11343.5,11343.5,0.0,0.0
2020-10-18 01:53:00,11343.5,11343.5,11342.0,11342.0,0.042,476.364
2020-10-18 01:54:00,11342.0,11342.0,11340.0,11340.0,1.055,11963.7
2020-10-18 01:55:00,11340.0,11340.0,11339.0,11339.0,2.576,29209.264
2020-10-18 01:56:00,11339.0,11339.0,11339.0,11339.0,0.0,0.0
2020-10-18 01:57:00,11339.0,11339.0,11338.5,11338.5,0.002,22.677
2020-10-18 01:58:00,11338.5,11338.5,11333.0,11333.0,0.903,10233.699
2020-10-18 01:59:00,11333.0,11333.5,11333.0,11333.5,0.005,56.6675
2020-10-18 02:00:00,11333.5,11333.5,11333.5,11333.5,0.0,0.0
2020-10-18 02:01:00,11333.5,11333.5,11333.0,11333.0,4.0,45332.0
2020-10-18 02:02:00,11333.0,11333.0,11333.0,11333.0,0.0,0.0
2020-10-18 02:03:00,11333.0,11333.0,11333.0,11333.0,0.0,0.0
2020-10-18 02:04:00,11333.0,11333.0,11333.0,11333.0,0.0,0.0
2020-10-18 02:05:00,11333.0,11333.0,11333.0,11333.0,0.0,0.0
2020-10-18 02:06:00,11333.0,11333.0,11333.0,11333.0,0.0,0.0
2020-10-18 02:07:00,11333.0,11333.0,11332.5,11332.5,0.211,2391.1575
2020-10-18 02:08:00,11332.5,11333.0,11332.5,11333.0,0.026,294.658
2020-10-18 02:09:00,11333.0,11333.0,11333.0,11333.0,0.01,113.33
2020-10-18 02:10:00,11333.0,11333.0,11333.0,11333.0,0.06,679.98
2020-10-18 02:11:00,11333.0,11333.0,11333.0,11333.0,0.085,963.305
2020-10-18 02:12:00,11333.0,11333.0,11333.0,11333.0,0.0,0.0
2020-10-18 02:13:00,11333.0,11333.0,11333.0,11333.0,0.014,158.662
2020-10-18 02:14:00,11333.0,11333.0,11333.0,11333.0,0.039,441.987
2020-10-18 02:15:00,11333.0,11333.0,11333.0,11333.0,0.4,4533.2
2020-10-18 02:16:00,11333.0,11333.0,11333.0,11333.0,0.0,0.0
2020-10-18 02:17:00,11333.0,11356.0,11332.5,11350.5,30.744,348959.772
2020-10-18 02:18:00,11350.5,11350.5,11348.5,11348.5,0.002,22.697
2020-10-18 02:19:00,11348.5,11348.5,11348.5,11348.5,0.05,567.425
2020-10-18 02:20:00,11348.5,11352.5,11348.5,11352.5,14.474,164316.085
2020-10-18 02:21:00,11352.5,11352.5,11352.5,11352.5,0.5,5676.25
2020-10-18 02:22:00,11352.5,11353.0,11352.5,11352.5,1.71,19412.775
2020-10-18 02:23:00,11352.5,11352.5,11352.5,11352.5,0.122,1385.005
2020-10-18 02:24:00,11352.5,11352.5,11352.5,11352.5,0.0,0.0
2020-10-18 02:25:00,11352.5,11352.5,11352.5,11352.5,0.151,1714.2275
2020-10-18 02:26:00,11352.5,11352.5,11352.5,11352.5,0.0,0.0
2020-10-18 02:27:00,11352.5,11353.0,11352.5,11352.5,0.002,22.705
2020-10-18 02:28:00,11352.5,11352.5,11352.5,11352.5,0.0,0.0
2020-10-18 02:29:00,11352.5,11352.5,11352.5,11352.5,0.0,0.0
2020-10-18 02:30:00,11352.5,11352.5,11352.5,11352.5,0.0,0.0
2020-10-18 02:31:00,11352.5,11352.5,11352.5,11352.5,0.001,11.3525
2020-10-18 02:32:00,11352.5,11353.0,11352.5,11353.0,0.1,1135.3
2020-10-18 02:33:00,11353.0,11353.0,11353.0,11353.0,0.006,68.118
2020-10-18 02:34:00,11353.0,11353.0,11352.5,11352.5,0.001,11.3525
2020-10-18 02:35:00,11352.5,11352.5,11352.5,11352.5,0.0,0.0
2020-10-18 02:36:00,11352.5,11352.5,11352.5,11352.5,0.0,0.0
2020-10-18 02:37:00,11352.5,11353.0,11352.5,11352.5,0.002,22.705
2020-10-18 02:38:00,11352.5,11352.5,11352.5,11352.5,0.002,22.705
2020-10-18 02:39:00,11352.5,11353.0,11352.5,11353.0,0.5,5676.5
2020-10-18 02:40:00,11353.0,11353.0,11353.0,11353.0,0.0,0.0
2020-10-18 02:41:00,11353.0,11353.0,11353.0,11353.0,0.0,0.0
2020-10-18 02:42:00,11353.0,11353.0,11352.5,11352.5,0.001,11.3525
2020-10-18 02:43:00,11352.5,11352.5,11352.5,11352.5,0.0,0.0
2020-10-18 02:44:00,11352.5,11353.0,11352.5,11353.0,1.0,11353.0
2020-10-18 02:45:00,11353.0,11353.0,11353.0,11353.0,0.0,0.0
2020-10-18 02:46:00,11353.0,11353.0,11353.0,11353.0,0.0,0.0
2020-10-18 02:47:00,11353.0,11362.0,11352.5,11362.0,4.104,46629.648
2020-10-18 02:48:00,11362.0,11362.0,11361.5,11361.5,0.181,2056.4315
2020-10-18 02:49:00,11361.5,11361.5,11361.5,11361.5,0.0,0.0
2020-10-18 02:50:00,11361.5,11361.5,11361.5,11361.5,0.0,0.0
2020-10-18 02:51:00,11361.5,11362.0,11361.5,11362.0,0.2,2272.4
2020-10-18 02:52:00,11362.0,11362.0,11361.5,11361.5,0.001,11.3615
2020-10-18 02:53:00,11361.5,11361.5,11361.5,11361.5,0.0,0.0
2020-10-18 02:54:00,11361.5,11361.5,11361.0,11361.0,4.107,46659.627
2020-10-18 02:55:00,11361.0,11361.0,11361.0,11361.0,0.0,0.0
2020-10-18 02:56:00,11361.0,11361.0,11360.0,11360.0,2.694,30603.84
2020-10-18 02:57:00,11360.0,11360.5,11360.0,11360.0,0.002,22.72
2020-10-18 02:58:00,11360.0,11360.0,11360.0,11360.0,0.0,0.0
2020-10-18 02:59:00,11360.0,11360.5,11360.0,11360.5,0.068,772.514
2020-10-18 03:00:00,11360.5,11360.5,11360.5,11360.5,0.0,0.0
2020-10-18 03:01:00,11360.5,11360.5,11360.0,11360.0,0.123,1397.28
2020-10-18 03:02:00,11360.0,11360.0,11359.5,11359.5,0.05,567.975
2020-10-18 03:03:00,11359.5,11359.5,11358.5,11359.0,0.121,1374.439
2020-10-18 03:04:00,11359.0,11359.0,11359.0,11359.0,0.0,0.0
2020-10-18 03:05:00,11359.0,11359.0,11359.0,11359.0,0.0,0.0
2020-10-18 03:06:00,11359.0,11359.0,11357.0,11357.0,1.172,13310.404
2020-10-18 03:07:00,11357.0,11357.0,11356.0,11356.0,0.15,1703.4
2020-10-18 03:08:00,11356.0,11356.0,11355.5,11355.5,0.471,5348.4405
2020-10-18 03:09:00,11355.5,11355.5,11355.5,11355.5,0.0,0.0
2020-10-18 03:10:00,11355.5,11355.5,11355.0,11355.0,2.609,29625.195
2020-10-18 03:11:00,11355.0,11355.0,11354.5,11354.5,0.001,11.3545
2020-10-18 03:12:00,11354.5,11355.0,11354.5,11355.0,0.2,2271.0
2020-10-18 03:13:00,11355.0,11355.0,11355.0,11355.0,0.0,0.0
2020-10-18 03:14:00,11355.0,11355.0,11355.0,11355.0,0.0,0.0
2020-10-18 03:15:00,11355.0,11355.0,11355.0,11355.0,0.0,0.0
2020-10-18 03:16:00,11355.0,11355.0,11352.0,11352.0,1.689,19173.528
2020-10-18 03:17:00,11352.0,11352.0,11348.5,11348.5,2.05,23264.425
2020-10-18 03:18:00,11348.5,11348.5,11347.0,11347.0,0.563,6388.361
2020-10-18 03:19:00,11347.0,11347.0,11347.0,11347.0,0.0,0.0
2020-10-18 03:20:00,11347.0,11347.0,11347.0,11347.0,0.0,0.0
2020-10-18 03:21:00,11347.0,11348.0,11347.0,11348.0,0.347,3937.756
2020-10-18 03:22:00,11348.0,11348.0,11348.0,11348.0,0.0,0.0
2020-10-18 03:23:00,11348.0,11348.0,11348.0,11348.0,0.0,0.0
2020-10-18 03:24:00,11348.0,11348.0,11347.5,11347.5,0.004,45.39
2020-10-18 03:25:00,11347.5,11348.0,11347.0,11347.0,1.801,20435.947
2020-10-18 03:26:00,11347.0,11347.0,11347.0,11347.0,0.0,0.0
2020-10-18 03:27:00,11347.0,11347.0,11345.0,11345.0,0.87,9870.15
2020-10-18 03:28:00,11345.0,11345.0,11345.0,11345.0,0.472,5354.84
2020-10-18 03:29:00,11345.0,11345.0,11345.0,11345.0,0.0,0.0
2020-10-18 03:30:00,11345.0,11345.0,11345.0,11345.0,0.152,1724.44
2020-10-18 03:31:00,11345.0,11345.0,11345.0,11345.0,0.0,0.0
2020-10-18 03:32:00,11345.0,11345.0,11345.0,11345.0,0.0,0.0
2020-10-18 03:33:00,11345.0,11346.0,11345.0,11346.0,1.383,15691.518
2020-10-18 03:34:00,11346.0,11346.0,11346.0,11346.0,0.0,0.0
2020-10-18 03:35:00,11346.0,11346.0,11346.0,11346.0,0.0,0.0
2020-10-18 03:36:00,11346.0,11347.0,11346.0,11347.0,1.143,12969.621
2020-10-18 03:37:00,11347.0,11347.5,11347.0,11347.0,0.76,8623.72
2020-10-18 03:38:00,11347.0,11347.0,11347.0,11347.0,0.0,0.0
2020-10-18 03:39:00,11347.0,11347.5,11347.0,11347.5,0.1,1134.75
2020-10-18 03:40:00,11347.5,11347.5,11347.5,11347.5,0.0,0.0
2020-10-18 03:41:00,11347.5,11347.5,11347.5,11347.5,0.0,0.0
2020-10-18 03:42:00,11347.5,11347.5,11347.5,11347.5,0.0,0.0
2020-10-18 03:43:00,11347.5,11347.5,11347.5,11347.5,0.0,0.0
2020-10-18 03:44:00,11347.5,11347.5,11347.5,11347.5,0.0,0.0
2020-10-18 03:45:00,11347.5,11347.5,11347.5,11347.5,0.0,0.0
2020-10-18 03:46:00,11347.5,11347.5,11347.5,11347.5,0.0,0.0
2020-10-18 03:47:00,11347.5,11348.0,11347.5,11347.5,0.002,22.695
2020-10-18 03:48:00,11347.5,11347.5,11347.5,11347.5,0.0,0.0
2020-10-18 03:49:00,11347.5,11347.5,11345.0,11345.0,0.244,2768.18
2020-10-18 03:50:00,11345.0,11345.5,11345.0,11345.5,0.008,90.764
2020-10-18 03:51:00,11345.5,11345.5,11343.0,11343.0,0.329,3731.847
2020-10-18 03:52:00,11343.0,11343.0,11343.0,11343.0,0.2,2268.6
2020-10-18 03:53:00,11343.0,11343.0,11343.0,11343.0,0.181,2053.083
2020-10-18 03:54:00,11343.0,11343.0,11343.0,11343.0,0.0,0.0
2020-10-18 03:55:00,11343.0,11343.0,11343.0,11343.0,0.0,0.0
2020-10-18 03:56:00,11343.0,11343.0,11343.0,11343.0,0.0,0.0
2020-10-18 03:57:00,11343.0,11343.0,11342.5,11342.5,0.002,22.685
2020-10-18 03:58:00,11342.5,11342.5,11342.5,11342.5,0.0,0.0
2020-10-18 03:59:00,11342.5,11342.5,11342.5,11342.5,0.0,0.0
2020-10-18 04:00:00,11342.5,11342.5,11342.5,11342.5,0.0,0.0
2020-10-18 04:01:00,11342.5,11342.5,11342.5,11342.5,0.0,0.0
2020-10-18 04:02:00,11342.5,11342.5,11342.5,11342.5,0.0,0.0
2020-10-18 04:03:00,11342.5,11343.0,11342.5,11343.0,0.018,204.174
2020-10-18 04:04:00,11343.0,11343.0,11343.0,11343.0,0.0,0.0
2020-10-18 04:05:00,11343.0,11343.0,11343.0,11343.0,1.105,12534.015
2020-10-18 04:06:00,11343.0,11343.0,11343.0,11343.0,0.0,0.0
2020-10-18 04:07:00,11343.0,11343.5,11343.0,11343.0,0.002,22.686
2020-10-18 04:08:00,11343.0,11343.0,11343.0,11343.0,0.0,0.0
2020-10-18 04:09:00,11343.0,11343.0,11343.0,11343.0,0.0,0.0
2020-10-18 04:10:00,11343.0,11343.5,11343.0,11343.5,0.48,5444.88
2020-10-18 04:11:00,11343.5,11343.5,11343.5,11343.5,1.215,13782.3525
2020-10-18 04:12:00,11343.5,11343.5,11343.5,11343.5,0.067,760.0145
2020-10-18 04:13:00,11343.5,11343.5,11343.5,11343.5,0.082,930.167
2020-10-18 04:14:00,11343.5,11349.0,11343.5,11349.0,6.976,79170.624
2020-10-18 04:15:00,11349.0,11349.5,11349.0,11349.0,0.034,385.866
2020-10-18 04:16:00,11349.0,11349.0,11349.0,11349.0,0.0,0.0
2020-10-18 04:17:00,11349.0,11349.5,11349.0,11349.0,0.002,22.698
2020-10-18 04:18:00,11349.0,11349.5,11349.0,11349.5,0.01,113.495
2020-10-18 04:19:00,11349.5,11349.5,11349.5,11349.5,0.0,0.0
2020-10-18 04:20:00,11349.5,11349.5,11349.5,11349.5,0.0,0.0
2020-10-18 04:21:00,11349.5,11349.5,11349.5,11349.5,0.0,0.0
2020-10-18 04:22:00,11349.5,11349.5,11349.5,11349.5,0.0,0.0
2020-10-18 04:23:00,11349.5,11349.5,11349.5,11349.5,0.0,0.0
2020-10-18 04:24:00,11349.5,11349.5,11349.5,11349.5,0.0,0.0
2020-10-18 04:25:00,11349.5,11349.5,11349.5,11349.5,0.0,0.0
2020-10-18 04:26:00,11349.5,11349.5,11349.5,11349.5,0.0,0.0
2020-10-18 04:27:00,11349.5,11349.5,11349.0,11349.0,0.002,22.698
2020-10-18 04:28:00,11349.0,11349.0,11348.5,11348.5,0.1,1134.85
2020-10-18 04:29:00,11348.5,11348.5,11347.5,11347.5,1.031,11699.2725
2020-10-18 04:30:00,11347.5,11347.5,11347.5,11347.5,0.0,0.0
2020-10-18 04:31:00,11347.5,11347.5,11347.5,11347.5,0.0,0.0
2020-10-18 04:32:00,11347.5,11347.5,11347.5,11347.5,0.05,567.375
2020-10-18 04:33:00,11347.5,11347.5,11347.5,11347.5,0.0,0.0
2020-10-18 04:34:00,11347.5,11347.5,11347.5,11347.5,0.006,68.085
2020-10-18 04:35:00,11347.5,11347.5,11347.5,11347.5,0.0,0.0
2020-10-18 04:36:00,11347.5,11347.5,11347.5,11347.5,0.0,0.0
2020-10-18 04:37:00,11347.5,11347.5,11347.0,11347.0,0.002,22.694
2020-10-18 04:38:00,11347.0,11347.0,11347.0,11347.0,0.0,0.0
2020-10-18 04:39:00,11347.0,11347.0,11347.0,11347.0,0.0,0.0
2020-10-18 04:40:00,11347.0,11347.5,11347.0,11347.5,0.972,11029.77
2020-10-18 04:41:00,11347.5,11349.5,11347.5,11349.5,0.033,374.5335
2020-10-18 04:42:00,11349.5,11349.5,11349.5,11349.5,0.0,0.0
2020-10-18 04:43:00,11349.5,11350.0,11349.5,11350.0,0.24,2724.0
2020-10-18 04:44:00,11350.0,11350.0,11349.5,11349.5,0.1,1134.95
2020-10-18 04:45:00,11349.5,11350.0,11349.5,11350.0,1.695,19238.25
2020-10-18 04:46:00,11350.0,11350.0,11350.0,11350.0,0.162,1838.7
2020-10-18 04:47:00,11350.0,11350.5,11349.0,11349.0,0.165,1872.585
2020-10-18 04:48:00,11349.0,11349.0,11349.0,11349.0,0.0,0.0
2020-10-18 04:49:00,11349.0,11349.5,11349.0,11349.5,0.221,2508.2395
2020-10-18 04:50:00,11349.5,11349.5,11349.5,11349.5,0.2,2269.9
2020-10-18 04:51:00,11349.5,11349.5,11349.5,11349.5,0.0,0.0
2020-10-18 04:52:00,11349.5,11349.5,11349.5,11349.5,0.0,0.0
2020-10-18 04:53:00,11349.5,11349.5,11349.5,11349.5,0.0,0.0
2020-10-18 04:54:00,11349.5,11349.5,11349.5,11349.5,0.0,0.0
2020-10-18 04:55:00,11349.5,11349.5,11349.5,11349.5,0.0,0.0
2020-10-18 04:56:00,11349.5,11349.5,11348.0,11348.0,1.798,20403.704
2020-10-18 04:57:00,11348.0,11348.0,11347.0,11347.0,0.002,22.694
2020-10-18 04:58:00,11347.0,11347.0,11347.0,11347.0,0.0,0.0
2020-10-18 04:59:00,11347.0,11347.5,11347.0,11347.5,0.039,442.5525
2020-10-18 05:00:00,11347.5,11347.5,11347.0,11347.0,0.503,5707.541
2020-10-18 05:01:00,11347.0,11347.5,11347.0,11347.5,0.036,408.51
2020-10-18 05:02:00,11347.5,11349.5,11347.5,11349.5,0.774,8784.513
2020-10-18 05:03:00,11349.5,11349.5,11349.5,11349.5,0.0,0.0
2020-10-18 05:04:00,11349.5,11349.5,11349.5,11349.5,1.179,13381.0605
2020-10-18 05:05:00,11349.5,11349.5,11349.5,11349.5,0.0,0.0
2020-10-18 05:06:00,11349.5,11349.5,11349.5,11349.5,0.0,0.0
2020-10-18 05:07:00,11349.5,11350.0,11349.5,11349.5,0.002,22.699
2020-10-18 05:08:00,11349.5,11349.5,11349.5,11349.5,0.0,0.0
2020-10-18 05:09:00,11349.5,11350.0,11349.5,11350.0,0.24,2724.0
2020-10-18 05:10:00,11350.0,11350.0,11350.0,11350.0,0.0,0.0
2020-10-18 05:11:00,11350.0,11350.0,11350.0,11350.0,0.0,0.0
2020-10-18 05:12:00,11350.0,11350.0,11350.0,11350.0,0.0,0.0
2020-10-18 05:13:00,11350.0,11356.5,11350.0,11356.5,2.667,30287.7855
2020-10-18 05:14:00,11356.5,11356.5,11356.5,11356.5,0.0,0.0
2020-10-18 05:15:00,11356.5,11356.5,11356.5,11356.5,0.0,0.0
2020-10-18 05:16:00,11356.5,11356.5,11356.5,11356.5,0.0,0.0
2020-10-18 05:17:00,11356.5,11357.5,11356.5,11357.0,0.002,22.714
2020-10-18 05:18:00,11357.0,11357.5,11357.0,11357.5,0.084,954.03
2020-10-18 05:19:00,11357.5,11357.5,11357.5,11357.5,0.0,0.0
2020-10-18 05:20:00,11357.5,11357.5,11357.5,11357.5,0.5,5678.75
2020-10-18 05:21:00,11357.5,11358.0,11357.5,11357.5,2.16,24532.2
2020-10-18 05:22:00,11357.5,11358.0,11357.5,11358.0,6.144,69783.552
2020-10-18 05:23:00,11358.0,11360.0,11358.0,11360.0,0.913,10371.68
2020-10-18 05:24:00,11360.0,11360.5,11360.0,11360.0,2.455,27888.8
2020-10-18 05:25:00,11360.0,11360.0,11360.0,11360.0,0.64,7270.4
2020-10-18 05:26:00,11360.0,11360.0,11360.0,11360.0,0.721,8190.56
2020-10-18 05:27:00,11360.0,11360.5,11360.0,11360.0,0.002,22.72
2020-10-18 05:28:00,11360.0,11360.0,11360.0,11360.0,0.002,22.72
2020-10-18 05:29:00,11360.0,11360.0,11360.0,11360.0,0.02,227.2
2020-10-18 05:30:00,11360.0,11360.5,11360.0,11360.0,1.61,18289.6
2020-10-18 05:31:00,11360.0,11360.0,11360.0,11360.0,1.124,12768.64
2020-10-18 05:32:00,11360.0,11360.0,11354.5,11354.5,1.212,13761.654
2020-10-18 05:33:00,11354.5,11354.5,11354.0,11354.0,0.016,181.664
2020-10-18 05:34:00,11354.0,11354.0,11352.5,11352.5,0.068,771.97
2020-10-18 05:35:00,11352.5,11352.5,11352.5,11352.5,0.034,385.985
2020-10-18 05:36:00,11352.5,11353.0,11352.5,11352.5,0.144,1634.76
2020-10-18 05:37:00,11352.5,11353.0,11352.0,11352.0,1.002,11374.704
2020-10-18 05:38:00,11352.0,11352.0,11352.0,11352.0,0.0,0.0
2020-10-18 05:39:00,11352.0,11352.5,11352.0,11352.5,1.0,11352.5
2020-10-18 05:40:00,11352.5,11355.5,11352.5,11355.5,0.891,10117.7505
2020-10-18 05:41:00,11355.5,11355.5,11355.5,11355.5,0.0,0.0
2020-10-18 05:42:00,11355.5,11355.5,11355.5,11355.5,0.0,0.0
2020-10-18 05:43:00,11355.5,11355.5,11355.5,11355.5,0.0,0.0
2020-10-18 05:44:00,11355.5,11355.5,11355.5,11355.5,0.0,0.0
2020-10-18 05:45:00,11355.5,11356.0,11355.0,11356.0,1.685,19134.86
2020-10-18 05:46:00,11356.0,11356.0,11356.0,11356.0,0.0,0.0
2020-10-18 05:47:00,11356.0,11356.5,11356.0,11356.5,0.58,6586.77
2020-10-18 05:48:00,11356.5,11357.5,11356.5,11357.5,0.019,215.7925
2020-10-18 05:49:00,11357.5,11361.0,11357.5,11361.0,1.094,12428.934
2020-10-18 05:50:00,11361.0,11363.5,11361.0,11361.0,3.57,40558.77
2020-10-18 05:51:00,11361.0,11365.0,11361.0,11365.0,0.74,8410.1
2020-10-18 05:52:00,11365.0,11365.0,11365.0,11365.0,6.077,69065.105
2020-10-18 05:53:00,11365.0,11365.0,11364.5,11364.5,25.805,293260.9225
2020-10-18 05:54:00,11364.5,11365.0,11364.5,11365.0,5.206,59166.19
2020-10-18 05:55:00,11365.0,11365.0,11364.5,11365.0,20.689,235130.485
2020-10-18 05:56:00,11365.0,11366.0,11365.0,11366.0,2.16,24550.56
2020-10-18 05:57:00,11366.0,11367.0,11366.0,11367.0,0.483,5490.261
2020-10-18 05:58:00,11367.0,11368.0,11367.0,11368.0,1.018,11572.624
2020-10-18 05:59:00,11368.0,11368.0,11368.0,11368.0,0.0,0.0
2020-10-18 06:00:00,11368.0,11368.0,11355.5,11355.5,12.894,146417.817
2020-10-18 06:01:00,11355.5,11363.0,11355.0,11363.0,4.889,55553.707
2020-10-18 06:02:00,11363.0,11363.5,11363.0,11363.5,0.815,9261.2525
2020-10-18 06:03:00,11363.5,11363.5,11363.5,11363.5,0.0,0.0
2020-10-18 06:04:00,11363.5,11365.0,11363.5,11365.0,26.943,306207.195
2020-10-18 06:05:00,11365.0,11365.0,11365.0,11365.0,0.0,0.0
2020-10-18 06:06:00,11365.0,11369.0,11365.0,11369.0,3.263,37097.047
2020-10-18 06:07:00,11369.0,11369.0,11368.5,11368.5,0.002,22.737
2020-10-18 06:08:00,11368.5,11375.5,11368.5,11370.5,101.121,1149796.3305
2020-10-18 06:09:00,11370.5,11370.5,11370.5,11370.5,0.24,2728.92
2020-10-18 06:10:00,11370.5,11370.5,11370.0,11370.0,0.024,272.88
2020-10-18 06:11:00,11370.0,11370.0,11370.0,11370.0,0.165,1876.05
2020-10-18 06:12:00,11370.0,11378.5,11370.0,11378.5,3.122,35523.677
2020-10-18 06:13:00,11378.5,11378.5,11378.0,11378.0,0.102,1160.556
2020-10-18 06:14:00,11378.0,11378.0,11378.0,11378.0,0.01,113.78
2020-10-18 06:15:00,11378.0,11378.0,11378.0,11378.0,0.2,2275.6
2020-10-18 06:16:00,11378.0,11378.0,11378.0,11378.0,0.0,0.0
2020-10-18 06:17:00,11378.0,11378.5,11378.0,11378.0,0.102,1160.556
2020-10-18 06:18:00,11378.0,11379.0,11378.0,11379.0,1.108,12607.932
2020-10-18 06:19:00,11379.0,11379.0,11379.0,11379.0,0.009,102.411
2020-10-18 06:20:00,11379.0,11379.0,11379.0,11379.0,0.0,0.0
2020-10-18 06:21:00,11379.0,11379.0,11379.0,11379.0,0.139,1581.681
2020-10-18 06:22:00,11379.0,11379.5,11379.0,11379.5,0.158,1797.961
2020-10-18 06:23:00,11379.5,11379.5,11379.5,11379.5,0.0,0.0
2020-10-18 06:24:00,11379.5,11379.5,11379.5,11379.5,0.0,0.0
2020-10-18 06:25:00,11379.5,11379.5,11379.5,11379.5,0.0,0.0
2020-10-18 06:26:00,11379.5,11379.5,11379.5,11379.5,0.0,0.0
2020-10-18 06:27:00,11379.5,11379.5,11379.0,11379.0,0.002,22.758
2020-10-18 06:28:00,11379.0,11379.0,11379.0,11379.0,0.0,0.0
2020-10-18 06:29:00,11379.0,11379.0,11375.0,11375.0,3.471,39482.625
2020-10-18 06:30:00,11375.0,11376.0,11375.0,11376.0,4.354,49531.104
2020-10-18 06:31:00,11376.0,11377.5,11376.0,11377.5,0.473,5381.5575
2020-10-18 06:32:00,11377.5,11379.5,11377.5,11379.5,0.233,2651.4235
2020-10-18 06:33:00,11379.5,11379.5,11379.5,11379.5,0.0,0.0
2020-10-18 06:34:00,11379.5,11379.5,11379.5,11379.5,1.3,14793.35
2020-10-18 06:35:00,11379.5,11379.5,11379.5,11379.5,1.6,18207.2
2020-10-18 06:36:00,11379.5,11379.5,11379.5,11379.5,0.0,0.0
2020-10-18 06:37:00,11379.5,11380.0,11379.5,11380.0,0.457,5200.66
2020-10-18 06:38:00,11380.0,11380.0,11380.0,11380.0,0.11,1251.8
2020-10-18 06:39:00,11380.0,11380.0,11380.0,11380.0,0.218,2480.84
2020-10-18 06:40:00,11380.0,11380.0,11376.5,11376.5,0.134,1524.451
2020-10-18 06:41:00,11376.5,11376.5,11376.5,11376.5,0.0,0.0
2020-10-18 06:42:00,11376.5,11376.5,11376.5,11376.5,0.0,0.0
2020-10-18 06:43:00,11376.5,11376.5,11376.5,11376.5,0.0,0.0
2020-10-18 06:44:00,11376.5,11376.5,11376.5,11376.5,0.0,0.0
2020-10-18 06:45:00,11376.5,11376.5,11376.5,11376.5,0.5,5688.25
2020-10-18 06:46:00,11376.5,11376.5,11376.5,11376.5,0.0,0.0
2020-10-18 06:47:00,11376.5,11377.0,11376.5,11376.5,0.101,1149.0265
2020-10-18 06:48:00,11376.5,11376.5,11376.5,11376.5,0.058,659.837
2020-10-18 06:49:00,11376.5,11376.5,11376.0,11376.0,0.257,2923.632
2020-10-18 06:50:00,11376.0,11376.0,11373.5,11373.5,0.219,2490.7965
2020-10-18 06:51:00,11373.5,11373.5,11373.5,11373.5,0.035,398.0725
2020-10-18 06:52:00,11373.5,11374.0,11373.5,11374.0,0.24,2729.76
2020-10-18 06:53:00,11374.0,11375.0,11374.0,11375.0,1.455,16550.625
2020-10-18 06:54:00,11375.0,11377.0,11375.0,11377.0,1.706,19409.162
2020-10-18 06:55:00,11377.0,11377.0,11377.0,11377.0,0.8,9101.6
2020-10-18 06:56:00,11377.0,11377.0,11376.5,11376.5,0.005,56.8825
2020-10-18 06:57:00,11376.5,11377.0,11376.5,11376.5,0.002,22.753
2020-10-18 06:58:00,11376.5,11377.0,11376.5,11377.0,0.48,5460.96
2020-10-18 06:59:00,11377.0,11380.0,11377.0,11380.0,5.571,63397.98
2020-10-18 07:00:00,11380.0,11388.0,11380.0,11388.0,16.078,183096.264
2020-10-18 07:01:00,11388.0,11388.0,11387.5,11387.5,0.2,2277.5
2020-10-18 07:02:00,11387.5,11388.0,11387.5,11388.0,1.92,21864.96
2020-10-18 07:03:00,11388.0,11388.0,11387.5,11387.5,1.106,12594.575
2020-10-18 07:04:00,11387.5,11388.0,11387.5,11388.0,0.1,1138.8
2020-10-18 07:05:00,11388.0,11388.0,11387.5,11387.5,0.618,7037.475
2020-10-18 07:06:00,11387.5,11387.5,11387.5,11387.5,0.076,865.45
2020-10-18 07:07:00,11387.5,11388.0,11387.5,11387.5,0.446,5078.825
2020-10-18 07:08:00,11387.5,11388.0,11387.5,11388.0,0.45,5124.6
2020-10-18 07:09:00,11388.0,11388.0,11387.5,11387.5,3.491,39753.7625
2020-10-18 07:10:00,11387.5,11388.0,11387.5,11388.0,3.12,35530.56
2020-10-18 07:11:00,11388.0,11388.0,11388.0,11388.0,0.148,1685.424
2020-10-18 07:12:00,11388.0,11388.0,11388.0,11388.0,0.0,0.0
2020-10-18 07:13:00,11388.0,11388.0,11388.0,11388.0,0.041,466.908
2020-10-18 07:14:00,11388.0,11388.0,11387.5,11387.5,1.134,12913.425
2020-10-18 07:15:00,11387.5,11387.5,11387.5,11387.5,0.0,0.0
2020-10-18 07:16:00,11387.5,11387.5,11387.5,11387.5,2.433,27705.7875
2020-10-18 07:17:00,11387.5,11388.0,11387.5,11387.5,0.002,22.775
2020-10-18 07:18:00,11387.5,11387.5,11387.0,11387.0,10.713,121988.931
2020-10-18 07:19:00,11387.0,11387.0,11387.0,11387.0,0.0,0.0
2020-10-18 07:20:00,11387.0,11387.0,11383.5,11383.5,3.129,35618.9715
2020-10-18 07:21:00,11383.5,11383.5,11383.5,11383.5,0.0,0.0
2020-10-18 07:22:00,11383.5,11383.5,11383.5,11383.5,0.0,0.0
2020-10-18 07:23:00,11383.5,11383.5,11383.5,11383.5,0.0,0.0
2020-10-18 07:24:00,11383.5,11383.5,11383.5,11383.5,3.669,41766.0615
2020-10-18 07:25:00,11383.5,11385.5,11383.5,11385.5,0.021,239.0955
2020-10-18 07:26:00,11385.5,11385.5,11385.5,11385.5,0.0,0.0
2020-10-18 07:27:00,11385.5,11387.0,11385.5,11386.5,0.002,22.773
2020-10-18 07:28:00,11386.5,11386.5,11386.5,11386.5,0.0,0.0
2020-10-18 07:29:00,11386.5,11386.5,11386.5,11386.5,0.026,296.049
2020-10-18 07:30:00,11386.5,11387.0,11386.5,11386.5,2.721,30982.6665
2020-10-18 07:31:00,11386.5,11386.5,11386.5,11386.5,0.663,7549.2495
2020-10-18 07:32:00,11386.5,11386.5,11384.5,11384.5,1.229,13991.5505
2020-10-18 07:33:00,11384.5,11384.5,11384.0,11384.0,5.962,67871.408
2020-10-18 07:34:00,11384.0,11384.0,11384.0,11384.0,0.0,0.0
2020-10-18 07:35:00,11384.0,11384.0,11383.5,11383.5,0.011,125.2185
2020-10-18 07:36:00,11383.5,11383.5,11383.5,11383.5,0.0,0.0
2020-10-18 07:37:00,11383.5,11384.0,11383.5,11383.5,0.502,5714.517
2020-10-18 07:38:00,11383.5,11384.0,11383.5,11384.0,0.619,7046.696
2020-10-18 07:39:00,11384.0,11384.0,11384.0,11384.0,0.0,0.0
2020-10-18 07:40:00,11384.0,11384.0,11384.0,11384.0,0.0,0.0
2020-10-18 07:41:00,11384.0,11384.0,11376.0,11376.0,3.622,41203.872
2020-10-18 07:42:00,11376.0,11376.0,11375.5,11375.5,0.944,10738.472
2020-10-18 07:43:00,11375.5,11375.5,11375.0,11375.0,0.5,5687.5
2020-10-18 07:44:00,11375.0,11375.0,11375.0,11375.0,0.0,0.0
2020-10-18 07:45:00,11375.0,11375.5,11375.0,11375.5,0.322,3662.911
2020-10-18 07:46:00,11375.5,11375.5,11375.5,11375.5,0.0,0.0
2020-10-18 07:47:00,11375.5,11375.5,11374.0,11374.0,5.637,64115.238
2020-10-18 07:48:00,11374.0,11374.0,11368.0,11368.0,7.593,86317.224
2020-10-18 07:49:00,11368.0,11368.5,11368.0,11368.5,0.995,11311.6575
2020-10-18 07:50:00,11368.5,11368.5,11368.5,11368.5,0.0,0.0
2020-10-18 07:51:00,11368.5,11368.5,11368.5,11368.5,0.0,0.0
2020-10-18 07:52:00,11368.5,11368.5,11368.5,11368.5,0.0,0.0
2020-10-18 07:53:00,11368.5,11368.5,11368.0,11368.0,0.009,102.312
2020-10-18 07:54:00,11368.0,11368.0,11368.0,11368.0,0.0,0.0
2020-10-18 07:55:00,11368.0,11368.5,11368.0,11368.5,0.024,272.844
2020-10-18 07:56:00,11368.5,11368.5,11368.5,11368.5,0.0,0.0
2020-10-18 07:57:00,11368.5,11368.5,11368.0,11368.0,1.202,13664.336
2020-10-18 07:58:00,11368.0,11368.0,11368.0,11368.0,0.0,0.0
2020-10-18 07:59:00,11368.0,11368.0,11368.0,11368.0,0.0,0.0
2020-10-18 08:00:00,11368.0,11368.5,11368.0,11368.5,1.2,13642.2
2020-10-18 08:01:00,11368.5,11368.5,11368.5,11368.5,0.0,0.0
2020-10-18 08:02:00,11368.5,11368.5,11368.5,11368.5,0.0,0.0
2020-10-18 08:03:00,11368.5,11368.5,11368.5,11368.5,0.0,0.0
2020-10-18 08:04:00,11368.5,11368.5,11368.5,11368.5,0.0,0.0
2020-10-18 08:05:00,11368.5,11368.5,11368.5,11368.5,0.0,0.0
2020-10-18 08:06:00,11368.5,11368.5,11368.5,11368.5,0.0,0.0
2020-10-18 08:07:00,11368.5,11369.0,11368.5,11368.5,0.026,295.581
2020-10-18 08:08:00,11368.5,11368.5,11368.5,11368.5,0.0,0.0
2020-10-18 08:09:00,11368.5,11369.0,11368.5,11369.0,0.004,45.476
2020-10-18 08:10:00,11369.0,11369.0,11368.5,11368.5,0.045,511.5825
2020-10-18 08:11:00,11368.5,11368.5,11368.5,11368.5,0.6,6821.1
2020-10-18 08:12:00,11368.5,11371.0,11368.5,11371.0,0.631,7175.101
2020-10-18 08:13:00,11371.0,11371.0,11371.0,11371.0,0.0,0.0
2020-10-18 08:14:00,11371.0,11371.0,11371.0,11371.0,0.1,1137.1
2020-10-18 08:15:00,11371.0,11371.0,11371.0,11371.0,0.15,1705.65
2020-10-18 08:16:00,11371.0,11371.0,11371.0,11371.0,0.071,807.341
2020-10-18 08:17:00,11371.0,11371.0,11370.5,11371.0,0.706,8027.926
2020-10-18 08:18:00,11371.0,11373.0,11371.0,11373.0,6.647,75596.331
2020-10-18 08:19:00,11373.0,11374.5,11373.0,11374.5,0.004,45.498
2020-10-18 08:20:00,11374.5,11374.5,11374.5,11374.5,0.0,0.0
2020-10-18 08:21:00,11374.5,11374.5,11374.5,11374.5,0.0,0.0
2020-10-18 08:22:00,11374.5,11374.5,11374.5,11374.5,0.0,0.0
2020-10-18 08:23:00,11374.5,11375.0,11374.5,11375.0,1.507,17142.125
2020-10-18 08:24:00,11375.0,11375.0,11375.0,11375.0,0.0,0.0
2020-10-18 08:25:00,11375.0,11375.0,11375.0,11375.0,0.0,0.0
2020-10-18 08:26:00,11375.0,11375.5,11375.0,11375.5,1.0,11375.5
2020-10-18 08:27:00,11375.5,11375.5,11375.0,11375.0,0.62,7052.5
2020-10-18 08:28:00,11375.0,11375.0,11375.0,11375.0,0.0,0.0
2020-10-18 08:29:00,11375.0,11375.5,11375.0,11375.5,0.005,56.8775
2020-10-18 08:30:00,11375.5,11375.5,11375.5,11375.5,0.0,0.0
2020-10-18 08:31:00,11375.5,11375.5,11375.5,11375.5,0.0,0.0
2020-10-18 08:32:00,11375.5,11375.5,11375.5,11375.5,0.0,0.0
2020-10-18 08:33:00,11375.5,11375.5,11375.5,11375.5,0.0,0.0
2020-10-18 08:34:00,11375.5,11375.5,11375.5,11375.5,0.0,0.0
2020-10-18 08:35:00,11375.5,11375.5,11375.5,11375.5,17.513,199219.1315
2020-10-18 08:36:00,11375.5,11375.5,11375.5,11375.5,0.0,0.0
2020-10-18 08:37:00,11375.5,11375.5,11375.0,11375.0,0.002,22.75
2020-10-18 08:38:00,11375.0,11375.0,11375.0,11375.0,0.0,0.0
2020-10-18 08:39:00,11375.0,11375.0,11375.0,11375.0,0.8,9100.0
2020-10-18 08:40:00,11375.0,11375.0,11375.0,11375.0,0.2,2275.0
2020-10-18 08:41:00,11375.0,11375.0,11373.0,11373.0,14.82,168547.86
2020-10-18 08:42:00,11373.0,11373.0,11373.0,11373.0,0.15,1705.95
2020-10-18 08:43:00,11373.0,11373.0,11373.0,11373.0,0.0,0.0
2020-10-18 08:44:00,11373.0,11373.5,11373.0,11373.5,0.066,750.651
2020-10-18 08:45:00,11373.5,11373.5,11373.5,11373.5,0.0,0.0
2020-10-18 08:46:00,11373.5,11373.5,11373.5,11373.5,0.0,0.0
2020-10-18 08:47:00,11373.5,11375.5,11373.5,11375.0,0.052,591.5
2020-10-18 08:48:00,11375.0,11375.5,11375.0,11375.5,0.539,6131.3945
2020-10-18 08:49:00,11375.5,11377.0,11375.5,11377.0,1.233,14027.841
2020-10-18 08:50:00,11377.0,11377.0,11377.0,11377.0,0.0,0.0
2020-10-18 08:51:00,11377.0,11377.5,11377.0,11377.5,0.005,56.8875
2020-10-18 08:52:00,11377.5,11377.5,11377.5,11377.5,0.001,11.3775
2020-10-18 08:53:00,11377.5,11377.5,11377.5,11377.5,0.0,0.0
2020-10-18 08:54:00,11377.5,11377.5,11377.5,11377.5,0.0,0.0
2020-10-18 08:55:00,11377.5,11377.5,11377.5,11377.5,0.0,0.0
2020-10-18 08:56:00,11377.5,11377.5,11377.5,11377.5,0.0,0.0
2020-10-18 08:57:00,11377.5,11377.5,11377.0,11377.0,0.004,45.508
2020-10-18 08:58:00,11377.0,11377.0,11377.0,11377.0,0.0,0.0
2020-10-18 08:59:00,11377.0,11377.5,11377.0,11377.5,0.2,2275.5
2020-10-18 09:00:00,11377.5,11377.5,11377.0,11377.0,0.002,22.754
2020-10-18 09:01:00,11377.0,11377.0,11377.0,11377.0,0.7,7963.9
2020-10-18 09:02:00,11377.0,11377.0,11377.0,11377.0,0.0,0.0
2020-10-18 09:03:00,11377.0,11377.0,11377.0,11377.0,0.0,0.0
2020-10-18 09:04:00,11377.0,11377.0,11377.0,11377.0,0.0,0.0
2020-10-18 09:05:00,11377.0,11377.0,11377.0,11377.0,0.0,0.0
2020-10-18 09:06:00,11377.0,11377.0,11377.0,11377.0,0.0,0.0
2020-10-18 09:07:00,11377.0,11377.5,11377.0,11377.0,0.002,22.754
2020-10-18 09:08:00,11377.0,11377.0,11377.0,11377.0,0.0,0.0
2020-10-18 09:09:00,11377.0,11377.0,11369.5,11369.5,3.456,39292.992
2020-10-18 09:10:00,11369.5,11369.5,11369.5,11369.5,0.0,0.0
2020-10-18 09:11:00,11369.5,11369.5,11369.0,11369.0,0.1,1136.9
2020-10-18 09:12:00,11369.0,11369.0,11368.0,11368.0,1.0,11368.0
2020-10-18 09:13:00,11368.0,11368.0,11368.0,11368.0,0.0,0.0
2020-10-18 09:14:00,11368.0,11368.0,11368.0,11368.0,0.0,0.0
2020-10-18 09:15:00,11368.0,11368.0,11368.0,11368.0,0.0,0.0
2020-10-18 09:16:00,11368.0,11368.0,11368.0,11368.0,0.0,0.0
2020-10-18 09:17:00,11368.0,11368.5,11368.0,11368.0,0.002,22.736
2020-10-18 09:18:00,11368.0,11368.0,11367.5,11367.5,0.118,1341.365
2020-10-18 09:19:00,11367.5,11367.5,11367.5,11367.5,0.0,0.0
