timestamp,open,high,low,close,volume,turnover
2021-02-25 00:00:00,49673.0,49738.5,49659.5,49738.5,2.753,136930.0905
2021-02-25 00:01:00,49738.5,49816.0,49738.5,49816.0,4.404,219389.664
2021-02-25 00:02:00,49816.0,49880.0,49816.0,49872.5,4.5,224426.25
2021-02-25 00:03:00,49872.5,49872.5,49834.0,49867.0,8.535,425614.845
2021-02-25 00:04:00,49867.0,49911.5,49867.0,49911.5,5.792,289087.408
2021-02-25 00:05:00,49911.5,49917.5,49876.0,49917.5,9.655,481953.4625
2021-02-25 00:06:00,49917.5,49966.0,49917.5,49966.0,9.672,483271.152
2021-02-25 00:07:00,49966.0,49975.0,49941.0,49958.0,11.547,576865.026
2021-02-25 00:08:00,49958.0,49958.5,49874.5,49895.5,11.17,557332.735
2021-02-25 00:09:00,49895.5,49918.5,49878.5,49891.0,3.662,182700.842
2021-02-25 00:10:00,49891.0,49910.0,49829.0,49829.0,7.235,360512.815
2021-02-25 00:11:00,49829.0,49831.5,49813.0,49830.0,1.658,82618.14
2021-02-25 00:12:00,49830.0,49888.5,49829.5,49881.5,46.026,2295845.919
2021-02-25 00:13:00,49881.5,49900.5,49880.5,49900.0,4.866,242813.4
2021-02-25 00:14:00,49900.0,49900.0,49858.0,49872.0,7.928,395385.216
2021-02-25 00:15:00,49872.0,49872.0,49786.5,49787.0,6.588,327996.756
2021-02-25 00:16:00,49755.5,49807.5,49737.5,49786.5,20.437,1017486.7005
2021-02-25 00:17:00,49786.5,49786.5,49747.5,49780.5,12.997,646997.1585
2021-02-25 00:18:00,49780.5,49796.0,49759.5,49796.0,1.431,71258.076
2021-02-25 00:19:00,49796.0,49847.0,49796.0,49846.5,9.462,471647.583
2021-02-25 00:20:00,49846.5,49846.5,49779.0,49779.0,3.321,165316.059
2021-02-25 00:21:00,49779.0,49781.0,49728.5,49737.5,3.115,154932.3125
2021-02-25 00:22:00,49737.5,49737.5,49703.0,49729.0,8.25,410264.25
2021-02-25 00:23:00,49729.0,49729.0,49666.5,49666.5,8.882,441137.853
2021-02-25 00:24:00,49666.5,49715.5,49666.0,49690.0,1.555,77267.95
2021-02-25 00:25:00,49685.5,49718.5,49679.0,49679.0,4.296,213420.984
2021-02-25 00:26:00,49679.0,49679.0,49604.5,49618.5,11.114,551460.009
2021-02-25 00:27:00,49618.5,49643.0,49607.0,49607.0,2.721,134980.647
2021-02-25 00:28:00,49607.0,49607.0,49593.0,49597.0,6.067,300904.999
2021-02-25 00:29:00,49597.0,49601.5,49597.0,49601.0,5.382,266952.582
2021-02-25 00:30:00,49601.0,49610.0,49601.0,49603.0,9.158,454264.274
2021-02-25 00:31:00,49603.0,49646.5,49603.0,49635.5,24.132,1197803.886
2021-02-25 00:32:00,49635.5,49719.0,49635.5,49702.0,25.04,1244538.08
2021-02-25 00:33:00,49702.0,49702.0,49584.5,49584.5,6.076,301275.422
2021-02-25 00:34:00,49584.5,49638.5,49584.5,49620.5,11.926,591774.083
2021-02-25 00:35:00,49620.5,49625.0,49548.0,49548.0,6.105,302490.54
2021-02-25 00:36:00,49548.0,49548.0,49491.5,49491.5,26.739,1323353.2185
2021-02-25 00:37:00,49491.5,49524.0,49445.0,49494.5,27.473,1359762.3985
2021-02-25 00:38:00,49494.5,49494.5,49433.5,49449.5,9.841,486632.5295
2021-02-25 00:39:00,49449.5,49449.5,49370.0,49382.0,8.102,400092.964
2021-02-25 00:40:00,49382.0,49600.0,49381.5,49599.5,13.918,690325.841
2021-02-25 00:41:00,49599.5,49665.0,49485.5,49485.5,10.812,535037.226
2021-02-25 00:42:00,49485.5,49488.5,49397.5,49397.5,52.774,2606903.665
2021-02-25 00:43:00,49397.5,49405.0,49370.5,49384.0,19.279,952074.136
2021-02-25 00:44:00,49384.5,49419.0,49378.5,49392.5,34.712,1714512.46
2021-02-25 00:45:00,49392.5,49505.5,49383.0,49429.0,5.894,291334.526
2021-02-25 00:46:00,49429.0,49506.0,49405.0,49405.0,5.909,291934.145
2021-02-25 00:47:00,49405.0,49480.5,49395.0,49468.5,6.74,333417.69
2021-02-25 00:48:00,49468.5,49516.0,49456.5,49474.0,2.494,123388.156
2021-02-25 00:49:00,49471.0,49500.0,49438.0,49500.0,3.756,185922.0
2021-02-25 00:50:00,49500.0,49568.5,49500.0,49533.5,19.218,951934.803
2021-02-25 00:51:00,49533.5,49533.5,49516.5,49519.0,1.613,79874.147
2021-02-25 00:52:00,49519.0,49527.5,49474.0,49527.5,3.841,190235.1275
2021-02-25 00:53:00,49527.0,49527.0,49485.5,49486.0,0.482,23852.252
2021-02-25 00:54:00,49486.0,49500.5,49472.5,49500.0,2.19,108405.0
2021-02-25 00:55:00,49515.0,49545.0,49505.0,49505.0,10.128,501386.64
2021-02-25 00:56:00,49505.0,49509.0,49420.5,49432.5,4.059,200646.5175
2021-02-25 00:57:00,49432.5,49499.5,49432.5,49440.0,3.656,180752.64
2021-02-25 00:58:00,49440.0,49440.5,49397.0,49404.5,2.834,140012.353
2021-02-25 00:59:00,49404.5,49443.0,49401.0,49443.0,2.023,100023.189
2021-02-25 01:00:00,49443.0,49443.5,49252.5,49271.0,47.122,2321748.062
2021-02-25 01:01:00,49271.0,49298.0,49135.5,49140.0,39.313,1931840.82
2021-02-25 01:02:00,49140.0,49232.0,49140.0,49191.0,26.977,1327025.607
2021-02-25 01:03:00,49191.0,49226.5,49155.0,49200.5,3.053,150209.1265
2021-02-25 01:04:00,49200.5,49230.5,49200.0,49200.5,2.839,139680.2195
2021-02-25 01:05:00,49200.5,49207.0,49076.5,49081.0,18.384,902305.104
2021-02-25 01:06:00,49081.0,49081.5,48988.5,49009.0,24.033,1177833.297
2021-02-25 01:07:00,49009.0,49030.0,48994.0,49029.5,6.011,294716.3245
2021-02-25 01:08:00,49030.0,49038.0,48987.0,48987.0,4.733,231855.471
2021-02-25 01:09:00,48987.0,48987.5,48870.0,48906.5,51.833,2534970.6145
2021-02-25 01:10:00,48906.5,49064.0,48906.5,49041.0,19.83,972483.03
2021-02-25 01:11:00,49062.5,49113.0,49062.0,49081.0,7.944,389899.464
2021-02-25 01:12:00,49081.0,49081.0,48960.0,49000.0,32.587,1596763.0
2021-02-25 01:13:00,49000.0,49110.0,49000.0,49068.0,28.799,1413109.332
2021-02-25 01:14:00,49075.5,49090.0,49020.5,49021.0,2.62,128435.02
2021-02-25 01:15:00,49021.0,49213.5,48981.5,49213.5,14.554,716253.279
2021-02-25 01:16:00,49213.5,49239.5,49071.0,49071.0,6.724,329953.404
2021-02-25 01:17:00,49071.0,49163.5,49069.0,49159.0,2.677,131598.643
2021-02-25 01:18:00,49159.0,49187.5,49103.0,49115.0,3.267,160458.705
2021-02-25 01:19:00,49115.0,49115.0,49012.5,49027.0,6.467,317057.609
2021-02-25 01:20:00,49027.0,49152.0,49027.0,49149.0,2.952,145087.848
2021-02-25 01:21:00,49149.0,49149.0,49012.5,49012.5,6.361,311768.5125
2021-02-25 01:22:00,49000.0,49062.5,48981.0,49038.5,5.17,253529.045
2021-02-25 01:23:00,49038.5,49083.0,49038.5,49061.0,3.66,179563.26
2021-02-25 01:24:00,49061.0,49061.0,48972.5,48972.5,32.046,1569372.735
2021-02-25 01:25:00,48972.5,49067.0,48911.0,49010.0,54.133,2653058.33
2021-02-25 01:26:00,49010.0,49013.0,48950.5,48987.5,4.364,213781.45
2021-02-25 01:27:00,48987.5,49063.0,48987.5,49063.0,4.914,241095.582
2021-02-25 01:28:00,49063.0,49100.0,49043.0,49046.5,3.36,164796.24
2021-02-25 01:29:00,49046.5,49047.0,49006.0,49031.0,2.229,109290.099
2021-02-25 01:30:00,49031.0,49031.0,48908.5,48971.0,4.991,244414.261
2021-02-25 01:31:00,48971.0,49223.5,48971.0,49201.5,7.709,379294.3635
2021-02-25 01:32:00,49213.5,49226.5,49140.0,49189.5,8.664,426177.828
2021-02-25 01:33:00,49189.5,49279.5,49181.0,49278.0,9.38,462227.64
2021-02-25 01:34:00,49278.0,49299.5,49233.5,49261.5,2.369,116700.4935
2021-02-25 01:35:00,49261.5,49261.5,49181.5,49243.5,5.329,262418.6115
2021-02-25 01:36:00,49243.5,49243.5,49176.5,49176.5,2.098,103172.297
2021-02-25 01:37:00,49176.5,49176.5,49100.5,49171.0,6.588,323938.548
2021-02-25 01:38:00,49171.0,49201.0,49108.0,49108.0,0.801,39335.508
2021-02-25 01:39:00,49108.0,49108.0,49070.0,49083.0,4.05,198786.15
2021-02-25 01:40:00,49083.0,49132.5,49030.0,49132.5,2.281,112071.2325
2021-02-25 01:41:00,49132.5,49194.0,49105.0,49193.5,2.468,121409.558
2021-02-25 01:42:00,49193.5,49193.5,49113.5,49130.0,1.313,64507.69
2021-02-25 01:43:00,49130.0,49151.0,49126.5,49151.0,0.637,31309.187
2021-02-25 01:44:00,49151.0,49227.0,49151.0,49204.0,2.398,117991.192
2021-02-25 01:45:00,49204.0,49204.0,49100.0,49114.0,3.458,169836.212
2021-02-25 01:46:00,49114.0,49147.5,49105.5,49122.5,3.424,168195.44
2021-02-25 01:47:00,49122.5,49149.5,49106.5,49107.0,3.513,172512.891
2021-02-25 01:48:00,49107.0,49119.0,49042.5,49105.5,3.989,195881.8395
2021-02-25 01:49:00,49105.5,49105.5,48974.0,48974.0,7.388,361819.912
2021-02-25 01:50:00,48974.0,48986.0,48903.0,48928.5,7.264,355416.624
2021-02-25 01:51:00,48928.5,48942.5,48905.0,48942.0,15.561,761586.462
2021-02-25 01:52:00,48942.0,48986.0,48942.0,48985.0,1.567,76759.495
2021-02-25 01:53:00,48985.0,49050.0,48985.0,49007.0,9.724,476544.068
2021-02-25 01:54:00,49007.0,49007.5,48818.0,48835.5,11.996,585830.658
2021-02-25 01:55:00,48835.5,48921.0,48814.0,48921.0,13.45,657987.45
2021-02-25 01:56:00,48921.0,48955.5,48895.5,48929.0,2.324,113710.996
2021-02-25 01:57:00,48929.0,48929.0,48831.5,48831.5,8.886,433916.709
2021-02-25 01:58:00,48831.5,48880.0,48800.0,48879.5,7.582,370604.369
2021-02-25 01:59:00,48879.5,48938.0,48875.5,48936.5,5.303,259510.2595
2021-02-25 02:00:00,48936.5,48936.5,48800.0,48814.0,3.21,156692.94
2021-02-25 02:01:00,48814.0,48814.0,48678.0,48678.0,12.606,613634.868
2021-02-25 02:02:00,48678.0,48780.0,48677.0,48711.5,7.119,346777.1685
2021-02-25 02:03:00,48711.5,48727.0,48675.0,48716.5,7.6,370245.4
2021-02-25 02:04:00,48716.5,48814.5,48716.5,48764.0,1.661,80997.004
2021-02-25 02:05:00,48764.0,48909.0,48764.0,48899.5,11.149,545180.5255
2021-02-25 02:06:00,48899.5,48900.0,48661.0,48708.0,11.222,546601.176
2021-02-25 02:07:00,48708.0,48798.0,48680.0,48798.0,2.24,109307.52
2021-02-25 02:08:00,48798.0,48844.0,48771.0,48844.0,4.456,217648.864
2021-02-25 02:09:00,48844.0,48900.0,48812.0,48900.0,14.909,729050.1
2021-02-25 02:10:00,48900.0,48909.0,48881.0,48909.0,4.837,236572.833
2021-02-25 02:11:00,48909.0,49064.0,48909.0,48972.0,23.857,1168325.004
2021-02-25 02:12:00,48972.0,49004.5,48794.5,48798.0,16.267,793797.066
2021-02-25 02:13:00,48798.0,48844.0,48746.0,48746.0,10.51,512320.46
2021-02-25 02:14:00,48746.0,48750.0,48701.5,48706.0,16.127,785481.662
2021-02-25 02:15:00,48706.0,48894.0,48700.0,48875.5,13.233,646769.4915
2021-02-25 02:16:00,48875.5,48875.5,48714.0,48714.0,1.793,87344.202
2021-02-25 02:17:00,48712.0,48747.0,48711.0,48721.0,2.598,126577.158
2021-02-25 02:18:00,48721.0,48854.5,48721.0,48808.0,7.901,385632.008
2021-02-25 02:19:00,48808.0,48880.0,48807.0,48880.0,15.815,773037.2
2021-02-25 02:20:00,48880.0,48964.0,48872.0,48964.0,7.722,378100.008
2021-02-25 02:21:00,48964.0,49022.5,48921.0,48921.0,8.901,435445.821
2021-02-25 02:22:00,48921.0,49022.0,48900.0,49022.0,10.107,495465.354
2021-02-25 02:23:00,49022.0,49022.0,48869.0,48944.0,11.525,564079.6
2021-02-25 02:24:00,48944.0,49022.0,48944.0,48995.0,2.433,119204.835
2021-02-25 02:25:00,48995.0,48995.0,48951.5,48959.0,0.564,27612.876
2021-02-25 02:26:00,48973.0,48987.5,48973.0,48981.0,0.342,16751.502
2021-02-25 02:27:00,48981.0,49243.0,48981.0,49171.0,21.691,1066568.161
2021-02-25 02:28:00,49171.0,49188.5,49100.5,49122.0,8.706,427656.132
2021-02-25 02:29:00,49122.0,49212.0,49082.0,49176.0,25.4,1249070.4
2021-02-25 02:30:00,49176.0,49176.0,49070.0,49116.5,4.56,223971.24
2021-02-25 02:31:00,49116.5,49181.5,49108.5,49181.5,9.405,462552.0075
2021-02-25 02:32:00,49181.5,49207.0,49122.5,49123.0,2.553,125411.019
2021-02-25 02:33:00,49123.0,49123.0,49050.0,49050.0,7.359,360958.95
2021-02-25 02:34:00,49050.0,49071.0,48987.0,48987.0,4.474,219167.838
2021-02-25 02:35:00,48987.0,49046.0,48836.0,48836.0,26.36,1287316.96
2021-02-25 02:36:00,48836.0,48844.0,48750.0,48785.0,13.632,665037.12
2021-02-25 02:37:00,48785.0,48832.0,48711.0,48711.0,29.873,1455143.703
2021-02-25 02:38:00,48711.0,48791.0,48699.5,48770.5,13.323,649769.3715
2021-02-25 02:39:00,48770.0,48838.5,48769.5,48769.5,6.426,313392.807
2021-02-25 02:40:00,48769.5,48769.5,48673.5,48673.5,14.434,702553.299
2021-02-25 02:41:00,48673.5,48720.0,48603.5,48666.5,21.193,1031389.1345
2021-02-25 02:42:00,48666.5,48678.0,48612.0,48635.0,6.498,316030.23
2021-02-25 02:43:00,48635.0,48635.0,48602.0,48602.5,6.438,312902.895
2021-02-25 02:44:00,48602.5,48650.5,48581.0,48581.5,17.246,837836.549
2021-02-25 02:45:00,48581.5,48666.0,48570.0,48650.5,15.078,733552.239
2021-02-25 02:46:00,48650.5,48650.5,48500.0,48505.5,19.353,938726.9415
2021-02-25 02:47:00,48505.5,48586.0,48411.0,48420.0,22.219,1075843.98
2021-02-25 02:48:00,48420.0,48505.5,48400.0,48427.5,36.124,1749395.01
2021-02-25 02:49:00,48427.5,48427.5,48278.0,48323.0,67.563,3264846.849
2021-02-25 02:50:00,48323.0,48412.0,48284.5,48284.5,7.618,367831.321
2021-02-25 02:51:00,48284.5,48319.5,48234.0,48307.0,31.229,1508579.303
2021-02-25 02:52:00,48282.0,48412.5,48242.5,48412.5,6.978,337822.425
2021-02-25 02:53:00,48412.5,48488.0,48400.0,48420.5,6.753,326983.6365
2021-02-25 02:54:00,48420.5,48591.5,48412.0,48562.0,17.877,868142.874
2021-02-25 02:55:00,48562.0,48562.0,48388.0,48388.0,5.756,278521.328
2021-02-25 02:56:00,48388.0,48388.0,48275.0,48282.5,3.34,161263.55
2021-02-25 02:57:00,48282.5,48377.0,48271.0,48377.0,9.33,451357.41
2021-02-25 02:58:00,48377.0,48377.0,48239.0,48251.0,12.348,595803.348
2021-02-25 02:59:00,48251.0,48318.5,48240.0,48240.0,6.841,330009.84
2021-02-25 03:00:00,48240.0,48332.0,48230.0,48267.5,24.009,1158854.4075
2021-02-25 03:01:00,48267.5,48363.0,48267.5,48324.0,4.261,205908.564
2021-02-25 03:02:00,48323.5,48379.0,48298.5,48298.5,4.095,197782.3575
2021-02-25 03:03:00,48298.5,48353.0,48269.0,48306.0,22.142,1069591.452
2021-02-25 03:04:00,48306.0,48416.5,48306.0,48387.5,21.922,1060750.775
2021-02-25 03:05:00,48392.0,48592.5,48392.0,48558.0,7.041,341896.878
2021-02-25 03:06:00,48557.5,48557.5,48423.5,48423.5,3.843,186091.5105
2021-02-25 03:07:00,48423.5,48448.0,48355.5,48392.5,8.3,401657.75
2021-02-25 03:08:00,48392.5,48516.5,48392.5,48485.5,7.468,362089.714
2021-02-25 03:09:00,48485.5,48498.0,48427.0,48450.0,3.177,153925.65
2021-02-25 03:10:00,48455.5,48512.0,48455.5,48500.5,11.895,576913.4475
2021-02-25 03:11:00,48500.5,48542.0,48450.0,48507.0,1.658,80424.606
2021-02-25 03:12:00,48507.0,48507.0,48418.0,48466.5,9.674,468864.921
2021-02-25 03:13:00,48466.5,48497.5,48466.5,48497.0,1.489,72212.033
2021-02-25 03:14:00,48497.0,48517.5,48466.5,48517.5,3.966,192420.405
2021-02-25 03:15:00,48517.5,48517.5,48426.0,48451.0,3.132,151748.532
2021-02-25 03:16:00,48451.0,48497.5,48451.0,48459.5,6.003,290902.3785
2021-02-25 03:17:00,48459.5,48474.5,48410.0,48428.5,3.003,145430.7855
2021-02-25 03:18:00,48428.5,48428.5,48278.0,48287.0,22.088,1066563.256
2021-02-25 03:19:00,48278.0,48314.0,48257.5,48297.0,7.936,383284.992
2021-02-25 03:20:00,48296.5,48338.5,48296.5,48309.0,11.328,547244.352
2021-02-25 03:21:00,48309.0,48309.0,48200.0,48211.5,14.878,717290.697
2021-02-25 03:22:00,48211.5,48238.0,48210.0,48210.0,5.49,264672.9
2021-02-25 03:23:00,48210.0,48295.0,48159.0,48267.5,33.177,1601370.8475
2021-02-25 03:24:00,48267.5,48415.5,48267.5,48415.5,12.28,594542.34
2021-02-25 03:25:00,48415.5,48553.5,48363.0,48504.0,37.907,1838641.128
2021-02-25 03:26:00,48504.0,48745.0,48503.5,48744.5,33.856,1650293.792
2021-02-25 03:27:00,48744.5,48820.0,48676.5,48801.0,10.473,511092.873
2021-02-25 03:28:00,48801.0,48946.0,48774.0,48780.0,32.507,1585691.46
2021-02-25 03:29:00,48780.0,48849.5,48727.5,48770.0,31.436,1533133.72
2021-02-25 03:30:00,48770.0,48770.0,48680.0,48680.0,32.51,1582586.8
2021-02-25 03:31:00,48680.0,48680.0,48532.0,48608.5,35.667,1733719.3695
2021-02-25 03:32:00,48608.5,48671.0,48600.0,48600.0,20.17,980262.0
2021-02-25 03:33:00,48600.0,48600.5,48506.0,48511.0,8.469,410839.659
2021-02-25 03:34:00,48511.5,48536.0,48418.0,48502.5,26.379,1279447.4475
2021-02-25 03:35:00,48502.5,48543.0,48427.0,48429.5,4.185,202677.4575
2021-02-25 03:36:00,48430.0,48454.0,48393.0,48393.0,4.07,196959.51
2021-02-25 03:37:00,48376.0,48376.5,48256.5,48275.0,19.947,962941.425
2021-02-25 03:38:00,48275.0,48276.0,48234.5,48234.5,11.642,561546.049
2021-02-25 03:39:00,48234.5,48234.5,48162.0,48183.0,46.189,2225524.587
2021-02-25 03:40:00,48183.0,48183.0,48100.0,48103.0,22.924,1102713.172
2021-02-25 03:41:00,48103.0,48330.0,48103.0,48219.0,24.525,1182570.975
2021-02-25 03:42:00,48219.0,48277.5,48149.5,48269.5,18.37,886710.715
2021-02-25 03:43:00,48269.5,48387.5,48269.5,48387.5,36.697,1775676.0875
2021-02-25 03:44:00,48387.5,48404.0,48200.5,48201.0,19.138,922470.738
2021-02-25 03:45:00,48201.0,48325.0,48201.0,48325.0,26.021,1257464.825
2021-02-25 03:46:00,48338.0,48506.0,48338.0,48488.0,14.223,689644.824
2021-02-25 03:47:00,48488.0,48503.0,48359.0,48395.0,9.773,472964.335
2021-02-25 03:48:00,48395.0,48467.0,48395.0,48436.5,12.515,606182.7975
2021-02-25 03:49:00,48436.5,48436.5,48358.0,48358.0,3.457,167173.606
2021-02-25 03:50:00,48358.0,48358.5,48321.0,48321.0,4.391,212177.511
2021-02-25 03:51:00,48321.0,48388.0,48321.0,48388.0,5.124,247940.112
2021-02-25 03:52:00,48388.0,48418.5,48387.5,48418.5,12.973,628133.2005
2021-02-25 03:53:00,48418.5,48424.5,48416.5,48421.0,4.283,207387.143
2021-02-25 03:54:00,48421.0,48478.5,48414.0,48478.5,6.348,307741.518
2021-02-25 03:55:00,48478.5,48479.5,48460.5,48479.5,10.207,494830.2565
2021-02-25 03:56:00,48479.5,48526.0,48479.0,48526.0,26.254,1274001.604
2021-02-25 03:57:00,48526.0,48593.0,48526.0,48593.0,11.854,576021.422
2021-02-25 03:58:00,48593.0,48670.0,48593.0,48670.0,20.609,1003040.03
2021-02-25 03:59:00,48671.0,48709.5,48671.0,48709.5,2.804,136581.438
2021-02-25 04:00:00,48709.5,48781.5,48709.5,48781.5,6.064,295811.016
2021-02-25 04:01:00,48781.5,48856.5,48781.5,48856.5,54.171,2646605.4615
2021-02-25 04:02:00,48870.0,48895.5,48743.0,48743.0,55.597,2709964.571
2021-02-25 04:03:00,48743.0,48743.0,48578.5,48579.0,37.863,1839346.677
2021-02-25 04:04:00,48579.0,48903.5,48578.5,48903.5,68.578,3353704.223
2021-02-25 04:05:00,48903.5,48963.5,48807.5,48807.5,48.519,2368091.0925
2021-02-25 04:06:00,48807.5,48927.0,48767.0,48802.5,18.231,889718.3775
2021-02-25 04:07:00,48782.0,48833.0,48650.0,48803.0,24.65,1202993.95
2021-02-25 04:08:00,48803.0,48803.0,48700.0,48700.5,8.907,433775.3535
2021-02-25 04:09:00,48700.5,48704.5,48634.0,48704.5,7.796,379700.282
2021-02-25 04:10:00,48704.5,48706.5,48704.5,48706.5,1.091,53138.7915
2021-02-25 04:11:00,48715.0,48806.5,48658.5,48661.0,33.214,1616226.454
2021-02-25 04:12:00,48661.0,48725.5,48660.5,48725.5,6.03,293814.765
2021-02-25 04:13:00,48725.5,48746.0,48725.5,48745.0,10.464,510067.68
2021-02-25 04:14:00,48745.0,48745.0,48583.0,48583.0,10.712,520421.096
2021-02-25 04:15:00,48583.0,48678.5,48580.0,48632.0,11.056,537675.392
2021-02-25 04:16:00,48632.0,48632.0,48503.5,48623.5,35.965,1748744.1775
2021-02-25 04:17:00,48623.5,48757.0,48591.0,48757.0,6.57,320333.49
2021-02-25 04:18:00,48757.0,48762.5,48625.5,48722.5,3.141,153037.3725
2021-02-25 04:19:00,48722.0,48733.5,48714.5,48714.5,1.063,51783.5135
2021-02-25 04:20:00,48714.5,48758.5,48714.5,48758.5,6.893,336092.3405
2021-02-25 04:21:00,48797.5,48816.0,48738.5,48772.5,4.511,220012.7475
2021-02-25 04:22:00,48772.5,48846.0,48740.0,48846.0,8.591,419635.986
2021-02-25 04:23:00,48846.0,48846.0,48810.0,48820.0,5.661,276370.02
2021-02-25 04:24:00,48820.0,48843.5,48779.0,48843.0,4.496,219598.128
2021-02-25 04:25:00,48843.0,48912.0,48820.0,48912.0,3.495,170947.44
2021-02-25 04:26:00,48912.0,48928.0,48882.5,48914.0,8.25,403540.5
2021-02-25 04:27:00,48914.0,48914.0,48850.0,48872.5,8.31,406130.475
2021-02-25 04:28:00,48872.5,48872.5,48791.5,48809.5,9.106,444459.307
2021-02-25 04:29:00,48809.5,48896.0,48750.0,48875.5,34.659,1693975.9545
2021-02-25 04:30:00,48875.5,48875.5,48775.0,48799.0,2.244,109504.956
2021-02-25 04:31:00,48823.0,48871.5,48823.0,48854.5,8.083,394890.9235
2021-02-25 04:32:00,48854.5,49008.0,48854.5,48976.5,28.686,1404939.879
2021-02-25 04:33:00,48976.5,49206.0,48976.5,49192.0,63.586,3127922.512
2021-02-25 04:34:00,49193.0,49262.0,49186.0,49186.0,71.443,3513995.398
2021-02-25 04:35:00,49186.0,49491.5,49179.0,49486.5,89.037,4406129.5005
2021-02-25 04:36:00,49486.5,49486.5,49353.0,49375.5,36.141,1784479.9455
2021-02-25 04:37:00,49375.5,49518.0,49353.0,49438.0,24.922,1232093.836
2021-02-25 04:38:00,49438.0,49438.0,49384.0,49397.5,5.991,295940.4225
2021-02-25 04:39:00,49397.5,49533.0,49397.5,49445.5,28.623,1415278.5465
2021-02-25 04:40:00,49445.5,49445.5,49320.5,49326.5,19.661,969808.3165
2021-02-25 04:41:00,49326.5,49414.0,49301.5,49345.0,42.637,2103922.765
2021-02-25 04:42:00,49345.0,49345.0,49300.0,49301.5,8.599,423943.5985
2021-02-25 04:43:00,49301.5,49349.5,49288.0,49290.0,24.282,1196859.78
2021-02-25 04:44:00,49290.0,49384.0,49251.5,49381.5,12.702,627243.813
2021-02-25 04:45:00,49394.0,49394.0,49250.0,49271.0,5.44,268034.24
2021-02-25 04:46:00,49271.0,49300.5,49213.0,49213.0,22.988,1131308.444
2021-02-25 04:47:00,49212.0,49220.5,49183.5,49197.5,5.324,261927.49
2021-02-25 04:48:00,49197.5,49267.0,49124.0,49249.0,4.148,204284.852
2021-02-25 04:49:00,49277.0,49299.0,49212.0,49212.5,11.485,565205.5625
2021-02-25 04:50:00,49194.0,49299.0,49194.0,49249.0,4.511,222162.239
2021-02-25 04:51:00,49249.0,49406.5,49225.5,49390.0,7.963,393292.57
2021-02-25 04:52:00,49390.0,49404.0,49275.0,49287.0,3.407,167920.809
2021-02-25 04:53:00,49287.0,49454.0,49287.0,49447.0,2.709,133951.923
2021-02-25 04:54:00,49430.0,49442.5,49335.0,49346.5,2.535,125093.3775
2021-02-25 04:55:00,49346.5,49390.5,49345.0,49390.5,11.777,581671.9185
2021-02-25 04:56:00,49390.5,49454.0,49390.0,49453.5,0.752,37189.032
2021-02-25 04:57:00,49451.5,49456.0,49317.5,49332.0,8.92,440041.44
2021-02-25 04:58:00,49332.0,49332.0,49229.0,49252.0,4.562,224687.624
2021-02-25 04:59:00,49252.0,49323.5,49250.0,49300.0,2.167,106833.1
2021-02-25 05:00:00,49300.0,49440.5,49300.0,49440.5,16.42,811813.01
2021-02-25 05:01:00,49440.5,49550.5,49440.5,49529.5,36.425,1804112.0375
2021-02-25 05:02:00,49529.5,49529.5,49414.0,49420.5,8.193,404902.1565
2021-02-25 05:03:00,49420.5,49511.0,49420.0,49453.0,43.016,2127270.248
2021-02-25 05:04:00,49453.0,49462.0,49382.5,49382.5,6.539,322912.1675
2021-02-25 05:05:00,49382.5,49600.0,49382.5,49600.0,33.647,1668891.2
2021-02-25 05:06:00,49606.5,49739.5,49585.5,49739.5,18.265,908491.9675
2021-02-25 05:07:00,49739.5,49775.5,49664.5,49693.0,10.175,505626.275
2021-02-25 05:08:00,49693.0,49693.0,49570.0,49610.5,10.214,506721.647
2021-02-25 05:09:00,49610.5,49636.0,49551.0,49593.0,9.46,469149.78
2021-02-25 05:10:00,49593.0,49598.5,49523.5,49560.0,3.743,185503.08
2021-02-25 05:11:00,49561.0,49616.0,49561.0,49608.0,1.793,88947.144
2021-02-25 05:12:00,49608.0,49608.0,49503.5,49503.5,3.653,180836.2855
2021-02-25 05:13:00,49503.5,49602.5,49480.5,49589.5,4.67,231582.965
2021-02-25 05:14:00,49589.5,49616.0,49589.5,49612.0,2.134,105872.008
2021-02-25 05:15:00,49612.0,49694.5,49557.5,49694.5,7.487,372062.7215
2021-02-25 05:16:00,49694.5,49775.0,49673.0,49673.5,9.061,450091.5835
2021-02-25 05:17:00,49673.0,49713.0,49641.0,49659.5,10.467,519785.9865
2021-02-25 05:18:00,49648.0,49723.0,49631.0,49708.5,7.352,365456.892
2021-02-25 05:19:00,49708.5,49721.5,49663.5,49684.0,3.028,150443.152
2021-02-25 05:20:00,49684.0,49684.0,49626.0,49647.0,30.187,1498693.989
2021-02-25 05:21:00,49647.0,49650.0,49590.0,49603.0,7.559,374949.077
2021-02-25 05:22:00,49603.0,49749.5,49603.0,49642.0,13.987,694342.654
2021-02-25 05:23:00,49642.0,49663.0,49560.5,49560.5,14.224,704948.552
2021-02-25 05:24:00,49560.5,49656.0,49532.0,49584.0,7.132,353633.088
2021-02-25 05:25:00,49584.0,49635.0,49549.0,49549.0,5.497,272370.853
2021-02-25 05:26:00,49549.0,49663.5,49522.0,49645.0,11.637,577718.865
2021-02-25 05:27:00,49645.0,49718.5,49645.0,49671.0,27.289,1355471.919
2021-02-25 05:28:00,49671.0,49725.5,49643.0,49700.5,4.836,240351.618
2021-02-25 05:29:00,49700.5,49729.5,49678.5,49729.5,3.781,188027.2395
2021-02-25 05:30:00,49729.5,49809.5,49704.5,49809.5,14.716,732996.602
2021-02-25 05:31:00,49809.5,49985.5,49779.5,49922.5,46.096,2301227.56
2021-02-25 05:32:00,49922.5,49922.5,49765.5,49800.0,13.589,676732.2
2021-02-25 05:33:00,49800.0,49885.5,49755.0,49885.0,27.464,1370041.64
2021-02-25 05:34:00,49885.0,49946.0,49852.0,49946.0,8.674,433231.604
2021-02-25 05:35:00,49946.0,49950.0,49823.5,49898.0,7.694,383915.212
2021-02-25 05:36:00,49897.5,49898.0,49792.0,49870.0,7.666,382303.42
2021-02-25 05:37:00,49870.0,49879.0,49813.5,49846.0,5.844,291300.024
2021-02-25 05:38:00,49829.0,49829.0,49765.5,49798.5,5.606,279170.391
2021-02-25 05:39:00,49798.5,49824.5,49763.5,49763.5,6.315,314256.5025
2021-02-25 05:40:00,49763.5,49800.0,49755.0,49789.0,21.088,1049950.432
2021-02-25 05:41:00,49769.5,49833.0,49749.0,49832.5,9.605,478641.1625
2021-02-25 05:42:00,49832.5,49833.5,49800.0,49833.5,10.593,527886.2655
2021-02-25 05:43:00,49833.5,49876.0,49737.0,49753.0,48.304,2403268.912
2021-02-25 05:44:00,49753.0,49753.0,49597.0,49597.0,25.856,1282380.032
2021-02-25 05:45:00,49597.0,49681.0,49570.0,49681.0,8.119,403360.039
2021-02-25 05:46:00,49681.0,49757.5,49680.5,49757.5,5.52,274661.4
2021-02-25 05:47:00,49757.5,49868.5,49748.0,49868.5,16.464,821034.984
2021-02-25 05:48:00,49900.0,49927.5,49880.0,49927.5,23.091,1152875.9025
2021-02-25 05:49:00,49927.5,49999.0,49927.5,49965.0,9.973,498300.945
2021-02-25 05:50:00,49965.0,49980.0,49880.0,49979.5,11.829,591207.5055
2021-02-25 05:51:00,49979.5,50068.0,49979.5,50000.5,49.464,2473224.732
2021-02-25 05:52:00,50000.5,50130.5,50000.5,50079.0,19.572,980146.188
2021-02-25 05:53:00,50079.0,50116.5,50029.5,50116.0,10.471,524764.636
2021-02-25 05:54:00,50116.0,50160.0,50066.5,50160.0,24.593,1233584.88
2021-02-25 05:55:00,50151.5,50196.5,50130.5,50159.0,24.302,1218964.018
2021-02-25 05:56:00,50170.5,50397.5,50170.0,50385.5,67.278,3389835.669
2021-02-25 05:57:00,50385.5,50401.5,50306.0,50350.5,36.018,1813524.309
2021-02-25 05:58:00,50350.5,50351.0,50237.5,50277.0,34.427,1730886.279
2021-02-25 05:59:00,50277.0,50339.5,50252.0,50335.0,15.397,775007.995
2021-02-25 06:00:00,50335.0,50449.0,50334.5,50443.5,26.204,1321821.474
2021-02-25 06:01:00,50443.5,50488.5,50443.5,50480.5,23.233,1172813.4565
2021-02-25 06:02:00,50480.5,50634.5,50450.0,50521.0,60.363,3049599.123
2021-02-25 06:03:00,50521.0,50545.0,50383.0,50405.0,34.555,1741744.775
2021-02-25 06:04:00,50405.0,50540.5,50363.0,50404.0,18.243,919520.172
2021-02-25 06:05:00,50404.0,50453.5,50367.0,50400.0,8.001,403250.4
2021-02-25 06:06:00,50400.0,50442.5,50374.0,50408.5,5.756,290151.326
2021-02-25 06:07:00,50408.5,50501.5,50408.5,50472.0,10.907,550498.104
2021-02-25 06:08:00,50472.0,50497.5,50461.0,50469.0,3.489,176086.341
2021-02-25 06:09:00,50469.0,50469.0,50385.5,50440.5,13.734,692749.827
2021-02-25 06:10:00,50441.0,50453.5,50395.5,50395.5,17.97,905607.135
2021-02-25 06:11:00,50395.5,50407.0,50383.0,50407.0,6.974,351538.418
2021-02-25 06:12:00,50407.0,50520.0,50407.0,50520.0,6.439,325298.28
2021-02-25 06:13:00,50520.0,50861.0,50494.5,50842.5,95.208,4840612.74
2021-02-25 06:14:00,50842.5,50888.0,50789.5,50809.0,35.575,1807530.175
2021-02-25 06:15:00,50809.0,50868.0,50668.5,50712.5,32.944,1670672.6
2021-02-25 06:16:00,50712.5,50715.5,50600.5,50600.5,12.789,647129.7945
2021-02-25 06:17:00,50600.5,50647.0,50559.0,50616.5,21.618,1094227.497
2021-02-25 06:18:00,50616.5,50616.5,50530.0,50585.0,18.524,937036.54
2021-02-25 06:19:00,50585.0,50585.0,50515.5,50545.0,39.035,1973024.075
2021-02-25 06:20:00,50545.0,50547.0,50489.5,50489.5,12.302,621121.829
2021-02-25 06:21:00,50487.0,50526.5,50477.5,50526.0,14.725,743995.35
2021-02-25 06:22:00,50526.0,50650.0,50469.5,50650.0,20.968,1062029.2
2021-02-25 06:23:00,50650.0,50650.0,50521.0,50567.0,12.626,638458.942
2021-02-25 06:24:00,50567.0,50595.5,50522.5,50595.5,5.146,260364.443
2021-02-25 06:25:00,50595.5,50656.5,50531.5,50547.0,5.185,262086.195
2021-02-25 06:26:00,50547.0,50585.0,50530.0,50582.5,3.623,183260.3975
2021-02-25 06:27:00,50582.5,50625.0,50565.5,50616.5,3.235,163744.3775
2021-02-25 06:28:00,50616.5,50618.0,50593.0,50618.0,2.506,126848.708
2021-02-25 06:29:00,50618.0,50693.0,50544.0,50561.0,4.901,247799.461
2021-02-25 06:30:00,50561.0,50561.0,50496.0,50496.0,6.582,332364.672
2021-02-25 06:31:00,50496.0,50576.0,50496.0,50570.5,2.174,109940.267
2021-02-25 06:32:00,50570.5,50570.5,50492.5,50528.0,2.485,125562.08
2021-02-25 06:33:00,50544.5,50622.5,50544.5,50586.5,3.434,173714.041
2021-02-25 06:34:00,50586.5,50622.5,50572.5,50622.0,1.502,76034.244
2021-02-25 06:35:00,50622.0,50697.5,50622.0,50650.5,7.027,355921.0635
2021-02-25 06:36:00,50650.5,50651.0,50576.0,50585.5,4.269,215949.4995
2021-02-25 06:37:00,50585.5,50650.0,50585.5,50650.0,3.653,185024.45
2021-02-25 06:38:00,50650.0,50697.0,50649.5,50695.0,102.387,5190508.965
2021-02-25 06:39:00,50695.0,50695.0,50639.5,50695.0,13.447,681695.665
2021-02-25 06:40:00,50695.0,50858.0,50695.0,50857.5,51.529,2620636.1175
2021-02-25 06:41:00,50857.5,50888.0,50731.5,50812.5,144.691,7352111.4375
2021-02-25 06:42:00,50812.5,50850.0,50746.0,50849.5,9.866,501681.167
2021-02-25 06:43:00,50849.5,50881.0,50760.0,50812.0,9.033,458984.796
2021-02-25 06:44:00,50812.0,50920.0,50812.0,50867.5,24.458,1244117.315
2021-02-25 06:45:00,50874.0,50894.0,50826.5,50851.5,6.476,329314.314
2021-02-25 06:46:00,50851.5,50851.5,50737.5,50737.5,12.92,655528.5
2021-02-25 06:47:00,50737.5,50737.5,50678.0,50690.0,12.437,630431.53
2021-02-25 06:48:00,50690.0,50747.0,50654.5,50690.0,125.926,6383188.94
2021-02-25 06:49:00,50690.0,50700.0,50664.0,50700.0,2.922,148145.4
2021-02-25 06:50:00,50700.0,50746.0,50667.5,50667.5,21.267,1077545.7225
2021-02-25 06:51:00,50666.0,50680.5,50620.0,50680.5,10.183,516079.5315
2021-02-25 06:52:00,50680.5,50680.5,50601.5,50623.0,6.32,319937.36
2021-02-25 06:53:00,50623.0,50624.5,50583.5,50624.0,4.211,213177.664
2021-02-25 06:54:00,50624.0,50685.0,50624.0,50685.0,10.127,513286.995
2021-02-25 06:55:00,50685.0,50706.5,50605.5,50639.0,28.688,1452731.632
2021-02-25 06:56:00,50639.0,50662.0,50639.0,50662.0,0.85,43062.7
2021-02-25 06:57:00,50663.0,50701.0,50639.5,50700.5,8.764,444339.182
2021-02-25 06:58:00,50700.5,50761.5,50700.5,50754.5,19.433,986312.1985
2021-02-25 06:59:00,50754.5,50849.0,50754.5,50849.0,23.113,1175272.937
2021-02-25 07:00:00,50849.0,50850.0,50758.0,50758.0,16.13,818726.54
2021-02-25 07:01:00,50758.0,50818.5,50690.5,50818.5,17.015,864676.7775
2021-02-25 07:02:00,50818.5,50821.0,50720.0,50720.0,5.294,268511.68
2021-02-25 07:03:00,50720.0,50720.0,50614.0,50641.0,32.132,1627196.612
2021-02-25 07:04:00,50641.0,50730.0,50641.0,50714.0,13.699,694731.086
2021-02-25 07:05:00,50714.0,50714.0,50610.0,50610.5,3.748,189688.154
2021-02-25 07:06:00,50610.5,50658.0,50560.5,50637.5,7.111,360083.2625
2021-02-25 07:07:00,50637.5,50719.5,50637.5,50691.5,11.247,570127.3005
2021-02-25 07:08:00,50691.5,50708.5,50691.5,50708.0,5.14,260639.12
2021-02-25 07:09:00,50708.0,50724.0,50708.0,50724.0,4.806,243779.544
2021-02-25 07:10:00,50724.0,50724.0,50653.0,50707.0,21.148,1072351.636
2021-02-25 07:11:00,50707.0,50750.0,50707.0,50750.0,25.309,1284431.75
2021-02-25 07:12:00,50750.0,50790.5,50749.5,50780.5,9.373,475965.6265
2021-02-25 07:13:00,50780.5,50780.5,50728.0,50736.0,5.009,254136.624
2021-02-25 07:14:00,50736.0,50751.0,50675.0,50747.0,9.607,487526.429
2021-02-25 07:15:00,50747.0,50789.5,50747.0,50789.5,15.711,797953.8345
2021-02-25 07:16:00,50789.5,50790.0,50780.0,50780.5,7.367,374099.9435
2021-02-25 07:17:00,50780.5,50780.5,50700.0,50700.0,16.568,839997.6
2021-02-25 07:18:00,50700.0,50700.0,50623.5,50635.0,29.395,1488415.825
2021-02-25 07:19:00,50635.0,50635.0,50574.5,50615.5,37.583,1902282.3365
2021-02-25 07:20:00,50615.5,50657.5,50600.5,50657.5,14.728,746083.66
2021-02-25 07:21:00,50658.0,50675.0,50589.0,50589.5,12.029,608541.0955
2021-02-25 07:22:00,50589.5,50613.5,50465.0,50525.0,56.624,2860927.6
2021-02-25 07:23:00,50525.0,50525.0,50413.0,50413.0,45.223,2279827.099
2021-02-25 07:24:00,50413.0,50474.5,50413.0,50457.5,20.092,1013792.09
2021-02-25 07:25:00,50457.5,50468.0,50384.5,50453.0,146.708,7401858.724
2021-02-25 07:26:00,50453.0,50460.0,50404.0,50460.0,25.272,1275225.12
2021-02-25 07:27:00,50460.0,50481.0,50425.0,50481.0,5.306,267852.186
2021-02-25 07:28:00,50481.0,50534.5,50480.5,50534.5,11.785,595549.0825
2021-02-25 07:29:00,50534.5,50571.5,50509.5,50541.5,23.87,1206425.605
2021-02-25 07:30:00,50541.5,50608.5,50465.0,50608.5,12.812,648396.102
2021-02-25 07:31:00,50608.5,50667.5,50608.0,50659.0,37.078,1878334.402
2021-02-25 07:32:00,50659.0,50741.0,50626.0,50741.0,22.081,1120412.021
2021-02-25 07:33:00,50741.0,50783.5,50729.5,50729.5,31.66,1606095.97
2021-02-25 07:34:00,50729.5,50826.5,50729.5,50786.0,25.5,1295043.0
2021-02-25 07:35:00,50786.0,50786.5,50786.0,50786.0,16.774,851884.364
2021-02-25 07:36:00,50786.0,50814.5,50786.0,50810.5,38.649,1963775.0145
2021-02-25 07:37:00,50810.5,50810.5,50712.5,50730.5,12.952,657061.436
2021-02-25 07:38:00,50730.5,50760.0,50727.5,50750.5,2.686,136315.843
2021-02-25 07:39:00,50750.5,50812.0,50750.5,50810.0,11.611,589954.91
2021-02-25 07:40:00,50795.0,50795.0,50750.0,50762.0,8.783,445842.646
2021-02-25 07:41:00,50762.0,50762.0,50693.5,50693.5,2.049,103870.9815
2021-02-25 07:42:00,50693.5,50726.5,50682.5,50726.5,5.726,290459.939
2021-02-25 07:43:00,50726.5,50798.5,50726.5,50798.5,10.978,557665.933
2021-02-25 07:44:00,50798.5,50820.0,50754.5,50754.5,18.568,942409.556
2021-02-25 07:45:00,50754.5,50788.0,50722.0,50722.0,8.383,425202.526
2021-02-25 07:46:00,50722.0,50739.5,50688.5,50715.0,5.415,274621.725
2021-02-25 07:47:00,50715.0,50797.5,50715.0,50786.5,10.973,557280.2645
2021-02-25 07:48:00,50786.5,50833.0,50786.5,50813.5,12.893,655138.4555
2021-02-25 07:49:00,50813.5,50813.5,50720.0,50720.0,24.543,1244820.96
2021-02-25 07:50:00,50720.0,50770.0,50688.0,50750.0,10.246,519984.5
2021-02-25 07:51:00,50750.0,50766.5,50742.0,50761.0,3.966,201318.126
2021-02-25 07:52:00,50761.0,50761.5,50707.5,50707.5,7.535,382081.0125
2021-02-25 07:53:00,50707.5,50708.0,50681.5,50682.5,6.135,310937.1375
2021-02-25 07:54:00,50668.0,50692.0,50608.5,50622.5,16.474,833955.065
2021-02-25 07:55:00,50622.5,50640.0,50570.5,50580.0,5.559,281174.22
2021-02-25 07:56:00,50580.0,50612.0,50550.0,50612.0,8.844,447612.528
2021-02-25 07:57:00,50612.0,50612.0,50510.0,50563.5,10.271,519337.7085
2021-02-25 07:58:00,50563.5,50576.5,50534.0,50534.0,20.961,1059243.174
2021-02-25 07:59:00,50509.5,50571.0,50509.0,50528.5,8.352,422014.032
2021-02-25 08:00:00,50528.5,50618.5,50528.0,50618.5,13.349,675706.3565
2021-02-25 08:01:00,50618.5,50620.0,50542.0,50542.0,7.233,365570.286
2021-02-25 08:02:00,50542.0,50586.0,50524.5,50586.0,3.084,156007.224
2021-02-25 08:03:00,50586.0,50607.5,50539.0,50572.5,2.161,109287.1725
2021-02-25 08:04:00,50600.5,50629.5,50571.5,50620.5,4.739,239890.5495
2021-02-25 08:05:00,50620.5,50654.5,50587.0,50608.5,3.478,176016.363
2021-02-25 08:06:00,50608.5,50661.5,50596.0,50636.0,18.301,926689.436
2021-02-25 08:07:00,50636.0,50648.5,50617.0,50617.0,6.007,304056.319
2021-02-25 08:08:00,50617.0,50658.5,50617.0,50658.5,2.895,146656.3575
2021-02-25 08:09:00,50658.5,50720.5,50658.5,50696.5,10.486,531603.499
2021-02-25 08:10:00,50696.5,50738.5,50696.5,50722.5,3.251,164898.8475
2021-02-25 08:11:00,50722.5,50794.0,50722.5,50793.5,3.965,201396.2275
2021-02-25 08:12:00,50793.5,50813.5,50778.0,50778.0,18.468,937768.104
2021-02-25 08:13:00,50778.0,50778.0,50700.0,50746.5,19.707,1000061.2755
2021-02-25 08:14:00,50746.5,50804.0,50714.0,50804.0,12.705,645464.82
2021-02-25 08:15:00,50804.0,50804.0,50700.0,50738.5,7.006,355473.931
2021-02-25 08:16:00,50738.5,50738.5,50626.5,50653.5,20.411,1033888.5885
2021-02-25 08:17:00,50653.5,50667.5,50578.0,50622.5,9.951,503744.4975
2021-02-25 08:18:00,50622.5,50635.0,50582.5,50634.5,3.507,177575.1915
2021-02-25 08:19:00,50634.5,50687.0,50607.0,50650.5,36.337,1840487.2185
2021-02-25 08:20:00,50650.5,50650.5,50553.5,50622.5,16.733,847066.2925
2021-02-25 08:21:00,50622.5,50658.0,50622.5,50656.0,5.324,269692.544
2021-02-25 08:22:00,50656.0,50698.0,50656.0,50698.0,45.682,2315986.036
2021-02-25 08:23:00,50698.0,50713.0,50682.0,50706.5,5.876,297951.394
2021-02-25 08:24:00,50706.5,50728.0,50681.5,50728.0,5.982,303454.896
2021-02-25 08:25:00,50728.0,50728.0,50646.0,50659.5,8.905,451122.8475
2021-02-25 08:26:00,50659.5,50674.5,50613.5,50613.5,5.315,269010.7525
2021-02-25 08:27:00,50613.5,50626.0,50600.0,50626.0,6.499,329018.374
2021-02-25 08:28:00,50626.0,50677.0,50625.5,50675.0,9.247,468591.725
2021-02-25 08:29:00,50675.0,50677.5,50636.0,50677.5,2.932,148586.43
2021-02-25 08:30:00,50677.5,50677.5,50566.5,50571.5,4.25,214928.875
2021-02-25 08:31:00,50571.5,50591.5,50571.5,50572.0,6.264,316783.008
2021-02-25 08:32:00,50572.0,50667.0,50572.0,50600.5,1.952,98772.176
2021-02-25 08:33:00,50600.5,50608.5,50550.0,50550.5,4.909,248152.4045
2021-02-25 08:34:00,50550.5,50585.0,50550.0,50550.5,20.56,1039318.28
2021-02-25 08:35:00,50550.5,50550.5,50513.5,50516.0,9.438,476770.008
2021-02-25 08:36:00,50516.0,50572.5,50516.0,50561.0,4.562,230659.282
2021-02-25 08:37:00,50561.0,50561.0,50523.5,50523.5,3.915,197799.5025
2021-02-25 08:38:00,50523.5,50524.0,50505.5,50506.0,20.5,1035373.0
2021-02-25 08:39:00,50506.0,50587.5,50506.0,50587.5,4.301,217576.8375
2021-02-25 08:40:00,50587.5,50593.0,50541.0,50541.5,10.362,523711.023
2021-02-25 08:41:00,50541.5,50541.5,50505.0,50506.0,4.03,203539.18
2021-02-25 08:42:00,50506.0,50530.0,50506.0,50530.0,0.802,40525.06
2021-02-25 08:43:00,50530.0,50564.5,50529.5,50564.0,2.741,138595.924
2021-02-25 08:44:00,50564.0,50575.5,50534.0,50534.0,4.24,214264.16
2021-02-25 08:45:00,50534.0,50534.0,50487.0,50500.0,8.585,433542.5
2021-02-25 08:46:00,50500.0,50500.0,50244.5,50288.5,57.339,2883492.3015
2021-02-25 08:47:00,50271.5,50326.5,50231.5,50297.5,18.632,937143.02
2021-02-25 08:48:00,50297.5,50300.0,50250.0,50299.5,11.738,590415.531
2021-02-25 08:49:00,50299.5,50300.0,50208.0,50208.5,20.636,1036102.606
2021-02-25 08:50:00,50208.5,50267.0,50208.5,50227.5,12.003,602880.6825
2021-02-25 08:51:00,50227.5,50262.5,50227.5,50262.5,5.54,278454.25
2021-02-25 08:52:00,50262.5,50300.0,50262.5,50299.5,11.78,592528.11
2021-02-25 08:53:00,50299.5,50305.5,50299.0,50299.5,3.361,169056.6195
2021-02-25 08:54:00,50299.5,50299.5,50243.5,50280.0,5.815,292378.2
2021-02-25 08:55:00,50280.0,50344.0,50270.0,50335.5,10.064,506576.472
2021-02-25 08:56:00,50335.5,50343.0,50300.0,50311.5,4.518,227307.357
2021-02-25 08:57:00,50311.5,50343.5,50269.0,50269.0,8.922,448500.018
2021-02-25 08:58:00,50269.0,50312.0,50163.0,50227.5,32.25,1619836.875
2021-02-25 08:59:00,50227.5,50227.5,50129.0,50166.5,14.831,744019.3615
2021-02-25 09:00:00,50166.5,50290.0,50166.0,50290.0,11.117,559073.93
2021-02-25 09:01:00,50290.0,50298.0,50249.0,50272.0,7.281,366030.432
2021-02-25 09:02:00,50272.0,50272.0,50211.0,50251.0,4.251,213617.001
2021-02-25 09:03:00,50251.0,50300.0,50251.0,50300.0,2.479,124693.7
2021-02-25 09:04:00,50300.0,50320.0,50300.0,50320.0,4.943,248731.76
2021-02-25 09:05:00,50320.0,50336.5,50319.5,50336.0,3.623,182367.328
2021-02-25 09:06:00,50336.0,50336.5,50302.0,50318.5,3.285,165296.2725
2021-02-25 09:07:00,50326.5,50336.5,50324.5,50336.5,4.263,214584.4995
2021-02-25 09:08:00,50336.5,50362.0,50336.5,50338.5,6.357,320001.8445
2021-02-25 09:09:00,50338.5,50353.5,50314.5,50353.5,4.607,231978.5745
2021-02-25 09:10:00,50353.5,50379.5,50353.5,50379.5,16.597,836148.5615
2021-02-25 09:11:00,50379.5,50379.5,50320.5,50320.5,1.469,73920.8145
2021-02-25 09:12:00,50320.5,50337.0,50300.5,50337.0,12.346,621460.602
2021-02-25 09:13:00,50337.0,50360.0,50337.0,50360.0,1.095,55144.2
2021-02-25 09:14:00,50360.0,50373.0,50360.0,50368.5,1.509,76006.0665
2021-02-25 09:15:00,50368.5,50368.5,50322.5,50322.5,13.659,687355.0275
2021-02-25 09:16:00,50322.5,50371.5,50315.0,50371.5,2.95,148595.925
2021-02-25 09:17:00,50371.5,50371.5,50371.0,50371.5,0.214,10779.501
2021-02-25 09:18:00,50371.5,50380.0,50371.5,50380.0,2.937,147966.06
2021-02-25 09:19:00,50380.0,50380.0,50377.0,50377.5,1.164,58639.41
2021-02-25 09:20:00,50377.5,50377.5,50377.0,50377.5,1.631,82165.7025
2021-02-25 09:21:00,50377.5,50436.5,50377.5,50436.5,26.456,1334348.044
2021-02-25 09:22:00,50436.5,50486.0,50431.5,50431.5,4.638,233901.297
2021-02-25 09:23:00,50431.5,50432.5,50431.0,50431.0,4.867,245447.677
2021-02-25 09:24:00,50431.0,50465.5,50415.5,50428.5,7.89,397880.865
2021-02-25 09:25:00,50435.5,50484.5,50415.5,50415.5,3.933,198284.1615
2021-02-25 09:26:00,50414.5,50414.5,50334.5,50335.0,4.64,233554.4
2021-02-25 09:27:00,50335.0,50335.5,50300.0,50300.0,3.42,172026.0
2021-02-25 09:28:00,50300.0,50330.0,50227.5,50249.0,13.801,693486.449
2021-02-25 09:29:00,50249.0,50293.5,50192.5,50263.0,8.412,422812.356
2021-02-25 09:30:00,50263.0,50295.5,50182.5,50182.5,16.018,803823.285
2021-02-25 09:31:00,50182.5,50193.0,50120.0,50120.0,18.756,940050.72
2021-02-25 09:32:00,50120.0,50194.0,50110.5,50111.0,10.213,511783.643
2021-02-25 09:33:00,50110.5,50170.0,50065.0,50170.0,18.363,921271.71
2021-02-25 09:34:00,50170.0,50170.0,50050.0,50055.0,19.777,989937.735
2021-02-25 09:35:00,50073.5,50109.0,50040.0,50040.5,7.566,378606.423
2021-02-25 09:36:00,50040.5,50054.0,49931.0,49931.5,27.16,1356139.54
2021-02-25 09:37:00,49959.5,49991.0,49908.5,49936.0,14.543,726219.248
2021-02-25 09:38:00,49936.0,49985.0,49890.0,49890.0,24.041,1199405.49
2021-02-25 09:39:00,49890.0,49994.0,49890.0,49939.0,12.286,613550.554
2021-02-25 09:40:00,49945.5,50000.0,49945.5,49986.0,13.697,684658.242
2021-02-25 09:41:00,49983.0,50048.5,49971.5,50048.5,14.132,707285.402
2021-02-25 09:42:00,50048.5,50055.5,49946.0,49993.5,9.999,499885.0065
2021-02-25 09:43:00,49993.5,50026.0,49979.5,50022.5,3.449,172527.6025
2021-02-25 09:44:00,50022.5,50083.0,50022.5,50083.0,6.029,301950.407
2021-02-25 09:45:00,50083.0,50125.0,50052.0,50125.0,11.924,597690.5
2021-02-25 09:46:00,50125.0,50225.0,50124.5,50210.0,24.882,1249325.22
2021-02-25 09:47:00,50210.0,50261.0,50200.0,50260.5,12.398,623129.679
2021-02-25 09:48:00,50260.5,50271.0,50214.0,50214.5,9.98,501140.71
2021-02-25 09:49:00,50214.5,50234.0,50165.0,50215.0,6.99,351002.85
2021-02-25 09:50:00,50215.0,50308.0,50215.0,50308.0,22.287,1121214.396
2021-02-25 09:51:00,50308.0,50308.5,50190.0,50261.5,27.831,1398827.8065
2021-02-25 09:52:00,50261.5,50269.0,50232.0,50269.0,6.311,317247.659
2021-02-25 09:53:00,50269.0,50269.0,50231.0,50269.0,3.63,182476.47
2021-02-25 09:54:00,50269.0,50269.0,50268.5,50268.5,2.052,103150.962
2021-02-25 09:55:00,50268.5,50370.5,50268.5,50370.5,33.256,1675121.348
2021-02-25 09:56:00,50370.5,50371.0,50283.0,50283.0,8.507,427757.481
2021-02-25 09:57:00,50283.0,50323.0,50283.0,50318.5,5.11,257127.535
2021-02-25 09:58:00,50318.0,50371.0,50310.5,50364.5,8.251,415557.4895
2021-02-25 09:59:00,50364.5,50364.5,50289.0,50310.0,4.306,216634.86
2021-02-25 10:00:00,50310.0,50310.0,50255.5,50273.0,6.378,320641.194
2021-02-25 10:01:00,50273.0,50287.5,50250.0,50250.0,1.703,85575.75
2021-02-25 10:02:00,50250.0,50313.5,50250.0,50286.5,5.015,252186.7975
2021-02-25 10:03:00,50286.5,50286.5,50240.0,50240.0,1.831,91989.44
2021-02-25 10:04:00,50240.0,50294.5,50240.0,50260.0,5.634,283164.84
2021-02-25 10:05:00,50260.0,50260.0,50166.0,50214.0,10.649,534728.886
2021-02-25 10:06:00,50214.0,50263.5,50204.0,50204.0,21.57,1082900.28
2021-02-25 10:07:00,50204.0,50204.0,50142.5,50142.5,3.82,191544.35
2021-02-25 10:08:00,50142.5,50142.5,50051.0,50056.5,9.695,485297.7675
2021-02-25 10:09:00,50056.5,50070.0,49966.0,50005.0,16.527,826432.635
2021-02-25 10:10:00,50005.0,50005.0,49923.0,49960.0,13.458,672361.68
2021-02-25 10:11:00,49961.5,50022.5,49907.5,49958.0,6.584,328923.472
2021-02-25 10:12:00,49958.0,50036.0,49929.5,50013.0,5.131,256616.703
2021-02-25 10:13:00,50012.5,50076.0,50012.5,50033.0,10.853,543008.149
2021-02-25 10:14:00,50033.0,50118.5,50033.0,50045.0,7.173,358972.785
2021-02-25 10:15:00,50045.0,50089.5,50032.5,50083.5,1.726,86444.121
2021-02-25 10:16:00,50083.5,50083.5,50021.5,50059.0,5.742,287438.778
2021-02-25 10:17:00,50059.0,50100.0,50059.0,50082.5,1.867,93504.0275
2021-02-25 10:18:00,50086.0,50097.5,50028.0,50046.5,3.308,165553.822
2021-02-25 10:19:00,50046.5,50112.0,50046.0,50070.0,7.668,383936.76
2021-02-25 10:20:00,50070.0,50100.0,50030.0,50030.0,24.481,1224784.43
2021-02-25 10:21:00,50030.0,50030.0,49906.0,49908.5,20.459,1021078.0015
2021-02-25 10:22:00,49908.5,49943.5,49850.0,49859.0,26.097,1301170.323
2021-02-25 10:23:00,49856.5,49903.0,49785.0,49785.0,29.063,1446901.455
2021-02-25 10:24:00,49785.0,49845.5,49785.0,49827.5,10.524,524384.61
2021-02-25 10:25:00,49827.5,49827.5,49720.5,49750.0,19.319,961120.25
2021-02-25 10:26:00,49750.0,49796.5,49710.0,49737.5,8.614,428438.825
2021-02-25 10:27:00,49737.5,49833.0,49737.5,49778.5,13.047,649460.0895
2021-02-25 10:28:00,49778.5,49778.5,49655.0,49682.5,16.391,814345.8575
2021-02-25 10:29:00,49682.5,49683.0,49632.5,49683.0,52.674,2617002.342
2021-02-25 10:30:00,49683.0,49780.0,49683.0,49763.5,11.117,553220.8295
2021-02-25 10:31:00,49763.5,49805.0,49705.0,49777.5,5.906,293985.915
2021-02-25 10:32:00,49777.5,49799.0,49640.5,49645.5,26.954,1338144.807
2021-02-25 10:33:00,49632.5,49673.0,49584.0,49650.5,25.393,1260775.1465
2021-02-25 10:34:00,49650.5,49793.5,49650.5,49772.5,18.651,928306.8975
2021-02-25 10:35:00,49772.5,49822.0,49737.0,49750.0,8.054,400686.5
2021-02-25 10:36:00,49750.0,49750.0,49680.0,49728.0,6.819,339095.232
2021-02-25 10:37:00,49728.0,49868.0,49728.0,49833.5,7.631,380279.4385
2021-02-25 10:38:00,49833.5,49880.0,49820.5,49839.5,10.614,528996.453
2021-02-25 10:39:00,49839.5,49839.5,49767.0,49791.0,4.052,201753.132
2021-02-25 10:40:00,49791.0,49820.0,49782.5,49809.5,2.058,102507.951
2021-02-25 10:41:00,49809.5,49833.0,49767.0,49767.0,6.655,331199.385
2021-02-25 10:42:00,49767.0,49822.5,49767.0,49800.0,6.901,343669.8
2021-02-25 10:43:00,49786.5,49822.0,49772.0,49822.0,1.578,78619.116
2021-02-25 10:44:00,49822.0,49823.0,49791.0,49799.5,4.49,223599.755
2021-02-25 10:45:00,49799.5,49840.5,49778.5,49791.0,9.257,460915.287
2021-02-25 10:46:00,49791.0,49791.0,49728.0,49728.5,5.981,297426.1585
2021-02-25 10:47:00,49728.5,49740.0,49670.0,49740.0,7.236,359918.64
2021-02-25 10:48:00,49740.0,49811.0,49739.5,49789.5,6.061,301774.1595
2021-02-25 10:49:00,49789.5,49848.5,49789.5,49848.5,2.986,148847.621
2021-02-25 10:50:00,49848.5,49890.0,49830.0,49879.5,8.427,420334.5465
2021-02-25 10:51:00,49879.5,49920.0,49850.0,49919.5,5.025,250845.4875
2021-02-25 10:52:00,49919.5,49926.0,49905.0,49905.0,7.824,390456.72
2021-02-25 10:53:00,49905.0,49938.5,49905.0,49930.0,4.885,243908.05
2021-02-25 10:54:00,49910.0,49910.0,49879.0,49896.0,6.76,337296.96
2021-02-25 10:55:00,49896.0,49907.5,49855.0,49875.0,3.765,187779.375
2021-02-25 10:56:00,49875.0,49875.0,49730.5,49741.0,7.73,384497.93
2021-02-25 10:57:00,49741.0,49836.5,49741.0,49836.5,7.54,375767.21
2021-02-25 10:58:00,49836.5,49867.0,49783.0,49783.0,3.499,174190.717
2021-02-25 10:59:00,49783.0,49799.0,49693.5,49742.0,11.263,560244.146
2021-02-25 11:00:00,49742.0,49742.0,49651.0,49651.0,30.133,1496133.583
2021-02-25 11:01:00,49651.0,49701.0,49603.0,49685.0,17.603,874605.055
2021-02-25 11:02:00,49685.0,49830.5,49685.0,49830.5,18.016,897746.288
2021-02-25 11:03:00,49830.5,49850.0,49784.0,49850.0,8.218,409667.3
2021-02-25 11:04:00,49850.0,50044.0,49833.5,50032.0,33.396,1670868.672
2021-02-25 11:05:00,50032.0,50266.0,50032.0,50190.5,50.339,2526539.5795
2021-02-25 11:06:00,50190.5,50207.5,50132.5,50184.0,9.53,478253.52
2021-02-25 11:07:00,50184.0,50185.5,50126.0,50170.0,8.436,423234.12
2021-02-25 11:08:00,50170.0,50170.0,50108.0,50148.0,12.042,603882.216
2021-02-25 11:09:00,50148.0,50186.0,50092.0,50185.5,14.633,734364.4215
2021-02-25 11:10:00,50185.5,50228.0,50160.5,50179.0,19.041,955458.339
2021-02-25 11:11:00,50179.0,50179.0,50121.5,50121.5,1.569,78640.6335
2021-02-25 11:12:00,50121.5,50121.5,50100.0,50104.5,2.513,125912.6085
2021-02-25 11:13:00,50104.5,50104.5,50099.0,50099.0,3.209,160767.691
2021-02-25 11:14:00,50095.0,50095.0,50001.5,50002.0,13.609,680477.218
2021-02-25 11:15:00,50002.0,50094.5,50002.0,50094.5,8.988,450249.366
2021-02-25 11:16:00,50094.5,50099.0,50052.5,50099.0,3.392,169935.808
2021-02-25 11:17:00,50099.0,50145.0,50096.0,50096.5,13.5,676302.75
2021-02-25 11:18:00,50096.5,50096.5,50010.0,50010.0,3.466,173334.66
2021-02-25 11:19:00,50010.0,50032.0,50001.5,50009.0,32.896,1645096.064
2021-02-25 11:20:00,50009.0,50009.0,49902.5,49902.5,11.031,550474.4775
2021-02-25 11:21:00,49902.5,49991.0,49902.5,49991.0,9.309,465366.219
2021-02-25 11:22:00,49991.0,50051.0,49984.0,50051.0,32.611,1632213.161
2021-02-25 11:23:00,50051.0,50077.0,50000.5,50000.5,18.082,904109.041
2021-02-25 11:24:00,50000.5,50164.5,50000.5,50162.5,18.762,941148.825
2021-02-25 11:25:00,50162.5,50197.0,50145.0,50197.0,21.627,1085610.519
2021-02-25 11:26:00,50198.0,50327.0,50198.0,50326.5,35.956,1809539.634
2021-02-25 11:27:00,50326.5,50370.0,50280.5,50330.0,27.187,1368321.71
2021-02-25 11:28:00,50330.0,50460.5,50285.0,50400.5,34.235,1725461.1175
2021-02-25 11:29:00,50400.5,50425.0,50392.5,50392.5,4.545,229033.9125
2021-02-25 11:30:00,50392.5,50541.0,50392.5,50472.0,60.526,3054868.272
2021-02-25 11:31:00,50472.0,50472.0,50358.5,50411.0,16.305,821951.355
2021-02-25 11:32:00,50411.0,50411.0,50376.0,50390.0,5.383,271249.37
2021-02-25 11:33:00,50390.0,50390.0,50321.0,50321.0,9.298,467884.658
2021-02-25 11:34:00,50321.0,50395.0,50321.0,50360.0,4.956,249584.16
2021-02-25 11:35:00,50360.0,50394.5,50337.0,50346.0,38.871,1956999.366
2021-02-25 11:36:00,50346.0,50346.0,50301.0,50301.0,9.017,453564.117
2021-02-25 11:37:00,50301.0,50322.5,50288.5,50288.5,3.447,173344.4595
2021-02-25 11:38:00,50288.5,50435.0,50279.0,50427.0,43.237,2180312.199
2021-02-25 11:39:00,50427.0,50435.0,50383.0,50390.0,34.974,1762339.86
2021-02-25 11:40:00,50390.5,50431.5,50339.0,50339.5,10.923,549858.3585
2021-02-25 11:41:00,50339.5,50401.0,50339.5,50366.5,7.67,386311.055
2021-02-25 11:42:00,50366.5,50404.0,50366.5,50397.0,12.617,635858.949
2021-02-25 11:43:00,50397.0,50450.0,50397.0,50401.0,12.101,609902.501
2021-02-25 11:44:00,50401.0,50455.0,50401.0,50445.5,4.981,251269.0355
2021-02-25 11:45:00,50445.5,50471.0,50436.5,50466.5,12.487,630175.1855
2021-02-25 11:46:00,50466.5,50467.0,50453.5,50467.0,3.148,158870.116
2021-02-25 11:47:00,50467.0,50523.0,50467.0,50499.5,21.631,1092354.6845
2021-02-25 11:48:00,50499.5,50500.0,50499.5,50499.5,2.505,126501.2475
2021-02-25 11:49:00,50499.5,50500.0,50425.5,50429.5,14.022,707122.449
2021-02-25 11:50:00,50429.5,50511.0,50429.5,50464.0,11.571,583918.944
2021-02-25 11:51:00,50464.0,50464.0,50400.0,50400.0,11.353,572191.2
2021-02-25 11:52:00,50400.0,50426.5,50360.0,50360.0,7.204,362793.44
2021-02-25 11:53:00,50360.0,50368.0,50330.5,50330.5,7.366,370734.463
2021-02-25 11:54:00,50330.5,50343.0,50322.0,50322.5,9.72,489134.7
2021-02-25 11:55:00,50322.5,50341.0,50291.5,50291.5,9.234,464391.711
2021-02-25 11:56:00,50291.5,50315.0,50267.0,50290.5,15.512,780106.236
2021-02-25 11:57:00,50290.0,50308.5,50276.5,50308.5,18.33,922154.805
2021-02-25 11:58:00,50308.5,50350.0,50308.5,50328.5,27.897,1404014.1645
2021-02-25 11:59:00,50328.5,50363.0,50328.5,50340.0,15.215,765923.1
2021-02-25 12:00:00,50340.0,50427.0,50335.0,50427.0,11.449,577338.723
2021-02-25 12:01:00,50427.0,50427.0,50383.0,50410.5,16.737,843720.5385
2021-02-25 12:02:00,50410.5,50460.5,50410.0,50460.5,12.263,618797.1115
2021-02-25 12:03:00,50460.0,50460.5,50403.5,50424.5,12.545,632575.3525
2021-02-25 12:04:00,50424.5,50439.5,50420.0,50439.5,10.31,520031.245
2021-02-25 12:05:00,50439.5,50479.5,50439.5,50447.0,11.372,573683.284
2021-02-25 12:06:00,50447.0,50447.0,50380.0,50380.0,17.501,881700.38
2021-02-25 12:07:00,50380.0,50380.0,50301.5,50302.0,7.292,366802.184
2021-02-25 12:08:00,50315.0,50362.5,50306.0,50306.0,2.703,135977.118
2021-02-25 12:09:00,50306.0,50422.0,50306.0,50372.5,10.174,512489.815
2021-02-25 12:10:00,50372.5,50372.5,50306.0,50329.0,4.909,247065.061
2021-02-25 12:11:00,50329.0,50410.0,50329.0,50404.5,1.261,63560.0745
2021-02-25 12:12:00,50404.5,50470.0,50387.0,50403.5,4.65,234376.275
2021-02-25 12:13:00,50403.5,50464.5,50403.5,50462.0,6.766,341425.892
2021-02-25 12:14:00,50462.0,50490.0,50454.5,50454.5,10.43,526240.435
2021-02-25 12:15:00,50454.5,50455.0,50424.0,50424.0,1.421,71652.504
2021-02-25 12:16:00,50424.0,50424.0,50383.5,50395.5,7.345,370154.9475
2021-02-25 12:17:00,50395.5,50474.5,50395.5,50474.5,16.441,829851.2545
2021-02-25 12:18:00,50474.5,50515.0,50474.5,50506.0,20.171,1018756.526
2021-02-25 12:19:00,50506.0,50515.5,50506.0,50515.5,5.084,256820.802
2021-02-25 12:20:00,50515.5,50580.0,50500.0,50500.0,13.966,705283.0
2021-02-25 12:21:00,50500.0,50500.5,50425.0,50428.5,44.144,2226115.704
2021-02-25 12:22:00,50428.5,50477.5,50417.5,50475.0,12.483,630079.425
2021-02-25 12:23:00,50475.0,50529.0,50475.0,50487.5,14.257,719800.2875
2021-02-25 12:24:00,50487.5,50489.0,50443.0,50449.0,3.905,197003.345
2021-02-25 12:25:00,50449.0,50498.0,50449.0,50478.0,1.295,65369.01
2021-02-25 12:26:00,50478.0,50524.5,50461.5,50461.5,12.135,612350.3025
2021-02-25 12:27:00,50461.5,50483.5,50460.5,50483.5,0.578,29179.463
2021-02-25 12:28:00,50483.5,50500.0,50483.5,50498.0,3.267,164976.966
2021-02-25 12:29:00,50498.0,50500.0,50477.0,50485.5,3.835,193611.8925
2021-02-25 12:30:00,50485.5,50516.5,50485.5,50510.5,4.939,249471.3595
2021-02-25 12:31:00,50510.5,50510.5,50474.5,50474.5,14.744,744196.028
2021-02-25 12:32:00,50474.5,50474.5,50395.5,50395.5,18.049,909588.3795
2021-02-25 12:33:00,50395.5,50455.5,50352.0,50352.0,19.273,970434.096
2021-02-25 12:34:00,50350.5,50404.0,50337.0,50353.5,14.595,734909.3325
2021-02-25 12:35:00,50353.5,50358.5,50301.0,50350.5,8.791,442631.2455
2021-02-25 12:36:00,50350.5,50401.0,50350.5,50397.5,10.784,543486.64
2021-02-25 12:37:00,50397.5,50397.5,50250.0,50250.0,25.798,1296349.5
2021-02-25 12:38:00,50236.0,50335.5,50236.0,50290.5,11.031,554754.5055
2021-02-25 12:39:00,50290.5,50321.0,50241.5,50241.5,3.626,182175.679
2021-02-25 12:40:00,50241.5,50241.5,50181.0,50226.5,10.477,526223.0405
2021-02-25 12:41:00,50226.5,50270.0,50226.0,50270.0,5.272,265023.44
2021-02-25 12:42:00,50270.0,50306.5,50270.0,50288.5,2.94,147848.19
2021-02-25 12:43:00,50288.5,50347.0,50288.5,50347.0,8.365,421152.655
2021-02-25 12:44:00,50347.0,50397.5,50347.0,50376.5,6.252,314953.878
2021-02-25 12:45:00,50376.5,50477.0,50376.5,50470.0,13.793,696132.71
2021-02-25 12:46:00,50485.0,50540.0,50454.0,50529.0,24.371,1231442.259
2021-02-25 12:47:00,50529.0,50531.0,50480.0,50505.5,9.196,464448.578
2021-02-25 12:48:00,50505.5,50507.5,50486.5,50499.0,20.847,1052752.653
2021-02-25 12:49:00,50499.0,50499.0,50469.0,50494.5,7.101,358561.4445
2021-02-25 12:50:00,50494.5,50500.0,50483.0,50499.5,3.992,201594.004
2021-02-25 12:51:00,50499.5,50500.0,50480.0,50480.0,2.608,131651.84
2021-02-25 12:52:00,50480.0,50521.0,50444.0,50521.0,17.56,887148.76
2021-02-25 12:53:00,50521.0,50535.5,50506.0,50535.0,19.492,985028.22
2021-02-25 12:54:00,50535.0,50535.0,50445.0,50464.0,38.957,1965926.048
2021-02-25 12:55:00,50464.0,50500.0,50464.0,50486.0,1.42,71690.12
2021-02-25 12:56:00,50486.0,50500.0,50486.0,50499.5,1.738,87768.131
2021-02-25 12:57:00,50499.5,50517.5,50480.0,50480.0,3.012,152045.76
2021-02-25 12:58:00,50480.0,50500.5,50476.5,50488.5,15.237,769293.2745
2021-02-25 12:59:00,50488.5,50496.0,50477.0,50496.0,1.759,88822.464
2021-02-25 13:00:00,50496.0,50499.5,50427.0,50477.0,3.767,190146.859
2021-02-25 13:01:00,50477.0,50500.0,50459.5,50486.0,2.444,123387.784
2021-02-25 13:02:00,50486.0,50486.0,50424.5,50424.5,12.275,618960.7375
2021-02-25 13:03:00,50424.5,50450.0,50422.5,50443.5,1.643,82878.6705
2021-02-25 13:04:00,50443.5,50445.5,50432.5,50440.0,2.782,140324.08
2021-02-25 13:05:00,50440.0,50453.5,50424.0,50441.5,1.346,67894.259
2021-02-25 13:06:00,50441.5,50441.5,50360.5,50360.5,13.883,699154.8215
2021-02-25 13:07:00,50360.5,50417.5,50360.0,50383.0,2.888,145506.104
2021-02-25 13:08:00,50383.0,50406.5,50376.0,50385.0,3.183,160375.455
2021-02-25 13:09:00,50385.0,50421.0,50385.0,50420.0,6.632,334385.44
2021-02-25 13:10:00,50420.0,50440.0,50405.5,50405.5,4.703,237057.0665
2021-02-25 13:11:00,50405.5,50520.0,50405.5,50492.0,10.762,543394.904
2021-02-25 13:12:00,50492.0,50492.0,50452.5,50453.0,2.555,128907.415
2021-02-25 13:13:00,50453.0,50479.5,50442.5,50470.0,8.455,426723.85
2021-02-25 13:14:00,50470.0,50470.0,50469.5,50470.0,0.197,9942.59
2021-02-25 13:15:00,50470.0,50490.5,50469.5,50490.0,13.942,703931.58
2021-02-25 13:16:00,50490.0,50490.0,50460.0,50467.0,4.322,218118.374
2021-02-25 13:17:00,50467.0,50496.0,50443.5,50496.0,12.245,618323.52
2021-02-25 13:18:00,50496.0,50496.0,50476.5,50494.5,1.511,76297.1895
2021-02-25 13:19:00,50494.5,50500.0,50487.5,50488.0,2.031,102541.128
2021-02-25 13:20:00,50488.0,50500.0,50487.5,50500.0,4.486,226543.0
2021-02-25 13:21:00,50499.5,50499.5,50454.0,50454.0,7.347,370685.538
2021-02-25 13:22:00,50454.0,50454.5,50417.0,50429.5,8.539,430617.5005
2021-02-25 13:23:00,50429.5,50469.5,50429.5,50469.0,3.24,163519.56
2021-02-25 13:24:00,50469.0,50469.5,50431.5,50437.5,0.842,42468.375
2021-02-25 13:25:00,50437.5,50438.0,50419.5,50438.0,3.856,194488.928
2021-02-25 13:26:00,50438.0,50438.0,50425.0,50425.0,0.824,41550.2
2021-02-25 13:27:00,50425.0,50433.0,50415.0,50425.5,7.776,392108.688
2021-02-25 13:28:00,50425.5,50425.5,50425.0,50425.5,3.232,162975.216
2021-02-25 13:29:00,50425.5,50425.5,50405.0,50406.5,4.041,203692.6665
2021-02-25 13:30:00,50406.5,50416.0,50400.0,50416.0,30.636,1544544.576
2021-02-25 13:31:00,50416.0,50505.0,50416.0,50504.5,11.334,572418.003
2021-02-25 13:32:00,50504.5,50505.0,50374.0,50407.5,11.246,566882.745
2021-02-25 13:33:00,50407.5,50407.5,50260.5,50280.0,27.668,1391147.04
2021-02-25 13:34:00,50280.0,50280.5,50168.0,50233.5,61.346,3081624.291
2021-02-25 13:35:00,50233.5,50310.0,50233.5,50300.0,14.557,732217.1
2021-02-25 13:36:00,50300.0,50388.0,50300.0,50365.5,20.307,1022772.2085
2021-02-25 13:37:00,50365.5,50399.0,50362.0,50362.5,6.301,317334.1125
2021-02-25 13:38:00,50362.5,50362.5,50284.0,50333.0,34.716,1747360.428
2021-02-25 13:39:00,50333.0,50388.0,50333.0,50387.5,5.849,294716.4875
2021-02-25 13:40:00,50387.5,50387.5,50319.0,50319.5,5.221,262718.1095
2021-02-25 13:41:00,50319.5,50369.5,50319.5,50369.5,5.4,271995.3
2021-02-25 13:42:00,50369.5,50369.5,50265.5,50265.5,9.726,488882.253
2021-02-25 13:43:00,50265.5,50303.0,50208.5,50233.0,12.325,619121.725
2021-02-25 13:44:00,50233.0,50244.0,50139.5,50193.5,33.253,1669084.4555
2021-02-25 13:45:00,50193.5,50243.5,50123.0,50134.5,17.072,855896.184
2021-02-25 13:46:00,50134.5,50159.5,50055.0,50086.5,19.754,989408.721
2021-02-25 13:47:00,50086.5,50177.0,50086.0,50177.0,16.256,815677.312
2021-02-25 13:48:00,50177.0,50178.0,50070.0,50070.5,15.448,773489.084
2021-02-25 13:49:00,50070.5,50080.0,49991.0,50039.5,12.677,634350.7415
2021-02-25 13:50:00,50039.5,50039.5,49970.0,50002.5,15.315,765788.2875
2021-02-25 13:51:00,50002.5,50066.5,49957.0,49957.0,22.502,1124132.414
2021-02-25 13:52:00,49957.5,49999.5,49922.0,49979.0,15.988,799064.252
2021-02-25 13:53:00,49979.0,50055.5,49978.5,49979.0,13.548,677115.492
2021-02-25 13:54:00,49979.0,49995.5,49892.5,49995.5,21.599,1079852.8045
2021-02-25 13:55:00,49995.5,50040.0,49995.5,50040.0,13.532,677141.28
2021-02-25 13:56:00,50040.0,50049.0,50018.5,50026.5,9.844,492460.866
2021-02-25 13:57:00,50026.5,50049.0,50026.5,50049.0,2.187,109457.163
2021-02-25 13:58:00,50049.0,50075.0,50008.0,50075.0,17.223,862441.725
2021-02-25 13:59:00,50075.0,50091.0,50028.0,50091.0,11.622,582157.602
2021-02-25 14:00:00,50091.0,50100.0,50028.5,50055.0,6.368,318750.24
2021-02-25 14:01:00,50055.0,50084.0,50032.5,50033.0,11.038,552264.254
2021-02-25 14:02:00,50033.0,50060.0,50033.0,50060.0,1.393,69733.58
2021-02-25 14:03:00,50060.0,50060.0,50000.0,50000.0,6.486,324300.0
2021-02-25 14:04:00,50000.0,50046.5,49950.5,50035.5,11.032,551991.636
2021-02-25 14:05:00,50035.5,50061.0,50023.5,50024.0,2.759,138016.216
2021-02-25 14:06:00,50024.0,50024.0,49950.0,50000.0,5.877,293850.0
2021-02-25 14:07:00,50020.0,50048.0,50019.5,50047.5,3.107,155497.5825
2021-02-25 14:08:00,50047.5,50048.0,50027.0,50027.0,3.44,172092.88
2021-02-25 14:09:00,50027.0,50055.5,50027.0,50055.5,4.265,213486.7075
2021-02-25 14:10:00,50057.0,50119.0,50057.0,50118.5,14.291,716243.4835
2021-02-25 14:11:00,50118.5,50118.5,50070.5,50112.5,9.745,488346.3125
2021-02-25 14:12:00,50112.5,50112.5,50085.5,50085.5,5.314,266154.347
2021-02-25 14:13:00,50085.5,50086.0,50070.5,50076.5,9.823,491901.4595
2021-02-25 14:14:00,50076.5,50077.0,50074.5,50076.0,4.309,215777.484
2021-02-25 14:15:00,50076.0,50076.0,50050.0,50065.5,4.428,221690.034
2021-02-25 14:16:00,50065.5,50065.5,50019.5,50019.5,9.561,478236.4395
2021-02-25 14:17:00,50019.5,50020.0,49990.0,50008.0,6.551,327602.408
2021-02-25 14:18:00,50008.0,50048.5,50008.0,50048.5,7.04,352341.44
2021-02-25 14:19:00,50050.0,50053.5,50050.0,50053.0,2.34,117124.02
2021-02-25 14:20:00,50053.0,50053.5,50035.5,50036.0,6.881,344297.716
2021-02-25 14:21:00,50036.0,50036.0,50035.5,50035.5,1.373,68698.7415
2021-02-25 14:22:00,50035.5,50053.0,50014.5,50014.5,14.501,725260.2645
2021-02-25 14:23:00,50014.5,50014.5,49953.0,49992.0,18.584,929051.328
2021-02-25 14:24:00,49992.0,49992.0,49840.0,49876.5,38.336,1912065.504
2021-02-25 14:25:00,49876.5,49876.5,49750.0,49780.0,34.408,1712830.24
2021-02-25 14:26:00,49780.0,49810.5,49766.0,49769.0,14.689,731056.841
2021-02-25 14:27:00,49769.0,49769.0,49620.0,49650.5,62.337,3095063.2185
2021-02-25 14:28:00,49650.5,49771.0,49650.0,49739.5,24.699,1228515.9105
2021-02-25 14:29:00,49739.5,49797.0,49739.5,49756.0,16.943,843015.908
2021-02-25 14:30:00,49756.0,49866.0,49756.0,49824.0,15.164,755531.136
2021-02-25 14:31:00,49795.5,49867.5,49795.5,49865.0,31.538,1572642.37
2021-02-25 14:32:00,49864.5,49865.0,49772.5,49799.5,6.913,344263.9435
2021-02-25 14:33:00,49799.5,49868.0,49799.5,49867.5,5.881,293270.7675
2021-02-25 14:34:00,49867.5,49882.0,49824.5,49840.5,6.476,322767.078
2021-02-25 14:35:00,49840.5,49881.0,49840.5,49872.0,4.136,206270.592
2021-02-25 14:36:00,49872.0,49872.0,49805.5,49805.5,7.13,355113.215
2021-02-25 14:37:00,49805.5,49840.5,49641.5,49686.0,8.882,441311.052
2021-02-25 14:38:00,49686.0,49686.0,49379.5,49480.0,150.989,7470935.72
2021-02-25 14:39:00,49480.0,49493.0,49259.5,49299.5,43.83,2160797.085
2021-02-25 14:40:00,49299.5,49455.0,49290.0,49455.0,47.519,2350052.145
2021-02-25 14:41:00,49440.5,49440.5,49414.0,49425.0,6.56,324228.0
2021-02-25 14:42:00,49426.5,49475.0,49331.0,49359.0,23.463,1158110.217
2021-02-25 14:43:00,49359.0,49475.0,49330.0,49475.0,20.79,1028585.25
2021-02-25 14:44:00,49475.0,49490.0,49300.0,49337.5,26.3,1297576.25
2021-02-25 14:45:00,49337.5,49451.0,49308.5,49428.0,15.967,789216.876
2021-02-25 14:46:00,49428.0,49460.0,49320.5,49326.5,5.09,251071.885
2021-02-25 14:47:00,49320.5,49367.0,49177.0,49226.5,33.69,1658440.785
2021-02-25 14:48:00,49226.5,49227.5,49100.0,49141.0,60.272,2961826.352
2021-02-25 14:49:00,49141.0,49276.0,49140.0,49207.5,22.283,1096490.7225
2021-02-25 14:50:00,49175.0,49249.0,49000.0,49068.5,47.404,2326043.174
2021-02-25 14:51:00,49055.0,49137.5,49000.0,49137.5,44.621,2192564.3875
2021-02-25 14:52:00,49137.5,49205.5,49137.5,49202.0,25.892,1273938.184
2021-02-25 14:53:00,49202.0,49245.5,49116.0,49116.0,17.074,838606.584
2021-02-25 14:54:00,49116.0,49137.5,48955.5,48972.0,23.521,1151870.412
2021-02-25 14:55:00,48972.0,49000.0,48853.0,48925.5,50.284,2460169.842
2021-02-25 14:56:00,48925.5,49086.5,48925.5,49086.5,36.92,1812273.58
2021-02-25 14:57:00,49086.5,49150.0,49005.0,49014.5,16.503,808886.2935
2021-02-25 14:58:00,49014.5,49023.5,48926.0,48955.0,14.473,708525.715
2021-02-25 14:59:00,48940.5,49025.5,48940.5,49006.0,26.249,1286358.494
2021-02-25 15:00:00,49006.0,49138.5,49006.0,49138.5,19.438,955154.163
2021-02-25 15:01:00,49138.5,49157.0,48912.0,48963.0,23.741,1162430.583
2021-02-25 15:02:00,48963.0,49068.0,48963.0,49068.0,8.802,431896.536
2021-02-25 15:03:00,49068.0,49114.0,49020.0,49020.5,10.566,517950.603
2021-02-25 15:04:00,49020.5,49037.5,48980.0,48999.0,4.125,202120.875
2021-02-25 15:05:00,48999.5,49084.5,48999.5,49050.0,7.63,374251.5
2021-02-25 15:06:00,49049.5,49248.5,49049.5,49218.5,59.952,2950747.512
2021-02-25 15:07:00,49218.5,49220.0,49165.0,49197.5,8.071,397073.0225
2021-02-25 15:08:00,49186.5,49221.5,49180.5,49199.5,13.689,673491.9555
2021-02-25 15:09:00,49199.5,49220.0,49178.0,49196.5,12.935,636356.7275
2021-02-25 15:10:00,49196.5,49217.0,49104.0,49132.5,13.714,673803.105
2021-02-25 15:11:00,49132.0,49160.0,49024.0,49024.5,25.817,1265665.5165
2021-02-25 15:12:00,49024.5,49041.5,48919.5,48935.5,44.759,2190304.0445
2021-02-25 15:13:00,48935.5,48935.5,48728.5,48763.0,96.656,4713236.528
2021-02-25 15:14:00,48763.0,48900.0,48664.0,48837.5,78.611,3839164.7125
2021-02-25 15:15:00,48837.5,49036.5,48782.5,49000.5,36.441,1785627.2205
2021-02-25 15:16:00,49000.0,49101.0,48999.0,49080.5,34.898,1712811.289
2021-02-25 15:17:00,49080.5,49150.0,49080.5,49090.5,17.309,849707.4645
2021-02-25 15:18:00,49090.5,49131.0,49050.0,49131.0,11.834,581416.254
2021-02-25 15:19:00,49131.0,49131.0,49079.5,49099.5,4.688,230178.456
2021-02-25 15:20:00,49099.5,49137.5,49068.0,49068.5,5.388,264381.078
2021-02-25 15:21:00,49068.5,49129.5,49068.0,49120.5,5.009,246044.5845
2021-02-25 15:22:00,49120.5,49172.0,49093.5,49163.5,8.861,435637.7735
2021-02-25 15:23:00,49143.5,49188.0,49143.5,49184.0,5.909,290628.256
2021-02-25 15:24:00,49149.0,49190.0,49131.0,49190.0,5.848,287663.12
2021-02-25 15:25:00,49190.0,49190.0,49158.0,49158.5,1.411,69362.6435
2021-02-25 15:26:00,49158.5,49177.0,49158.0,49177.0,2.494,122647.438
2021-02-25 15:27:00,49177.0,49199.5,49177.0,49199.5,5.324,261938.138
2021-02-25 15:28:00,49199.5,49199.5,49084.0,49084.0,9.564,469439.376
2021-02-25 15:29:00,49084.0,49086.0,49008.0,49026.0,11.866,581742.516
2021-02-25 15:30:00,49026.0,49131.0,49026.0,49128.0,21.512,1056841.536
2021-02-25 15:31:00,49128.0,49165.5,49086.5,49145.0,3.875,190436.875
2021-02-25 15:32:00,49145.0,49193.0,49145.0,49182.0,2.507,123299.274
2021-02-25 15:33:00,49182.0,49264.5,49182.0,49260.5,30.45,1499982.225
2021-02-25 15:34:00,49261.0,49261.0,49153.5,49154.0,38.914,1912778.756
2021-02-25 15:35:00,49153.5,49248.0,49153.5,49224.0,9.059,445920.216
2021-02-25 15:36:00,49224.0,49327.5,49224.0,49327.5,16.186,798414.915
2021-02-25 15:37:00,49327.5,49348.0,49285.0,49302.5,10.103,498103.1575
2021-02-25 15:38:00,49302.5,49336.5,49269.5,49269.5,4.329,213287.6655
2021-02-25 15:39:00,49269.5,49339.0,49269.5,49339.0,7.868,388199.252
2021-02-25 15:40:00,49339.0,49346.0,49313.5,49313.5,7.232,356635.232
2021-02-25 15:41:00,49313.5,49314.0,49294.0,49294.5,7.288,359258.316
2021-02-25 15:42:00,49294.5,49312.5,49294.5,49308.5,2.97,146446.245
2021-02-25 15:43:00,49308.5,49320.0,49307.0,49307.0,1.616,79680.112
2021-02-25 15:44:00,49307.0,49307.0,49283.0,49299.0,6.632,326950.968
2021-02-25 15:45:00,49299.0,49370.0,49299.0,49339.5,28.165,1389647.0175
2021-02-25 15:46:00,49339.5,49340.0,49287.5,49287.5,5.335,262948.8125
2021-02-25 15:47:00,49287.5,49287.5,49130.5,49181.0,31.221,1535480.001
2021-02-25 15:48:00,49181.0,49181.0,49084.0,49120.0,11.272,553680.64
2021-02-25 15:49:00,49120.0,49178.0,49030.5,49043.5,19.774,969786.169
2021-02-25 15:50:00,49043.5,49043.5,48889.0,49010.5,42.306,2073438.213
2021-02-25 15:51:00,49003.0,49096.5,49000.0,49091.0,12.573,617221.143
2021-02-25 15:52:00,49098.5,49199.5,49098.5,49131.5,10.188,500551.722
2021-02-25 15:53:00,49131.5,49198.0,49118.5,49118.5,7.015,344566.2775
2021-02-25 15:54:00,49118.5,49180.0,49105.0,49180.0,4.382,215506.76
2021-02-25 15:55:00,49180.5,49251.0,49180.5,49223.0,14.359,706793.057
2021-02-25 15:56:00,49223.0,49269.5,49223.0,49259.5,8.533,420331.3135
2021-02-25 15:57:00,49259.5,49305.5,49252.0,49252.0,8.291,408348.332
2021-02-25 15:58:00,49252.0,49252.0,49200.0,49222.5,2.179,107255.8275
2021-02-25 15:59:00,49222.5,49222.5,49137.5,49137.5,5.534,271926.925
2021-02-25 16:00:00,49137.5,49179.5,49137.5,49153.5,4.835,237657.1725
2021-02-25 16:01:00,49153.5,49180.5,49105.5,49105.5,1.732,85050.726
2021-02-25 16:02:00,49105.5,49171.5,49105.5,49171.5,4.07,200128.005
2021-02-25 16:03:00,49175.0,49233.5,49175.0,49233.5,7.682,378211.747
2021-02-25 16:04:00,49233.0,49260.0,49170.0,49211.5,3.311,162939.2765
2021-02-25 16:05:00,49172.5,49209.5,49160.0,49198.5,1.925,94707.1125
2021-02-25 16:06:00,49198.5,49263.0,49198.5,49262.5,7.072,348384.4
2021-02-25 16:07:00,49262.5,49292.0,49250.0,49250.0,4.857,239207.25
2021-02-25 16:08:00,49250.0,49267.0,49202.5,49230.5,20.804,1024191.322
2021-02-25 16:09:00,49230.5,49230.5,49196.0,49196.0,7.02,345355.92
2021-02-25 16:10:00,49196.0,49196.0,49119.5,49130.0,8.028,394415.64
2021-02-25 16:11:00,49130.0,49216.0,49130.0,49183.0,6.207,305278.881
2021-02-25 16:12:00,49183.0,49250.0,49183.0,49249.0,11.044,543905.956
2021-02-25 16:13:00,49249.0,49249.5,49192.0,49192.0,3.774,185650.608
2021-02-25 16:14:00,49192.0,49273.5,49192.0,49259.5,3.512,172999.364
2021-02-25 16:15:00,49259.5,49292.5,49259.5,49291.5,14.213,700580.0895
2021-02-25 16:16:00,49291.5,49476.5,49291.5,49476.5,70.344,3480374.916
2021-02-25 16:17:00,49476.5,49547.5,49463.0,49482.5,32.112,1588982.04
2021-02-25 16:18:00,49480.0,49632.5,49480.0,49604.5,77.788,3858634.846
2021-02-25 16:19:00,49604.5,49688.5,49604.5,49669.5,25.932,1288029.474
2021-02-25 16:20:00,49669.5,49669.5,49575.0,49599.5,27.121,1345188.0395
2021-02-25 16:21:00,49599.5,49672.5,49599.5,49672.5,7.337,364447.1325
2021-02-25 16:22:00,49672.5,49672.5,49617.5,49617.5,10.554,523663.095
2021-02-25 16:23:00,49617.5,49664.5,49609.0,49612.5,7.484,371299.95
2021-02-25 16:24:00,49612.5,49648.0,49612.5,49648.0,4.386,217756.128
2021-02-25 16:25:00,49648.0,49731.5,49648.0,49729.0,36.272,1803770.288
2021-02-25 16:26:00,49729.0,49733.0,49655.5,49655.5,4.776,237154.668
2021-02-25 16:27:00,49655.5,49655.5,49600.0,49621.0,15.478,768033.838
2021-02-25 16:28:00,49621.0,49629.0,49578.0,49578.0,23.438,1162009.164
2021-02-25 16:29:00,49578.0,49629.5,49566.0,49566.0,10.122,501707.052
2021-02-25 16:30:00,49566.0,49840.0,49566.0,49814.0,50.359,2508583.226
2021-02-25 16:31:00,49814.0,49837.5,49706.5,49762.5,54.407,2707428.3375
2021-02-25 16:32:00,49762.5,49797.0,49725.0,49725.0,5.587,277813.575
2021-02-25 16:33:00,49725.0,49826.0,49725.0,49814.0,9.213,458936.382
2021-02-25 16:34:00,49814.0,49814.0,49764.5,49777.5,23.252,1157426.43
2021-02-25 16:35:00,49777.5,49777.5,49696.5,49714.5,9.769,485660.9505
2021-02-25 16:36:00,49714.5,49755.0,49714.5,49744.0,7.612,378651.328
2021-02-25 16:37:00,49744.0,49780.0,49743.5,49779.5,14.097,701741.6115
2021-02-25 16:38:00,49779.5,49784.5,49750.5,49784.0,7.95,395782.8
2021-02-25 16:39:00,49784.0,49893.5,49784.0,49893.5,25.252,1259910.662
2021-02-25 16:40:00,49897.5,49903.5,49834.0,49834.5,10.295,513046.1775
2021-02-25 16:41:00,49834.5,49877.0,49834.5,49850.5,19.588,976471.594
2021-02-25 16:42:00,49850.5,49895.5,49850.5,49869.0,12.139,605359.791
2021-02-25 16:43:00,49869.0,49888.0,49817.0,49817.0,8.073,402172.641
2021-02-25 16:44:00,49817.0,49831.0,49800.0,49800.0,9.208,458558.4
2021-02-25 16:45:00,49800.0,49866.5,49800.0,49826.5,7.503,373848.2295
2021-02-25 16:46:00,49826.5,49827.0,49809.0,49820.0,16.445,819289.9
2021-02-25 16:47:00,49820.0,49891.0,49820.0,49865.0,27.684,1380462.66
2021-02-25 16:48:00,49865.0,49934.5,49865.0,49890.0,59.879,2987363.31
2021-02-25 16:49:00,49890.0,49950.0,49890.0,49946.5,20.14,1005922.51
2021-02-25 16:50:00,49947.0,49953.0,49913.0,49913.5,8.682,433349.007
2021-02-25 16:51:00,49913.5,49913.5,49860.0,49860.0,6.408,319502.88
2021-02-25 16:52:00,49860.0,49888.0,49853.5,49875.0,13.703,683437.125
2021-02-25 16:53:00,49875.0,49875.0,49805.0,49805.0,10.298,512891.89
2021-02-25 16:54:00,49805.5,49857.5,49805.0,49806.0,48.101,2395718.406
2021-02-25 16:55:00,49806.0,49835.0,49764.5,49814.0,38.678,1926705.892
2021-02-25 16:56:00,49814.0,49815.0,49780.5,49781.0,7.562,376443.922
2021-02-25 16:57:00,49781.0,49796.0,49753.0,49753.5,14.962,744411.867
2021-02-25 16:58:00,49753.5,49766.0,49736.5,49738.5,21.841,1086338.5785
2021-02-25 16:59:00,49738.5,49738.5,49660.0,49660.0,19.837,985105.42
2021-02-25 17:00:00,49627.0,49722.0,49627.0,49716.5,14.946,743062.809
2021-02-25 17:01:00,49716.5,49772.0,49716.0,49759.0,8.411,418522.949
2021-02-25 17:02:00,49759.0,49780.0,49737.0,49737.0,15.729,782313.273
2021-02-25 17:03:00,49737.0,49778.5,49717.5,49778.5,34.075,1696202.3875
2021-02-25 17:04:00,49778.5,49800.0,49737.0,49800.0,18.894,940921.2
2021-02-25 17:05:00,49800.0,49826.5,49799.5,49812.0,32.567,1622227.404
2021-02-25 17:06:00,49812.0,49829.5,49777.0,49800.5,31.285,1558008.6425
2021-02-25 17:07:00,49800.5,49824.5,49800.5,49818.0,0.675,33627.15
2021-02-25 17:08:00,49818.0,49846.5,49818.0,49846.0,8.26,411727.96
2021-02-25 17:09:00,49846.0,49887.5,49846.0,49871.5,8.922,444953.523
2021-02-25 17:10:00,49872.0,49924.5,49872.0,49922.0,45.616,2277241.952
2021-02-25 17:11:00,49922.0,49950.5,49900.5,49900.5,30.893,1541576.1465
2021-02-25 17:12:00,49900.5,49900.5,49870.0,49881.0,3.84,191543.04
2021-02-25 17:13:00,49881.0,49881.5,49808.0,49808.0,19.668,979623.744
2021-02-25 17:14:00,49808.0,49824.0,49767.5,49767.5,23.885,1188696.7375
2021-02-25 17:15:00,49767.5,49817.5,49767.5,49797.0,33.903,1688267.691
2021-02-25 17:16:00,49797.0,49860.5,49797.0,49860.5,9.497,473525.1685
2021-02-25 17:17:00,49860.5,49919.0,49842.0,49919.0,24.623,1229155.537
2021-02-25 17:18:00,49919.0,50050.0,49919.0,50049.5,72.752,3641201.224
2021-02-25 17:19:00,50049.5,50138.5,50049.5,50129.5,39.554,1982822.243
2021-02-25 17:20:00,50129.5,50140.0,50046.0,50094.5,36.11,1808912.395
2021-02-25 17:21:00,50094.5,50109.5,50060.0,50089.5,35.813,1793855.2635
2021-02-25 17:22:00,50089.5,50191.0,50070.5,50190.5,17.083,857404.3115
2021-02-25 17:23:00,50190.5,50191.0,50125.5,50125.5,6.935,347620.3425
2021-02-25 17:24:00,50126.0,50126.0,50075.0,50106.0,10.129,507523.674
2021-02-25 17:25:00,50106.0,50164.0,50106.0,50163.5,3.71,186106.585
2021-02-25 17:26:00,50163.5,50378.0,50163.5,50378.0,79.515,4005806.67
2021-02-25 17:27:00,50383.0,50383.0,50283.0,50347.0,29.564,1488458.708
2021-02-25 17:28:00,50347.0,50347.0,50258.0,50258.0,25.768,1295048.144
2021-02-25 17:29:00,50258.0,50336.5,50245.0,50284.0,12.647,635941.748
2021-02-25 17:30:00,50290.5,50470.0,50290.5,50396.0,42.43,2138302.28
2021-02-25 17:31:00,50396.0,50477.0,50395.5,50477.0,11.976,604512.552
2021-02-25 17:32:00,50482.0,50520.0,50449.5,50520.0,22.702,1146905.04
2021-02-25 17:33:00,50550.0,50730.0,50549.5,50694.5,181.344,9193143.408
2021-02-25 17:34:00,50708.5,50720.0,50585.0,50593.5,37.555,1900038.8925
2021-02-25 17:35:00,50594.0,50636.5,50593.5,50600.0,16.595,839707.0
2021-02-25 17:36:00,50600.0,50600.5,50500.0,50586.0,40.681,2057889.066
2021-02-25 17:37:00,50586.0,50586.5,50450.0,50470.0,13.486,680638.42
2021-02-25 17:38:00,50472.5,50527.5,50445.0,50445.0,12.73,642164.85
2021-02-25 17:39:00,50445.0,50445.0,50355.0,50412.0,55.393,2792471.916
2021-02-25 17:40:00,50412.0,50412.0,50355.0,50379.5,68.359,3443892.2405
2021-02-25 17:41:00,50379.5,50448.0,50360.5,50360.5,53.46,2692272.33
2021-02-25 17:42:00,50360.5,50360.5,50228.0,50261.0,50.356,2530942.916
2021-02-25 17:43:00,50261.0,50317.0,50260.5,50296.5,15.848,797098.932
2021-02-25 17:44:00,50296.5,50322.0,50276.5,50285.5,7.442,374224.691
2021-02-25 17:45:00,50285.5,50286.0,50145.5,50147.5,36.575,1834144.8125
2021-02-25 17:46:00,50166.5,50205.0,50123.5,50187.0,68.972,3461497.764
2021-02-25 17:47:00,50187.0,50220.0,50163.5,50216.5,19.228,965562.862
2021-02-25 17:48:00,50216.5,50222.0,50124.5,50124.5,10.311,516833.7195
2021-02-25 17:49:00,50124.5,50199.5,50124.5,50199.5,15.842,795260.479
2021-02-25 17:50:00,50199.5,50245.5,50199.5,50214.5,13.029,654244.7205
2021-02-25 17:51:00,50214.5,50311.0,50211.5,50300.0,37.562,1889368.6
2021-02-25 17:52:00,50300.0,50365.0,50249.5,50364.5,10.976,552800.752
2021-02-25 17:53:00,50365.0,50400.0,50284.0,50304.0,19.64,987970.56
2021-02-25 17:54:00,50304.0,50311.0,50278.0,50279.5,56.878,2859797.401
2021-02-25 17:55:00,50279.5,50355.0,50279.5,50354.5,16.731,842481.1395
2021-02-25 17:56:00,50354.5,50354.5,50273.0,50320.0,7.655,385199.6
2021-02-25 17:57:00,50320.0,50350.0,50291.5,50291.5,2.933,147504.9695
2021-02-25 17:58:00,50291.5,50306.5,50291.5,50306.0,8.132,409088.392
2021-02-25 17:59:00,50306.0,50377.0,50306.0,50365.5,8.091,407507.2605
2021-02-25 18:00:00,50365.5,50461.5,50362.5,50386.0,20.532,1034525.352
2021-02-25 18:01:00,50386.0,50413.5,50386.0,50400.5,6.327,318883.9635
2021-02-25 18:02:00,50400.5,50463.0,50400.5,50463.0,15.135,763757.505
2021-02-25 18:03:00,50463.0,50489.0,50442.0,50442.0,21.148,1066747.416
2021-02-25 18:04:00,50442.0,50442.0,50302.5,50371.5,17.545,883767.9675
2021-02-25 18:05:00,50371.5,50439.5,50360.0,50409.5,25.4,1280401.3
2021-02-25 18:06:00,50409.5,50419.0,50395.5,50402.0,1.308,65925.816
2021-02-25 18:07:00,50402.0,50412.0,50343.0,50343.0,14.824,746284.632
2021-02-25 18:08:00,50343.0,50377.5,50330.0,50375.0,4.363,219786.125
2021-02-25 18:09:00,50375.0,50437.5,50375.0,50409.0,22.253,1121751.477
2021-02-25 18:10:00,50409.0,50424.0,50407.5,50423.5,2.474,124747.739
2021-02-25 18:11:00,50423.5,50439.0,50423.5,50426.5,58.326,2941176.039
2021-02-25 18:12:00,50426.5,50427.0,50364.5,50407.5,16.322,822751.215
2021-02-25 18:13:00,50407.5,50507.5,50407.0,50507.5,15.709,793422.3175
2021-02-25 18:14:00,50507.5,50550.0,50464.0,50527.0,20.69,1045403.63
2021-02-25 18:15:00,50527.0,50550.0,50526.5,50549.5,3.019,152608.9405
2021-02-25 18:16:00,50549.5,50550.0,50469.0,50489.5,27.845,1405880.1275
2021-02-25 18:17:00,50489.5,50511.5,50460.0,50460.0,16.559,835567.14
2021-02-25 18:18:00,50460.0,50530.0,50460.0,50529.5,12.54,633639.93
2021-02-25 18:19:00,50529.5,50653.0,50529.5,50630.0,40.877,2069602.51
2021-02-25 18:20:00,50630.0,50638.5,50600.0,50601.0,7.659,387553.059
2021-02-25 18:21:00,50601.0,50635.5,50601.0,50630.5,6.612,334768.866
2021-02-25 18:22:00,50630.5,50680.0,50613.0,50680.0,14.816,750874.88
2021-02-25 18:23:00,50680.0,50825.5,50655.0,50816.5,139.778,7103028.737
2021-02-25 18:24:00,50816.5,51233.0,50816.5,51043.5,314.57,16056753.795
2021-02-25 18:25:00,51052.0,51404.0,51049.5,51367.5,118.355,6079600.4625
2021-02-25 18:26:00,51367.5,51387.0,51200.5,51200.5,46.476,2379594.438
2021-02-25 18:27:00,51200.5,51201.0,51105.0,51160.5,34.807,1780743.5235
2021-02-25 18:28:00,51161.0,51290.0,51154.5,51241.0,29.479,1510533.439
2021-02-25 18:29:00,51241.0,51510.0,51241.0,51494.0,123.95,6382681.3
2021-02-25 18:30:00,51494.0,51781.5,51494.0,51639.5,244.022,12601174.069
2021-02-25 18:31:00,51639.5,51756.5,51612.0,51719.5,46.12,2385303.34
2021-02-25 18:32:00,51719.5,51872.5,51698.0,51871.5,47.436,2460576.474
2021-02-25 18:33:00,51871.5,51893.0,51765.5,51791.0,93.874,4861828.334
2021-02-25 18:34:00,51791.0,51791.0,51598.0,51640.5,88.234,4556447.877
2021-02-25 18:35:00,51640.5,51642.0,51555.0,51601.5,52.933,2731422.1995
2021-02-25 18:36:00,51601.5,51750.0,51578.0,51750.0,108.312,5605146.0
2021-02-25 18:37:00,51750.0,51800.0,51656.5,51700.5,92.874,4801632.237
2021-02-25 18:38:00,51700.5,51730.0,51647.5,51725.5,24.835,1284602.7925
2021-02-25 18:39:00,51725.5,51850.0,51724.5,51827.5,53.925,2794797.9375
2021-02-25 18:40:00,51834.5,51850.0,51801.0,51849.5,44.712,2318294.844
2021-02-25 18:41:00,51849.5,52000.0,51808.5,52000.0,114.521,5955092.0
2021-02-25 18:42:00,52033.5,52034.5,51758.5,51799.5,43.304,2243125.548
2021-02-25 18:43:00,51799.5,51856.0,51672.0,51738.5,76.664,3966480.364
2021-02-25 18:44:00,51738.5,51800.0,51725.0,51725.5,12.947,669690.0485
2021-02-25 18:45:00,51726.0,51750.0,51714.0,51714.0,8.854,457875.756
2021-02-25 18:46:00,51714.0,51714.5,51477.5,51550.5,61.148,3152209.974
2021-02-25 18:47:00,51550.5,51588.5,51409.0,51423.5,84.137,4326619.0195
2021-02-25 18:48:00,51423.5,51500.0,51372.0,51372.0,26.365,1354422.78
2021-02-25 18:49:00,51372.0,51510.0,51372.0,51486.5,28.854,1485591.471
2021-02-25 18:50:00,51486.5,51611.0,51486.5,51576.5,36.487,1881871.7555
2021-02-25 18:51:00,51576.5,51576.5,51464.5,51525.5,18.599,958322.7745
2021-02-25 18:52:00,51525.5,51558.5,51500.0,51529.5,4.487,231212.8665
2021-02-25 18:53:00,51529.5,51563.5,51529.5,51563.5,12.81,660528.435
2021-02-25 18:54:00,51563.5,51600.0,51563.0,51580.0,11.182,576767.56
2021-02-25 18:55:00,51580.0,51580.0,51439.5,51489.0,33.882,1744550.298
2021-02-25 18:56:00,51489.0,51489.0,51357.0,51394.0,19.289,991338.866
2021-02-25 18:57:00,51395.0,51470.0,51394.5,51470.0,13.86,713374.2
2021-02-25 18:58:00,51478.5,51496.5,51398.0,51417.0,12.464,640861.488
2021-02-25 18:59:00,51417.0,51476.5,51417.0,51440.0,13.676,703493.44
2021-02-25 19:00:00,51440.0,51470.0,51308.0,51327.0,37.988,1949810.076
2021-02-25 19:01:00,51327.0,51327.5,51188.5,51212.5,61.566,3152948.775
2021-02-25 19:02:00,51212.5,51268.0,51168.5,51169.0,28.553,1461028.457
2021-02-25 19:03:00,51169.0,51281.0,51169.0,51271.0,26.39,1353041.69
2021-02-25 19:04:00,51271.0,51346.0,51271.0,51299.5,11.714,600922.343
2021-02-25 19:05:00,51299.5,51349.5,51171.5,51191.5,21.228,1086693.162
2021-02-25 19:06:00,51191.5,51192.0,51067.5,51154.0,30.979,1584699.766
2021-02-25 19:07:00,51154.0,51314.5,51154.0,51314.5,18.633,956143.0785
2021-02-25 19:08:00,51314.5,51335.0,51270.0,51335.0,13.645,700466.075
2021-02-25 19:09:00,51336.0,51422.0,51335.5,51420.5,46.062,2368531.071
2021-02-25 19:10:00,51420.5,51537.5,51412.0,51532.0,25.593,1318858.476
2021-02-25 19:11:00,51542.5,51645.0,51542.5,51620.5,91.415,4718888.0075
2021-02-25 19:12:00,51620.5,51624.5,51488.0,51624.5,29.613,1528756.3185
2021-02-25 19:13:00,51624.5,51634.0,51550.5,51573.5,35.587,1835346.1445
2021-02-25 19:14:00,51573.5,51573.5,51471.5,51472.0,50.083,2577872.176
2021-02-25 19:15:00,51472.0,51472.0,51400.0,51422.0,16.322,839309.884
2021-02-25 19:16:00,51422.0,51422.5,51262.5,51311.0,50.151,2573297.961
2021-02-25 19:17:00,51311.0,51339.5,51225.5,51225.5,35.623,1824805.9865
2021-02-25 19:18:00,51225.5,51345.0,51214.5,51345.0,95.697,4913562.465
2021-02-25 19:19:00,51345.0,51356.0,51239.0,51295.0,21.924,1124591.58
2021-02-25 19:20:00,51295.0,51336.5,51282.0,51302.0,7.255,372196.01
2021-02-25 19:21:00,51302.0,51427.5,51302.0,51363.5,21.515,1105085.7025
2021-02-25 19:22:00,51363.5,51363.5,51300.0,51300.5,3.178,163032.989
2021-02-25 19:23:00,51300.0,51344.0,51290.0,51291.5,11.786,604521.619
2021-02-25 19:24:00,51291.5,51291.5,51212.5,51212.5,26.199,1341716.2875
2021-02-25 19:25:00,51213.0,51279.5,51212.5,51271.5,25.007,1282146.4005
2021-02-25 19:26:00,51271.5,51337.5,51271.5,51279.5,44.295,2271425.4525
2021-02-25 19:27:00,51279.5,51299.5,51273.5,51299.5,17.16,880299.42
2021-02-25 19:28:00,51299.5,51350.0,51297.0,51326.0,3.342,171531.492
2021-02-25 19:29:00,51326.0,51385.0,51313.0,51385.0,17.226,885158.01
2021-02-25 19:30:00,51385.0,51511.0,51385.0,51458.0,102.791,5289419.278
2021-02-25 19:31:00,51458.0,51458.5,51350.0,51441.0,62.45,3212490.45
2021-02-25 19:32:00,51441.0,51441.0,51264.0,51289.0,13.152,674552.928
2021-02-25 19:33:00,51289.0,51290.0,51211.0,51252.5,106.499,5458339.9975
2021-02-25 19:34:00,51252.5,51339.0,51217.0,51254.5,43.107,2209427.7315
2021-02-25 19:35:00,51254.5,51361.5,51254.0,51350.5,10.907,560079.9035
2021-02-25 19:36:00,51350.5,51473.5,51350.5,51473.5,83.807,4313839.6145
2021-02-25 19:37:00,51473.5,51473.5,51412.0,51431.5,19.404,997976.826
2021-02-25 19:38:00,51431.5,51474.0,51431.5,51470.0,5.991,308356.77
2021-02-25 19:39:00,51470.0,51470.0,51410.0,51410.0,10.106,519549.46
2021-02-25 19:40:00,51410.0,51431.5,51410.0,51428.5,5.496,282651.036
2021-02-25 19:41:00,51428.5,51500.0,51428.5,51449.0,8.176,420647.024
2021-02-25 19:42:00,51449.0,51449.0,51355.5,51407.0,18.292,940336.844
2021-02-25 19:43:00,51407.0,51535.0,51407.0,51453.0,13.907,715556.871
2021-02-25 19:44:00,51453.0,51465.5,51395.5,51426.5,7.439,382561.7335
2021-02-25 19:45:00,51426.5,51480.0,51426.5,51436.0,4.569,235011.084
2021-02-25 19:46:00,51436.0,51436.5,51358.0,51358.0,14.513,745358.654
2021-02-25 19:47:00,51358.5,51420.5,51337.5,51349.5,52.265,2683781.6175
2021-02-25 19:48:00,51349.5,51383.0,51338.5,51349.5,13.632,699996.384
2021-02-25 19:49:00,51349.5,51351.5,51338.5,51350.0,11.047,567263.45
2021-02-25 19:50:00,51350.0,51350.0,51232.5,51232.5,23.87,1222919.775
2021-02-25 19:51:00,51232.5,51280.5,51215.0,51280.5,36.935,1894045.2675
2021-02-25 19:52:00,51280.5,51300.0,51280.5,51300.0,13.532,694191.6
2021-02-25 19:53:00,51300.0,51300.0,51254.5,51254.5,2.889,148074.2505
2021-02-25 19:54:00,51254.5,51254.5,51098.5,51099.0,91.81,4691399.19
2021-02-25 19:55:00,51098.5,51185.5,51098.5,51185.5,20.993,1074537.2015
2021-02-25 19:56:00,51185.5,51185.5,50914.0,50921.5,101.456,5166291.704
2021-02-25 19:57:00,50984.5,51044.0,50931.0,50994.5,30.768,1568998.776
2021-02-25 19:58:00,51011.5,51091.0,50920.0,50940.0,27.512,1401461.28
2021-02-25 19:59:00,50940.0,50989.5,50872.5,50888.5,52.167,2654700.3795
2021-02-25 20:00:00,50888.5,51061.0,50888.0,50994.0,50.387,2569434.678
2021-02-25 20:01:00,50994.0,51150.0,50994.0,51077.0,15.418,787505.186
2021-02-25 20:02:00,51077.0,51186.5,51077.0,51163.5,16.474,842867.499
2021-02-25 20:03:00,51163.5,51200.0,51163.5,51199.0,33.334,1706667.466
2021-02-25 20:04:00,51199.0,51199.0,51137.5,51161.5,19.41,993044.715
2021-02-25 20:05:00,51161.5,51247.0,51161.0,51230.0,46.515,2382963.45
2021-02-25 20:06:00,51230.0,51234.5,51180.0,51198.5,16.791,859674.0135
2021-02-25 20:07:00,51198.5,51280.5,51198.0,51280.5,7.412,380091.066
2021-02-25 20:08:00,51281.0,51300.0,51248.5,51250.0,16.674,854542.5
2021-02-25 20:09:00,51250.0,51250.0,51202.0,51202.0,7.504,384219.808
2021-02-25 20:10:00,51202.0,51216.0,51167.0,51198.5,12.066,617761.101
2021-02-25 20:11:00,51198.5,51199.0,51120.0,51120.5,10.973,560945.2465
2021-02-25 20:12:00,51120.5,51120.5,50875.0,50929.0,95.37,4857098.73
2021-02-25 20:13:00,50929.0,50929.5,50685.5,50686.0,131.0,6639866.0
2021-02-25 20:14:00,50686.0,50784.5,50655.5,50760.5,54.663,2774721.2115
2021-02-25 20:15:00,50759.0,50813.5,50683.5,50811.0,40.206,2042907.066
2021-02-25 20:16:00,50811.0,50888.0,50811.0,50884.0,35.941,1828821.844
2021-02-25 20:17:00,50884.0,50925.0,50708.5,50708.5,23.731,1203363.4135
2021-02-25 20:18:00,50708.5,50806.0,50708.5,50806.0,7.618,387040.108
2021-02-25 20:19:00,50816.5,50865.0,50763.0,50778.5,6.371,323509.8235
2021-02-25 20:20:00,50778.5,50913.0,50778.5,50913.0,8.949,455620.437
2021-02-25 20:21:00,50913.0,50914.0,50863.0,50892.0,30.932,1574191.344
2021-02-25 20:22:00,50892.0,50899.0,50815.0,50899.0,3.891,198048.009
2021-02-25 20:23:00,50899.0,50953.5,50883.0,50939.5,9.593,488662.6235
2021-02-25 20:24:00,50939.5,50939.5,50913.0,50917.5,6.397,325719.2475
2021-02-25 20:25:00,50917.5,50993.5,50917.5,50993.5,4.963,253080.7405
2021-02-25 20:26:00,50994.0,50994.0,50928.5,50961.0,9.27,472408.47
2021-02-25 20:27:00,50961.0,50992.5,50931.5,50931.5,14.216,724042.204
2021-02-25 20:28:00,50931.5,50959.0,50860.0,50927.0,17.372,884703.844
2021-02-25 20:29:00,50927.0,50927.0,50857.0,50862.0,8.824,448806.288
2021-02-25 20:30:00,50862.0,50959.0,50773.0,50956.0,23.87,1216319.72
2021-02-25 20:31:00,50956.0,51050.0,50922.0,51033.5,27.137,1384896.0895
2021-02-25 20:32:00,51033.5,51090.0,51020.0,51090.0,16.211,828219.99
2021-02-25 20:33:00,51090.0,51209.5,51072.0,51115.0,75.008,3834033.92
2021-02-25 20:34:00,51115.0,51145.0,51054.0,51054.0,15.774,805325.796
2021-02-25 20:35:00,51054.0,51127.5,51015.0,51015.0,12.519,638656.785
2021-02-25 20:36:00,51015.0,51047.5,50998.5,51029.0,4.919,251011.651
2021-02-25 20:37:00,51029.0,51080.0,51028.5,51028.5,3.983,203246.5155
2021-02-25 20:38:00,51028.5,51029.0,50963.0,51016.5,7.237,369206.4105
2021-02-25 20:39:00,51016.5,51042.5,51010.0,51010.5,6.942,354114.891
2021-02-25 20:40:00,51010.5,51063.0,51010.0,51063.0,5.568,284318.784
2021-02-25 20:41:00,51063.0,51122.0,51063.0,51090.0,34.189,1746716.01
2021-02-25 20:42:00,51090.0,51150.0,51055.5,51149.5,8.864,453389.168
2021-02-25 20:43:00,51149.5,51186.5,51093.0,51107.5,14.668,749644.81
2021-02-25 20:44:00,51107.5,51124.0,51090.0,51090.0,3.472,177384.48
2021-02-25 20:45:00,51090.0,51111.0,51081.5,51099.5,9.81,501286.095
2021-02-25 20:46:00,51099.5,51123.0,51099.0,51123.0,4.532,231689.436
2021-02-25 20:47:00,51123.0,51186.5,51122.5,51186.5,11.988,613623.762
2021-02-25 20:48:00,51186.5,51202.5,51157.5,51165.0,5.101,260992.665
2021-02-25 20:49:00,51165.0,51298.0,51158.5,51241.5,24.708,1266074.982
2021-02-25 20:50:00,51241.5,51270.5,51225.5,51270.0,9.635,493986.45
2021-02-25 20:51:00,51270.5,51397.5,51270.5,51370.5,30.397,1561509.0885
2021-02-25 20:52:00,51370.5,51398.0,51360.5,51360.5,32.273,1657557.4165
2021-02-25 20:53:00,51355.5,51355.5,51291.5,51315.5,18.138,930760.539
2021-02-25 20:54:00,51315.5,51315.5,51150.0,51166.0,60.489,3094980.174
2021-02-25 20:55:00,51166.0,51197.0,51084.5,51089.0,44.795,2288531.755
2021-02-25 20:56:00,51089.0,51183.0,51088.5,51108.5,11.548,590200.958
2021-02-25 20:57:00,51108.5,51108.5,51043.5,51044.0,11.03,563015.32
2021-02-25 20:58:00,51043.5,51078.5,51025.0,51041.5,2.609,133167.2735
2021-02-25 20:59:00,51041.5,51041.5,50962.0,50962.0,20.835,1061793.27
2021-02-25 21:00:00,50962.0,51029.5,50962.0,51029.5,15.462,789018.129
2021-02-25 21:01:00,51029.5,51036.5,50976.0,50976.5,13.662,696440.943
2021-02-25 21:02:00,50976.5,50979.0,50926.0,50949.5,12.684,646243.458
2021-02-25 21:03:00,50949.5,50998.5,50926.5,50970.0,23.61,1203401.7
2021-02-25 21:04:00,50970.0,50970.0,50848.0,50876.5,17.949,913182.2985
2021-02-25 21:05:00,50876.5,50876.5,50765.0,50791.5,42.874,2177634.771
2021-02-25 21:06:00,50800.0,50843.0,50738.5,50843.0,29.661,1508054.223
2021-02-25 21:07:00,50843.0,51020.0,50843.0,50921.0,33.98,1730295.58
2021-02-25 21:08:00,50920.5,50984.5,50897.5,50959.0,20.618,1050672.662
2021-02-25 21:09:00,50959.0,50975.5,50902.5,50944.5,19.321,984298.6845
2021-02-25 21:10:00,50944.5,50949.5,50896.5,50900.0,3.352,170616.8
2021-02-25 21:11:00,50900.0,50999.5,50900.0,50999.0,11.66,594648.34
2021-02-25 21:12:00,50999.0,51112.5,50999.0,51079.0,50.041,2556044.239
2021-02-25 21:13:00,51079.0,51123.0,50862.5,50862.5,68.626,3490489.925
2021-02-25 21:14:00,50878.5,50978.0,50851.0,50910.0,26.087,1328089.17
2021-02-25 21:15:00,50910.0,51039.5,50910.0,51000.0,4.589,234039.0
2021-02-25 21:16:00,51000.0,51000.5,50939.0,50956.5,104.868,5343706.242
2021-02-25 21:17:00,50956.5,50956.5,50774.0,50819.0,21.822,1108972.218
2021-02-25 21:18:00,50819.0,50863.0,50617.0,50665.0,59.385,3008741.025
2021-02-25 21:19:00,50665.0,50746.5,50602.0,50637.5,24.606,1245986.325
2021-02-25 21:20:00,50637.5,50700.0,50549.0,50567.5,54.671,2764575.7925
2021-02-25 21:21:00,50567.5,50623.5,50555.0,50587.0,22.778,1152270.686
2021-02-25 21:22:00,50587.0,50730.0,50587.0,50708.0,33.802,1714031.816
2021-02-25 21:23:00,50708.0,50790.0,50672.5,50790.0,8.358,424502.82
2021-02-25 21:24:00,50790.0,50823.5,50719.5,50823.5,8.243,418938.1105
2021-02-25 21:25:00,50823.5,50828.5,50743.0,50793.0,2.749,139629.957
2021-02-25 21:26:00,50793.0,50800.0,50760.0,50800.0,53.513,2718460.4
2021-02-25 21:27:00,50800.5,50889.5,50800.5,50848.0,4.235,215341.28
2021-02-25 21:28:00,50848.0,50900.0,50803.0,50900.0,7.178,365360.2
2021-02-25 21:29:00,50900.0,50900.0,50850.0,50879.5,7.988,406425.446
2021-02-25 21:30:00,50879.5,51028.0,50879.5,51007.0,59.646,3042363.522
2021-02-25 21:31:00,51007.0,51007.0,50787.0,50829.5,23.995,1219653.8525
2021-02-25 21:32:00,50829.5,50877.5,50771.5,50773.5,12.353,627205.0455
2021-02-25 21:33:00,50773.5,50850.0,50770.5,50848.0,24.249,1233013.152
2021-02-25 21:34:00,50874.0,50947.0,50874.0,50947.0,15.617,795639.299
2021-02-25 21:35:00,50947.0,50948.0,50774.5,50783.0,19.399,985139.417
2021-02-25 21:36:00,50783.0,50800.5,50680.0,50680.5,21.082,1068446.301
2021-02-25 21:37:00,50680.5,50737.5,50631.0,50631.0,7.896,399782.376
2021-02-25 21:38:00,50631.0,50746.0,50631.0,50729.0,6.491,329281.939
2021-02-25 21:39:00,50729.0,50791.0,50715.5,50776.5,19.089,969272.6085
2021-02-25 21:40:00,50776.5,50871.5,50776.5,50870.5,10.986,558863.313
2021-02-25 21:41:00,50870.5,50915.5,50850.0,50850.0,11.033,561028.05
2021-02-25 21:42:00,50850.0,50955.0,50850.0,50955.0,10.24,521779.2
2021-02-25 21:43:00,50955.0,51072.5,50954.5,51028.0,49.627,2532366.556
2021-02-25 21:44:00,51028.0,51077.0,51028.0,51076.5,19.111,976122.9915
2021-02-25 21:45:00,51088.0,51111.0,50968.0,50980.5,16.523,842350.8015
2021-02-25 21:46:00,50980.5,51015.0,50971.5,50986.5,3.85,196298.025
2021-02-25 21:47:00,50986.5,51179.0,50986.5,51134.5,23.28,1190411.16
2021-02-25 21:48:00,51134.5,51205.5,51121.0,51205.5,8.437,432020.8035
2021-02-25 21:49:00,51205.5,51373.0,51179.0,51373.0,30.702,1577253.846
2021-02-25 21:50:00,51375.5,51382.0,51283.0,51315.0,32.923,1689443.745
2021-02-25 21:51:00,51315.0,51315.5,51250.0,51276.5,11.692,599524.838
2021-02-25 21:52:00,51276.5,51350.0,51275.0,51290.0,19.675,1009130.75
2021-02-25 21:53:00,51290.0,51319.5,51250.0,51250.0,5.977,306321.25
2021-02-25 21:54:00,51250.0,51250.5,51212.0,51212.0,18.93,969443.16
2021-02-25 21:55:00,51212.0,51234.0,51207.0,51207.5,6.514,333565.655
2021-02-25 21:56:00,51207.5,51207.5,51204.0,51207.0,6.204,317688.228
2021-02-25 21:57:00,51202.5,51202.5,51117.0,51117.0,15.547,794715.999
2021-02-25 21:58:00,51117.0,51161.0,51078.0,51138.0,18.775,960115.95
2021-02-25 21:59:00,51138.0,51192.0,51137.5,51137.5,17.846,912599.825
2021-02-25 22:00:00,51137.5,51258.5,51122.0,51232.0,26.795,1372761.44
2021-02-25 22:01:00,51232.0,51232.0,51165.5,51181.0,16.402,839470.762
2021-02-25 22:02:00,51181.0,51209.0,51181.0,51181.0,3.464,177290.984
2021-02-25 22:03:00,51181.0,51212.5,51151.5,51212.0,2.567,131461.204
2021-02-25 22:04:00,51212.0,51250.0,51189.0,51189.0,6.74,345013.86
2021-02-25 22:05:00,51189.0,51189.0,51053.5,51057.5,12.651,645928.4325
2021-02-25 22:06:00,51057.5,51107.0,51010.5,51016.0,12.004,612396.064
2021-02-25 22:07:00,51016.0,51050.0,51001.5,51050.0,6.498,331722.9
2021-02-25 22:08:00,51049.5,51087.0,51032.0,51061.0,8.428,430342.108
2021-02-25 22:09:00,51061.0,51061.0,51032.0,51042.0,3.894,198757.548
2021-02-25 22:10:00,51042.0,51060.5,51015.5,51015.5,9.417,480412.9635
2021-02-25 22:11:00,51015.5,51015.5,50959.0,50959.5,184.51,9402537.345
2021-02-25 22:12:00,50959.5,51065.5,50959.0,51048.0,23.563,1202844.024
2021-02-25 22:13:00,51048.0,51120.0,51031.0,51099.5,30.042,1535131.179
2021-02-25 22:14:00,51110.0,51111.0,51040.5,51040.5,24.66,1258658.73
2021-02-25 22:15:00,51040.5,51080.0,51040.5,51080.0,6.08,310566.4
2021-02-25 22:16:00,51080.0,51080.0,50977.0,50977.0,8.064,411078.528
2021-02-25 22:17:00,50977.0,50989.0,50924.0,50924.0,12.675,645461.7
2021-02-25 22:18:00,50924.0,50924.0,50846.0,50846.0,30.453,1548413.238
2021-02-25 22:19:00,50846.0,50879.5,50832.5,50861.0,6.068,308624.548
2021-02-25 22:20:00,50861.0,50870.5,50830.0,50830.0,13.728,697794.24
2021-02-25 22:21:00,50830.0,50830.0,50764.5,50764.5,34.203,1736298.1935
2021-02-25 22:22:00,50764.5,50764.5,50685.0,50730.5,43.547,2209161.0835
2021-02-25 22:23:00,50730.0,50848.0,50727.5,50813.5,17.143,871095.8305
2021-02-25 22:24:00,50813.5,50840.0,50755.0,50780.5,15.903,807562.2915
2021-02-25 22:25:00,50780.5,50789.0,50670.0,50739.0,24.34,1234987.26
2021-02-25 22:26:00,50739.0,50777.0,50701.5,50705.0,11.132,564448.06
2021-02-25 22:27:00,50704.5,50897.0,50700.5,50867.5,59.666,3035060.255
2021-02-25 22:28:00,50867.5,50867.5,50748.5,50783.5,16.232,824317.772
2021-02-25 22:29:00,50783.5,50790.0,50684.0,50707.5,46.032,2334167.64
2021-02-25 22:30:00,50707.5,50707.5,50652.0,50652.0,48.788,2471209.776
2021-02-25 22:31:00,50650.0,50655.5,50586.0,50586.0,68.203,3450116.958
2021-02-25 22:32:00,50586.5,50586.5,50466.5,50494.5,101.611,5130796.6395
2021-02-25 22:33:00,50494.5,50524.0,50358.0,50424.5,61.629,3107611.5105
2021-02-25 22:34:00,50445.5,50551.0,50400.0,50497.5,84.609,4272542.9775
2021-02-25 22:35:00,50518.0,50654.0,50450.0,50450.5,47.476,2395187.938
2021-02-25 22:36:00,50450.5,50455.5,50397.0,50400.5,19.217,968546.4085
2021-02-25 22:37:00,50400.5,50466.5,50400.0,50456.0,27.528,1388952.768
2021-02-25 22:38:00,50456.0,50500.0,50450.5,50453.0,17.974,906842.222
2021-02-25 22:39:00,50453.0,50460.0,50215.0,50293.0,81.999,4123975.707
2021-02-25 22:40:00,50293.0,50307.5,50210.0,50247.5,40.723,2046228.9425
2021-02-25 22:41:00,50247.5,50273.0,50113.5,50126.5,154.064,7722689.096
2021-02-25 22:42:00,50126.5,50234.0,50097.5,50160.5,71.524,3587679.602
2021-02-25 22:43:00,50160.5,50160.5,49930.0,50006.5,116.905,5846009.8825
2021-02-25 22:44:00,50006.5,50167.5,50000.5,50160.0,46.238,2319298.08
2021-02-25 22:45:00,50160.5,50160.5,49839.5,49924.5,69.206,3455074.947
2021-02-25 22:46:00,49924.5,49960.0,49885.0,49944.0,22.716,1134527.904
2021-02-25 22:47:00,49944.0,50127.0,49943.5,50119.5,27.381,1372322.0295
2021-02-25 22:48:00,50119.5,50290.0,50119.0,50211.0,44.09,2213802.99
2021-02-25 22:49:00,50211.0,50318.0,50211.0,50260.5,21.696,1090451.808
2021-02-25 22:50:00,50260.5,50360.0,50260.5,50360.0,28.175,1418893.0
2021-02-25 22:51:00,50360.0,50360.0,50250.0,50252.0,35.112,1764448.224
2021-02-25 22:52:00,50252.0,50313.5,50252.0,50281.5,9.341,469679.4915
2021-02-25 22:53:00,50281.5,50287.5,50230.5,50287.0,19.296,970337.952
2021-02-25 22:54:00,50287.0,50314.5,50150.5,50151.0,36.867,1848916.917
2021-02-25 22:55:00,50151.0,50168.5,50059.5,50059.5,23.964,1199625.858
2021-02-25 22:56:00,50059.5,50099.0,49921.5,49999.5,57.596,2879771.202
2021-02-25 22:57:00,49999.5,50050.0,49964.5,50007.5,17.145,857378.5875
2021-02-25 22:58:00,50007.5,50050.0,49916.5,49917.5,17.43,870062.025
2021-02-25 22:59:00,49917.5,49954.5,49750.0,49803.5,104.299,5194455.2465
2021-02-25 23:00:00,49803.5,49865.0,49630.5,49703.5,83.022,4126483.977
2021-02-25 23:01:00,49694.0,49733.0,49635.5,49639.5,27.382,1359228.789
2021-02-25 23:02:00,49639.5,49896.0,49630.0,49896.0,29.514,1472630.544
2021-02-25 23:03:00,49914.0,50011.5,49759.5,49759.5,35.828,1782783.366
2021-02-25 23:04:00,49759.5,49930.5,49759.0,49930.5,16.374,817562.007
2021-02-25 23:05:00,49930.5,49972.5,49814.5,49883.5,23.389,1166725.1815
2021-02-25 23:06:00,49883.5,49943.0,49783.0,49929.0,14.475,722722.275
2021-02-25 23:07:00,49929.0,49977.0,49862.0,49876.5,27.182,1355743.023
2021-02-25 23:08:00,49876.5,50034.0,49876.5,50033.0,8.696,435086.968
2021-02-25 23:09:00,50033.0,50033.0,49927.5,49936.0,184.706,9223478.816
2021-02-25 23:10:00,49936.0,49936.0,49850.0,49888.5,5.244,261615.294
2021-02-25 23:11:00,49888.5,49900.0,49788.5,49818.5,20.084,1000554.754
2021-02-25 23:12:00,49818.5,49845.5,49793.0,49806.0,10.046,500351.076
2021-02-25 23:13:00,49806.0,49814.5,49750.0,49774.0,5.892,293268.408
2021-02-25 23:14:00,49774.0,49778.0,49666.5,49712.0,22.728,1129854.336
2021-02-25 23:15:00,49712.0,49894.5,49712.0,49868.5,26.963,1344604.3655
2021-02-25 23:16:00,49850.0,49956.0,49850.0,49902.5,9.578,477966.145
2021-02-25 23:17:00,49903.0,49903.0,49787.0,49800.0,12.277,611394.6
2021-02-25 23:18:00,49800.5,49904.0,49800.0,49883.0,3.94,196539.02
2021-02-25 23:19:00,49883.0,49953.0,49883.0,49900.5,9.608,479444.004
2021-02-25 23:20:00,49900.5,49900.5,49860.0,49872.0,6.835,340875.12
2021-02-25 23:21:00,49872.0,49879.0,49809.0,49860.0,30.617,1526563.62
2021-02-25 23:22:00,49860.0,49862.5,49782.5,49804.0,7.843,390612.772
2021-02-25 23:23:00,49800.0,49800.0,49713.0,49713.0,9.486,471577.518
2021-02-25 23:24:00,49712.0,49735.5,49572.0,49572.5,62.215,3084153.0875
2021-02-25 23:25:00,49572.5,49679.5,49470.0,49481.5,44.814,2217463.941
2021-02-25 23:26:00,49481.5,49551.5,49453.0,49470.0,12.122,599675.34
2021-02-25 23:27:00,49470.0,49538.0,49401.0,49401.0,17.058,842682.258
2021-02-25 23:28:00,49401.0,49473.5,49401.0,49460.0,19.45,961997.0
2021-02-25 23:29:00,49460.0,49627.0,49440.0,49618.5,29.309,1454268.6165
2021-02-25 23:30:00,49618.5,49618.5,49500.0,49552.0,16.666,825833.632
2021-02-25 23:31:00,49556.5,49827.5,49556.5,49798.0,89.743,4469021.914
2021-02-25 23:32:00,49798.0,49848.5,49766.5,49766.5,31.093,1547389.7845
2021-02-25 23:33:00,49766.5,49766.5,49600.0,49627.5,31.894,1582819.485
2021-02-25 23:34:00,49627.5,49765.0,49627.5,49722.5,22.872,1137253.02
2021-02-25 23:35:00,49722.5,49800.0,49643.0,49799.5,7.475,372251.2625
2021-02-25 23:36:00,49799.5,49935.0,49799.5,49920.5,46.524,2322501.342
2021-02-25 23:37:00,49920.5,49935.0,49803.5,49880.0,21.197,1057306.36
2021-02-25 23:38:00,49880.0,49970.0,49871.5,49924.0,14.401,718955.524
2021-02-25 23:39:00,49924.0,50010.0,49924.0,49999.5,24.48,1223987.76
2021-02-25 23:40:00,49999.5,49999.5,49880.0,49889.5,9.798,488817.321
2021-02-25 23:41:00,49889.5,49890.5,49820.5,49850.0,21.384,1065992.4
2021-02-25 23:42:00,49850.0,49862.5,49834.5,49835.5,3.362,167546.951
2021-02-25 23:43:00,49835.5,49939.0,49835.5,49849.5,18.456,920022.372
2021-02-25 23:44:00,49849.5,49896.0,49830.0,49832.5,3.571,177951.8575
2021-02-25 23:45:00,49832.5,49854.0,49792.0,49821.0,22.948,1143292.308
2021-02-25 23:46:00,49821.0,49886.5,49792.0,49848.5,6.586,328302.221
2021-02-25 23:47:00,49848.5,49848.5,49750.0,49761.5,10.986,546679.839
2021-02-25 23:48:00,49761.5,49851.0,49759.5,49851.0,2.579,128565.729
2021-02-25 23:49:00,49851.0,49859.0,49825.0,49859.0,9.522,474757.398
2021-02-25 23:50:00,49859.0,50006.0,49859.0,50000.0,25.299,1264950.0
2021-02-25 23:51:00,50000.0,50007.0,49948.0,50007.0,9.713,485717.991
2021-02-25 23:52:00,50007.0,50128.0,50007.0,50106.0,18.77,940489.62
2021-02-25 23:53:00,50106.0,50106.5,50020.0,50020.5,8.163,408317.3415
2021-02-25 23:54:00,50020.5,50020.5,49968.5,49969.0,10.948,547060.612
2021-02-25 23:55:00,49968.5,50040.0,49915.5,49919.0,13.457,671759.983
2021-02-25 23:56:00,49919.0,49939.0,49857.5,49857.5,12.601,628254.3575
2021-02-25 23:57:00,49857.5,49868.5,49760.0,49760.5,31.024,1543769.752
2021-02-25 23:58:00,49760.5,49800.0,49715.5,49800.0,15.157,754818.6
2021-02-25 23:59:00,49800.0,49830.0,49752.5,49829.0,9.155,456184.495
2021-02-26 00:00:00,49829.0,49829.5,49676.5,49676.5,12.651,628457.4015
2021-02-26 00:01:00,49676.5,49695.5,49611.0,49624.5,23.226,1152578.637
2021-02-26 00:02:00,49624.5,49661.5,49602.5,49602.5,5.639,279708.4975
2021-02-26 00:03:00,49602.5,49670.5,49546.0,49648.5,43.351,2152312.1235
2021-02-26 00:04:00,49648.5,49702.5,49609.5,49702.0,11.742,583600.884
2021-02-26 00:05:00,49702.0,49738.0,49702.0,49723.0,7.327,364320.421
2021-02-26 00:06:00,49723.0,49788.5,49723.0,49741.5,6.834,339933.411
2021-02-26 00:07:00,49741.5,49786.5,49730.0,49750.5,18.843,937448.6715
2021-02-26 00:08:00,49750.5,49750.5,49730.0,49730.0,3.378,167987.94
2021-02-26 00:09:00,49730.0,49836.5,49730.0,49830.0,8.033,400284.39
2021-02-26 00:10:00,49830.5,49950.0,49830.5,49899.0,15.83,789901.17
2021-02-26 00:11:00,49899.0,49971.0,49889.0,49971.0,9.8,489715.8
2021-02-26 00:12:00,49971.0,49971.0,49827.0,49827.0,8.717,434341.959
2021-02-26 00:13:00,49827.0,49828.0,49770.0,49780.5,4.598,228890.739
2021-02-26 00:14:00,49780.5,49781.5,49733.5,49760.5,5.204,258953.642
2021-02-26 00:15:00,49760.5,49764.5,49675.0,49707.5,20.424,1015225.98
2021-02-26 00:16:00,49707.5,49742.5,49700.0,49742.0,2.762,137387.404
2021-02-26 00:17:00,49742.0,49747.5,49728.5,49728.5,2.117,105275.2345
2021-02-26 00:18:00,49728.5,49729.5,49620.0,49626.0,8.73,433234.98
2021-02-26 00:19:00,49626.0,49843.0,49626.0,49820.5,5.545,276254.6725
2021-02-26 00:20:00,49820.5,49843.0,49652.0,49688.0,8.654,429999.952
2021-02-26 00:21:00,49688.0,49688.0,49563.5,49579.5,31.54,1563737.43
2021-02-26 00:22:00,49579.5,49599.5,49500.0,49500.5,9.055,448227.0275
2021-02-26 00:23:00,49500.5,49500.5,49357.5,49357.5,47.61,2349910.575
2021-02-26 00:24:00,49357.5,49445.5,49312.5,49435.5,37.262,1842065.601
2021-02-26 00:25:00,49435.5,49437.0,49352.0,49437.0,3.573,176638.401
2021-02-26 00:26:00,49437.0,49539.0,49437.0,49515.5,47.037,2329060.5735
2021-02-26 00:27:00,49515.5,49584.0,49514.5,49574.0,4.009,198742.166
2021-02-26 00:28:00,49574.0,49593.0,49443.0,49593.0,12.326,611283.318
2021-02-26 00:29:00,49593.0,49670.5,49568.5,49624.0,10.955,543630.92
2021-02-26 00:30:00,49624.0,49624.0,49445.0,49445.0,4.059,200697.255
2021-02-26 00:31:00,49445.0,49507.5,49353.0,49507.5,11.451,566910.3825
2021-02-26 00:32:00,49507.5,49581.5,49437.5,49566.0,18.171,900663.786
2021-02-26 00:33:00,49566.0,49714.0,49465.5,49714.0,33.752,1677946.928
2021-02-26 00:34:00,49714.0,49777.0,49685.5,49765.5,11.293,562001.7915
2021-02-26 00:35:00,49765.5,49999.5,49765.5,49958.5,22.513,1124715.7105
2021-02-26 00:36:00,49958.5,50040.0,49923.0,50024.0,20.626,1031795.024
2021-02-26 00:37:00,50024.0,50024.0,49906.5,49907.0,12.144,606070.608
2021-02-26 00:38:00,49907.0,49966.5,49906.5,49911.0,13.443,670953.573
2021-02-26 00:39:00,49911.0,49944.0,49906.5,49930.0,4.14,206710.2
2021-02-26 00:40:00,49930.0,49930.0,49914.0,49929.0,1.37,68402.73
2021-02-26 00:41:00,49929.0,49930.0,49843.5,49843.5,6.829,340381.2615
2021-02-26 00:42:00,49844.0,49844.0,49658.5,49658.5,15.852,787186.542
2021-02-26 00:43:00,49658.5,49658.5,49503.5,49582.0,17.121,848893.422
2021-02-26 00:44:00,49582.0,49600.0,49503.5,49531.5,8.201,406207.8315
2021-02-26 00:45:00,49531.5,49630.0,49506.0,49544.5,26.02,1289147.89
2021-02-26 00:46:00,49544.5,49596.5,49526.0,49547.0,8.158,404204.426
2021-02-26 00:47:00,49547.0,49547.0,49414.5,49449.5,24.244,1198853.678
2021-02-26 00:48:00,49449.5,49554.0,49425.0,49544.0,2.932,145263.008
2021-02-26 00:49:00,49544.0,49744.0,49544.0,49744.0,24.331,1210321.264
2021-02-26 00:50:00,49744.0,49820.5,49669.5,49778.0,23.451,1167343.878
2021-02-26 00:51:00,49778.0,49900.0,49777.5,49900.0,11.213,559528.7
2021-02-26 00:52:00,49900.0,49900.0,49800.5,49879.0,11.262,561737.298
2021-02-26 00:53:00,49879.0,49879.0,49681.0,49707.5,8.945,444633.5875
2021-02-26 00:54:00,49707.5,49802.0,49703.0,49703.0,5.976,297025.128
2021-02-26 00:55:00,49703.0,49703.0,49566.0,49566.0,29.614,1467847.524
2021-02-26 00:56:00,49566.0,49600.0,49514.0,49552.5,6.481,321149.7525
2021-02-26 00:57:00,49552.5,49679.5,49514.5,49679.5,9.569,475383.1355
2021-02-26 00:58:00,49688.0,49731.5,49681.0,49727.0,5.584,277675.568
2021-02-26 00:59:00,49727.0,49744.0,49609.0,49633.5,6.644,329764.974
2021-02-26 01:00:00,49633.5,49716.5,49550.0,49716.0,9.645,479510.82
2021-02-26 01:01:00,49716.0,49818.0,49647.0,49647.0,9.343,463851.921
2021-02-26 01:02:00,49647.0,49788.5,49646.0,49788.5,2.375,118247.6875
2021-02-26 01:03:00,49788.5,49793.5,49729.0,49751.0,6.381,317461.131
2021-02-26 01:04:00,49751.0,49751.0,49682.0,49700.0,5.523,274493.1
2021-02-26 01:05:00,49700.0,49747.0,49677.5,49715.5,1.518,75468.129
2021-02-26 01:06:00,49715.5,49731.0,49663.0,49731.0,1.326,65943.306
2021-02-26 01:07:00,49758.0,49779.0,49714.0,49714.0,2.045,101665.13
2021-02-26 01:08:00,49714.0,49714.0,49676.5,49688.0,4.491,223148.808
2021-02-26 01:09:00,49688.0,49688.0,49650.0,49650.0,11.501,571024.65
2021-02-26 01:10:00,49650.0,49650.5,49624.0,49647.5,1.35,67024.125
2021-02-26 01:11:00,49647.5,49746.0,49624.5,49746.0,3.299,164112.054
2021-02-26 01:12:00,49746.0,49774.0,49690.0,49746.0,8.85,440252.1
2021-02-26 01:13:00,49746.0,49746.0,49644.0,49654.5,6.268,311234.406
2021-02-26 01:14:00,49654.5,49732.5,49648.5,49732.5,2.588,128707.71
2021-02-26 01:15:00,49732.5,49732.5,49710.0,49730.0,0.556,27649.88
2021-02-26 01:16:00,49730.0,49730.0,49681.0,49681.5,5.223,259486.4745
2021-02-26 01:17:00,49681.5,49681.5,49636.5,49636.5,4.484,222570.066
2021-02-26 01:18:00,49636.5,49687.5,49626.5,49681.5,4.316,214425.354
2021-02-26 01:19:00,49681.5,49682.0,49659.5,49659.5,0.427,21204.6065
2021-02-26 01:20:00,49659.5,49699.0,49650.0,49689.5,4.317,214509.5715
2021-02-26 01:21:00,49689.5,49746.5,49689.5,49727.5,2.988,148585.77
2021-02-26 01:22:00,49727.5,49852.0,49727.5,49800.0,23.35,1162830.0
2021-02-26 01:23:00,49800.0,49804.5,49761.0,49761.0,6.392,318072.312
2021-02-26 01:24:00,49761.0,49776.0,49733.5,49733.5,4.426,220120.471
2021-02-26 01:25:00,49733.5,49733.5,49650.0,49650.0,6.238,309716.7
2021-02-26 01:26:00,49650.0,49650.0,49600.0,49600.0,3.926,194729.6
2021-02-26 01:27:00,49600.0,49611.5,49547.5,49547.5,11.633,576386.0675
2021-02-26 01:28:00,49547.5,49567.5,49528.0,49534.5,9.858,488311.101
2021-02-26 01:29:00,49534.5,49536.5,49500.5,49530.0,13.758,681433.74
2021-02-26 01:30:00,49530.0,49530.0,49400.0,49400.0,13.419,662898.6
2021-02-26 01:31:00,49400.0,49489.0,49400.0,49449.5,7.807,386052.2465
2021-02-26 01:32:00,49449.5,49449.5,49320.0,49390.0,20.278,1001530.42
2021-02-26 01:33:00,49390.0,49390.0,49297.5,49359.0,19.863,980417.817
2021-02-26 01:34:00,49359.0,49476.0,49359.0,49392.5,10.216,504593.78
2021-02-26 01:35:00,49392.0,49415.5,49320.0,49359.5,7.654,377797.613
2021-02-26 01:36:00,49359.5,49359.5,49180.0,49180.0,49.275,2423344.5
2021-02-26 01:37:00,49175.0,49223.0,49142.0,49142.0,15.604,766811.768
2021-02-26 01:38:00,49142.0,49142.0,49059.5,49070.5,58.944,2892411.552
2021-02-26 01:39:00,49070.5,49071.0,48971.0,48990.5,200.155,9805693.5275
2021-02-26 01:40:00,48990.0,49157.0,48971.5,49157.0,28.397,1395911.329
2021-02-26 01:41:00,49157.0,49164.5,48926.5,48926.5,18.534,906803.751
2021-02-26 01:42:00,48926.5,49027.0,48926.5,48933.0,18.928,926203.824
2021-02-26 01:43:00,48933.0,49042.5,48927.0,49042.5,12.843,629852.8275
2021-02-26 01:44:00,49042.5,49087.5,48917.5,48942.0,13.646,667862.532
2021-02-26 01:45:00,48942.0,48987.0,48849.0,48897.5,19.817,969001.7575
2021-02-26 01:46:00,48897.5,49054.5,48882.0,49054.5,26.198,1285129.791
2021-02-26 01:47:00,49054.5,49090.5,49020.0,49078.5,9.188,450933.258
2021-02-26 01:48:00,49078.5,49102.0,49050.0,49063.5,13.662,670305.537
2021-02-26 01:49:00,49063.5,49103.0,49055.0,49055.5,6.266,307381.763
2021-02-26 01:50:00,49047.0,49091.0,49011.0,49049.5,8.841,433646.6295
2021-02-26 01:51:00,49049.5,49111.0,49043.5,49111.0,3.408,167370.288
2021-02-26 01:52:00,49111.0,49267.0,49111.0,49267.0,26.74,1317399.58
2021-02-26 01:53:00,49267.0,49424.0,49267.0,49373.5,17.996,888525.506
2021-02-26 01:54:00,49373.5,49516.0,49373.5,49430.5,22.199,1097307.6695
2021-02-26 01:55:00,49430.5,49538.0,49430.0,49461.0,16.001,791425.461
2021-02-26 01:56:00,49461.0,49582.0,49460.5,49582.0,7.319,362890.658
2021-02-26 01:57:00,49582.0,49584.0,49489.5,49492.5,14.67,726054.975
2021-02-26 01:58:00,49509.0,49509.0,49269.0,49269.0,13.946,687105.474
2021-02-26 01:59:00,49267.5,49267.5,49146.0,49188.0,14.836,729753.168
2021-02-26 02:00:00,49187.5,49333.5,49162.5,49326.5,14.513,715875.4945
2021-02-26 02:01:00,49326.5,49350.0,49132.5,49206.5,10.062,495115.803
2021-02-26 02:02:00,49206.0,49206.5,49034.5,49082.5,19.852,974385.79
2021-02-26 02:03:00,49082.5,49096.0,48777.0,48777.0,34.563,1685879.451
2021-02-26 02:04:00,48755.5,48868.5,48750.0,48762.0,29.058,1416926.196
2021-02-26 02:05:00,48799.5,48858.0,48638.0,48670.5,57.864,2816269.812
2021-02-26 02:06:00,48660.5,48751.5,48593.0,48712.0,83.438,4064431.856
2021-02-26 02:07:00,48708.5,48820.0,48708.0,48763.0,15.62,761678.06
2021-02-26 02:08:00,48763.0,48878.0,48603.5,48707.5,55.735,2714712.5125
2021-02-26 02:09:00,48707.5,48707.5,48583.0,48634.0,19.34,940581.56
2021-02-26 02:10:00,48634.0,48687.0,48590.0,48635.0,15.317,744942.295
2021-02-26 02:11:00,48635.0,48798.5,48635.0,48712.5,49.859,2428756.5375
2021-02-26 02:12:00,48712.5,48750.0,48638.0,48677.5,5.103,248401.2825
2021-02-26 02:13:00,48677.5,48872.0,48677.5,48870.0,20.818,1017375.66
2021-02-26 02:14:00,48870.0,48870.0,48766.5,48866.0,5.741,280539.706
2021-02-26 02:15:00,48866.0,48900.0,48802.5,48856.5,25.956,1268119.314
2021-02-26 02:16:00,48856.5,48873.5,48763.0,48852.5,8.96,437718.4
2021-02-26 02:17:00,48852.5,48854.5,48784.5,48784.5,10.063,490918.4235
2021-02-26 02:18:00,48784.5,48868.5,48784.5,48866.0,4.638,226640.508
2021-02-26 02:19:00,48866.0,48870.5,48833.0,48869.0,3.157,154279.433
2021-02-26 02:20:00,48869.0,48980.5,48868.5,48980.5,8.081,395811.4205
2021-02-26 02:21:00,48983.0,48993.5,48932.0,48963.0,5.326,260776.938
2021-02-26 02:22:00,48963.0,48968.0,48925.5,48968.0,12.564,615233.952
2021-02-26 02:23:00,48968.0,49089.5,48968.0,49089.0,29.7,1457943.3
2021-02-26 02:24:00,49100.5,49161.0,49044.0,49060.0,9.078,445366.68
2021-02-26 02:25:00,49060.5,49060.5,48898.5,48928.0,7.654,374494.912
2021-02-26 02:26:00,48928.0,49157.0,48928.0,49157.0,20.1,988055.7
2021-02-26 02:27:00,49157.0,49200.0,49092.0,49107.0,7.908,388338.156
2021-02-26 02:28:00,49107.0,49171.5,49033.0,49142.0,2.213,108751.246
2021-02-26 02:29:00,49142.0,49261.0,49137.5,49215.0,21.651,1065553.965
2021-02-26 02:30:00,49215.0,49215.0,49086.0,49086.0,12.194,598554.684
2021-02-26 02:31:00,49086.0,49306.0,49067.5,49168.5,9.722,478016.157
2021-02-26 02:32:00,49168.5,49189.5,49133.5,49174.0,2.558,125787.092
2021-02-26 02:33:00,49174.0,49176.0,49121.0,49176.0,7.869,386965.944
2021-02-26 02:34:00,49176.0,49250.0,49164.5,49209.0,4.251,209187.459
2021-02-26 02:35:00,49209.0,49209.0,49111.0,49170.5,19.217,944909.4985
2021-02-26 02:36:00,49170.5,49196.0,49111.0,49178.5,3.665,180239.2025
2021-02-26 02:37:00,49178.5,49178.5,49120.0,49162.0,3.33,163709.46
2021-02-26 02:38:00,49162.0,49162.0,49035.5,49038.5,18.023,883820.8855
2021-02-26 02:39:00,49038.5,49108.5,48982.0,49108.5,8.453,415114.1505
2021-02-26 02:40:00,49108.5,49147.0,49082.0,49123.0,2.86,140491.78
2021-02-26 02:41:00,49123.0,49123.0,49063.0,49063.0,1.954,95869.102
2021-02-26 02:42:00,49063.0,49145.0,49063.0,49137.5,3.516,172767.45
2021-02-26 02:43:00,49137.5,49152.0,49100.0,49100.0,1.299,63780.9
2021-02-26 02:44:00,49100.0,49105.5,49048.5,49071.5,5.898,289423.707
2021-02-26 02:45:00,49071.5,49161.0,49071.5,49161.0,4.113,202199.193
2021-02-26 02:46:00,49161.0,49161.0,49082.5,49104.5,3.321,163076.0445
2021-02-26 02:47:00,49104.5,49104.5,48936.0,48946.0,3.766,184330.636
2021-02-26 02:48:00,48933.5,48945.5,48778.0,48778.5,21.177,1032982.2945
2021-02-26 02:49:00,48778.5,48790.5,48619.0,48721.0,25.611,1247793.531
2021-02-26 02:50:00,48721.0,48878.5,48650.5,48861.0,22.267,1087987.887
2021-02-26 02:51:00,48861.0,48985.5,48847.5,48985.5,7.994,391590.087
2021-02-26 02:52:00,48985.5,49235.5,48985.5,49235.5,35.641,1754802.4555
2021-02-26 02:53:00,49232.0,49348.5,49178.5,49178.5,46.554,2289455.889
2021-02-26 02:54:00,49169.5,49306.5,49169.5,49271.0,5.077,250148.867
2021-02-26 02:55:00,49271.0,49276.0,49200.0,49200.0,8.872,436502.4
2021-02-26 02:56:00,49200.0,49200.0,49066.0,49104.0,17.239,846503.856
2021-02-26 02:57:00,49104.0,49118.0,49000.0,49036.0,15.383,754320.788
2021-02-26 02:58:00,49036.0,49036.0,48993.0,49013.5,2.747,134640.0845
2021-02-26 02:59:00,49013.5,49014.0,48934.0,48970.0,8.345,408654.65
2021-02-26 03:00:00,48970.0,48970.0,48762.0,48774.0,21.497,1048494.678
2021-02-26 03:01:00,48774.0,48868.0,48762.0,48816.0,12.433,606929.328
2021-02-26 03:02:00,48816.0,48893.0,48766.5,48801.0,13.074,638024.274
2021-02-26 03:03:00,48801.0,48842.0,48788.5,48788.5,6.505,317369.1925
2021-02-26 03:04:00,48788.5,48807.0,48726.5,48772.5,7.452,363452.67
2021-02-26 03:05:00,48772.5,48778.0,48657.0,48658.0,26.347,1281992.326
2021-02-26 03:06:00,48658.0,48775.0,48620.0,48741.0,29.869,1455844.929
2021-02-26 03:07:00,48741.0,48825.0,48712.5,48825.0,8.065,393773.625
2021-02-26 03:08:00,48825.0,48825.0,48725.0,48744.0,5.547,270382.968
2021-02-26 03:09:00,48744.0,48800.0,48744.0,48799.5,8.334,406695.033
2021-02-26 03:10:00,48799.5,48800.0,48632.5,48637.0,9.595,466672.015
2021-02-26 03:11:00,48637.0,48672.0,48620.0,48620.0,13.368,649952.16
2021-02-26 03:12:00,48620.0,48743.5,48620.0,48713.5,9.778,476320.603
2021-02-26 03:13:00,48713.5,48775.0,48621.0,48772.0,5.899,287706.028
2021-02-26 03:14:00,48772.0,48776.5,48680.5,48735.5,2.606,127004.713
2021-02-26 03:15:00,48728.0,48728.0,48535.5,48577.5,16.367,795067.9425
2021-02-26 03:16:00,48577.0,48585.0,48356.0,48500.0,308.655,14969767.5
2021-02-26 03:17:00,48500.5,48501.0,48393.5,48422.0,27.127,1313543.594
2021-02-26 03:18:00,48422.0,48429.5,48347.5,48375.0,17.561,849513.375
2021-02-26 03:19:00,48375.0,48500.0,48364.0,48364.0,34.506,1668848.184
2021-02-26 03:20:00,48364.0,48372.0,48296.5,48296.5,31.091,1501586.4815
2021-02-26 03:21:00,48296.5,48500.0,48296.5,48401.0,24.669,1194004.269
2021-02-26 03:22:00,48401.0,48492.5,48348.0,48476.5,10.748,521025.422
2021-02-26 03:23:00,48476.5,48508.0,48403.5,48500.0,3.744,181584.0
2021-02-26 03:24:00,48499.5,48499.5,48367.0,48415.0,15.861,767910.315
2021-02-26 03:25:00,48415.0,48435.0,48361.5,48416.0,4.889,236705.824
2021-02-26 03:26:00,48416.0,48440.5,48339.0,48351.0,3.959,191421.609
2021-02-26 03:27:00,48354.0,48430.0,48350.0,48362.5,9.148,442420.15
2021-02-26 03:28:00,48362.5,48362.5,48235.5,48299.5,24.277,1172566.9615
2021-02-26 03:29:00,48299.5,48299.5,48121.0,48150.5,54.649,2631376.6745
2021-02-26 03:30:00,48150.5,48227.0,48067.0,48227.0,42.559,2052492.893
2021-02-26 03:31:00,48227.0,48370.0,48192.0,48245.0,27.805,1341452.225
2021-02-26 03:32:00,48245.0,48280.0,48108.5,48165.5,16.668,802822.554
2021-02-26 03:33:00,48165.0,48266.0,48134.5,48177.0,14.75,710610.75
2021-02-26 03:34:00,48177.0,48185.5,48065.0,48065.5,14.94,718098.57
2021-02-26 03:35:00,48065.5,48093.5,48015.0,48030.5,38.769,1862094.4545
2021-02-26 03:36:00,48030.5,48053.5,47841.5,47879.0,121.957,5839179.203
2021-02-26 03:37:00,47879.0,47987.5,47760.0,47794.0,57.406,2743662.364
2021-02-26 03:38:00,47794.0,47794.0,47661.0,47734.5,60.764,2900539.158
2021-02-26 03:39:00,47734.5,47770.0,47730.0,47754.5,13.287,634514.0415
2021-02-26 03:40:00,47754.5,47754.5,47597.5,47612.5,38.418,1829177.025
2021-02-26 03:41:00,47612.5,47612.5,47534.5,47534.5,24.214,1151000.383
2021-02-26 03:42:00,47534.5,47917.0,47532.5,47865.0,64.017,3064173.705
2021-02-26 03:43:00,47876.5,48020.0,47876.5,48020.0,39.538,1898614.76
2021-02-26 03:44:00,48020.0,48093.0,47950.5,47950.5,59.996,2876838.198
2021-02-26 03:45:00,47950.5,47950.5,47657.0,47769.5,77.265,3690910.4175
2021-02-26 03:46:00,47769.5,48154.5,47769.5,48151.5,78.358,3773055.237
2021-02-26 03:47:00,48151.5,48220.0,47885.0,48058.0,65.202,3133477.716
2021-02-26 03:48:00,48058.0,48266.0,48030.0,48218.0,28.726,1385110.268
2021-02-26 03:49:00,48222.0,48225.5,48078.5,48105.0,31.569,1518626.745
2021-02-26 03:50:00,48105.0,48208.0,48105.0,48208.0,11.013,530914.704
2021-02-26 03:51:00,48208.5,48208.5,48110.5,48110.5,26.359,1268144.6695
2021-02-26 03:52:00,48110.5,48200.5,48110.5,48200.0,21.711,1046470.2
2021-02-26 03:53:00,48200.0,48312.0,48191.0,48312.0,16.04,774924.48
2021-02-26 03:54:00,48316.5,48439.5,48316.5,48439.5,45.408,2199540.816
2021-02-26 03:55:00,48439.5,48439.5,48334.0,48407.0,27.265,1319816.855
2021-02-26 03:56:00,48407.5,48462.0,48407.5,48461.5,12.785,619580.2775
2021-02-26 03:57:00,48461.5,48609.5,48461.5,48609.5,43.911,2134491.7545
2021-02-26 03:58:00,48609.5,48648.0,48609.0,48648.0,24.954,1213962.192
2021-02-26 03:59:00,48648.0,48700.0,48648.0,48700.0,34.618,1685896.6
2021-02-26 04:00:00,48700.0,48702.5,48491.5,48492.0,71.215,3453357.78
2021-02-26 04:01:00,48492.0,48610.5,48492.0,48608.5,55.46,2695827.41
2021-02-26 04:02:00,48610.0,48870.0,48610.0,48800.5,57.873,2824231.3365
2021-02-26 04:03:00,48800.5,48844.0,48637.5,48797.0,20.736,1011854.592
2021-02-26 04:04:00,48797.0,48797.0,48619.0,48664.5,29.958,1457891.091
2021-02-26 04:05:00,48664.5,48669.5,48577.0,48637.5,10.234,497756.175
2021-02-26 04:06:00,48637.5,48637.5,48621.0,48621.0,5.288,257107.848
2021-02-26 04:07:00,48621.0,48621.0,48510.0,48595.5,17.735,861841.1925
2021-02-26 04:08:00,48600.0,48600.0,48555.0,48559.5,9.761,473989.2795
2021-02-26 04:09:00,48559.5,48619.5,48559.5,48619.5,27.35,1329743.325
2021-02-26 04:10:00,48630.0,48648.5,48576.0,48576.5,10.549,512433.4985
2021-02-26 04:11:00,48576.5,48599.5,48515.5,48515.5,12.546,608675.463
2021-02-26 04:12:00,48515.5,48516.0,48229.0,48260.5,66.077,3188909.0585
2021-02-26 04:13:00,48260.0,48515.0,48242.0,48300.5,59.189,2858858.2945
2021-02-26 04:14:00,48300.5,48416.5,48274.0,48373.0,21.798,1054434.654
2021-02-26 04:15:00,48373.0,48373.0,48096.5,48192.5,93.605,4511058.9625
2021-02-26 04:16:00,48192.5,48262.0,48007.0,48007.0,18.87,905892.09
2021-02-26 04:17:00,47971.5,48035.0,47833.0,48035.0,45.516,2186361.06
2021-02-26 04:18:00,48035.0,48035.0,47871.5,47918.5,53.631,2569917.0735
2021-02-26 04:19:00,47918.5,48113.5,47910.5,48021.0,43.393,2083775.253
2021-02-26 04:20:00,48021.0,48107.5,47961.5,48048.0,15.202,730425.696
2021-02-26 04:21:00,48048.0,48304.5,48040.0,48201.0,43.94,2117951.94
2021-02-26 04:22:00,48201.0,48490.5,48201.0,48457.5,91.645,4440887.5875
2021-02-26 04:23:00,48457.5,48522.0,48324.0,48450.0,50.99,2470465.5
2021-02-26 04:24:00,48450.0,48473.5,48301.0,48301.0,21.692,1047745.292
2021-02-26 04:25:00,48301.0,48393.0,48272.0,48366.0,6.17,298418.22
2021-02-26 04:26:00,48365.5,48371.5,48343.0,48359.5,1.852,89561.794
2021-02-26 04:27:00,48359.5,48370.0,48350.5,48357.5,3.968,191882.56
2021-02-26 04:28:00,48357.5,48357.5,48268.0,48268.0,5.124,247325.232
2021-02-26 04:29:00,48268.0,48282.5,48085.5,48252.5,22.115,1067104.0375
2021-02-26 04:30:00,48252.5,48252.5,47924.5,47924.5,56.043,2685832.7535
2021-02-26 04:31:00,47924.5,48066.5,47878.0,47930.5,24.041,1152297.1505
2021-02-26 04:32:00,47930.5,47958.5,47821.5,47883.0,30.113,1441900.779
2021-02-26 04:33:00,47883.0,48048.0,47863.5,47998.5,29.146,1398964.281
2021-02-26 04:34:00,47998.5,48156.0,47950.5,48156.0,5.389,259512.684
2021-02-26 04:35:00,48161.5,48174.0,48039.0,48039.5,13.293,638589.0735
2021-02-26 04:36:00,48039.5,48108.0,48033.0,48054.0,5.28,253725.12
2021-02-26 04:37:00,48054.0,48054.0,47800.0,47876.5,21.217,1015795.7005
2021-02-26 04:38:00,47876.5,47876.5,47671.0,47795.5,32.985,1576534.5675
2021-02-26 04:39:00,47795.5,47972.0,47746.5,47914.5,66.913,3206102.9385
2021-02-26 04:40:00,47914.5,47914.5,47729.0,47791.5,30.071,1437138.1965
2021-02-26 04:41:00,47791.5,47807.0,47720.0,47733.0,13.445,641770.185
2021-02-26 04:42:00,47733.0,47885.5,47727.5,47885.5,7.844,375613.862
2021-02-26 04:43:00,47885.5,47995.5,47812.0,47883.5,29.149,1395756.1415
2021-02-26 04:44:00,47883.5,47966.5,47868.0,47966.5,6.253,299934.5245
2021-02-26 04:45:00,47966.5,48050.0,47860.5,48038.5,8.973,431049.4605
2021-02-26 04:46:00,48043.5,48223.5,48043.5,48178.5,42.838,2063870.583
2021-02-26 04:47:00,48178.5,48294.5,48178.5,48276.5,23.183,1119194.0995
2021-02-26 04:48:00,48276.5,48320.0,48251.5,48319.5,43.458,2099868.831
2021-02-26 04:49:00,48320.0,48320.0,48192.0,48235.0,47.405,2286580.175
2021-02-26 04:50:00,48235.0,48345.0,48220.5,48270.0,24.643,1189517.61
2021-02-26 04:51:00,48270.0,48310.0,48227.5,48241.0,6.619,319307.179
2021-02-26 04:52:00,48293.0,48480.0,48264.5,48452.5,28.761,1393542.3525
2021-02-26 04:53:00,48452.5,48460.0,48347.5,48429.5,7.366,356731.697
2021-02-26 04:54:00,48429.5,48478.5,48415.5,48425.0,13.678,662357.15
2021-02-26 04:55:00,48425.0,48425.0,48309.0,48321.5,4.874,235518.991
2021-02-26 04:56:00,48317.5,48369.5,48260.0,48365.0,5.521,267023.165
2021-02-26 04:57:00,48365.0,48371.5,48302.5,48319.0,14.346,693184.374
2021-02-26 04:58:00,48332.0,48332.0,48278.5,48324.0,2.301,111193.524
2021-02-26 04:59:00,48324.0,48324.5,48267.0,48299.5,2.451,118382.0745
2021-02-26 05:00:00,48299.5,48381.5,48299.5,48349.5,8.795,425233.8525
2021-02-26 05:01:00,48349.5,48400.5,48347.5,48385.5,8.574,414857.277
2021-02-26 05:02:00,48385.5,48400.0,48325.0,48325.0,3.384,163531.8
2021-02-26 05:03:00,48325.0,48325.0,48141.0,48159.0,56.905,2740487.895
2021-02-26 05:04:00,48159.0,48168.5,48050.0,48050.5,12.176,585062.888
2021-02-26 05:05:00,48050.0,48050.0,47915.5,47980.0,31.751,1523412.98
2021-02-26 05:06:00,47980.0,48026.0,47859.0,47999.0,32.766,1572735.234
2021-02-26 05:07:00,47999.0,48127.0,47965.5,48068.5,18.893,908158.1705
2021-02-26 05:08:00,48068.5,48078.0,47834.0,47870.5,31.828,1523622.274
2021-02-26 05:09:00,47870.5,47926.0,47730.5,47730.5,46.834,2235410.237
2021-02-26 05:10:00,47730.0,47901.0,47724.5,47793.5,49.905,2385134.6175
2021-02-26 05:11:00,47793.5,47793.5,47700.0,47720.0,11.299,539188.28
2021-02-26 05:12:00,47720.0,47720.5,47445.5,47445.5,111.081,5270293.5855
2021-02-26 05:13:00,47445.5,47445.5,47319.5,47430.5,115.288,5468167.484
2021-02-26 05:14:00,47430.5,47565.5,47356.0,47423.0,37.814,1793253.322
2021-02-26 05:15:00,47423.0,47656.5,47365.0,47639.5,26.083,1242581.0785
2021-02-26 05:16:00,47639.5,47639.5,47250.0,47250.5,93.773,4430821.1365
2021-02-26 05:17:00,47250.5,47420.5,47250.5,47341.0,30.979,1466576.839
2021-02-26 05:18:00,47283.0,47319.5,47112.5,47112.5,72.253,3404019.4625
2021-02-26 05:19:00,47112.5,47318.5,47112.5,47198.0,30.921,1459409.358
2021-02-26 05:20:00,47198.0,47198.0,46957.0,46972.0,70.156,3295367.632
2021-02-26 05:21:00,46972.0,47197.0,46951.0,47144.5,39.013,1839248.3785
2021-02-26 05:22:00,47144.5,47405.0,47134.5,47383.0,44.802,2122853.166
2021-02-26 05:23:00,47383.0,47555.0,47375.0,47388.5,114.92,5445886.42
2021-02-26 05:24:00,47388.5,47471.5,47174.0,47174.0,55.072,2597966.528
2021-02-26 05:25:00,47174.0,47395.5,47162.5,47293.5,24.469,1157224.6515
2021-02-26 05:26:00,47293.5,47324.5,47088.0,47088.0,23.738,1117774.944
2021-02-26 05:27:00,47088.0,47089.5,46863.0,46870.0,90.36,4235173.2
2021-02-26 05:28:00,46869.5,46964.5,46750.0,46855.5,79.472,3723700.296
2021-02-26 05:29:00,46855.5,47200.0,46828.0,47133.0,50.136,2363060.088
2021-02-26 05:30:00,47133.0,47133.0,47036.5,47036.5,36.144,1700087.256
2021-02-26 05:31:00,47000.0,47000.0,46746.5,46791.5,54.212,2536660.798
2021-02-26 05:32:00,46791.5,46927.0,46692.0,46750.0,29.182,1364258.5
2021-02-26 05:33:00,46663.5,46794.0,46579.5,46748.0,105.541,4933830.668
2021-02-26 05:34:00,46751.0,47047.0,46751.0,47000.0,90.563,4256461.0
2021-02-26 05:35:00,47000.0,47041.5,46902.5,47012.0,48.402,2275474.824
2021-02-26 05:36:00,47012.0,47017.5,46837.0,46888.0,46.075,2160364.6
2021-02-26 05:37:00,46888.0,46888.0,46735.0,46869.5,27.794,1302690.883
2021-02-26 05:38:00,46869.5,47251.0,46867.0,47223.5,73.997,3494397.3295
2021-02-26 05:39:00,47223.5,47397.5,47151.0,47315.5,33.828,1600588.734
2021-02-26 05:40:00,47342.0,47357.5,47085.0,47100.0,40.455,1905430.5
2021-02-26 05:41:00,47131.5,47338.0,47104.0,47319.5,15.802,747742.739
2021-02-26 05:42:00,47319.5,47482.0,47300.0,47428.5,14.836,703649.226
2021-02-26 05:43:00,47429.0,47541.5,47383.5,47541.0,13.221,628539.561
2021-02-26 05:44:00,47541.0,47583.0,47486.0,47502.5,12.822,609077.055
2021-02-26 05:45:00,47503.0,47629.0,47503.0,47605.0,35.057,1668888.485
2021-02-26 05:46:00,47604.5,47604.5,47315.5,47330.5,57.046,2700015.703
2021-02-26 05:47:00,47330.5,47337.0,47060.0,47130.5,47.185,2223852.6425
2021-02-26 05:48:00,47117.0,47227.0,47111.0,47181.5,29.914,1411387.391
2021-02-26 05:49:00,47181.0,47196.0,47044.0,47069.5,47.736,2246909.652
2021-02-26 05:50:00,47069.5,47069.5,46788.0,46788.0,48.808,2283628.704
2021-02-26 05:51:00,46788.0,47007.0,46780.0,46986.0,33.442,1571305.812
2021-02-26 05:52:00,46986.0,47071.0,46900.0,47047.0,42.56,2002320.32
2021-02-26 05:53:00,47047.0,47277.0,47043.5,47257.5,33.119,1565121.1425
2021-02-26 05:54:00,47257.5,47306.0,47033.0,47063.5,67.397,3171938.7095
2021-02-26 05:55:00,47063.5,47063.5,46869.5,47027.0,26.668,1254116.036
2021-02-26 05:56:00,47027.0,47053.0,46852.5,46898.5,38.46,1803716.31
2021-02-26 05:57:00,46898.5,47006.0,46885.5,46895.0,9.992,468574.84
2021-02-26 05:58:00,46895.0,46900.0,46771.0,46798.0,24.332,1138688.936
2021-02-26 05:59:00,46811.5,46925.0,46800.0,46820.5,14.546,681050.993
2021-02-26 06:00:00,46821.0,46821.0,46623.5,46629.0,36.938,1722382.002
2021-02-26 06:01:00,46629.0,46629.0,46331.0,46358.5,123.654,5732413.959
2021-02-26 06:02:00,46341.0,46583.5,46339.5,46413.0,98.289,4561887.357
2021-02-26 06:03:00,46413.0,46536.5,46323.0,46323.0,40.107,1857876.561
2021-02-26 06:04:00,46323.0,46460.0,46274.5,46451.0,66.227,3076310.377
2021-02-26 06:05:00,46451.0,46486.0,46154.5,46160.0,55.893,2580020.88
2021-02-26 06:06:00,46160.0,46280.0,46111.5,46182.5,92.115,4254100.9875
2021-02-26 06:07:00,46169.0,46263.5,46097.5,46131.5,79.619,3672943.8985
2021-02-26 06:08:00,46135.0,46313.0,46066.0,46225.0,42.7,1973807.5
2021-02-26 06:09:00,46225.0,46350.0,46225.0,46345.5,16.227,752048.4285
2021-02-26 06:10:00,46373.0,46547.5,46373.0,46403.5,38.904,1805281.764
2021-02-26 06:11:00,46403.5,46578.0,46403.0,46578.0,40.406,1882030.668
2021-02-26 06:12:00,46578.0,46578.0,46263.5,46328.0,30.282,1402904.496
2021-02-26 06:13:00,46335.0,46335.0,46111.0,46124.0,26.875,1239582.5
2021-02-26 06:14:00,46111.0,46270.0,46050.0,46234.5,37.946,1754414.337
2021-02-26 06:15:00,46234.5,46516.0,46205.0,46412.5,41.025,1904072.8125
2021-02-26 06:16:00,46412.5,46414.0,46053.0,46094.0,58.617,2701891.998
2021-02-26 06:17:00,46060.0,46140.0,46025.0,46089.5,44.643,2057573.5485
2021-02-26 06:18:00,46089.5,46442.5,46089.5,46387.5,47.541,2205308.1375
2021-02-26 06:19:00,46387.5,46412.5,46220.0,46354.0,81.943,3798385.822
2021-02-26 06:20:00,46354.0,46590.0,46354.0,46590.0,23.379,1089227.61
2021-02-26 06:21:00,46620.5,46628.0,46480.0,46537.5,72.916,3393328.35
2021-02-26 06:22:00,46537.5,46609.0,46450.0,46450.0,54.982,2553913.9
2021-02-26 06:23:00,46450.0,46452.5,46242.0,46360.0,50.41,2337007.6
2021-02-26 06:24:00,46360.0,46620.0,46360.0,46599.5,38.121,1776419.5395
2021-02-26 06:25:00,46600.0,46600.0,46381.0,46381.0,21.816,1011847.896
2021-02-26 06:26:00,46381.0,46521.0,46381.0,46424.0,13.911,645804.264
2021-02-26 06:27:00,46424.0,46424.0,46320.5,46343.0,7.755,359389.965
2021-02-26 06:28:00,46343.0,46500.0,46343.0,46496.0,5.649,262655.904
2021-02-26 06:29:00,46496.0,46885.5,46496.0,46864.0,92.353,4328030.992
2021-02-26 06:30:00,46811.5,46940.0,46670.0,46787.5,27.04,1265134.0
2021-02-26 06:31:00,46787.5,46787.5,46551.0,46643.5,77.84,3630730.04
2021-02-26 06:32:00,46643.5,46890.5,46643.5,46873.5,39.992,1874565.012
2021-02-26 06:33:00,46850.5,47191.0,46850.5,47075.5,101.441,4775385.7955
2021-02-26 06:34:00,47075.5,47179.5,47053.5,47106.0,21.813,1027523.178
2021-02-26 06:35:00,47106.0,47115.0,46927.5,46998.5,55.62,2614056.57
2021-02-26 06:36:00,46998.5,47034.0,46958.0,46988.5,21.83,1025758.955
2021-02-26 06:37:00,46988.5,47094.5,46905.0,46905.0,57.884,2715049.02
2021-02-26 06:38:00,46905.0,46929.5,46573.0,46608.5,78.042,3637420.557
2021-02-26 06:39:00,46608.5,46740.0,46600.0,46609.5,105.004,4894183.938
2021-02-26 06:40:00,46609.5,46799.5,46609.5,46700.5,12.798,597672.999
2021-02-26 06:41:00,46706.0,47057.5,46696.0,46992.5,104.476,4909588.43
2021-02-26 06:42:00,47042.0,47152.0,46900.0,46909.5,23.723,1112834.0685
2021-02-26 06:43:00,46909.5,47017.0,46830.5,46883.5,48.185,2259081.4475
2021-02-26 06:44:00,46883.5,46981.0,46853.0,46960.5,33.532,1574679.486
2021-02-26 06:45:00,46960.5,46979.5,46770.0,46950.0,63.018,2958695.1
2021-02-26 06:46:00,46958.0,47131.0,46910.0,47090.0,50.802,2392266.18
2021-02-26 06:47:00,47090.0,47104.0,46873.5,46875.0,40.292,1888687.5
2021-02-26 06:48:00,46875.0,47067.0,46875.0,47022.5,20.055,943036.2375
2021-02-26 06:49:00,47022.5,47140.0,46980.5,47014.5,8.275,389044.9875
2021-02-26 06:50:00,47014.5,47160.0,47014.0,47119.5,24.588,1158574.266
2021-02-26 06:51:00,47119.5,47120.0,47060.0,47117.5,6.781,319503.7675
2021-02-26 06:52:00,47117.5,47350.0,47117.5,47345.0,94.47,4472682.15
2021-02-26 06:53:00,47345.0,47441.5,47270.0,47375.5,47.482,2249483.491
2021-02-26 06:54:00,47397.0,47451.5,47271.0,47271.0,35.441,1675331.511
2021-02-26 06:55:00,47271.0,47299.5,47161.5,47299.5,9.451,447027.5745
2021-02-26 06:56:00,47299.5,47445.0,47299.5,47372.5,24.694,1169816.515
2021-02-26 06:57:00,47372.5,47427.0,47250.5,47250.5,8.74,412969.37
2021-02-26 06:58:00,47250.5,47250.5,47151.0,47151.0,11.508,542613.708
2021-02-26 06:59:00,47118.0,47270.0,47095.5,47159.5,8.863,417974.6485
2021-02-26 07:00:00,47159.5,47210.0,47155.0,47201.0,11.869,560228.669
2021-02-26 07:01:00,47201.0,47311.0,47183.0,47308.5,5.859,277180.5015
2021-02-26 07:02:00,47308.5,47370.0,47278.0,47300.0,30.193,1428128.9
2021-02-26 07:03:00,47300.0,47300.0,47262.0,47270.0,29.219,1381182.13
2021-02-26 07:04:00,47270.0,47270.0,46970.0,46970.0,12.091,567914.27
2021-02-26 07:05:00,46959.5,47066.5,46959.5,46992.5,49.362,2319643.785
2021-02-26 07:06:00,46992.5,46992.5,46735.0,46764.0,42.495,1987236.18
2021-02-26 07:07:00,46764.0,46868.0,46712.5,46750.5,47.692,2229624.846
2021-02-26 07:08:00,46750.5,46886.0,46746.0,46882.0,34.882,1635337.924
2021-02-26 07:09:00,46882.0,46913.5,46833.5,46913.5,8.521,399749.9335
2021-02-26 07:10:00,46895.5,46973.5,46894.5,46949.5,24.244,1138243.678
2021-02-26 07:11:00,46949.5,46960.0,46857.0,46960.0,7.888,370420.48
2021-02-26 07:12:00,46960.0,47193.5,46944.5,47193.5,40.931,1931677.1485
2021-02-26 07:13:00,47193.5,47264.0,47142.0,47183.5,92.692,4373532.982
2021-02-26 07:14:00,47183.5,47186.0,47074.0,47099.5,29.155,1373185.9225
2021-02-26 07:15:00,47099.5,47099.5,46763.5,46763.5,78.062,3650452.337
2021-02-26 07:16:00,46763.5,46806.0,46650.0,46723.0,29.02,1355901.46
2021-02-26 07:17:00,46743.5,46834.5,46650.5,46752.0,32.171,1504058.592
2021-02-26 07:18:00,46752.0,46783.5,46682.0,46769.0,51.565,2411643.485
2021-02-26 07:19:00,46761.0,46860.5,46641.0,46658.0,26.236,1224119.288
2021-02-26 07:20:00,46658.0,46693.0,46507.0,46548.5,49.431,2300938.9035
2021-02-26 07:21:00,46548.5,46596.5,46415.5,46416.5,47.748,2216295.042
2021-02-26 07:22:00,46416.5,46494.5,46350.5,46389.5,36.161,1677490.7095
2021-02-26 07:23:00,46389.5,46619.5,46389.5,46522.5,34.279,1594744.7775
2021-02-26 07:24:00,46511.5,46511.5,46350.0,46403.5,22.3,1034798.05
2021-02-26 07:25:00,46403.5,46537.5,46370.0,46537.5,22.555,1049653.3125
2021-02-26 07:26:00,46537.5,46579.5,46386.5,46511.0,13.998,651060.978
2021-02-26 07:27:00,46511.0,46526.5,46402.0,46482.0,6.188,287630.616
2021-02-26 07:28:00,46482.0,46521.0,46383.5,46413.0,17.532,813712.716
2021-02-26 07:29:00,46413.0,46566.0,46307.0,46501.0,51.829,2410100.329
2021-02-26 07:30:00,46542.0,46547.0,46287.0,46379.5,24.88,1153921.96
2021-02-26 07:31:00,46356.0,46411.5,46190.5,46190.5,18.599,859097.1095
2021-02-26 07:32:00,46190.5,46320.5,46190.5,46320.5,10.075,466679.0375
2021-02-26 07:33:00,46320.5,46418.5,46233.5,46402.0,14.684,681366.968
2021-02-26 07:34:00,46402.0,46597.5,46300.5,46536.5,11.48,534239.02
2021-02-26 07:35:00,46543.0,46871.5,46543.0,46857.0,31.871,1493379.447
2021-02-26 07:36:00,46883.5,46900.0,46759.5,46849.5,23.626,1106866.287
2021-02-26 07:37:00,46859.0,46964.5,46855.5,46855.5,67.084,3143254.362
2021-02-26 07:38:00,46855.5,46862.0,46722.0,46750.0,34.009,1589920.75
2021-02-26 07:39:00,46750.0,46845.0,46649.5,46649.5,10.232,477317.684
2021-02-26 07:40:00,46637.0,46700.0,46607.0,46629.0,12.856,599462.424
2021-02-26 07:41:00,46629.0,46739.0,46568.0,46690.0,44.143,2061036.67
2021-02-26 07:42:00,46690.0,46817.5,46690.0,46753.5,7.395,345742.1325
2021-02-26 07:43:00,46753.5,46789.0,46719.0,46789.0,4.364,204187.196
2021-02-26 07:44:00,46789.0,46871.0,46744.5,46871.0,6.313,295896.623
2021-02-26 07:45:00,46871.0,47118.5,46851.5,47061.5,45.676,2149581.074
2021-02-26 07:46:00,47061.5,47150.0,47061.5,47099.5,22.508,1060115.546
2021-02-26 07:47:00,47126.0,47190.0,46989.0,46989.0,46.782,2198239.398
2021-02-26 07:48:00,46989.0,47084.0,46943.0,46999.0,13.029,612349.971
2021-02-26 07:49:00,46999.0,47089.5,46952.5,47057.5,5.322,250440.015
2021-02-26 07:50:00,47057.5,47057.5,46924.5,46924.5,4.743,222562.9035
2021-02-26 07:51:00,46924.5,47053.0,46900.5,46943.5,6.548,307386.038
2021-02-26 07:52:00,46943.5,47000.0,46889.5,46889.5,4.321,202609.5295
2021-02-26 07:53:00,46887.0,47033.0,46880.5,47000.0,7.053,331491.0
2021-02-26 07:54:00,47011.5,47162.0,47011.5,47129.0,6.353,299410.537
2021-02-26 07:55:00,47129.0,47163.5,47047.0,47145.0,11.908,561402.66
2021-02-26 07:56:00,47144.5,47310.0,47144.5,47310.0,53.252,2519352.12
2021-02-26 07:57:00,47310.0,47402.0,47287.5,47340.0,53.77,2545471.8
2021-02-26 07:58:00,47340.0,47400.0,47302.0,47302.0,9.08,429502.16
2021-02-26 07:59:00,47265.0,47335.0,47252.5,47296.5,28.027,1325579.0055
2021-02-26 08:00:00,47296.5,47296.5,47126.0,47131.0,32.877,1549525.887
2021-02-26 08:01:00,47131.0,47198.0,47104.5,47104.5,8.273,389695.5285
2021-02-26 08:02:00,47104.5,47198.5,47068.0,47156.5,8.366,394511.279
2021-02-26 08:03:00,47156.5,47156.5,47033.5,47053.0,23.645,1112568.185
2021-02-26 08:04:00,47074.5,47074.5,47004.5,47056.5,15.149,712858.9185
2021-02-26 08:05:00,47056.5,47056.5,46850.0,46850.0,15.793,739902.05
2021-02-26 08:06:00,46850.0,47020.5,46850.0,47000.0,55.553,2610991.0
2021-02-26 08:07:00,47000.0,47000.0,46864.0,46870.0,18.118,849190.66
2021-02-26 08:08:00,46870.0,47008.5,46870.0,46955.5,44.048,2068295.864
2021-02-26 08:09:00,46955.5,46977.5,46873.0,46977.5,16.974,797396.085
2021-02-26 08:10:00,46977.5,47170.5,46950.0,47170.0,18.087,853163.79
2021-02-26 08:11:00,47170.0,47330.0,47156.5,47330.0,26.954,1275732.82
2021-02-26 08:12:00,47330.0,47725.0,47330.0,47634.0,123.03,5860411.02
2021-02-26 08:13:00,47641.5,47753.5,47580.0,47696.0,70.956,3384317.376
2021-02-26 08:14:00,47696.0,47792.5,47651.5,47777.0,49.592,2369356.984
2021-02-26 08:15:00,47777.0,47777.5,47659.0,47659.0,39.318,1873856.562
2021-02-26 08:16:00,47659.0,47735.0,47567.5,47691.5,34.489,1644832.1435
2021-02-26 08:17:00,47691.5,47693.0,47616.0,47650.0,42.203,2010972.95
2021-02-26 08:18:00,47650.0,47653.5,47508.5,47539.0,12.661,601891.279
2021-02-26 08:19:00,47539.0,47554.5,47507.0,47507.0,62.542,2971182.794
2021-02-26 08:20:00,47507.0,47561.0,47507.0,47516.5,26.01,1235904.165
2021-02-26 08:21:00,47516.5,47516.5,47460.0,47460.5,22.307,1058701.3735
2021-02-26 08:22:00,47460.5,47510.5,47412.5,47421.0,119.628,5672879.388
2021-02-26 08:23:00,47420.5,47521.0,47386.0,47521.0,7.304,347093.384
2021-02-26 08:24:00,47521.0,47542.5,47452.0,47452.0,7.633,362201.116
2021-02-26 08:25:00,47452.0,47483.0,47370.0,47429.0,6.465,306628.485
2021-02-26 08:26:00,47430.5,47466.0,47376.5,47395.5,10.449,495235.5795
2021-02-26 08:27:00,47395.5,47426.5,47357.0,47404.0,11.642,551877.368
2021-02-26 08:28:00,47404.0,47450.0,47360.0,47419.5,3.486,165304.377
2021-02-26 08:29:00,47420.0,47462.5,47360.5,47360.5,7.529,356577.2045
2021-02-26 08:30:00,47360.5,47507.0,47300.0,47484.0,12.182,578450.088
2021-02-26 08:31:00,47484.0,47645.0,47484.0,47579.5,29.926,1423864.117
2021-02-26 08:32:00,47579.5,47595.5,47484.0,47489.0,8.285,393446.365
2021-02-26 08:33:00,47489.0,47489.0,47320.0,47320.0,27.445,1298697.4
2021-02-26 08:34:00,47320.0,47320.5,47163.0,47184.0,26.154,1234050.336
2021-02-26 08:35:00,47184.0,47184.0,47048.0,47064.5,46.018,2165814.161
2021-02-26 08:36:00,47064.5,47150.0,47064.0,47064.0,67.2,3162700.8
2021-02-26 08:37:00,47055.0,47109.5,46962.0,47094.5,22.417,1055717.4065
2021-02-26 08:38:00,47094.5,47094.5,46965.0,47084.0,28.12,1324002.08
2021-02-26 08:39:00,47084.0,47172.5,47065.0,47123.5,17.45,822305.075
2021-02-26 08:40:00,47123.5,47227.5,47095.0,47185.5,36.821,1737417.2955
2021-02-26 08:41:00,47185.0,47212.0,47038.0,47070.5,10.867,511515.1235
2021-02-26 08:42:00,47070.5,47127.5,47000.0,47093.0,8.96,421953.28
2021-02-26 08:43:00,47093.0,47093.0,46925.5,46930.5,25.146,1180114.353
2021-02-26 08:44:00,46930.5,46992.0,46762.5,46763.0,36.617,1712320.771
2021-02-26 08:45:00,46763.0,47015.0,46759.5,47002.0,20.653,970732.306
2021-02-26 08:46:00,47002.0,47080.5,46896.0,46912.5,6.658,312343.425
2021-02-26 08:47:00,46915.0,47100.0,46836.0,47060.0,9.545,449187.7
2021-02-26 08:48:00,47060.0,47060.0,46920.5,46993.5,7.916,372000.546
2021-02-26 08:49:00,46993.5,47033.5,46920.0,46922.5,5.203,244137.7675
2021-02-26 08:50:00,46922.0,47015.5,46922.0,46987.0,4.618,216985.966
2021-02-26 08:51:00,46987.0,47140.5,46984.5,47140.5,13.322,628005.741
2021-02-26 08:52:00,47142.0,47150.0,47061.0,47115.0,3.264,153783.36
2021-02-26 08:53:00,47115.0,47115.0,47017.0,47017.0,6.012,282666.204
2021-02-26 08:54:00,47017.0,47150.0,47016.5,47149.5,10.028,472815.186
2021-02-26 08:55:00,47149.5,47195.0,47128.5,47128.5,15.033,708482.7405
2021-02-26 08:56:00,47128.5,47164.5,47071.0,47164.5,19.007,896455.6515
2021-02-26 08:57:00,47164.5,47273.0,47150.5,47236.5,64.611,3051997.5015
2021-02-26 08:58:00,47236.5,47313.5,47210.5,47285.5,109.425,5174215.8375
2021-02-26 08:59:00,47285.5,47350.0,47266.5,47350.0,26.039,1232946.65
2021-02-26 09:00:00,47357.5,47465.0,47333.5,47463.0,39.109,1856230.467
2021-02-26 09:01:00,47463.0,47480.0,47364.5,47476.0,64.944,3083281.344
2021-02-26 09:02:00,47476.0,47476.0,47408.5,47453.0,7.287,345790.011
2021-02-26 09:03:00,47453.0,47476.0,47379.0,47379.0,20.156,954971.124
2021-02-26 09:04:00,47379.0,47379.0,47241.0,47254.5,7.632,360646.344
2021-02-26 09:05:00,47254.5,47255.0,47120.0,47141.0,9.472,446519.552
2021-02-26 09:06:00,47141.0,47141.0,47076.0,47076.0,7.984,375854.784
2021-02-26 09:07:00,47076.0,47195.0,47075.0,47149.5,12.229,576591.2355
2021-02-26 09:08:00,47149.5,47150.0,47047.0,47047.5,7.63,358972.425
2021-02-26 09:09:00,47045.0,47097.0,47012.0,47012.0,15.676,736960.112
2021-02-26 09:10:00,47012.0,47134.0,47005.0,47134.0,6.789,319992.726
2021-02-26 09:11:00,47134.0,47299.0,47113.0,47248.5,7.141,337401.5385
2021-02-26 09:12:00,47248.5,47393.0,47241.5,47366.5,53.809,2548743.9985
2021-02-26 09:13:00,47366.5,47421.5,47302.0,47350.0,36.836,1744184.6
2021-02-26 09:14:00,47350.0,47350.0,47164.0,47213.5,9.999,472087.7865
2021-02-26 09:15:00,47213.5,47365.0,47130.0,47301.0,8.358,395341.758
2021-02-26 09:16:00,47301.0,47447.5,47301.0,47445.5,26.855,1274148.9025
2021-02-26 09:17:00,47445.5,47447.0,47357.0,47430.0,47.422,2249225.46
2021-02-26 09:18:00,47430.0,47446.5,47400.0,47419.0,4.905,232590.195
2021-02-26 09:19:00,47419.0,47465.0,47300.0,47300.0,13.133,621190.9
