startTime,openPrice,highPrice,lowPrice,closePrice,volume,turnover
1676226600000,21950,21953.4,21944,21953.4,111.623,2449804.4629
1676226660000,21953.4,21959.4,21953.4,21959.3,47.596,1044990.1354
1676226720000,21959.3,21978.2,21959.3,21978.1,35.017,769286.5415
1676226780000,21978.1,21979.5,21971.1,21971.1,22.96,504586.0442
1676226840000,21971.1,21971.5,21968.9,21969,12.197,267967.2943
1676226900000,21969,21971.7,21969,21969,11.199,246050.7999
1676226960000,21969,21970,21968.9,21969.9,4.657,102311.6067
1676227020000,21969.9,21973,21969.6,21971.3,9.462,207893.963
1676227080000,21971.3,21973.4,21971.2,21973.4,11,241705.1466
1676227140000,21973.4,21975.7,21971,21975.6,25.989,571072.6984
1676227200000,21975.6,21975.7,21970,21970.4,34.899,766897.0327
1676227260000,21970.4,21970.5,21966.6,21966.6,6.184,135862.7256
1676227320000,21966.6,21967.5,21963.7,21965.2,6.175,135633.2694
1676227380000,21965.2,21968,21965.2,21967.9,15.225,334427.1497
1676227440000,21967.9,21968.6,21967.9,21968.5,86.284,1895529.7219
1676227500000,21968.5,21968.6,21958.5,21965.1,157.113,3450615.5609
1676227560000,21965.1,21965.2,21961.5,21961.9,129.494,2843938.9256
1676227620000,21961.9,21965.4,21961.9,21965.3,31.162,684452.0933
1676227680000,21965.3,21967.8,21965.3,21967.7,7.904,173616.1638
1676227740000,21967.7,21968.8,21967.7,21968.7,3.138,68935.8313
1676227800000,21968.7,21969,21968.7,21969,4.223,92775.032
1676227860000,21969,21969,21968.9,21968.9,5.498,120785.1082
1676227920000,21968.9,21969,21961.3,21961.4,42.455,932631.1652
1676227980000,21961.4,21961.4,21956.9,21956.9,54.963,1206872.4924
1676228040000,21956.9,21959.5,21956.9,21959.4,14.013,307691.3814
1676228100000,21959.4,21959.6,21959.4,21959.5,5.725,125718.1353
1676228160000,21959.5,21959.6,21959.5,21959.5,5.469,120096.808
1676228220000,21959.5,21965.9,21959.5,21965.8,34.102,748972.4538
1676228280000,21965.8,21967.8,21965.8,21967.8,11.132,244533.0574
1676228340000,21967.8,21968.6,21964.4,21964.5,22.908,503198.0792
1676228400000,21964.5,21969,21964.4,21969,7.727,169737.2598
1676228460000,21969,21969,21968.9,21968.9,6.103,134076.6188
1676228520000,21968.9,21969,21964.7,21964.8,4.208,92444.5382
1676228580000,21964.8,21964.8,21955.6,21955.6,18.003,395375.6422
1676228640000,21955.6,21955.8,21955.6,21955.7,9.692,212794.7687
1676228700000,21955.7,21960,21955.7,21959.9,8.996,197534.1148
1676228760000,21959.9,21961.1,21959.9,21961,6.716,147487.0255
1676228820000,21961,21962.9,21961,21961.1,19.587,430176.5157
1676228880000,21961.1,21961.1,21957.3,21959,27.468,603183.7776
1676228940000,21959,21960,21958.9,21959.8,13.028,286082.4332
1676229000000,21959.8,21961,21959.8,21960,6.388,140283.2765
1676229060000,21960,21960.7,21960,21960.6,2.393,52551.4329
1676229120000,21960.6,21960.7,21960.6,21960.7,2.66,58415.3065
1676229180000,21960.7,21960.7,21960.6,21960.6,6.425,141097.0263
1676229240000,21960.6,21960.7,21955.6,21955.7,38.86,853327.8486
1676229300000,21955.7,21955.7,21929,21935.2,556.741,12215258.9775
1676229360000,21935.2,21935.2,21916.3,21920,332.689,7293320.1965
1676229420000,21920,21926.4,21915.7,21915.8,240.277,5267536.553
1676229480000,21915.8,21920,21915.7,21919.9,34.065,746694.006
1676229540000,21919.9,21925.5,21919.9,21923.9,207.972,4559269.548
1676229600000,21923.9,21923.9,21920,21920.1,13.294,291426.9682
1676229660000,21920.1,21928.4,21920,21928.4,13.94,305602.5936
1676229720000,21928.4,21935,21928.3,21934.9,11.452,251160.3799
1676229780000,21934.9,21946.3,21934.9,21946.2,44.597,978288.0578
1676229840000,21946.2,21952.4,21946.2,21952.1,51.509,1130681.1246
1676229900000,21952.1,21952.1,21950,21950.1,38.318,841130.3631
1676229960000,21950.1,21950.6,21950,21950.5,12.549,275451.0778
1676230020000,21950.5,21953.1,21950.5,21953.1,21.055,462191.3665
1676230080000,21953.1,21953.1,21953,21953,20.519,450454.2304
1676230140000,21953,21953.1,21953,21953,8.83,193845.7802
1676230200000,21953,21956,21953,21955.2,13.539,297245.8584
1676230260000,21955.2,21955.5,21955.1,21955.4,10.076,221220.4909
1676230320000,21955.4,21964.4,21955.4,21964.1,45.35,995886.4106
1676230380000,21964.1,21965.4,21964,21965.4,19.696,432613.0384
1676230440000,21965.4,21969.5,21965.3,21969.4,25.708,564771.0833
1676230500000,21969.4,21969.5,21965.7,21965.8,24.252,532736.5395
1676230560000,21965.8,21965.8,21962.7,21962.8,17.401,382198.3224
1676230620000,21962.8,21965.8,21962.7,21965.7,11.378,249902.9451
1676230680000,21965.7,21968.8,21965.7,21966.1,24.5,538196.0429
1676230740000,21966.1,21966.1,21961.7,21961.7,18.556,407569.4747
1676230800000,21961.7,21965.7,21961.7,21965.6,10.095,221719.5624
1676230860000,21965.6,21966.8,21965.6,21966.7,14.719,323315.1702
1676230920000,21966.7,21969.6,21966.7,21969.6,12.938,284238.7395
1676230980000,21969.6,21978.5,21969.6,21978.4,20.993,461337.0272
1676231040000,21978.4,21978.5,21978.4,21978.5,22.352,491263.245
1676231100000,21978.5,21979,21978.4,21978.9,12.186,267832.2213
1676231160000,21978.9,21995.6,21978.9,21995.5,116.787,2567857.2989
1676231220000,21995.5,22017.9,21993.5,22013,180.6,3974407.9761
1676231280000,22013,22013.1,22012,22012.1,35.722,786346.7314
1676231340000,22012.1,22012.1,22007.6,22009.9,34.781,765497.5231
1676231400000,22009.9,22014,22009.9,22013.1,19.137,421261.2344
1676231460000,22013.1,22013.1,22008.6,22008.6,53.367,1174626.8991
1676231520000,22008.6,22008.6,21992.2,21996.3,70.905,1559946.262
1676231580000,21996.3,21996.4,21994.8,21994.9,26.312,578750.092
1676231640000,21994.9,21994.9,21994.8,21994.8,10.335,227316.3326
1676231700000,21994.8,21994.9,21994.8,21994.8,16.339,359373.2236
1676231760000,21994.8,21994.9,21992.1,21992.1,16.783,369127.5309
1676231820000,21992.1,21992.2,21984.3,21984.3,42.533,935246.1126
1676231880000,21984.3,21989.3,21984.3,21989.3,18.402,404598.7686
1676231940000,21989.3,21989.3,21981.6,21983.2,30.693,674846.1632
1676232000000,21983.2,21999.8,21983.2,21999.8,60.368,1327655.5408
1676232060000,21999.8,21999.8,21990.1,21990.2,29.313,644767.6098
1676232120000,21990.2,21993.8,21990.1,21993.7,15.594,342938.2322
1676232180000,21993.7,21993.8,21993.7,21993.7,15.934,350447.8364
1676232240000,21993.7,21999.1,21993.7,21996.6,29.416,647018.9418
1676232300000,21996.6,21996.7,21993.7,21994.6,26.645,586042.1274
1676232360000,21994.6,22010.2,21994.6,22009,71.466,1572648.2818
1676232420000,22009,22015.5,22008.9,22011.7,42.45,934448.259
1676232480000,22011.7,22014.1,22011.6,22014,26.183,576383.3051
1676232540000,22014,22014,22004.1,22004.1,50.767,1117401.8104
1676232600000,22004.1,22004.1,21995.5,21997.5,38.515,847339.2595
1676232660000,21997.5,21998,21993.5,21998,16.165,355555.0376
1676232720000,21998,21999.1,21997.9,21999,15.316,336920.7263
1676232780000,21999,21999,21998,21998,11.134,244925.9052
1676232840000,21998,21998.1,21991.6,21991.6,48.039,1056637.1215
1676232900000,21991.6,21991.7,21986.6,21986.6,35.766,786491.5027
1676232960000,21986.6,21987.7,21986.6,21987.6,12.982,285434.7343
1676233020000,21987.6,21989.1,21987.6,21989,16.117,354388.1055
1676233080000,21989,21999,21989,21996.6,9.002,197979.3833
1676233140000,21996.6,21999.9,21996.5,21999.8,14.45,317872.8772
1676233200000,21999.8,22000,21999.8,22000,23.249,511476.3187
1676233260000,22000,22000,21993.9,21994.5,104.75,2303922.178
1676233320000,21994.5,21994.5,21987.8,21989.2,28.353,623533.4827
1676233380000,21989.2,21989.2,21983,21983.1,16.655,366160.3027
1676233440000,21983.1,21983.1,21982.1,21982.2,12.288,270120.8466
1676233500000,21982.2,21982.2,21981.1,21981.1,8.193,180092.8176
1676233560000,21981.1,21981.2,21978.9,21978.9,21.997,483491.8701
1676233620000,21978.9,21979,21978.7,21978.7,17.877,392914.8249
1676233680000,21978.7,21978.8,21978.7,21978.8,8.079,177565.9967
1676233740000,21978.8,21978.8,21978.7,21978.8,15.542,341594.0963
1676233800000,21978.8,21978.8,21978.7,21978.8,20.855,458366.9871
1676233860000,21978.8,21979.9,21972.5,21972.5,61.452,1350543.3971
1676233920000,21972.5,21972.6,21957,21959.1,168.275,3696508.6869
1676233980000,21959.1,21962.6,21959.1,21961,24.119,529670.3306
1676234040000,21961,21961,21952.1,21952.1,118.436,2600400.0033
1676234100000,21952.1,21952.2,21944.9,21949.9,142.948,3137456.3643
1676234160000,21949.9,21956.6,21949.9,21950.6,96.333,2114852.6158
1676234220000,21950.6,21952.9,21950.5,21950.9,31.566,692930.0417
1676234280000,21950.9,21952.4,21950.9,21952.3,39.251,861624.323
1676234340000,21952.3,21958.6,21952.3,21958.5,11.415,250613.4696
1676234400000,21958.5,21966.9,21958.5,21964.1,29.848,655581.6384
1676234460000,21964.1,21964.1,21958.1,21961.5,16.617,364913.6375
1676234520000,21961.5,21962.1,21961.4,21962.1,7.265,159551.4045
1676234580000,21962.1,21966.8,21962,21966.7,11.584,254418.3794
1676234640000,21966.7,21977.4,21966.7,21977.4,54.138,1189514.9672
1676234700000,21977.4,21977.4,21972.3,21975.8,26.823,589443.4992
1676234760000,21975.8,21975.8,21972,21972.1,6.839,150269.5863
1676234820000,21972.1,21975.2,21972.1,21973.3,6.737,148037.5512
1676234880000,21973.3,21973.3,21964,21964,14.691,322720.9528
1676234940000,21964,21964.1,21964,21964.1,7.186,157833.3846
1676235000000,21964.1,21964.1,21951.2,21951.2,30.434,668246.1343
1676235060000,21951.2,21953.5,21951.2,21951.5,7.156,157089.3188
1676235120000,21951.5,21955,21951.5,21953.1,26.992,592549.6463
1676235180000,21953.1,21953.2,21937.1,21946.7,93.193,2045070.1607
1676235240000,21946.7,21954,21946.7,21954,15.146,332489.2398
1676235300000,21954,21954,21949.7,21953.8,10.389,228056.4118
1676235360000,21953.8,21953.8,21951.1,21953.7,6.809,149469.9896
1676235420000,21953.7,21953.9,21951.2,21953.9,11.332,248773.8501
1676235480000,21953.9,21953.9,21953,21953.1,6.286,138001.9178
1676235540000,21953.1,21953.1,21950.9,21951,15.133,332198.1107
1676235600000,21951,21951.5,21951,21951.4,13.21,289975.6234
1676235660000,21951.4,21953.7,21951,21953.7,12.646,277604.7003
1676235720000,21953.7,21953.9,21953.6,21953.9,43.287,950316.2653
1676235780000,21953.9,21953.9,21948.9,21949,28.024,615204.4289
1676235840000,21949,21952,21945.5,21952,19.807,434743.0727
1676235900000,21952,21957.3,21951.9,21957.3,14.643,321486.231
1676235960000,21957.3,21960,21957.3,21960,1.923,42228.8259
1676236020000,21960,21960,21957.2,21957.3,28.495,625700.2425
1676236080000,21957.3,21958.8,21954.3,21954.4,10.466,229808.5554
1676236140000,21954.4,21954.4,21951,21951.1,3.046,66866.1075
1676236200000,21951.1,21951.1,21946,21948.9,8.494,186438.3916
1676236260000,21948.9,21949,21934.1,21934.1,53.834,1181018.322
1676236320000,21934.1,21934.2,21928,21928.1,38.138,836391.7319
1676236380000,21928.1,21933.5,21928,21933.5,21.928,480871.8629
1676236440000,21933.5,21933.5,21916,21924.6,159.37,3494382.7007
1676236500000,21924.6,21928.5,21918.5,21928.5,86.214,1889969.6623
1676236560000,21928.5,21930.2,21923.9,21926.5,133.858,2935075.6378
1676236620000,21926.5,21926.5,21919,21924.8,35.836,785618.6497
1676236680000,21924.8,21930.5,21924.8,21930.4,41.67,913742.1383
1676236740000,21930.4,21932.5,21926.3,21928.8,19.458,426726.5368
1676236800000,21928.8,21932.2,21919.7,21921.5,54.292,1190480.0898
1676236860000,21921.5,21921.5,21921.4,21921.5,6.563,143870.5407
1676236920000,21921.5,21927.4,21921.4,21927.4,23.6,517410.4418
1676236980000,21927.4,21928.7,21927.3,21928.7,23.888,523827.2432
1676237040000,21928.7,21928.7,21927.3,21927.4,16.815,368717.3644
1676237100000,21927.4,21928.1,21927,21928.1,23.891,523868.3571
1676237160000,21928.1,21928.1,21928,21928,8.263,181191.7557
1676237220000,21928,21928.1,21907.1,21907.2,108.808,2384404.0496
1676237280000,21907.2,21907.2,21870.5,21886,583.51,12771647.3014
1676237340000,21886,21886.6,21876.8,21884.2,124.464,2723657.8225
1676237400000,21884.2,21902.4,21880,21898.5,163.312,3575394.1533
1676237460000,21898.5,21898.6,21886,21886,119.754,2622187.7001
1676237520000,21886,21891.3,21886,21891.3,34.746,760483.3864
1676237580000,21891.3,21893.4,21876,21876,40.186,879606.7569
1676237640000,21876,21876,21831.6,21847.4,1052.541,22998536.8019
1676237700000,21847.4,21847.5,21825,21843,212.846,4647325.3295
1676237760000,21843,21849.6,21835.2,21849.2,71.567,1563398.9772
1676237820000,21849.2,21849.3,21823.7,21827.1,119.985,2619912.5549
1676237880000,21827.1,21827.2,21758.4,21785.4,1114.837,24285874.0224
1676237940000,21785.4,21804.5,21756.4,21804.5,338.433,7373583.3261
1676238000000,21804.5,21821.2,21795,21813,539.715,11772130.3771
1676238060000,21813,21817.6,21791.7,21800.6,135.684,2958221.125
1676238120000,21800.6,21800.6,21776.7,21789.5,288.196,6277530.567
1676238180000,21789.5,21789.6,21766,21788.3,123.833,2696745.9298
1676238240000,21788.3,21798.8,21775,21784.3,74.334,1619745.0867
1676238300000,21784.3,21793.1,21761.8,21791.7,160.071,3485278.4118
1676238360000,21791.7,21818.6,21791.7,21812.2,129.857,2831967.4567
1676238420000,21812.2,21814.7,21795,21795.1,52.723,1149682.7427
1676238480000,21795.1,21795.1,21781.1,21787.4,45.444,990023.7226
1676238540000,21787.4,21787.5,21770,21772.7,38.764,844127.3752
1676238600000,21772.7,21775,21712.7,21726,1159.662,25206013.4491
1676238660000,21726,21742,21705.8,21714.6,275.76,5989621.471
1676238720000,21714.6,21733.9,21701.2,21718,348.37,7563270.0584
1676238780000,21718,21724.4,21688,21696.9,463.833,10064855.0097
1676238840000,21696.9,21726.6,21695.8,21725,156.354,3395009.6408
1676238900000,21725,21742.2,21718,21740.1,128.24,2786406.5015
1676238960000,21740.1,21756.5,21740,21751.5,250.614,5450974.9726
1676239020000,21751.5,21753.5,21723.3,21740.1,59.971,1303505.5038
1676239080000,21740.1,21740.1,21729.4,21729.9,137.959,2998296.8104
1676239140000,21729.9,21730,21719,21725.2,76.824,1668831.0066
1676239200000,21725.2,21728,21705.8,21721.1,137.76,2991740.9008
1676239260000,21721.1,21742.5,21721,21739.1,130.561,2837674.4397
1676239320000,21739.1,21746.1,21738.2,21743.8,117.722,2559587.9922
1676239380000,21743.8,21744,21730.1,21733.8,115.252,2505483.7242
1676239440000,21733.8,21733.9,21701.5,21701.5,99.713,2165681.5255
1676239500000,21701.5,21708,21690,21690.1,134.119,2910171.2822
1676239560000,21690.1,21714,21688,21700,337.503,7321796.481
1676239620000,21700,21700.1,21660,21670,856.31,18563108.4155
1676239680000,21670,21675.5,21625.3,21650,1084.972,23483458.0256
1676239740000,21650,21713.8,21649.9,21697.4,473.002,10262124.3526
1676239800000,21697.4,21710,21682,21703.1,265.914,5770276.8888
1676239860000,21703.1,21720,21696.9,21718.6,103.618,2249359.6269
1676239920000,21718.6,21723.5,21712.1,21715.8,301.205,6541720.8924
1676239980000,21715.8,21719.4,21673.9,21676.6,390.982,8481919.3575
1676240040000,21676.6,21710.5,21661.3,21708.5,143.341,3107098.147
1676240100000,21708.5,21708.6,21681.5,21684.4,407.223,8835114.1872
1676240160000,21684.4,21699.3,21684.3,21696.9,88.549,1920726.7169
1676240220000,21696.9,21713,21696.9,21704.1,141.555,3072750.8561
1676240280000,21704.1,21721.9,21702.1,21721.9,222.228,4824296.2612
1676240340000,21721.9,21723.6,21707.2,21708,63.479,1378518.8562
1676240400000,21708,21708,21703.1,21703.1,50.829,1103258.0321
1676240460000,21703.1,21721.5,21703,21721.5,44.442,965071.6191
1676240520000,21721.5,21721.5,21712.7,21713.6,21.707,471377.6016
1676240580000,21713.6,21725.2,21713.6,21725.2,42.998,933874.1765
1676240640000,21725.2,21741.2,21725.1,21740,180.726,3928329.4101
1676240700000,21740,21740,21722.9,21735.4,124.177,2698609.3646
1676240760000,21735.4,21752.6,21733.6,21747.5,114.662,2493269.2308
1676240820000,21747.5,21786.5,21747.5,21786.5,295.458,6430674.4266
1676240880000,21786.5,21789.9,21771.8,21788.9,183.671,4000843.7248
1676240940000,21788.9,21793,21783.5,21786.9,121.901,2656137.8109
1676241000000,21786.9,21787,21761.3,21783.5,97.958,2132873.3993
1676241060000,21783.5,21783.5,21773,21780,63.305,1378677.6277
1676241120000,21780,21780,21770,21773.9,114.518,2493383.8368
1676241180000,21773.9,21799.2,21773.9,21799.2,121.209,2641223.4586
1676241240000,21799.2,21807,21787.7,21803.7,314.022,6845324.4562
1676241300000,21803.7,21807,21803.7,21804.1,179.621,3916809.1028
1676241360000,21804.1,21807.6,21800,21800,143.558,3130311.798
1676241420000,21800,21800.1,21775.7,21787.6,78.248,1704668.5959
1676241480000,21787.6,21788,21778.7,21778.7,30.577,666112.5933
1676241540000,21778.7,21788,21778,21788,26.776,583232.6955
1676241600000,21788,21790,21773.4,21778.9,54.342,1183511.3236
1676241660000,21778.9,21794.7,21778.9,21792.4,112.528,2451555.8758
1676241720000,21792.4,21809.9,21792.4,21809.9,53.939,1176153.7245
1676241780000,21809.9,21814.1,21809.8,21811.1,41.046,895279.8488
1676241840000,21811.1,21811.1,21796.7,21802.8,26.816,584689.6774
1676241900000,21802.8,21802.8,21802.2,21802.3,16.807,366432.5157
1676241960000,21802.3,21809.7,21802.2,21805,82.092,1790212.0912
1676242020000,21805,21805,21780,21795,75.877,1653433.6203
1676242080000,21795,21795.1,21795,21795,11.638,253650.6548
1676242140000,21795,21795,21793.7,21793.9,28.756,626715.4398
1676242200000,21793.9,21794,21793.9,21793.9,12.394,270114.3167
1676242260000,21793.9,21794,21793.9,21794,14.85,323639.7623
1676242320000,21794,21805,21793.9,21805,51.778,1128680.5259
1676242380000,21805,21805,21797.7,21797.8,67.639,1474768.0213
1676242440000,21797.8,21803.9,21797.6,21803.9,50.081,1091754.8084
1676242500000,21803.9,21805,21803.9,21805,18.948,413159.4102
1676242560000,21805,21805,21800,21803,30.565,666395.7046
1676242620000,21803,21803,21795.2,21795.3,87.986,1917911.0502
1676242680000,21795.3,21795.3,21771.2,21777.2,136.693,2977346.5543
1676242740000,21777.2,21783,21777.2,21780.6,28.386,618263.5429
1676242800000,21780.6,21783,21764.6,21770,149.919,3264073.2349
1676242860000,21770,21787.2,21760.4,21785.6,121.872,2652945.3338
1676242920000,21785.6,21804.5,21777.6,21801,160.945,3507549.7465
1676242980000,21801,21822.4,21798.5,21800.1,212.492,4634505.856
1676243040000,21800.1,21803.1,21783.6,21785,73.282,1597270.205
1676243100000,21785,21785.1,21760.4,21763.4,122.974,2676995.0469
1676243160000,21763.4,21772.8,21735.5,21755,204.764,4454060.9461
1676243220000,21755,21755,21732.6,21746.9,181.808,3953024.4598
1676243280000,21746.9,21751.4,21744.5,21748.2,50.725,1103227.5111
1676243340000,21748.2,21756.9,21737.7,21737.8,89.263,1941177.3673
1676243400000,21737.8,21769.3,21737.8,21769.3,111.711,2430356.2435
1676243460000,21769.3,21771.4,21762,21762,26.355,573694.5866
1676243520000,21762,21762,21748,21753.7,26.954,586335.008
1676243580000,21753.7,21759.7,21748,21758.3,30.625,666193.4959
1676243640000,21758.3,21767.5,21758.3,21762.9,49.781,1083338.4088
1676243700000,21762.9,21767.6,21762.9,21766.7,35.356,769563.0547
1676243760000,21766.7,21773.3,21760.1,21773.3,51.017,1110428.8371
1676243820000,21773.3,21778.4,21771.3,21775.9,55.845,1216030.7075
1676243880000,21775.9,21776,21767.1,21773.1,47.995,1044956.4955
1676243940000,21773.1,21776.9,21768,21772.8,54.244,1181104.2882
1676244000000,21772.8,21773.8,21763.8,21763.9,36.875,802744.1018
1676244060000,21763.9,21765.7,21751,21765.6,49.347,1073590.5845
1676244120000,21765.6,21767.6,21757,21760.1,34.353,747581.6513
1676244180000,21760.1,21760.1,21750,21757.5,38.098,828814.1449
1676244240000,21757.5,21764.5,21754.6,21764.5,39.896,868041.105
1676244300000,21764.5,21764.5,21751.4,21751.5,48.605,1057470.2356
1676244360000,21751.5,21759.1,21751.4,21753.3,61.948,1347687.5504
1676244420000,21753.3,21755.3,21722.1,21735.8,199.958,4345338.0735
1676244480000,21735.8,21741.9,21725.8,21729.1,97.257,2113640.6534
1676244540000,21729.1,21734.8,21719,21734.7,68.657,1491468.1489
1676244600000,21734.7,21743.8,21732.4,21743.5,62.961,1368769.5672
1676244660000,21743.5,21747,21739.7,21747,26.826,583325.0221
1676244720000,21747,21747,21729.7,21729.8,61.407,1334830.1588
1676244780000,21729.8,21730.1,21722.7,21726.5,48.433,1052234.5573
1676244840000,21726.5,21731.5,21713.2,21731.2,96.053,2086223.0099
1676244900000,21731.2,21731.2,21721.1,21722.1,34.924,758783.2397
1676244960000,21722.1,21728.7,21722.1,21728.6,59.798,1299104.9635
1676245020000,21728.6,21746.1,21728.6,21742.6,54.556,1186065.497
1676245080000,21742.6,21742.6,21739.7,21742.5,58.641,1274957.3125
1676245140000,21742.5,21760.3,21742.4,21760.3,69.287,1507147.9152
1676245200000,21760.3,21778.9,21760.3,21773.4,161.68,3519184.9906
1676245260000,21773.4,21786,21768,21779.6,67.512,1470329.4679
1676245320000,21779.6,21779.6,21768.2,21775.4,31.743,691118.5975
1676245380000,21775.4,21776.4,21766,21770.9,25.238,549427.9054
1676245440000,21770.9,21776.9,21768.9,21776.8,44.955,978769.5306
1676245500000,21776.8,21779,21772.5,21773.6,22.271,485009.2033
1676245560000,21773.6,21773.6,21768.2,21772.5,40.238,876006.0468
1676245620000,21772.5,21777.2,21763.8,21763.8,27.219,592594.07
1676245680000,21763.8,21766,21750.7,21758.7,34.218,744477.3498
1676245740000,21758.7,21758.8,21747.7,21750,17.62,383309.0495
1676245800000,21750,21751,21740.5,21750,78.693,1711145.9078
1676245860000,21750,21750.4,21743,21750.4,33.79,734819.0842
1676245920000,21750.4,21755.3,21743.6,21744.9,39.59,861022.1346
1676245980000,21744.9,21750,21742.3,21742.3,32.973,717087.1763
1676246040000,21742.3,21748.1,21742.3,21746.6,54.174,1178058.8397
1676246100000,21746.6,21761.1,21746.5,21759.5,62.023,1349251.8184
1676246160000,21759.5,21775,21759.5,21774.9,36.562,795756.2158
1676246220000,21774.9,21789,21774.9,21785.6,71.903,1566315.9123
1676246280000,21785.6,21785.6,21776.4,21780.1,44.789,975596.0174
1676246340000,21780.1,21780.1,21772,21776.9,17.305,376833.6532
1676246400000,21776.9,21777,21767.8,21767.9,50.836,1106848.2615
1676246460000,21767.9,21780.8,21765.7,21778.7,80.895,1760978.1745
1676246520000,21778.7,21780.8,21774,21780.7,38.102,829758.6405
1676246580000,21780.7,21785.6,21780.7,21784.1,45.697,995481.5785
1676246640000,21784.1,21788.4,21780.7,21788.4,41.983,914624.2297
1676246700000,21788.4,21789,21788.3,21789,17.282,376551.1207
1676246760000,21789,21789.2,21787.1,21789.2,78.248,1704935.0206
1676246820000,21789.2,21789.9,21789.1,21789.9,18.705,407571.9983
1676246880000,21789.9,21795,21789.9,21794.9,78.859,1718521.1295
1676246940000,21794.9,21795,21785,21792,71.737,1563213.0964
1676247000000,21792,21792,21770,21770.1,64.976,1414953.9132
1676247060000,21770.1,21773.3,21767.5,21769.5,46.203,1005821.8903
1676247120000,21769.5,21769.5,21756.5,21756.5,137.46,2991381.734
1676247180000,21756.5,21759.9,21756.5,21756.9,50.553,1099959.2801
1676247240000,21756.9,21756.9,21740.4,21751.8,117.205,2549139.6149
1676247300000,21751.8,21756,21739.7,21750,178.224,3875542.8659
1676247360000,21750,21752.7,21741.5,21752.6,32.171,699582.0213
1676247420000,21752.6,21752.7,21739.9,21739.9,76.944,1673269.1246
1676247480000,21739.9,21747.8,21739.8,21739.9,46.078,1001850.2137
1676247540000,21739.9,21739.9,21724.3,21731,84.008,1825627.6168
1676247600000,21731,21740.1,21726.1,21735,36.192,786635.2643
1676247660000,21735,21762,21735,21754.3,60.232,1309975.8413
1676247720000,21754.3,21754.3,21741,21741,33.778,734627.6093
1676247780000,21741,21746.7,21737.5,21745.9,24.85,540332.8879
1676247840000,21745.9,21746,21722.7,21722.7,229.458,4986672.6451
1676247900000,21722.7,21732.3,21722.7,21732.3,34.482,749186.6033
1676247960000,21732.3,21735.4,21728.6,21734.2,30.651,666122.0122
1676248020000,21734.2,21735.2,21726.8,21731.8,70.438,1530828.9183
1676248080000,21731.8,21734.9,21723.4,21726,37.309,810709.2726
1676248140000,21726,21728.9,21720.5,21726.2,37.086,805721.1196
1676248200000,21726.2,21745.5,21726.2,21745.4,32.269,701388.1905
1676248260000,21745.4,21755.5,21742.4,21742.5,38.904,846197.4018
1676248320000,21742.5,21745.2,21740,21744.9,13.601,295726.9493
1676248380000,21744.9,21746.1,21739.5,21739.6,25.409,552450.0696
1676248440000,21739.6,21739.6,21720.5,21728.8,67.125,1458484.9691
1676248500000,21728.8,21729,21717.9,21722.4,73.735,1601620.8095
1676248560000,21722.4,21722.4,21716.7,21716.7,31.45,683120.3039
1676248620000,21716.7,21716.8,21687,21702.1,452.485,9818491.4668
1676248680000,21702.1,21704.9,21677.6,21688,274.263,5948343.5798
1676248740000,21688,21713.2,21688,21709,102.703,2228932.7699
1676248800000,21709,21713.8,21701.2,21713.7,157.317,3414811.8155
1676248860000,21713.7,21740.3,21713.7,21734.5,109.727,2384600.1273
1676248920000,21734.5,21738.8,21731.1,21738.8,76.9,1671265.8872
1676248980000,21738.8,21740,21731.1,21731.1,37.41,813150.5669
1676249040000,21731.1,21740,21731.1,21740,53.612,1165374.7033
1676249100000,21740,21760,21736.2,21760,143.185,3114150.3055
1676249160000,21760,21784.2,21760,21784,139.516,3037795.7619
1676249220000,21784,21810,21782.3,21803.3,240.12,5234274.4187
1676249280000,21803.3,21836.9,21803.3,21827,371.371,8105674.0969
1676249340000,21827,21840,21820.1,21830,252.083,5503574.5808
1676249400000,21830,21839.5,21817.5,21839.4,175.39,3828466.4536
1676249460000,21839.4,21853.9,21839.4,21843.1,274.232,5991742.627
1676249520000,21843.1,21847.2,21838.7,21840.9,65.788,1437091.7661
1676249580000,21840.9,21867.1,21828,21828,483.235,10559749.8226
1676249640000,21828,21841.5,21828,21841.4,64.439,1406737.9988
1676249700000,21841.4,21841.5,21818.9,21825.8,91.592,1999469.5081
1676249760000,21825.8,21825.9,21820.1,21824.8,62.808,1370666.0824
1676249820000,21824.8,21824.9,21811,21818.9,71.208,1553543.7429
1676249880000,21818.9,21823.4,21810,21814.6,57.159,1246888.9931
1676249940000,21814.6,21814.6,21800.1,21800.1,46.066,1004471.0022
1676250000000,21800.1,21814.5,21796,21814.5,104.129,2270134.2721
1676250060000,21814.5,21820,21793.5,21795.1,35.151,766463.6535
1676250120000,21795.1,21799.2,21784.3,21799.1,35.991,784306.8537
1676250180000,21799.1,21802.8,21783,21783,57.336,1249491.4455
1676250240000,21783,21787.3,21775.8,21785.4,61.844,1346925.678
1676250300000,21785.4,21785.4,21759.3,21764.5,97.62,2124954.5066
1676250360000,21764.5,21765,21744.4,21759.9,79.037,1719508.02
1676250420000,21759.9,21759.9,21735,21735,173.883,3781350.808
1676250480000,21735,21736.9,21701.4,21701.4,272.532,5920199.5165
1676250540000,21701.4,21721,21691.5,21719.2,177.246,3846794.3972
1676250600000,21719.2,21722.8,21705.9,21714,143.801,3122615.6086
1676250660000,21714,21721.1,21704.3,21715,112.09,2433618.2501
1676250720000,21715,21738,21709.1,21737.9,65.049,1413514.2134
1676250780000,21737.9,21750,21737.9,21739.1,48.479,1054138.0576
1676250840000,21739.1,21747.1,21739,21744.9,64.372,1399663.0589
1676250900000,21744.9,21754,21743.3,21748,98.584,2144042.5792
1676250960000,21748,21748.1,21730,21730,66.249,1439988.3106
1676251020000,21730,21735.9,21715.6,21721.3,59.584,1294608.6345
1676251080000,21721.3,21737.6,21720,21737.5,26.995,586569.5999
1676251140000,21737.5,21737.5,21727,21727.5,27.976,607905.6841
1676251200000,21727.5,21741.4,21722.8,21741.4,26.203,569503.4396
1676251260000,21741.4,21758.6,21738.9,21757.3,54.702,1189550.5548
1676251320000,21757.3,21759.1,21741,21741,40.331,877191.7674
1676251380000,21741,21748.8,21737.8,21741.9,29.119,633143.3828
1676251440000,21741.9,21754,21741.9,21745.6,39.219,852952.0409
1676251500000,21745.6,21745.6,21717.1,21719.3,72.274,1570709.2132
1676251560000,21719.3,21723.6,21711,21722.6,44.046,956576.0378
1676251620000,21722.6,21724.2,21715,21720.8,36.649,796041.813
1676251680000,21720.8,21728.7,21711.1,21711.1,24.964,542238.9019
1676251740000,21711.1,21711.1,21700,21704.7,95.779,2078942.646
1676251800000,21704.7,21710.1,21697.4,21710,72.935,1582874.2321
1676251860000,21710,21722,21695,21700.8,41.244,895292.8862
1676251920000,21700.8,21700.9,21671.3,21672.6,220.322,4777008.5921
1676251980000,21672.6,21693.1,21650.6,21692.1,364.005,7888217.4061
1676252040000,21692.1,21720,21689.4,21715.1,69.853,1516275.0521
1676252100000,21715.1,21739,21715.1,21738.7,86.138,1871861.762
1676252160000,21738.7,21750,21723.5,21742.4,182.156,3959376.055
1676252220000,21742.4,21744.8,21716.5,21738,146.399,3180628.8746
1676252280000,21738,21743.5,21734.5,21734.6,24.049,522789.2448
1676252340000,21734.6,21746.1,21734.6,21746.1,45.51,989522.61
1676252400000,21746.1,21748.5,21738.5,21748,152.287,3311440.0347
1676252460000,21748,21754.4,21737,21737.1,47.98,1043467.1585
1676252520000,21737.1,21750,21731,21750,20.992,456318.203
1676252580000,21750,21750.3,21745,21745.1,37.423,813930.7411
1676252640000,21745.1,21757,21745.1,21757,47.92,1042425.9973
1676252700000,21757,21757,21752.3,21754.4,27.369,595403.331
1676252760000,21754.4,21759.8,21754.4,21758.4,47.677,1037284.1943
1676252820000,21758.4,21769.2,21756.9,21760.7,102.037,2220765.3868
1676252880000,21760.7,21760.7,21743,21753.8,37.208,809310.0258
1676252940000,21753.8,21753.8,21736.9,21736.9,30.036,653094.0278
1676253000000,21736.9,21739.8,21730.4,21739.3,44.339,963768.6661
1676253060000,21739.3,21739.4,21724.3,21726.5,29.815,647960.4777
1676253120000,21726.5,21730,21722,21722,21.621,469757.3041
1676253180000,21722,21722.1,21709,21709,73.827,1603226.3979
1676253240000,21709,21718.7,21692.4,21718.7,89.203,1936206.14
1676253300000,21718.7,21718.7,21700,21700.1,41.917,909990.6496
1676253360000,21700.1,21704.9,21693,21704.1,94.321,2046556.6609
1676253420000,21704.1,21706.7,21693,21693,22.104,479690.1696
1676253480000,21693,21703.8,21691.5,21703.7,52.314,1135178.7083
1676253540000,21703.7,21706.5,21699.3,21704,36.764,797973.772
1676253600000,21704,21704,21695.9,21698.6,33.723,731779.9713
1676253660000,21698.6,21722.8,21698.6,21717.4,90.382,1962158.6916
1676253720000,21717.4,21717.4,21704.3,21705.6,20.612,447519.48
1676253780000,21705.6,21723,21705.6,21723,50.701,1101142.6234
1676253840000,21723,21723,21702.5,21704.9,38.62,838596.7297
1676253900000,21704.9,21705,21700,21700.1,27.808,603523.7068
1676253960000,21700.1,21700.1,21693.9,21693.9,56.795,1232291.2427
1676254020000,21693.9,21697.2,21686.5,21695,77.146,1673436.9645
1676254080000,21695,21697.2,21688,21690.8,39.152,849278.0002
1676254140000,21690.8,21696.9,21688.1,21696.9,28.931,627529.9857
1676254200000,21696.9,21699.8,21696.8,21697,36.416,790122.041
1676254260000,21697,21722.7,21697,21722.7,46.057,999894.9039
1676254320000,21722.7,21727.5,21717.7,21721.3,35.87,779242.7498
1676254380000,21721.3,21725,21714,21714,20.34,441765.0087
1676254440000,21714,21715.5,21706.2,21710,18.802,408186.3451
1676254500000,21710,21710,21699.1,21702.8,28.354,615375.5741
1676254560000,21702.8,21702.9,21693,21693.1,29.541,640933.1666
1676254620000,21693.1,21701.8,21693,21693,34.482,748172.3759
1676254680000,21693,21713.8,21693,21713.7,47.283,1026285.4732
1676254740000,21713.7,21728.7,21713.7,21726.7,16.092,349547.2664
1676254800000,21726.7,21726.8,21715.8,21715.9,19.392,421195.5084
1676254860000,21715.9,21720,21715.9,21716.1,54.965,1193689.8875
1676254920000,21716.1,21716.1,21705.4,21705.4,125.671,2728284.0742
1676254980000,21705.4,21705.4,21684.5,21684.5,142.578,3092703.6919
1676255040000,21684.5,21687.8,21666.8,21677.4,127.108,2755299.858
1676255100000,21677.4,21678,21664.5,21678,123.848,2683895.2245
1676255160000,21678,21699,21677.9,21699,41.288,895397.9103
1676255220000,21699,21707,21690.5,21690.6,37.478,813210.2552
1676255280000,21690.6,21695,21690,21690,11.05,239679.7324
1676255340000,21690,21690,21660,21664.8,75.092,1627727.6361
1676255400000,21664.8,21680.9,21657.1,21678.4,186.447,4040966.319
1676255460000,21678.4,21694.4,21662.6,21663.3,246.528,5344552.4969
1676255520000,21663.3,21718.7,21617,21713.8,1187.638,25711154.5756
1676255580000,21713.8,21730.3,21713.8,21716.9,334.088,7257662.7876
1676255640000,21716.9,21733.8,21709.8,21733.3,111.402,2420365.548
1676255700000,21733.3,21734.4,21721.9,21734.1,121.492,2640055.3124
1676255760000,21734.1,21734.2,21716.5,21725.1,76.464,1661147.994
1676255820000,21725.1,21735,21725.1,21735,100.635,2186936.7407
1676255880000,21735,21739.3,21729.1,21730.5,81.848,1778821.9805
1676255940000,21730.5,21744.1,21730.5,21743.2,44.131,959371.8847
1676256000000,21743.2,21744,21736.4,21743.4,63.03,1370305.4515
1676256060000,21743.4,21743.5,21735.3,21740.8,83.477,1814983.2766
1676256120000,21740.8,21740.8,21736.2,21739.8,15.781,343054.5793
1676256180000,21739.8,21739.9,21725.1,21728.5,42.103,914885.0083
1676256240000,21728.5,21729.9,21722.1,21728.4,17.495,380085.9902
1676256300000,21728.4,21743,21728.4,21743,33.633,731006.7156
1676256360000,21743,21748.1,21740,21743.1,97.621,2122792.43
1676256420000,21743.1,21743.1,21740,21742.8,22.431,487670.5361
1676256480000,21742.8,21742.8,21735.8,21739,17.147,372785.6718
1676256540000,21739,21743,21739,21740.8,9.079,197387.1644
1676256600000,21740.8,21741.5,21729.2,21729.2,17.819,387285.2064
1676256660000,21729.2,21746.5,21727.7,21746.4,41.613,904473.7094
1676256720000,21746.4,21746.4,21738.1,21738.2,18.328,398505.4283
1676256780000,21738.2,21742,21730.2,21741.9,36.3,789028.5638
1676256840000,21741.9,21744.8,21738.7,21744.8,24.309,528463.9484
1676256900000,21744.8,21746.1,21744.8,21746.1,18.056,392644.5003
1676256960000,21746.1,21748.5,21745,21748.4,35.414,770127.9509
1676257020000,21748.4,21759,21748.4,21759,107.468,2337732.113
1676257080000,21759,21759,21750,21750,41.848,910357.1525
1676257140000,21750,21758.4,21750,21757.4,14.73,320449.0289
1676257200000,21757.4,21757.5,21750.4,21751.9,17.923,389883.1245
1676257260000,21751.9,21754,21750.5,21750.9,31.794,691624.0266
1676257320000,21750.9,21751,21749.6,21751,21.779,473708.6716
1676257380000,21751,21751,21746.9,21750.9,20.364,442874.7697
1676257440000,21750.9,21751.3,21750.9,21751.3,10.099,219664.4465
1676257500000,21751.3,21751.3,21751.2,21751.3,11.243,244549.2968
1676257560000,21751.3,21755.4,21749.1,21755.4,24.551,533997.4408
1676257620000,21755.4,21760.6,21755.4,21760.6,31,674511.2586
1676257680000,21760.6,21760.6,21760.5,21760.5,15.091,328388.9335
1676257740000,21760.5,21760.6,21758.1,21760.2,14.896,324136.8542
1676257800000,21760.2,21760.6,21753.1,21756.5,65.607,1427447.6933
1676257860000,21756.5,21760,21756.5,21758.4,35.837,779768.8782
1676257920000,21758.4,21760,21754.1,21759.9,37.257,810601.3819
1676257980000,21759.9,21760,21754.2,21754.3,5.286,115008.0287
1676258040000,21754.3,21754.3,21751.4,21751.4,12.147,264225.2261
1676258100000,21751.4,21755.4,21740.9,21744,32.002,695990.0355
1676258160000,21744,21750,21744,21749.9,33.687,732517.3507
1676258220000,21749.9,21752,21742.5,21744.9,19.99,434767.6137
1676258280000,21744.9,21747.3,21744.6,21745.3,9.452,205546.5511
1676258340000,21745.3,21745.3,21743.2,21743.2,19.036,413906.8636
1676258400000,21743.2,21747,21743.2,21747,18.177,395249.8667
1676258460000,21747,21776.4,21746.9,21776.2,143.811,3129900.5215
1676258520000,21776.2,21811,21776.1,21799.8,257.589,5614102.29
1676258580000,21799.8,21806.9,21786,21799.3,187.012,4077256.6495
1676258640000,21799.3,21809.6,21795,21805.3,69.27,1510231.5315
1676258700000,21805.3,21805.4,21793.1,21795.9,53.478,1165585.2108
1676258760000,21795.9,21796,21780.6,21780.7,60.402,1316250.9194
1676258820000,21780.7,21790.2,21778.6,21790.2,40.323,878278.3348
1676258880000,21790.2,21790.2,21779,21781,17.727,386181.6801
1676258940000,21781,21781,21777.1,21777.1,16.92,368519.2066
1676259000000,21777.1,21780,21772,21772,20.107,437868.8658
1676259060000,21772,21778.9,21772,21777.2,96.415,2099631.1983
1676259120000,21777.2,21786.9,21777.1,21784.8,20.676,450356.0804
1676259180000,21784.8,21800,21784.8,21788.5,50.703,1105151.0188
1676259240000,21788.5,21790,21775,21775.1,23.33,508202.5075
1676259300000,21775.1,21789.2,21772,21789.1,70.215,1528940.7236
1676259360000,21789.1,21792.6,21782.6,21782.6,19.168,417626.3381
1676259420000,21782.6,21786.1,21781.1,21786.1,19.949,434560.6722
1676259480000,21786.1,21795.1,21786,21795,45.441,990308.206
1676259540000,21795,21797.2,21791.8,21794.7,36.923,804741.9365
1676259600000,21794.7,21797,21790.7,21796.9,34.778,757940.2111
1676259660000,21796.9,21797,21790.5,21796.7,17.915,390437.639
1676259720000,21796.7,21797.9,21793.7,21795,3.798,82780.6665
1676259780000,21795,21800,21792.5,21799.9,16.467,358894.5412
1676259840000,21799.9,21803.5,21799.9,21801.7,10.773,234863.1046
1676259900000,21801.7,21801.8,21794.1,21794.2,19.772,430992.8175
1676259960000,21794.2,21794.2,21790.5,21792,8.94,194824.953
1676260020000,21792,21792.1,21792,21792,9.419,205258.9913
1676260080000,21792,21796,21789.5,21789.5,16.97,369841.0732
1676260140000,21789.5,21789.6,21789,21789.1,9.778,213053.7367
1676260200000,21789.1,21790,21789,21789,7.757,169022.6026
1676260260000,21789,21799.4,21789,21799.4,39.846,868520.9148
1676260320000,21799.4,21799.4,21799.3,21799.3,10.56,230200.9252
1676260380000,21799.3,21802.3,21795,21797,25.255,550510.2327
1676260440000,21797,21800,21790.9,21792.6,23.382,509646.3495
1676260500000,21792.6,21798.7,21792.6,21798.6,9.499,207037.7708
1676260560000,21798.6,21798.7,21792.8,21795.6,11.007,239904.2275
1676260620000,21795.6,21796.7,21793.2,21796.6,13.91,303182.7546
1676260680000,21796.6,21799.9,21796.6,21798.1,26.87,585719.8155
1676260740000,21798.1,21802.6,21797.2,21801.4,17.389,379082.5652
1676260800000,21801.4,21805.8,21792.2,21792.2,90.635,1975998.7449
1676260860000,21792.2,21813.8,21792.2,21809.8,44.193,963660.7
1676260920000,21809.8,21811.2,21807,21807,44.417,968685.1988
1676260980000,21807,21809.2,21806.9,21808.6,5.455,118965.9811
1676261040000,21808.6,21808.6,21808.5,21808.6,3.608,78685.3043
1676261100000,21808.6,21808.6,21807.7,21807.7,4.769,104002.788
1676261160000,21807.7,21808.6,21805,21806.4,25.121,547811.8759
1676261220000,21806.4,21811.9,21806.4,21811.9,26.278,573118.2655
1676261280000,21811.9,21816.7,21811.8,21816.6,57.099,1245575.7742
1676261340000,21816.6,21817.1,21813.6,21817,30.037,655298.3922
1676261400000,21817,21817.4,21817,21817.3,16.863,367903.521
1676261460000,21817.3,21819.4,21817.3,21819.3,33.146,723199.7059
1676261520000,21819.3,21819.3,21817.1,21817.1,25.994,567141.1917
1676261580000,21817.1,21817.2,21809,21809.3,71.2,1553246.5298
1676261640000,21809.3,21819,21809,21809.1,42.098,918268.959
1676261700000,21809.1,21809.2,21800,21800,43.734,953619.8289
1676261760000,21800,21801.4,21790.9,21801.4,43.923,957278.097
1676261820000,21801.4,21801.8,21798.5,21800.3,35.32,770025.0959
1676261880000,21800.3,21800.4,21796.8,21796.8,7.311,159371.7974
1676261940000,21796.8,21796.9,21786.9,21788.4,62.48,1361395.9365
1676262000000,21788.4,21816.4,21787.9,21816.4,53.12,1157898.9318
1676262060000,21816.4,21848.9,21816.4,21840.6,343.138,7492105.4097
1676262120000,21840.6,21849.4,21834.5,21838.2,162.606,3552433.5007
1676262180000,21838.2,21861,21838.2,21846,276.875,6050536.9101
1676262240000,21846,21854.1,21833.9,21841.4,64.002,1398220.1652
1676262300000,21841.4,21849.8,21826.4,21828.7,64.644,1411779.8244
1676262360000,21828.7,21832.8,21827.9,21827.9,25.992,567427.2209
1676262420000,21827.9,21835.9,21827.9,21831.3,40.092,875328.5642
1676262480000,21831.3,21831.3,21822.4,21825.9,140.204,3060131.1017
1676262540000,21825.9,21825.9,21816.5,21822.9,35.873,782793.543
1676262600000,21822.9,21823.7,21811.4,21812.8,27.046,590152.949
1676262660000,21812.8,21818.7,21808.9,21809,61.551,1342512.0518
1676262720000,21809,21811,21803.1,21808.3,40.507,883323.7333
1676262780000,21808.3,21808.4,21802,21806.6,19.53,425830.9568
1676262840000,21806.6,21806.6,21801.8,21803.5,15.59,339926.0161
1676262900000,21803.5,21806.9,21801.9,21806.9,21.917,477877.6124
1676262960000,21806.9,21811.5,21806.9,21811.5,17.185,374790.8798
1676263020000,21811.5,21812.4,21810,21812.3,6.29,137191.6721
1676263080000,21812.3,21814.9,21812,21814.9,18.375,400826.2685
1676263140000,21814.9,21817.9,21810,21817.9,7.38,160972.4986
1676263200000,21817.9,21817.9,21817.8,21817.9,17.884,390191.207
1676263260000,21817.9,21824.1,21817.8,21824,20.698,451627.3776
1676263320000,21824,21835.3,21824,21835.3,31.311,683521.2251
1676263380000,21835.3,21837.4,21835.3,21837.3,46.152,1007816.4592
1676263440000,21837.3,21837.4,21835,21835.2,32.012,699043.083
1676263500000,21835.2,21835.2,21822,21829.9,26.164,571075.128
1676263560000,21829.9,21837.5,21829.9,21836.4,21.509,469648.1421
1676263620000,21836.4,21841,21836.4,21840.9,18.479,403567.7618
1676263680000,21840.9,21841,21774,21817.8,1287.547,28066947.4374
1676263740000,21817.8,21824.1,21814.6,21815.8,66.266,1445991.511
1676263800000,21815.8,21815.8,21801.8,21807.2,45.417,990570.0146
1676263860000,21807.2,21819,21807.1,21819,40.027,873129.3525
1676263920000,21819,21819,21812.3,21818.9,22.774,496848.9667
1676263980000,21818.9,21824.7,21818.9,21824.6,12.07,263400.8914
1676264040000,21824.6,21824.7,21816.9,21823.9,47.957,1046541.1316
1676264100000,21823.9,21827.5,21823.7,21827.5,25.301,552229.6534
1676264160000,21827.5,21836.3,21827.4,21836.2,25.914,565717.5965
1676264220000,21836.2,21836.3,21823.9,21824,47.261,1031760.688
1676264280000,21824,21826.6,21823.9,21826.6,17.447,380767.0632
1676264340000,21826.6,21826.7,21823.7,21826.6,11.808,257711.3713
1676264400000,21826.6,21832.6,21826.6,21828.7,28.077,612936.535
1676264460000,21828.7,21832.6,21828.6,21832.5,17.533,382746.9013
1676264520000,21832.5,21832.6,21832.5,21832.6,12.4,270724.157
1676264580000,21832.6,21832.6,21828,21828,22.658,494637.8765
1676264640000,21828,21828.1,21823.7,21823.7,22.256,485757.2006
1676264700000,21823.7,21832.1,21823.7,21832,36.264,791605.5941
1676264760000,21832,21838.9,21832,21838.9,45.085,984369.4725
1676264820000,21838.9,21838.9,21835.5,21835.6,9.844,214975.4411
1676264880000,21835.6,21840.4,21835.5,21840.3,23.39,510824.8291
1676264940000,21840.3,21842.2,21840.2,21842.1,29.249,638824.6092
1676265000000,21842.1,21842.5,21841.9,21842.5,20.422,446057.8709
1676265060000,21842.5,21843.8,21842.5,21843.8,19.102,417249.7274
1676265120000,21843.8,21843.8,21837,21837.1,42.258,922953.255
1676265180000,21837.1,21844.2,21837,21844.2,23.826,520356.8411
1676265240000,21844.2,21844.2,21832.4,21833.1,69.47,1516905.5904
1676265300000,21833.1,21835.1,21833.1,21835,11.674,254891.2733
1676265360000,21835,21836.9,21833.2,21833.3,26.597,580749.3736
1676265420000,21833.3,21833.9,21831,21831.7,81.554,1780603.3254
1676265480000,21831.7,21831.7,21822,21822,67.279,1468517.5507
1676265540000,21822,21822.1,21822,21822.1,17.594,383936.3298
1676265600000,21822.1,21830.7,21822,21830.6,61.756,1347818.674
1676265660000,21830.6,21835.2,21828,21828.1,23.216,506857.6217
1676265720000,21828.1,21834.8,21828,21834.8,11.438,249697.6849
1676265780000,21834.8,21836.8,21834.8,21836.8,16.464,359512.3186
1676265840000,21836.8,21842.2,21836.7,21842.1,13.928,304168.3451
1676265900000,21842.1,21842.2,21826.5,21826.6,59.837,1306540.9499
1676265960000,21826.6,21826.6,21812.7,21825.9,161.751,3529515.3423
1676266020000,21825.9,21825.9,21822,21825,21.474,468648.8518
1676266080000,21825,21830,21824.9,21829.9,20.29,442860.2101
1676266140000,21829.9,21838.7,21829.9,21837.7,15.725,343337.1349
1676266200000,21837.7,21837.7,21833.8,21833.8,10.464,228484.2816
1676266260000,21833.8,21838,21833.8,21835,13.985,305388.5103
1676266320000,21835,21836.3,21832,21834.9,22.072,481896.6263
1676266380000,21834.9,21838.7,21834.9,21838.6,27.753,606042.8286
1676266440000,21838.6,21838.7,21835,21835.1,11.032,240922.9021
1676266500000,21835.1,21838.4,21832.9,21838.4,11.631,253974.8975
1676266560000,21838.4,21839.7,21836.3,21836.4,7.077,154546.6522
1676266620000,21836.4,21836.4,21835,21835.1,11.29,246530.7549
1676266680000,21835.1,21835.1,21830.3,21833.2,28.631,625135.3141
1676266740000,21833.2,21833.3,21833.2,21833.2,5.833,127353.3589
1676266800000,21833.2,21838.8,21831.4,21838.8,21.241,463776.2103
1676266860000,21838.8,21840,21838.8,21840,5.703,124552.5609
1676266920000,21840,21844.4,21839.9,21844.3,24.076,525878.3637
1676266980000,21844.3,21844.4,21844.3,21844.4,7.444,162609.3837
1676267040000,21844.4,21845,21844.3,21844.9,15.122,330336.371
1676267100000,21844.9,21854.9,21844.9,21847.1,139.035,3037899.7474
1676267160000,21847.1,21847.1,21833.6,21835.7,33.55,732760.1644
1676267220000,21835.7,21839,21831.4,21831.5,15.745,343828.2102
1676267280000,21831.5,21831.5,21827.9,21829.8,17.128,373905.3974
1676267340000,21829.8,21833.4,21828.2,21832.9,13.598,296849.1318
1676267400000,21832.9,21833,21829.7,21832.7,12.198,266310.713
1676267460000,21832.7,21832.8,21826,21826.1,20.679,451407.4978
1676267520000,21826.1,21826.1,21817.1,21817.1,20.607,449669.269
1676267580000,21817.1,21819.2,21817.1,21817.3,28.354,618624.0708
1676267640000,21817.3,21821.4,21817.2,21820.1,8.117,177097.3489
1676267700000,21820.1,21821.4,21815.8,21815.9,17.784,388030.4003
1676267760000,21815.9,21822,21815.8,21822,10.941,238708.2726
1676267820000,21822,21826,21822,21825.9,16.377,357386.9725
1676267880000,21825.9,21826,21821.3,21821.3,22.906,499896.5198
1676267940000,21821.3,21821.4,21821.3,21821.3,4.244,92609.6022
1676268000000,21821.3,21824.7,21821.3,21824.6,20.773,453312.4632
1676268060000,21824.6,21828.8,21824.6,21826.2,16.965,370303.7176
1676268120000,21826.2,21828.2,21823,21823,14.897,325138.3201
1676268180000,21823,21823,21814.5,21814.5,18.055,393944.7492
1676268240000,21814.5,21815.4,21812.4,21815.3,26.98,588549.7468
1676268300000,21815.3,21817.2,21814.6,21817.1,17.578,383468.8366
1676268360000,21817.1,21817.2,21812.4,21812.5,18.373,400801.8085
1676268420000,21812.5,21816.3,21812.4,21812.5,35.985,784985.6508
1676268480000,21812.5,21812.5,21809.5,21809.5,16.51,360100.8218
1676268540000,21809.5,21815.4,21809.5,21815.3,22.202,484268.4588
1676268600000,21815.3,21817.2,21815.3,21817.2,19.577,427102.4506
1676268660000,21817.2,21817.2,21817.1,21817.2,9.471,206630.3813
1676268720000,21817.2,21833.4,21817.1,21833.4,33.885,739517.7855
1676268780000,21833.4,21835,21833.4,21834.9,12.466,272190.3378
1676268840000,21834.9,21835,21834.9,21834.9,4.658,101707.0623
1676268900000,21834.9,21835,21834.5,21834.6,15.747,343832.6673
1676268960000,21834.6,21840.3,21833.5,21840.2,19.231,419952.2132
1676269020000,21840.2,21840.3,21840.2,21840.3,16.9,369100.9608
1676269080000,21840.3,21841.8,21839.8,21840.4,18.839,411460.9404
1676269140000,21840.4,21842.7,21840.4,21842.7,17.119,373909.8962
1676269200000,21842.7,21842.7,21838.7,21838.8,16.377,357671.1536
1676269260000,21838.8,21838.8,21837,21837.1,15.037,328380.6802
1676269320000,21837.1,21838.5,21837,21838.4,5.096,111282.0642
1676269380000,21838.4,21838.4,21834.3,21836.4,12.961,283004.3431
1676269440000,21836.4,21836.9,21836.4,21836.9,8.972,195916.8719
1676269500000,21836.9,21838.4,21832.5,21832.5,13.646,297968.7094
1676269560000,21832.5,21832.6,21828.1,21828.2,11.404,248945.7902
1676269620000,21828.2,21832.3,21828.1,21832.3,17.076,372754.4057
1676269680000,21832.3,21832.3,21831,21831,9.133,199391.3319
1676269740000,21831,21831.1,21827,21829.8,13.752,300184.4129
1676269800000,21829.8,21831.5,21828.4,21830.2,8.676,189398.5106
1676269860000,21830.2,21832.9,21830.2,21830.5,5.1,111338.9782
1676269920000,21830.5,21830.5,21825.9,21825.9,20.577,449178.8257
1676269980000,21825.9,21826,21823.1,21823.3,18.014,393153.3299
1676270040000,21823.3,21823.3,21818.6,21821,15.921,347406.704
1676270100000,21821,21823.5,21821,21821.5,7.602,165898.2422
1676270160000,21821.5,21821.5,21821.4,21821.4,6.78,147949.1523
1676270220000,21821.4,21821.5,21818.6,21818.6,9.28,202491.0901
1676270280000,21818.6,21823.2,21818.6,21820.6,10.376,226403.4751
1676270340000,21820.6,21820.6,21818.8,21819.9,7.625,166369.2684
1676270400000,21819.9,21826,21819.9,21820.1,58.959,1286662.5808
1676270460000,21820.1,21821.7,21818.5,21821.6,41.331,901853.7165
1676270520000,21821.6,21824.3,21821.6,21824.3,6.715,146543.344
1676270580000,21824.3,21824.3,21818.4,21818.4,16.02,349587.7505
1676270640000,21818.4,21818.4,21815.1,21815.7,15.867,346156.5814
1676270700000,21815.7,21815.7,21815.6,21815.7,7.227,157661.6745
1676270760000,21815.7,21818,21815.6,21817.9,12.454,271701.8991
1676270820000,21817.9,21821.5,21817.9,21821.4,19.684,429495.1284
1676270880000,21821.4,21821.5,21818.1,21818.2,22.774,496928.4561
1676270940000,21818.2,21818.3,21816.5,21817.9,40.515,883925.8601
1676271000000,21817.9,21818,21815,21815,9.618,209831.3196
1676271060000,21815,21815.1,21815,21815,5.475,119437.1719
1676271120000,21815,21815.1,21807.1,21807.1,225.32,4914310.3146
1676271180000,21807.1,21807.2,21806.6,21806.7,13.097,285607.1284
1676271240000,21806.7,21806.7,21803.4,21803.4,64.876,1414645.9516
1676271300000,21803.4,21803.4,21796.7,21799.4,111.647,2433897.8011
1676271360000,21799.4,21799.5,21796.4,21796.5,31.911,695608.4133
1676271420000,21796.5,21803.9,21796.4,21803.8,42.657,929994.614
1676271480000,21803.8,21803.8,21803.7,21803.8,5.267,114840.2533
1676271540000,21803.8,21814,21803.7,21813.9,27.181,592827.7824
1676271600000,21813.9,21815.1,21812.3,21812.4,25.446,555080.1463
1676271660000,21812.4,21812.4,21810.2,21811.4,19.753,430846.2388
1676271720000,21811.4,21812,21811.3,21812,12.099,263900.3708
1676271780000,21812,21812,21811.9,21812,3.748,81751.2089
1676271840000,21812,21812,21802.4,21802.5,20.429,445546.5456
1676271900000,21802.5,21802.5,21795.9,21798.5,20.204,440413.1154
1676271960000,21798.5,21798.5,21794.5,21794.5,17.471,380798.0501
1676272020000,21794.5,21794.5,21791,21791.4,22.984,500867.2613
1676272080000,21791.4,21792.7,21785.1,21785.3,31.738,691512.6432
1676272140000,21785.3,21788.9,21785.3,21788.9,19.733,429897.9877
1676272200000,21788.9,21807.2,21788.9,21807.1,78.871,1719138.0371
1676272260000,21807.1,21808,21807.1,21807.9,12.602,274821.4359
1676272320000,21807.9,21808,21807.9,21807.9,4.301,93795.9992
1676272380000,21807.9,21808,21807.9,21808,4.731,103173.3917
1676272440000,21808,21820.3,21807.9,21820.3,25.239,550578.7177
1676272500000,21820.3,21820.8,21819,21819,20.251,441886.4255
1676272560000,21819,21819.1,21819,21819,10.45,228009.2495
1676272620000,21819,21819.1,21819,21819,22.365,487983.4721
1676272680000,21819,21819.5,21818,21818,24.27,529541.1278
1676272740000,21818,21842,21817.1,21842,102.841,2245388.7557
1676272800000,21842,21879.3,21841.9,21857.2,466.428,10198449.182
1676272860000,21857.2,21867.7,21856.4,21859.6,123.698,2704290.8823
1676272920000,21859.6,21887,21858.5,21858.6,182.371,3989648.2927
1676272980000,21858.6,21878.5,21858.5,21876.9,43.426,949609.5537
1676273040000,21876.9,21880.5,21870.2,21877.4,95.314,2085097.3838
1676273100000,21877.4,21877.5,21870,21871.7,60.519,1323714.139
1676273160000,21871.7,21872.5,21863,21863,50.777,1110503.2632
1676273220000,21863,21868.2,21863,21868.1,18.488,404242.0314
1676273280000,21868.1,21869.8,21847.1,21852,80.623,1762438.6577
1676273340000,21852,21868.5,21851.9,21863.1,52.55,1148849.7837
1676273400000,21863.1,21865.5,21858.2,21861,23.047,503858.3875
1676273460000,21861,21864.8,21861,21864.7,17.9,391333.285
1676273520000,21864.7,21867,21864.7,21867,28.735,628339.2492
1676273580000,21867,21867.5,21866.9,21867.5,19.526,426974.8463
1676273640000,21867.5,21867.5,21863,21863,24.769,541610.3495
1676273700000,21863,21863.1,21860.1,21860.4,27.885,609584.1734
1676273760000,21860.4,21865,21860.4,21862,29.721,649776.4666
1676273820000,21862,21864.6,21861.8,21861.8,3.679,80430.2436
1676273880000,21861.8,21861.9,21859.1,21859.2,20.476,447614.1574
1676273940000,21859.2,21867.9,21849.6,21850,66.446,1452293.2498
1676274000000,21850,21850.6,21847.3,21850.5,23.847,521023.1439
1676274060000,21850.5,21857,21847.3,21847.3,24.715,540090.4849
1676274120000,21847.3,21847.4,21840,21840.1,27.331,597027.8505
1676274180000,21840.1,21843.4,21840.1,21843.3,35.895,783987.9984
1676274240000,21843.3,21844,21836,21836,21.231,463703.2285
1676274300000,21836,21840,21834.6,21840,45.048,983625.829
1676274360000,21840,21843,21839.9,21842.1,11.277,246306.9491
1676274420000,21842.1,21849.7,21842,21849.6,42.998,939307.459
1676274480000,21849.6,21849.6,21828.4,21830,35.31,771037.1681
1676274540000,21830,21844.1,21823.7,21844,90.591,1977695.2457
1676274600000,21844,21849.7,21837,21837.1,31.927,697425.4294
1676274660000,21837.1,21842,21837,21839.8,30.894,674679.6217
1676274720000,21839.8,21855.4,21839.8,21847,24.061,525767.7775
1676274780000,21847,21849.8,21844.6,21847.6,31.694,692440.5828
1676274840000,21847.6,21848.5,21844,21846,16.014,349840.045
1676274900000,21846,21856,21843.6,21856,19.673,429863.8741
1676274960000,21856,21863.2,21855.9,21863.1,47.148,1030619.0872
1676275020000,21863.1,21875,21861.7,21869.9,67.054,1466443.9758
1676275080000,21869.9,21869.9,21860.7,21860.8,22.025,481550.7742
1676275140000,21860.8,21863.5,21860.7,21860.8,18.685,408480.9143
1676275200000,21860.8,21867,21860.8,21866.9,48.897,1069072.1845
1676275260000,21866.9,21867,21854.2,21854.3,65.129,1423941.3499
1676275320000,21854.3,21854.3,21841.1,21841.1,92.386,2018435.2982
1676275380000,21841.1,21844.6,21831.5,21831.5,45.047,983645.6866
1676275440000,21831.5,21837.1,21810,21810.9,101.107,2206170.0444
1676275500000,21810.9,21829.9,21807.8,21827.7,67.211,1466469.5308
1676275560000,21827.7,21832.2,21816,21817.9,24.114,526277.3835
1676275620000,21817.9,21822.6,21808.2,21808.3,26.401,575979.4058
1676275680000,21808.3,21817.9,21801.5,21814.2,111.2,2425212.4974
1676275740000,21814.2,21814.2,21791.1,21791.5,97.514,2125844.5312
1676275800000,21791.5,21805.3,21790,21805.3,91.525,1994834.7304
1676275860000,21805.3,21825.3,21805.2,21820.8,40.426,881918.5501
1676275920000,21820.8,21839.8,21815.9,21839.2,104.247,2276124.8925
1676275980000,21839.2,21846.1,21837.4,21840,49.109,1072668.3053
1676276040000,21840,21842,21824.1,21824.1,29.727,649041.0213
1676276100000,21824.1,21827.5,21815.1,21825.6,37.423,816564.979
1676276160000,21825.6,21825.6,21811.1,21811.2,69.198,1509596.7145
1676276220000,21811.2,21811.2,21791,21796.9,90.719,1978201.7884
1676276280000,21796.9,21796.9,21787.4,21789.3,42.744,931439.1677
1676276340000,21789.3,21801.9,21789.2,21801.9,42.884,934658.0654
1676276400000,21801.9,21801.9,21792.1,21799.9,56.602,1233705.8636
1676276460000,21799.9,21804.4,21789,21789.1,66.434,1447880.5371
1676276520000,21789.1,21795.3,21770.7,21771.7,157.24,3424413.9093
1676276580000,21771.7,21787.6,21763,21766.5,149.277,3249855.5181
1676276640000,21766.5,21781.9,21760,21765.4,77.133,1679026.529
1676276700000,21765.4,21778.3,21759.9,21777,63.282,1377708.555
1676276760000,21777,21780.4,21764,21771.2,55.778,1214435.4314
1676276820000,21771.2,21777.1,21764,21771.7,64.843,1411588.0921
1676276880000,21771.7,21772,21760,21771.2,42.396,922690.6381
1676276940000,21771.2,21771.2,21761.8,21768.9,39.088,850852.4813
1676277000000,21768.9,21769,21761.2,21763.4,39.354,856447.3436
1676277060000,21763.4,21771,21763.4,21771,22.41,487823.8306
1676277120000,21771,21784.9,21770.9,21777.2,57.852,1260057.3392
1676277180000,21777.2,21784,21776.8,21783.9,16.885,367762.1868
1676277240000,21783.9,21787.7,21779.5,21787.6,28.431,619359.1104
1676277300000,21787.6,21796.5,21785.5,21785.5,31.141,678615.5193
1676277360000,21785.5,21785.5,21764,21777.4,35.048,763001.823
1676277420000,21777.4,21777.5,21765,21765.1,26.849,584501.3718
1676277480000,21765.1,21765.1,21760,21761.2,78.29,1703822.3945
1676277540000,21761.2,21761.2,21749.3,21750,140.869,3064262.6456
1676277600000,21750,21753.7,21742.4,21742.4,142.228,3093103.1402
1676277660000,21742.4,21748.7,21726,21735,249.091,5414040.9
1676277720000,21735,21740,21704,21704.1,291.711,6336500.1118
1676277780000,21704.1,21720,21704,21704,169.174,3673484.2085
1676277840000,21704,21715.5,21696.7,21698.8,297.711,6461104.9253
1676277900000,21698.8,21710,21698.7,21705,83.751,1817930.7386
1676277960000,21705,21724.5,21705,21724.5,140.855,3058714.4343
1676278020000,21724.5,21735,21719,21730.6,96.682,2100613.5715
1676278080000,21730.6,21737.7,21730.3,21737.6,42.746,929009.3511
1676278140000,21737.6,21738.9,21726.8,21729,57.673,1253359.4128
1676278200000,21729,21745,21726,21742.9,80.431,1748365.363
1676278260000,21742.9,21754,21733.6,21738,49.601,1078648.9011
1676278320000,21738,21748.9,21738,21747.2,40.496,880603.7413
1676278380000,21747.2,21748.4,21740,21743.8,28.041,609744.4251
1676278440000,21743.8,21749.9,21741.1,21741.1,19.276,419205.3985
1676278500000,21741.1,21744.5,21740,21742.4,28.708,624173.3376
1676278560000,21742.4,21742.4,21725.4,21728.5,73.074,1587856.5563
1676278620000,21728.5,21728.5,21725.3,21726.2,42.692,927563.7575
1676278680000,21726.2,21728.8,21715.4,21721.7,47.577,1033487.38
1676278740000,21721.7,21726.3,21714.7,21715.9,73.299,1591819.0929
1676278800000,21715.9,21728,21708,21727.6,78.787,1711256.6024
1676278860000,21727.6,21727.6,21703.5,21707.6,73.359,1592544.5439
1676278920000,21707.6,21727.5,21700.1,21724.7,429.63,9327240.0958
1676278980000,21724.7,21730.2,21724.2,21730.2,78.116,1697165.7347
1676279040000,21730.2,21742.2,21730.1,21739.5,120.095,2610859.7815
1676279100000,21739.5,21745,21739.4,21743.2,42.278,919275.8266
1676279160000,21743.2,21744.2,21740,21740,42.505,924166.4515
1676279220000,21740,21740.1,21698.2,21698.2,134.734,2926241.9036
1676279280000,21698.2,21698.3,21650,21659.7,499.808,10831692.8878
1676279340000,21659.7,21686.9,21638,21682,360.533,7809058.6848
1676279400000,21682,21689,21653,21659.6,204.48,4431685.6956
1676279460000,21659.6,21670,21623,21658.1,522.683,11312145.0692
1676279520000,21658.1,21668.1,21622.4,21668.1,249.571,5402542.5602
1676279580000,21668.1,21686,21652.3,21652.3,155.865,3378285.9408
1676279640000,21652.3,21658.1,21635.1,21649.9,194.808,4217227.4552
1676279700000,21649.9,21650,21630.1,21635.5,127.273,2754126.9003
1676279760000,21635.5,21637.6,21536.8,21609.2,2544.805,54934200.4181
1676279820000,21609.2,21621.4,21575,21597.2,438.286,9466403.9669
1676279880000,21597.2,21597.2,21549.9,21554.7,832.556,17953668.4853
1676279940000,21554.7,21554.7,21493,21511.9,1909.95,41109089.8889
1676280000000,21511.9,21563.2,21511.9,21554.7,766.495,16506540.0324
1676280060000,21554.7,21555.9,21529.2,21537.8,249.512,5375861.3616
1676280120000,21537.8,21537.8,21484.3,21500.1,845.491,18184121.1237
1676280180000,21500.1,21528.5,21470,21528.5,588.464,12650160.3922
1676280240000,21528.5,21539.6,21510.2,21510.2,243.533,5242756.6033
1676280300000,21510.2,21542.2,21491,21525,282.432,6077490.4413
1676280360000,21525,21542.1,21508.1,21508.1,262.428,5649951.4737
1676280420000,21508.1,21549.8,21508.1,21549.1,404.006,8701172.8332
1676280480000,21549.1,21568,21545.1,21555.1,241.47,5205674.8833
1676280540000,21555.1,21557.6,21523,21527.4,99.876,2151160.6232
1676280600000,21527.4,21558,21513.2,21558,176.547,3801160.6953
1676280660000,21558,21583.8,21557.9,21575.9,276.663,5968464.6245
1676280720000,21575.9,21580,21560.1,21567.2,81.618,1760697.7507
1676280780000,21567.2,21576.3,21557.8,21560,74.522,1607168.4793
1676280840000,21560,21560.6,21534.5,21552.3,237.9,5125279.399
1676280900000,21552.3,21574.4,21548.1,21569.9,129.527,2792981.0521
1676280960000,21569.9,21570,21541.8,21553.9,145.203,3129259.3005
1676281020000,21553.9,21557.7,21541.8,21543.1,89.121,1920799.7021
1676281080000,21543.1,21543.1,21525,21539.6,118.186,2544833.4146
1676281140000,21539.6,21569.8,21539.6,21567.1,129.977,2801896.5315
1676281200000,21567.1,21570,21543.4,21554.9,273.583,5896687.6494
1676281260000,21554.9,21596,21554.9,21593.3,283.368,6116741.3881
1676281320000,21593.3,21595.5,21582.6,21588.5,187.482,4047875.6771
1676281380000,21588.5,21595.5,21583.4,21595.1,147.021,3174420.5958
1676281440000,21595.1,21598.4,21593.3,21595.1,158.582,3424814.6803
1676281500000,21595.1,21595.2,21584.6,21589.8,70.483,1521678.6831
1676281560000,21589.8,21610,21589.8,21610,141.104,3048057.6334
1676281620000,21610,21627.3,21609.9,21625.6,241.258,5216163.3297
1676281680000,21625.6,21626,21606.9,21625.7,138.3,2989687.1785
1676281740000,21625.7,21646.7,21615.5,21638.8,338.719,7327683.5793
1676281800000,21638.8,21643.1,21615.5,21615.8,148.229,3205794.7626
1676281860000,21615.8,21630,21614,21615.5,132.162,2857092.3039
1676281920000,21615.5,21630,21615.5,21629.7,31.311,677045.2106
1676281980000,21629.7,21629.7,21615.9,21616,47.772,1032861.5206
1676282040000,21616,21616,21598,21599.9,118.332,2556768.6957
1676282100000,21599.9,21607,21590.9,21606.9,51.925,1121546.1326
1676282160000,21606.9,21607,21587.2,21587.6,77.653,1677127.9222
1676282220000,21587.6,21607.1,21584.8,21591.6,72.056,1555915.3347
1676282280000,21591.6,21591.6,21578.5,21583.5,94.553,2040889.2894
1676282340000,21583.5,21586.3,21575.3,21577.5,74.447,1606574.8372
1676282400000,21577.5,21591.3,21568.4,21591.2,143.516,3096997.0245
1676282460000,21591.2,21591.8,21581.8,21588.2,60.052,1296560.0627
1676282520000,21588.2,21601.6,21588.1,21600,203.063,4385548.2126
1676282580000,21600,21620,21599.9,21620,75.41,1629308.7258
1676282640000,21620,21644.9,21619.9,21633.2,145.33,3144017.7484
1676282700000,21633.2,21636.8,21622,21624.1,61.71,1334907.2705
1676282760000,21624.1,21644.2,21623.1,21623.1,94.059,2035049.8168
1676282820000,21623.1,21629.6,21616,21616,159.144,3441255.0509
1676282880000,21616,21626.8,21613.8,21623.2,53.148,1148911.5812
1676282940000,21623.2,21623.2,21600,21613.4,76.44,1651655.0076
1676283000000,21613.4,21625.4,21601.1,21603,125.361,2709634.862
1676283060000,21603,21606.9,21577.8,21577.8,124.514,2688154.4072
1676283120000,21577.8,21586.7,21571,21580,107.043,2309665.8385
1676283180000,21580,21595.3,21560.8,21565.4,109.851,2369676.4544
1676283240000,21565.4,21591,21565.4,21577,165.299,3566529.979
1676283300000,21577,21594.2,21573.5,21577.9,105.219,2270605.2431
1676283360000,21577.9,21578.8,21560.2,21569.8,79.499,1714371.7107
1676283420000,21569.8,21570.1,21559,21570,107.127,2310056.6575
1676283480000,21570,21576.8,21565,21565.1,39.958,861998.1347
1676283540000,21565.1,21565.1,21556.1,21556.1,71.397,1539209.1133
1676283600000,21556.1,21556.1,21533,21538.9,227.955,4911558.2915
1676283660000,21538.9,21547,21449.2,21449.2,1550.187,33299501.232
1676283720000,21449.2,21510,21413,21508.7,1704.322,36560911.0567
1676283780000,21508.7,21517.6,21486.1,21506.4,439.808,9459880.7102
1676283840000,21506.4,21507.4,21486.2,21500,166.573,3580464.2785
1676283900000,21500,21517.6,21480.3,21517.5,271.243,5832101.0814
1676283960000,21517.5,21544.4,21517.5,21525.5,241.513,5200488.1276
1676284020000,21525.5,21544.4,21519,21519,118.789,2558086.2457
1676284080000,21519,21519.1,21491.9,21508.1,209.182,4499081.3691
1676284140000,21508.1,21522.1,21507.8,21513.4,92.631,1993251.532
1676284200000,21513.4,21536,21508.1,21536,152.292,3277837.5784
1676284260000,21536,21549.3,21531.2,21531.3,144.026,3102738.0448
1676284320000,21531.3,21544.1,21530,21544,41.727,898673.1906
1676284380000,21544,21550,21537.8,21541.8,140.647,3030039.432
1676284440000,21541.8,21550,21541.7,21550,65.409,1409387.9619
1676284500000,21550,21552.8,21533.9,21552.7,72.851,1569591.6287
1676284560000,21552.7,21552.8,21538.8,21549.3,128.93,2777559.2217
1676284620000,21549.3,21553.9,21540,21543.1,105.958,2283227.0597
1676284680000,21543.1,21563.8,21531.5,21543.2,360.264,7763804.998
1676284740000,21543.2,21563,21535.9,21554.8,87.736,1890657.9651
1676284800000,21554.8,21564,21542.6,21550.6,56.347,1214625.6458
1676284860000,21550.6,21553.5,21540.6,21540.7,46.12,993613.6178
1676284920000,21540.7,21548.2,21526.7,21544.1,66.07,1422883.4092
1676284980000,21544.1,21557.4,21543.1,21552.4,43.785,943557.1065
1676285040000,21552.4,21561,21540.1,21560.9,31.115,670475.8979
1676285100000,21560.9,21571.4,21556,21570,136.389,2940851.3441
1676285160000,21570,21573.4,21561,21573.4,54.182,1168432.4584
1676285220000,21573.4,21583.9,21573.4,21581.1,116.278,2509287.3086
1676285280000,21581.1,21583.9,21577.1,21583.8,88.339,1906557.6606
1676285340000,21583.8,21592.4,21575,21583.2,111.93,2415897.5223
1676285400000,21583.2,21592.4,21575.5,21585,149.461,3225842.1838
1676285460000,21585,21589.4,21570.9,21588.9,58.604,1264631.3957
1676285520000,21588.9,21589.2,21574,21583.4,60.067,1296233.9767
1676285580000,21583.4,21583.5,21568.8,21568.8,31.208,673259.9918
1676285640000,21568.8,21583,21560.8,21583,65.778,1418573.4625
1676285700000,21583,21585.7,21575.5,21575.9,40.445,872892.9739
1676285760000,21575.9,21584,21575.1,21578.4,34.775,750488.0221
1676285820000,21578.4,21587.1,21577.3,21580.5,23.112,498823.1954
1676285880000,21580.5,21586.3,21578.7,21586.3,15.902,343198.0962
1676285940000,21586.3,21592.3,21586.2,21592.3,36.753,793516.9069
1676286000000,21592.3,21592.4,21581.9,21584.8,83.96,1812427.8886
1676286060000,21584.8,21587.3,21577.2,21587.3,65.195,1406885.324
1676286120000,21587.3,21595,21573.9,21593.1,173.072,3735796.7809
1676286180000,21593.1,21608.2,21589.2,21605.6,179.792,3884004.83
1676286240000,21605.6,21611.4,21604,21611.4,106.673,2305078.7317
1676286300000,21611.4,21611.4,21592.5,21597.2,59.155,1278023.4381
1676286360000,21597.2,21609,21588.1,21608.7,40.572,876291.8857
1676286420000,21608.7,21613.6,21602.1,21613.6,62.916,1359679.966
1676286480000,21613.6,21613.7,21600.4,21600.4,55.162,1191868.2657
1676286540000,21600.4,21600.4,21587.7,21591.6,80.088,1729217.6675
1676286600000,21591.6,21591.6,21574,21588,149.057,3217345.544
1676286660000,21588,21588,21577.3,21585.1,52.082,1124114.1999
1676286720000,21585.1,21585.1,21573.8,21582.9,39.762,858015.5895
1676286780000,21582.9,21594,21579,21594,46.441,1002429.3415
1676286840000,21594,21596.5,21586.6,21588.5,57.08,1232455.597
1676286900000,21588.5,21588.6,21581.9,21582,27.654,596926.8004
1676286960000,21582,21582,21575,21575.2,19.795,427134.5683
1676287020000,21575.2,21600,21575.1,21600,65.152,1406168.5574
1676287080000,21600,21603.5,21592,21599.2,50.564,1092164.9014
1676287140000,21599.2,21600,21594.3,21599.9,39.674,856836.43
1676287200000,21599.9,21602.4,21585.1,21587.9,54.013,1166504.964
1676287260000,21587.9,21589.6,21579.1,21589.6,22.545,486588.956
1676287320000,21589.6,21597.5,21582.6,21584.4,26.689,576291.9253
1676287380000,21584.4,21586.6,21574.5,21574.6,15.703,338869.7969
1676287440000,21574.6,21592.3,21571.1,21591.7,128.123,2765026.6548
1676287500000,21591.7,21591.7,21587.8,21591.6,10.917,235692.7797
1676287560000,21591.6,21605,21591.5,21604.9,49.636,1072180.1785
1676287620000,21604.9,21620,21604.9,21620,218.836,4729934.3664
1676287680000,21620,21635.5,21617.5,21627.3,192.549,4163834.7759
1676287740000,21627.3,21636,21624,21635.5,275.902,5967589.0465
1676287800000,21635.5,21635.5,21624.5,21629.6,53.081,1148163.184
1676287860000,21629.6,21634,21622.3,21622.3,53.146,1149541.6674
1676287920000,21622.3,21622.4,21611,21614.5,40.931,884785.8719
1676287980000,21614.5,21614.5,21605.9,21606,16.895,365101.3698
1676288040000,21606,21606,21596.6,21596.6,52.558,1135333.2817
1676288100000,21596.6,21600.5,21590.5,21600.5,43.587,941197.7316
1676288160000,21600.5,21600.5,21597.1,21597.2,25.319,546858.3712
1676288220000,21597.2,21599.2,21593.5,21597.5,23.132,499577.4653
1676288280000,21597.5,21607.7,21597.5,21600.5,32.551,703271.0195
1676288340000,21600.5,21620,21600.5,21620,45.909,992005.1094
1676288400000,21620,21627.6,21617.7,21617.7,38.537,833320.8993
1676288460000,21617.7,21617.8,21610.3,21617,44.872,969784.603
1676288520000,21617,21625.6,21616.9,21618.4,81.249,1756634.7625
1676288580000,21618.4,21625.7,21615.1,21617.7,9.256,200118.6892
1676288640000,21617.7,21625.8,21617,21625.7,17.962,388369.0581
1676288700000,21625.7,21630,21623.1,21623.1,38.417,830851.195
1676288760000,21623.1,21625,21614.6,21621.6,62.48,1350780.6035
1676288820000,21621.6,21621.7,21611.6,21616.9,21.377,462058.0943
1676288880000,21616.9,21616.9,21608.2,21612.1,52.097,1125883.238
1676288940000,21612.1,21618,21603.1,21606.3,51.347,1109514.2953
1676289000000,21606.3,21612.5,21603.2,21612.4,28.253,610391.1516
1676289060000,21612.4,21613.2,21604.9,21606.4,9.982,215719.5801
1676289120000,21606.4,21606.5,21603.1,21605,8.078,174515.2602
1676289180000,21605,21605,21600.5,21604.9,25.965,560935.5036
1676289240000,21604.9,21605,21600.2,21600.3,17.632,380884.7717
1676289300000,21600.3,21600.3,21591,21595.1,26.229,566448.1789
1676289360000,21595.1,21595.1,21585.7,21588.1,59.303,1280365.6402
1676289420000,21588.1,21591.4,21577.3,21581.1,76.073,1641926.5226
1676289480000,21581.1,21592.3,21579.6,21585.9,47.396,1023125.736
1676289540000,21585.9,21596.7,21585,21596.6,18.218,393330.9858
1676289600000,21596.6,21601.5,21595,21596.1,64.452,1392063.0687
1676289660000,21596.1,21596.1,21581.7,21581.7,71.317,1539554.9408
1676289720000,21581.7,21594.5,21581.6,21594.5,30.174,651316.592
1676289780000,21594.5,21600,21589.6,21593.8,62.353,1346476.4909
1676289840000,21593.8,21597.4,21591.8,21594.7,72.923,1574734.6046
1676289900000,21594.7,21594.8,21588,21591.1,35.345,763123.3611
1676289960000,21591.1,21594.9,21583.5,21594.8,56.251,1214299.4373
1676290020000,21594.8,21605.4,21594.8,21601.6,35.244,761265.0621
1676290080000,21601.6,21601.6,21594.5,21598.5,37.852,817610.9479
1676290140000,21598.5,21606.4,21595.8,21606.3,37.505,810255.6632
1676290200000,21606.3,21633.4,21604,21633.3,121.02,2616746.5024
1676290260000,21633.3,21642.3,21631.1,21641.6,148.54,3214042.5338
1676290320000,21641.6,21647.9,21641.6,21645.6,98.541,2132763.0631
1676290380000,21645.6,21645.7,21638.3,21638.3,90.525,1959180.8285
1676290440000,21638.3,21641.7,21638.3,21641.7,56.037,1212695.22
1676290500000,21641.7,21646.5,21640,21640,53.388,1155485.2336
1676290560000,21640,21646.1,21637.6,21643.9,50.444,1091793.7112
1676290620000,21643.9,21665.4,21643.9,21662,334.674,7248279.322
1676290680000,21662,21669.9,21662,21669.8,109.866,2380144.3252
1676290740000,21669.8,21688.5,21669.8,21678.1,277.298,6011133.0129
1676290800000,21678.1,21684.8,21671.9,21682,300.172,6506809.4463
1676290860000,21682,21686.3,21677.5,21681.6,133.158,2887232.6773
1676290920000,21681.6,21683.4,21675.6,21675.7,58.802,1274768.9582
1676290980000,21675.7,21675.7,21658.2,21658.3,76.858,1665045.3838
1676291040000,21658.3,21663.9,21647.3,21663.8,119.267,2582776.3552
1676291100000,21663.8,21669.9,21663,21669.8,39.563,857126.8515
1676291160000,21669.8,21679,21669,21678.9,61.476,1332480.5207
1676291220000,21678.9,21687.2,21678.9,21687.1,76.123,1650580.0601
1676291280000,21687.1,21689.9,21680.5,21688.4,73.038,1583904.7475
1676291340000,21688.4,21694,21688.3,21690.1,128.763,2793065.6324
1676291400000,21690.1,21694,21675.1,21677.6,69.28,1502512.4037
1676291460000,21677.6,21680,21662.9,21673.6,69.014,1495718.9305
1676291520000,21673.6,21684.2,21662.6,21669.1,158.307,3431263.0272
1676291580000,21669.1,21682.9,21663.8,21679.2,66.397,1438909.3625
1676291640000,21679.2,21681.7,21674.5,21677.1,21.649,469304.5315
1676291700000,21677.1,21677.1,21668,21670.9,30.696,665256.8904
1676291760000,21670.9,21680,21668.2,21680,58.986,1278500.4756
1676291820000,21680,21681.5,21679.2,21681.5,20.656,447825.1103
1676291880000,21681.5,21681.5,21671,21672.7,34.492,747691.1663
1676291940000,21672.7,21673.8,21668.5,21669,33.719,730777.0056
1676292000000,21669,21670,21661,21662.5,32.504,704224.4044
1676292060000,21662.5,21662.5,21654.5,21655.5,55.444,1200846.5783
1676292120000,21655.5,21656,21653.8,21655.9,51.447,1114083.4241
1676292180000,21655.9,21656,21650.6,21650.6,39.156,847836.4331
1676292240000,21650.6,21654.8,21650.6,21652.1,56.162,1216076.1566
1676292300000,21652.1,21652.1,21643.7,21645.4,79.558,1722257.2845
1676292360000,21645.4,21649.2,21645.3,21649.1,40.771,882562.2907
1676292420000,21649.1,21650,21649.1,21649.6,14.511,314155.9772
1676292480000,21649.6,21666.6,21649.5,21664.7,76.203,1650481.2605
1676292540000,21664.7,21675,21664.6,21674.7,64.598,1399905.4458
1676292600000,21674.7,21683.4,21674.7,21681.6,57.052,1236903.8707
1676292660000,21681.6,21685.9,21681.6,21682.2,38.583,836618.3938
1676292720000,21682.2,21682.2,21677.1,21680.3,30.591,663238.8552
1676292780000,21680.3,21680.4,21667.6,21667.6,23.821,516367.8478
1676292840000,21667.6,21667.7,21649.3,21649.9,77.005,1667762.1779
1676292900000,21649.9,21665.6,21649.9,21661.1,33.482,725257.8044
1676292960000,21661.1,21661.1,21653.1,21655.4,14.273,309122.8808
1676293020000,21655.4,21660,21653.2,21660,12.382,268140.7034
1676293080000,21660,21660,21645.6,21647.2,56.791,1229563.1429
1676293140000,21647.2,21653.3,21647.2,21653.2,53.053,1148631.6831
1676293200000,21653.2,21658.9,21653.2,21658.9,21.622,468289.3318
1676293260000,21658.9,21661.4,21657.8,21657.9,28.648,620493.6034
1676293320000,21657.9,21664.8,21657.8,21660.4,28.933,626738.4267
1676293380000,21660.4,21662.8,21660.4,21662.7,7.833,169671.1905
1676293440000,21662.7,21662.8,21660.6,21660.7,8.741,189344.1851
1676293500000,21660.7,21660.7,21650,21651.6,28.463,616368.8141
1676293560000,21651.6,21651.7,21647,21647.9,18.28,395739.8703
1676293620000,21647.9,21648.6,21646,21646.1,32.016,693072.2906
1676293680000,21646.1,21646.3,21638,21638.1,54.584,1181230.7035
1676293740000,21638.1,21642.7,21638,21640.1,71.661,1550791.546
1676293800000,21640.1,21647.9,21637.7,21646,40.569,877974.3171
1676293860000,21646,21647.7,21637.2,21637.2,28.678,620659.3975
1676293920000,21637.2,21637.2,21633,21634.5,90.066,1948537.001
1676293980000,21634.5,21634.5,21617.1,21620.4,168.511,3644346.3585
1676294040000,21620.4,21624.7,21620.4,21623.3,59.702,1290930.395
1676294100000,21623.3,21623.6,21621.3,21621.3,30.694,663700.9497
1676294160000,21621.3,21623.5,21615.5,21623.4,68.276,1476004.4713
1676294220000,21623.4,21623.5,21611,21611.7,50.359,1088640.7958
1676294280000,21611.7,21619.2,21611.6,21619.2,59.361,1282994.824
1676294340000,21619.2,21622.2,21619.1,21621.7,28.37,613401.9294
1676294400000,21621.7,21635.4,21621.6,21635.4,71.872,1554702.5024
1676294460000,21635.4,21638.8,21627.4,21638.8,75.541,1633966.017
1676294520000,21638.8,21644,21633.1,21633.2,35.48,767769.061
1676294580000,21633.2,21633.2,21615.6,21615.6,76.016,1643612.5724
1676294640000,21615.6,21624.3,21615.2,21620.1,19.815,428427.1719
1676294700000,21620.1,21627.9,21616,21627.9,30.643,662489.1349
1676294760000,21627.9,21631,21626,21630.9,16.793,363190.6184
1676294820000,21630.9,21635.5,21614.4,21614.4,43.227,934805.5095
1676294880000,21614.4,21621.2,21611.5,21618.2,11.852,256199.7225
1676294940000,21618.2,21618.3,21613.7,21614.5,22.732,491356.1789
1676295000000,21614.5,21614.6,21614.5,21614.6,24.018,519139.0679
1676295060000,21614.6,21614.6,21604.5,21604.5,47.732,1031414.9791
1676295120000,21604.5,21605,21594.5,21605,129.861,2804815.1149
1676295180000,21605,21609.8,21603.9,21609.8,25.633,553844.9962
1676295240000,21609.8,21620.3,21604.3,21620.3,78.824,1703793.6384
1676295300000,21620.3,21632.4,21620.3,21625.6,30.638,662637.5596
1676295360000,21625.6,21631,21619.7,21630.9,25.457,550511.7892
1676295420000,21630.9,21634.9,21628.6,21629,17.844,386004.141
1676295480000,21629,21633.9,21623.6,21625,43.388,938380.7744
1676295540000,21625,21627.4,21620,21623.6,17.433,376973.2917
1676295600000,21623.6,21629,21620.8,21623.9,20.373,440553.4684
1676295660000,21623.9,21629.3,21623.9,21629.2,13.514,292294.1257
1676295720000,21629.2,21632.5,21627,21627,22.08,477625.6071
1676295780000,21627,21632.6,21625.6,21626.8,26.776,579188.7707
1676295840000,21626.8,21629.6,21616.6,21616.6,32.006,691999.3887
1676295900000,21616.6,21623,21616.6,21622.2,18.697,404246.2629
1676295960000,21622.2,21625.5,21620.1,21625.4,9.958,215328.2128
1676296020000,21625.4,21629.8,21624.2,21629.7,43.761,946353.011
1676296080000,21629.7,21629.8,21615,21615.1,25.321,547492.9895
1676296140000,21615.1,21615.1,21600.1,21600.7,31.301,676308.5745
1676296200000,21600.7,21609.9,21595.8,21606.8,104.991,2267984.2517
1676296260000,21606.8,21613.5,21595.5,21595.5,55.293,1194561.9242
1676296320000,21595.5,21599.1,21588.1,21599.1,202.159,4364896.6781
1676296380000,21599.1,21599.1,21574.6,21587.8,335.662,7244108.9716
1676296440000,21587.8,21588.5,21576.4,21582.9,81.079,1749858.6689
1676296500000,21582.9,21585,21557,21566.6,479.517,10342352.7935
1676296560000,21566.6,21583.9,21566.5,21583.8,66.294,1430408.8883
1676296620000,21583.8,21583.8,21579.6,21579.6,61.343,1323964.2158
1676296680000,21579.6,21581.5,21568.7,21571,41.686,899392.4231
1676296740000,21571,21574.6,21565.8,21567.3,45.749,986865.6982
1676296800000,21567.3,21577.8,21562.8,21575.9,86.626,1868838.653
1676296860000,21575.9,21581.7,21575.8,21581.6,74.312,1603653.549
1676296920000,21581.6,21582.5,21566.2,21566.6,79.669,1719193.7445
1676296980000,21566.6,21582.6,21564.1,21576.7,132.335,2854964.9409
1676297040000,21576.7,21591.7,21576.2,21589.7,248.625,5367003.0181
1676297100000,21589.7,21592.5,21589.7,21592.4,39.658,856240.5029
1676297160000,21592.4,21606.6,21592.4,21606.5,103.112,2227262.9812
1676297220000,21606.5,21606.6,21606.5,21606.6,34.064,736005.7613
1676297280000,21606.6,21606.6,21600,21601.4,85.557,1848345.7051
1676297340000,21601.4,21601.4,21589.9,21595.1,61.593,1330226.3178
1676297400000,21595.1,21598,21595.1,21597,45.814,989429.4788
1676297460000,21597,21597,21589,21591.5,31.18,673266.1383
1676297520000,21591.5,21591.7,21588.1,21590.3,10.313,222661.4863
1676297580000,21590.3,21603.5,21590.3,21603.5,37.691,814045.6976
1676297640000,21603.5,21605.5,21600.3,21601.6,30.172,651814.1916
1676297700000,21601.6,21607,21599.9,21607,29.333,633714.9982
1676297760000,21607,21607,21592.4,21592.5,19.487,420892.5556
1676297820000,21592.5,21596.4,21586.6,21596.4,61.992,1338373.6107
1676297880000,21596.4,21596.5,21586.9,21587,32.042,691773.8042
1676297940000,21587,21587,21578.7,21581.4,110.033,2374716.957
1676298000000,21581.4,21585,21581.4,21585,20.284,437772.7172
1676298060000,21585,21585,21569.5,21570.5,134.35,2898340.4352
1676298120000,21570.5,21584.8,21570.5,21577.2,73.223,1580294.7086
1676298180000,21577.2,21577.2,21566.9,21573.5,50.376,1086633.7373
1676298240000,21573.5,21584.8,21564.7,21584.7,129.371,2790686.7249
1676298300000,21584.7,21588.7,21575.9,21577.6,62.869,1356883.6659
1676298360000,21577.6,21577.7,21565,21568.1,44.199,953412.6918
1676298420000,21568.1,21570.1,21565.2,21569.9,33.209,716253.875
1676298480000,21569.9,21569.9,21553.8,21563.4,115.318,2486198.4688
1676298540000,21563.4,21573.6,21561.5,21561.6,29.363,633254.9622
1676298600000,21561.6,21582.7,21556.3,21568.1,122.782,2648383.2178
1676298660000,21568.1,21605.1,21555.5,21589.7,126.384,2728324.7564
1676298720000,21589.7,21637.5,21589.7,21595.8,260.647,5634505.0028
1676298780000,21595.8,21614,21595.8,21606.6,80.074,1729822.2449
1676298840000,21606.6,21610,21597,21599.9,67.444,1457034.5847
1676298900000,21599.9,21610.4,21590.1,21598.2,72.166,1558724.496
1676298960000,21598.2,21618.9,21591.9,21618.9,133.276,2879332.567
1676299020000,21618.9,21629.7,21614.5,21619.7,60.452,1307286.1196
1676299080000,21619.7,21630,21619.6,21629.9,45.168,976886.994
1676299140000,21629.9,21654,21629.9,21653.8,227.321,4919497.9883
1676299200000,21653.8,21670,21650,21659.4,227.694,4931959.1922
1676299260000,21659.4,21665.3,21650.1,21653.7,172.74,3741554.426
1676299320000,21653.7,21654.7,21628.8,21638.5,331.182,7167338.546
1676299380000,21638.5,21659.8,21638.4,21659.8,120.861,2616432.6771
1676299440000,21659.8,21660.8,21645,21645,109.59,2373107.2656
1676299500000,21645,21655.4,21633.9,21635.7,62.759,1358572.4076
1676299560000,21635.7,21657.9,21635.7,21648.5,42.047,910193.3594
1676299620000,21648.5,21673.5,21638.2,21638.2,116.6,2525659.6485
1676299680000,21638.2,21642.1,21628.8,21630.1,127.389,2755986.0745
1676299740000,21630.1,21635,21620.7,21634.6,48.607,1051272.6005
1676299800000,21634.6,21654,21627.5,21653.9,71.792,1553660.8812
1676299860000,21653.9,21654.8,21640.2,21649.7,47.919,1037453.9496
1676299920000,21649.7,21649.7,21633.6,21633.7,57.612,1246616.79
1676299980000,21633.7,21638.9,21620,21638.9,64.646,1398210.4632
1676300040000,21638.9,21653,21638.9,21653,50.345,1089719.6599
1676300100000,21653,21661,21653,21658.2,86.158,1865988.078
1676300160000,21658.2,21662.5,21656.4,21662.4,24.413,528817.2384
1676300220000,21662.4,21678,21660.1,21664.6,134.997,2925836.1922
1676300280000,21664.6,21673.7,21664.6,21670.2,95.662,2073041.3845
1676300340000,21670.2,21670.6,21660,21662.3,134.243,2908659.163
1676300400000,21662.3,21673,21656.2,21656.3,144.16,3123392.3442
1676300460000,21656.3,21667.9,21656.2,21662.7,50.77,1099678.1774
1676300520000,21662.7,21662.8,21651.2,21653.6,41.352,895587.7956
1676300580000,21653.6,21653.6,21642.5,21642.5,96.413,2086917.2856
1676300640000,21642.5,21643,21636.4,21636.5,113.906,2464881.4918
1676300700000,21636.5,21637,21625.1,21630.7,108.316,2342994.5801
1676300760000,21630.7,21630.7,21620.2,21622.4,41.329,893739.5278
1676300820000,21622.4,21628,21620.1,21620.2,73.23,1583544.8473
1676300880000,21620.2,21627.7,21620,21620,54.961,1188471.3034
1676300940000,21620,21620.1,21610.5,21619.9,176.943,3824618.2909
1676301000000,21619.9,21629.9,21610,21610,54.383,1175767.3578
1676301060000,21610,21614.5,21607,21614.4,84.316,1821983.5403
1676301120000,21614.4,21619.8,21606,21606,58.801,1270698.1748
1676301180000,21606,21612.7,21601,21611.1,50.012,1080594.2676
1676301240000,21611.1,21615,21606.8,21608.6,33.252,718628.4678
1676301300000,21608.6,21610.9,21600.2,21610,109.783,2371814.3346
1676301360000,21610,21610.1,21605.7,21606.5,18.952,409512.9367
1676301420000,21606.5,21613.5,21598,21598.9,40.541,875880.519
1676301480000,21598.9,21608.3,21594,21608.2,90.226,1948891.8691
1676301540000,21608.2,21612.8,21602.7,21612.8,29.38,634840.3607
1676301600000,21612.8,21634.4,21612.7,21631.6,85.754,1854773.2595
1676301660000,21631.6,21635,21628.1,21634.9,28.613,618958.3621
1676301720000,21634.9,21634.9,21620.5,21620.7,33.064,714991.1666
1676301780000,21620.7,21629.5,21620.6,21622.1,17.155,370955.8124
1676301840000,21622.1,21625.6,21610,21625.5,32.498,702449.5499
1676301900000,21625.5,21633.6,21625.5,21630.5,17.243,372957.309
1676301960000,21630.5,21644.4,21623.7,21640.8,95.825,2073034.2152
1676302020000,21640.8,21644.2,21631.2,21642.6,32.886,711642.7748
1676302080000,21642.6,21642.6,21631.6,21634.9,19.906,430691.1532
1676302140000,21634.9,21642.7,21634.9,21636.5,33.691,729026.081
1676302200000,21636.5,21639.7,21632.8,21635.1,45.171,977354.8845
1676302260000,21635.1,21639.4,21624.6,21624.9,47.316,1023457.128
1676302320000,21624.9,21632.7,21622.9,21632.6,18.134,392183.6162
1676302380000,21632.6,21633.2,21620.9,21622,72.298,1563378.7888
1676302440000,21622,21627.7,21616.9,21627.7,32.772,708580.7094
1676302500000,21627.7,21633.4,21627.7,21633.3,23.395,506089.4473
1676302560000,21633.3,21642.3,21633.3,21642.3,109.951,2378757.0593
1676302620000,21642.3,21651.9,21642.2,21651.9,56.536,1223855.6876
1676302680000,21651.9,21665.8,21651.8,21659.1,279.586,6055648.5029
1676302740000,21659.1,21665.8,21659,21661,96.711,2094864.1876
1676302800000,21661,21661.1,21647.8,21654.6,40.53,877622.9734
1676302860000,21654.6,21654.6,21642.2,21643.2,35.174,761354.0481
1676302920000,21643.2,21644,21621,21627,72.935,1577479.3897
1676302980000,21627,21627.1,21613.3,21613.3,57.91,1252002.5801
1676303040000,21613.3,21620.1,21597,21616,198.137,4281301.7579
1676303100000,21616,21618,21603.2,21617.9,102.051,2205042.0472
1676303160000,21617.9,21623.8,21617.9,21622.6,31.949,690819.4588
1676303220000,21622.6,21622.6,21603,21603.1,95.281,2059022.4829
1676303280000,21603.1,21604.9,21587.5,21590.3,101.19,2185143.6812
1676303340000,21590.3,21602.2,21590.3,21594.8,69.661,1504446.5281
1676303400000,21594.8,21613.6,21594.8,21605.1,48.42,1046087.8295
1676303460000,21605.1,21613,21596.1,21613,26.535,573203.5062
1676303520000,21613,21613,21600.1,21600.1,18.041,389873.5185
1676303580000,21600.1,21600.1,21577.9,21581.6,235.368,5079950.8274
1676303640000,21581.6,21583.3,21559.5,21565.5,219.681,4738245.5912
1676303700000,21565.5,21578.9,21556.6,21577.6,124.667,2688906.037
1676303760000,21577.6,21587.4,21566.8,21570,82.006,1769347.984
1676303820000,21570,21582.9,21569.2,21578.6,80.99,1747129.9792
1676303880000,21578.6,21578.6,21556,21559.2,50.268,1083920.1795
1676303940000,21559.2,21564.8,21556,21559.1,67.597,1457300.8207
1676304000000,21559.1,21572.7,21559,21562.5,73.712,1589681.7875
1676304060000,21562.5,21562.5,21544.2,21555.3,195.477,4212725.511
1676304120000,21555.3,21574.5,21546.6,21574.4,159.567,3440952.9021
1676304180000,21574.4,21584.7,21573,21584.7,134.586,2904271.3302
1676304240000,21584.7,21601.7,21578,21594.9,243.446,5256080.2623
1676304300000,21594.9,21628.6,21594.9,21625,147.363,3185451.5508
1676304360000,21625,21633,21615.7,21628.2,160.499,3471125.5148
1676304420000,21628.2,21640,21616.1,21616.1,118.472,2562656.8213
1676304480000,21616.1,21630.7,21616.1,21630.4,39.307,850055.4406
1676304540000,21630.4,21630.4,21625.3,21625.8,58.196,1258605.5764
1676304600000,21625.8,21627.2,21617,21617.1,88.1,1905153.7096
1676304660000,21617.1,21621.2,21612,21619,99.324,2146694.0562
1676304720000,21619,21619.1,21610,21614.4,46.84,1012257.9636
1676304780000,21614.4,21618.3,21610,21610.2,39.458,852780.2446
1676304840000,21610.2,21630.4,21610,21630.4,53.43,1155227.9082
1676304900000,21630.4,21633.5,21623.8,21623.9,67.365,1456957.6072
1676304960000,21623.9,21625.6,21611.9,21612,38.996,842972.1952
1676305020000,21612,21612,21594,21594,120.22,2596515.7515
1676305080000,21594,21600.9,21588,21593,78.558,1696278.9284
1676305140000,21593,21596.8,21591.3,21593.8,73,1576401.8178
1676305200000,21593.8,21600,21593.8,21597.6,10.161,219454.6369
1676305260000,21597.6,21605.7,21591.4,21591.5,29.706,641626.1928
1676305320000,21591.5,21591.5,21583.5,21583.5,110.302,2381249.7502
1676305380000,21583.5,21590,21583.5,21588.5,20.919,451544.8079
1676305440000,21588.5,21592,21586.3,21590.1,11.198,241762.5219
1676305500000,21590.1,21593,21580,21580,27.195,586971.5155
1676305560000,21580,21580.1,21564.7,21565.1,88.722,1913820.5725
1676305620000,21565.1,21565.1,21514.9,21520.5,727.735,15669476.5854
1676305680000,21520.5,21542.9,21500,21531.5,804.898,17320355.1342
1676305740000,21531.5,21540,21515,21524.9,184.391,3969216.8013
1676305800000,21524.9,21544.8,21517.6,21531.5,145.579,3134210.9369
1676305860000,21531.5,21531.6,21486.5,21497.2,450.34,9684326.7761
1676305920000,21497.2,21499.9,21471.3,21485.9,456.715,9811818.9111
1676305980000,21485.9,21509.5,21466.7,21509.4,595.734,12798992.2877
1676306040000,21509.4,21509.5,21475.3,21489.2,225.647,4848189.74
1676306100000,21489.2,21506.9,21484.5,21491.8,291.153,6259174.9906
1676306160000,21491.8,21491.8,21475,21475.1,114.712,2464187.4573
1676306220000,21475.1,21485.3,21433.7,21450.1,1275.173,27363129.8802
1676306280000,21450.1,21460.4,21358,21440.8,3159.582,67635530.2427
1676306340000,21440.8,21474.3,21433.4,21462,498.142,10691431.188
1676306400000,21462,21473.9,21443.4,21447,253.467,5440433.2451
1676306460000,21447,21475,21441.2,21472.9,302.058,6481921.321
1676306520000,21472.9,21478.2,21461.6,21469.3,221.68,4759690.0062
1676306580000,21469.3,21499.6,21469.2,21498.8,253.191,5441614.2627
1676306640000,21498.8,21522.6,21497,21516.8,282.268,6071107.1149
1676306700000,21516.8,21533.7,21515,21525.3,444.902,9576176.1269
1676306760000,21525.3,21530.6,21512.2,21530.1,344.857,7421781.5403
1676306820000,21530.1,21548.3,21515.6,21548.2,207.972,4478505.6601
1676306880000,21548.2,21579,21548.2,21577,449.209,9686910.7958
1676306940000,21577,21579,21564.3,21574.1,134.563,2902731.7557
1676307000000,21574.1,21580,21561.3,21565.6,112.663,2430558.5745
1676307060000,21565.6,21565.7,21546.5,21550.7,172.546,3719150.9921
1676307120000,21550.7,21550.7,21516.7,21522.1,148.073,3188634.0347
1676307180000,21522.1,21531.2,21515.3,21515.9,77.944,1677766.1897
1676307240000,21515.9,21535.4,21515.8,21523.9,87.036,1873770.7028
1676307300000,21523.9,21523.9,21496,21496.1,157.354,3383789.5075
1676307360000,21496.1,21504.2,21483.8,21502.5,154.208,3314477.5954
1676307420000,21502.5,21502.6,21485.4,21490.8,59.231,1272917.2241
1676307480000,21490.8,21509.1,21490.8,21492.6,147.106,3163204.4561
1676307540000,21492.6,21511.1,21487.1,21507.2,80.566,1732239.0964
1676307600000,21507.2,21513.5,21494.1,21513.4,90.892,1954375.8389
1676307660000,21513.4,21513.5,21500,21503.3,36.162,777713.251
1676307720000,21503.3,21535.5,21503.3,21535.5,123.383,2655303.907
1676307780000,21535.5,21535.5,21522.2,21533.7,52.934,1139602.4769
1676307840000,21533.7,21544,21525,21525.1,50.756,1093012.6621
1676307900000,21525.1,21532,21509.6,21509.6,36.801,792088.4892
1676307960000,21509.6,21510,21496.5,21504.2,64.139,1379110.5653
1676308020000,21504.2,21509.7,21495.6,21506.5,48.926,1052006.8533
1676308080000,21506.5,21537.3,21506.5,21537.3,75.575,1626795.22
1676308140000,21537.3,21537.4,21525.1,21525.1,23.735,510985.5432
1676308200000,21525.1,21535,21515.3,21517.8,56.889,1224644.4605
1676308260000,21517.8,21517.9,21504.5,21506.5,43.986,946111.4865
1676308320000,21506.5,21512.3,21500.7,21505.7,41.934,901877.3956
1676308380000,21505.7,21506.2,21493.2,21495.3,46.017,989411.3628
1676308440000,21495.3,21504.6,21488.4,21494.4,58.302,1253198.3499
1676308500000,21494.4,21512.5,21492.3,21507.4,49.521,1064867.4563
1676308560000,21507.4,21512,21483.8,21486.5,47.666,1024476.0072
1676308620000,21486.5,21492.9,21471.4,21484.3,175.734,3774715.7062
1676308680000,21484.3,21528,21480.1,21528,86.404,1858638.4592
1676308740000,21528,21532.3,21510.7,21516.4,60.379,1299755.407
1676308800000,21516.4,21518.9,21492.9,21496.8,33.218,714535.3225
1676308860000,21496.8,21507.5,21493.1,21503.1,110.333,2372214.1537
1676308920000,21503.1,21507.3,21485,21507.3,51.716,1111549.5511
1676308980000,21507.3,21516,21493,21495.9,38.995,838674.5934
1676309040000,21495.9,21496.8,21472.5,21472.5,70.785,1520725.8616
1676309100000,21472.5,21480,21464.5,21479.9,114.369,2455608.2434
1676309160000,21479.9,21491.3,21478.3,21478.4,115.747,2486600.5592
1676309220000,21478.4,21488.6,21470.3,21470.4,139.528,2997596.7541
1676309280000,21470.4,21483.3,21460.4,21468.7,116.529,2501899.4137
1676309340000,21468.7,21475,21452.6,21474.9,120.497,2585958.9947
1676309400000,21474.9,21485.6,21472.4,21472.5,132.064,2836566.7308
1676309460000,21472.5,21507.1,21470,21501.4,139.277,2993743.7227
1676309520000,21501.4,21510.1,21484.9,21507.1,111.534,2398124.1597
1676309580000,21507.1,21513.5,21503,21503.1,28.919,621986.3526
1676309640000,21503.1,21510,21500.5,21510,45.506,978664.5555
1676309700000,21510,21515,21500.1,21500.1,72.54,1560200.3526
1676309760000,21500.1,21500.1,21486.5,21496.8,58.912,1266397.9926
1676309820000,21496.8,21498,21485.3,21485.3,23.471,504483.4493
1676309880000,21485.3,21490,21477,21483.7,62.942,1352336.2078
1676309940000,21483.7,21483.7,21475.2,21480.1,22.859,490977.4255
1676310000000,21480.1,21480.1,21466.5,21469.2,83.821,1800160.8543
1676310060000,21469.2,21473.5,21421.4,21454.7,442.621,9489363.3905
1676310120000,21454.7,21468.1,21435,21454.5,400.304,8586308.185
1676310180000,21454.5,21454.5,21422.7,21422.9,138.144,2960912.4849
1676310240000,21422.9,21462.7,21422.8,21454.6,107.259,2300557.4981
1676310300000,21454.6,21465.2,21438.5,21438.5,112.007,2402923.9039
1676310360000,21438.5,21487.3,21435.1,21484,87.851,1885961.7835
1676310420000,21484,21508.9,21483.5,21498.5,125.539,2698495.137
1676310480000,21498.5,21506.9,21482.4,21488.4,73.981,1590707.8488
1676310540000,21488.4,21497.6,21485.4,21493.2,34.744,746716.658
1676310600000,21493.2,21493.5,21477.4,21484.1,46.643,1002259.4795
1676310660000,21484.1,21484.1,21458.3,21458.3,49.436,1061376.7454
1676310720000,21458.3,21467,21432.9,21433,86.045,1845441.1675
1676310780000,21433,21455,21402.8,21447,546.642,11711103.0241
1676310840000,21447,21461,21446.1,21450.3,73.917,1585725.3613
1676310900000,21450.3,21450.3,21418.6,21418.6,98.418,2109072.9515
1676310960000,21418.6,21435.2,21327.5,21430.3,2334.312,49884192.6902
1676311020000,21430.3,21450.8,21425.7,21445.5,412.621,8846719.2761
1676311080000,21445.5,21453.3,21431.7,21450,112.076,2403140.7104
1676311140000,21450,21466.6,21435.8,21456.6,172.643,3703550.4978
1676311200000,21456.6,21478.8,21449,21475.4,287.08,6162138.641
1676311260000,21475.4,21504,21474.3,21504,192.441,4135533.267
1676311320000,21504,21521.9,21500.7,21513.1,286.516,6163187.7393
1676311380000,21513.1,21518.9,21501.5,21513.5,121.496,2613632.9669
1676311440000,21513.5,21515,21501.8,21514.9,74.745,1607640.6216
1676311500000,21514.9,21522.8,21502.3,21506.9,132.099,2841444.4299
1676311560000,21506.9,21522.5,21505.7,21515.5,142.752,3071341.4932
1676311620000,21515.5,21535,21515.4,21522.4,110.259,2373560.2095
1676311680000,21522.4,21535,21522.3,21524.7,118.183,2544043.8763
1676311740000,21524.7,21527.5,21515,21519.9,33.352,717720.964
1676311800000,21519.9,21531,21515.1,21529.6,69.328,1491929.4571
1676311860000,21529.6,21546.7,21529.5,21540.9,170.677,3676443.7334
1676311920000,21540.9,21559,21529,21529.5,298.441,6431990.1019
1676311980000,21529.5,21553,21529.5,21544.8,76.395,1645724.1074
1676312040000,21544.8,21554.1,21538.4,21549.3,53.45,1151718.7134
1676312100000,21549.3,21553.7,21545.5,21552.9,85.639,1845464.9114
1676312160000,21552.9,21554.1,21548.7,21552.7,35.895,773632.3396
1676312220000,21552.7,21569.6,21552.6,21559.9,125.419,2704303.2495
1676312280000,21559.9,21563.2,21550.8,21558.4,97.733,2106964.5101
1676312340000,21558.4,21560.2,21541.6,21541.8,47.759,1029229.9465
1676312400000,21541.8,21541.8,21531,21540.8,137.224,2955288.8642
1676312460000,21540.8,21546.8,21534.2,21546.7,36.972,796384.69
1676312520000,21546.7,21551.3,21544.3,21544.3,35.404,762922.5694
1676312580000,21544.3,21558.3,21544.3,21551,26.065,561769.8831
1676312640000,21551,21554,21544.1,21547.2,12.478,268914.4234
1676312700000,21547.2,21568.2,21547.2,21564.8,68.494,1476678.2558
1676312760000,21564.8,21574.6,21564.8,21570.2,415.788,8968800.1302
1676312820000,21570.2,21579.2,21568.2,21579.2,71.184,1535699.8934
1676312880000,21579.2,21588.5,21579,21579.3,178.043,3842522.8586
1676312940000,21579.3,21588.7,21579.2,21584.9,112.144,2420438.8215
1676313000000,21584.9,21598.5,21584.9,21597.8,151.345,3268052.288
1676313060000,21597.8,21605.8,21578.5,21603.7,236.677,5110779.2112
1676313120000,21603.7,21623.9,21603.7,21618.8,249.953,5402831.1169
1676313180000,21618.8,21645,21615.3,21630.9,322.179,6969727.8048
1676313240000,21630.9,21635,21623.4,21627.8,84.294,1823316.8701
1676313300000,21627.8,21632,21610.1,21610.1,160.401,3467691.3525
1676313360000,21610.1,21611,21604.5,21609.1,85.778,1853495.7785
1676313420000,21609.1,21609.2,21588.9,21597.3,71.407,1542382.2035
1676313480000,21597.3,21603.9,21590,21598,60.28,1301995.6053
1676313540000,21598,21600,21589,21592.5,50.132,1082634.5966
1676313600000,21592.5,21608.6,21592.5,21608,56.371,1217761.0784
1676313660000,21608,21617.2,21602.1,21615.1,36.564,790143.041
1676313720000,21615.1,21622.8,21614.5,21620.1,27.712,599126.5741
1676313780000,21620.1,21620.1,21605,21612.7,32.019,692031.5355
1676313840000,21612.7,21616.3,21602.1,21602.1,31.035,670541.9122
1676313900000,21602.1,21605,21597.6,21604.9,31.414,678634.8759
1676313960000,21604.9,21622.8,21604.9,21617.6,37.428,809041.8856
1676314020000,21617.6,21630,21617.6,21625,33.641,727515.7868
1676314080000,21625,21629.8,21624.2,21627.8,85.582,1850868.483
1676314140000,21627.8,21627.9,21620,21623.3,28.953,626103.4872
1676314200000,21623.3,21638.9,21623.3,21638.9,70.697,1529233.7816
1676314260000,21638.9,21672,21638.9,21666.5,312.818,6774719.3901
1676314320000,21666.5,21673,21650.7,21651.6,146.6,3176171.7142
1676314380000,21651.6,21669.4,21651.6,21659.6,89.693,1942731.6186
1676314440000,21659.6,21660,21650.8,21658.9,53.477,1158127.1938
1676314500000,21658.9,21658.9,21642.8,21645.6,89.876,1945721.8368
1676314560000,21645.6,21650,21638,21649,65.13,1409794.6635
1676314620000,21649,21649,21634.8,21647.9,63.397,1371949.2815
1676314680000,21647.9,21650,21631.4,21634.6,93.121,2015186.2023
1676314740000,21634.6,21637.1,21630.7,21635.2,60.845,1316246.4254
1676314800000,21635.2,21641.9,21627,21630,171.758,3715537.5163
1676314860000,21630,21644.8,21628.6,21641.8,55.569,1202320.2836
1676314920000,21641.8,21649.4,21637.5,21640.7,23.531,509344.7642
1676314980000,21640.7,21646.8,21637.1,21642.8,17.306,374525.7294
1676315040000,21642.8,21650,21642.8,21649.9,48.058,1040363.8707
1676315100000,21649.9,21652,21646,21646.1,18.374,397797.1241
1676315160000,21646.1,21649,21636.4,21648.9,40.969,886609.8706
1676315220000,21648.9,21649.7,21630,21630,40.406,874410.6168
1676315280000,21630,21635,21630,21635,10.929,236421.2631
1676315340000,21635,21635,21627.8,21629.7,23.717,513003.6518
1676315400000,21629.7,21632.4,21625.1,21627.2,30.878,667847.8364
1676315460000,21627.2,21627.3,21615,21615,46.868,1013361.7044
1676315520000,21615,21624,21615,21615.8,138.062,2985136.9233
1676315580000,21615.8,21615.8,21608,21610,90.362,1952723.6557
1676315640000,21610,21610,21606.1,21609.7,34.004,734773.891
1676315700000,21609.7,21616.4,21609.3,21613.4,92.305,1994739.4683
1676315760000,21613.4,21621.4,21613.4,21620.9,60.444,1306755.5834
1676315820000,21620.9,21623.9,21620.8,21623.9,26.226,567077.5691
1676315880000,21623.9,21623.9,21620,21620,31.023,670819.9747
1676315940000,21620,21624.7,21620,21622.4,18,389229.9875
1676316000000,21622.4,21638,21622.4,21638,41.158,890310.6726
1676316060000,21638,21640,21632.5,21639.6,27.486,594711.7646
1676316120000,21639.6,21639.6,21635.2,21639.5,23.605,510757.3481
1676316180000,21639.5,21639.5,21635.1,21635.1,13.576,293759.8531
1676316240000,21635.1,21635.2,21635,21635.1,11.014,238288.6086
1676316300000,21635.1,21640,21632,21639.9,24.9,538687.9548
1676316360000,21639.9,21640,21626.4,21627.8,27.039,584918.29
1676316420000,21627.8,21634,21621.5,21625.6,45.439,982722.2974
1676316480000,21625.6,21634,21620,21620.1,18.872,408133.6297
1676316540000,21620.1,21622.4,21608.2,21608.2,25.123,543064.5272
1676316600000,21608.2,21615.2,21608.2,21608.2,20.27,438050.2368
1676316660000,21608.2,21609.6,21600,21604.4,186.205,4022983.3418
1676316720000,21604.4,21611.6,21600,21600,24.737,534386.1119
1676316780000,21600,21605,21592,21592,36.537,789075.8911
1676316840000,21592,21592.1,21580.3,21584.4,94.994,2050648.3818
1676316900000,21584.4,21597.5,21584.3,21597.3,36.062,778486.4498
1676316960000,21597.3,21597.3,21590,21590.1,17.748,383235.7218
1676317020000,21590.1,21594.1,21571.4,21571.4,107.37,2316759.8786
1676317080000,21571.4,21573.7,21552.7,21554.5,163.948,3535608.5137
1676317140000,21554.5,21560.6,21543,21551.3,141.769,3055044.8925
1676317200000,21551.3,21555.7,21536.7,21536.7,75.033,1616691.6814
1676317260000,21536.7,21549,21534.5,21544.2,204.107,4396819.7341
1676317320000,21544.2,21547,21533,21533.1,40.784,878495.7425
1676317380000,21533.1,21547.2,21533,21544.3,44.258,953212.087
1676317440000,21544.3,21553.5,21541,21552.9,31.793,685013.2384
1676317500000,21552.9,21562.8,21552.9,21558,63.367,1366163.4049
1676317560000,21558,21560.5,21555,21555,43.403,935701.0312
1676317620000,21555,21555.1,21546.5,21546.5,72.958,1572231.711
1676317680000,21546.5,21560.5,21540,21560.5,43.627,940228.8712
1676317740000,21560.5,21564.6,21552.1,21560,27.161,585550.9055
1676317800000,21560,21564.8,21557.3,21564.3,32.654,704106.9534
1676317860000,21564.3,21591.4,21564.3,21591.4,145.789,3145788.5359
1676317920000,21591.4,21591.4,21573.5,21573.6,64.852,1399782.809
1676317980000,21573.6,21583.9,21573.5,21581.7,23.481,506689.2853
1676318040000,21581.7,21582.4,21575.4,21575.4,14.617,315422.7213
1676318100000,21575.4,21607,21575.4,21601.8,170.326,3678892.6438
1676318160000,21601.8,21601.8,21592.1,21592.3,65.558,1415792.2182
1676318220000,21592.3,21593.2,21585.2,21592.5,94.2,2033897.4244
1676318280000,21592.5,21614.8,21592.4,21595.3,103.275,2231305.3445
1676318340000,21595.3,21610,21595.2,21607.2,90.98,1965472.1418
1676318400000,21607.2,21609.8,21593.8,21594,15.111,326453.748
1676318460000,21594,21594.1,21577.5,21580.9,111.294,2402054.2861
1676318520000,21580.9,21587.9,21565.9,21568.7,51.181,1103978.0666
1676318580000,21568.7,21573,21565.9,21572,30.831,665060.3451
1676318640000,21572,21572,21559.7,21560,55.375,1194121.4046
1676318700000,21560,21572.6,21560,21569.1,98.756,2130086.8824
1676318760000,21569.1,21605,21568.8,21604.9,64.954,1402238.7013
1676318820000,21604.9,21627,21604.9,21624.2,90.698,1960861.8439
1676318880000,21624.2,21625.8,21608,21608.1,45.081,974656.2263
1676318940000,21608.1,21625,21608,21618.6,32.504,702733.2055
1676319000000,21618.6,21622,21613.8,21620.3,22.646,489509.7616
1676319060000,21620.3,21632.5,21620,21630.2,49.58,1072352.5666
1676319120000,21630.2,21630.3,21623,21623.7,31.38,678709.1153
1676319180000,21623.7,21625.7,21618,21618,27.985,605091.8005
1676319240000,21618,21633.3,21615.7,21625.7,77.225,1670270.1297
1676319300000,21625.7,21631.6,21625,21625.1,28.747,621807.2115
1676319360000,21625.1,21626.7,21622.5,21625,36.875,797377.7983
1676319420000,21625,21627.3,21620.1,21620.2,17.011,367815.2539
1676319480000,21620.2,21621.6,21611.5,21611.5,32.505,702680.0159
1676319540000,21611.5,21613.8,21610.3,21613.7,11.046,238733.2875
1676319600000,21613.7,21613.8,21608,21613.7,21.907,473455.1355
1676319660000,21613.7,21630.5,21613.7,21619.1,21.243,459383.4147
1676319720000,21619.1,21619.2,21611.3,21611.3,14.803,319939.8037
1676319780000,21611.3,21611.4,21610,21610,26.839,579991.8897
1676319840000,21610,21610.1,21609,21609.1,25.801,557557.0375
1676319900000,21609.1,21623.6,21606.7,21618.6,65.486,1415258.4513
1676319960000,21618.6,21623.4,21607.8,21623.4,14.813,320166.2101
1676320020000,21623.4,21629.6,21623.4,21625.2,25.482,551087.5605
1676320080000,21625.2,21635,21625.2,21627.8,15.787,341506.7866
1676320140000,21627.8,21642.4,21627.8,21642.4,35.979,778519.9974
1676320200000,21642.4,21661.1,21642.3,21652.3,242.047,5241556.4818
1676320260000,21652.3,21664.9,21652.2,21664.9,83.772,1814535.1323
1676320320000,21664.9,21664.9,21658.9,21658.9,65.051,1409162.768
1676320380000,21658.9,21661.8,21650.2,21651.7,38.564,835251.8736
1676320440000,21651.7,21653.8,21645,21647.9,17.609,381216.9944
1676320500000,21647.9,21650,21644,21644,38.243,827849.1766
1676320560000,21644,21645.4,21635.1,21637.6,34.883,754856.01
1676320620000,21637.6,21647,21637.6,21643.2,11.535,249650.5469
1676320680000,21643.2,21643.5,21643.1,21643.2,20.396,441434.423
1676320740000,21643.2,21656.4,21643.2,21654.1,44.338,959967.4127
1676320800000,21654.1,21655.9,21650.5,21655.8,9.446,204552.6196
1676320860000,21655.8,21667.5,21655.8,21667.4,36.659,794182.0099
1676320920000,21667.4,21667.5,21653,21653.1,36.553,791778.8675
1676320980000,21653.1,21661.1,21650.2,21661,15.851,343260.5912
1676321040000,21661,21667.5,21650,21650.9,40.42,875346.0886
1676321100000,21650.9,21652.5,21640.4,21640.4,15.389,333173.0783
1676321160000,21640.4,21642,21625,21630.7,35.565,769399.5229
1676321220000,21630.7,21641.5,21630.7,21641.4,36.448,788565.548
1676321280000,21641.4,21649.5,21634.7,21639.1,18.895,408929.6279
1676321340000,21639.1,21646.7,21636.8,21636.8,16.425,355500.9236
1676321400000,21636.8,21637.4,21626.3,21632.4,52.199,1129163.0445
1676321460000,21632.4,21634.4,21627.5,21632.1,71.257,1541273.9321
1676321520000,21632.1,21633,21626.5,21632.7,36.576,791102.6159
1676321580000,21632.7,21632.7,21628.9,21631.9,19.37,418960.7738
1676321640000,21631.9,21638,21631.9,21637.8,8.07,174593.8192
1676321700000,21637.8,21644.7,21637.8,21644.5,36.949,799701.9438
1676321760000,21644.5,21649.7,21642.3,21642.4,35.204,762069.5796
1676321820000,21642.4,21644.5,21639.8,21639.9,6.092,131848.8434
1676321880000,21639.9,21639.9,21625.3,21628.5,17.821,385459.1436
1676321940000,21628.5,21657,21628.5,21657,37.104,803127.5297
1676322000000,21657,21672,21656.9,21660,69.53,1506377.5609
1676322060000,21660,21660.1,21651.5,21651.5,33.476,724867.4854
1676322120000,21651.5,21651.6,21642.7,21642.7,28.761,622662.3073
1676322180000,21642.7,21642.8,21633.4,21637.5,45.567,986020.4967
1676322240000,21637.5,21641.3,21632.5,21632.5,29.19,631598.0102
1676322300000,21632.5,21639.1,21632.5,21634.6,25.732,556703.2936
1676322360000,21634.6,21638,21633.9,21634.7,18.407,398243.2182
1676322420000,21634.7,21634.7,21634.4,21634.4,8.956,193758.5687
1676322480000,21634.4,21636,21634.4,21634.5,12.606,272734.7218
1676322540000,21634.5,21640,21634.4,21637.6,19.424,420237.3234
1676322600000,21637.6,21637.6,21629.1,21633.3,19.792,428209.9873
1676322660000,21633.3,21633.3,21619.4,21621.1,37.734,815959.0295
1676322720000,21621.1,21621.1,21616.6,21618.5,24.876,537794.5737
1676322780000,21618.5,21623.3,21618.4,21623.3,112.461,2431561.0169
1676322840000,21623.3,21623.3,21609.8,21614.7,61.679,1333163.0549
1676322900000,21614.7,21614.8,21609.8,21609.9,39.652,856985.2433
1676322960000,21609.9,21615.2,21609.9,21610.7,28.286,611347.8209
1676323020000,21610.7,21610.7,21609,21609.1,9.782,211381.0333
1676323080000,21609.1,21611.2,21609,21611.2,18.125,391672.7347
1676323140000,21611.2,21611.2,21611.1,21611.2,20.345,439678.9673
1676323200000,21611.2,21614.5,21611.2,21614.5,14.873,321461.4275
1676323260000,21614.5,21614.5,21609.6,21611,20.611,445425.4177
1676323320000,21611,21611.5,21607,21610.9,24.815,536222.1006
1676323380000,21610.9,21610.9,21587.1,21591,88.163,1904045.4503
1676323440000,21591,21603,21589.4,21602.6,103.344,2231955.1048
1676323500000,21602.6,21610.7,21599.8,21610.6,8.795,190028.4072
1676323560000,21610.6,21613,21610.6,21613,14.429,311837.6941
1676323620000,21613,21617.1,21612.9,21617.1,14.452,312372.3915
1676323680000,21617.1,21617.1,21615.5,21615.7,5.172,111795.8597
1676323740000,21615.7,21617.3,21615.7,21616,6.997,151251.2583
1676323800000,21616,21618,21615.9,21618,8.3,179418.4081
1676323860000,21618,21619.3,21603.3,21605.6,41.009,886442.7141
1676323920000,21605.6,21605.6,21592,21598.4,16.056,346788.0998
1676323980000,21598.4,21599.4,21598.2,21599.2,5.134,110890.3829
1676324040000,21599.2,21603.6,21599.2,21603.6,6.569,141903.1457
1676324100000,21603.6,21607,21603.6,21605.1,15.284,330213.9584
1676324160000,21605.1,21605.1,21597.5,21598.9,51.733,1117411.3195
1676324220000,21598.9,21598.9,21591,21598.3,24.682,533053.1646
1676324280000,21598.3,21598.7,21594,21594.1,7.2,155496.5004
1676324340000,21594.1,21598.5,21594,21598.4,7.777,167944.945
1676324400000,21598.4,21598.5,21593.9,21594,18.605,401814.7025
1676324460000,21594,21594,21591.3,21591.3,5.595,120805.56
1676324520000,21591.3,21595.4,21591.3,21595.3,21.53,464879.5576
1676324580000,21595.3,21598.8,21595.3,21598.8,8.053,173921.8812
1676324640000,21598.8,21598.8,21591.2,21591.3,20.692,446827.1486
1676324700000,21591.3,21601.8,21590,21601.8,30.398,656456.6264
1676324760000,21601.8,21604.1,21592.8,21592.8,9.309,201068.2735
1676324820000,21592.8,21592.8,21582,21582.1,61.786,1333673.8701
1676324880000,21582.1,21584.1,21580,21580.1,19.787,427019.6271
1676324940000,21580.1,21586.5,21580,21584.1,18.45,398238.118
1676325000000,21584.1,21588.9,21581.1,21588.9,14.991,323588.8958
1676325060000,21588.9,21588.9,21583.5,21586.3,8.783,189598.1124
1676325120000,21586.3,21596.5,21586.3,21596.5,22.89,494290.9393
1676325180000,21596.5,21603.8,21596.5,21602.4,13.399,289422.4357
1676325240000,21602.4,21614.7,21602.3,21614.6,39.085,844736.6437
1676325300000,21614.6,21615.3,21614.6,21615.1,12.141,262428.4579
1676325360000,21615.1,21615.1,21610.2,21610.4,20.543,444011.3717
1676325420000,21610.4,21611.8,21607.8,21608.6,10.802,233417.4431
1676325480000,21608.6,21608.8,21606.2,21606.2,7.669,165714.4097
1676325540000,21606.2,21606.3,21606.2,21606.2,19.916,430309.4897
1676325600000,21606.2,21610,21606.2,21610,17.061,368642.6696
1676325660000,21610,21610,21609.9,21610,6.62,143057.8322
1676325720000,21610,21610,21607.3,21607.4,18.223,393795.2678
1676325780000,21607.4,21607.4,21607.3,21607.4,3.181,68733.0223
1676325840000,21607.4,21615.1,21607.3,21615.1,32.912,711230.8151
1676325900000,21615.1,21618.1,21615,21618.1,12.325,266416.4541
1676325960000,21618.1,21620.4,21618.1,21620.4,16.801,363236.365
1676326020000,21620.4,21623,21620.4,21622.6,10.602,229243.2177
1676326080000,21622.6,21622.7,21609.6,21609.6,35.365,764323.6677
1676326140000,21609.6,21609.7,21609.6,21609.6,2.705,58454.1202
1676326200000,21609.6,21609.7,21609.6,21609.7,13.637,294691.3639
1676326260000,21609.7,21609.7,21609.6,21609.7,2.152,46504.0333
1676326320000,21609.7,21609.7,21609.6,21609.7,25.701,555390.0819
1676326380000,21609.7,21609.7,21609.6,21609.7,13.12,283518.4141
1676326440000,21609.7,21609.7,21604,21604,35.854,774705.5496
1676326500000,21604,21604.1,21600,21600.1,20.945,452474.0631
1676326560000,21600.1,21603.6,21596.5,21603.6,20.525,443284.299
1676326620000,21603.6,21603.7,21603.5,21603.6,9.738,210375.8832
1676326680000,21603.6,21603.6,21600,21600.1,12.348,266721.6051
1676326740000,21600.1,21600.1,21598.1,21600.1,28.301,611301.9254
1676326800000,21600.1,21600.1,21599.5,21599.5,12.594,272026.3321
1676326860000,21599.5,21599.6,21599.5,21599.5,1.933,41751.9814
1676326920000,21599.5,21599.6,21599.5,21599.5,14.594,315224.0548
1676326980000,21599.5,21599.6,21589.1,21592.9,63.273,1366303.1799
1676327040000,21592.9,21592.9,21592.8,21592.9,2.476,53463.9508
1676327100000,21592.9,21596.3,21592.9,21596.3,19.613,423551.96
1676327160000,21596.3,21611,21596.2,21605.2,59.683,1289420.8709
1676327220000,21605.2,21605.3,21597.1,21597.1,24.505,529345.3553
1676327280000,21597.1,21598,21596.2,21598,1.921,41486.4901
1676327340000,21598,21605.7,21598,21602.8,40.445,873740.4864
1676327400000,21602.8,21604.6,21602.7,21604.6,10.156,219405.2744
1676327460000,21604.6,21611.5,21604.5,21610,23.617,510290.8111
1676327520000,21610,21614.3,21609.9,21614.3,23.65,511106.8245
1676327580000,21614.3,21614.6,21614.2,21614.2,30.739,664407.7254
1676327640000,21614.2,21619.5,21609.5,21619.5,31.975,691105.1244
1676327700000,21619.5,21649.6,21619.4,21647.6,224.274,4850827.6399
1676327760000,21647.6,21647.6,21626.8,21630.7,74.281,1607092.2408
1676327820000,21630.7,21634,21628.5,21629.8,24.497,529903.2526
1676327880000,21629.8,21639.9,21629.8,21639.8,18.31,396176.8009
1676327940000,21639.8,21639.8,21639.1,21639.1,6.003,129903.4871
1676328000000,21639.1,21639.2,21637.2,21637.2,13.076,282948.9482
1676328060000,21637.2,21637.3,21624.5,21632.9,137.85,2982036.2707
1676328120000,21632.9,21638.9,21632.9,21638.9,25.694,555844.7438
1676328180000,21638.9,21639,21638.9,21639,10.132,219245.7557
1676328240000,21639,21639,21638.8,21638.9,8.964,193970.9695
1676328300000,21638.9,21639.2,21638.9,21639.2,4.383,94844.2105
1676328360000,21639.2,21639.2,21639.1,21639.2,14.314,309743.4459
1676328420000,21639.2,21639.2,21639.1,21639.2,5.913,127952.5046
1676328480000,21639.2,21661.8,21639.1,21657.9,127.079,2751607.0418
1676328540000,21657.9,21670.1,21657.9,21664.9,80.118,1735823.2165
1676328600000,21664.9,21664.9,21652.2,21655.9,54.127,1172322.807
1676328660000,21655.9,21658,21651.3,21651.3,43.048,932144.7996
1676328720000,21651.3,21653.4,21651.3,21653.3,21.101,456900.5708
1676328780000,21653.3,21653.3,21648.7,21648.7,42.684,924097.5223
1676328840000,21648.7,21648.7,21642.5,21648.3,22.836,494281.253
1676328900000,21648.3,21653,21641.1,21641.1,28.574,618545.4444
1676328960000,21641.1,21643.4,21635.2,21639.7,32.564,704663.6793
1676329020000,21639.7,21639.7,21635.2,21637.4,12.028,260271.6846
1676329080000,21637.4,21637.5,21629.3,21629.3,33.392,722338.8856
1676329140000,21629.3,21635.3,21629.3,21630.3,49.988,1081372.8531
1676329200000,21630.3,21632.1,21629.7,21629.8,14.101,305016.2156
1676329260000,21629.8,21634.3,21629.4,21629.4,13.117,283739.2776
1676329320000,21629.4,21643.9,21629.4,21643.6,72.348,1565264.2272
1676329380000,21643.6,21644.9,21638.5,21643,51.491,1114422.4851
1676329440000,21643,21651.4,21641.5,21649.6,35.589,770349.4978
1676329500000,21649.6,21653.7,21649.6,21653.7,23.208,502489.567
1676329560000,21653.7,21653.7,21644.4,21646,38.376,830838.821
1676329620000,21646,21652,21637.8,21637.8,44.236,957570.1778
1676329680000,21637.8,21637.9,21630,21633,24.757,535584.45
1676329740000,21633,21637.9,21633,21637.9,27.585,596784.6926
1676329800000,21637.9,21648.4,21637.8,21644,82.064,1776246.5608
1676329860000,21644,21660,21642.8,21659.9,40.015,866369.354
1676329920000,21659.9,21669.9,21659.9,21669.4,52.382,1134992.9011
1676329980000,21669.4,21760,21668.4,21688.3,2104.328,45698585.3797
1676330040000,21688.3,21714.3,21688.3,21698.9,262.073,5688400.0259
1676330100000,21698.9,21713.5,21693.2,21709.1,191.913,4165436.0818
1676330160000,21709.1,21773.1,21709.1,21767.8,651.492,14169930.4068
1676330220000,21767.8,21777.8,21718.2,21730.2,573.213,12466082.0606
1676330280000,21730.2,21734.1,21719.1,21720.2,234.389,5092398.1267
1676330340000,21720.2,21746.8,21720.1,21744.1,139.561,3033399.9816
1676330400000,21744.1,21749,21736.5,21736.6,178.056,3871642.3271
1676330460000,21736.6,21739,21732.6,21734.1,72.836,1583149.9102
1676330520000,21734.1,21753.4,21731.1,21747,111.528,2425109.9082
1676330580000,21747,21749.1,21739.7,21746.1,66.457,1445149.9578
1676330640000,21746.1,21779.4,21745.1,21770.6,500.354,10888304.7722
1676330700000,21770.6,21791,21764.5,21764.6,405.674,8836525.5226
1676330760000,21764.6,21779.3,21754.7,21779.2,72.554,1579066.6822
1676330820000,21779.2,21787.7,21776.3,21778.3,88.704,1932142.7146
1676330880000,21778.3,21791,21775.1,21789.7,117.429,2557825.2517
1676330940000,21789.7,21824,21789.7,21806,844.407,18414359.1085
1676331000000,21806,21829.9,21788.3,21788.3,310.989,6783919.4673
1676331060000,21788.3,21836.2,21787,21827.3,433.263,9450920.1381
1676331120000,21827.3,21835.2,21803.7,21812,128.955,2813446.1051
1676331180000,21812,21818,21803.9,21812.9,111.253,2426602.1885
1676331240000,21812.9,21828.4,21812.9,21818.4,93.457,2039358.4104
1676331300000,21818.4,21818.8,21812,21812,44.195,964137.1729
1676331360000,21812,21843,21810.8,21830.6,254.253,5549086.7284
1676331420000,21830.6,21830.7,21807,21807,78.144,1705080.6632
1676331480000,21807,21810,21791.1,21791.1,210.737,4594053.0258
1676331540000,21791.1,21798,21780.1,21791.1,254.883,5554071.9495
1676331600000,21791.1,21800,21789.9,21794.7,66.059,1439686.7317
1676331660000,21794.7,21794.7,21789.4,21789.5,41.689,908464.6378
1676331720000,21789.5,21789.5,21783.3,21783.4,28.798,627439.0505
1676331780000,21783.4,21796.5,21783,21796.5,60.639,1321082.9747
1676331840000,21796.5,21805,21796.5,21799.5,53.819,1173291.3417
1676331900000,21799.5,21810,21790.2,21790.2,45.018,981327.4097
1676331960000,21790.2,21798.5,21783,21796.5,68.938,1502037.2132
1676332020000,21796.5,21798.4,21789.3,21792.8,30.285,660030.7771
1676332080000,21792.8,21792.9,21786.1,21787.2,15.852,345397.7337
1676332140000,21787.2,21790.9,21787.2,21790.8,13.778,300200.0868
1676332200000,21790.8,21790.9,21785.1,21789.6,65.489,1426971.7027
1676332260000,21789.6,21789.7,21784,21784,34.912,760688.5112
1676332320000,21784,21793.6,21784,21791.1,31.584,688187.5217
1676332380000,21791.1,21803.3,21791,21803.2,31.191,679837.1598
1676332440000,21803.2,21812.1,21801,21811.1,39.198,854753.9117
1676332500000,21811.1,21812.6,21795.6,21795.6,58.631,1278611.388
1676332560000,21795.6,21795.7,21785.8,21785.8,50.206,1093939.2026
1676332620000,21785.8,21788.1,21775,21777,75.574,1646237.0329
1676332680000,21777,21778.5,21767.9,21767.9,57.983,1262613.3256
1676332740000,21767.9,21769.8,21767,21768,46.929,1021530.8758
1676332800000,21768,21771,21767,21767.1,40.801,888195.5445
1676332860000,21767.1,21767.1,21759.5,21759.5,98.335,2140107.5967
1676332920000,21759.5,21770.4,21759,21770.4,93.11,2026311.7061
1676332980000,21770.4,21779.9,21760,21779.9,44.506,968978.8902
1676333040000,21779.9,21782.8,21777.6,21782.5,52.807,1150177.9927
1676333100000,21782.5,21783.7,21756.7,21756.7,65.666,1429496.8249
1676333160000,21756.7,21768.4,21754.8,21756.1,65.694,1429611.2696
1676333220000,21756.1,21756.2,21738.6,21749.2,321.499,6991560.9053
1676333280000,21749.2,21749.4,21743.3,21747.2,40.532,881407.0862
1676333340000,21747.2,21759.9,21741,21759.9,47.303,1028658.075
1676333400000,21759.9,21773.4,21759.9,21771.4,88.371,1923621.6512
1676333460000,21771.4,21771.5,21760,21763.6,19.668,428092.6782
1676333520000,21763.6,21763.7,21760.7,21760.7,15.449,336212.9432
1676333580000,21760.7,21765,21757.4,21757.4,28.028,609982.145
1676333640000,21757.4,21763.1,21757.4,21763.1,19.144,416563.5365
1676333700000,21763.1,21769,21763,21769,29.191,635368.3081
1676333760000,21769,21769,21757.5,21759.9,29.798,648471.6741
1676333820000,21759.9,21763.2,21759.9,21759.9,6.927,150737.8897
1676333880000,21759.9,21760,21729.9,21754.7,510.905,11109078.8853
1676333940000,21754.7,21761.5,21747.8,21761.4,70.575,1535128.7571
1676334000000,21761.4,21761.5,21749.2,21753.4,46.54,1012449.293
1676334060000,21753.4,21774.9,21753.4,21774.8,52.941,1152404.5685
1676334120000,21774.8,21783.6,21769.1,21780.8,46.614,1015117.7092
1676334180000,21780.8,21805.6,21780.7,21800.1,565.957,12334991.3162
1676334240000,21800.1,21810.8,21795.6,21805.3,260.103,5670265.7149
1676334300000,21805.3,21810.1,21796,21798.8,511.195,11145666.43
1676334360000,21798.8,21798.8,21787.8,21796,32.163,700926.8972
1676334420000,21796,21796.1,21779.8,21779.9,113.739,2477640.4658
1676334480000,21779.9,21780,21769.5,21769.5,343.644,7483017.0021
1676334540000,21769.5,21769.5,21748.6,21749.9,576.922,12550807.9901
1676334600000,21749.9,21752.3,21748,21752.2,35.594,774153.1859
1676334660000,21752.2,21752.3,21750.5,21750.6,35.176,765148.2202
1676334720000,21750.6,21754.4,21749.2,21754.4,44.564,969327.7572
1676334780000,21754.4,21764.9,21754.3,21761.3,70.087,1525120.492
1676334840000,21761.3,21765.3,21754.7,21758.8,112.721,2452707.2961
1676334900000,21758.8,21761.2,21758.8,21758.9,23.567,512814.5682
1676334960000,21758.9,21759.4,21749.2,21749.2,40.931,890483.2382
1676335020000,21749.2,21749.3,21740,21745,44.514,967895.7399
1676335080000,21745,21746.6,21740.1,21744,83.543,1816472.7475
1676335140000,21744,21744,21742.9,21743,27.758,603546.7338
1676335200000,21743,21746.7,21742.9,21746.7,26.447,575082.9098
1676335260000,21746.7,21748.6,21736.7,21737.2,60.505,1315579.3427
1676335320000,21737.2,21745.9,21737.2,21745.3,105.312,2289754.3153
1676335380000,21745.3,21755.9,21745.2,21755.8,31.592,687086.6754
1676335440000,21755.8,21760,21755.6,21757.9,33.482,728505.8033
1676335500000,21757.9,21765.9,21757.9,21760.1,26.506,576850.3978
1676335560000,21760.1,21760.1,21754,21756.3,65.465,1424259.959
1676335620000,21756.3,21756.3,21750,21750.1,22.03,479261.1235
1676335680000,21750.1,21750.1,21741,21741,14.658,318757.7141
1676335740000,21741,21741.1,21739.1,21739.2,15.732,342003.648
1676335800000,21739.2,21742.4,21739.1,21742.4,11.956,259917.1982
1676335860000,21742.4,21745.6,21740,21740,17.395,378226.1271
1676335920000,21740,21742.2,21738.1,21739.6,46.299,1006528.1502
1676335980000,21739.6,21739.6,21735.1,21735.4,17.339,376897.2351
1676336040000,21735.4,21735.5,21733,21733,55.541,1207094.9274
1676336100000,21733,21734.8,21731,21734.8,34.065,740321.3767
1676336160000,21734.8,21734.8,21723.4,21724.5,46.594,1012335.581
1676336220000,21724.5,21726.6,21724.4,21726.5,34.085,740487.1251
1676336280000,21726.5,21734.4,21726.5,21733.6,43.495,945170.3124
1676336340000,21733.6,21733.7,21726.4,21727.2,23.826,517725.7116
1676336400000,21727.2,21729,21725,21725.1,29.381,638390.5751
1676336460000,21725.1,21727,21720.2,21726.9,52.381,1137829.5767
1676336520000,21726.9,21730.5,21726.9,21730.4,39.036,848200.8554
1676336580000,21730.4,21732.3,21727.6,21729.9,29.777,647061.6026
1676336640000,21729.9,21743,21729.9,21743,56.175,1221059.9583
1676336700000,21743,21745.5,21738.7,21745.4,25.445,553231.7711
1676336760000,21745.4,21753,21736.2,21736.3,60.791,1321853.3584
1676336820000,21736.3,21736.3,21727,21727,30.978,673186.5939
1676336880000,21727,21727.1,21721.9,21721.9,14.548,316068.066
1676336940000,21721.9,21731.2,21720.1,21731.2,36.554,794071.8602
1676337000000,21731.2,21732.6,21731.1,21732.6,11.718,254647.8216
1676337060000,21732.6,21732.6,21725.9,21727.7,15.287,332183.863
1676337120000,21727.7,21736.4,21727.7,21736.4,9.605,208746.6758
1676337180000,21736.4,21739,21734,21734,8.089,175831.3533
1676337240000,21734,21735.5,21734,21734.4,6.457,140339.5866
1676337300000,21734.4,21735.5,21733.9,21734,10.119,219934.1824
1676337360000,21734,21739.8,21733.9,21736.1,14.065,305706.112
1676337420000,21736.1,21736.1,21726.1,21726.2,21.278,462395.1638
1676337480000,21726.2,21730.9,21726.2,21730.8,15.621,339418.4408
1676337540000,21730.8,21730.8,21711.5,21715.8,111.732,2426434.2577
1676337600000,21715.8,21715.8,21707.7,21707.7,49.157,1067261.7262
1676337660000,21707.7,21715,21702.1,21715,276.684,6006573.1407
1676337720000,21715,21715,21704,21705.1,99.636,2162714.9167
1676337780000,21705.1,21706,21705.1,21706,16.173,351048.348
1676337840000,21706,21706,21704,21704.8,31.214,677488.8212
1676337900000,21704.8,21705,21704.8,21704.9,12.847,278843.8046
1676337960000,21704.9,21706.3,21702.1,21702.1,25.829,560615.3422
1676338020000,21702.1,21702.2,21700,21700.1,47.468,1030097.725
1676338080000,21700.1,21702.1,21697.7,21697.8,34.934,758066.5555
1676338140000,21697.8,21697.8,21694.2,21696.4,57.127,1239445.1062
1676338200000,21696.4,21696.4,21690.1,21692.8,48.245,1046550.1451
1676338260000,21692.8,21692.8,21690,21690.1,29.232,634055.4976
1676338320000,21690.1,21690.1,21685,21687.1,43.624,946110.0683
1676338380000,21687.1,21687.1,21679,21679.1,66.919,1450945.2072
1676338440000,21679.1,21687.2,21679,21683.9,84.247,1826742.227
1676338500000,21683.9,21683.9,21678.1,21680.9,24.593,533192.067
1676338560000,21680.9,21697.2,21680.9,21697.2,54.416,1180197.6352
1676338620000,21697.2,21706,21697.1,21705.9,28.649,621689.4467
1676338680000,21705.9,21715,21705.9,21715,62.852,1364472.5232
1676338740000,21715,21715,21709.1,21715,35.733,775858.3579
1676338800000,21715,21717,21712,21714.1,51.47,1117639.0856
1676338860000,21714.1,21715.5,21705,21705.1,29.792,646809.9184
1676338920000,21705.1,21709.6,21701,21709.6,33.673,730848.4352
1676338980000,21709.6,21709.7,21701.1,21701.1,27.767,602726.58
1676339040000,21701.1,21704.5,21700.3,21704.4,12.807,277922.0256
1676339100000,21704.4,21704.5,21700.4,21700.5,6.495,140955.8446
1676339160000,21700.5,21700.5,21700.4,21700.5,4.907,106484.2333
1676339220000,21700.5,21700.5,21700.4,21700.5,6.376,138362.2754
1676339280000,21700.5,21700.5,21700.4,21700.5,10.053,218155.0276
1676339340000,21700.5,21702,21700.4,21702,12.766,277029.6565
1676339400000,21702,21702.1,21702,21702.1,3.556,77172.5752
1676339460000,21702.1,21703.7,21702,21703.6,5.936,128830.1436
1676339520000,21703.6,21703.7,21695,21697,30.78,667932.9294
1676339580000,21697,21700.8,21695,21695,18.322,397550.5837
1676339640000,21695,21695,21692,21692,4.356,94496.2345
1676339700000,21692,21692.1,21690.5,21690.5,7.872,170757.9429
1676339760000,21690.5,21694.9,21690.5,21694.9,7.613,165139.1114
1676339820000,21694.9,21694.9,21692.6,21692.7,9.933,215477.504
1676339880000,21692.7,21692.7,21692.6,21692.6,11.102,240831.6204
1676339940000,21692.6,21699.4,21692.6,21699.3,19.093,414234.7959
1676340000000,21699.3,21700.6,21695.1,21698.1,15.268,331289.5612
1676340060000,21698.1,21700.1,21698,21700.1,6.978,151421.2365
1676340120000,21700.1,21700.1,21695,21695.1,26.774,580975.837
1676340180000,21695.1,21695.1,21692.8,21692.8,15.005,325507.7801
1676340240000,21692.8,21692.9,21692.8,21692.9,1.432,31064.1493
1676340300000,21692.9,21692.9,21692.8,21692.9,8.477,183890.3668
1676340360000,21692.9,21696,21692.8,21695.9,13.527,293461.2089
1676340420000,21695.9,21700.4,21695.9,21700.3,14.189,307878.9691
1676340480000,21700.3,21700.8,21695.9,21696.9,10.223,221835.8364
1676340540000,21696.9,21713.1,21696.8,21712.4,29.688,644391.2445
1676340600000,21712.4,21715.6,21712.3,21715.3,25.599,555856.545
1676340660000,21715.3,21734.5,21715.3,21733.3,73.814,1603798.7727
1676340720000,21733.3,21734.4,21722.1,21731.7,51.696,1123195.5169
1676340780000,21731.7,21733.1,21724.5,21726.1,41.63,904540.7359
1676340840000,21726.1,21730.9,21718.5,21724,64.783,1407426.1834
1676340900000,21724,21729,21718.8,21728.9,32.976,716293.2371
1676340960000,21728.9,21730,21725.6,21730,9.806,213065.0147
1676341020000,21730,21730,21724.1,21727.9,10.103,219500.8535
1676341080000,21727.9,21729.7,21725.8,21725.8,5.274,114593.658
1676341140000,21725.8,21726.3,21723.7,21724.3,19.96,433628.6987
1676341200000,21724.3,21724.4,21722.1,21722.1,15.143,328949.9559
1676341260000,21722.1,21722.2,21722.1,21722.2,7.024,152576.3414
1676341320000,21722.2,21722.2,21718.1,21718.2,10.664,231622.8403
1676341380000,21718.2,21719.9,21715.1,21715.2,15.932,346008.6278
1676341440000,21715.2,21718.5,21715.1,21716.7,13.534,293898.9428
1676341500000,21716.7,21716.8,21715.1,21715.2,4.087,88754.6432
1676341560000,21715.2,21715.2,21710,21712.8,53.786,1167923.3908
1676341620000,21712.8,21713.3,21712.8,21713.3,5.158,111996.1603
1676341680000,21713.3,21713.3,21712.4,21713.3,4.044,87806.022
1676341740000,21713.3,21716.5,21713.3,21716.5,33.951,737237.1628
1676341800000,21716.5,21724.3,21714.6,21714.6,31.801,690739.8431
1676341860000,21714.6,21719.4,21714.6,21716.6,15.542,337521.7238
1676341920000,21716.6,21716.7,21707.8,21708,55.784,1211233.5759
1676341980000,21708,21708,21700,21703.5,38.564,836867.2392
1676342040000,21703.5,21707.8,21702,21707.8,12.807,277960.0787
1676342100000,21707.8,21711.5,21707.8,21709.1,6.913,150079.2722
1676342160000,21709.1,21709.8,21709.1,21709.8,14.493,314631.2544
1676342220000,21709.8,21709.8,21707,21707,3.304,71722.7552
1676342280000,21707,21713.3,21707,21711.6,19.547,424329.3718
1676342340000,21711.6,21722,21711.5,21722,10.488,227751.3713
1676342400000,21722,21730.8,21722,21730.1,22.518,489299.5384
1676342460000,21730.1,21730.1,21730,21730.1,11.626,252633.9106
1676342520000,21730.1,21731.3,21727.9,21731.3,8.01,174049.6094
1676342580000,21731.3,21731.3,21728,21728.1,54.293,1179696.0303
1676342640000,21728.1,21728.1,21724.5,21724.6,14.969,325209.7728
1676342700000,21724.6,21724.6,21723.1,21723.1,4.663,101298.9437
1676342760000,21723.1,21723.2,21723,21723.1,5.839,126841.0867
1676342820000,21723.1,21723.1,21720.1,21720.2,6.022,130810.2261
1676342880000,21720.2,21720.2,21715.1,21715.2,10.01,217394.8072
1676342940000,21715.2,21719.8,21715.1,21719.7,7.438,161523.0567
1676343000000,21719.7,21719.8,21716.4,21716.4,10.067,218630.8129
1676343060000,21716.4,21716.4,21710.1,21710.1,9.888,214688.1173
1676343120000,21710.1,21710.2,21705,21705,14.261,309589.1264
1676343180000,21705,21709,21705,21706.1,18.982,412024.4439
1676343240000,21706.1,21707.1,21704.8,21707.1,7.933,172189.2305
1676343300000,21707.1,21721.6,21707.1,21721.6,15.032,326356.3801
1676343360000,21721.6,21723.1,21720.1,21720.2,12.704,275953.1191
1676343420000,21720.2,21720.2,21713.6,21714.2,8.288,179993.8092
1676343480000,21714.2,21714.2,21708.1,21708.9,7.103,154203.4445
1676343540000,21708.9,21709,21708.9,21708.9,2.129,46218.3343
1676343600000,21708.9,21712.7,21708.9,21711.1,32.454,704575.5308
1676343660000,21711.1,21711.1,21706.1,21706.2,14.613,317211.7045
1676343720000,21706.2,21714.3,21706.1,21708.6,98.741,2143454.5126
1676343780000,21708.6,21708.7,21708.6,21708.6,2.415,52426.4064
1676343840000,21708.6,21723.5,21708.6,21723.4,28.176,611863.9157
1676343900000,21723.4,21738.2,21723.4,21738.2,43.224,939396.9245
1676343960000,21738.2,21738.2,21732.8,21737.9,26.23,570107.826
1676344020000,21737.9,21742.8,21735,21742.8,37.357,812125.2202
1676344080000,21742.8,21742.8,21740,21740.1,23.348,507619.9719
1676344140000,21740.1,21740.1,21735,21736.9,17.307,376192.3407
1676344200000,21736.9,21737,21734.6,21734.6,6.854,148976.489
1676344260000,21734.6,21734.7,21729.1,21734,12.544,272602.0406
1676344320000,21734,21735.9,21729.3,21729.4,16.15,350984.275
1676344380000,21729.4,21732.7,21729.3,21730.9,10.044,218260.7814
1676344440000,21730.9,21731,21730.9,21730.9,7.26,157766.5556
1676344500000,21730.9,21731,21726.5,21726.6,10.332,224500.5551
1676344560000,21726.6,21729.4,21726.6,21727.9,30.648,665950.6852
1676344620000,21727.9,21728,21723.6,21723.7,10.714,232777.6823
1676344680000,21723.7,21723.7,21722.5,21722.5,8.522,185121.7512
1676344740000,21722.5,21724.3,21722.5,21724.2,14.922,324159.0283
1676344800000,21724.2,21724.2,21722,21724.1,7.733,167981.0142
1676344860000,21724.1,21724.2,21716,21716,22.518,489134.2586
1676344920000,21716,21716,21707.8,21708,20.816,451919.3621
1676344980000,21708,21708,21701,21705.7,121.754,2642576.8963
1676345040000,21705.7,21705.7,21700.6,21700.7,37.758,819407.4474
1676345100000,21700.7,21700.7,21700.1,21700.6,14.098,305934.6673
1676345160000,21700.6,21701.1,21696.5,21698.2,44.694,969864.4691
1676345220000,21698.2,21698.2,21694,21696.4,13.285,288227.1006
1676345280000,21696.4,21696.5,21691.6,21694.5,22.641,491149.0855
1676345340000,21694.5,21694.5,21691.6,21691.7,14.009,303902.9407
1676345400000,21691.7,21691.7,21691.6,21691.7,7.752,168153.5381
1676345460000,21691.7,21692.6,21691.6,21692.5,24.806,538087.919
1676345520000,21692.5,21699,21692.5,21698.9,14.708,319113.3555
1676345580000,21698.9,21715.6,21698.9,21715.1,68.078,1477850.8552
1676345640000,21715.1,21715.5,21713.6,21713.7,12.712,276041.9834
1676345700000,21713.7,21713.7,21706.1,21709.4,5.617,121949.6433
1676345760000,21709.4,21709.7,21709.3,21709.6,23.928,519465.5184
1676345820000,21709.6,21711.1,21709.6,21711.1,19.306,419136.7088
1676345880000,21711.1,21711.1,21707,21707.5,13.737,298226.0319
1676345940000,21707.5,21707.5,21706,21706.1,3.116,67637.1409
1676346000000,21706.1,21706.1,21696.7,21696.7,15.59,338309.7345
1676346060000,21696.7,21696.8,21695.5,21695.8,7.885,171069.9406
1676346120000,21695.8,21696.3,21688,21696.2,46.825,1015654.2868
1676346180000,21696.2,21696.3,21685.2,21688.3,27.446,595294.2398
1676346240000,21688.3,21692,21688.3,21692,17.74,384776.8072
1676346300000,21692,21694.5,21692,21694.5,14.65,317805.55
1676346360000,21694.5,21697.9,21694.5,21696.2,11.547,250519.5271
1676346420000,21696.2,21696.2,21694,21694.1,11.786,255693.6399
1676346480000,21694.1,21694.8,21694,21694.7,11.677,253321.814
1676346540000,21694.7,21697,21694.7,21697,3.545,76911.0843
