timestamp,open,high,low,close,volume,turnover
2023-08-19 00:00:00,26039.0,26047.6,26032.8,26032.9,58.216,1515988.5705
2023-08-19 00:01:00,26032.9,26039.3,26017.7,26039.2,84.481,2198575.1386
2023-08-19 00:02:00,26039.2,26064.0,26039.2,26064.0,96.22,2506969.6231
2023-08-19 00:03:00,26064.0,26067.3,26041.0,26041.0,82.706,2155407.7617
2023-08-19 00:04:00,26041.0,26044.1,26033.9,26044.1,49.741,1295229.3945
2023-08-19 00:05:00,26044.1,26068.0,26044.1,26068.0,64.035,1668875.9598
2023-08-19 00:06:00,26068.0,26127.4,26067.4,26121.0,422.796,11035846.5039
2023-08-19 00:07:00,26121.0,26188.0,26102.1,26165.5,632.459,16535419.8434
2023-08-19 00:08:00,26165.5,26182.6,26138.6,26159.4,387.31,10132328.6433
2023-08-19 00:09:00,26159.4,26173.5,26140.1,26173.5,192.014,5022124.3906
2023-08-19 00:10:00,26173.5,26178.2,26148.4,26177.4,314.259,8223097.2285
2023-08-19 00:11:00,26177.4,26180.0,26142.2,26142.2,121.486,3178631.2183
2023-08-19 00:12:00,26142.2,26155.0,26118.6,26124.4,218.439,5708594.827
2023-08-19 00:13:00,26124.4,26153.8,26124.4,26146.9,106.785,2791419.1679
2023-08-19 00:14:00,26146.9,26160.4,26132.3,26160.4,125.15,3272601.3614
2023-08-19 00:15:00,26160.4,26160.4,26119.0,26135.0,156.031,4077011.7018
2023-08-19 00:16:00,26135.0,26158.0,26134.9,26157.9,101.561,2655295.6238
2023-08-19 00:17:00,26157.9,26158.3,26150.1,26158.3,38.458,1005836.7016
2023-08-19 00:18:00,26158.3,26259.7,26158.3,26246.4,1331.424,34918631.9479
2023-08-19 00:19:00,26246.4,26320.8,26225.9,26285.4,1081.124,28402699.0643
2023-08-19 00:20:00,26285.4,26288.5,26242.4,26264.0,340.327,8936877.3492
2023-08-19 00:21:00,26264.0,26264.0,26200.0,26204.1,278.17,7292614.4546
2023-08-19 00:22:00,26204.1,26204.1,26174.6,26201.4,460.643,12064119.6097
2023-08-19 00:23:00,26201.4,26206.0,26178.0,26183.0,111.907,2930995.0252
2023-08-19 00:24:00,26183.0,26183.1,26158.0,26182.5,87.36,2286295.0813
2023-08-19 00:25:00,26182.5,26182.5,26161.6,26172.0,109.914,2876341.554
2023-08-19 00:26:00,26172.0,26172.0,26160.6,26171.9,43.708,1143634.6082
2023-08-19 00:27:00,26171.9,26176.8,26129.5,26132.4,171.906,4495172.8754
2023-08-19 00:28:00,26132.4,26132.4,26092.1,26124.0,398.327,10400956.8389
2023-08-19 00:29:00,26124.0,26128.8,26088.6,26113.9,360.241,9404324.9603
2023-08-19 00:30:00,26113.9,26113.9,26071.6,26076.9,221.629,5781435.5965
2023-08-19 00:31:00,26076.9,26094.8,26066.5,26066.5,185.119,4827752.4929
2023-08-19 00:32:00,26066.5,26088.9,26011.9,26048.1,569.883,14841716.6965
2023-08-19 00:33:00,26048.1,26072.8,26047.1,26055.2,226.992,5915229.872
2023-08-19 00:34:00,26055.2,26063.6,26033.1,26053.7,174.251,4538816.7391
2023-08-19 00:35:00,26053.7,26053.7,26020.0,26044.8,142.932,3721790.9321
2023-08-19 00:36:00,26044.8,26075.3,26044.8,26074.6,278.52,7259442.3097
2023-08-19 00:37:00,26074.6,26109.6,26069.6,26097.3,266.075,6941632.0059
2023-08-19 00:38:00,26097.3,26113.6,26096.7,26113.6,25.993,678532.4415
2023-08-19 00:39:00,26113.6,26123.4,26078.5,26091.0,208.186,5433763.0046
2023-08-19 00:40:00,26091.0,26092.1,26049.2,26049.2,144.648,3770198.7312
2023-08-19 00:41:00,26049.2,26056.4,26040.9,26050.7,133.628,3480311.8941
2023-08-19 00:42:00,26050.7,26050.7,26025.0,26027.0,119.227,3104715.8445
2023-08-19 00:43:00,26027.0,26056.7,26026.9,26052.0,78.081,2033587.4063
2023-08-19 00:44:00,26052.0,26063.0,26051.4,26054.8,48.1,1253276.0859
2023-08-19 00:45:00,26054.8,26068.0,26050.0,26059.6,64.706,1686175.0401
2023-08-19 00:46:00,26059.6,26060.7,26034.3,26034.3,51.445,1339898.0447
2023-08-19 00:47:00,26034.3,26056.6,26032.8,26053.5,52.712,1372883.7655
2023-08-19 00:48:00,26053.5,26055.3,26031.4,26037.8,79.55,2071848.6397
2023-08-19 00:49:00,26037.8,26038.3,26028.8,26038.3,59.462,1547979.6488
2023-08-19 00:50:00,26038.3,26065.4,26038.3,26065.4,37.831,985675.189
2023-08-19 00:51:00,26065.4,26084.8,26064.7,26064.7,83.732,2183426.2092
2023-08-19 00:52:00,26064.7,26064.8,26055.0,26059.0,94.114,2452390.8861
2023-08-19 00:53:00,26059.0,26073.8,26059.0,26073.1,92.042,2399496.9064
2023-08-19 00:54:00,26073.1,26084.1,26062.9,26062.9,115.019,2999147.1617
2023-08-19 00:55:00,26062.9,26083.0,26062.9,26083.0,22.29,581232.8951
2023-08-19 00:56:00,26083.0,26090.0,26080.1,26088.8,69.453,1811740.7492
2023-08-19 00:57:00,26088.8,26088.8,26050.8,26052.0,122.97,3206955.4207
2023-08-19 00:58:00,26052.0,26057.5,26052.0,26056.5,35.428,923083.5721
2023-08-19 00:59:00,26056.5,26066.0,26054.5,26066.0,44.216,1152208.6671
2023-08-19 01:00:00,26066.0,26072.5,26065.6,26072.5,25.014,652080.5592
2023-08-19 01:01:00,26072.5,26076.6,26057.4,26059.1,29.214,761479.0719
2023-08-19 01:02:00,26059.1,26059.2,26043.3,26043.3,38.114,992910.5309
2023-08-19 01:03:00,26043.3,26043.4,26014.9,26020.6,153.107,3984569.8882
2023-08-19 01:04:00,26020.6,26028.6,26019.5,26025.6,30.184,785549.2947
2023-08-19 01:05:00,26025.6,26026.3,25991.2,26012.1,181.984,4732289.5337
2023-08-19 01:06:00,26012.1,26017.4,26009.0,26013.6,67.821,1764240.2188
2023-08-19 01:07:00,26013.6,26016.5,26004.4,26004.4,17.234,448326.3334
2023-08-19 01:08:00,26004.4,26007.2,25986.9,25990.1,250.784,6519457.2658
2023-08-19 01:09:00,25990.1,26005.0,25972.5,25986.9,211.379,5493788.0392
2023-08-19 01:10:00,25986.9,26009.0,25986.9,26007.9,72.646,1888921.2284
2023-08-19 01:11:00,26007.9,26020.0,26000.0,26020.0,36.862,958687.9876
2023-08-19 01:12:00,26020.0,26027.4,26010.8,26010.8,36.444,948201.5035
2023-08-19 01:13:00,26010.8,26010.9,25987.2,26000.9,39.261,1020557.0152
2023-08-19 01:14:00,26000.9,26014.5,26000.9,26013.7,51.325,1335052.7079
2023-08-19 01:15:00,26013.7,26022.2,26009.6,26022.2,24.622,640609.9248
2023-08-19 01:16:00,26022.2,26085.0,26022.1,26084.0,386.834,10082649.2866
2023-08-19 01:17:00,26084.0,26084.0,26064.8,26074.2,77.613,2023605.9024
2023-08-19 01:18:00,26074.2,26136.0,26074.2,26119.4,501.363,13089449.3722
2023-08-19 01:19:00,26119.4,26119.4,26091.9,26091.9,74.895,1955055.7118
2023-08-19 01:20:00,26091.9,26100.5,26080.0,26083.8,80.974,2112765.0833
2023-08-19 01:21:00,26083.8,26083.9,26065.0,26071.2,81.885,2134653.9592
2023-08-19 01:22:00,26071.2,26094.6,26071.1,26080.4,66.689,1739465.5844
2023-08-19 01:23:00,26080.4,26080.5,26050.0,26069.5,128.269,3343059.8198
2023-08-19 01:24:00,26069.5,26069.6,26057.9,26057.9,32.577,849135.848
2023-08-19 01:25:00,26057.9,26057.9,26004.1,26013.0,325.585,8471621.936
2023-08-19 01:26:00,26013.0,26044.2,26008.3,26036.0,163.768,4262027.5229
2023-08-19 01:27:00,26036.0,26039.5,26030.8,26030.8,35.01,911473.5017
2023-08-19 01:28:00,26030.8,26030.8,26022.8,26029.4,41.078,1069150.1519
2023-08-19 01:29:00,26029.4,26053.9,26017.4,26053.9,109.457,2849799.0772
2023-08-19 01:30:00,26053.9,26069.9,26052.7,26068.0,134.277,3499151.1754
2023-08-19 01:31:00,26068.0,26072.1,26054.0,26072.0,70.713,1842783.7429
2023-08-19 01:32:00,26072.0,26075.9,26072.0,26075.9,41.131,1072428.375
2023-08-19 01:33:00,26075.9,26095.0,26075.8,26089.5,92.776,2420545.4239
2023-08-19 01:34:00,26089.5,26096.2,26079.3,26079.4,65.723,1714972.904
2023-08-19 01:35:00,26079.4,26079.4,26064.5,26066.8,40.526,1056370.602
2023-08-19 01:36:00,26066.8,26066.8,26045.4,26045.4,28.467,741555.9236
2023-08-19 01:37:00,26045.4,26045.5,26034.0,26034.0,31.599,822830.2762
2023-08-19 01:38:00,26034.0,26052.5,26034.0,26052.5,60.222,1568247.3147
2023-08-19 01:39:00,26052.5,26068.6,26052.4,26068.6,10.646,277462.9666
2023-08-19 01:40:00,26068.6,26101.5,26066.9,26101.5,163.486,4264961.5524
2023-08-19 01:41:00,26101.5,26101.5,26093.2,26096.2,70.75,1846500.4353
2023-08-19 01:42:00,26096.2,26138.7,26096.1,26124.1,181.893,4750904.1257
2023-08-19 01:43:00,26124.1,26127.3,26114.0,26125.0,40.798,1065627.6606
2023-08-19 01:44:00,26125.0,26136.0,26116.5,26121.0,162.864,4255010.6496
2023-08-19 01:45:00,26121.0,26127.9,26115.5,26126.5,28.771,751558.406
2023-08-19 01:46:00,26126.5,26171.8,26125.9,26160.5,184.357,4821635.4827
2023-08-19 01:47:00,26160.5,26160.5,26146.6,26149.6,47.692,1247381.7514
2023-08-19 01:48:00,26149.6,26164.6,26133.1,26159.9,117.179,3064109.426
2023-08-19 01:49:00,26159.9,26165.0,26150.0,26163.5,185.492,4851467.6963
2023-08-19 01:50:00,26163.5,26163.9,26152.6,26155.1,54.554,1427167.0496
2023-08-19 01:51:00,26155.1,26155.1,26148.9,26148.9,17.849,466772.3145
2023-08-19 01:52:00,26148.9,26184.0,26148.9,26183.9,183.409,4800007.8902
2023-08-19 01:53:00,26183.9,26184.0,26165.8,26165.8,57.645,1508897.6451
2023-08-19 01:54:00,26165.8,26165.9,26154.0,26159.0,136.507,3571405.5369
2023-08-19 01:55:00,26159.0,26173.1,26151.1,26173.0,115.322,3016394.8281
2023-08-19 01:56:00,26173.0,26180.0,26173.0,26179.2,45.67,1195540.496
2023-08-19 01:57:00,26179.2,26207.2,26179.1,26204.3,218.693,5728785.0783
2023-08-19 01:58:00,26204.3,26227.1,26203.1,26203.6,171.833,4504237.4189
2023-08-19 01:59:00,26203.6,26228.7,26202.9,26228.6,136.653,3582603.2342
2023-08-19 02:00:00,26228.6,26228.6,26198.7,26199.0,92.329,2420171.1468
2023-08-19 02:01:00,26199.0,26210.0,26199.0,26208.4,75.095,1967630.6735
2023-08-19 02:02:00,26208.4,26229.7,26205.7,26220.2,106.851,2802094.4235
2023-08-19 02:03:00,26220.2,26220.2,26201.6,26202.3,74.696,1957570.2305
2023-08-19 02:04:00,26202.3,26202.4,26178.1,26197.3,222.343,5823039.7888
2023-08-19 02:05:00,26197.3,26198.7,26186.4,26186.4,44.991,1178375.4184
2023-08-19 02:06:00,26186.4,26194.8,26186.4,26190.3,39.222,1027298.7853
2023-08-19 02:07:00,26190.3,26195.9,26190.2,26193.2,29.109,762419.8259
2023-08-19 02:08:00,26193.2,26193.2,26190.3,26190.3,29.122,762737.0674
2023-08-19 02:09:00,26190.3,26190.3,26164.1,26171.5,116.436,3047607.8291
2023-08-19 02:10:00,26171.5,26171.6,26158.0,26164.0,41.647,1089653.9275
2023-08-19 02:11:00,26164.0,26164.1,26164.0,26164.0,10.707,280138.1517
2023-08-19 02:12:00,26164.0,26179.4,26164.0,26179.3,35.511,929541.1732
2023-08-19 02:13:00,26179.3,26179.4,26172.6,26177.4,53.947,1412045.3953
2023-08-19 02:14:00,26177.4,26192.3,26177.3,26192.3,22.41,586713.7076
2023-08-19 02:15:00,26192.3,26192.4,26181.2,26181.3,17.863,467846.7747
2023-08-19 02:16:00,26181.3,26181.3,26173.7,26173.7,33.619,880153.6143
2023-08-19 02:17:00,26173.7,26173.8,26173.7,26173.8,8.946,234150.1721
2023-08-19 02:18:00,26173.8,26176.1,26170.8,26173.4,19.447,508983.4441
2023-08-19 02:19:00,26173.4,26189.1,26173.3,26189.1,29.846,781367.3864
2023-08-19 02:20:00,26189.1,26189.1,26173.5,26173.6,34.225,896110.3069
2023-08-19 02:21:00,26173.6,26173.6,26147.9,26157.9,174.878,4574505.0127
2023-08-19 02:22:00,26157.9,26158.0,26140.6,26142.4,60.121,1572162.7036
2023-08-19 02:23:00,26142.4,26142.6,26073.8,26102.4,451.364,11783115.5539
2023-08-19 02:24:00,26102.4,26111.5,26102.4,26106.7,151.379,3952137.2988
2023-08-19 02:25:00,26106.7,26106.7,26088.8,26103.7,47.726,1245529.6551
2023-08-19 02:26:00,26103.7,26132.3,26103.6,26128.2,88.19,2303726.2185
2023-08-19 02:27:00,26128.2,26128.2,26093.2,26104.9,187.242,4887814.9694
2023-08-19 02:28:00,26104.9,26106.3,26102.9,26106.2,32.657,852457.3317
2023-08-19 02:29:00,26106.2,26106.3,26054.7,26071.7,179.213,4673500.2037
2023-08-19 02:30:00,26071.7,26084.1,26071.6,26083.7,44.125,1150632.4803
2023-08-19 02:31:00,26083.7,26098.7,26083.7,26092.4,50.008,1304809.3184
2023-08-19 02:32:00,26092.4,26099.3,26089.5,26089.5,108.169,2822781.0279
2023-08-19 02:33:00,26089.5,26112.8,26089.5,26112.8,62.94,1642988.0945
2023-08-19 02:34:00,26112.8,26112.8,26099.5,26110.3,84.192,2197789.6048
2023-08-19 02:35:00,26110.3,26112.7,26110.3,26111.8,15.896,415074.3185
2023-08-19 02:36:00,26111.8,26114.0,26111.8,26113.9,8.894,232251.2767
2023-08-19 02:37:00,26113.9,26115.7,26113.9,26115.7,7.221,188574.5411
2023-08-19 02:38:00,26115.7,26115.7,26115.6,26115.6,9.807,256116.5861
2023-08-19 02:39:00,26115.6,26115.7,26101.6,26101.6,24.763,646538.2483
2023-08-19 02:40:00,26101.6,26101.6,26089.6,26089.6,33.837,882900.9865
2023-08-19 02:41:00,26089.6,26092.3,26089.6,26092.2,60.083,1567549.2477
2023-08-19 02:42:00,26092.2,26092.3,26092.2,26092.2,5.492,143298.6273
2023-08-19 02:43:00,26092.2,26113.1,26092.2,26113.1,34.74,906855.4609
2023-08-19 02:44:00,26113.1,26113.1,26109.9,26110.0,16.747,437294.912
2023-08-19 02:45:00,26110.0,26119.4,26109.9,26119.3,32.24,842036.4617
2023-08-19 02:46:00,26119.3,26127.1,26119.3,26127.1,38.744,1012176.0437
2023-08-19 02:47:00,26127.1,26127.1,26120.9,26124.6,8.488,221742.6339
2023-08-19 02:48:00,26124.6,26127.2,26124.6,26125.1,16.912,441849.6797
2023-08-19 02:49:00,26125.1,26139.9,26124.0,26139.9,54.494,1424155.7234
2023-08-19 02:50:00,26139.9,26139.9,26139.8,26139.9,7.452,194794.3442
2023-08-19 02:51:00,26139.9,26152.0,26135.3,26152.0,103.304,2700534.3871
2023-08-19 02:52:00,26152.0,26158.1,26151.9,26158.1,30.197,789756.5599
2023-08-19 02:53:00,26158.1,26159.5,26158.0,26159.5,12.586,329236.4588
2023-08-19 02:54:00,26159.5,26159.5,26156.6,26156.6,11.929,312045.2921
2023-08-19 02:55:00,26156.6,26156.6,26131.1,26131.1,55.271,1444910.7815
2023-08-19 02:56:00,26131.1,26131.2,26114.0,26114.0,17.128,447399.6973
2023-08-19 02:57:00,26114.0,26114.0,26092.0,26101.6,55.203,1440620.0274
2023-08-19 02:58:00,26101.6,26115.4,26101.6,26115.1,31.78,829710.813
2023-08-19 02:59:00,26115.1,26115.1,26114.0,26114.1,12.339,322221.9134
2023-08-19 03:00:00,26114.1,26114.1,26114.0,26114.0,16.327,426364.2602
2023-08-19 03:01:00,26114.0,26116.7,26111.4,26116.6,63.035,1646130.1107
2023-08-19 03:02:00,26116.6,26117.6,26114.0,26114.0,21.363,557931.3935
2023-08-19 03:03:00,26114.0,26114.1,26076.1,26076.2,56.9,1484734.1856
2023-08-19 03:04:00,26076.2,26076.2,26063.6,26068.4,103.519,2698505.0611
2023-08-19 03:05:00,26068.4,26072.5,26060.1,26072.5,31.487,820750.8342
2023-08-19 03:06:00,26072.5,26121.7,26072.5,26121.7,96.28,2512848.6467
2023-08-19 03:07:00,26121.7,26121.7,26086.4,26086.5,27.485,717418.484
2023-08-19 03:08:00,26086.5,26098.0,26086.4,26096.9,11.712,305611.3873
2023-08-19 03:09:00,26096.9,26105.7,26076.5,26100.6,282.704,7376338.0191
2023-08-19 03:10:00,26100.6,26100.7,26100.6,26100.6,8.238,215016.8696
2023-08-19 03:11:00,26100.6,26114.8,26100.6,26114.8,21.48,560814.5311
2023-08-19 03:12:00,26114.8,26119.5,26102.7,26102.7,60.541,1581020.3828
2023-08-19 03:13:00,26102.7,26102.8,26100.6,26100.6,14.738,384686.863
2023-08-19 03:14:00,26100.6,26100.6,26088.1,26088.2,11.872,309736.5559
2023-08-19 03:15:00,26088.2,26088.2,26081.8,26084.4,18.778,489798.4118
2023-08-19 03:16:00,26084.4,26084.5,26055.0,26060.7,53.059,1382947.5481
2023-08-19 03:17:00,26060.7,26080.5,26060.7,26080.4,23.99,625445.3936
2023-08-19 03:18:00,26080.4,26080.5,26066.2,26078.3,42.582,1110205.6455
2023-08-19 03:19:00,26078.3,26079.2,26078.3,26079.2,6.525,170163.6228
2023-08-19 03:20:00,26079.2,26079.2,26079.1,26079.1,3.01,78498.3236
2023-08-19 03:21:00,26079.1,26079.2,26079.1,26079.1,7.684,200392.021
2023-08-19 03:22:00,26079.1,26079.2,26062.3,26062.3,26.023,678418.7645
2023-08-19 03:23:00,26062.3,26062.3,26054.5,26054.5,8.858,230799.7792
2023-08-19 03:24:00,26054.5,26054.6,26050.7,26050.7,17.069,444674.9531
2023-08-19 03:25:00,26050.7,26050.8,26050.7,26050.7,16.112,419729.3586
2023-08-19 03:26:00,26050.7,26062.9,26050.7,26062.8,31.324,816142.5918
2023-08-19 03:27:00,26062.8,26072.8,26062.8,26072.8,16.561,431690.2017
2023-08-19 03:28:00,26072.8,26072.8,26072.0,26072.0,10.008,260935.9283
2023-08-19 03:29:00,26072.0,26072.1,26050.5,26050.5,37.608,980019.5267
2023-08-19 03:30:00,26050.5,26050.6,26035.0,26044.0,109.662,2855849.8688
2023-08-19 03:31:00,26044.0,26045.0,26034.4,26034.4,32.086,835508.6461
2023-08-19 03:32:00,26034.4,26042.6,26034.4,26042.6,24.593,640330.5239
2023-08-19 03:33:00,26042.6,26083.5,26042.6,26083.5,88.028,2294651.2045
2023-08-19 03:34:00,26083.5,26095.6,26083.4,26095.6,14.387,375335.4565
2023-08-19 03:35:00,26095.6,26105.8,26091.4,26091.4,76.691,2001844.1715
2023-08-19 03:36:00,26091.4,26091.5,26084.0,26084.0,8.035,209624.7276
2023-08-19 03:37:00,26084.0,26084.0,26069.6,26069.7,13.211,344504.404
2023-08-19 03:38:00,26069.7,26069.7,26068.4,26068.4,4.825,125785.3505
2023-08-19 03:39:00,26068.4,26068.5,26062.9,26062.9,33.618,876248.533
2023-08-19 03:40:00,26062.9,26063.0,26061.0,26061.0,9.405,245121.1036
2023-08-19 03:41:00,26061.0,26061.1,26056.9,26056.9,9.293,242169.051
2023-08-19 03:42:00,26056.9,26057.0,26054.5,26054.6,10.704,278906.2376
2023-08-19 03:43:00,26054.6,26083.3,26054.5,26083.3,53.358,1390844.2623
2023-08-19 03:44:00,26083.3,26095.9,26083.3,26095.8,40.76,1063494.8166
2023-08-19 03:45:00,26095.8,26095.8,26093.9,26094.0,17.206,448995.106
2023-08-19 03:46:00,26094.0,26094.0,26071.3,26071.3,26.972,703560.2778
2023-08-19 03:47:00,26071.3,26078.6,26071.2,26078.6,15.792,411729.8124
2023-08-19 03:48:00,26078.6,26078.6,26065.0,26065.0,11.903,310365.5566
2023-08-19 03:49:00,26065.0,26065.1,26065.0,26065.1,2.96,77152.5558
2023-08-19 03:50:00,26065.1,26065.1,26053.7,26064.1,65.316,1701988.8291
2023-08-19 03:51:00,26064.1,26064.5,26052.7,26052.7,46.745,1218241.5635
2023-08-19 03:52:00,26052.7,26052.8,26050.5,26050.6,2.388,62209.7494
2023-08-19 03:53:00,26050.6,26050.6,26034.0,26034.0,37.067,965167.2773
2023-08-19 03:54:00,26034.0,26050.1,26034.0,26047.3,22.48,585452.471
2023-08-19 03:55:00,26047.3,26047.3,26042.5,26042.6,7.845,204328.6286
2023-08-19 03:56:00,26042.6,26042.6,26034.0,26034.0,61.4,1598731.947
2023-08-19 03:57:00,26034.0,26034.1,26024.6,26025.9,34.861,907429.8186
2023-08-19 03:58:00,26025.9,26061.4,26025.5,26061.4,190.35,4957915.9547
2023-08-19 03:59:00,26061.4,26076.1,26053.4,26076.0,81.638,2127369.9938
2023-08-19 04:00:00,26076.0,26076.1,26058.7,26058.8,29.559,770479.1855
2023-08-19 04:01:00,26058.8,26058.8,26047.4,26053.9,12.532,326460.0301
2023-08-19 04:02:00,26053.9,26066.4,26053.8,26066.4,13.385,348798.8382
2023-08-19 04:03:00,26066.4,26067.9,26064.5,26064.5,108.28,2822518.2694
2023-08-19 04:04:00,26064.5,26066.2,26064.5,26066.2,4.341,113149.6936
2023-08-19 04:05:00,26066.2,26070.1,26066.1,26070.1,18.413,479987.3958
2023-08-19 04:06:00,26070.1,26077.8,26064.5,26072.9,19.725,514275.5277
2023-08-19 04:07:00,26072.9,26073.1,26071.2,26071.3,4.903,127828.5814
2023-08-19 04:08:00,26071.3,26071.3,26070.4,26070.4,8.277,215790.3881
2023-08-19 04:09:00,26070.4,26070.5,26070.4,26070.5,5.311,138460.3503
2023-08-19 04:10:00,26070.5,26070.5,26063.3,26064.5,118.432,3087237.7374
2023-08-19 04:11:00,26064.5,26064.6,26059.2,26059.2,8.005,208633.9388
2023-08-19 04:12:00,26059.2,26059.3,26054.8,26054.8,3.798,98965.7931
2023-08-19 04:13:00,26054.8,26059.2,26054.8,26059.2,7.115,185382.2383
2023-08-19 04:14:00,26059.2,26075.0,26059.2,26075.0,17.337,451938.912
2023-08-19 04:15:00,26075.0,26095.4,26075.0,26085.0,83.875,2187685.3213
2023-08-19 04:16:00,26085.0,26085.0,26066.8,26067.1,67.705,1765220.055
2023-08-19 04:17:00,26067.1,26067.2,26063.3,26063.4,8.989,234298.5548
2023-08-19 04:18:00,26063.4,26063.4,26059.6,26059.6,7.911,206176.5331
2023-08-19 04:19:00,26059.6,26059.7,26059.6,26059.6,3.227,84094.5086
2023-08-19 04:20:00,26059.6,26059.7,26053.0,26053.0,23.882,622230.6275
2023-08-19 04:21:00,26053.0,26053.1,26047.1,26052.6,36.261,944608.0438
2023-08-19 04:22:00,26052.6,26052.6,26050.5,26050.6,4.844,126195.881
2023-08-19 04:23:00,26050.6,26062.2,26050.5,26062.2,38.435,1001468.7055
2023-08-19 04:24:00,26062.2,26067.3,26062.2,26067.3,9.318,242893.6965
2023-08-19 04:25:00,26067.3,26075.2,26067.2,26069.9,21.21,552949.7226
2023-08-19 04:26:00,26069.9,26069.9,26052.7,26057.5,24.332,634059.9895
2023-08-19 04:27:00,26057.5,26057.5,26053.3,26053.4,7.709,200853.0342
2023-08-19 04:28:00,26053.4,26055.5,26053.3,26055.4,7.969,207626.4807
2023-08-19 04:29:00,26055.4,26055.5,26055.0,26055.0,6.477,168760.8817
2023-08-19 04:30:00,26055.0,26055.0,26050.0,26050.2,14.232,370772.1403
2023-08-19 04:31:00,26050.2,26050.3,26037.3,26041.5,26.822,698597.5488
2023-08-19 04:32:00,26041.5,26052.0,26041.5,26052.0,31.53,821184.3764
2023-08-19 04:33:00,26052.0,26065.2,26052.0,26065.1,70.67,1841379.4463
2023-08-19 04:34:00,26065.1,26067.3,26065.1,26067.3,12.048,314053.8772
2023-08-19 04:35:00,26067.3,26067.3,26067.2,26067.2,6.038,157393.795
2023-08-19 04:36:00,26067.2,26074.2,26067.2,26074.2,11.448,298449.6937
2023-08-19 04:37:00,26074.2,26077.8,26074.1,26077.8,28.261,736906.2411
2023-08-19 04:38:00,26077.8,26084.9,26077.8,26083.6,62.239,1623351.3226
2023-08-19 04:39:00,26083.6,26083.6,26074.5,26074.5,50.737,1323264.8636
2023-08-19 04:40:00,26074.5,26074.6,26070.9,26070.9,5.45,142095.5869
2023-08-19 04:41:00,26070.9,26070.9,26056.0,26056.1,70.981,1849933.5261
2023-08-19 04:42:00,26056.1,26056.1,26049.7,26049.7,8.975,233801.0703
2023-08-19 04:43:00,26049.7,26049.8,26044.0,26044.0,6.639,172912.043
2023-08-19 04:44:00,26044.0,26044.1,26040.0,26040.1,18.96,493744.1454
2023-08-19 04:45:00,26040.1,26040.1,26032.1,26035.7,12.82,333750.6398
2023-08-19 04:46:00,26035.7,26048.0,26035.7,26038.9,48.429,1261281.052
2023-08-19 04:47:00,26038.9,26038.9,26021.4,26025.1,54.126,1408725.049
2023-08-19 04:48:00,26025.1,26025.1,26025.0,26025.0,73.334,1908523.1972
2023-08-19 04:49:00,26025.0,26025.1,26011.3,26019.3,95.016,2471999.2354
2023-08-19 04:50:00,26019.3,26027.4,26018.7,26018.7,33.429,869935.1566
2023-08-19 04:51:00,26018.7,26018.8,26018.7,26018.8,25.594,665922.9183
2023-08-19 04:52:00,26018.8,26018.8,26018.7,26018.8,10.217,265833.4058
2023-08-19 04:53:00,26018.8,26035.7,26018.7,26035.6,26.724,695591.9354
2023-08-19 04:54:00,26035.6,26035.7,26020.5,26025.7,71.53,1861979.1748
2023-08-19 04:55:00,26025.7,26037.1,26020.0,26020.0,139.237,3624746.8482
2023-08-19 04:56:00,26020.0,26028.1,26011.0,26024.3,19.868,516922.5279
2023-08-19 04:57:00,26024.3,26024.3,26024.2,26024.3,1.601,41664.8192
2023-08-19 04:58:00,26024.3,26025.8,26024.2,26025.8,15.148,394232.303
2023-08-19 04:59:00,26025.8,26025.8,26017.3,26017.3,17.246,448786.424
2023-08-19 05:00:00,26017.3,26019.8,26015.0,26015.1,7.098,184674.3778
2023-08-19 05:01:00,26015.1,26015.2,26005.0,26005.0,18.042,469258.1714
2023-08-19 05:02:00,26005.0,26020.5,26005.0,26020.4,111.832,2908762.5046
2023-08-19 05:03:00,26020.4,26024.6,26020.4,26024.5,18.456,480303.636
2023-08-19 05:04:00,26024.5,26024.5,26005.2,26009.0,70.632,1837102.0567
2023-08-19 05:05:00,26009.0,26015.9,26008.9,26015.8,17.721,460990.1544
2023-08-19 05:06:00,26015.8,26019.3,26015.8,26019.3,9.433,245427.9577
2023-08-19 05:07:00,26019.3,26019.3,26009.4,26017.2,73.775,1919235.5904
2023-08-19 05:08:00,26017.2,26031.9,26017.2,26031.8,19.042,495596.6495
2023-08-19 05:09:00,26031.8,26031.9,26024.6,26024.6,14.957,389312.9305
2023-08-19 05:10:00,26024.6,26024.6,26010.0,26017.0,24.879,647192.9629
2023-08-19 05:11:00,26017.0,26022.3,26011.3,26011.3,21.643,563125.301
2023-08-19 05:12:00,26011.3,26011.3,25990.6,26003.0,82.954,2157004.1425
2023-08-19 05:13:00,26003.0,26015.1,26003.0,26014.0,55.534,1444244.6159
2023-08-19 05:14:00,26014.0,26019.5,26013.9,26019.5,15.623,406458.3003
2023-08-19 05:15:00,26019.5,26024.3,26014.1,26022.2,72.992,1898962.6916
2023-08-19 05:16:00,26022.2,26022.2,26021.3,26021.4,4.075,106036.9609
2023-08-19 05:17:00,26021.4,26025.0,26021.3,26024.9,12.535,326188.6306
2023-08-19 05:18:00,26024.9,26030.0,26024.9,26030.0,24.676,642259.6813
2023-08-19 05:19:00,26030.0,26043.7,26030.0,26043.7,37.567,978209.036
2023-08-19 05:20:00,26043.7,26045.4,26039.0,26045.4,8.771,228418.1379
2023-08-19 05:21:00,26045.4,26045.4,26040.0,26040.1,5.476,142611.2424
2023-08-19 05:22:00,26040.1,26045.6,26040.0,26045.5,8.361,217751.7713
2023-08-19 05:23:00,26045.5,26047.7,26045.5,26047.7,14.015,365036.1018
2023-08-19 05:24:00,26047.7,26049.6,26047.6,26049.6,8.7,226623.1061
2023-08-19 05:25:00,26049.6,26049.6,26048.0,26048.1,28.794,750052.9544
2023-08-19 05:26:00,26048.1,26048.1,26040.0,26040.1,18.347,477862.8999
2023-08-19 05:27:00,26040.1,26040.1,26032.0,26032.0,10.226,266263.3763
2023-08-19 05:28:00,26032.0,26039.0,26032.0,26039.0,5.738,149399.8685
2023-08-19 05:29:00,26039.0,26040.5,26039.0,26040.5,3.383,88094.8815
2023-08-19 05:30:00,26040.5,26048.2,26036.8,26036.8,167.667,4366160.4908
2023-08-19 05:31:00,26036.8,26046.3,26036.8,26045.5,20.076,522817.6942
2023-08-19 05:32:00,26045.5,26056.8,26044.1,26048.6,171.685,4472391.6522
2023-08-19 05:33:00,26048.6,26053.1,26048.5,26053.1,13.508,351877.0247
2023-08-19 05:34:00,26053.1,26058.7,26050.5,26058.7,34.972,911158.5814
2023-08-19 05:35:00,26058.7,26058.7,26054.9,26058.7,24.585,640614.4838
2023-08-19 05:36:00,26058.7,26061.3,26058.6,26061.3,16.086,419203.1835
2023-08-19 05:37:00,26061.3,26065.5,26061.2,26065.5,23.478,611917.5666
2023-08-19 05:38:00,26065.5,26065.5,26063.1,26063.2,21.794,568034.7906
2023-08-19 05:39:00,26063.2,26066.1,26063.2,26066.0,10.743,280018.955
2023-08-19 05:40:00,26066.0,26066.1,26065.5,26065.6,17.478,455579.552
2023-08-19 05:41:00,26065.6,26065.6,26058.0,26058.1,30.384,791878.8573
2023-08-19 05:42:00,26058.1,26058.1,26052.1,26055.6,21.682,564885.6087
2023-08-19 05:43:00,26055.6,26060.8,26055.6,26060.0,36.776,958358.5223
2023-08-19 05:44:00,26060.0,26060.1,26059.3,26059.3,5.022,130871.9513
2023-08-19 05:45:00,26059.3,26059.4,26052.9,26052.9,8.482,220992.77
2023-08-19 05:46:00,26052.9,26053.0,26050.9,26050.9,16.671,434317.034
2023-08-19 05:47:00,26050.9,26051.0,26050.4,26050.4,4.868,126814.654
2023-08-19 05:48:00,26050.4,26050.5,26044.7,26044.8,20.54,535013.241
2023-08-19 05:49:00,26044.8,26044.8,26035.2,26035.2,14.816,385785.2987
2023-08-19 05:50:00,26035.2,26035.2,26034.0,26034.0,3.881,101039.7106
2023-08-19 05:51:00,26034.0,26034.0,26023.9,26023.9,8.967,233422.8634
2023-08-19 05:52:00,26023.9,26023.9,26016.4,26016.4,19.941,518839.19
2023-08-19 05:53:00,26016.4,26016.5,26016.1,26016.4,18.919,492202.878
2023-08-19 05:54:00,26016.4,26018.8,26016.4,26018.7,12.436,323555.4202
2023-08-19 05:55:00,26018.7,26018.8,26018.0,26018.0,6.282,163445.9196
2023-08-19 05:56:00,26018.0,26018.1,26008.1,26008.3,17.522,455807.3735
2023-08-19 05:57:00,26008.3,26011.6,26008.2,26011.5,13.532,351952.1141
2023-08-19 05:58:00,26011.5,26011.6,26009.1,26009.2,32.325,840816.4719
2023-08-19 05:59:00,26009.2,26009.2,26006.0,26006.0,10.84,281936.9965
2023-08-19 06:00:00,26006.0,26009.3,26006.0,26007.5,17.748,461593.9179
2023-08-19 06:01:00,26007.5,26009.3,26007.4,26009.3,15.551,404457.4296
2023-08-19 06:02:00,26009.3,26030.0,26009.3,26029.9,41.247,1073011.2145
2023-08-19 06:03:00,26029.9,26032.3,26029.9,26032.2,5.35,139264.2141
2023-08-19 06:04:00,26032.2,26032.3,26032.2,26032.3,1.76,45816.7136
2023-08-19 06:05:00,26032.3,26040.7,26032.3,26040.7,10.463,272422.8077
2023-08-19 06:06:00,26040.7,26048.1,26040.7,26048.1,23.631,615430.2392
2023-08-19 06:07:00,26048.1,26063.4,26048.0,26063.4,38.998,1016070.343
2023-08-19 06:08:00,26063.4,26065.0,26063.3,26065.0,11.017,287143.7852
2023-08-19 06:09:00,26065.0,26065.0,26064.9,26065.0,23.067,601239.7938
2023-08-19 06:10:00,26065.0,26085.0,26064.9,26085.0,169.118,4410255.9678
2023-08-19 06:11:00,26085.0,26096.7,26084.9,26096.0,108.84,2839679.0249
2023-08-19 06:12:00,26096.0,26147.5,26096.0,26144.3,404.847,10575621.3244
2023-08-19 06:13:00,26144.3,26144.3,26122.0,26127.1,153.551,4012138.6777
2023-08-19 06:14:00,26127.1,26129.7,26119.5,26125.9,50.092,1308659.5336
2023-08-19 06:15:00,26125.9,26125.9,26091.5,26094.1,123.811,3231905.9188
2023-08-19 06:16:00,26094.1,26112.5,26091.5,26105.8,39.234,1023922.3089
2023-08-19 06:17:00,26105.8,26119.1,26105.0,26105.1,56.758,1482098.0056
2023-08-19 06:18:00,26105.1,26105.1,26092.8,26097.3,18.708,488254.2798
2023-08-19 06:19:00,26097.3,26097.3,26097.2,26097.2,8.778,229081.4558
2023-08-19 06:20:00,26097.2,26098.6,26090.2,26098.6,21.594,563492.8246
2023-08-19 06:21:00,26098.6,26099.0,26094.7,26094.7,8.464,220873.6853
2023-08-19 06:22:00,26094.7,26117.1,26094.7,26117.0,43.757,1142114.4
2023-08-19 06:23:00,26117.0,26117.1,26109.9,26110.0,23.381,610622.4064
2023-08-19 06:24:00,26110.0,26110.0,26098.5,26098.5,18.951,494716.7548
2023-08-19 06:25:00,26098.5,26098.6,26090.6,26098.6,33.521,874724.2786
2023-08-19 06:26:00,26098.6,26098.6,26089.5,26089.5,16.222,423309.011
2023-08-19 06:27:00,26089.5,26089.6,26084.7,26084.7,4.754,124011.4313
2023-08-19 06:28:00,26084.7,26084.8,26082.8,26082.8,4.607,120165.3897
2023-08-19 06:29:00,26082.8,26083.8,26082.8,26083.8,6.974,181902.2867
2023-08-19 06:30:00,26083.8,26083.8,26080.7,26080.7,3.177,82861.6848
2023-08-19 06:31:00,26080.7,26085.1,26080.7,26085.1,6.639,173176.2184
2023-08-19 06:32:00,26085.1,26085.1,26080.7,26080.7,4.536,118309.0229
2023-08-19 06:33:00,26080.7,26080.8,26077.9,26077.9,15.582,406383.6083
2023-08-19 06:34:00,26077.9,26080.4,26069.2,26080.1,135.507,3533213.261
2023-08-19 06:35:00,26080.1,26086.4,26079.6,26079.6,34.611,902762.8327
2023-08-19 06:36:00,26079.6,26079.6,26061.9,26062.0,46.686,1217070.606
2023-08-19 06:37:00,26062.0,26063.3,26062.0,26063.2,12.166,317080.6809
2023-08-19 06:38:00,26063.2,26063.3,26063.2,26063.2,4.687,122158.5745
2023-08-19 06:39:00,26063.2,26063.3,26047.0,26059.1,92.192,2401679.36
2023-08-19 06:40:00,26059.1,26059.1,26048.8,26048.9,54.965,1431885.7078
2023-08-19 06:41:00,26048.9,26048.9,26048.8,26048.8,4.135,107711.9079
2023-08-19 06:42:00,26048.8,26048.9,26046.0,26046.0,3.22,83874.6913
2023-08-19 06:43:00,26046.0,26046.1,26046.0,26046.1,36.278,944897.2936
2023-08-19 06:44:00,26046.1,26046.1,26044.3,26044.4,15.512,404005.1087
2023-08-19 06:45:00,26044.4,26044.4,26044.3,26044.4,5.39,140378.9297
2023-08-19 06:46:00,26044.4,26044.4,26030.4,26030.5,33.555,873700.94
2023-08-19 06:47:00,26030.5,26047.7,26024.1,26047.7,32.133,836440.4888
2023-08-19 06:48:00,26047.7,26066.2,26047.7,26062.7,25.19,656397.6301
2023-08-19 06:49:00,26062.7,26062.8,26058.7,26058.7,5.353,139505.8621
2023-08-19 06:50:00,26058.7,26058.8,26044.6,26044.6,18.747,488420.1527
2023-08-19 06:51:00,26044.6,26044.7,26026.6,26026.6,32.891,856215.6873
2023-08-19 06:52:00,26026.6,26037.6,26026.5,26037.5,18.036,469481.3162
2023-08-19 06:53:00,26037.5,26037.6,26035.5,26035.5,11.618,302494.0793
2023-08-19 06:54:00,26035.5,26035.6,26027.1,26027.1,15.345,399457.5797
2023-08-19 06:55:00,26027.1,26039.9,26027.0,26039.9,13.624,354644.6977
2023-08-19 06:56:00,26039.9,26055.9,26039.8,26055.4,32.93,857775.584
2023-08-19 06:57:00,26055.4,26059.4,26055.0,26055.0,9.524,248160.9494
2023-08-19 06:58:00,26055.0,26059.4,26055.0,26059.2,14.701,383080.4069
2023-08-19 06:59:00,26059.2,26062.3,26058.2,26062.2,8.573,223412.9373
2023-08-19 07:00:00,26062.2,26062.3,26053.7,26053.7,14.961,389859.1003
2023-08-19 07:01:00,26053.7,26053.8,26022.3,26029.4,279.495,7275328.5429
2023-08-19 07:02:00,26029.4,26029.4,26029.2,26029.2,6.534,170075.3781
2023-08-19 07:03:00,26029.2,26032.6,26025.0,26027.8,10.253,266855.9949
2023-08-19 07:04:00,26027.8,26027.8,26016.1,26016.1,141.209,3674363.0421
2023-08-19 07:05:00,26016.1,26027.2,26012.4,26021.0,76.19,1982322.528
2023-08-19 07:06:00,26021.0,26025.3,26018.2,26021.5,12.256,318936.7789
2023-08-19 07:07:00,26021.5,26021.5,26016.0,26016.0,14.369,373875.9951
2023-08-19 07:08:00,26016.0,26027.0,26016.0,26026.9,9.646,251013.0197
2023-08-19 07:09:00,26026.9,26027.0,26006.7,26007.3,124.419,3236486.7945
2023-08-19 07:10:00,26007.3,26014.4,26007.3,26008.0,66.161,1720962.3649
2023-08-19 07:11:00,26008.0,26011.8,26007.9,26011.8,6.098,158614.5244
2023-08-19 07:12:00,26011.8,26021.3,26011.7,26015.4,10.788,280688.5417
2023-08-19 07:13:00,26015.4,26015.4,26010.9,26013.2,5.581,145178.2059
2023-08-19 07:14:00,26013.2,26013.2,26011.5,26011.5,9.273,241216.0711
2023-08-19 07:15:00,26011.5,26021.6,26011.5,26021.5,19.484,506897.7086
2023-08-19 07:16:00,26021.5,26025.0,26018.4,26020.2,10.736,279380.0481
2023-08-19 07:17:00,26020.2,26020.3,26020.2,26020.2,7.48,194631.6469
2023-08-19 07:18:00,26020.2,26020.3,26011.6,26016.7,11.141,289851.1544
2023-08-19 07:19:00,26016.7,26020.6,26016.5,26016.6,12.401,322665.7609
2023-08-19 07:20:00,26016.6,26016.6,26008.6,26008.6,8.436,219430.7886
2023-08-19 07:21:00,26008.6,26008.6,26000.0,26002.5,39.571,1028962.7387
2023-08-19 07:22:00,26002.5,26005.3,26000.0,26005.2,23.523,611640.0264
2023-08-19 07:23:00,26005.2,26023.3,26005.2,26017.1,57.361,1492446.5336
2023-08-19 07:24:00,26017.1,26029.0,26017.0,26029.0,240.73,6264642.8747
2023-08-19 07:25:00,26029.0,26029.0,26022.7,26022.7,18.702,486726.718
2023-08-19 07:26:00,26022.7,26022.8,26014.4,26022.5,25.752,670065.6556
2023-08-19 07:27:00,26022.5,26022.5,26019.1,26019.2,0.87,22639.424
2023-08-19 07:28:00,26019.2,26019.2,26005.2,26005.3,23.148,602209.0223
2023-08-19 07:29:00,26005.3,26005.3,26002.0,26002.1,18.077,470044.5782
2023-08-19 07:30:00,26002.1,26005.9,25991.3,25994.0,61.594,1601433.5089
2023-08-19 07:31:00,25994.0,26004.5,25991.3,25991.6,23.979,623339.573
2023-08-19 07:32:00,25991.6,25991.6,25991.3,25991.4,13.942,362373.0649
2023-08-19 07:33:00,25991.4,25991.4,25991.3,25991.4,6.271,162991.7225
2023-08-19 07:34:00,25991.4,26025.6,25991.3,26018.9,203.064,5282409.6471
2023-08-19 07:35:00,26018.9,26021.5,26018.8,26020.5,34.973,909994.7225
2023-08-19 07:36:00,26020.5,26020.6,26016.4,26018.1,21.264,553262.4011
2023-08-19 07:37:00,26018.1,26018.2,26007.6,26008.6,31.875,829077.7466
2023-08-19 07:38:00,26008.6,26017.5,26008.5,26017.4,15.101,392804.9948
2023-08-19 07:39:00,26017.4,26017.4,26010.0,26013.3,21.179,550940.7999
2023-08-19 07:40:00,26013.3,26013.3,26013.2,26013.2,2.385,62041.5484
2023-08-19 07:41:00,26013.2,26013.2,26001.4,26001.5,83.3,2165976.2384
2023-08-19 07:42:00,26001.5,26006.9,26000.8,26006.9,13.705,356377.6261
2023-08-19 07:43:00,26006.9,26006.9,26006.0,26006.1,10.124,263291.1459
2023-08-19 07:44:00,26006.1,26017.9,26006.0,26017.9,13.306,346163.6065
2023-08-19 07:45:00,26017.9,26017.9,26017.8,26017.9,3.844,100012.7275
2023-08-19 07:46:00,26017.9,26019.8,26013.8,26019.8,10.928,284331.021
2023-08-19 07:47:00,26019.8,26024.7,26019.8,26022.9,21.964,571588.0843
2023-08-19 07:48:00,26022.9,26022.9,26009.9,26012.4,43.767,1138824.964
2023-08-19 07:49:00,26012.4,26017.6,26012.4,26017.6,9.033,234998.074
2023-08-19 07:50:00,26017.6,26017.6,26017.5,26017.5,8.6,223750.6565
2023-08-19 07:51:00,26017.5,26017.6,26017.4,26017.4,5.477,142497.7901
2023-08-19 07:52:00,26017.4,26017.5,26017.4,26017.4,3.978,103497.4052
2023-08-19 07:53:00,26017.4,26023.9,26017.4,26023.9,4.496,116978.9919
2023-08-19 07:54:00,26023.9,26027.7,26021.3,26027.7,25.234,656737.3354
2023-08-19 07:55:00,26027.7,26043.5,26027.6,26038.7,62.861,1636576.4527
2023-08-19 07:56:00,26038.7,26057.6,26038.6,26056.9,173.234,4512984.4824
2023-08-19 07:57:00,26056.9,26056.9,26044.4,26052.9,48.248,1256959.248
2023-08-19 07:58:00,26052.9,26052.9,26046.8,26046.8,4.343,113142.1429
2023-08-19 07:59:00,26046.8,26046.8,26042.8,26042.8,7.978,207787.0569
2023-08-19 08:00:00,26042.8,26053.4,26042.8,26053.4,57.083,1487099.7762
2023-08-19 08:01:00,26053.4,26053.4,26037.2,26037.3,12.596,328093.8307
2023-08-19 08:02:00,26037.3,26037.3,26027.5,26027.6,28.251,735386.5746
2023-08-19 08:03:00,26027.6,26027.6,26021.0,26021.1,2.52,65579.9148
2023-08-19 08:04:00,26021.1,26021.1,26015.6,26015.7,8.344,217102.8761
2023-08-19 08:05:00,26015.7,26026.3,26015.6,26016.8,11.819,307552.9542
2023-08-19 08:06:00,26016.8,26016.9,26016.5,26016.5,3.485,90668.3563
2023-08-19 08:07:00,26016.5,26016.9,26003.5,26005.2,81.061,2108491.7054
2023-08-19 08:08:00,26005.2,26005.3,26005.2,26005.2,6.168,160400.5831
2023-08-19 08:09:00,26005.2,26005.3,26005.2,26005.2,8.203,213321.0368
2023-08-19 08:10:00,26005.2,26005.3,26005.2,26005.3,3.619,94112.9698
2023-08-19 08:11:00,26005.3,26009.0,26005.3,26009.0,14.569,378908.488
2023-08-19 08:12:00,26009.0,26010.3,26008.9,26010.2,8.217,213716.2752
2023-08-19 08:13:00,26010.2,26010.3,26008.9,26009.0,11.634,302589.5832
2023-08-19 08:14:00,26009.0,26009.0,26002.0,26002.0,21.423,557129.1082
2023-08-19 08:15:00,26002.0,26002.1,26002.0,26002.0,7.92,205936.2482
2023-08-19 08:16:00,26002.0,26002.1,25976.9,25994.4,285.883,7430610.5942
2023-08-19 08:17:00,25994.4,26007.8,25994.4,26007.1,26.285,683462.484
2023-08-19 08:18:00,26007.1,26017.1,26007.0,26017.1,31.541,820471.8137
2023-08-19 08:19:00,26017.1,26017.1,26012.9,26014.9,5.696,148181.3244
2023-08-19 08:20:00,26014.9,26023.2,26014.9,26023.2,56.424,1468238.4737
2023-08-19 08:21:00,26023.2,26029.8,26021.1,26021.1,11.688,304208.9664
2023-08-19 08:22:00,26021.1,26021.2,26013.0,26013.1,11.794,306866.7614
2023-08-19 08:23:00,26013.1,26013.1,26005.0,26005.0,22.737,591294.1933
2023-08-19 08:24:00,26005.0,26005.1,25996.9,25996.9,30.895,803211.4409
2023-08-19 08:25:00,25996.9,26001.7,25996.9,25998.7,4.378,113827.0578
2023-08-19 08:26:00,25998.7,25998.7,25998.0,25998.0,9.747,253402.9502
2023-08-19 08:27:00,25998.0,25998.1,25996.5,25996.5,19.658,511068.6644
2023-08-19 08:28:00,25996.5,25996.5,25993.2,25993.2,9.536,247895.8412
2023-08-19 08:29:00,25993.2,25993.2,25990.0,25990.1,6.962,180945.9125
2023-08-19 08:30:00,25990.1,25990.1,25987.0,25987.1,19.291,501344.1384
2023-08-19 08:31:00,25987.1,25987.1,25961.5,25975.5,276.258,7174892.6599
2023-08-19 08:32:00,25975.5,25976.0,25957.7,25957.8,52.757,1369674.2136
2023-08-19 08:33:00,25957.8,25965.0,25943.8,25965.0,206.718,5364422.6596
2023-08-19 08:34:00,25965.0,25975.0,25965.0,25969.0,43.805,1137613.7577
2023-08-19 08:35:00,25969.0,25975.0,25968.2,25968.3,17.779,461781.5522
2023-08-19 08:36:00,25968.3,25978.5,25968.2,25971.4,27.816,722487.0486
2023-08-19 08:37:00,25971.4,25973.0,25967.6,25967.7,23.494,610128.9835
2023-08-19 08:38:00,25967.7,25967.7,25945.6,25945.6,78.226,2030363.8127
2023-08-19 08:39:00,25945.6,25963.8,25945.6,25963.7,54.593,1416875.6066
2023-08-19 08:40:00,25963.7,25963.8,25957.2,25957.2,10.133,263083.2215
2023-08-19 08:41:00,25957.2,25957.3,25951.6,25951.6,20.94,543519.5655
2023-08-19 08:42:00,25951.6,25955.4,25939.6,25942.6,241.768,6272922.4105
2023-08-19 08:43:00,25942.6,25942.7,25928.6,25930.6,144.23,3740568.0454
2023-08-19 08:44:00,25930.6,25947.8,25930.5,25947.8,58.726,1523253.9532
2023-08-19 08:45:00,25947.8,25953.0,25932.0,25932.0,46.233,1199408.5651
2023-08-19 08:46:00,25932.0,25939.0,25932.0,25935.4,15.491,401765.3926
2023-08-19 08:47:00,25935.4,25938.8,25935.3,25938.8,18.414,477601.4284
2023-08-19 08:48:00,25938.8,25943.1,25930.3,25930.3,69.311,1797756.0114
2023-08-19 08:49:00,25930.3,25932.3,25926.6,25926.6,40.201,1042449.0673
2023-08-19 08:50:00,25926.6,25926.7,25910.5,25922.5,119.883,3107119.2601
2023-08-19 08:51:00,25922.5,25947.4,25922.4,25947.4,58.32,1512419.6739
2023-08-19 08:52:00,25947.4,25949.3,25947.3,25948.1,65.492,1699389.6517
2023-08-19 08:53:00,25948.1,25948.1,25935.9,25943.7,35.945,932477.9331
2023-08-19 08:54:00,25943.7,25943.7,25918.0,25924.7,75.647,1961634.0196
2023-08-19 08:55:00,25924.7,25938.6,25924.6,25930.2,61.064,1583476.4808
2023-08-19 08:56:00,25930.2,25930.2,25918.0,25927.0,28.016,726276.4621
2023-08-19 08:57:00,25927.0,25949.0,25926.9,25948.9,39.679,1029269.706
2023-08-19 08:58:00,25948.9,25955.0,25948.9,25955.0,79.117,2053261.622
2023-08-19 08:59:00,25955.0,25964.6,25952.0,25952.1,49.057,1273558.4205
2023-08-19 09:00:00,25952.1,25952.1,25938.2,25949.6,26.6,690054.5252
2023-08-19 09:01:00,25949.6,25949.6,25936.5,25936.5,36.035,934866.2227
2023-08-19 09:02:00,25936.5,25936.6,25932.0,25936.4,13.204,342443.6072
2023-08-19 09:03:00,25936.4,25950.0,25936.4,25950.0,36.945,958564.8921
2023-08-19 09:04:00,25950.0,25962.4,25950.0,25962.3,8.234,213741.065
2023-08-19 09:05:00,25962.3,25962.4,25962.3,25962.3,7.528,195444.7465
2023-08-19 09:06:00,25962.3,25962.4,25951.0,25951.1,12.385,321481.834
2023-08-19 09:07:00,25951.1,25956.6,25951.0,25956.6,39.921,1036012.6718
2023-08-19 09:08:00,25956.6,25956.9,25949.5,25955.1,16.312,423377.5397
2023-08-19 09:09:00,25955.1,25955.5,25952.0,25952.0,6.275,162865.8491
2023-08-19 09:10:00,25952.0,25952.1,25935.6,25936.6,48.919,1268897.1675
2023-08-19 09:11:00,25936.6,25936.7,25936.6,25936.6,3.539,91789.7378
2023-08-19 09:12:00,25936.6,25936.7,25936.6,25936.7,3.76,97521.8151
2023-08-19 09:13:00,25936.7,25937.3,25936.6,25937.3,8.842,229332.6155
2023-08-19 09:14:00,25937.3,25939.7,25937.3,25939.6,6.682,173326.029
2023-08-19 09:15:00,25939.6,25939.7,25929.0,25930.0,195.561,5071478.5972
2023-08-19 09:16:00,25930.0,25930.0,25929.9,25929.9,8.836,229116.9802
2023-08-19 09:17:00,25929.9,25937.8,25929.9,25934.6,50.222,1302332.3363
2023-08-19 09:18:00,25934.6,25934.7,25928.6,25928.6,22.2,575623.9668
2023-08-19 09:19:00,25928.6,25942.7,25928.6,25940.2,23.501,609491.8991
2023-08-19 09:20:00,25940.2,25942.6,25940.2,25942.0,12.629,327626.3668
2023-08-19 09:21:00,25942.0,25942.1,25940.1,25940.2,14.51,376418.6725
2023-08-19 09:22:00,25940.2,25940.2,25939.9,25940.0,2.934,76107.9763
2023-08-19 09:23:00,25940.0,25940.0,25939.9,25939.9,5.801,150477.7159
2023-08-19 09:24:00,25939.9,25949.4,25939.9,25949.4,6.642,172329.5518
2023-08-19 09:25:00,25949.4,25949.4,25949.3,25949.4,8.718,226226.5161
2023-08-19 09:26:00,25949.4,25951.5,25949.3,25951.5,12.099,313981.0209
2023-08-19 09:27:00,25951.5,25951.5,25951.4,25951.4,7.918,205483.7142
2023-08-19 09:28:00,25951.4,25951.5,25951.4,25951.4,2.572,66747.2395
2023-08-19 09:29:00,25951.4,25951.7,25951.4,25951.7,5.223,135544.9421
2023-08-19 09:30:00,25951.7,25955.0,25951.7,25953.6,8.527,221303.8335
2023-08-19 09:31:00,25953.6,25953.6,25953.5,25953.5,2.202,57149.788
2023-08-19 09:32:00,25953.5,25953.6,25953.5,25953.6,1.385,35945.6917
2023-08-19 09:33:00,25953.6,25956.7,25953.5,25953.6,63.537,1649087.185
2023-08-19 09:34:00,25953.6,25953.6,25935.6,25938.9,50.264,1304103.9905
2023-08-19 09:35:00,25938.9,25945.3,25938.9,25945.2,16.395,425320.2963
2023-08-19 09:36:00,25945.2,25945.2,25939.0,25939.0,19.062,494456.5217
2023-08-19 09:37:00,25939.0,25939.0,25923.7,25923.7,83.667,2169734.1559
2023-08-19 09:38:00,25923.7,25931.2,25923.7,25931.2,23.16,600460.5159
2023-08-19 09:39:00,25931.2,25931.2,25931.1,25931.2,12.092,313559.4832
2023-08-19 09:40:00,25931.2,25931.2,25927.7,25927.7,8.469,219586.2367
2023-08-19 09:41:00,25927.7,25930.7,25927.7,25930.7,46.507,1205853.428
2023-08-19 09:42:00,25930.7,25930.7,25930.6,25930.6,0.697,18073.6611
2023-08-19 09:43:00,25930.6,25930.7,25930.6,25930.6,7.055,182940.587
2023-08-19 09:44:00,25930.6,25936.4,25930.6,25936.4,11.808,306220.7121
2023-08-19 09:45:00,25936.4,25936.4,25932.3,25933.7,4.214,109287.4946
2023-08-19 09:46:00,25933.7,25933.7,25931.8,25931.9,5.722,148385.5424
2023-08-19 09:47:00,25931.9,25931.9,25931.8,25931.8,3.579,92809.9639
2023-08-19 09:48:00,25931.8,25931.9,25931.8,25931.8,4.76,123435.6313
2023-08-19 09:49:00,25931.8,25935.2,25931.8,25935.2,17.628,457144.689
2023-08-19 09:50:00,25935.2,25935.2,25935.1,25935.2,2.519,65330.6032
2023-08-19 09:51:00,25935.2,25935.2,25930.0,25930.0,17.862,463184.4269
2023-08-19 09:52:00,25930.0,25930.1,25902.9,25921.1,266.106,6896747.1766
2023-08-19 09:53:00,25921.1,25932.6,25921.0,25931.5,42.323,1097420.255
2023-08-19 09:54:00,25931.5,25950.0,25931.4,25949.7,53.689,1392924.0148
2023-08-19 09:55:00,25949.7,25957.4,25948.2,25957.4,48.261,1252442.7739
2023-08-19 09:56:00,25957.4,25959.4,25955.0,25955.1,48.727,1264837.7709
2023-08-19 09:57:00,25955.1,25955.1,25950.6,25950.7,19.421,504045.4167
2023-08-19 09:58:00,25950.7,25950.7,25937.8,25937.9,12.994,337098.0092
2023-08-19 09:59:00,25937.9,25945.9,25937.8,25945.9,10.303,267255.9717
2023-08-19 10:00:00,25945.9,25945.9,25930.6,25942.3,25.792,668952.5693
2023-08-19 10:01:00,25942.3,25948.0,25942.2,25948.0,33.669,873556.0699
2023-08-19 10:02:00,25948.0,25948.0,25947.9,25948.0,10.121,262619.3101
2023-08-19 10:03:00,25948.0,25971.0,25947.9,25971.0,38.864,1008993.9446
2023-08-19 10:04:00,25971.0,25971.0,25961.8,25967.0,23.982,622728.0618
2023-08-19 10:05:00,25967.0,25973.2,25963.8,25973.2,32.201,836252.5581
2023-08-19 10:06:00,25973.2,25974.0,25973.1,25973.9,11.289,293213.5804
2023-08-19 10:07:00,25973.9,25975.0,25973.9,25974.9,6.34,164676.8027
2023-08-19 10:08:00,25974.9,25979.5,25974.9,25979.5,12.569,326491.2158
2023-08-19 10:09:00,25979.5,25979.5,25978.5,25979.5,22.176,576112.6799
2023-08-19 10:10:00,25979.5,25984.8,25978.9,25984.8,33.637,873970.8686
2023-08-19 10:11:00,25984.8,25986.2,25983.5,25983.5,12.246,318220.3665
2023-08-19 10:12:00,25983.5,25983.5,25970.0,25973.6,43.989,1142658.2243
2023-08-19 10:13:00,25973.6,25973.7,25973.6,25973.6,7.173,186309.1589
2023-08-19 10:14:00,25973.6,25983.0,25972.0,25982.9,24.789,643867.6173
2023-08-19 10:15:00,25982.9,25984.9,25979.1,25980.7,28.43,738681.0772
2023-08-19 10:16:00,25980.7,25992.6,25980.2,25980.2,71.878,1867897.0561
2023-08-19 10:17:00,25980.2,25990.7,25980.2,25990.6,114.896,2985285.708
2023-08-19 10:18:00,25990.6,25990.7,25987.9,25987.9,15.68,407522.7234
2023-08-19 10:19:00,25987.9,25987.9,25980.2,25980.2,35.052,910869.9811
2023-08-19 10:20:00,25980.2,25980.2,25969.3,25969.4,66.584,1729329.9948
2023-08-19 10:21:00,25969.4,25969.4,25964.4,25969.3,29.167,757383.5
2023-08-19 10:22:00,25969.3,25969.4,25969.3,25969.3,2.791,72480.4159
2023-08-19 10:23:00,25969.3,25969.4,25969.3,25969.4,1.154,29968.635
2023-08-19 10:24:00,25969.4,25969.4,25969.3,25969.4,5.903,153297.1806
2023-08-19 10:25:00,25969.4,25969.4,25958.5,25964.5,32.26,837528.0868
2023-08-19 10:26:00,25964.5,25971.2,25964.4,25971.2,26.785,695485.4446
2023-08-19 10:27:00,25971.2,25971.2,25968.4,25968.5,4.166,108190.1497
2023-08-19 10:28:00,25968.5,25968.5,25962.9,25965.6,13.205,342875.6737
2023-08-19 10:29:00,25965.6,25973.1,25965.6,25973.1,8.17,212161.167
2023-08-19 10:30:00,25973.1,25976.2,25964.5,25964.5,26.976,700579.5989
2023-08-19 10:31:00,25964.5,25964.6,25960.8,25960.8,6.297,163487.6244
2023-08-19 10:32:00,25960.8,25960.9,25957.9,25958.0,26.659,692041.7768
2023-08-19 10:33:00,25958.0,25958.0,25943.6,25943.7,20.215,524552.6959
2023-08-19 10:34:00,25943.7,25943.7,25940.2,25940.2,11.641,301994.922
2023-08-19 10:35:00,25940.2,25940.2,25938.6,25938.6,9.034,234331.9627
2023-08-19 10:36:00,25938.6,25940.0,25938.5,25940.0,73.719,1912170.0258
2023-08-19 10:37:00,25940.0,25962.1,25939.9,25960.2,44.629,1158047.096
2023-08-19 10:38:00,25960.2,25970.0,25958.6,25970.0,7.272,188791.8919
2023-08-19 10:39:00,25970.0,25977.4,25969.9,25977.4,11.424,296709.5209
2023-08-19 10:40:00,25977.4,25977.6,25977.2,25977.3,5.83,151448.3745
2023-08-19 10:41:00,25977.3,25977.3,25973.0,25973.1,11.832,307338.6612
2023-08-19 10:42:00,25973.1,25973.1,25960.0,25960.1,23.037,598249.7192
2023-08-19 10:43:00,25960.1,25960.1,25960.0,25960.1,12.581,326603.8868
2023-08-19 10:44:00,25960.1,25960.1,25956.6,25956.6,7.942,206150.648
2023-08-19 10:45:00,25956.6,25956.7,25947.6,25947.7,13.811,358406.6355
2023-08-19 10:46:00,25947.7,25947.7,25943.0,25943.4,33.71,874581.1885
2023-08-19 10:47:00,25943.4,25943.5,25936.7,25936.7,18.954,491663.2802
2023-08-19 10:48:00,25936.7,25936.8,25936.7,25936.8,11.233,291347.5356
2023-08-19 10:49:00,25936.8,25936.8,25936.0,25936.1,9.07,235244.3614
2023-08-19 10:50:00,25936.1,25950.4,25936.0,25950.3,38.292,993476.7579
2023-08-19 10:51:00,25950.3,25959.7,25950.3,25959.7,11.341,294340.6423
2023-08-19 10:52:00,25959.7,25965.3,25959.6,25965.3,49.942,1296542.4847
2023-08-19 10:53:00,25965.3,25965.3,25965.2,25965.3,9.223,239477.8951
2023-08-19 10:54:00,25965.3,25965.3,25953.0,25953.0,26.382,684979.73
2023-08-19 10:55:00,25953.0,25953.1,25946.9,25948.4,8.693,225575.4523
2023-08-19 10:56:00,25948.4,25951.6,25947.0,25951.6,59.74,1550164.3647
2023-08-19 10:57:00,25951.6,25953.1,25951.5,25953.1,3.742,97110.7164
2023-08-19 10:58:00,25953.1,25955.1,25945.0,25945.1,87.793,2278590.3107
2023-08-19 10:59:00,25945.1,25945.1,25931.6,25931.7,27.53,714040.918
2023-08-19 11:00:00,25931.7,25931.7,25921.5,25927.6,62.131,1610921.1954
2023-08-19 11:01:00,25927.6,25931.2,25927.6,25931.1,2.711,70297.2402
2023-08-19 11:02:00,25931.1,25935.4,25927.0,25927.1,84.4,2188711.5305
2023-08-19 11:03:00,25927.1,25927.1,25870.6,25882.4,546.479,14149801.326
2023-08-19 11:04:00,25882.4,25904.6,25874.5,25890.0,192.6,4986496.4393
2023-08-19 11:05:00,25890.0,25907.9,25890.0,25895.4,73.186,1895580.8341
2023-08-19 11:06:00,25895.4,25912.2,25895.4,25905.3,44.333,1148564.9213
2023-08-19 11:07:00,25905.3,25907.1,25880.0,25880.1,88.692,2296263.6399
2023-08-19 11:08:00,25880.1,25891.7,25878.2,25885.9,37.156,961757.5419
2023-08-19 11:09:00,25885.9,25885.9,25883.2,25883.2,21.329,552101.7821
2023-08-19 11:10:00,25883.2,25890.5,25860.2,25890.5,161.273,4172817.9986
2023-08-19 11:11:00,25890.5,25905.1,25886.4,25889.4,138.379,3583489.304
2023-08-19 11:12:00,25889.4,25892.8,25888.8,25892.8,25.095,649748.9764
2023-08-19 11:13:00,25892.8,25894.4,25890.1,25892.4,30.867,799205.2745
2023-08-19 11:14:00,25892.4,25904.1,25890.0,25890.1,34.633,896799.1001
2023-08-19 11:15:00,25890.1,25895.2,25881.9,25895.0,62.838,1626712.2708
2023-08-19 11:16:00,25895.0,25900.6,25894.8,25900.0,22.129,573097.6214
2023-08-19 11:17:00,25900.0,25900.3,25900.0,25900.3,4.544,117690.6624
2023-08-19 11:18:00,25900.3,25900.3,25874.8,25874.9,237.274,6144025.8573
2023-08-19 11:19:00,25874.9,25879.9,25872.0,25872.9,35.593,920966.2583
2023-08-19 11:20:00,25872.9,25893.8,25872.9,25892.8,86.637,2242395.9145
2023-08-19 11:21:00,25892.8,25892.9,25882.4,25882.4,17.728,458898.3741
2023-08-19 11:22:00,25882.4,25882.4,25868.9,25868.9,72.598,1878332.7309
2023-08-19 11:23:00,25868.9,25874.7,25868.0,25874.6,74.375,1923973.6813
2023-08-19 11:24:00,25874.6,25878.8,25874.5,25874.8,14.166,366562.9315
2023-08-19 11:25:00,25874.8,25874.8,25861.5,25865.0,36.645,947941.7792
2023-08-19 11:26:00,25865.0,25865.9,25857.6,25865.9,88.956,2300451.7839
2023-08-19 11:27:00,25865.9,25871.8,25865.8,25868.0,18.522,479156.5203
2023-08-19 11:28:00,25868.0,25878.0,25867.9,25878.0,14.232,368251.5456
2023-08-19 11:29:00,25878.0,25878.0,25871.4,25871.5,14.246,368617.4593
2023-08-19 11:30:00,25871.5,25875.9,25865.0,25875.9,24.028,621530.6066
2023-08-19 11:31:00,25875.9,25875.9,25871.1,25873.6,43.993,1138340.0028
2023-08-19 11:32:00,25873.6,25875.6,25868.8,25875.6,13.39,346430.7815
2023-08-19 11:33:00,25875.6,25878.0,25875.5,25877.5,22.865,591668.5951
2023-08-19 11:34:00,25877.5,25877.5,25877.4,25877.4,5.98,154747.3498
2023-08-19 11:35:00,25877.4,25884.0,25877.4,25884.0,22.344,578297.2014
2023-08-19 11:36:00,25884.0,25889.6,25883.9,25889.6,49.811,1289452.3129
2023-08-19 11:37:00,25889.6,25894.1,25889.6,25894.1,23.503,608547.2791
2023-08-19 11:38:00,25894.1,25898.0,25894.0,25897.9,27.871,721781.1165
2023-08-19 11:39:00,25897.9,25898.0,25888.9,25888.9,24.074,623381.3912
2023-08-19 11:40:00,25888.9,25889.0,25883.0,25887.4,77.988,2018636.5071
2023-08-19 11:41:00,25887.4,25899.1,25887.4,25899.0,25.934,671548.9118
2023-08-19 11:42:00,25899.0,25899.7,25899.0,25899.7,40.439,1047349.7063
2023-08-19 11:43:00,25899.7,25899.7,25887.5,25887.6,21.57,558478.135
2023-08-19 11:44:00,25887.6,25887.6,25887.5,25887.5,5.3,137204.0646
2023-08-19 11:45:00,25887.5,25887.6,25878.0,25878.0,24.03,621967.1898
2023-08-19 11:46:00,25878.0,25878.1,25875.8,25875.8,40.018,1035571.6271
2023-08-19 11:47:00,25875.8,25875.9,25861.7,25868.0,38.953,1007562.9467
2023-08-19 11:48:00,25868.0,25879.0,25868.0,25878.6,14.66,379362.8564
2023-08-19 11:49:00,25878.6,25879.1,25878.6,25879.0,12.082,312668.3747
2023-08-19 11:50:00,25879.0,25879.1,25874.3,25874.3,16.538,427949.2925
2023-08-19 11:51:00,25874.3,25874.3,25865.3,25869.9,21.451,554912.524
2023-08-19 11:52:00,25869.9,25873.5,25866.6,25866.6,32.968,852934.8633
2023-08-19 11:53:00,25866.6,25870.0,25854.5,25868.0,137.531,3556731.582
2023-08-19 11:54:00,25868.0,25873.3,25866.2,25870.7,22.66,586214.8026
2023-08-19 11:55:00,25870.7,25885.5,25870.6,25885.5,76.425,1978038.6991
2023-08-19 11:56:00,25885.5,25889.4,25885.4,25889.3,17.897,463309.5516
2023-08-19 11:57:00,25889.3,25889.4,25889.3,25889.3,11.439,296148.5531
2023-08-19 11:58:00,25889.3,25895.0,25889.3,25894.9,26.744,692461.4466
2023-08-19 11:59:00,25894.9,25897.7,25894.9,25897.6,49.461,1280842.8628
2023-08-19 12:00:00,25897.6,25897.7,25897.6,25897.7,8.015,207569.9981
2023-08-19 12:01:00,25897.7,25897.7,25897.6,25897.7,5.167,133813.3315
2023-08-19 12:02:00,25897.7,25898.1,25897.6,25898.1,9.78,253282.0419
2023-08-19 12:03:00,25898.1,25898.1,25898.0,25898.1,9.055,234506.827
2023-08-19 12:04:00,25898.1,25898.1,25887.5,25895.6,44.14,1143049.9019
2023-08-19 12:05:00,25895.6,25912.1,25895.5,25912.1,106.846,2767521.169
2023-08-19 12:06:00,25912.1,25912.3,25903.6,25903.7,17.269,447443.8753
2023-08-19 12:07:00,25903.7,25903.7,25900.0,25900.1,27.695,717310.4331
2023-08-19 12:08:00,25900.1,25900.1,25880.2,25880.9,53.093,1374711.7858
2023-08-19 12:09:00,25880.9,25880.9,25872.2,25872.3,31.305,810017.2258
2023-08-19 12:10:00,25872.3,25872.3,25854.7,25856.8,47.094,1217964.712
2023-08-19 12:11:00,25856.8,25856.8,25833.3,25836.7,231.423,5980993.5851
2023-08-19 12:12:00,25836.7,25856.8,25821.0,25853.7,221.205,5715564.9726
2023-08-19 12:13:00,25853.7,25855.4,25836.0,25839.6,116.74,3017100.155
2023-08-19 12:14:00,25839.6,25841.2,25839.5,25841.1,14.016,362189.1488
2023-08-19 12:15:00,25841.1,25841.2,25829.4,25840.0,37.154,959835.0641
2023-08-19 12:16:00,25840.0,25857.1,25834.6,25857.0,66.026,1706638.9512
2023-08-19 12:17:00,25857.0,25860.0,25846.1,25846.2,58.453,1511375.3459
2023-08-19 12:18:00,25846.2,25846.2,25837.4,25837.5,20.477,529101.3431
2023-08-19 12:19:00,25837.5,25846.1,25837.4,25846.0,25.037,646998.4596
2023-08-19 12:20:00,25846.0,25859.3,25846.0,25859.2,36.514,944027.262
2023-08-19 12:21:00,25859.2,25859.3,25851.8,25851.8,17.662,456711.6728
2023-08-19 12:22:00,25851.8,25858.9,25850.5,25850.5,13.714,354555.0527
2023-08-19 12:23:00,25850.5,25850.6,25827.4,25835.6,60.406,1560571.4013
2023-08-19 12:24:00,25835.6,25842.9,25835.6,25842.8,25.728,664821.4405
2023-08-19 12:25:00,25842.8,25845.0,25842.8,25843.7,4.202,108598.3516
2023-08-19 12:26:00,25843.7,25848.0,25843.7,25845.9,25.948,670668.6562
2023-08-19 12:27:00,25845.9,25855.9,25845.9,25846.2,82.03,2120687.3643
2023-08-19 12:28:00,25846.2,25846.3,25833.6,25833.6,15.921,411349.788
2023-08-19 12:29:00,25833.6,25833.7,25803.1,25822.9,226.702,5851990.9539
2023-08-19 12:30:00,25822.9,25822.9,25809.7,25809.7,121.475,3136176.467
2023-08-19 12:31:00,25809.7,25817.9,25805.1,25815.1,140.83,3634724.116
2023-08-19 12:32:00,25815.1,25815.1,25785.7,25800.0,305.306,7875092.1697
2023-08-19 12:33:00,25800.0,25806.3,25791.1,25806.3,51.0,1315695.2025
2023-08-19 12:34:00,25806.3,25817.3,25800.4,25817.3,105.661,2726752.3436
2023-08-19 12:35:00,25817.3,25824.8,25811.6,25821.8,56.218,1451492.4479
2023-08-19 12:36:00,25821.8,25831.2,25821.7,25831.2,42.574,1099633.7396
2023-08-19 12:37:00,25831.2,25839.0,25831.1,25838.7,17.484,451687.4746
2023-08-19 12:38:00,25838.7,25838.7,25823.1,25823.1,58.942,1522612.0137
2023-08-19 12:39:00,25823.1,25823.1,25805.5,25805.5,41.227,1064146.1677
2023-08-19 12:40:00,25805.5,25820.0,25805.5,25820.0,11.119,287024.2102
2023-08-19 12:41:00,25820.0,25820.0,25808.0,25808.0,19.266,497361.9883
2023-08-19 12:42:00,25808.0,25808.5,25795.8,25805.7,50.238,1296254.8627
2023-08-19 12:43:00,25805.7,25805.7,25791.4,25793.6,24.947,643524.3195
2023-08-19 12:44:00,25793.6,25799.9,25793.5,25799.9,54.645,1409735.7223
2023-08-19 12:45:00,25799.9,25817.4,25799.9,25814.9,48.173,1243348.612
2023-08-19 12:46:00,25814.9,25828.1,25814.9,25828.1,45.239,1168241.8217
2023-08-19 12:47:00,25828.1,25830.0,25803.8,25803.9,57.259,1478289.617
2023-08-19 12:48:00,25803.9,25803.9,25793.5,25794.3,30.651,790707.2215
2023-08-19 12:49:00,25794.3,25806.8,25793.5,25806.7,17.615,454411.4869
2023-08-19 12:50:00,25806.7,25815.1,25806.2,25806.2,103.854,2680509.1685
2023-08-19 12:51:00,25806.2,25815.6,25805.1,25815.5,19.162,494589.4845
2023-08-19 12:52:00,25815.5,25827.2,25815.5,25822.1,59.513,1536510.9113
2023-08-19 12:53:00,25822.1,25825.0,25822.0,25825.0,17.315,447153.3577
2023-08-19 12:54:00,25825.0,25825.0,25824.9,25824.9,6.835,176513.6484
2023-08-19 12:55:00,25824.9,25825.0,25823.0,25823.1,10.855,280324.2991
2023-08-19 12:56:00,25823.1,25823.1,25817.2,25817.2,6.031,155722.7686
2023-08-19 12:57:00,25817.2,25817.3,25804.8,25804.9,10.781,278218.0523
2023-08-19 12:58:00,25804.9,25809.3,25800.0,25809.3,25.619,661063.5452
2023-08-19 12:59:00,25809.3,25819.0,25809.3,25818.6,23.56,608262.0243
2023-08-19 13:00:00,25818.6,25818.6,25814.1,25815.0,24.049,620822.0281
2023-08-19 13:01:00,25815.0,25827.9,25814.9,25827.9,21.101,544844.8752
2023-08-19 13:02:00,25827.9,25838.1,25827.9,25836.1,212.268,5483312.7128
2023-08-19 13:03:00,25836.1,25874.0,25836.1,25860.4,239.662,6196685.4917
2023-08-19 13:04:00,25860.4,25888.5,25860.0,25871.9,184.323,4770328.6983
2023-08-19 13:05:00,25871.9,25884.3,25871.8,25880.5,180.939,4682462.2183
2023-08-19 13:06:00,25880.5,25880.6,25870.1,25878.6,52.859,1367892.1303
2023-08-19 13:07:00,25878.6,25900.0,25878.6,25896.4,90.287,2337787.8297
2023-08-19 13:08:00,25896.4,25896.4,25882.2,25882.3,29.968,775808.294
2023-08-19 13:09:00,25882.3,25882.3,25871.0,25871.1,31.482,814614.5676
2023-08-19 13:10:00,25871.1,25878.6,25865.1,25877.5,62.776,1623982.9145
2023-08-19 13:11:00,25877.5,25886.7,25877.4,25886.7,29.16,754737.695
2023-08-19 13:12:00,25886.7,25891.0,25886.6,25891.0,70.567,1827034.8836
2023-08-19 13:13:00,25891.0,25891.0,25874.5,25879.9,67.25,1740706.7709
2023-08-19 13:14:00,25879.9,25880.0,25879.9,25879.9,10.208,264182.7444
2023-08-19 13:15:00,25879.9,25880.0,25871.3,25871.3,34.365,889148.0908
2023-08-19 13:16:00,25871.3,25886.3,25870.0,25886.2,76.813,1987665.0457
2023-08-19 13:17:00,25886.2,25892.4,25886.2,25892.4,34.362,889652.3984
2023-08-19 13:18:00,25892.4,25894.9,25888.1,25892.7,61.968,1604527.3848
2023-08-19 13:19:00,25892.7,25903.5,25892.7,25899.5,252.743,6545897.9113
2023-08-19 13:20:00,25899.5,25899.6,25896.2,25896.2,27.242,705507.0012
2023-08-19 13:21:00,25896.2,25896.2,25883.6,25888.7,37.511,971093.0562
2023-08-19 13:22:00,25888.7,25895.8,25888.7,25895.7,7.665,198471.3744
2023-08-19 13:23:00,25895.7,25895.8,25895.7,25895.7,9.042,234149.6353
2023-08-19 13:24:00,25895.7,25895.8,25888.5,25890.9,17.478,452566.0216
2023-08-19 13:25:00,25890.9,25900.3,25890.9,25900.3,80.342,2080579.9509
2023-08-19 13:26:00,25900.3,25904.1,25900.2,25904.0,49.923,1293166.8136
2023-08-19 13:27:00,25904.0,25904.3,25904.0,25904.3,44.309,1147784.6079
2023-08-19 13:28:00,25904.3,25905.0,25901.5,25901.6,18.919,490063.9924
2023-08-19 13:29:00,25901.6,25901.6,25901.5,25901.6,14.772,382617.8405
2023-08-19 13:30:00,25901.6,25905.8,25901.5,25905.7,75.018,1943129.9903
2023-08-19 13:31:00,25905.7,25914.9,25905.7,25914.7,110.978,2875727.086
2023-08-19 13:32:00,25914.7,25915.5,25911.0,25911.1,70.214,1819562.3975
2023-08-19 13:33:00,25911.1,25911.1,25900.1,25900.1,31.105,805720.6195
2023-08-19 13:34:00,25900.1,25900.2,25900.1,25900.1,12.705,329060.8801
2023-08-19 13:35:00,25900.1,25900.2,25893.6,25893.6,22.954,594408.7926
2023-08-19 13:36:00,25893.6,25893.7,25887.1,25887.1,48.054,1244125.4252
2023-08-19 13:37:00,25887.1,25887.1,25881.1,25881.1,29.765,770415.1716
2023-08-19 13:38:00,25881.1,25881.2,25881.1,25881.1,18.158,469950.1134
2023-08-19 13:39:00,25881.1,25884.5,25881.1,25884.5,67.865,1756472.8723
2023-08-19 13:40:00,25884.5,25920.0,25884.5,25919.9,226.259,5861297.1104
2023-08-19 13:41:00,25919.9,25937.7,25917.4,25937.7,168.937,4379708.5722
2023-08-19 13:42:00,25937.7,25966.2,25937.6,25944.8,353.952,9186560.2985
2023-08-19 13:43:00,25944.8,25957.0,25944.7,25955.3,130.026,3374137.5825
2023-08-19 13:44:00,25955.3,25955.3,25950.4,25950.5,24.308,630848.4311
2023-08-19 13:45:00,25950.5,25950.5,25935.6,25935.6,30.261,785078.4961
2023-08-19 13:46:00,25935.6,25955.0,25935.5,25954.9,58.761,1524446.975
2023-08-19 13:47:00,25954.9,25960.0,25954.9,25960.0,84.161,2184428.0482
2023-08-19 13:48:00,25960.0,25962.4,25956.3,25956.3,53.156,1379918.96
2023-08-19 13:49:00,25956.3,25956.3,25948.0,25948.1,23.21,602328.8789
2023-08-19 13:50:00,25948.1,25948.1,25938.6,25946.5,62.185,1613429.3566
2023-08-19 13:51:00,25946.5,25979.0,25946.5,25969.0,182.182,4730992.7142
2023-08-19 13:52:00,25969.0,25969.1,25941.6,25945.3,65.592,1702197.962
2023-08-19 13:53:00,25945.3,25945.3,25927.8,25933.6,43.859,1137459.8108
2023-08-19 13:54:00,25933.6,25938.2,25927.0,25938.1,54.587,1415574.7691
2023-08-19 13:55:00,25938.1,25974.4,25938.1,25972.8,148.42,3853212.7591
2023-08-19 13:56:00,25972.8,25985.4,25972.8,25973.7,164.066,4262207.8488
2023-08-19 13:57:00,25973.7,25973.7,25960.0,25960.0,56.911,1477646.9276
2023-08-19 13:58:00,25960.0,25960.1,25954.7,25954.7,53.438,1387208.7134
2023-08-19 13:59:00,25954.7,25970.0,25950.3,25968.8,64.703,1679756.4335
2023-08-19 14:00:00,25968.8,25969.9,25966.3,25966.3,19.426,504432.9144
2023-08-19 14:01:00,25966.3,25966.4,25953.1,25953.3,69.149,1795172.2155
2023-08-19 14:02:00,25953.3,25953.3,25946.3,25946.4,32.101,833030.7391
2023-08-19 14:03:00,25946.4,25953.3,25946.1,25953.3,16.428,426254.1306
2023-08-19 14:04:00,25953.3,25953.4,25942.8,25942.9,17.484,453627.3595
2023-08-19 14:05:00,25942.9,25942.9,25937.9,25937.9,20.674,536281.2048
2023-08-19 14:06:00,25937.9,25938.0,25932.1,25932.2,119.959,3111287.7277
2023-08-19 14:07:00,25932.2,25932.2,25918.4,25918.4,88.641,2297923.543
2023-08-19 14:08:00,25918.4,25927.9,25912.1,25927.8,75.619,1959935.2152
2023-08-19 14:09:00,25927.8,25933.8,25927.6,25928.4,49.499,1283473.596
2023-08-19 14:10:00,25928.4,25928.4,25916.0,25922.1,24.247,628491.3572
2023-08-19 14:11:00,25922.1,25932.8,25922.1,25926.1,17.695,458821.7093
2023-08-19 14:12:00,25926.1,25927.9,25923.5,25924.8,13.11,339884.2878
2023-08-19 14:13:00,25924.8,25924.9,25912.1,25912.1,30.277,784703.7078
2023-08-19 14:14:00,25912.1,25913.5,25912.1,25913.5,44.71,1158565.2021
2023-08-19 14:15:00,25913.5,25913.5,25913.4,25913.4,6.548,169681.1618
2023-08-19 14:16:00,25913.4,25913.5,25904.0,25911.6,45.993,1191533.5758
2023-08-19 14:17:00,25911.6,25913.1,25911.6,25913.1,29.332,760081.8287
2023-08-19 14:18:00,25913.1,25926.6,25913.0,25924.9,119.529,3098631.2391
2023-08-19 14:19:00,25924.9,25924.9,25922.6,25924.3,6.757,175161.5829
2023-08-19 14:20:00,25924.3,25925.4,25924.3,25925.4,17.754,460270.3
2023-08-19 14:21:00,25925.4,25925.4,25919.8,25919.9,36.583,948272.8749
2023-08-19 14:22:00,25919.9,25921.8,25919.8,25921.8,2.595,67266.3443
2023-08-19 14:23:00,25921.8,25921.8,25910.0,25910.0,8.66,224424.5458
2023-08-19 14:24:00,25910.0,25910.1,25895.4,25895.9,204.797,5304909.4359
2023-08-19 14:25:00,25895.9,25905.0,25895.8,25904.9,35.947,930983.1867
2023-08-19 14:26:00,25904.9,25915.4,25904.9,25915.3,19.005,492460.1188
2023-08-19 14:27:00,25915.3,25924.8,25915.3,25923.9,42.037,1089639.4108
2023-08-19 14:28:00,25923.9,25924.0,25920.5,25920.5,6.918,179335.9495
2023-08-19 14:29:00,25920.5,25920.5,25920.4,25920.4,1.828,47382.6076
2023-08-19 14:30:00,25920.4,25920.5,25916.6,25916.7,17.47,452823.2887
2023-08-19 14:31:00,25916.7,25916.7,25914.8,25914.9,20.792,538830.5984
2023-08-19 14:32:00,25914.9,25914.9,25910.5,25910.6,3.594,93132.485
2023-08-19 14:33:00,25910.6,25910.6,25899.9,25900.0,13.005,336875.7007
2023-08-19 14:34:00,25900.0,25900.0,25896.8,25899.0,19.857,514264.3564
2023-08-19 14:35:00,25899.0,25899.1,25894.5,25894.5,16.927,438373.2462
2023-08-19 14:36:00,25894.5,25898.2,25894.4,25898.1,25.556,661835.9391
2023-08-19 14:37:00,25898.1,25898.2,25885.8,25885.9,36.312,940107.6057
2023-08-19 14:38:00,25885.9,25885.9,25866.9,25883.4,219.364,5676013.2907
2023-08-19 14:39:00,25883.4,25889.4,25883.4,25889.4,20.383,527649.0622
2023-08-19 14:40:00,25889.4,25897.3,25889.4,25897.3,69.391,1796826.2368
2023-08-19 14:41:00,25897.3,25897.3,25897.2,25897.3,4.103,106256.5854
2023-08-19 14:42:00,25897.3,25905.0,25897.2,25904.9,33.6,870218.0692
2023-08-19 14:43:00,25904.9,25908.5,25904.9,25908.5,24.369,631349.1951
2023-08-19 14:44:00,25908.5,25908.6,25908.4,25908.5,13.483,349324.2423
2023-08-19 14:45:00,25908.5,25913.7,25908.5,25909.1,20.3,525997.7866
2023-08-19 14:46:00,25909.1,25909.1,25895.8,25895.9,22.249,576318.1101
2023-08-19 14:47:00,25895.9,25895.9,25885.8,25885.9,15.319,396559.9837
2023-08-19 14:48:00,25885.9,25885.9,25885.8,25885.8,30.764,796351.5822
2023-08-19 14:49:00,25885.8,25885.9,25885.8,25885.8,11.359,294036.8517
2023-08-19 14:50:00,25885.8,25885.9,25880.3,25880.3,36.424,942720.7961
2023-08-19 14:51:00,25880.3,25890.0,25875.7,25890.0,53.372,1381429.686
2023-08-19 14:52:00,25890.0,25905.9,25890.0,25905.8,69.133,1790589.4235
2023-08-19 14:53:00,25905.8,25905.9,25899.9,25899.9,11.01,285195.2381
2023-08-19 14:54:00,25899.9,25899.9,25895.1,25895.2,15.356,397655.9555
2023-08-19 14:55:00,25895.2,25899.2,25892.4,25892.5,16.44,425727.7459
2023-08-19 14:56:00,25892.5,25892.5,25887.3,25891.0,11.194,289803.2247
2023-08-19 14:57:00,25891.0,25907.6,25890.9,25907.6,27.399,709630.3085
2023-08-19 14:58:00,25907.6,25907.6,25904.0,25904.1,8.071,209079.2629
2023-08-19 14:59:00,25904.1,25904.1,25902.0,25902.1,12.391,320961.3098
2023-08-19 15:00:00,25902.1,25903.7,25902.0,25903.7,35.573,921422.4914
2023-08-19 15:01:00,25903.7,25908.1,25903.7,25908.0,10.23,265022.3639
2023-08-19 15:02:00,25908.0,25908.1,25902.0,25902.0,23.389,605892.4996
2023-08-19 15:03:00,25902.0,25902.1,25890.2,25890.4,7.21,186701.2507
2023-08-19 15:04:00,25890.4,25890.4,25886.4,25887.6,17.386,450098.9543
2023-08-19 15:05:00,25887.6,25889.0,25886.2,25886.5,11.761,304460.0697
2023-08-19 15:06:00,25886.5,25886.8,25883.7,25883.8,10.625,275035.3104
2023-08-19 15:07:00,25883.8,25883.8,25883.7,25883.7,7.721,199848.4035
2023-08-19 15:08:00,25883.7,25883.7,25878.5,25880.0,16.292,421668.987
2023-08-19 15:09:00,25880.0,25893.4,25880.0,25889.3,128.147,3316988.8825
2023-08-19 15:10:00,25889.3,25891.6,25887.4,25887.4,10.843,280733.8039
2023-08-19 15:11:00,25887.4,25890.0,25887.4,25890.0,11.93,308850.7509
2023-08-19 15:12:00,25890.0,25894.0,25890.0,25894.0,8.667,224411.6125
2023-08-19 15:13:00,25894.0,25898.8,25893.9,25898.8,3.52,91152.2504
2023-08-19 15:14:00,25898.8,25909.0,25898.7,25909.0,31.339,811921.0043
2023-08-19 15:15:00,25909.0,25918.7,25908.9,25918.7,26.523,687349.199
2023-08-19 15:16:00,25918.7,25932.6,25918.6,25928.0,120.22,3117069.1735
2023-08-19 15:17:00,25928.0,25945.0,25928.0,25942.8,145.178,3765808.0844
2023-08-19 15:18:00,25942.8,25945.0,25942.8,25945.0,12.319,319609.4077
2023-08-19 15:19:00,25945.0,25954.6,25944.9,25948.2,122.212,3171533.7566
2023-08-19 15:20:00,25948.2,25948.2,25940.0,25940.0,27.057,701965.3748
2023-08-19 15:21:00,25940.0,25940.1,25938.1,25938.1,22.473,582924.3819
2023-08-19 15:22:00,25938.1,25940.1,25935.0,25935.0,19.915,516572.8184
2023-08-19 15:23:00,25935.0,25936.0,25935.0,25935.9,8.635,223953.684
2023-08-19 15:24:00,25935.9,25937.5,25935.9,25937.5,25.624,664586.0268
2023-08-19 15:25:00,25937.5,25937.5,25920.1,25926.3,48.594,1260203.6019
2023-08-19 15:26:00,25926.3,25926.3,25922.2,25922.3,8.612,223242.4945
2023-08-19 15:27:00,25922.3,25927.0,25922.2,25927.0,6.187,160394.8778
2023-08-19 15:28:00,25927.0,25934.5,25926.9,25934.5,19.589,507958.8522
2023-08-19 15:29:00,25934.5,25934.5,25934.4,25934.5,11.878,308049.8665
2023-08-19 15:30:00,25934.5,25939.2,25934.4,25939.2,30.368,787614.8374
2023-08-19 15:31:00,25939.2,25939.3,25939.2,25939.3,3.613,93718.4828
2023-08-19 15:32:00,25939.3,25944.0,25939.2,25944.0,12.975,336593.6048
2023-08-19 15:33:00,25944.0,25944.0,25943.9,25944.0,17.7,459207.8228
2023-08-19 15:34:00,25944.0,25944.0,25932.2,25932.2,63.834,1655747.8632
2023-08-19 15:35:00,25932.2,25932.2,25926.2,25926.2,6.914,179281.3355
2023-08-19 15:36:00,25926.2,25926.2,25925.4,25926.1,9.507,246478.8306
2023-08-19 15:37:00,25926.1,25927.1,25926.1,25927.0,9.242,239612.7182
2023-08-19 15:38:00,25927.0,25930.5,25927.0,25930.5,22.135,573933.9033
2023-08-19 15:39:00,25930.5,25930.5,25929.5,25929.6,13.734,356121.6794
2023-08-19 15:40:00,25929.6,25929.6,25929.5,25929.6,4.668,121039.2724
2023-08-19 15:41:00,25929.6,25929.6,25925.5,25925.5,7.813,202574.734
2023-08-19 15:42:00,25925.5,25925.5,25923.6,25923.6,7.227,187356.583
2023-08-19 15:43:00,25923.6,25923.6,25922.4,25922.5,8.083,209533.1173
2023-08-19 15:44:00,25922.5,25922.5,25918.0,25918.0,18.265,473416.5779
2023-08-19 15:45:00,25918.0,25918.1,25918.0,25918.1,11.127,288389.8579
2023-08-19 15:46:00,25918.1,25918.1,25909.7,25909.7,10.91,282696.0895
2023-08-19 15:47:00,25909.7,25910.8,25909.6,25910.7,5.379,139370.1568
2023-08-19 15:48:00,25910.7,25912.0,25910.7,25912.0,9.592,248541.7165
2023-08-19 15:49:00,25912.0,25912.0,25911.9,25911.9,7.522,194909.4871
2023-08-19 15:50:00,25911.9,25911.9,25908.2,25908.2,16.233,420595.2201
2023-08-19 15:51:00,25908.2,25908.6,25908.2,25908.6,22.764,589783.1563
2023-08-19 15:52:00,25908.6,25908.6,25908.5,25908.6,14.123,365905.8687
2023-08-19 15:53:00,25908.6,25909.5,25908.5,25909.5,6.323,163823.81
2023-08-19 15:54:00,25909.5,25913.0,25909.4,25912.9,24.136,625392.2127
2023-08-19 15:55:00,25912.9,25923.6,25912.9,25923.6,13.46,348841.2577
2023-08-19 15:56:00,25923.6,25935.1,25923.6,25935.1,242.837,6296820.6272
2023-08-19 15:57:00,25935.1,25936.1,25935.0,25936.1,16.135,418464.8967
2023-08-19 15:58:00,25936.1,25940.0,25936.1,25937.9,22.316,578839.4491
2023-08-19 15:59:00,25937.9,25938.0,25933.6,25933.6,48.235,1250950.3576
2023-08-19 16:00:00,25933.6,25936.2,25933.6,25936.1,10.255,265967.3593
2023-08-19 16:01:00,25936.1,25936.2,25926.0,25926.1,46.362,1202311.3448
2023-08-19 16:02:00,25926.1,25926.1,25926.0,25926.0,12.208,316505.1676
2023-08-19 16:03:00,25926.0,25931.0,25926.0,25931.0,11.481,297677.5871
2023-08-19 16:04:00,25931.0,25933.2,25929.7,25933.1,10.468,271463.4894
2023-08-19 16:05:00,25933.1,25933.2,25933.1,25933.2,13.378,346934.0138
2023-08-19 16:06:00,25933.2,25933.2,25926.1,25926.1,20.943,543023.6641
2023-08-19 16:07:00,25926.1,25926.2,25922.8,25922.8,18.028,467363.8448
2023-08-19 16:08:00,25922.8,25922.9,25912.3,25912.4,100.335,2600297.8287
2023-08-19 16:09:00,25912.4,25912.4,25912.3,25912.3,16.397,424885.3372
2023-08-19 16:10:00,25912.3,25912.4,25912.3,25912.4,3.429,88853.5052
2023-08-19 16:11:00,25912.4,25912.4,25912.3,25912.3,4.824,125000.9441
2023-08-19 16:12:00,25912.3,25912.4,25909.7,25909.8,6.002,155512.7086
2023-08-19 16:13:00,25909.8,25909.8,25905.1,25905.1,47.431,1228827.4518
2023-08-19 16:14:00,25905.1,25907.7,25905.1,25907.6,21.345,552952.6066
2023-08-19 16:15:00,25907.6,25907.6,25905.9,25906.3,9.27,240150.6816
2023-08-19 16:16:00,25906.3,25906.3,25905.6,25905.6,8.764,227041.0123
2023-08-19 16:17:00,25905.6,25905.7,25905.5,25905.5,7.432,192530.3354
2023-08-19 16:18:00,25905.5,25905.6,25905.0,25905.0,10.405,269545.6135
2023-08-19 16:19:00,25905.0,25905.1,25902.0,25902.0,35.127,909913.736
2023-08-19 16:20:00,25902.0,25902.1,25901.0,25901.1,8.882,230055.7633
2023-08-19 16:21:00,25901.1,25901.1,25895.7,25895.7,52.651,1363632.413
2023-08-19 16:22:00,25895.7,25895.8,25895.0,25895.0,10.43,270088.4147
2023-08-19 16:23:00,25895.0,25895.1,25890.4,25890.4,50.733,1313580.0537
2023-08-19 16:24:00,25890.4,25890.4,25881.5,25881.5,215.672,5582576.0319
2023-08-19 16:25:00,25881.5,25881.6,25881.5,25881.6,19.684,509453.0552
2023-08-19 16:26:00,25881.6,25901.8,25881.5,25901.8,109.395,2832713.6432
2023-08-19 16:27:00,25901.8,25902.5,25901.7,25902.5,9.17,237520.9881
2023-08-19 16:28:00,25902.5,25902.5,25902.4,25902.4,3.664,94906.5781
2023-08-19 16:29:00,25902.4,25902.5,25901.9,25901.9,3.806,98584.5909
2023-08-19 16:30:00,25901.9,25901.9,25895.1,25895.1,8.175,211721.2455
2023-08-19 16:31:00,25895.1,25895.2,25890.6,25890.7,7.609,197019.7583
2023-08-19 16:32:00,25890.7,25890.7,25890.5,25890.6,7.835,202852.9602
2023-08-19 16:33:00,25890.6,25894.3,25887.2,25888.0,66.891,1731899.0164
2023-08-19 16:34:00,25888.0,25891.4,25888.0,25888.1,10.097,261414.5081
2023-08-19 16:35:00,25888.1,25890.1,25888.1,25890.1,7.899,204502.3894
2023-08-19 16:36:00,25890.1,25896.0,25890.0,25896.0,7.681,198880.3847
2023-08-19 16:37:00,25896.0,25906.3,25896.0,25906.3,13.839,358458.1669
2023-08-19 16:38:00,25906.3,25909.3,25906.3,25907.6,28.467,737537.5735
2023-08-19 16:39:00,25907.6,25907.6,25904.4,25904.5,11.742,304176.2807
2023-08-19 16:40:00,25904.5,25904.5,25902.6,25902.6,6.492,168167.3772
2023-08-19 16:41:00,25902.6,25902.7,25899.6,25899.6,15.706,406814.9662
2023-08-19 16:42:00,25899.6,25899.7,25890.0,25898.9,23.027,596318.0897
2023-08-19 16:43:00,25898.9,25905.9,25896.1,25905.9,15.015,388921.5071
2023-08-19 16:44:00,25905.9,25906.5,25905.8,25906.4,5.727,148364.3872
2023-08-19 16:45:00,25906.4,25906.5,25905.2,25905.3,7.086,183569.3078
2023-08-19 16:46:00,25905.3,25905.3,25897.0,25897.0,39.699,1028255.6495
2023-08-19 16:47:00,25897.0,25897.1,25889.2,25889.2,15.664,405584.0872
2023-08-19 16:48:00,25889.2,25889.3,25887.2,25887.2,10.889,281889.6256
2023-08-19 16:49:00,25887.2,25887.3,25886.1,25886.2,15.49,400982.7039
2023-08-19 16:50:00,25886.2,25893.5,25885.9,25893.5,25.377,656977.0378
2023-08-19 16:51:00,25893.5,25893.7,25893.4,25893.7,5.165,133739.8956
2023-08-19 16:52:00,25893.7,25905.0,25893.7,25904.9,9.922,256983.0143
2023-08-19 16:53:00,25904.9,25907.5,25904.9,25907.5,8.132,210678.5463
2023-08-19 16:54:00,25907.5,25907.5,25907.0,25907.0,22.369,579524.5156
2023-08-19 16:55:00,25907.0,25907.1,25900.1,25900.2,16.896,437659.9708
2023-08-19 16:56:00,25900.2,25900.2,25900.1,25900.2,2.51,65009.2987
2023-08-19 16:57:00,25900.2,25903.6,25900.1,25903.6,4.156,107648.3696
2023-08-19 16:58:00,25903.6,25903.6,25900.4,25900.4,4.524,117187.1253
2023-08-19 16:59:00,25900.4,25902.0,25900.4,25902.0,26.36,682744.2289
2023-08-19 17:00:00,25902.0,25906.3,25901.9,25906.3,12.531,324617.8182
2023-08-19 17:01:00,25906.3,25912.4,25906.3,25912.4,27.544,713639.9832
2023-08-19 17:02:00,25912.4,25914.0,25912.4,25913.9,27.636,716139.8011
2023-08-19 17:03:00,25913.9,25919.2,25913.9,25919.2,60.988,1580686.1519
2023-08-19 17:04:00,25919.2,25920.6,25919.1,25920.5,21.507,557452.8553
2023-08-19 17:05:00,25920.5,25924.9,25920.5,25924.9,56.407,1462232.4544
2023-08-19 17:06:00,25924.9,25929.4,25923.9,25923.9,36.186,938210.5669
2023-08-19 17:07:00,25923.9,25927.5,25923.9,25927.5,15.788,409311.9724
2023-08-19 17:08:00,25927.5,25929.0,25927.4,25929.0,16.478,427237.454
2023-08-19 17:09:00,25929.0,25932.0,25928.9,25931.9,14.68,380650.6832
2023-08-19 17:10:00,25931.9,25932.0,25919.2,25919.2,45.061,1168287.2653
2023-08-19 17:11:00,25919.2,25919.3,25910.0,25910.1,22.829,591581.1897
2023-08-19 17:12:00,25910.1,25910.1,25904.4,25904.4,16.126,417768.1989
2023-08-19 17:13:00,25904.4,25904.4,25896.0,25896.0,54.308,1406436.6263
2023-08-19 17:14:00,25896.0,25896.1,25895.0,25895.0,5.885,152397.9839
2023-08-19 17:15:00,25895.0,25898.0,25894.1,25897.9,7.405,191756.9874
2023-08-19 17:16:00,25897.9,25898.0,25896.0,25896.1,15.456,400261.5192
2023-08-19 17:17:00,25896.1,25896.1,25892.1,25892.1,73.455,1902103.7019
2023-08-19 17:18:00,25892.1,25892.2,25889.2,25889.2,16.538,428197.0334
2023-08-19 17:19:00,25889.2,25889.2,25883.6,25883.6,72.615,1879683.8131
2023-08-19 17:20:00,25883.6,25885.8,25882.8,25885.8,25.47,659280.1997
2023-08-19 17:21:00,25885.8,25898.5,25885.7,25898.5,107.984,2796165.2887
2023-08-19 17:22:00,25898.5,25903.4,25898.4,25903.4,2.395,62036.4166
2023-08-19 17:23:00,25903.4,25909.1,25903.3,25909.1,12.203,316145.7022
2023-08-19 17:24:00,25909.1,25910.0,25909.0,25909.7,10.796,279718.2796
2023-08-19 17:25:00,25909.7,25909.7,25909.6,25909.7,6.634,171884.8366
2023-08-19 17:26:00,25909.7,25909.7,25909.6,25909.6,10.251,265599.6623
2023-08-19 17:27:00,25909.6,25909.7,25898.0,25898.0,21.331,552598.1419
2023-08-19 17:28:00,25898.0,25898.1,25890.3,25890.3,7.547,195413.5718
2023-08-19 17:29:00,25890.3,25890.4,25889.1,25889.1,7.704,199458.5902
2023-08-19 17:30:00,25889.1,25902.9,25889.1,25901.6,32.233,834711.517
2023-08-19 17:31:00,25901.6,25901.7,25901.0,25901.1,72.413,1875579.3654
2023-08-19 17:32:00,25901.1,25901.1,25901.0,25901.1,2.679,69389.0236
2023-08-19 17:33:00,25901.1,25901.1,25896.2,25896.2,61.254,1586509.2953
2023-08-19 17:34:00,25896.2,25896.3,25892.6,25892.6,17.717,458746.8885
2023-08-19 17:35:00,25892.6,25892.7,25892.6,25892.7,1.197,30993.5348
2023-08-19 17:36:00,25892.7,25892.7,25892.6,25892.7,2.648,68563.7435
2023-08-19 17:37:00,25892.7,25892.7,25892.0,25892.0,5.391,139586.0242
2023-08-19 17:38:00,25892.0,25892.1,25890.0,25890.0,47.783,1237121.6171
2023-08-19 17:39:00,25890.0,25890.1,25885.0,25885.1,24.968,646358.9384
2023-08-19 17:40:00,25885.1,25885.1,25882.3,25882.3,28.627,740954.7268
2023-08-19 17:41:00,25882.3,25882.4,25876.0,25876.0,53.148,1375360.9309
2023-08-19 17:42:00,25876.0,25876.1,25860.3,25870.7,138.298,3577320.1781
2023-08-19 17:43:00,25870.7,25870.7,25862.2,25862.7,189.205,4894177.8782
2023-08-19 17:44:00,25862.7,25862.7,25859.9,25859.9,54.121,1399637.6041
2023-08-19 17:45:00,25859.9,25879.0,25859.9,25873.3,112.563,2911940.7864
2023-08-19 17:46:00,25873.3,25873.3,25863.7,25863.7,32.001,827754.723
2023-08-19 17:47:00,25863.7,25885.0,25863.7,25881.8,47.814,1237242.5257
2023-08-19 17:48:00,25881.8,25888.0,25881.7,25888.0,14.311,370448.5665
2023-08-19 17:49:00,25888.0,25888.0,25880.0,25880.0,9.025,233606.4229
2023-08-19 17:50:00,25880.0,25880.1,25880.0,25880.0,3.731,96558.423
2023-08-19 17:51:00,25880.0,25880.1,25875.2,25875.2,12.398,320823.2788
2023-08-19 17:52:00,25875.2,25876.4,25875.2,25876.0,14.881,385052.045
2023-08-19 17:53:00,25876.0,25876.1,25862.0,25862.0,43.182,1116947.08
2023-08-19 17:54:00,25862.0,25866.0,25861.5,25866.0,15.621,404030.8969
2023-08-19 17:55:00,25866.0,25883.2,25865.9,25882.4,30.837,797973.3778
2023-08-19 17:56:00,25882.4,25882.4,25880.9,25881.0,9.115,235914.3087
2023-08-19 17:57:00,25881.0,25881.0,25867.1,25867.2,27.469,710784.2978
2023-08-19 17:58:00,25867.2,25867.2,25862.3,25864.9,65.555,1695578.1098
2023-08-19 17:59:00,25864.9,25866.0,25864.8,25866.0,11.188,289383.7118
2023-08-19 18:00:00,25866.0,25866.5,25865.9,25866.5,6.884,178061.5766
2023-08-19 18:01:00,25866.5,25866.5,25866.4,25866.5,10.741,277831.8828
2023-08-19 18:02:00,25866.5,25884.4,25866.4,25884.4,53.871,1393691.0522
2023-08-19 18:03:00,25884.4,25884.4,25884.3,25884.4,2.287,59197.5116
2023-08-19 18:04:00,25884.4,25893.1,25884.4,25893.0,30.002,776791.0058
2023-08-19 18:05:00,25893.0,25904.2,25893.0,25904.1,73.162,1894706.143
2023-08-19 18:06:00,25904.1,25910.3,25904.1,25910.3,24.21,627243.3446
2023-08-19 18:07:00,25910.3,25910.3,25910.2,25910.2,10.129,262444.8116
2023-08-19 18:08:00,25910.2,25910.3,25906.1,25906.2,21.458,555935.1352
2023-08-19 18:09:00,25906.2,25906.2,25896.4,25896.4,23.35,604800.8952
2023-08-19 18:10:00,25896.4,25896.4,25882.5,25887.0,11.429,295862.5959
2023-08-19 18:11:00,25887.0,25887.0,25880.0,25885.0,6.646,172016.9255
2023-08-19 18:12:00,25885.0,25893.4,25884.9,25888.0,15.022,388900.8711
2023-08-19 18:13:00,25888.0,25888.8,25887.5,25888.8,9.921,256831.6337
2023-08-19 18:14:00,25888.8,25903.1,25888.8,25903.1,12.166,315073.862
2023-08-19 18:15:00,25903.1,25908.2,25903.0,25908.2,24.7,639907.8179
2023-08-19 18:16:00,25908.2,25909.9,25908.1,25909.9,20.67,535545.5317
2023-08-19 18:17:00,25909.9,25909.9,25907.0,25907.0,9.876,255877.9127
2023-08-19 18:18:00,25907.0,25907.1,25902.6,25902.6,9.548,247328.8101
2023-08-19 18:19:00,25902.6,25902.7,25900.0,25900.0,7.914,204989.2065
2023-08-19 18:20:00,25900.0,25900.1,25898.3,25898.3,8.466,219265.1101
2023-08-19 18:21:00,25898.3,25898.4,25893.1,25893.1,8.12,210272.9478
2023-08-19 18:22:00,25893.1,25893.2,25891.1,25891.1,2.201,56988.4776
2023-08-19 18:23:00,25891.1,25891.1,25888.7,25889.9,19.902,515248.2085
2023-08-19 18:24:00,25889.9,25899.7,25889.9,25899.7,5.113,132417.4494
2023-08-19 18:25:00,25899.7,25910.0,25899.6,25910.0,13.423,347742.1745
2023-08-19 18:26:00,25910.0,25913.1,25910.0,25913.0,10.598,274609.5297
2023-08-19 18:27:00,25913.0,25913.0,25910.5,25910.5,29.643,768095.103
2023-08-19 18:28:00,25910.5,25910.6,25903.2,25903.2,13.308,344770.692
2023-08-19 18:29:00,25903.2,25903.3,25903.2,25903.2,2.354,60976.146
2023-08-19 18:30:00,25903.2,25903.3,25901.1,25901.2,3.398,88017.6329
2023-08-19 18:31:00,25901.2,25902.3,25901.1,25902.3,13.365,346181.8033
2023-08-19 18:32:00,25902.3,25902.3,25902.2,25902.3,1.096,28388.893
2023-08-19 18:33:00,25902.3,25902.3,25895.6,25895.7,12.378,320584.6257
2023-08-19 18:34:00,25895.7,25899.6,25892.7,25899.5,8.145,210921.1298
2023-08-19 18:35:00,25899.5,25902.1,25899.5,25902.0,18.269,473188.9127
2023-08-19 18:36:00,25902.0,25902.1,25902.0,25902.1,6.588,170642.4315
2023-08-19 18:37:00,25902.1,25907.4,25902.0,25907.4,14.11,365508.9466
2023-08-19 18:38:00,25907.4,25919.9,25907.3,25919.9,28.148,729488.9626
2023-08-19 18:39:00,25919.9,25929.5,25919.9,25925.1,52.198,1353297.0203
2023-08-19 18:40:00,25925.1,25925.2,25919.2,25923.3,42.957,1113528.833
2023-08-19 18:41:00,25923.3,25930.0,25923.2,25929.9,26.512,687379.688
2023-08-19 18:42:00,25929.9,25930.0,25923.4,25929.1,59.375,1539510.0063
2023-08-19 18:43:00,25929.1,25930.0,25929.0,25930.0,22.523,584013.6042
2023-08-19 18:44:00,25930.0,25930.0,25929.9,25930.0,12.763,330944.2193
2023-08-19 18:45:00,25930.0,25962.1,25929.9,25940.0,510.55,13246443.2293
2023-08-19 18:46:00,25940.0,25940.0,25933.1,25935.0,21.299,552433.8357
2023-08-19 18:47:00,25935.0,25935.1,25925.2,25925.2,36.367,942952.8871
2023-08-19 18:48:00,25925.2,25925.2,25916.7,25916.7,56.931,1475807.6776
2023-08-19 18:49:00,25916.7,25916.8,25910.0,25916.8,50.312,1303776.3748
2023-08-19 18:50:00,25916.8,25927.2,25916.7,25927.1,17.204,445972.74
2023-08-19 18:51:00,25927.1,25927.1,25920.6,25924.2,6.825,176923.4076
2023-08-19 18:52:00,25924.2,25927.0,25924.2,25927.0,3.109,80600.5845
2023-08-19 18:53:00,25927.0,25929.9,25927.0,25929.9,11.491,297940.1225
2023-08-19 18:54:00,25929.9,25939.4,25929.9,25939.4,112.577,2919334.2206
2023-08-19 18:55:00,25939.4,25953.0,25939.4,25952.3,63.097,1637386.8027
2023-08-19 18:56:00,25952.3,25966.6,25950.8,25954.9,137.645,3573246.3936
2023-08-19 18:57:00,25954.9,25954.9,25947.8,25953.2,36.698,952385.2988
2023-08-19 18:58:00,25953.2,25953.2,25944.1,25944.1,42.787,1110295.9678
2023-08-19 18:59:00,25944.1,25949.5,25938.1,25949.5,44.894,1164748.4594
2023-08-19 19:00:00,25949.5,25950.0,25946.5,25946.5,12.976,336707.3486
2023-08-19 19:01:00,25946.5,25946.5,25939.6,25939.6,10.082,261554.8396
2023-08-19 19:02:00,25939.6,25944.1,25939.6,25944.1,12.511,324563.1742
2023-08-19 19:03:00,25944.1,25945.6,25940.0,25940.1,12.835,332967.2372
2023-08-19 19:04:00,25940.1,25946.3,25940.0,25946.3,16.613,431025.9679
2023-08-19 19:05:00,25946.3,25956.3,25946.2,25956.3,36.64,950925.6454
2023-08-19 19:06:00,25956.3,25958.6,25956.2,25958.5,24.32,631284.6369
2023-08-19 19:07:00,25958.5,25958.6,25944.5,25944.6,68.275,1772061.4868
2023-08-19 19:08:00,25944.6,25944.6,25940.0,25940.0,15.02,389650.87
2023-08-19 19:09:00,25940.0,25940.7,25938.3,25940.6,34.653,898848.0792
2023-08-19 19:10:00,25940.6,25946.1,25940.6,25946.0,13.383,347214.4958
2023-08-19 19:11:00,25946.0,25946.0,25938.5,25938.5,9.881,256319.7453
2023-08-19 19:12:00,25938.5,25938.6,25938.2,25938.2,5.963,154669.9494
2023-08-19 19:13:00,25938.2,25938.3,25938.2,25938.2,9.625,249655.211
2023-08-19 19:14:00,25938.2,25939.0,25936.3,25936.3,8.013,207845.7015
2023-08-19 19:15:00,25936.3,25936.3,25928.4,25928.5,28.657,743166.2442
2023-08-19 19:16:00,25928.5,25928.5,25928.1,25928.1,11.744,304503.2893
2023-08-19 19:17:00,25928.1,25928.1,25923.5,25923.5,46.761,1212326.8276
2023-08-19 19:18:00,25923.5,25923.6,25922.7,25922.7,17.713,459171.6481
2023-08-19 19:19:00,25922.7,25922.8,25918.0,25918.0,26.723,692706.5785
2023-08-19 19:20:00,25918.0,25919.1,25904.0,25908.3,47.687,1235661.1127
2023-08-19 19:21:00,25908.3,25908.3,25906.0,25906.0,10.731,278008.0632
2023-08-19 19:22:00,25906.0,25914.2,25906.0,25914.2,31.441,814594.5623
2023-08-19 19:23:00,25914.2,25914.2,25914.1,25914.2,15.355,397911.0927
2023-08-19 19:24:00,25914.2,25917.0,25914.1,25917.0,15.792,409263.7175
2023-08-19 19:25:00,25917.0,25928.2,25916.9,25917.6,54.26,1406670.8668
2023-08-19 19:26:00,25917.6,25917.7,25914.0,25914.1,6.833,177074.3977
2023-08-19 19:27:00,25914.1,25914.1,25913.0,25913.0,8.186,212127.7272
2023-08-19 19:28:00,25913.0,25914.2,25913.0,25914.2,2.208,57218.1178
2023-08-19 19:29:00,25914.2,25914.3,25911.3,25911.4,12.769,330879.6753
2023-08-19 19:30:00,25911.4,25912.0,25910.0,25910.0,7.895,204565.7814
2023-08-19 19:31:00,25910.0,25910.1,25910.0,25910.0,2.952,76486.5573
2023-08-19 19:32:00,25910.0,25920.0,25910.0,25919.9,23.481,608509.3403
2023-08-19 19:33:00,25919.9,25920.0,25919.9,25920.0,6.842,177344.5092
2023-08-19 19:34:00,25920.0,25943.9,25919.9,25942.3,185.426,4809525.4704
2023-08-19 19:35:00,25942.3,25950.1,25942.2,25950.1,118.421,3072702.5965
2023-08-19 19:36:00,25950.1,25955.0,25950.1,25952.8,45.628,1184183.5457
2023-08-19 19:37:00,25952.8,25956.1,25951.7,25956.0,21.459,556951.0235
2023-08-19 19:38:00,25956.0,25971.4,25956.0,25971.2,170.227,4420085.605
2023-08-19 19:39:00,25971.2,25971.2,25951.8,25951.8,183.59,4766612.0451
2023-08-19 19:40:00,25951.8,25957.2,25951.0,25951.1,28.449,738400.4077
2023-08-19 19:41:00,25951.1,25951.1,25946.5,25946.6,15.541,403262.6339
2023-08-19 19:42:00,25946.6,25949.3,25946.5,25949.2,5.205,135056.4546
2023-08-19 19:43:00,25949.2,25958.7,25949.2,25958.7,46.192,1198912.5109
2023-08-19 19:44:00,25958.7,25958.7,25958.6,25958.7,12.284,318876.1401
2023-08-19 19:45:00,25958.7,25994.7,25958.6,25984.2,224.61,5836497.0912
2023-08-19 19:46:00,25984.2,25984.2,25983.2,25983.3,65.45,1700605.1557
2023-08-19 19:47:00,25983.3,25984.0,25983.3,25983.9,28.507,740713.7238
2023-08-19 19:48:00,25983.9,25985.8,25983.9,25985.8,26.83,697179.945
2023-08-19 19:49:00,25985.8,25985.8,25970.0,25976.0,76.477,1986784.6389
2023-08-19 19:50:00,25976.0,25976.0,25961.2,25961.2,18.051,468794.39
2023-08-19 19:51:00,25961.2,25961.2,25951.2,25951.3,35.353,917561.1145
2023-08-19 19:52:00,25951.3,25951.3,25951.2,25951.2,8.36,216952.352
2023-08-19 19:53:00,25951.2,25952.4,25951.2,25952.4,16.446,426810.7746
2023-08-19 19:54:00,25952.4,25957.7,25952.3,25957.7,14.949,387994.0321
2023-08-19 19:55:00,25957.7,25957.7,25942.6,25942.7,25.508,661884.5382
2023-08-19 19:56:00,25942.7,25960.6,25942.3,25960.5,26.704,692897.7058
2023-08-19 19:57:00,25960.5,25996.9,25960.5,25996.8,184.715,4800001.4847
2023-08-19 19:58:00,25996.8,26038.7,25996.8,26006.4,800.404,20824541.3426
2023-08-19 19:59:00,26006.4,26014.4,26002.0,26014.4,85.639,2227295.5356
2023-08-19 20:00:00,26014.4,26014.4,25983.9,25985.4,271.019,7045204.1701
2023-08-19 20:01:00,25985.4,25997.2,25983.1,25988.0,156.087,4056618.4566
2023-08-19 20:02:00,25988.0,26009.9,25988.0,26009.9,48.665,1265365.4055
2023-08-19 20:03:00,26009.9,26026.8,26000.6,26000.6,122.112,3177218.9588
2023-08-19 20:04:00,26000.6,26005.0,25990.0,25990.0,78.558,2042219.0549
2023-08-19 20:05:00,25990.0,25993.2,25982.5,25982.5,63.797,1657919.2538
2023-08-19 20:06:00,25982.5,25985.0,25980.0,25980.0,69.468,1804851.5208
2023-08-19 20:07:00,25980.0,25980.1,25980.0,25980.1,40.527,1052891.6296
2023-08-19 20:08:00,25980.1,25993.7,25980.1,25993.7,71.625,1861340.0653
2023-08-19 20:09:00,25993.7,26000.0,25990.0,26000.0,28.671,745320.558
2023-08-19 20:10:00,26000.0,26012.7,25999.1,25999.1,61.86,1608726.4658
2023-08-19 20:11:00,25999.1,25999.1,25979.0,25979.1,51.103,1327773.7191
2023-08-19 20:12:00,25979.1,25979.1,25971.3,25971.3,28.138,730829.8564
2023-08-19 20:13:00,25971.3,25979.1,25971.3,25979.1,19.916,517269.4579
2023-08-19 20:14:00,25979.1,25979.1,25979.0,25979.0,3.345,86899.9224
2023-08-19 20:15:00,25979.0,25986.6,25979.0,25980.0,19.522,507246.6251
2023-08-19 20:16:00,25980.0,25980.1,25961.9,25961.9,22.365,580799.7596
2023-08-19 20:17:00,25961.9,25967.8,25961.8,25965.8,16.824,436837.0944
2023-08-19 20:18:00,25965.8,25976.8,25965.8,25976.8,12.91,335295.7629
2023-08-19 20:19:00,25976.8,25987.4,25976.7,25987.4,8.455,219664.6777
2023-08-19 20:20:00,25987.4,25988.7,25982.0,25982.1,116.251,3020839.7408
2023-08-19 20:21:00,25982.1,25982.1,25981.2,25981.2,5.505,143029.9608
2023-08-19 20:22:00,25981.2,25987.6,25981.2,25987.6,9.068,235600.3008
2023-08-19 20:23:00,25987.6,25989.1,25984.8,25984.8,10.887,282935.9942
2023-08-19 20:24:00,25984.8,25984.9,25971.0,25972.9,20.742,538858.0454
2023-08-19 20:25:00,25972.9,25980.0,25972.2,25972.2,18.065,469285.9595
2023-08-19 20:26:00,25972.2,25972.2,25961.0,25966.4,14.636,380060.2608
2023-08-19 20:27:00,25966.4,25966.5,25966.4,25966.5,5.793,150423.7289
2023-08-19 20:28:00,25966.5,25966.5,25959.8,25959.8,74.653,1938231.0773
2023-08-19 20:29:00,25959.8,25959.9,25959.8,25959.8,4.331,112431.9308
2023-08-19 20:30:00,25959.8,25966.5,25959.8,25964.8,103.867,2696437.9849
2023-08-19 20:31:00,25964.8,25964.8,25948.7,25948.7,65.463,1699070.6924
2023-08-19 20:32:00,25948.7,25948.8,25944.7,25944.7,38.814,1007093.8278
2023-08-19 20:33:00,25944.7,25945.0,25944.7,25945.0,16.091,417479.911
2023-08-19 20:34:00,25945.0,25945.3,25941.2,25941.2,36.614,949947.0117
2023-08-19 20:35:00,25941.2,25948.7,25941.2,25947.2,18.882,489896.4183
2023-08-19 20:36:00,25947.2,25967.4,25947.2,25964.0,74.206,1925749.2012
2023-08-19 20:37:00,25964.0,26008.6,25963.9,26001.5,231.125,6005191.3703
2023-08-19 20:38:00,26001.5,26026.9,26001.5,26021.7,64.257,1671690.564
2023-08-19 20:39:00,26021.7,26025.0,26012.8,26021.8,42.69,1110777.6792
2023-08-19 20:40:00,26021.8,26025.0,26013.9,26013.9,53.759,1398836.7423
2023-08-19 20:41:00,26013.9,26020.0,26001.3,26020.0,51.86,1348818.8741
2023-08-19 20:42:00,26020.0,26079.1,26019.9,26062.1,996.718,25973605.2438
2023-08-19 20:43:00,26062.1,26062.1,26041.8,26041.8,134.59,3506751.7445
2023-08-19 20:44:00,26041.8,26052.9,26026.0,26052.3,83.288,2168712.8186
2023-08-19 20:45:00,26052.3,26066.2,26029.2,26037.4,225.765,5882244.5961
2023-08-19 20:46:00,26037.4,26064.9,26037.3,26044.8,176.344,4594022.7502
2023-08-19 20:47:00,26044.8,26052.1,26044.8,26051.6,64.918,1691128.6628
2023-08-19 20:48:00,26051.6,26085.3,26051.6,26068.5,184.168,4801916.2147
2023-08-19 20:49:00,26068.5,26068.5,26059.5,26065.2,48.642,1267739.2163
2023-08-19 20:50:00,26065.2,26065.2,26045.4,26045.4,67.274,1752859.4214
2023-08-19 20:51:00,26045.4,26052.6,26042.8,26052.6,62.025,1615410.9671
2023-08-19 20:52:00,26052.6,26067.0,26052.5,26066.9,69.739,1817497.0897
2023-08-19 20:53:00,26066.9,26081.7,26066.8,26076.9,147.572,3847593.3266
2023-08-19 20:54:00,26076.9,26076.9,26065.1,26065.1,78.835,2055144.5867
2023-08-19 20:55:00,26065.1,26065.1,26046.4,26047.5,128.298,3342617.5001
2023-08-19 20:56:00,26047.5,26052.5,26041.9,26048.1,50.75,1321834.9925
2023-08-19 20:57:00,26048.1,26049.4,26031.9,26049.4,88.817,2312912.9476
2023-08-19 20:58:00,26049.4,26049.4,26049.3,26049.4,13.884,361668.9579
2023-08-19 20:59:00,26049.4,26049.8,26047.8,26047.8,28.276,736576.9974
2023-08-19 21:00:00,26047.8,26047.9,26032.1,26032.2,73.093,1903307.6374
2023-08-19 21:01:00,26032.2,26032.3,26032.2,26032.2,6.358,165512.8234
2023-08-19 21:02:00,26032.2,26042.1,26032.2,26042.1,18.153,472578.8258
2023-08-19 21:03:00,26042.1,26045.1,26034.4,26034.4,39.429,1026891.638
2023-08-19 21:04:00,26034.4,26041.3,26034.4,26039.9,13.834,360206.8112
2023-08-19 21:05:00,26039.9,26040.0,26031.6,26032.7,41.854,1089573.5996
2023-08-19 21:06:00,26032.7,26032.7,26032.6,26032.7,3.385,88120.4897
2023-08-19 21:07:00,26032.7,26032.7,26022.8,26026.1,29.364,764278.5176
2023-08-19 21:08:00,26026.1,26026.2,26025.0,26026.2,12.039,313319.0612
2023-08-19 21:09:00,26026.2,26026.2,26020.0,26020.0,19.729,513392.381
2023-08-19 21:10:00,26020.0,26033.0,26013.8,26032.9,145.25,3779500.1585
2023-08-19 21:11:00,26032.9,26033.0,26027.2,26027.2,25.71,669197.2879
2023-08-19 21:12:00,26027.2,26035.7,26027.2,26035.6,50.506,1314841.8797
2023-08-19 21:13:00,26035.6,26037.1,26035.6,26037.1,10.372,270054.7478
2023-08-19 21:14:00,26037.1,26054.9,26037.1,26049.6,40.023,1042658.0318
2023-08-19 21:15:00,26049.6,26058.0,26049.6,26053.1,37.945,988696.2159
2023-08-19 21:16:00,26053.1,26065.9,26041.6,26064.3,144.646,3767872.1987
2023-08-19 21:17:00,26064.3,26064.6,26062.4,26062.5,48.26,1257853.6699
2023-08-19 21:18:00,26062.5,26119.2,26060.1,26098.5,512.498,13375336.6644
2023-08-19 21:19:00,26098.5,26139.0,26098.0,26115.4,744.696,19450258.8235
2023-08-19 21:20:00,26115.4,26179.7,26115.2,26138.1,1126.646,29465843.1011
2023-08-19 21:21:00,26138.1,26187.2,26130.0,26164.3,879.429,23008624.2679
2023-08-19 21:22:00,26164.3,26193.3,26160.0,26176.0,461.369,12078245.1387
2023-08-19 21:23:00,26176.0,26199.3,26163.7,26187.6,329.685,8632338.7693
2023-08-19 21:24:00,26187.6,26193.3,26176.0,26192.6,108.767,2848282.2809
2023-08-19 21:25:00,26192.6,26192.6,26156.5,26162.9,163.319,4274020.8882
2023-08-19 21:26:00,26162.9,26180.0,26162.8,26172.7,57.297,1499673.937
2023-08-19 21:27:00,26172.7,26191.5,26171.6,26189.4,130.754,3423049.1942
2023-08-19 21:28:00,26189.4,26189.4,26167.4,26167.4,151.144,3956454.6946
2023-08-19 21:29:00,26167.4,26214.5,26167.4,26203.6,382.107,10010430.2794
2023-08-19 21:30:00,26203.6,26203.6,26173.6,26173.6,317.365,8310655.8871
2023-08-19 21:31:00,26173.6,26173.7,26162.6,26172.9,244.969,6410215.3959
2023-08-19 21:32:00,26172.9,26193.9,26170.0,26170.0,179.982,4712293.0022
2023-08-19 21:33:00,26170.0,26170.1,26160.0,26169.3,64.336,1683275.7201
2023-08-19 21:34:00,26169.3,26192.9,26165.0,26192.9,54.44,1424825.2391
2023-08-19 21:35:00,26192.9,26192.9,26167.7,26167.7,46.667,1221535.0255
2023-08-19 21:36:00,26167.7,26167.8,26151.7,26151.7,112.735,2948884.7588
2023-08-19 21:37:00,26151.7,26159.8,26147.7,26147.7,163.693,4281343.0777
2023-08-19 21:38:00,26147.7,26147.8,26125.3,26125.4,134.355,3511253.7117
2023-08-19 21:39:00,26125.4,26140.7,26125.3,26140.6,104.803,2738569.3294
2023-08-19 21:40:00,26140.6,26140.7,26106.8,26113.6,124.743,3258409.1809
2023-08-19 21:41:00,26113.6,26117.8,26104.4,26114.9,97.335,2541442.3909
2023-08-19 21:42:00,26114.9,26136.2,26112.9,26130.6,99.665,2603462.5631
2023-08-19 21:43:00,26130.6,26130.7,26121.1,26128.5,60.974,1593102.916
2023-08-19 21:44:00,26128.5,26146.6,26128.5,26144.1,153.134,4003007.5132
2023-08-19 21:45:00,26144.1,26156.2,26133.0,26156.1,126.253,3300931.7118
2023-08-19 21:46:00,26156.1,26159.7,26156.1,26159.7,45.981,1202802.7003
2023-08-19 21:47:00,26159.7,26162.0,26159.6,26162.0,65.14,1704091.6971
2023-08-19 21:48:00,26162.0,26177.3,26161.9,26173.0,92.253,2414303.1673
2023-08-19 21:49:00,26173.0,26177.9,26162.8,26162.8,51.535,1348721.3344
2023-08-19 21:50:00,26162.8,26162.9,26121.4,26121.4,80.414,2102319.1178
2023-08-19 21:51:00,26121.4,26127.4,26109.7,26109.7,86.476,2258759.5696
2023-08-19 21:52:00,26109.7,26133.7,26108.9,26133.6,81.6,2131173.2834
2023-08-19 21:53:00,26133.6,26133.7,26120.0,26120.0,27.494,718400.3481
2023-08-19 21:54:00,26120.0,26120.1,26108.9,26109.7,91.947,2401141.8946
2023-08-19 21:55:00,26109.7,26118.6,26109.6,26117.8,52.235,1363967.7357
2023-08-19 21:56:00,26117.8,26129.9,26117.8,26129.4,19.939,520868.6146
2023-08-19 21:57:00,26129.4,26135.0,26126.3,26126.4,20.107,525449.7209
2023-08-19 21:58:00,26126.4,26135.3,26126.3,26135.2,26.459,691434.7939
2023-08-19 21:59:00,26135.2,26146.3,26135.2,26145.2,51.612,1349132.317
2023-08-19 22:00:00,26145.2,26145.2,26135.8,26135.8,25.042,654644.8621
2023-08-19 22:01:00,26135.8,26135.9,26115.6,26115.6,49.558,1294735.026
2023-08-19 22:02:00,26115.6,26118.8,26115.6,26118.8,27.063,706824.6197
2023-08-19 22:03:00,26118.8,26123.3,26113.8,26123.3,97.537,2547296.562
2023-08-19 22:04:00,26123.3,26132.6,26110.0,26110.1,65.876,1720908.253
2023-08-19 22:05:00,26110.1,26118.0,26108.0,26112.9,49.791,1300105.9018
2023-08-19 22:06:00,26112.9,26130.0,26112.9,26123.7,36.175,944984.64
2023-08-19 22:07:00,26123.7,26130.0,26120.3,26129.9,10.288,268806.0569
2023-08-19 22:08:00,26129.9,26131.9,26128.6,26131.9,16.176,422674.6265
2023-08-19 22:09:00,26131.9,26132.0,26118.8,26118.9,45.699,1194118.7977
2023-08-19 22:10:00,26118.9,26129.3,26104.9,26105.2,80.21,2094657.3977
2023-08-19 22:11:00,26105.2,26119.4,26105.2,26119.4,21.469,560581.8717
2023-08-19 22:12:00,26119.4,26129.3,26119.4,26129.3,17.857,466515.1706
2023-08-19 22:13:00,26129.3,26130.3,26123.4,26126.6,18.1,472887.4793
2023-08-19 22:14:00,26126.6,26157.0,26126.6,26152.5,119.855,3133621.5951
2023-08-19 22:15:00,26152.5,26161.0,26150.0,26157.6,58.722,1535920.1176
2023-08-19 22:16:00,26157.6,26176.3,26157.6,26175.1,104.473,2733998.8898
2023-08-19 22:17:00,26175.1,26200.0,26175.1,26184.7,184.148,4822448.0234
2023-08-19 22:18:00,26184.7,26191.9,26180.0,26189.8,68.491,1793376.107
2023-08-19 22:19:00,26189.8,26199.4,26186.8,26190.0,86.028,2253429.9059
2023-08-19 22:20:00,26190.0,26192.8,26161.4,26161.5,123.848,3241934.4926
2023-08-19 22:21:00,26161.5,26161.5,26154.0,26161.2,36.697,959993.9822
2023-08-19 22:22:00,26161.2,26175.7,26161.1,26175.6,34.074,891824.6614
2023-08-19 22:23:00,26175.6,26175.7,26160.6,26160.7,14.058,367932.7695
2023-08-19 22:24:00,26160.7,26193.7,26160.6,26187.7,63.12,1652495.8888
2023-08-19 22:25:00,26187.7,26231.0,26187.7,26225.5,413.639,10843505.1945
2023-08-19 22:26:00,26225.5,26231.2,26205.2,26227.1,192.431,5045338.599
2023-08-19 22:27:00,26227.1,26249.1,26220.7,26234.0,270.279,7090600.0044
2023-08-19 22:28:00,26234.0,26241.0,26216.6,26220.8,79.937,2096312.0843
2023-08-19 22:29:00,26220.8,26263.3,26220.8,26240.5,440.555,11564458.9638
2023-08-19 22:30:00,26240.5,26240.5,26216.6,26218.9,62.366,1635785.7399
2023-08-19 22:31:00,26218.9,26221.5,26182.8,26191.0,372.704,9766535.3604
2023-08-19 22:32:00,26191.0,26193.4,26173.1,26176.7,60.043,1572246.2932
2023-08-19 22:33:00,26176.7,26192.1,26176.7,26191.6,59.435,1556399.4709
2023-08-19 22:34:00,26191.6,26191.6,26180.0,26183.6,38.981,1020614.5107
2023-08-19 22:35:00,26183.6,26187.6,26163.6,26164.2,106.46,2786723.7436
2023-08-19 22:36:00,26164.2,26164.3,26150.5,26152.0,138.889,3632707.7637
2023-08-19 22:37:00,26152.0,26157.9,26150.5,26150.5,116.344,3043159.4935
2023-08-19 22:38:00,26150.5,26151.3,26145.0,26145.0,57.501,1503506.5467
2023-08-19 22:39:00,26145.0,26145.1,26121.2,26136.7,270.516,7069741.8951
2023-08-19 22:40:00,26136.7,26138.2,26127.2,26135.7,94.719,2475518.6551
2023-08-19 22:41:00,26135.7,26135.7,26121.3,26128.5,68.307,1784533.1823
2023-08-19 22:42:00,26128.5,26128.8,26117.3,26123.9,134.427,3511953.0481
2023-08-19 22:43:00,26123.9,26131.8,26113.1,26114.6,218.785,5714999.2711
2023-08-19 22:44:00,26114.6,26114.6,26114.0,26114.1,26.313,687145.9375
2023-08-19 22:45:00,26114.1,26139.8,26114.0,26139.8,286.513,7486834.329
2023-08-19 22:46:00,26139.8,26139.8,26115.0,26119.4,70.427,1840100.4295
2023-08-19 22:47:00,26119.4,26119.4,26086.0,26094.9,333.974,8715420.3137
2023-08-19 22:48:00,26094.9,26105.5,26089.0,26096.2,113.635,2965588.7475
2023-08-19 22:49:00,26096.2,26096.3,26092.1,26095.9,18.862,492208.9089
2023-08-19 22:50:00,26095.9,26095.9,26064.0,26082.0,355.16,9262551.9135
2023-08-19 22:51:00,26082.0,26088.3,26075.5,26088.2,137.57,3588111.2172
2023-08-19 22:52:00,26088.2,26100.9,26085.5,26100.1,26.7,696771.6008
2023-08-19 22:53:00,26100.1,26106.1,26092.1,26092.1,56.818,1482990.3201
2023-08-19 22:54:00,26092.1,26096.1,26086.0,26086.0,11.72,305801.8673
2023-08-19 22:55:00,26086.0,26086.1,26078.7,26086.0,28.156,734394.4747
2023-08-19 22:56:00,26086.0,26086.1,26061.6,26079.5,156.505,4079900.3993
2023-08-19 22:57:00,26079.5,26079.6,26064.2,26071.0,146.255,3812766.0015
2023-08-19 22:58:00,26071.0,26075.5,26069.9,26075.4,28.602,745677.0273
2023-08-19 22:59:00,26075.4,26075.5,26063.0,26069.3,200.81,5234880.6111
2023-08-19 23:00:00,26069.3,26083.3,26069.2,26083.3,105.919,2762026.346
2023-08-19 23:01:00,26083.3,26088.0,26080.9,26081.0,68.615,1789803.4775
2023-08-19 23:02:00,26081.0,26087.8,26079.4,26084.8,85.249,2223799.7679
2023-08-19 23:03:00,26084.8,26086.1,26076.2,26085.8,61.84,1612950.6407
2023-08-19 23:04:00,26085.8,26085.8,26085.0,26085.1,50.057,1305773.6133
2023-08-19 23:05:00,26085.1,26085.1,26061.1,26068.7,73.24,1909496.6333
2023-08-19 23:06:00,26068.7,26068.7,26056.5,26056.7,37.151,968152.9995
2023-08-19 23:07:00,26056.7,26066.9,26056.6,26066.6,43.26,1127441.7506
2023-08-19 23:08:00,26066.6,26085.1,26066.5,26085.1,75.374,1964870.8691
2023-08-19 23:09:00,26085.1,26085.1,26080.1,26080.1,16.429,428529.0683
2023-08-19 23:10:00,26080.1,26087.1,26077.6,26077.6,9.573,249702.4992
2023-08-19 23:11:00,26077.6,26077.7,26067.9,26068.0,44.297,1154874.5401
2023-08-19 23:12:00,26068.0,26068.0,26067.9,26068.0,16.669,434527.2848
2023-08-19 23:13:00,26068.0,26082.1,26067.9,26082.0,13.224,344820.3666
2023-08-19 23:14:00,26082.0,26084.7,26082.0,26084.7,14.734,384306.2733
2023-08-19 23:15:00,26084.7,26084.7,26074.9,26080.5,63.683,1660704.145
2023-08-19 23:16:00,26080.5,26080.6,26080.5,26080.6,6.219,162194.9012
2023-08-19 23:17:00,26080.6,26086.5,26080.6,26086.4,20.317,529947.506
2023-08-19 23:18:00,26086.4,26087.8,26086.4,26087.8,8.303,216606.1028
2023-08-19 23:19:00,26087.8,26087.8,26087.7,26087.7,11.095,289444.0861
2023-08-19 23:20:00,26087.7,26087.8,26087.7,26087.7,12.054,314461.7792
2023-08-19 23:21:00,26087.7,26095.8,26087.7,26095.8,23.621,616250.6661
2023-08-19 23:22:00,26095.8,26096.2,26095.8,26096.2,12.794,333873.7816
2023-08-19 23:23:00,26096.2,26096.2,26096.1,26096.1,14.653,382387.5248
2023-08-19 23:24:00,26096.1,26096.2,26090.7,26090.8,27.223,710388.0948
2023-08-19 23:25:00,26090.8,26090.8,26083.2,26083.2,8.166,213023.9305
2023-08-19 23:26:00,26083.2,26090.2,26083.2,26090.1,21.386,557821.2932
2023-08-19 23:27:00,26090.1,26090.2,26090.1,26090.2,3.086,80514.3199
2023-08-19 23:28:00,26090.2,26090.2,26087.3,26087.3,8.737,227941.7248
2023-08-19 23:29:00,26087.3,26087.4,26075.5,26075.5,35.105,915578.7083
2023-08-19 23:30:00,26075.5,26075.6,26040.4,26041.8,155.095,4040188.2057
2023-08-19 23:31:00,26041.8,26047.2,26027.4,26034.5,220.352,5736969.2761
2023-08-19 23:32:00,26034.5,26039.3,26008.0,26027.0,264.353,6877906.3642
2023-08-19 23:33:00,26027.0,26030.4,26023.2,26023.3,38.283,996352.1686
2023-08-19 23:34:00,26023.3,26033.2,26020.4,26033.2,102.956,2679278.7706
2023-08-19 23:35:00,26033.2,26037.8,26014.0,26014.0,93.659,2437806.0109
2023-08-19 23:36:00,26014.0,26036.0,26014.0,26036.0,60.601,1577277.9202
2023-08-19 23:37:00,26036.0,26056.5,26035.9,26055.9,64.864,1689870.9399
2023-08-19 23:38:00,26055.9,26072.9,26055.8,26067.1,89.744,2339345.7273
2023-08-19 23:39:00,26067.1,26078.4,26067.0,26074.5,48.904,1275197.9214
2023-08-19 23:40:00,26074.5,26074.6,26064.9,26064.9,16.84,439052.4107
2023-08-19 23:41:00,26064.9,26065.0,26057.3,26060.4,42.282,1101867.1119
2023-08-19 23:42:00,26060.4,26060.4,26050.0,26050.0,26.46,689343.8845
2023-08-19 23:43:00,26050.0,26059.0,26049.5,26059.0,55.151,1436896.9919
2023-08-19 23:44:00,26059.0,26059.0,26058.9,26059.0,7.344,191377.0919
2023-08-19 23:45:00,26059.0,26059.0,26050.6,26050.7,19.317,503314.6943
2023-08-19 23:46:00,26050.7,26050.7,26034.4,26034.7,32.63,849819.0721
2023-08-19 23:47:00,26034.7,26034.7,26027.0,26028.2,43.542,1133392.3677
2023-08-19 23:48:00,26028.2,26036.4,26028.1,26036.3,15.914,414223.3067
2023-08-19 23:49:00,26036.3,26038.5,26036.3,26038.4,4.348,113209.0002
2023-08-19 23:50:00,26038.4,26044.0,26038.4,26042.5,23.352,608163.5443
2023-08-19 23:51:00,26042.5,26056.0,26042.5,26056.0,2.569,66922.9564
2023-08-19 23:52:00,26056.0,26066.0,26055.9,26065.9,15.567,405709.5821
2023-08-19 23:53:00,26065.9,26066.0,26054.6,26055.0,47.029,1225646.5196
2023-08-19 23:54:00,26055.0,26067.9,26055.0,26067.9,15.634,407419.0719
2023-08-19 23:55:00,26067.9,26067.9,26062.5,26062.5,9.445,246200.9793
2023-08-19 23:56:00,26062.5,26066.4,26062.5,26066.3,22.898,596797.4837
2023-08-19 23:57:00,26066.3,26068.2,26065.7,26065.8,11.249,293233.8193
2023-08-19 23:58:00,26065.8,26066.0,26065.7,26066.0,4.75,123813.3189
2023-08-19 23:59:00,26066.0,26077.1,26066.0,26077.1,102.758,2679337.5546
2023-08-20 00:00:00,26077.1,26085.0,26077.0,26085.0,83.418,2175585.9816
2023-08-20 00:01:00,26085.0,26101.6,26084.9,26098.9,229.749,5994775.6078
2023-08-20 00:02:00,26098.9,26104.1,26098.8,26104.0,43.7,1140678.0244
2023-08-20 00:03:00,26104.0,26104.1,26102.4,26102.5,41.787,1090771.0875
2023-08-20 00:04:00,26102.5,26114.7,26102.4,26104.1,80.39,2099007.4514
2023-08-20 00:05:00,26104.1,26104.1,26095.0,26095.0,24.406,636995.0831
2023-08-20 00:06:00,26095.0,26095.1,26085.4,26085.4,39.975,1043043.1401
2023-08-20 00:07:00,26085.4,26085.4,26083.0,26083.0,15.3,399074.0249
2023-08-20 00:08:00,26083.0,26092.2,26083.0,26092.2,30.258,789368.5085
2023-08-20 00:09:00,26092.2,26092.2,26092.1,26092.2,3.047,79502.8502
2023-08-20 00:10:00,26092.2,26092.2,26092.1,26092.2,2.576,67213.4896
2023-08-20 00:11:00,26092.2,26109.6,26092.1,26109.6,37.247,972216.3621
2023-08-20 00:12:00,26109.6,26121.8,26109.5,26113.7,86.375,2255844.5644
2023-08-20 00:13:00,26113.7,26113.7,26108.1,26108.1,23.038,601568.0248
2023-08-20 00:14:00,26108.1,26117.5,26108.1,26117.5,69.28,1808838.743
2023-08-20 00:15:00,26117.5,26118.1,26109.6,26109.7,31.445,821202.5554
2023-08-20 00:16:00,26109.7,26109.7,26109.6,26109.7,2.757,71984.2647
2023-08-20 00:17:00,26109.7,26109.7,26109.6,26109.6,4.768,124490.8763
2023-08-20 00:18:00,26109.6,26109.7,26109.2,26109.3,11.372,296916.3066
2023-08-20 00:19:00,26109.3,26109.3,26100.5,26100.6,61.911,1616063.3736
2023-08-20 00:20:00,26100.6,26100.6,26100.5,26100.5,5.81,151644.0129
2023-08-20 00:21:00,26100.5,26100.6,26100.5,26100.6,2.952,77048.7874
2023-08-20 00:22:00,26100.6,26100.6,26100.5,26100.5,3.288,85818.6165
2023-08-20 00:23:00,26100.5,26108.4,26100.5,26108.3,31.253,815762.0416
2023-08-20 00:24:00,26108.3,26115.0,26108.3,26112.1,54.149,1414007.5749
2023-08-20 00:25:00,26112.1,26112.1,26112.0,26112.1,7.031,183593.9578
2023-08-20 00:26:00,26112.1,26112.1,26112.0,26112.1,7.824,204301.0066
2023-08-20 00:27:00,26112.1,26122.2,26112.0,26122.2,36.909,963892.8506
2023-08-20 00:28:00,26122.2,26127.5,26122.2,26122.5,37.597,982227.0746
2023-08-20 00:29:00,26122.5,26122.6,26113.7,26113.7,13.136,343118.4602
2023-08-20 00:30:00,26113.7,26115.9,26112.2,26112.2,13.333,348167.2651
2023-08-20 00:31:00,26112.2,26112.3,26086.2,26086.2,175.065,4568328.3196
2023-08-20 00:32:00,26086.2,26087.0,26080.5,26086.0,31.01,808836.1373
2023-08-20 00:33:00,26086.0,26090.1,26086.0,26090.1,17.902,467032.9265
2023-08-20 00:34:00,26090.1,26091.0,26090.0,26090.9,9.172,239299.0795
2023-08-20 00:35:00,26090.9,26091.0,26090.9,26090.9,4.556,118870.4651
2023-08-20 00:36:00,26090.9,26091.0,26090.9,26090.9,13.082,341321.335
2023-08-20 00:37:00,26090.9,26095.4,26090.9,26095.3,38.627,1007840.2775
2023-08-20 00:38:00,26095.3,26095.8,26095.3,26095.7,1.878,49007.3642
2023-08-20 00:39:00,26095.7,26100.3,26095.7,26099.8,23.773,620455.0822
2023-08-20 00:40:00,26099.8,26106.0,26099.8,26106.0,10.357,270344.892
2023-08-20 00:41:00,26106.0,26107.3,26105.9,26107.2,9.267,241926.3081
2023-08-20 00:42:00,26107.2,26107.4,26104.4,26107.4,11.042,288267.8887
2023-08-20 00:43:00,26107.4,26109.3,26107.3,26109.2,12.687,331231.543
2023-08-20 00:44:00,26109.2,26109.3,26109.2,26109.2,11.796,307985.2694
2023-08-20 00:45:00,26109.2,26109.3,26109.1,26109.2,6.399,167072.8466
2023-08-20 00:46:00,26109.2,26119.0,26109.1,26119.0,16.959,442894.2009
2023-08-20 00:47:00,26119.0,26119.0,26118.9,26118.9,4.001,104501.9948
2023-08-20 00:48:00,26118.9,26121.0,26118.9,26121.0,14.181,370411.4899
2023-08-20 00:49:00,26121.0,26121.1,26120.9,26121.1,3.931,102681.8922
2023-08-20 00:50:00,26121.1,26121.1,26121.0,26121.1,8.242,215289.8338
2023-08-20 00:51:00,26121.1,26121.1,26100.3,26100.3,32.239,841624.4034
2023-08-20 00:52:00,26100.3,26100.4,26090.0,26099.1,45.308,1182132.0565
2023-08-20 00:53:00,26099.1,26101.2,26099.1,26101.1,7.819,204074.0451
2023-08-20 00:54:00,26101.1,26101.2,26094.5,26094.6,10.989,286789.7704
2023-08-20 00:55:00,26094.6,26094.6,26094.5,26094.5,5.286,137935.5378
2023-08-20 00:56:00,26094.5,26098.0,26094.5,26097.9,20.981,547541.1375
2023-08-20 00:57:00,26097.9,26101.2,26097.9,26101.2,28.329,739390.1011
2023-08-20 00:58:00,26101.2,26101.2,26101.1,26101.1,2.288,59719.4548
2023-08-20 00:59:00,26101.1,26101.2,26101.1,26101.2,6.557,171145.2552
2023-08-20 01:00:00,26101.2,26108.4,26101.1,26105.7,17.665,461173.5577
2023-08-20 01:01:00,26105.7,26105.8,26105.7,26105.8,3.838,100193.7851
2023-08-20 01:02:00,26105.8,26117.1,26105.7,26117.0,51.457,1343526.926
2023-08-20 01:03:00,26117.0,26124.5,26117.0,26124.5,26.412,689911.3726
2023-08-20 01:04:00,26124.5,26124.5,26122.8,26122.9,22.988,600521.543
2023-08-20 01:05:00,26122.9,26122.9,26118.7,26118.7,16.199,423139.5472
2023-08-20 01:06:00,26118.7,26118.8,26118.7,26118.8,6.548,171025.4888
2023-08-20 01:07:00,26118.8,26118.8,26118.7,26118.7,2.422,63259.649
2023-08-20 01:08:00,26118.7,26118.8,26111.6,26111.7,9.215,240644.4451
2023-08-20 01:09:00,26111.7,26111.7,26099.3,26103.5,21.751,567803.7285
2023-08-20 01:10:00,26103.5,26103.6,26098.2,26102.2,6.333,165294.44
2023-08-20 01:11:00,26102.2,26106.0,26102.1,26106.0,3.061,79904.5042
2023-08-20 01:12:00,26106.0,26109.0,26105.9,26109.0,2.028,52946.3237
2023-08-20 01:13:00,26109.0,26117.3,26109.0,26117.2,3.536,92344.2462
2023-08-20 01:14:00,26117.2,26120.0,26117.2,26119.9,7.759,202656.3256
2023-08-20 01:15:00,26119.9,26120.9,26119.9,26120.9,3.515,91811.8892
2023-08-20 01:16:00,26120.9,26131.0,26120.9,26131.0,45.029,1176528.2498
2023-08-20 01:17:00,26131.0,26133.8,26130.9,26133.8,28.271,738820.6545
2023-08-20 01:18:00,26133.8,26134.6,26133.7,26134.6,4.855,126881.3567
2023-08-20 01:19:00,26134.6,26134.8,26134.6,26134.8,14.675,383526.9436
2023-08-20 01:20:00,26134.8,26135.9,26134.8,26135.9,14.31,373999.3091
2023-08-20 01:21:00,26135.9,26136.0,26135.8,26136.0,9.055,236660.6302
2023-08-20 01:22:00,26136.0,26136.5,26135.9,26136.5,5.682,148505.3951
2023-08-20 01:23:00,26136.5,26146.6,26136.5,26146.5,36.755,960863.2715
2023-08-20 01:24:00,26146.5,26146.6,26146.5,26146.6,5.046,131935.6054
2023-08-20 01:25:00,26146.6,26147.0,26137.3,26137.4,38.427,1004663.9061
2023-08-20 01:26:00,26137.4,26137.4,26125.0,26126.0,15.501,405037.3719
2023-08-20 01:27:00,26126.0,26127.9,26125.9,26127.9,4.656,121648.8942
2023-08-20 01:28:00,26127.9,26127.9,26123.3,26123.3,16.275,425170.4557
2023-08-20 01:29:00,26123.3,26123.3,26111.3,26111.3,25.48,665381.9058
2023-08-20 01:30:00,26111.3,26122.1,26111.3,26122.0,20.948,547059.6714
2023-08-20 01:31:00,26122.0,26125.1,26120.8,26122.8,6.347,165803.2602
2023-08-20 01:32:00,26122.8,26124.6,26122.7,26124.6,1.638,42789.1802
2023-08-20 01:33:00,26124.6,26127.8,26124.5,26127.7,10.291,268852.6563
2023-08-20 01:34:00,26127.7,26141.1,26127.7,26141.0,10.688,279325.5688
2023-08-20 01:35:00,26141.0,26141.1,26139.2,26139.2,4.836,126416.5069
2023-08-20 01:36:00,26139.2,26144.1,26139.2,26144.1,6.317,165139.7309
2023-08-20 01:37:00,26144.1,26144.1,26132.3,26132.3,52.444,1370893.9913
2023-08-20 01:38:00,26132.3,26132.3,26122.7,26122.7,2.697,70459.1329
2023-08-20 01:39:00,26122.7,26122.8,26113.0,26113.0,51.277,1339089.8599
2023-08-20 01:40:00,26113.0,26126.9,26113.0,26124.0,72.458,1892277.1011
2023-08-20 01:41:00,26124.0,26125.0,26123.9,26124.9,14.201,370998.9699
2023-08-20 01:42:00,26124.9,26125.0,26124.9,26125.0,15.167,396237.1764
2023-08-20 01:43:00,26125.0,26125.0,26112.3,26124.4,44.221,1155164.6424
2023-08-20 01:44:00,26124.4,26124.4,26122.1,26122.1,20.506,535696.8131
2023-08-20 01:45:00,26122.1,26122.2,26116.6,26116.6,14.112,368603.2791
2023-08-20 01:46:00,26116.6,26116.7,26116.6,26116.6,5.002,130635.6593
2023-08-20 01:47:00,26116.6,26116.6,26066.1,26092.6,333.951,8711302.2641
2023-08-20 01:48:00,26092.6,26101.0,26066.1,26066.1,61.478,1603711.0456
2023-08-20 01:49:00,26066.1,26086.3,26066.1,26071.3,30.433,793620.603
2023-08-20 01:50:00,26071.3,26076.6,26047.3,26059.5,72.859,1898486.757
2023-08-20 01:51:00,26059.5,26068.1,26049.5,26062.5,78.154,2036815.113
2023-08-20 01:52:00,26062.5,26074.6,26062.5,26069.6,17.329,451753.9792
2023-08-20 01:53:00,26069.6,26084.5,26069.5,26084.5,7.344,191484.3857
2023-08-20 01:54:00,26084.5,26096.6,26077.4,26077.4,45.396,1184458.2767
2023-08-20 01:55:00,26077.4,26078.3,26070.4,26070.4,13.509,352242.5513
2023-08-20 01:56:00,26070.4,26070.5,26065.0,26065.1,23.528,613325.2541
2023-08-20 01:57:00,26065.1,26065.1,26063.1,26065.1,21.412,558095.426
2023-08-20 01:58:00,26065.1,26065.1,26065.0,26065.1,13.036,339784.2312
2023-08-20 01:59:00,26065.1,26075.6,26065.0,26075.6,39.923,1040732.6963
2023-08-20 02:00:00,26075.6,26078.8,26073.5,26077.0,10.852,282989.5598
2023-08-20 02:01:00,26077.0,26094.4,26076.9,26094.4,21.654,564870.8968
2023-08-20 02:02:00,26094.4,26098.8,26091.9,26091.9,50.65,1321822.8974
2023-08-20 02:03:00,26091.9,26092.4,26091.9,26092.4,2.819,73553.5966
2023-08-20 02:04:00,26092.4,26092.4,26081.4,26081.4,19.064,497383.7764
2023-08-20 02:05:00,26081.4,26081.5,26081.4,26081.5,2.666,69533.1924
2023-08-20 02:06:00,26081.5,26081.5,26073.5,26080.5,18.795,490162.6729
2023-08-20 02:07:00,26080.5,26092.6,26080.5,26092.6,10.965,285996.5861
2023-08-20 02:08:00,26092.6,26095.9,26090.8,26090.9,12.044,314292.2929
2023-08-20 02:09:00,26090.9,26090.9,26086.8,26086.8,5.558,144999.9773
2023-08-20 02:10:00,26086.8,26086.9,26071.9,26072.0,13.614,355059.6902
2023-08-20 02:11:00,26072.0,26072.0,26061.4,26061.4,21.047,548600.005
2023-08-20 02:12:00,26061.4,26064.2,26057.0,26057.0,30.132,785196.2326
2023-08-20 02:13:00,26057.0,26061.7,26051.8,26059.5,44.154,1150597.2902
2023-08-20 02:14:00,26059.5,26059.6,26018.0,26036.3,264.337,6882263.3705
2023-08-20 02:15:00,26036.3,26048.0,26036.2,26046.7,20.924,544901.7853
2023-08-20 02:16:00,26046.7,26048.0,26028.0,26036.5,125.401,3265293.1701
2023-08-20 02:17:00,26036.5,26036.6,26031.6,26033.4,77.826,2026184.5807
2023-08-20 02:18:00,26033.4,26041.5,26033.3,26041.5,22.778,593012.1868
2023-08-20 02:19:00,26041.5,26044.6,26041.4,26044.6,15.676,408268.3938
2023-08-20 02:20:00,26044.6,26046.0,26044.5,26045.9,4.888,127309.928
2023-08-20 02:21:00,26045.9,26050.0,26045.9,26050.0,9.106,237193.6493
2023-08-20 02:22:00,26050.0,26050.5,26049.9,26050.5,6.319,164612.211
2023-08-20 02:23:00,26050.5,26050.5,26050.4,26050.4,2.534,66011.9062
2023-08-20 02:24:00,26050.4,26053.0,26050.4,26053.0,6.905,179884.9033
2023-08-20 02:25:00,26053.0,26053.0,26051.8,26052.5,17.909,466574.7319
2023-08-20 02:26:00,26052.5,26064.1,26052.4,26064.1,47.245,1231084.1657
2023-08-20 02:27:00,26064.1,26067.6,26053.2,26053.2,14.833,386620.1141
2023-08-20 02:28:00,26053.2,26053.3,26041.3,26041.3,147.613,3844764.0594
2023-08-20 02:29:00,26041.3,26045.0,26041.3,26045.0,8.483,220918.4177
2023-08-20 02:30:00,26045.0,26045.0,26040.2,26043.6,8.844,230322.349
2023-08-20 02:31:00,26043.6,26057.8,26043.6,26057.8,6.544,170462.3462
2023-08-20 02:32:00,26057.8,26060.0,26057.8,26060.0,18.873,491812.2823
2023-08-20 02:33:00,26060.0,26068.6,26059.9,26068.5,55.195,1438724.6078
2023-08-20 02:34:00,26068.5,26071.1,26067.8,26067.9,13.554,353363.6574
2023-08-20 02:35:00,26067.9,26067.9,26067.8,26067.9,3.886,101299.77
2023-08-20 02:36:00,26067.9,26068.7,26067.8,26068.7,1.702,44368.3265
2023-08-20 02:37:00,26068.7,26069.3,26067.8,26069.3,11.308,294776.9516
2023-08-20 02:38:00,26069.3,26069.3,26069.2,26069.3,3.359,87566.4707
2023-08-20 02:39:00,26069.3,26069.3,26064.0,26064.1,16.766,437050.7772
2023-08-20 02:40:00,26064.1,26064.1,26064.0,26064.0,1.743,45429.5709
2023-08-20 02:41:00,26064.0,26064.1,26064.0,26064.1,29.849,777984.3847
2023-08-20 02:42:00,26064.1,26064.1,26064.0,26064.0,15.451,402715.0869
2023-08-20 02:43:00,26064.0,26064.1,26064.0,26064.1,7.003,182526.5219
2023-08-20 02:44:00,26064.1,26064.1,26062.9,26062.9,94.465,2462120.9716
2023-08-20 02:45:00,26062.9,26073.4,26062.9,26073.3,19.898,518756.9705
2023-08-20 02:46:00,26073.3,26074.5,26073.3,26074.4,9.65,251608.6653
2023-08-20 02:47:00,26074.4,26083.2,26074.4,26077.2,66.583,1736539.7096
2023-08-20 02:48:00,26077.2,26077.2,26073.3,26073.3,12.064,314559.2112
2023-08-20 02:49:00,26073.3,26073.4,26073.3,26073.3,10.701,279010.8892
2023-08-20 02:50:00,26073.3,26073.4,26043.9,26043.9,73.851,1924676.6668
2023-08-20 02:51:00,26043.9,26044.0,26043.5,26043.5,10.264,267312.2839
2023-08-20 02:52:00,26043.5,26043.5,26036.7,26036.7,15.028,391345.8769
2023-08-20 02:53:00,26036.7,26040.2,26036.7,26040.2,22.196,577935.0901
2023-08-20 02:54:00,26040.2,26041.5,26040.1,26041.5,5.76,149995.8575
2023-08-20 02:55:00,26041.5,26041.5,26036.4,26036.4,21.451,558577.806
2023-08-20 02:56:00,26036.4,26042.7,26036.4,26042.7,8.19,213274.6935
2023-08-20 02:57:00,26042.7,26047.0,26042.7,26047.0,16.568,431498.3669
2023-08-20 02:58:00,26047.0,26049.4,26046.5,26047.6,27.649,720203.0523
2023-08-20 02:59:00,26047.6,26061.3,26047.6,26061.3,15.496,403748.2205
2023-08-20 03:00:00,26061.3,26066.2,26061.3,26066.2,9.178,239229.6999
2023-08-20 03:01:00,26066.2,26066.2,26066.1,26066.1,0.959,24997.4238
2023-08-20 03:02:00,26066.1,26066.2,26052.7,26052.7,10.313,268758.0749
2023-08-20 03:03:00,26052.7,26052.8,26052.1,26052.2,12.268,319611.8592
2023-08-20 03:04:00,26052.2,26052.2,26051.6,26051.7,8.089,210734.743
2023-08-20 03:05:00,26051.7,26051.7,26046.0,26046.0,19.615,510969.7377
2023-08-20 03:06:00,26046.0,26046.0,26044.1,26044.2,15.778,410933.0221
2023-08-20 03:07:00,26044.2,26044.2,26044.1,26044.2,1.612,41983.1
2023-08-20 03:08:00,26044.2,26044.2,26044.1,26044.2,3.704,96467.6183
2023-08-20 03:09:00,26044.2,26046.5,26044.1,26046.3,8.043,209477.5954
2023-08-20 03:10:00,26046.3,26053.0,26046.3,26052.9,17.587,458129.1316
2023-08-20 03:11:00,26052.9,26063.2,26052.9,26063.2,3.723,97026.07
2023-08-20 03:12:00,26063.2,26070.9,26063.1,26070.8,22.29,581100.9777
2023-08-20 03:13:00,26070.8,26070.9,26068.4,26068.5,20.538,535420.9537
2023-08-20 03:14:00,26068.5,26071.0,26068.4,26071.0,23.926,623745.9429
2023-08-20 03:15:00,26071.0,26071.6,26071.0,26071.6,3.257,84914.6688
2023-08-20 03:16:00,26071.6,26074.6,26071.5,26074.6,26.155,681955.9223
2023-08-20 03:17:00,26074.6,26075.3,26074.5,26075.2,24.143,629525.9755
2023-08-20 03:18:00,26075.2,26075.3,26075.2,26075.2,0.625,16297.0215
2023-08-20 03:19:00,26075.2,26075.3,26075.2,26075.2,1.527,39816.9476
2023-08-20 03:20:00,26075.2,26075.3,26075.2,26075.2,2.301,59999.0504
2023-08-20 03:21:00,26075.2,26075.3,26075.2,26075.3,2.152,56113.9401
2023-08-20 03:22:00,26075.3,26075.3,26075.2,26075.2,3.5,91263.422
2023-08-20 03:23:00,26075.2,26075.3,26075.2,26075.3,5.244,136738.6765
2023-08-20 03:24:00,26075.3,26075.3,26075.2,26075.3,2.825,73662.6901
2023-08-20 03:25:00,26075.3,26075.3,26075.2,26075.3,4.211,109803.0722
2023-08-20 03:26:00,26075.3,26075.4,26075.3,26075.3,1.387,36166.5172
2023-08-20 03:27:00,26075.3,26075.4,26075.3,26075.4,1.059,27613.7987
2023-08-20 03:28:00,26075.4,26075.4,26075.3,26075.4,1.063,27718.0921
2023-08-20 03:29:00,26075.4,26075.4,26075.3,26075.3,3.895,101563.3363
2023-08-20 03:30:00,26075.3,26075.4,26057.0,26057.1,53.087,1384004.6983
2023-08-20 03:31:00,26057.1,26057.1,26055.5,26055.6,26.641,694149.5229
2023-08-20 03:32:00,26055.6,26055.6,26050.0,26050.0,9.559,249033.5972
2023-08-20 03:33:00,26050.0,26050.1,26049.0,26049.0,6.967,181488.5969
2023-08-20 03:34:00,26049.0,26049.1,26045.0,26045.0,1.919,49982.534
2023-08-20 03:35:00,26045.0,26045.1,26044.3,26044.3,4.403,114674.6242
2023-08-20 03:36:00,26044.3,26044.4,26044.3,26044.3,1.63,42452.2689
2023-08-20 03:37:00,26044.3,26044.4,26044.3,26044.3,2.48,64589.9863
2023-08-20 03:38:00,26044.3,26053.6,26044.3,26053.6,13.801,359465.903
2023-08-20 03:39:00,26053.6,26066.0,26053.5,26065.9,9.093,236953.5432
2023-08-20 03:40:00,26065.9,26068.3,26065.9,26068.3,5.584,145560.3036
2023-08-20 03:41:00,26068.3,26068.3,26068.2,26068.2,1.214,31646.8475
2023-08-20 03:42:00,26068.2,26069.6,26068.2,26069.6,5.241,136629.6492
2023-08-20 03:43:00,26069.6,26069.8,26069.5,26069.7,3.047,79434.128
2023-08-20 03:44:00,26069.7,26070.0,26069.7,26070.0,0.29,7560.2717
2023-08-20 03:45:00,26070.0,26070.0,26069.9,26070.0,10.185,265522.5244
2023-08-20 03:46:00,26070.0,26070.0,26069.9,26070.0,3.007,78392.4452
2023-08-20 03:47:00,26070.0,26070.4,26069.9,26070.3,2.609,68017.0617
2023-08-20 03:48:00,26070.3,26070.7,26070.3,26070.7,3.303,86110.4268
2023-08-20 03:49:00,26070.7,26072.1,26070.7,26072.1,1.46,38064.6804
2023-08-20 03:50:00,26072.1,26072.7,26072.1,26072.6,3.726,97146.0739
2023-08-20 03:51:00,26072.6,26072.7,26072.6,26072.6,7.566,197265.4991
2023-08-20 03:52:00,26072.6,26072.6,26069.9,26069.9,22.855,595857.8878
2023-08-20 03:53:00,26069.9,26070.0,26069.3,26069.4,2.016,52556.6867
2023-08-20 03:54:00,26069.4,26069.4,26069.3,26069.4,2.273,59255.6212
2023-08-20 03:55:00,26069.4,26069.4,26069.3,26069.3,3.12,81336.3782
2023-08-20 03:56:00,26069.3,26073.8,26069.3,26073.8,15.023,391670.2275
2023-08-20 03:57:00,26073.8,26075.0,26073.7,26075.0,4.243,110634.012
2023-08-20 03:58:00,26075.0,26075.6,26075.0,26075.6,8.654,225657.2065
2023-08-20 03:59:00,26075.6,26075.6,26075.5,26075.6,3.664,95540.8115
2023-08-20 04:00:00,26075.6,26075.6,26075.5,26075.5,6.396,166778.9894
2023-08-20 04:01:00,26075.5,26075.6,26075.5,26075.6,4.666,121668.5061
2023-08-20 04:02:00,26075.6,26078.8,26075.5,26078.8,41.7,1087407.6353
2023-08-20 04:03:00,26078.8,26078.8,26078.7,26078.8,3.168,82617.4281
2023-08-20 04:04:00,26078.8,26078.8,26071.2,26071.3,13.927,363147.2459
2023-08-20 04:05:00,26071.3,26071.3,26071.2,26071.3,2.388,62258.2086
2023-08-20 04:06:00,26071.3,26071.3,26071.2,26071.2,0.638,16633.4641
2023-08-20 04:07:00,26071.2,26071.3,26069.0,26069.1,15.28,398336.1415
2023-08-20 04:08:00,26069.1,26069.1,26069.0,26069.0,22.813,594712.1255
2023-08-20 04:09:00,26069.0,26069.1,26069.0,26069.0,8.509,221821.2419
2023-08-20 04:10:00,26069.0,26069.1,26069.0,26069.1,17.608,459024.5932
2023-08-20 04:11:00,26069.1,26073.0,26069.0,26073.0,11.648,303676.3118
2023-08-20 04:12:00,26073.0,26073.0,26072.9,26072.9,2.314,60332.8738
2023-08-20 04:13:00,26072.9,26074.5,26072.9,26074.5,8.323,217009.3624
2023-08-20 04:14:00,26074.5,26074.5,26074.4,26074.5,1.879,48993.9314
2023-08-20 04:15:00,26074.5,26074.5,26074.4,26074.5,1.323,34496.5349
2023-08-20 04:16:00,26074.5,26074.5,26071.4,26071.5,18.967,494539.1622
2023-08-20 04:17:00,26071.5,26071.5,26070.7,26070.8,8.141,212244.2625
2023-08-20 04:18:00,26070.8,26070.8,26070.5,26070.5,3.453,90022.0858
2023-08-20 04:19:00,26070.5,26070.5,26069.0,26069.0,5.811,151489.3037
2023-08-20 04:20:00,26069.0,26069.1,26069.0,26069.0,2.149,56022.359
2023-08-20 04:21:00,26069.0,26069.1,26060.1,26060.1,113.197,2950295.7326
2023-08-20 04:22:00,26060.1,26060.2,26060.0,26060.0,13.13,342167.9369
2023-08-20 04:23:00,26060.0,26060.1,26044.0,26044.1,55.878,1456039.1983
2023-08-20 04:24:00,26044.1,26044.1,26044.0,26044.0,2.506,65266.3765
2023-08-20 04:25:00,26044.0,26044.1,26039.2,26040.6,26.141,680709.5836
2023-08-20 04:26:00,26040.6,26040.6,26040.5,26040.5,10.089,262723.2968
2023-08-20 04:27:00,26040.5,26040.6,26040.5,26040.5,2.368,61664.0341
2023-08-20 04:28:00,26040.5,26040.6,26040.5,26040.6,3.288,85621.436
2023-08-20 04:29:00,26040.6,26040.6,26040.5,26040.5,4.001,104188.2629
2023-08-20 04:30:00,26040.5,26040.6,26040.5,26040.5,3.269,85126.5568
2023-08-20 04:31:00,26040.5,26040.6,26040.5,26040.6,4.548,118432.3023
2023-08-20 04:32:00,26040.6,26040.6,26040.5,26040.5,5.03,130983.757
2023-08-20 04:33:00,26040.5,26051.5,26039.3,26051.5,55.988,1458180.3013
2023-08-20 04:34:00,26051.5,26058.7,26051.4,26058.7,40.641,1058970.1664
2023-08-20 04:35:00,26058.7,26059.6,26058.6,26059.6,21.486,559901.8332
2023-08-20 04:36:00,26059.6,26061.3,26059.5,26061.2,21.899,570709.404
2023-08-20 04:37:00,26061.2,26061.3,26061.2,26061.2,6.473,168694.5332
2023-08-20 04:38:00,26061.2,26063.3,26061.2,26063.3,1.823,47510.6478
2023-08-20 04:39:00,26063.3,26072.5,26063.3,26072.5,44.589,1162470.3952
2023-08-20 04:40:00,26072.5,26072.5,26057.5,26057.5,11.866,309323.4934
2023-08-20 04:41:00,26057.5,26057.6,26057.5,26057.6,2.108,54929.2136
2023-08-20 04:42:00,26057.6,26057.9,26057.5,26057.9,3.881,101129.6695
2023-08-20 04:43:00,26057.9,26058.9,26057.8,26058.8,2.456,63999.0663
2023-08-20 04:44:00,26058.8,26060.0,26058.8,26060.0,2.815,73356.4554
2023-08-20 04:45:00,26060.0,26062.7,26060.0,26062.7,8.591,223892.7704
2023-08-20 04:46:00,26062.7,26063.0,26062.7,26063.0,5.154,134328.0267
2023-08-20 04:47:00,26063.0,26063.5,26062.9,26063.5,1.691,44073.2999
2023-08-20 04:48:00,26063.5,26070.3,26063.5,26069.4,12.464,324911.4208
2023-08-20 04:49:00,26069.4,26071.2,26069.4,26071.2,2.061,53729.8012
2023-08-20 04:50:00,26071.2,26075.8,26071.1,26075.8,9.15,238571.5047
2023-08-20 04:51:00,26075.8,26075.8,26075.7,26075.8,2.15,56062.949
2023-08-20 04:52:00,26075.8,26075.8,26075.7,26075.8,3.173,82738.2269
2023-08-20 04:53:00,26075.8,26076.0,26075.7,26076.0,9.13,238072.1463
2023-08-20 04:54:00,26076.0,26078.9,26075.9,26078.9,1.346,35100.9511
2023-08-20 04:55:00,26078.9,26093.7,26078.8,26093.7,43.53,1135553.7087
2023-08-20 04:56:00,26093.7,26094.1,26093.7,26094.1,3.971,103619.0745
2023-08-20 04:57:00,26094.1,26103.3,26094.0,26103.2,39.876,1040786.4258
2023-08-20 04:58:00,26103.2,26114.0,26103.1,26113.3,43.316,1131059.4053
2023-08-20 04:59:00,26113.3,26113.3,26105.7,26105.8,22.73,593461.7143
2023-08-20 05:00:00,26105.8,26105.8,26101.3,26103.5,20.067,523822.115
2023-08-20 05:01:00,26103.5,26103.6,26103.5,26103.6,7.488,195463.5252
2023-08-20 05:02:00,26103.6,26103.6,26090.2,26090.2,23.111,603151.4849
2023-08-20 05:03:00,26090.2,26099.4,26089.2,26099.4,24.6,641874.8465
2023-08-20 05:04:00,26099.4,26099.7,26099.3,26099.7,4.168,108782.4115
2023-08-20 05:05:00,26099.7,26099.7,26099.6,26099.6,3.628,94689.6109
2023-08-20 05:06:00,26099.6,26099.7,26098.0,26098.0,8.217,214450.8708
2023-08-20 05:07:00,26098.0,26099.5,26094.1,26099.4,4.432,115656.0654
2023-08-20 05:08:00,26099.4,26111.5,26099.4,26111.5,13.049,340673.4581
2023-08-20 05:09:00,26111.5,26111.5,26104.5,26104.5,5.745,149993.8668
2023-08-20 05:10:00,26104.5,26104.6,26104.5,26104.6,1.651,43098.6867
2023-08-20 05:11:00,26104.6,26104.6,26095.5,26095.6,12.915,337083.2154
2023-08-20 05:12:00,26095.6,26095.6,26095.5,26095.6,5.498,143473.1086
2023-08-20 05:13:00,26095.6,26098.7,26095.5,26098.7,13.338,348074.1168
2023-08-20 05:14:00,26098.7,26100.7,26098.6,26100.7,1.878,49013.8094
2023-08-20 05:15:00,26100.7,26104.1,26100.7,26104.0,19.361,505375.2318
2023-08-20 05:16:00,26104.0,26104.1,26103.4,26103.4,12.533,327157.9568
2023-08-20 05:17:00,26103.4,26103.5,26103.4,26103.5,3.674,95904.0993
2023-08-20 05:18:00,26103.5,26103.5,26095.0,26095.0,5.21,135989.8574
2023-08-20 05:19:00,26095.0,26095.0,26084.7,26084.7,31.082,810835.3481
2023-08-20 05:20:00,26084.7,26084.8,26084.7,26084.7,1.489,38840.1696
2023-08-20 05:21:00,26084.7,26084.8,26084.7,26084.8,2.119,55273.5803
2023-08-20 05:22:00,26084.8,26084.8,26078.0,26078.0,11.732,305986.4691
2023-08-20 05:23:00,26078.0,26078.1,26078.0,26078.1,4.274,111457.5227
2023-08-20 05:24:00,26078.1,26078.1,26078.0,26078.1,2.735,71323.3761
2023-08-20 05:25:00,26078.1,26078.1,26078.0,26078.1,7.35,191673.3667
2023-08-20 05:26:00,26078.1,26078.1,26078.0,26078.1,1.737,45297.5047
2023-08-20 05:27:00,26078.1,26078.1,26077.1,26077.2,1.419,37004.2241
2023-08-20 05:28:00,26077.2,26086.7,26077.1,26086.7,14.297,372909.8422
2023-08-20 05:29:00,26086.7,26088.8,26086.6,26088.8,4.753,123993.2987
2023-08-20 05:30:00,26088.8,26088.8,26077.2,26077.3,19.312,503771.6477
2023-08-20 05:31:00,26077.3,26077.3,26077.2,26077.2,13.515,352434.4957
2023-08-20 05:32:00,26077.2,26077.3,26077.2,26077.2,1.835,47851.7443
2023-08-20 05:33:00,26077.2,26077.3,26077.2,26077.3,2.28,59456.1526
2023-08-20 05:34:00,26077.3,26077.3,26075.5,26075.5,8.631,225069.9451
2023-08-20 05:35:00,26075.5,26075.6,26075.4,26075.5,2.119,55254.0019
2023-08-20 05:36:00,26075.5,26075.5,26073.1,26073.2,9.031,235472.5974
2023-08-20 05:37:00,26073.2,26073.2,26073.1,26073.2,2.119,55248.9062
2023-08-20 05:38:00,26073.2,26073.2,26073.1,26073.2,4.039,105309.5937
2023-08-20 05:39:00,26073.2,26073.2,26073.1,26073.1,0.777,20258.8272
2023-08-20 05:40:00,26073.1,26073.2,26073.1,26073.1,1.291,33660.4913
2023-08-20 05:41:00,26073.1,26074.0,26073.1,26073.9,7.56,197114.977
2023-08-20 05:42:00,26073.9,26089.3,26073.9,26089.3,16.141,420938.4083
2023-08-20 05:43:00,26089.3,26090.9,26089.2,26090.9,4.999,130427.0706
2023-08-20 05:44:00,26090.9,26094.8,26090.9,26094.8,12.033,313983.9977
2023-08-20 05:45:00,26094.8,26095.8,26088.7,26091.1,13.218,344920.0379
2023-08-20 05:46:00,26091.1,26091.7,26091.0,26091.7,1.545,40310.7959
2023-08-20 05:47:00,26091.7,26091.8,26091.6,26091.8,1.098,28648.6858
2023-08-20 05:48:00,26091.8,26100.8,26091.7,26100.8,9.941,259430.0449
2023-08-20 05:49:00,26100.8,26108.7,26100.8,26108.7,26.145,682521.734
2023-08-20 05:50:00,26108.7,26110.0,26108.6,26110.0,10.559,275691.5059
2023-08-20 05:51:00,26110.0,26113.8,26109.9,26113.7,51.565,1346514.7976
2023-08-20 05:52:00,26113.7,26113.8,26113.7,26113.8,3.81,99493.4071
2023-08-20 05:53:00,26113.8,26113.8,26113.7,26113.8,9.536,249021.127
2023-08-20 05:54:00,26113.8,26113.8,26113.7,26113.8,7.444,194390.5748
2023-08-20 05:55:00,26113.8,26113.8,26113.7,26113.7,6.849,178852.8792
2023-08-20 05:56:00,26113.7,26115.6,26113.7,26115.6,18.901,493593.7989
2023-08-20 05:57:00,26115.6,26125.5,26115.6,26125.4,106.512,2782300.6917
2023-08-20 05:58:00,26125.4,26125.5,26118.7,26118.7,26.602,694969.7486
2023-08-20 05:59:00,26118.7,26118.7,26114.3,26114.3,12.618,329533.3003
2023-08-20 06:00:00,26114.3,26114.4,26101.3,26101.3,30.302,791082.6231
2023-08-20 06:01:00,26101.3,26101.4,26099.8,26099.8,47.115,1229731.7602
2023-08-20 06:02:00,26099.8,26099.9,26099.8,26099.8,5.352,139686.3663
2023-08-20 06:03:00,26099.8,26099.9,26093.2,26093.2,42.683,1113951.4101
2023-08-20 06:04:00,26093.2,26104.3,26093.2,26104.3,13.498,352232.12
2023-08-20 06:05:00,26104.3,26104.3,26104.2,26104.3,1.637,42732.6805
2023-08-20 06:06:00,26104.3,26104.3,26104.2,26104.3,1.367,35684.5661
2023-08-20 06:07:00,26104.3,26104.3,26104.2,26104.3,2.393,62467.5217
2023-08-20 06:08:00,26104.3,26113.5,26104.2,26113.5,24.273,633727.3729
2023-08-20 06:09:00,26113.5,26113.5,26112.4,26112.5,10.367,270714.5017
2023-08-20 06:10:00,26112.5,26128.8,26112.4,26128.3,60.079,1569483.8999
2023-08-20 06:11:00,26128.3,26133.0,26128.3,26132.9,33.075,864319.2934
2023-08-20 06:12:00,26132.9,26138.5,26132.9,26138.5,32.53,850221.3255
2023-08-20 06:13:00,26138.5,26138.5,26128.1,26137.0,67.941,1775546.8767
2023-08-20 06:14:00,26137.0,26169.3,26137.0,26165.4,156.788,4101206.134
2023-08-20 06:15:00,26165.4,26165.5,26142.4,26142.5,67.379,1762139.62
2023-08-20 06:16:00,26142.5,26150.0,26142.4,26144.3,21.745,568516.8232
2023-08-20 06:17:00,26144.3,26144.3,26144.2,26144.3,3.693,96550.7696
2023-08-20 06:18:00,26144.3,26156.2,26144.2,26156.2,33.69,880919.5325
2023-08-20 06:19:00,26156.2,26166.6,26156.2,26166.5,42.15,1102671.2915
2023-08-20 06:20:00,26166.5,26175.5,26166.5,26175.5,196.342,5138684.729
2023-08-20 06:21:00,26175.5,26175.9,26175.4,26175.8,33.233,869890.7654
2023-08-20 06:22:00,26175.8,26175.9,26175.8,26175.9,9.035,236498.6956
2023-08-20 06:23:00,26175.9,26177.0,26175.8,26177.0,18.142,474889.9426
2023-08-20 06:24:00,26177.0,26177.0,26176.0,26176.1,88.605,2319331.9311
2023-08-20 06:25:00,26176.1,26176.2,26171.3,26171.3,14.761,386355.0619
2023-08-20 06:26:00,26171.3,26171.4,26153.0,26160.4,32.753,856883.4283
2023-08-20 06:27:00,26160.4,26164.5,26160.3,26164.5,18.949,495727.3363
2023-08-20 06:28:00,26164.5,26164.5,26161.2,26164.5,18.256,477633.4636
2023-08-20 06:29:00,26164.5,26170.0,26164.4,26170.0,16.843,440751.0153
2023-08-20 06:30:00,26170.0,26192.0,26165.1,26165.1,138.774,3633120.3026
2023-08-20 06:31:00,26165.1,26165.2,26147.3,26147.3,56.35,1473846.1582
2023-08-20 06:32:00,26147.3,26147.4,26144.6,26144.6,21.082,551212.5719
2023-08-20 06:33:00,26144.6,26150.1,26142.0,26150.0,22.342,584130.5168
2023-08-20 06:34:00,26150.0,26151.3,26150.0,26151.3,1.418,37081.0045
2023-08-20 06:35:00,26151.3,26151.3,26140.0,26144.4,31.327,819059.3549
2023-08-20 06:36:00,26144.4,26150.4,26140.8,26150.4,7.879,205998.8881
2023-08-20 06:37:00,26150.4,26150.4,26141.0,26141.0,7.591,198454.9371
2023-08-20 06:38:00,26141.0,26141.1,26138.8,26138.8,13.753,359505.6507
2023-08-20 06:39:00,26138.8,26138.9,26138.8,26138.8,4.039,105574.7568
2023-08-20 06:40:00,26138.8,26138.9,26106.8,26121.1,196.3,5128349.0122
2023-08-20 06:41:00,26121.1,26124.3,26111.7,26124.3,25.406,663615.8087
2023-08-20 06:42:00,26124.3,26124.3,26106.0,26113.9,56.971,1487674.9532
2023-08-20 06:43:00,26113.9,26116.0,26102.6,26102.6,34.747,907196.7816
2023-08-20 06:44:00,26102.6,26103.5,26098.1,26103.5,44.382,1158341.4098
2023-08-20 06:45:00,26103.5,26103.5,26089.2,26089.2,40.108,1046652.1549
2023-08-20 06:46:00,26089.2,26089.3,26088.3,26088.4,45.474,1186368.5918
2023-08-20 06:47:00,26088.4,26088.4,26078.8,26078.8,134.217,3501124.7329
2023-08-20 06:48:00,26078.8,26078.9,26071.0,26071.0,63.662,1659917.5823
2023-08-20 06:49:00,26071.0,26071.1,26067.2,26067.3,34.6,901989.8862
2023-08-20 06:50:00,26067.3,26091.3,26067.2,26083.6,119.435,3114804.9953
2023-08-20 06:51:00,26083.6,26083.6,26066.6,26070.5,91.416,2383228.015
2023-08-20 06:52:00,26070.5,26070.5,26054.0,26054.0,97.441,2539380.5158
2023-08-20 06:53:00,26054.0,26065.4,26054.0,26060.7,38.131,993630.8484
2023-08-20 06:54:00,26060.7,26062.0,26055.0,26062.0,22.221,579063.3366
2023-08-20 06:55:00,26062.0,26066.8,26062.0,26066.8,12.534,326702.6933
2023-08-20 06:56:00,26066.8,26082.9,26066.8,26082.9,37.545,979032.3302
2023-08-20 06:57:00,26082.9,26086.7,26082.9,26085.3,18.787,490065.4874
2023-08-20 06:58:00,26085.3,26085.4,26079.1,26085.3,15.746,410729.3787
2023-08-20 06:59:00,26085.3,26086.4,26085.3,26086.3,26.82,699628.1625
2023-08-20 07:00:00,26086.3,26086.3,26078.4,26078.4,20.891,544849.3413
2023-08-20 07:01:00,26078.4,26078.4,26065.8,26070.7,43.753,1140617.7209
2023-08-20 07:02:00,26070.7,26071.6,26039.9,26046.3,173.278,4514276.4046
2023-08-20 07:03:00,26046.3,26056.0,26039.1,26055.9,29.132,758828.2929
2023-08-20 07:04:00,26055.9,26056.0,26032.2,26037.9,61.244,1594890.0967
2023-08-20 07:05:00,26037.9,26045.7,26037.9,26045.6,44.308,1153790.2498
2023-08-20 07:06:00,26045.6,26051.1,26045.6,26051.1,16.727,435705.5176
2023-08-20 07:07:00,26051.1,26054.3,26051.0,26054.2,6.944,180906.995
2023-08-20 07:08:00,26054.2,26055.2,26054.2,26055.2,12.135,316173.8711
2023-08-20 07:09:00,26055.2,26055.2,26038.0,26038.0,48.937,1274699.3768
2023-08-20 07:10:00,26038.0,26038.1,26038.0,26038.0,11.312,294542.2759
2023-08-20 07:11:00,26038.0,26038.1,26038.0,26038.1,2.65,69000.9275
2023-08-20 07:12:00,26038.1,26038.1,26038.0,26038.0,11.598,301989.5149
2023-08-20 07:13:00,26038.0,26038.1,26038.0,26038.0,12.94,336931.9458
2023-08-20 07:14:00,26038.0,26045.6,26038.0,26045.6,32.874,856058.3249
2023-08-20 07:15:00,26045.6,26064.0,26045.6,26064.0,47.322,1233049.8381
2023-08-20 07:16:00,26064.0,26067.5,26063.9,26067.5,5.672,147848.9176
2023-08-20 07:17:00,26067.5,26068.8,26058.2,26058.3,16.044,418191.7011
2023-08-20 07:18:00,26058.3,26058.3,26042.6,26042.6,12.27,319680.4125
2023-08-20 07:19:00,26042.6,26049.8,26042.6,26049.8,3.946,102781.3318
2023-08-20 07:20:00,26049.8,26053.1,26049.7,26053.1,9.4,244882.7314
2023-08-20 07:21:00,26053.1,26053.1,26042.1,26042.1,16.637,433422.5875
2023-08-20 07:22:00,26042.1,26046.8,26042.1,26046.7,14.545,378796.2863
2023-08-20 07:23:00,26046.7,26047.2,26043.3,26043.3,9.703,252733.8937
2023-08-20 07:24:00,26043.3,26047.3,26042.1,26047.3,8.898,231733.1479
2023-08-20 07:25:00,26047.3,26054.1,26047.3,26054.1,7.686,200225.0133
2023-08-20 07:26:00,26054.1,26054.1,26050.0,26051.5,4.964,129331.4733
2023-08-20 07:27:00,26051.5,26060.0,26051.5,26060.0,10.338,269389.6813
2023-08-20 07:28:00,26060.0,26060.0,26059.9,26060.0,2.652,69111.0051
2023-08-20 07:29:00,26060.0,26060.0,26059.9,26060.0,1.663,43337.7629
2023-08-20 07:30:00,26060.0,26060.0,26056.5,26059.0,7.496,195337.7665
2023-08-20 07:31:00,26059.0,26059.4,26058.9,26059.4,2.566,66867.9876
2023-08-20 07:32:00,26059.4,26059.4,26051.0,26051.1,7.33,190988.313
2023-08-20 07:33:00,26051.1,26051.1,26051.0,26051.0,9.275,241623.1061
2023-08-20 07:34:00,26051.0,26051.1,26051.0,26051.1,9.037,235422.9945
2023-08-20 07:35:00,26051.1,26051.1,26051.0,26051.1,1.853,48272.5588
2023-08-20 07:36:00,26051.1,26056.7,26051.0,26056.7,10.96,285536.2379
2023-08-20 07:37:00,26056.7,26057.9,26056.6,26057.9,5.133,133752.5198
2023-08-20 07:38:00,26057.9,26063.4,26057.8,26063.3,8.619,224607.5517
2023-08-20 07:39:00,26063.3,26063.4,26057.8,26057.8,10.326,269109.1609
2023-08-20 07:40:00,26057.8,26059.5,26040.7,26042.2,23.608,615119.155
2023-08-20 07:41:00,26042.2,26042.2,26037.0,26037.0,20.694,538849.311
2023-08-20 07:42:00,26037.0,26050.2,26037.0,26050.2,14.532,378479.0724
2023-08-20 07:43:00,26050.2,26050.2,26041.6,26041.6,12.555,327001.9989
2023-08-20 07:44:00,26041.6,26041.6,26041.5,26041.5,6.022,156822.0333
2023-08-20 07:45:00,26041.5,26050.1,26041.5,26050.1,1.839,47901.7621
2023-08-20 07:46:00,26050.1,26050.1,26050.0,26050.1,1.57,40898.5749
2023-08-20 07:47:00,26050.1,26060.0,26050.0,26060.0,8.111,211329.6828
2023-08-20 07:48:00,26060.0,26073.5,26059.2,26059.2,37.26,971296.4207
2023-08-20 07:49:00,26059.2,26059.2,26050.5,26051.2,6.624,172594.8135
2023-08-20 07:50:00,26051.2,26051.4,26051.2,26051.3,2.009,52337.2051
2023-08-20 07:51:00,26051.3,26052.9,26051.3,26052.8,9.139,238092.4989
2023-08-20 07:52:00,26052.8,26052.9,26052.8,26052.9,1.874,48823.1301
2023-08-20 07:53:00,26052.9,26052.9,26052.8,26052.8,1.048,27303.3748
2023-08-20 07:54:00,26052.8,26052.9,26052.8,26052.9,3.659,95327.3556
2023-08-20 07:55:00,26052.9,26052.9,26052.8,26052.9,0.99,25792.3059
2023-08-20 07:56:00,26052.9,26052.9,26052.8,26052.9,2.124,55336.3174
2023-08-20 07:57:00,26052.9,26052.9,26052.8,26052.8,4.641,120911.1913
2023-08-20 07:58:00,26052.8,26052.9,26052.8,26052.8,6.092,158714.1812
2023-08-20 07:59:00,26052.8,26062.0,26052.8,26062.0,4.946,128870.48
2023-08-20 08:00:00,26062.0,26062.0,26061.9,26061.9,1.465,38180.7485
2023-08-20 08:01:00,26061.9,26062.0,26061.2,26061.2,7.789,202996.1328
2023-08-20 08:02:00,26061.2,26061.2,26053.3,26053.4,5.002,130344.4852
2023-08-20 08:03:00,26053.4,26053.4,26053.3,26053.3,1.458,37985.7124
2023-08-20 08:04:00,26053.3,26059.2,26053.3,26059.2,4.462,116252.9336
2023-08-20 08:05:00,26059.2,26061.2,26059.2,26061.2,4.112,107159.8322
2023-08-20 08:06:00,26061.2,26064.0,26061.1,26063.9,8.923,232548.4108
2023-08-20 08:07:00,26063.9,26065.0,26063.9,26064.9,0.57,14856.5957
2023-08-20 08:08:00,26064.9,26087.8,26064.9,26085.7,71.36,1860673.2132
2023-08-20 08:09:00,26085.7,26085.7,26085.0,26085.0,7.382,192562.1354
2023-08-20 08:10:00,26085.0,26085.1,26084.5,26084.6,2.521,65759.7695
2023-08-20 08:11:00,26084.6,26091.0,26083.1,26091.0,117.237,3058186.8555
2023-08-20 08:12:00,26091.0,26091.0,26083.4,26083.4,34.569,901921.1015
2023-08-20 08:13:00,26083.4,26085.2,26083.4,26085.1,5.723,149279.2978
2023-08-20 08:14:00,26085.1,26087.9,26085.1,26087.9,8.487,221394.5838
2023-08-20 08:15:00,26087.9,26094.9,26087.8,26094.1,79.379,2071054.7858
2023-08-20 08:16:00,26094.1,26094.1,26091.5,26091.6,10.842,282903.4097
2023-08-20 08:17:00,26091.6,26091.6,26081.9,26081.9,19.992,521531.9506
2023-08-20 08:18:00,26081.9,26082.0,26077.3,26078.7,4.158,108432.3802
2023-08-20 08:19:00,26078.7,26080.0,26078.7,26080.0,1.758,45847.4865
2023-08-20 08:20:00,26080.0,26081.4,26079.9,26081.4,6.492,169312.5241
2023-08-20 08:21:00,26081.4,26081.4,26075.0,26075.0,3.642,94983.5462
2023-08-20 08:22:00,26075.0,26075.0,26070.5,26073.5,8.007,208762.2115
2023-08-20 08:23:00,26073.5,26075.1,26073.4,26075.0,2.337,60934.2751
2023-08-20 08:24:00,26075.0,26078.3,26075.0,26078.3,5.208,135804.4921
2023-08-20 08:25:00,26078.3,26084.9,26075.1,26084.6,29.55,770637.9238
2023-08-20 08:26:00,26084.6,26084.6,26076.8,26079.9,7.539,196603.8816
2023-08-20 08:27:00,26079.9,26082.2,26079.5,26079.6,7.741,201889.7109
2023-08-20 08:28:00,26079.6,26082.4,26079.1,26082.4,5.986,156115.9262
2023-08-20 08:29:00,26082.4,26082.4,26082.3,26082.4,0.694,18101.1303
2023-08-20 08:30:00,26082.4,26085.0,26082.3,26083.9,3.169,82660.223
2023-08-20 08:31:00,26083.9,26085.0,26083.9,26085.0,2.644,68966.0322
2023-08-20 08:32:00,26085.0,26087.9,26084.9,26087.9,6.704,174883.657
2023-08-20 08:33:00,26087.9,26087.9,26087.8,26087.8,1.852,48314.7352
2023-08-20 08:34:00,26087.8,26087.9,26087.7,26087.8,1.626,42418.7191
2023-08-20 08:35:00,26087.8,26089.0,26087.7,26089.0,8.648,225608.2566
2023-08-20 08:36:00,26089.0,26094.4,26088.9,26094.4,22.075,575968.7299
2023-08-20 08:37:00,26094.4,26098.0,26094.3,26098.0,12.641,329884.7524
2023-08-20 08:38:00,26098.0,26101.6,26097.9,26101.5,17.749,463231.8176
2023-08-20 08:39:00,26101.5,26101.6,26096.0,26096.1,8.971,234138.9831
2023-08-20 08:40:00,26096.1,26096.1,26092.7,26092.7,2.326,60699.0529
2023-08-20 08:41:00,26092.7,26095.9,26092.7,26095.9,6.557,171103.5849
2023-08-20 08:42:00,26095.9,26100.0,26095.8,26100.0,7.063,184335.9037
2023-08-20 08:43:00,26100.0,26104.9,26099.9,26104.9,6.495,169536.0022
2023-08-20 08:44:00,26104.9,26108.0,26104.8,26107.9,22.33,582935.0699
2023-08-20 08:45:00,26107.9,26108.2,26105.3,26108.2,10.498,274070.1895
2023-08-20 08:46:00,26108.2,26116.2,26108.2,26116.2,41.272,1077778.8925
2023-08-20 08:47:00,26116.2,26116.2,26114.6,26114.7,7.065,184509.8964
2023-08-20 08:48:00,26114.7,26114.7,26114.6,26114.7,4.556,118978.2009
2023-08-20 08:49:00,26114.7,26130.6,26114.6,26120.1,74.204,1938376.5518
2023-08-20 08:50:00,26120.1,26120.1,26116.9,26116.9,20.396,532693.2611
2023-08-20 08:51:00,26116.9,26116.9,26106.4,26106.5,14.447,377190.2217
2023-08-20 08:52:00,26106.5,26106.5,26097.1,26102.1,46.716,1219391.0367
2023-08-20 08:53:00,26102.1,26102.1,26102.0,26102.1,2.582,67395.5716
2023-08-20 08:54:00,26102.1,26112.1,26102.1,26112.1,44.788,1169331.9064
2023-08-20 08:55:00,26112.1,26114.7,26112.1,26114.7,7.751,202395.514
2023-08-20 08:56:00,26114.7,26115.9,26114.7,26115.9,1.959,51158.8685
2023-08-20 08:57:00,26115.9,26119.0,26115.9,26118.9,2.619,68404.1546
2023-08-20 08:58:00,26118.9,26120.2,26117.9,26117.9,2.885,75353.8607
2023-08-20 08:59:00,26117.9,26120.0,26117.8,26120.0,14.42,376636.6961
2023-08-20 09:00:00,26120.0,26120.0,26117.0,26117.0,5.419,141538.668
2023-08-20 09:01:00,26117.0,26117.1,26117.0,26117.1,0.98,25594.7287
2023-08-20 09:02:00,26117.1,26123.0,26117.0,26122.9,5.657,147765.5464
2023-08-20 09:03:00,26122.9,26125.0,26122.9,26125.0,12.808,334597.3916
2023-08-20 09:04:00,26125.0,26129.4,26125.0,26129.3,13.094,342105.8962
2023-08-20 09:05:00,26129.3,26129.3,26113.1,26113.2,11.737,306599.8615
2023-08-20 09:06:00,26113.2,26113.2,26113.1,26113.2,15.69,409715.0388
2023-08-20 09:07:00,26113.2,26113.2,26113.1,26113.2,5.577,145633.0029
2023-08-20 09:08:00,26113.2,26113.2,26113.1,26113.2,1.878,49040.5319
2023-08-20 09:09:00,26113.2,26113.2,26110.3,26110.3,9.603,250752.7096
2023-08-20 09:10:00,26110.3,26110.4,26105.2,26107.0,40.452,1056058.9707
2023-08-20 09:11:00,26107.0,26107.0,26106.9,26107.0,3.511,91661.4071
2023-08-20 09:12:00,26107.0,26107.0,26106.9,26107.0,1.123,29318.0788
2023-08-20 09:13:00,26107.0,26107.0,26106.9,26106.9,2.793,72916.5894
2023-08-20 09:14:00,26106.9,26107.0,26106.9,26106.9,1.509,39395.3123
2023-08-20 09:15:00,26106.9,26107.0,26106.9,26107.0,2.814,73464.8632
2023-08-20 09:16:00,26107.0,26109.0,26103.2,26103.3,44.675,1166251.1387
2023-08-20 09:17:00,26103.3,26103.3,26103.2,26103.3,7.617,198828.1218
2023-08-20 09:18:00,26103.3,26103.3,26103.2,26103.3,1.593,41582.4219
2023-08-20 09:19:00,26103.3,26103.3,26103.2,26103.2,4.175,108980.8879
