timestamp,open,high,low,close,volume,turnover
2020-08-10 00:00:00,11579.0,11579.0,11578.5,11579.0,0.06,694.74
2020-08-10 00:01:00,11579.0,11584.5,11578.5,11584.5,1.886,21848.367
2020-08-10 00:02:00,11584.5,11585.0,11584.5,11584.5,15.407,178482.3915
2020-08-10 00:03:00,11584.5,11584.5,11575.0,11575.0,1.222,14144.65
2020-08-10 00:04:00,11575.0,11575.0,11572.5,11572.5,4.519,52296.1275
2020-08-10 00:05:00,11572.5,11576.5,11572.5,11576.5,5.006,57951.959
2020-08-10 00:06:00,11576.5,11576.5,11576.5,11576.5,2.237,25896.6305
2020-08-10 00:07:00,11576.5,11577.0,11576.5,11577.0,5.462,63233.574
2020-08-10 00:08:00,11577.0,11577.0,11576.5,11576.5,0.012,138.918
2020-08-10 00:09:00,11576.5,11579.0,11576.5,11579.0,2.947,34123.313
2020-08-10 00:10:00,11579.0,11583.5,11579.0,11583.5,0.309,3579.3015
2020-08-10 00:11:00,11583.5,11600.0,11583.5,11600.0,22.971,266463.6
2020-08-10 00:12:00,11600.0,11622.5,11600.0,11621.0,14.1,163856.1
2020-08-10 00:13:00,11621.0,11621.0,11616.5,11616.5,3.552,41261.808
2020-08-10 00:14:00,11616.5,11620.0,11616.5,11620.0,0.776,9017.12
2020-08-10 00:15:00,11620.0,11620.0,11619.5,11619.5,10.42,121075.19
2020-08-10 00:16:00,11619.5,11619.5,11613.5,11613.5,119.992,1393527.092
2020-08-10 00:17:00,11613.5,11616.0,11610.5,11610.5,134.291,1559185.6555
2020-08-10 00:18:00,11610.5,11610.5,11609.5,11609.5,38.155,442960.4725
2020-08-10 00:19:00,11609.5,11609.5,11607.5,11607.5,35.131,407783.0825
2020-08-10 00:20:00,11607.5,11618.0,11607.5,11618.0,7.431,86333.358
2020-08-10 00:21:00,11618.0,11636.0,11618.0,11635.5,7.385,85928.1675
2020-08-10 00:22:00,11635.5,11642.0,11635.5,11641.5,63.214,735905.781
2020-08-10 00:23:00,11641.5,11641.5,11634.5,11635.5,23.87,277739.385
2020-08-10 00:24:00,11635.5,11636.0,11635.5,11635.5,1.419,16510.7745
2020-08-10 00:25:00,11635.5,11636.0,11634.0,11634.0,12.061,140317.674
2020-08-10 00:26:00,11634.0,11634.5,11633.0,11633.0,1.051,12226.283
2020-08-10 00:27:00,11633.0,11633.0,11632.0,11632.5,0.183,2128.7475
2020-08-10 00:28:00,11632.5,11637.5,11632.5,11637.5,3.257,37903.3375
2020-08-10 00:29:00,11637.5,11638.0,11637.5,11637.5,11.791,137217.7625
2020-08-10 00:30:00,11637.5,11637.5,11632.0,11632.0,4.39,51064.48
2020-08-10 00:31:00,11632.0,11642.0,11632.0,11641.5,0.603,7019.8245
2020-08-10 00:32:00,11641.5,11643.0,11641.5,11643.0,2.758,32111.394
2020-08-10 00:33:00,11643.0,11643.0,11641.0,11641.0,2.137,24876.817
2020-08-10 00:34:00,11641.0,11643.0,11641.0,11643.0,0.242,2817.606
2020-08-10 00:35:00,11643.0,11643.0,11643.0,11643.0,0.101,1175.943
2020-08-10 00:36:00,11643.0,11643.0,11642.5,11642.5,0.092,1071.11
2020-08-10 00:37:00,11642.5,11643.0,11642.5,11643.0,0.005,58.215
2020-08-10 00:38:00,11643.0,11645.0,11643.0,11645.0,1.788,20821.26
2020-08-10 00:39:00,11645.0,11645.5,11645.0,11645.0,2.568,29904.36
2020-08-10 00:40:00,11645.0,11645.5,11645.0,11645.0,1.724,20075.98
2020-08-10 00:41:00,11645.0,11645.5,11645.0,11645.0,1.729,20134.205
2020-08-10 00:42:00,11645.0,11645.5,11645.0,11645.0,0.36,4192.2
2020-08-10 00:43:00,11645.0,11645.0,11643.0,11643.0,8.912,103762.416
2020-08-10 00:44:00,11643.0,11643.0,11638.5,11638.5,6.108,71087.958
2020-08-10 00:45:00,11638.5,11638.5,11638.0,11638.0,0.013,151.294
2020-08-10 00:46:00,11638.0,11638.0,11637.0,11637.0,1.733,20166.921
2020-08-10 00:47:00,11637.0,11637.0,11637.0,11637.0,0.0,0.0
2020-08-10 00:48:00,11637.0,11637.0,11635.0,11635.0,0.189,2199.015
2020-08-10 00:49:00,11635.0,11638.5,11635.0,11638.5,1.653,19238.4405
2020-08-10 00:50:00,11638.5,11647.5,11638.5,11647.5,3.96,46124.1
2020-08-10 00:51:00,11647.5,11650.0,11647.0,11649.5,5.693,66320.6035
2020-08-10 00:52:00,11649.5,11650.0,11649.5,11649.5,0.113,1316.3935
2020-08-10 00:53:00,11649.5,11649.5,11648.0,11648.0,1.755,20442.24
2020-08-10 00:54:00,11648.0,11648.5,11640.0,11640.0,4.478,52123.92
2020-08-10 00:55:00,11640.0,11641.0,11639.0,11641.0,0.012,139.692
2020-08-10 00:56:00,11641.0,11646.5,11641.0,11646.5,2.857,33274.0505
2020-08-10 00:57:00,11646.5,11649.0,11646.5,11649.0,2.531,29483.619
2020-08-10 00:58:00,11649.0,11650.0,11649.0,11650.0,0.002,23.3
2020-08-10 00:59:00,11650.0,11650.5,11650.0,11650.5,2.253,26248.5765
2020-08-10 01:00:00,11650.5,11655.0,11650.5,11655.0,2.442,28461.51
2020-08-10 01:01:00,11655.0,11656.0,11649.0,11649.0,2.131,24824.019
2020-08-10 01:02:00,11649.0,11649.0,11646.5,11646.5,0.05,582.325
2020-08-10 01:03:00,11646.5,11646.5,11641.0,11641.0,2.658,30941.778
2020-08-10 01:04:00,11641.0,11641.0,11640.0,11640.5,0.506,5890.093
2020-08-10 01:05:00,11640.5,11642.5,11638.5,11638.5,3.898,45366.873
2020-08-10 01:06:00,11638.5,11638.5,11637.5,11637.5,0.055,640.0625
2020-08-10 01:07:00,11637.5,11637.5,11637.0,11637.0,0.661,7692.057
2020-08-10 01:08:00,11637.0,11637.5,11637.0,11637.5,1.788,20807.85
2020-08-10 01:09:00,11637.5,11637.5,11637.0,11637.0,0.004,46.548
2020-08-10 01:10:00,11637.0,11637.5,11636.5,11636.5,2.549,29661.4385
2020-08-10 01:11:00,11636.5,11636.5,11633.0,11633.0,22.025,256216.825
2020-08-10 01:12:00,11633.0,11633.0,11633.0,11633.0,0.192,2233.536
2020-08-10 01:13:00,11633.0,11633.5,11633.0,11633.0,0.313,3641.129
2020-08-10 01:14:00,11633.0,11633.5,11632.5,11632.5,4.909,57103.9425
2020-08-10 01:15:00,11632.5,11632.5,11630.5,11630.5,1.026,11932.893
2020-08-10 01:16:00,11630.5,11631.0,11630.5,11630.5,0.002,23.261
2020-08-10 01:17:00,11630.5,11631.0,11630.5,11630.5,1.375,15991.9375
2020-08-10 01:18:00,11630.5,11631.0,11630.5,11630.5,0.002,23.261
2020-08-10 01:19:00,11630.5,11635.0,11630.5,11635.0,0.169,1966.315
2020-08-10 01:20:00,11635.0,11639.0,11635.0,11639.0,1.948,22672.772
2020-08-10 01:21:00,11639.0,11642.0,11639.0,11642.0,0.623,7252.966
2020-08-10 01:22:00,11642.0,11642.5,11639.5,11639.5,3.699,43054.5105
2020-08-10 01:23:00,11639.5,11639.5,11633.0,11633.0,2.385,27744.705
2020-08-10 01:24:00,11633.0,11633.0,11624.0,11624.0,8.064,93735.936
2020-08-10 01:25:00,11624.0,11625.0,11624.0,11625.0,0.076,883.5
2020-08-10 01:26:00,11625.0,11628.5,11625.0,11628.5,0.002,23.257
2020-08-10 01:27:00,11628.5,11628.5,11628.0,11628.0,0.002,23.256
2020-08-10 01:28:00,11628.0,11628.0,11628.0,11628.0,0.0,0.0
2020-08-10 01:29:00,11628.0,11628.0,11628.0,11628.0,0.0,0.0
2020-08-10 01:30:00,11628.0,11639.0,11628.0,11639.0,7.602,88479.678
2020-08-10 01:31:00,11639.0,11639.0,11638.5,11639.0,0.004,46.556
2020-08-10 01:32:00,11639.0,11647.0,11639.0,11647.0,5.927,69031.769
2020-08-10 01:33:00,11647.0,11647.5,11647.0,11647.0,2.351,27382.097
2020-08-10 01:34:00,11647.0,11647.5,11647.0,11647.0,3.399,39588.153
2020-08-10 01:35:00,11647.0,11647.0,11644.0,11644.0,0.333,3877.452
2020-08-10 01:36:00,11644.0,11644.5,11644.0,11644.0,0.002,23.288
2020-08-10 01:37:00,11644.0,11644.5,11644.0,11644.5,0.204,2375.478
2020-08-10 01:38:00,11644.5,11644.5,11643.0,11643.0,0.521,6066.003
2020-08-10 01:39:00,11643.0,11643.0,11641.0,11641.5,3.902,45425.133
2020-08-10 01:40:00,11641.5,11641.5,11640.0,11640.0,0.867,10091.88
2020-08-10 01:41:00,11640.0,11640.0,11639.0,11639.5,0.203,2362.8185
2020-08-10 01:42:00,11639.5,11639.5,11638.5,11638.5,3.004,34962.054
2020-08-10 01:43:00,11638.5,11655.0,11638.5,11655.0,4.435,51689.925
2020-08-10 01:44:00,11655.0,11659.5,11655.0,11659.5,1.77,20637.315
2020-08-10 01:45:00,11659.5,11659.5,11659.0,11659.0,0.502,5852.818
2020-08-10 01:46:00,11659.0,11659.5,11655.0,11655.0,2.247,26188.785
2020-08-10 01:47:00,11655.0,11655.0,11646.0,11646.0,0.545,6347.07
2020-08-10 01:48:00,11646.0,11646.0,11645.0,11645.0,0.501,5834.145
2020-08-10 01:49:00,11645.0,11649.0,11645.0,11649.0,0.955,11124.795
2020-08-10 01:50:00,11649.0,11651.5,11649.0,11651.5,26.817,312458.2755
2020-08-10 01:51:00,11651.5,11651.5,11642.5,11642.5,25.246,293926.555
2020-08-10 01:52:00,11642.5,11643.0,11642.5,11642.5,0.002,23.285
2020-08-10 01:53:00,11642.5,11645.5,11642.5,11645.5,23.078,268754.849
2020-08-10 01:54:00,11645.5,11646.0,11645.5,11645.5,0.713,8303.2415
2020-08-10 01:55:00,11645.5,11648.5,11645.5,11648.5,0.128,1491.008
2020-08-10 01:56:00,11648.5,11651.0,11648.5,11651.0,6.401,74578.051
2020-08-10 01:57:00,11651.0,11651.0,11651.0,11651.0,0.0,0.0
2020-08-10 01:58:00,11651.0,11654.5,11651.0,11654.5,1.719,20034.0855
2020-08-10 01:59:00,11654.5,11658.0,11654.5,11658.0,33.401,389388.858
2020-08-10 02:00:00,11658.0,11658.5,11658.0,11658.0,8.397,97892.226
2020-08-10 02:01:00,11658.0,11658.5,11658.0,11658.5,0.244,2844.674
2020-08-10 02:02:00,11658.5,11658.5,11658.0,11658.0,15.62,182097.96
2020-08-10 02:03:00,11658.0,11658.5,11658.0,11658.5,4.449,51868.6665
2020-08-10 02:04:00,11658.5,11658.5,11658.0,11658.5,15.739,183493.1315
2020-08-10 02:05:00,11658.5,11671.5,11658.5,11671.5,36.569,426815.0835
2020-08-10 02:06:00,11671.5,11672.5,11671.5,11672.5,6.545,76396.5125
2020-08-10 02:07:00,11672.5,11672.5,11667.5,11668.0,3.647,42553.196
2020-08-10 02:08:00,11668.0,11668.0,11667.5,11667.5,0.102,1190.085
2020-08-10 02:09:00,11667.5,11676.5,11667.5,11676.5,7.372,86079.158
2020-08-10 02:10:00,11676.5,11677.5,11676.5,11677.5,5.604,65440.71
2020-08-10 02:11:00,11677.5,11677.5,11677.0,11677.0,0.202,2358.754
2020-08-10 02:12:00,11677.0,11677.5,11677.0,11677.5,0.516,6025.59
2020-08-10 02:13:00,11677.5,11677.5,11677.0,11677.0,3.17,37016.09
2020-08-10 02:14:00,11677.0,11677.5,11677.0,11677.5,0.602,7029.855
2020-08-10 02:15:00,11677.5,11677.5,11677.0,11677.5,2.965,34623.7875
2020-08-10 02:16:00,11677.5,11677.5,11677.0,11677.5,1.494,17446.185
2020-08-10 02:17:00,11677.5,11677.5,11677.0,11677.5,3.113,36352.0575
2020-08-10 02:18:00,11677.5,11677.5,11677.0,11677.0,2.634,30757.218
2020-08-10 02:19:00,11677.0,11677.5,11677.0,11677.5,0.208,2428.92
2020-08-10 02:20:00,11677.5,11679.5,11677.0,11679.5,2.108,24620.386
2020-08-10 02:21:00,11679.5,11682.5,11679.0,11682.5,2.041,23843.9825
2020-08-10 02:22:00,11682.5,11682.5,11682.0,11682.0,0.002,23.364
2020-08-10 02:23:00,11682.0,11682.0,11682.0,11682.0,0.027,315.414
2020-08-10 02:24:00,11682.0,11682.0,11678.0,11678.5,2.391,27923.2935
2020-08-10 02:25:00,11678.5,11678.5,11677.0,11677.0,2.928,34190.256
2020-08-10 02:26:00,11677.0,11677.0,11675.0,11675.0,1.401,16356.675
2020-08-10 02:27:00,11675.0,11675.5,11675.0,11675.0,0.012,140.1
2020-08-10 02:28:00,11675.0,11675.5,11675.0,11675.5,0.06,700.53
2020-08-10 02:29:00,11675.5,11675.5,11675.0,11675.0,0.218,2545.15
2020-08-10 02:30:00,11675.0,11675.0,11674.0,11674.5,1.433,16729.5585
2020-08-10 02:31:00,11674.5,11674.5,11674.0,11674.0,0.645,7529.73
2020-08-10 02:32:00,11674.0,11674.5,11674.0,11674.5,0.988,11534.406
2020-08-10 02:33:00,11674.5,11681.5,11674.5,11681.5,13.243,154698.1045
2020-08-10 02:34:00,11681.5,11688.5,11681.5,11688.5,2.342,27374.467
2020-08-10 02:35:00,11688.5,11689.0,11678.0,11678.0,5.174,60421.972
2020-08-10 02:36:00,11678.0,11678.5,11678.0,11678.0,0.101,1179.478
2020-08-10 02:37:00,11678.0,11683.0,11678.0,11683.0,3.603,42093.849
2020-08-10 02:38:00,11683.0,11683.5,11683.0,11683.5,0.05,584.175
2020-08-10 02:39:00,11683.5,11683.5,11679.0,11679.0,0.881,10289.199
2020-08-10 02:40:00,11679.0,11679.5,11676.5,11676.5,4.17,48691.005
2020-08-10 02:41:00,11676.5,11676.5,11667.0,11667.5,19.923,232451.6025
2020-08-10 02:42:00,11667.5,11668.0,11666.0,11668.0,1.029,12006.372
2020-08-10 02:43:00,11668.0,11668.0,11668.0,11668.0,3.022,35260.696
2020-08-10 02:44:00,11668.0,11668.0,11659.0,11659.0,1.527,17803.293
2020-08-10 02:45:00,11659.0,11659.0,11658.5,11659.0,1.949,22723.391
2020-08-10 02:46:00,11659.0,11663.0,11659.0,11662.5,1.769,20630.9625
2020-08-10 02:47:00,11662.5,11662.5,11658.5,11659.0,2.705,31537.595
2020-08-10 02:48:00,11659.0,11659.0,11659.0,11659.0,3.638,42415.442
2020-08-10 02:49:00,11659.0,11659.0,11658.5,11659.0,2.689,31351.051
2020-08-10 02:50:00,11659.0,11659.0,11658.5,11659.0,0.004,46.636
2020-08-10 02:51:00,11659.0,11659.0,11658.5,11658.5,1.167,13605.4695
2020-08-10 02:52:00,11658.5,11659.0,11658.5,11658.5,0.002,23.317
2020-08-10 02:53:00,11658.5,11659.0,11658.5,11659.0,0.004,46.636
2020-08-10 02:54:00,11659.0,11659.0,11658.5,11658.5,0.012,139.902
2020-08-10 02:55:00,11658.5,11659.0,11658.5,11658.5,1.804,21031.934
2020-08-10 02:56:00,11658.5,11658.5,11658.5,11658.5,5.433,63340.6305
2020-08-10 02:57:00,11658.5,11658.5,11657.0,11657.5,1.252,14595.19
2020-08-10 02:58:00,11657.5,11657.5,11657.0,11657.0,4.068,47420.676
2020-08-10 02:59:00,11657.0,11657.5,11648.0,11648.0,6.51,75828.48
2020-08-10 03:00:00,11648.0,11653.5,11647.0,11653.5,4.843,56437.9005
2020-08-10 03:01:00,11653.5,11656.0,11643.0,11643.0,9.598,111749.514
2020-08-10 03:02:00,11643.0,11643.0,11637.0,11637.0,7.706,89674.722
2020-08-10 03:03:00,11637.0,11644.5,11637.0,11640.5,10.755,125193.5775
2020-08-10 03:04:00,11640.5,11640.5,11639.0,11639.5,6.881,80091.3995
2020-08-10 03:05:00,11639.5,11639.5,11636.5,11637.0,5.149,59918.913
2020-08-10 03:06:00,11637.0,11638.0,11637.0,11638.0,0.009,104.742
2020-08-10 03:07:00,11638.0,11639.5,11638.0,11639.5,0.152,1769.204
2020-08-10 03:08:00,11639.5,11640.0,11639.5,11640.0,0.318,3701.52
2020-08-10 03:09:00,11640.0,11644.0,11640.0,11644.0,8.429,98147.276
2020-08-10 03:10:00,11644.0,11644.0,11643.5,11644.0,0.035,407.54
2020-08-10 03:11:00,11644.0,11648.0,11644.0,11648.0,1.895,22072.96
2020-08-10 03:12:00,11648.0,11649.0,11648.0,11649.0,2.205,25686.045
2020-08-10 03:13:00,11649.0,11650.0,11647.0,11647.0,0.52,6056.44
2020-08-10 03:14:00,11647.0,11647.0,11646.0,11646.5,3.335,38841.0775
2020-08-10 03:15:00,11646.5,11646.5,11645.5,11645.5,4.901,57074.5955
2020-08-10 03:16:00,11645.5,11645.5,11641.0,11641.0,3.453,40196.373
2020-08-10 03:17:00,11641.0,11641.0,11636.5,11636.5,1.624,18897.676
2020-08-10 03:18:00,11636.5,11640.0,11636.0,11640.0,0.244,2840.16
2020-08-10 03:19:00,11640.0,11642.5,11640.0,11642.0,0.703,8184.326
2020-08-10 03:20:00,11642.0,11642.5,11642.0,11642.5,3.664,42658.12
2020-08-10 03:21:00,11642.5,11642.5,11642.0,11642.5,2.574,29967.795
2020-08-10 03:22:00,11642.5,11642.5,11642.0,11642.5,3.527,41063.0975
2020-08-10 03:23:00,11642.5,11642.5,11642.5,11642.5,4.4,51227.0
2020-08-10 03:24:00,11642.5,11644.5,11642.0,11644.5,1.704,19842.228
2020-08-10 03:25:00,11644.5,11647.0,11644.5,11645.5,2.608,30371.464
2020-08-10 03:26:00,11645.5,11645.5,11645.0,11645.5,1.34,15604.97
2020-08-10 03:27:00,11645.5,11645.5,11645.0,11645.5,2.217,25818.0735
2020-08-10 03:28:00,11645.5,11651.5,11645.5,11651.5,5.173,60273.2095
2020-08-10 03:29:00,11651.5,11651.5,11651.0,11651.5,3.182,37075.073
2020-08-10 03:30:00,11651.5,11652.0,11650.5,11652.0,0.438,5103.576
2020-08-10 03:31:00,11652.0,11670.0,11652.0,11670.0,8.467,98809.89
2020-08-10 03:32:00,11670.0,11670.0,11665.0,11665.0,3.073,35846.545
2020-08-10 03:33:00,11665.0,11670.5,11665.0,11670.5,1.009,11775.5345
2020-08-10 03:34:00,11670.5,11670.5,11670.0,11670.5,0.121,1412.1305
2020-08-10 03:35:00,11670.5,11670.5,11670.0,11670.5,7.72,90096.26
2020-08-10 03:36:00,11670.5,11670.5,11670.0,11670.5,2.373,27694.0965
2020-08-10 03:37:00,11670.5,11675.5,11670.0,11675.5,1.058,12352.679
2020-08-10 03:38:00,11675.5,11676.0,11672.0,11672.0,0.178,2077.616
2020-08-10 03:39:00,11672.0,11672.0,11666.5,11667.0,1.9,22167.3
2020-08-10 03:40:00,11667.0,11668.0,11667.0,11668.0,0.004,46.672
2020-08-10 03:41:00,11668.0,11668.0,11665.0,11665.0,0.275,3207.875
2020-08-10 03:42:00,11665.0,11665.5,11662.0,11662.0,4.462,52035.844
2020-08-10 03:43:00,11662.0,11662.0,11661.5,11662.0,0.841,9807.742
2020-08-10 03:44:00,11662.0,11662.0,11660.0,11660.0,0.161,1877.26
2020-08-10 03:45:00,11660.0,11660.0,11657.5,11657.5,2.307,26893.8525
2020-08-10 03:46:00,11657.5,11657.5,11657.0,11657.5,0.28,3264.1
2020-08-10 03:47:00,11657.5,11670.0,11657.0,11670.0,1.507,17586.69
2020-08-10 03:48:00,11670.0,11687.5,11670.0,11685.0,9.907,115763.295
2020-08-10 03:49:00,11685.0,11693.0,11685.0,11692.5,11.821,138217.0425
2020-08-10 03:50:00,11692.5,11693.0,11692.5,11692.5,9.458,110587.665
2020-08-10 03:51:00,11692.5,11693.0,11685.0,11685.0,0.802,9371.37
2020-08-10 03:52:00,11685.0,11687.5,11685.0,11687.5,0.847,9899.3125
2020-08-10 03:53:00,11687.5,11688.5,11685.0,11685.0,5.301,61942.185
2020-08-10 03:54:00,11685.0,11685.0,11679.0,11679.0,0.926,10814.754
2020-08-10 03:55:00,11679.0,11681.5,11678.0,11681.5,1.03,12031.945
2020-08-10 03:56:00,11681.5,11682.5,11681.5,11682.5,1.603,18727.0475
2020-08-10 03:57:00,11682.5,11688.5,11682.5,11687.0,2.218,25921.766
2020-08-10 03:58:00,11687.0,11687.0,11687.0,11687.0,0.0,0.0
2020-08-10 03:59:00,11687.0,11687.0,11685.5,11685.5,0.654,7642.317
2020-08-10 04:00:00,11685.5,11688.0,11685.0,11688.0,1.258,14703.504
2020-08-10 04:01:00,11688.0,11688.0,11671.5,11671.5,1.204,14052.486
2020-08-10 04:02:00,11671.5,11685.0,11671.0,11685.0,5.605,65494.425
2020-08-10 04:03:00,11685.0,11685.5,11679.0,11679.0,0.538,6283.302
2020-08-10 04:04:00,11679.0,11679.0,11673.0,11673.0,0.432,5042.736
2020-08-10 04:05:00,11673.0,11674.0,11673.0,11674.0,0.056,653.744
2020-08-10 04:06:00,11674.0,11674.0,11674.0,11674.0,0.0,0.0
2020-08-10 04:07:00,11674.0,11674.0,11674.0,11674.0,0.0,0.0
2020-08-10 04:08:00,11674.0,11675.0,11674.0,11674.5,0.002,23.349
2020-08-10 04:09:00,11674.5,11675.0,11674.5,11674.5,0.004,46.698
2020-08-10 04:10:00,11674.5,11675.0,11674.5,11675.0,0.004,46.7
2020-08-10 04:11:00,11675.0,11675.0,11674.5,11675.0,0.002,23.35
2020-08-10 04:12:00,11675.0,11675.0,11666.0,11666.0,9.163,106895.558
2020-08-10 04:13:00,11666.0,11666.0,11663.0,11663.0,2.029,23664.227
2020-08-10 04:14:00,11663.0,11663.5,11659.5,11659.5,2.166,25254.477
2020-08-10 04:15:00,11659.5,11663.0,11659.0,11663.0,0.2,2332.6
2020-08-10 04:16:00,11663.0,11663.5,11663.0,11663.0,1.941,22637.883
2020-08-10 04:17:00,11663.0,11663.5,11663.0,11663.5,2.645,30849.9575
2020-08-10 04:18:00,11663.5,11663.5,11663.0,11663.0,3.366,39257.658
2020-08-10 04:19:00,11663.0,11663.0,11663.0,11663.0,1.41,16444.83
2020-08-10 04:20:00,11663.0,11669.0,11663.0,11669.0,1.507,17585.183
2020-08-10 04:21:00,11669.0,11672.5,11669.0,11672.0,1.456,16994.432
2020-08-10 04:22:00,11672.0,11672.5,11672.0,11672.0,0.002,23.344
2020-08-10 04:23:00,11672.0,11676.5,11672.0,11676.5,1.864,21764.996
2020-08-10 04:24:00,11676.5,11681.0,11676.5,11681.0,0.41,4789.21
2020-08-10 04:25:00,11681.0,11685.0,11681.0,11685.0,5.076,59313.06
2020-08-10 04:26:00,11685.0,11688.0,11684.5,11687.5,20.302,237279.625
2020-08-10 04:27:00,11687.5,11688.0,11687.5,11687.5,0.302,3529.625
2020-08-10 04:28:00,11687.5,11687.5,11686.0,11686.0,0.07,818.02
2020-08-10 04:29:00,11686.0,11687.0,11686.0,11687.0,6.449,75369.463
2020-08-10 04:30:00,11687.0,11687.0,11686.5,11687.0,3.039,35516.793
2020-08-10 04:31:00,11687.0,11690.5,11686.5,11690.0,1.399,16354.31
2020-08-10 04:32:00,11690.0,11690.0,11680.5,11680.5,3.684,43030.962
2020-08-10 04:33:00,11680.5,11680.5,11675.5,11675.5,0.654,7635.777
2020-08-10 04:34:00,11675.5,11675.5,11675.0,11675.5,0.002,23.351
2020-08-10 04:35:00,11675.5,11681.0,11675.5,11681.0,0.096,1121.376
2020-08-10 04:36:00,11681.0,11681.5,11681.0,11681.0,4.002,46747.362
2020-08-10 04:37:00,11681.0,11681.5,11681.0,11681.0,0.029,338.749
2020-08-10 04:38:00,11681.0,11681.0,11680.0,11680.0,12.0,140160.0
2020-08-10 04:39:00,11680.0,11680.0,11680.0,11680.0,0.0,0.0
2020-08-10 04:40:00,11680.0,11680.0,11679.5,11679.5,5.084,59378.578
2020-08-10 04:41:00,11679.5,11680.0,11679.5,11680.0,0.017,198.56
2020-08-10 04:42:00,11680.0,11680.0,11679.5,11679.5,0.004,46.718
2020-08-10 04:43:00,11679.5,11683.0,11679.5,11683.0,3.835,44804.305
2020-08-10 04:44:00,11683.0,11686.0,11683.0,11686.0,2.417,28245.062
2020-08-10 04:45:00,11686.0,11691.0,11686.0,11690.5,0.321,3752.6505
2020-08-10 04:46:00,11690.5,11691.0,11690.5,11690.5,0.002,23.381
2020-08-10 04:47:00,11690.5,11691.0,11690.5,11691.0,0.24,2805.84
2020-08-10 04:48:00,11691.0,11691.0,11690.5,11690.5,0.025,292.2625
2020-08-10 04:49:00,11690.5,11690.5,11687.0,11687.0,0.94,10985.78
2020-08-10 04:50:00,11687.0,11687.0,11682.5,11682.5,0.513,5993.1225
2020-08-10 04:51:00,11682.5,11682.5,11682.0,11682.5,3.606,42127.095
2020-08-10 04:52:00,11682.5,11682.5,11682.0,11682.5,0.584,6822.58
2020-08-10 04:53:00,11682.5,11682.5,11682.0,11682.5,0.004,46.73
2020-08-10 04:54:00,11682.5,11682.5,11682.0,11682.0,2.499,29193.318
2020-08-10 04:55:00,11682.0,11682.5,11677.0,11677.0,6.94,81038.38
2020-08-10 04:56:00,11677.0,11679.5,11676.5,11679.5,0.426,4975.467
2020-08-10 04:57:00,11679.5,11679.5,11679.5,11679.5,0.0,0.0
2020-08-10 04:58:00,11679.5,11679.5,11679.5,11679.5,0.0,0.0
2020-08-10 04:59:00,11679.5,11680.5,11679.5,11680.5,3.002,35064.861
2020-08-10 05:00:00,11680.5,11681.5,11680.5,11681.5,1.53,17872.695
2020-08-10 05:01:00,11681.5,11681.5,11681.0,11681.5,0.004,46.726
2020-08-10 05:02:00,11681.5,11681.5,11681.0,11681.0,0.6,7008.6
2020-08-10 05:03:00,11681.0,11681.0,11673.5,11673.5,4.136,48281.596
2020-08-10 05:04:00,11673.5,11674.0,11665.0,11665.0,22.451,261890.915
2020-08-10 05:05:00,11665.0,11665.0,11664.0,11664.0,1.0,11664.0
2020-08-10 05:06:00,11664.0,11664.0,11664.0,11664.0,0.0,0.0
2020-08-10 05:07:00,11664.0,11669.0,11664.0,11669.0,1.619,18892.111
2020-08-10 05:08:00,11669.0,11670.5,11669.0,11670.5,0.864,10083.312
2020-08-10 05:09:00,11670.5,11673.0,11670.5,11673.0,4.587,53544.051
2020-08-10 05:10:00,11673.0,11673.0,11664.0,11664.0,3.944,46002.816
2020-08-10 05:11:00,11664.0,11664.5,11664.0,11664.5,0.602,7022.029
2020-08-10 05:12:00,11664.5,11664.5,11658.5,11658.5,2.409,28085.3265
2020-08-10 05:13:00,11658.5,11665.0,11658.0,11664.5,3.2,37326.4
2020-08-10 05:14:00,11664.5,11667.5,11664.5,11667.5,1.357,15832.7975
2020-08-10 05:15:00,11667.5,11667.5,11667.0,11667.5,0.002,23.335
2020-08-10 05:16:00,11667.5,11669.0,11667.5,11668.5,1.397,16300.8945
2020-08-10 05:17:00,11668.5,11669.0,11668.5,11668.5,0.002,23.337
2020-08-10 05:18:00,11668.5,11669.0,11668.5,11668.5,0.002,23.337
2020-08-10 05:19:00,11668.5,11668.5,11668.5,11668.5,0.617,7199.4645
2020-08-10 05:20:00,11668.5,11669.0,11668.5,11669.0,0.004,46.676
2020-08-10 05:21:00,11669.0,11672.5,11668.5,11672.5,3.032,35391.02
2020-08-10 05:22:00,11672.5,11673.0,11672.5,11673.0,0.795,9280.035
2020-08-10 05:23:00,11673.0,11674.0,11673.0,11674.0,0.011,128.414
2020-08-10 05:24:00,11674.0,11674.0,11673.5,11673.5,0.354,4132.419
2020-08-10 05:25:00,11673.5,11674.0,11673.5,11673.5,0.002,23.347
2020-08-10 05:26:00,11673.5,11684.0,11673.5,11684.0,9.693,113253.012
2020-08-10 05:27:00,11684.0,11689.0,11684.0,11689.0,3.002,35090.378
2020-08-10 05:28:00,11689.0,11689.0,11687.0,11687.0,10.333,120761.771
2020-08-10 05:29:00,11687.0,11687.0,11686.5,11686.5,1.29,15075.585
2020-08-10 05:30:00,11686.5,11690.0,11686.0,11690.0,3.426,40049.94
2020-08-10 05:31:00,11690.0,11696.5,11689.5,11696.0,8.211,96035.856
2020-08-10 05:32:00,11696.0,11696.0,11692.5,11693.0,6.147,71876.871
2020-08-10 05:33:00,11693.0,11697.0,11692.5,11697.0,21.456,250970.832
2020-08-10 05:34:00,11697.0,11698.0,11696.5,11698.0,0.251,2936.198
2020-08-10 05:35:00,11698.0,11698.0,11697.5,11698.0,1.292,15113.816
2020-08-10 05:36:00,11698.0,11706.0,11697.5,11706.0,39.006,456604.236
2020-08-10 05:37:00,11706.0,11707.0,11706.0,11707.0,1.036,12128.452
2020-08-10 05:38:00,11707.0,11715.0,11707.0,11715.0,15.618,182964.87
2020-08-10 05:39:00,11715.0,11720.5,11715.0,11716.0,6.711,78626.076
2020-08-10 05:40:00,11716.0,11720.5,11716.0,11720.5,0.489,5731.3245
2020-08-10 05:41:00,11720.5,11722.5,11720.0,11722.0,17.646,206846.412
2020-08-10 05:42:00,11722.0,11722.5,11719.5,11720.0,12.331,144519.32
2020-08-10 05:43:00,11720.0,11720.0,11720.0,11720.0,4.004,46926.88
2020-08-10 05:44:00,11720.0,11720.0,11719.5,11719.5,1.134,13289.913
2020-08-10 05:45:00,11719.5,11720.0,11719.5,11719.5,0.33,3867.435
2020-08-10 05:46:00,11719.5,11720.0,11719.5,11719.5,5.003,58632.6585
2020-08-10 05:47:00,11719.5,11720.0,11719.5,11720.0,3.474,40715.28
2020-08-10 05:48:00,11720.0,11720.0,11720.0,11720.0,7.011,82168.92
2020-08-10 05:49:00,11720.0,11721.0,11720.0,11721.0,3.195,37448.595
2020-08-10 05:50:00,11721.0,11731.5,11721.0,11729.5,10.352,121423.784
2020-08-10 05:51:00,11729.5,11734.5,11729.5,11729.5,11.175,131077.1625
2020-08-10 05:52:00,11729.5,11729.5,11729.0,11729.5,2.919,34238.4105
2020-08-10 05:53:00,11729.5,11733.0,11729.0,11733.0,1.042,12225.786
2020-08-10 05:54:00,11733.0,11740.0,11732.5,11740.0,19.135,224644.9
2020-08-10 05:55:00,11740.0,11755.0,11739.5,11745.5,37.538,440902.579
2020-08-10 05:56:00,11745.5,11749.5,11745.5,11749.5,0.211,2479.1445
2020-08-10 05:57:00,11749.5,11750.0,11749.5,11749.5,3.337,39208.0815
2020-08-10 05:58:00,11749.5,11752.0,11749.5,11751.5,30.566,359196.349
2020-08-10 05:59:00,11751.5,11752.0,11751.5,11752.0,6.35,74625.2
2020-08-10 06:00:00,11752.0,11762.0,11752.0,11762.0,9.678,113832.636
2020-08-10 06:01:00,11762.0,11762.0,11751.5,11752.0,4.528,53213.056
2020-08-10 06:02:00,11752.0,11752.0,11745.5,11746.5,35.606,418245.879
2020-08-10 06:03:00,11746.5,11746.5,11744.5,11744.5,11.624,136518.068
2020-08-10 06:04:00,11744.5,11745.0,11739.0,11739.0,6.577,77207.403
2020-08-10 06:05:00,11739.0,11741.0,11739.0,11741.0,1.363,16002.983
2020-08-10 06:06:00,11741.0,11741.5,11740.5,11741.5,0.671,7878.5465
2020-08-10 06:07:00,11741.5,11745.5,11741.5,11745.5,4.413,51832.8915
2020-08-10 06:08:00,11745.5,11750.0,11743.5,11750.0,3.027,35567.25
2020-08-10 06:09:00,11750.0,11754.0,11749.5,11754.0,8.776,103153.104
2020-08-10 06:10:00,11754.0,11757.0,11753.5,11757.0,2.097,24654.429
2020-08-10 06:11:00,11757.0,11761.0,11757.0,11760.5,4.037,47477.1385
2020-08-10 06:12:00,11760.5,11763.0,11760.5,11762.5,1.097,12903.4625
2020-08-10 06:13:00,11762.5,11763.0,11755.0,11755.0,8.625,101386.875
2020-08-10 06:14:00,11755.0,11755.5,11754.0,11754.0,0.031,364.374
2020-08-10 06:15:00,11754.0,11758.0,11754.0,11757.5,0.975,11463.5625
2020-08-10 06:16:00,11757.5,11758.0,11755.0,11755.0,2.386,28047.43
2020-08-10 06:17:00,11755.0,11755.0,11747.0,11747.5,6.219,73057.7025
2020-08-10 06:18:00,11747.5,11747.5,11745.0,11745.0,3.071,36068.895
2020-08-10 06:19:00,11745.0,11745.0,11744.0,11744.5,0.157,1843.8865
2020-08-10 06:20:00,11744.5,11744.5,11744.0,11744.5,1.965,23077.9425
2020-08-10 06:21:00,11744.5,11744.5,11744.0,11744.0,1.417,16641.248
2020-08-10 06:22:00,11744.0,11744.5,11737.5,11737.5,8.49,99651.375
2020-08-10 06:23:00,11737.5,11737.5,11732.0,11732.0,11.015,129227.98
2020-08-10 06:24:00,11732.0,11732.5,11732.0,11732.0,0.324,3801.168
2020-08-10 06:25:00,11732.0,11748.5,11732.0,11748.5,3.004,35292.494
2020-08-10 06:26:00,11748.5,11749.0,11742.0,11742.0,1.808,21229.536
2020-08-10 06:27:00,11742.0,11742.0,11740.0,11740.5,0.341,4003.5105
2020-08-10 06:28:00,11740.5,11740.5,11738.0,11738.5,2.043,23981.7555
2020-08-10 06:29:00,11738.5,11738.5,11738.5,11738.5,0.0,0.0
2020-08-10 06:30:00,11738.5,11748.0,11738.5,11748.0,2.367,27807.516
2020-08-10 06:31:00,11748.0,11753.0,11748.0,11752.5,1.662,19532.655
2020-08-10 06:32:00,11752.5,11754.0,11752.5,11753.5,5.555,65290.6925
2020-08-10 06:33:00,11753.5,11756.0,11753.5,11756.0,4.815,56605.14
2020-08-10 06:34:00,11756.0,11761.0,11756.0,11760.5,15.753,185263.1565
2020-08-10 06:35:00,11760.5,11768.5,11760.5,11768.5,3.828,45049.818
2020-08-10 06:36:00,11768.5,11773.5,11768.5,11773.5,7.85,92421.975
2020-08-10 06:37:00,11773.5,11775.0,11766.5,11766.5,12.297,144692.6505
2020-08-10 06:38:00,11766.5,11772.0,11766.5,11772.0,0.223,2625.156
2020-08-10 06:39:00,11772.0,11772.0,11768.0,11768.0,1.284,15110.112
2020-08-10 06:40:00,11768.0,11768.0,11763.5,11763.5,0.939,11045.9265
2020-08-10 06:41:00,11763.5,11769.5,11761.5,11769.5,3.994,47007.383
2020-08-10 06:42:00,11769.5,11772.5,11769.5,11772.5,2.96,34846.6
2020-08-10 06:43:00,11772.5,11772.5,11772.0,11772.5,0.789,9288.5025
2020-08-10 06:44:00,11772.5,11772.5,11764.5,11764.5,2.379,27987.7455
2020-08-10 06:45:00,11764.5,11776.5,11764.5,11776.5,6.951,81858.4515
2020-08-10 06:46:00,11776.5,11776.5,11776.0,11776.5,0.485,5711.6025
2020-08-10 06:47:00,11776.5,11776.5,11776.0,11776.0,4.942,58196.992
2020-08-10 06:48:00,11776.0,11776.0,11776.0,11776.0,0.0,0.0
2020-08-10 06:49:00,11776.0,11779.5,11776.0,11779.0,3.854,45396.266
2020-08-10 06:50:00,11779.0,11779.5,11779.0,11779.5,0.484,5701.278
2020-08-10 06:51:00,11779.5,11780.0,11779.0,11780.0,4.045,47650.1
2020-08-10 06:52:00,11780.0,11780.0,11779.5,11780.0,0.903,10637.34
2020-08-10 06:53:00,11780.0,11780.0,11775.0,11775.0,1.501,17674.275
2020-08-10 06:54:00,11775.0,11775.5,11768.0,11768.0,8.173,96179.864
2020-08-10 06:55:00,11768.0,11768.5,11767.0,11767.0,1.425,16767.975
2020-08-10 06:56:00,11767.0,11767.0,11764.0,11764.0,0.09,1058.76
2020-08-10 06:57:00,11764.0,11764.0,11761.0,11761.0,1.245,14642.445
2020-08-10 06:58:00,11761.0,11761.0,11752.5,11752.5,5.052,59373.63
2020-08-10 06:59:00,11752.5,11753.0,11749.5,11749.5,7.796,91599.102
2020-08-10 07:00:00,11749.5,11764.0,11749.5,11764.0,3.958,46561.912
2020-08-10 07:01:00,11764.0,11764.0,11761.0,11761.5,0.524,6163.026
2020-08-10 07:02:00,11761.5,11761.5,11761.0,11761.0,0.309,3634.149
2020-08-10 07:03:00,11761.0,11761.0,11761.0,11761.0,0.6,7056.6
2020-08-10 07:04:00,11761.0,11761.5,11757.5,11757.5,0.181,2128.1075
2020-08-10 07:05:00,11757.5,11757.5,11752.5,11757.5,30.78,361895.85
2020-08-10 07:06:00,11757.5,11759.0,11757.5,11758.5,1.661,19530.8685
2020-08-10 07:07:00,11758.5,11758.5,11758.5,11758.5,0.677,7960.5045
2020-08-10 07:08:00,11758.5,11758.5,11757.0,11757.0,0.002,23.514
2020-08-10 07:09:00,11757.0,11760.0,11757.0,11760.0,0.215,2528.4
2020-08-10 07:10:00,11760.0,11761.0,11760.0,11761.0,0.238,2799.118
2020-08-10 07:11:00,11761.0,11761.0,11760.5,11761.0,0.675,7938.675
2020-08-10 07:12:00,11761.0,11761.0,11753.0,11753.0,12.893,151531.429
2020-08-10 07:13:00,11753.0,11753.0,11744.5,11744.5,6.241,73297.4245
2020-08-10 07:14:00,11744.5,11750.5,11744.5,11750.5,0.269,3160.8845
2020-08-10 07:15:00,11750.5,11751.5,11750.5,11751.5,0.504,5922.756
2020-08-10 07:16:00,11751.5,11751.5,11751.0,11751.0,0.248,2914.248
2020-08-10 07:17:00,11751.0,11751.5,11751.0,11751.5,0.102,1198.653
2020-08-10 07:18:00,11751.5,11752.5,11751.5,11752.5,1.237,14537.8425
2020-08-10 07:19:00,11752.5,11753.0,11752.5,11753.0,2.056,24164.168
2020-08-10 07:20:00,11753.0,11754.0,11752.5,11754.0,0.454,5336.316
2020-08-10 07:21:00,11754.0,11759.0,11754.0,11758.5,3.42,40214.07
2020-08-10 07:22:00,11758.5,11759.0,11758.5,11758.5,1.45,17049.825
2020-08-10 07:23:00,11758.5,11772.0,11758.5,11770.0,4.057,47750.89
2020-08-10 07:24:00,11770.0,11781.5,11770.0,11781.5,10.024,118097.756
2020-08-10 07:25:00,11781.5,11796.5,11781.5,11796.5,13.185,155536.8525
2020-08-10 07:26:00,11796.5,11858.0,11796.5,11850.5,256.156,3035576.678
2020-08-10 07:27:00,11850.5,11860.5,11842.5,11847.0,60.884,721292.748
2020-08-10 07:28:00,11847.0,11847.5,11845.0,11847.5,9.002,106651.195
2020-08-10 07:29:00,11847.5,11855.0,11847.5,11855.0,10.785,127856.175
2020-08-10 07:30:00,11855.0,11871.0,11855.0,11870.5,13.111,155634.1255
2020-08-10 07:31:00,11870.5,11883.5,11870.5,11883.5,35.97,427449.495
2020-08-10 07:32:00,11883.5,11910.0,11883.5,11900.0,90.273,1074248.7
2020-08-10 07:33:00,11900.0,11955.5,11899.5,11953.5,170.935,2043271.5225
2020-08-10 07:34:00,11953.5,11963.0,11930.0,11944.5,101.916,1217335.662
2020-08-10 07:35:00,11944.5,11983.0,11944.0,11983.0,66.577,797792.191
2020-08-10 07:36:00,11983.0,11995.5,11958.0,11958.0,77.642,928443.036
2020-08-10 07:37:00,11958.0,11968.5,11955.0,11964.5,14.308,171188.066
2020-08-10 07:38:00,11964.5,11964.5,11922.5,11936.5,28.256,337277.744
2020-08-10 07:39:00,11936.5,11961.5,11936.5,11953.0,14.475,173019.675
2020-08-10 07:40:00,11953.0,11970.0,11951.0,11961.0,24.658,294934.338
2020-08-10 07:41:00,11961.0,11968.0,11956.0,11966.5,23.784,284611.236
2020-08-10 07:42:00,11966.5,11981.5,11966.0,11981.5,10.988,131652.722
2020-08-10 07:43:00,11981.5,11998.0,11981.5,11998.0,60.15,721679.7
2020-08-10 07:44:00,11998.0,12009.5,11997.5,12009.5,43.27,519651.065
2020-08-10 07:45:00,12009.5,12011.0,11957.5,11981.5,61.553,737497.2695
2020-08-10 07:46:00,11981.5,12009.0,11981.5,12005.0,14.928,179210.64
2020-08-10 07:47:00,12005.0,12005.5,11989.0,12003.5,37.404,448978.914
2020-08-10 07:48:00,12003.5,12003.5,11976.0,11981.0,28.098,336642.138
2020-08-10 07:49:00,11981.0,11982.0,11970.0,11970.0,7.584,90780.48
2020-08-10 07:50:00,11970.0,11982.0,11970.0,11978.5,19.302,231209.007
2020-08-10 07:51:00,11978.5,11979.0,11955.0,11971.0,57.192,684645.432
2020-08-10 07:52:00,11971.0,11971.0,11962.5,11962.5,8.212,98236.05
2020-08-10 07:53:00,11962.5,11966.0,11952.5,11966.0,5.554,66459.164
2020-08-10 07:54:00,11966.0,11983.0,11965.5,11982.5,17.25,206698.125
2020-08-10 07:55:00,11982.5,11990.0,11982.5,11990.0,19.553,234440.47
2020-08-10 07:56:00,11990.0,11990.0,11988.0,11988.5,1.283,15381.2455
2020-08-10 07:57:00,11988.5,11992.0,11982.0,11982.0,3.467,41541.594
2020-08-10 07:58:00,11982.0,11982.0,11969.5,11970.0,5.13,61406.1
2020-08-10 07:59:00,11970.0,11982.5,11969.0,11982.5,7.961,95392.6825
2020-08-10 08:00:00,11982.5,11995.0,11982.5,11994.5,16.824,201795.468
2020-08-10 08:01:00,11994.5,11995.0,11992.5,11993.0,5.206,62435.558
2020-08-10 08:02:00,11993.0,12007.5,11993.0,12007.5,11.112,133427.34
2020-08-10 08:03:00,12007.5,12013.0,12001.0,12013.0,10.735,128959.555
2020-08-10 08:04:00,12013.0,12054.0,12012.5,12044.0,74.258,894363.352
2020-08-10 08:05:00,12044.0,12058.0,12032.0,12057.5,25.047,302004.2025
2020-08-10 08:06:00,12057.5,12058.0,12031.5,12038.0,28.442,342384.796
2020-08-10 08:07:00,12038.0,12038.0,12007.5,12015.5,10.544,126691.432
2020-08-10 08:08:00,12015.5,12028.0,12015.5,12028.0,30.989,372735.692
2020-08-10 08:09:00,12028.0,12030.5,12015.0,12015.0,15.06,180945.9
2020-08-10 08:10:00,12015.0,12029.0,12015.0,12028.5,22.695,272986.8075
2020-08-10 08:11:00,12028.5,12029.0,11995.0,12000.5,35.425,425117.7125
2020-08-10 08:12:00,12000.5,12001.0,11999.5,11999.5,6.003,72032.9985
2020-08-10 08:13:00,11999.5,12000.0,11948.5,11948.5,148.599,1775535.1515
2020-08-10 08:14:00,11948.5,11974.0,11940.0,11974.0,89.133,1067278.542
2020-08-10 08:15:00,11974.0,11974.0,11963.0,11970.0,14.761,176689.17
2020-08-10 08:16:00,11970.0,11981.5,11969.5,11981.5,18.802,225276.163
2020-08-10 08:17:00,11981.5,11997.5,11981.0,11992.5,21.975,263535.1875
2020-08-10 08:18:00,11992.5,11998.5,11992.5,11998.5,1.991,23889.0135
2020-08-10 08:19:00,11998.5,11998.5,11978.0,11978.0,26.263,314578.214
2020-08-10 08:20:00,11978.0,11994.5,11978.0,11991.0,7.345,88073.895
2020-08-10 08:21:00,11991.0,12003.5,11991.0,12003.5,10.967,131642.3845
2020-08-10 08:22:00,12003.5,12009.5,11999.5,12009.5,5.411,64983.4045
2020-08-10 08:23:00,12009.5,12009.5,12002.0,12002.0,11.518,138239.036
2020-08-10 08:24:00,12002.0,12002.0,12000.5,12001.0,19.938,239275.938
2020-08-10 08:25:00,12001.0,12001.0,11989.5,11990.0,7.496,89877.04
2020-08-10 08:26:00,11990.0,11990.0,11986.0,11986.0,20.968,251322.448
2020-08-10 08:27:00,11986.0,12007.5,11985.0,12003.5,25.21,302608.235
2020-08-10 08:28:00,12003.5,12003.5,11998.0,11998.0,1.514,18164.972
2020-08-10 08:29:00,11998.0,11998.0,11997.5,11997.5,4.24,50869.4
2020-08-10 08:30:00,11997.5,12015.0,11997.5,12014.5,32.033,384860.4785
2020-08-10 08:31:00,12014.5,12014.5,12009.5,12009.5,6.488,77917.636
2020-08-10 08:32:00,12009.5,12009.5,11985.5,11989.5,80.19,961438.005
2020-08-10 08:33:00,11989.5,11992.5,11979.0,11981.5,14.425,172833.1375
2020-08-10 08:34:00,11981.5,11997.5,11981.5,11997.5,16.207,194443.4825
2020-08-10 08:35:00,11997.5,11998.0,11997.5,11998.0,1.683,20192.634
2020-08-10 08:36:00,11998.0,12000.0,11996.5,11999.5,11.047,132558.4765
2020-08-10 08:37:00,11999.5,12020.5,11998.5,12020.5,39.902,479641.991
2020-08-10 08:38:00,12020.5,12022.0,12016.5,12016.5,8.367,100542.0555
2020-08-10 08:39:00,12016.5,12023.0,12006.0,12021.5,24.842,298638.103
2020-08-10 08:40:00,12021.5,12036.0,12021.5,12036.0,25.603,308157.708
2020-08-10 08:41:00,12036.0,12036.0,12033.5,12033.5,15.693,188841.7155
2020-08-10 08:42:00,12033.5,12034.0,12022.5,12022.5,4.779,57455.5275
2020-08-10 08:43:00,12022.5,12022.5,12006.0,12006.5,10.17,122106.105
2020-08-10 08:44:00,12006.5,12020.0,12006.5,12019.5,3.543,42585.0885
2020-08-10 08:45:00,12019.5,12038.5,12019.5,12038.5,31.46,378731.21
2020-08-10 08:46:00,12038.5,12039.0,12038.5,12038.5,3.243,39040.8555
2020-08-10 08:47:00,12038.5,12054.0,12038.0,12043.0,16.432,197890.576
2020-08-10 08:48:00,12043.0,12043.0,12033.0,12033.0,19.6,235846.8
2020-08-10 08:49:00,12033.0,12042.0,12033.0,12038.0,13.048,157071.824
2020-08-10 08:50:00,12038.0,12040.5,12033.5,12039.5,1.664,20033.728
2020-08-10 08:51:00,12039.5,12042.5,12031.0,12032.0,20.806,250337.792
2020-08-10 08:52:00,12032.0,12035.5,12029.5,12035.5,4.048,48719.704
2020-08-10 08:53:00,12035.5,12044.0,12035.0,12044.0,9.846,118585.224
2020-08-10 08:54:00,12044.0,12054.0,12043.5,12054.0,3.145,37909.83
2020-08-10 08:55:00,12054.0,12063.0,12054.0,12063.0,17.472,210764.736
2020-08-10 08:56:00,12063.0,12063.0,12045.0,12051.0,21.765,262290.015
2020-08-10 08:57:00,12051.0,12054.5,12049.0,12049.0,11.564,139334.636
2020-08-10 08:58:00,12049.0,12049.0,12035.0,12035.0,13.945,167828.075
2020-08-10 08:59:00,12035.0,12049.0,12026.5,12049.0,44.105,531421.145
2020-08-10 09:00:00,12049.0,12057.0,12049.0,12057.0,3.922,47287.554
2020-08-10 09:01:00,12057.0,12058.0,12055.0,12057.5,3.089,37245.6175
2020-08-10 09:02:00,12057.5,12057.5,12044.5,12044.5,23.663,285009.0035
2020-08-10 09:03:00,12044.5,12044.5,12036.5,12036.5,6.593,79356.6445
2020-08-10 09:04:00,12036.5,12036.5,12021.5,12028.0,51.794,622978.232
2020-08-10 09:05:00,12028.0,12034.0,12028.0,12034.0,1.905,22924.77
2020-08-10 09:06:00,12034.0,12041.5,12034.0,12041.5,0.36,4334.94
2020-08-10 09:07:00,12041.5,12041.5,12032.5,12033.0,11.78,141748.74
2020-08-10 09:08:00,12033.0,12035.5,12032.5,12035.0,5.686,68431.01
2020-08-10 09:09:00,12035.0,12035.5,12013.0,12013.0,7.194,86421.522
2020-08-10 09:10:00,12013.0,12018.5,12010.0,12018.5,7.404,88984.974
2020-08-10 09:11:00,12018.5,12019.5,12017.5,12019.5,0.211,2536.1145
2020-08-10 09:12:00,12019.5,12026.5,12019.5,12024.0,13.0,156312.0
2020-08-10 09:13:00,12024.0,12024.0,12012.0,12012.0,6.911,83014.932
2020-08-10 09:14:00,12012.0,12014.5,12012.0,12014.5,1.069,12843.5005
2020-08-10 09:15:00,12014.5,12023.5,12014.5,12016.0,1.718,20643.488
2020-08-10 09:16:00,12016.0,12016.5,12010.5,12010.5,11.675,140222.5875
2020-08-10 09:17:00,12010.5,12010.5,12001.5,12006.0,10.299,123649.794
2020-08-10 09:18:00,12006.0,12017.5,12006.0,12015.0,12.893,154909.395
2020-08-10 09:19:00,12015.0,12020.0,12013.0,12020.0,1.27,15265.4
2020-08-10 09:20:00,12020.0,12024.0,12020.0,12023.5,2.391,28748.1885
2020-08-10 09:21:00,12023.5,12024.0,12023.5,12024.0,3.351,40292.424
2020-08-10 09:22:00,12024.0,12024.0,12023.5,12023.5,1.002,12047.547
2020-08-10 09:23:00,12023.5,12023.5,12022.5,12022.5,5.088,61170.48
2020-08-10 09:24:00,12022.5,12023.0,12022.5,12023.0,0.315,3787.245
2020-08-10 09:25:00,12023.0,12023.5,12016.0,12016.0,9.88,118718.08
2020-08-10 09:26:00,12016.0,12016.0,12004.0,12004.0,77.5,930310.0
2020-08-10 09:27:00,12004.0,12010.0,12004.0,12010.0,7.235,86892.35
2020-08-10 09:28:00,12010.0,12017.5,12010.0,12017.0,2.353,28276.001
2020-08-10 09:29:00,12017.0,12020.0,12015.0,12020.0,0.385,4627.7
2020-08-10 09:30:00,12020.0,12048.5,12020.0,12047.5,36.343,437842.2925
2020-08-10 09:31:00,12047.5,12062.5,12047.5,12049.5,37.523,452133.3885
2020-08-10 09:32:00,12049.5,12058.5,12049.5,12058.0,9.58,115515.64
2020-08-10 09:33:00,12058.0,12058.5,12048.0,12048.0,12.872,155081.856
2020-08-10 09:34:00,12048.0,12056.0,12048.0,12055.5,3.248,39156.264
2020-08-10 09:35:00,12055.5,12057.5,12052.0,12052.0,12.53,151011.56
2020-08-10 09:36:00,12052.0,12053.0,12040.0,12046.0,8.161,98307.406
2020-08-10 09:37:00,12046.0,12048.5,12038.0,12038.0,9.106,109618.028
2020-08-10 09:38:00,12038.0,12040.0,12034.0,12040.0,9.912,119340.48
2020-08-10 09:39:00,12040.0,12049.0,12040.0,12049.0,1.64,19760.36
2020-08-10 09:40:00,12049.0,12052.5,12049.0,12052.0,12.433,149842.516
2020-08-10 09:41:00,12052.0,12052.0,12040.0,12040.0,2.996,36071.84
2020-08-10 09:42:00,12040.0,12042.0,12036.5,12038.5,10.098,121564.773
2020-08-10 09:43:00,12038.5,12038.5,12028.0,12030.5,13.567,163217.7935
2020-08-10 09:44:00,12030.5,12033.0,12030.5,12033.0,0.262,3152.646
2020-08-10 09:45:00,12033.0,12033.5,12021.0,12021.0,2.024,24330.504
2020-08-10 09:46:00,12021.0,12023.0,12016.0,12016.0,3.012,36192.192
2020-08-10 09:47:00,12016.0,12019.0,12015.0,12019.0,1.302,15648.738
2020-08-10 09:48:00,12019.0,12020.5,12019.0,12020.5,5.055,60763.6275
2020-08-10 09:49:00,12020.5,12028.0,12020.5,12026.0,14.659,176289.134
2020-08-10 09:50:00,12026.0,12026.5,12026.0,12026.0,10.204,122713.304
2020-08-10 09:51:00,12026.0,12026.5,12025.0,12025.0,0.348,4184.7
2020-08-10 09:52:00,12025.0,12025.5,12016.0,12016.0,4.276,51380.416
2020-08-10 09:53:00,12016.0,12016.0,12004.5,12004.5,10.942,131353.239
2020-08-10 09:54:00,12004.5,12015.5,12004.0,12014.5,2.554,30685.033
2020-08-10 09:55:00,12014.5,12025.0,12011.5,12025.0,1.199,14417.975
2020-08-10 09:56:00,12025.0,12025.5,12019.0,12019.0,3.536,42499.184
2020-08-10 09:57:00,12019.0,12019.5,12019.0,12019.0,1.058,12716.102
2020-08-10 09:58:00,12019.0,12019.0,12018.0,12018.0,0.335,4026.03
2020-08-10 09:59:00,12018.0,12018.5,12018.0,12018.0,2.383,28638.894
2020-08-10 10:00:00,12018.0,12033.5,12017.5,12032.5,15.399,185288.4675
2020-08-10 10:01:00,12032.5,12033.0,12014.5,12014.5,4.264,51229.828
2020-08-10 10:02:00,12014.5,12015.0,12003.0,12003.0,20.218,242676.654
2020-08-10 10:03:00,12003.0,12003.5,11993.5,11993.5,18.954,227324.799
2020-08-10 10:04:00,11993.5,11998.5,11992.0,11998.5,2.87,34435.695
2020-08-10 10:05:00,11998.5,11998.5,11989.0,11989.0,10.173,121964.097
2020-08-10 10:06:00,11989.0,11989.0,11985.0,11985.5,4.574,54821.677
2020-08-10 10:07:00,11985.5,11992.0,11985.5,11992.0,1.602,19211.184
2020-08-10 10:08:00,11992.0,11998.0,11992.0,11993.5,1.554,18637.899
2020-08-10 10:09:00,11993.5,11994.0,11993.5,11994.0,0.515,6176.91
2020-08-10 10:10:00,11994.0,12006.0,11993.5,12006.0,14.299,171673.794
2020-08-10 10:11:00,12006.0,12007.0,12000.5,12005.0,3.805,45679.025
2020-08-10 10:12:00,12005.0,12013.0,12005.0,12013.0,6.151,73891.963
2020-08-10 10:13:00,12013.0,12014.0,12013.0,12013.5,9.517,114332.4795
2020-08-10 10:14:00,12013.5,12013.5,12004.5,12004.5,20.822,249957.699
2020-08-10 10:15:00,12004.5,12009.5,12004.5,12009.5,3.274,39319.103
2020-08-10 10:16:00,12009.5,12010.0,12009.0,12009.0,0.371,4455.339
2020-08-10 10:17:00,12009.0,12009.0,12003.5,12003.5,0.804,9650.814
2020-08-10 10:18:00,12003.5,12003.5,11993.0,11993.0,6.718,80568.974
2020-08-10 10:19:00,11993.0,11993.0,11989.5,11989.5,8.946,107258.067
2020-08-10 10:20:00,11989.5,11990.0,11984.0,11986.5,18.397,220515.6405
2020-08-10 10:21:00,11986.5,11986.5,11984.0,11985.5,6.062,72656.101
2020-08-10 10:22:00,11985.5,11985.5,11983.0,11983.5,3.344,40072.824
2020-08-10 10:23:00,11983.5,11983.5,11978.0,11978.0,7.101,85055.778
2020-08-10 10:24:00,11978.0,11978.5,11978.0,11978.5,6.16,73787.56
2020-08-10 10:25:00,11978.5,11978.5,11972.0,11972.0,9.341,111830.452
2020-08-10 10:26:00,11972.0,11979.5,11971.0,11979.5,15.164,181657.138
2020-08-10 10:27:00,11979.5,11980.5,11979.5,11980.5,4.571,54762.8655
2020-08-10 10:28:00,11980.5,11983.5,11980.0,11983.5,1.663,19928.5605
2020-08-10 10:29:00,11983.5,11984.5,11983.5,11984.5,1.937,23213.9765
2020-08-10 10:30:00,11984.5,11986.0,11984.5,11986.0,0.741,8881.626
2020-08-10 10:31:00,11986.0,11991.0,11985.5,11991.0,1.923,23058.693
2020-08-10 10:32:00,11991.0,11993.5,11990.5,11993.0,6.58,78913.94
2020-08-10 10:33:00,11993.0,11993.5,11993.0,11993.5,0.146,1751.051
2020-08-10 10:34:00,11993.5,11994.0,11993.0,11994.0,0.223,2674.662
2020-08-10 10:35:00,11994.0,11994.0,11994.0,11994.0,12.0,143928.0
2020-08-10 10:36:00,11994.0,11994.0,11993.5,11994.0,8.498,101925.012
2020-08-10 10:37:00,11994.0,11997.0,11994.0,11997.0,0.606,7270.182
2020-08-10 10:38:00,11997.0,11997.5,11995.5,11995.5,6.932,83152.806
2020-08-10 10:39:00,11995.5,11995.5,11984.0,11984.0,2.743,32872.112
2020-08-10 10:40:00,11984.0,11984.0,11972.0,11979.0,15.19,181961.01
2020-08-10 10:41:00,11979.0,11979.0,11972.0,11972.0,10.31,123431.32
2020-08-10 10:42:00,11972.0,11972.5,11972.0,11972.0,2.469,29558.868
2020-08-10 10:43:00,11972.0,11972.0,11968.5,11968.5,9.727,116417.5995
2020-08-10 10:44:00,11968.5,11969.0,11957.0,11965.5,33.627,402363.8685
2020-08-10 10:45:00,11965.5,11966.0,11964.5,11964.5,8.549,102284.5105
2020-08-10 10:46:00,11964.5,11968.0,11963.0,11968.0,2.72,32552.96
2020-08-10 10:47:00,11968.0,11968.0,11966.0,11967.0,2.389,28589.163
2020-08-10 10:48:00,11967.0,11969.5,11967.0,11969.0,5.182,62023.358
2020-08-10 10:49:00,11969.0,11969.0,11964.0,11964.5,0.513,6137.7885
2020-08-10 10:50:00,11964.5,11970.0,11964.5,11970.0,2.774,33204.78
2020-08-10 10:51:00,11970.0,11972.0,11969.5,11972.0,1.056,12642.432
2020-08-10 10:52:00,11972.0,11975.0,11971.5,11975.0,0.195,2335.125
2020-08-10 10:53:00,11975.0,11975.5,11971.5,11972.0,5.104,61105.088
2020-08-10 10:54:00,11972.0,11972.5,11971.5,11972.5,10.185,121939.9125
2020-08-10 10:55:00,11972.5,11974.5,11972.0,11974.5,3.407,40797.1215
2020-08-10 10:56:00,11974.5,11974.5,11966.0,11966.0,5.237,62665.942
2020-08-10 10:57:00,11966.0,11966.0,11946.5,11952.5,29.714,355156.585
2020-08-10 10:58:00,11952.5,11956.0,11952.5,11956.0,1.5,17934.0
2020-08-10 10:59:00,11956.0,11956.0,11946.5,11953.5,12.879,153949.1265
2020-08-10 11:00:00,11953.5,11953.5,11943.0,11944.5,8.805,105171.3225
2020-08-10 11:01:00,11944.5,11951.5,11944.5,11949.5,0.559,6679.7705
2020-08-10 11:02:00,11949.5,11950.0,11949.5,11950.0,0.031,370.45
2020-08-10 11:03:00,11950.0,11950.0,11949.5,11950.0,4.3,51385.0
2020-08-10 11:04:00,11950.0,11950.0,11943.5,11943.5,6.818,81430.783
2020-08-10 11:05:00,11943.5,11951.0,11941.0,11951.0,6.655,79533.905
2020-08-10 11:06:00,11951.0,11953.0,11948.5,11948.5,1.729,20658.9565
2020-08-10 11:07:00,11948.5,11954.5,11948.5,11954.5,3.0,35863.5
2020-08-10 11:08:00,11954.5,11958.0,11954.5,11958.0,6.768,80931.744
2020-08-10 11:09:00,11958.0,11961.5,11957.5,11961.0,5.637,67424.157
2020-08-10 11:10:00,11961.0,11961.5,11961.0,11961.5,0.952,11387.348
2020-08-10 11:11:00,11961.5,11961.5,11961.0,11961.5,5.098,60979.727
2020-08-10 11:12:00,11961.5,11963.0,11961.5,11963.0,0.966,11556.258
2020-08-10 11:13:00,11963.0,11963.5,11963.0,11963.0,0.017,203.371
2020-08-10 11:14:00,11963.0,11963.5,11963.0,11963.5,0.762,9116.187
2020-08-10 11:15:00,11963.5,11973.5,11963.0,11973.5,14.722,176273.867
2020-08-10 11:16:00,11973.5,11982.5,11973.5,11982.5,13.298,159343.285
2020-08-10 11:17:00,11982.5,11983.0,11982.5,11983.0,0.502,6015.466
2020-08-10 11:18:00,11983.0,11985.0,11982.5,11985.0,3.071,36805.935
2020-08-10 11:19:00,11985.0,11992.0,11985.0,11989.0,10.636,127515.004
2020-08-10 11:20:00,11989.0,11990.5,11985.0,11985.0,12.348,147990.78
2020-08-10 11:21:00,11985.0,11985.0,11979.5,11980.0,5.415,64871.7
2020-08-10 11:22:00,11980.0,11980.0,11975.0,11975.0,1.172,14034.7
2020-08-10 11:23:00,11975.0,11975.0,11974.0,11975.0,0.3,3592.5
2020-08-10 11:24:00,11975.0,11975.0,11965.0,11965.0,5.841,69887.565
2020-08-10 11:25:00,11965.0,11969.0,11965.0,11969.0,1.221,14614.149
2020-08-10 11:26:00,11969.0,11975.5,11969.0,11975.5,7.249,86810.3995
2020-08-10 11:27:00,11975.5,11982.0,11975.5,11979.0,1.287,15416.973
2020-08-10 11:28:00,11979.0,11979.0,11975.0,11975.0,0.083,993.925
2020-08-10 11:29:00,11975.0,11975.0,11972.5,11972.5,3.022,36180.895
2020-08-10 11:30:00,11972.5,11982.0,11969.0,11982.0,2.788,33405.816
2020-08-10 11:31:00,11982.0,11982.0,11981.5,11982.0,1.054,12629.028
2020-08-10 11:32:00,11982.0,11982.0,11981.5,11982.0,6.003,71927.946
2020-08-10 11:33:00,11982.0,11982.0,11981.5,11981.5,1.498,17948.287
2020-08-10 11:34:00,11981.5,11986.0,11981.5,11986.0,5.088,60984.768
2020-08-10 11:35:00,11986.0,11987.0,11986.0,11987.0,1.28,15343.36
2020-08-10 11:36:00,11987.0,11987.0,11986.5,11986.5,0.002,23.973
2020-08-10 11:37:00,11986.5,11988.0,11986.5,11988.0,0.427,5118.876
2020-08-10 11:38:00,11988.0,11998.0,11988.0,11998.0,10.897,130742.206
2020-08-10 11:39:00,11998.0,11998.0,11997.5,11998.0,0.588,7054.824
2020-08-10 11:40:00,11998.0,11998.0,11997.5,11998.0,0.899,10786.202
2020-08-10 11:41:00,11998.0,11998.0,11993.0,11993.5,10.325,123832.8875
2020-08-10 11:42:00,11993.5,11993.5,11993.0,11993.5,0.09,1079.415
2020-08-10 11:43:00,11993.5,11993.5,11993.0,11993.0,0.546,6548.178
2020-08-10 11:44:00,11993.0,11993.5,11991.0,11991.0,7.427,89057.157
2020-08-10 11:45:00,11991.0,11991.5,11986.5,11986.5,0.651,7803.2115
2020-08-10 11:46:00,11986.5,11986.5,11986.0,11986.0,0.208,2493.088
2020-08-10 11:47:00,11986.0,11986.0,11984.0,11984.0,0.508,6087.872
2020-08-10 11:48:00,11984.0,11984.5,11984.0,11984.5,1.273,15256.2685
2020-08-10 11:49:00,11984.5,11984.5,11984.5,11984.5,1.0,11984.5
2020-08-10 11:50:00,11984.5,11984.5,11984.0,11984.5,0.873,10462.4685
2020-08-10 11:51:00,11984.5,11984.5,11984.0,11984.0,0.759,9095.856
2020-08-10 11:52:00,11984.0,11984.5,11979.5,11979.5,1.602,19191.159
2020-08-10 11:53:00,11979.5,11980.0,11976.5,11977.0,2.127,25475.079
2020-08-10 11:54:00,11977.0,11977.0,11970.0,11970.0,36.254,433960.38
2020-08-10 11:55:00,11970.0,11970.5,11970.0,11970.5,0.364,4357.262
2020-08-10 11:56:00,11970.5,11970.5,11970.0,11970.0,1.397,16722.09
2020-08-10 11:57:00,11970.0,11970.0,11970.0,11970.0,1.362,16303.14
2020-08-10 11:58:00,11970.0,11970.0,11968.5,11969.0,3.718,44500.742
2020-08-10 11:59:00,11969.0,11969.0,11966.0,11966.0,3.038,36352.708
2020-08-10 12:00:00,11966.0,11966.0,11964.0,11964.0,0.658,7872.312
2020-08-10 12:01:00,11964.0,11964.5,11963.0,11963.0,0.887,10611.181
2020-08-10 12:02:00,11963.0,11972.5,11963.0,11972.5,10.083,120718.7175
2020-08-10 12:03:00,11972.5,11972.5,11972.5,11972.5,0.549,6572.9025
2020-08-10 12:04:00,11972.5,11972.5,11972.0,11972.5,1.006,12044.335
2020-08-10 12:05:00,11972.5,11972.5,11972.5,11972.5,0.0,0.0
2020-08-10 12:06:00,11972.5,11972.5,11962.0,11962.0,4.259,50946.158
2020-08-10 12:07:00,11962.0,11962.0,11955.0,11955.0,2.944,35195.52
2020-08-10 12:08:00,11955.0,11955.5,11953.0,11953.5,7.171,85718.5485
2020-08-10 12:09:00,11953.5,11955.0,11953.0,11955.0,0.043,514.065
2020-08-10 12:10:00,11955.0,11955.0,11954.5,11954.5,0.029,346.6805
2020-08-10 12:11:00,11954.5,11955.0,11954.5,11954.5,1.077,12874.9965
2020-08-10 12:12:00,11954.5,11966.0,11954.5,11966.0,6.509,77886.694
2020-08-10 12:13:00,11966.0,11975.5,11966.0,11975.5,0.201,2407.0755
2020-08-10 12:14:00,11975.5,11978.0,11975.5,11976.0,10.072,120622.272
2020-08-10 12:15:00,11976.0,11976.5,11976.0,11976.5,0.13,1556.945
2020-08-10 12:16:00,11976.5,11978.0,11976.0,11978.0,0.94,11259.32
2020-08-10 12:17:00,11978.0,11978.0,11977.5,11978.0,0.042,503.076
2020-08-10 12:18:00,11978.0,11983.5,11978.0,11983.5,0.791,9478.9485
2020-08-10 12:19:00,11983.5,11984.0,11983.5,11983.5,0.576,6902.496
2020-08-10 12:20:00,11983.5,11984.0,11983.5,11984.0,10.538,126287.392
2020-08-10 12:21:00,11984.0,11984.0,11983.5,11983.5,0.099,1186.3665
2020-08-10 12:22:00,11983.5,11984.5,11983.5,11984.5,0.071,850.8995
2020-08-10 12:23:00,11984.5,11990.0,11984.5,11990.0,4.815,57731.85
2020-08-10 12:24:00,11990.0,11992.5,11989.5,11992.5,3.913,46926.6525
2020-08-10 12:25:00,11992.5,11995.0,11992.5,11995.0,1.043,12510.785
2020-08-10 12:26:00,11995.0,11995.0,11993.5,11993.5,6.129,73508.1615
2020-08-10 12:27:00,11993.5,11993.5,11983.0,11984.0,9.208,110348.672
2020-08-10 12:28:00,11984.0,11987.0,11984.0,11987.0,0.57,6832.59
2020-08-10 12:29:00,11987.0,11992.0,11987.0,11992.0,0.099,1187.208
2020-08-10 12:30:00,11992.0,12004.5,11992.0,12002.5,11.047,132591.6175
2020-08-10 12:31:00,12002.5,12002.5,11989.0,11989.0,2.792,33473.288
2020-08-10 12:32:00,11989.0,11997.0,11989.0,11997.0,1.985,23814.045
2020-08-10 12:33:00,11997.0,12000.0,11997.0,12000.0,1.095,13140.0
2020-08-10 12:34:00,12000.0,12003.5,12000.0,12003.5,2.773,33285.7055
2020-08-10 12:35:00,12003.5,12010.0,12003.0,12006.5,10.441,125359.8665
2020-08-10 12:36:00,12006.5,12006.5,12001.0,12001.0,0.486,5832.486
2020-08-10 12:37:00,12001.0,12001.0,11993.0,11993.0,2.596,31133.828
2020-08-10 12:38:00,11993.0,11993.5,11986.0,11986.0,2.294,27495.884
2020-08-10 12:39:00,11986.0,11992.5,11984.0,11992.5,3.437,41218.2225
2020-08-10 12:40:00,11992.5,11995.0,11992.5,11994.5,2.071,24840.6095
2020-08-10 12:41:00,11994.5,11994.5,11987.0,11990.0,2.694,32301.06
2020-08-10 12:42:00,11990.0,11995.0,11990.0,11995.0,0.676,8108.62
2020-08-10 12:43:00,11995.0,11995.0,11995.0,11995.0,0.857,10279.715
2020-08-10 12:44:00,11995.0,11996.0,11995.0,11996.0,1.004,12043.984
2020-08-10 12:45:00,11996.0,11996.0,11995.0,11995.0,0.417,5001.915
2020-08-10 12:46:00,11995.0,11996.0,11995.0,11996.0,1.446,17346.216
2020-08-10 12:47:00,11996.0,11996.0,11989.5,11991.0,7.703,92366.673
2020-08-10 12:48:00,11991.0,11991.0,11989.0,11989.0,5.766,69128.574
2020-08-10 12:49:00,11989.0,11989.0,11987.0,11988.5,0.507,6078.1695
2020-08-10 12:50:00,11988.5,11989.0,11988.5,11989.0,0.004,47.956
2020-08-10 12:51:00,11989.0,11989.0,11987.0,11987.0,30.047,360173.389
2020-08-10 12:52:00,11987.0,11987.0,11983.0,11983.0,0.915,10964.445
2020-08-10 12:53:00,11983.0,11983.0,11978.5,11978.5,46.054,551657.839
2020-08-10 12:54:00,11978.5,11978.5,11977.0,11977.0,39.373,471570.421
2020-08-10 12:55:00,11977.0,11977.5,11976.5,11976.5,41.037,491479.6305
2020-08-10 12:56:00,11976.5,11977.0,11976.5,11976.5,1.91,22875.115
2020-08-10 12:57:00,11976.5,11981.5,11976.5,11981.5,2.585,30972.1775
2020-08-10 12:58:00,11981.5,11982.0,11981.5,11982.0,0.514,6158.748
2020-08-10 12:59:00,11982.0,11983.0,11982.0,11982.5,9.521,114085.3825
2020-08-10 13:00:00,11982.5,11983.0,11982.0,11982.0,9.548,114404.136
2020-08-10 13:01:00,11982.0,11982.5,11963.0,11966.0,16.869,201854.454
2020-08-10 13:02:00,11966.0,11966.5,11962.5,11962.5,2.473,29583.2625
2020-08-10 13:03:00,11962.5,11963.5,11960.5,11960.5,6.065,72540.4325
2020-08-10 13:04:00,11960.5,11960.5,11960.0,11960.5,1.136,13587.128
2020-08-10 13:05:00,11960.5,11960.5,11959.0,11959.0,0.184,2200.456
2020-08-10 13:06:00,11959.0,11959.0,11952.0,11956.5,15.864,189677.916
2020-08-10 13:07:00,11956.5,11959.0,11956.5,11959.0,1.656,19804.104
2020-08-10 13:08:00,11959.0,11963.0,11959.0,11963.0,15.176,181550.488
2020-08-10 13:09:00,11963.0,11963.0,11962.5,11963.0,0.182,2177.266
2020-08-10 13:10:00,11963.0,11963.0,11962.5,11963.0,1.884,22538.292
2020-08-10 13:11:00,11963.0,11975.0,11962.5,11975.0,2.197,26309.075
2020-08-10 13:12:00,11975.0,11976.5,11975.0,11976.0,0.451,5401.176
2020-08-10 13:13:00,11976.0,11976.5,11976.0,11976.0,0.212,2538.912
2020-08-10 13:14:00,11976.0,11977.0,11976.0,11977.0,0.106,1269.562
2020-08-10 13:15:00,11977.0,11977.5,11977.0,11977.0,0.152,1820.504
2020-08-10 13:16:00,11977.0,11977.5,11977.0,11977.0,0.145,1736.665
2020-08-10 13:17:00,11977.0,11977.5,11973.0,11973.0,1.138,13625.274
2020-08-10 13:18:00,11973.0,11973.5,11973.0,11973.0,0.393,4705.389
2020-08-10 13:19:00,11973.0,11973.0,11965.0,11965.0,2.498,29888.57
2020-08-10 13:20:00,11965.0,11965.0,11962.0,11962.0,6.821,81592.802
2020-08-10 13:21:00,11962.0,11963.0,11956.0,11963.0,2.783,33293.029
2020-08-10 13:22:00,11963.0,11963.0,11962.5,11962.5,0.002,23.925
2020-08-10 13:23:00,11962.5,11962.5,11958.5,11958.5,0.43,5142.155
2020-08-10 13:24:00,11958.5,11958.5,11958.0,11958.5,0.018,215.253
2020-08-10 13:25:00,11958.5,11958.5,11956.0,11956.5,4.002,47849.913
2020-08-10 13:26:00,11956.5,11956.5,11956.0,11956.0,0.122,1458.632
2020-08-10 13:27:00,11956.0,11956.5,11956.0,11956.0,0.512,6121.472
2020-08-10 13:28:00,11956.0,11956.0,11950.5,11951.0,10.592,126584.992
2020-08-10 13:29:00,11951.0,11965.0,11951.0,11965.0,1.866,22326.69
2020-08-10 13:30:00,11965.0,11989.0,11965.0,11988.5,9.479,113638.9915
2020-08-10 13:31:00,11988.5,11990.0,11988.5,11989.5,2.097,25141.9815
2020-08-10 13:32:00,11989.5,11990.0,11988.0,11988.0,3.905,46813.14
2020-08-10 13:33:00,11988.0,11988.5,11988.0,11988.0,7.735,92727.18
2020-08-10 13:34:00,11988.0,11988.5,11982.0,11982.0,7.783,93255.906
2020-08-10 13:35:00,11982.0,11982.5,11979.0,11979.0,6.492,77767.668
2020-08-10 13:36:00,11979.0,11979.0,11972.5,11972.5,6.7,80215.75
2020-08-10 13:37:00,11972.5,11972.5,11972.0,11972.5,1.134,13576.815
2020-08-10 13:38:00,11972.5,11972.5,11972.0,11972.0,2.938,35173.736
2020-08-10 13:39:00,11972.0,11972.0,11960.0,11963.5,7.375,88230.8125
2020-08-10 13:40:00,11963.5,11964.0,11963.5,11963.5,0.005,59.8175
2020-08-10 13:41:00,11963.5,11964.0,11963.5,11964.0,1.6,19142.4
2020-08-10 13:42:00,11964.0,11966.0,11964.0,11965.5,0.189,2261.4795
2020-08-10 13:43:00,11965.5,11965.5,11965.5,11965.5,3.396,40634.838
2020-08-10 13:44:00,11965.5,11966.0,11965.5,11965.5,1.56,18666.18
2020-08-10 13:45:00,11965.5,11966.0,11964.0,11964.0,0.263,3146.532
2020-08-10 13:46:00,11964.0,11964.5,11964.0,11964.0,13.417,160520.988
2020-08-10 13:47:00,11964.0,11980.5,11964.0,11980.5,2.643,31664.4615
2020-08-10 13:48:00,11980.5,11981.0,11980.5,11981.0,0.35,4193.35
2020-08-10 13:49:00,11981.0,11989.0,11981.0,11989.0,4.009,48063.901
2020-08-10 13:50:00,11989.0,11989.5,11988.0,11988.0,0.813,9746.244
2020-08-10 13:51:00,11988.0,11990.0,11988.0,11989.5,28.495,341640.8025
2020-08-10 13:52:00,11989.5,11990.0,11989.5,11990.0,0.402,4819.98
2020-08-10 13:53:00,11990.0,11990.0,11989.5,11989.5,11.019,132112.3005
2020-08-10 13:54:00,11989.5,11990.0,11989.5,11989.5,1.219,14615.2005
2020-08-10 13:55:00,11989.5,11990.0,11989.5,11990.0,0.062,743.38
2020-08-10 13:56:00,11990.0,11991.0,11990.0,11991.0,2.928,35109.648
2020-08-10 13:57:00,11991.0,11991.5,11991.0,11991.5,4.961,59489.8315
2020-08-10 13:58:00,11991.5,11992.5,11991.0,11992.5,1.585,19008.1125
2020-08-10 13:59:00,11992.5,12000.0,11992.5,11999.5,11.771,141246.1145
2020-08-10 14:00:00,11999.5,12000.0,11993.5,11993.5,12.287,147364.1345
2020-08-10 14:01:00,11993.5,11999.5,11993.0,11999.5,0.32,3839.84
2020-08-10 14:02:00,11999.5,12001.5,11999.5,12001.0,22.923,275098.923
2020-08-10 14:03:00,12001.0,12001.5,12001.0,12001.5,0.055,660.0825
2020-08-10 14:04:00,12001.5,12001.5,12001.0,12001.0,17.353,208253.353
2020-08-10 14:05:00,12001.0,12001.5,11995.0,11995.0,9.146,109706.27
2020-08-10 14:06:00,11995.0,11995.0,11992.5,11993.0,1.24,14871.32
2020-08-10 14:07:00,11993.0,11993.0,11991.5,11992.0,1.744,20914.048
2020-08-10 14:08:00,11992.0,11992.0,11991.5,11991.5,1.009,12099.4235
2020-08-10 14:09:00,11991.5,11993.0,11991.5,11993.0,1.107,13276.251
2020-08-10 14:10:00,11993.0,12001.0,11992.5,12001.0,1.634,19609.634
2020-08-10 14:11:00,12001.0,12005.0,12001.0,12003.0,6.922,83084.766
2020-08-10 14:12:00,12003.0,12003.5,12003.0,12003.0,0.774,9290.322
2020-08-10 14:13:00,12003.0,12003.5,12000.0,12000.0,3.007,36084.0
2020-08-10 14:14:00,12000.0,12000.0,11994.5,11994.5,0.371,4449.9595
2020-08-10 14:15:00,11994.5,11994.5,11992.5,11992.5,0.637,7639.2225
2020-08-10 14:16:00,11992.5,11993.0,11992.5,11992.5,0.002,23.985
2020-08-10 14:17:00,11992.5,11993.0,11992.5,11992.5,0.013,155.9025
2020-08-10 14:18:00,11992.5,11993.0,11981.0,11981.0,3.631,43503.011
2020-08-10 14:19:00,11981.0,11983.5,11981.0,11983.5,1.227,14703.7545
2020-08-10 14:20:00,11983.5,11984.0,11982.0,11982.0,6.586,78913.452
2020-08-10 14:21:00,11982.0,11982.5,11982.0,11982.5,0.924,11071.83
2020-08-10 14:22:00,11982.5,11982.5,11982.0,11982.0,0.002,23.964
2020-08-10 14:23:00,11982.0,11982.0,11980.5,11981.0,0.49,5870.69
2020-08-10 14:24:00,11981.0,11981.0,11973.5,11973.5,5.964,71409.954
2020-08-10 14:25:00,11973.5,11973.5,11973.0,11973.0,0.793,9494.589
2020-08-10 14:26:00,11973.0,11979.5,11973.0,11979.5,0.181,2168.2895
2020-08-10 14:27:00,11979.5,11980.0,11978.0,11978.0,0.344,4120.432
2020-08-10 14:28:00,11978.0,11978.0,11977.0,11977.0,1.88,22516.76
2020-08-10 14:29:00,11977.0,11977.0,11977.0,11977.0,1.378,16504.306
2020-08-10 14:30:00,11977.0,11978.0,11977.0,11977.5,15.244,182585.01
2020-08-10 14:31:00,11977.5,11978.0,11970.5,11970.5,9.4,112522.7
2020-08-10 14:32:00,11970.5,11970.5,11968.5,11968.5,3.44,41171.64
2020-08-10 14:33:00,11968.5,11968.5,11968.0,11968.0,1.146,13715.328
2020-08-10 14:34:00,11968.0,11968.0,11967.0,11967.5,0.032,382.96
2020-08-10 14:35:00,11967.5,11972.0,11967.5,11972.0,1.488,17814.336
2020-08-10 14:36:00,11972.0,11974.5,11972.0,11974.5,31.747,380154.4515
2020-08-10 14:37:00,11974.5,11974.5,11974.0,11974.5,0.504,6035.148
2020-08-10 14:38:00,11974.5,11974.5,11974.5,11974.5,0.0,0.0
2020-08-10 14:39:00,11974.5,11974.5,11974.5,11974.5,0.0,0.0
2020-08-10 14:40:00,11974.5,11974.5,11974.0,11974.5,0.438,5244.831
2020-08-10 14:41:00,11974.5,11982.5,11974.0,11982.5,15.605,186986.9125
2020-08-10 14:42:00,11982.5,11989.0,11982.5,11989.0,0.666,7984.674
2020-08-10 14:43:00,11989.0,11989.0,11988.5,11988.5,5.001,59954.4885
2020-08-10 14:44:00,11988.5,11989.0,11986.0,11986.0,1.114,13352.404
2020-08-10 14:45:00,11986.0,11986.5,11986.0,11986.5,0.248,2972.652
2020-08-10 14:46:00,11986.5,11986.5,11986.0,11986.5,0.243,2912.7195
2020-08-10 14:47:00,11986.5,11986.5,11978.0,11978.0,3.418,40940.804
2020-08-10 14:48:00,11978.0,11978.0,11970.0,11970.0,0.913,10928.61
2020-08-10 14:49:00,11970.0,11970.0,11966.0,11966.5,3.353,40123.6745
2020-08-10 14:50:00,11966.5,11966.5,11965.0,11965.0,1.003,12000.895
2020-08-10 14:51:00,11965.0,11968.5,11961.0,11961.0,5.209,62304.849
2020-08-10 14:52:00,11961.0,11964.0,11961.0,11964.0,0.196,2344.944
2020-08-10 14:53:00,11964.0,11965.0,11963.5,11964.5,1.204,14405.258
2020-08-10 14:54:00,11964.5,11965.0,11964.5,11964.5,0.534,6389.043
2020-08-10 14:55:00,11964.5,11965.0,11964.5,11965.0,0.592,7083.28
2020-08-10 14:56:00,11965.0,11965.0,11965.0,11965.0,0.514,6150.01
2020-08-10 14:57:00,11965.0,11966.0,11965.0,11966.0,0.5,5983.0
2020-08-10 14:58:00,11966.0,11972.0,11966.0,11972.0,0.184,2202.848
2020-08-10 14:59:00,11972.0,11977.5,11972.0,11977.5,2.919,34962.3225
2020-08-10 15:00:00,11977.5,11978.0,11972.0,11972.0,1.299,15551.628
2020-08-10 15:01:00,11972.0,11972.5,11972.0,11972.5,3.764,45064.49
2020-08-10 15:02:00,11972.5,11972.5,11971.5,11971.5,1.67,19992.405
2020-08-10 15:03:00,11971.5,11972.5,11971.0,11971.0,2.657,31806.947
2020-08-10 15:04:00,11971.0,11971.0,11970.5,11971.0,0.026,311.246
2020-08-10 15:05:00,11971.0,11971.0,11963.0,11963.0,12.725,152229.175
2020-08-10 15:06:00,11963.0,11963.0,11962.0,11962.0,2.9,34689.8
2020-08-10 15:07:00,11962.0,11962.5,11962.0,11962.5,0.025,299.0625
2020-08-10 15:08:00,11962.5,11963.0,11960.5,11960.5,11.256,134627.388
2020-08-10 15:09:00,11960.5,11961.0,11960.5,11960.5,0.497,5944.3685
2020-08-10 15:10:00,11960.5,11961.0,11960.5,11960.5,5.206,62266.363
2020-08-10 15:11:00,11960.5,11971.0,11960.5,11971.0,5.923,70904.233
2020-08-10 15:12:00,11971.0,11973.5,11971.0,11973.5,5.357,64142.0395
2020-08-10 15:13:00,11973.5,11980.0,11973.5,11980.0,5.487,65734.26
2020-08-10 15:14:00,11980.0,11980.0,11979.5,11980.0,0.125,1497.5
2020-08-10 15:15:00,11980.0,11980.0,11979.5,11980.0,0.269,3222.62
2020-08-10 15:16:00,11980.0,11980.0,11979.5,11980.0,1.546,18521.08
2020-08-10 15:17:00,11980.0,11980.0,11979.5,11980.0,5.951,71292.98
2020-08-10 15:18:00,11980.0,11986.0,11980.0,11986.0,0.624,7479.264
2020-08-10 15:19:00,11986.0,11986.0,11985.5,11985.5,1.23,14742.165
2020-08-10 15:20:00,11985.5,11986.0,11985.5,11985.5,2.817,33763.1535
2020-08-10 15:21:00,11985.5,11986.0,11985.5,11985.5,0.502,6016.721
2020-08-10 15:22:00,11985.5,11986.0,11985.5,11986.0,0.15,1797.9
2020-08-10 15:23:00,11986.0,11986.0,11986.0,11986.0,0.008,95.888
2020-08-10 15:24:00,11986.0,11986.0,11985.5,11986.0,1.104,13232.544
2020-08-10 15:25:00,11986.0,11986.0,11984.0,11984.0,2.27,27203.68
2020-08-10 15:26:00,11984.0,11984.0,11979.0,11979.0,1.966,23550.714
2020-08-10 15:27:00,11979.0,11979.0,11970.0,11970.0,6.451,77218.47
2020-08-10 15:28:00,11970.0,11970.5,11970.0,11970.5,1.732,20732.906
2020-08-10 15:29:00,11970.5,11972.5,11970.0,11972.5,2.746,32876.485
2020-08-10 15:30:00,11972.5,11973.0,11966.5,11966.5,4.19,50139.635
2020-08-10 15:31:00,11966.5,11981.0,11966.0,11981.0,8.57,102677.17
2020-08-10 15:32:00,11981.0,11986.5,11981.0,11986.5,3.353,40190.7345
2020-08-10 15:33:00,11986.5,11987.0,11986.5,11986.5,0.471,5645.6415
2020-08-10 15:34:00,11986.5,11987.0,11985.5,11985.5,0.62,7431.01
2020-08-10 15:35:00,11985.5,11990.5,11984.0,11990.5,17.101,205049.5405
2020-08-10 15:36:00,11990.5,11998.0,11990.5,11994.0,17.224,206584.656
2020-08-10 15:37:00,11994.0,11994.0,11992.0,11992.0,0.867,10397.064
2020-08-10 15:38:00,11992.0,11992.5,11992.0,11992.0,2.263,27137.896
2020-08-10 15:39:00,11992.0,11992.5,11992.0,11992.5,5.437,65203.2225
2020-08-10 15:40:00,11992.5,11995.0,11992.0,11993.0,6.281,75328.033
2020-08-10 15:41:00,11993.0,11993.0,11987.5,11987.5,4.537,54387.2875
2020-08-10 15:42:00,11987.5,11988.0,11987.5,11988.0,0.22,2637.36
2020-08-10 15:43:00,11988.0,11988.0,11987.5,11988.0,1.074,12875.112
2020-08-10 15:44:00,11988.0,11988.0,11987.5,11987.5,1.398,16758.525
2020-08-10 15:45:00,11987.5,11988.0,11987.0,11988.0,1.395,16723.26
2020-08-10 15:46:00,11988.0,11990.5,11988.0,11990.5,3.211,38501.4955
2020-08-10 15:47:00,11990.5,11991.0,11989.5,11989.5,0.948,11366.046
2020-08-10 15:48:00,11989.5,11989.5,11985.5,11985.5,8.167,97885.5785
2020-08-10 15:49:00,11985.5,11985.5,11983.5,11984.0,2.056,24639.104
2020-08-10 15:50:00,11984.0,11984.0,11983.5,11984.0,2.664,31925.376
2020-08-10 15:51:00,11984.0,11984.0,11983.5,11984.0,0.004,47.936
2020-08-10 15:52:00,11984.0,11986.5,11984.0,11986.5,0.877,10512.1605
2020-08-10 15:53:00,11986.5,11987.0,11986.5,11986.5,0.446,5345.979
2020-08-10 15:54:00,11986.5,11987.0,11986.5,11987.0,1.291,15475.217
2020-08-10 15:55:00,11987.0,11988.5,11986.5,11988.5,1.922,23041.897
2020-08-10 15:56:00,11988.5,11989.0,11968.0,11972.0,64.405,771056.66
2020-08-10 15:57:00,11972.0,11972.5,11972.0,11972.0,4.727,56591.644
2020-08-10 15:58:00,11972.0,11972.0,11890.0,11903.5,407.501,4850688.1535
2020-08-10 15:59:00,11903.5,11903.5,11562.0,11562.0,1151.052,13308463.224
2020-08-10 16:00:00,11562.0,11585.0,11498.5,11580.0,1503.694,17412776.52
2020-08-10 16:01:00,11580.0,11647.0,11567.0,11643.5,733.126,8536152.581
2020-08-10 16:02:00,11643.5,11675.0,11626.5,11675.0,549.167,6411524.725
2020-08-10 16:03:00,11675.0,11706.5,11673.5,11673.5,231.12,2697979.32
2020-08-10 16:04:00,11673.5,11687.0,11661.0,11687.0,104.104,1216663.448
2020-08-10 16:05:00,11687.0,11713.0,11687.0,11688.0,87.061,1017568.968
2020-08-10 16:06:00,11688.0,11699.5,11675.0,11699.5,71.479,836268.5605
2020-08-10 16:07:00,11699.5,11723.5,11699.5,11704.5,83.02,971707.59
2020-08-10 16:08:00,11704.5,11715.0,11704.5,11715.0,90.055,1054994.325
2020-08-10 16:09:00,11715.0,11715.0,11700.0,11706.0,98.672,1155054.432
2020-08-10 16:10:00,11706.0,11715.0,11692.0,11695.0,151.37,1770272.15
2020-08-10 16:11:00,11695.0,11719.0,11695.0,11718.5,23.371,273873.0635
2020-08-10 16:12:00,11718.5,11720.5,11699.0,11706.5,69.149,809492.7685
2020-08-10 16:13:00,11706.5,11715.0,11706.5,11715.0,33.503,392487.645
2020-08-10 16:14:00,11715.0,11721.0,11715.0,11715.0,16.151,189208.965
2020-08-10 16:15:00,11715.0,11715.0,11695.0,11695.0,40.227,470454.765
2020-08-10 16:16:00,11695.0,11710.0,11695.0,11710.0,23.367,273627.57
2020-08-10 16:17:00,11710.0,11721.0,11710.0,11720.0,43.066,504733.52
2020-08-10 16:18:00,11720.0,11728.5,11719.5,11720.0,32.128,376540.16
2020-08-10 16:19:00,11720.0,11720.0,11711.5,11716.5,12.423,145554.0795
2020-08-10 16:20:00,11716.5,11716.5,11703.0,11703.0,5.413,63348.339
2020-08-10 16:21:00,11703.0,11703.5,11703.0,11703.5,7.195,84206.6825
2020-08-10 16:22:00,11703.5,11703.5,11680.0,11685.0,66.417,776082.645
2020-08-10 16:23:00,11685.0,11694.0,11683.5,11694.0,17.64,206282.16
2020-08-10 16:24:00,11694.0,11698.5,11694.0,11698.5,5.631,65874.2535
2020-08-10 16:25:00,11698.5,11700.0,11698.0,11699.0,6.446,75411.754
2020-08-10 16:26:00,11699.0,11699.0,11693.5,11694.0,18.581,217286.214
2020-08-10 16:27:00,11694.0,11697.0,11693.5,11697.0,9.838,115075.086
2020-08-10 16:28:00,11697.0,11700.0,11697.0,11699.5,8.302,97129.249
2020-08-10 16:29:00,11699.5,11699.5,11690.0,11690.5,5.708,66729.374
2020-08-10 16:30:00,11690.5,11701.5,11690.0,11701.5,12.038,140862.657
2020-08-10 16:31:00,11701.5,11711.5,11701.5,11711.5,14.91,174618.465
2020-08-10 16:32:00,11711.5,11711.5,11711.0,11711.5,3.871,45335.2165
2020-08-10 16:33:00,11711.5,11719.0,11711.0,11719.0,11.042,129401.198
2020-08-10 16:34:00,11719.0,11719.0,11708.0,11708.0,9.853,115358.924
2020-08-10 16:35:00,11708.0,11719.0,11708.0,11719.0,12.374,145010.906
2020-08-10 16:36:00,11719.0,11720.0,11718.5,11719.5,2.395,28068.2025
2020-08-10 16:37:00,11719.5,11721.5,11719.5,11721.5,37.105,434926.2575
2020-08-10 16:38:00,11721.5,11723.5,11721.5,11723.5,21.12,247600.32
2020-08-10 16:39:00,11723.5,11723.5,11721.5,11721.5,55.543,651047.2745
2020-08-10 16:40:00,11721.5,11721.5,11715.5,11715.5,5.973,69976.6815
2020-08-10 16:41:00,11715.5,11724.0,11715.5,11724.0,8.344,97825.056
2020-08-10 16:42:00,11724.0,11724.0,11715.0,11715.0,4.053,47480.895
2020-08-10 16:43:00,11715.0,11715.0,11711.0,11711.0,0.7,8197.7
2020-08-10 16:44:00,11711.0,11714.5,11711.0,11714.0,4.959,58089.726
2020-08-10 16:45:00,11714.0,11729.0,11714.0,11724.0,34.985,410164.14
2020-08-10 16:46:00,11724.0,11724.0,11714.0,11720.5,2.765,32407.1825
2020-08-10 16:47:00,11720.5,11720.5,11715.5,11715.5,1.427,16718.0185
2020-08-10 16:48:00,11715.5,11715.5,11714.5,11715.0,1.206,14128.29
2020-08-10 16:49:00,11715.0,11717.5,11714.5,11717.5,2.821,33055.0675
2020-08-10 16:50:00,11717.5,11718.0,11717.0,11718.0,9.276,108696.168
2020-08-10 16:51:00,11718.0,11718.0,11717.5,11718.0,4.112,48184.416
2020-08-10 16:52:00,11718.0,11718.5,11710.0,11711.0,36.806,431035.066
2020-08-10 16:53:00,11711.0,11711.5,11711.0,11711.5,0.52,6089.98
2020-08-10 16:54:00,11711.5,11718.0,11711.0,11718.0,17.285,202545.63
2020-08-10 16:55:00,11718.0,11719.5,11718.0,11719.0,11.713,137264.647
2020-08-10 16:56:00,11719.0,11719.0,11719.0,11719.0,1.25,14648.75
2020-08-10 16:57:00,11719.0,11719.5,11719.0,11719.0,6.252,73267.188
2020-08-10 16:58:00,11719.0,11736.0,11719.0,11736.0,46.887,550265.832
2020-08-10 16:59:00,11736.0,11736.0,11730.0,11733.0,6.086,71407.038
2020-08-10 17:00:00,11733.0,11733.0,11724.0,11724.0,3.368,39486.432
2020-08-10 17:01:00,11724.0,11730.5,11723.5,11730.0,7.928,92995.44
2020-08-10 17:02:00,11730.0,11731.0,11727.5,11731.0,7.765,91091.215
2020-08-10 17:03:00,11731.0,11735.0,11731.0,11735.0,5.538,64988.43
2020-08-10 17:04:00,11735.0,11735.0,11734.5,11735.0,4.583,53781.505
2020-08-10 17:05:00,11735.0,11736.0,11734.5,11735.5,5.07,59498.985
2020-08-10 17:06:00,11735.5,11748.5,11735.5,11748.0,8.557,100527.636
2020-08-10 17:07:00,11748.0,11748.5,11748.0,11748.0,6.927,81378.396
2020-08-10 17:08:00,11748.0,11748.5,11744.0,11744.5,14.463,169860.7035
2020-08-10 17:09:00,11744.5,11747.5,11744.0,11747.5,5.661,66502.5975
2020-08-10 17:10:00,11747.5,11750.0,11747.5,11750.0,5.435,63861.25
2020-08-10 17:11:00,11750.0,11750.5,11747.0,11747.0,8.522,100107.934
2020-08-10 17:12:00,11747.0,11747.0,11745.0,11747.0,0.552,6484.344
2020-08-10 17:13:00,11747.0,11747.0,11744.0,11744.0,3.241,38062.304
2020-08-10 17:14:00,11744.0,11744.0,11742.5,11742.5,4.247,49870.3975
2020-08-10 17:15:00,11742.5,11743.0,11742.5,11742.5,1.532,17989.51
2020-08-10 17:16:00,11742.5,11743.0,11738.0,11738.0,17.229,202234.002
2020-08-10 17:17:00,11738.0,11738.5,11738.0,11738.5,1.072,12583.672
2020-08-10 17:18:00,11738.5,11739.0,11738.5,11738.5,3.109,36494.9965
2020-08-10 17:19:00,11738.5,11740.0,11738.5,11740.0,37.056,435037.44
2020-08-10 17:20:00,11740.0,11740.0,11723.0,11723.0,39.142,458861.666
2020-08-10 17:21:00,11723.0,11723.5,11715.5,11722.0,6.75,79123.5
2020-08-10 17:22:00,11722.0,11726.5,11721.5,11725.0,4.417,51789.325
2020-08-10 17:23:00,11725.0,11730.5,11723.5,11730.0,13.848,162437.04
2020-08-10 17:24:00,11730.0,11730.5,11727.0,11727.0,2.347,27523.269
2020-08-10 17:25:00,11727.0,11729.0,11727.0,11729.0,4.168,48886.472
2020-08-10 17:26:00,11729.0,11733.5,11728.5,11733.5,4.344,50970.324
2020-08-10 17:27:00,11733.5,11733.5,11725.5,11725.5,42.425,497454.3375
2020-08-10 17:28:00,11725.5,11727.0,11723.0,11727.0,14.049,164752.623
2020-08-10 17:29:00,11727.0,11735.5,11727.0,11735.0,18.777,220348.095
2020-08-10 17:30:00,11735.0,11735.5,11735.0,11735.5,2.102,24668.021
2020-08-10 17:31:00,11735.5,11735.5,11732.5,11735.0,21.527,252619.345
2020-08-10 17:32:00,11735.0,11735.5,11735.0,11735.0,2.509,29443.115
2020-08-10 17:33:00,11735.0,11735.5,11721.0,11721.0,12.306,144238.626
2020-08-10 17:34:00,11721.0,11721.0,11719.0,11719.0,1.681,19699.639
2020-08-10 17:35:00,11719.0,11719.0,11718.5,11718.5,1.101,12902.0685
2020-08-10 17:36:00,11718.5,11718.5,11717.5,11717.5,4.499,52717.0325
2020-08-10 17:37:00,11717.5,11718.0,11717.5,11718.0,2.339,27408.402
2020-08-10 17:38:00,11718.0,11719.5,11717.5,11719.5,7.754,90873.003
2020-08-10 17:39:00,11719.5,11721.5,11719.5,11721.0,6.288,73701.648
2020-08-10 17:40:00,11721.0,11721.5,11721.0,11721.0,10.147,118932.987
2020-08-10 17:41:00,11721.0,11721.5,11719.5,11720.0,7.24,84852.8
2020-08-10 17:42:00,11720.0,11720.0,11719.5,11720.0,4.021,47126.12
2020-08-10 17:43:00,11720.0,11732.5,11720.0,11732.5,7.355,86292.5375
2020-08-10 17:44:00,11732.5,11740.0,11732.5,11740.0,13.728,161166.72
2020-08-10 17:45:00,11740.0,11745.0,11739.5,11745.0,3.128,36738.36
2020-08-10 17:46:00,11745.0,11753.5,11745.0,11753.0,10.811,127061.683
2020-08-10 17:47:00,11753.0,11782.5,11753.0,11775.5,116.928,1376885.664
2020-08-10 17:48:00,11775.5,11780.0,11759.0,11759.0,53.414,628095.226
2020-08-10 17:49:00,11759.0,11774.0,11757.5,11774.0,12.432,146374.368
2020-08-10 17:50:00,11774.0,11774.0,11773.5,11773.5,2.869,33778.1715
2020-08-10 17:51:00,11773.5,11773.5,11769.0,11771.0,9.63,113354.73
2020-08-10 17:52:00,11771.0,11780.5,11770.5,11780.0,36.252,427048.56
2020-08-10 17:53:00,11780.0,11782.5,11780.0,11782.0,18.532,218344.024
2020-08-10 17:54:00,11782.0,11782.5,11781.5,11781.5,9.322,109827.143
2020-08-10 17:55:00,11781.5,11782.0,11781.5,11781.5,13.492,158955.998
2020-08-10 17:56:00,11781.5,11785.0,11781.5,11785.0,9.791,115386.935
2020-08-10 17:57:00,11785.0,11788.0,11784.5,11788.0,3.606,42507.528
2020-08-10 17:58:00,11788.0,11793.0,11788.0,11792.5,7.607,89705.5475
2020-08-10 17:59:00,11792.5,11799.5,11792.5,11799.5,15.709,185358.3455
2020-08-10 18:00:00,11799.5,11809.5,11799.5,11808.0,19.871,234636.768
2020-08-10 18:01:00,11808.0,11808.0,11799.0,11805.0,33.818,399221.49
2020-08-10 18:02:00,11805.0,11805.0,11793.5,11793.5,4.884,57599.454
2020-08-10 18:03:00,11793.5,11799.0,11793.0,11799.0,2.901,34228.899
2020-08-10 18:04:00,11799.0,11825.0,11798.5,11825.0,50.321,595045.825
2020-08-10 18:05:00,11825.0,11825.5,11817.0,11817.0,17.316,204623.172
2020-08-10 18:06:00,11817.0,11817.5,11811.5,11812.0,20.431,241330.972
2020-08-10 18:07:00,11812.0,11842.0,11812.0,11842.0,44.719,529562.398
2020-08-10 18:08:00,11842.0,11857.5,11832.5,11857.0,167.728,1988750.896
2020-08-10 18:09:00,11857.0,11889.0,11855.5,11889.0,120.699,1434990.411
2020-08-10 18:10:00,11889.0,11915.5,11875.0,11881.0,578.661,6875071.341
2020-08-10 18:11:00,11881.0,11904.0,11881.0,11904.0,20.553,244662.912
2020-08-10 18:12:00,11904.0,11906.0,11885.0,11885.0,29.467,350215.295
2020-08-10 18:13:00,11885.0,11902.5,11884.0,11902.0,28.565,339980.63
2020-08-10 18:14:00,11902.0,11902.0,11882.5,11882.5,29.415,349523.7375
2020-08-10 18:15:00,11882.5,11899.0,11882.5,11898.0,103.805,1235071.89
2020-08-10 18:16:00,11898.0,11898.5,11894.0,11894.0,8.478,100837.332
2020-08-10 18:17:00,11894.0,11894.0,11887.0,11892.0,4.601,54715.092
2020-08-10 18:18:00,11892.0,11892.0,11879.5,11881.5,47.507,564454.4205
2020-08-10 18:19:00,11881.5,11888.0,11881.5,11887.5,9.882,117472.275
2020-08-10 18:20:00,11887.5,11896.0,11886.0,11896.0,6.477,77050.392
2020-08-10 18:21:00,11896.0,11896.0,11890.5,11891.0,4.444,52843.604
2020-08-10 18:22:00,11891.0,11891.0,11886.5,11887.0,1.707,20291.109
2020-08-10 18:23:00,11887.0,11887.0,11882.0,11882.0,11.321,134516.122
2020-08-10 18:24:00,11882.0,11884.0,11882.0,11883.5,2.742,32584.557
2020-08-10 18:25:00,11883.5,11883.5,11863.5,11863.5,60.271,715025.0085
2020-08-10 18:26:00,11863.5,11878.0,11859.0,11878.0,38.08,452314.24
2020-08-10 18:27:00,11878.0,11888.0,11878.0,11888.0,51.773,615477.424
2020-08-10 18:28:00,11888.0,11888.0,11886.0,11886.0,8.596,102172.056
2020-08-10 18:29:00,11886.0,11886.5,11874.0,11874.0,12.922,153435.828
2020-08-10 18:30:00,11874.0,11883.5,11874.0,11883.5,6.885,81817.8975
2020-08-10 18:31:00,11883.5,11883.5,11882.0,11882.0,3.519,41812.758
2020-08-10 18:32:00,11882.0,11887.0,11881.5,11887.0,5.104,60671.248
2020-08-10 18:33:00,11887.0,11888.0,11886.0,11886.0,5.95,70721.7
2020-08-10 18:34:00,11886.0,11886.5,11884.0,11886.5,0.226,2686.349
2020-08-10 18:35:00,11886.5,11893.0,11886.5,11888.0,29.766,353858.208
2020-08-10 18:36:00,11888.0,11888.0,11885.5,11885.5,1.817,21595.9535
2020-08-10 18:37:00,11885.5,11885.5,11875.0,11875.5,17.04,202358.52
2020-08-10 18:38:00,11875.5,11875.5,11862.0,11862.5,5.204,61732.45
2020-08-10 18:39:00,11862.5,11870.0,11862.0,11862.0,6.325,75027.15
2020-08-10 18:40:00,11862.0,11862.5,11862.0,11862.0,9.756,115725.672
2020-08-10 18:41:00,11862.0,11872.0,11862.0,11869.5,2.906,34492.767
2020-08-10 18:42:00,11869.5,11869.5,11864.5,11864.5,11.98,142136.71
2020-08-10 18:43:00,11864.5,11868.0,11864.5,11868.0,1.063,12615.684
2020-08-10 18:44:00,11868.0,11868.0,11867.5,11868.0,3.848,45668.064
2020-08-10 18:45:00,11868.0,11871.0,11867.5,11871.0,3.945,46831.095
2020-08-10 18:46:00,11871.0,11871.5,11870.5,11871.0,1.267,15040.557
2020-08-10 18:47:00,11871.0,11883.5,11871.0,11883.5,2.743,32596.4405
2020-08-10 18:48:00,11883.5,11898.0,11883.5,11898.0,13.803,164228.094
2020-08-10 18:49:00,11898.0,11905.0,11898.0,11904.5,40.547,482691.7615
2020-08-10 18:50:00,11904.5,11912.5,11904.5,11911.0,10.445,124410.395
2020-08-10 18:51:00,11911.0,11911.0,11907.0,11907.0,6.808,81062.856
2020-08-10 18:52:00,11907.0,11907.0,11895.0,11898.5,40.212,478462.482
2020-08-10 18:53:00,11898.5,11899.0,11895.0,11895.0,5.652,67230.54
2020-08-10 18:54:00,11895.0,11895.0,11891.0,11891.0,24.017,285586.147
2020-08-10 18:55:00,11891.0,11891.5,11885.5,11885.5,10.381,123383.3755
2020-08-10 18:56:00,11885.5,11887.5,11885.5,11887.5,2.14,25439.25
2020-08-10 18:57:00,11887.5,11897.0,11887.5,11897.0,17.03,202605.91
2020-08-10 18:58:00,11897.0,11897.0,11886.0,11886.0,4.742,56363.412
2020-08-10 18:59:00,11886.0,11886.0,11880.5,11885.5,28.923,343764.3165
2020-08-10 19:00:00,11885.5,11886.0,11885.5,11885.5,6.734,80036.957
2020-08-10 19:01:00,11885.5,11886.0,11885.5,11885.5,1.198,14238.829
2020-08-10 19:02:00,11885.5,11885.5,11881.0,11881.0,3.021,35892.501
2020-08-10 19:03:00,11881.0,11881.0,11880.5,11880.5,7.571,89947.2655
2020-08-10 19:04:00,11880.5,11889.5,11880.5,11889.5,13.162,156489.599
2020-08-10 19:05:00,11889.5,11896.0,11889.5,11895.5,13.427,159720.8785
2020-08-10 19:06:00,11895.5,11899.0,11895.5,11898.5,10.4,123744.4
2020-08-10 19:07:00,11898.5,11898.5,11890.0,11890.0,2.483,29522.87
2020-08-10 19:08:00,11890.0,11898.0,11890.0,11898.0,15.16,180373.68
2020-08-10 19:09:00,11898.0,11901.0,11898.0,11901.0,6.082,72381.882
2020-08-10 19:10:00,11901.0,11904.0,11895.5,11895.5,16.243,193218.6065
2020-08-10 19:11:00,11895.5,11896.0,11895.5,11896.0,0.049,582.904
2020-08-10 19:12:00,11896.0,11896.0,11890.5,11890.5,2.529,30071.0745
2020-08-10 19:13:00,11890.5,11890.5,11890.0,11890.0,0.002,23.78
2020-08-10 19:14:00,11890.0,11890.5,11890.0,11890.0,0.222,2639.58
2020-08-10 19:15:00,11890.0,11890.5,11890.0,11890.0,5.511,65525.79
2020-08-10 19:16:00,11890.0,11890.5,11890.0,11890.0,0.098,1165.22
2020-08-10 19:17:00,11890.0,11890.5,11883.5,11883.5,26.5,314912.75
2020-08-10 19:18:00,11883.5,11883.5,11874.0,11874.0,5.288,62789.712
2020-08-10 19:19:00,11874.0,11878.0,11873.5,11877.5,4.393,52177.8575
2020-08-10 19:20:00,11877.5,11878.0,11877.5,11878.0,0.837,9941.886
2020-08-10 19:21:00,11878.0,11885.0,11877.5,11884.5,5.385,63998.0325
2020-08-10 19:22:00,11884.5,11884.5,11880.5,11881.0,5.835,69325.635
2020-08-10 19:23:00,11881.0,11888.0,11880.0,11888.0,30.839,366614.032
2020-08-10 19:24:00,11888.0,11896.5,11888.0,11896.0,12.218,145345.328
2020-08-10 19:25:00,11896.0,11897.0,11896.0,11897.0,5.409,64350.873
2020-08-10 19:26:00,11897.0,11900.0,11897.0,11899.5,5.611,66768.0945
2020-08-10 19:27:00,11899.5,11913.0,11899.5,11913.0,4.204,50082.252
2020-08-10 19:28:00,11913.0,11930.5,11913.0,11927.5,64.362,767677.755
2020-08-10 19:29:00,11927.5,11932.0,11927.5,11928.0,14.197,169341.816
2020-08-10 19:30:00,11928.0,11929.0,11921.0,11921.0,11.273,134385.433
2020-08-10 19:31:00,11921.0,11921.0,11918.5,11918.5,2.689,32048.8465
2020-08-10 19:32:00,11918.5,11918.5,11902.0,11909.0,35.381,421352.329
2020-08-10 19:33:00,11909.0,11910.0,11904.5,11907.0,11.17,133001.19
2020-08-10 19:34:00,11907.0,11908.0,11902.5,11904.0,3.23,38449.92
2020-08-10 19:35:00,11904.0,11906.0,11903.5,11905.5,3.149,37490.4195
2020-08-10 19:36:00,11905.5,11906.0,11905.5,11905.5,3.481,41443.0455
2020-08-10 19:37:00,11905.5,11908.0,11905.5,11907.5,0.814,9692.705
2020-08-10 19:38:00,11907.5,11908.0,11904.5,11904.5,5.321,63343.8445
2020-08-10 19:39:00,11904.5,11904.5,11901.5,11902.0,2.157,25672.614
2020-08-10 19:40:00,11902.0,11902.0,11895.5,11895.5,10.309,122630.7095
2020-08-10 19:41:00,11895.5,11895.5,11890.5,11895.5,6.964,82840.262
2020-08-10 19:42:00,11895.5,11897.0,11894.0,11894.0,6.062,72101.428
2020-08-10 19:43:00,11894.0,11894.0,11892.0,11894.0,1.122,13345.068
2020-08-10 19:44:00,11894.0,11906.0,11894.0,11906.0,6.1,72626.6
2020-08-10 19:45:00,11906.0,11906.0,11902.5,11902.5,0.786,9355.365
2020-08-10 19:46:00,11902.5,11905.5,11902.0,11905.5,0.781,9298.1955
2020-08-10 19:47:00,11905.5,11918.5,11905.5,11918.0,44.971,535964.378
2020-08-10 19:48:00,11918.0,11922.5,11918.0,11922.5,4.923,58694.4675
2020-08-10 19:49:00,11922.5,11923.0,11922.0,11922.0,6.231,74285.982
2020-08-10 19:50:00,11922.0,11922.0,11919.0,11921.5,3.3,39340.95
2020-08-10 19:51:00,11921.5,11925.0,11915.5,11925.0,15.183,181057.275
2020-08-10 19:52:00,11925.0,11930.0,11924.5,11930.0,3.863,46085.59
2020-08-10 19:53:00,11930.0,11930.0,11924.5,11930.0,7.936,94676.48
2020-08-10 19:54:00,11930.0,11948.5,11930.0,11945.0,30.935,369518.575
2020-08-10 19:55:00,11945.0,11945.0,11941.0,11941.5,4.948,59086.542
2020-08-10 19:56:00,11941.5,11942.0,11941.0,11942.0,3.888,46430.496
2020-08-10 19:57:00,11942.0,11942.5,11929.5,11932.0,94.01,1121727.32
2020-08-10 19:58:00,11932.0,11954.5,11932.0,11954.5,25.123,300332.9035
2020-08-10 19:59:00,11954.5,11956.5,11954.5,11956.5,10.153,121394.3445
2020-08-10 20:00:00,11956.5,11965.0,11956.0,11964.0,45.367,542770.788
2020-08-10 20:01:00,11964.0,11964.0,11940.5,11941.0,41.496,495503.736
2020-08-10 20:02:00,11941.0,11947.0,11941.0,11942.0,78.115,932849.33
2020-08-10 20:03:00,11942.0,11942.5,11939.5,11939.5,89.018,1062830.411
2020-08-10 20:04:00,11939.5,11954.0,11939.5,11953.5,43.985,525774.6975
2020-08-10 20:05:00,11953.5,11954.0,11940.0,11940.0,12.893,153942.42
2020-08-10 20:06:00,11940.0,11940.5,11940.0,11940.0,0.716,8549.04
2020-08-10 20:07:00,11940.0,11940.5,11940.0,11940.0,9.664,115388.16
2020-08-10 20:08:00,11940.0,11947.0,11940.0,11947.0,17.01,203218.47
2020-08-10 20:09:00,11947.0,11947.0,11938.0,11938.0,34.869,416266.122
2020-08-10 20:10:00,11938.0,11938.0,11932.0,11932.5,13.432,160277.34
2020-08-10 20:11:00,11932.5,11937.5,11918.5,11919.0,26.664,317808.216
2020-08-10 20:12:00,11919.0,11924.0,11903.0,11903.0,124.894,1486613.282
2020-08-10 20:13:00,11903.0,11909.0,11898.5,11903.0,68.84,819402.52
2020-08-10 20:14:00,11903.0,11909.5,11901.5,11908.5,31.253,372176.3505
2020-08-10 20:15:00,11908.5,11908.5,11904.5,11905.5,22.287,265337.8785
2020-08-10 20:16:00,11905.5,11906.0,11893.0,11893.0,21.245,252666.785
2020-08-10 20:17:00,11893.0,11900.0,11893.0,11899.5,12.411,147684.6945
2020-08-10 20:18:00,11899.5,11900.0,11899.5,11900.0,0.086,1023.4
2020-08-10 20:19:00,11900.0,11907.0,11900.0,11904.5,13.46,160234.57
2020-08-10 20:20:00,11904.5,11905.0,11900.0,11900.0,3.44,40936.0
2020-08-10 20:21:00,11900.0,11900.5,11899.5,11900.5,5.329,63417.7645
2020-08-10 20:22:00,11900.5,11901.0,11900.0,11900.5,3.488,41508.944
2020-08-10 20:23:00,11900.5,11900.5,11900.0,11900.5,3.313,39426.3565
2020-08-10 20:24:00,11900.5,11910.0,11900.0,11910.0,16.964,202041.24
2020-08-10 20:25:00,11910.0,11914.0,11905.5,11907.5,5.2,61919.0
2020-08-10 20:26:00,11907.5,11910.0,11907.5,11910.0,9.756,116193.96
2020-08-10 20:27:00,11910.0,11911.0,11903.5,11903.5,9.482,112868.987
2020-08-10 20:28:00,11903.5,11904.0,11903.5,11904.0,3.375,40176.0
2020-08-10 20:29:00,11904.0,11904.0,11899.0,11899.0,4.319,51391.781
2020-08-10 20:30:00,11899.0,11899.0,11882.0,11882.0,23.594,280343.908
2020-08-10 20:31:00,11882.0,11887.0,11882.0,11887.0,2.856,33949.272
2020-08-10 20:32:00,11887.0,11887.0,11886.5,11887.0,1.232,14644.784
2020-08-10 20:33:00,11887.0,11887.0,11886.5,11887.0,6.862,81568.594
2020-08-10 20:34:00,11887.0,11891.0,11886.5,11891.0,12.538,149089.358
2020-08-10 20:35:00,11891.0,11903.5,11891.0,11903.5,13.598,161863.793
2020-08-10 20:36:00,11903.5,11906.0,11903.5,11906.0,6.154,73269.524
2020-08-10 20:37:00,11906.0,11909.0,11905.5,11909.0,5.49,65380.41
2020-08-10 20:38:00,11909.0,11924.0,11909.0,11924.0,37.14,442857.36
2020-08-10 20:39:00,11924.0,11926.5,11923.5,11926.5,13.265,158205.0225
2020-08-10 20:40:00,11926.5,11930.0,11926.5,11929.5,13.398,159831.441
2020-08-10 20:41:00,11929.5,11930.0,11919.5,11919.5,30.527,363866.5765
2020-08-10 20:42:00,11919.5,11919.5,11917.5,11917.5,2.232,26599.86
2020-08-10 20:43:00,11917.5,11923.0,11917.0,11923.0,15.671,186845.333
2020-08-10 20:44:00,11923.0,11927.0,11923.0,11927.0,7.471,89106.617
2020-08-10 20:45:00,11927.0,11927.0,11919.0,11919.5,10.046,119743.297
2020-08-10 20:46:00,11919.5,11919.5,11919.0,11919.5,1.697,20227.3915
2020-08-10 20:47:00,11919.5,11920.5,11919.0,11920.5,4.008,47777.364
2020-08-10 20:48:00,11920.5,11924.0,11920.0,11924.0,1.711,20401.964
2020-08-10 20:49:00,11924.0,11925.0,11922.0,11922.5,9.845,117377.0125
2020-08-10 20:50:00,11922.5,11924.5,11922.0,11922.0,4.055,48343.71
2020-08-10 20:51:00,11922.0,11926.0,11919.5,11926.0,15.164,180845.864
2020-08-10 20:52:00,11926.0,11934.0,11926.0,11931.0,24.096,287489.376
2020-08-10 20:53:00,11931.0,11931.0,11922.5,11922.5,5.388,64238.43
2020-08-10 20:54:00,11922.5,11923.0,11921.0,11923.0,4.167,49683.141
2020-08-10 20:55:00,11923.0,11925.5,11915.0,11915.0,3.456,41178.24
2020-08-10 20:56:00,11915.0,11915.5,11915.0,11915.5,0.83,9889.865
2020-08-10 20:57:00,11915.5,11935.0,11915.0,11929.5,46.293,552252.3435
2020-08-10 20:58:00,11929.5,11929.5,11924.5,11924.5,4.996,59574.802
2020-08-10 20:59:00,11924.5,11924.5,11922.0,11922.5,0.352,4196.72
2020-08-10 21:00:00,11922.5,11927.0,11922.0,11923.5,8.603,102577.8705
2020-08-10 21:01:00,11923.5,11923.5,11911.5,11911.5,24.819,295631.5185
2020-08-10 21:02:00,11911.5,11916.0,11911.5,11913.0,0.465,5539.545
2020-08-10 21:03:00,11913.0,11913.0,11902.0,11902.0,11.803,140479.306
2020-08-10 21:04:00,11902.0,11904.0,11901.0,11904.0,61.638,733738.752
2020-08-10 21:05:00,11904.0,11904.0,11900.5,11900.5,4.083,48589.7415
2020-08-10 21:06:00,11900.5,11908.5,11900.5,11908.5,8.459,100734.0015
2020-08-10 21:07:00,11908.5,11908.5,11908.5,11908.5,0.001,11.9085
2020-08-10 21:08:00,11908.5,11909.0,11908.5,11908.5,0.005,59.5425
2020-08-10 21:09:00,11908.5,11910.5,11908.5,11910.5,0.166,1977.143
2020-08-10 21:10:00,11910.5,11910.5,11904.0,11904.0,18.117,215664.768
2020-08-10 21:11:00,11904.0,11904.5,11895.0,11895.0,18.038,214562.01
2020-08-10 21:12:00,11895.0,11895.0,11886.0,11890.0,24.817,295074.13
2020-08-10 21:13:00,11890.0,11890.0,11826.0,11842.5,312.889,3705387.9825
2020-08-10 21:14:00,11842.5,11858.0,11840.5,11858.0,131.598,1560489.084
2020-08-10 21:15:00,11858.0,11870.5,11858.0,11870.5,48.328,573677.524
2020-08-10 21:16:00,11870.5,11874.0,11870.0,11874.0,8.076,95894.424
2020-08-10 21:17:00,11874.0,11875.5,11871.5,11872.0,18.681,221780.832
2020-08-10 21:18:00,11872.0,11875.0,11871.5,11875.0,9.554,113453.75
2020-08-10 21:19:00,11875.0,11887.0,11875.0,11887.0,32.305,384009.535
2020-08-10 21:20:00,11887.0,11894.5,11886.5,11894.5,6.109,72663.5005
2020-08-10 21:21:00,11894.5,11896.0,11894.5,11896.0,13.882,165140.272
2020-08-10 21:22:00,11896.0,11901.5,11896.0,11901.5,16.642,198064.763
2020-08-10 21:23:00,11901.5,11905.5,11901.5,11905.5,1.973,23489.5515
2020-08-10 21:24:00,11905.5,11906.0,11901.0,11901.5,4.033,47998.7495
2020-08-10 21:25:00,11901.5,11907.0,11901.0,11907.0,10.547,125583.129
2020-08-10 21:26:00,11907.0,11919.5,11906.5,11919.5,17.708,211070.506
2020-08-10 21:27:00,11919.5,11919.5,11916.0,11916.0,1.675,19959.3
2020-08-10 21:28:00,11916.0,11920.0,11916.0,11920.0,3.875,46190.0
2020-08-10 21:29:00,11920.0,11920.0,11919.0,11919.5,3.743,44614.6885
2020-08-10 21:30:00,11919.5,11933.0,11919.5,11933.0,27.184,324386.672
2020-08-10 21:31:00,11933.0,11939.0,11925.0,11925.5,9.178,109452.239
2020-08-10 21:32:00,11925.5,11933.0,11922.0,11927.0,26.98,321790.46
2020-08-10 21:33:00,11927.0,11927.5,11913.0,11913.0,27.882,332158.266
2020-08-10 21:34:00,11913.0,11922.0,11913.0,11922.0,5.126,61112.172
2020-08-10 21:35:00,11922.0,11922.5,11922.0,11922.5,0.231,2754.0975
2020-08-10 21:36:00,11922.5,11926.5,11922.0,11926.0,15.789,188299.614
2020-08-10 21:37:00,11926.0,11947.5,11925.0,11947.5,78.96,943374.6
2020-08-10 21:38:00,11947.5,11948.0,11938.5,11944.5,84.563,1010062.7535
2020-08-10 21:39:00,11944.5,11950.0,11944.5,11948.5,26.755,319682.1175
2020-08-10 21:40:00,11948.5,11950.0,11938.5,11938.5,13.558,161862.183
2020-08-10 21:41:00,11938.5,11941.0,11938.5,11941.0,1.054,12585.814
2020-08-10 21:42:00,11941.0,11941.0,11929.5,11929.5,24.685,294479.7075
2020-08-10 21:43:00,11929.5,11929.5,11926.5,11926.5,14.048,167543.472
2020-08-10 21:44:00,11926.5,11929.5,11919.5,11920.5,40.109,478119.3345
2020-08-10 21:45:00,11920.5,11920.5,11915.0,11915.0,7.57,90196.55
2020-08-10 21:46:00,11915.0,11918.5,11914.5,11918.5,8.679,103440.6615
2020-08-10 21:47:00,11918.5,11925.5,11918.5,11925.5,36.39,433968.945
2020-08-10 21:48:00,11925.5,11925.5,11922.0,11922.0,2.065,24618.93
2020-08-10 21:49:00,11922.0,11922.0,11920.5,11921.0,3.573,42593.733
2020-08-10 21:50:00,11921.0,11931.0,11920.5,11931.0,8.779,104742.249
2020-08-10 21:51:00,11931.0,11932.0,11931.0,11931.0,6.829,81476.799
2020-08-10 21:52:00,11931.0,11931.0,11886.0,11886.0,81.448,968090.928
2020-08-10 21:53:00,11886.0,11892.0,11847.5,11882.5,227.684,2705455.13
2020-08-10 21:54:00,11882.5,11894.5,11882.5,11894.0,41.357,491900.158
2020-08-10 21:55:00,11894.0,11895.5,11886.0,11895.5,83.741,996141.0655
2020-08-10 21:56:00,11895.5,11898.0,11895.5,11898.0,8.728,103845.744
2020-08-10 21:57:00,11898.0,11907.5,11898.0,11907.0,15.28,181938.96
2020-08-10 21:58:00,11907.0,11907.5,11894.0,11894.0,2.899,34480.706
2020-08-10 21:59:00,11894.0,11897.5,11890.5,11897.0,17.906,213027.682
2020-08-10 22:00:00,11897.0,11899.5,11897.0,11899.5,16.438,195603.981
2020-08-10 22:01:00,11899.5,11899.5,11899.0,11899.5,2.848,33889.776
2020-08-10 22:02:00,11899.5,11899.5,11894.0,11894.0,7.36,87539.84
2020-08-10 22:03:00,11894.0,11894.5,11894.0,11894.5,5.151,61268.5695
2020-08-10 22:04:00,11894.5,11896.0,11894.5,11896.0,0.556,6614.176
2020-08-10 22:05:00,11896.0,11898.0,11891.0,11891.5,10.957,130295.1655
2020-08-10 22:06:00,11891.5,11891.5,11885.0,11888.0,18.515,220106.32
2020-08-10 22:07:00,11888.0,11895.5,11887.5,11895.5,10.636,126520.538
2020-08-10 22:08:00,11895.5,11896.0,11895.5,11895.5,0.482,5733.631
2020-08-10 22:09:00,11895.5,11896.0,11890.0,11890.0,1.462,17383.18
2020-08-10 22:10:00,11890.0,11890.5,11883.5,11884.0,5.93,70472.12
2020-08-10 22:11:00,11884.0,11889.0,11855.0,11855.0,100.455,1190894.025
2020-08-10 22:12:00,11855.0,11880.0,11851.5,11879.5,167.827,1993700.8465
2020-08-10 22:13:00,11879.5,11892.5,11879.5,11892.0,22.137,263253.204
2020-08-10 22:14:00,11892.0,11896.5,11892.0,11896.5,9.345,111172.7925
2020-08-10 22:15:00,11896.5,11897.0,11890.5,11890.5,6.234,74125.377
2020-08-10 22:16:00,11890.5,11901.0,11890.0,11900.0,24.172,287646.8
2020-08-10 22:17:00,11900.0,11900.5,11900.0,11900.0,4.582,54525.8
2020-08-10 22:18:00,11900.0,11900.0,11896.0,11896.0,4.22,50201.12
2020-08-10 22:19:00,11896.0,11896.5,11896.0,11896.5,9.329,110982.4485
2020-08-10 22:20:00,11896.5,11896.5,11894.0,11894.0,0.639,7600.266
2020-08-10 22:21:00,11894.0,11894.0,11870.5,11881.0,74.552,885752.312
2020-08-10 22:22:00,11881.0,11881.0,11870.0,11875.5,45.108,535680.054
2020-08-10 22:23:00,11875.5,11879.5,11875.5,11877.5,5.893,69994.1075
2020-08-10 22:24:00,11877.5,11877.5,11877.0,11877.0,3.549,42151.473
2020-08-10 22:25:00,11877.0,11877.5,11877.0,11877.5,0.101,1199.6275
2020-08-10 22:26:00,11877.5,11877.5,11874.0,11875.5,12.576,149346.288
2020-08-10 22:27:00,11875.5,11887.5,11875.5,11887.5,15.575,185147.8125
2020-08-10 22:28:00,11887.5,11892.5,11887.5,11890.0,7.571,90019.19
2020-08-10 22:29:00,11890.0,11890.0,11880.5,11880.5,12.7,150882.35
2020-08-10 22:30:00,11880.5,11884.0,11880.5,11883.5,0.283,3363.0305
2020-08-10 22:31:00,11883.5,11883.5,11875.0,11875.0,4.587,54470.625
2020-08-10 22:32:00,11875.0,11875.5,11863.0,11873.0,57.495,682638.135
2020-08-10 22:33:00,11873.0,11873.0,11866.0,11866.0,2.178,25844.148
2020-08-10 22:34:00,11866.0,11868.5,11866.0,11868.5,12.764,151489.534
2020-08-10 22:35:00,11868.5,11868.5,11868.0,11868.0,3.824,45383.232
2020-08-10 22:36:00,11868.0,11875.0,11868.0,11875.0,18.552,220305.0
2020-08-10 22:37:00,11875.0,11875.0,11874.5,11874.5,1.387,16469.9315
2020-08-10 22:38:00,11874.5,11875.0,11861.0,11861.0,5.848,69363.128
2020-08-10 22:39:00,11861.0,11861.0,11857.0,11860.5,13.239,157021.1595
2020-08-10 22:40:00,11860.5,11862.5,11860.0,11862.5,38.595,457833.1875
2020-08-10 22:41:00,11862.5,11864.0,11862.0,11862.0,18.73,222175.26
2020-08-10 22:42:00,11862.0,11862.0,11851.0,11853.5,33.255,394188.1425
2020-08-10 22:43:00,11853.5,11854.5,11850.0,11852.5,7.566,89676.015
2020-08-10 22:44:00,11852.5,11852.5,11843.0,11849.0,43.811,519116.539
2020-08-10 22:45:00,11849.0,11849.0,11839.0,11844.5,12.179,144254.1655
2020-08-10 22:46:00,11844.5,11852.0,11834.5,11852.0,55.381,656375.612
2020-08-10 22:47:00,11852.0,11855.0,11852.0,11855.0,8.188,97068.74
2020-08-10 22:48:00,11855.0,11856.0,11855.0,11855.5,4.718,55934.249
2020-08-10 22:49:00,11855.5,11856.0,11855.5,11856.0,2.186,25917.216
2020-08-10 22:50:00,11856.0,11867.5,11855.5,11867.5,18.836,223536.23
2020-08-10 22:51:00,11867.5,11867.5,11856.0,11860.5,4.763,56491.5615
2020-08-10 22:52:00,11860.5,11862.0,11860.5,11861.5,3.405,40388.4075
2020-08-10 22:53:00,11861.5,11862.0,11861.5,11862.0,0.728,8635.536
2020-08-10 22:54:00,11862.0,11863.0,11861.5,11862.5,0.67,7947.875
2020-08-10 22:55:00,11862.5,11866.5,11862.5,11866.5,2.128,25251.912
2020-08-10 22:56:00,11866.5,11869.5,11866.5,11868.0,1.618,19202.424
2020-08-10 22:57:00,11868.0,11869.0,11868.0,11868.5,2.238,26561.703
2020-08-10 22:58:00,11868.5,11868.5,11868.5,11868.5,1.352,16046.212
2020-08-10 22:59:00,11868.5,11869.0,11868.5,11869.0,0.05,593.45
2020-08-10 23:00:00,11869.0,11869.0,11864.5,11864.5,0.736,8732.272
2020-08-10 23:01:00,11864.5,11864.5,11860.0,11860.0,5.482,65016.52
2020-08-10 23:02:00,11860.0,11861.0,11856.5,11861.0,4.411,52318.871
2020-08-10 23:03:00,11861.0,11867.0,11861.0,11867.0,3.088,36645.296
2020-08-10 23:04:00,11867.0,11867.0,11866.5,11866.5,3.175,37676.1375
2020-08-10 23:05:00,11866.5,11867.0,11866.5,11867.0,0.1,1186.7
2020-08-10 23:06:00,11867.0,11874.0,11867.0,11874.0,9.516,112992.984
2020-08-10 23:07:00,11874.0,11875.0,11872.5,11873.0,0.962,11421.826
2020-08-10 23:08:00,11873.0,11873.0,11872.5,11873.0,0.15,1780.95
2020-08-10 23:09:00,11873.0,11873.0,11850.5,11850.5,5.39,63874.195
2020-08-10 23:10:00,11850.5,11855.0,11850.5,11851.5,4.8,56887.2
2020-08-10 23:11:00,11851.5,11854.0,11850.0,11850.0,0.737,8733.45
2020-08-10 23:12:00,11850.0,11850.5,11850.0,11850.0,0.291,3448.35
2020-08-10 23:13:00,11850.0,11854.5,11850.0,11854.0,6.614,78402.356
2020-08-10 23:14:00,11854.0,11856.0,11854.0,11856.0,43.529,516079.824
2020-08-10 23:15:00,11856.0,11865.0,11855.5,11865.0,8.691,103118.715
2020-08-10 23:16:00,11865.0,11885.5,11865.0,11884.0,29.128,346157.152
2020-08-10 23:17:00,11884.0,11885.0,11883.5,11885.0,11.401,135500.885
2020-08-10 23:18:00,11885.0,11888.0,11885.0,11888.0,35.448,421405.824
2020-08-10 23:19:00,11888.0,11892.5,11888.0,11891.5,39.071,464612.7965
2020-08-10 23:20:00,11891.5,11892.0,11891.5,11892.0,3.204,38101.968
2020-08-10 23:21:00,11892.0,11892.0,11891.5,11892.0,1.845,21940.74
2020-08-10 23:22:00,11892.0,11897.0,11892.0,11894.0,6.247,74301.818
2020-08-10 23:23:00,11894.0,11894.0,11891.5,11891.5,3.84,45663.36
2020-08-10 23:24:00,11891.5,11891.5,11886.5,11887.5,35.125,417548.4375
2020-08-10 23:25:00,11887.5,11887.5,11884.0,11884.0,0.575,6833.3
2020-08-10 23:26:00,11884.0,11890.0,11884.0,11884.0,5.74,68214.16
2020-08-10 23:27:00,11884.0,11884.5,11883.5,11884.5,35.786,425298.717
2020-08-10 23:28:00,11884.5,11884.5,11880.0,11880.0,7.005,83219.4
2020-08-10 23:29:00,11880.0,11884.0,11880.0,11884.0,4.013,47690.492
2020-08-10 23:30:00,11884.0,11884.0,11883.5,11883.5,0.004,47.534
2020-08-10 23:31:00,11883.5,11890.0,11883.5,11890.0,1.708,20308.12
2020-08-10 23:32:00,11890.0,11890.5,11890.0,11890.5,1.784,21212.652
2020-08-10 23:33:00,11890.5,11890.5,11890.0,11890.5,0.835,9928.5675
2020-08-10 23:34:00,11890.5,11894.5,11890.0,11890.0,6.242,74217.38
2020-08-10 23:35:00,11890.0,11890.0,11886.0,11886.0,2.508,29810.088
2020-08-10 23:36:00,11886.0,11887.0,11885.5,11887.0,3.721,44231.527
2020-08-10 23:37:00,11887.0,11887.0,11875.0,11875.0,0.867,10295.625
2020-08-10 23:38:00,11875.0,11879.5,11872.0,11879.5,1.326,15752.217
2020-08-10 23:39:00,11879.5,11879.5,11879.5,11879.5,0.239,2839.2005
2020-08-10 23:40:00,11879.5,11879.5,11877.0,11877.0,1.633,19395.141
2020-08-10 23:41:00,11877.0,11877.5,11877.0,11877.0,2.828,33588.156
2020-08-10 23:42:00,11877.0,11877.5,11875.0,11875.0,1.616,19190.0
2020-08-10 23:43:00,11875.0,11875.0,11875.0,11875.0,0.028,332.5
2020-08-10 23:44:00,11875.0,11881.0,11875.0,11881.0,1.294,15374.014
2020-08-10 23:45:00,11881.0,11900.0,11881.0,11895.5,72.585,863434.8675
2020-08-10 23:46:00,11895.5,11898.0,11891.5,11891.5,7.763,92313.7145
2020-08-10 23:47:00,11891.5,11895.0,11891.0,11895.0,1.148,13655.46
2020-08-10 23:48:00,11895.0,11897.0,11895.0,11897.0,2.448,29123.856
2020-08-10 23:49:00,11897.0,11904.5,11897.0,11904.5,36.573,435383.2785
2020-08-10 23:50:00,11904.5,11904.5,11899.5,11900.0,5.253,62510.7
2020-08-10 23:51:00,11900.0,11900.0,11899.5,11899.5,0.958,11399.721
2020-08-10 23:52:00,11899.5,11900.0,11899.5,11899.5,0.002,23.799
2020-08-10 23:53:00,11899.5,11901.0,11899.5,11900.5,6.596,78495.698
2020-08-10 23:54:00,11900.5,11901.0,11900.5,11900.5,0.015,178.5075
2020-08-10 23:55:00,11900.5,11901.0,11892.0,11892.0,0.776,9228.192
2020-08-10 23:56:00,11892.0,11892.0,11890.0,11890.0,37.486,445708.54
2020-08-10 23:57:00,11890.0,11890.0,11884.0,11884.5,21.041,250061.7645
2020-08-10 23:58:00,11884.5,11884.5,11884.5,11884.5,0.0,0.0
2020-08-10 23:59:00,11884.5,11884.5,11884.5,11884.5,0.0,0.0
2020-08-11 00:00:00,11884.5,11884.5,11883.5,11883.5,3.15,37433.025
2020-08-11 00:01:00,11883.5,11884.0,11883.0,11884.0,21.467,255113.828
2020-08-11 00:02:00,11884.0,11884.0,11884.0,11884.0,0.061,724.924
2020-08-11 00:03:00,11884.0,11884.0,11880.5,11880.5,6.571,78066.7655
2020-08-11 00:04:00,11880.5,11881.0,11880.5,11880.5,0.531,6308.5455
2020-08-11 00:05:00,11880.5,11881.0,11877.5,11877.5,1.691,20084.8525
2020-08-11 00:06:00,11877.5,11880.0,11876.5,11880.0,2.427,28832.76
2020-08-11 00:07:00,11880.0,11880.0,11880.0,11880.0,1.382,16418.16
2020-08-11 00:08:00,11880.0,11880.5,11879.0,11879.0,15.094,179301.626
2020-08-11 00:09:00,11879.0,11881.5,11879.0,11881.5,39.022,463639.893
2020-08-11 00:10:00,11881.5,11884.0,11881.0,11884.0,10.132,120408.688
2020-08-11 00:11:00,11884.0,11884.0,11883.5,11884.0,12.802,152138.968
2020-08-11 00:12:00,11884.0,11884.0,11883.5,11884.0,4.01,47654.84
2020-08-11 00:13:00,11884.0,11895.0,11884.0,11891.5,61.971,736928.1465
2020-08-11 00:14:00,11891.5,11891.5,11890.5,11890.5,6.09,72413.145
2020-08-11 00:15:00,11890.5,11890.5,11884.0,11884.0,13.112,155823.008
2020-08-11 00:16:00,11884.0,11884.5,11884.0,11884.5,0.048,570.456
2020-08-11 00:17:00,11884.5,11884.5,11884.0,11884.0,0.002,23.768
2020-08-11 00:18:00,11884.0,11884.5,11875.0,11875.0,10.697,127026.875
2020-08-11 00:19:00,11875.0,11875.5,11872.5,11872.5,1.815,21548.5875
2020-08-11 00:20:00,11872.5,11872.5,11871.0,11871.0,0.273,3240.783
2020-08-11 00:21:00,11871.0,11871.0,11870.0,11870.0,30.391,360741.17
2020-08-11 00:22:00,11870.0,11870.5,11870.0,11870.5,0.07,830.935
2020-08-11 00:23:00,11870.5,11871.0,11870.5,11871.0,0.004,47.484
2020-08-11 00:24:00,11871.0,11871.5,11871.0,11871.0,0.004,47.484
2020-08-11 00:25:00,11871.0,11871.5,11871.0,11871.5,0.086,1020.949
2020-08-11 00:26:00,11871.5,11874.5,11871.0,11874.5,1.19,14130.655
2020-08-11 00:27:00,11874.5,11878.0,11874.0,11878.0,1.626,19313.628
2020-08-11 00:28:00,11878.0,11878.0,11877.5,11877.5,1.269,15072.5475
2020-08-11 00:29:00,11877.5,11878.0,11877.5,11877.5,7.241,86004.9775
2020-08-11 00:30:00,11877.5,11877.5,11863.0,11863.0,6.821,80917.523
2020-08-11 00:31:00,11863.0,11868.0,11863.0,11868.0,0.525,6230.7
2020-08-11 00:32:00,11868.0,11868.0,11868.0,11868.0,0.62,7358.16
2020-08-11 00:33:00,11868.0,11878.0,11868.0,11878.0,3.033,36025.974
2020-08-11 00:34:00,11878.0,11878.0,11877.5,11878.0,0.928,11022.784
2020-08-11 00:35:00,11878.0,11878.0,11878.0,11878.0,0.0,0.0
2020-08-11 00:36:00,11878.0,11878.0,11874.0,11874.0,0.701,8323.674
2020-08-11 00:37:00,11874.0,11874.0,11873.5,11873.5,1.126,13369.561
2020-08-11 00:38:00,11873.5,11873.5,11873.5,11873.5,0.0,0.0
2020-08-11 00:39:00,11873.5,11874.0,11873.5,11873.5,1.1,13060.85
2020-08-11 00:40:00,11873.5,11880.0,11873.5,11880.0,2.29,27205.2
2020-08-11 00:41:00,11880.0,11891.0,11880.0,11891.0,9.222,109658.802
2020-08-11 00:42:00,11891.0,11891.0,11885.5,11885.5,13.941,165695.7555
2020-08-11 00:43:00,11885.5,11885.5,11882.0,11882.5,2.942,34958.315
2020-08-11 00:44:00,11882.5,11884.5,11882.0,11884.5,3.392,40312.224
2020-08-11 00:45:00,11884.5,11884.5,11866.0,11870.0,21.113,250611.31
2020-08-11 00:46:00,11870.0,11870.0,11869.5,11870.0,0.514,6101.18
2020-08-11 00:47:00,11870.0,11870.0,11862.5,11865.5,24.118,286172.129
2020-08-11 00:48:00,11865.5,11867.5,11865.5,11867.5,1.006,11938.705
2020-08-11 00:49:00,11867.5,11868.0,11867.5,11867.5,2.423,28754.9525
2020-08-11 00:50:00,11867.5,11868.0,11867.5,11867.5,2.904,34463.22
2020-08-11 00:51:00,11867.5,11868.0,11857.0,11861.0,2.462,29201.782
2020-08-11 00:52:00,11861.0,11877.0,11861.0,11877.0,4.223,50156.571
2020-08-11 00:53:00,11877.0,11878.0,11875.0,11875.0,1.259,14950.625
2020-08-11 00:54:00,11875.0,11875.0,11868.0,11868.0,0.159,1887.012
2020-08-11 00:55:00,11868.0,11868.0,11862.0,11864.5,0.963,11425.5135
2020-08-11 00:56:00,11864.5,11864.5,11862.5,11862.5,1.024,12147.2
2020-08-11 00:57:00,11862.5,11863.0,11862.5,11863.0,0.004,47.452
2020-08-11 00:58:00,11863.0,11866.5,11863.0,11866.5,0.074,878.121
2020-08-11 00:59:00,11866.5,11874.5,11866.5,11874.5,2.45,29092.525
2020-08-11 01:00:00,11874.5,11874.5,11862.0,11862.0,0.911,10806.282
2020-08-11 01:01:00,11862.0,11862.5,11857.5,11858.0,3.654,43329.132
2020-08-11 01:02:00,11858.0,11858.0,11850.0,11850.0,5.974,70791.9
2020-08-11 01:03:00,11850.0,11852.0,11844.0,11852.0,17.707,209863.364
2020-08-11 01:04:00,11852.0,11852.0,11851.5,11852.0,0.151,1789.652
2020-08-11 01:05:00,11852.0,11852.0,11852.0,11852.0,0.538,6376.376
2020-08-11 01:06:00,11852.0,11852.0,11852.0,11852.0,0.0,0.0
2020-08-11 01:07:00,11852.0,11852.0,11852.0,11852.0,0.0,0.0
2020-08-11 01:08:00,11852.0,11858.0,11852.0,11856.5,8.224,97507.856
2020-08-11 01:09:00,11856.5,11856.5,11845.0,11845.0,2.265,26828.925
2020-08-11 01:10:00,11845.0,11855.0,11845.0,11855.0,4.299,50964.645
2020-08-11 01:11:00,11855.0,11856.0,11851.5,11851.5,13.887,164581.7805
2020-08-11 01:12:00,11851.5,11865.0,11824.0,11865.0,148.445,1761299.925
2020-08-11 01:13:00,11865.0,11879.5,11865.0,11879.5,5.742,68212.089
2020-08-11 01:14:00,11879.5,11880.0,11874.0,11877.5,3.975,47213.0625
2020-08-11 01:15:00,11877.5,11877.5,11870.0,11870.0,3.078,36535.86
2020-08-11 01:16:00,11870.0,11874.0,11869.0,11874.0,5.048,59939.952
2020-08-11 01:17:00,11874.0,11876.0,11874.0,11876.0,0.055,653.18
2020-08-11 01:18:00,11876.0,11881.0,11876.0,11880.5,2.048,24331.264
2020-08-11 01:19:00,11880.5,11881.0,11875.5,11875.5,1.518,18027.009
2020-08-11 01:20:00,11875.5,11875.5,11869.0,11869.5,3.695,43857.8025
2020-08-11 01:21:00,11869.5,11876.0,11869.0,11876.0,0.067,795.692
2020-08-11 01:22:00,11876.0,11876.0,11870.5,11870.5,0.036,427.338
2020-08-11 01:23:00,11870.5,11870.5,11868.0,11868.5,0.266,3157.021
2020-08-11 01:24:00,11868.5,11868.5,11867.5,11868.0,2.409,28590.012
2020-08-11 01:25:00,11868.0,11868.0,11859.5,11864.0,3.442,40835.888
2020-08-11 01:26:00,11864.0,11868.5,11864.0,11868.5,1.013,12022.7905
2020-08-11 01:27:00,11868.5,11869.0,11867.0,11867.0,0.755,8959.585
2020-08-11 01:28:00,11867.0,11867.0,11862.0,11862.0,2.544,30176.928
2020-08-11 01:29:00,11862.0,11872.0,11862.0,11869.5,10.798,128166.861
2020-08-11 01:30:00,11869.5,11869.5,11854.0,11854.0,0.345,4089.63
2020-08-11 01:31:00,11854.0,11854.5,11849.5,11849.5,1.233,14610.4335
2020-08-11 01:32:00,11849.5,11856.0,11849.5,11856.0,2.014,23877.984
2020-08-11 01:33:00,11856.0,11856.5,11856.0,11856.0,1.388,16456.128
2020-08-11 01:34:00,11856.0,11857.0,11856.0,11857.0,5.632,66778.624
2020-08-11 01:35:00,11857.0,11858.0,11857.0,11857.5,4.259,50501.0925
2020-08-11 01:36:00,11857.5,11863.0,11857.5,11862.5,6.474,76797.825
2020-08-11 01:37:00,11862.5,11875.0,11862.5,11875.0,7.014,83291.25
2020-08-11 01:38:00,11875.0,11881.5,11875.0,11881.5,3.177,37747.5255
2020-08-11 01:39:00,11881.5,11882.0,11880.0,11880.0,0.274,3255.12
2020-08-11 01:40:00,11880.0,11880.5,11880.0,11880.5,0.464,5512.552
2020-08-11 01:41:00,11880.5,11880.5,11867.0,11867.0,1.407,16696.869
2020-08-11 01:42:00,11867.0,11875.5,11867.0,11875.5,1.825,21672.7875
2020-08-11 01:43:00,11875.5,11878.0,11875.0,11875.0,1.75,20781.25
2020-08-11 01:44:00,11875.0,11878.0,11872.0,11878.0,2.084,24753.752
2020-08-11 01:45:00,11878.0,11878.0,11872.5,11872.5,1.255,14899.9875
2020-08-11 01:46:00,11872.5,11873.0,11872.5,11872.5,0.602,7147.245
2020-08-11 01:47:00,11872.5,11872.5,11869.0,11869.0,0.087,1032.603
2020-08-11 01:48:00,11869.0,11869.0,11860.0,11860.0,3.33,39493.8
2020-08-11 01:49:00,11860.0,11860.5,11854.5,11855.0,6.463,76618.865
2020-08-11 01:50:00,11855.0,11858.0,11855.0,11855.5,0.498,5904.039
2020-08-11 01:51:00,11855.5,11857.5,11855.0,11857.5,0.008,94.86
2020-08-11 01:52:00,11857.5,11859.0,11856.0,11856.0,0.556,6591.936
2020-08-11 01:53:00,11856.0,11856.5,11856.0,11856.0,0.005,59.28
2020-08-11 01:54:00,11856.0,11858.0,11854.0,11858.0,1.3,15415.4
2020-08-11 01:55:00,11858.0,11859.0,11858.0,11858.5,0.102,1209.567
2020-08-11 01:56:00,11858.5,11858.5,11853.5,11854.0,4.282,50758.828
2020-08-11 01:57:00,11854.0,11854.0,11854.0,11854.0,0.0,0.0
2020-08-11 01:58:00,11854.0,11855.0,11854.0,11855.0,0.005,59.275
2020-08-11 01:59:00,11855.0,11855.5,11855.0,11855.5,0.231,2738.6205
2020-08-11 02:00:00,11855.5,11856.0,11851.0,11851.0,11.324,134200.724
2020-08-11 02:01:00,11851.0,11851.5,11851.0,11851.0,0.254,3010.154
2020-08-11 02:02:00,11851.0,11851.0,11851.0,11851.0,0.0,0.0
2020-08-11 02:03:00,11851.0,11851.0,11845.0,11845.0,10.872,128778.84
2020-08-11 02:04:00,11845.0,11846.5,11844.5,11846.5,1.723,20411.5195
2020-08-11 02:05:00,11846.5,11846.5,11842.5,11842.5,4.58,54238.65
2020-08-11 02:06:00,11842.5,11842.5,11841.5,11841.5,1.623,19218.7545
2020-08-11 02:07:00,11841.5,11841.5,11835.0,11835.0,3.104,36735.84
2020-08-11 02:08:00,11835.0,11843.0,11832.0,11843.0,52.975,627382.925
2020-08-11 02:09:00,11843.0,11845.0,11837.0,11837.5,3.654,43254.225
2020-08-11 02:10:00,11837.5,11837.5,11836.5,11836.5,1.038,12286.287
2020-08-11 02:11:00,11836.5,11836.5,11830.0,11833.0,10.312,122021.896
2020-08-11 02:12:00,11833.0,11837.0,11832.0,11832.0,3.679,43529.928
2020-08-11 02:13:00,11832.0,11832.0,11829.5,11832.0,15.533,183786.456
2020-08-11 02:14:00,11832.0,11832.0,11831.5,11832.0,1.307,15464.424
2020-08-11 02:15:00,11832.0,11838.0,11831.5,11836.5,11.315,133929.9975
2020-08-11 02:16:00,11836.5,11836.5,11834.5,11834.5,1.325,15680.7125
2020-08-11 02:17:00,11834.5,11837.0,11834.5,11837.0,23.205,274677.585
2020-08-11 02:18:00,11837.0,11839.0,11837.0,11839.0,0.814,9636.946
2020-08-11 02:19:00,11839.0,11842.0,11835.0,11835.0,32.634,386223.39
2020-08-11 02:20:00,11835.0,11835.0,11792.0,11792.0,131.705,1553065.36
2020-08-11 02:21:00,11792.0,11806.0,11787.0,11806.0,142.211,1678943.066
2020-08-11 02:22:00,11806.0,11825.5,11806.0,11825.5,17.99,212740.745
2020-08-11 02:23:00,11825.5,11825.5,11813.0,11825.0,33.853,400311.725
2020-08-11 02:24:00,11825.0,11831.0,11824.5,11831.0,23.727,280714.137
2020-08-11 02:25:00,11831.0,11835.0,11831.0,11831.0,0.465,5501.415
2020-08-11 02:26:00,11831.0,11839.0,11830.5,11839.0,35.335,418331.065
2020-08-11 02:27:00,11839.0,11852.5,11839.0,11852.5,37.133,440118.8825
2020-08-11 02:28:00,11852.5,11857.0,11852.5,11857.0,8.502,100808.214
2020-08-11 02:29:00,11857.0,11858.0,11856.0,11856.0,6.506,77135.136
2020-08-11 02:30:00,11856.0,11856.0,11852.0,11852.0,4.279,50714.708
2020-08-11 02:31:00,11852.0,11854.0,11852.0,11854.0,2.101,24905.254
2020-08-11 02:32:00,11854.0,11854.0,11852.0,11852.0,12.901,152902.652
2020-08-11 02:33:00,11852.0,11852.5,11841.5,11851.0,41.635,493416.385
2020-08-11 02:34:00,11851.0,11854.5,11850.5,11854.5,3.406,40376.427
2020-08-11 02:35:00,11854.5,11854.5,11854.0,11854.5,1.075,12743.5875
2020-08-11 02:36:00,11854.5,11854.5,11837.0,11837.0,9.431,111634.747
2020-08-11 02:37:00,11837.0,11837.5,11836.0,11836.0,1.813,21458.668
2020-08-11 02:38:00,11836.0,11836.0,11827.5,11828.0,4.125,48790.5
2020-08-11 02:39:00,11828.0,11828.0,11817.5,11817.5,8.347,98640.6725
2020-08-11 02:40:00,11817.5,11830.0,11817.0,11830.0,41.843,495002.69
2020-08-11 02:41:00,11830.0,11830.0,11818.5,11819.0,6.156,72757.764
2020-08-11 02:42:00,11819.0,11819.0,11802.0,11812.5,8.235,97275.9375
2020-08-11 02:43:00,11812.5,11818.5,11812.5,11818.5,6.142,72589.227
2020-08-11 02:44:00,11818.5,11819.0,11806.5,11806.5,5.966,70437.579
2020-08-11 02:45:00,11806.5,11807.0,11800.5,11800.5,16.515,194885.2575
2020-08-11 02:46:00,11800.5,11801.5,11800.5,11801.5,1.05,12391.575
2020-08-11 02:47:00,11801.5,11801.5,11801.0,11801.0,1.542,18197.142
2020-08-11 02:48:00,11801.0,11801.0,11801.0,11801.0,0.0,0.0
2020-08-11 02:49:00,11801.0,11802.5,11801.0,11802.5,8.805,103921.0125
2020-08-11 02:50:00,11802.5,11808.0,11802.0,11808.0,3.583,42308.064
2020-08-11 02:51:00,11808.0,11819.5,11807.5,11819.5,5.449,64404.4555
2020-08-11 02:52:00,11819.5,11830.0,11819.5,11827.0,14.76,174566.52
2020-08-11 02:53:00,11827.0,11827.0,11825.0,11825.0,11.471,135644.575
2020-08-11 02:54:00,11825.0,11825.0,11823.5,11824.0,3.959,46811.216
2020-08-11 02:55:00,11824.0,11824.0,11817.5,11818.0,15.397,181961.746
2020-08-11 02:56:00,11818.0,11818.0,11818.0,11818.0,0.0,0.0
2020-08-11 02:57:00,11818.0,11819.5,11815.0,11815.0,2.924,34547.06
2020-08-11 02:58:00,11815.0,11815.0,11814.0,11814.5,2.229,26334.5205
2020-08-11 02:59:00,11814.5,11814.5,11813.5,11813.5,1.512,17862.012
2020-08-11 03:00:00,11813.5,11813.5,11805.5,11805.5,2.143,25299.1865
2020-08-11 03:01:00,11805.5,11805.5,11803.5,11803.5,0.035,413.1225
2020-08-11 03:02:00,11803.5,11811.5,11803.5,11811.5,3.775,44588.4125
2020-08-11 03:03:00,11811.5,11812.0,11811.5,11812.0,0.14,1653.68
2020-08-11 03:04:00,11812.0,11826.5,11811.5,11826.5,6.399,75677.7735
2020-08-11 03:05:00,11826.5,11826.5,11816.0,11816.0,9.377,110798.632
2020-08-11 03:06:00,11816.0,11825.0,11814.5,11825.0,0.707,8360.275
2020-08-11 03:07:00,11825.0,11825.0,11824.5,11825.0,4.005,47359.125
2020-08-11 03:08:00,11825.0,11826.5,11825.0,11826.5,67.56,798998.34
2020-08-11 03:09:00,11826.5,11826.5,11826.0,11826.5,0.116,1371.874
2020-08-11 03:10:00,11826.5,11826.5,11820.0,11820.0,0.962,11370.84
2020-08-11 03:11:00,11820.0,11820.0,11816.0,11816.0,1.622,19165.552
2020-08-11 03:12:00,11816.0,11816.0,11815.5,11815.5,0.03,354.465
2020-08-11 03:13:00,11815.5,11816.0,11815.5,11815.5,0.168,1985.004
2020-08-11 03:14:00,11815.5,11816.0,11811.5,11811.5,5.209,61526.1035
2020-08-11 03:15:00,11811.5,11811.5,11804.0,11805.5,19.733,232957.9315
2020-08-11 03:16:00,11805.5,11816.5,11805.5,11816.5,67.334,795652.211
2020-08-11 03:17:00,11816.5,11817.0,11816.5,11817.0,1.355,16012.035
2020-08-11 03:18:00,11817.0,11817.0,11815.5,11816.0,8.039,94988.824
2020-08-11 03:19:00,11816.0,11816.0,11816.0,11816.0,0.027,319.032
2020-08-11 03:20:00,11816.0,11823.0,11815.5,11823.0,37.209,439922.007
2020-08-11 03:21:00,11823.0,11824.5,11822.5,11824.5,1.84,21757.08
2020-08-11 03:22:00,11824.5,11832.0,11824.5,11831.5,12.085,142983.6775
2020-08-11 03:23:00,11831.5,11832.0,11828.0,11828.0,0.418,4944.104
2020-08-11 03:24:00,11828.0,11828.0,11823.0,11823.0,0.456,5391.288
2020-08-11 03:25:00,11823.0,11823.5,11822.0,11822.5,0.093,1099.4925
2020-08-11 03:26:00,11822.5,11830.0,11822.5,11830.0,4.786,56618.38
2020-08-11 03:27:00,11830.0,11831.0,11830.0,11831.0,1.675,19816.925
2020-08-11 03:28:00,11831.0,11831.0,11830.5,11831.0,0.85,10056.35
2020-08-11 03:29:00,11831.0,11834.0,11830.5,11834.0,3.978,47075.652
2020-08-11 03:30:00,11834.0,11837.0,11823.0,11823.0,10.819,127913.037
2020-08-11 03:31:00,11823.0,11823.5,11823.0,11823.5,0.282,3334.227
2020-08-11 03:32:00,11823.5,11823.5,11823.0,11823.5,3.637,43002.0695
2020-08-11 03:33:00,11823.5,11823.5,11821.5,11821.5,1.712,20238.408
2020-08-11 03:34:00,11821.5,11822.0,11821.0,11821.0,0.331,3912.751
2020-08-11 03:35:00,11821.0,11821.5,11809.5,11809.5,23.842,281562.099
2020-08-11 03:36:00,11809.5,11809.5,11780.0,11780.0,119.048,1402385.44
2020-08-11 03:37:00,11780.0,11793.0,11777.0,11793.0,94.982,1120122.726
2020-08-11 03:38:00,11793.0,11797.0,11792.5,11797.0,12.496,147415.312
2020-08-11 03:39:00,11797.0,11799.0,11797.0,11799.0,6.162,72705.438
2020-08-11 03:40:00,11799.0,11813.0,11799.0,11812.5,13.629,160992.5625
2020-08-11 03:41:00,11812.5,11815.0,11812.5,11814.5,6.481,76569.7745
2020-08-11 03:42:00,11814.5,11815.0,11803.5,11812.0,10.483,123825.196
2020-08-11 03:43:00,11812.0,11817.0,11812.0,11817.0,0.921,10883.457
2020-08-11 03:44:00,11817.0,11817.0,11816.5,11817.0,0.134,1583.478
2020-08-11 03:45:00,11817.0,11817.0,11810.5,11810.5,1.107,13074.2235
2020-08-11 03:46:00,11810.5,11816.5,11810.0,11816.5,6.247,73817.6755
2020-08-11 03:47:00,11816.5,11816.5,11799.5,11799.5,2.028,23929.386
2020-08-11 03:48:00,11799.5,11799.5,11790.0,11790.5,0.97,11436.785
2020-08-11 03:49:00,11790.5,11798.5,11790.0,11798.5,1.479,17449.9815
2020-08-11 03:50:00,11798.5,11798.5,11790.0,11790.5,1.611,18994.4955
2020-08-11 03:51:00,11790.5,11803.0,11790.0,11803.0,8.509,100431.727
2020-08-11 03:52:00,11803.0,11819.5,11803.0,11819.5,2.481,29324.1795
2020-08-11 03:53:00,11819.5,11819.5,11814.5,11818.0,1.716,20279.688
2020-08-11 03:54:00,11818.0,11820.0,11818.0,11819.5,2.585,30553.4075
2020-08-11 03:55:00,11819.5,11820.0,11819.5,11819.5,1.18,13947.01
2020-08-11 03:56:00,11819.5,11826.5,11819.5,11826.5,6.856,81082.484
2020-08-11 03:57:00,11826.5,11828.0,11819.5,11819.5,4.441,52490.3995
2020-08-11 03:58:00,11819.5,11820.0,11814.5,11814.5,1.552,18336.104
2020-08-11 03:59:00,11814.5,11814.5,11813.5,11813.5,7.897,93291.2095
2020-08-11 04:00:00,11813.5,11813.5,11809.0,11809.0,3.911,46184.999
2020-08-11 04:01:00,11809.0,11812.0,11809.0,11811.5,2.666,31489.459
2020-08-11 04:02:00,11811.5,11816.0,11811.5,11815.5,2.502,29562.381
2020-08-11 04:03:00,11815.5,11819.0,11815.5,11819.0,3.373,39865.487
2020-08-11 04:04:00,11819.0,11819.0,11818.5,11819.0,2.54,30020.26
2020-08-11 04:05:00,11819.0,11819.0,11819.0,11819.0,1.019,12043.561
2020-08-11 04:06:00,11819.0,11819.0,11819.0,11819.0,0.0,0.0
2020-08-11 04:07:00,11819.0,11819.0,11819.0,11819.0,2.024,23921.656
2020-08-11 04:08:00,11819.0,11819.0,11816.0,11816.0,1.109,13103.944
2020-08-11 04:09:00,11816.0,11821.5,11816.0,11821.0,4.726,55866.046
2020-08-11 04:10:00,11821.0,11821.0,11813.0,11813.0,1.016,12002.008
2020-08-11 04:11:00,11813.0,11813.5,11813.0,11813.5,0.006,70.881
2020-08-11 04:12:00,11813.5,11826.5,11813.5,11826.5,22.445,265445.7925
2020-08-11 04:13:00,11826.5,11829.5,11826.5,11827.5,1.836,21715.29
2020-08-11 04:14:00,11827.5,11827.5,11825.5,11826.0,0.002,23.652
2020-08-11 04:15:00,11826.0,11826.0,11822.5,11822.5,5.117,60495.7325
2020-08-11 04:16:00,11822.5,11822.5,11816.0,11816.0,1.865,22036.84
2020-08-11 04:17:00,11816.0,11816.0,11813.0,11813.5,0.351,4146.5385
2020-08-11 04:18:00,11813.5,11813.5,11807.0,11807.5,0.927,10945.5525
2020-08-11 04:19:00,11807.5,11807.5,11807.5,11807.5,4.569,53948.4675
2020-08-11 04:20:00,11807.5,11807.5,11807.0,11807.0,0.104,1227.928
2020-08-11 04:21:00,11807.0,11807.5,11807.0,11807.5,0.224,2644.88
2020-08-11 04:22:00,11807.5,11807.5,11807.0,11807.5,0.502,5927.365
2020-08-11 04:23:00,11807.5,11807.5,11807.5,11807.5,0.016,188.92
2020-08-11 04:24:00,11807.5,11808.0,11807.0,11807.5,1.666,19671.295
2020-08-11 04:25:00,11807.5,11808.0,11807.5,11807.5,0.003,35.4225
2020-08-11 04:26:00,11807.5,11810.0,11807.5,11810.0,5.035,59463.35
2020-08-11 04:27:00,11810.0,11815.5,11810.0,11815.5,0.425,5021.5875
2020-08-11 04:28:00,11815.5,11818.5,11815.5,11818.5,2.004,23684.274
2020-08-11 04:29:00,11818.5,11821.0,11818.5,11821.0,0.606,7163.526
2020-08-11 04:30:00,11821.0,11821.5,11821.0,11821.0,0.004,47.284
2020-08-11 04:31:00,11821.0,11821.5,11821.0,11821.5,0.355,4196.6325
2020-08-11 04:32:00,11821.5,11821.5,11821.0,11821.0,3.959,46799.339
2020-08-11 04:33:00,11821.0,11821.0,11806.5,11806.5,2.394,28264.761
2020-08-11 04:34:00,11806.5,11807.0,11806.5,11806.5,0.102,1204.263
2020-08-11 04:35:00,11806.5,11807.0,11806.5,11807.0,0.6,7084.2
2020-08-11 04:36:00,11807.0,11807.0,11806.5,11806.5,0.014,165.291
2020-08-11 04:37:00,11806.5,11810.0,11806.5,11810.0,0.164,1936.84
2020-08-11 04:38:00,11810.0,11817.0,11810.0,11817.0,0.361,4265.937
2020-08-11 04:39:00,11817.0,11818.0,11814.0,11814.0,0.521,6155.094
2020-08-11 04:40:00,11814.0,11814.0,11813.5,11814.0,0.777,9179.478
2020-08-11 04:41:00,11814.0,11818.0,11814.0,11818.0,1.0,11818.0
2020-08-11 04:42:00,11818.0,11825.0,11817.5,11825.0,4.485,53035.125
2020-08-11 04:43:00,11825.0,11833.0,11825.0,11833.0,4.189,49568.437
2020-08-11 04:44:00,11833.0,11833.0,11832.5,11833.0,1.404,16613.532
2020-08-11 04:45:00,11833.0,11837.0,11833.0,11837.0,3.231,38245.347
2020-08-11 04:46:00,11837.0,11845.0,11837.0,11845.0,37.568,444992.96
2020-08-11 04:47:00,11845.0,11849.5,11845.0,11846.0,14.526,172074.996
2020-08-11 04:48:00,11846.0,11846.0,11845.5,11845.5,1.232,14593.656
2020-08-11 04:49:00,11845.5,11847.5,11845.5,11847.5,1.485,17593.5375
2020-08-11 04:50:00,11847.5,11848.0,11837.5,11837.5,6.77,80139.875
2020-08-11 04:51:00,11837.5,11845.5,11837.0,11845.5,13.343,158054.5065
2020-08-11 04:52:00,11845.5,11846.0,11844.5,11845.0,4.314,51099.33
2020-08-11 04:53:00,11845.0,11847.0,11844.5,11847.0,0.504,5970.888
2020-08-11 04:54:00,11847.0,11856.5,11846.5,11856.5,6.954,82450.101
2020-08-11 04:55:00,11856.5,11857.0,11856.0,11856.0,1.265,14997.84
2020-08-11 04:56:00,11856.0,11856.5,11856.0,11856.5,0.62,7351.03
2020-08-11 04:57:00,11856.5,11856.5,11855.5,11855.5,1.561,18506.4355
2020-08-11 04:58:00,11855.5,11855.5,11854.5,11854.5,7.213,85506.5085
2020-08-11 04:59:00,11854.5,11857.5,11854.5,11857.5,2.486,29477.745
2020-08-11 05:00:00,11857.5,11859.5,11857.5,11859.0,1.689,20029.851
2020-08-11 05:01:00,11859.0,11859.5,11855.5,11855.5,33.639,398807.1645
2020-08-11 05:02:00,11855.5,11856.0,11855.5,11856.0,0.1,1185.6
2020-08-11 05:03:00,11856.0,11856.0,11846.5,11854.0,21.391,253568.914
2020-08-11 05:04:00,11854.0,11854.0,11850.5,11852.0,0.453,5368.956
2020-08-11 05:05:00,11852.0,11852.0,11851.5,11851.5,0.899,10654.4985
2020-08-11 05:06:00,11851.5,11859.5,11851.5,11859.5,8.039,95338.5205
2020-08-11 05:07:00,11859.5,11866.5,11859.5,11866.5,30.238,358819.227
2020-08-11 05:08:00,11866.5,11866.5,11864.5,11864.5,4.037,47896.9865
2020-08-11 05:09:00,11864.5,11864.5,11864.0,11864.5,3.344,39674.888
2020-08-11 05:10:00,11864.5,11864.5,11858.5,11858.5,1.228,14562.238
2020-08-11 05:11:00,11858.5,11858.5,11855.5,11855.5,5.266,62431.063
2020-08-11 05:12:00,11855.5,11860.0,11855.5,11860.0,0.996,11812.56
2020-08-11 05:13:00,11860.0,11861.0,11860.0,11861.0,0.522,6191.442
2020-08-11 05:14:00,11861.0,11862.0,11860.5,11862.0,0.118,1399.716
2020-08-11 05:15:00,11862.0,11865.0,11862.0,11865.0,0.976,11580.24
2020-08-11 05:16:00,11865.0,11865.0,11864.5,11864.5,0.54,6406.83
2020-08-11 05:17:00,11864.5,11865.0,11864.5,11864.5,3.799,45073.2355
2020-08-11 05:18:00,11864.5,11865.0,11864.5,11864.5,4.169,49463.1005
2020-08-11 05:19:00,11864.5,11864.5,11864.5,11864.5,1.353,16052.6685
2020-08-11 05:20:00,11864.5,11865.0,11864.5,11864.5,2.192,26006.984
2020-08-11 05:21:00,11864.5,11865.0,11864.5,11864.5,0.132,1566.114
2020-08-11 05:22:00,11864.5,11865.0,11864.5,11864.5,0.351,4164.4395
2020-08-11 05:23:00,11864.5,11864.5,11864.5,11864.5,1.363,16171.3135
2020-08-11 05:24:00,11864.5,11870.0,11864.5,11870.0,1.792,21271.04
2020-08-11 05:25:00,11870.0,11871.5,11869.5,11871.5,0.73,8666.195
2020-08-11 05:26:00,11871.5,11880.5,11871.0,11880.5,9.9,117616.95
2020-08-11 05:27:00,11880.5,11880.5,11878.0,11878.5,4.421,52514.8485
2020-08-11 05:28:00,11878.5,11887.5,11878.5,11887.5,5.379,63942.8625
2020-08-11 05:29:00,11887.5,11891.5,11887.0,11891.0,2.497,29691.827
2020-08-11 05:30:00,11891.0,11891.5,11884.0,11889.5,33.258,395420.991
2020-08-11 05:31:00,11889.5,11892.0,11889.5,11891.5,2.886,34318.869
2020-08-11 05:32:00,11891.5,11908.5,11891.5,11908.5,23.534,280254.639
2020-08-11 05:33:00,11908.5,11910.5,11908.5,11910.5,1.802,21462.721
2020-08-11 05:34:00,11910.5,11911.5,11894.5,11899.5,15.595,185572.7025
2020-08-11 05:35:00,11899.5,11901.0,11892.0,11892.0,2.394,28469.448
2020-08-11 05:36:00,11892.0,11892.0,11884.5,11889.5,10.512,124982.424
2020-08-11 05:37:00,11889.5,11889.5,11883.5,11885.0,33.588,399193.38
2020-08-11 05:38:00,11885.0,11885.0,11868.5,11871.5,21.308,252957.922
2020-08-11 05:39:00,11871.5,11877.0,11871.5,11877.0,1.224,14537.448
2020-08-11 05:40:00,11877.0,11878.0,11874.0,11874.0,25.504,302834.496
2020-08-11 05:41:00,11874.0,11877.5,11873.0,11877.5,30.668,364259.17
2020-08-11 05:42:00,11877.5,11878.0,11874.0,11874.0,10.325,122599.05
2020-08-11 05:43:00,11874.0,11874.0,11870.5,11873.0,1.642,19495.466
2020-08-11 05:44:00,11873.0,11873.5,11873.0,11873.0,0.004,47.492
2020-08-11 05:45:00,11873.0,11873.5,11866.0,11866.0,5.439,64539.174
2020-08-11 05:46:00,11866.0,11881.0,11866.0,11878.0,7.79,92529.62
2020-08-11 05:47:00,11878.0,11878.0,11878.0,11878.0,0.0,0.0
2020-08-11 05:48:00,11878.0,11878.0,11866.0,11866.0,4.119,48876.054
2020-08-11 05:49:00,11866.0,11866.0,11865.0,11865.5,0.815,9670.3825
2020-08-11 05:50:00,11865.5,11866.0,11865.5,11865.5,1.519,18023.6945
2020-08-11 05:51:00,11865.5,11868.0,11865.5,11868.0,0.066,783.288
2020-08-11 05:52:00,11868.0,11868.0,11862.0,11862.5,5.152,61115.6
2020-08-11 05:53:00,11862.5,11869.5,11862.0,11869.5,5.425,64392.0375
2020-08-11 05:54:00,11869.5,11870.0,11867.5,11867.5,1.721,20423.9675
2020-08-11 05:55:00,11867.5,11867.5,11866.0,11866.5,0.797,9457.6005
2020-08-11 05:56:00,11866.5,11868.0,11866.0,11868.0,1.775,21065.7
2020-08-11 05:57:00,11868.0,11870.0,11868.0,11870.0,4.835,57391.45
2020-08-11 05:58:00,11870.0,11883.5,11870.0,11883.5,37.818,449410.203
2020-08-11 05:59:00,11883.5,11883.5,11880.5,11883.5,0.7,8318.45
2020-08-11 06:00:00,11883.5,11884.0,11883.5,11883.5,0.158,1877.593
2020-08-11 06:01:00,11883.5,11884.0,11881.5,11882.0,5.017,59611.994
2020-08-11 06:02:00,11882.0,11882.0,11880.0,11880.0,5.076,60302.88
2020-08-11 06:03:00,11880.0,11880.0,11880.0,11880.0,3.261,38740.68
2020-08-11 06:04:00,11880.0,11880.0,11879.5,11880.0,0.034,403.92
2020-08-11 06:05:00,11880.0,11880.5,11880.0,11880.5,21.409,254349.6245
2020-08-11 06:06:00,11880.5,11888.0,11880.0,11887.5,5.929,70480.9875
2020-08-11 06:07:00,11887.5,11888.0,11887.0,11887.0,4.706,55940.222
2020-08-11 06:08:00,11887.0,11887.0,11886.0,11886.0,0.762,9057.132
2020-08-11 06:09:00,11886.0,11886.0,11884.0,11884.0,0.004,47.536
2020-08-11 06:10:00,11884.0,11884.5,11873.0,11873.0,13.235,157139.155
2020-08-11 06:11:00,11873.0,11873.5,11873.0,11873.0,0.202,2398.346
2020-08-11 06:12:00,11873.0,11873.0,11873.0,11873.0,0.0,0.0
2020-08-11 06:13:00,11873.0,11873.5,11873.0,11873.0,0.002,23.746
2020-08-11 06:14:00,11873.0,11873.5,11873.0,11873.5,0.502,5960.497
2020-08-11 06:15:00,11873.5,11873.5,11873.0,11873.5,0.002,23.747
2020-08-11 06:16:00,11873.5,11873.5,11873.0,11873.0,0.602,7147.546
2020-08-11 06:17:00,11873.0,11873.0,11870.5,11870.5,7.87,93420.835
2020-08-11 06:18:00,11870.5,11871.0,11870.5,11870.5,3.399,40347.8295
2020-08-11 06:19:00,11870.5,11870.5,11861.0,11861.0,9.968,118230.448
2020-08-11 06:20:00,11861.0,11863.5,11860.5,11863.5,1.834,21757.659
2020-08-11 06:21:00,11863.5,11865.5,11863.5,11865.5,1.559,18498.3145
2020-08-11 06:22:00,11865.5,11866.0,11865.5,11865.5,9.97,118299.035
2020-08-11 06:23:00,11865.5,11865.5,11865.5,11865.5,0.0,0.0
2020-08-11 06:24:00,11865.5,11865.5,11863.0,11863.0,7.01,83159.63
2020-08-11 06:25:00,11863.0,11875.5,11863.0,11875.5,11.954,141959.727
2020-08-11 06:26:00,11875.5,11876.0,11875.5,11876.0,3.829,45473.204
2020-08-11 06:27:00,11876.0,11876.0,11873.0,11873.0,1.234,14651.282
2020-08-11 06:28:00,11873.0,11873.0,11872.5,11872.5,0.052,617.37
2020-08-11 06:29:00,11872.5,11872.5,11872.5,11872.5,0.0,0.0
2020-08-11 06:30:00,11872.5,11875.0,11872.5,11874.5,7.089,84178.3305
2020-08-11 06:31:00,11874.5,11875.0,11874.5,11875.0,0.582,6911.25
2020-08-11 06:32:00,11875.0,11875.0,11874.5,11874.5,24.318,288764.091
2020-08-11 06:33:00,11874.5,11875.0,11868.0,11868.0,11.76,139567.68
2020-08-11 06:34:00,11868.0,11868.0,11862.5,11862.5,2.063,24472.3375
2020-08-11 06:35:00,11862.5,11863.0,11862.5,11862.5,2.09,24792.625
2020-08-11 06:36:00,11862.5,11863.0,11862.0,11862.0,0.502,5954.724
2020-08-11 06:37:00,11862.0,11863.5,11860.5,11863.5,0.334,3962.409
2020-08-11 06:38:00,11863.5,11864.0,11863.5,11863.5,0.28,3321.78
2020-08-11 06:39:00,11863.5,11863.5,11863.5,11863.5,0.0,0.0
2020-08-11 06:40:00,11863.5,11864.0,11863.5,11864.0,0.004,47.456
2020-08-11 06:41:00,11864.0,11864.0,11863.5,11863.5,2.037,24165.9495
2020-08-11 06:42:00,11863.5,11866.0,11863.5,11866.0,0.937,11118.442
2020-08-11 06:43:00,11866.0,11866.0,11865.5,11866.0,2.452,29095.432
2020-08-11 06:44:00,11866.0,11874.0,11865.5,11873.5,1.974,23438.289
2020-08-11 06:45:00,11873.5,11875.5,11873.5,11875.5,3.428,40709.214
2020-08-11 06:46:00,11875.5,11875.5,11875.0,11875.5,0.202,2398.851
2020-08-11 06:47:00,11875.5,11883.5,11875.5,11883.5,3.405,40463.3175
2020-08-11 06:48:00,11883.5,11889.5,11883.5,11889.5,3.203,38082.0685
2020-08-11 06:49:00,11889.5,11895.0,11889.5,11894.5,4.769,56724.8705
2020-08-11 06:50:00,11894.5,11898.5,11894.5,11898.5,1.687,20072.7695
2020-08-11 06:51:00,11898.5,11898.5,11898.0,11898.0,0.409,4866.282
2020-08-11 06:52:00,11898.0,11898.0,11895.5,11895.5,3.145,37411.3475
2020-08-11 06:53:00,11895.5,11896.0,11890.5,11890.5,1.599,19012.9095
2020-08-11 06:54:00,11890.5,11890.5,11888.0,11889.5,10.557,125517.4515
2020-08-11 06:55:00,11889.5,11890.0,11889.5,11889.5,1.981,23553.0995
2020-08-11 06:56:00,11889.5,11890.0,11889.5,11889.5,15.484,184097.018
2020-08-11 06:57:00,11889.5,11896.5,11889.5,11896.5,36.855,438445.5075
2020-08-11 06:58:00,11896.5,11897.0,11896.5,11897.0,0.014,166.558
2020-08-11 06:59:00,11897.0,11898.0,11897.0,11897.5,2.371,28208.9725
2020-08-11 07:00:00,11897.5,11898.5,11897.5,11898.5,3.479,41394.8815
2020-08-11 07:01:00,11898.5,11905.0,11898.5,11905.0,8.026,95549.53
2020-08-11 07:02:00,11905.0,11907.5,11905.0,11907.5,3.848,45820.06
2020-08-11 07:03:00,11907.5,11907.5,11905.5,11906.0,2.68,31908.08
2020-08-11 07:04:00,11906.0,11918.5,11905.5,11918.5,38.27,456120.995
2020-08-11 07:05:00,11918.5,11923.0,11918.5,11922.5,8.847,105478.3575
2020-08-11 07:06:00,11922.5,11928.5,11922.5,11928.0,9.022,107614.416
2020-08-11 07:07:00,11928.0,11928.0,11927.5,11927.5,0.771,9196.1025
2020-08-11 07:08:00,11927.5,11928.0,11927.5,11927.5,1.261,15040.5775
2020-08-11 07:09:00,11927.5,11928.0,11927.5,11927.5,3.649,43523.4475
2020-08-11 07:10:00,11927.5,11928.0,11927.5,11928.0,2.389,28495.992
2020-08-11 07:11:00,11928.0,11928.5,11928.0,11928.5,0.345,4115.3325
2020-08-11 07:12:00,11928.5,11928.5,11928.0,11928.0,1.026,12238.128
2020-08-11 07:13:00,11928.0,11928.5,11922.5,11922.5,8.393,100065.5425
2020-08-11 07:14:00,11922.5,11923.0,11922.5,11922.5,2.637,31439.6325
2020-08-11 07:15:00,11922.5,11923.0,11922.5,11923.0,1.836,21890.628
2020-08-11 07:16:00,11923.0,11923.0,11914.0,11914.0,22.806,271710.684
2020-08-11 07:17:00,11914.0,11914.5,11912.5,11912.5,4.938,58823.925
2020-08-11 07:18:00,11912.5,11914.5,11912.0,11914.5,10.3,122719.35
2020-08-11 07:19:00,11914.5,11916.0,11914.5,11916.0,18.949,225796.284
2020-08-11 07:20:00,11916.0,11927.5,11916.0,11926.0,92.555,1103810.93
2020-08-11 07:21:00,11926.0,11926.5,11925.0,11926.5,54.474,649684.161
2020-08-11 07:22:00,11926.5,11927.0,11926.5,11927.0,4.435,52896.245
2020-08-11 07:23:00,11927.0,11927.0,11927.0,11927.0,1.833,21862.191
2020-08-11 07:24:00,11927.0,11927.5,11927.0,11927.0,0.004,47.708
2020-08-11 07:25:00,11927.0,11932.5,11927.0,11932.5,6.501,77573.1825
2020-08-11 07:26:00,11932.5,11934.5,11932.0,11932.0,1.749,20869.068
2020-08-11 07:27:00,11932.0,11932.0,11925.0,11925.0,7.145,85204.125
2020-08-11 07:28:00,11925.0,11931.0,11922.5,11930.5,1.875,22369.6875
2020-08-11 07:29:00,11930.5,11931.0,11930.5,11931.0,0.012,143.172
2020-08-11 07:30:00,11931.0,11933.0,11931.0,11933.0,5.365,64020.545
2020-08-11 07:31:00,11933.0,11934.0,11933.0,11934.0,0.06,716.04
2020-08-11 07:32:00,11934.0,11934.0,11905.5,11906.5,85.861,1022303.9965
2020-08-11 07:33:00,11906.5,11920.0,11906.5,11913.5,23.735,282766.9225
2020-08-11 07:34:00,11913.5,11913.5,11893.0,11896.5,110.933,1319714.4345
2020-08-11 07:35:00,11896.5,11900.0,11895.0,11900.0,10.869,129341.1
2020-08-11 07:36:00,11900.0,11900.0,11899.5,11900.0,1.845,21955.5
2020-08-11 07:37:00,11900.0,11900.0,11899.5,11900.0,0.93,11067.0
2020-08-11 07:38:00,11900.0,11900.0,11899.5,11899.5,0.29,3450.855
2020-08-11 07:39:00,11899.5,11905.5,11899.5,11903.0,28.63,340782.89
2020-08-11 07:40:00,11903.0,11903.0,11902.0,11902.5,4.037,48050.3925
2020-08-11 07:41:00,11902.5,11904.5,11902.0,11904.5,6.678,79498.251
2020-08-11 07:42:00,11904.5,11913.0,11904.5,11913.0,8.477,100986.501
2020-08-11 07:43:00,11913.0,11916.5,11913.0,11916.5,32.187,383556.3855
2020-08-11 07:44:00,11916.5,11920.0,11915.0,11915.0,2.09,24902.35
2020-08-11 07:45:00,11915.0,11915.5,11911.0,11911.0,0.743,8849.873
2020-08-11 07:46:00,11911.0,11911.5,11909.0,11909.5,2.437,29023.4515
2020-08-11 07:47:00,11909.5,11909.5,11909.5,11909.5,3.496,41635.612
2020-08-11 07:48:00,11909.5,11909.5,11909.0,11909.0,0.091,1083.719
2020-08-11 07:49:00,11909.0,11909.5,11909.0,11909.5,1.832,21818.204
2020-08-11 07:50:00,11909.5,11909.5,11909.0,11909.5,1.445,17209.2275
2020-08-11 07:51:00,11909.5,11918.5,11909.0,11918.5,8.535,101724.3975
2020-08-11 07:52:00,11918.5,11918.5,11917.0,11917.0,0.734,8747.078
2020-08-11 07:53:00,11917.0,11917.5,11911.0,11911.0,1.567,18664.537
2020-08-11 07:54:00,11911.0,11911.0,11910.0,11910.5,0.449,5347.8145
2020-08-11 07:55:00,11910.5,11910.5,11909.0,11909.5,2.063,24569.2985
2020-08-11 07:56:00,11909.5,11909.5,11906.0,11906.5,4.179,49757.2635
2020-08-11 07:57:00,11906.5,11906.5,11906.5,11906.5,3.417,40684.5105
2020-08-11 07:58:00,11906.5,11906.5,11905.0,11905.0,2.02,24048.1
2020-08-11 07:59:00,11905.0,11905.5,11905.0,11905.5,2.159,25703.9745
2020-08-11 08:00:00,11905.5,11905.5,11905.0,11905.5,1.94,23096.67
2020-08-11 08:01:00,11905.5,11905.5,11905.0,11905.5,0.473,5631.3015
2020-08-11 08:02:00,11905.5,11905.5,11904.0,11904.0,6.511,77506.944
2020-08-11 08:03:00,11904.0,11904.0,11902.0,11902.0,1.048,12473.296
2020-08-11 08:04:00,11902.0,11902.5,11901.5,11901.5,1.496,17804.644
2020-08-11 08:05:00,11901.5,11901.5,11893.0,11893.0,10.044,119453.292
2020-08-11 08:06:00,11893.0,11893.5,11893.0,11893.0,13.222,157249.246
2020-08-11 08:07:00,11893.0,11893.5,11884.0,11884.0,20.706,246070.104
2020-08-11 08:08:00,11884.0,11886.5,11883.5,11886.5,5.009,59539.4785
2020-08-11 08:09:00,11886.5,11886.5,11886.0,11886.5,1.717,20409.1205
2020-08-11 08:10:00,11886.5,11886.5,11886.0,11886.5,1.013,12041.0245
2020-08-11 08:11:00,11886.5,11886.5,11886.0,11886.5,3.21,38155.665
2020-08-11 08:12:00,11886.5,11887.0,11886.5,11886.5,7.47,88792.155
2020-08-11 08:13:00,11886.5,11887.5,11886.5,11887.5,0.74,8796.75
2020-08-11 08:14:00,11887.5,11888.0,11887.5,11888.0,0.002,23.776
2020-08-11 08:15:00,11888.0,11888.0,11887.5,11888.0,1.572,18687.936
2020-08-11 08:16:00,11888.0,11888.0,11887.5,11888.0,1.18,14027.84
2020-08-11 08:17:00,11888.0,11888.0,11887.5,11887.5,2.949,35056.2375
2020-08-11 08:18:00,11887.5,11888.0,11887.5,11888.0,4.384,52116.992
2020-08-11 08:19:00,11888.0,11890.0,11888.0,11890.0,0.001,11.89
2020-08-11 08:20:00,11890.0,11890.0,11886.0,11886.0,0.851,10114.986
2020-08-11 08:21:00,11886.0,11886.5,11884.5,11885.0,3.107,36926.695
2020-08-11 08:22:00,11885.0,11885.0,11884.5,11884.5,2.523,29984.5935
2020-08-11 08:23:00,11884.5,11884.5,11875.0,11875.0,12.394,147178.75
2020-08-11 08:24:00,11875.0,11877.0,11875.0,11877.0,2.029,24098.433
2020-08-11 08:25:00,11877.0,11878.0,11876.5,11877.5,0.301,3575.1275
2020-08-11 08:26:00,11877.5,11877.5,11875.5,11876.0,2.093,24856.468
2020-08-11 08:27:00,11876.0,11876.0,11875.5,11875.5,0.149,1769.4495
2020-08-11 08:28:00,11875.5,11877.0,11875.5,11877.0,0.001,11.877
2020-08-11 08:29:00,11877.0,11877.0,11872.0,11872.0,2.397,28457.184
2020-08-11 08:30:00,11872.0,11873.0,11854.0,11868.5,107.233,1272694.8605
2020-08-11 08:31:00,11868.5,11875.5,11868.0,11875.5,14.251,169237.7505
2020-08-11 08:32:00,11875.5,11876.0,11875.5,11875.5,0.115,1365.6825
2020-08-11 08:33:00,11875.5,11876.0,11875.5,11875.5,0.002,23.751
2020-08-11 08:34:00,11875.5,11876.0,11871.5,11871.5,1.518,18020.937
2020-08-11 08:35:00,11871.5,11876.0,11871.0,11876.0,8.151,96801.276
2020-08-11 08:36:00,11876.0,11880.0,11876.0,11880.0,2.793,33180.84
2020-08-11 08:37:00,11880.0,11880.0,11879.5,11879.5,0.004,47.518
2020-08-11 08:38:00,11879.5,11879.5,11879.5,11879.5,0.407,4834.9565
2020-08-11 08:39:00,11879.5,11880.0,11879.5,11880.0,0.395,4692.6
2020-08-11 08:40:00,11880.0,11880.0,11879.5,11880.0,1.201,14267.88
2020-08-11 08:41:00,11880.0,11880.0,11879.5,11880.0,4.57,54291.6
2020-08-11 08:42:00,11880.0,11880.0,11879.5,11880.0,3.02,35877.6
2020-08-11 08:43:00,11880.0,11880.0,11872.5,11872.5,0.571,6779.1975
2020-08-11 08:44:00,11872.5,11872.5,11870.5,11870.5,0.794,9425.177
2020-08-11 08:45:00,11870.5,11871.0,11865.5,11865.5,5.672,67301.116
2020-08-11 08:46:00,11865.5,11868.5,11865.5,11868.5,6.474,76836.669
2020-08-11 08:47:00,11868.5,11869.5,11868.5,11869.5,1.0,11869.5
2020-08-11 08:48:00,11869.5,11875.0,11869.5,11875.0,8.761,104036.875
2020-08-11 08:49:00,11875.0,11875.5,11875.0,11875.0,0.223,2648.125
2020-08-11 08:50:00,11875.0,11875.0,11872.0,11872.5,0.005,59.3625
2020-08-11 08:51:00,11872.5,11872.5,11872.0,11872.5,1.116,13249.71
2020-08-11 08:52:00,11872.5,11874.0,11872.0,11874.0,5.88,69819.12
2020-08-11 08:53:00,11874.0,11875.0,11874.0,11875.0,0.006,71.25
2020-08-11 08:54:00,11875.0,11875.0,11874.5,11875.0,1.678,19926.25
2020-08-11 08:55:00,11875.0,11875.0,11874.5,11875.0,0.091,1080.625
2020-08-11 08:56:00,11875.0,11875.0,11875.0,11875.0,2.064,24510.0
2020-08-11 08:57:00,11875.0,11875.0,11863.5,11863.5,4.251,50431.7385
2020-08-11 08:58:00,11863.5,11867.0,11863.5,11867.0,4.605,54647.535
2020-08-11 08:59:00,11867.0,11867.0,11854.5,11858.5,43.759,518916.1015
2020-08-11 09:00:00,11858.5,11859.0,11841.0,11841.0,81.642,966722.922
2020-08-11 09:01:00,11841.0,11848.0,11839.0,11845.5,21.141,250425.7155
2020-08-11 09:02:00,11845.5,11846.5,11845.5,11846.0,12.113,143490.598
2020-08-11 09:03:00,11846.0,11847.5,11846.0,11847.5,9.752,115536.82
2020-08-11 09:04:00,11847.5,11847.5,11842.0,11842.5,14.457,171207.0225
2020-08-11 09:05:00,11842.5,11842.5,11842.0,11842.5,4.264,50496.42
2020-08-11 09:06:00,11842.5,11847.0,11842.0,11847.0,5.784,68523.048
2020-08-11 09:07:00,11847.0,11847.0,11846.5,11846.5,4.251,50359.4715
2020-08-11 09:08:00,11846.5,11851.0,11846.5,11851.0,8.355,99015.105
2020-08-11 09:09:00,11851.0,11859.0,11850.5,11859.0,20.403,241959.177
2020-08-11 09:10:00,11859.0,11859.5,11854.0,11854.0,0.227,2690.858
2020-08-11 09:11:00,11854.0,11854.0,11845.0,11845.5,2.433,28820.1015
2020-08-11 09:12:00,11845.5,11845.5,11845.0,11845.0,1.628,19283.66
2020-08-11 09:13:00,11845.0,11845.0,11839.0,11839.0,20.133,238354.587
2020-08-11 09:14:00,11839.0,11839.5,11827.5,11828.0,27.338,323353.864
2020-08-11 09:15:00,11828.0,11838.0,11827.5,11838.0,7.322,86677.836
2020-08-11 09:16:00,11838.0,11838.0,11837.5,11838.0,1.285,15211.83
2020-08-11 09:17:00,11838.0,11838.0,11837.5,11838.0,3.82,45221.16
2020-08-11 09:18:00,11838.0,11838.0,11837.5,11837.5,0.432,5113.8
2020-08-11 09:19:00,11837.5,11837.5,11837.5,11837.5,0.0,0.0
