startTime,openPrice,highPrice,lowPrice,closePrice,volume,turnover
1718821800000,65054,65060.1,65034.4,65060.1,35.354,2299578.3664
1718821860000,65060.1,65077,65038.6,65038.6,11.927,775958.4551
1718821920000,65038.6,65053.8,65037,65053.7,11.865,771694.9291
1718821980000,65053.7,65053.8,65032.7,65032.8,3.638,236612.925
1718822040000,65032.8,65045.8,65032.7,65045.3,11.744,763859.6023
1718822100000,65045.3,65058.2,65042.2,65053.9,7.121,463193.5355
1718822160000,65053.9,65058.3,65039.1,65039.1,6.965,453071.5298
1718822220000,65039.1,65039.2,65020,65020.1,10.194,662949.8411
1718822280000,65020.1,65022.9,65000.1,65004.8,57.789,3756744.449
1718822340000,65004.8,65011.3,65003.5,65003.5,7.789,506323.8685
1718822400000,65003.5,65024.2,65003.5,65024.1,7.339,477101.9545
1718822460000,65024.1,65039.4,65011.3,65039.4,11.947,776890.5402
1718822520000,65039.4,65071.7,65039.3,65071.6,20.869,1357388.8265
1718822580000,65071.6,65072.2,65031.7,65034.3,42.591,2770273.5176
1718822640000,65034.3,65038.4,65019.5,65038.4,18.287,1189129.67
1718822700000,65038.4,65038.4,65003,65004.8,7.779,505723.8932
1718822760000,65004.8,65009.7,64993.2,65009.7,37.939,2466007.3608
1718822820000,65009.7,65016.3,65009.7,65010,7.533,489757.0841
1718822880000,65010,65012,65009.9,65012,1.969,128008.1469
1718822940000,65012,65019.9,65011.9,65019.9,5.237,340489.3435
1718823000000,65019.9,65043.3,65019.9,65025,9.884,642827.8777
1718823060000,65025,65025,65000.6,65019.1,3.642,236757.5274
1718823120000,65019.1,65019.1,65007.2,65011.6,2.152,139914.6303
1718823180000,65011.6,65027.8,64973.7,65009.9,107.347,6977229.2689
1718823240000,65009.9,65015.8,64985,64988.1,4.739,308026.5884
1718823300000,64988.1,64988.1,64957,64957,40.144,2608141.606
1718823360000,64957,64957,64930.3,64945.4,34.213,2221845.822
1718823420000,64945.4,64965.5,64931.7,64939.9,55.594,3610669.234
1718823480000,64939.9,64950.3,64935,64937.4,19.809,1286433.1053
1718823540000,64937.4,64949,64935,64945.7,25.126,1631777.8739
1718823600000,64945.7,64945.8,64931.6,64931.6,10.874,706115.6274
1718823660000,64931.6,64943.7,64931.6,64943.7,25.399,1649274.5708
1718823720000,64943.7,64946.7,64922.6,64928.8,35.312,2292901.709
1718823780000,64928.8,64941.8,64928.8,64931.6,9.338,606352.7747
1718823840000,64931.6,64931.6,64912.1,64918.1,96.242,6247809.7896
1718823900000,64918.1,64925.4,64918,64925.3,51.197,3323768.2963
1718823960000,64925.3,64925.4,64915.5,64915.5,11.049,717320.966
1718824020000,64915.5,64925.4,64915.2,64925.4,18.976,1231886.5627
1718824080000,64925.4,64930.1,64895,64904.8,110.583,7178301.1668
1718824140000,64904.8,64958.3,64895.5,64934.1,23.35,1515938.154
1718824200000,64934.1,64934.1,64925,64925.1,8.862,575389.7074
1718824260000,64925.1,64969.8,64925,64969.8,17.277,1122076.9774
1718824320000,64969.8,64969.8,64940,64949,12.909,838402.7066
1718824380000,64949,64949,64925,64925,14.532,943740.754
1718824440000,64925,64925.1,64895.6,64898.5,25.153,1632753.0322
1718824500000,64898.5,64912.7,64885.9,64887.9,26.533,1721903.5623
1718824560000,64887.9,64902.4,64887.9,64902.4,30.365,1970636.831
1718824620000,64902.4,64908.5,64902.3,64907.8,15.996,1038195.9911
1718824680000,64907.8,64907.8,64846.6,64857.1,232.261,15066819.7239
1718824740000,64857.1,64869.1,64845.9,64864,72.912,4728899.2223
1718824800000,64864,64864,64840.2,64840.2,18.054,1170806.1013
1718824860000,64840.2,64840.3,64833.3,64833.3,38.49,2495655.6603
1718824920000,64833.3,64833.4,64781.4,64810.9,161.86,10490111.1008
1718824980000,64810.9,64823.8,64804.1,64816,41.326,2678511.197
1718825040000,64816,64816,64802,64802.1,52.591,3408331.5708
1718825100000,64802.1,64802.1,64802,64802.1,12.799,829401.3276
1718825160000,64802.1,64847.5,64802,64846,42.818,2775473.1196
1718825220000,64846,64849.9,64828,64846.7,33.731,2187019.2099
1718825280000,64846.7,64846.7,64834,64834.1,4.059,263189.5194
1718825340000,64834.1,64834.1,64815.4,64815.4,18.97,1229785.687
1718825400000,64815.4,64815.5,64802.7,64814.1,27.84,1804230.2012
1718825460000,64814.1,64828,64804.5,64827.2,48.162,3121575.5343
1718825520000,64827.2,64857.5,64827.1,64857.4,10.698,693718.562
1718825580000,64857.4,64880,64820,64843.6,19.34,1254250.9169
1718825640000,64843.6,64857.6,64839.1,64839.2,18.121,1175147.2106
1718825700000,64839.2,64861.9,64839.1,64861.8,8.05,522030.2314
1718825760000,64861.8,64882.6,64861.8,64882.6,10.682,692999.5367
1718825820000,64882.6,64900,64882.6,64890.3,24.933,1618021.6468
1718825880000,64890.3,64890.3,64890.2,64890.2,4.561,295964.6111
1718825940000,64890.2,64890.3,64888.7,64888.8,5.007,324902.5449
1718826000000,64888.8,64895.3,64800,64808.4,249.71,16190493.2393
1718826060000,64808.4,64808.5,64756.2,64766,137.061,8879308.2136
1718826120000,64766,64778.9,64761.8,64778.9,48.53,3143205.9658
1718826180000,64778.9,64802.4,64778.8,64787.2,63.567,4118262.6474
1718826240000,64787.2,64808.1,64787.1,64808,35.443,2296497.3088
1718826300000,64808,64814.5,64786.9,64786.9,33.671,2181959.7981
1718826360000,64786.9,64791.3,64777,64777.1,28.162,1824519.5252
1718826420000,64777.1,64788,64752,64787.9,60.538,3920587.755
1718826480000,64787.9,64846,64787.9,64842.7,16.267,1054341.8009
1718826540000,64842.7,64842.7,64815.4,64834.8,13.847,897823.5883
1718826600000,64834.8,64836,64832.9,64836,6.962,451377.7099
1718826660000,64836,64860.9,64832.9,64849.5,10.169,659475.2732
1718826720000,64849.5,64869.1,64849.5,64861.3,5.725,371311.1179
1718826780000,64861.3,64861.3,64854.5,64854.6,4.079,264553.1223
1718826840000,64854.6,64867.5,64854.5,64860.9,5.562,360745.8509
1718826900000,64860.9,64866,64847.2,64847.3,4.082,264752.5436
1718826960000,64847.3,64847.3,64844.3,64844.3,2.283,148041.1667
1718827020000,64844.3,64864.8,64840,64864.7,9.496,615755.0661
1718827080000,64864.7,64881.4,64864.7,64865.5,9.931,644310.0047
1718827140000,64865.5,64865.6,64847.9,64848,2.456,159279.8734
1718827200000,64848,64883.2,64842,64883.1,31.221,2025267.0594
1718827260000,64883.1,64883.2,64869.7,64869.8,16.252,1054412.1512
1718827320000,64869.8,64873.9,64847.7,64848.3,54.381,3527196.6701
1718827380000,64848.3,64861.6,64848.2,64852.1,7.149,463625.5425
1718827440000,64852.1,64876.8,64852.1,64866.8,13.459,873032.1781
1718827500000,64866.8,64866.8,64782.1,64799.1,69.698,4517042.0373
1718827560000,64799.1,64828.8,64794,64810.4,18.033,1168656.6832
1718827620000,64810.4,64826.8,64810.4,64826.8,9.32,604100.9305
1718827680000,64826.8,64846.8,64826.7,64832,8.386,543747.9295
1718827740000,64832,64849.2,64832,64837.1,5.771,374199.6629
1718827800000,64837.1,64838,64805,64838,36.124,2341409.7325
1718827860000,64838,64838,64825.7,64828,9.509,616470.3887
1718827920000,64828,64828,64826.9,64827,3.071,199085.5821
1718827980000,64827,64837.4,64793.2,64793.3,20.035,1298489.5724
1718828040000,64793.3,64793.3,64771.2,64774,11.245,728502.9129
1718828100000,64774,64788.9,64732.5,64750,69.631,4508754.4646
1718828160000,64750,64782,64749.9,64782,13.489,873767.5443
1718828220000,64782,64789.9,64766.8,64766.9,21.02,1361674.5515
1718828280000,64766.9,64766.9,64676.5,64720,258.599,16732589.2267
1718828340000,64720,64741.6,64650,64692.4,279.396,18068097.0255
1718828400000,64692.4,64703,64680.3,64693,54.989,3557153.4117
1718828460000,64693,64731.7,64693,64725.9,20.628,1335005.237
1718828520000,64725.9,64726,64696.8,64696.8,12.675,820179.1017
1718828580000,64696.8,64703.3,64686.8,64703.3,20.13,1302334.8701
1718828640000,64703.3,64737.7,64703.2,64737.7,15.117,978463.6701
1718828700000,64737.7,64763.9,64737.6,64763.9,22.709,1470387.2454
1718828760000,64763.9,64792.6,64757.6,64766.3,54.581,3535286.8298
1718828820000,64766.3,64811.9,64766.2,64811.9,20.954,1357598.9507
1718828880000,64811.9,64833.3,64811.9,64833.3,21.4,1387263.2209
1718828940000,64833.3,64848,64820.3,64830.2,43.195,2800561.8201
1718829000000,64830.2,64839.9,64806.1,64839.9,28.458,1844457.0388
1718829060000,64839.9,64871.7,64812,64871.7,52.245,3387163.0826
1718829120000,64871.7,64918.8,64848.7,64848.7,120.444,7816327.2499
1718829180000,64848.7,64848.7,64812,64823,29.889,1937634.3966
1718829240000,64823,64823.1,64794.5,64794.5,10.918,707578.5116
1718829300000,64794.5,64825.4,64794.5,64815.1,13.75,891149.8953
1718829360000,64815.1,64830.7,64800.5,64800.5,9.508,616308.2075
1718829420000,64800.5,64813.6,64800.1,64800.1,13.734,890061.8904
1718829480000,64800.1,64808.3,64788.6,64793.6,17.205,1114807.5124
1718829540000,64793.6,64793.6,64789.2,64789.3,1.824,118178.3892
1718829600000,64789.3,64804.2,64789.2,64804.2,5.066,328256.9511
1718829660000,64804.2,64804.2,64789.3,64789.3,5.055,327543.2748
1718829720000,64789.3,64789.3,64748.8,64749.4,70.738,4581125.817
1718829780000,64749.4,64749.4,64733.9,64749.4,31.026,2008754.3521
1718829840000,64749.4,64778.7,64749.4,64750.3,7.069,457815.9266
1718829900000,64750.3,64750.3,64723.2,64734.9,12.459,806470.1275
1718829960000,64734.9,64735,64708.6,64714.1,32.421,2098224.9283
1718830020000,64714.1,64720,64702.1,64720,22.815,1476286.1787
1718830080000,64720,64749.9,64719.9,64734.6,31.591,2044724.3428
1718830140000,64734.6,64740,64729,64739.9,5.474,354344.75
1718830200000,64739.9,64748.4,64735.1,64735.1,9.8,634479.3536
1718830260000,64735.1,64745.9,64732.9,64735.3,7.454,482540.2606
1718830320000,64735.3,64735.3,64719.8,64719.8,25.049,1621400.4512
1718830380000,64719.8,64719.9,64716,64716,6.044,391160.9786
1718830440000,64716,64739,64716,64737.9,21.418,1386403.6396
1718830500000,64737.9,64750,64732.6,64735.1,13.839,895981.5516
1718830560000,64735.1,64755.2,64730,64755.2,18.023,1166684.111
1718830620000,64755.2,64878.3,64755.1,64849.9,236.331,15320641.8293
1718830680000,64849.9,64855.4,64845,64845,28.141,1824937.6317
1718830740000,64845,64855.4,64812,64855.4,29.014,1881026.6681
1718830800000,64855.4,64855.4,64816.6,64817.7,28.048,1818493.7661
1718830860000,64817.7,64833.3,64817.7,64833.2,11.636,754357.6397
1718830920000,64833.2,64854.4,64833.2,64854.4,15.837,1026851.4504
1718830980000,64854.4,64857,64846,64852.4,38.543,2499550.5834
1718831040000,64852.4,64874.9,64852.4,64874.5,27.985,1815202.8456
1718831100000,64874.5,64904.9,64864.5,64904.9,58.503,3796152.4977
1718831160000,64904.9,64912,64880.1,64883.9,83.876,5443176.4896
1718831220000,64883.9,64914.6,64880,64914.6,75.18,4878345.8139
1718831280000,64914.6,64914.6,64890,64910.3,27.148,1762012.1355
1718831340000,64910.3,64930,64910.3,64930,31.871,2069078.765
1718831400000,64930,64941.8,64924.9,64925,63.108,4098075.7747
1718831460000,64925,64945.2,64924.9,64945.1,30.294,1967301.3277
1718831520000,64945.1,64949.8,64938.4,64949.8,26.272,1706241.5182
1718831580000,64949.8,64981.9,64949.7,64981.8,80.396,5222997.3642
1718831640000,64981.8,64981.9,64961.8,64966.8,34.079,2214270.5379
1718831700000,64966.8,65015,64966.7,65015,91.004,5915253.7293
1718831760000,65015,65015,65001.6,65010,19.153,1245200.2688
1718831820000,65010,65025,65009.9,65025,24.795,1612065.3004
1718831880000,65025,65027.6,65000,65027.6,56.172,3651805.4809
1718831940000,65027.6,65027.7,64980,64984.7,91.513,5947999.4391
1718832000000,64984.7,64984.7,64933.8,64943.5,29.767,1933368.2081
1718832060000,64943.5,64943.6,64921,64937.8,15.961,1036374.6126
1718832120000,64937.8,64937.9,64914.5,64914.6,8.529,553727.3291
1718832180000,64914.6,64945.1,64912.3,64945.1,11.943,775309.4941
1718832240000,64945.1,64977.2,64945.1,64977.2,5.54,359898.0951
1718832300000,64977.2,65004.8,64977.2,64997.8,23.809,1547438.2022
1718832360000,64997.8,64997.9,64986.4,64986.4,7.394,480550.0513
1718832420000,64986.4,65015.9,64984.8,65015.9,23.191,1507572.0219
1718832480000,65015.9,65035,65015.9,65034.9,15.936,1036267.4788
1718832540000,65034.9,65035,65002.4,65020.1,28.631,1861648.3917
1718832600000,65020.1,65020.1,65006.6,65006.7,7.508,488160.785
1718832660000,65006.7,65006.7,64990,64990,13.27,862440.6888
1718832720000,64990,64990.1,64990,64990.1,5.293,343992.3588
1718832780000,64990.1,64990.1,64981.4,64981.4,6.653,432346.4641
1718832840000,64981.4,65089.5,64981.4,65066.4,84.087,5469586.8131
1718832900000,65066.4,65070.1,65062.7,65065.5,18.989,1235545.6844
1718832960000,65065.5,65065.5,65049.1,65049.3,27.62,1796865.0894
1718833020000,65049.3,65049.3,65028.8,65028.9,10.277,668443.8267
1718833080000,65028.9,65028.9,65027.5,65027.5,5.299,344581.6817
1718833140000,65027.5,65058.3,65024.2,65058.1,37.106,2413483.8954
1718833200000,65058.1,65064.2,65058.1,65064.1,5.051,328623.473
1718833260000,65064.1,65064.1,65049.2,65049.3,15.861,1031828.3099
1718833320000,65049.3,65049.3,65036.7,65038.3,10.546,685899.9856
1718833380000,65038.3,65045.1,65026.1,65044.2,27.576,1793435.9463
1718833440000,65044.2,65049.3,65044.2,65049.3,22.969,1494080.5612
1718833500000,65049.3,65049.3,65019.3,65032.2,50.419,3278763.9838
1718833560000,65032.2,65032.3,64992.9,64992.9,18.942,1231496.8513
1718833620000,64992.9,65000.4,64992.9,65000.4,31.83,2068878.2317
1718833680000,65000.4,65002.1,65000.3,65002.1,3.992,259486.0367
1718833740000,65002.1,65002.1,65002,65002,7.344,477374.7051
1718833800000,65002,65002.1,65002,65002,4.8,312009.673
1718833860000,65002,65005,65002,65005,5.178,336584.729
1718833920000,65005,65040.1,65004.9,65040.1,42.876,2787945.3375
1718833980000,65040.1,65040.1,65040,65040,3.637,236550.6331
1718834040000,65040,65040.1,65039.9,65039.9,2.681,174372.1048
1718834100000,65039.9,65040,65029.2,65032.8,18.998,1235514.2579
1718834160000,65032.8,65032.8,65032.2,65032.2,4.982,323992.1627
1718834220000,65032.2,65032.3,65028.5,65028.6,2.518,163744.1767
1718834280000,65028.6,65028.6,65021.1,65021.2,2.644,171929.1856
1718834340000,65021.2,65021.2,64981.4,64981.4,24.303,1579487.8493
1718834400000,64981.4,65031.7,64981.4,65030,23.24,1510681.8262
1718834460000,65030,65032.3,64988.1,64988.1,19.16,1245745.5843
1718834520000,64988.1,64988.1,64953.2,64953.3,27.523,1788218.1857
1718834580000,64953.3,64980.1,64951,64951.1,39.384,2558531.6047
1718834640000,64951.1,64978.9,64938.5,64978.9,37.459,2432885.9535
1718834700000,64978.9,64978.9,64942.5,64961.6,20.51,1332200.2421
1718834760000,64961.6,64961.6,64931,64936,21.508,1396669.6174
1718834820000,64936,64948.1,64931,64948,17.705,1149728.5582
1718834880000,64948,64957.1,64938.7,64957,10.876,706344.2373
1718834940000,64957,64964.3,64950.1,64964.3,6.677,433715.2924
1718835000000,64964.3,64966.4,64955.7,64956.7,12.096,785719.8463
1718835060000,64956.7,64956.8,64946.7,64948.5,3.828,248629.4716
1718835120000,64948.5,64961.8,64948.5,64961.8,5.287,343418.9958
1718835180000,64961.8,64961.8,64922,64922,9.907,643329.9897
1718835240000,64922,64928.3,64920,64928.2,15.022,975269.8346
1718835300000,64928.2,64932.8,64907.9,64923.6,29.116,1890265.7047
1718835360000,64923.6,64946.1,64923.5,64946.1,5.452,354016.7977
1718835420000,64946.1,64959.5,64946,64959.5,15.416,1001266.1895
1718835480000,64959.5,64965.1,64957,64965,6.384,414706.6622
1718835540000,64965,64965.1,64962.9,64962.9,4.891,317741.7827
1718835600000,64962.9,64974.6,64962.9,64974.6,9.57,621771.3888
1718835660000,64974.6,64983.6,64974.5,64977.5,13.794,896314.4853
1718835720000,64977.5,64983.6,64977.5,64983.6,3.039,197475.4606
1718835780000,64983.6,64995.3,64983.5,64995.2,16.974,1103172.9575
1718835840000,64995.2,64995.3,64978.5,64981.6,14.613,949656.2768
1718835900000,64981.6,64981.7,64952.6,64961.6,19.733,1281925.5449
1718835960000,64961.6,64961.6,64929.6,64935.2,13.81,896835.6229
1718836020000,64935.2,64952.9,64935.2,64939.6,6.914,448983.5856
1718836080000,64939.6,64959.2,64939.5,64959.2,22.265,1446114.3628
1718836140000,64959.2,64959.2,64951.3,64951.4,2.207,143355.2261
1718836200000,64951.4,64953.3,64900,64952.1,192.28,12483473.9561
1718836260000,64952.1,64955,64952,64954.7,6.093,395767.6761
1718836320000,64954.7,64968,64942.1,64942.2,26.929,1749202.8033
1718836380000,64942.2,64945.9,64917.2,64917.3,13.985,908055.3728
1718836440000,64917.3,64917.3,64901.5,64915.4,11.085,719543.4249
1718836500000,64915.4,64951.7,64911.4,64950,18.172,1179836.7084
1718836560000,64950,64950,64930,64930,11.831,768284.0116
1718836620000,64930,64939.7,64930,64939.7,1.928,125199.9002
1718836680000,64939.7,64939.7,64936.7,64939.4,2.091,135785.4836
1718836740000,64939.4,64939.8,64931.3,64931.4,3.281,213055.3269
1718836800000,64931.4,64934.6,64928.9,64930,3.841,249405.3799
1718836860000,64930,64934.6,64929.9,64934.6,1.08,70126.6127
1718836920000,64934.6,64939.8,64934.5,64939.8,1.692,109871.0705
1718836980000,64939.8,64939.8,64939.7,64939.7,1.297,84226.8084
1718837040000,64939.7,64939.8,64918.9,64934,23.015,1494380.3212
1718837100000,64934,64934,64919.9,64923.7,17.566,1140511.6978
1718837160000,64923.7,64930,64919,64924,10.86,705075.4849
1718837220000,64924,64924.1,64914,64914,14.842,963566.3551
1718837280000,64914,64914,64897,64898.9,20.73,1345390.3306
1718837340000,64898.9,64899,64870.1,64875.9,42.335,2746682.0781
1718837400000,64875.9,64885.5,64875.9,64885.5,15.276,991087.6892
1718837460000,64885.5,64885.5,64858.8,64858.8,37,2400284.9044
1718837520000,64858.8,64867.2,64858.8,64867.2,23.467,1522118.5624
1718837580000,64867.2,64872,64867.1,64870.5,5.301,343876.1877
1718837640000,64870.5,64870.5,64858.8,64858.8,35.245,2286025.4254
1718837700000,64858.8,64858.9,64858.8,64858.8,14.962,970417.6847
1718837760000,64858.8,64858.8,64813.9,64814,239.041,15502584.6747
1718837820000,64814,64848.9,64814,64822.3,32.984,2138456.9404
1718837880000,64822.3,64822.5,64799.9,64812,82.936,5374782.2573
1718837940000,64812,64812.1,64804.5,64804.5,18.57,1203430.4056
1718838000000,64804.5,64804.6,64776.1,64793.8,86.199,5584506.4479
1718838060000,64793.8,64846.1,64793.7,64839.9,124.063,8041467.0685
1718838120000,64839.9,64843.6,64829.2,64843.6,16.136,1046200.0807
1718838180000,64843.6,64843.6,64828.7,64828.8,11.891,770957.3411
1718838240000,64828.8,64840.2,64828.8,64837.5,6.204,402244.8628
1718838300000,64837.5,64837.5,64837.4,64837.5,9.785,634434.6894
1718838360000,64837.5,64850,64837.4,64850,14.1,914254.8578
1718838420000,64850,64850,64844.1,64850,7.41,480508.7274
1718838480000,64850,64872.3,64849.9,64872.3,19.636,1273645.7798
1718838540000,64872.3,64875.4,64872.2,64875.4,24.962,1619365.8888
1718838600000,64875.4,64875.4,64866.3,64872,10.948,710209.696
1718838660000,64872,64872,64866.3,64870.5,8.494,551008.5833
1718838720000,64870.5,64870.5,64852.3,64870.3,5.79,375561.6691
1718838780000,64870.3,64870.4,64870.3,64870.4,1.301,84396.384
1718838840000,64870.4,64909.9,64870.3,64909.9,20.632,1338714.8762
1718838900000,64909.9,64910.8,64891.1,64891.1,10.907,707915.541
1718838960000,64891.1,64910,64891.1,64907.2,6.351,412218.9292
1718839020000,64907.2,64910,64907.1,64907.1,6.529,423786.8917
1718839080000,64907.1,64907.2,64902.3,64902.3,4.326,280776.1566
1718839140000,64902.3,64905.5,64902.2,64905.4,5.922,384361.0248
1718839200000,64905.4,64922.7,64905.4,64911.2,17.342,1125804.2441
1718839260000,64911.2,64911.2,64871.9,64872,11.354,736717.1832
1718839320000,64872,64872,64844.2,64844.6,16.29,1056406.6525
1718839380000,64844.6,64848.4,64833.5,64840.9,10.682,692607.4918
1718839440000,64840.9,64865.5,64840.8,64865.5,7.532,488533.875
1718839500000,64865.5,64865.5,64839.9,64840,14.032,910022.9278
1718839560000,64840,64863.6,64839.9,64863.5,8.709,564806.6907
1718839620000,64863.5,64863.6,64853,64853,7.128,462313.7452
1718839680000,64853,64864,64853,64864,4.527,293592.1709
1718839740000,64864,64888.4,64864,64888.4,3.309,214674.7679
1718839800000,64888.4,64888.9,64877,64877,5.372,348542.4773
1718839860000,64877,64877.1,64832.8,64832.8,11.069,717886.5792
1718839920000,64832.8,64832.9,64770,64800.9,67.499,4373727.3417
1718839980000,64800.9,64832.2,64800.8,64818,12.296,796985.6164
1718840040000,64818,64837.3,64813.9,64830.5,7.228,468548.2417
1718840100000,64830.5,64836,64814.9,64836,12.123,785851.8975
1718840160000,64836,64861.8,64835.9,64861.8,9.25,599828.2563
1718840220000,64861.8,64861.8,64816.4,64826.2,9.708,629502.4482
1718840280000,64826.2,64833,64816.6,64833,4.189,271543.2808
1718840340000,64833,64833,64812.6,64816,10.609,687676.1249
1718840400000,64816,64824.2,64812.5,64824.1,4.884,316560.0486
1718840460000,64824.1,64849.9,64824.1,64833.8,10.915,707716.9944
1718840520000,64833.8,64854.8,64832.4,64854.8,3.442,223198.7021
1718840580000,64854.8,64855,64834,64850.9,7.579,491413.2295
1718840640000,64850.9,64850.9,64850.8,64850.8,4.916,318806.907
1718840700000,64850.8,64850.9,64841.3,64845.9,7.856,509426.1108
1718840760000,64845.9,64849.9,64845.9,64849.5,3.355,217568.9471
1718840820000,64849.5,64861.8,64849,64861.7,8.71,564852.8654
1718840880000,64861.7,64861.8,64831.7,64831.7,3.662,237469.7811
1718840940000,64831.7,64845.9,64829,64845.9,5.075,329019.3349
1718841000000,64845.9,64868.8,64839.8,64862,34.737,2252963.0739
1718841060000,64862,64893,64861.9,64893,9.229,598779.1093
1718841120000,64893,64893,64880,64880.4,14.788,959605.9393
1718841180000,64880.4,64906,64880.4,64906,25.927,1682638.9277
1718841240000,64906,64917.2,64905.9,64917.2,8.963,581784.2096
1718841300000,64917.2,64950.2,64917.2,64950.2,55.605,3610769.3211
1718841360000,64950.2,64950.2,64914.2,64933.3,63.193,4103312.9027
1718841420000,64933.3,64957,64933.2,64957,18.741,1217176.0199
1718841480000,64957,64958.6,64946.6,64958.6,40.774,2648460.4341
1718841540000,64958.6,64969.3,64940.1,64940.2,20.007,1299608.4541
1718841600000,64940.2,64940.2,64898.1,64898.2,18.868,1224976.709
1718841660000,64898.2,64905.9,64888.5,64890,30.754,1995809.7685
1718841720000,64890,64890.1,64849.2,64851,45.747,2967298.8101
1718841780000,64851,64889.2,64849.3,64867,27.549,1787179.192
1718841840000,64867,64867,64849.2,64849.3,16.937,1098468.5761
1718841900000,64849.3,64890.5,64849.2,64859.9,30.204,1959108.6253
1718841960000,64859.9,64873.3,64831,64857.3,49.055,3180891.0357
1718842020000,64857.3,64869.8,64829.8,64833.6,34.221,2219383.2413
1718842080000,64833.6,64835,64811.1,64834.7,52.608,3410046.9877
1718842140000,64834.7,64834.7,64817.4,64833.6,11.214,726987.5695
1718842200000,64833.6,64859.5,64816.8,64826,29.059,1884295.9126
1718842260000,64826,64843.1,64817.2,64827.2,36.876,2390651.2475
1718842320000,64827.2,64869.6,64827.2,64869.5,25.897,1679607.3952
1718842380000,64869.5,64985,64869.5,64968,127.214,8262474.6188
1718842440000,64968,64983.2,64945.5,64983.2,50.19,3260526.617
1718842500000,64983.2,64983.2,64945,64954.4,30.529,1983031.9221
1718842560000,64954.4,64954.4,64856.1,64912.6,56.839,3687911.2718
1718842620000,64912.6,64912.6,64859.1,64867.2,21.199,1375599.7558
1718842680000,64867.2,64899.9,64867.2,64881.7,7.024,455778.1939
1718842740000,64881.7,64890,64850,64875.2,18.612,1207299.0241
1718842800000,64875.2,64883.4,64858.7,64864.5,14.076,913069.0069
1718842860000,64864.5,64939,64864.5,64933.8,42.003,2726595.1557
1718842920000,64933.8,64933.8,64902.9,64920.8,51.916,3370515.0325
1718842980000,64920.8,64933.8,64920.7,64931.4,10.289,668023.4051
1718843040000,64931.4,64931.4,64900,64909.9,8.364,542913.3865
1718843100000,64909.9,64930,64900,64918,10.083,654533.5087
1718843160000,64918,64918,64892.7,64909.8,34.652,2248886.0425
1718843220000,64909.8,64909.8,64885,64885,3.315,215125.2022
1718843280000,64885,64891,64874.3,64890.9,13.117,851064.3385
1718843340000,64890.9,64890.9,64874.4,64874.4,7.967,516931.4137
1718843400000,64874.4,64902.5,64873.6,64878.1,9.322,604886.5307
1718843460000,64878.1,64897.4,64878.1,64888.1,9.638,625398.3129
1718843520000,64888.1,64898.8,64854.3,64854.4,31.357,2034064.8378
1718843580000,64854.4,64874.9,64838.6,64868.7,64.377,4175211.9255
1718843640000,64868.7,64875,64851.5,64857,13.696,888348.8971
1718843700000,64857,64874.1,64857,64864.6,4.805,311665.9172
1718843760000,64864.6,64916.6,64864.5,64874.3,23.521,1526412.8364
1718843820000,64874.3,64912.2,64867.7,64912.2,18.58,1205742.4215
1718843880000,64912.2,64916.6,64904,64916.6,5.957,386676.021
1718843940000,64916.6,64970.7,64916.6,64970.6,60.274,3914215.2307
1718844000000,64970.6,64985,64963,64985,50.612,3288546.9343
1718844060000,64985,65014.1,64974.4,65005.4,45.409,2951525.5526
1718844120000,65005.4,65039.2,65005.4,65036,31.843,2070575.505
1718844180000,65036,65036,64980,64984.1,31.42,2042353.386
1718844240000,64984.1,65025.7,64984.1,65001.2,27.932,1815780.7037
1718844300000,65001.2,65001.2,64987.1,64989.1,11.598,753807.1756
1718844360000,64989.1,64996.2,64932.1,64937.1,28.948,1880657.4788
1718844420000,64937.1,64940.6,64875.3,64899.6,79.512,5160177.1793
1718844480000,64899.6,64917.1,64869.8,64901.8,54.658,3547023.6149
1718844540000,64901.8,64943.8,64901.8,64925.4,24.298,1577655.1339
1718844600000,64925.4,64943.5,64912,64912,12.557,815259.2453
1718844660000,64912,64932.3,64906.7,64917.4,11.212,727867.2469
1718844720000,64917.4,64939.1,64909.8,64911.4,9.709,630286.4808
1718844780000,64911.4,64955.8,64911.4,64955.8,3.776,245193.0317
1718844840000,64955.8,65023.5,64955.7,65023.4,25.233,1640355.4805
1718844900000,65023.4,65026.8,65006.2,65021.9,42.63,2771686.8304
1718844960000,65021.9,65029.4,64992.9,65029.4,42.107,2737259.2413
1718845020000,65029.4,65031.9,65006.9,65031.8,47.33,3077716.3261
1718845080000,65031.8,65064.9,65031.8,65057.7,65.21,4241937.3583
1718845140000,65057.7,65075.5,65044.4,65072.4,46.432,3020991.4413
1718845200000,65072.4,65106.4,65064.7,65078.3,120.808,7862805.6879
1718845260000,65078.3,65102.2,65078.2,65091.5,52.751,3433753.4179
1718845320000,65091.5,65104.8,65084,65092.2,40.688,2648468.9072
1718845380000,65092.2,65117.3,65092.1,65104.1,38.041,2476742.9859
1718845440000,65104.1,65104.1,65050.1,65050.1,60.808,3957500.3334
1718845500000,65050.1,65075.1,65012,65025.6,51.378,3341597.3833
1718845560000,65025.6,65040,65012.1,65013,26.723,1737704.6654
1718845620000,65013,65034.5,65012,65034.5,13.674,889061.6254
1718845680000,65034.5,65088.8,65034.4,65087.4,42.241,2748444.5474
1718845740000,65087.4,65110.9,65085.1,65103,68.681,4471073.3742
1718845800000,65103,65103.5,65074.3,65082.4,40.283,2621978.5952
1718845860000,65082.4,65113.8,65070.1,65100,58.685,3820242.9092
1718845920000,65100,65122.7,65094.8,65122.7,44.615,2905214.9544
1718845980000,65122.7,65130.4,65108.1,65130.3,60.597,3946182.7149
1718846040000,65130.3,65150,65122.8,65143.5,123.596,8050666.0264
1718846100000,65143.5,65156.2,65088.2,65088.3,92.216,6006626.7004
1718846160000,65088.3,65141.5,65080,65115.8,102.082,6646438.9262
1718846220000,65115.8,65159.8,65115.8,65150,84.295,5491618.31
1718846280000,65150,65174.1,65150,65167.4,77.89,5075741.3439
1718846340000,65167.4,65193,65167.3,65191.5,88.779,5786839.3284
1718846400000,65191.5,65210,65152.5,65152.5,94.15,6137204.5334
1718846460000,65152.5,65183.3,65142.4,65175.2,83.871,5465731.6566
1718846520000,65175.2,65180.9,65155.2,65159.9,40.331,2628362.3868
1718846580000,65159.9,65199.2,65159.8,65196.2,38.009,2477705.2049
1718846640000,65196.2,65228,65190.2,65228,110.119,7181291.5435
1718846700000,65228,65244.3,65198.9,65204.3,57.606,3757581.0963
1718846760000,65204.3,65204.4,65193.4,65202.7,15.547,1013668.1499
1718846820000,65202.7,65223.3,65190.1,65223.3,20.148,1313653.532
1718846880000,65223.3,65256.8,65218,65256.8,41.114,2682278.4235
1718846940000,65256.8,65307.2,65232.8,65255.7,209.033,13645350.881
1718847000000,65255.7,65266.2,65216.6,65223.7,37.936,2475175.3061
1718847060000,65223.7,65223.8,65198.3,65219.9,26.31,1715666.7091
1718847120000,65219.9,65360.4,65219.9,65339.4,181.854,11879924.319
1718847180000,65339.4,65397.9,65307.1,65316,146.876,9599151.9337
1718847240000,65316,65322.9,65248.1,65248.2,303.898,19838061.5764
1718847300000,65248.2,65248.2,65163.1,65203.5,79.628,5190986.3573
1718847360000,65203.5,65222.9,65156.2,65170.5,36.301,2366257.2233
1718847420000,65170.5,65212.8,65150.1,65212.7,22.453,1463550.5543
1718847480000,65212.7,65266.9,65172,65219.8,112.661,7348299.969
1718847540000,65219.8,65250.1,65202.3,65226.3,35.355,2306202.7989
1718847600000,65226.3,65229.8,65170.1,65189.2,32.371,2110529.3384
1718847660000,65189.2,65229.1,65152.7,65152.7,42.466,2768101.5803
1718847720000,65152.7,65181.6,65142.5,65178.1,35.54,2315858.365
1718847780000,65178.1,65247.9,65168,65231.6,190.388,12417539.5102
1718847840000,65231.6,65259.9,65222.9,65237.2,102.109,6661724.2928
1718847900000,65237.2,65254.6,65195.8,65195.8,18.551,1210034.96
1718847960000,65195.8,65215.8,65154,65154,14.305,932405.6894
1718848020000,65154,65184,65144.9,65175,26.319,1714877.7257
1718848080000,65175,65190,65144.9,65145,15.351,1000446.9667
1718848140000,65145,65164.8,65144.8,65148.3,26.465,1724336.5552
1718848200000,65148.3,65155.2,65097.1,65114.7,51.014,3321991.6561
1718848260000,65114.7,65126,65082.2,65108.3,66.617,4337029.9043
1718848320000,65108.3,65137.4,65093.1,65098.9,72.151,4698683.1851
1718848380000,65098.9,65112,65060.2,65112,77.592,5049552.2971
1718848440000,65112,65136.9,65063.3,65066.5,58.078,3781493.4822
1718848500000,65066.5,65092.9,65037.6,65092.4,51.907,3376928.387
1718848560000,65092.4,65108,65068.5,65092.9,52.81,3437168.0947
1718848620000,65092.9,65117.8,65085.1,65117.8,18.105,1178632.4301
1718848680000,65117.8,65130.7,65117.7,65130.7,18.467,1202629.5745
1718848740000,65130.7,65151.1,65130.6,65151.1,25.355,1651466.0973
1718848800000,65151.1,65151.5,65117.9,65128.8,24.866,1619562.0044
1718848860000,65128.8,65131.9,65110,65110.1,22.917,1492376.809
1718848920000,65110.1,65110.1,65010.7,65020,113.364,7373166.5736
1718848980000,65020,65020,65001.8,65001.8,48.039,3122898.7491
1718849040000,65001.8,65009,64957,64957,78.668,5112300.1216
1718849100000,64957,65000.9,64938.7,64984.2,127.119,8258573.4523
1718849160000,64984.2,65025.3,64974.2,64974.3,24.411,1586851.9421
1718849220000,64974.3,65020,64966.1,65020,21.095,1371061.3569
1718849280000,65020,65037.4,64990.7,65029.6,39.549,2571124.4126
1718849340000,65029.6,65033.9,64986.7,65023,31.051,2018872.0074
1718849400000,65023,65023,64956.1,64994.7,24.423,1586912.7297
1718849460000,64994.7,65014.3,64991.7,65004.2,11.523,749059.6869
1718849520000,65004.2,65009.9,64985.8,64999.8,22.079,1435105.5718
1718849580000,64999.8,65029,64999.8,65029,30.142,1959850.8399
1718849640000,65029,65052.7,65026.3,65036.9,33.807,2198834.9697
1718849700000,65036.9,65037,64991,64991,18.837,1224630.6387
1718849760000,64991,65021.7,64970,65015.1,18.646,1211783.3808
1718849820000,65015.1,65039.5,65015.1,65039.5,17.511,1138705.9656
1718849880000,65039.5,65049.7,65032.7,65049.7,12.301,800103.285
1718849940000,65049.7,65065,65049.7,65056.7,22.066,1435518.5611
1718850000000,65056.7,65072.2,65054.3,65054.3,16.325,1062211.2135
1718850060000,65054.3,65088,65050,65087.9,7.456,485143.5377
1718850120000,65087.9,65149.6,65087.9,65149.4,28.84,1878394.9071
1718850180000,65149.4,65192,65145,65170.3,60.304,3930584.017
1718850240000,65170.3,65191.8,65145.8,65150,65.871,4292793.7534
1718850300000,65150,65153.4,65120.7,65153.3,45.68,2975538.0627
1718850360000,65153.3,65159.8,65132.1,65132.1,7.389,481402.5452
1718850420000,65132.1,65152.8,65109.9,65152.8,34.98,2277858.2631
1718850480000,65152.8,65176.3,65152.8,65176.3,15.688,1022371.7629
1718850540000,65176.3,65185,65138.4,65138.4,29.46,1919755.6638
1718850600000,65138.4,65173.4,65132.4,65173.3,30.793,2006511.304
1718850660000,65173.3,65183.4,65157.9,65157.9,7.403,482443.8048
1718850720000,65157.9,65158,65144,65145,6.53,425461.0445
1718850780000,65145,65180,65145,65180,13.336,868931.6593
1718850840000,65180,65215.2,65169.3,65192.8,30.6,1994872.9931
1718850900000,65192.8,65197.2,65179.7,65179.8,6.461,421197.5289
1718850960000,65179.8,65182.7,65153.5,65182.6,13.103,853905.6887
1718851020000,65182.6,65182.6,65165.6,65172.9,4.636,302133.3406
1718851080000,65172.9,65174.3,65158.6,65174.3,2.836,184818.4074
1718851140000,65174.3,65199.7,65139.1,65176.7,10.698,697202.0479
1718851200000,65176.7,65176.7,65104.9,65108.9,28.378,1848033.2298
1718851260000,65108.9,65128.8,65069,65128.8,59.732,3888448.5138
1718851320000,65128.8,65133.6,65123.9,65133.6,6.348,413428.4404
1718851380000,65133.6,65156.7,65093.4,65140.2,37.529,2444061.5912
1718851440000,65140.2,65140.2,65118.2,65122,8.627,561824.5518
1718851500000,65122,65130,65097.9,65098,20.458,1332067.2491
1718851560000,65098,65117.4,65085.5,65091.4,14.086,916958.0085
1718851620000,65091.4,65118.7,65090.3,65114.2,7.946,517345.2739
1718851680000,65114.2,65130,65085,65104.4,25.372,1651752.5909
1718851740000,65104.4,65106.9,65080.4,65080.4,7.488,487439.6407
1718851800000,65080.4,65090.5,65070.7,65073.1,9.124,593748.0093
1718851860000,65073.1,65082.4,65070.1,65081.6,49.021,3190223.7158
1718851920000,65081.6,65100.5,65081.6,65087.5,12.463,811251.2567
1718851980000,65087.5,65109.7,65087.4,65106.9,12.603,820509.5623
1718852040000,65106.9,65110.9,65106.8,65110.9,3.719,242134.1147
1718852100000,65110.9,65127.7,65110.9,65113.1,12.074,786247.6224
1718852160000,65113.1,65132.9,65113,65132.9,10.527,685544.7388
1718852220000,65132.9,65149,65132.8,65149,5.274,343550.4962
1718852280000,65149,65183.4,65149,65178.6,33.91,2210028.8176
1718852340000,65178.6,65181.6,65166,65181.5,15.153,987572.4311
1718852400000,65181.5,65184.3,65153.3,65158.1,10.443,680552.253
1718852460000,65158.1,65177.7,65158,65177.7,5.297,345212.604
1718852520000,65177.7,65185,65177.6,65184.6,7.849,511601.1592
1718852580000,65184.6,65208.6,65184.6,65184.8,39.574,2580009.0442
1718852640000,65184.8,65199.9,65181.4,65185.8,11.032,719146.6289
1718852700000,65185.8,65185.8,65151.5,65151.5,22.09,1439628.9523
1718852760000,65151.5,65165,65147.4,65147.5,11.605,756112.8097
1718852820000,65147.5,65147.5,65109.5,65117.4,27.616,1798351.5968
1718852880000,65117.4,65118.3,65081.5,65100.1,23.23,1512334.4696
1718852940000,65100.1,65125,65100.1,65105.6,21.963,1430024.8913
1718853000000,65105.6,65105.7,65080,65085.5,27.183,1769322.247
1718853060000,65085.5,65090.7,65079.6,65079.6,12,781022.7519
1718853120000,65079.6,65096.5,65079.6,65096.5,10.471,681489.4653
1718853180000,65096.5,65097.4,65094,65094,7.448,484841.054
1718853240000,65094,65094.7,65093.8,65094.6,6.153,400523.45
1718853300000,65094.6,65097.4,65069.1,65069.2,25.64,1668571.1929
1718853360000,65069.2,65097.3,65069.1,65093.7,20.436,1330095.8271
1718853420000,65093.7,65108.9,65093.6,65108.8,16.162,1052125.4138
1718853480000,65108.8,65108.9,65101.5,65107.2,7.342,478001.3801
1718853540000,65107.2,65127.6,65107.1,65127.5,4.018,261625.9453
1718853600000,65127.5,65142.6,65120.9,65120.9,4.77,310684.3434
1718853660000,65120.9,65135.9,65120.9,65135.8,5.021,326991.8408
1718853720000,65135.8,65135.9,65132.2,65134.9,6.58,428591.8052
1718853780000,65134.9,65135,65117.2,65117.2,4.377,285051.0691
1718853840000,65117.2,65119.7,65115.4,65119.7,5.803,377867.1081
1718853900000,65119.7,65119.7,65107.1,65107.1,4.248,276598.3894
1718853960000,65107.1,65122.3,65107.1,65117.5,4.664,303694.1286
1718854020000,65117.5,65124.4,65117.4,65124.4,2.141,139420.8299
1718854080000,65124.4,65136,65124.3,65136,9.389,611530.3933
1718854140000,65136,65136,65135.9,65135.9,1.468,95619.6063
1718854200000,65135.9,65166.6,65130,65166.6,7.694,501260.1801
1718854260000,65166.6,65181,65166.5,65181,11.884,774515.3718
1718854320000,65181,65200.1,65181,65191.9,24.722,1611775.8056
1718854380000,65191.9,65191.9,65155.9,65156,18.799,1225157.0925
1718854440000,65156,65171.9,65145.3,65171.9,5.997,390759.5502
1718854500000,65171.9,65171.9,65135,65139.9,10.465,681892.5803
1718854560000,65139.9,65162.7,65136.4,65142.1,34.433,2243399.0961
1718854620000,65142.1,65144.7,65142,65144.7,23.842,1553118.1299
1718854680000,65144.7,65144.7,65130.5,65130.5,5.817,378881.8944
1718854740000,65130.5,65139.8,65128.8,65128.8,6.206,404222.2054
1718854800000,65128.8,65142,65128.2,65142,4.44,289185.6701
1718854860000,65142,65145.2,65141.9,65145.2,2.901,188977.5859
1718854920000,65145.2,65156.9,65145.2,65156.9,2.386,155450.7839
1718854980000,65156.9,65157.4,65156.9,65157.4,3.052,198860.321
1718855040000,65157.4,65169.4,65157.3,65169.4,3.005,195810.676
1718855100000,65169.4,65203.8,65169.3,65175.2,21.399,1394908.5327
1718855160000,65175.2,65203.7,65170.7,65196.3,7.63,497393.6383
1718855220000,65196.3,65220,65190,65190,66.709,4350284.8996
1718855280000,65190,65214.1,65177.8,65180.3,19.614,1278686.7496
1718855340000,65180.3,65189.8,65175,65175.7,8.008,521965.5208
1718855400000,65175.7,65185,65172.5,65172.6,6.354,414146.5682
1718855460000,65172.6,65185.4,65172.5,65185.4,3.394,221206.5721
1718855520000,65185.4,65190.6,65172.4,65172.4,9.415,613737.6704
1718855580000,65172.4,65182.7,65172.4,65182.7,12.756,831389.3039
1718855640000,65182.7,65185.4,65159.8,65159.8,10.815,704852.7504
1718855700000,65159.8,65168.1,65135.8,65135.8,7.601,495183.8367
1718855760000,65135.8,65149.3,65120.3,65120.4,14.866,968398.5059
1718855820000,65120.4,65140,65120.3,65133.5,17.177,1118803.7139
1718855880000,65133.5,65147.1,65133.5,65147.1,22.41,1459756.1287
1718855940000,65147.1,65179.6,65147,65170.1,32.315,2105902.0215
1718856000000,65170.1,65182.3,65170.1,65170.2,23.687,1543921.4696
1718856060000,65170.2,65170.2,65140.1,65140.1,4.615,300692.5615
1718856120000,65140.1,65143,65140.1,65140.2,12.295,800911.798
1718856180000,65140.2,65140.2,65130.2,65130.5,8.343,543413.0514
1718856240000,65130.5,65130.5,65127.4,65127.4,5.516,359252.2774
1718856300000,65127.4,65127.4,65109.8,65109.9,17.251,1123305.473
1718856360000,65109.9,65123.7,65109.8,65120.4,5.47,356189.7933
1718856420000,65120.4,65128,65120,65120,10.063,655349.7284
1718856480000,65120,65120,65108.2,65108.2,5.994,390276.2113
1718856540000,65108.2,65108.3,65100.7,65104,27.233,1772937.1944
1718856600000,65104,65105,65096.4,65102.7,32.236,2098629.1907
1718856660000,65102.7,65103.7,65102.6,65103.6,5.718,372261.3974
1718856720000,65103.6,65103.7,65095.6,65098.7,14.329,932800.939
1718856780000,65098.7,65098.7,65094.3,65094.3,21.254,1383530.5304
1718856840000,65094.3,65094.3,65070,65070.5,35.259,2294559.9052
1718856900000,65070.5,65095.8,65070.2,65095.2,36.226,2357566.5464
1718856960000,65095.2,65103.5,65089.2,65089.2,8.795,572535.6693
1718857020000,65089.2,65089.3,65077,65077,6.76,439939.5539
1718857080000,65077,65106.1,65077,65106.1,8.684,565293.1985
1718857140000,65106.1,65112.8,65106,65112.8,5.551,361413.5619
1718857200000,65112.8,65123.7,65112.7,65123.7,10.018,652348.1019
1718857260000,65123.7,65142.1,65123.6,65142,9.902,644922.1542
1718857320000,65142,65176.9,65142,65176.9,19.85,1293376.0346
1718857380000,65176.9,65178.2,65160.1,65168.3,18.323,1194148.6635
1718857440000,65168.3,65168.3,65159,65159,2.636,171761.2941
1718857500000,65159,65159.1,65131.7,65131.7,9.316,606913.3863
1718857560000,65131.7,65140,65114.5,65140,6.391,416186.4859
1718857620000,65140,65167,65140,65152.3,7.363,479772.4696
1718857680000,65152.3,65169.5,65144.5,65144.6,8.282,539647.7924
1718857740000,65144.6,65144.6,65131.4,65131.4,2.982,194238.1351
1718857800000,65131.4,65173.7,65131.4,65157.9,12.201,795015.1686
1718857860000,65157.9,65168.4,65150,65159.5,6.723,438041.6404
1718857920000,65159.5,65201.7,65159.5,65201.6,37.699,2457488.7992
1718857980000,65201.6,65227,65193.1,65222.9,46.095,3006079.4786
1718858040000,65222.9,65227,65214.8,65227,22.909,1494199.4751
1718858100000,65227,65230,65204.4,65218.9,31.304,2041745.6448
1718858160000,65218.9,65229,65190.4,65192.4,15.083,983567.8456
1718858220000,65192.4,65216.6,65192.3,65216.4,17.106,1115441.0415
1718858280000,65216.4,65217.4,65210,65217.3,18.691,1218900.0011
1718858340000,65217.3,65225,65207,65218.9,11.677,761562.2134
1718858400000,65218.9,65218.9,65194.1,65201.5,48.94,3191315.5165
1718858460000,65201.5,65210.2,65191.9,65191.9,4.255,277422.0631
1718858520000,65191.9,65191.9,65176.2,65180.9,25.81,1682508.5079
1718858580000,65180.9,65184,65159.8,65159.8,9.514,620120.7815
1718858640000,65159.8,65159.8,65126.6,65138,22.843,1487973.635
1718858700000,65138,65143.8,65137.9,65143.8,6.64,432541.9267
1718858760000,65143.8,65158.9,65142.6,65158.9,20.181,1314752.4815
1718858820000,65158.9,65166.1,65120,65166.1,32.629,2125396.3175
1718858880000,65166.1,65197.8,65166,65197.8,50.333,3280981.541
1718858940000,65197.8,65217.9,65197.7,65217.9,15.039,980601.8151
1718859000000,65217.9,65296.3,65214.2,65284.3,247.811,16173803.6138
1718859060000,65284.3,65285.8,65253.3,65253.4,51.202,3342107.8615
1718859120000,65253.4,65327.7,65252,65280.4,97.405,6360056.9249
1718859180000,65280.4,65280.4,65222,65233.7,28.933,1887729.8104
1718859240000,65233.7,65233.8,65224,65224.1,15.113,985783.0767
1718859300000,65224.1,65238.2,65216.7,65238.2,16.723,1090737.5074
1718859360000,65238.2,65239,65224,65239,8.331,543450.6107
1718859420000,65239,65239,65238.9,65239,3.245,211700.3832
1718859480000,65239,65299.2,65234.3,65289.3,61.035,3983202.1266
1718859540000,65289.3,65296.7,65278.2,65278.2,26.781,1748547.9646
1718859600000,65278.2,65297.4,65262.2,65262.2,26.784,1748570.4107
1718859660000,65262.2,65262.3,65228.2,65237.9,32.907,2146794.7785
1718859720000,65237.9,65245.8,65228.1,65237.9,10.089,658198.0065
1718859780000,65237.9,65257.4,65233.1,65257.3,25.041,1633625.2062
1718859840000,65257.3,65294.8,65257.3,65286,49.481,3230026.0667
1718859900000,65286,65330.5,65269.3,65269.3,139.704,9123615.1443
1718859960000,65269.3,65284.5,65263.2,65264.9,14.896,972320.2816
1718860020000,65264.9,65289.9,65262.1,65289.9,17.666,1152969.8192
1718860080000,65289.9,65364.6,65289.8,65323.7,91.631,5987023.6016
1718860140000,65323.7,65372.2,65318.1,65330.9,97.28,6357641.5133
1718860200000,65330.9,65334.3,65302.8,65304.5,22.664,1480401.6678
1718860260000,65304.5,65309.9,65282.6,65294.9,16.085,1050308.4956
1718860320000,65294.9,65295,65280,65282,19.856,1296371.2733
1718860380000,65282,65294.1,65281.9,65289.6,10.996,717877.1207
1718860440000,65289.6,65309.9,65282.1,65292,21.541,1406601.7829
1718860500000,65292,65304.3,65287.8,65299.3,14.585,952348.856
1718860560000,65299.3,65319.8,65299.1,65301.4,22.791,1488479.1085
1718860620000,65301.4,65301.4,65275,65275.1,22.926,1496653.5859
1718860680000,65275.1,65285.7,65257.8,65283.9,28.302,1847289.5599
1718860740000,65283.9,65283.9,65264.6,65280.4,10.834,707156.2699
1718860800000,65280.4,65312.1,65263.8,65263.9,40.362,2635343.1486
1718860860000,65263.9,65278.8,65241.3,65271.4,31.323,2043931.2413
1718860920000,65271.4,65280.9,65261.1,65271.4,26.623,1737735.316
1718860980000,65271.4,65311.3,65267.6,65302.2,9.527,622003.5436
1718861040000,65302.2,65310.2,65292,65310.2,6.576,429395.241
1718861100000,65310.2,65319,65299.8,65299.9,7.335,479040.5038
1718861160000,65299.9,65338.6,65299.8,65332.9,13.812,902273.9661
1718861220000,65332.9,65355.7,65332.8,65355.5,28.35,1852660.5477
1718861280000,65355.5,65356.1,65341,65352.2,22.506,1470744.3192
1718861340000,65352.2,65352.2,65332.9,65333,11.892,777028.7304
1718861400000,65333,65362.7,65333,65359.8,33.848,2212183.4613
1718861460000,65359.8,65359.9,65343,65357.2,50.525,3301970.1388
1718861520000,65357.2,65364.8,65357,65357,22.29,1456947.0038
1718861580000,65357,65368,65357,65367.9,13.97,913132.5688
1718861640000,65367.9,65368,65352.3,65352.4,14.08,920234.2236
1718861700000,65352.4,65368,65339.9,65367.9,28.899,1888543.8432
1718861760000,65367.9,65389.5,65367.9,65389.4,52.53,3434481.9823
1718861820000,65389.4,65450,65382.6,65396.1,291.933,19096049.3991
1718861880000,65396.1,65397.9,65383,65388.8,16.65,1088808.7992
1718861940000,65388.8,65410.4,65388.8,65396.8,51.178,3347170.7011
1718862000000,65396.8,65399.6,65383.1,65398.8,13.389,875538.2319
1718862060000,65398.8,65427.4,65398.8,65420.9,38.418,2513168.2006
1718862120000,65420.9,65426.3,65383.2,65389.9,52.348,3423277.9988
1718862180000,65389.9,65390,65361,65361.2,35.642,2329927.6519
1718862240000,65361.2,65389,65361.2,65377.3,62.17,4064403.7564
1718862300000,65377.3,65426.1,65377.3,65407.9,54.757,3581283.6312
1718862360000,65407.9,65450,65407.9,65432.5,69.026,4516210.7273
1718862420000,65432.5,65443.9,65408.6,65408.6,75.269,4924663.1373
1718862480000,65408.6,65428.8,65408.6,65428.8,12.891,843309.6261
1718862540000,65428.8,65443.8,65425.9,65431.7,34.688,2269760.3707
1718862600000,65431.7,65469,65431.6,65440.1,118.379,7748169.6315
1718862660000,65440.1,65457.3,65433.7,65452,16.441,1075937.4612
1718862720000,65452,65475.5,65452,65462.4,36.239,2372416.9738
1718862780000,65462.4,65479.7,65461.5,65474.1,36.013,2357736.3001
1718862840000,65474.1,65495,65468.2,65487.9,111.815,7321749.2156
1718862900000,65487.9,65555,65486.7,65538.3,235.772,15449505.7787
1718862960000,65538.3,65594,65523.9,65540,241.201,15813944.3197
1718863020000,65540,65575,65527,65569.8,99.004,6489561.9708
1718863080000,65569.8,65583.2,65545.8,65573.5,103.471,6784288.5314
1718863140000,65573.5,65577.1,65490,65495.4,144.284,9455401.9507
1718863200000,65495.4,65521.4,65480,65501.5,114.975,7530955.8603
1718863260000,65501.5,65540.2,65499.2,65517.7,30.191,1978264.8115
1718863320000,65517.7,65592,65517.7,65591.8,115.308,7559875.5115
1718863380000,65591.8,65600,65569.7,65569.7,91.137,5977891.3691
1718863440000,65569.7,65569.7,65513.6,65545.3,65.228,4275393.0209
1718863500000,65545.3,65545.3,65500.1,65500.1,67.295,4408630.8575
1718863560000,65500.1,65512.9,65453.6,65453.7,82.388,5395010.429
1718863620000,65453.7,65480,65447.2,65455.8,86.671,5673472.5249
1718863680000,65455.8,65519.8,65455.7,65508.4,56.75,3716781.5381
1718863740000,65508.4,65515,65489,65507.1,44.985,2946979.9127
1718863800000,65507.1,65568.6,65502.8,65564.4,131.002,8584088.0306
1718863860000,65564.4,65615,65561.2,65615,68.144,4469919.0107
1718863920000,65615,65616,65570.3,65597.9,105.648,6930016.795
1718863980000,65597.9,65610.9,65584.1,65589.4,67.778,4446314.4801
1718864040000,65589.4,65620,65570,65570,76.158,4996491.1317
1718864100000,65570,65579.6,65465.6,65501.8,462.269,30282656.0671
1718864160000,65501.8,65501.9,65470,65481.5,35.764,2341836.2512
1718864220000,65481.5,65511.5,65481.5,65507.4,43.598,2855521.5227
1718864280000,65507.4,65534.7,65489.8,65506.9,47.966,3142566.1529
1718864340000,65506.9,65512.3,65497.7,65512.3,38.189,2501778.3856
1718864400000,65512.3,65518.9,65472,65495.2,96.993,6353166.2196
1718864460000,65495.2,65495.2,65451.2,65464,52.88,3461935.859
1718864520000,65464,65480.4,65454.3,65478.8,21.188,1387145.2941
1718864580000,65478.8,65487.5,65461.7,65461.8,16.18,1059334.9857
1718864640000,65461.8,65499.5,65461.8,65499.4,10.772,705339.1587
1718864700000,65499.4,65515.6,65487.9,65494.9,35.73,2340464.8073
1718864760000,65494.9,65495,65456.7,65456.7,14.988,981314.5741
1718864820000,65456.7,65470,65443,65469.9,15.305,1001836.511
1718864880000,65469.9,65512.9,65463.8,65512.9,26.797,1755083.2541
1718864940000,65512.9,65524.7,65512.6,65513.2,18.881,1237047.8687
1718865000000,65513.2,65556.4,65513.1,65529.2,184.68,12104119.5712
1718865060000,65529.2,65529.2,65488.1,65526.8,35.277,2310961.4556
1718865120000,65526.8,65526.8,65512.2,65525.3,12.412,813286.4961
1718865180000,65525.3,65550.4,65525.3,65550.4,28.422,1862834.9027
1718865240000,65550.4,65572.4,65550.3,65572.3,33.605,2203248.9695
1718865300000,65572.3,65599.9,65572.3,65599.9,32.523,2133106.7075
1718865360000,65599.9,65609.7,65590,65590.9,30.462,1998406.8337
1718865420000,65590.9,65590.9,65545.9,65575,29.152,1911293.9714
1718865480000,65575,65591,65563,65563,40.669,2666936.2165
1718865540000,65563,65586.4,65558.7,65582.8,16.401,1075496.8723
1718865600000,65582.8,65582.8,65554.4,65554.4,31.184,2044729.5696
1718865660000,65554.4,65554.5,65521,65521,11.229,735922.7427
1718865720000,65521,65521.1,65500,65502.9,83.994,5502228.3496
1718865780000,65502.9,65503,65484.5,65484.5,23.784,1557600.4895
1718865840000,65484.5,65484.6,65466.4,65466.4,24.096,1577729.3213
1718865900000,65466.4,65499,65461.1,65484.2,42.729,2798068.6716
1718865960000,65484.2,65500,65455.2,65460.7,29.356,1922040.0597
1718866020000,65460.7,65460.8,65426.4,65436.6,60.299,3945747.2549
1718866080000,65436.6,65436.6,65428.7,65428.8,24.392,1596058.962
1718866140000,65428.8,65428.8,65421.7,65421.7,18.116,1185202.7003
1718866200000,65421.7,65427.7,65401.6,65402.8,37.372,2444684.1987
1718866260000,65402.8,65402.8,65378.8,65395.7,67.403,4407606.9125
1718866320000,65395.7,65395.7,65356.3,65384.2,27.638,1806823.6707
1718866380000,65384.2,65414.6,65382.1,65414.5,27.436,1794453.4662
1718866440000,65414.5,65429.7,65394.8,65429.7,25.394,1661016.4581
1718866500000,65429.7,65435.9,65429.7,65435.9,10.17,665467.3657
1718866560000,65435.9,65440.3,65401.4,65404,45.784,2995621.2205
1718866620000,65404,65429.6,65404,65429.6,16.296,1066047.9752
1718866680000,65429.6,65429.6,65427.7,65427.8,7.244,473969.4429
1718866740000,65427.8,65446.6,65427.7,65442.2,5.472,358072.2874
1718866800000,65442.2,65450,65442.1,65446.7,16.239,1062785.9748
1718866860000,65446.7,65465.6,65446.6,65465.6,12.786,836934.7955
1718866920000,65465.6,65484.7,65465.6,65477.8,26.743,1751016.5644
1718866980000,65477.8,65487.9,65477.8,65487.8,10.859,711064.7173
1718867040000,65487.8,65488,65487.8,65487.9,5.461,357629.7228
1718867100000,65487.9,65508,65487.9,65507.4,46.777,3064015.9069
1718867160000,65507.4,65520,65504.9,65504.9,25.572,1675297.4386
1718867220000,65504.9,65533.4,65504.4,65533.3,19.388,1270274.5204
1718867280000,65533.3,65543.6,65533,65543.5,22.917,1501870.3213
1718867340000,65543.5,65543.6,65532.3,65532.6,16.306,1068610.5382
1718867400000,65532.6,65532.6,65495.8,65512.7,38.022,2490818.4524
1718867460000,65512.7,65538.1,65494.6,65535.5,86.156,5644925.4289
1718867520000,65535.5,65550.4,65534.6,65534.7,27.195,1782513.7623
1718867580000,65534.7,65546.6,65531.3,65543.5,13.327,873412.7969
1718867640000,65543.5,65549,65532.9,65548.9,26.645,1746304.5493
1718867700000,65548.9,65574,65548.9,65569.2,43.952,2881513.3309
1718867760000,65569.2,65600,65567.7,65600,67.748,4443461.0767
1718867820000,65600,65845.4,65595.6,65761.9,1355.59,89133586.854
1718867880000,65761.9,65978,65761.9,65898.2,1017.615,67043189.723
1718867940000,65898.2,65928.3,65843.2,65909.2,363.798,23969042.2947
1718868000000,65909.2,65909.2,65787.1,65794.1,155.166,10220478.5147
1718868060000,65794.1,65925,65794,65894.3,248.273,16356479.5171
1718868120000,65894.3,65915.5,65850.4,65909,75.4,4967875.3934
1718868180000,65909,65909,65854.1,65865.9,111.438,7340387.1106
1718868240000,65865.9,65867.3,65839,65846.2,57.651,3796546.9716
1718868300000,65846.2,65848.2,65814.1,65818.5,74.887,4929886.6784
1718868360000,65818.5,65848.9,65813.5,65813.6,58.205,3831588.9998
1718868420000,65813.6,65869.7,65811.3,65855.8,68.021,4479004.0804
1718868480000,65855.8,65876.7,65855.7,65859.5,46.16,3040720.5978
1718868540000,65859.5,65859.5,65823.3,65827.7,49.772,3276532.1189
1718868600000,65827.7,65910,65827.6,65910,68.562,4516853.619
1718868660000,65910,65945,65853.2,65883.4,103.522,6821623.3209
1718868720000,65883.4,65895,65838.5,65842.2,56.124,3696544.6197
1718868780000,65842.2,65850,65796.3,65796.3,75.861,4993601.6798
1718868840000,65796.3,65817.1,65782.8,65786.5,89.404,5882335.5395
1718868900000,65786.5,65800,65771.3,65800,88.044,5791943.2803
1718868960000,65800,65831,65782.9,65831,60.697,3993847.5576
1718869020000,65831,65896.1,65811.6,65883.7,110.281,7260895.7224
1718869080000,65883.7,65883.8,65850,65850.1,83.045,5469319.0236
1718869140000,65850.1,65899.7,65845.3,65890.4,80.496,5302563.9057
1718869200000,65890.4,65918.8,65860.7,65860.7,69.7,4592863.0022
1718869260000,65860.7,65860.8,65814,65814,42.462,2795258.851
1718869320000,65814,65830,65803.6,65830,42.734,2812538.5146
1718869380000,65830,65843.6,65807.7,65818.3,41.478,2730291.997
1718869440000,65818.3,65830.6,65796,65825.8,32.011,2106585.9275
1718869500000,65825.8,65878.6,65825.7,65840.5,35.7,2351088.3391
1718869560000,65840.5,65868,65825,65859.9,21.237,1398479.8261
1718869620000,65859.9,65861,65854.4,65860,23.043,1517587.9297
1718869680000,65860,65860,65804.7,65804.8,36.523,2404397.1987
1718869740000,65804.8,65825,65783.1,65794.9,37.203,2448065.101
1718869800000,65794.9,65801.9,65784.1,65801.8,48.292,3177314.594
1718869860000,65801.8,65830.3,65794.8,65804.8,52.349,3445238.8757
1718869920000,65804.8,65808.3,65792,65805.1,32.548,2141790.6582
1718869980000,65805.1,65822.4,65793.6,65813.3,45.389,2986878.3452
1718870040000,65813.3,65813.4,65794.3,65794.3,14.546,957235.031
1718870100000,65794.3,65807.7,65793.8,65802.6,28.619,1883003.9801
1718870160000,65802.6,65803.1,65784,65784.9,27.769,1827126.9785
1718870220000,65784.9,65816.3,65784.9,65815.9,25.452,1674829.4563
1718870280000,65815.9,65836.3,65815.9,65816.4,75.167,4948370.0607
1718870340000,65816.4,65843.1,65815.3,65843.1,28.596,1882317.0546
1718870400000,65843.1,65891,65843.1,65886.3,74.858,4930509.5315
1718870460000,65886.3,65913.1,65844,65846,85.807,5653409.357
1718870520000,65846,65890,65824.8,65884,80.064,5273609.8397
1718870580000,65884,65894.2,65838.5,65838.6,28.198,1857145.9548
1718870640000,65838.6,65838.6,65803.6,65809.9,32.48,2137862.6497
1718870700000,65809.9,65830,65796.6,65799.8,67.263,4426386.5825
1718870760000,65799.8,65839.9,65790.4,65839.9,35.316,2324465.9657
1718870820000,65839.9,65851.4,65817.6,65851.4,39.684,2612618.4326
1718870880000,65851.4,65856,65807.6,65831.3,55.409,3648056.229
1718870940000,65831.3,65831.3,65789.6,65796.1,29.351,1931377.3092
1718871000000,65796.1,65813.2,65796,65802,23.79,1565632.6325
1718871060000,65802,65803.7,65771.9,65772.3,34.565,2273771.9664
1718871120000,65772.3,65783.1,65761.8,65761.8,36.936,2429458.979
1718871180000,65761.8,65771.7,65756,65760.1,45.445,2988539.7453
1718871240000,65760.1,65766.4,65739.1,65766.4,88.841,5841390.945
1718871300000,65766.4,65769.7,65729.9,65729.9,62.113,4083750.6664
1718871360000,65729.9,65732.8,65713.8,65727.9,71.199,4679535.5323
1718871420000,65727.9,65728,65705.3,65713.3,33.657,2211690.5694
1718871480000,65713.3,65735,65701,65733.3,53.752,3532161.912
1718871540000,65733.3,65734.1,65721.3,65733.5,26.633,1750605.7045
1718871600000,65733.5,65773,65733.4,65750.9,28.852,1897151.9605
1718871660000,65750.9,65809.1,65750.9,65807.8,50.168,3300638.2996
1718871720000,65807.8,65807.8,65784.3,65784.3,16.348,1075692.7612
1718871780000,65784.3,65803.5,65773.8,65783.8,67.927,4469329.7219
1718871840000,65783.8,65783.8,65761.1,65767.5,21.531,1416122.7972
1718871900000,65767.5,65786.8,65734,65782.6,51.494,3386143.3584
1718871960000,65782.6,65782.6,65770,65771.9,18.93,1245095.1695
1718872020000,65771.9,65808.3,65771.9,65780,11.837,778833.7169
1718872080000,65780,65783.8,65757.1,65758.5,9.444,621067.5677
1718872140000,65758.5,65766.5,65739.3,65739.3,18.081,1188946.0789
1718872200000,65739.3,65770,65739.3,65770,19.499,1282055.1556
1718872260000,65770,65772.3,65741.5,65741.5,24.575,1615832.7116
1718872320000,65741.5,65757.1,65701.1,65701.2,47.982,3153488.6722
1718872380000,65701.2,65734.6,65701.1,65729.1,16.441,1080466.8467
1718872440000,65729.1,65731.5,65712.2,65712.7,14.004,920309.181
1718872500000,65712.7,65731.5,65712.7,65731.4,15.014,986646.9099
1718872560000,65731.4,65737.3,65707.5,65707.5,41.269,2712384.8943
1718872620000,65707.5,65707.5,65671.2,65671.2,78.814,5177210.2486
1718872680000,65671.2,65671.3,65642.8,65646.1,93.835,6160593.5639
1718872740000,65646.1,65685.4,65643.1,65650,78.74,5170552.9659
1718872800000,65650,65650.1,65630.9,65645.9,38.529,2529144.7875
1718872860000,65645.9,65688,65630.6,65630.6,33.745,2215686.7476
1718872920000,65630.6,65630.6,65569.9,65622.6,170.606,11191599.9924
1718872980000,65622.6,65635.8,65612.7,65633.9,49.414,3242793.4804
1718873040000,65633.9,65677,65633.9,65677,37.802,2481715.9472
1718873100000,65677,65679.7,65648.1,65650,26.442,1736165.4559
1718873160000,65650,65650.1,65621.1,65621.2,19.792,1298944.0496
1718873220000,65621.2,65647.9,65609.3,65609.3,18.661,1224626.8749
1718873280000,65609.3,65624.4,65591.2,65617.4,37.154,2437628.8349
1718873340000,65617.4,65628.6,65601.3,65622.4,20.128,1320644.6559
1718873400000,65622.4,65643.6,65617.6,65625.5,20.983,1377013.5069
1718873460000,65625.5,65666.5,65625.5,65654,26.745,1755774.7294
1718873520000,65654,65661.4,65627.3,65650.2,33.11,2173636.0529
1718873580000,65650.2,65666,65650,65666,16.898,1109424.2727
1718873640000,65666,65682.6,65665.9,65682.6,17.048,1119673.9369
1718873700000,65682.6,65719.5,65682.5,65719.5,49.067,3223861.7504
1718873760000,65719.5,65719.5,65690,65690,17.045,1119947.2641
1718873820000,65690,65690.1,65662.1,65665.8,28.436,1867341.9936
1718873880000,65665.8,65679.8,65662,65662.1,6.679,438588.44
1718873940000,65662.1,65678.3,65657.2,65666.2,35.485,2330273.2463
1718874000000,65666.2,65704.9,65666.2,65700.5,45.854,3012091.5518
1718874060000,65700.5,65708.9,65684.5,65688.9,21.384,1404915.086
1718874120000,65688.9,65688.9,65667,65679.2,13.761,903711.3919
1718874180000,65679.2,65679.3,65643.3,65652.9,14.242,935094.7582
1718874240000,65652.9,65679.5,65652.8,65679.5,21.15,1388847.3609
1718874300000,65679.5,65679.5,65650.3,65666,19.488,1279701.067
1718874360000,65666,65678.2,65660,65660,7.283,478271.6675
1718874420000,65660,65688.5,65652.9,65674.1,21.245,1395193.3354
1718874480000,65674.1,65674.1,65668,65668,4.633,304245.2052
1718874540000,65668,65668.1,65654.8,65654.9,7.15,469473.4749
1718874600000,65654.9,65663.4,65654.8,65663.4,6.854,450049.194
1718874660000,65663.4,65663.8,65654.9,65655,15.723,1032416.5888
1718874720000,65655,65655,65620.2,65628.2,42.914,2816655.5459
1718874780000,65628.2,65647.2,65614.7,65630.5,48.305,3169841.7719
1718874840000,65630.5,65630.6,65614.7,65614.7,14.848,974402.5048
1718874900000,65614.7,65632.2,65610,65610,31.17,2045295.6813
1718874960000,65610,65610.1,65600.3,65600.3,14.297,937972.6504
1718875020000,65600.3,65621.5,65600.3,65610.5,31.131,2042679.7298
1718875080000,65610.5,65656.1,65603.7,65618.9,37.426,2456067.0528
1718875140000,65618.9,65657,65618.9,65625.9,78.357,5143756.4091
1718875200000,65625.9,65627.1,65623.4,65623.5,10.583,694524.5206
1718875260000,65623.5,65623.8,65602.3,65612.4,21.786,1429428.8821
1718875320000,65612.4,65634.9,65612.4,65634.8,18.664,1224792.6621
1718875380000,65634.8,65648.8,65634.8,65648.6,12.093,793798.0081
1718875440000,65648.6,65658.4,65626,65626.1,11.935,783515.4478
1718875500000,65626.1,65626.1,65600.5,65607.6,33.581,2203209.3777
1718875560000,65607.6,65613.5,65600.4,65608.1,36.697,2407619.1827
1718875620000,65608.1,65616.7,65608,65608.1,20.74,1360753.3276
1718875680000,65608.1,65608.6,65593.8,65608.5,30.741,2016622.78
1718875740000,65608.5,65608.6,65550.8,65604.6,90.298,5921318.1716
1718875800000,65604.6,65625.3,65589.3,65625.2,31.006,2034296.3496
1718875860000,65625.2,65712,65618.8,65709.3,135.464,8896692.4751
1718875920000,65709.3,65725.9,65688,65725.9,25.777,1693749.5928
1718875980000,65725.9,65725.9,65685.8,65690.1,16.203,1064497.5946
1718876040000,65690.1,65692.2,65677.4,65679.9,43.089,2830294.9365
1718876100000,65679.9,65689.7,65679.9,65685.1,18.399,1208573.2176
1718876160000,65685.1,65693.7,65682,65682.1,9.881,649084.2574
1718876220000,65682.1,65690,65676.6,65680,17.161,1127197.2513
1718876280000,65680,65693,65670,65692.9,15.238,1000773.8543
1718876340000,65692.9,65701.9,65692.9,65701.8,9.886,649476.6384
1718876400000,65701.8,65720.3,65690.8,65690.8,20.258,1331142.6127
1718876460000,65690.8,65690.8,65650.5,65670.1,16.163,1061348.4638
1718876520000,65670.1,65670.1,65650.5,65650.6,4.533,297625.1109
1718876580000,65650.6,65653.5,65639.1,65653.5,19.115,1254790.0136
1718876640000,65653.5,65653.5,65630.6,65635.4,19.723,1294564.5034
1718876700000,65635.4,65635.4,65610.4,65610.4,24.275,1593107.4275
1718876760000,65610.4,65650,65603.8,65650,15.33,1006046.2566
1718876820000,65650,65687.2,65650,65687.2,20.308,1333587.8682
1718876880000,65687.2,65697.8,65684.9,65693.2,17.412,1143770.8528
1718876940000,65693.2,65693.3,65677,65693,6.25,410546.2866
1718877000000,65693,65704.7,65681.1,65704.7,17.697,1162609.9176
1718877060000,65704.7,65727.3,65704.6,65705.2,39.884,2621048.9317
1718877120000,65705.2,65705.2,65690,65701.1,5.796,380784.5809
1718877180000,65701.1,65705,65690.9,65705,14.086,925445.9576
1718877240000,65705,65716,65702.1,65702.2,13.302,874130.3394
1718877300000,65702.2,65714.9,65690.9,65695,9.248,607561.4009
1718877360000,65695,65697.4,65690.9,65697.3,5.295,347846.9901
1718877420000,65697.3,65697.4,65663.5,65684,16.939,1112599.9525
1718877480000,65684,65699.7,65680.1,65699.7,17.41,1143667.667
1718877540000,65699.7,65699.7,65689.8,65695.7,4.282,281290.8735
1718877600000,65695.7,65710.8,65695.6,65710.8,11.987,787615.5875
1718877660000,65710.8,65713.4,65710.7,65713.4,6.299,413913.9272
1718877720000,65713.4,65713.4,65655.9,65655.9,9.912,651051.8496
1718877780000,65655.9,65666,65650,65650.1,15.318,1005701.8799
1718877840000,65650.1,65689.3,65650,65673.2,10.056,660433.6625
1718877900000,65673.2,65675.9,65650,65650,35.925,2358949.9728
1718877960000,65650,65650,65639.2,65639.2,10.017,657548.8703
1718878020000,65639.2,65639.3,65620.7,65631.7,33.147,2175302.7123
1718878080000,65631.7,65640,65631.6,65639.9,20.695,1358371.3168
1718878140000,65639.9,65652.7,65639.4,65645.4,9.567,628060.0302
1718878200000,65645.4,65668.7,65644.9,65668.7,10.886,714722.7878
1718878260000,65668.7,65680.1,65663.6,65668.6,18.977,1246258.8176
1718878320000,65668.6,65680,65668.6,65680,8.615,565782.3548
1718878380000,65680,65691.2,65679.9,65691.2,8.567,562697.6145
1718878440000,65691.2,65699.8,65691.2,65699.8,4.131,271395.146
1718878500000,65699.8,65707.4,65688.6,65707.4,7.131,468499.3678
1718878560000,65707.4,65744.5,65707.4,65726.4,60.775,3994760.592
1718878620000,65726.4,65741.5,65726.3,65732.5,8.38,550850.4535
1718878680000,65732.5,65737,65725.8,65725.8,25.471,1674190.8724
1718878740000,65725.8,65725.9,65690.9,65690.9,21.382,1404958.7839
1718878800000,65690.9,65708,65676.1,65678.8,18.94,1244168.5518
1718878860000,65678.8,65678.8,65658.2,65658.2,27.386,1798223.4236
1718878920000,65658.2,65658.3,65650,65654.8,10.046,659563.0333
1718878980000,65654.8,65654.9,65648.5,65648.6,20.577,1350950.1701
1718879040000,65648.6,65670,65646.2,65651.6,31.292,2054389.5996
1718879100000,65651.6,65676.1,65651.6,65676,8.428,553473.8391
1718879160000,65676,65696.7,65675.9,65696.7,3.841,252287.6472
1718879220000,65696.7,65700,65694.6,65699.9,8.645,567957.8316
1718879280000,65699.9,65706,65699.9,65705.8,5.369,352754.1034
1718879340000,65705.8,65706,65700.2,65701,8.244,541669.1019
1718879400000,65701,65704.9,65700.9,65704.8,19.988,1313235.4741
1718879460000,65704.8,65709.3,65701.1,65703,7.238,475583.3985
1718879520000,65703,65728.2,65702.9,65728.2,25.073,1647815.9317
1718879580000,65728.2,65735.3,65709,65709.1,39.631,2604905.8908
1718879640000,65709.1,65735.7,65709.1,65735.7,14.63,961551.6611
1718879700000,65735.7,65774.3,65735.6,65774.3,59.021,3881365.5505
1718879760000,65774.3,65788.3,65774.2,65786,43.123,2836815.0991
1718879820000,65786,65816.2,65780.4,65793.6,152.826,10055823.2293
1718879880000,65793.6,65797,65790.2,65795.2,28.14,1851403.0722
1718879940000,65795.2,65797.4,65795.1,65797.3,20.921,1376512.9497
1718880000000,65797.3,65797.3,65782.5,65782.5,22.976,1511568.2887
1718880060000,65782.5,65782.6,65770.5,65779.5,27.774,1826906.4748
1718880120000,65779.5,65779.6,65771.7,65772.3,31.2,2052206.5961
1718880180000,65772.3,65772.3,65753.9,65753.9,22.515,1480695.3185
1718880240000,65753.9,65766.8,65753.9,65758.8,9.737,640288.3476
1718880300000,65758.8,65768.6,65756.1,65768.5,97.58,6416768.0249
1718880360000,65768.5,65789.1,65768.5,65777,31.6,2078593.4791
1718880420000,65777,65830.1,65777,65820.1,63.357,4169174.5515
1718880480000,65820.1,65846.8,65812.3,65846.8,87.126,5735915.0842
1718880540000,65846.8,65876.3,65846.6,65868.4,148.664,9791818.1279
1718880600000,65868.4,65868.5,65822.5,65832.9,53.173,3501358.8821
1718880660000,65832.9,65858.7,65832.9,65840.1,25.057,1649824.5923
1718880720000,65840.1,65843.1,65830,65830,17.174,1130665.8651
1718880780000,65830,65830,65821.2,65821.3,9.9,651692.6942
1718880840000,65821.3,65830,65820,65824.1,32.121,2114386.4802
1718880900000,65824.1,65918.4,65817,65913,257.821,16987610.381
1718880960000,65913,66145.3,65892.1,66026.9,1837.032,121318519.5506
1718881020000,66026.9,66053.3,66003.3,66053.3,138.971,9175026.0872
1718881080000,66053.3,66134.9,66033,66131.4,264.831,17499187.9774
1718881140000,66131.4,66283.2,66131.4,66189.9,1226.802,81216389.216
1718881200000,66189.9,66220.6,66127,66144.6,288.698,19106701.691
1718881260000,66144.6,66189.1,66087.3,66112.5,234.022,15474772.9373
1718881320000,66112.5,66140,66087.3,66140,91.647,6059338.9381
1718881380000,66140,66189.4,66139.9,66189.4,84.073,5562568.4114
1718881440000,66189.4,66200,66156.3,66189.7,98.624,6527243.1237
1718881500000,66189.7,66202.4,66160.1,66193.4,154.296,10212996.4078
1718881560000,66193.4,66212.7,66125.3,66202.8,135.254,8949513.6758
1718881620000,66202.8,66327.6,66188.8,66327.5,503.305,33357298.7974
1718881680000,66327.5,66399.5,66296.1,66392.9,411.173,27281505.7632
1718881740000,66392.9,66417.1,66329.8,66414.3,353.413,23453365.7675
1718881800000,66414.3,66423.1,66286,66313.1,311.956,20698631.4525
1718881860000,66313.1,66340,66290,66309.9,158.692,10524545.8492
1718881920000,66309.9,66337.1,66289.6,66337,77.619,5146787.8198
1718881980000,66337,66410,66337,66398.9,152.771,10140178.9671
1718882040000,66398.9,66410,66358.6,66383.5,133.915,8889856.4109
1718882100000,66383.5,66435,66341.1,66384,196.477,13045730.986
1718882160000,66384,66436,66371.8,66435.9,110.028,7307340.3427
1718882220000,66435.9,66436,66360,66390.1,112.038,7439635.4177
1718882280000,66390.1,66398.8,66338.3,66356.2,98.775,6555412.1869
1718882340000,66356.2,66362.6,66325,66325.2,128.076,8497445.0696
1718882400000,66325.2,66331.1,66300.1,66321,115.771,7677305.0813
1718882460000,66321,66328.9,66306,66311.1,43.864,2908855.6108
1718882520000,66311.1,66319.7,66286.7,66290.9,93.489,6198071.4664
1718882580000,66290.9,66295.3,66280.6,66295.2,53.099,3519832.2161
1718882640000,66295.2,66295.3,66262,66279.2,130.576,8654015.7243
1718882700000,66279.2,66330,66274.7,66329.9,89.648,5944137.8642
1718882760000,66329.9,66388,66329.9,66387.9,89.192,5918379.4536
1718882820000,66387.9,66417.5,66379.6,66392.4,69.782,4633161.5603
1718882880000,66392.4,66392.4,66370.2,66373,83.78,5561561.4266
1718882940000,66373,66399.6,66363,66399.5,48.343,3208872.2305
1718883000000,66399.5,66458,66396,66442.1,265.525,17638381.5666
1718883060000,66442.1,66458,66422.9,66457.9,89.909,5974060.5699
1718883120000,66457.9,66458,66374.2,66374.2,91.624,6086539.5497
1718883180000,66374.2,66374.3,66289.4,66296.5,125.856,8349143.7543
1718883240000,66296.5,66339.9,66296.5,66334.9,64.654,4287815.6622
1718883300000,66334.9,66340,66275.9,66293.5,106.192,7039566.3684
1718883360000,66293.5,66300,66275.1,66275.2,51.339,3402881.9029
1718883420000,66275.2,66282.4,66240,66243,122.092,8090749.0511
1718883480000,66243,66263.6,66223.7,66228.9,156.858,10391079.7272
1718883540000,66228.9,66269,66228.9,66237.5,45.228,2996248.835
1718883600000,66237.5,66263.9,66234.1,66252.6,41.033,2718375.4766
1718883660000,66252.6,66269,66240,66242.9,29.977,1986001.9371
1718883720000,66242.9,66243,66171.5,66184.8,106.907,7077957.7394
1718883780000,66184.8,66206.6,66152,66160.9,125.886,8331192.8221
1718883840000,66160.9,66198,66152.5,66190.4,66.414,4394399.4257
1718883900000,66190.4,66216.9,66152.8,66152.8,123.581,8179067.9709
1718883960000,66152.8,66191.7,66133.2,66151.5,265.146,17544170.9804
1718884020000,66151.5,66173.5,66132.5,66160,76.843,5083346.153
1718884080000,66160,66180,66126.1,66143,52.014,3440911.3698
1718884140000,66143,66197.2,66142.9,66179.3,42.351,2802652.6463
1718884200000,66179.3,66220,66160,66220,164.27,10874043.3035
1718884260000,66220,66228.9,66160,66160,40.544,2684353.3439
1718884320000,66160,66196.8,66141.1,66143.3,67.122,4441828.5129
1718884380000,66143.3,66190.2,66110.8,66162.3,81.397,5384214.2693
1718884440000,66162.3,66182.5,66147.3,66147.4,30.898,2044187.8635
1718884500000,66147.4,66165.3,66143.3,66154.9,16.305,1078639.5487
1718884560000,66154.9,66193.2,66150,66184.3,46.155,3054023.2684
1718884620000,66184.3,66184.3,66146.8,66146.9,40.758,2696708.5228
1718884680000,66146.9,66156.5,66130,66130.1,26.478,1751377.2831
1718884740000,66130.1,66167.9,66110.9,66156.3,54.591,3610621.9488
1718884800000,66156.3,66195,66156.3,66180,109.807,7266991.8147
1718884860000,66180,66185,66101,66128.3,174.762,11556155.844
1718884920000,66128.3,66128.3,66058.4,66075.7,259.606,17156446.518
1718884980000,66075.7,66150.2,66063.4,66133.3,199.726,13200774.5567
1718885040000,66133.3,66153.2,66115,66126.3,79.369,5249041.9569
1718885100000,66126.3,66200,66126.3,66184.5,98.887,6543319.8208
1718885160000,66184.5,66229.2,66184.4,66229.2,66.353,4393178.3776
1718885220000,66229.2,66243.4,66208.5,66220.1,96.712,6404886.7949
1718885280000,66220.1,66275.1,66207.4,66275.1,107.302,7108092.4713
1718885340000,66275.1,66280,66206.9,66215.9,44.203,2928920.4624
1718885400000,66215.9,66234.5,66212.4,66234.5,22.52,1491368.6005
1718885460000,66234.5,66288.2,66234.4,66276.9,41.233,2732716.3823
1718885520000,66276.9,66276.9,66203.1,66214,66.662,4415171.1719
1718885580000,66214,66233,66137.5,66138.4,52.349,3464691.2059
1718885640000,66138.4,66160,66089.1,66093.3,91.077,6021825.4353
1718885700000,66093.3,66113.9,65974,66000.6,508.366,33567605.6599
1718885760000,66000.6,66085.4,65965.3,66085.4,210.222,13878248.07
1718885820000,66085.4,66121.5,66028,66042,135.52,8956007.333
1718885880000,66042,66066,66011.9,66029.8,122.475,8087305.7032
1718885940000,66029.8,66032.3,65950,65999.9,253.698,16740994.2805
1718886000000,65999.9,66025.8,65959.2,65988.8,87.942,5804232.2815
1718886060000,65988.8,65995.7,65910.1,65977,124.469,8208899.9312
1718886120000,65977,65977,65930.1,65932.2,64.147,4230198.2493
1718886180000,65932.2,65941.4,65827,65921.7,543.177,35787074.1174
1718886240000,65921.7,65940,65910,65914.3,68.865,4540112.7286
1718886300000,65914.3,66006.2,65871.8,66006.2,138.611,9141979.4914
1718886360000,66006.2,66015,65962.7,65997.8,78.333,5169405.307
1718886420000,65997.8,66036.6,65989,66010.7,53.16,3509238.8006
1718886480000,66010.7,66093.9,66002.4,66033.8,268.267,17719859.1142
1718886540000,66033.8,66036.3,66013,66031.7,71.447,4717058.9002
1718886600000,66031.7,66164.9,66031.7,66042,376.704,24896604.5756
1718886660000,66042,66059.3,65866.4,66045,298.777,19711485.5818
1718886720000,66045,66144,66044.9,66050,215.098,14220093.9116
1718886780000,66050,66079.7,65906.6,66008.3,373.161,24619395.8873
1718886840000,66008.3,66012,65942.8,65975.2,113.002,7455575.9418
1718886900000,65975.2,66028.2,65951.7,65980.1,64.378,4248552.2928
1718886960000,65980.1,65987.9,65921.3,65922.1,46.366,3058195.3727
1718887020000,65922.1,65992.1,65904.3,65992.1,100.211,6609147.4938
1718887080000,65992.1,66016.2,65972.8,66016.2,117.73,7769814.9697
1718887140000,66016.2,66018.9,65965.1,65981.4,37.574,2479924.6055
1718887200000,65981.4,66006.8,65959.5,65959.5,36.041,2377951.5974
1718887260000,65959.5,65975.7,65939.2,65957.9,43.589,2874670.5413
1718887320000,65957.9,65958,65923.1,65940,49.776,3281953.0221
1718887380000,65940,65950,65901.4,65947.6,59.606,3929304.8239
1718887440000,65947.6,66000,65947.5,65996.3,35.107,2316529.5626
1718887500000,65996.3,66025.4,65902.5,65966,208.155,13730439.5482
1718887560000,65966,65990,65950.6,65989,16.711,1102439.0871
1718887620000,65989,66034.9,65982.6,66034.9,208.786,13784171.0152
1718887680000,66034.9,66051,66015.6,66050.9,78.222,5165299.7862
1718887740000,66050.9,66066.5,66040.4,66057.3,44.097,2912700.7192
1718887800000,66057.3,66058.7,66030.3,66055.8,31.182,2059550.5032
1718887860000,66055.8,66060,66020.7,66059.9,26.651,1760206.4991
1718887920000,66059.9,66080.3,66050,66080.3,44.849,2963244.9958
1718887980000,66080.3,66100,66015,66021.3,62.04,4098812.814
1718888040000,66021.3,66083.6,66016.4,66083.6,37.415,2471037.5069
1718888100000,66083.6,66088.2,66015,66015,53.334,3522466.9993
1718888160000,66015,66033.2,65981,65981,33.172,2189686.0413
1718888220000,65981,65981.1,65950,65950,39.189,2584829.1779
1718888280000,65950,65950.1,65920.8,65942.1,59.312,3910878.5776
1718888340000,65942.1,65958.7,65931.1,65958.7,32.039,2112649.1737
1718888400000,65958.7,65975.8,65906,65930.7,137.448,9060964.8552
1718888460000,65930.7,65930.7,65889.3,65894.4,73.496,4843897.2893
1718888520000,65894.4,65906.5,65849.3,65850.1,133.874,8819208.0729
1718888580000,65850.1,65885.2,65779.2,65823.9,574.518,37814389.892
1718888640000,65823.9,65872.6,65802.2,65842.8,144.029,9480884.1899
1718888700000,65842.8,65872.2,65825,65864,96.197,6334327.9849
1718888760000,65864,65887,65842.2,65863.4,47.445,3125168.8027
1718888820000,65863.4,65866,65814.3,65850.1,102.908,6775153.4368
1718888880000,65850.1,65857.6,65825,65828,42.156,2775485.7932
1718888940000,65828,65880,65827.9,65880,92.461,6088201.8203
1718889000000,65880,65891.2,65834.3,65834.3,19.181,1263413.009
1718889060000,65834.3,65848.7,65801,65814.3,55.443,3648903.3941
1718889120000,65814.3,65836.3,65751.7,65814.9,269.249,17714717.5472
1718889180000,65814.9,65850.8,65814.8,65850.8,49.078,3230915.2026
1718889240000,65850.8,65850.8,65754.1,65754.1,93.043,6122961.2056
1718889300000,65754.1,65768.7,65714.4,65721,253.39,16656522.3306
1718889360000,65721,65752.1,65576,65627.2,599.016,39322540.8495
1718889420000,65627.2,65627.3,65513.5,65577.4,586.46,38456718.3809
1718889480000,65577.4,65577.4,65423.8,65489,608.155,39825940.387
1718889540000,65489,65587.5,65469.4,65530.8,359.162,23534043.9308
1718889600000,65530.8,65530.9,65288,65385.1,709.013,46361670.5192
1718889660000,65385.1,65431,65316.8,65360.1,379.595,24818988.397
1718889720000,65360.1,65383.3,65287.6,65366.1,330.006,21562353.8666
1718889780000,65366.1,65375,65338.4,65352.2,167.938,10975667.1119
1718889840000,65352.2,65441.1,65337.3,65436.8,292.348,19118322.9189
1718889900000,65436.8,65477.6,65333,65342.5,392.356,25667890.9905
1718889960000,65342.5,65350,65210.2,65225.4,589.903,38499145.1561
1718890020000,65225.4,65297,65225.3,65250,240.722,15711023.0584
1718890080000,65250,65321.7,65170.1,65319.9,436.509,28473696.9289
1718890140000,65319.9,65370.6,65263.5,65339,295.422,19299009.9569
1718890200000,65339,65339,65165,65244.4,332.441,21683322.3163
1718890260000,65244.4,65250,65165.1,65171.5,215.463,14050620.2068
1718890320000,65171.5,65261.2,65120.7,65220.9,353.039,23013575.3429
1718890380000,65220.9,65285.7,65150.1,65217.2,227.409,14829540.5072
1718890440000,65217.2,65219.4,65134.8,65142,269.133,17544843.7419
1718890500000,65142,65300,65142,65300,228.074,14882813.8438
1718890560000,65300,65314,65200,65257.3,296.691,19361862.1968
1718890620000,65257.3,65286.5,65241.4,65255.5,102.755,6706173.8357
1718890680000,65255.5,65327,65255.5,65300.4,147.099,9606481.8583
1718890740000,65300.4,65324.3,65281.3,65324.3,98.083,6405868.1054
1718890800000,65324.3,65359.9,65318.7,65355.5,186.369,12177917.2907
1718890860000,65355.5,65410,65355.5,65399.4,195.12,12758226.0285
1718890920000,65399.4,65420.7,65375,65413.3,136.013,8895902.3686
1718890980000,65413.3,65439,65413.3,65438.9,102.192,6686383.2713
1718891040000,65438.9,65450,65363.2,65373,153.44,10037590.9187
1718891100000,65373,65400,65305.5,65400,191.236,12493715.8671
1718891160000,65400,65448.2,65386.8,65448.1,79.966,5231005.2524
1718891220000,65448.1,65458.3,65441.5,65458,73.738,4826310.2141
1718891280000,65458,65467.8,65381.7,65444.1,147.097,9625213.657
1718891340000,65444.1,65456.3,65389.3,65389.3,69.706,4560764.0989
1718891400000,65389.3,65389.3,65226,65236.8,307.508,20082041.0194
1718891460000,65236.8,65248.9,65130,65144,359.446,23427230.5145
1718891520000,65144,65195.5,65106,65132.4,358.337,23340804.1007
1718891580000,65132.4,65203.9,65128.4,65196.9,142.791,9308123.4377
1718891640000,65196.9,65233,65196.8,65203,66.59,4342495.2216
1718891700000,65203,65221.3,65138.2,65203.1,112.151,7310925.3113
1718891760000,65203.1,65227.2,65167.6,65176.3,97.291,6343095.0694
1718891820000,65176.3,65176.3,65154.5,65165.3,54.18,3530625.1595
1718891880000,65165.3,65174.1,65131,65131.1,71.026,4627361.185
1718891940000,65131.1,65150.9,65101.3,65109.4,177.716,11572853.7384
1718892000000,65109.4,65159.1,65086.3,65095.1,180.637,11760702.6407
1718892060000,65095.1,65136,65052.7,65057,218.795,14239993.9945
1718892120000,65057,65070.5,65006,65036.8,345.217,22448025.3004
1718892180000,65036.8,65063.6,65006,65006.4,113.182,7359929.3551
1718892240000,65006.4,65006.4,64902,64968.1,630.529,40958902.5346
1718892300000,64968.1,65021.8,64901.2,65021.8,312.151,20274804.9333
1718892360000,65021.8,65021.8,64929.9,64957.9,114.054,7408613.4053
1718892420000,64957.9,64992.2,64916.7,64960,160.879,10449420.3735
1718892480000,64960,64960,64813,64823.5,499.3,32386756.0867
1718892540000,64823.5,64873.6,64802.5,64838.7,204.115,13231777.5777
1718892600000,64838.7,64907.5,64838.7,64846.6,154.486,10022860.2003
1718892660000,64846.6,64848.6,64752,64761.4,332.784,21559235.6359
1718892720000,64761.4,64830.8,64738.3,64792.3,191.697,12419007.0912
1718892780000,64792.3,64856,64779.4,64811.4,142.353,9228794.0062
1718892840000,64811.4,64874,64807,64807.1,129.052,8368639.5051
1718892900000,64807.1,64864.2,64771.2,64792.9,153.556,9952102.4247
1718892960000,64792.9,64863.3,64760,64863.3,115.412,7479703.0968
1718893020000,64863.3,64878.3,64805,64873.6,101.91,6609644.4715
1718893080000,64873.6,64914.5,64792.6,64822.6,251.321,16305660.5797
1718893140000,64822.6,64823.8,64711.1,64714.2,192.675,12475297.9835
1718893200000,64714.2,64742.5,64642.2,64653.7,475.449,30750890.0236
1718893260000,64653.7,64712.7,64616.1,64712.6,576.96,37300695.5398
1718893320000,64712.6,64818.1,64711.6,64756.9,526.322,34091268.6098
1718893380000,64756.9,64909,64705,64861.6,546.883,35445605.3448
1718893440000,64861.6,64861.6,64787.7,64787.8,92.437,5991237.2439
1718893500000,64787.8,64822.5,64775,64815.6,145.838,9450324.0742
1718893560000,64815.6,64940,64815.5,64940,277.738,18023327.8818
1718893620000,64940,65006.5,64939.9,64966.8,271.416,17636086.3164
1718893680000,64966.8,65009.9,64950.1,65009.8,166.627,10825287.2991
1718893740000,65009.8,65052.4,64990.7,65051.9,223.036,14501792.7446
1718893800000,65051.9,65051.9,64975.4,64997.8,101.008,6565975.3836
1718893860000,64997.8,65038.3,64938.3,65033.3,111.751,7261961.0567
1718893920000,65033.3,65091.4,65029.6,65079.2,157.732,10263283.3091
1718893980000,65079.2,65133.9,65068.7,65074.4,252.2,16418792.7183
1718894040000,65074.4,65074.4,64925.6,64947,333.308,21657382.0736
1718894100000,64947,64947.1,64886.5,64902.8,87.805,5699567.3833
1718894160000,64902.8,64923.9,64858.9,64915.2,84.26,5467406.8586
1718894220000,64915.2,65015.1,64915.1,65015.1,102.137,6634003.4796
1718894280000,65015.1,65018,64945.7,64971.8,83.549,5430045.2876
1718894340000,64971.8,65020.7,64971.8,65020.7,63.81,4147729.8478
1718894400000,65020.7,65020.7,64915.1,64921.9,52.944,3438783.4238
1718894460000,64921.9,64937.9,64880,64882.1,65.116,4227176.0773
1718894520000,64882.1,64899.1,64870,64894.2,58.691,3807943.9121
1718894580000,64894.2,64909.5,64830.9,64903.1,104.792,6798026.3005
1718894640000,64903.1,64912,64835.8,64852.3,67.859,4402159.2352
1718894700000,64852.3,64871.6,64835.8,64864,79.188,5135728.2293
1718894760000,64864,64886.4,64835.8,64874.9,121.828,7902643.3908
1718894820000,64874.9,64874.9,64783.3,64834.7,133.344,8643243.7749
1718894880000,64834.7,64859.1,64818.4,64853.5,34.338,2226651.3794
1718894940000,64853.5,64950.5,64818.6,64932.1,157.606,10228092.6348
1718895000000,64932.1,64999.9,64918,64990.2,90.866,5902983.8564
1718895060000,64990.2,65012,64956.2,64960,42.604,2768727.2727
1718895120000,64960,64960,64898.8,64920,103.14,6696084.0003
1718895180000,64920,64920,64875.1,64875.1,32.123,2084740.9744
1718895240000,64875.1,64910.1,64844.3,64875.1,61.103,3964474.712
1718895300000,64875.1,64918.9,64851.7,64893.3,102.387,6644432.8331
1718895360000,64893.3,64979.9,64890,64977.4,77.692,5045414.3989
1718895420000,64977.4,64977.4,64923,64923.1,53.372,3466803.4814
1718895480000,64923.1,64949.9,64922.2,64933.8,33.536,2177739.0009
1718895540000,64933.8,64957.9,64933.1,64940,53.995,3506791.5171
1718895600000,64940,64966.9,64904.8,64966.8,164.235,10662957.1552
1718895660000,64966.8,64984.3,64959.4,64978,90.256,5864481.708
1718895720000,64978,64978,64885.4,64885.4,58.727,3813486.4559
1718895780000,64885.4,64920.6,64872.1,64872.1,116.847,7583122.7479
1718895840000,64872.1,64879.2,64763.8,64829.5,179.342,11624472.9553
1718895900000,64829.5,64867.6,64800,64814.1,67.125,4351827.4792
1718895960000,64814.1,64889,64789.4,64885,90.945,5895283.1008
1718896020000,64885,64935.8,64879.4,64902.5,99.401,6452733.7123
1718896080000,64902.5,64914.8,64816.5,64823.1,65.05,4219280.2167
1718896140000,64823.1,64849.4,64805,64849.4,39.503,2560805.4369
1718896200000,64849.4,64852.7,64829,64844.3,25.664,1664083.8746
1718896260000,64844.3,64872.2,64832.9,64869.3,25.659,1664253.212
1718896320000,64869.3,64933.4,64869.2,64925.1,186.393,12097996.3302
1718896380000,64925.1,64953,64896.9,64927,284.968,18503554.2549
1718896440000,64927,64988.7,64919.9,64988.7,110.591,7182650.4218
1718896500000,64988.7,64988.7,64920,64931,107.076,6955197.2693
1718896560000,64931,65000,64931,64960,89.089,5788771.3941
1718896620000,64960,64960,64908.1,64911.2,72.031,4677089.9439
1718896680000,64911.2,64958.3,64905,64914.6,73.053,4742637.2674
1718896740000,64914.6,64914.6,64855.6,64868.6,58.279,3781010.4759
1718896800000,64868.6,64875.9,64792,64838.4,115.705,7501752.4076
1718896860000,64838.4,64917,64825.7,64869.5,46.597,3023192.5693
1718896920000,64869.5,64929.2,64860,64863.1,54.402,3530332.9195
1718896980000,64863.1,64924.6,64863.1,64915.6,33.331,2163106.5016
1718897040000,64915.6,64940,64906.5,64925,24.963,1620693.5004
1718897100000,64925,64927.1,64910,64910.1,29.136,1891356.7283
1718897160000,64910.1,64910.1,64837.1,64889.9,117.387,7614866.635
1718897220000,64889.9,64889.9,64823,64828.4,39.219,2543051.5769
1718897280000,64828.4,64874.3,64825,64853,35.694,2314929.7558
1718897340000,64853,64880.1,64810.9,64810.9,56.411,3658568.9314
1718897400000,64810.9,64850,64801.1,64833.4,69.559,4509185.9836
1718897460000,64833.4,64885.7,64833.4,64885.7,34.532,2239992.9062
1718897520000,64885.7,64885.7,64820,64866.9,34.595,2243345.7343
1718897580000,64866.9,64902.1,64866.6,64896.3,39.083,2535866.6655
1718897640000,64896.3,64910,64891,64907.4,21.046,1365866.1609
1718897700000,64907.4,64950,64890,64890.1,77.802,5051156.0215
1718897760000,64890.1,64944.1,64880,64902.3,46.348,3008728.3061
1718897820000,64902.3,64911.5,64880,64889.9,24.605,1596757.6021
1718897880000,64889.9,64939.2,64889.9,64920.5,14.931,969333.4831
1718897940000,64920.5,64931.8,64889.7,64889.7,13.213,857673.2789
1718898000000,64889.7,64935.2,64886.8,64931.7,51.158,3321537.9298
1718898060000,64931.7,64967.6,64922.3,64966.5,73.97,4804443.6076
1718898120000,64966.5,65071.4,64966.5,65055.7,187.603,12200147.7725
1718898180000,65055.7,65097.7,65053.9,65057.5,64.53,4199460.7417
1718898240000,65057.5,65057.5,65012.9,65047.8,83.841,5452692.3089
1718898300000,65047.8,65112.5,65038.1,65040.5,112.106,7294486.5763
1718898360000,65040.5,65042,64983.9,64984,49.181,3197505.3014
1718898420000,64984,65003,64933.6,64938.5,68.839,4471475.9969
1718898480000,64938.5,64985.5,64898.2,64914.9,117.414,7625217.1179
1718898540000,64914.9,64943,64897.4,64930.3,44.276,2874143.0945
1718898600000,64930.3,64985.3,64919,64973,87.565,5688174.3647
1718898660000,64973,65000,64962.6,64994.9,71.667,4657227.0912
1718898720000,64994.9,64995,64968.5,64975.3,23.818,1547717.3912
1718898780000,64975.3,64975.7,64955,64955,8.82,572950.6094
1718898840000,64955,64955.1,64893.2,64898,168.116,10914188.1188
1718898900000,64898,64934.5,64872.7,64877.7,73.481,4768268.5125
1718898960000,64877.7,64877.7,64836,64857.3,124.826,8095102.6364
1718899020000,64857.3,64862.4,64779,64825.9,273.453,17721088.4279
1718899080000,64825.9,64841.1,64811,64820.2,72.926,4727685.9788
1718899140000,64820.2,64846.2,64787.1,64789.9,57.645,3736332.2847
1718899200000,64789.9,64832,64771,64830.8,163.251,10578353.2769
1718899260000,64830.8,64830.8,64780.6,64784.9,84.508,5476473.1965
1718899320000,64784.9,64804.9,64710,64717.9,234.41,15176193.2518
1718899380000,64717.9,64726.5,64680.6,64706.9,217.806,14091663.1601
1718899440000,64706.9,64760.2,64550.2,64607.6,898.399,58052290.3583
1718899500000,64607.6,64715.5,64607.6,64715.5,292.138,18883324.7407
1718899560000,64715.5,64768.2,64630,64658.1,184.99,11967375.1542
1718899620000,64658.1,64658.8,64624.1,64642.2,103.831,6711229.7154
1718899680000,64642.2,64642.3,64586.4,64595.2,142.952,9236412.4537
1718899740000,64595.2,64655.3,64566.1,64630.1,193.02,12470381.2063
1718899800000,64630.1,64746.6,64616.2,64739.9,180.741,11690554.209
1718899860000,64739.9,64791,64730.9,64741.6,181.466,11752603.1958
1718899920000,64741.6,64825.9,64719.8,64795,194.243,12582036.0648
1718899980000,64795,64827.1,64750.3,64764,237.332,15376853.3745
1718900040000,64764,64769.1,64723.4,64727.7,67.103,4344575.2644
1718900100000,64727.7,64785.6,64707.2,64760.9,76.287,4940318.9977
1718900160000,64760.9,64767.5,64691,64764.4,101.142,6545680.588
1718900220000,64764.4,64764.4,64723.4,64730.9,42.931,2779652.3369
1718900280000,64730.9,64739.9,64600.9,64601,190.444,12311281.2367
1718900340000,64601,64601,64514.2,64584,330.529,21337969.1625
1718900400000,64584,64638.4,64557.7,64582.2,105.849,6837061.0072
1718900460000,64582.2,64620.9,64555.6,64590.9,70.08,4525823.4632
1718900520000,64590.9,64645.7,64530,64645.7,94.485,6100902.4463
1718900580000,64645.7,64645.7,64542.9,64578.3,82.241,5311359.474
1718900640000,64578.3,64582.5,64539.3,64563.9,93.22,6017922.7399
1718900700000,64563.9,64687.5,64559.5,64627.6,87.851,5678022.378
1718900760000,64627.6,64650.4,64573,64599.9,87.66,5662186.8302
1718900820000,64599.9,64614.9,64554.6,64614.8,55.374,3576266.0215
1718900880000,64614.8,64639,64582.3,64638.5,48.166,3112390.9604
1718900940000,64638.5,64707.6,64628.2,64650,129.509,8376052.3336
1718901000000,64650,64652.9,64580,64591.3,107.811,6966851.7946
1718901060000,64591.3,64630.7,64545.4,64550.2,136.952,8843852.5633
1718901120000,64550.2,64646,64536.2,64581.2,143.866,9292679.6839
1718901180000,64581.2,64581.2,64530.1,64571.9,63.653,4108877.585
1718901240000,64571.9,64619.7,64543.3,64598.4,98.432,6357366.3418
1718901300000,64598.4,64640,64584.8,64585.8,141.699,9155529.1016
1718901360000,64585.8,64633.9,64577.9,64619,61.313,3961112.0054
1718901420000,64619,64622.8,64577.4,64599.3,95.885,6194333.0787
1718901480000,64599.3,64673.4,64599.3,64660.7,90.947,5879831.8796
1718901540000,64660.7,64752.4,64650,64723.3,392.953,25427194.0577
1718901600000,64723.3,64798.8,64723.3,64770.7,214.2,13873056.163
1718901660000,64770.7,64823.9,64763.8,64819.7,186.153,12061353.0044
1718901720000,64819.7,64857,64808.4,64857,167.026,10828545.6191
1718901780000,64857,64883.5,64824.9,64877.6,150.232,9744625.3749
1718901840000,64877.6,64887.9,64821.8,64827.2,77.796,5045732.6558
1718901900000,64827.2,64862,64820.3,64858.3,55.573,3602937.9771
1718901960000,64858.3,64906,64850,64906,184.66,11982150.1558
1718902020000,64906,64927.7,64861,64896.7,195.29,12674989.5573
1718902080000,64896.7,64899.4,64869.4,64880.7,113.491,7363200.9127
1718902140000,64880.7,64895.9,64868.1,64895.9,43.952,2851371.1523
1718902200000,64895.9,64918.7,64885.8,64902.8,111.009,7204656.1587
1718902260000,64902.8,64926.2,64880,64912.4,196.947,12783156.8814
1718902320000,64912.4,64922.9,64832.4,64848.1,59.72,3874110.9567
1718902380000,64848.1,64905.9,64848,64905.9,23.42,1519545.2338
1718902440000,64905.9,64935.1,64893.9,64903,51.727,3357998.2876
1718902500000,64903,64903,64850.1,64850.1,35.642,2312299.5314
1718902560000,64850.1,64867.7,64824.1,64855.8,34.624,2245158.2537
1718902620000,64855.8,64859.8,64798,64798.1,81.664,5293119.9468
1718902680000,64798.1,64816.7,64787,64816.7,29.932,1939517.4354
1718902740000,64816.7,64863.4,64813,64863.4,18.035,1169288.4219
1718902800000,64863.4,64889.7,64810.8,64810.9,40.863,2650123.5073
1718902860000,64810.9,64843.2,64795.3,64807.7,42.914,2781641.8189
1718902920000,64807.7,64824.2,64752.7,64772.8,78.456,5081831.6205
1718902980000,64772.8,64787.6,64700.2,64779.3,158.497,10261085.7672
1718903040000,64779.3,64817.9,64774,64790.7,32.119,2081208.5813
1718903100000,64790.7,64820,64790.1,64809.7,35.734,2315779.1111
1718903160000,64809.7,64835.9,64743.1,64744.6,51.594,3343104.9049
1718903220000,64744.6,64754.7,64678.1,64683.1,140.737,9106289.5913
1718903280000,64683.1,64714.5,64683.1,64704.6,65.351,4228043.8435
1718903340000,64704.6,64792.7,64704.5,64762.6,31.011,2008222.9191
1718903400000,64762.6,64847.5,64756.7,64823,47.016,3046931.3456
1718903460000,64823,64848.9,64823,64829.2,67.021,4345334.9385
1718903520000,64829.2,64849.6,64824.3,64844.5,38.829,2517724.0745
1718903580000,64844.5,64886.7,64844.4,64885.3,30.677,1990003.2387
1718903640000,64885.3,64885.3,64852.6,64856.9,32.374,2100100.7847
1718903700000,64856.9,64857,64807.8,64845,27.26,1767339.4397
1718903760000,64845,64889.7,64838.5,64865.9,23.004,1492202.8203
1718903820000,64865.9,64875,64831.3,64847.2,40.017,2595359.5461
1718903880000,64847.2,64847.2,64819.7,64837.5,11.294,732200.6068
1718903940000,64837.5,64837.6,64805.9,64805.9,10.064,652375.2369
1718904000000,64805.9,64843.4,64768.2,64779.3,15.797,1023584.6761
1718904060000,64779.3,64807.5,64768,64768.1,9.434,611184.4506
1718904120000,64768.1,64841,64766.7,64812.4,10.18,659714.8018
1718904180000,64812.4,64820.9,64769.9,64769.9,22.838,1479778.2948
1718904240000,64769.9,64781.5,64730,64730,41.837,2709280.0615
1718904300000,64730,64749.7,64706.7,64706.7,36.833,2383928.9905
1718904360000,64706.7,64728.3,64688,64697,37.881,2451198.5822
1718904420000,64697,64740.1,64697,64710,18.936,1225483.1649
1718904480000,64710,64751.1,64707.7,64734.3,15.686,1015323.1643
1718904540000,64734.3,64755.3,64720.5,64737.4,10.36,670671.5512
1718904600000,64737.4,64798.5,64724.5,64724.5,31.694,2052988.2729
1718904660000,64724.5,64739.4,64684,64713.4,28.622,1852007.9839
1718904720000,64713.4,64734.3,64676,64705,54.911,3553076.5065
1718904780000,64705,64785,64705,64777.3,41.151,2664309.5017
1718904840000,64777.3,64788.1,64750.1,64788.1,25.51,1652164.2534
1718904900000,64788.1,64795.7,64721.2,64721.2,38.281,2479367.04
1718904960000,64721.2,64747.2,64688,64726.1,49.043,3173422.465
1718905020000,64726.1,64776.2,64726.1,64735,11.687,756794.9921
1718905080000,64735,64750.4,64694.4,64695.9,16.347,1057784.8019
1718905140000,64695.9,64750,64694.5,64750,9.782,632988.9354
1718905200000,64750,64764.8,64711.7,64732.2,11.551,747933.7458
1718905260000,64732.2,64753.4,64732.2,64744,5.759,372868.3867
1718905320000,64744,64759.9,64700.3,64714.7,55.964,3622237.3684
1718905380000,64714.7,64737.5,64688,64693.9,33.239,2150745.7983
1718905440000,64693.9,64709.1,64683.8,64709.1,16.634,1076103.0014
1718905500000,64709.1,64746,64675,64677.5,47.036,3043933.9009
1718905560000,64677.5,64689.9,64658.3,64666.7,37.879,2449579.5986
1718905620000,64666.7,64715.1,64652.3,64701.7,61.437,3973590.8243
1718905680000,64701.7,64729,64701.6,64726.2,59.545,3853307.3847
1718905740000,64726.2,64813.9,64720,64799,130.137,8430368.5173
1718905800000,64799,64833.7,64798.4,64800.8,80.098,5191969.3637
1718905860000,64800.8,64824.2,64795.5,64809.4,29.798,1931255.5383
1718905920000,64809.4,64810.2,64790.5,64802.2,49.027,3177012.1221
1718905980000,64802.2,64830.4,64800,64830.4,14.523,941192.684
1718906040000,64830.4,64883.5,64830.3,64877.3,49.116,3186181.6942
1718906100000,64877.3,64916.6,64869.7,64916.6,89.149,5785503.6307
1718906160000,64916.6,65018.4,64916.5,64987.3,385.359,25040950.652
1718906220000,64987.3,64987.3,64935.1,64955.2,181.19,11771329.6796
1718906280000,64955.2,64974.6,64938.1,64974,41.309,2683346.9756
1718906340000,64974,64974.1,64945.4,64955,61.114,3969736.003
1718906400000,64955,64978,64954.7,64954.7,50.435,3276705.8015
1718906460000,64954.7,65009.4,64954.7,64987.5,148.221,9632693.9635
1718906520000,64987.5,65018.7,64981,65018.7,65.895,4282672.5867
1718906580000,65018.7,65063.8,64999.3,65037.7,193.693,12597343.8471
1718906640000,65037.7,65038,65015.8,65023.6,76.206,4955458.2845
1718906700000,65023.6,65067.3,65006.6,65050.2,39.151,2546360.7444
1718906760000,65050.2,65072.8,65026.3,65047.5,64.469,4193112.4743
1718906820000,65047.5,65090.5,65047.5,65090.4,47.168,3069674.5138
1718906880000,65090.4,65090.5,65040.6,65056,69.681,4533989.6023
1718906940000,65056,65072.5,65022.5,65022.5,62.236,4048188.451
1718907000000,65022.5,65024.5,64971.9,64985,41.267,2682297.2272
1718907060000,64985,64999.3,64961.7,64964.8,23.452,1523903.1762
1718907120000,64964.8,64964.8,64905.7,64924.1,49.19,3193939.9437
1718907180000,64924.1,64954.3,64924,64945.1,36.316,2358231.9746
1718907240000,64945.1,64971.6,64944,64971.6,25.446,1652961.5681
1718907300000,64971.6,65020,64955.6,64993.4,40.402,2626042.8167
1718907360000,64993.4,65047.9,64989,65039.1,35.229,2290949.6645
1718907420000,65039.1,65039.1,65008.4,65023.1,24.713,1606914.6088
1718907480000,65023.1,65034.4,65021.9,65021.9,32.617,2121175.0341
1718907540000,65021.9,65070.7,65021.9,65070.6,28.066,1825599.4116
1718907600000,65070.6,65099.9,65050.1,65084.3,102.182,6649254.5131
1718907660000,65084.3,65122.6,65064.8,65094.9,205.826,13398562.3869
1718907720000,65094.9,65124.5,65080.9,65105.3,91.513,5957452.2568
1718907780000,65105.3,65114.7,65085.1,65098.8,28.761,1872179.6806
1718907840000,65098.8,65198.8,65095.5,65171.1,150.396,9799928.8377
1718907900000,65171.1,65196,65111.8,65116.6,92.265,6011799.9338
1718907960000,65116.6,65159.4,65112.6,65150.4,154.092,10037710.6121
1718908020000,65150.4,65160,65150,65158.4,19.288,1256705.7593
1718908080000,65158.4,65177,65158.4,65176.9,63.906,4164285.7613
1718908140000,65176.9,65187.8,65150.7,65150.8,25.469,1659622.632
1718908200000,65150.8,65167.3,65087.9,65096.4,127.028,8273135.9196
1718908260000,65096.4,65121.7,65096.4,65101.1,26.672,1736615.0232
1718908320000,65101.1,65101.2,65084.3,65097,51.145,3329220.2234
1718908380000,65097,65105,65071,65071.2,23.433,1525175.8443
1718908440000,65071.2,65086.6,65062,65086.6,39.47,2568431.0159
1718908500000,65086.6,65092.5,65049.7,65049.8,50.294,3272452.2094
1718908560000,65049.8,65049.8,64981.4,64981.4,194.949,12673697.0614
1718908620000,64981.4,65017.9,64976.3,64999.9,57.037,3707165.5883
1718908680000,64999.9,65016.5,64999.9,65014.6,20.634,1341336.1265
1718908740000,65014.6,65039.8,65014.6,65039.8,33.166,2156763.0211
1718908800000,65039.8,65083.7,65039.7,65083.7,45.797,2979917.2087
1718908860000,65083.7,65118.8,65027.7,65044,58.468,3806402.196
1718908920000,65044,65044.1,65002.6,65006.7,8.527,554393.1993
1718908980000,65006.7,65019.6,65000.9,65017,19.019,1236458.9608
1718909040000,65017,65049.8,65011,65049.7,14.736,958251.8949
1718909100000,65049.7,65064.3,65031.4,65055,17.897,1164197.5884
1718909160000,65055,65068.1,65020,65037.9,41.176,2678151.8544
1718909220000,65037.9,65079.6,65037.9,65060.1,15.586,1014064.1346
1718909280000,65060.1,65110.2,65054,65110.1,13.739,894281.0205
1718909340000,65110.1,65121.3,65104.7,65108.2,46.159,3005723.3815
1718909400000,65108.2,65113,65064.4,65072,20.553,1337779.6966
1718909460000,65072,65092.8,65060.9,65092.8,5.703,371150.1151
1718909520000,65092.8,65099.9,65075.2,65085,12.577,818597.3036
1718909580000,65085,65121.3,65084.9,65108.5,13.325,867598.3011
1718909640000,65108.5,65110,65100.9,65102.3,19.208,1250557.1797
1718909700000,65102.3,65139.9,65102.3,65130.7,20.21,1316241.0556
1718909760000,65130.7,65132.9,65120.1,65123.1,10.479,682477.2553
1718909820000,65123.1,65131.3,65120.1,65131.3,5.43,353634.0842
1718909880000,65131.3,65139.8,65130.5,65138,11.552,752440.7628
1718909940000,65138,65140.1,65098.9,65099,50.497,3288860.9382
1718910000000,65099,65099,65062.1,65062.1,36.704,2388786.6375
1718910060000,65062.1,65062.2,65050.8,65050.8,16.018,1042062.5063
1718910120000,65050.8,65050.9,65006.8,65006.8,23.959,1558113.4002
1718910180000,65006.8,65048.8,64985.1,65044.2,39.272,2553533.3233
1718910240000,65044.2,65044.2,64991.3,65012.4,28.745,1868535.3368
1718910300000,65012.4,65033.7,65008.7,65026.7,6.067,394507.2708
1718910360000,65026.7,65033.9,65007.8,65033.8,11.923,775273.9454
1718910420000,65033.8,65058.6,65030.1,65030.1,17.158,1116051.3286
1718910480000,65030.1,65039.1,64991.6,65037,10.653,692561.0509
1718910540000,65037,65042.3,65006.4,65015.7,13.809,898040.1569
1718910600000,65015.7,65027.4,65004.3,65017.9,42.361,2754288.7146
1718910660000,65017.9,65019.5,65006.6,65010.2,35.056,2279034.7958
1718910720000,65010.2,65027.8,65004.6,65018.9,25.214,1639370.9849
1718910780000,65018.9,65018.9,64984.7,64993.4,26.995,1754530.7804
1718910840000,64993.4,65042.1,64988.1,65033.1,102.351,6655282.6869
1718910900000,65033.1,65033.1,65009.1,65013.8,26.801,1742496.2957
1718910960000,65013.8,65016.3,65009.1,65009.1,8.583,558009.8025
1718911020000,65009.1,65022,64986,64986.1,83.05,5399072.1769
1718911080000,64986.1,64986.1,64970,64970,38.988,2533264.9283
1718911140000,64970,64974.1,64952.5,64970.8,43.297,2812805.8165
1718911200000,64970.8,64981.9,64923.8,64951.6,95.657,6212037.6176
1718911260000,64951.6,64957.2,64929.6,64935.6,22.396,1454437.802
1718911320000,64935.6,64935.6,64828.7,64841.6,188.745,12242782.1549
1718911380000,64841.6,64841.6,64820,64820.9,42.507,2755580.7048
1718911440000,64820.9,64840.6,64820,64839.8,42.146,2732128.5796
1718911500000,64839.8,64866.6,64834,64836.5,36.982,2398494.0471
1718911560000,64836.5,64887.4,64836.4,64887.3,23.72,1538722.5442
1718911620000,64887.3,64964.2,64887.3,64964.1,48.319,3137505.0486
1718911680000,64964.1,65095.6,64964.1,65030,372.686,24240929.3987
1718911740000,65030,65099.6,65029.9,65073.2,158.372,10306508.2424
1718911800000,65073.2,65078.1,65036.4,65052.2,113.796,7403338.9778
1718911860000,65052.2,65067.5,65040.6,65050.1,41.836,2721492.9114
1718911920000,65050.1,65050.2,64984.7,64996.6,130.199,8464270.5766
1718911980000,64996.6,65020,64996.6,65019.7,24.349,1582889.8351
1718912040000,65019.7,65038,65005,65030.7,28.062,1824531.4947
1718912100000,65030.7,65047.6,65000.7,65000.7,19.233,1250635.3949
1718912160000,65000.7,65000.8,64974.3,64974.4,18.63,1210649.8229
1718912220000,64974.4,64987.9,64935.3,64977.3,39.001,2533206.4505
1718912280000,64977.3,64991.3,64960,64960.1,10.789,701039.6383
1718912340000,64960.1,64966.4,64940.4,64949.7,13.972,907575.2623
1718912400000,64949.7,64970.4,64925.6,64967.2,41.487,2694441.9424
1718912460000,64967.2,65009.7,64967.2,64999,11.227,729737.5733
1718912520000,64999,64999.9,64962.7,64962.7,26.586,1727703.8057
1718912580000,64962.7,65024.3,64944.7,65020.8,49.944,3245883.3277
1718912640000,65020.8,65020.8,64978.8,65011.3,64.826,4213996.8665
1718912700000,65011.3,65027.8,65001.7,65014.7,20.64,1341823.9339
1718912760000,65014.7,65050,65009.7,65009.7,41.514,2699558.116
1718912820000,65009.7,65023.5,65006.6,65011.1,17.455,1134829.1171
1718912880000,65011.1,65026.4,64974.1,65000,131.016,8515656.287
1718912940000,65000,65016,64949.2,64957.1,58.58,3806374.6672
1718913000000,64957.1,64996.8,64951.9,64995.5,52.733,3425894.3691
1718913060000,64995.5,65011.8,64985,65011.8,14.222,924454.1891
1718913120000,65011.8,65014,64979.3,64979.3,17.732,1152665.1882
1718913180000,64979.3,64989.8,64948.7,64948.7,29.815,1936855.4195
1718913240000,64948.7,64977.2,64930.4,64961.5,30.898,2007025.8347
1718913300000,64961.5,64961.5,64930.4,64945.5,45.356,2945471.5638
1718913360000,64945.5,64957.6,64930.4,64950.6,52.93,3437450.5906
1718913420000,64950.6,64958.3,64888.7,64950.2,121.489,7887264.4156
1718913480000,64950.2,64959.5,64932.6,64959.5,11.318,735067.4019
1718913540000,64959.5,65062.4,64948.7,65042.2,191.357,12444774.5791
1718913600000,65042.2,65094.2,65024.4,65063.9,176.75,11500890.3087
1718913660000,65063.9,65092.9,65056.9,65091,60.584,3942679.1424
1718913720000,65091,65102.7,65084.2,65094.6,36.285,2361970.9718
1718913780000,65094.6,65094.6,65072.6,65094.1,18.061,1175472.9327
1718913840000,65094.1,65110,65083.7,65109.9,25.858,1683230.6203
1718913900000,65109.9,65166.1,65108.8,65166.1,107.438,6998340.1383
1718913960000,65166.1,65173.3,65143,65153.8,37.213,2424779.5074
1718914020000,65153.8,65167.3,65136.6,65166.1,25.575,1666300.4629
1718914080000,65166.1,65166.1,65137.5,65137.6,15.386,1002428.2144
1718914140000,65137.6,65140.1,65128.8,65128.9,8.331,542624.7347
1718914200000,65128.9,65128.9,65089.9,65121.7,91.236,5939915.8849
1718914260000,65121.7,65121.8,65084.2,65084.3,9.99,650316.4394
1718914320000,65084.3,65084.3,65074.9,65075,19.4,1262549.2294
1718914380000,65075,65075,65021.2,65026.2,186.379,12122109.8466
1718914440000,65026.2,65068.2,65026.1,65062.8,30.496,1983760.2418
1718914500000,65062.8,65089.3,65062.7,65089.3,18.247,1187541.8014
1718914560000,65089.3,65099,65074.9,65093.8,13.664,889381.4985
1718914620000,65093.8,65117.3,65093.6,65117.3,41.309,2689342.9036
1718914680000,65117.3,65128.4,65104.9,65105,10.023,652692.0879
1718914740000,65105,65107.3,65100,65107.3,16.762,1091254.8722
1718914800000,65107.3,65123.7,65077.8,65077.8,21.254,1383762.2177
1718914860000,65077.8,65078.1,65066.3,65078.1,8.347,543154.065
1718914920000,65078.1,65078.4,65075.1,65078.3,7.316,476092.2
1718914980000,65078.3,65078.4,65063.2,65063.3,10.824,704308.5332
1718915040000,65063.3,65063.3,65035.1,65035.2,6.955,452382.5313
1718915100000,65035.2,65051.5,65030.5,65034.7,19.054,1239288.1461
1718915160000,65034.7,65040.6,65026.1,65026.2,3.93,255581.1043
1718915220000,65026.2,65027,65010.1,65020.2,22.51,1463631.4384
1718915280000,65020.2,65034.2,65020.2,65026.5,6.388,415399.4387
1718915340000,65026.5,65026.6,65008,65015,15.216,989222.4115
1718915400000,65015,65024.8,65008.1,65008.1,7.707,501103.3621
1718915460000,65008.1,65010.8,65003.6,65003.6,19.187,1247272.977
1718915520000,65003.6,65003.7,64986,64988.5,17.501,1137542.5861
1718915580000,64988.5,65003.6,64988,65003.6,21.489,1396580.0776
1718915640000,65003.6,65004,65002.2,65003.9,6.605,429346.5129
1718915700000,65003.9,65003.9,64988,64988,22.519,1463764.6327
1718915760000,64988,64988.1,64981.1,64981.1,17.241,1120382.878
1718915820000,64981.1,64981.2,64972.1,64976.6,7.782,505625.2936
1718915880000,64976.6,64990.2,64976.6,64978.6,10.61,689462.1485
1718915940000,64978.6,64989.3,64978.6,64989.3,11.058,718574.8539
1718916000000,64989.3,65003.6,64989.3,65003.6,15.676,1018885.7457
1718916060000,65003.6,65021.4,65003.6,65021.4,28.466,1850674.7
1718916120000,65021.4,65021.4,65014.5,65014.5,9.64,626798.5103
1718916180000,65014.5,65022.8,65014.5,65022.8,15.776,1025673.1712
1718916240000,65022.8,65055.2,65022.8,65037,60.837,3956996.5126
1718916300000,65037,65042.8,65032,65042.8,8.594,558907.0465
1718916360000,65042.8,65065.2,65042.8,65065.2,21.271,1383777.2921
1718916420000,65065.2,65065.2,65057.5,65057.6,8.711,566734.4687
1718916480000,65057.6,65058.4,65057.6,65058.3,2.678,174225.7456
1718916540000,65058.3,65064.7,65049,65062.8,11.336,737531.4578
1718916600000,65062.8,65079.8,65062.7,65079.7,14.015,911939.9718
1718916660000,65079.7,65094.4,65079.7,65094.4,17.446,1135519.8694
1718916720000,65094.4,65118.4,65094.3,65106.7,45.61,2969722.1188
1718916780000,65106.7,65106.8,65075.6,65075.6,14.887,969071.1742
1718916840000,65075.6,65075.6,65061.5,65067.5,19.917,1295866.8828
1718916900000,65067.5,65068.6,65067.5,65068.6,1.909,124215.6026
1718916960000,65068.6,65069.3,65053.6,65069.3,18.749,1219907.4092
1718917020000,65069.3,65069.3,65061.7,65064.9,18.656,1213875.9316
1718917080000,65064.9,65064.9,65059.3,65059.6,11.825,769378.4371
1718917140000,65059.6,65093.4,65059.6,65091,52.634,3425555.7117
1718917200000,65091,65093,65053.5,65066.7,135.631,8825585.481
1718917260000,65066.7,65068.4,65060.5,65068.4,17.003,1106282.576
1718917320000,65068.4,65098.8,65068.4,65087.5,7.774,506015.5199
1718917380000,65087.5,65088.2,65077.5,65083.1,4.832,314486.4693
1718917440000,65083.1,65095.6,65083.1,65095.6,5.161,335930.3515
1718917500000,65095.6,65099.7,65095.4,65099.7,8.488,552546.7211
1718917560000,65099.7,65100,65099.6,65099.9,5.444,354403.7946
1718917620000,65099.9,65103.1,65082.6,65082.6,14.123,919332.9015
1718917680000,65082.6,65082.7,65075.6,65075.7,11.347,738480.7983
1718917740000,65075.7,65093.6,65075.6,65090.7,19.003,1236908.1591
1718917800000,65090.7,65090.7,65085.1,65085.1,3.692,240303.02
1718917860000,65085.1,65091.1,65085.1,65091,9.866,642133.5699
1718917920000,65091,65098,65091,65098,34.281,2231411.9701
1718917980000,65098,65098,65097.9,65097.9,6.403,416822.1837
1718918040000,65097.9,65098,65081,65081.1,5.651,367828.2808
1718918100000,65081.1,65081.1,65073.7,65073.8,5.167,336248.513
1718918160000,65073.8,65073.8,65073.7,65073.8,1.432,93185.5575
1718918220000,65073.8,65086,65073.7,65086,3.431,223276.2145
1718918280000,65086,65095.6,65086,65095.5,3.695,240519.9028
1718918340000,65095.5,65100,65095.5,65100,3.219,209553.0107
1718918400000,65100,65100,65097.3,65097.4,14.153,921354.5505
1718918460000,65097.4,65097.4,65090.2,65097.4,13.24,861852.4846
1718918520000,65097.4,65097.4,65097.3,65097.4,4.177,271911.592
1718918580000,65097.4,65097.4,65091.2,65091.2,7.238,471164.4072
1718918640000,65091.2,65091.3,65091.2,65091.2,6.619,430839.1939
1718918700000,65091.2,65105,65091.2,65104.9,43.862,2855068.7765
1718918760000,65104.9,65124.3,65104.9,65124.3,8.821,574397.8077
1718918820000,65124.3,65124.3,65124.2,65124.2,7.107,462838.3809
1718918880000,65124.2,65158.3,65124.2,65156.9,72.402,4716805.8313
1718918940000,65156.9,65175.8,65151.4,65162.3,60.845,3965075.7021
1718919000000,65162.3,65166.1,65157.7,65166.1,7.944,517633.2866
1718919060000,65166.1,65166.1,65157.3,65157.3,5.025,327437.56
1718919120000,65157.3,65157.4,65146.5,65146.5,6.904,449817.6325
1718919180000,65146.5,65146.5,65109.1,65109.1,17.931,1167845.1057
1718919240000,65109.1,65109.2,65028.6,65046.8,187.721,12214204.53
1718919300000,65046.8,65071.5,65046.8,65063.8,43.158,2807783.5093
1718919360000,65063.8,65064,65062,65062,2.698,175539.3239
1718919420000,65062,65062.1,65055,65055,16.5,1073494.467
1718919480000,65055,65061,65025.2,65034.1,65.028,4229412.5642
1718919540000,65034.1,65034.2,65030.1,65030.1,35.122,2284033.2331
1718919600000,65030.1,65030.2,65023.3,65023.3,35.516,2309484.8279
1718919660000,65023.3,65023.4,65022.5,65022.5,13.3,864805.7228
1718919720000,65022.5,65043.3,65022.5,65043.3,39.954,2598175.1785
1718919780000,65043.3,65062,65043.2,65061.3,54.578,3550499.1537
1718919840000,65061.3,65061.3,65061.2,65061.2,5.931,385878.3301
1718919900000,65061.2,65061.3,65043.6,65043.6,21.577,1403583.2572
1718919960000,65043.6,65043.7,65043.6,65043.7,3.719,241897.1992
1718920020000,65043.7,65043.7,65027.5,65029.6,40.308,2621309.975
1718920080000,65029.6,65029.7,64992,64999,133.328,8667099.1202
1718920140000,64999,65008.2,64991,64999.1,24.708,1605995.7929
1718920200000,64999.1,64999.1,64996,64999,28.123,1827914.4294
1718920260000,64999,64999.5,64997.8,64999.4,11.397,740785.3726
1718920320000,64999.4,64999.5,64999.4,64999.5,4.509,293082.6638
1718920380000,64999.5,65000.9,64996,65000.9,51.279,3333040.98
1718920440000,65000.9,65003.5,65000.9,65003.5,17.813,1157886.6985
1718920500000,65003.5,65016,65003.4,65016,28.116,1827795.6752
1718920560000,65016,65016,65015.9,65015.9,8.596,558877.2971
1718920620000,65015.9,65016,65015.9,65016,6.391,415516.875
1718920680000,65016,65016,65012.7,65012.7,3.509,228137.2637
1718920740000,65012.7,65012.8,65012.7,65012.7,0.921,59876.7317
1718920800000,65012.7,65012.8,65004.7,65011.2,25.984,1689191.3198
1718920860000,65011.2,65032.9,65011.2,65032.9,29.691,1930408.6237
1718920920000,65032.9,65036.4,65032.8,65036.4,8.174,531581.5066
1718920980000,65036.4,65048.4,65036.3,65043.8,37.96,2469018.1532
1718921040000,65043.8,65048.9,65043.7,65048.9,35.307,2296527.1126
1718921100000,65048.9,65067.4,65032.8,65043.2,74.535,4848315.6297
1718921160000,65043.2,65054.9,65043.2,65043.8,25.679,1670373.1837
1718921220000,65043.8,65060.1,65043.7,65060.1,17.75,1154572.6305
1718921280000,65060.1,65070,65060,65070,15.703,1021722.2488
1718921340000,65070,65113.8,65069.9,65104.1,80.343,5229827.5312
1718921400000,65104.1,65104.9,65104,65104.9,8.894,579040.0105
1718921460000,65104.9,65104.9,65104,65104,17.635,1148121.2498
1718921520000,65104,65104.1,65104,65104,1.368,89062.3995
1718921580000,65104,65118.8,65104,65118.6,15.92,1036603.3263
1718921640000,65118.6,65118.7,65101.7,65101.7,19.151,1247005.2086
1718921700000,65101.7,65101.7,65069,65069,7.361,479124.6804
1718921760000,65069,65069.1,65067.7,65067.8,4.546,295803.1293
1718921820000,65067.8,65067.8,65034,65034,15.856,1031341.6206
1718921880000,65034,65034,64999.8,64999.8,40.762,2650061.9477
1718921940000,64999.8,65012.1,64999.8,65002.9,13.292,864031.8044
1718922000000,65002.9,65006,65001.1,65001.1,11.816,768075.0612
1718922060000,65001.1,65001.2,64995.1,64995.2,9.433,613112.5745
1718922120000,64995.2,65005.4,64995.1,65005.3,21.066,1369337.7605
1718922180000,65005.3,65005.4,65000.4,65000.5,50.955,3312185.2168
1718922240000,65000.5,65000.5,64995.5,64995.5,25.806,1677396.3675
1718922300000,64995.5,64995.6,64994.1,64995.6,14.279,928069.9656
1718922360000,64995.6,64995.6,64995.5,64995.6,4.409,286565.1901
1718922420000,64995.6,65001,64995.5,65001,10.803,702161.7013
1718922480000,65001,65001,65000.9,65001,8.839,574543.5335
1718922540000,65001,65005.8,65000.9,65005.4,15.472,1005729.4234
1718922600000,65005.4,65009.8,65005.3,65009.8,13.185,857102.313
1718922660000,65009.8,65009.8,65009.7,65009.8,3.049,198214.7108
1718922720000,65009.8,65009.8,64969,64969,29.933,1945301.688
1718922780000,64969,65009.6,64969,64995.5,21.185,1376781.6188
1718922840000,64995.5,64999.4,64988.5,64999.4,15.447,1003905.6222
1718922900000,64999.4,64999.4,64999.3,64999.4,0.672,43679.5812
1718922960000,64999.4,64999.4,64985,64994,7.899,513368.1232
1718923020000,64994,64994.1,64985.2,64985.3,4.07,264503.7193
1718923080000,64985.3,64985.3,64977.8,64977.8,8.376,544260.6169
1718923140000,64977.8,64977.9,64965,64972.1,27.794,1805717.8178
1718923200000,64972.1,64972.1,64964.4,64964.4,30.845,2003892.2488
1718923260000,64964.4,64964.5,64948.2,64950.1,55.526,3606614.4007
1718923320000,64950.1,64955.7,64949.9,64955.2,20.436,1327339.6062
1718923380000,64955.2,64955.3,64954.1,64954.2,4.655,302362.3522
1718923440000,64954.2,64971.7,64954.1,64970.6,43.55,2829081.4456
1718923500000,64970.6,64970.7,64959.7,64959.7,11.375,738962.4341
1718923560000,64959.7,64959.8,64959.7,64959.8,4.445,288746.2252
1718923620000,64959.8,64970.4,64959.7,64970.3,9.763,634203.9926
1718923680000,64970.3,64990.2,64970.3,64990.2,21.612,1404364.4231
1718923740000,64990.2,64995,64971.8,64971.8,22.996,1494465.1235
1718923800000,64971.8,64971.8,64961,64961,11.142,723870.5742
1718923860000,64961,64961.1,64959.5,64961.1,10.863,705661.4141
1718923920000,64961.1,64961.1,64961,64961.1,1.217,79057.545
1718923980000,64961.1,64961.1,64961,64961,9.116,592184.5964
1718924040000,64961,64967.2,64958.1,64958.1,31.622,2054329.753
1718924100000,64958.1,64958.1,64954.6,64954.6,6.655,432284.9961
1718924160000,64954.6,64954.7,64946.3,64946.3,24.661,1601744.3318
1718924220000,64946.3,64947.6,64946.3,64947.5,20.607,1338351.4291
1718924280000,64947.5,64947.6,64938.6,64938.6,18.554,1204956.7529
1718924340000,64938.6,64957.1,64938.6,64957.1,43.761,2841967.2802
1718924400000,64957.1,64961,64950.9,64951.4,57.507,3735407.2769
1718924460000,64951.4,64951.5,64951.2,64951.2,6.293,408738.4491
1718924520000,64951.2,64958,64951.2,64953.7,18.926,1229356.5158
1718924580000,64953.7,64961.9,64953.6,64961.9,13.698,889795.4077
1718924640000,64961.9,65001.1,64961.8,65001.1,116.996,7603501.0939
1718924700000,65001.1,65004,65001,65004,19.596,1273766.5905
1718924760000,65004,65009.1,65003.9,65009,13.559,881404.7234
1718924820000,65009,65009,64993.4,64995,49.202,3198060.8265
1718924880000,64995,65037.9,64995,65015.9,62.664,4074468.1427
1718924940000,65015.9,65023.5,65013.1,65023.4,18.022,1171678.6929
1718925000000,65023.4,65025,65007,65017.5,17.783,1156227.1467
1718925060000,65017.5,65017.5,64990.6,64990.6,7.852,510381.334
1718925120000,64990.6,64990.6,64963.8,64963.9,10.766,699534.6032
1718925180000,64963.9,64974.1,64959.7,64974.1,20.878,1356288.6124
1718925240000,64974.1,64974.1,64953.7,64959.7,8.733,567280.9224
1718925300000,64959.7,64977,64956.8,64977,4.335,281622.2471
1718925360000,64977,64977,64962.3,64970.3,9.485,616271.1885
1718925420000,64970.3,64970.4,64942.2,64957.6,81.806,5313458.377
1718925480000,64957.6,64960,64954.5,64958.3,8.48,550837.2453
1718925540000,64958.3,64962.8,64958.2,64962.8,3.871,251454.1648
1718925600000,64962.8,64962.8,64954.6,64954.6,2.055,133488.512
1718925660000,64954.6,64967.4,64942,64967.3,9.518,618195.4623
1718925720000,64967.3,64973.9,64940,64940,7.146,464225.859
1718925780000,64940,64955.9,64922.5,64951.1,27.179,1764998.0569
1718925840000,64951.1,64980.2,64951,64967.6,19.652,1276753.025
1718925900000,64967.6,64988.9,64944.2,64944.2,45.129,2932084.6244
1718925960000,64944.2,64956.1,64924.6,64942.6,27.59,1791699.5344
1718926020000,64942.6,64956.9,64930.9,64944.2,44.936,2918531.0255
1718926080000,64944.2,64944.2,64928.7,64941.4,15.987,1038114.1677
1718926140000,64941.4,64956,64936.7,64936.8,25.16,1634091.0604
1718926200000,64936.8,64940,64935.1,64939.9,6.877,446568.8949
1718926260000,64939.9,64940,64926.9,64926.9,13.878,901116.6664
1718926320000,64926.9,64936.8,64911,64930.7,24.274,1575845.3007
1718926380000,64930.7,64935,64922.1,64922.1,13.981,907763.724
1718926440000,64922.1,64929.7,64911.2,64929.6,27.4,1778883.7684
1718926500000,64929.6,64929.7,64915.6,64915.7,9.924,644347.5521
1718926560000,64915.7,64933.1,64915.6,64923.1,8.322,540332.5994
1718926620000,64923.1,64929,64916.4,64916.7,9.381,609063.3818
1718926680000,64916.7,64930,64913,64930,20.502,1330909.4462
1718926740000,64930,64943.9,64930,64941.9,8.197,532282.5294
1718926800000,64941.9,64942,64911.2,64911.3,10.588,687409.5591
1718926860000,64911.3,64934.8,64909.7,64930.6,25.002,1623003.1341
1718926920000,64930.6,64930.7,64917.7,64917.8,18.583,1206462.3866
1718926980000,64917.8,64918.7,64911.3,64914.4,4.152,269532.0106
1718927040000,64914.4,64914.5,64914.4,64914.5,3.11,201883.9719
1718927100000,64914.5,64921.9,64911.2,64921.9,6.933,450058.3493
1718927160000,64921.9,64929.9,64915.5,64929.9,18.642,1210230.2278
1718927220000,64929.9,64929.9,64900.8,64900.8,18.449,1197595.3278
1718927280000,64900.8,64922.5,64890.6,64922.5,54.041,3507181.6643
1718927340000,64922.5,64931.5,64895.1,64895.1,12.847,834054.5879
1718927400000,64895.1,64895.8,64892.2,64895,10.618,689044.1829
1718927460000,64895,64906,64883.8,64883.8,17.132,1111753.438
1718927520000,64883.8,64893.5,64872.3,64877.1,33.195,2153746.5753
1718927580000,64877.1,64882.8,64874.2,64877.7,8.184,530953.7555
1718927640000,64877.7,64877.7,64862.6,64865.4,21.878,1419199.0116
1718927700000,64865.4,64867.7,64865.4,64867.6,6.299,408598.556
1718927760000,64867.6,64867.7,64862.6,64862.7,12.619,818535.4852
1718927820000,64862.7,64862.7,64843.3,64843.3,28.316,1836330.1129
1718927880000,64843.3,64843.4,64836,64836.1,13.156,853036.7658
1718927940000,64836.1,64854,64833.6,64853.9,24.175,1567467.0655
1718928000000,64853.9,64854,64849.8,64853.9,20.47,1327551.8857
1718928060000,64853.9,64889.2,64853.9,64880.2,46.569,3020939.4874
1718928120000,64880.2,64884.9,64868.1,64884.9,9.295,603035.3242
1718928180000,64884.9,64905.8,64884.9,64905.8,22.768,1477618.4595
1718928240000,64905.8,64915.5,64905.7,64915.5,21.741,1411254.1682
1718928300000,64915.5,64915.5,64900,64910,76.997,4997578.0358
1718928360000,64910,64910,64865.3,64866.2,54.002,3503776.0065
1718928420000,64866.2,64896.9,64866.1,64880.1,36.921,2395242.2738
1718928480000,64880.1,64881.6,64866.2,64866.2,13.786,894306.3807
1718928540000,64866.2,64866.3,64815,64816.1,59.761,3874772.9636
1718928600000,64816.1,64816.2,64769.4,64772,155.064,10046339.3305
1718928660000,64772,64805,64772,64786.8,45.869,2971935.2058
1718928720000,64786.8,64786.8,64766,64768.4,45.834,2968813.5379
1718928780000,64768.4,64768.5,64729.9,64750,103.211,6682148.2403
1718928840000,64750,64750,64675.8,64703,220.371,14257388.1103
1718928900000,64703,64722,64680,64720,50.619,3275246.2494
1718928960000,64720,64738.5,64689.6,64726.5,70.866,4586209.677
1718929020000,64726.5,64726.6,64665,64683.1,36.766,2378313.6761
1718929080000,64683.1,64686.6,64628,64649.5,117.657,7606130.9085
1718929140000,64649.5,64651.9,64628.1,64635.2,49.036,3169626.1714
1718929200000,64635.2,64635.2,64606.6,64634,86.857,5613156.549
1718929260000,64634,64635.9,64601.1,64621.8,94.488,6105106.7318
1718929320000,64621.8,64680,64620,64666.5,132.156,8545463.9367
1718929380000,64666.5,64778.4,64666.5,64778.4,141.211,9141108.2481
1718929440000,64778.4,64780,64740.8,64752.5,28.607,1852692.4803
1718929500000,64752.5,64752.5,64707,64730,100.53,6506837.204
1718929560000,64730,64789,64724.5,64786.5,45.106,2920993.7177
1718929620000,64786.5,64848.7,64781.6,64828.4,116.876,7575993.8149
1718929680000,64828.4,64857.5,64820.8,64857.5,34.982,2268390.5743
1718929740000,64857.5,64857.5,64810.6,64810.6,57.198,3708480.1391
1718929800000,64810.6,64826.4,64801.3,64803.9,13.248,858583.7086
1718929860000,64803.9,64811.9,64780.4,64788.6,21.292,1379686.1533
1718929920000,64788.6,64788.7,64737.3,64759.2,36.847,2386323.1178
1718929980000,64759.2,64819.6,64759.2,64797.7,35.965,2330660.4019
1718930040000,64797.7,64835.7,64797.6,64835.7,48.023,3112431.6057
1718930100000,64835.7,64866.6,64819.5,64866.6,66.168,4290897.4132
1718930160000,64866.6,64874.9,64840,64874.9,13.838,897434.7007
1718930220000,64874.9,64928.7,64874.5,64903.2,177.585,11526628.4111
1718930280000,64903.2,64903.2,64887,64887,31.366,2035473.1733
1718930340000,64887,64891.9,64804,64832.3,146.968,9529033.429
1718930400000,64832.3,64866.9,64832.3,64866.9,12.825,831654.7688
1718930460000,64866.9,64867.8,64850,64867.7,13.024,844764.5538
1718930520000,64867.7,64884.9,64867.7,64870.2,75.183,4877562.8147
1718930580000,64870.2,64870.3,64833.4,64852,54.412,3529157.0098
1718930640000,64852,64872.8,64852,64872.8,9.418,610851.6612
1718930700000,64872.8,64872.8,64827.2,64834.8,17.966,1164961.4545
1718930760000,64834.8,64854.1,64811.1,64811.2,21.627,1402361.0746
1718930820000,64811.2,64842.3,64770.1,64824.7,50.363,3263662.104
1718930880000,64824.7,64824.7,64780,64810.4,50.876,3297082.5318
1718930940000,64810.4,64818,64774.1,64774.3,15.651,1014057.0699
1718931000000,64774.3,64790.5,64762.3,64762.3,19.275,1248497.1731
1718931060000,64762.3,64791.6,64745.3,64776.4,35.618,2306926.4732
1718931120000,64776.4,64777.5,64725.6,64740.5,29.173,1888761.9986
1718931180000,64740.5,64775.5,64740.4,64759.3,13.892,899738.4698
1718931240000,64759.3,64788.9,64754.4,64776.2,16.861,1092185.4983
1718931300000,64776.2,64783.4,64732.8,64753.3,55.104,3567961.2277
1718931360000,64753.3,64771.5,64744.3,64769.8,13.996,906373.5069
1718931420000,64769.8,64790.1,64765,64779.5,31.335,2029921.7535
1718931480000,64779.5,64822.6,64779.5,64797.2,49.688,3220332.7369
1718931540000,64797.2,64809.4,64760.3,64809.3,39.14,2535225.8974
1718931600000,64809.3,64809.4,64782.1,64799.9,9.523,617084.899
1718931660000,64799.9,64799.9,64762,64790.8,9.068,587442.9946
1718931720000,64790.8,64790.8,64745,64774.8,16.028,1037959.746
1718931780000,64774.8,64832.8,64774.8,64828.2,97.12,6294458.5205
1718931840000,64828.2,64844.8,64816.8,64838.4,37.627,2439349.2104
1718931900000,64838.4,64902,64838.4,64883.5,111.224,7216022.4621
1718931960000,64883.5,64931.4,64883.4,64919,129.291,8392207.1077
1718932020000,64919,64919,64887.5,64898.4,13.926,903772.709
1718932080000,64898.4,64898.5,64868.9,64876.8,17.315,1123421.8463
1718932140000,64876.8,64877.9,64802.2,64812,108.835,7054686.6407
1718932200000,64812,64812.1,64760.8,64760.8,32.581,2110704.1992
1718932260000,64760.8,64760.8,64717.8,64717.9,35.472,2296379.781
1718932320000,64717.9,64737,64680,64680,43.747,2830763.9139
1718932380000,64680,64707.3,64678.5,64685.6,20.666,1336842.1063
1718932440000,64685.6,64690.6,64651.1,64664.5,75.395,4875573.3911
1718932500000,64664.5,64713.2,64650,64713.2,80.772,5224562.9746
1718932560000,64713.2,64736.8,64700.3,64736.8,51.849,3355576.7389
1718932620000,64736.8,64740.5,64711.6,64740.5,32.345,2093848.798
1718932680000,64740.5,64745.7,64718,64730.6,64.114,4150102.7856
1718932740000,64730.6,64743.5,64710,64733.5,11.843,766586.4138
1718932800000,64733.5,64751.1,64733.4,64751.1,20.987,1358851.3012
1718932860000,64751.1,64799.4,64751,64793.9,46.255,2996064.7409
1718932920000,64793.9,64793.9,64770,64793.7,18.297,1185427.7058
1718932980000,64793.7,64816.9,64785.1,64816.9,15.774,1022138.2326
1718933040000,64816.9,64821.5,64805.4,64821.4,16.056,1040660.6633
1718933100000,64821.4,64872,64814.1,64863.5,73.371,4758852.0362
1718933160000,64863.5,64863.5,64834.8,64841.8,17.403,1128610.5445
1718933220000,64841.8,64895.7,64828.2,64869.7,125.972,8171540.8047
1718933280000,64869.7,64878.8,64869.7,64878.8,9.526,617984.1582
1718933340000,64878.8,64915.7,64878.7,64915.6,46.692,3030400.7705
1718933400000,64915.6,64947.5,64908.3,64940.1,51.584,3349149.6357
1718933460000,64940.1,64997.8,64940,64977.2,134.856,8762556.2508
1718933520000,64977.2,65000,64940,65000,81.087,5268641.9697
1718933580000,65000,65000,64970.8,64970.8,39.873,2591297.825
1718933640000,64970.8,64970.9,64940,64945.4,26.935,1749512.6837
1718933700000,64945.4,64963.8,64907.8,64907.8,41.62,2702316.0333
1718933760000,64907.8,64982.8,64904.7,64974.4,202.458,13147460.4756
1718933820000,64974.4,64974.4,64945.2,64964.3,23.234,1509252.0342
1718933880000,64964.3,64970.1,64942.5,64943.7,13.292,863397.6868
1718933940000,64943.7,64943.7,64911.6,64922.3,18.972,1231643.9172
1718934000000,64922.3,64925.6,64910.1,64910.1,14.585,946816.3847
1718934060000,64910.1,64910.2,64901,64901,5.409,351073.9473
1718934120000,64901,64913,64901,64903.8,13.108,850772.0739
1718934180000,64903.8,64903.8,64884,64884,12.224,793264.0958
1718934240000,64884,64894.3,64884,64894.3,6.929,449621.8103
1718934300000,64894.3,64923.3,64894.3,64923.3,10.287,667717.6804
1718934360000,64923.3,64937.5,64923.3,64935.8,4.364,283372.1236
1718934420000,64935.8,64941,64918.9,64930.6,34.37,2231619.952
1718934480000,64930.6,64939.9,64930.5,64939.9,5.233,339798.5047
1718934540000,64939.9,64979.2,64939.9,64962.6,18.366,1193075.4594
1718934600000,64962.6,64962.6,64933.2,64933.3,18.237,1184535.5479
1718934660000,64933.3,64946.1,64904,64904.4,27.474,1783602.1458
1718934720000,64904.4,64920.2,64871.6,64915.4,76.5,4964459.0526
1718934780000,64915.4,64962.4,64904,64910,56.454,3666101.7912
1718934840000,64910,64917.6,64902.7,64915.6,10.578,686612.7058
1718934900000,64915.6,64935.2,64915.6,64935.2,61.243,3975860.6515
1718934960000,64935.2,64950,64935.1,64950,7.064,458779.454
1718935020000,64950,64952,64935.1,64943.7,5.65,366934.8212
1718935080000,64943.7,64952,64942.6,64951.3,8.854,575048.0547
1718935140000,64951.3,64962.5,64951.3,64962.5,5.542,359989.4586
1718935200000,64962.5,64964.1,64946.2,64953.2,16.772,1089415.7601
1718935260000,64953.2,64953.2,64925.8,64929.9,20.462,1328617.5212
1718935320000,64929.9,65014,64929.9,65008.3,44.792,2911222.2557
1718935380000,65008.3,65026.5,64988.1,64999.1,113.313,7366621.9682
1718935440000,64999.1,65055.3,64999.1,65055.3,53.919,3506411.8156
1718935500000,65055.3,65070.7,65011.3,65026.4,56.841,3697141.7306
1718935560000,65026.4,65030,64991.5,64991.8,53.473,3476504.3336
1718935620000,64991.8,64991.9,64920,64940.6,127.751,8295946.7703
1718935680000,64940.6,64941.7,64931.2,64941.7,14.712,955361.3857
1718935740000,64941.7,64950,64941.6,64950,9.862,640512.8279
1718935800000,64950,64963.8,64900,64903.5,42.671,2770776.0211
1718935860000,64903.5,64905.6,64856.4,64904.3,128.281,8321602.0988
1718935920000,64904.3,64917.5,64901.8,64901.9,8.127,527518.2983
1718935980000,64901.9,64913.9,64901.8,64913.9,15.571,1010651.4584
1718936040000,64913.9,64914.2,64913.9,64914.2,1.739,112885.7452
1718936100000,64914.2,64914.2,64914.1,64914.2,1.212,78675.9939
1718936160000,64914.2,64914.2,64860.8,64867.8,38.348,2488087.6158
1718936220000,64867.8,64900,64867.8,64885.9,22.835,1481723.8134
1718936280000,64885.9,64900.5,64881.3,64900.5,13.953,905360.718
1718936340000,64900.5,64901,64895.6,64899,4.384,284517.8906
1718936400000,64899,64899,64891.3,64891.4,4.612,299295.4782
1718936460000,64891.4,64891.4,64879.9,64880.1,33.391,2166577.5644
1718936520000,64880.1,64880.3,64868.8,64868.8,15.091,979020.1998
1718936580000,64868.8,64886.5,64868.8,64886.4,17.551,1138525.0454
1718936640000,64886.4,64900,64886.4,64899.9,4.443,288320.0265
1718936700000,64899.9,64900,64893.5,64893.6,10.593,687463.6174
1718936760000,64893.6,64909.2,64893.5,64895.6,13.728,890902.217
1718936820000,64895.6,64914.1,64895.6,64914,11.137,722829.8237
1718936880000,64914,64914.1,64914,64914.1,1.812,117624.338
1718936940000,64914.1,64928.3,64879,64879,35.29,2290711.4601
1718937000000,64879,64899.9,64879,64889.7,21.693,1407553.3902
1718937060000,64889.7,64889.7,64855,64855,13.656,885930.7823
1718937120000,64855,64869.8,64846.5,64846.5,27.362,1774655.3485
1718937180000,64846.5,64846.6,64810.9,64825.1,65.615,4253349.4452
1718937240000,64825.1,64831.2,64784.8,64795,70.601,4575393.7831
1718937300000,64795,64803.9,64782.2,64800.1,33.756,2187133.5178
1718937360000,64800.1,64800.1,64782.6,64782.6,12.509,810483.9308
1718937420000,64782.6,64783.2,64757,64757,17.146,1110598.3587
1718937480000,64757,64769,64740.8,64764.8,39.037,2527565.6163
1718937540000,64764.8,64764.8,64700.5,64707.6,122.682,7939528.9658
1718937600000,64707.6,64733.3,64700,64721.1,86.005,5565348.9271
1718937660000,64721.1,64751.9,64707.6,64751.9,35.707,2311222.2451
1718937720000,64751.9,64770.4,64744,64770,33.58,2174534.3436
1718937780000,64770,64790.7,64770,64773,23.828,1543515.5974
1718937840000,64773,64807.1,64773,64790.9,35.176,2279172.5555
1718937900000,64790.9,64790.9,64750.4,64780.9,26.728,1731205.7787
1718937960000,64780.9,64781,64757.6,64757.7,18.059,1169647.5738
1718938020000,64757.7,64758.1,64734.5,64758,28.028,1814581.405
1718938080000,64758,64788.3,64758,64781,42.429,2748440.9861
1718938140000,64781,64798.7,64763.8,64777.6,28.226,1828572.4057
1718938200000,64777.6,64804.6,64777.6,64795.1,16.608,1076151.7728
1718938260000,64795.1,64804.3,64750,64763.6,29.111,1885756.8105
1718938320000,64763.6,64763.7,64743.3,64748.3,44.901,2907292.6334
1718938380000,64748.3,64757.6,64721.9,64757.6,61.52,3982402.0931
1718938440000,64757.6,64781.5,64721.9,64726,42.529,2753860.0614
1718938500000,64726,64752.9,64711,64747.1,41.468,2683765.8354
1718938560000,64747.1,64757.9,64740.6,64752.9,23.253,1505696.296
1718938620000,64752.9,64787.9,64752.9,64761.5,28.553,1849497.7155
1718938680000,64761.5,64770.1,64750,64764.3,19.757,1279406.9059
1718938740000,64764.3,64764.6,64752.7,64763.9,8.532,552537.9932
1718938800000,64763.9,64763.9,64742.2,64752.6,15.779,1021749.3383
1718938860000,64752.6,64753,64727,64727.1,10.329,668719.262
1718938920000,64727.1,64728.3,64711,64715.1,27.475,1778121.5515
1718938980000,64715.1,64769.2,64713.2,64729.9,43.88,2840979.9421
1718939040000,64729.9,64744,64704.1,64744,39.665,2567096.7544
1718939100000,64744,64759.1,64720.4,64720.4,44.567,2885894.8601
1718939160000,64720.4,64771.6,64720.4,64750.2,22.86,1480256.3199
1718939220000,64750.2,64775.9,64741.9,64768.4,26.633,1724661.8521
1718939280000,64768.4,64768.4,64750,64750,2.851,184621.0798
1718939340000,64750,64792.2,64743.7,64779.4,18.682,1209909.9924
1718939400000,64779.4,64781.5,64728.7,64781.5,21.276,1377765.661
1718939460000,64781.5,64783,64764.8,64782.8,6.26,405507.1622
1718939520000,64782.8,64787.1,64767.4,64767.4,8.798,569950.7594
1718939580000,64767.4,64785.8,64760,64779,23.808,1541910.0354
1718939640000,64779,64802.4,64770.7,64782.2,36.211,2346069.2766
1718939700000,64782.2,64782.2,64747.7,64747.7,34.255,2218702.0172
1718939760000,64747.7,64781.9,64741.4,64773.7,30.385,1967913.6985
1718939820000,64773.7,64788.5,64757.5,64760.6,35.938,2327781.9817
1718939880000,64760.6,64783.9,64742.6,64783.9,27.956,1810394.4244
1718939940000,64783.9,64787.8,64783.9,64785.9,6.701,434135.9562
1718940000000,64785.9,64801.8,64785.9,64801.8,15.784,1022660.0604
1718940060000,64801.8,64802.4,64786.9,64786.9,11.414,739601.8341
1718940120000,64786.9,64787,64767.8,64786.3,6.409,415151.9073
1718940180000,64786.3,64797.9,64780.9,64790.8,2.015,130545.1185
1718940240000,64790.8,64795.8,64779.5,64779.6,10.269,665276.5734
1718940300000,64779.6,64779.6,64766.4,64766.4,3.287,212907.7108
1718940360000,64766.4,64769.7,64762.8,64762.8,3.591,232572.7104
1718940420000,64762.8,64773.9,64751.2,64770,6.846,443362.6939
1718940480000,64770,64771,64770,64771,2.243,145280.465
1718940540000,64771,64774.1,64751.6,64752,15.743,1019656.0359
1718940600000,64752,64759.8,64728.1,64729.1,8.884,575159.6896
1718940660000,64729.1,64731,64680.6,64690.3,101.32,6555173.0239
1718940720000,64690.3,64690.3,64606.1,64662,302.096,19526438.0591
1718940780000,64662,64680,64650,64651,52.265,3379812.4369
1718940840000,64651,64700,64650.9,64699.8,22.66,1465730.7889
1718940900000,64699.8,64743.8,64698.6,64743.8,27.042,1750080.1228
1718940960000,64743.8,64744.2,64700.8,64706.8,18.876,1221717.7661
1718941020000,64706.8,64728.4,64698.7,64707.9,18.831,1218553.8988
1718941080000,64707.9,64740,64707.8,64715.6,22.497,1456321.255
1718941140000,64715.6,64733.2,64715.6,64728.6,12.696,821759.3586
1718941200000,64728.6,64761.4,64728.5,64730.9,32.64,2113380.479
1718941260000,64730.9,64732.4,64704.4,64704.5,13.555,877152.2707
1718941320000,64704.5,64704.5,64693.3,64695.4,11.321,732466.0571
1718941380000,64695.4,64750.6,64695.4,64745.7,26.9,1740793.2055
1718941440000,64745.7,64770,64721.3,64721.4,18.986,1229417.8982
1718941500000,64721.4,64749.2,64714.8,64743.2,11.35,734708.325
1718941560000,64743.2,64753.1,64730.9,64745,8.929,578118.353
1718941620000,64745,64748.8,64699.1,64714.5,45.76,2961449.6781
1718941680000,64714.5,64727,64701.7,64727,10.384,671960.6004
1718941740000,64727,64727,64697.9,64697.9,8.06,521582.1995
