timestamp,open,high,low,close,volume,turnover
2022-03-27 00:00:00,44338.0,44338.5,44338.0,44338.0,0.964,42741.858
2022-03-27 00:01:00,44338.0,44338.5,44338.0,44338.5,1.856,82291.374
2022-03-27 00:02:00,44338.5,44338.5,44338.0,44338.5,2.852,126453.0585
2022-03-27 00:03:00,44338.5,44364.0,44338.0,44359.5,11.065,490731.8235
2022-03-27 00:04:00,44359.5,44359.5,44352.0,44352.5,4.423,196190.413
2022-03-27 00:05:00,44352.5,44352.5,44349.5,44349.5,6.739,298887.5145
2022-03-27 00:06:00,44349.5,44350.0,44349.5,44350.0,0.717,31798.7085
2022-03-27 00:07:00,44350.0,44381.5,44349.5,44381.0,22.932,1017628.5815
2022-03-27 00:08:00,44381.0,44381.5,44379.0,44379.0,7.959,353228.139
2022-03-27 00:09:00,44379.0,44379.0,44375.5,44376.0,2.818,125051.306
2022-03-27 00:10:00,44376.0,44420.0,44376.0,44416.0,52.865,2347504.8255
2022-03-27 00:11:00,44416.0,44423.0,44415.0,44415.0,38.323,1702254.752
2022-03-27 00:12:00,44415.0,44415.0,44389.0,44389.5,21.058,935065.113
2022-03-27 00:13:00,44389.5,44389.5,44388.5,44389.0,10.85,481620.586
2022-03-27 00:14:00,44389.0,44389.0,44382.0,44382.0,7.082,314360.615
2022-03-27 00:15:00,44382.0,44382.5,44382.0,44382.0,2.204,97818.0675
2022-03-27 00:16:00,44382.0,44382.5,44382.0,44382.5,1.984,88054.7435
2022-03-27 00:17:00,44382.5,44387.0,44382.5,44387.0,9.432,418653.1615
2022-03-27 00:18:00,44387.0,44387.0,44386.0,44386.0,7.545,334895.5585
2022-03-27 00:19:00,44386.0,44386.5,44380.0,44380.0,4.417,196031.688
2022-03-27 00:20:00,44380.0,44380.5,44374.0,44374.5,11.43,507222.1895
2022-03-27 00:21:00,44374.5,44374.5,44374.0,44374.5,3.063,135918.708
2022-03-27 00:22:00,44374.5,44374.5,44374.0,44374.5,0.336,14909.7895
2022-03-27 00:23:00,44374.5,44374.5,44374.0,44374.5,2.019,89591.343
2022-03-27 00:24:00,44374.5,44382.0,44374.0,44382.0,8.433,374236.645
2022-03-27 00:25:00,44382.0,44389.0,44382.0,44389.0,2.153,95563.476
2022-03-27 00:26:00,44389.0,44415.5,44388.5,44415.5,17.905,795013.906
2022-03-27 00:27:00,44415.5,44415.5,44415.0,44415.0,2.287,101577.6165
2022-03-27 00:28:00,44415.0,44416.0,44415.0,44416.0,10.102,448685.746
2022-03-27 00:29:00,44416.0,44420.5,44397.5,44397.5,51.638,2293421.3885
2022-03-27 00:30:00,44397.5,44410.5,44397.5,44410.0,5.982,265625.1265
2022-03-27 00:31:00,44410.0,44411.5,44410.0,44411.0,3.001,133278.0055
2022-03-27 00:32:00,44411.0,44420.0,44411.0,44419.5,21.327,947259.5175
2022-03-27 00:33:00,44419.5,44420.0,44419.5,44420.0,3.953,175591.534
2022-03-27 00:34:00,44420.0,44420.0,44419.5,44420.0,5.067,225074.4605
2022-03-27 00:35:00,44420.0,44420.0,44409.0,44409.0,7.108,315688.041
2022-03-27 00:36:00,44409.0,44409.5,44409.0,44409.0,2.98,132339.6165
2022-03-27 00:37:00,44409.0,44409.5,44409.0,44409.5,2.288,101608.4715
2022-03-27 00:38:00,44409.5,44409.5,44409.0,44409.0,2.949,130962.4765
2022-03-27 00:39:00,44409.0,44409.5,44395.0,44395.0,6.784,301243.6845
2022-03-27 00:40:00,44395.0,44395.5,44364.5,44364.5,19.11,848034.712
2022-03-27 00:41:00,44364.5,44374.5,44364.5,44374.0,6.189,274579.0865
2022-03-27 00:42:00,44374.0,44374.5,44374.0,44374.0,2.959,131303.389
2022-03-27 00:43:00,44374.0,44387.0,44374.0,44384.5,4.603,204289.9995
2022-03-27 00:44:00,44384.5,44399.5,44384.5,44399.5,11.754,521826.905
2022-03-27 00:45:00,44399.5,44400.0,44399.5,44400.0,2.139,94971.505
2022-03-27 00:46:00,44400.0,44400.0,44399.5,44399.5,2.572,114195.5455
2022-03-27 00:47:00,44399.5,44400.0,44399.5,44400.0,3.439,152691.516
2022-03-27 00:48:00,44400.0,44401.0,44399.5,44400.5,3.408,151316.1985
2022-03-27 00:49:00,44400.5,44406.5,44354.5,44360.0,64.597,2867685.2535
2022-03-27 00:50:00,44360.0,44375.0,44359.5,44375.0,6.979,309638.011
2022-03-27 00:51:00,44375.0,44395.0,44375.0,44383.0,19.864,881710.4525
2022-03-27 00:52:00,44383.0,44383.5,44383.0,44383.0,2.988,132617.414
2022-03-27 00:53:00,44383.0,44383.5,44380.5,44381.0,1.858,82463.4125
2022-03-27 00:54:00,44381.0,44381.0,44367.0,44367.0,7.273,322732.8525
2022-03-27 00:55:00,44367.0,44367.5,44362.5,44363.0,3.748,166274.296
2022-03-27 00:56:00,44363.0,44363.0,44360.0,44360.0,2.248,99725.51
2022-03-27 00:57:00,44360.0,44360.5,44354.0,44354.0,5.145,228223.389
2022-03-27 00:58:00,44354.0,44354.5,44340.0,44340.0,28.569,1267036.5965
2022-03-27 00:59:00,44340.0,44340.0,44302.0,44302.5,124.701,5526070.512
2022-03-27 01:00:00,44302.5,44302.5,44275.0,44290.0,134.804,5969998.66
2022-03-27 01:01:00,44290.0,44290.5,44280.0,44280.0,24.506,1085360.5475
2022-03-27 01:02:00,44280.0,44280.0,44276.5,44277.0,7.027,311136.281
2022-03-27 01:03:00,44277.0,44277.0,44270.5,44270.5,37.138,1644241.2535
2022-03-27 01:04:00,44270.5,44271.0,44270.5,44271.0,3.25,143879.859
2022-03-27 01:05:00,44271.0,44271.0,44270.5,44271.0,3.791,167831.249
2022-03-27 01:06:00,44271.0,44314.0,44270.5,44279.0,40.36,1787850.7865
2022-03-27 01:07:00,44279.0,44280.0,44278.5,44280.0,3.133,138726.637
2022-03-27 01:08:00,44280.0,44312.5,44279.5,44312.5,51.79,2293986.0635
2022-03-27 01:09:00,44312.5,44312.5,44285.5,44285.5,8.828,391100.7635
2022-03-27 01:10:00,44285.5,44294.0,44283.5,44294.0,6.185,273905.1985
2022-03-27 01:11:00,44294.0,44301.5,44284.5,44284.5,22.2,983453.923
2022-03-27 01:12:00,44284.5,44315.5,44276.0,44305.0,42.663,1889646.5945
2022-03-27 01:13:00,44305.0,44305.5,44305.0,44305.0,1.567,69426.456
2022-03-27 01:14:00,44305.0,44305.5,44291.0,44297.0,11.519,510311.543
2022-03-27 01:15:00,44297.0,44300.0,44297.0,44299.5,4.689,207721.8835
2022-03-27 01:16:00,44299.5,44300.0,44282.5,44291.5,74.11,3282346.2515
2022-03-27 01:17:00,44291.5,44308.0,44291.5,44307.5,17.135,758984.416
2022-03-27 01:18:00,44307.5,44308.0,44293.0,44293.0,3.667,162454.9095
2022-03-27 01:19:00,44293.0,44306.5,44288.0,44306.5,5.086,225276.5895
2022-03-27 01:20:00,44306.5,44312.5,44299.0,44306.5,11.074,490654.5565
2022-03-27 01:21:00,44306.5,44317.5,44306.5,44317.5,2.528,112019.3845
2022-03-27 01:22:00,44317.5,44320.0,44300.0,44300.5,4.884,216429.4045
2022-03-27 01:23:00,44300.5,44319.5,44300.5,44319.0,1.872,82951.2565
2022-03-27 01:24:00,44319.0,44319.5,44319.0,44319.5,1.117,49504.8435
2022-03-27 01:25:00,44319.5,44319.5,44319.0,44319.5,5.497,243623.703
2022-03-27 01:26:00,44319.5,44327.0,44319.0,44327.0,2.66,117898.1295
2022-03-27 01:27:00,44327.0,44327.0,44326.5,44326.5,9.396,416496.4795
2022-03-27 01:28:00,44326.5,44329.0,44326.5,44326.5,3.867,171418.0845
2022-03-27 01:29:00,44326.5,44327.0,44326.5,44327.0,17.155,760429.5355
2022-03-27 01:30:00,44327.0,44333.5,44326.5,44333.5,3.057,135516.254
2022-03-27 01:31:00,44333.5,44365.5,44333.0,44343.5,26.353,1168907.5935
2022-03-27 01:32:00,44343.5,44366.0,44343.5,44365.5,10.316,457571.3145
2022-03-27 01:33:00,44365.5,44378.0,44365.5,44374.0,32.714,1451680.5105
2022-03-27 01:34:00,44374.0,44374.0,44365.5,44374.0,3.501,155341.662
2022-03-27 01:35:00,44374.0,44378.0,44373.5,44378.0,3.652,162059.285
2022-03-27 01:36:00,44378.0,44391.0,44377.5,44390.5,20.869,926321.4405
2022-03-27 01:37:00,44390.5,44419.0,44390.5,44419.0,114.916,5103698.4065
2022-03-27 01:38:00,44419.0,44450.0,44418.5,44447.0,167.81,7457890.9945
2022-03-27 01:39:00,44447.0,44447.0,44443.5,44444.0,30.646,1362049.019
2022-03-27 01:40:00,44444.0,44454.0,44439.0,44453.5,68.717,3054265.234
2022-03-27 01:41:00,44453.5,44461.5,44453.5,44461.5,37.972,1688181.5225
2022-03-27 01:42:00,44461.5,44488.5,44461.0,44488.0,160.435,7135552.6445
2022-03-27 01:43:00,44488.0,44520.5,44485.5,44511.0,186.171,8284515.4375
2022-03-27 01:44:00,44511.0,44528.0,44505.0,44505.0,130.655,5815769.5565
2022-03-27 01:45:00,44505.0,44661.0,44505.0,44637.5,668.62,29816094.163
2022-03-27 01:46:00,44637.5,44733.5,44637.5,44711.5,480.786,21481710.82
2022-03-27 01:47:00,44711.5,44727.5,44633.0,44633.5,145.415,6496369.079
2022-03-27 01:48:00,44633.5,44642.0,44606.0,44642.0,129.297,5769064.3515
2022-03-27 01:49:00,44642.0,44711.0,44642.0,44667.0,145.697,6509457.868
2022-03-27 01:50:00,44667.0,44684.0,44615.0,44684.0,83.442,3725298.0665
2022-03-27 01:51:00,44684.0,44700.0,44684.0,44700.0,47.35,2116283.8235
2022-03-27 01:52:00,44700.0,44719.5,44675.5,44719.5,83.782,3744706.3875
2022-03-27 01:53:00,44719.5,44720.0,44683.0,44683.5,29.977,1340084.1515
2022-03-27 01:54:00,44683.5,44689.0,44683.0,44688.5,15.286,683057.178
2022-03-27 01:55:00,44688.5,44689.0,44629.5,44670.5,41.919,1871993.483
2022-03-27 01:56:00,44670.5,44671.0,44642.0,44642.0,23.045,1029203.212
2022-03-27 01:57:00,44642.0,44715.0,44642.0,44700.0,50.777,2268584.546
2022-03-27 01:58:00,44700.0,44716.0,44689.0,44702.5,55.807,2494706.225
2022-03-27 01:59:00,44702.5,44702.5,44655.0,44661.0,42.723,1908716.3445
2022-03-27 02:00:00,44661.0,44699.0,44660.5,44698.5,25.772,1151545.065
2022-03-27 02:01:00,44698.5,44699.0,44698.5,44698.5,8.393,375155.5525
2022-03-27 02:02:00,44698.5,44699.0,44683.5,44694.0,26.333,1176831.141
2022-03-27 02:03:00,44694.0,44694.5,44688.0,44688.5,26.677,1192221.43
2022-03-27 02:04:00,44688.5,44745.0,44688.0,44745.0,85.538,3825748.8
2022-03-27 02:05:00,44745.0,44750.0,44732.5,44750.0,54.449,2436262.974
2022-03-27 02:06:00,44750.0,44750.0,44711.0,44711.0,122.158,5463652.046
2022-03-27 02:07:00,44711.0,44739.0,44711.0,44738.5,36.512,1632737.318
2022-03-27 02:08:00,44738.5,44739.0,44656.5,44659.5,93.538,4180096.9425
2022-03-27 02:09:00,44659.5,44698.0,44659.5,44691.5,38.171,1705495.128
2022-03-27 02:10:00,44691.5,44691.5,44680.0,44680.0,27.243,1217320.766
2022-03-27 02:11:00,44680.0,44691.0,44676.0,44676.0,24.057,1074987.4825
2022-03-27 02:12:00,44676.0,44678.5,44663.0,44678.0,19.797,884348.419
2022-03-27 02:13:00,44678.0,44683.0,44678.0,44682.5,9.963,445166.682
2022-03-27 02:14:00,44682.5,44683.0,44678.0,44678.5,7.641,341393.0855
2022-03-27 02:15:00,44678.5,44678.5,44628.0,44629.0,56.424,2519425.155
2022-03-27 02:16:00,44629.0,44631.5,44586.0,44586.0,159.697,7124449.705
2022-03-27 02:17:00,44586.0,44586.5,44548.5,44549.0,102.428,4564278.837
2022-03-27 02:18:00,44549.0,44549.0,44510.0,44532.0,73.868,3288929.9915
2022-03-27 02:19:00,44532.0,44540.5,44410.0,44422.5,217.842,9688171.684
2022-03-27 02:20:00,44422.5,44521.5,44422.0,44493.5,141.771,6306928.7245
2022-03-27 02:21:00,44493.5,44559.5,44493.5,44521.0,115.155,5129001.7925
2022-03-27 02:22:00,44521.0,44555.0,44521.0,44531.0,32.705,1456677.72
2022-03-27 02:23:00,44531.0,44531.5,44509.0,44509.0,38.763,1725829.3805
2022-03-27 02:24:00,44509.0,44510.0,44508.5,44510.0,30.909,1375753.6455
2022-03-27 02:25:00,44510.0,44550.0,44509.5,44550.0,23.884,1063602.288
2022-03-27 02:26:00,44550.0,44550.0,44543.0,44543.5,41.884,1865878.129
2022-03-27 02:27:00,44543.5,44548.5,44543.0,44548.0,15.439,687721.2035
2022-03-27 02:28:00,44548.0,44548.5,44525.0,44525.0,29.8,1327165.3515
2022-03-27 02:29:00,44525.0,44525.5,44524.0,44524.0,8.545,380467.46
2022-03-27 02:30:00,44524.0,44524.5,44520.0,44520.0,18.213,810900.851
2022-03-27 02:31:00,44520.0,44520.5,44518.5,44518.5,8.746,389372.3195
2022-03-27 02:32:00,44518.5,44518.5,44457.5,44475.0,132.857,5909546.9515
2022-03-27 02:33:00,44475.0,44475.0,44444.5,44445.0,34.6,1538309.524
2022-03-27 02:34:00,44445.0,44450.5,44441.0,44441.0,18.855,838041.773
2022-03-27 02:35:00,44441.0,44441.0,44366.5,44400.0,195.099,8662511.583
2022-03-27 02:36:00,44400.0,44400.0,44260.0,44303.5,363.005,16095179.024
2022-03-27 02:37:00,44303.5,44353.0,44300.5,44352.5,96.822,4291335.8005
2022-03-27 02:38:00,44352.5,44388.0,44352.5,44380.0,62.193,2759865.362
2022-03-27 02:39:00,44380.0,44380.5,44270.0,44271.5,144.265,6396197.657
2022-03-27 02:40:00,44271.5,44341.5,44271.0,44331.0,66.839,2960806.8475
2022-03-27 02:41:00,44331.0,44369.0,44330.5,44369.0,16.311,723259.2305
2022-03-27 02:42:00,44369.0,44431.0,44368.5,44391.5,54.85,2435942.594
2022-03-27 02:43:00,44391.5,44401.0,44338.0,44338.0,69.89,3101458.552
2022-03-27 02:44:00,44338.0,44367.5,44338.0,44367.5,15.108,670109.5085
2022-03-27 02:45:00,44367.5,44367.5,44291.0,44303.5,86.152,3817953.354
2022-03-27 02:46:00,44303.5,44311.0,44303.5,44311.0,13.238,586562.0595
2022-03-27 02:47:00,44311.0,44311.0,44310.5,44310.5,6.394,283323.677
2022-03-27 02:48:00,44310.5,44315.5,44310.5,44310.5,43.804,1941072.7195
2022-03-27 02:49:00,44310.5,44311.0,44292.5,44293.0,22.784,1009309.405
2022-03-27 02:50:00,44293.0,44293.0,44292.5,44292.5,12.581,557246.743
2022-03-27 02:51:00,44292.5,44304.0,44292.5,44301.5,24.108,1067958.8
2022-03-27 02:52:00,44301.5,44308.0,44301.5,44308.0,13.979,619312.335
2022-03-27 02:53:00,44308.0,44336.0,44307.5,44328.0,31.298,1387343.456
2022-03-27 02:54:00,44328.0,44343.5,44319.0,44343.0,36.817,1632160.5655
2022-03-27 02:55:00,44343.0,44343.5,44318.5,44318.5,9.575,424528.9455
2022-03-27 02:56:00,44318.5,44318.5,44310.0,44310.5,13.923,616947.4965
2022-03-27 02:57:00,44310.5,44315.5,44310.0,44315.0,3.091,136972.909
2022-03-27 02:58:00,44315.0,44315.5,44280.0,44287.0,58.395,2586719.5445
2022-03-27 02:59:00,44287.0,44287.5,44240.0,44251.0,100.95,4468508.515
2022-03-27 03:00:00,44251.0,44267.0,44211.0,44267.0,147.327,6516336.5355
2022-03-27 03:01:00,44267.0,44289.0,44266.5,44289.0,32.602,1443425.6065
2022-03-27 03:02:00,44289.0,44301.0,44288.5,44300.5,11.833,524169.13
2022-03-27 03:03:00,44300.5,44301.0,44288.0,44288.0,20.402,903702.3615
2022-03-27 03:04:00,44288.0,44288.0,44287.5,44288.0,6.847,303239.2125
2022-03-27 03:05:00,44288.0,44288.5,44287.5,44288.5,11.805,522817.892
2022-03-27 03:06:00,44288.5,44325.5,44288.5,44325.5,34.911,1547087.086
2022-03-27 03:07:00,44325.5,44326.0,44325.5,44326.0,4.659,206514.748
2022-03-27 03:08:00,44326.0,44328.5,44325.5,44328.5,8.327,369109.15
2022-03-27 03:09:00,44328.5,44337.0,44328.0,44337.0,7.321,324562.28
2022-03-27 03:10:00,44337.0,44337.0,44331.0,44331.5,35.004,1551845.9735
2022-03-27 03:11:00,44331.5,44331.5,44328.0,44328.0,6.985,309646.5765
2022-03-27 03:12:00,44328.0,44333.5,44328.0,44333.5,6.763,299817.472
2022-03-27 03:13:00,44333.5,44333.5,44333.0,44333.0,1.452,64371.84
2022-03-27 03:14:00,44333.0,44333.5,44331.0,44331.0,5.588,247727.163
2022-03-27 03:15:00,44331.0,44331.5,44331.0,44331.0,4.26,188850.6505
2022-03-27 03:16:00,44331.0,44334.0,44331.0,44334.0,11.719,519535.2195
2022-03-27 03:17:00,44334.0,44338.0,44334.0,44338.0,18.609,825064.4935
2022-03-27 03:18:00,44338.0,44338.0,44337.0,44337.5,27.684,1227438.266
2022-03-27 03:19:00,44337.5,44400.0,44337.5,44399.5,60.9,2701405.1845
2022-03-27 03:20:00,44399.5,44400.0,44361.0,44361.0,32.109,1424819.15
2022-03-27 03:21:00,44361.0,44361.5,44355.0,44355.0,26.315,1167337.8635
2022-03-27 03:22:00,44355.0,44367.0,44352.5,44367.0,14.397,638608.306
2022-03-27 03:23:00,44367.0,44380.0,44367.0,44380.0,13.459,597181.88
2022-03-27 03:24:00,44380.0,44380.0,44367.5,44368.0,9.89,438843.311
2022-03-27 03:25:00,44368.0,44368.0,44367.5,44368.0,6.748,299393.7365
2022-03-27 03:26:00,44368.0,44368.0,44361.0,44361.5,18.741,831471.3845
2022-03-27 03:27:00,44361.5,44370.0,44361.0,44370.0,37.81,1677356.081
2022-03-27 03:28:00,44370.0,44405.0,44370.0,44405.0,21.694,962903.264
2022-03-27 03:29:00,44405.0,44405.0,44394.0,44394.0,16.277,722675.609
2022-03-27 03:30:00,44394.0,44394.5,44361.0,44361.0,21.063,934923.5025
2022-03-27 03:31:00,44361.0,44361.5,44347.5,44347.5,17.842,791309.0745
2022-03-27 03:32:00,44347.5,44348.0,44345.5,44347.0,9.891,438635.225
2022-03-27 03:33:00,44347.0,44348.5,44347.0,44348.5,12.887,571508.8185
2022-03-27 03:34:00,44348.5,44366.5,44348.0,44366.5,8.769,388946.333
2022-03-27 03:35:00,44366.5,44366.5,44366.0,44366.5,3.75,166374.207
2022-03-27 03:36:00,44366.5,44418.0,44366.5,44372.0,31.193,1384630.6995
2022-03-27 03:37:00,44372.0,44407.5,44372.0,44407.5,8.383,372048.8645
2022-03-27 03:38:00,44407.5,44407.5,44372.0,44395.0,20.913,928270.88
2022-03-27 03:39:00,44395.0,44395.0,44370.0,44370.5,6.858,304391.6505
2022-03-27 03:40:00,44370.5,44400.0,44370.0,44400.0,10.072,447061.5645
2022-03-27 03:41:00,44400.0,44419.5,44399.5,44419.5,8.927,396426.814
2022-03-27 03:42:00,44419.5,44423.5,44407.5,44407.5,6.347,281918.0205
2022-03-27 03:43:00,44407.5,44425.0,44405.0,44411.5,9.851,437489.085
2022-03-27 03:44:00,44411.5,44412.0,44358.5,44375.0,41.272,1831453.21
2022-03-27 03:45:00,44375.0,44398.5,44374.5,44398.0,6.798,301736.163
2022-03-27 03:46:00,44398.0,44398.0,44384.0,44384.5,4.053,179919.8305
2022-03-27 03:47:00,44384.5,44384.5,44384.0,44384.0,2.431,107898.188
2022-03-27 03:48:00,44384.0,44384.5,44384.0,44384.5,5.946,263907.875
2022-03-27 03:49:00,44384.5,44398.0,44384.5,44398.0,6.735,298956.668
2022-03-27 03:50:00,44398.0,44398.0,44398.0,44398.0,0.116,5150.168
2022-03-27 03:51:00,44398.0,44398.0,44398.0,44398.0,0.166,7370.068
2022-03-27 03:52:00,44398.0,44398.0,44397.5,44398.0,3.472,154148.9145
2022-03-27 03:53:00,44398.0,44400.0,44398.0,44400.0,8.325,369620.7695
2022-03-27 03:54:00,44400.0,44400.0,44398.5,44399.5,0.103,4573.1045
2022-03-27 03:55:00,44399.5,44400.0,44399.5,44400.0,0.083,3685.185
2022-03-27 03:56:00,44400.0,44425.0,44399.5,44425.0,47.405,2105421.934
2022-03-27 03:57:00,44425.0,44488.5,44425.0,44439.5,212.481,9445497.7825
2022-03-27 03:58:00,44439.5,44439.5,44427.5,44428.0,18.198,808596.755
2022-03-27 03:59:00,44428.0,44428.0,44411.5,44411.5,16.216,720267.026
2022-03-27 04:00:00,44411.5,44412.0,44411.5,44411.5,2.595,115248.28
2022-03-27 04:01:00,44411.5,44412.0,44392.5,44392.5,29.953,1329857.1915
2022-03-27 04:02:00,44392.5,44400.0,44389.0,44391.5,30.622,1359375.2995
2022-03-27 04:03:00,44391.5,44392.5,44391.5,44392.5,4.093,181696.183
2022-03-27 04:04:00,44392.5,44396.5,44392.0,44396.0,3.934,174653.598
2022-03-27 04:05:00,44396.0,44396.0,44387.0,44387.0,13.098,581392.32
2022-03-27 04:06:00,44387.0,44387.5,44383.5,44383.5,16.288,722956.6735
2022-03-27 04:07:00,44383.5,44383.5,44363.0,44363.0,25.711,1140871.9475
2022-03-27 04:08:00,44363.0,44363.5,44363.0,44363.0,4.118,182687.115
2022-03-27 04:09:00,44363.0,44363.5,44363.0,44363.0,2.185,96933.769
2022-03-27 04:10:00,44363.0,44385.0,44363.0,44384.5,17.517,777153.55
2022-03-27 04:11:00,44384.5,44384.5,44373.5,44374.0,3.641,161575.666
2022-03-27 04:12:00,44374.0,44380.0,44374.0,44380.0,2.711,120310.628
2022-03-27 04:13:00,44380.0,44380.0,44379.0,44379.5,7.749,343896.276
2022-03-27 04:14:00,44379.5,44379.5,44379.0,44379.5,4.274,189676.5605
2022-03-27 04:15:00,44379.5,44385.0,44379.0,44384.5,27.123,1203832.2815
2022-03-27 04:16:00,44384.5,44385.0,44379.0,44379.0,14.419,639978.4085
2022-03-27 04:17:00,44379.0,44379.0,44347.0,44349.5,31.615,1402254.2725
2022-03-27 04:18:00,44349.5,44350.0,44349.5,44350.0,4.744,210395.7255
2022-03-27 04:19:00,44350.0,44377.0,44349.5,44368.5,37.806,1676819.2285
2022-03-27 04:20:00,44368.5,44368.5,44368.0,44368.0,2.206,97875.878
2022-03-27 04:21:00,44368.0,44368.0,44341.0,44341.0,12.223,542058.587
2022-03-27 04:22:00,44341.0,44341.5,44340.5,44341.5,15.862,703337.2925
2022-03-27 04:23:00,44341.5,44341.5,44332.0,44341.5,20.805,922456.8495
2022-03-27 04:24:00,44341.5,44350.0,44341.5,44343.0,4.657,206518.3975
2022-03-27 04:25:00,44343.0,44343.0,44342.5,44343.0,7.597,336871.1615
2022-03-27 04:26:00,44343.0,44343.0,44342.5,44343.0,0.717,31793.7
2022-03-27 04:27:00,44343.0,44343.0,44332.0,44332.0,11.617,515083.1435
2022-03-27 04:28:00,44332.0,44334.5,44332.0,44334.0,1.945,86228.699
2022-03-27 04:29:00,44334.0,44334.5,44321.0,44321.0,8.606,381489.82
2022-03-27 04:30:00,44321.0,44321.5,44321.0,44321.5,4.17,184818.906
2022-03-27 04:31:00,44321.5,44334.5,44321.0,44334.5,8.698,385562.437
2022-03-27 04:32:00,44334.5,44364.5,44334.0,44357.0,12.376,548843.486
2022-03-27 04:33:00,44357.0,44357.0,44344.0,44344.0,8.665,384339.327
2022-03-27 04:34:00,44344.0,44353.5,44340.0,44353.5,4.089,181322.3835
2022-03-27 04:35:00,44353.5,44360.0,44352.5,44357.0,1.997,88574.0545
2022-03-27 04:36:00,44357.0,44387.5,44357.0,44371.0,16.978,753348.7335
2022-03-27 04:37:00,44371.0,44371.0,44335.5,44337.0,5.59,247896.396
2022-03-27 04:38:00,44337.0,44365.0,44331.0,44344.0,8.702,385822.09
2022-03-27 04:39:00,44344.0,44361.5,44344.0,44350.0,7.41,328656.058
2022-03-27 04:40:00,44350.0,44371.0,44350.0,44370.5,78.668,3489233.3645
2022-03-27 04:41:00,44370.5,44373.0,44360.5,44360.5,5.16,228953.381
2022-03-27 04:42:00,44360.5,44365.5,44356.0,44362.0,40.248,1785455.8155
2022-03-27 04:43:00,44362.0,44370.0,44362.0,44365.0,0.717,31812.2505
2022-03-27 04:44:00,44365.0,44371.5,44345.0,44352.5,7.809,346380.851
2022-03-27 04:45:00,44352.5,44399.0,44352.5,44398.0,6.416,284765.4635
2022-03-27 04:46:00,44398.0,44430.0,44398.0,44429.5,21.498,954931.496
2022-03-27 04:47:00,44429.5,44453.5,44429.5,44432.5,71.647,3183829.579
2022-03-27 04:48:00,44432.5,44432.5,44359.5,44379.5,151.88,6740985.541
2022-03-27 04:49:00,44379.5,44396.0,44379.5,44395.5,10.281,456406.793
2022-03-27 04:50:00,44395.5,44409.5,44394.5,44409.0,9.014,400235.1865
2022-03-27 04:51:00,44409.0,44423.5,44409.0,44423.0,2.674,118759.8645
2022-03-27 04:52:00,44423.0,44423.5,44410.5,44411.0,9.754,433284.6255
2022-03-27 04:53:00,44411.0,44417.5,44411.0,44417.5,0.945,41973.77
2022-03-27 04:54:00,44417.5,44445.0,44417.5,44445.0,12.543,557312.8355
2022-03-27 04:55:00,44445.0,44447.0,44438.0,44438.0,5.371,238719.6935
2022-03-27 04:56:00,44438.0,44445.5,44435.0,44445.5,6.876,305566.356
2022-03-27 04:57:00,44445.5,44449.5,44445.0,44449.5,8.255,366912.7535
2022-03-27 04:58:00,44449.5,44449.5,44417.0,44417.0,21.66,962556.6665
2022-03-27 04:59:00,44417.0,44422.0,44412.5,44422.0,7.879,349967.892
2022-03-27 05:00:00,44422.0,44429.0,44421.5,44429.0,11.0,488674.2685
2022-03-27 05:01:00,44429.0,44431.0,44428.5,44431.0,4.131,183537.12
2022-03-27 05:02:00,44431.0,44431.0,44430.5,44430.5,3.334,148132.443
2022-03-27 05:03:00,44430.5,44431.0,44425.0,44425.0,8.557,380185.6185
2022-03-27 05:04:00,44425.0,44425.5,44425.0,44425.0,2.484,110351.82
2022-03-27 05:05:00,44425.0,44450.0,44425.0,44450.0,11.319,503029.004
2022-03-27 05:06:00,44450.0,44469.5,44450.0,44467.5,9.687,430699.2535
2022-03-27 05:07:00,44467.5,44467.5,44449.5,44450.0,7.854,349143.8305
2022-03-27 05:08:00,44450.0,44450.0,44445.5,44446.0,26.435,1174938.82
2022-03-27 05:09:00,44446.0,44450.5,44445.5,44450.5,6.875,305569.494
2022-03-27 05:10:00,44450.5,44452.0,44450.0,44452.0,18.726,832379.1365
2022-03-27 05:11:00,44452.0,44460.0,44452.0,44460.0,5.052,224604.9505
2022-03-27 05:12:00,44460.0,44460.0,44459.5,44460.0,2.335,103813.837
2022-03-27 05:13:00,44460.0,44460.0,44459.5,44460.0,10.311,458424.1735
2022-03-27 05:14:00,44460.0,44469.0,44460.0,44468.5,22.502,1000588.409
2022-03-27 05:15:00,44468.5,44481.5,44468.5,44480.5,21.666,963542.6465
2022-03-27 05:16:00,44480.5,44508.5,44480.0,44497.5,45.63,2030374.561
2022-03-27 05:17:00,44497.5,44524.5,44497.5,44511.5,60.745,2704011.8975
2022-03-27 05:18:00,44511.5,44512.0,44510.0,44510.0,18.095,805413.63
2022-03-27 05:19:00,44510.0,44510.5,44494.5,44494.5,17.918,797312.8275
2022-03-27 05:20:00,44494.5,44495.0,44494.0,44494.0,9.573,425947.6675
2022-03-27 05:21:00,44494.0,44494.5,44491.0,44494.5,9.494,422426.7395
2022-03-27 05:22:00,44494.5,44503.0,44494.5,44503.0,20.881,929160.681
2022-03-27 05:23:00,44503.0,44503.5,44497.5,44497.5,8.595,382488.837
2022-03-27 05:24:00,44497.5,44497.5,44441.5,44446.0,44.272,1969284.986
2022-03-27 05:25:00,44446.0,44452.5,44445.5,44445.5,14.726,654528.567
2022-03-27 05:26:00,44445.5,44446.0,44426.5,44439.5,44.439,1974787.841
2022-03-27 05:27:00,44439.5,44440.0,44439.5,44439.5,26.344,1170725.4015
2022-03-27 05:28:00,44439.5,44505.0,44439.5,44495.5,75.543,3358937.167
2022-03-27 05:29:00,44495.5,44495.5,44470.0,44470.0,14.347,638271.2375
2022-03-27 05:30:00,44470.0,44494.5,44470.0,44486.0,14.352,638387.748
2022-03-27 05:31:00,44486.0,44486.5,44468.0,44468.0,17.319,770178.993
2022-03-27 05:32:00,44468.0,44468.5,44449.0,44466.5,31.635,1406235.678
2022-03-27 05:33:00,44466.5,44466.5,44465.5,44466.0,10.244,455510.456
2022-03-27 05:34:00,44466.0,44500.0,44465.0,44500.0,39.547,1759114.359
2022-03-27 05:35:00,44500.0,44503.5,44498.5,44498.5,40.046,1782091.817
2022-03-27 05:36:00,44498.5,44498.5,44477.0,44493.5,9.982,444080.912
2022-03-27 05:37:00,44493.5,44493.5,44488.5,44488.5,8.119,361229.974
2022-03-27 05:38:00,44488.5,44489.0,44476.5,44477.0,17.462,776665.4815
2022-03-27 05:39:00,44477.0,44492.0,44476.5,44492.0,7.418,329942.121
2022-03-27 05:40:00,44492.0,44500.0,44487.5,44487.5,5.003,222603.0835
2022-03-27 05:41:00,44487.5,44532.5,44487.5,44532.0,27.497,1223999.9835
2022-03-27 05:42:00,44532.0,44542.0,44532.0,44533.5,27.751,1235980.3025
2022-03-27 05:43:00,44533.5,44533.5,44508.5,44513.0,11.592,516108.2195
2022-03-27 05:44:00,44513.0,44513.0,44512.5,44512.5,11.999,534109.3595
2022-03-27 05:45:00,44512.5,44513.0,44492.0,44501.0,42.767,1903034.228
2022-03-27 05:46:00,44501.0,44519.5,44501.0,44519.5,15.314,681600.073
2022-03-27 05:47:00,44519.5,44519.5,44512.5,44519.5,9.005,400865.6765
2022-03-27 05:48:00,44519.5,44520.0,44519.0,44519.5,4.295,191212.36
2022-03-27 05:49:00,44519.5,44520.0,44501.0,44501.0,21.898,974737.5345
2022-03-27 05:50:00,44501.0,44510.0,44488.5,44510.0,15.583,693386.593
2022-03-27 05:51:00,44510.0,44540.0,44509.5,44529.0,15.678,698076.0425
2022-03-27 05:52:00,44529.0,44532.0,44505.5,44525.0,24.207,1077738.4645
2022-03-27 05:53:00,44525.0,44530.0,44505.5,44506.0,20.146,896908.2845
2022-03-27 05:54:00,44506.0,44528.5,44505.5,44528.5,13.034,580154.568
2022-03-27 05:55:00,44528.5,44528.5,44510.5,44510.5,11.829,526636.6045
2022-03-27 05:56:00,44510.5,44511.0,44505.5,44505.5,12.328,548698.9645
2022-03-27 05:57:00,44505.5,44506.0,44500.0,44500.0,5.043,224423.335
2022-03-27 05:58:00,44500.0,44500.5,44491.5,44493.5,10.95,487220.649
2022-03-27 05:59:00,44493.5,44498.0,44493.5,44498.0,16.998,756352.368
2022-03-27 06:00:00,44498.0,44500.0,44495.0,44495.0,9.357,416375.1615
2022-03-27 06:01:00,44495.0,44496.5,44474.5,44496.0,29.971,1333023.3625
2022-03-27 06:02:00,44496.0,44500.0,44496.0,44499.5,5.445,242287.2285
2022-03-27 06:03:00,44499.5,44511.0,44499.5,44511.0,9.33,415235.5415
2022-03-27 06:04:00,44511.0,44573.0,44511.0,44555.0,62.581,2787763.8205
2022-03-27 06:05:00,44555.0,44577.5,44550.0,44573.5,22.612,1007707.585
2022-03-27 06:06:00,44573.5,44655.5,44573.0,44637.5,177.337,7912277.887
2022-03-27 06:07:00,44637.5,44644.5,44580.0,44588.0,89.372,3986556.486
2022-03-27 06:08:00,44588.0,44605.5,44587.5,44605.5,40.55,1808451.0095
2022-03-27 06:09:00,44605.5,44610.0,44605.0,44610.0,12.13,541067.231
2022-03-27 06:10:00,44610.0,44641.0,44609.5,44626.0,33.894,1512594.7695
2022-03-27 06:11:00,44626.0,44645.0,44603.0,44603.0,26.189,1168579.716
2022-03-27 06:12:00,44603.0,44609.0,44601.0,44609.0,16.121,719090.084
2022-03-27 06:13:00,44609.0,44632.0,44606.5,44606.5,41.123,1834695.1245
2022-03-27 06:14:00,44606.5,44610.5,44603.0,44610.0,17.759,792124.334
2022-03-27 06:15:00,44610.0,44631.0,44603.0,44631.0,15.829,706192.929
2022-03-27 06:16:00,44631.0,44632.0,44630.5,44631.5,14.919,665860.1595
2022-03-27 06:17:00,44631.5,44649.5,44631.5,44646.5,47.969,2141179.216
2022-03-27 06:18:00,44646.5,44689.0,44646.5,44663.0,88.284,3943453.9045
2022-03-27 06:19:00,44663.0,44663.0,44641.5,44641.5,62.185,2776669.022
2022-03-27 06:20:00,44641.5,44642.0,44631.5,44635.0,19.117,853307.954
2022-03-27 06:21:00,44635.0,44644.5,44635.0,44644.5,6.903,308144.755
2022-03-27 06:22:00,44644.5,44644.5,44619.0,44644.5,45.897,2048421.4685
2022-03-27 06:23:00,44644.5,44670.0,44631.5,44662.5,41.62,1858348.402
2022-03-27 06:24:00,44662.5,44689.5,44662.5,44663.0,37.076,1656308.382
2022-03-27 06:25:00,44663.0,44663.5,44657.5,44662.5,13.302,594097.423
2022-03-27 06:26:00,44662.5,44674.0,44662.5,44674.0,13.668,610562.89
2022-03-27 06:27:00,44674.0,44688.0,44674.0,44680.0,21.168,945839.923
2022-03-27 06:28:00,44680.0,44699.0,44680.0,44699.0,38.936,1739860.897
2022-03-27 06:29:00,44699.0,44700.0,44675.0,44675.0,38.509,1720983.2825
2022-03-27 06:30:00,44675.0,44700.0,44674.0,44694.0,27.189,1214916.265
2022-03-27 06:31:00,44694.0,44706.5,44693.5,44706.0,40.757,1821825.178
2022-03-27 06:32:00,44706.0,44706.0,44686.5,44699.5,39.265,1755192.9115
2022-03-27 06:33:00,44699.5,44715.0,44699.5,44715.0,20.774,928732.9335
2022-03-27 06:34:00,44715.0,44720.0,44714.5,44720.0,61.231,2738166.053
2022-03-27 06:35:00,44720.0,44720.0,44664.5,44668.5,35.413,1582719.1405
2022-03-27 06:36:00,44668.5,44669.0,44600.5,44619.5,119.872,5349213.6965
2022-03-27 06:37:00,44619.5,44648.0,44605.0,44648.0,54.97,2452444.832
2022-03-27 06:38:00,44648.0,44685.5,44635.0,44635.5,93.641,4182820.791
2022-03-27 06:39:00,44635.5,44642.0,44634.5,44642.0,36.844,1644539.269
2022-03-27 06:40:00,44642.0,44642.0,44630.5,44635.0,25.125,1121496.036
2022-03-27 06:41:00,44635.0,44635.0,44619.0,44625.5,21.781,971990.224
2022-03-27 06:42:00,44625.5,44634.5,44625.0,44634.0,8.293,370090.341
2022-03-27 06:43:00,44634.0,44634.5,44630.0,44630.5,16.411,732487.643
2022-03-27 06:44:00,44630.5,44642.0,44621.5,44642.0,23.371,1042920.435
2022-03-27 06:45:00,44642.0,44663.5,44641.5,44663.5,15.359,685868.471
2022-03-27 06:46:00,44663.5,44700.0,44663.5,44689.5,38.107,1702876.9065
2022-03-27 06:47:00,44689.5,44690.0,44675.0,44675.0,14.644,654323.596
2022-03-27 06:48:00,44675.0,44695.0,44675.0,44695.0,19.403,867037.2045
2022-03-27 06:49:00,44695.0,44695.0,44668.0,44668.5,20.404,911625.764
2022-03-27 06:50:00,44668.5,44677.0,44668.0,44676.5,14.48,646826.1675
2022-03-27 06:51:00,44676.5,44677.0,44668.0,44668.5,40.794,1822522.982
2022-03-27 06:52:00,44668.5,44668.5,44627.5,44627.5,38.549,1721536.649
2022-03-27 06:53:00,44627.5,44628.0,44618.5,44619.0,22.972,1025045.029
2022-03-27 06:54:00,44619.0,44625.0,44615.0,44624.5,27.721,1236842.9865
2022-03-27 06:55:00,44624.5,44627.5,44624.5,44627.5,18.124,808802.391
2022-03-27 06:56:00,44627.5,44640.5,44627.0,44640.0,15.025,670635.449
2022-03-27 06:57:00,44640.0,44640.0,44610.0,44610.0,19.314,861894.956
2022-03-27 06:58:00,44610.0,44630.0,44604.0,44604.0,48.14,2147742.288
2022-03-27 06:59:00,44604.0,44604.0,44586.0,44586.0,42.927,1914205.1125
2022-03-27 07:00:00,44586.0,44588.0,44551.0,44551.0,94.471,4211657.476
2022-03-27 07:01:00,44551.0,44574.0,44551.0,44564.5,30.835,1374073.0785
2022-03-27 07:02:00,44564.5,44650.0,44564.5,44650.0,90.865,4052319.788
2022-03-27 07:03:00,44650.0,44666.5,44623.5,44624.0,29.811,1330958.556
2022-03-27 07:04:00,44624.0,44624.0,44612.5,44612.5,8.938,398819.597
2022-03-27 07:05:00,44612.5,44615.5,44595.0,44595.0,16.73,746278.7665
2022-03-27 07:06:00,44595.0,44595.5,44587.5,44587.5,17.33,772806.4965
2022-03-27 07:07:00,44587.5,44588.0,44587.5,44587.5,3.892,173534.9305
2022-03-27 07:08:00,44587.5,44588.0,44587.5,44587.5,3.33,148477.3055
2022-03-27 07:09:00,44587.5,44588.0,44578.0,44578.0,14.387,641428.5115
2022-03-27 07:10:00,44578.0,44578.5,44575.5,44577.5,8.523,379934.8485
2022-03-27 07:11:00,44577.5,44608.0,44577.5,44607.5,19.122,852679.1675
2022-03-27 07:12:00,44607.5,44635.0,44607.5,44609.5,22.5,1003812.8265
2022-03-27 07:13:00,44609.5,44610.0,44594.5,44594.5,7.662,341770.4485
2022-03-27 07:14:00,44594.5,44594.5,44589.0,44594.5,1.749,77990.7605
2022-03-27 07:15:00,44594.5,44610.0,44594.5,44609.5,9.044,403374.8575
2022-03-27 07:16:00,44609.5,44617.5,44609.5,44617.5,11.183,498904.752
2022-03-27 07:17:00,44617.5,44632.5,44617.0,44632.0,8.268,368972.6585
2022-03-27 07:18:00,44632.0,44632.5,44621.0,44621.5,10.838,483690.6225
2022-03-27 07:19:00,44621.5,44633.5,44621.0,44633.5,29.466,1315095.5055
2022-03-27 07:20:00,44633.5,44633.5,44633.0,44633.5,11.607,518057.3925
2022-03-27 07:21:00,44633.5,44633.5,44633.0,44633.0,23.965,1069630.9605
2022-03-27 07:22:00,44633.0,44647.0,44633.0,44647.0,15.065,672525.5095
2022-03-27 07:23:00,44647.0,44654.0,44646.5,44653.5,5.774,257812.8885
2022-03-27 07:24:00,44653.5,44664.0,44653.5,44664.0,20.851,931210.561
2022-03-27 07:25:00,44664.0,44686.5,44664.0,44678.0,38.21,1707109.5055
2022-03-27 07:26:00,44678.0,44683.5,44677.5,44683.5,7.913,353563.1115
2022-03-27 07:27:00,44683.5,44688.5,44683.0,44688.5,13.379,597848.974
2022-03-27 07:28:00,44688.5,44688.5,44687.0,44687.5,6.744,301374.3505
2022-03-27 07:29:00,44687.5,44700.0,44687.0,44700.0,20.929,935458.0695
2022-03-27 07:30:00,44700.0,44700.0,44688.0,44688.0,28.562,1276650.7155
2022-03-27 07:31:00,44688.0,44688.5,44686.0,44686.0,12.633,564521.2985
2022-03-27 07:32:00,44686.0,44686.5,44686.0,44686.0,18.696,835455.1775
2022-03-27 07:33:00,44686.0,44686.5,44686.0,44686.0,7.273,325001.426
2022-03-27 07:34:00,44686.0,44686.5,44665.0,44665.0,18.851,842186.8115
2022-03-27 07:35:00,44665.0,44665.5,44634.5,44646.0,77.317,3451925.019
2022-03-27 07:36:00,44646.0,44669.0,44645.5,44668.5,15.619,697428.2055
2022-03-27 07:37:00,44668.5,44674.5,44668.5,44674.0,6.749,301481.374
2022-03-27 07:38:00,44674.0,44700.0,44674.0,44687.5,44.9,2006467.1565
2022-03-27 07:39:00,44687.5,44917.0,44687.5,44813.5,1092.815,48985678.921
2022-03-27 07:40:00,44813.5,44883.0,44811.5,44852.0,154.71,6937080.291
2022-03-27 07:41:00,44852.0,44877.5,44798.0,44840.0,171.222,7675941.166
2022-03-27 07:42:00,44840.0,44858.0,44839.5,44858.0,63.889,2865648.108
2022-03-27 07:43:00,44858.0,44869.5,44810.5,44862.5,227.939,10219863.867
2022-03-27 07:44:00,44862.5,44874.0,44862.5,44874.0,37.64,1688837.725
2022-03-27 07:45:00,44874.0,44890.0,44837.0,44864.0,85.724,3845832.3775
2022-03-27 07:46:00,44864.0,44870.0,44831.0,44849.5,31.103,1394816.674
2022-03-27 07:47:00,44849.5,44867.5,44844.5,44853.5,34.029,1526357.0645
2022-03-27 07:48:00,44853.5,44854.0,44833.0,44838.5,24.608,1103421.371
2022-03-27 07:49:00,44838.5,44839.0,44815.5,44815.5,31.12,1394802.0685
2022-03-27 07:50:00,44815.5,44840.0,44815.5,44840.0,65.016,2914648.628
2022-03-27 07:51:00,44840.0,44840.0,44838.5,44838.5,22.636,1014987.72
2022-03-27 07:52:00,44838.5,44845.5,44838.5,44843.0,25.625,1149106.6395
2022-03-27 07:53:00,44843.0,44843.0,44814.0,44822.0,38.912,1744149.86
2022-03-27 07:54:00,44822.0,44822.5,44814.0,44822.0,19.365,867862.9455
2022-03-27 07:55:00,44822.0,44822.5,44800.0,44800.0,22.775,1020686.574
2022-03-27 07:56:00,44800.0,44812.0,44786.0,44788.0,25.994,1164675.7715
2022-03-27 07:57:00,44788.0,44799.5,44787.5,44795.0,27.669,1239345.458
2022-03-27 07:58:00,44795.0,44795.5,44747.0,44747.0,107.91,4830602.8825
2022-03-27 07:59:00,44747.0,44747.5,44727.0,44734.5,115.233,5154659.317
2022-03-27 08:00:00,44734.5,44774.0,44734.0,44734.0,77.001,3446232.455
2022-03-27 08:01:00,44734.0,44734.0,44721.0,44721.0,25.282,1130776.059
2022-03-27 08:02:00,44721.0,44739.5,44720.0,44739.0,20.893,934479.2135
2022-03-27 08:03:00,44739.0,44739.5,44738.5,44739.0,19.237,860643.2465
2022-03-27 08:04:00,44739.0,44739.0,44719.5,44719.5,24.741,1106613.2925
2022-03-27 08:05:00,44719.5,44746.5,44710.0,44746.5,139.551,6242434.027
2022-03-27 08:06:00,44746.5,44746.5,44740.0,44745.5,23.663,1058792.6245
2022-03-27 08:07:00,44745.5,44746.0,44745.5,44745.5,9.141,409021.0475
2022-03-27 08:08:00,44745.5,44746.0,44726.0,44726.0,19.231,860343.698
2022-03-27 08:09:00,44726.0,44726.5,44671.0,44706.0,171.524,7666458.4665
2022-03-27 08:10:00,44706.0,44739.0,44706.0,44711.0,48.503,2169073.572
2022-03-27 08:11:00,44711.0,44711.0,44671.5,44672.0,39.905,1783428.236
2022-03-27 08:12:00,44672.0,44672.0,44653.5,44655.0,38.508,1719826.871
2022-03-27 08:13:00,44655.0,44660.0,44652.0,44659.5,33.659,1502995.1185
2022-03-27 08:14:00,44659.5,44660.0,44652.0,44652.0,21.458,958242.0785
2022-03-27 08:15:00,44652.0,44681.5,44652.0,44681.0,42.939,1917799.6245
2022-03-27 08:16:00,44681.0,44681.5,44650.0,44650.5,51.926,2319476.041
2022-03-27 08:17:00,44650.5,44672.0,44638.5,44672.0,56.559,2525200.6125
2022-03-27 08:18:00,44672.0,44672.0,44647.0,44647.5,17.262,770960.336
2022-03-27 08:19:00,44647.5,44647.5,44640.5,44641.0,17.409,777225.6195
2022-03-27 08:20:00,44641.0,44662.0,44640.5,44662.0,22.288,995164.965
2022-03-27 08:21:00,44662.0,44681.5,44662.0,44668.0,18.394,821789.553
2022-03-27 08:22:00,44668.0,44668.0,44662.5,44662.5,7.582,338646.722
2022-03-27 08:23:00,44662.5,44663.0,44645.0,44649.5,26.185,1169157.4055
2022-03-27 08:24:00,44649.5,44649.5,44645.0,44645.0,9.257,413281.6565
2022-03-27 08:25:00,44645.0,44650.0,44645.0,44649.5,14.114,630142.7775
2022-03-27 08:26:00,44649.5,44650.0,44649.5,44649.5,2.284,101979.657
2022-03-27 08:27:00,44649.5,44650.0,44649.5,44650.0,7.793,347956.9835
2022-03-27 08:28:00,44650.0,44651.5,44649.5,44651.0,17.852,797097.0595
2022-03-27 08:29:00,44651.0,44675.5,44651.0,44675.5,15.692,700945.52
2022-03-27 08:30:00,44675.5,44679.5,44661.5,44662.0,19.604,875793.96
2022-03-27 08:31:00,44662.0,44662.0,44641.5,44641.5,9.989,446072.425
2022-03-27 08:32:00,44641.5,44646.5,44641.5,44646.5,11.591,517459.638
2022-03-27 08:33:00,44646.5,44646.5,44638.0,44640.5,24.985,1115409.6355
2022-03-27 08:34:00,44640.5,44640.5,44624.0,44624.0,30.302,1352443.1705
2022-03-27 08:35:00,44624.0,44636.5,44624.0,44636.5,15.473,690489.5585
2022-03-27 08:36:00,44636.5,44647.0,44636.0,44647.0,8.354,372921.1905
2022-03-27 08:37:00,44647.0,44649.5,44646.5,44649.0,8.079,360707.918
2022-03-27 08:38:00,44649.0,44663.0,44646.5,44647.0,26.918,1202119.472
2022-03-27 08:39:00,44647.0,44647.0,44642.0,44642.5,7.525,335959.029
2022-03-27 08:40:00,44642.5,44660.0,44642.0,44660.0,13.975,623918.7075
2022-03-27 08:41:00,44660.0,44664.5,44659.5,44664.5,5.454,243590.8665
2022-03-27 08:42:00,44664.5,44670.0,44664.0,44670.0,5.419,242053.95
2022-03-27 08:43:00,44670.0,44682.5,44670.0,44682.5,27.689,1237017.3305
2022-03-27 08:44:00,44682.5,44692.5,44682.0,44692.5,11.458,512057.68
2022-03-27 08:45:00,44692.5,44692.5,44675.0,44675.0,21.843,976165.9145
2022-03-27 08:46:00,44675.0,44675.5,44675.0,44675.0,18.562,829260.8985
2022-03-27 08:47:00,44675.0,44675.0,44659.0,44659.0,16.719,746762.441
2022-03-27 08:48:00,44659.0,44659.5,44659.0,44659.0,8.33,372010.958
2022-03-27 08:49:00,44659.0,44659.5,44655.0,44655.0,13.386,597789.3055
2022-03-27 08:50:00,44655.0,44655.5,44650.0,44650.5,6.5,290239.5935
2022-03-27 08:51:00,44650.5,44650.5,44650.0,44650.0,7.235,323043.8125
2022-03-27 08:52:00,44650.0,44659.5,44650.0,44659.0,11.549,515741.5665
2022-03-27 08:53:00,44659.0,44659.5,44659.0,44659.5,7.692,343520.6795
2022-03-27 08:54:00,44659.5,44659.5,44659.0,44659.5,2.738,122277.641
2022-03-27 08:55:00,44659.5,44659.5,44659.0,44659.0,3.089,137952.1105
2022-03-27 08:56:00,44659.0,44670.5,44659.0,44670.5,3.058,136582.063
2022-03-27 08:57:00,44670.5,44679.5,44667.0,44670.5,8.303,370955.458
2022-03-27 08:58:00,44670.5,44671.0,44670.5,44670.5,4.272,190832.5905
2022-03-27 08:59:00,44670.5,44671.0,44670.5,44671.0,2.14,95595.21
2022-03-27 09:00:00,44671.0,44680.0,44670.5,44680.0,9.101,406605.5875
2022-03-27 09:01:00,44680.0,44684.5,44675.0,44675.0,11.691,522374.9645
2022-03-27 09:02:00,44675.0,44675.0,44660.5,44661.0,10.69,477537.0025
2022-03-27 09:03:00,44661.0,44661.0,44652.0,44652.0,28.044,1252435.936
2022-03-27 09:04:00,44652.0,44652.0,44633.5,44635.0,70.221,3134514.665
2022-03-27 09:05:00,44635.0,44646.0,44635.0,44645.5,7.722,344707.559
2022-03-27 09:06:00,44645.5,44646.0,44645.5,44646.0,5.976,266802.3425
2022-03-27 09:07:00,44646.0,44659.5,44645.5,44647.5,9.993,446205.176
2022-03-27 09:08:00,44647.5,44647.5,44638.0,44638.0,7.983,356371.8865
2022-03-27 09:09:00,44638.0,44642.0,44637.0,44642.0,13.095,584533.6015
2022-03-27 09:10:00,44642.0,44642.0,44641.5,44642.0,8.803,392982.033
2022-03-27 09:11:00,44642.0,44642.0,44625.0,44627.5,13.587,606428.794
2022-03-27 09:12:00,44627.5,44627.5,44625.0,44625.5,17.04,760439.8895
2022-03-27 09:13:00,44625.5,44625.5,44616.0,44616.5,24.414,1089333.0595
2022-03-27 09:14:00,44616.5,44621.5,44615.5,44621.0,10.149,452830.491
2022-03-27 09:15:00,44621.0,44621.5,44585.0,44600.0,71.098,3171075.975
2022-03-27 09:16:00,44600.0,44600.0,44599.5,44600.0,11.929,532029.439
2022-03-27 09:17:00,44600.0,44603.5,44591.0,44596.5,23.81,1061909.3625
2022-03-27 09:18:00,44596.5,44607.5,44582.0,44599.0,74.908,3339966.5505
2022-03-27 09:19:00,44599.0,44599.0,44594.0,44596.5,19.132,853219.255
2022-03-27 09:20:00,44596.5,44600.0,44596.5,44599.5,15.401,686878.5265
2022-03-27 09:21:00,44599.5,44627.5,44599.5,44627.5,26.575,1185398.1375
2022-03-27 09:22:00,44627.5,44627.5,44623.0,44623.0,12.007,535834.3655
2022-03-27 09:23:00,44623.0,44626.0,44617.5,44625.5,10.76,480108.2325
2022-03-27 09:24:00,44625.5,44640.0,44625.5,44640.0,21.26,948840.412
2022-03-27 09:25:00,44640.0,44645.5,44639.5,44645.0,4.504,201072.4615
2022-03-27 09:26:00,44645.0,44646.5,44645.0,44646.5,8.144,363592.1165
2022-03-27 09:27:00,44646.5,44680.0,44646.5,44680.0,34.101,1523027.68
2022-03-27 09:28:00,44680.0,44689.0,44680.0,44689.0,60.919,2722084.0335
2022-03-27 09:29:00,44689.0,44689.0,44688.5,44689.0,30.014,1341292.635
2022-03-27 09:30:00,44689.0,44689.0,44685.5,44685.5,13.269,592972.058
2022-03-27 09:31:00,44685.5,44686.0,44669.5,44669.5,38.923,1739126.603
2022-03-27 09:32:00,44669.5,44670.0,44665.0,44669.5,7.189,321100.1855
2022-03-27 09:33:00,44669.5,44688.0,44669.5,44688.0,6.485,289757.5265
2022-03-27 09:34:00,44688.0,44696.0,44680.5,44696.0,43.151,1928439.599
2022-03-27 09:35:00,44696.0,44725.0,44696.0,44724.0,43.263,1934267.242
2022-03-27 09:36:00,44724.0,44736.0,44723.5,44736.0,23.226,1038900.363
2022-03-27 09:37:00,44736.0,44736.0,44725.5,44725.5,9.937,444489.5325
2022-03-27 09:38:00,44725.5,44726.0,44723.5,44724.0,11.402,509960.4125
2022-03-27 09:39:00,44724.0,44724.0,44723.5,44724.0,4.104,183545.452
2022-03-27 09:40:00,44724.0,44726.0,44723.5,44726.0,22.466,1004765.039
2022-03-27 09:41:00,44726.0,44728.5,44725.5,44728.0,6.144,274802.6645
2022-03-27 09:42:00,44728.0,44728.5,44708.0,44708.0,20.632,922730.78
2022-03-27 09:43:00,44708.0,44708.5,44680.0,44680.0,19.333,864156.8755
2022-03-27 09:44:00,44680.0,44688.5,44680.0,44688.5,4.304,192310.8805
2022-03-27 09:45:00,44688.5,44690.0,44688.0,44689.5,3.263,145819.932
2022-03-27 09:46:00,44689.5,44690.0,44689.5,44690.0,13.986,625034.051
2022-03-27 09:47:00,44690.0,44690.0,44689.5,44690.0,6.391,285612.203
2022-03-27 09:48:00,44690.0,44695.0,44690.0,44694.5,11.481,513121.1045
2022-03-27 09:49:00,44694.5,44695.0,44653.0,44668.0,48.062,2146894.3945
2022-03-27 09:50:00,44668.0,44676.0,44668.0,44676.0,21.649,967065.932
2022-03-27 09:51:00,44676.0,44676.0,44653.0,44663.0,7.966,355810.417
2022-03-27 09:52:00,44663.0,44663.0,44653.0,44653.5,5.622,251062.376
2022-03-27 09:53:00,44653.5,44653.5,44641.5,44641.5,20.015,893658.6745
2022-03-27 09:54:00,44641.5,44642.0,44597.0,44597.0,65.271,2911947.3495
2022-03-27 09:55:00,44597.0,44606.0,44590.0,44600.5,59.092,2635366.134
2022-03-27 09:56:00,44600.5,44600.5,44595.5,44595.5,8.862,395241.311
2022-03-27 09:57:00,44595.5,44607.0,44560.5,44607.0,45.731,2038762.377
2022-03-27 09:58:00,44607.0,44607.0,44566.5,44567.0,26.562,1184263.676
2022-03-27 09:59:00,44567.0,44567.0,44561.0,44561.0,32.41,1444375.868
2022-03-27 10:00:00,44561.0,44596.0,44561.0,44596.0,36.522,1627926.6955
2022-03-27 10:01:00,44596.0,44597.0,44512.0,44537.5,150.657,6711157.512
2022-03-27 10:02:00,44537.5,44538.0,44535.5,44538.0,21.927,976555.692
2022-03-27 10:03:00,44538.0,44544.0,44537.5,44544.0,17.121,762544.209
2022-03-27 10:04:00,44544.0,44568.0,44544.0,44568.0,47.125,2099386.9375
2022-03-27 10:05:00,44568.0,44570.0,44567.5,44569.5,21.258,947456.8705
2022-03-27 10:06:00,44569.5,44570.0,44554.5,44554.5,27.33,1217835.131
2022-03-27 10:07:00,44554.5,44555.0,44542.5,44543.0,13.903,619332.3855
2022-03-27 10:08:00,44543.0,44543.0,44538.5,44539.0,16.26,724230.211
2022-03-27 10:09:00,44539.0,44539.0,44534.5,44534.5,22.014,980460.626
2022-03-27 10:10:00,44534.5,44581.0,44527.5,44581.0,75.322,3355166.5365
2022-03-27 10:11:00,44581.0,44600.0,44580.5,44585.0,34.928,1557345.124
2022-03-27 10:12:00,44585.0,44590.5,44585.0,44590.5,34.627,1543862.092
2022-03-27 10:13:00,44590.5,44602.0,44588.0,44588.0,13.504,602242.113
2022-03-27 10:14:00,44588.0,44588.0,44550.0,44550.0,15.779,703308.7365
2022-03-27 10:15:00,44550.0,44561.0,44550.0,44560.5,8.45,376484.141
2022-03-27 10:16:00,44560.5,44584.0,44560.5,44583.5,14.689,654727.04
2022-03-27 10:17:00,44583.5,44584.0,44572.0,44572.5,6.076,270855.1565
2022-03-27 10:18:00,44572.5,44578.0,44572.0,44578.0,4.449,198319.2825
2022-03-27 10:19:00,44578.0,44598.5,44578.0,44598.5,19.502,869594.342
2022-03-27 10:20:00,44598.5,44598.5,44580.5,44580.5,6.571,293007.6105
2022-03-27 10:21:00,44580.5,44594.0,44580.5,44586.5,9.764,435358.427
2022-03-27 10:22:00,44586.5,44587.0,44572.0,44572.5,15.283,681371.9205
2022-03-27 10:23:00,44572.5,44572.5,44568.0,44568.0,11.53,513909.922
2022-03-27 10:24:00,44568.0,44573.0,44565.0,44573.0,8.596,383117.4065
2022-03-27 10:25:00,44573.0,44573.0,44572.5,44573.0,8.306,370220.7745
2022-03-27 10:26:00,44573.0,44586.0,44572.5,44586.0,20.864,930116.2835
2022-03-27 10:27:00,44586.0,44590.5,44585.5,44590.5,24.816,1106542.2725
2022-03-27 10:28:00,44590.5,44590.5,44573.0,44573.0,57.748,2574668.34
2022-03-27 10:29:00,44573.0,44573.0,44564.0,44564.0,4.689,208968.701
2022-03-27 10:30:00,44564.0,44564.5,44562.5,44562.5,4.039,179992.071
2022-03-27 10:31:00,44562.5,44593.5,44562.5,44590.0,72.633,3237615.254
2022-03-27 10:32:00,44590.0,44590.5,44583.5,44583.5,6.781,302348.748
2022-03-27 10:33:00,44583.5,44583.5,44571.0,44571.5,2.15,95838.2645
2022-03-27 10:34:00,44571.5,44571.5,44558.5,44558.5,10.063,448460.8805
2022-03-27 10:35:00,44558.5,44567.5,44558.5,44567.0,14.122,629336.078
2022-03-27 10:36:00,44567.0,44580.0,44567.0,44579.5,2.949,131445.4065
2022-03-27 10:37:00,44579.5,44583.0,44579.5,44583.0,2.825,125939.1065
2022-03-27 10:38:00,44583.0,44593.0,44582.5,44593.0,6.874,306485.4175
2022-03-27 10:39:00,44593.0,44600.5,44593.0,44600.5,10.227,456091.209
2022-03-27 10:40:00,44600.5,44600.5,44600.0,44600.5,3.43,152979.5275
2022-03-27 10:41:00,44600.5,44600.5,44600.0,44600.5,4.048,180541.7145
2022-03-27 10:42:00,44600.5,44616.0,44600.0,44616.0,56.896,2537945.355
2022-03-27 10:43:00,44616.0,44625.0,44616.0,44625.0,77.081,3439200.747
2022-03-27 10:44:00,44625.0,44628.0,44624.5,44628.0,14.081,628366.7095
2022-03-27 10:45:00,44628.0,44639.0,44627.5,44628.5,20.326,907268.9635
2022-03-27 10:46:00,44628.5,44629.0,44621.5,44622.0,19.329,862576.8995
2022-03-27 10:47:00,44622.0,44626.0,44621.5,44625.5,13.499,602375.39
2022-03-27 10:48:00,44625.5,44634.0,44625.5,44633.5,11.034,492447.038
2022-03-27 10:49:00,44633.5,44634.0,44626.0,44626.0,18.531,826998.23
2022-03-27 10:50:00,44626.0,44626.5,44617.0,44617.0,14.47,645694.6
2022-03-27 10:51:00,44617.0,44617.5,44617.0,44617.0,4.087,182350.086
2022-03-27 10:52:00,44617.0,44617.5,44617.0,44617.0,2.382,106277.802
2022-03-27 10:53:00,44617.0,44620.0,44617.0,44620.0,9.94,443511.4785
2022-03-27 10:54:00,44620.0,44629.0,44619.5,44628.5,13.641,608694.609
2022-03-27 10:55:00,44628.5,44631.0,44628.5,44631.0,7.752,345966.551
2022-03-27 10:56:00,44631.0,44661.5,44631.0,44660.5,27.26,1217050.05
2022-03-27 10:57:00,44660.5,44662.0,44660.0,44662.0,10.8,482334.557
2022-03-27 10:58:00,44662.0,44666.0,44662.0,44666.0,22.17,990230.6665
2022-03-27 10:59:00,44666.0,44666.0,44665.5,44665.5,18.88,843287.287
2022-03-27 11:00:00,44665.5,44666.0,44665.5,44666.0,6.295,281170.5945
2022-03-27 11:01:00,44666.0,44668.5,44665.5,44668.0,8.467,378202.944
2022-03-27 11:02:00,44668.0,44678.5,44668.0,44678.5,12.338,551209.324
2022-03-27 11:03:00,44678.5,44679.0,44678.5,44678.5,11.325,505986.002
2022-03-27 11:04:00,44678.5,44678.5,44668.0,44675.0,46.271,2067139.0755
2022-03-27 11:05:00,44675.0,44680.0,44674.5,44679.5,17.288,772410.317
2022-03-27 11:06:00,44679.5,44680.0,44673.0,44673.0,14.121,630866.3275
2022-03-27 11:07:00,44673.0,44673.5,44673.0,44673.0,3.933,175699.233
2022-03-27 11:08:00,44673.0,44673.5,44660.0,44660.0,13.454,600972.862
2022-03-27 11:09:00,44660.0,44673.5,44660.0,44668.0,8.762,391375.472
2022-03-27 11:10:00,44668.0,44668.0,44656.0,44656.0,7.512,335503.1925
2022-03-27 11:11:00,44656.0,44656.0,44650.0,44650.0,5.79,258535.413
2022-03-27 11:12:00,44650.0,44650.5,44650.0,44650.0,2.731,121939.5125
2022-03-27 11:13:00,44650.0,44650.5,44650.0,44650.0,2.414,107785.227
2022-03-27 11:14:00,44650.0,44660.0,44650.0,44660.0,7.225,322605.208
2022-03-27 11:15:00,44660.0,44660.0,44650.0,44650.0,9.135,407946.1985
2022-03-27 11:16:00,44650.0,44650.5,44630.5,44630.5,5.276,235539.876
2022-03-27 11:17:00,44630.5,44631.0,44630.0,44630.5,3.969,177138.8875
2022-03-27 11:18:00,44630.5,44630.5,44623.0,44623.0,10.035,447825.9555
2022-03-27 11:19:00,44623.0,44623.5,44623.0,44623.5,4.626,206427.3025
2022-03-27 11:20:00,44623.5,44623.5,44623.0,44623.0,8.145,363455.7795
2022-03-27 11:21:00,44623.0,44623.5,44623.0,44623.0,5.303,236636.0175
2022-03-27 11:22:00,44623.0,44623.5,44623.0,44623.5,3.807,169880.7355
2022-03-27 11:23:00,44623.5,44623.5,44601.5,44601.5,26.019,1160655.563
2022-03-27 11:24:00,44601.5,44618.5,44601.5,44618.5,12.497,557440.8095
2022-03-27 11:25:00,44618.5,44618.5,44618.0,44618.5,2.401,107128.531
2022-03-27 11:26:00,44618.5,44618.5,44618.0,44618.5,4.911,219121.121
2022-03-27 11:27:00,44618.5,44618.5,44615.0,44615.0,5.866,261722.617
2022-03-27 11:28:00,44615.0,44615.5,44608.0,44608.0,4.893,218291.4965
2022-03-27 11:29:00,44608.0,44608.5,44601.0,44602.5,9.278,413847.8345
2022-03-27 11:30:00,44602.5,44606.0,44602.5,44606.0,6.959,310399.397
2022-03-27 11:31:00,44606.0,44609.0,44605.5,44609.0,9.491,423379.206
2022-03-27 11:32:00,44609.0,44612.0,44609.0,44611.5,6.821,304291.9005
2022-03-27 11:33:00,44611.5,44612.0,44611.5,44611.5,22.204,990554.5335
2022-03-27 11:34:00,44611.5,44612.0,44601.5,44609.0,20.496,914297.76
2022-03-27 11:35:00,44609.0,44609.0,44600.0,44600.0,19.391,864868.6815
2022-03-27 11:36:00,44600.0,44602.5,44600.0,44602.5,34.81,1552535.378
2022-03-27 11:37:00,44602.5,44636.0,44602.5,44628.5,31.777,1417751.644
2022-03-27 11:38:00,44628.5,44635.0,44628.0,44635.0,5.389,240516.104
2022-03-27 11:39:00,44635.0,44635.0,44634.5,44635.0,5.359,239198.528
2022-03-27 11:40:00,44635.0,44637.5,44634.5,44637.0,5.514,246129.126
2022-03-27 11:41:00,44637.0,44637.5,44636.5,44636.5,2.29,102218.565
2022-03-27 11:42:00,44636.5,44637.0,44636.5,44637.0,5.577,248938.4755
2022-03-27 11:43:00,44637.0,44649.5,44636.5,44649.5,7.002,312592.794
2022-03-27 11:44:00,44649.5,44665.5,44649.0,44665.5,40.049,1788481.1855
2022-03-27 11:45:00,44665.5,44665.5,44663.5,44663.5,15.339,685118.5
2022-03-27 11:46:00,44663.5,44664.0,44662.5,44662.5,3.894,173919.1345
2022-03-27 11:47:00,44662.5,44663.0,44662.5,44662.5,5.814,259668.1455
2022-03-27 11:48:00,44662.5,44663.0,44662.5,44663.0,11.423,510180.26
2022-03-27 11:49:00,44663.0,44663.0,44661.5,44661.5,4.66,208125.473
2022-03-27 11:50:00,44661.5,44663.0,44658.0,44663.0,11.796,526818.231
2022-03-27 11:51:00,44663.0,44663.0,44662.5,44663.0,1.02,45556.179
2022-03-27 11:52:00,44663.0,44684.0,44662.5,44683.0,24.819,1108705.2025
2022-03-27 11:53:00,44683.0,44692.5,44683.0,44685.5,23.831,1064949.0955
2022-03-27 11:54:00,44685.5,44685.5,44685.0,44685.0,19.704,880474.95
2022-03-27 11:55:00,44685.0,44685.5,44661.0,44661.0,38.099,1702274.1725
2022-03-27 11:56:00,44661.0,44662.0,44660.5,44661.5,10.408,464833.0095
2022-03-27 11:57:00,44661.5,44671.0,44661.5,44671.0,5.391,240814.4905
2022-03-27 11:58:00,44671.0,44680.5,44650.0,44650.5,48.637,2172432.6475
2022-03-27 11:59:00,44650.5,44677.5,44650.0,44670.5,10.564,471764.4395
2022-03-27 12:00:00,44670.5,44680.0,44670.0,44679.5,3.683,164521.388
2022-03-27 12:01:00,44679.5,44691.0,44679.5,44690.5,37.36,1669552.2545
2022-03-27 12:02:00,44690.5,44690.5,44670.0,44670.0,12.363,552338.36
2022-03-27 12:03:00,44670.0,44690.0,44670.0,44690.0,8.568,382829.065
2022-03-27 12:04:00,44690.0,44690.0,44670.5,44670.5,12.927,577605.15
2022-03-27 12:05:00,44670.5,44671.0,44661.5,44661.5,6.35,283630.3145
2022-03-27 12:06:00,44661.5,44661.5,44650.0,44650.0,2.068,92342.8405
2022-03-27 12:07:00,44650.0,44651.0,44641.5,44651.0,18.34,818846.713
2022-03-27 12:08:00,44651.0,44651.0,44650.5,44650.5,3.719,166056.1285
2022-03-27 12:09:00,44650.5,44651.0,44650.0,44650.0,4.854,216733.1815
2022-03-27 12:10:00,44650.0,44650.5,44637.5,44637.5,31.758,1417949.1665
2022-03-27 12:11:00,44637.5,44638.0,44637.5,44637.5,5.244,234079.1365
2022-03-27 12:12:00,44637.5,44638.0,44637.5,44638.0,10.158,453430.5655
2022-03-27 12:13:00,44638.0,44638.0,44637.5,44637.5,0.614,27407.489
2022-03-27 12:14:00,44637.5,44638.0,44637.5,44638.0,0.744,33210.579
2022-03-27 12:15:00,44638.0,44638.0,44636.0,44638.0,9.145,408201.8765
2022-03-27 12:16:00,44638.0,44639.5,44637.5,44639.0,7.592,338897.792
2022-03-27 12:17:00,44639.0,44639.5,44639.0,44639.5,1.882,84011.1915
2022-03-27 12:18:00,44639.5,44639.5,44639.0,44639.0,8.535,380993.903
2022-03-27 12:19:00,44639.0,44648.0,44639.0,44647.5,17.84,796420.937
2022-03-27 12:20:00,44647.5,44648.0,44640.0,44640.0,4.403,196572.8495
2022-03-27 12:21:00,44640.0,44640.0,44638.5,44639.0,6.388,285154.6095
2022-03-27 12:22:00,44639.0,44639.0,44626.0,44626.0,7.991,356636.8185
2022-03-27 12:23:00,44626.0,44631.0,44626.0,44630.5,8.405,375096.948
2022-03-27 12:24:00,44630.5,44631.0,44630.5,44631.0,3.009,134294.4595
2022-03-27 12:25:00,44631.0,44636.0,44630.5,44630.5,8.839,394524.854
2022-03-27 12:26:00,44630.5,44631.0,44623.0,44623.0,9.323,416058.3155
2022-03-27 12:27:00,44623.0,44623.5,44620.0,44620.0,8.237,367549.3595
2022-03-27 12:28:00,44620.0,44620.5,44620.0,44620.5,2.362,105393.2245
2022-03-27 12:29:00,44620.5,44635.0,44620.5,44634.5,5.301,236609.2135
2022-03-27 12:30:00,44634.5,44635.0,44621.0,44621.5,8.194,365721.52
2022-03-27 12:31:00,44621.5,44621.5,44621.0,44621.0,4.63,206596.9145
2022-03-27 12:32:00,44621.0,44626.0,44621.0,44626.0,2.729,121776.115
2022-03-27 12:33:00,44626.0,44626.0,44625.5,44626.0,4.015,179172.1535
2022-03-27 12:34:00,44626.0,44626.0,44621.5,44621.5,13.771,614501.121
2022-03-27 12:35:00,44621.5,44622.0,44621.5,44622.0,9.528,425155.596
2022-03-27 12:36:00,44622.0,44622.5,44621.5,44622.5,4.722,210705.3815
2022-03-27 12:37:00,44622.5,44635.0,44622.5,44634.5,5.05,225390.0835
2022-03-27 12:38:00,44634.5,44634.5,44626.0,44630.0,21.499,959502.7195
2022-03-27 12:39:00,44630.0,44632.5,44629.5,44632.5,5.948,265460.567
2022-03-27 12:40:00,44632.5,44637.5,44632.5,44637.5,10.0,446354.952
2022-03-27 12:41:00,44637.5,44643.0,44637.0,44643.0,4.007,178866.4215
2022-03-27 12:42:00,44643.0,44645.0,44643.0,44645.0,3.378,150810.541
2022-03-27 12:43:00,44645.0,44650.0,44644.5,44650.0,4.847,216400.0675
2022-03-27 12:44:00,44650.0,44662.0,44649.5,44661.5,8.086,361119.3435
2022-03-27 12:45:00,44661.5,44680.0,44661.5,44665.5,10.327,461310.6015
2022-03-27 12:46:00,44665.5,44665.5,44648.0,44651.0,14.306,638890.8555
2022-03-27 12:47:00,44651.0,44656.0,44651.0,44656.0,5.005,223502.8125
2022-03-27 12:48:00,44656.0,44676.5,44655.5,44676.5,20.376,910024.3755
2022-03-27 12:49:00,44676.5,44708.5,44676.5,44705.0,117.983,5273141.463
2022-03-27 12:50:00,44705.0,44705.5,44687.0,44687.5,44.966,2009746.9315
2022-03-27 12:51:00,44687.5,44687.5,44687.0,44687.0,3.85,172045.575
2022-03-27 12:52:00,44687.0,44687.5,44687.0,44687.5,3.353,149836.888
2022-03-27 12:53:00,44687.5,44700.5,44687.5,44700.5,21.836,975902.858
2022-03-27 12:54:00,44700.5,44700.5,44692.5,44692.5,16.969,758489.739
2022-03-27 12:55:00,44692.5,44692.5,44687.0,44687.0,20.154,900658.169
2022-03-27 12:56:00,44687.0,44687.5,44687.0,44687.0,8.206,366702.7325
2022-03-27 12:57:00,44687.0,44687.5,44687.0,44687.5,5.03,224776.7655
2022-03-27 12:58:00,44687.5,44687.5,44678.0,44678.0,3.502,156488.618
2022-03-27 12:59:00,44678.0,44678.5,44678.0,44678.5,1.237,55266.8815
2022-03-27 13:00:00,44678.5,44678.5,44678.0,44678.0,3.578,159858.3055
2022-03-27 13:01:00,44678.0,44678.0,44675.0,44675.0,2.903,129697.264
2022-03-27 13:02:00,44675.0,44675.5,44662.5,44662.5,9.235,412535.307
2022-03-27 13:03:00,44662.5,44663.0,44651.5,44651.5,81.067,3620045.9195
2022-03-27 13:04:00,44651.5,44652.0,44650.5,44651.0,4.135,184632.2765
2022-03-27 13:05:00,44651.0,44651.0,44650.0,44650.5,8.644,385959.0725
2022-03-27 13:06:00,44650.5,44655.5,44650.0,44655.5,18.033,805188.5525
2022-03-27 13:07:00,44655.5,44658.0,44651.5,44652.0,13.315,594597.489
2022-03-27 13:08:00,44652.0,44652.0,44651.5,44652.0,0.197,8796.3775
2022-03-27 13:09:00,44652.0,44676.0,44651.5,44676.0,13.131,586465.279
2022-03-27 13:10:00,44676.0,44676.0,44656.5,44661.0,17.915,800167.2465
2022-03-27 13:11:00,44661.0,44679.5,44661.0,44677.5,16.456,735122.1495
2022-03-27 13:12:00,44677.5,44678.0,44673.0,44673.0,1.526,68175.43
2022-03-27 13:13:00,44673.0,44673.5,44666.5,44666.5,15.782,705022.1295
2022-03-27 13:14:00,44666.5,44667.0,44666.5,44666.5,1.15,51366.5565
2022-03-27 13:15:00,44666.5,44667.0,44666.5,44666.5,3.832,171162.6915
2022-03-27 13:16:00,44666.5,44667.0,44666.5,44667.0,2.053,91701.2195
2022-03-27 13:17:00,44667.0,44667.0,44655.5,44655.5,16.681,745032.14
2022-03-27 13:18:00,44655.5,44662.5,44655.5,44662.0,4.511,201446.652
2022-03-27 13:19:00,44662.0,44662.5,44662.0,44662.5,0.243,10852.8745
2022-03-27 13:20:00,44662.5,44662.5,44662.0,44662.5,1.998,89235.4515
2022-03-27 13:21:00,44662.5,44688.0,44662.0,44687.0,10.471,467775.75
2022-03-27 13:22:00,44687.0,44687.0,44686.5,44686.5,6.028,269372.152
2022-03-27 13:23:00,44686.5,44687.0,44682.5,44683.0,10.799,482551.696
2022-03-27 13:24:00,44683.0,44683.0,44682.5,44682.5,22.539,1007106.237
2022-03-27 13:25:00,44682.5,44683.0,44682.5,44683.0,1.081,48302.3025
2022-03-27 13:26:00,44683.0,44683.0,44682.5,44683.0,5.458,243879.461
2022-03-27 13:27:00,44683.0,44705.0,44683.0,44705.0,33.667,1504594.3015
2022-03-27 13:28:00,44705.0,44727.0,44704.5,44723.0,54.164,2421989.8135
2022-03-27 13:29:00,44723.0,44723.5,44710.5,44711.0,30.631,1369739.937
2022-03-27 13:30:00,44711.0,44711.0,44710.5,44710.5,13.535,605157.363
2022-03-27 13:31:00,44710.5,44711.0,44705.0,44705.0,8.424,376604.341
2022-03-27 13:32:00,44705.0,44705.5,44705.0,44705.0,8.111,362602.6925
2022-03-27 13:33:00,44705.0,44711.0,44705.0,44711.0,14.877,665103.5825
2022-03-27 13:34:00,44711.0,44711.0,44705.0,44705.0,21.356,954829.4545
2022-03-27 13:35:00,44705.0,44706.5,44705.0,44706.0,3.283,146769.531
2022-03-27 13:36:00,44706.0,44706.5,44700.0,44700.0,10.26,458674.353
2022-03-27 13:37:00,44700.0,44700.0,44682.5,44682.5,10.976,490523.317
2022-03-27 13:38:00,44682.5,44697.0,44682.5,44697.0,4.547,203206.525
2022-03-27 13:39:00,44697.0,44697.0,44682.5,44682.5,4.347,194269.6365
2022-03-27 13:40:00,44682.5,44683.0,44682.5,44682.5,9.63,430292.843
2022-03-27 13:41:00,44682.5,44683.0,44682.5,44682.5,3.125,139633.6235
2022-03-27 13:42:00,44682.5,44683.0,44682.5,44683.0,1.601,71537.2075
2022-03-27 13:43:00,44683.0,44683.0,44682.5,44682.5,9.953,444729.119
2022-03-27 13:44:00,44682.5,44683.0,44679.5,44680.0,16.038,716609.856
2022-03-27 13:45:00,44680.0,44708.0,44679.5,44708.0,15.963,713426.264
2022-03-27 13:46:00,44708.0,44708.0,44679.5,44679.5,27.322,1220972.8705
2022-03-27 13:47:00,44679.5,44680.0,44662.5,44662.5,27.852,1244204.6625
2022-03-27 13:48:00,44662.5,44663.0,44658.5,44659.0,21.294,950993.862
2022-03-27 13:49:00,44659.0,44659.0,44658.5,44658.5,5.961,266210.851
2022-03-27 13:50:00,44658.5,44659.0,44658.5,44659.0,8.396,374955.916
2022-03-27 13:51:00,44659.0,44659.0,44658.5,44658.5,9.116,407107.0025
2022-03-27 13:52:00,44658.5,44659.0,44658.5,44658.5,4.511,201456.141
2022-03-27 13:53:00,44658.5,44659.0,44658.0,44658.0,14.361,641340.241
2022-03-27 13:54:00,44658.0,44658.5,44655.0,44655.0,8.364,373511.1175
2022-03-27 13:55:00,44655.0,44655.0,44650.0,44651.0,11.691,522027.4455
2022-03-27 13:56:00,44651.0,44651.0,44648.0,44648.0,11.894,531058.6025
2022-03-27 13:57:00,44648.0,44648.5,44629.5,44629.5,26.581,1186522.6405
2022-03-27 13:58:00,44629.5,44630.0,44615.0,44615.0,27.597,1231488.4425
2022-03-27 13:59:00,44615.0,44615.0,44590.0,44590.0,73.922,3297241.7355
2022-03-27 14:00:00,44590.0,44618.5,44585.0,44618.0,69.109,3082127.8725
2022-03-27 14:01:00,44618.0,44618.5,44591.0,44591.0,27.847,1242085.002
2022-03-27 14:02:00,44591.0,44600.0,44591.0,44599.5,10.634,474197.817
2022-03-27 14:03:00,44599.5,44600.0,44575.0,44575.5,36.512,1628044.6815
2022-03-27 14:04:00,44575.5,44575.5,44572.0,44572.0,13.575,605102.1905
2022-03-27 14:05:00,44572.0,44585.0,44570.0,44585.0,50.118,2234075.9775
2022-03-27 14:06:00,44585.0,44606.0,44584.5,44606.0,12.922,576271.8335
2022-03-27 14:07:00,44606.0,44616.0,44606.0,44613.0,17.847,796183.3285
2022-03-27 14:08:00,44613.0,44645.0,44605.0,44645.0,16.246,724977.5855
2022-03-27 14:09:00,44645.0,44658.0,44618.0,44625.5,24.368,1087887.956
2022-03-27 14:10:00,44625.5,44635.0,44625.0,44635.0,6.354,283557.3845
2022-03-27 14:11:00,44635.0,44635.0,44634.0,44634.0,5.288,236027.547
2022-03-27 14:12:00,44634.0,44634.5,44621.5,44622.0,13.102,584700.3805
2022-03-27 14:13:00,44622.0,44622.0,44611.0,44619.0,7.545,336620.965
2022-03-27 14:14:00,44619.0,44630.0,44619.0,44630.0,19.1,852337.754
2022-03-27 14:15:00,44630.0,44630.0,44613.5,44614.0,8.616,384510.17
2022-03-27 14:16:00,44614.0,44614.0,44600.0,44600.0,39.333,1754584.3265
2022-03-27 14:17:00,44600.0,44602.5,44600.0,44602.0,3.49,155658.431
2022-03-27 14:18:00,44602.0,44602.5,44602.0,44602.5,2.174,96965.0175
2022-03-27 14:19:00,44602.5,44605.0,44602.0,44605.0,23.297,1039123.338
2022-03-27 14:20:00,44605.0,44605.0,44604.5,44604.5,6.747,300947.7115
2022-03-27 14:21:00,44604.5,44605.0,44590.0,44590.0,17.391,775644.5205
2022-03-27 14:22:00,44590.0,44590.5,44588.0,44589.0,7.764,346186.427
2022-03-27 14:23:00,44589.0,44617.0,44589.0,44617.0,5.858,261308.353
2022-03-27 14:24:00,44617.0,44617.0,44608.0,44608.0,8.789,392122.8055
2022-03-27 14:25:00,44608.0,44608.0,44602.0,44602.0,3.687,164452.7305
2022-03-27 14:26:00,44602.0,44602.0,44581.0,44581.5,25.912,1155288.322
2022-03-27 14:27:00,44581.5,44581.5,44579.5,44579.5,6.648,296369.5505
2022-03-27 14:28:00,44579.5,44580.0,44571.5,44571.5,14.507,646663.988
2022-03-27 14:29:00,44571.5,44580.5,44571.5,44580.0,9.718,433181.4085
2022-03-27 14:30:00,44580.0,44586.0,44580.0,44582.5,7.052,314410.3545
2022-03-27 14:31:00,44582.5,44590.0,44582.5,44590.0,9.71,432924.3035
2022-03-27 14:32:00,44590.0,44594.0,44589.5,44594.0,22.458,1001422.0365
2022-03-27 14:33:00,44594.0,44594.5,44594.0,44594.5,4.109,183237.447
2022-03-27 14:34:00,44594.5,44596.0,44594.0,44595.5,5.485,244601.7545
2022-03-27 14:35:00,44595.5,44599.0,44595.5,44598.5,4.539,202431.204
2022-03-27 14:36:00,44598.5,44609.0,44598.5,44609.0,7.958,354960.605
2022-03-27 14:37:00,44609.0,44614.0,44595.0,44595.0,10.607,473182.6545
2022-03-27 14:38:00,44595.0,44595.5,44595.0,44595.5,8.61,383963.3015
2022-03-27 14:39:00,44595.5,44595.5,44595.0,44595.5,3.253,145068.0005
2022-03-27 14:40:00,44595.5,44595.5,44594.5,44595.0,8.132,362646.551
2022-03-27 14:41:00,44595.0,44595.5,44594.5,44595.0,7.007,312478.3795
2022-03-27 14:42:00,44595.0,44616.0,44595.0,44616.0,13.298,593123.2695
2022-03-27 14:43:00,44616.0,44630.0,44615.5,44627.5,17.19,767103.5775
2022-03-27 14:44:00,44627.5,44628.0,44610.5,44611.0,11.021,491693.519
2022-03-27 14:45:00,44611.0,44611.0,44610.5,44611.0,1.726,76998.3535
2022-03-27 14:46:00,44611.0,44611.0,44610.5,44611.0,0.766,34171.8135
2022-03-27 14:47:00,44611.0,44630.0,44610.5,44630.0,10.915,487051.3405
2022-03-27 14:48:00,44630.0,44638.0,44629.5,44638.0,14.042,626751.5865
2022-03-27 14:49:00,44638.0,44638.0,44637.5,44638.0,6.019,268674.1885
2022-03-27 14:50:00,44638.0,44638.0,44637.5,44638.0,3.37,150429.2585
2022-03-27 14:51:00,44638.0,44650.0,44638.0,44650.0,5.969,266482.168
2022-03-27 14:52:00,44650.0,44674.0,44650.0,44653.0,37.219,1662310.487
2022-03-27 14:53:00,44653.0,44674.0,44653.0,44672.5,10.975,490183.549
2022-03-27 14:54:00,44672.5,44672.5,44649.0,44649.0,32.208,1438383.4115
2022-03-27 14:55:00,44649.0,44649.5,44616.0,44616.0,17.373,775531.549
2022-03-27 14:56:00,44616.0,44616.5,44608.0,44608.5,9.499,423762.7695
2022-03-27 14:57:00,44608.5,44608.5,44608.0,44608.0,10.262,457769.64
2022-03-27 14:58:00,44608.0,44608.5,44608.0,44608.0,0.673,30021.263
2022-03-27 14:59:00,44608.0,44608.5,44588.0,44602.0,37.241,1660820.679
2022-03-27 15:00:00,44602.0,44603.5,44602.0,44603.5,19.478,868767.228
2022-03-27 15:01:00,44603.5,44603.5,44575.0,44575.5,56.457,2517500.7005
2022-03-27 15:02:00,44575.5,44595.5,44575.5,44595.0,74.073,3302689.9475
2022-03-27 15:03:00,44595.0,44595.5,44582.5,44583.0,11.89,530147.286
2022-03-27 15:04:00,44583.0,44608.0,44582.5,44600.0,42.756,1906697.563
2022-03-27 15:05:00,44600.0,44600.5,44591.0,44591.5,2.703,120542.062
2022-03-27 15:06:00,44591.5,44591.5,44588.5,44589.0,4.019,179208.8185
2022-03-27 15:07:00,44589.0,44593.5,44588.5,44593.5,13.714,611512.0765
2022-03-27 15:08:00,44593.5,44607.5,44593.5,44607.5,11.214,500185.564
2022-03-27 15:09:00,44607.5,44607.5,44592.5,44592.5,6.771,302008.3355
2022-03-27 15:10:00,44592.5,44593.0,44592.5,44593.0,0.461,20557.215
2022-03-27 15:11:00,44593.0,44593.0,44592.5,44592.5,1.929,86019.6415
2022-03-27 15:12:00,44592.5,44593.0,44592.5,44592.5,2.93,130656.8775
2022-03-27 15:13:00,44592.5,44592.5,44587.0,44587.0,18.514,825545.6285
2022-03-27 15:14:00,44587.0,44588.0,44587.0,44588.0,16.522,736676.7335
2022-03-27 15:15:00,44588.0,44588.0,44582.5,44582.5,9.433,420588.9925
2022-03-27 15:16:00,44582.5,44583.0,44581.0,44581.0,6.251,278684.391
2022-03-27 15:17:00,44581.0,44581.5,44579.0,44579.0,18.054,804849.335
2022-03-27 15:18:00,44579.0,44579.5,44579.0,44579.0,4.797,213845.6665
2022-03-27 15:19:00,44579.0,44579.5,44574.0,44574.5,18.162,809611.6065
2022-03-27 15:20:00,44574.5,44574.5,44563.0,44563.0,49.301,2197276.7055
2022-03-27 15:21:00,44563.0,44563.5,44555.0,44555.0,25.305,1127606.4065
2022-03-27 15:22:00,44555.0,44555.5,44542.5,44543.5,55.202,2459239.4455
2022-03-27 15:23:00,44543.5,44575.0,44530.0,44575.0,84.018,3742522.4835
2022-03-27 15:24:00,44575.0,44581.0,44574.5,44581.0,13.615,606919.7555
2022-03-27 15:25:00,44581.0,44581.0,44580.5,44580.5,13.393,597071.11
2022-03-27 15:26:00,44580.5,44581.0,44548.0,44548.0,29.424,1311389.0045
2022-03-27 15:27:00,44548.0,44548.0,44532.0,44532.0,9.523,424156.617
2022-03-27 15:28:00,44532.0,44532.5,44530.0,44530.5,16.717,744426.595
2022-03-27 15:29:00,44530.5,44530.5,44530.0,44530.0,13.069,581965.0115
2022-03-27 15:30:00,44530.0,44570.0,44480.0,44570.0,271.871,12100753.2315
2022-03-27 15:31:00,44570.0,44570.0,44555.0,44555.0,21.941,977837.666
2022-03-27 15:32:00,44555.0,44555.5,44537.5,44537.5,19.275,858657.475
2022-03-27 15:33:00,44537.5,44538.0,44537.5,44538.0,9.746,434067.106
2022-03-27 15:34:00,44538.0,44550.0,44537.5,44550.0,20.337,905865.4525
2022-03-27 15:35:00,44550.0,44566.0,44549.5,44565.5,30.707,1368256.772
2022-03-27 15:36:00,44565.5,44576.0,44565.5,44576.0,14.608,651125.4405
2022-03-27 15:37:00,44576.0,44599.5,44576.0,44592.0,48.808,2176405.846
2022-03-27 15:38:00,44592.0,44592.5,44582.5,44583.0,19.487,868862.2
2022-03-27 15:39:00,44583.0,44583.0,44566.0,44566.5,13.724,611800.024
2022-03-27 15:40:00,44566.5,44577.0,44564.5,44577.0,41.869,1865943.1505
2022-03-27 15:41:00,44577.0,44596.5,44577.0,44596.5,28.304,1261916.537
2022-03-27 15:42:00,44596.5,44600.0,44582.5,44583.0,48.541,2164809.3815
2022-03-27 15:43:00,44583.0,44583.0,44576.5,44577.0,10.795,481210.0015
2022-03-27 15:44:00,44577.0,44583.5,44576.5,44583.5,11.704,521734.5055
2022-03-27 15:45:00,44583.5,44583.5,44565.0,44565.0,8.282,369150.883
2022-03-27 15:46:00,44565.0,44567.0,44565.0,44567.0,14.282,636483.4025
2022-03-27 15:47:00,44567.0,44580.0,44566.5,44580.0,5.494,244884.476
2022-03-27 15:48:00,44580.0,44580.0,44560.0,44560.5,28.317,1262114.02
2022-03-27 15:49:00,44560.5,44574.5,44560.0,44574.0,7.544,336206.815
2022-03-27 15:50:00,44574.0,44574.5,44574.0,44574.5,8.155,363501.1655
2022-03-27 15:51:00,44574.5,44574.5,44560.0,44560.0,6.535,291251.871
2022-03-27 15:52:00,44560.0,44560.5,44560.0,44560.5,36.314,1618168.8665
2022-03-27 15:53:00,44560.5,44566.5,44560.0,44563.0,13.609,606467.1435
2022-03-27 15:54:00,44563.0,44563.0,44550.0,44550.0,22.247,991250.279
2022-03-27 15:55:00,44550.0,44550.5,44541.0,44541.0,5.527,246212.093
2022-03-27 15:56:00,44541.0,44541.0,44537.5,44537.5,11.211,499333.188
2022-03-27 15:57:00,44537.5,44548.0,44536.5,44547.0,35.857,1597160.785
2022-03-27 15:58:00,44547.0,44555.0,44537.5,44554.0,17.212,766697.344
2022-03-27 15:59:00,44554.0,44554.5,44554.0,44554.5,10.057,448082.852
2022-03-27 16:00:00,44554.5,44571.0,44538.5,44539.0,22.104,984960.3835
2022-03-27 16:01:00,44539.0,44539.0,44530.5,44531.0,9.125,406358.901
2022-03-27 16:02:00,44531.0,44548.0,44530.5,44547.5,4.669,207972.9155
2022-03-27 16:03:00,44547.5,44548.0,44533.0,44541.5,12.142,540837.7625
2022-03-27 16:04:00,44541.5,44545.0,44541.0,44545.0,9.171,408511.938
2022-03-27 16:05:00,44545.0,44550.0,44544.5,44550.0,8.613,383699.0635
2022-03-27 16:06:00,44550.0,44550.0,44533.0,44533.5,14.63,651668.519
2022-03-27 16:07:00,44533.5,44533.5,44533.0,44533.5,1.211,53929.7215
2022-03-27 16:08:00,44533.5,44535.0,44533.5,44534.5,9.482,422270.282
2022-03-27 16:09:00,44534.5,44536.0,44534.5,44536.0,12.166,541809.4
2022-03-27 16:10:00,44536.0,44560.0,44536.0,44553.5,30.902,1376485.1305
2022-03-27 16:11:00,44553.5,44553.5,44533.0,44533.0,18.765,835900.2025
2022-03-27 16:12:00,44533.0,44545.0,44533.0,44545.0,7.452,331906.0585
2022-03-27 16:13:00,44545.0,44560.0,44544.5,44559.5,9.565,426151.579
2022-03-27 16:14:00,44559.5,44560.0,44554.5,44555.0,5.169,230314.3185
2022-03-27 16:15:00,44555.0,44555.0,44537.5,44537.5,5.763,256721.5245
2022-03-27 16:16:00,44537.5,44543.0,44537.5,44537.5,6.668,296985.128
2022-03-27 16:17:00,44537.5,44538.0,44530.0,44530.0,27.671,1232274.0
2022-03-27 16:18:00,44530.0,44541.0,44530.0,44541.0,5.935,264312.083
2022-03-27 16:19:00,44541.0,44587.5,44541.0,44584.5,40.587,1808698.146
2022-03-27 16:20:00,44584.5,44584.5,44584.0,44584.5,7.531,335763.092
2022-03-27 16:21:00,44584.5,44584.5,44576.0,44576.0,10.248,456830.6905
2022-03-27 16:22:00,44576.0,44576.5,44565.0,44565.5,8.838,393945.195
2022-03-27 16:23:00,44565.5,44565.5,44565.0,44565.0,1.207,53790.2655
2022-03-27 16:24:00,44565.0,44565.5,44545.0,44545.0,7.42,330587.2995
2022-03-27 16:25:00,44545.0,44545.0,44540.5,44540.5,1.374,61200.691
2022-03-27 16:26:00,44540.5,44540.5,44520.0,44520.5,13.574,604443.4295
2022-03-27 16:27:00,44520.5,44520.5,44518.5,44518.5,11.89,529331.208
2022-03-27 16:28:00,44518.5,44541.5,44518.5,44530.0,49.75,2215359.6705
2022-03-27 16:29:00,44530.0,44530.0,44515.5,44515.5,7.451,331710.562
2022-03-27 16:30:00,44515.5,44516.0,44515.5,44515.5,4.88,217236.668
2022-03-27 16:31:00,44515.5,44518.0,44511.0,44518.0,21.021,935729.8825
2022-03-27 16:32:00,44518.0,44532.0,44517.5,44532.0,22.542,1003705.352
2022-03-27 16:33:00,44532.0,44532.0,44519.0,44519.0,7.796,347134.766
2022-03-27 16:34:00,44519.0,44537.0,44519.0,44537.0,14.492,645385.283
2022-03-27 16:35:00,44537.0,44537.0,44528.0,44536.5,13.894,618731.3955
2022-03-27 16:36:00,44536.5,44551.5,44536.0,44551.5,21.332,950278.1515
2022-03-27 16:37:00,44551.5,44570.0,44551.5,44563.0,26.34,1173755.1245
2022-03-27 16:38:00,44563.0,44563.0,44552.0,44552.5,11.833,527223.4715
2022-03-27 16:39:00,44552.5,44552.5,44541.5,44542.0,6.777,301884.152
2022-03-27 16:40:00,44542.0,44551.0,44539.0,44551.0,9.217,410536.467
2022-03-27 16:41:00,44551.0,44560.0,44550.0,44557.5,9.937,442756.001
2022-03-27 16:42:00,44557.5,44571.0,44557.5,44563.5,7.246,322929.8225
2022-03-27 16:43:00,44563.5,44571.5,44555.5,44555.5,31.15,1388227.102
2022-03-27 16:44:00,44555.5,44555.5,44550.0,44550.0,3.256,145055.2675
2022-03-27 16:45:00,44550.0,44552.5,44540.5,44552.5,8.825,393124.598
2022-03-27 16:46:00,44552.5,44552.5,44552.0,44552.5,2.279,101535.0955
2022-03-27 16:47:00,44552.5,44552.5,44552.0,44552.5,7.564,336992.048
2022-03-27 16:48:00,44552.5,44552.5,44546.0,44546.5,19.324,860922.4335
2022-03-27 16:49:00,44546.5,44554.0,44546.0,44553.5,12.687,565168.128
2022-03-27 16:50:00,44553.5,44554.0,44553.5,44554.0,1.51,67276.321
2022-03-27 16:51:00,44554.0,44554.0,44537.5,44539.5,16.49,734574.2615
2022-03-27 16:52:00,44539.5,44545.0,44539.0,44544.5,5.655,251884.234
2022-03-27 16:53:00,44544.5,44545.0,44544.5,44544.5,22.321,994288.848
2022-03-27 16:54:00,44544.5,44551.5,44544.5,44551.5,6.137,273391.0365
2022-03-27 16:55:00,44551.5,44580.0,44551.0,44580.0,20.415,909807.15
2022-03-27 16:56:00,44580.0,44580.0,44572.5,44573.0,15.376,685409.2685
2022-03-27 16:57:00,44573.0,44575.0,44572.5,44574.5,6.122,272877.8165
2022-03-27 16:58:00,44574.5,44577.0,44574.5,44576.5,11.743,523462.2585
2022-03-27 16:59:00,44576.5,44577.0,44576.5,44576.5,7.584,338071.958
2022-03-27 17:00:00,44576.5,44620.0,44576.5,44620.0,53.316,2377907.0075
2022-03-27 17:01:00,44620.0,44620.0,44587.5,44587.5,17.624,786101.077
2022-03-27 17:02:00,44587.5,44588.0,44587.5,44588.0,2.277,101526.179
2022-03-27 17:03:00,44588.0,44588.0,44587.5,44588.0,14.793,659588.2425
2022-03-27 17:04:00,44588.0,44588.0,44587.5,44587.5,3.334,148655.124
2022-03-27 17:05:00,44587.5,44588.0,44581.5,44581.5,8.482,378186.6975
2022-03-27 17:06:00,44581.5,44582.0,44581.5,44581.5,10.236,456340.1155
2022-03-27 17:07:00,44581.5,44582.0,44568.0,44568.0,21.498,958262.335
2022-03-27 17:08:00,44568.0,44568.5,44555.0,44563.5,25.441,1133729.852
2022-03-27 17:09:00,44563.5,44564.0,44557.5,44557.5,5.293,235862.819
2022-03-27 17:10:00,44557.5,44558.0,44557.5,44557.5,4.745,211427.027
2022-03-27 17:11:00,44557.5,44558.0,44557.5,44558.0,4.693,209110.25
2022-03-27 17:12:00,44558.0,44558.0,44557.5,44557.5,3.521,156888.362
2022-03-27 17:13:00,44557.5,44558.0,44544.0,44544.0,11.265,501875.3945
2022-03-27 17:14:00,44544.0,44557.5,44544.0,44557.5,10.627,473421.573
2022-03-27 17:15:00,44557.5,44559.0,44550.0,44550.0,15.158,675397.616
2022-03-27 17:16:00,44550.0,44550.0,44537.0,44537.0,11.044,491902.014
2022-03-27 17:17:00,44537.0,44537.5,44536.5,44536.5,2.909,129557.474
2022-03-27 17:18:00,44536.5,44537.0,44536.5,44537.0,5.939,264505.1205
2022-03-27 17:19:00,44537.0,44537.0,44536.0,44536.0,3.591,159930.5195
2022-03-27 17:20:00,44536.0,44536.5,44535.0,44535.0,4.095,182373.919
2022-03-27 17:21:00,44535.0,44535.5,44534.5,44534.5,4.724,210383.4665
2022-03-27 17:22:00,44534.5,44535.0,44534.5,44535.0,2.64,117571.963
2022-03-27 17:23:00,44535.0,44535.0,44529.5,44530.0,8.822,392858.971
2022-03-27 17:24:00,44530.0,44530.0,44524.0,44524.0,5.796,258083.885
2022-03-27 17:25:00,44524.0,44529.5,44524.0,44529.5,18.037,803093.607
2022-03-27 17:26:00,44529.5,44542.0,44529.0,44542.0,8.19,364744.0795
2022-03-27 17:27:00,44542.0,44542.0,44541.5,44541.5,4.632,206317.5025
2022-03-27 17:28:00,44541.5,44547.5,44541.5,44547.5,10.862,483835.776
2022-03-27 17:29:00,44547.5,44550.0,44547.0,44549.5,3.25,144781.3025
2022-03-27 17:30:00,44549.5,44550.0,44537.0,44537.0,10.061,448183.4585
2022-03-27 17:31:00,44537.0,44537.5,44532.5,44533.0,3.679,163849.7835
2022-03-27 17:32:00,44533.0,44540.0,44532.5,44540.0,8.304,369800.955
2022-03-27 17:33:00,44540.0,44567.0,44540.0,44567.0,19.598,873156.9575
2022-03-27 17:34:00,44567.0,44578.0,44566.5,44577.5,18.873,841199.0425
2022-03-27 17:35:00,44577.5,44588.5,44577.5,44588.5,19.553,871701.083
2022-03-27 17:36:00,44588.5,44588.5,44572.0,44584.5,18.623,830258.0815
2022-03-27 17:37:00,44584.5,44585.0,44566.5,44566.5,24.878,1109034.4575
2022-03-27 17:38:00,44566.5,44576.0,44566.5,44572.5,31.229,1392008.416
2022-03-27 17:39:00,44572.5,44574.5,44572.0,44574.5,23.905,1065522.203
2022-03-27 17:40:00,44574.5,44575.5,44574.0,44574.5,7.341,327222.4035
2022-03-27 17:41:00,44574.5,44575.0,44554.5,44555.0,21.977,979271.2885
2022-03-27 17:42:00,44555.0,44555.0,44538.0,44538.0,24.073,1072406.598
2022-03-27 17:43:00,44538.0,44538.5,44530.0,44530.0,22.726,1012051.2875
2022-03-27 17:44:00,44530.0,44535.5,44530.0,44535.0,8.878,395354.3595
2022-03-27 17:45:00,44535.0,44548.5,44519.0,44519.0,45.33,2018505.677
2022-03-27 17:46:00,44519.0,44519.5,44510.5,44510.5,27.85,1239761.4515
2022-03-27 17:47:00,44510.5,44510.5,44491.5,44492.0,78.097,3475462.7245
2022-03-27 17:48:00,44492.0,44494.5,44491.5,44494.0,32.427,1442762.454
2022-03-27 17:49:00,44494.0,44494.5,44494.0,44494.0,36.922,1642816.95
2022-03-27 17:50:00,44494.0,44494.5,44456.0,44481.5,125.225,5569496.334
2022-03-27 17:51:00,44481.5,44482.0,44464.5,44473.0,57.97,2578352.741
2022-03-27 17:52:00,44473.0,44510.0,44473.0,44505.5,52.359,2329913.6455
2022-03-27 17:53:00,44505.5,44508.0,44474.0,44478.5,27.694,1232187.0075
2022-03-27 17:54:00,44478.5,44500.0,44478.0,44498.0,29.842,1327610.778
2022-03-27 17:55:00,44498.0,44505.0,44497.5,44504.0,12.691,564776.0505
2022-03-27 17:56:00,44504.0,44504.5,44504.0,44504.0,7.054,313934.4125
2022-03-27 17:57:00,44504.0,44508.0,44494.5,44507.5,52.227,2324071.358
2022-03-27 17:58:00,44507.5,44508.0,44505.5,44505.5,13.627,606502.017
2022-03-27 17:59:00,44505.5,44506.0,44487.5,44492.5,17.94,798184.3075
2022-03-27 18:00:00,44492.5,44494.5,44492.0,44492.0,28.547,1270153.1855
2022-03-27 18:01:00,44492.0,44505.0,44492.0,44504.5,19.269,857452.884
2022-03-27 18:02:00,44504.5,44505.0,44491.5,44491.5,11.994,533721.7315
2022-03-27 18:03:00,44491.5,44505.5,44491.5,44505.5,10.15,451613.1265
2022-03-27 18:04:00,44505.5,44505.5,44505.0,44505.5,9.688,431165.753
2022-03-27 18:05:00,44505.5,44521.5,44505.0,44521.5,18.076,804623.613
2022-03-27 18:06:00,44521.5,44523.5,44521.5,44523.0,9.018,401507.1805
2022-03-27 18:07:00,44523.0,44523.5,44521.0,44521.0,11.463,510363.3625
2022-03-27 18:08:00,44521.0,44521.5,44521.0,44521.0,2.454,109255.102
2022-03-27 18:09:00,44521.0,44521.5,44505.5,44505.5,9.807,436577.177
2022-03-27 18:10:00,44505.5,44506.0,44505.5,44506.0,4.073,181271.985
2022-03-27 18:11:00,44506.0,44506.0,44500.0,44500.0,6.533,290740.1195
2022-03-27 18:12:00,44500.0,44500.0,44481.0,44481.0,36.697,1632459.2985
2022-03-27 18:13:00,44481.0,44481.5,44481.0,44481.0,5.835,259546.861
2022-03-27 18:14:00,44481.0,44481.5,44481.0,44481.0,3.968,176501.01
2022-03-27 18:15:00,44481.0,44486.0,44481.0,44486.0,18.875,839598.873
2022-03-27 18:16:00,44486.0,44505.0,44485.5,44504.5,18.532,824501.2885
2022-03-27 18:17:00,44504.5,44523.5,44504.5,44523.0,13.706,610148.057
2022-03-27 18:18:00,44523.0,44523.0,44443.0,44448.0,120.992,5380723.476
2022-03-27 18:19:00,44448.0,44462.0,44447.5,44462.0,54.399,2418233.497
2022-03-27 18:20:00,44462.0,44477.5,44461.5,44477.5,18.365,816723.5245
2022-03-27 18:21:00,44477.5,44477.5,44460.0,44460.0,11.258,500686.1655
2022-03-27 18:22:00,44460.0,44462.0,44452.0,44452.0,14.025,623559.0475
2022-03-27 18:23:00,44452.0,44452.5,44440.0,44440.5,66.511,2956143.2775
2022-03-27 18:24:00,44440.5,44441.0,44440.0,44440.5,22.818,1014039.2605
2022-03-27 18:25:00,44440.5,44462.0,44440.5,44458.0,34.113,1516173.2045
2022-03-27 18:26:00,44458.0,44458.0,44443.0,44443.0,43.924,1952617.041
2022-03-27 18:27:00,44443.0,44451.5,44438.0,44451.5,91.15,4051104.603
2022-03-27 18:28:00,44451.5,44451.5,44429.5,44429.5,46.329,2058629.454
2022-03-27 18:29:00,44429.5,44430.0,44427.0,44427.0,25.021,1111645.85
2022-03-27 18:30:00,44427.0,44427.5,44420.5,44420.5,46.829,2080268.8
2022-03-27 18:31:00,44420.5,44438.0,44418.0,44420.0,53.509,2377017.668
2022-03-27 18:32:00,44420.0,44420.5,44419.0,44419.5,17.077,758556.1145
2022-03-27 18:33:00,44419.5,44435.0,44419.0,44435.0,32.814,1457591.5235
2022-03-27 18:34:00,44435.0,44438.0,44434.5,44438.0,31.362,1393651.031
2022-03-27 18:35:00,44438.0,44438.0,44437.5,44438.0,10.242,455133.17
2022-03-27 18:36:00,44438.0,44444.0,44437.5,44444.0,14.814,658334.711
2022-03-27 18:37:00,44444.0,44444.5,44443.5,44444.5,12.658,562574.435
2022-03-27 18:38:00,44444.5,44444.5,44444.0,44444.5,37.561,1669371.117
2022-03-27 18:39:00,44444.5,44444.5,44436.5,44437.0,29.026,1289993.1145
2022-03-27 18:40:00,44437.0,44437.0,44436.5,44437.0,4.615,205075.769
2022-03-27 18:41:00,44437.0,44451.5,44436.5,44451.5,39.348,1748645.311
2022-03-27 18:42:00,44451.5,44472.0,44451.0,44472.0,43.513,1934714.9875
2022-03-27 18:43:00,44472.0,44472.0,44452.5,44452.5,28.303,1258574.59
2022-03-27 18:44:00,44452.5,44469.5,44452.5,44469.5,18.993,844388.3585
2022-03-27 18:45:00,44469.5,44469.5,44467.5,44467.5,6.951,309101.451
2022-03-27 18:46:00,44467.5,44468.0,44464.5,44465.0,9.743,433232.263
2022-03-27 18:47:00,44465.0,44466.0,44464.5,44466.0,8.704,387023.3585
2022-03-27 18:48:00,44466.0,44516.0,44466.0,44515.5,121.62,5411826.3965
2022-03-27 18:49:00,44515.5,44520.0,44515.5,44520.0,23.571,1049371.6275
2022-03-27 18:50:00,44520.0,44520.0,44515.0,44515.0,21.553,959503.4545
2022-03-27 18:51:00,44515.0,44515.5,44485.0,44492.5,50.02,2226088.1685
2022-03-27 18:52:00,44492.5,44492.5,44492.0,44492.5,4.551,202483.367
2022-03-27 18:53:00,44492.5,44512.5,44492.0,44512.5,13.399,596216.254
2022-03-27 18:54:00,44512.5,44519.5,44512.0,44519.5,13.229,588891.846
2022-03-27 18:55:00,44519.5,44520.5,44519.0,44520.5,24.374,1085134.348
2022-03-27 18:56:00,44520.5,44522.0,44520.0,44522.0,14.425,642205.919
2022-03-27 18:57:00,44522.0,44535.0,44513.0,44513.5,36.009,1603297.829
2022-03-27 18:58:00,44513.5,44519.5,44513.0,44519.5,6.556,291845.4595
2022-03-27 18:59:00,44519.5,44524.5,44519.5,44524.0,7.961,354455.1815
2022-03-27 19:00:00,44524.0,44524.5,44514.5,44515.0,21.563,959957.831
2022-03-27 19:01:00,44515.0,44515.0,44513.5,44513.5,17.333,771567.8725
2022-03-27 19:02:00,44513.5,44514.0,44510.0,44510.0,16.644,740872.157
2022-03-27 19:03:00,44510.0,44510.5,44506.0,44506.5,6.458,287437.597
2022-03-27 19:04:00,44506.5,44506.5,44480.5,44496.5,81.313,3617979.658
2022-03-27 19:05:00,44496.5,44510.0,44496.0,44510.0,6.363,283160.317
2022-03-27 19:06:00,44510.0,44530.0,44510.0,44529.5,25.663,1142630.927
2022-03-27 19:07:00,44529.5,44530.0,44529.5,44529.5,31.906,1420770.675
2022-03-27 19:08:00,44529.5,44530.0,44529.5,44530.0,3.503,155987.6375
2022-03-27 19:09:00,44530.0,44532.0,44530.0,44531.5,11.511,512603.11
2022-03-27 19:10:00,44531.5,44535.0,44531.5,44535.0,18.333,816440.607
2022-03-27 19:11:00,44535.0,44538.5,44535.0,44538.0,28.354,1262825.366
2022-03-27 19:12:00,44538.0,44538.5,44504.0,44513.5,57.59,2564117.2165
2022-03-27 19:13:00,44513.5,44530.0,44513.0,44529.5,9.898,440656.199
2022-03-27 19:14:00,44529.5,44544.5,44529.5,44544.5,23.222,1034236.7505
2022-03-27 19:15:00,44544.5,44560.0,44544.5,44559.0,47.613,2121246.137
2022-03-27 19:16:00,44559.0,44567.0,44546.5,44547.0,62.05,2764950.271
2022-03-27 19:17:00,44547.0,44547.0,44546.5,44546.5,26.937,1199958.229
2022-03-27 19:18:00,44546.5,44550.0,44546.5,44550.0,6.476,288497.3245
2022-03-27 19:19:00,44550.0,44552.0,44549.5,44552.0,8.599,383094.7505
2022-03-27 19:20:00,44552.0,44570.5,44551.5,44570.5,28.529,1271449.7615
2022-03-27 19:21:00,44570.5,44580.0,44570.0,44580.0,36.26,1616328.736
2022-03-27 19:22:00,44580.0,44580.0,44579.5,44579.5,8.774,391142.9595
2022-03-27 19:23:00,44579.5,44580.0,44579.5,44579.5,13.778,614219.51
2022-03-27 19:24:00,44579.5,44595.0,44579.5,44591.0,48.251,2151252.4595
2022-03-27 19:25:00,44591.0,44642.5,44590.5,44615.0,138.306,6169914.4805
2022-03-27 19:26:00,44615.0,44615.0,44585.5,44601.0,105.922,4724376.4985
2022-03-27 19:27:00,44601.0,44601.0,44598.0,44598.5,19.866,886018.891
2022-03-27 19:28:00,44598.5,44598.5,44571.0,44571.5,22.768,1015203.1545
2022-03-27 19:29:00,44571.5,44594.0,44571.0,44594.0,18.117,807671.1495
2022-03-27 19:30:00,44594.0,44600.0,44588.5,44588.5,17.988,802235.5645
2022-03-27 19:31:00,44588.5,44589.0,44576.5,44576.5,15.387,685998.3
2022-03-27 19:32:00,44576.5,44577.0,44575.0,44575.0,7.892,351789.7215
2022-03-27 19:33:00,44575.0,44586.5,44575.0,44577.0,22.963,1023744.5885
2022-03-27 19:34:00,44577.0,44577.5,44562.0,44567.5,46.083,2053911.6875
2022-03-27 19:35:00,44567.5,44572.5,44567.5,44572.5,9.922,442210.8765
2022-03-27 19:36:00,44572.5,44599.0,44572.5,44599.0,41.699,1859391.331
2022-03-27 19:37:00,44599.0,44630.0,44599.0,44627.0,74.786,3337210.604
2022-03-27 19:38:00,44627.0,44649.5,44626.5,44649.0,70.029,3125931.6875
2022-03-27 19:39:00,44649.0,44663.0,44648.0,44648.0,92.319,4122409.874
2022-03-27 19:40:00,44648.0,44648.5,44630.0,44639.0,46.469,2074371.089
2022-03-27 19:41:00,44639.0,44654.0,44639.0,44653.5,37.573,1677448.992
2022-03-27 19:42:00,44653.5,44663.5,44653.5,44663.5,29.399,1312893.5525
2022-03-27 19:43:00,44663.5,44664.5,44663.0,44664.0,20.13,899086.2
2022-03-27 19:44:00,44664.0,44664.5,44655.0,44655.0,23.542,1051419.43
2022-03-27 19:45:00,44655.0,44655.5,44638.5,44640.0,42.362,1891133.0355
2022-03-27 19:46:00,44640.0,44647.5,44640.0,44643.0,27.719,1237513.8
2022-03-27 19:47:00,44643.0,44643.5,44642.0,44642.0,9.259,413348.0225
2022-03-27 19:48:00,44642.0,44642.5,44642.0,44642.5,10.258,457938.745
2022-03-27 19:49:00,44642.5,44642.5,44640.0,44640.0,10.019,447264.0725
2022-03-27 19:50:00,44640.0,44641.0,44640.0,44641.0,11.937,532874.2465
2022-03-27 19:51:00,44641.0,44641.0,44640.5,44641.0,8.122,362573.3175
2022-03-27 19:52:00,44641.0,44641.0,44640.5,44640.5,6.488,289627.807
2022-03-27 19:53:00,44640.5,44664.5,44640.5,44664.5,32.156,1435804.4105
2022-03-27 19:54:00,44664.5,44668.5,44664.5,44668.5,25.584,1142727.25
2022-03-27 19:55:00,44668.5,44675.0,44668.0,44675.0,25.557,1141686.0425
2022-03-27 19:56:00,44675.0,44675.0,44674.5,44674.5,31.163,1392205.7675
2022-03-27 19:57:00,44674.5,44675.0,44674.5,44675.0,14.719,657566.4005
2022-03-27 19:58:00,44675.0,44700.0,44674.5,44700.0,112.445,5025071.696
2022-03-27 19:59:00,44700.0,44709.5,44685.0,44685.0,70.245,3140150.948
2022-03-27 20:00:00,44685.0,44685.5,44672.0,44672.0,38.592,1724245.1455
2022-03-27 20:01:00,44672.0,44672.5,44655.0,44671.5,41.583,1857403.5175
2022-03-27 20:02:00,44671.5,44672.0,44640.0,44640.0,44.142,1971301.62
2022-03-27 20:03:00,44640.0,44660.0,44639.5,44659.5,70.42,3143880.919
2022-03-27 20:04:00,44659.5,44660.0,44653.5,44653.5,16.78,749358.355
2022-03-27 20:05:00,44653.5,44654.0,44644.0,44644.5,15.435,689114.867
2022-03-27 20:06:00,44644.5,44644.5,44640.0,44640.5,13.479,601708.213
2022-03-27 20:07:00,44640.5,44653.5,44640.0,44653.0,21.365,953838.428
2022-03-27 20:08:00,44653.0,44653.5,44640.0,44640.5,13.651,609549.062
2022-03-27 20:09:00,44640.5,44640.5,44634.5,44634.5,38.229,1706467.1355
2022-03-27 20:10:00,44634.5,44635.0,44631.0,44631.0,22.125,987472.398
2022-03-27 20:11:00,44631.0,44640.5,44631.0,44640.0,20.65,921689.7635
2022-03-27 20:12:00,44640.0,44640.5,44640.0,44640.0,9.623,429572.472
2022-03-27 20:13:00,44640.0,44640.5,44620.5,44620.5,37.091,1655305.668
2022-03-27 20:14:00,44620.5,44620.5,44605.0,44605.5,42.947,1916050.8575
2022-03-27 20:15:00,44605.5,44621.0,44605.0,44621.0,31.713,1414893.9675
2022-03-27 20:16:00,44621.0,44628.5,44618.0,44628.5,14.404,642736.025
2022-03-27 20:17:00,44628.5,44628.5,44611.5,44611.5,29.153,1300919.6865
2022-03-27 20:18:00,44611.5,44611.5,44596.5,44597.0,23.365,1042123.88
2022-03-27 20:19:00,44597.0,44597.0,44582.5,44582.5,25.081,1118372.834
2022-03-27 20:20:00,44582.5,44606.0,44582.5,44606.0,29.767,1327338.6935
2022-03-27 20:21:00,44606.0,44622.0,44605.5,44621.5,13.887,619478.627
2022-03-27 20:22:00,44621.5,44628.0,44621.5,44628.0,15.246,680369.786
2022-03-27 20:23:00,44628.0,44628.0,44627.5,44628.0,5.409,241392.457
2022-03-27 20:24:00,44628.0,44645.0,44627.5,44645.0,15.146,676039.0135
2022-03-27 20:25:00,44645.0,44652.0,44644.5,44651.5,12.769,570098.7965
2022-03-27 20:26:00,44651.5,44656.0,44582.0,44582.0,194.633,8685840.798
2022-03-27 20:27:00,44582.0,44612.5,44572.0,44605.0,89.668,3998257.921
2022-03-27 20:28:00,44605.0,44605.0,44599.5,44600.0,18.833,839963.2425
2022-03-27 20:29:00,44600.0,44600.0,44581.0,44581.0,33.057,1474042.252
2022-03-27 20:30:00,44581.0,44583.5,44581.0,44583.0,11.716,522324.6505
2022-03-27 20:31:00,44583.0,44600.0,44583.0,44599.5,22.823,1017734.296
2022-03-27 20:32:00,44599.5,44600.0,44586.5,44586.5,13.787,614823.8425
2022-03-27 20:33:00,44586.5,44587.0,44577.0,44577.0,29.303,1306385.237
2022-03-27 20:34:00,44577.0,44577.0,44575.0,44575.0,18.665,832003.6
2022-03-27 20:35:00,44575.0,44575.5,44550.0,44550.0,83.188,3707018.5045
2022-03-27 20:36:00,44550.0,44550.5,44546.0,44546.5,17.635,785595.165
2022-03-27 20:37:00,44546.5,44546.5,44536.0,44537.0,33.436,1489302.4155
2022-03-27 20:38:00,44537.0,44537.0,44534.0,44534.0,22.857,1017946.051
2022-03-27 20:39:00,44534.0,44534.5,44534.0,44534.5,23.609,1051411.8285
2022-03-27 20:40:00,44534.5,44537.5,44520.0,44520.0,92.042,4098882.127
2022-03-27 20:41:00,44520.0,44520.5,44520.0,44520.0,25.076,1116393.7425
2022-03-27 20:42:00,44520.0,44543.0,44500.0,44543.0,96.626,4301451.9085
2022-03-27 20:43:00,44543.0,44543.0,44540.5,44540.5,22.842,1017446.4535
2022-03-27 20:44:00,44540.5,44545.0,44540.5,44545.0,23.262,1036120.129
2022-03-27 20:45:00,44545.0,44559.0,44544.5,44559.0,33.596,1496834.2145
2022-03-27 20:46:00,44559.0,44562.5,44558.5,44562.5,10.214,455142.584
2022-03-27 20:47:00,44562.5,44565.0,44562.5,44565.0,12.12,540122.0795
2022-03-27 20:48:00,44565.0,44565.0,44564.5,44564.5,8.698,387624.8505
2022-03-27 20:49:00,44564.5,44570.0,44564.5,44570.0,5.789,257988.6785
2022-03-27 20:50:00,44570.0,44597.0,44570.0,44597.0,43.762,1951031.626
2022-03-27 20:51:00,44597.0,44613.5,44596.5,44613.5,24.248,1081600.7915
2022-03-27 20:52:00,44613.5,44635.5,44613.0,44626.5,56.632,2527366.3775
2022-03-27 20:53:00,44626.5,44740.0,44626.0,44738.0,227.008,10144047.5215
2022-03-27 20:54:00,44738.0,44738.5,44712.0,44714.5,90.38,4041688.843
2022-03-27 20:55:00,44714.5,44825.0,44714.5,44810.5,533.035,23867914.9035
2022-03-27 20:56:00,44810.5,44810.5,44742.5,44768.0,193.642,8667440.6145
2022-03-27 20:57:00,44768.0,44800.0,44766.5,44780.0,105.263,4713726.3135
2022-03-27 20:58:00,44780.0,44811.0,44769.0,44769.0,134.863,6040792.43
2022-03-27 20:59:00,44769.0,44810.0,44769.0,44791.0,70.193,3144001.6105
2022-03-27 21:00:00,44791.0,44818.5,44754.0,44754.5,146.837,6577108.6555
2022-03-27 21:01:00,44754.5,44808.0,44754.0,44807.5,70.305,3147380.051
2022-03-27 21:02:00,44807.5,44883.0,44807.5,44853.0,252.267,11315064.3215
2022-03-27 21:03:00,44853.0,44853.5,44810.5,44810.5,141.209,6331290.3745
2022-03-27 21:04:00,44810.5,44811.0,44809.0,44810.0,48.292,2163964.6075
2022-03-27 21:05:00,44810.0,44823.5,44768.5,44778.0,89.181,3995023.029
2022-03-27 21:06:00,44778.0,44778.5,44752.5,44761.0,72.306,3236708.883
2022-03-27 21:07:00,44761.0,44767.5,44710.0,44725.0,133.341,5965834.4835
2022-03-27 21:08:00,44725.0,44740.0,44716.0,44716.0,45.315,2027008.1875
2022-03-27 21:09:00,44716.0,44725.0,44668.0,44725.0,134.97,6032112.906
2022-03-27 21:10:00,44725.0,44725.0,44679.0,44693.5,64.639,2888955.0905
2022-03-27 21:11:00,44693.5,44733.0,44693.5,44733.0,46.047,2059249.0995
2022-03-27 21:12:00,44733.0,44786.5,44732.5,44786.5,67.833,3036768.301
2022-03-27 21:13:00,44786.5,44809.5,44786.0,44800.0,122.202,5475111.1865
2022-03-27 21:14:00,44800.0,44801.0,44778.0,44778.5,59.663,2672502.428
2022-03-27 21:15:00,44778.5,44793.0,44766.0,44766.0,36.002,1612269.302
2022-03-27 21:16:00,44766.0,44872.0,44766.0,44872.0,165.184,7406394.8385
2022-03-27 21:17:00,44872.0,44900.0,44801.5,44843.5,187.913,8429923.847
2022-03-27 21:18:00,44843.5,44867.0,44813.0,44818.5,57.238,2566244.5775
2022-03-27 21:19:00,44818.5,44819.0,44765.5,44790.0,146.274,6551095.831
2022-03-27 21:20:00,44790.0,44829.0,44790.0,44829.0,52.588,2356487.215
2022-03-27 21:21:00,44829.0,44830.0,44796.5,44826.0,24.517,1098774.706
2022-03-27 21:22:00,44826.0,44826.0,44758.5,44774.0,80.148,3589424.6055
2022-03-27 21:23:00,44774.0,44799.0,44770.5,44770.5,46.986,2104395.405
2022-03-27 21:24:00,44770.5,44771.0,44740.0,44740.0,49.665,2222549.739
2022-03-27 21:25:00,44740.0,44784.0,44740.0,44784.0,43.217,1933808.55
2022-03-27 21:26:00,44784.0,44837.5,44784.0,44798.5,62.038,2780753.156
2022-03-27 21:27:00,44798.5,44827.5,44798.5,44827.5,40.457,1813058.8265
2022-03-27 21:28:00,44827.5,44837.5,44818.0,44837.0,37.449,1678536.3795
2022-03-27 21:29:00,44837.0,44837.0,44810.5,44819.5,27.741,1243316.3515
2022-03-27 21:30:00,44819.5,44857.0,44768.5,44768.5,114.941,5151447.123
2022-03-27 21:31:00,44768.5,44840.5,44768.5,44807.5,87.869,3938017.472
2022-03-27 21:32:00,44807.5,44836.0,44794.0,44820.0,66.712,2989380.0665
2022-03-27 21:33:00,44820.0,44835.0,44819.0,44819.0,53.809,2411982.0545
2022-03-27 21:34:00,44819.0,44819.0,44803.0,44803.0,30.917,1385280.6495
2022-03-27 21:35:00,44803.0,44803.5,44790.0,44790.5,55.863,2502476.896
2022-03-27 21:36:00,44790.5,44848.5,44790.0,44838.0,34.542,1548301.239
2022-03-27 21:37:00,44838.0,44860.0,44836.0,44860.0,66.515,2983180.8315
2022-03-27 21:38:00,44860.0,44877.0,44850.0,44857.5,66.576,2986968.872
2022-03-27 21:39:00,44857.5,44880.0,44849.5,44873.0,80.336,3604168.556
2022-03-27 21:40:00,44873.0,44873.5,44740.0,44800.0,331.795,14862665.8405
2022-03-27 21:41:00,44800.0,44800.0,44740.0,44750.5,159.019,7118438.1195
2022-03-27 21:42:00,44750.5,44764.0,44725.0,44725.0,122.788,5494196.2715
2022-03-27 21:43:00,44725.0,44749.0,44720.0,44737.5,80.51,3601262.3605
2022-03-27 21:44:00,44737.5,44737.5,44706.0,44720.5,87.985,3934605.02
2022-03-27 21:45:00,44720.5,44760.5,44720.0,44746.0,73.741,3299047.3105
2022-03-27 21:46:00,44746.0,44776.0,44746.0,44775.5,31.077,1391232.851
2022-03-27 21:47:00,44775.5,44780.5,44766.0,44766.0,19.434,870169.8505
2022-03-27 21:48:00,44766.0,44766.5,44766.0,44766.0,2.557,114466.8775
2022-03-27 21:49:00,44766.0,44766.5,44750.0,44756.5,31.514,1410664.2425
2022-03-27 21:50:00,44756.5,44810.0,44756.5,44810.0,42.218,1891064.1365
2022-03-27 21:51:00,44810.0,44810.0,44809.5,44810.0,7.038,315370.652
2022-03-27 21:52:00,44810.0,44813.5,44766.0,44793.0,67.883,3040772.707
2022-03-27 21:53:00,44793.0,44801.0,44770.0,44779.0,24.799,1110693.476
2022-03-27 21:54:00,44779.0,44779.0,44775.0,44775.0,2.415,108136.5815
2022-03-27 21:55:00,44775.0,44847.0,44775.0,44827.5,84.515,3788219.725
2022-03-27 21:56:00,44827.5,44827.5,44817.5,44817.5,28.837,1292463.51
2022-03-27 21:57:00,44817.5,44818.0,44797.0,44807.5,23.574,1056257.5895
2022-03-27 21:58:00,44807.5,44818.0,44807.0,44818.0,20.452,916453.966
2022-03-27 21:59:00,44818.0,44822.5,44804.0,44804.0,20.837,933853.7465
2022-03-27 22:00:00,44804.0,44836.0,44804.0,44823.0,22.355,1002048.2665
2022-03-27 22:01:00,44823.0,44823.5,44802.0,44802.0,15.097,676522.64
2022-03-27 22:02:00,44802.0,44802.0,44785.0,44785.0,18.54,830514.3065
2022-03-27 22:03:00,44785.0,44805.5,44785.0,44805.0,9.71,434914.939
2022-03-27 22:04:00,44805.0,44818.5,44805.0,44818.5,8.797,394180.6635
2022-03-27 22:05:00,44818.5,44820.0,44809.0,44809.0,38.79,1738318.697
2022-03-27 22:06:00,44809.0,44809.0,44798.5,44798.5,3.554,159236.73
2022-03-27 22:07:00,44798.5,44820.0,44783.0,44819.5,58.024,2599172.786
2022-03-27 22:08:00,44819.5,44999.5,44819.5,44865.5,931.07,41842752.5795
2022-03-27 22:09:00,44865.5,44952.5,44735.0,44759.0,449.543,20157280.385
2022-03-27 22:10:00,44759.0,44825.0,44725.5,44750.5,209.299,9372661.519
2022-03-27 22:11:00,44750.5,44793.5,44750.0,44788.0,48.819,2186223.747
2022-03-27 22:12:00,44788.0,44788.0,44767.5,44778.0,41.848,1873914.7415
2022-03-27 22:13:00,44778.0,44792.0,44730.0,44785.0,112.811,5049568.6105
2022-03-27 22:14:00,44785.0,44822.0,44782.0,44821.5,34.604,1550074.8325
2022-03-27 22:15:00,44821.5,44850.0,44813.5,44818.0,98.783,4428770.6445
2022-03-27 22:16:00,44818.0,44823.0,44802.0,44822.5,37.477,1679360.396
2022-03-27 22:17:00,44822.5,44895.0,44822.5,44870.5,86.329,3873416.3505
2022-03-27 22:18:00,44870.5,44926.5,44862.5,44924.0,131.131,5888735.782
2022-03-27 22:19:00,44924.0,44924.0,44868.5,44872.5,78.721,3534918.305
2022-03-27 22:20:00,44872.5,44916.0,44871.0,44908.0,33.393,1499271.468
2022-03-27 22:21:00,44908.0,44921.0,44888.0,44904.5,106.884,4799721.8165
2022-03-27 22:22:00,44904.5,44904.5,44871.0,44880.5,37.656,1690304.4145
2022-03-27 22:23:00,44880.5,44889.0,44873.0,44879.5,21.784,977663.601
2022-03-27 22:24:00,44879.5,44880.0,44850.0,44855.5,27.516,1234247.84
2022-03-27 22:25:00,44855.5,44909.0,44855.5,44866.0,104.076,4671692.7955
2022-03-27 22:26:00,44866.0,44890.0,44866.0,44867.0,44.878,2014067.473
2022-03-27 22:27:00,44867.0,44870.0,44866.5,44870.0,9.028,405058.5065
2022-03-27 22:28:00,44870.0,44875.0,44860.0,44864.0,13.013,583827.5465
2022-03-27 22:29:00,44864.0,44910.0,44864.0,44910.0,45.348,2035771.81
2022-03-27 22:30:00,44910.0,44950.0,44880.0,44880.0,81.584,3665020.9675
2022-03-27 22:31:00,44880.0,44880.5,44843.0,44843.0,47.791,2144000.467
2022-03-27 22:32:00,44843.0,44856.5,44841.0,44841.0,20.473,918120.484
2022-03-27 22:33:00,44841.0,44855.0,44841.0,44855.0,12.235,548688.14
2022-03-27 22:34:00,44855.0,44855.5,44850.0,44850.0,7.83,351211.991
2022-03-27 22:35:00,44850.0,44850.5,44820.0,44820.0,32.629,1462910.6465
2022-03-27 22:36:00,44820.0,44820.5,44819.0,44820.0,17.684,792595.0065
2022-03-27 22:37:00,44820.0,44820.5,44757.0,44757.0,144.585,6475612.177
2022-03-27 22:38:00,44757.0,44794.0,44757.0,44794.0,65.252,2921930.917
2022-03-27 22:39:00,44794.0,44794.0,44766.5,44773.0,51.551,2308349.998
2022-03-27 22:40:00,44773.0,44786.5,44756.5,44757.0,21.87,979245.5075
2022-03-27 22:41:00,44757.0,44784.5,44756.5,44784.5,30.737,1375967.5895
2022-03-27 22:42:00,44784.5,44784.5,44768.5,44768.5,10.381,464879.2725
2022-03-27 22:43:00,44768.5,44775.0,44754.0,44775.0,40.095,1794804.9605
2022-03-27 22:44:00,44775.0,44781.0,44761.0,44781.0,40.035,1792353.2145
2022-03-27 22:45:00,44781.0,44807.0,44780.0,44780.0,32.744,1466769.909
2022-03-27 22:46:00,44780.0,44780.0,44762.0,44775.0,13.498,604273.2445
2022-03-27 22:47:00,44775.0,44775.0,44737.5,44743.0,88.997,3982806.234
2022-03-27 22:48:00,44743.0,44759.0,44743.0,44753.0,47.65,2132447.319
2022-03-27 22:49:00,44753.0,44753.0,44735.0,44752.5,47.415,2121469.089
2022-03-27 22:50:00,44752.5,44759.0,44731.5,44735.5,43.843,1961546.6575
2022-03-27 22:51:00,44735.5,44744.5,44731.5,44744.5,10.871,486317.4055
2022-03-27 22:52:00,44744.5,44744.5,44744.0,44744.5,7.381,330258.9785
2022-03-27 22:53:00,44744.5,44800.0,44744.0,44771.0,51.143,2289729.4565
2022-03-27 22:54:00,44771.0,44771.0,44742.5,44743.0,18.572,831129.475
2022-03-27 22:55:00,44743.0,44765.5,44742.5,44761.0,23.522,1052800.5135
2022-03-27 22:56:00,44761.0,44769.0,44760.5,44767.5,18.669,835745.381
2022-03-27 22:57:00,44767.5,44788.5,44761.5,44763.0,12.142,543555.2325
2022-03-27 22:58:00,44763.0,44763.5,44743.5,44743.5,17.996,805340.3225
2022-03-27 22:59:00,44743.5,44779.5,44743.5,44779.5,12.547,561568.125
2022-03-27 23:00:00,44779.5,44779.5,44765.5,44765.5,4.451,199298.007
2022-03-27 23:01:00,44765.5,44766.0,44750.5,44750.5,9.192,411432.2525
2022-03-27 23:02:00,44750.5,44750.5,44737.5,44738.0,15.678,701547.786
2022-03-27 23:03:00,44738.0,44760.0,44737.5,44760.0,9.051,405009.8735
2022-03-27 23:04:00,44760.0,44760.0,44743.0,44757.5,10.372,464201.059
2022-03-27 23:05:00,44757.5,44757.5,44757.0,44757.0,8.565,383347.874
2022-03-27 23:06:00,44757.0,44772.0,44757.0,44772.0,8.69,388972.972
2022-03-27 23:07:00,44772.0,44776.5,44771.5,44776.0,32.47,1453863.8355
2022-03-27 23:08:00,44776.0,44804.5,44776.0,44800.5,45.922,2057056.0035
2022-03-27 23:09:00,44800.5,44800.5,44783.5,44784.0,17.884,800977.606
2022-03-27 23:10:00,44784.0,44784.0,44777.0,44777.0,22.036,986766.706
2022-03-27 23:11:00,44777.0,44790.0,44777.0,44790.0,13.251,593415.1475
2022-03-27 23:12:00,44790.0,44803.0,44789.5,44802.5,14.233,637641.9215
2022-03-27 23:13:00,44802.5,44826.0,44801.5,44826.0,27.665,1239784.2415
2022-03-27 23:14:00,44826.0,44826.0,44801.5,44801.5,26.742,1198568.974
2022-03-27 23:15:00,44801.5,44802.0,44792.5,44792.5,14.904,667617.965
2022-03-27 23:16:00,44792.5,44793.0,44790.0,44790.0,5.134,229956.913
2022-03-27 23:17:00,44790.0,44792.5,44790.0,44792.5,3.548,158916.415
2022-03-27 23:18:00,44792.5,44808.0,44792.5,44808.0,17.838,799225.5685
2022-03-27 23:19:00,44808.0,44818.0,44807.5,44810.0,4.814,215741.795
2022-03-27 23:20:00,44810.0,44810.0,44807.0,44807.0,9.878,442611.4225
2022-03-27 23:21:00,44807.0,44825.5,44804.5,44825.0,22.796,1021614.8265
2022-03-27 23:22:00,44825.0,44865.0,44824.5,44841.0,52.229,2342571.584
2022-03-27 23:23:00,44841.0,44876.5,44840.5,44864.5,29.395,1318633.122
2022-03-27 23:24:00,44864.5,44900.0,44856.0,44894.5,81.015,3636056.6905
2022-03-27 23:25:00,44894.5,44895.0,44894.5,44894.5,15.763,707675.4575
2022-03-27 23:26:00,44894.5,44895.0,44858.5,44890.0,44.249,1985541.3835
2022-03-27 23:27:00,44890.0,44890.0,44889.5,44889.5,26.357,1183160.7765
2022-03-27 23:28:00,44889.5,44890.0,44861.5,44862.0,24.612,1104421.311
2022-03-27 23:29:00,44862.0,44883.5,44861.5,44883.5,25.915,1162712.834
2022-03-27 23:30:00,44883.5,44885.5,44878.0,44885.5,29.415,1320121.354
2022-03-27 23:31:00,44885.5,44955.5,44885.0,44894.0,303.138,13617439.18
2022-03-27 23:32:00,44894.0,44894.0,44866.0,44873.5,69.171,3104330.656
2022-03-27 23:33:00,44873.5,44914.0,44873.5,44898.0,45.549,2045135.604
2022-03-27 23:34:00,44898.0,44898.0,44897.5,44898.0,6.345,284875.714
2022-03-27 23:35:00,44898.0,44898.0,44864.0,44864.0,28.605,1284129.416
2022-03-27 23:36:00,44864.0,44896.0,44864.0,44896.0,17.292,776182.086
2022-03-27 23:37:00,44896.0,44914.0,44895.5,44906.5,48.951,2198017.2705
2022-03-27 23:38:00,44906.5,44907.0,44865.0,44878.0,82.432,3699684.826
2022-03-27 23:39:00,44878.0,44914.5,44877.5,44906.5,35.843,1609383.7975
2022-03-27 23:40:00,44906.5,44922.0,44900.0,44900.0,29.093,1306645.0375
2022-03-27 23:41:00,44900.0,44900.5,44861.5,44877.0,43.354,1945288.223
2022-03-27 23:42:00,44877.0,44902.0,44876.5,44896.0,15.322,687884.362
2022-03-27 23:43:00,44896.0,44896.5,44873.0,44881.5,28.464,1277692.742
2022-03-27 23:44:00,44881.5,44883.5,44866.0,44883.5,19.567,878015.505
2022-03-27 23:45:00,44883.5,44883.5,44865.0,44865.0,11.919,534844.555
2022-03-27 23:46:00,44865.0,44868.0,44858.5,44867.5,11.791,528981.208
2022-03-27 23:47:00,44867.5,44868.0,44867.5,44867.5,13.045,585296.838
2022-03-27 23:48:00,44867.5,44867.5,44858.5,44858.5,7.162,321292.905
2022-03-27 23:49:00,44858.5,44885.5,44858.5,44885.5,25.295,1134986.93
2022-03-27 23:50:00,44885.5,44902.0,44885.0,44902.0,21.032,944164.1475
2022-03-27 23:51:00,44902.0,44908.0,44901.5,44902.5,37.229,1671807.1455
2022-03-27 23:52:00,44902.5,44902.5,44871.0,44871.5,23.895,1072544.3855
2022-03-27 23:53:00,44871.5,44871.5,44844.5,44844.5,60.416,2710056.8605
2022-03-27 23:54:00,44844.5,44845.0,44837.5,44837.5,13.424,601945.791
2022-03-27 23:55:00,44837.5,44840.0,44837.5,44840.0,14.857,666157.7715
2022-03-27 23:56:00,44840.0,44854.5,44839.5,44854.5,14.534,651760.1745
2022-03-27 23:57:00,44854.5,44854.5,44854.0,44854.5,12.987,582518.957
2022-03-27 23:58:00,44854.5,44854.5,44854.0,44854.0,2.821,126533.646
2022-03-27 23:59:00,44854.0,44854.5,44853.5,44853.5,3.188,142995.39
2022-03-28 00:00:00,44853.5,44854.0,44847.5,44847.5,16.467,738532.2355
2022-03-28 00:01:00,44847.5,44848.0,44830.0,44830.0,20.282,909403.9665
2022-03-28 00:02:00,44830.0,44830.5,44820.0,44820.0,10.926,489751.34
2022-03-28 00:03:00,44820.0,44820.5,44810.0,44810.5,29.317,1313891.31
2022-03-28 00:04:00,44810.5,44811.0,44797.0,44797.0,41.974,1880427.031
2022-03-28 00:05:00,44797.0,44799.0,44797.0,44798.5,12.746,570989.382
2022-03-28 00:06:00,44798.5,44820.5,44798.5,44820.5,12.805,573846.158
2022-03-28 00:07:00,44820.5,44820.5,44820.0,44820.5,7.404,331848.1245
2022-03-28 00:08:00,44820.5,44820.5,44809.0,44818.0,20.978,940073.5045
2022-03-28 00:09:00,44818.0,44820.0,44817.5,44820.0,4.148,185905.193
2022-03-28 00:10:00,44820.0,44828.5,44819.5,44828.5,8.033,360066.636
2022-03-28 00:11:00,44828.5,44840.0,44828.5,44840.0,23.468,1052215.435
2022-03-28 00:12:00,44840.0,44840.0,44839.5,44840.0,0.508,22778.6505
2022-03-28 00:13:00,44840.0,44840.0,44839.5,44840.0,13.781,617939.7635
2022-03-28 00:14:00,44840.0,44840.0,44839.5,44840.0,5.711,256080.452
2022-03-28 00:15:00,44840.0,44840.0,44839.5,44839.5,4.56,204470.305
2022-03-28 00:16:00,44839.5,44840.0,44839.5,44839.5,7.47,334952.6835
2022-03-28 00:17:00,44839.5,44840.0,44814.5,44815.0,49.795,2232084.236
2022-03-28 00:18:00,44815.0,44815.0,44812.5,44812.5,12.568,563220.411
2022-03-28 00:19:00,44812.5,44825.5,44812.5,44825.5,6.401,286881.272
2022-03-28 00:20:00,44825.5,44834.5,44825.0,44834.5,11.214,502673.99
2022-03-28 00:21:00,44834.5,44836.0,44834.0,44835.0,3.928,176112.925
2022-03-28 00:22:00,44835.0,44835.5,44835.0,44835.0,11.501,515652.795
2022-03-28 00:23:00,44835.0,44835.5,44825.0,44825.0,7.422,332728.747
2022-03-28 00:24:00,44825.0,44825.5,44825.0,44825.0,2.78,124614.1195
2022-03-28 00:25:00,44825.0,44825.5,44825.0,44825.0,1.232,55224.435
2022-03-28 00:26:00,44825.0,44825.5,44825.0,44825.5,1.499,67192.7045
2022-03-28 00:27:00,44825.5,44825.5,44812.5,44812.5,19.049,853781.414
2022-03-28 00:28:00,44812.5,44813.0,44811.0,44811.0,33.746,1512243.037
2022-03-28 00:29:00,44811.0,44811.5,44793.5,44793.5,9.539,427389.5745
2022-03-28 00:30:00,44793.5,44824.0,44793.5,44823.5,10.191,456676.22
2022-03-28 00:31:00,44823.5,44824.0,44823.5,44824.0,33.177,1487125.788
2022-03-28 00:32:00,44824.0,44834.5,44823.5,44834.0,20.864,935259.962
2022-03-28 00:33:00,44834.0,44834.5,44834.0,44834.0,7.402,331864.4735
2022-03-28 00:34:00,44834.0,44834.5,44834.0,44834.0,0.586,26272.9515
2022-03-28 00:35:00,44834.0,44834.5,44834.0,44834.0,6.893,309043.258
2022-03-28 00:36:00,44834.0,44839.0,44834.0,44839.0,6.875,308252.05
2022-03-28 00:37:00,44839.0,44846.0,44830.0,44830.0,12.012,538618.8845
2022-03-28 00:38:00,44830.0,44830.5,44829.5,44829.5,6.436,288525.6005
2022-03-28 00:39:00,44829.5,44830.0,44811.5,44811.5,6.439,288601.066
2022-03-28 00:40:00,44811.5,44812.0,44800.0,44800.0,8.889,398241.6825
2022-03-28 00:41:00,44800.0,44800.5,44790.0,44790.0,25.854,1158220.55
2022-03-28 00:42:00,44790.0,44800.0,44787.5,44800.0,9.508,425874.534
2022-03-28 00:43:00,44800.0,44800.0,44799.5,44799.5,1.103,49414.164
2022-03-28 00:44:00,44799.5,44800.0,44795.0,44795.0,5.563,249210.873
2022-03-28 00:45:00,44795.0,44801.0,44791.0,44800.5,3.856,172731.8045
2022-03-28 00:46:00,44800.5,44801.0,44800.5,44801.0,6.009,269208.7775
2022-03-28 00:47:00,44801.0,44806.0,44800.5,44806.0,4.976,222935.8565
2022-03-28 00:48:00,44806.0,44813.5,44806.0,44813.5,13.319,596851.665
2022-03-28 00:49:00,44813.5,44813.5,44805.5,44805.5,13.578,608400.554
2022-03-28 00:50:00,44805.5,44807.0,44805.5,44806.5,3.013,135002.403
2022-03-28 00:51:00,44806.5,44809.0,44806.5,44808.5,0.909,40729.6075
2022-03-28 00:52:00,44808.5,44826.0,44808.5,44826.0,18.794,842260.227
2022-03-28 00:53:00,44826.0,44840.0,44825.0,44840.0,11.863,531828.003
2022-03-28 00:54:00,44840.0,44846.0,44837.5,44837.5,11.753,527060.2595
2022-03-28 00:55:00,44837.5,44838.0,44827.5,44832.0,5.523,247607.652
2022-03-28 00:56:00,44832.0,44836.0,44832.0,44836.0,3.384,151716.247
2022-03-28 00:57:00,44836.0,44836.0,44820.5,44820.5,7.434,333263.5035
2022-03-28 00:58:00,44820.5,44821.0,44820.5,44820.5,2.423,108600.302
2022-03-28 00:59:00,44820.5,44831.0,44820.5,44831.0,19.833,888946.626
2022-03-28 01:00:00,44831.0,44831.0,44830.5,44831.0,3.308,148300.9075
2022-03-28 01:01:00,44831.0,44831.0,44830.5,44831.0,2.094,93876.101
2022-03-28 01:02:00,44831.0,44831.0,44797.0,44797.0,22.38,1003035.6265
2022-03-28 01:03:00,44797.0,44810.0,44797.0,44810.0,5.577,249862.854
2022-03-28 01:04:00,44810.0,44810.0,44809.5,44809.5,1.754,78595.9945
2022-03-28 01:05:00,44809.5,44810.0,44800.0,44800.0,6.043,270764.3775
2022-03-28 01:06:00,44800.0,44800.0,44791.0,44791.0,29.34,1314218.0255
2022-03-28 01:07:00,44791.0,44800.0,44791.0,44800.0,2.73,122286.6655
2022-03-28 01:08:00,44800.0,44818.5,44799.5,44818.0,4.938,221250.2075
2022-03-28 01:09:00,44818.0,44827.5,44818.0,44827.0,5.023,225156.683
2022-03-28 01:10:00,44827.0,44827.5,44818.0,44818.0,4.111,184269.0965
2022-03-28 01:11:00,44818.0,44827.5,44799.5,44800.0,11.706,524659.876
2022-03-28 01:12:00,44800.0,44800.0,44787.5,44794.0,14.157,634176.2965
2022-03-28 01:13:00,44794.0,44794.5,44794.0,44794.5,9.687,433919.742
2022-03-28 01:14:00,44794.5,44794.5,44787.5,44787.5,3.733,167210.404
2022-03-28 01:15:00,44787.5,44788.0,44786.0,44786.0,2.884,129165.645
2022-03-28 01:16:00,44786.0,44786.5,44786.0,44786.0,3.776,169112.266
2022-03-28 01:17:00,44786.0,44786.5,44786.0,44786.0,2.863,128222.355
2022-03-28 01:18:00,44786.0,44804.5,44786.0,44804.0,11.623,520695.662
2022-03-28 01:19:00,44804.0,44804.0,44792.5,44793.0,32.872,1472449.992
2022-03-28 01:20:00,44793.0,44809.5,44792.5,44809.5,2.041,91432.49
2022-03-28 01:21:00,44809.5,44812.5,44809.0,44812.5,25.343,1135659.1
2022-03-28 01:22:00,44812.5,44812.5,44788.0,44788.0,7.758,347595.1125
2022-03-28 01:23:00,44788.0,44803.0,44782.5,44803.0,13.914,623198.737
2022-03-28 01:24:00,44803.0,44809.5,44803.0,44809.0,6.928,310433.328
2022-03-28 01:25:00,44809.0,44809.5,44809.0,44809.5,1.821,81597.7625
2022-03-28 01:26:00,44809.5,44809.5,44804.0,44804.0,2.816,126182.4505
2022-03-28 01:27:00,44804.0,44804.5,44783.0,44783.0,10.945,490292.0845
2022-03-28 01:28:00,44783.0,44783.5,44783.0,44783.0,3.304,147963.715
2022-03-28 01:29:00,44783.0,44792.0,44783.0,44792.0,3.766,168663.956
2022-03-28 01:30:00,44792.0,44802.0,44791.5,44802.0,10.361,464179.627
2022-03-28 01:31:00,44802.0,44810.5,44802.0,44810.5,4.847,217193.8165
2022-03-28 01:32:00,44810.5,44810.5,44787.5,44788.0,12.596,564313.602
2022-03-28 01:33:00,44788.0,44788.0,44775.0,44775.5,19.106,855525.291
2022-03-28 01:34:00,44775.5,44775.5,44775.0,44775.0,5.418,242591.973
2022-03-28 01:35:00,44775.0,44783.0,44767.5,44768.0,54.307,2431706.2985
2022-03-28 01:36:00,44768.0,44768.0,44767.5,44768.0,4.943,221286.263
2022-03-28 01:37:00,44768.0,44781.0,44767.5,44781.0,4.444,198961.9565
2022-03-28 01:38:00,44781.0,44781.0,44780.5,44781.0,1.994,89293.128
2022-03-28 01:39:00,44781.0,44781.0,44754.0,44754.5,24.541,1098642.0965
2022-03-28 01:40:00,44754.5,44754.5,44746.0,44751.5,53.431,2391092.652
2022-03-28 01:41:00,44751.5,44755.5,44751.5,44755.5,5.421,242614.889
2022-03-28 01:42:00,44755.5,44755.5,44755.0,44755.5,12.417,555727.685
2022-03-28 01:43:00,44755.5,44755.5,44746.5,44747.5,11.088,496192.388
2022-03-28 01:44:00,44747.5,44747.5,44723.0,44738.0,43.766,1957633.2265
2022-03-28 01:45:00,44738.0,44752.5,44738.0,44752.5,10.077,450933.0245
2022-03-28 01:46:00,44752.5,44757.0,44740.5,44740.5,6.711,300342.5655
2022-03-28 01:47:00,44740.5,44740.5,44723.5,44733.5,12.135,542823.6025
2022-03-28 01:48:00,44733.5,44734.0,44727.5,44728.0,5.873,262705.538
2022-03-28 01:49:00,44728.0,44734.5,44727.0,44734.5,9.772,437087.2155
2022-03-28 01:50:00,44734.5,44740.5,44734.5,44737.5,4.937,220873.2355
2022-03-28 01:51:00,44737.5,44738.0,44729.0,44729.5,3.148,140823.2335
2022-03-28 01:52:00,44729.5,44741.5,44729.0,44733.5,11.157,499104.398
2022-03-28 01:53:00,44733.5,44733.5,44720.0,44720.0,15.186,679175.345
2022-03-28 01:54:00,44720.0,44720.5,44720.0,44720.5,3.559,159159.673
2022-03-28 01:55:00,44720.5,44743.5,44720.0,44743.0,5.738,256682.979
2022-03-28 01:56:00,44743.0,44743.5,44743.0,44743.5,3.308,148010.3685
2022-03-28 01:57:00,44743.5,44756.0,44743.0,44753.5,11.103,496859.1155
2022-03-28 01:58:00,44753.5,44753.5,44753.0,44753.0,2.138,95682.1005
2022-03-28 01:59:00,44753.0,44753.5,44655.0,44713.0,301.872,13494767.1375
2022-03-28 02:00:00,44713.0,44765.0,44713.0,44765.0,58.017,2595375.6455
2022-03-28 02:01:00,44765.0,44802.5,44765.0,44802.5,67.792,3036088.889
2022-03-28 02:02:00,44802.5,44883.0,44802.5,44875.0,130.43,5850437.2075
2022-03-28 02:03:00,44875.0,44933.0,44869.5,44912.5,98.582,4425654.9515
2022-03-28 02:04:00,44912.5,44944.0,44902.0,44944.0,97.156,4365056.149
2022-03-28 02:05:00,44944.0,45880.0,44943.5,45431.5,4301.107,194864850.955
2022-03-28 02:06:00,45431.5,45500.0,45271.5,45498.0,703.06,31910610.501
2022-03-28 02:07:00,45498.0,46584.0,45474.0,46087.5,4705.611,216390203.55
2022-03-28 02:08:00,46087.5,46865.5,46000.0,46548.0,2844.042,131983450.6075
2022-03-28 02:09:00,46548.0,46548.0,46253.5,46395.5,1094.015,50762719.318
2022-03-28 02:10:00,46395.5,46395.5,46145.0,46153.0,728.331,33695286.2345
2022-03-28 02:11:00,46153.0,46392.5,46142.0,46338.0,597.567,27657684.633
2022-03-28 02:12:00,46338.0,46352.5,46084.0,46084.0,807.642,37318245.863
2022-03-28 02:13:00,46084.0,46238.0,46035.0,46167.0,407.403,18795071.2885
2022-03-28 02:14:00,46167.0,46172.5,46131.0,46159.0,231.531,10685106.142
2022-03-28 02:15:00,46159.0,46162.5,46037.5,46103.5,279.785,12894852.1275
2022-03-28 02:16:00,46103.5,46104.0,45875.0,45970.5,411.312,18899058.111
2022-03-28 02:17:00,45970.5,46064.5,45952.0,45990.0,227.934,10487224.668
2022-03-28 02:18:00,45990.0,46092.5,45977.5,46059.5,174.192,8018898.5125
2022-03-28 02:19:00,46059.5,46060.0,45979.5,45979.5,113.534,5225734.2615
2022-03-28 02:20:00,45979.5,46079.0,45976.5,46075.0,81.164,3736038.064
2022-03-28 02:21:00,46075.0,46157.5,46054.0,46146.5,257.702,11884473.8475
2022-03-28 02:22:00,46146.5,46146.5,46060.0,46097.5,150.477,6935665.1025
2022-03-28 02:23:00,46097.5,46099.0,46073.5,46092.0,58.942,2716464.115
2022-03-28 02:24:00,46092.0,46100.0,46091.0,46100.0,45.405,2092836.9365
2022-03-28 02:25:00,46100.0,46147.0,46100.0,46130.0,178.347,8226731.7335
2022-03-28 02:26:00,46130.0,46130.5,46080.5,46080.5,161.219,7431101.643
2022-03-28 02:27:00,46080.5,46081.0,46020.0,46020.0,288.935,13300775.26
2022-03-28 02:28:00,46020.0,46093.0,46020.0,46063.5,104.898,4831383.7645
2022-03-28 02:29:00,46063.5,46100.0,46059.0,46099.5,48.635,2240318.4165
2022-03-28 02:30:00,46099.5,46143.0,46099.5,46132.0,106.144,4895845.5125
2022-03-28 02:31:00,46132.0,46132.0,46032.0,46033.0,99.538,4585713.696
2022-03-28 02:32:00,46033.0,46037.0,45981.0,46037.0,130.483,6003462.0825
2022-03-28 02:33:00,46037.0,46037.0,45981.0,46009.0,113.353,5213886.1855
2022-03-28 02:34:00,46009.0,46009.0,45970.0,46000.0,60.384,2776631.311
2022-03-28 02:35:00,46000.0,46000.0,45982.0,45988.5,65.191,2998099.275
2022-03-28 02:36:00,45988.5,45989.0,45954.0,45954.0,69.922,3214170.879
2022-03-28 02:37:00,45954.0,45954.0,45897.5,45897.5,155.457,7139595.9425
2022-03-28 02:38:00,45897.5,45965.0,45823.5,45965.0,274.037,12575211.113
2022-03-28 02:39:00,45965.0,45995.0,45964.5,45984.5,157.007,7220074.855
2022-03-28 02:40:00,45984.5,46039.0,45984.0,46039.0,138.923,6391519.2665
2022-03-28 02:41:00,46039.0,46045.0,46038.5,46044.5,60.931,2805378.2315
2022-03-28 02:42:00,46044.5,46045.0,45966.0,46001.0,95.655,4399946.542
2022-03-28 02:43:00,46001.0,46001.5,45980.0,45980.0,20.335,935331.455
2022-03-28 02:44:00,45980.0,46046.0,45967.5,46011.5,50.038,2302176.386
2022-03-28 02:45:00,46011.5,46050.0,46003.0,46030.5,102.124,4701341.808
2022-03-28 02:46:00,46030.5,46030.5,45990.0,45991.0,71.255,3278549.729
2022-03-28 02:47:00,45991.0,46014.0,45975.0,45999.0,46.797,2152635.0225
2022-03-28 02:48:00,45999.0,45999.5,45981.0,45981.0,44.276,2036309.0245
2022-03-28 02:49:00,45981.0,45981.5,45955.5,45971.5,55.242,2539292.581
2022-03-28 02:50:00,45971.5,45990.0,45971.5,45989.5,26.025,1196548.9455
2022-03-28 02:51:00,45989.5,46014.0,45989.5,46008.5,39.334,1809623.255
2022-03-28 02:52:00,46008.5,46029.0,46008.5,46028.0,18.547,853474.9565
2022-03-28 02:53:00,46028.0,46028.5,46010.5,46017.0,20.586,947400.6705
2022-03-28 02:54:00,46017.0,46017.5,45971.0,45971.5,77.439,3563149.9055
2022-03-28 02:55:00,45971.5,46019.0,45965.5,46019.0,37.532,1726176.429
2022-03-28 02:56:00,46019.0,46042.5,46018.5,46035.0,45.757,2106411.073
2022-03-28 02:57:00,46035.0,46037.5,46034.5,46037.5,20.673,951681.823
2022-03-28 02:58:00,46037.5,46147.0,46037.0,46147.0,148.534,6847750.7025
2022-03-28 02:59:00,46147.0,46586.0,46146.5,46432.5,1194.492,55432877.271
2022-03-28 03:00:00,46432.5,46432.5,46191.0,46306.0,305.217,14132883.616
2022-03-28 03:01:00,46306.0,46322.5,46233.0,46319.0,185.159,8568990.4295
2022-03-28 03:02:00,46319.0,46829.0,46319.0,46477.0,1011.811,47184278.2355
2022-03-28 03:03:00,46477.0,46683.0,46432.5,46528.0,504.925,23516204.1115
2022-03-28 03:04:00,46528.0,46650.0,46492.0,46591.5,315.421,14688771.56
2022-03-28 03:05:00,46591.5,46681.5,46534.0,46549.5,262.168,12218097.352
2022-03-28 03:06:00,46549.5,46550.0,46437.5,46453.5,162.335,7547299.2345
2022-03-28 03:07:00,46453.5,46540.0,46350.0,46390.0,281.873,13091029.709
2022-03-28 03:08:00,46390.0,46480.0,46363.0,46395.0,249.009,11553751.195
2022-03-28 03:09:00,46395.0,46544.0,46394.5,46486.5,220.007,10224477.835
2022-03-28 03:10:00,46486.5,46545.0,46467.0,46478.0,154.687,7191314.5485
2022-03-28 03:11:00,46478.0,46529.0,46458.0,46489.5,176.955,8224672.5175
2022-03-28 03:12:00,46489.5,46532.0,46460.5,46483.5,116.471,5414685.5395
2022-03-28 03:13:00,46483.5,46535.0,46458.5,46481.5,57.172,2658386.72
2022-03-28 03:14:00,46481.5,46486.0,46474.5,46486.0,30.876,1435134.223
2022-03-28 03:15:00,46486.0,46486.0,46458.5,46458.5,35.564,1652834.325
2022-03-28 03:16:00,46458.5,46533.0,46458.5,46532.5,55.221,2567239.393
2022-03-28 03:17:00,46532.5,46565.5,46487.0,46492.5,87.594,4074678.535
2022-03-28 03:18:00,46492.5,46526.5,46478.0,46523.0,66.808,3106313.077
2022-03-28 03:19:00,46523.0,46700.0,46512.5,46697.0,245.197,11428287.4515
2022-03-28 03:20:00,46697.0,46782.5,46568.5,46606.5,518.158,24175293.9815
2022-03-28 03:21:00,46606.5,46635.5,46576.0,46597.5,64.914,3025129.3865
2022-03-28 03:22:00,46597.5,46621.5,46582.0,46591.5,52.636,2452994.4485
2022-03-28 03:23:00,46591.5,46623.0,46564.5,46612.5,159.359,7425155.273
2022-03-28 03:24:00,46612.5,46654.5,46585.5,46640.5,340.227,15862333.239
2022-03-28 03:25:00,46640.5,46647.5,46604.5,46604.5,84.864,3956634.042
2022-03-28 03:26:00,46604.5,46605.0,46551.0,46588.5,110.127,5129042.4015
2022-03-28 03:27:00,46588.5,46609.0,46580.0,46580.0,40.827,1902316.5145
2022-03-28 03:28:00,46580.0,46582.5,46550.0,46550.5,81.72,3805781.2175
2022-03-28 03:29:00,46550.5,46551.0,46493.5,46541.0,107.132,4983650.9525
2022-03-28 03:30:00,46541.0,46590.0,46495.5,46495.5,140.86,6555097.4105
2022-03-28 03:31:00,46495.5,46495.5,46442.0,46442.0,142.875,6638295.7355
2022-03-28 03:32:00,46442.0,46527.5,46422.0,46458.0,266.924,12405264.837
2022-03-28 03:33:00,46458.0,46475.5,46420.0,46426.5,86.403,4013236.657
2022-03-28 03:34:00,46426.5,46430.0,46350.0,46372.0,311.957,14467454.56
2022-03-28 03:35:00,46372.0,46401.0,46356.5,46384.0,149.734,6943278.7405
2022-03-28 03:36:00,46384.0,46384.0,46351.0,46361.0,156.306,7249249.711
2022-03-28 03:37:00,46361.0,46493.0,46355.5,46445.0,311.632,14472579.1285
2022-03-28 03:38:00,46445.0,46622.0,46430.5,46497.0,428.471,19935211.1975
2022-03-28 03:39:00,46497.0,46549.5,46490.0,46549.5,140.619,6540537.631
2022-03-28 03:40:00,46549.5,46617.0,46490.0,46490.5,176.897,8234234.352
2022-03-28 03:41:00,46490.5,46520.0,46481.0,46520.0,52.093,2422291.724
2022-03-28 03:42:00,46520.0,46520.0,46502.0,46513.0,19.041,885710.346
2022-03-28 03:43:00,46513.0,46514.0,46512.5,46513.5,23.454,1090931.189
2022-03-28 03:44:00,46513.5,46600.0,46513.5,46600.0,156.893,7302131.4935
2022-03-28 03:45:00,46600.0,46650.0,46528.5,46528.5,277.287,12923796.596
2022-03-28 03:46:00,46528.5,46572.0,46527.0,46571.5,45.984,2139820.852
2022-03-28 03:47:00,46571.5,46651.0,46555.0,46619.0,145.097,6762055.4285
2022-03-28 03:48:00,46619.0,46650.0,46607.5,46647.0,106.702,4975547.6315
2022-03-28 03:49:00,46647.0,46647.5,46600.0,46609.0,31.596,1473228.5185
2022-03-28 03:50:00,46609.0,46647.5,46609.0,46615.5,81.691,3809135.3245
2022-03-28 03:51:00,46615.5,46616.0,46587.5,46607.5,54.447,2537306.6395
2022-03-28 03:52:00,46607.5,46625.0,46600.0,46607.0,65.343,3045599.5105
2022-03-28 03:53:00,46607.0,46651.0,46595.5,46644.5,112.466,5244652.316
2022-03-28 03:54:00,46644.5,46668.5,46644.0,46663.5,51.609,2407801.282
2022-03-28 03:55:00,46663.5,46989.0,46663.0,46922.0,1278.562,59865374.5595
2022-03-28 03:56:00,46922.0,46922.5,46762.5,46810.0,446.417,20915109.893
2022-03-28 03:57:00,46810.0,46810.5,46737.5,46770.5,209.635,9805138.805
2022-03-28 03:58:00,46770.5,46812.0,46764.5,46800.0,100.051,4681538.073
2022-03-28 03:59:00,46800.0,46801.5,46749.5,46762.5,99.486,4652628.329
2022-03-28 04:00:00,46762.5,46813.5,46752.5,46752.5,80.896,3784197.05
2022-03-28 04:01:00,46752.5,46753.5,46724.5,46739.5,149.519,6989033.1905
2022-03-28 04:02:00,46739.5,46739.5,46700.5,46703.0,131.278,6133600.418
2022-03-28 04:03:00,46703.0,46722.5,46703.0,46722.5,59.787,2792966.843
2022-03-28 04:04:00,46722.5,46810.0,46722.5,46798.0,102.915,4814323.7745
2022-03-28 04:05:00,46798.0,46798.5,46750.5,46790.5,44.965,2103125.7275
2022-03-28 04:06:00,46790.5,46858.5,46790.5,46844.0,112.985,5290760.2675
2022-03-28 04:07:00,46844.0,46844.0,46764.0,46764.0,109.149,5108343.137
2022-03-28 04:08:00,46764.0,46780.0,46750.0,46772.5,25.657,1199991.654
2022-03-28 04:09:00,46772.5,46795.5,46772.5,46775.5,73.033,3417012.4125
2022-03-28 04:10:00,46775.5,46796.0,46775.5,46796.0,48.517,2269794.863
2022-03-28 04:11:00,46796.0,46796.0,46756.0,46756.0,62.379,2918215.78
2022-03-28 04:12:00,46756.0,46756.5,46717.5,46720.0,65.599,3065281.683
2022-03-28 04:13:00,46720.0,46720.5,46710.0,46710.0,35.602,1663185.051
2022-03-28 04:14:00,46710.0,46749.0,46650.0,46684.0,181.185,8459049.8165
2022-03-28 04:15:00,46684.0,46710.5,46670.0,46670.0,71.108,3320247.4685
2022-03-28 04:16:00,46670.0,46670.0,46622.5,46631.0,104.094,4855016.4125
2022-03-28 04:17:00,46631.0,46646.0,46627.0,46639.0,49.363,2302231.088
2022-03-28 04:18:00,46639.0,46639.0,46580.0,46600.0,124.863,5818918.699
2022-03-28 04:19:00,46600.0,46629.0,46599.5,46609.0,58.483,2726141.4065
2022-03-28 04:20:00,46609.0,46632.5,46609.0,46632.5,27.682,1290734.8275
2022-03-28 04:21:00,46632.5,46685.5,46565.0,46573.5,144.025,6716122.2695
2022-03-28 04:22:00,46573.5,46650.0,46573.5,46621.0,63.639,2966011.14
2022-03-28 04:23:00,46621.0,46645.0,46621.0,46645.0,40.446,1886159.5385
2022-03-28 04:24:00,46645.0,46676.5,46625.0,46676.5,54.415,2538329.558
2022-03-28 04:25:00,46676.5,46714.5,46676.0,46700.0,67.681,3160348.492
2022-03-28 04:26:00,46700.0,46703.0,46700.0,46703.0,13.217,617239.4005
2022-03-28 04:27:00,46703.0,46703.0,46655.0,46655.5,21.012,980829.055
2022-03-28 04:28:00,46655.5,46655.5,46636.5,46651.0,28.011,1306657.2455
2022-03-28 04:29:00,46651.0,46651.0,46574.5,46578.5,95.942,4472893.6215
2022-03-28 04:30:00,46578.5,46628.5,46578.5,46592.0,64.334,2998100.7075
2022-03-28 04:31:00,46592.0,46613.5,46592.0,46613.0,25.405,1183982.8375
2022-03-28 04:32:00,46613.0,46613.5,46587.5,46588.0,28.037,1306345.1395
2022-03-28 04:33:00,46588.0,46613.0,46566.0,46606.0,64.226,2992050.6015
2022-03-28 04:34:00,46606.0,46622.5,46606.0,46622.5,36.861,1718176.783
2022-03-28 04:35:00,46622.5,46655.0,46622.0,46647.5,61.753,2879986.5725
2022-03-28 04:36:00,46647.5,46647.5,46633.5,46634.0,6.906,322080.148
2022-03-28 04:37:00,46634.0,46634.0,46590.0,46590.0,33.098,1542846.002
2022-03-28 04:38:00,46590.0,46597.5,46565.5,46579.0,83.908,3908124.3295
2022-03-28 04:39:00,46579.0,46592.0,46570.0,46591.5,41.362,1926579.587
2022-03-28 04:40:00,46591.5,46596.0,46584.5,46585.0,18.788,875366.449
2022-03-28 04:41:00,46585.0,46585.0,46562.5,46562.5,32.23,1501152.9325
2022-03-28 04:42:00,46562.5,46567.0,46532.0,46561.5,95.101,4427231.7925
2022-03-28 04:43:00,46561.5,46561.5,46553.0,46553.0,32.739,1524157.0185
2022-03-28 04:44:00,46553.0,46566.5,46524.5,46566.5,86.423,4022754.983
2022-03-28 04:45:00,46566.5,46590.0,46566.0,46582.5,35.261,1642311.6315
2022-03-28 04:46:00,46582.5,46612.5,46582.5,46605.0,29.381,1369361.1645
2022-03-28 04:47:00,46605.0,46616.5,46605.0,46616.5,33.292,1551815.0625
2022-03-28 04:48:00,46616.5,46616.5,46564.5,46565.0,40.789,1900728.2235
2022-03-28 04:49:00,46565.0,46580.5,46564.5,46580.0,5.317,247627.848
2022-03-28 04:50:00,46580.0,46593.5,46580.0,46593.0,19.749,920092.868
2022-03-28 04:51:00,46593.0,46593.5,46591.5,46591.5,9.454,440488.5555
2022-03-28 04:52:00,46591.5,46680.0,46591.5,46680.0,95.369,4447854.2565
2022-03-28 04:53:00,46680.0,46690.0,46651.5,46657.0,95.82,4472283.4615
2022-03-28 04:54:00,46657.0,46683.5,46657.0,46681.5,36.659,1711024.0215
2022-03-28 04:55:00,46681.5,46695.0,46681.0,46695.0,19.927,930340.103
2022-03-28 04:56:00,46695.0,46695.0,46660.0,46662.5,31.27,1459704.4155
2022-03-28 04:57:00,46662.5,46687.5,46662.5,46687.0,19.67,918164.029
2022-03-28 04:58:00,46687.0,46696.0,46687.0,46696.0,19.053,889628.911
2022-03-28 04:59:00,46696.0,46718.0,46680.0,46718.0,65.53,3060333.8495
2022-03-28 05:00:00,46718.0,46741.0,46712.5,46713.0,58.918,2753253.4755
2022-03-28 05:01:00,46713.0,46720.5,46662.5,46667.5,60.209,2811355.437
2022-03-28 05:02:00,46667.5,46668.0,46648.5,46648.5,23.353,1089726.787
2022-03-28 05:03:00,46648.5,46680.0,46648.5,46675.0,92.613,4321848.524
2022-03-28 05:04:00,46675.0,46701.0,46674.5,46701.0,33.699,1573372.158
2022-03-28 05:05:00,46701.0,46712.5,46700.5,46712.0,26.415,1233822.603
2022-03-28 05:06:00,46712.0,46712.5,46692.0,46698.5,87.206,4072779.7455
2022-03-28 05:07:00,46698.5,46703.5,46698.5,46703.5,21.491,1003648.8065
2022-03-28 05:08:00,46703.5,46719.0,46703.5,46710.0,21.712,1014202.26
2022-03-28 05:09:00,46710.0,46717.0,46710.0,46716.5,9.499,443733.4325
2022-03-28 05:10:00,46716.5,46717.0,46682.0,46692.5,34.013,1588189.878
2022-03-28 05:11:00,46692.5,46698.0,46676.0,46678.0,49.742,2322417.253
2022-03-28 05:12:00,46678.0,46879.0,46677.5,46809.0,309.413,14479024.923
2022-03-28 05:13:00,46809.0,46809.0,46763.0,46766.0,84.483,3952242.272
2022-03-28 05:14:00,46766.0,46797.0,46766.0,46770.0,35.139,1643840.7505
2022-03-28 05:15:00,46770.0,46770.5,46756.0,46756.0,18.055,844338.1545
2022-03-28 05:16:00,46756.0,46774.5,46756.0,46774.5,27.651,1292969.8295
2022-03-28 05:17:00,46774.5,46795.0,46774.0,46794.0,23.027,1077457.1705
2022-03-28 05:18:00,46794.0,46794.0,46769.5,46770.0,21.26,994395.2365
2022-03-28 05:19:00,46770.0,46790.0,46769.5,46790.0,27.839,1302295.636
2022-03-28 05:20:00,46790.0,46800.0,46767.5,46774.5,85.698,4009411.7145
2022-03-28 05:21:00,46774.5,46800.0,46774.5,46800.0,73.541,3441525.7735
2022-03-28 05:22:00,46800.0,46800.0,46787.0,46796.5,87.73,4105630.9565
2022-03-28 05:23:00,46796.5,46842.0,46796.0,46812.0,187.053,8756702.9875
2022-03-28 05:24:00,46812.0,46830.5,46808.0,46830.5,53.317,2496179.944
2022-03-28 05:25:00,46830.5,46849.0,46813.0,46813.0,64.774,3033060.8595
2022-03-28 05:26:00,46813.0,46813.5,46802.0,46802.0,36.948,1729611.489
2022-03-28 05:27:00,46802.0,46802.5,46785.0,46790.0,21.563,1009019.4395
2022-03-28 05:28:00,46790.0,46798.0,46785.0,46798.0,22.8,1066855.1625
2022-03-28 05:29:00,46798.0,46815.0,46792.5,46793.0,43.68,2044630.2385
2022-03-28 05:30:00,46793.0,46793.0,46770.0,46770.5,96.947,4535254.1245
2022-03-28 05:31:00,46770.5,46778.5,46759.5,46778.0,55.148,2579152.776
2022-03-28 05:32:00,46778.0,46859.0,46778.0,46854.5,180.283,8444182.21
2022-03-28 05:33:00,46854.5,46855.0,46755.0,46755.5,95.714,4479158.877
2022-03-28 05:34:00,46755.5,46775.0,46737.0,46745.5,105.291,4922177.8995
2022-03-28 05:35:00,46745.5,46755.0,46742.0,46742.0,44.789,2093738.3895
2022-03-28 05:36:00,46742.0,46742.5,46712.0,46712.5,75.369,3522021.9795
2022-03-28 05:37:00,46712.5,46712.5,46672.0,46679.5,113.796,5313531.637
2022-03-28 05:38:00,46679.5,46720.0,46664.0,46687.0,86.194,4023860.092
2022-03-28 05:39:00,46687.0,46714.5,46686.5,46714.5,73.817,3447889.7925
2022-03-28 05:40:00,46714.5,46714.5,46691.0,46700.0,21.405,999597.2825
2022-03-28 05:41:00,46700.0,46748.0,46699.5,46748.0,29.047,1357115.8795
2022-03-28 05:42:00,46748.0,46748.0,46717.5,46725.5,28.545,1333983.771
2022-03-28 05:43:00,46725.5,46726.0,46696.0,46696.0,51.614,2410872.0925
2022-03-28 05:44:00,46696.0,46696.5,46678.0,46678.0,32.722,1527656.793
2022-03-28 05:45:00,46678.0,46678.5,46646.5,46650.0,75.288,3513094.759
2022-03-28 05:46:00,46650.0,46672.5,46625.5,46626.0,146.556,6836858.835
2022-03-28 05:47:00,46626.0,46697.0,46625.5,46697.0,54.103,2524311.7815
2022-03-28 05:48:00,46697.0,46730.0,46666.0,46690.0,107.581,5024233.2035
2022-03-28 05:49:00,46690.0,46730.0,46689.5,46720.0,53.955,2520328.2875
2022-03-28 05:50:00,46720.0,46720.5,46715.5,46715.5,19.491,910543.81
2022-03-28 05:51:00,46715.5,46735.0,46714.0,46735.0,26.33,1230146.9895
2022-03-28 05:52:00,46735.0,46736.0,46724.0,46736.0,46.073,2153190.7285
2022-03-28 05:53:00,46736.0,46737.0,46735.5,46737.0,10.675,498908.4695
2022-03-28 05:54:00,46737.0,46737.0,46678.5,46678.5,27.829,1300012.0715
2022-03-28 05:55:00,46678.5,46725.0,46678.5,46725.0,19.243,898769.207
2022-03-28 05:56:00,46725.0,46745.0,46724.5,46740.5,16.299,761733.8055
2022-03-28 05:57:00,46740.5,46740.5,46739.0,46739.0,15.189,709927.8305
2022-03-28 05:58:00,46739.0,46750.0,46739.0,46750.0,30.385,1420456.0015
2022-03-28 05:59:00,46750.0,46782.5,46749.5,46782.5,38.937,1821184.3765
2022-03-28 06:00:00,46782.5,46850.0,46782.0,46848.5,99.431,4656348.743
2022-03-28 06:01:00,46848.5,46945.5,46848.0,46944.5,328.006,15384892.4085
2022-03-28 06:02:00,46944.5,47241.5,46944.5,47061.0,1885.699,88844588.464
2022-03-28 06:03:00,47061.0,47390.5,47050.0,47390.5,764.706,36117022.487
2022-03-28 06:04:00,47390.5,47800.0,47322.0,47412.5,2180.814,103578606.295
2022-03-28 06:05:00,47412.5,47445.0,47314.0,47373.0,556.677,26379433.6375
2022-03-28 06:06:00,47373.0,47419.5,47264.5,47315.0,358.462,16970171.408
2022-03-28 06:07:00,47315.0,47409.0,47300.0,47408.5,188.624,8932030.7345
2022-03-28 06:08:00,47408.5,47485.5,47320.0,47320.5,377.51,17903841.28
2022-03-28 06:09:00,47320.5,47336.5,47274.5,47286.0,349.342,16524147.811
2022-03-28 06:10:00,47286.0,47286.0,47168.0,47225.5,418.93,19787490.3335
2022-03-28 06:11:00,47225.5,47225.5,47150.0,47175.5,208.606,9841429.2945
2022-03-28 06:12:00,47175.5,47193.0,47129.0,47162.0,157.047,7405168.486
2022-03-28 06:13:00,47162.0,47185.0,47122.5,47123.5,91.552,4317856.767
2022-03-28 06:14:00,47123.5,47123.5,47091.0,47091.5,114.48,5393291.4715
2022-03-28 06:15:00,47091.5,47091.5,46867.0,46867.5,596.459,28005281.85
2022-03-28 06:16:00,46867.5,46918.0,46831.0,46872.0,467.423,21913413.271
2022-03-28 06:17:00,46872.0,46930.0,46872.0,46886.5,199.155,9341474.321
2022-03-28 06:18:00,46886.5,46920.0,46879.0,46920.0,114.713,5379329.851
2022-03-28 06:19:00,46920.0,46927.0,46881.5,46927.0,56.855,2666449.7455
2022-03-28 06:20:00,46927.0,46927.0,46810.0,46848.5,171.217,8021008.636
2022-03-28 06:21:00,46848.5,46865.0,46827.0,46862.5,107.369,5030360.0915
2022-03-28 06:22:00,46862.5,46890.5,46862.5,46890.5,41.681,1953940.831
2022-03-28 06:23:00,46890.5,46895.5,46865.0,46867.5,45.755,2144843.4765
2022-03-28 06:24:00,46867.5,46870.5,46867.5,46870.0,51.377,2408054.369
2022-03-28 06:25:00,46870.0,46870.5,46853.0,46853.0,29.641,1389154.7615
2022-03-28 06:26:00,46853.0,46863.5,46853.0,46863.0,31.754,1487821.808
2022-03-28 06:27:00,46863.0,46914.0,46853.5,46866.0,78.646,3686786.398
2022-03-28 06:28:00,46866.0,46908.5,46865.0,46888.0,65.77,3083698.482
2022-03-28 06:29:00,46888.0,46919.0,46888.0,46918.5,54.176,2541340.8575
2022-03-28 06:30:00,46918.5,46938.5,46854.5,46854.5,97.488,4572127.093
2022-03-28 06:31:00,46854.5,46904.5,46854.5,46861.0,35.308,1655115.0645
2022-03-28 06:32:00,46861.0,46875.0,46851.0,46874.5,67.828,3178330.4775
2022-03-28 06:33:00,46874.5,46894.5,46863.0,46889.0,51.152,2397825.1415
2022-03-28 06:34:00,46889.0,46910.0,46887.0,46910.0,12.851,602641.5865
2022-03-28 06:35:00,46910.0,46925.5,46903.0,46918.5,43.454,2038570.6045
2022-03-28 06:36:00,46918.5,46918.5,46909.5,46910.0,55.479,2602573.1965
2022-03-28 06:37:00,46910.0,46910.0,46864.0,46864.0,36.106,1693051.0485
2022-03-28 06:38:00,46864.0,46880.5,46864.0,46876.5,46.853,2195984.0825
2022-03-28 06:39:00,46876.5,46876.5,46870.0,46870.0,15.611,731703.866
2022-03-28 06:40:00,46870.0,46905.5,46869.5,46904.0,85.928,4027705.212
2022-03-28 06:41:00,46904.0,46909.0,46880.0,46909.0,28.707,1346139.0855
2022-03-28 06:42:00,46909.0,46965.5,46908.5,46943.5,88.82,4169083.837
2022-03-28 06:43:00,46943.5,46981.0,46943.5,46976.5,121.929,5727433.4955
2022-03-28 06:44:00,46976.5,46977.0,46974.0,46974.0,106.056,4982084.005
2022-03-28 06:45:00,46974.0,47021.0,46967.5,47020.5,119.25,5605467.537
2022-03-28 06:46:00,47020.5,47021.0,46994.5,46994.5,76.293,3586865.1545
2022-03-28 06:47:00,46994.5,46995.0,46911.5,46911.5,60.28,2829565.422
2022-03-28 06:48:00,46911.5,46911.5,46890.5,46903.5,53.859,2525694.0115
2022-03-28 06:49:00,46903.5,46950.0,46900.0,46950.0,40.817,1915143.9525
2022-03-28 06:50:00,46950.0,46967.0,46949.5,46951.0,31.622,1484975.541
2022-03-28 06:51:00,46951.0,46973.5,46951.0,46973.0,25.133,1180228.426
2022-03-28 06:52:00,46973.0,46973.5,46898.0,46898.0,39.152,1837421.1375
2022-03-28 06:53:00,46898.0,46918.0,46886.0,46918.0,37.35,1751560.796
2022-03-28 06:54:00,46918.0,46918.0,46912.5,46913.0,16.046,752823.894
2022-03-28 06:55:00,46913.0,46913.0,46908.5,46909.0,5.167,242386.271
2022-03-28 06:56:00,46909.0,46909.0,46908.5,46908.5,42.19,1979089.037
2022-03-28 06:57:00,46908.5,46909.0,46900.0,46900.5,26.395,1238040.6195
2022-03-28 06:58:00,46900.5,46900.5,46900.0,46900.0,10.582,496299.1365
2022-03-28 06:59:00,46900.0,46900.5,46900.0,46900.0,12.739,597460.8675
2022-03-28 07:00:00,46900.0,46900.5,46900.0,46900.5,14.942,700781.3385
2022-03-28 07:01:00,46900.5,46900.5,46898.0,46898.0,11.333,531511.829
2022-03-28 07:02:00,46898.0,46898.5,46883.5,46886.5,45.177,2118223.9235
2022-03-28 07:03:00,46886.5,46887.0,46854.5,46854.5,28.038,1314178.7205
2022-03-28 07:04:00,46854.5,46855.0,46777.0,46785.0,197.952,9266276.0145
2022-03-28 07:05:00,46785.0,46850.0,46783.5,46785.5,70.548,3303268.529
2022-03-28 07:06:00,46785.5,46808.0,46720.0,46764.0,431.901,20198070.1525
2022-03-28 07:07:00,46764.0,46764.5,46659.5,46705.5,249.134,11636883.363
2022-03-28 07:08:00,46705.5,46706.0,46670.0,46670.0,63.828,2980296.194
2022-03-28 07:09:00,46670.0,46708.5,46670.0,46708.0,54.837,2560009.983
2022-03-28 07:10:00,46708.0,46766.5,46695.0,46766.5,94.595,4420875.295
2022-03-28 07:11:00,46766.5,46766.5,46766.0,46766.5,13.396,626482.221
2022-03-28 07:12:00,46766.5,46766.5,46717.5,46728.0,29.294,1369049.082
2022-03-28 07:13:00,46728.0,46729.5,46728.0,46729.5,23.338,1090558.6665
2022-03-28 07:14:00,46729.5,46766.5,46729.0,46766.0,52.867,2471771.651
2022-03-28 07:15:00,46766.0,46806.5,46766.0,46785.0,40.719,1905233.322
2022-03-28 07:16:00,46785.0,46800.0,46780.0,46789.0,74.724,3496863.0845
2022-03-28 07:17:00,46789.0,46800.0,46788.5,46799.5,24.142,1129662.414
2022-03-28 07:18:00,46799.5,46799.5,46792.0,46792.0,13.081,612114.228
2022-03-28 07:19:00,46792.0,46792.5,46792.0,46792.0,15.105,706795.994
2022-03-28 07:20:00,46792.0,46792.5,46791.5,46792.0,26.418,1236152.5425
2022-03-28 07:21:00,46792.0,46825.0,46791.5,46808.0,32.718,1531263.624
2022-03-28 07:22:00,46808.0,46811.0,46808.0,46810.5,24.026,1124636.7745
2022-03-28 07:23:00,46810.5,46830.5,46810.5,46830.5,35.856,1678649.566
2022-03-28 07:24:00,46830.5,46833.0,46799.0,46803.5,37.573,1759100.324
2022-03-28 07:25:00,46803.5,46821.5,46803.0,46821.5,8.695,407038.9095
2022-03-28 07:26:00,46821.5,46821.5,46776.0,46776.5,25.073,1173623.906
2022-03-28 07:27:00,46776.5,46778.0,46765.0,46778.0,20.094,939856.6725
2022-03-28 07:28:00,46778.0,46800.0,46777.5,46800.0,13.259,620344.092
2022-03-28 07:29:00,46800.0,46802.0,46797.0,46797.5,10.33,483441.9775
2022-03-28 07:30:00,46797.5,46823.0,46797.0,46823.0,15.038,704013.7005
2022-03-28 07:31:00,46823.0,46823.0,46805.0,46805.0,9.719,454951.7075
2022-03-28 07:32:00,46805.0,46820.0,46805.0,46819.5,7.859,367893.7035
2022-03-28 07:33:00,46819.5,46853.5,46819.5,46853.0,33.77,1581654.829
2022-03-28 07:34:00,46853.0,46853.5,46830.0,46830.0,15.457,724017.1175
2022-03-28 07:35:00,46830.0,46830.5,46824.0,46824.0,4.127,193260.676
2022-03-28 07:36:00,46824.0,46824.5,46810.0,46822.5,5.546,259633.0615
2022-03-28 07:37:00,46822.5,46871.5,46822.0,46871.5,21.784,1020604.7895
2022-03-28 07:38:00,46871.5,46882.0,46863.0,46863.0,66.166,3101462.5545
2022-03-28 07:39:00,46863.0,46871.5,46826.0,46847.0,40.41,1893680.2705
2022-03-28 07:40:00,46847.0,46847.5,46805.0,46805.0,10.526,492938.8055
2022-03-28 07:41:00,46805.0,46820.5,46805.0,46816.0,22.597,1057905.6355
2022-03-28 07:42:00,46816.0,46822.0,46816.0,46816.0,40.534,1897814.7645
2022-03-28 07:43:00,46816.0,46816.5,46806.0,46806.0,5.415,253457.9035
2022-03-28 07:44:00,46806.0,46806.5,46806.0,46806.0,8.028,375761.143
2022-03-28 07:45:00,46806.0,46811.5,46803.0,46803.0,18.177,850807.8555
2022-03-28 07:46:00,46803.0,46803.0,46780.0,46780.0,56.241,2631729.3795
2022-03-28 07:47:00,46780.0,46780.5,46750.0,46750.0,23.41,1094821.545
2022-03-28 07:48:00,46750.0,46782.5,46750.0,46782.5,36.443,1704636.964
2022-03-28 07:49:00,46782.5,46786.5,46765.0,46774.0,30.156,1410509.3705
2022-03-28 07:50:00,46774.0,46774.5,46771.5,46771.5,15.509,725419.774
2022-03-28 07:51:00,46771.5,46772.0,46752.5,46761.5,33.753,1578265.0745
2022-03-28 07:52:00,46761.5,46810.5,46761.5,46810.5,57.155,2673946.901
2022-03-28 07:53:00,46810.5,46822.0,46808.5,46822.0,16.847,788775.9455
2022-03-28 07:54:00,46822.0,46849.5,46821.5,46835.5,22.859,1070764.681
2022-03-28 07:55:00,46835.5,46835.5,46810.5,46810.5,4.842,226728.151
2022-03-28 07:56:00,46810.5,46823.0,46810.5,46823.0,7.96,372668.5195
2022-03-28 07:57:00,46823.0,46823.0,46818.0,46818.0,6.864,321380.175
2022-03-28 07:58:00,46818.0,46818.5,46818.0,46818.5,7.454,348982.1185
2022-03-28 07:59:00,46818.5,46818.5,46815.0,46815.5,20.774,972591.58
2022-03-28 08:00:00,46815.5,46815.5,46815.0,46815.0,18.712,876009.9055
2022-03-28 08:01:00,46815.0,46867.0,46815.0,46866.5,28.52,1336153.301
2022-03-28 08:02:00,46866.5,46867.0,46855.0,46863.5,9.677,453500.4415
2022-03-28 08:03:00,46863.5,46863.5,46837.5,46837.5,10.609,497137.312
2022-03-28 08:04:00,46837.5,46838.0,46815.0,46838.0,16.158,756665.162
2022-03-28 08:05:00,46838.0,46853.5,46838.0,46853.5,28.099,1316493.471
2022-03-28 08:06:00,46853.5,46857.5,46853.0,46857.5,8.45,395929.2655
2022-03-28 08:07:00,46857.5,46871.5,46857.0,46871.5,9.599,449843.189
2022-03-28 08:08:00,46871.5,46888.0,46850.0,46850.0,36.705,1720557.3675
2022-03-28 08:09:00,46850.0,46850.5,46834.5,46834.5,5.498,257513.7645
2022-03-28 08:10:00,46834.5,46864.0,46834.5,46863.5,17.004,796665.659
2022-03-28 08:11:00,46863.5,46864.0,46863.5,46864.0,8.417,394451.2585
2022-03-28 08:12:00,46864.0,46883.0,46863.5,46883.0,11.476,537882.028
2022-03-28 08:13:00,46883.0,46885.0,46880.0,46880.0,12.564,589048.618
2022-03-28 08:14:00,46880.0,46888.0,46871.5,46871.5,42.368,1986393.589
2022-03-28 08:15:00,46871.5,46885.0,46835.0,46848.0,29.292,1372360.9745
2022-03-28 08:16:00,46848.0,46850.0,46835.0,46850.0,21.562,1010099.2325
2022-03-28 08:17:00,46850.0,46870.0,46850.0,46869.5,26.515,1242382.738
2022-03-28 08:18:00,46869.5,46905.0,46869.5,46905.0,33.595,1575196.4465
2022-03-28 08:19:00,46905.0,46905.5,46900.0,46900.5,52.197,2448255.017
2022-03-28 08:20:00,46900.5,46900.5,46882.0,46882.0,13.296,623506.7935
2022-03-28 08:21:00,46882.0,46900.0,46882.0,46887.5,13.027,610858.5475
2022-03-28 08:22:00,46887.5,46897.0,46882.5,46896.5,9.798,459466.0255
2022-03-28 08:23:00,46896.5,46897.0,46889.5,46889.5,24.996,1172070.833
2022-03-28 08:24:00,46889.5,46900.0,46889.5,46900.0,24.329,1140993.337
2022-03-28 08:25:00,46900.0,46900.0,46890.0,46890.0,19.221,901434.5765
2022-03-28 08:26:00,46890.0,46895.0,46886.0,46895.0,13.935,653379.767
2022-03-28 08:27:00,46895.0,46920.0,46894.5,46920.0,25.777,1209032.731
2022-03-28 08:28:00,46920.0,46920.0,46919.5,46920.0,15.616,732700.013
2022-03-28 08:29:00,46920.0,46920.0,46903.0,46903.0,18.779,880914.3125
2022-03-28 08:30:00,46903.0,46914.5,46897.5,46908.0,15.121,709284.876
2022-03-28 08:31:00,46908.0,46908.5,46895.0,46895.5,25.322,1187673.032
2022-03-28 08:32:00,46895.5,46895.5,46886.0,46894.0,22.446,1052485.758
2022-03-28 08:33:00,46894.0,46905.0,46893.5,46905.0,4.65,218091.3475
2022-03-28 08:34:00,46905.0,46917.0,46905.0,46917.0,10.515,493282.9605
2022-03-28 08:35:00,46917.0,46917.0,46908.5,46908.5,20.75,973499.2795
2022-03-28 08:36:00,46908.5,46908.5,46886.0,46886.0,18.829,882868.9825
2022-03-28 08:37:00,46886.0,46886.5,46867.0,46867.5,18.957,888668.9245
2022-03-28 08:38:00,46867.5,46875.0,46867.5,46870.0,9.275,434746.62
2022-03-28 08:39:00,46870.0,46870.5,46870.0,46870.5,5.946,278691.4585
2022-03-28 08:40:00,46870.5,46886.0,46869.0,46885.5,47.957,2247906.237
2022-03-28 08:41:00,46885.5,46899.5,46820.0,46837.5,164.501,7707997.2145
2022-03-28 08:42:00,46837.5,46850.0,46810.5,46811.0,23.745,1112005.9155
2022-03-28 08:43:00,46811.0,46832.5,46810.5,46832.5,8.663,405653.2895
2022-03-28 08:44:00,46832.5,46832.5,46832.0,46832.0,5.41,253362.3275
2022-03-28 08:45:00,46832.0,46855.0,46832.0,46855.0,24.333,1139813.287
2022-03-28 08:46:00,46855.0,46881.0,46854.5,46881.0,10.359,485579.548
2022-03-28 08:47:00,46881.0,46881.0,46860.0,46860.5,25.57,1198677.7175
2022-03-28 08:48:00,46860.5,46875.5,46860.0,46875.5,10.296,482576.314
2022-03-28 08:49:00,46875.5,46876.5,46875.5,46876.0,6.493,304364.8605
2022-03-28 08:50:00,46876.0,46945.0,46876.0,46944.5,56.915,2670001.2635
2022-03-28 08:51:00,46944.5,46945.0,46927.5,46929.0,27.47,1289352.422
2022-03-28 08:52:00,46929.0,46954.5,46929.0,46950.0,75.764,3556927.602
2022-03-28 08:53:00,46950.0,46950.5,46918.5,46918.5,31.659,1486030.092
2022-03-28 08:54:00,46918.5,46921.5,46918.5,46921.0,7.437,348943.2245
2022-03-28 08:55:00,46921.0,46921.5,46918.0,46918.0,14.907,699444.9765
2022-03-28 08:56:00,46918.0,46918.0,46898.0,46914.0,34.224,1605190.9405
2022-03-28 08:57:00,46914.0,46950.5,46914.0,46949.5,24.81,1164562.8785
2022-03-28 08:58:00,46949.5,46955.0,46944.5,46945.0,30.636,1438339.578
2022-03-28 08:59:00,46945.0,46945.0,46932.5,46933.0,7.767,364570.4515
2022-03-28 09:00:00,46933.0,46933.0,46901.5,46901.5,9.801,459894.0145
2022-03-28 09:01:00,46901.5,46902.0,46895.0,46897.5,9.141,428694.873
2022-03-28 09:02:00,46897.5,46902.0,46897.0,46901.5,14.597,684598.5085
2022-03-28 09:03:00,46901.5,46927.5,46901.5,46923.5,38.086,1787029.7945
2022-03-28 09:04:00,46923.5,46924.0,46907.0,46911.0,12.269,575574.4675
2022-03-28 09:05:00,46911.0,46911.0,46907.0,46907.0,11.252,527838.6755
2022-03-28 09:06:00,46907.0,46907.5,46900.0,46900.0,16.409,769639.1005
2022-03-28 09:07:00,46900.0,46920.0,46900.0,46920.0,10.166,476890.274
2022-03-28 09:08:00,46920.0,46937.5,46919.5,46937.5,14.486,679820.516
2022-03-28 09:09:00,46937.5,46995.0,46937.0,46985.0,87.91,4129151.2415
2022-03-28 09:10:00,46985.0,46985.0,46984.0,46984.0,23.357,1097408.896
2022-03-28 09:11:00,46984.0,46985.5,46984.0,46985.0,53.912,2533033.0785
2022-03-28 09:12:00,46985.0,46985.5,46963.0,46963.5,38.358,1802000.779
2022-03-28 09:13:00,46963.5,46965.5,46963.0,46963.5,12.993,610212.3955
2022-03-28 09:14:00,46963.5,46974.5,46963.5,46966.5,29.725,1396255.842
2022-03-28 09:15:00,46966.5,46976.0,46966.5,46976.0,13.562,637048.21
2022-03-28 09:16:00,46976.0,47000.0,46976.0,46980.5,44.054,2070139.4355
2022-03-28 09:17:00,46980.5,46980.5,46980.0,46980.0,3.536,166121.641
2022-03-28 09:18:00,46980.0,46992.0,46980.0,46992.0,16.396,770314.727
2022-03-28 09:19:00,46992.0,47000.0,46983.0,46983.0,44.529,2092637.4675
