startTime,openPrice,highPrice,lowPrice,closePrice,volume,turnover
1688841000000,30191.9,30199.7,30191.8,30199.6,5.117,154499.4814
1688841060000,30199.6,30199.7,30199.6,30199.7,2.06,62211.3349
1688841120000,30199.7,30199.7,30199.6,30199.7,2.399,72448.9756
1688841180000,30199.7,30203.5,30196.1,30203.5,29.077,878139.0531
1688841240000,30203.5,30203.5,30203.4,30203.5,22.578,681934.4346
1688841300000,30203.5,30203.5,30203.4,30203.4,6.456,194993.6823
1688841360000,30203.4,30204.6,30203.4,30204.5,21.314,643775.3953
1688841420000,30204.5,30204.6,30201.5,30201.5,8.111,244986.7358
1688841480000,30201.5,30201.6,30201.5,30201.5,0.532,16067.2329
1688841540000,30201.5,30203.3,30201.5,30203.2,6.671,201478.5102
1688841600000,30203.2,30203.3,30203.2,30203.2,2.906,87770.7853
1688841660000,30203.2,30203.3,30196.1,30196.1,16.349,493780.3162
1688841720000,30196.1,30196.2,30196.1,30196.2,1.037,31313.3852
1688841780000,30196.2,30196.2,30196.1,30196.2,2.334,70477.9131
1688841840000,30196.2,30196.2,30196.1,30196.1,0.603,18208.2648
1688841900000,30196.1,30196.2,30185.1,30185.1,31.817,960678.0003
1688841960000,30185.1,30185.1,30185,30185.1,4.108,124000.0058
1688842020000,30185.1,30185.1,30185,30185,0.985,29732.2414
1688842080000,30185,30185.1,30185,30185,1.711,51646.5391
1688842140000,30185,30185,30172,30180.9,58.223,1757099.7392
1688842200000,30180.9,30181,30174.2,30174.2,4.507,136003.8838
1688842260000,30174.2,30174.9,30170.5,30174.8,10.129,305622.9171
1688842320000,30174.8,30174.9,30174.8,30174.9,2.073,62552.4468
1688842380000,30174.9,30177.5,30174.8,30177.5,3.954,119314.0201
1688842440000,30177.5,30184.1,30177.4,30184,48.576,1466072.5249
1688842500000,30184,30184.1,30184,30184.1,8.94,269845.8084
1688842560000,30184.1,30189.6,30184,30189.6,16.762,505987.2676
1688842620000,30189.6,30189.6,30189.5,30189.5,2.281,68862.2903
1688842680000,30189.5,30189.6,30187.9,30187.9,4.553,137450.9671
1688842740000,30187.9,30188,30187.9,30187.9,1.923,58051.3628
1688842800000,30187.9,30187.9,30184.5,30184.6,1.893,57140.2785
1688842860000,30184.6,30184.6,30182.4,30182.4,13.821,417178.5435
1688842920000,30182.4,30182.5,30182.3,30182.4,1.698,51249.717
1688842980000,30182.4,30182.4,30174.1,30174.1,51.334,1549146.7006
1688843040000,30174.1,30174.2,30174,30174.1,4.646,140188.8646
1688843100000,30174.1,30174.1,30174,30174.1,5.803,175099.8281
1688843160000,30174.1,30174.1,30171.7,30171.7,13.445,405678.3812
1688843220000,30171.7,30171.8,30170.2,30170.2,5.121,154505.3809
1688843280000,30170.2,30172.9,30170.1,30172.9,6.42,193695.3455
1688843340000,30172.9,30182.1,30172.8,30179.3,46.706,1409543.6682
1688843400000,30179.3,30179.4,30170.1,30170.1,25.056,755978.8403
1688843460000,30170.1,30176.2,30170.1,30176.2,94.782,2859900.016
1688843520000,30176.2,30176.2,30173,30173,20.428,616380.0176
1688843580000,30173,30173.1,30173,30173,3.43,103493.6882
1688843640000,30173,30173.1,30173,30173.1,1.661,50117.5039
1688843700000,30173.1,30176,30173,30175.9,11.363,342861.9135
1688843760000,30175.9,30176,30175.9,30175.9,5.523,166661.7934
1688843820000,30175.9,30176,30173.3,30173.3,3.838,115811.987
1688843880000,30173.3,30173.4,30167,30167.3,49.022,1478935.5685
1688843940000,30167.3,30167.3,30153,30157.6,101.611,3064576.9065
1688844000000,30157.6,30157.8,30152.5,30152.5,20.434,616141.4969
1688844060000,30152.5,30152.6,30152.5,30152.5,4.3,129656.0747
1688844120000,30152.5,30152.6,30148.2,30148.2,60.101,1812059.218
1688844180000,30148.2,30148.3,30040.9,30058.4,1675.858,50416646.7892
1688844240000,30058.4,30068.7,30025,30068.7,417.539,12541855.5016
1688844300000,30068.7,30104.3,30068.7,30104.2,146.839,4418081.6894
1688844360000,30104.2,30120,30096.6,30120,129.405,3896033.5523
1688844420000,30120,30120.4,30100,30100.1,65.964,1986040.0121
1688844480000,30100.1,30105.1,30082.6,30082.6,61.184,1841463.4518
1688844540000,30082.6,30101.4,30082.6,30101.3,46.594,1402038.6768
1688844600000,30101.3,30101.3,30077.3,30084.1,61.411,1847420.1672
1688844660000,30084.1,30084.1,30060,30060.1,62.97,1893269.8432
1688844720000,30060.1,30083.1,30060,30077,66.004,1985130.1497
1688844780000,30077,30090,30077,30090,24.776,745338.464
1688844840000,30090,30095,30086,30086,58.431,1758265.8428
1688844900000,30086,30096.3,30086,30095.9,26.145,786773.7655
1688844960000,30095.9,30107.1,30095.9,30097.2,43.835,1319536.3362
1688845020000,30097.2,30097.4,30097.1,30097.1,9.645,290287.3511
1688845080000,30097.1,30109.4,30097.1,30109.4,16.035,482701.2548
1688845140000,30109.4,30109.4,30102,30102.1,26.579,800232.5478
1688845200000,30102.1,30109.8,30102,30109.8,28.896,869948.7291
1688845260000,30109.8,30109.8,30109.7,30109.7,14.618,440144.6867
1688845320000,30109.7,30109.8,30109.5,30109.6,2.911,87648.9434
1688845380000,30109.6,30112,30109.6,30112,19.607,590380.1913
1688845440000,30112,30112,30111.9,30111.9,4.119,124031.2398
1688845500000,30111.9,30112.1,30111.9,30112,20.479,616663.6096
1688845560000,30112,30113.3,30112,30113.3,7.57,227956.8392
1688845620000,30113.3,30113.3,30094.1,30094.1,42.694,1285424.6474
1688845680000,30094.1,30106.3,30094.1,30106.3,37.822,1138511.6582
1688845740000,30106.3,30109.9,30106.3,30109.8,39.136,1178335.0599
1688845800000,30109.8,30109.9,30109.8,30109.8,6.449,194178.571
1688845860000,30109.8,30115,30109.8,30115,13.902,418595.7749
1688845920000,30115,30119,30114.9,30119,16.616,500408.953
1688845980000,30119,30119.7,30118.9,30119.6,6.495,195626.4446
1688846040000,30119.6,30119.7,30119.6,30119.6,4.516,136020.4865
1688846100000,30119.6,30119.7,30104.8,30104.8,47.749,1437984.8891
1688846160000,30104.8,30106.6,30104.7,30106.6,15.402,463679.4158
1688846220000,30106.6,30106.6,30106.5,30106.6,7.269,218844.7835
1688846280000,30106.6,30106.6,30103.1,30103.1,29.475,887369.381
1688846340000,30103.1,30103.2,30096.3,30096.3,35.562,1070459.4903
1688846400000,30096.3,30104,30092,30104,37.906,1140863.7082
1688846460000,30104,30109.8,30104,30105.1,44.746,1347221.7054
1688846520000,30105.1,30105.1,30094.6,30094.6,6.306,189806.4837
1688846580000,30094.6,30094.6,30086.1,30086.2,26.538,798498.1962
1688846640000,30086.2,30086.2,30085,30085.1,29.599,890510.1733
1688846700000,30085.1,30085.1,30084.9,30084.9,23.97,721136.9041
1688846760000,30084.9,30085,30084.9,30085,21.91,659160.3387
1688846820000,30085,30085,30084.8,30084.8,23.352,702543.6705
1688846880000,30084.8,30084.9,30075.9,30083.5,231.534,6964953.2454
1688846940000,30083.5,30083.5,30072.7,30072.8,77.118,2319490.515
1688847000000,30072.8,30072.8,30063.9,30063.9,25.113,755107.0088
1688847060000,30063.9,30091.5,30046.3,30091.5,99.393,2988231.9477
1688847120000,30091.5,30113.7,30091.5,30103.4,86.673,2609135.5972
1688847180000,30103.4,30108,30103.4,30103.9,15.726,473422.8327
1688847240000,30103.9,30110.4,30095,30100.3,27.635,831896.7124
1688847300000,30100.3,30106,30095.5,30098.5,21.336,642192.9629
1688847360000,30098.5,30098.6,30080.7,30080.8,33.921,1020684.6946
1688847420000,30080.8,30082,30068.6,30082,35.594,1070428.8913
1688847480000,30082,30084.4,30075.6,30084.4,15.257,458890.6981
1688847540000,30084.4,30086.4,30078.8,30078.8,80.552,2423447.9746
1688847600000,30078.8,30082.2,30077.9,30082.2,7.377,221904.005
1688847660000,30082.2,30101,30082.1,30101,66.504,2001024.522
1688847720000,30101,30109.9,30100.9,30109.9,14.941,449826.4347
1688847780000,30109.9,30110,30109.8,30109.9,22.411,674792.9805
1688847840000,30109.9,30110,30104.2,30104.3,28.014,843460.7869
1688847900000,30104.3,30114.1,30104.2,30114.1,15.97,480820.5876
1688847960000,30114.1,30115.6,30110.3,30110.4,30.383,914949.4041
1688848020000,30110.4,30110.4,30100.3,30100.4,14.091,424276.1187
1688848080000,30100.4,30100.4,30100.3,30100.3,2.2,66220.7539
1688848140000,30100.3,30100.5,30100.3,30100.5,9.998,300943.5387
1688848200000,30100.5,30100.5,30092.1,30092.1,12.87,387343.7897
1688848260000,30092.1,30092.2,30087.2,30090.3,14.983,450810.9758
1688848320000,30090.3,30090.4,30090.3,30090.4,4.576,137693.5707
1688848380000,30090.4,30114.5,30090.3,30114.5,32.405,975507.0419
1688848440000,30114.5,30126.8,30114.5,30121.6,88.814,2675262.1223
1688848500000,30121.6,30121.6,30119.3,30119.4,11.705,352567.8895
1688848560000,30119.4,30119.4,30109.8,30113.3,49.227,1482407.9952
1688848620000,30113.3,30113.4,30112.4,30112.4,4.806,144724.5594
1688848680000,30112.4,30112.4,30112.3,30112.4,4.367,131500.8069
1688848740000,30112.4,30112.4,30105,30105.1,14.004,421629.2732
1688848800000,30105.1,30115,30104.2,30115,16.988,511487.6279
1688848860000,30115,30116.7,30111,30111.1,6.286,189301.7965
1688848920000,30111.1,30111.1,30107.5,30107.5,1.937,58320.1707
1688848980000,30107.5,30107.6,30107.5,30107.5,1.93,58107.5023
1688849040000,30107.5,30107.5,30106.1,30106.1,1.921,57834.8577
1688849100000,30106.1,30106.2,30104.1,30104.2,10.055,302702.9908
1688849160000,30104.2,30104.2,30096.9,30101.7,63.588,1913981.9595
1688849220000,30101.7,30123.2,30101.7,30123.2,39.833,1199420.8283
1688849280000,30123.2,30123.2,30117.4,30117.4,12.896,388464.5976
1688849340000,30117.4,30117.4,30115,30115,3.324,100106.305
1688849400000,30115,30123.4,30115,30123.3,7.608,229147.8325
1688849460000,30123.3,30123.4,30123.3,30123.4,6.557,197519.0534
1688849520000,30123.4,30123.4,30123.3,30123.4,12.898,388531.5333
1688849580000,30123.4,30134.6,30123.3,30134.1,56.009,1687573.8172
1688849640000,30134.1,30134.1,30134,30134.1,6.614,199306.8794
1688849700000,30134.1,30134.1,30134,30134.1,7.928,238902.5576
1688849760000,30134.1,30134.1,30134,30134.1,6.818,205453.9979
1688849820000,30134.1,30134.1,30134,30134.1,8.413,253517.8933
1688849880000,30134.1,30147.9,30134,30147.6,40.04,1206761.1368
1688849940000,30147.6,30147.6,30141.5,30141.6,28.05,845557.0033
1688850000000,30141.6,30142.5,30141.5,30142.5,17.445,525826.5545
1688850060000,30142.5,30143.7,30142,30142,10.301,310503.2606
1688850120000,30142,30142.1,30142,30142.1,5.154,155352.1799
1688850180000,30142.1,30142.1,30137.3,30137.4,11.602,349685.5773
1688850240000,30137.4,30137.4,30137.3,30137.4,1.212,36526.454
1688850300000,30137.4,30137.4,30131.1,30131.2,8.029,241930.7172
1688850360000,30131.2,30134.3,30131.1,30134.3,6.338,190971.8978
1688850420000,30134.3,30135,30134.2,30135,3.711,111829.0768
1688850480000,30135,30135,30134.9,30135,5.343,161011.2338
1688850540000,30135,30135,30134.9,30135,4.261,128405.1225
1688850600000,30135,30135,30134.9,30135,0.624,18804.1953
1688850660000,30135,30135,30134.9,30135,25.473,767628.8342
1688850720000,30135,30138.5,30135,30138.4,10.65,320969.2615
1688850780000,30138.4,30139.8,30138.4,30139.8,6.648,200365.4994
1688850840000,30139.8,30146.7,30139.7,30146.7,75.156,2265390.6421
1688850900000,30146.7,30146.7,30144.7,30144.8,15.07,454293.0598
1688850960000,30144.8,30144.8,30137.9,30138,7.153,215612.2192
1688851020000,30138,30138,30137.4,30137.4,1.592,47979.4886
1688851080000,30137.4,30137.4,30136.4,30136.4,4.171,125699.2909
1688851140000,30136.4,30137.5,30136.4,30137.5,2.554,76969.2475
1688851200000,30137.5,30145.5,30137.5,30145.4,9.816,295875.3191
1688851260000,30145.4,30148.1,30145.4,30148,9.728,293275.1069
1688851320000,30148,30148.1,30148,30148.1,6.225,187671.8321
1688851380000,30148.1,30153.4,30148,30153.3,28.525,860037.274
1688851440000,30153.3,30153.4,30153.3,30153.4,10.904,328791.8729
1688851500000,30153.4,30156.9,30153.4,30156.7,14.895,449155.6113
1688851560000,30156.7,30165.1,30156.7,30165.1,22.709,684934.0679
1688851620000,30165.1,30175.6,30165,30175.6,35.311,1065381.551
1688851680000,30175.6,30182.9,30175.5,30179.8,55.773,1683216.0745
1688851740000,30179.8,30179.8,30165,30178.6,181.663,5481737.6916
1688851800000,30178.6,30178.7,30178.5,30178.6,26.939,812981.2295
1688851860000,30178.6,30178.7,30175,30175,13.5,407388.8327
1688851920000,30175,30175.1,30169.7,30169.7,7.484,225805.2698
1688851980000,30169.7,30169.8,30169.7,30169.7,3.449,104055.433
1688852040000,30169.7,30169.8,30169.7,30169.8,1.399,42207.5072
1688852100000,30169.8,30182.5,30169.7,30182.5,30.917,932870.6943
1688852160000,30182.5,30182.5,30182.4,30182.5,7.46,225160.7572
1688852220000,30182.5,30183.2,30182.5,30183.2,6.165,186078.2406
1688852280000,30183.2,30183.2,30182.6,30182.7,10.128,305693.9695
1688852340000,30182.7,30182.7,30161.7,30161.7,73.798,2227294.6136
1688852400000,30161.7,30161.7,30160,30160,8.956,270114.9322
1688852460000,30160,30160.1,30155.1,30155.1,5.935,178989.487
1688852520000,30155.1,30155.2,30155.1,30155.1,5.101,153821.2191
1688852580000,30155.1,30160.1,30155.1,30160.1,14.563,439174.2672
1688852640000,30160.1,30163.3,30160,30163.2,16.306,491828.6883
1688852700000,30163.2,30163.3,30163.2,30163.3,3.136,94592.0949
1688852760000,30163.3,30163.3,30163.2,30163.3,6.064,182910.205
1688852820000,30163.3,30163.3,30163.2,30163.3,1.912,57672.1736
1688852880000,30163.3,30163.3,30163.2,30163.2,1.322,39875.8311
1688852940000,30163.2,30163.4,30163.2,30163.4,7.921,238923.298
1688853000000,30163.4,30164,30163.3,30164,2.086,62920.9712
1688853060000,30164,30164,30163.9,30164,2.629,79301.0906
1688853120000,30164,30169.2,30164,30169.1,19.552,589834.3463
1688853180000,30169.1,30169.2,30169,30169,8.301,250433.9128
1688853240000,30169,30169.1,30165.8,30165.8,2.132,64318.7963
1688853300000,30165.8,30165.9,30165.8,30165.8,2.547,76832.4284
1688853360000,30165.8,30165.9,30165.8,30165.9,4.691,141508.1686
1688853420000,30165.9,30165.9,30165.8,30165.8,1.878,56651.5084
1688853480000,30165.8,30169.3,30165.8,30169.3,21.122,637192.5857
1688853540000,30169.3,30170.1,30169.2,30170.1,5.86,176792.8777
1688853600000,30170.1,30170.1,30170,30170.1,3.009,90781.6859
1688853660000,30170.1,30170.3,30170,30170.3,1.435,43294.0309
1688853720000,30170.3,30170.4,30170.3,30170.3,2.477,74731.9924
1688853780000,30170.3,30170.4,30170.3,30170.4,0.658,19852.0974
1688853840000,30170.4,30170.4,30158.8,30158.8,54.662,1648780.5315
1688853900000,30158.8,30166.6,30158.8,30166.6,11.028,332603.8309
1688853960000,30166.6,30173.3,30166.5,30173.3,72.06,2174153.1595
1688854020000,30173.3,30175,30173.2,30175,3.919,118252.099
1688854080000,30175,30175,30170.6,30170.6,13.542,408613.9138
1688854140000,30170.6,30170.7,30170.6,30170.6,2.824,85202.0372
1688854200000,30170.6,30174.8,30170.6,30174.8,4.117,124214.57
1688854260000,30174.8,30177.3,30174.8,30177.3,5.551,167505.9732
1688854320000,30177.3,30180,30177.2,30180,8.135,245501.2147
1688854380000,30180,30180,30179.9,30180,1.931,58277.5082
1688854440000,30180,30180,30179.9,30179.9,7.665,231329.1405
1688854500000,30179.9,30180,30170.2,30170.2,23.808,718438.165
1688854560000,30170.2,30170.3,30170.2,30170.2,0.497,14994.6032
1688854620000,30170.2,30170.2,30168.3,30168.3,10.398,313697.0106
1688854680000,30168.3,30168.3,30165,30165,1.805,54450.4405
1688854740000,30165,30165,30161.2,30161.9,6.923,208816.4251
1688854800000,30161.9,30161.9,30161.8,30161.9,9.384,283038.3684
1688854860000,30161.9,30161.9,30161.8,30161.8,2.981,89912.3462
1688854920000,30161.8,30161.9,30153.5,30153.5,19.566,590035.8924
1688854980000,30153.5,30159.7,30153.5,30158.1,7.382,222613.9834
1688855040000,30158.1,30158.2,30158.1,30158.1,3.27,98617.2744
1688855100000,30158.1,30158.2,30152.1,30152.2,19.695,593926.7732
1688855160000,30152.2,30152.3,30152.2,30152.2,2.908,87682.6314
1688855220000,30152.2,30152.3,30152.2,30152.2,6.503,196079.7983
1688855280000,30152.2,30152.3,30152.2,30152.3,12.207,368067.9636
1688855340000,30152.3,30154.8,30152.2,30154.7,3.111,93807.6224
1688855400000,30154.7,30163.5,30154.7,30163.5,5.95,179457.1285
1688855460000,30163.5,30163.5,30163.4,30163.4,5.729,172806.6332
1688855520000,30163.4,30163.5,30163.4,30163.5,0.244,7359.8729
1688855580000,30163.5,30163.6,30163.4,30163.6,8.463,255273.735
1688855640000,30163.6,30165.1,30163.6,30165,6.25,188524.6065
1688855700000,30165,30165.1,30165,30165.1,2.779,83828.5733
1688855760000,30165.1,30175,30165,30175,10.556,318446.1831
1688855820000,30175,30177,30174.9,30177,3.484,105133.8033
1688855880000,30177,30182,30176.9,30182,6.12,184698.3258
1688855940000,30182,30186.6,30181.9,30186.5,7.881,237890.8499
1688856000000,30186.5,30187,30186.5,30186.9,15.632,471882.9018
1688856060000,30186.9,30187,30186.9,30187,6.399,193166.4447
1688856120000,30187,30187,30186.9,30186.9,5.018,151477.9633
1688856180000,30186.9,30187,30179.9,30180,14.348,433107.2485
1688856240000,30180,30180.7,30179.9,30180.7,3.563,107531.2082
1688856300000,30180.7,30187,30180.7,30187,3.36,101409.7065
1688856360000,30187,30197.4,30186.9,30197.3,89.379,2698771.1157
1688856420000,30197.3,30209.4,30197.3,30209.3,177.515,5361394.6388
1688856480000,30209.3,30209.4,30209.3,30209.3,15.854,478939.3593
1688856540000,30209.3,30209.4,30209.3,30209.4,7.139,215664.6953
1688856600000,30209.4,30209.4,30204.5,30204.6,45.173,1364516.2971
1688856660000,30204.6,30206.7,30204.5,30206.6,16.364,494291.0673
1688856720000,30206.6,30210.6,30206.6,30210.6,16.594,501297.4178
1688856780000,30210.6,30211.4,30210.6,30211.3,16.142,487669.8473
1688856840000,30211.3,30211.6,30211.3,30211.5,2.813,84984.5768
1688856900000,30211.5,30211.6,30211.5,30211.6,1.95,58912.5666
1688856960000,30211.6,30211.6,30211.5,30211.6,2.518,76072.6907
1688857020000,30211.6,30211.6,30211.5,30211.6,7.398,223505.3169
1688857080000,30211.6,30211.6,30211.5,30211.6,1.154,34864.1527
1688857140000,30211.6,30211.6,30211.5,30211.5,3.123,94350.7288
1688857200000,30211.5,30211.6,30211.5,30211.5,7.046,212870.33
1688857260000,30211.5,30218.1,30211.5,30218.1,38.052,1149670.6542
1688857320000,30218.1,30228.6,30218.1,30228.6,44.867,1356010.6096
1688857380000,30228.6,30239.7,30228.5,30234.1,71.956,2175535.166
1688857440000,30234.1,30234.1,30234,30234,11.922,360449.8814
1688857500000,30234,30234.1,30234,30234.1,5.906,178562.2581
1688857560000,30234.1,30234.1,30234,30234,19.869,600720.8957
1688857620000,30234,30234.1,30234,30234,4.181,126408.626
1688857680000,30234,30235.2,30234,30235.1,19.289,583199.3842
1688857740000,30235.1,30235.2,30235.1,30235.1,30.575,924438.3377
1688857800000,30235.1,30235.2,30235.1,30235.1,22.508,680531.9975
1688857860000,30235.1,30235.2,30226,30234.9,19.606,592722.4632
1688857920000,30234.9,30236,30234.9,30236,9.553,288835.7071
1688857980000,30236,30240.9,30235.9,30238.1,33.224,1004695.0927
1688858040000,30238.1,30238.2,30237.9,30237.9,3.378,102143.8661
1688858100000,30237.9,30239.7,30230.8,30230.8,21.332,645023.0955
1688858160000,30230.8,30237,30230.8,30231.9,70.734,2138552.0247
1688858220000,30231.9,30231.9,30231.8,30231.9,1.861,56261.4671
1688858280000,30231.9,30231.9,30231.8,30231.8,3.102,93779.0515
1688858340000,30231.8,30231.9,30231.8,30231.8,2.481,75005.1783
1688858400000,30231.8,30234.6,30231.8,30234.6,11.239,339785.6153
1688858460000,30234.6,30242.1,30234.5,30242,19.38,586048.7527
1688858520000,30242,30242.1,30242,30242,9.496,287178.1119
1688858580000,30242,30242.1,30237.5,30237.5,16.215,490332.8459
1688858640000,30237.5,30237.6,30237.5,30237.5,6.068,183481.1797
1688858700000,30237.5,30241,30237.5,30241,19.516,590147.5366
1688858760000,30241,30241,30240.9,30240.9,16.52,499579.9397
1688858820000,30240.9,30241,30240.9,30241,2.327,70370.6253
1688858880000,30241,30241,30240.9,30241,1.58,47780.6648
1688858940000,30241,30242.1,30240.9,30242.1,7.78,235276.0785
1688859000000,30242.1,30242.1,30242,30242,4.351,131583.1831
1688859060000,30242,30242.1,30238.7,30238.7,15.034,454629.3995
1688859120000,30238.7,30239.1,30238.7,30239,3.764,113819.125
1688859180000,30239,30239.1,30239,30239.1,3.338,100937.9849
1688859240000,30239.1,30239.4,30239.1,30239.4,8.937,270249.2848
1688859300000,30239.4,30248.7,30239.3,30248.7,21.698,656260.7375
1688859360000,30248.7,30248.7,30233.6,30233.6,34.138,1032312.6849
1688859420000,30233.6,30233.7,30233.6,30233.6,16.376,495105.9435
1688859480000,30233.6,30233.7,30233.6,30233.6,8.412,254325.331
1688859540000,30233.6,30233.7,30233.5,30233.5,10.125,306114.9211
1688859600000,30233.5,30233.5,30203.4,30203.4,141.088,4263469.8017
1688859660000,30203.4,30217.9,30203.4,30217.9,27.891,842500.4757
1688859720000,30217.9,30224.7,30217.9,30224.7,5.72,172860.8695
1688859780000,30224.7,30224.7,30220.3,30220.3,15.348,463881.3202
1688859840000,30220.3,30222.1,30220.3,30222.1,3.003,90755.4648
1688859900000,30222.1,30233.6,30222.1,30233.5,4.102,123992.0944
1688859960000,30233.5,30233.9,30233.5,30233.8,7.575,229019.6535
1688860020000,30233.8,30241.6,30230.6,30230.7,37.551,1135540.6359
1688860080000,30230.7,30230.7,30230.6,30230.7,1.083,32739.7958
1688860140000,30230.7,30231.3,30230.7,30231.2,6.156,186101.0977
1688860200000,30231.2,30237.3,30231.2,30231.2,8.619,260587.9251
1688860260000,30231.2,30250,30231.2,30250,78.72,2381065.538
1688860320000,30250,30257,30249.9,30253.1,40.865,1236245.8316
1688860380000,30253.1,30253.2,30253.1,30253.1,5.915,178947.3109
1688860440000,30253.1,30253.6,30253.1,30253.6,20.247,612538.2826
1688860500000,30253.6,30253.6,30238.5,30238.6,21.841,660630.9229
1688860560000,30238.6,30272.5,30238.5,30272.4,193.065,5841822.4457
1688860620000,30272.4,30275,30272.4,30274.9,21.097,638694.0466
1688860680000,30274.9,30275,30274.9,30274.9,12.413,375802.8796
1688860740000,30274.9,30274.9,30271.3,30271.3,27.142,821661.6756
1688860800000,30271.3,30277,30271.3,30277,26.3,796172.5451
1688860860000,30277,30279.9,30276.9,30279.9,17.676,535194.3513
1688860920000,30279.9,30292.6,30279.8,30292.6,171.624,5197798.7014
1688860980000,30292.6,30294,30282.5,30282.5,75.515,2287382.9889
1688861040000,30282.5,30282.6,30255.7,30257.2,192.251,5817745.5013
1688861100000,30257.2,30268,30257.1,30268,28.116,850920.424
1688861160000,30268,30268,30261,30261.1,17.934,542766.2133
1688861220000,30261.1,30261.1,30254.8,30254.8,17.162,519284.0496
1688861280000,30254.8,30254.9,30254.8,30254.9,19.43,587850.8038
1688861340000,30254.9,30258,30254.8,30258,17.651,534063.9663
1688861400000,30258,30258,30246.5,30246.5,23.572,713044.5099
1688861460000,30246.5,30246.6,30246.5,30246.6,13.276,401552.6107
1688861520000,30246.6,30246.6,30246.5,30246.5,2.146,64909.0027
1688861580000,30246.5,30246.6,30246.4,30246.4,11.614,351282.8359
1688861640000,30246.4,30246.5,30246,30246,14.634,442620.7806
1688861700000,30246,30251.8,30246,30251.7,14.473,437772.4973
1688861760000,30251.7,30251.8,30251.7,30251.7,2.382,72059.5939
1688861820000,30251.7,30258,30251.7,30258,17.356,525073.9453
1688861880000,30258,30260,30258,30259.9,25.074,758710.4883
1688861940000,30259.9,30260,30259.9,30259.9,6.377,192967.5918
1688862000000,30259.9,30260,30247.4,30247.4,10.826,327541.1506
1688862060000,30247.4,30247.5,30247.4,30247.5,6.299,190528.5726
1688862120000,30247.5,30252.2,30247.4,30252.1,8.563,259017.6209
1688862180000,30252.1,30252.2,30252.1,30252.2,3.131,94719.4296
1688862240000,30252.2,30252.2,30246.2,30246.2,9.979,301848.9735
1688862300000,30246.2,30246.3,30246.2,30246.2,7.463,225727.4001
1688862360000,30246.2,30246.3,30242,30242,5.549,167829.5534
1688862420000,30242,30242.1,30231.5,30231.5,51.681,1562589.9609
1688862480000,30231.5,30238.8,30231.5,30238.7,8.946,270472.5373
1688862540000,30238.7,30238.8,30238.7,30238.7,10.198,308375.0995
1688862600000,30238.7,30248.1,30238.7,30247.2,24.171,731047.7176
1688862660000,30247.2,30277.1,30247.2,30277.1,98.597,2983138.8233
1688862720000,30277.1,30277.1,30271,30271,25.417,769481.205
1688862780000,30271,30297.9,30270.9,30297.8,105.864,3206070.4131
1688862840000,30297.8,30297.9,30280.4,30297.2,51.515,1560187.3269
1688862900000,30297.2,30305,30282.9,30283,101.121,3063865.8738
1688862960000,30283,30286.6,30282.9,30286.4,7.618,230705.0061
1688863020000,30286.4,30286.5,30272.3,30272.3,34.96,1058550.7196
1688863080000,30272.3,30287.7,30272.3,30287.7,8.621,260997.7178
1688863140000,30287.7,30287.7,30282.1,30282.1,5.673,171801.6483
1688863200000,30282.1,30289,30282.1,30288.9,18.713,566740.4026
1688863260000,30288.9,30289,30288.9,30288.9,5.468,165619.8739
1688863320000,30288.9,30298.6,30288.9,30298.5,31.598,957312.9438
1688863380000,30298.5,30298.6,30298.5,30298.6,4.456,135010.3899
1688863440000,30298.6,30298.6,30288.9,30289,105.167,3186383.6637
1688863500000,30289,30292,30288.9,30291.9,4.459,135065.8995
1688863560000,30291.9,30292,30275,30280.3,62.465,1891896.9901
1688863620000,30280.3,30291,30279.2,30291,35.871,1086288.0491
1688863680000,30291,30297.7,30291,30297.6,11.413,345753.4798
1688863740000,30297.6,30298.6,30297.6,30298.5,12.578,381092.2252
1688863800000,30298.5,30298.6,30298.5,30298.5,6.03,182700.143
1688863860000,30298.5,30298.6,30298.5,30298.5,4.597,139282.3461
1688863920000,30298.5,30332.1,30298.5,30327.6,282.102,8553244.0436
1688863980000,30327.6,30330.9,30326.6,30330.9,65.677,1991892.4741
1688864040000,30330.9,30335.5,30323,30323,64.19,1947016.6238
1688864100000,30323,30328.4,30316.4,30328.4,55.011,1667994.8176
1688864160000,30328.4,30328.4,30316.4,30316.4,42.021,1274265.6643
1688864220000,30316.4,30316.5,30316.4,30316.5,9.079,275242.7245
1688864280000,30316.5,30330,30316.4,30330,39.998,1212823.6632
1688864340000,30330,30330,30321,30321.1,29.45,893075.2152
1688864400000,30321.1,30345,30321,30338.6,85.08,2581192.8544
1688864460000,30338.6,30370,30338.6,30370,194.219,5895542.0665
1688864520000,30370,30372,30351.9,30365.6,105.68,3208896.4033
1688864580000,30365.6,30370,30361.1,30361.1,27.023,820585.7433
1688864640000,30361.1,30361.1,30355.1,30355.1,12.979,393986.4639
1688864700000,30355.1,30355.2,30334,30335.7,92.378,2802823.3591
1688864760000,30335.7,30349,30335.7,30349,28.033,850656.6701
1688864820000,30349,30349,30348.9,30348.9,20.608,625430.3432
1688864880000,30348.9,30357.8,30348.9,30357.7,114.952,3488760.5602
1688864940000,30357.7,30372,30357.7,30370,77.586,2356024.5731
1688865000000,30370,30386.3,30369.3,30369.3,195.84,5949387.4157
1688865060000,30369.3,30385,30363.3,30385,76.179,2313765.51
1688865120000,30385,30389,30384.9,30386,74.591,2266673.7513
1688865180000,30386,30386,30369,30369,56.655,1721325.1325
1688865240000,30369,30372.9,30369,30372.9,20.632,626593.456
1688865300000,30372.9,30388.9,30372.8,30374.1,34.614,1051640.4122
1688865360000,30374.1,30375.1,30350.7,30358.3,129.487,3931487.6687
1688865420000,30358.3,30358.3,30342.4,30349,46.953,1424921.7223
1688865480000,30349,30352,30339.4,30339.4,24.863,754458.4974
1688865540000,30339.4,30339.4,30332.1,30333.3,21.274,645343.1276
1688865600000,30333.3,30343.7,30333.3,30343.6,34.979,1061283.6989
1688865660000,30343.6,30343.7,30343.6,30343.6,7.226,219263.1889
1688865720000,30343.6,30343.7,30335,30338,26.032,789791.3821
1688865780000,30338,30343.7,30338,30343.6,4.657,141306.4625
1688865840000,30343.6,30343.7,30336,30336,20.652,626574.5756
1688865900000,30336,30341.9,30336,30341.9,19.252,584078.4662
1688865960000,30341.9,30342,30336.1,30336.1,24.437,741439.8819
1688866020000,30336.1,30336.2,30336.1,30336.1,6.709,203525.1042
1688866080000,30336.1,30341.4,30336.1,30341.3,3.06,92842.3467
1688866140000,30341.3,30341.4,30335.2,30337.4,21.573,654502.5961
1688866200000,30337.4,30339.4,30330.1,30330.1,35.434,1074869.3474
1688866260000,30330.1,30338,30330.1,30338,8.975,272264.0276
1688866320000,30338,30338,30325,30337.6,53.933,1635915.22
1688866380000,30337.6,30337.6,30337.5,30337.6,5.518,167402.7372
1688866440000,30337.6,30337.6,30337.5,30337.5,5.133,155722.4582
1688866500000,30337.5,30337.6,30325.5,30325.6,56.331,1708827.9616
1688866560000,30325.6,30325.6,30323.3,30324.1,31.622,958934.7029
1688866620000,30324.1,30324.2,30324.1,30324.2,17.915,543256.2657
1688866680000,30324.2,30325,30324.1,30324.9,22.316,676726.6882
1688866740000,30324.9,30325,30283.1,30287.7,228.554,6925930.8742
1688866800000,30287.7,30300.2,30280.3,30300,53.961,1634528.0266
1688866860000,30300,30300,30298.5,30298.5,41.674,1262708.6072
1688866920000,30298.5,30298.6,30295,30295,18.716,567056.1357
1688866980000,30295,30306.1,30284.5,30305.1,51.4,1557122.7869
1688867040000,30305.1,30307.1,30305,30307.1,19.023,576515.3116
1688867100000,30307.1,30310,30298.5,30298.5,13.416,406562.9675
1688867160000,30298.5,30307.4,30298.5,30307.4,12.214,370116.6337
1688867220000,30307.4,30308,30307.3,30308,2.816,85346.0305
1688867280000,30308,30311,30307.9,30311,4.816,145964.131
1688867340000,30311,30311,30310.9,30311,4.878,147856.8686
1688867400000,30311,30324.7,30311,30322,26.521,804040.1793
1688867460000,30322,30323.3,30322,30323.3,17.355,526253.1614
1688867520000,30323.3,30323.3,30323.2,30323.2,7.202,218387.7813
1688867580000,30323.2,30323.3,30323.2,30323.3,2.91,88240.6901
1688867640000,30323.3,30323.3,30323.2,30323.3,7.038,213414.8551
1688867700000,30323.3,30323.3,30323,30323.1,8.986,272484.1702
1688867760000,30323.1,30323.1,30314.6,30314.6,14.355,435234.6145
1688867820000,30314.6,30314.6,30314.5,30314.6,3.204,97127.7102
1688867880000,30314.6,30315,30314.5,30314.9,3.376,102343.0774
1688867940000,30314.9,30315,30314.9,30314.9,21.995,666776.2499
1688868000000,30314.9,30325.8,30314.9,30325.7,16.185,490723.1754
1688868060000,30325.7,30325.8,30325.7,30325.7,3.12,94616.3336
1688868120000,30325.7,30325.8,30325.7,30325.7,2.478,75147.2056
1688868180000,30325.7,30325.9,30325.7,30325.9,11.582,351233.2699
1688868240000,30325.9,30330.2,30325.9,30330.2,29.353,890252.6666
1688868300000,30330.2,30339.2,30326.3,30326.3,133.049,4035982.92
1688868360000,30326.3,30327.9,30326.3,30327.9,6.533,198127.5044
1688868420000,30327.9,30335.3,30327.8,30335.3,10.252,310926.2533
1688868480000,30335.3,30335.6,30330,30330,35.242,1069068.5386
1688868540000,30330,30333.8,30330,30333.8,5.506,167002.5282
1688868600000,30333.8,30339.3,30333.7,30339.2,32.434,983927.286
1688868660000,30339.2,30339.3,30339.2,30339.2,0.535,16231.49
1688868720000,30339.2,30339.3,30338.8,30338.9,13.673,414824.9754
1688868780000,30338.9,30338.9,30338.8,30338.9,2.583,78365.3482
1688868840000,30338.9,30338.9,30338.8,30338.9,6.704,203391.8208
1688868900000,30338.9,30338.9,30338.8,30338.8,5.214,158186.816
1688868960000,30338.8,30338.9,30338.8,30338.9,1.586,48117.4553
1688869020000,30338.9,30350,30338.8,30349.5,49.919,1514733.6816
1688869080000,30349.5,30349.6,30335.9,30336,40.572,1231132.9822
1688869140000,30336,30336,30325.6,30325.6,40.858,1239361.2118
1688869200000,30325.6,30335.8,30325.6,30335.7,15.02,455532.313
1688869260000,30335.7,30340,30335.7,30339.9,4.24,128629.4098
1688869320000,30339.9,30343.1,30339.9,30343,8.769,266074.5397
1688869380000,30343,30343.1,30336.1,30336.1,13.429,407438.1676
1688869440000,30336.1,30336.2,30330,30330,7.96,241466.6228
1688869500000,30330,30330.1,30296.1,30301.2,71.361,2163440.0079
1688869560000,30301.2,30301.5,30286.3,30286.4,213.776,6476121.658
1688869620000,30286.4,30297.4,30286.3,30297.3,17.376,526329.8355
1688869680000,30297.3,30297.4,30295.1,30295.2,43.26,1310622.356
1688869740000,30295.2,30295.2,30295.1,30295.2,9.371,283895.5806
1688869800000,30295.2,30298.6,30295,30295,32.351,980105.1342
1688869860000,30295,30295,30285,30285,31.917,966757.4445
1688869920000,30285,30285.1,30285,30285,12.051,364965.1952
1688869980000,30285,30285.1,30282.1,30282.1,22.544,682737.9416
1688870040000,30282.1,30282.1,30280.4,30281,9.427,285455.7799
1688870100000,30281,30281,30276,30276,17.687,535547.7154
1688870160000,30276,30276.1,30275,30275,13.561,410561.151
1688870220000,30275,30275.1,30275,30275,13.083,396087.8809
1688870280000,30275,30281,30275,30276.7,11.521,348833.6433
1688870340000,30276.7,30276.8,30265,30269.1,122.599,3710995.4202
1688870400000,30269.1,30269.1,30265,30265,4.637,140350.9508
1688870460000,30265,30265.1,30253,30262.6,60.853,1841204.4324
1688870520000,30262.6,30262.7,30262.6,30262.6,8.496,257111.354
1688870580000,30262.6,30263,30262.6,30262.9,3.649,110428.9203
1688870640000,30262.9,30263,30262.9,30262.9,3.534,106949.1323
1688870700000,30262.9,30263,30262.9,30262.9,2.817,85250.7115
1688870760000,30262.9,30265.2,30262.9,30265.2,4.003,121145.7261
1688870820000,30265.2,30280,30265.1,30280,21.858,661794.3374
1688870880000,30280,30280,30279,30279.1,9.116,276028.9079
1688870940000,30279.1,30279.1,30279,30279.1,4.955,150032.7396
1688871000000,30279.1,30279.1,30279,30279,4.055,122781.5021
1688871060000,30279,30279.1,30276.8,30276.9,3.662,110875.5365
1688871120000,30276.9,30277.9,30276.8,30277.9,6.847,207312.0665
1688871180000,30277.9,30277.9,30277.8,30277.8,3.623,109696.5609
1688871240000,30277.8,30289,30275,30284.1,54.23,1642075.2661
1688871300000,30284.1,30294.9,30284,30285.3,35.769,1083497.0971
1688871360000,30285.3,30285.4,30285.3,30285.3,2.728,82618.4941
1688871420000,30285.3,30285.4,30285.3,30285.4,4.669,141402.1194
1688871480000,30285.4,30289,30285.3,30289,6.648,201341.6249
1688871540000,30289,30289,30288.9,30289,2.86,86626.4493
1688871600000,30289,30294.9,30288.9,30294.9,11.255,340947.4113
1688871660000,30294.9,30294.9,30294.8,30294.8,3.587,108667.6502
1688871720000,30294.8,30294.9,30280,30280,51.898,1571704.1765
1688871780000,30280,30280.1,30280,30280,4.464,135169.9263
1688871840000,30280,30280.1,30280,30280,14.493,438848.0674
1688871900000,30280,30286,30280,30286,4.196,127060.4594
1688871960000,30286,30286,30285.9,30286,2.894,87647.6377
1688872020000,30286,30286,30285.9,30286,12.156,368156.5653
1688872080000,30286,30286,30282.3,30282.3,9.953,301431.9061
1688872140000,30282.3,30282.3,30276,30276.1,50.714,1535616.5792
1688872200000,30276.1,30276.1,30276,30276.1,2.249,68090.8175
1688872260000,30276.1,30283.1,30276,30283,2.936,88896.5924
1688872320000,30283,30283.1,30277.8,30278.3,9.209,278860.1343
1688872380000,30278.3,30278.4,30278.3,30278.4,1.457,44115.5273
1688872440000,30278.4,30282.9,30278.3,30282.9,2.816,85269.3328
1688872500000,30282.9,30282.9,30282.8,30282.8,2.54,76918.5118
1688872560000,30282.8,30282.8,30276,30276,6.038,182841.8538
1688872620000,30276,30276.1,30276,30276.1,1.39,42083.7288
1688872680000,30276.1,30276.1,30263.9,30263.9,35.234,1066627.4868
1688872740000,30263.9,30263.9,30255,30260,31.393,949882.0766
1688872800000,30260,30273.2,30260,30273.1,24.01,726738.6483
1688872860000,30273.1,30276.2,30273.1,30273.1,14.973,453300.4127
1688872920000,30273.1,30273.2,30270,30270,5.363,162350.5736
1688872980000,30270,30270.1,30270,30270.1,0.825,24972.7723
1688873040000,30270.1,30270.1,30270,30270,1.42,42983.4127
1688873100000,30270,30270.1,30270,30270.1,0.77,23307.9097
1688873160000,30270.1,30270.1,30270,30270.1,7.866,238104.361
1688873220000,30270.1,30272.8,30270.1,30272.8,16.019,484921.7929
1688873280000,30272.8,30272.8,30272.7,30272.7,1.447,43804.704
1688873340000,30272.7,30272.8,30269.8,30269.8,9.245,279863.9753
1688873400000,30269.8,30269.8,30269,30269.1,10.571,319974.9375
1688873460000,30269.1,30300.2,30269,30300.2,194.599,5893914.0209
1688873520000,30300.2,30301,30300.2,30300.9,27.217,824702.0007
1688873580000,30300.9,30303.1,30300.9,30303.1,20.723,627930.4349
1688873640000,30303.1,30308.8,30303.1,30308.7,13.829,419100.6718
1688873700000,30308.7,30308.8,30308.7,30308.8,7.369,223345.329
1688873760000,30308.8,30308.8,30308.7,30308.7,9.423,285599.2278
1688873820000,30308.7,30308.8,30308.7,30308.8,7.642,231619.8031
1688873880000,30308.8,30308.8,30308.7,30308.8,0.733,22216.3281
1688873940000,30308.8,30308.8,30308.7,30308.7,8.943,271051.4126
1688874000000,30308.7,30308.8,30308.7,30308.8,3.444,104383.2973
1688874060000,30308.8,30308.8,30308.7,30308.7,9.858,298784.0192
1688874120000,30308.7,30308.8,30308.7,30308.8,8.119,246076.3867
1688874180000,30308.8,30308.8,30301.5,30301.5,77.789,2357325.9163
1688874240000,30301.5,30301.6,30301.5,30301.5,14.696,445310.8844
1688874300000,30301.5,30301.6,30301.5,30301.6,5.202,157628.6936
1688874360000,30301.6,30301.6,30301.5,30301.6,2.448,74178.3131
1688874420000,30301.6,30301.6,30301.5,30301.5,1.065,32271.1461
1688874480000,30301.5,30301.6,30301.5,30301.5,3.974,120418.2508
1688874540000,30301.5,30301.6,30301.1,30301.2,2.882,87328.1486
1688874600000,30301.2,30301.2,30299.5,30299.5,5.651,171227.81
1688874660000,30299.5,30299.6,30299.5,30299.6,1.226,37147.2323
1688874720000,30299.6,30299.6,30283.4,30283.5,16.189,490380.9612
1688874780000,30283.5,30283.5,30283.4,30283.5,7.107,215224.6513
1688874840000,30283.5,30283.5,30283.4,30283.5,4.908,148631.2684
1688874900000,30283.5,30283.5,30283.4,30283.4,2.061,62414.1444
1688874960000,30283.4,30283.5,30277,30277.1,4.844,146685.7388
1688875020000,30277.1,30277.1,30276.5,30276.5,6.292,190502.9206
1688875080000,30276.5,30276.6,30275,30275,22.413,678559.0569
1688875140000,30275,30275.2,30275,30275.2,5.776,174868.9813
1688875200000,30275.2,30278,30275.1,30278,3.462,104817.0096
1688875260000,30278,30280,30277.9,30280,5.229,158332.0746
1688875320000,30280,30280,30273.8,30273.9,8.609,260654.4944
1688875380000,30273.9,30273.9,30273.8,30273.8,3.463,104838.1738
1688875440000,30273.8,30275,30273.8,30275,2.211,66935.6245
1688875500000,30275,30275,30274.9,30274.9,0.952,28821.7124
1688875560000,30274.9,30274.9,30270.6,30270.6,16.181,489829.2172
1688875620000,30270.6,30270.7,30269.4,30269.5,3.619,109547.2781
1688875680000,30269.5,30272.3,30269.4,30270.3,19.628,594155.0271
1688875740000,30270.3,30270.3,30268.1,30268.2,2.174,65804.8586
1688875800000,30268.2,30272,30268.1,30272,7.091,214641.4153
1688875860000,30272,30272,30269.3,30269.3,4.6,139248.5231
1688875920000,30269.3,30269.4,30269.3,30269.3,0.66,19977.7392
1688875980000,30269.3,30269.4,30269.3,30269.3,8.995,272273.224
1688876040000,30269.3,30269.5,30269.3,30269.5,2.652,80274.4478
1688876100000,30269.5,30272.5,30269.4,30272.4,4.172,126288.0182
1688876160000,30272.4,30281.9,30272.4,30281.9,43.47,1316281.9818
1688876220000,30281.9,30284.1,30281.8,30284.1,8.642,261701.0112
1688876280000,30284.1,30284.4,30284.1,30284.3,2.619,79314.5883
1688876340000,30284.3,30284.4,30284.3,30284.4,2.004,60689.7978
1688876400000,30284.4,30284.4,30281.8,30281.8,9.109,275857.5122
1688876460000,30281.8,30281.9,30281,30281.1,2.499,75674.1625
1688876520000,30281.1,30281.1,30281,30281,0.824,24951.5792
1688876580000,30281,30281.1,30281,30281.1,0.834,25254.3742
1688876640000,30281.1,30281.1,30281,30281,1.136,34399.2812
1688876700000,30281,30281.1,30281,30281.1,0.913,27646.5664
1688876760000,30281.1,30281.1,30281,30281.1,1.634,49479.1771
1688876820000,30281.1,30281.1,30281,30281,1.847,55929.0189
1688876880000,30281,30281.1,30281,30281.1,2.831,85725.6544
1688876940000,30281.1,30281.1,30281,30281.1,1.584,47965.1752
1688877000000,30281.1,30281.1,30281,30281.1,2.551,77247.0321
1688877060000,30281.1,30281.1,30281,30281.1,1.455,44058.9971
1688877120000,30281.1,30282.5,30281,30282.4,9.372,283798.5348
1688877180000,30282.4,30282.5,30282.4,30282.4,1.107,33522.6528
1688877240000,30282.4,30282.5,30275,30275,8.605,260548.7151
1688877300000,30275,30275.1,30275,30275,1.532,46381.3006
1688877360000,30275,30275,30274,30274,2.268,68662.8985
1688877420000,30274,30274.1,30265,30269.7,15.13,457999.3543
1688877480000,30269.7,30272.1,30269.7,30272.1,2.557,77404.9126
1688877540000,30272.1,30272.1,30272,30272,4.179,126506.7427
1688877600000,30272,30272.1,30271.8,30271.8,1.183,35811.7334
1688877660000,30271.8,30271.9,30271.8,30271.9,1.516,45892.0707
1688877720000,30271.9,30271.9,30270,30270,1.312,39714.9386
1688877780000,30270,30272.5,30270,30272.5,9.264,280424.2191
1688877840000,30272.5,30275.4,30272.5,30275.4,3.701,112041.5242
1688877900000,30275.4,30275.6,30275.4,30275.6,16.827,509445.8505
1688877960000,30275.6,30275.6,30272.1,30272.1,2.722,82405.0217
1688878020000,30272.1,30285,30272.1,30285,16.433,497584.4544
1688878080000,30285,30287,30285,30287,5.544,167905.3424
1688878140000,30287,30287.8,30286.9,30287.8,15.979,483957.3972
1688878200000,30287.8,30287.8,30271.9,30272,5.365,162476.8403
1688878260000,30272,30272.9,30271.9,30272.9,2.778,84095.4088
1688878320000,30272.9,30272.9,30272.8,30272.8,0.75,22704.6381
1688878380000,30272.8,30272.9,30272.8,30272.8,0.277,8385.5778
1688878440000,30272.8,30272.9,30270.1,30270.1,6.096,184539.0387
1688878500000,30270.1,30273.1,30270.1,30273.1,3.618,109525.378
1688878560000,30273.1,30274.5,30273,30274.5,1.858,56249.3388
1688878620000,30274.5,30274.5,30274.4,30274.4,1.731,52404.9886
1688878680000,30274.4,30274.5,30272,30272,3.616,109468.7164
1688878740000,30272,30272.5,30272,30272.2,8.067,244205.3154
1688878800000,30272.2,30272.3,30272.2,30272.3,1.932,58486.0241
1688878860000,30272.3,30272.3,30272.2,30272.3,0.565,17103.8493
1688878920000,30272.3,30278.9,30272.2,30278.9,3.803,115136.3469
1688878980000,30278.9,30278.9,30278.8,30278.9,2.066,62556.1843
1688879040000,30278.9,30278.9,30278.8,30278.9,3.805,115210.9622
1688879100000,30278.9,30279,30278.8,30278.9,12.814,387993.7732
1688879160000,30278.9,30279,30278.9,30279,1.811,54835.1426
1688879220000,30279,30279,30278.9,30279,1.867,56530.8194
1688879280000,30279,30281,30278.9,30281,20.238,612791.0073
1688879340000,30281,30281,30280.9,30280.9,11.668,353317.6722
1688879400000,30280.9,30281,30280.9,30281,1.905,57685.1393
1688879460000,30281,30281,30280.9,30280.9,0.525,15897.4934
1688879520000,30280.9,30291,30280.9,30291,14.071,426147.7317
1688879580000,30291,30291,30290.9,30290.9,2.239,67821.4325
1688879640000,30290.9,30294.3,30290.9,30294.3,9.913,300282.8935
1688879700000,30294.3,30296.4,30294.2,30296.3,6.568,198981.0849
1688879760000,30296.3,30296.4,30290.9,30290.9,35.345,1070682.2099
1688879820000,30290.9,30291,30290.9,30290.9,0.677,20506.975
1688879880000,30290.9,30290.9,30288,30288.1,6.275,190070.6364
1688879940000,30288.1,30288.1,30288,30288,3.219,97497.2364
1688880000000,30288,30288.1,30288,30288,1.914,57971.3301
1688880060000,30288,30288.1,30288,30288,0.592,17930.5399
1688880120000,30288,30288.1,30288,30288,1.029,31166.4274
1688880180000,30288,30288.1,30280,30280,20.482,620277.2723
1688880240000,30280,30280.1,30270,30273.5,48.529,1469120.5869
1688880300000,30273.5,30273.5,30273.4,30273.5,1.239,37508.8166
1688880360000,30273.5,30273.5,30271.5,30271.5,8.056,243879.3186
1688880420000,30271.5,30271.6,30271.5,30271.5,3.707,112216.5793
1688880480000,30271.5,30271.6,30257.3,30266,72.813,2203664.0209
1688880540000,30266,30267.8,30260.1,30267.7,9.347,282881.7008
1688880600000,30267.7,30267.8,30267.6,30267.6,23.476,710564.2098
1688880660000,30267.6,30277,30267.6,30277,8.085,244730.2684
1688880720000,30277,30277,30273.1,30273.2,2.814,85196.4819
1688880780000,30273.2,30273.2,30269.9,30269.9,14.795,447881.0197
1688880840000,30269.9,30270,30269.8,30269.9,15.392,465914.3305
1688880900000,30269.9,30281,30269.8,30281,26.135,791134.3064
1688880960000,30281,30286.9,30281,30286.8,4.318,130765.7365
1688881020000,30286.8,30286.9,30286.8,30286.8,3.427,103793.0852
1688881080000,30286.8,30286.9,30286.8,30286.8,4.919,148981.201
1688881140000,30286.8,30286.9,30282.5,30282.5,1.258,38099.6958
1688881200000,30282.5,30282.5,30275,30282.3,30.326,918169.0966
1688881260000,30282.3,30282.3,30275,30275.1,13.327,403562.6645
1688881320000,30275.1,30275.1,30275,30275.1,0.457,13835.6865
1688881380000,30275.1,30275.1,30265,30265,11.607,351357.344
1688881440000,30265,30265.1,30260,30263.3,35.245,1066580.386
1688881500000,30263.3,30263.4,30263.3,30263.3,5.054,152950.8498
1688881560000,30263.3,30263.4,30260.1,30263.1,8.997,272276.7042
1688881620000,30263.1,30263.1,30262.8,30262.8,2.41,72933.757
1688881680000,30262.8,30262.9,30262.8,30262.8,4.926,149074.5626
1688881740000,30262.8,30262.9,30262.8,30262.8,21.103,638637.8886
1688881800000,30262.8,30262.9,30262.8,30262.8,3.216,97325.374
1688881860000,30262.8,30262.9,30262.8,30262.8,3.521,106555.4603
1688881920000,30262.8,30262.8,30258,30258,15.149,458388.5623
1688881980000,30258,30258.1,30258,30258.1,4.047,122454.233
1688882040000,30258.1,30258.1,30244.4,30246.9,98.099,2967254.2581
1688882100000,30246.9,30255,30246.9,30254.9,45.598,1379441.488
1688882160000,30254.9,30255.1,30254.9,30255,42.597,1288772.3904
1688882220000,30255,30255.1,30255,30255,3.441,104107.5016
1688882280000,30255,30255.1,30255,30255.1,3.898,117934.1884
1688882340000,30255.1,30255.1,30250.4,30250.5,5.282,159793.3852
1688882400000,30250.5,30250.5,30250.4,30250.4,10.626,321440.9605
1688882460000,30250.4,30250.5,30249.5,30249.6,6.369,192661.8196
1688882520000,30249.6,30249.6,30246.8,30249.4,18.914,572115.4147
1688882580000,30249.4,30249.5,30249.4,30249.5,11.321,342454.0954
1688882640000,30249.5,30249.5,30246.8,30246.8,13.559,410124.3228
1688882700000,30246.8,30249.7,30246.8,30249.7,7.254,219420.2045
1688882760000,30249.7,30249.7,30249.6,30249.7,8.05,243509.3929
1688882820000,30249.7,30249.7,30249.6,30249.7,5.907,178684.5921
1688882880000,30249.7,30249.7,30248.9,30249,5.528,167218.8192
1688882940000,30249,30249,30239.1,30240.1,92.43,2795240.3806
1688883000000,30240.1,30245.6,30240,30245.6,9.514,287716.7333
1688883060000,30245.6,30245.6,30245.5,30245.5,6.145,185858.7515
1688883120000,30245.5,30245.6,30245.5,30245.5,2.447,74010.7965
1688883180000,30245.5,30245.6,30245.5,30245.5,6.249,189004.307
1688883240000,30245.5,30250.4,30245.5,30250.3,32.788,991741.2726
1688883300000,30250.3,30250.4,30240,30240,14.564,440481.7452
1688883360000,30240,30240.1,30240,30240,2.938,88845.3102
1688883420000,30240,30240.1,30240,30240,2.307,69763.7203
1688883480000,30240,30240.1,30240,30240,4.288,129669.3412
1688883540000,30240,30240.1,30225.5,30231.3,79.784,2411977.0368
1688883600000,30231.3,30232.1,30231.3,30231.3,11.661,352533.7433
1688883660000,30231.3,30236.3,30231.1,30235.1,36.902,1115715.4354
1688883720000,30235.1,30235.2,30235.1,30235.2,5.035,152234.1877
1688883780000,30235.2,30235.2,30235.1,30235.1,3.713,112263.1409
1688883840000,30235.1,30235.2,30235.1,30235.2,1.971,59593.4105
1688883900000,30235.2,30241.1,30235.1,30241.1,9.041,273388.4641
1688883960000,30241.1,30241.1,30241,30241.1,4.703,142223.7567
1688884020000,30241.1,30241.1,30241,30241.1,3.669,110954.5524
1688884080000,30241.1,30241.1,30241,30241.1,3.29,99493.1948
1688884140000,30241.1,30241.1,30241,30241.1,3.634,109895.9957
1688884200000,30241.1,30241.1,30241,30241,5.017,151719.2165
1688884260000,30241,30241.1,30241,30241.1,3.291,99523.4283
1688884320000,30241.1,30241.1,30240.9,30241,6.436,194630.9229
1688884380000,30241,30241,30230.6,30230.6,43.86,1326217.8019
1688884440000,30230.6,30233.3,30230,30230,8.726,263801.8275
1688884500000,30230,30236,30225.5,30235.9,26.511,801380.6436
1688884560000,30235.9,30236,30235.5,30235.5,6.497,196440.8952
1688884620000,30235.5,30235.6,30235.5,30235.5,2.069,62557.2923
1688884680000,30235.5,30248.3,30235.5,30248.2,52.69,1593167.527
1688884740000,30248.2,30248.3,30245.1,30248.3,3.271,98936.2348
1688884800000,30248.3,30257,30248.2,30257,38.265,1157718.7807
1688884860000,30257,30257,30251.5,30251.5,7.663,231844.4637
1688884920000,30251.5,30251.6,30251.5,30251.6,4.16,125846.6053
1688884980000,30251.6,30251.6,30251.5,30251.6,3.178,96139.4553
1688885040000,30251.6,30251.6,30251.5,30251.5,3.295,99678.8782
1688885100000,30251.5,30251.6,30251.5,30251.6,1.301,39357.3163
1688885160000,30251.6,30251.6,30251.5,30251.6,0.842,25471.8284
1688885220000,30251.6,30251.6,30251.5,30251.6,1.5,45377.3995
1688885280000,30251.6,30251.6,30251.5,30251.6,0.983,29737.3136
1688885340000,30251.6,30259.7,30251.5,30259.3,9.908,299786.5067
1688885400000,30259.3,30259.4,30259.3,30259.4,7.288,220530.3566
1688885460000,30259.4,30259.4,30259,30259.1,6.257,189332.3424
1688885520000,30259.1,30259.1,30252,30252,11.459,346710.5062
1688885580000,30252,30252.1,30252,30252.1,0.748,22628.5482
1688885640000,30252.1,30252.1,30252,30252,2.22,67159.4742
1688885700000,30252,30252,30241.5,30241.5,9.582,289818.4298
1688885760000,30241.5,30241.6,30241.5,30241.6,1.327,40130.504
1688885820000,30241.6,30241.6,30233.2,30233.2,44.154,1335046.5713
1688885880000,30233.2,30249.5,30233.2,30249.5,35.801,1082528.9585
1688885940000,30249.5,30249.5,30249.4,30249.5,4.975,150491.0758
1688886000000,30249.5,30249.5,30249.4,30249.5,16.816,508673.9685
1688886060000,30249.5,30249.5,30249.4,30249.5,5.012,151610.0527
1688886120000,30249.5,30249.5,30246.2,30246.2,4.813,145584.5135
1688886180000,30246.2,30246.2,30225.6,30225.7,72.252,2184661.1806
1688886240000,30225.7,30226,30225.6,30226,19.967,603516.7612
1688886300000,30226,30229.5,30225.9,30229.4,17.136,517983.7301
1688886360000,30229.4,30252.4,30229.4,30252.4,33.599,1016071.0091
1688886420000,30252.4,30264,30252.3,30263.9,34.138,1032914.07
1688886480000,30263.9,30264,30263.9,30263.9,7.007,212059.8318
1688886540000,30263.9,30264,30263.9,30264,6.87,207913.5999
1688886600000,30264,30273.9,30263.9,30273.9,32.084,971176.4095
1688886660000,30273.9,30273.9,30272.5,30272.5,23.895,723374.1209
1688886720000,30272.5,30272.6,30262.7,30262.8,28.348,857986.3871
1688886780000,30262.8,30271,30262.7,30271,13.407,405803.6597
1688886840000,30271,30274,30271,30274,4.628,140104.1025
1688886900000,30274,30274.2,30274,30274.1,26.853,812951.3875
1688886960000,30274.1,30275,30274.1,30275,16.19,490141.551
1688887020000,30275,30275,30274.9,30274.9,1.227,37147.3266
1688887080000,30274.9,30275,30274.6,30274.6,12.667,383489.7229
1688887140000,30274.6,30274.7,30274.6,30274.7,3.771,114165.5349
1688887200000,30274.7,30274.7,30274.1,30274.1,4.784,144832.0182
1688887260000,30274.1,30274.2,30274.1,30274.2,3.034,91851.7772
1688887320000,30274.2,30274.2,30271.2,30271.2,8.255,249902.7284
1688887380000,30271.2,30271.3,30270,30270,3.41,103223.6479
1688887440000,30270,30270,30261.4,30261.5,11.678,353466.4519
1688887500000,30261.5,30261.5,30261.4,30261.4,0.401,12134.8315
1688887560000,30261.4,30261.5,30261.4,30261.5,1.573,47601.2786
1688887620000,30261.5,30261.5,30260,30260.1,2.7,81705.4377
1688887680000,30260.1,30260.1,30258.5,30258.5,4.04,122245.8347
1688887740000,30258.5,30258.6,30251.8,30251.9,42.001,1270717.8948
1688887800000,30251.9,30258.4,30251.8,30258.3,45.726,1383314.2749
1688887860000,30258.3,30258.4,30251.5,30251.6,40.886,1236970.5301
1688887920000,30251.6,30251.6,30244,30244,10.602,320682.0731
1688887980000,30244,30247.5,30244,30247.5,11.652,352407.9781
1688888040000,30247.5,30247.5,30244.1,30244.1,3.364,101746.8243
1688888100000,30244.1,30244.2,30244,30244.1,2.493,75398.3289
1688888160000,30244.1,30244.1,30244,30244.1,1.392,42099.6694
1688888220000,30244.1,30244.1,30244,30244.1,1.61,48692.8728
1688888280000,30244.1,30244.1,30244,30244.1,2.536,76698.9176
1688888340000,30244.1,30244.1,30242.6,30242.7,2.382,72039.8426
1688888400000,30242.7,30242.7,30242.6,30242.7,1.631,49325.7479
1688888460000,30242.7,30242.7,30231.1,30231.1,22.187,670894.7063
1688888520000,30231.1,30231.2,30231.1,30231.2,2.714,82047.3326
1688888580000,30231.2,30232,30231.1,30232,11.758,355463.7366
1688888640000,30232,30241,30231.9,30241,22.909,692600.5048
1688888700000,30241,30242,30241,30241.5,3.69,111591.4832
1688888760000,30241.5,30241.6,30241.5,30241.5,2.575,77871.9917
1688888820000,30241.5,30241.6,30241.5,30241.5,0.723,21864.6454
1688888880000,30241.5,30241.6,30241.5,30241.6,0.537,16239.7014
1688888940000,30241.6,30241.6,30241.5,30241.6,2.371,71702.8011
1688889000000,30241.6,30241.6,30241.5,30241.6,1.397,42247.4985
1688889060000,30241.6,30247,30241.6,30247,17.693,535118.8437
1688889120000,30247,30247,30246.9,30247,4.128,124859.3564
1688889180000,30247,30247,30246.9,30247,1.728,52266.8139
1688889240000,30247,30247,30246.9,30246.9,2.024,61219.8689
1688889300000,30246.9,30247,30246.9,30247,3.265,98756.4446
1688889360000,30247,30253,30246.9,30252.7,26.731,808577.9925
1688889420000,30252.7,30253,30252.6,30252.9,6.723,203389.1082
1688889480000,30252.9,30253.8,30252.9,30253.7,4.503,136231.7357
1688889540000,30253.7,30253.8,30253.7,30253.8,13.143,397625.6211
1688889600000,30253.8,30254.3,30253.8,30254.3,20.497,620114.4772
1688889660000,30254.3,30264.3,30254.2,30263.4,20.482,619733.7112
1688889720000,30263.4,30263.4,30258.5,30260.8,66.18,2002560.3191
1688889780000,30260.8,30262.6,30260.8,30262.5,4.524,136904.6618
1688889840000,30262.5,30267.4,30262.5,30267.4,9.021,273005.9306
1688889900000,30267.4,30267.4,30267.3,30267.3,7.438,225128.5573
1688889960000,30267.3,30272.5,30267.3,30272.4,14.03,424681.1799
1688890020000,30272.4,30273.9,30272.4,30273.9,6.926,209669.2265
1688890080000,30273.9,30275,30273.8,30274.9,12.456,377104.3795
1688890140000,30274.9,30275,30274.9,30274.9,5.49,166209.5714
1688890200000,30274.9,30279.9,30274.9,30279.8,7.375,223298.438
1688890260000,30279.8,30280,30276.8,30280,25.695,778005.5866
1688890320000,30280,30280,30279.9,30280,11.275,341406.38
1688890380000,30280,30282,30279.9,30282,17.25,522333.8924
1688890440000,30282,30283.4,30281.9,30283.4,16.806,508923.4558
1688890500000,30283.4,30283.4,30283.3,30283.3,3.232,97875.8166
1688890560000,30283.3,30283.4,30283.3,30283.4,6.864,207865.1175
1688890620000,30283.4,30283.4,30283.3,30283.3,7.351,222612.9198
1688890680000,30283.3,30283.4,30280,30280.1,26.812,811932.5885
1688890740000,30280.1,30280.1,30280,30280,3.721,112672.052
1688890800000,30280,30280.1,30280,30280,7.49,226797.7608
1688890860000,30280,30280.1,30280,30280,2.379,72036.1588
1688890920000,30280,30280.1,30280,30280.1,1.408,42634.3316
1688890980000,30280.1,30280.1,30276.8,30276.9,11.877,359626.1292
1688891040000,30276.9,30276.9,30276.8,30276.8,3.228,97733.6092
1688891100000,30276.8,30276.9,30271.1,30271.1,14.802,448103.2234
1688891160000,30271.1,30271.2,30271.1,30271.2,2.33,70531.7724
1688891220000,30271.2,30271.2,30271.1,30271.2,4.277,129469.7528
1688891280000,30271.2,30271.2,30271.1,30271.2,5.498,166431.0144
1688891340000,30271.2,30274,30271.1,30273.9,7.24,219165.694
1688891400000,30273.9,30274,30273.9,30273.9,1.488,45047.6063
1688891460000,30273.9,30274,30273.9,30273.9,1.463,44290.7865
1688891520000,30273.9,30274,30273.9,30274,1.848,55946.2114
1688891580000,30274,30274,30270.8,30270.9,5.807,175786.7081
1688891640000,30270.9,30278.9,30270.8,30278.9,21.095,638607.8466
1688891700000,30278.9,30278.9,30278.8,30278.9,1.828,55349.8133
1688891760000,30278.9,30278.9,30278.8,30278.8,8.05,243745.1174
1688891820000,30278.8,30280,30278.8,30280,4.156,125842.1334
1688891880000,30280,30281.4,30279.9,30281.4,7.75,234676.8572
1688891940000,30281.4,30281.5,30281.3,30281.5,4.403,133329.0518
1688892000000,30281.5,30298,30281.5,30293.3,90.312,2735729.6385
1688892060000,30293.3,30293.4,30289.5,30289.5,8.994,272439.4938
1688892120000,30289.5,30289.6,30280.1,30280.1,13.064,395686.0679
1688892180000,30280.1,30280.2,30280.1,30280.1,3.424,103679.241
1688892240000,30280.1,30280.2,30280,30280,5.396,163391.3123
1688892300000,30280,30280.1,30280,30280.1,7.705,233308.1213
1688892360000,30280.1,30280.1,30280,30280.1,25.119,760603.3746
1688892420000,30280.1,30282.9,30276.1,30282.9,83.584,2531030.8911
1688892480000,30282.9,30287.9,30282.8,30287.8,6.014,182133.4221
1688892540000,30287.8,30287.9,30287.8,30287.8,8.55,258961.2827
1688892600000,30287.8,30287.9,30287.8,30287.8,3.618,109581.338
1688892660000,30287.8,30287.9,30287.8,30287.9,3.517,106522.228
1688892720000,30287.9,30287.9,30287.8,30287.9,4.019,121726.9709
1688892780000,30287.9,30287.9,30285.8,30285.8,3.259,98702.7218
1688892840000,30285.8,30285.9,30284,30284,7.45,225623.6629
1688892900000,30284,30284.1,30284,30284.1,0.876,26528.8185
1688892960000,30284.1,30288.6,30284,30288.5,7.086,214615.9945
1688893020000,30288.5,30288.6,30288.5,30288.5,3.131,94833.567
1688893080000,30288.5,30288.6,30288.5,30288.6,1.062,32166.4603
1688893140000,30288.6,30291.2,30288.5,30291.2,12.037,364594.2471
1688893200000,30291.2,30291.2,30289.3,30289.3,8.558,259226.6551
1688893260000,30289.3,30289.4,30288,30288,7.085,214598.8986
1688893320000,30288,30288.1,30288,30288,4.692,142111.3608
1688893380000,30288,30288.1,30288,30288.1,6.34,192026.3678
1688893440000,30288.1,30288.1,30287.9,30287.9,2.974,90076.5718
1688893500000,30287.9,30288,30282.3,30282.4,3.073,93070.2237
1688893560000,30282.4,30282.4,30275.4,30275.4,13.963,422771.0645
1688893620000,30275.4,30275.5,30275.4,30275.4,3.662,110868.553
1688893680000,30275.4,30275.5,30275.4,30275.4,1.484,44928.7707
1688893740000,30275.4,30275.5,30275.4,30275.4,4.467,135240.2241
1688893800000,30275.4,30275.5,30270,30270.1,10.839,328126.0869
1688893860000,30270.1,30270.1,30255.9,30256,25.303,765694.3834
1688893920000,30256,30261.1,30254,30260,16.772,507456.1241
1688893980000,30260,30260,30257,30257.1,18.478,559092.9059
1688894040000,30257.1,30260,30257,30260,7.615,230412.2724
1688894100000,30260,30263.6,30259.9,30263.6,3.957,119749.8038
1688894160000,30263.6,30263.6,30263.5,30263.5,5.189,157037.6177
1688894220000,30263.5,30263.6,30263.5,30263.6,0.415,12559.3724
1688894280000,30263.6,30263.6,30263.5,30263.6,4.447,134581.9147
1688894340000,30263.6,30263.6,30263.5,30263.5,4.119,124655.6783
1688894400000,30263.5,30270.4,30263.5,30270.3,18.935,573140.1034
1688894460000,30270.3,30270.4,30270.3,30270.3,2.195,66443.3796
1688894520000,30270.3,30270.4,30270.3,30270.4,2.016,61025.1001
1688894580000,30270.4,30270.4,30270.3,30270.4,3.066,92808.8212
1688894640000,30270.4,30270.4,30270.3,30270.4,3.262,98741.8445
1688894700000,30270.4,30270.4,30270.3,30270.3,5.834,176597.0033
1688894760000,30270.3,30270.4,30270.3,30270.3,0.491,14862.7503
1688894820000,30270.3,30270.4,30270.3,30270.4,3.624,109699.8663
1688894880000,30270.4,30282.5,30270.3,30280.4,43.32,1311680.5295
1688894940000,30280.4,30280.5,30280.4,30280.4,7.597,230040.7929
1688895000000,30280.4,30280.5,30280.4,30280.5,5.729,173476.5122
1688895060000,30280.5,30280.5,30280.4,30280.5,3.417,103468.2687
1688895120000,30280.5,30280.5,30270,30270,57.701,1747037.8503
1688895180000,30270,30270,30234.9,30234.9,133.699,4044541.3449
1688895240000,30234.9,30242.9,30234.9,30242.9,22.448,678756.8355
1688895300000,30242.9,30242.9,30242.8,30242.8,3.606,109055.7065
1688895360000,30242.8,30254,30242.8,30254,21.08,637670.5604
1688895420000,30254,30254,30253.9,30253.9,6.746,204093.146
1688895480000,30253.9,30254,30253.9,30254,1.601,48436.5404
1688895540000,30254,30257.3,30253.9,30257.3,19.689,595699.4596
1688895600000,30257.3,30257.3,30257.2,30257.3,0.6,18154.3681
1688895660000,30257.3,30257.3,30257.2,30257.2,5.802,175552.4821
1688895720000,30257.2,30257.3,30257.2,30257.2,0.845,25567.3856
1688895780000,30257.2,30257.3,30257.2,30257.3,0.845,25567.3654
1688895840000,30257.3,30257.3,30257.2,30257.3,2.666,80665.721
1688895900000,30257.3,30257.3,30257.2,30257.2,4.263,128986.6244
1688895960000,30257.2,30257.3,30257.2,30257.3,1.687,51043.9793
1688896020000,30257.3,30257.3,30257.2,30257.3,5.054,152920.0295
1688896080000,30257.3,30260.8,30257.2,30260.7,7.641,231197.9354
1688896140000,30260.7,30263.6,30260.7,30263.6,21.353,646194.3287
1688896200000,30263.6,30263.6,30263.5,30263.6,1.173,35499.16
1688896260000,30263.6,30263.6,30263.5,30263.6,1.609,48694.0069
1688896320000,30263.6,30266.7,30263.5,30266.7,16.038,485406.9169
1688896380000,30266.7,30266.7,30266.6,30266.7,2.465,74607.3904
1688896440000,30266.7,30266.7,30266.6,30266.7,0.972,29419.1621
1688896500000,30266.7,30266.7,30266.6,30266.6,0.926,28026.9504
1688896560000,30266.6,30266.9,30266.6,30266.9,6.002,181661.0963
1688896620000,30266.9,30267.8,30266.8,30267.7,5.058,153091.2385
1688896680000,30267.7,30267.8,30267.7,30267.7,1.522,46067.5435
1688896740000,30267.7,30267.8,30267.7,30267.7,1.287,38954.5376
1688896800000,30267.7,30268.1,30267.7,30268.1,1.391,42102.5806
1688896860000,30268.1,30270,30268.1,30270,9.231,279415.2533
1688896920000,30270,30272.4,30269.9,30272.4,1.323,40048.5766
1688896980000,30272.4,30273.7,30272.3,30273.6,1.605,48588.4242
1688897040000,30273.6,30273.7,30273.6,30273.6,1.601,48468.1197
1688897100000,30273.6,30273.7,30270.5,30270.5,9.507,287810.6635
1688897160000,30270.5,30274.6,30270.5,30274.5,22.839,691413.2331
1688897220000,30274.5,30274.6,30274.5,30274.6,1.216,36813.8931
1688897280000,30274.6,30274.6,30267.6,30268,11.154,337641.3566
1688897340000,30268,30271.1,30268,30271,11.201,339048.8084
1688897400000,30271,30271.1,30271,30271.1,3.99,120781.3214
1688897460000,30271.1,30271.1,30271,30271,5.314,160860.2448
1688897520000,30271,30271.1,30271,30271,3.398,102861.1582
1688897580000,30271,30271.1,30271,30271,1.881,56939.8913
1688897640000,30271,30271.1,30258.2,30258.2,22.89,692783.1309
1688897700000,30258.2,30258.2,30252,30252,9.187,277952.6189
1688897760000,30252,30252.1,30252,30252,4.663,141065.3125
1688897820000,30252,30252.1,30252,30252,3.436,103945.9601
1688897880000,30252,30252.1,30252,30252.1,5.837,176581.0162
1688897940000,30252.1,30252.1,30250,30250,3.909,118253.2839
1688898000000,30250,30250.1,30250,30250,3.544,107206.0236
1688898060000,30250,30250.1,30250,30250.1,2.593,78438.3998
1688898120000,30250.1,30253.6,30250,30253.5,7.234,218841.4502
1688898180000,30253.5,30254.1,30253.5,30254,3.506,106070.3375
1688898240000,30254,30254.1,30254,30254.1,4.946,149636.4315
1688898300000,30254.1,30254.1,30254,30254.1,0.349,10558.6805
1688898360000,30254.1,30254.1,30254,30254.1,0.729,22055.2369
1688898420000,30254.1,30254.1,30254,30254,0.336,10165.3441
1688898480000,30254,30255.4,30254,30255.4,19.979,604445.6125
1688898540000,30255.4,30256.8,30255.3,30256.8,4.773,144411.9591
1688898600000,30256.8,30257.7,30256.8,30257.6,1.743,52739.1127
1688898660000,30257.6,30263,30257.6,30263,3.219,97405.6133
1688898720000,30263,30265.5,30263,30265.4,4.909,148569.6328
1688898780000,30265.4,30271,30265.4,30271,7.115,215347.1042
1688898840000,30271,30283.5,30270.9,30279,12.823,388260.327
1688898900000,30279,30279.1,30270,30270.1,11.238,340241.4123
1688898960000,30270.1,30274.7,30270,30274.6,6.593,199574.5213
1688899020000,30274.6,30274.7,30274.6,30274.7,1.025,31031.5393
1688899080000,30274.7,30274.7,30266.1,30266.2,7.141,216159.8458
1688899140000,30266.2,30266.2,30266.1,30266.1,0.281,8504.7962
1688899200000,30266.1,30284.1,30266.1,30284.1,55.045,1666487.7037
1688899260000,30284.1,30284.1,30284,30284.1,4.582,138761.6151
1688899320000,30284.1,30284.1,30278.1,30278.1,29.696,899291.622
1688899380000,30278.1,30282.5,30278.1,30281.4,32.42,981717.578
1688899440000,30281.4,30282.8,30281.3,30282.8,3.603,109106.9165
1688899500000,30282.8,30282.8,30277,30277.1,12.913,390996.6779
1688899560000,30277.1,30277.1,30277,30277,2.391,72392.367
1688899620000,30277,30277.1,30277,30277,1.717,51985.6296
1688899680000,30277,30277.1,30271.5,30271.5,4.568,138296.4031
1688899740000,30271.5,30271.6,30267.3,30267.3,4.481,135638.816
1688899800000,30267.3,30267.4,30261.9,30261.9,6.973,211021.0931
1688899860000,30261.9,30262,30261.9,30261.9,3.022,91451.6776
1688899920000,30261.9,30262.4,30261.9,30262.4,8.694,263098.9231
1688899980000,30262.4,30262.4,30262.3,30262.4,2.254,68211.3363
1688900040000,30262.4,30266.8,30262.3,30266.7,8.049,243609.2877
1688900100000,30266.7,30266.8,30266.7,30266.7,2.983,90285.5756
1688900160000,30266.7,30266.8,30266.7,30266.8,1.855,56144.865
1688900220000,30266.8,30266.8,30262,30262,18.429,557775.0491
1688900280000,30262,30262.1,30262,30262.1,0.239,7232.6234
1688900340000,30262.1,30262.1,30254,30254,22.272,673935.7278
1688900400000,30254,30254.1,30248.8,30248.8,19.646,594315.9011
1688900460000,30248.8,30248.9,30248.8,30248.8,3.173,95979.572
1688900520000,30248.8,30248.9,30248.8,30248.8,2.751,83214.6626
1688900580000,30248.8,30248.9,30246.1,30246.2,6.043,182789.7107
1688900640000,30246.2,30246.2,30244.4,30244.5,5.333,161296.0431
1688900700000,30244.5,30244.5,30244.4,30244.4,17.901,541406.6715
1688900760000,30244.4,30244.5,30238,30238.1,8.316,251484.2789
1688900820000,30238.1,30238.1,30229.4,30229.4,73.59,2224771.871
1688900880000,30229.4,30236.7,30229.4,30236.7,28.65,866181.7066
1688900940000,30236.7,30236.7,30230,30230,15.924,481423.8491
1688901000000,30230,30230,30229.9,30229.9,16.095,486551.2518
1688901060000,30229.9,30230,30229.9,30230,2.21,66808.1958
1688901120000,30230,30230,30229.9,30229.9,16.16,488516.514
1688901180000,30229.9,30230,30229.9,30230,1.429,43198.5733
1688901240000,30230,30230,30229.9,30229.9,27.691,837097.9717
1688901300000,30229.9,30230,30229.9,30230,9.774,295467.841
1688901360000,30230,30235.1,30229.9,30235.1,12.203,368940.1725
1688901420000,30235.1,30250,30235.1,30250,25.264,763995.5749
1688901480000,30250,30250,30249.9,30250,3.947,119396.5207
1688901540000,30250,30256.1,30250,30256,10.845,328100.7686
1688901600000,30256,30256.1,30256,30256.1,8.209,248372.1017
1688901660000,30256.1,30256.1,30256,30256.1,5.024,152006.6408
1688901720000,30256.1,30256.1,30256,30256.1,2.917,88257.0414
1688901780000,30256.1,30256.1,30256,30256.1,1.549,46866.6942
1688901840000,30256.1,30256.1,30256,30256,1.835,55519.9166
1688901900000,30256,30256.1,30256,30256.1,1.088,32918.5895
1688901960000,30256.1,30256.1,30256,30256.1,3.524,106622.4514
1688902020000,30256.1,30256.1,30256,30256.1,4.342,131371.9483
1688902080000,30256.1,30256.1,30256,30256.1,2.958,89497.3412
1688902140000,30256.1,30259.9,30256,30259.9,16.281,492613.9869
1688902200000,30259.9,30259.9,30259.8,30259.9,2.716,82185.741
1688902260000,30259.9,30259.9,30259.8,30259.9,1.827,55284.7323
1688902320000,30259.9,30259.9,30259.8,30259.9,1.246,37703.8305
1688902380000,30259.9,30259.9,30259.8,30259.9,1.784,53983.6452
1688902440000,30259.9,30259.9,30259.8,30259.8,1.54,46600.1391
1688902500000,30259.8,30259.9,30259.8,30259.9,1.537,46509.3649
1688902560000,30259.9,30259.9,30259.8,30259.8,2.188,66208.5473
1688902620000,30259.8,30259.9,30259.8,30259.8,3.717,112475.7009
1688902680000,30259.8,30259.9,30250.5,30250.5,14.353,434292.8966
1688902740000,30250.5,30250.6,30250.5,30250.6,2.12,64131.0638
1688902800000,30250.6,30250.6,30250.5,30250.5,1.795,54299.6521
1688902860000,30250.5,30250.6,30250.5,30250.5,3.237,97920.8696
1688902920000,30250.5,30256,30250.5,30255.9,8.591,259883.8508
1688902980000,30255.9,30261.4,30255.9,30261.4,19.951,603727.6954
1688903040000,30261.4,30268.3,30261.3,30268.3,10.987,332509.5251
1688903100000,30268.3,30268.3,30268.2,30268.2,6.467,195744.8974
1688903160000,30268.2,30275,30268.2,30275,8.405,254435.6338
1688903220000,30275,30275,30272,30272,8.709,263649.0653
1688903280000,30272,30272.1,30268,30268.1,22.461,679892.5747
1688903340000,30268.1,30268.1,30265.1,30265.2,5.032,152306.2337
1688903400000,30265.2,30265.2,30265.1,30265.2,2.431,73574.5079
1688903460000,30265.2,30265.2,30265.1,30265.1,4.254,128748.1383
1688903520000,30265.1,30265.1,30253.3,30253.4,6.655,201362.0692
1688903580000,30253.4,30253.4,30252.2,30252.2,6.35,192104.8778
1688903640000,30252.2,30252.3,30251.7,30251.7,11.598,350862.7865
1688903700000,30251.7,30251.8,30251,30251,8.56,258951.6448
1688903760000,30251,30259.7,30251,30259.7,17.296,523285.5395
1688903820000,30259.7,30260.1,30259.6,30260.1,32.341,978629.3036
1688903880000,30260.1,30260.1,30260,30260.1,1.798,54407.5981
1688903940000,30260.1,30260.1,30260,30260,0.577,17460.0653
1688904000000,30260,30260.9,30260,30260.9,6.734,203774.9016
1688904060000,30260.9,30261,30260.8,30260.9,15.836,479211.5751
1688904120000,30260.9,30261,30260.9,30260.9,2.493,75440.6113
1688904180000,30260.9,30261,30260.9,30260.9,2.831,85668.6948
1688904240000,30260.9,30261,30260.9,30261,4.613,139593.7874
1688904300000,30261,30261,30260.9,30260.9,2.118,64092.6332
1688904360000,30260.9,30261,30260.9,30260.9,0.459,13889.7607
1688904420000,30260.9,30261,30260.9,30260.9,2.068,62579.6841
1688904480000,30260.9,30261,30260.8,30260.8,49.008,1483023.6622
1688904540000,30260.8,30260.9,30260.8,30260.9,2.077,62851.8106
1688904600000,30260.9,30260.9,30260.8,30260.8,1.48,44786.0595
1688904660000,30260.8,30260.9,30252,30252,11.874,359302.0397
1688904720000,30252,30252.1,30248.2,30248.2,12.269,371141.9742
1688904780000,30248.2,30248.3,30238.8,30238.8,24.156,730490.3653
1688904840000,30238.8,30238.9,30238.8,30238.8,5.932,179376.7824
1688904900000,30238.8,30243.7,30238.8,30243.6,14.945,451929.8557
1688904960000,30243.6,30245,30243.6,30244.9,4.434,134103.3077
1688905020000,30244.9,30246,30244.9,30245.9,3.639,110061.625
1688905080000,30245.9,30246,30245.9,30245.9,0.751,22714.7124
1688905140000,30245.9,30249,30245.9,30249,6.042,182755.7943
1688905200000,30249,30251.7,30248.9,30251.7,14.344,433904.2264
1688905260000,30251.7,30251.7,30250.5,30250.5,21.721,657079.2235
1688905320000,30250.5,30251.7,30250.5,30251.6,1.778,53786.0461
1688905380000,30251.6,30251.7,30250.1,30250.2,26.604,804812.6281
1688905440000,30250.2,30267.3,30250.1,30267.2,82.077,2483165.5504
1688905500000,30267.2,30268.5,30267.2,30268.5,25.236,763852.4557
1688905560000,30268.5,30269.9,30265,30265,28.511,863004.9429
1688905620000,30265,30270.9,30263.8,30270.9,15.155,458683.3207
1688905680000,30270.9,30271.5,30266.6,30266.6,25.171,761950.9646
1688905740000,30266.6,30271.5,30266.6,30271.5,5.543,167789.4086
1688905800000,30271.5,30273,30271.4,30273,5.357,162171.6497
1688905860000,30273,30308.3,30272.9,30308.2,144.963,4391432.9089
1688905920000,30308.2,30317.3,30305.5,30305.5,186.979,5667595.8989
1688905980000,30305.5,30325,30300,30322.9,89.378,2709488.502
1688906040000,30322.9,30323,30299.2,30299.2,68.907,2088586.5828
1688906100000,30299.2,30308.9,30291,30291,32.349,980182.4286
1688906160000,30291,30291.9,30285.7,30290.6,48.497,1469010.9346
1688906220000,30290.6,30290.6,30279.6,30284.3,24.114,730236.3994
1688906280000,30284.3,30314.5,30284.3,30314.5,35.144,1065006.82
1688906340000,30314.5,30314.5,30308.5,30308.5,31.483,954291.1285
1688906400000,30308.5,30308.6,30291.5,30291.6,14.094,427007.9754
1688906460000,30291.6,30299.7,30291.5,30291.8,22.17,671699.6372
1688906520000,30291.8,30291.8,30285.4,30285.5,38.987,1180762.7645
1688906580000,30285.5,30291.4,30285.5,30290.2,3.016,91355.6224
1688906640000,30290.2,30290.3,30289.1,30289.1,2.914,88264.6982
1688906700000,30289.1,30300,30289.1,30300,31.585,956903.1128
1688906760000,30300,30300,30292.6,30297.4,32.623,988288.3617
1688906820000,30297.4,30300,30297.3,30299.9,19.804,600028.0076
1688906880000,30299.9,30300,30299.9,30300,9.492,287607.464
1688906940000,30300,30300,30292.8,30300,13.683,414549.5503
1688907000000,30300,30305,30300,30305,24.042,728581.5897
1688907060000,30305,30329.5,30304.9,30327.5,149.428,4530525.5833
1688907120000,30327.5,30337,30323.1,30323.1,98.695,2993274.1861
1688907180000,30323.1,30330,30320,30329.9,32.53,986398.541
1688907240000,30329.9,30334,30319.5,30319.6,39.139,1186990.3217
1688907300000,30319.6,30327,30312.5,30312.5,36.066,1093483.5439
1688907360000,30312.5,30313.9,30312.5,30313.9,22.949,695665.0299
1688907420000,30313.9,30313.9,30313.8,30313.8,6.247,189370.5404
1688907480000,30313.8,30313.9,30313.8,30313.9,2.244,68024.3391
1688907540000,30313.9,30319.9,30313.8,30319.8,10.179,308585.9374
1688907600000,30319.8,30332.4,30319.8,30332.4,34.769,1054475.9015
1688907660000,30332.4,30335,30332.3,30333.6,31.535,956602.9454
1688907720000,30333.6,30333.6,30319.9,30319.9,35.159,1066198.059
1688907780000,30319.9,30319.9,30312.5,30312.5,29.684,899859.9096
1688907840000,30312.5,30312.6,30310,30310,6.006,182045.9235
1688907900000,30310,30318.9,30310,30318.9,19.99,605997.9779
1688907960000,30318.9,30337.9,30318.9,30337.9,80.775,2450172.6999
1688908020000,30337.9,30337.9,30337.8,30337.8,26.187,794457.4974
1688908080000,30337.8,30339.9,30337.8,30339.9,28.413,862022.2365
1688908140000,30339.9,30341.1,30339.8,30340,97.964,2972250.6006
1688908200000,30340,30340.1,30336.2,30336.4,63.838,1936703.4745
1688908260000,30336.4,30336.4,30326.5,30326.6,53.604,1625847.9229
1688908320000,30326.6,30326.6,30320,30320,55.6,1686061.5522
1688908380000,30320,30320.1,30315,30315,11.317,343114.0638
1688908440000,30315,30315.1,30315,30315,4.251,128869.3087
1688908500000,30315,30315.1,30315,30315,4.071,123412.5658
1688908560000,30315,30315.1,30298.9,30298.9,45.196,1369645.598
1688908620000,30298.9,30300,30295.7,30296.1,29.391,890444.1933
1688908680000,30296.1,30296.2,30295.8,30295.8,68.812,2084721.8764
1688908740000,30295.8,30300.2,30295.8,30300.1,14.696,445272.6139
1688908800000,30300.1,30300.2,30300.1,30300.1,2.069,62690.9922
1688908860000,30300.1,30300.2,30300,30300,5.149,156015.0784
1688908920000,30300,30300.1,30300,30300,3.199,96929.9263
1688908980000,30300,30300.1,30299.5,30299.5,8.144,246762.5842
1688909040000,30299.5,30299.5,30290.2,30290.2,8.905,269784.6418
1688909100000,30290.2,30298.4,30289,30298.3,17.953,543800.7102
1688909160000,30298.3,30300.1,30298.3,30300.1,113.73,3445962.0341
1688909220000,30300.1,30300.1,30298.9,30299,22.024,667313.4305
1688909280000,30299,30300.8,30294.1,30300.7,22.988,696486.4417
1688909340000,30300.7,30301,30300.7,30300.9,11.046,334703.3263
1688909400000,30300.9,30301,30300.9,30300.9,4.297,130203.1345
1688909460000,30300.9,30301,30296.4,30300.6,54.398,1648156.462
1688909520000,30300.6,30300.6,30292.2,30292.2,4.478,135664.3406
1688909580000,30292.2,30295.2,30289.6,30295.2,31.116,942519.066
1688909640000,30295.2,30296,30289.7,30294.4,5.006,151656.1914
1688909700000,30294.4,30294.5,30289,30289,7.175,217358.5152
1688909760000,30289,30289.1,30281.2,30284.9,15.483,468915.9342
1688909820000,30284.9,30284.9,30280.4,30284.6,10.369,314001.9273
1688909880000,30284.6,30289.3,30284.3,30289,10.194,308750.1389
1688909940000,30289,30289.1,30287.3,30287.3,3.763,113975.6734
1688910000000,30287.3,30287.4,30287,30287,6.173,186963.6387
1688910060000,30287,30287,30278.4,30278.4,31.212,945155.3838
1688910120000,30278.4,30278.5,30277,30278.4,19.321,585006.1106
1688910180000,30278.4,30297.5,30278.4,30287.7,83.202,2520064.0306
1688910240000,30287.7,30293.4,30287.7,30287.9,47.833,1448972.6324
1688910300000,30287.9,30287.9,30284.5,30284.6,3.894,117938.804
1688910360000,30284.6,30284.6,30282,30282.1,7.831,237144.301
1688910420000,30282.1,30285.8,30282,30282.7,11.198,339107.6249
1688910480000,30282.7,30282.8,30279.7,30282.8,10.624,321716.9377
1688910540000,30282.8,30285.8,30273.1,30285.2,82.993,2513137.2551
1688910600000,30285.2,30285.3,30276,30276.1,3.108,94115.2751
1688910660000,30276.1,30276.1,30267.1,30269,31.886,965241.5702
1688910720000,30269,30271.2,30268.9,30271.2,8.593,260116.8134
1688910780000,30271.2,30271.2,30251,30251.1,92.376,2795232.7862
1688910840000,30251.1,30251.1,30245,30245.1,58.217,1760997.8366
1688910900000,30245.1,30250,30245.1,30250,41.66,1260059.7682
1688910960000,30250,30250,30243.3,30248.2,39.112,1183022.232
1688911020000,30248.2,30248.2,30248.1,30248.1,6.692,202420.8154
1688911080000,30248.1,30250.6,30248.1,30250.6,53.24,1610437.0554
1688911140000,30250.6,30251.3,30250.5,30251.3,29.895,904343.2324
1688911200000,30251.3,30251.3,30231.8,30231.8,130.878,3958161.6826
1688911260000,30231.8,30252,30231.8,30233.8,177.25,5359220.7652
1688911320000,30233.8,30233.8,30207.7,30221.1,400.185,12093485.0474
1688911380000,30221.1,30233.3,30221,30225.4,93.52,2826858.1249
1688911440000,30225.4,30235,30222,30234.9,53.482,1616419.3227
1688911500000,30234.9,30235,30224.4,30230,14.715,444797.7489
1688911560000,30230,30230,30229.9,30229.9,36.755,1111102.0366
1688911620000,30229.9,30230,30217.4,30223.7,123.586,3735230.6797
1688911680000,30223.7,30223.8,30201,30203.6,231.221,6985469.8534
1688911740000,30203.6,30203.7,30170,30187.5,600.783,18135800.9694
1688911800000,30187.5,30206.7,30180,30206.6,208.991,6308508.1949
1688911860000,30206.6,30206.7,30190,30190.1,112.645,3401505.2717
1688911920000,30190.1,30200,30190,30200,55.672,1681024.0096
1688911980000,30200,30212,30199.9,30207.5,83.179,2512493.9018
1688912040000,30207.5,30207.5,30200,30200.1,26.89,812215.5113
1688912100000,30200.1,30207.5,30200,30200.1,70.153,2118693.2191
1688912160000,30200.1,30200.1,30195,30195,24.808,749113.1762
1688912220000,30195,30195.1,30190,30190.1,31.262,943830.8359
1688912280000,30190.1,30209.8,30185.6,30209.8,75.547,2280860.2842
1688912340000,30209.8,30213.5,30209.6,30213.5,28.71,867325.8317
1688912400000,30213.5,30221.5,30209,30209.1,52.906,1598728.5031
1688912460000,30209.1,30209.1,30200,30200.1,33.989,1026569.4267
1688912520000,30200.1,30206.1,30200,30206.1,83.169,2511736.6472
1688912580000,30206.1,30210,30206,30210,18.682,564335.397
1688912640000,30210,30229.9,30209.9,30229.8,79.328,2397352.0426
1688912700000,30229.8,30236.8,30229.8,30233.1,70.833,2141580.8964
1688912760000,30233.1,30233.1,30225.1,30225.2,59.286,1792238.663
1688912820000,30225.2,30225.2,30225.1,30225.2,6.32,191022.8496
1688912880000,30225.2,30225.2,30225.1,30225.2,12.921,390539.2427
1688912940000,30225.2,30225.2,30225.1,30225.1,21.366,645790.7289
1688913000000,30225.1,30237.1,30225.1,30237.1,53.247,1609804.153
1688913060000,30237.1,30240.9,30237,30240.9,14.665,443455.366
1688913120000,30240.9,30245.8,30240.8,30245.8,29.238,884284.9834
1688913180000,30245.8,30255.2,30245.7,30255.1,66.617,2015098.195
1688913240000,30255.1,30285,30255.1,30285,139.041,4209039.6967
1688913300000,30285,30383,30284.9,30374,860.556,26118177.9658
1688913360000,30374,30451,30358.7,30410.1,1307.331,39758671.1457
1688913420000,30410.1,30417.3,30376.4,30390.1,348.321,10587214.6895
1688913480000,30390.1,30395.5,30333.3,30336.5,265.078,8046871.3818
1688913540000,30336.5,30367.1,30332.3,30359.5,136.592,4145840.1559
1688913600000,30359.5,30385,30351.9,30351.9,235.619,7154507.4355
1688913660000,30351.9,30352,30320,30320,121.356,3681160.1563
1688913720000,30320,30320,30284.2,30304.3,234.047,7092325.6735
1688913780000,30304.3,30335.6,30304.2,30323,110.921,3363221.9511
1688913840000,30323,30328.8,30308.5,30308.6,79.395,2407504.5273
1688913900000,30308.6,30350.2,30308.5,30340.8,119.723,3631934.4672
1688913960000,30340.8,30342.3,30328.9,30335.8,29.434,892901.4219
1688914020000,30335.8,30335.9,30330.6,30332.7,12.975,393563.0666
1688914080000,30332.7,30332.8,30328.4,30328.4,10.696,324403.0804
1688914140000,30328.4,30328.5,30306.6,30306.6,28.404,861191.9174
1688914200000,30306.6,30306.7,30266.1,30277.9,158.646,4805273.0863
1688914260000,30277.9,30316.1,30271,30316,240.104,7275264.8776
1688914320000,30316,30330.3,30312,30328.5,156.17,4734803.0306
1688914380000,30328.5,30328.5,30324,30324,22.606,685584.5939
1688914440000,30324,30324.1,30320.1,30320.1,31.282,948543.6998
1688914500000,30320.1,30320.1,30319.6,30319.6,29.182,884789.0217
1688914560000,30319.6,30352.2,30319.6,30348.3,153.878,4668110.6656
1688914620000,30348.3,30348.4,30330.9,30330.9,62.165,1886142.5502
1688914680000,30330.9,30331,30330.9,30330.9,10.431,316381.9903
1688914740000,30330.9,30340.9,30327.1,30327.1,230.282,6985807.7202
1688914800000,30327.1,30331.1,30327.1,30331.1,28.093,851991.4998
1688914860000,30331.1,30331.1,30325.2,30325.2,8.612,261185.2506
1688914920000,30325.2,30325.2,30324.5,30324.5,7.696,233377.9616
1688914980000,30324.5,30324.6,30315,30315,46.37,1405906.945
1688915040000,30315,30345.5,30315,30345.5,54.101,1640623.2018
1688915100000,30345.5,30370,30345.4,30369.9,159.462,4840625.902
1688915160000,30369.9,30374.1,30366.5,30366.6,54.726,1662065.855
1688915220000,30366.6,30366.6,30352.5,30354.5,64.023,1943735.0874
1688915280000,30354.5,30354.6,30349.9,30350,15.884,482117.0509
1688915340000,30350,30350.1,30336,30341.1,124.676,3782876.7969
1688915400000,30341.1,30344.1,30333.7,30336,90.131,2734565.6446
1688915460000,30336,30337,30335.9,30337,15.723,476976.6233
1688915520000,30337,30337,30308.5,30308.9,70.354,2133085.3506
1688915580000,30308.9,30309,30308.2,30308.2,42.468,1287151.7622
1688915640000,30308.2,30308.2,30281.9,30297.5,171.071,5182891.0856
1688915700000,30297.5,30297.5,30257.7,30264.6,152.166,4605971.8756
1688915760000,30264.6,30278.6,30262.2,30270.1,94.911,2872966.6215
1688915820000,30270.1,30275.9,30260.1,30265.6,78.943,2389661.9238
1688915880000,30265.6,30285.6,30265.6,30285.5,46.043,1394302.0162
1688915940000,30285.5,30299.7,30285.5,30299.7,22.051,667963.754
1688916000000,30299.7,30330.5,30299.7,30325.5,177.688,5386385.1004
1688916060000,30325.5,30339.4,30325.5,30328.7,121.939,3698674.9436
1688916120000,30328.7,30346.7,30328.4,30346.7,63.633,1930620.4607
1688916180000,30346.7,30346.7,30336.9,30344.3,56.658,1719012.4426
1688916240000,30344.3,30370.1,30344.3,30350,171.516,5207278.9501
1688916300000,30350,30354.1,30339.1,30339.1,46.953,1424906.83
1688916360000,30339.1,30355,30339.1,30345.2,27.832,844548.362
1688916420000,30345.2,30345.2,30333,30333,13.049,395856.1917
1688916480000,30333,30333.1,30330.7,30330.7,4.934,149656.0927
1688916540000,30330.7,30336.8,30330.7,30336,18.305,555277.9129
1688916600000,30336,30336.7,30336,30336.7,13.867,420673.4577
1688916660000,30336.7,30347,30336.6,30347,22.907,695021.2862
1688916720000,30347,30347,30337.1,30339.3,15.301,464257.4698
1688916780000,30339.3,30339.3,30330,30330,37,1122354.123
1688916840000,30330,30330.1,30327,30327.1,8.536,258891.5758
1688916900000,30327.1,30329.7,30322.8,30329.6,17.445,529033.0962
1688916960000,30329.6,30340.2,30329.6,30340.1,22.996,697614.1376
1688917020000,30340.1,30340.2,30340.1,30340.1,21.306,646426.5461
1688917080000,30340.1,30340.2,30327,30327,36.252,1099819.7386
1688917140000,30327,30327.1,30324,30324,3.227,97861.6524
1688917200000,30324,30348,30324,30348,81.674,2477897.4327
1688917260000,30348,30348,30345,30345.4,48.644,1476128.9814
1688917320000,30345.4,30345.4,30338.4,30338.5,24.963,757411.4048
1688917380000,30338.5,30350.3,30338.4,30350,17.778,539500.2678
1688917440000,30350,30350.1,30346.7,30346.7,8.078,245155.5172
1688917500000,30346.7,30357.7,30338.4,30357.6,58.984,1790215.6847
1688917560000,30357.6,30357.7,30350.3,30355.6,90.241,2739391.5358
1688917620000,30355.6,30355.6,30330.3,30332.6,25.32,768175.4123
1688917680000,30332.6,30332.6,30330.8,30330.8,1.861,56448.7343
1688917740000,30330.8,30330.8,30329.1,30329.2,6.54,198357.7186
1688917800000,30329.2,30329.2,30329,30329.1,2.112,64055.067
1688917860000,30329.1,30329.1,30326.2,30328,22.12,670831.3644
1688917920000,30328,30328,30327.2,30327.2,3.565,108118.1974
1688917980000,30327.2,30327.3,30321.8,30321.9,10.586,321023.2481
1688918040000,30321.9,30321.9,30321.1,30321.1,8.063,244483.8812
1688918100000,30321.1,30330.3,30317.3,30330.2,34.741,1053327.3937
1688918160000,30330.2,30332.7,30330.2,30332.7,3.793,115047.0562
1688918220000,30332.7,30344.2,30332.6,30344.2,21.477,651513.865
1688918280000,30344.2,30344.2,30330.6,30330.7,14.585,442505.8396
1688918340000,30330.7,30335.1,30330.6,30335.1,3.168,96088.7395
1688918400000,30335.1,30335.1,30335,30335.1,4.962,150522.4709
1688918460000,30335.1,30335.1,30324,30324.1,12.13,367863.9243
1688918520000,30324.1,30330.9,30320,30320,28.509,864429.0292
1688918580000,30320,30320.1,30320,30320,3.93,119157.6192
1688918640000,30320,30320.1,30315.4,30317.5,11.707,354930.0574
1688918700000,30317.5,30317.6,30311.9,30313.4,24.541,743916.044
1688918760000,30313.4,30313.5,30311.9,30312,8.329,252479.0816
1688918820000,30312,30317.4,30308,30317.3,34.788,1054433.4628
1688918880000,30317.3,30317.4,30316.5,30316.5,2.445,74125.3138
1688918940000,30316.5,30316.6,30308.2,30308.3,28.38,860200.0738
1688919000000,30308.3,30314.8,30308.2,30314.7,5.453,165278.0393
1688919060000,30314.7,30314.7,30301.2,30301.2,57.119,1730961.8446
1688919120000,30301.2,30303.1,30301.2,30301.3,11.25,340907.0105
1688919180000,30301.3,30301.3,30295,30295.1,22.975,696120.2435
1688919240000,30295.1,30295.1,30294.8,30294.8,21.09,638921.4515
1688919300000,30294.8,30294.8,30291,30291,20.689,626706.3834
1688919360000,30291,30298.5,30291,30298.5,42.347,1282787.1909
1688919420000,30298.5,30298.5,30289.3,30289.4,23.251,704312.1281
1688919480000,30289.4,30289.4,30287.5,30287.6,13.885,420557.1614
1688919540000,30287.6,30287.6,30286.5,30286.6,8.651,262013.0357
1688919600000,30286.6,30286.6,30284.1,30284.1,14.136,428113.012
1688919660000,30284.1,30286.7,30275,30285.7,172.129,5212011.1997
1688919720000,30285.7,30285.7,30279.6,30285.4,8.727,264282.5586
1688919780000,30285.4,30285.5,30280.8,30280.8,7.873,238425.8982
1688919840000,30280.8,30283.5,30280.2,30283.5,3.843,116369.3608
1688919900000,30283.5,30283.5,30280.9,30281,19.564,592461.2745
1688919960000,30281,30281,30276.3,30277,33.904,1026615.4159
1688920020000,30277,30292,30276.9,30280.5,13.352,404341.8617
1688920080000,30280.5,30283.5,30277,30283.5,9.293,281413.8862
1688920140000,30283.5,30283.5,30278.2,30278.8,7.309,221326.6488
1688920200000,30278.8,30290,30278.8,30288.7,17.39,526694.3682
1688920260000,30288.7,30299.3,30288.7,30299.2,24.539,743417.3278
1688920320000,30299.2,30299.3,30289,30289.1,6.315,191303.25
1688920380000,30289.1,30289.1,30289,30289.1,2.885,87384.016
1688920440000,30289.1,30289.1,30289,30289,3.028,91715.384
1688920500000,30289,30299.6,30281.6,30299.6,23.36,707470.0413
1688920560000,30299.6,30299.6,30291,30291,9.733,294901.0021
1688920620000,30291,30300,30291,30300,14.285,432828.9401
1688920680000,30300,30300,30295,30295.1,11.14,337532.4064
1688920740000,30295.1,30300,30293,30299.9,13.824,418835.6169
1688920800000,30299.9,30300,30298.9,30299,1.531,46388.0161
1688920860000,30299,30299,30295,30295.1,2.478,75077.4647
1688920920000,30295.1,30295.1,30290.9,30290.9,3.672,111233.4745
1688920980000,30290.9,30291,30290.1,30290.1,4.996,151333.6393
1688921040000,30290.1,30290.1,30290,30290.1,10.86,328949.4116
1688921100000,30290.1,30290.1,30284.2,30284.2,4.778,144714.5913
1688921160000,30284.2,30284.2,30275.2,30275.2,10.371,314028.9896
1688921220000,30275.2,30279.2,30275.2,30279.2,18.875,571450.7913
1688921280000,30279.2,30279.2,30279.1,30279.2,3.015,91291.6104
1688921340000,30279.2,30290.1,30279.2,30290,25.927,785288.2223
1688921400000,30290,30290,30277.5,30277.5,24.498,741849.6066
1688921460000,30277.5,30277.5,30276.4,30276.5,6.41,194072.6827
1688921520000,30276.5,30276.5,30275.6,30275.6,32.696,989919.7302
1688921580000,30275.6,30276,30275.6,30275.9,9.915,300185.2857
1688921640000,30275.9,30276,30275.9,30275.9,15.749,476815.9031
1688921700000,30275.9,30276,30275.9,30275.9,0.709,21465.628
1688921760000,30275.9,30276,30270.4,30270.4,11.074,335251.8351
1688921820000,30270.4,30270.5,30270.4,30270.4,5.662,171391.4488
1688921880000,30270.4,30270.5,30257.5,30270.4,92.727,2806135.0484
1688921940000,30270.4,30274,30270.3,30274,3.93,118968.9194
1688922000000,30274,30274,30256.8,30257.6,80.973,2450329.7327
1688922060000,30257.6,30259.9,30242.5,30250.1,139.447,4218756.1634
1688922120000,30250.1,30255.1,30250.1,30255,99.243,3002415.3841
1688922180000,30255,30255.6,30255,30255.6,13.648,412927.1766
1688922240000,30255.6,30274.5,30255.5,30268.1,26.734,809097.3759
1688922300000,30268.1,30268.1,30268,30268.1,5.239,158574.1464
1688922360000,30268.1,30268.1,30268,30268,0.917,27755.8232
1688922420000,30268,30268.1,30268,30268.1,2.105,63714.244
1688922480000,30268.1,30268.1,30260.6,30260.7,16.797,508333.8648
1688922540000,30260.7,30260.7,30260.6,30260.7,2.968,89813.5815
1688922600000,30260.7,30260.7,30248.9,30248.9,48.221,1458913.9344
1688922660000,30248.9,30268.1,30243.7,30268.1,24.702,747393.5103
1688922720000,30268.1,30268.1,30254.9,30254.9,7.725,233761.2493
1688922780000,30254.9,30255,30254.9,30254.9,17.32,524016.2047
1688922840000,30254.9,30263.8,30254.9,30263.8,3.371,102000.405
1688922900000,30263.8,30273.6,30263.7,30273.6,33.242,1006290.5895
1688922960000,30273.6,30273.6,30273,30273,5.711,172891.0021
1688923020000,30273,30273,30272.9,30273,2.739,82917.6898
1688923080000,30273,30273,30255.8,30255.8,38.926,1178048.3544
1688923140000,30255.8,30269.2,30248.8,30248.8,94.427,2857463.0793
1688923200000,30248.8,30251.9,30248.8,30251.9,12.141,367259.9688
1688923260000,30251.9,30265.3,30251.9,30265.3,40.021,1211096.9054
1688923320000,30265.3,30265.3,30256.9,30257,15.805,478302.5585
1688923380000,30257,30257,30256.9,30256.9,5.941,179756.5874
1688923440000,30256.9,30259.3,30256.9,30259.3,95.801,2898794.5446
1688923500000,30259.3,30265,30259.2,30265,5.735,173539.1502
1688923560000,30265,30266.2,30250,30250.1,77.946,2358600.8006
1688923620000,30250.1,30254.7,30250,30254.7,17.843,539800.6525
1688923680000,30254.7,30255.3,30254.6,30255.3,4.15,125558.6895
1688923740000,30255.3,30255.3,30246.9,30247,62.681,1896093.8033
1688923800000,30247,30257.6,30246.9,30257.5,22.933,693713.1374
1688923860000,30257.5,30257.6,30254.2,30254.3,3.839,116152.5435
1688923920000,30254.3,30259,30254.2,30259,5.415,163835.9355
1688923980000,30259,30259,30258.9,30258.9,2.026,61304.6256
1688924040000,30258.9,30259,30258.9,30259,1.882,56947.4051
1688924100000,30259,30266.5,30258.9,30266.5,17.272,522689.1753
1688924160000,30266.5,30269.2,30265,30265,66.303,2006708.7501
1688924220000,30265,30265.1,30256.4,30256.5,52.98,1603367.7599
1688924280000,30256.5,30256.5,30256.4,30256.5,3.681,111374.121
1688924340000,30256.5,30256.5,30256.4,30256.4,0.893,27019.0326
1688924400000,30256.4,30262.5,30256.4,30262.5,4.523,136852.3695
1688924460000,30262.5,30262.8,30262.5,30262.8,0.539,16311.6443
1688924520000,30262.8,30262.8,30262.7,30262.8,1.26,38131.0812
1688924580000,30262.8,30262.8,30262.7,30262.8,1.683,50932.2893
1688924640000,30262.8,30262.8,30256.5,30256.6,15.447,467461.6884
1688924700000,30256.6,30256.6,30256.5,30256.6,1.154,34916.0446
1688924760000,30256.6,30256.6,30256.5,30256.6,1.665,50377.1491
1688924820000,30256.6,30259.4,30256.6,30259.4,1.627,49229.3169
1688924880000,30259.4,30266.7,30257.5,30265.5,80.573,2438006.7341
1688924940000,30265.5,30265.5,30258.7,30258.7,7.959,240874.0233
1688925000000,30258.7,30259.6,30258.7,30259.6,3.198,96768.0999
1688925060000,30259.6,30275,30259.6,30275,17.936,542914.5119
1688925120000,30275,30275,30272,30274.8,12.945,391879.7538
1688925180000,30274.8,30274.8,30274.7,30274.8,3.93,118979.8726
1688925240000,30274.8,30276,30274.7,30276,17.045,516037.9077
1688925300000,30276,30285.5,30275.9,30281.4,29.725,900080.8934
1688925360000,30281.4,30281.5,30281.4,30281.4,3.554,107620.1601
1688925420000,30281.4,30281.5,30281.4,30281.5,2.975,90087.3641
1688925480000,30281.5,30281.5,30278.6,30278.6,30.714,930057.4248
1688925540000,30278.6,30278.7,30278.6,30278.7,5.141,155662.7273
1688925600000,30278.7,30278.7,30278.6,30278.6,3.721,112666.9217
1688925660000,30278.6,30278.7,30278.6,30278.7,4.723,143006.0214
1688925720000,30278.7,30281.3,30278.6,30281.3,13.762,416700.1789
1688925780000,30281.3,30288.1,30281.3,30288.1,34.953,1058583.3868
1688925840000,30288.1,30290,30288,30290,13.343,404143.8967
1688925900000,30290,30290,30280,30280,12.674,383807.675
1688925960000,30280,30280.1,30280,30280,4.534,137289.8468
1688926020000,30280,30280.1,30280,30280,0.926,28039.3143
1688926080000,30280,30288.7,30280,30288.7,53.393,1616892.2328
1688926140000,30288.7,30288.7,30288.6,30288.6,1.378,41737.8121
1688926200000,30288.6,30290,30288.6,30289.9,2.974,90081.3332
1688926260000,30289.9,30290,30289.9,30289.9,3.8,115101.8336
1688926320000,30289.9,30290,30278.6,30278.7,37.061,1122313.606
1688926380000,30278.7,30278.7,30271,30271,4.79,145013.3916
1688926440000,30271,30271.1,30268,30268,12.961,392331.5163
1688926500000,30268,30268.1,30268,30268,28.701,868721.9478
1688926560000,30268,30268,30267.8,30267.8,11.564,350017.8586
1688926620000,30267.8,30267.8,30262.7,30262.7,5.266,159370.8791
1688926680000,30262.7,30262.8,30260.9,30260.9,10.117,306167.8003
1688926740000,30260.9,30260.9,30256.3,30256.3,13.315,402868.3648
1688926800000,30256.3,30256.4,30251,30251.1,39.862,1205994.9742
1688926860000,30251.1,30251.1,30251,30251,43.714,1322396.0729
1688926920000,30251,30259.4,30251,30251,72.371,2189366.5303
1688926980000,30251,30251.1,30251,30251,9.351,282877.5226
1688927040000,30251,30251.1,30251,30251,7.553,228485.8649
1688927100000,30251,30251.1,30251,30251.1,4.337,131198.8347
1688927160000,30251.1,30251.1,30251,30251.1,6.817,206221.1338
1688927220000,30251.1,30251.1,30251,30251,6.871,207854.6321
1688927280000,30251,30251.1,30251,30251.1,2.516,76111.5499
1688927340000,30251.1,30251.1,30251,30251,9.116,275768.8043
1688927400000,30251,30251.1,30251,30251.1,1.215,36754.9833
1688927460000,30251.1,30251.1,30251,30251.1,0.384,11616.4058
1688927520000,30251.1,30251.1,30251,30251,5.659,171190.873
1688927580000,30251,30251.1,30251,30251.1,0.903,27316.7205
1688927640000,30251.1,30251.1,30251,30251,2.009,60774.3738
1688927700000,30251,30260.6,30251,30260.6,62.933,1903843.3505
1688927760000,30260.6,30261.8,30260.5,30261.8,2.221,67209.9963
1688927820000,30261.8,30261.8,30261.7,30261.7,0.508,15372.9773
1688927880000,30261.7,30261.8,30261.7,30261.7,2.052,62097.0873
1688927940000,30261.7,30261.8,30250,30250.2,10.039,303719.3298
1688928000000,30250.2,30255.8,30250.2,30255.8,0.83,25111.3521
1688928060000,30255.8,30264.8,30255.7,30264.7,7.612,230347.5526
1688928120000,30264.7,30264.8,30264.7,30264.8,2.816,85225.6107
1688928180000,30264.8,30264.8,30260.3,30260.3,2.134,64584.3195
1688928240000,30260.3,30260.3,30260.1,30260.2,2.183,66057.9686
1688928300000,30260.2,30264.7,30260.1,30264.6,5.17,156459.6794
1688928360000,30264.6,30264.7,30260.1,30260.1,1.51,45698.549
1688928420000,30260.1,30260.1,30257.7,30257.7,1.005,30411.3172
1688928480000,30257.7,30257.7,30257.6,30257.6,0.743,22481.4044
1688928540000,30257.6,30257.7,30257.6,30257.6,5.64,170653.4195
1688928600000,30257.6,30257.7,30257.6,30257.6,1.135,34342.3793
1688928660000,30257.6,30257.6,30250,30250,33.773,1021709.6829
1688928720000,30250,30250.1,30250,30250.1,5.68,171820.5136
1688928780000,30250.1,30250.1,30250,30250,14.87,449817.8031
1688928840000,30250,30250.1,30250,30250,0.767,23201.7776
1688928900000,30250,30253,30250,30253,4.317,130597.8316
1688928960000,30253,30253,30252.9,30252.9,19.772,598160.5356
1688929020000,30252.9,30255.4,30250,30250.1,69.721,2109290.736
1688929080000,30250.1,30250.1,30250,30250,2.206,66731.5724
1688929140000,30250,30250.1,30250,30250,7.191,217528.0335
1688929200000,30250,30250.1,30235.5,30237.9,80.396,2431384.7056
1688929260000,30237.9,30239.5,30223.4,30228.2,149.451,4518364.422
1688929320000,30228.2,30233.3,30228,30229.3,19.31,583729.4453
1688929380000,30229.3,30232,30193,30207.1,350.506,10587491.3313
1688929440000,30207.1,30208.4,30207.1,30208.4,31.235,943558.0076
1688929500000,30208.4,30216,30208.3,30216,20.731,626355.0095
1688929560000,30216,30216,30215,30215,23.261,702845.3195
1688929620000,30215,30215.1,30214.4,30214.4,23.778,718441.2641
1688929680000,30214.4,30225.1,30214.4,30214.8,51.296,1550223.6096
1688929740000,30214.8,30214.9,30200,30200.1,27.954,844321.541
1688929800000,30200.1,30200.1,30200,30200,18.523,559394.8316
1688929860000,30200,30200.1,30198.7,30198.7,55.088,1663660.8415
1688929920000,30198.7,30213.5,30190.3,30212.1,67.715,2045017.4982
1688929980000,30212.1,30212.2,30212.1,30212.2,4.401,132963.8523
1688930040000,30212.2,30212.2,30204.6,30204.7,15.862,479167.284
1688930100000,30204.7,30213.7,30200.3,30213.7,14.184,428419.693
1688930160000,30213.7,30219,30213.7,30219,5.692,172002.3679
1688930220000,30219,30220.2,30218.9,30220.2,8.647,261308.887
1688930280000,30220.2,30227.3,30220.1,30227.3,13.69,413739.2988
1688930340000,30227.3,30229.2,30227.2,30229.2,4.268,129015.5251
1688930400000,30229.2,30229.2,30229.1,30229.2,10.326,312146.6573
1688930460000,30229.2,30229.2,30229.1,30229.2,6.618,200056.5729
1688930520000,30229.2,30229.2,30229.1,30229.1,1.292,39056.0931
1688930580000,30229.1,30229.2,30229.1,30229.2,1.253,37877.1351
1688930640000,30229.2,30229.2,30229.1,30229.2,0.74,22369.5853
1688930700000,30229.2,30229.2,30229.1,30229.1,17.139,518098.2343
1688930760000,30229.1,30235.5,30229.1,30235.4,42.813,1294280.4868
1688930820000,30235.4,30237.4,30235.4,30237.4,7.634,230825.5724
1688930880000,30237.4,30238,30237.3,30237.9,2.961,89533.2018
1688930940000,30237.9,30248,30237.9,30246,33.45,1011695.1702
1688931000000,30246,30246,30239.8,30239.8,6.716,203123.7302
1688931060000,30239.8,30239.9,30237.5,30237.5,4.692,141877.9685
1688931120000,30237.5,30237.6,30237.5,30237.6,2.215,66976.1536
1688931180000,30237.6,30237.6,30237.5,30237.5,0.819,24764.533
1688931240000,30237.5,30237.6,30237.5,30237.5,0.123,3719.2173
1688931300000,30237.5,30237.6,30235,30235.1,4.126,124757.111
1688931360000,30235.1,30235.1,30235,30235,5.49,165990.1708
1688931420000,30235,30235.1,30235,30235,16.034,484788.0463
1688931480000,30235,30235.1,30233.1,30233.1,3.507,106029.7039
1688931540000,30233.1,30233.2,30233.1,30233.2,4.58,138467.9643
1688931600000,30233.2,30233.2,30233.1,30233.2,1.763,53300.9948
1688931660000,30233.2,30250.1,30233.1,30250,14.153,427973.862
1688931720000,30250,30250.1,30250,30250.1,10.504,317746.9878
1688931780000,30250.1,30250.1,30246.2,30246.2,6.311,190904.3334
1688931840000,30246.2,30249.2,30246.2,30249.2,34.058,1030146.8154
1688931900000,30249.2,30249.2,30249.1,30249.1,10.412,314954.0678
1688931960000,30249.1,30249.2,30246.2,30246.3,16.437,497194.4496
1688932020000,30246.3,30246.3,30244.7,30244.8,11.041,333947.258
1688932080000,30244.8,30244.8,30240,30240.1,6.215,187954.2842
1688932140000,30240.1,30240.1,30238,30238.1,2.443,73873.0993
1688932200000,30238.1,30238.1,30238,30238,1.604,48501.7643
1688932260000,30238,30238.1,30238,30238,16.834,509028.113
1688932320000,30238,30238.1,30238,30238.1,0.599,18112.5926
1688932380000,30238.1,30238.7,30238.1,30238.6,2.019,61051.4394
1688932440000,30238.6,30238.7,30238.6,30238.7,4.386,132626.5735
1688932500000,30238.7,30238.7,30238.6,30238.7,1.465,44299.5756
1688932560000,30238.7,30238.7,30238.6,30238.6,3.237,97882.5806
1688932620000,30238.6,30238.7,30234.1,30234.2,29.541,893276.5866
1688932680000,30234.2,30234.2,30233.3,30233.4,13.305,402258.4187
1688932740000,30233.4,30233.4,30232.6,30232.6,5.347,161655.3214
1688932800000,30232.6,30232.7,30220.8,30220.8,105.717,3195329.5498
1688932860000,30220.8,30220.9,30218.7,30218.8,19.65,593827.045
1688932920000,30218.8,30220.9,30218.7,30220.8,14.949,451744.9
1688932980000,30220.8,30224.8,30220.8,30224.8,25.368,766721.4717
1688933040000,30224.8,30224.8,30224.7,30224.7,19.906,601654.2477
1688933100000,30224.7,30224.8,30224.7,30224.7,3.038,91822.656
1688933160000,30224.7,30224.8,30223.4,30223.5,3.885,117419.268
1688933220000,30223.5,30223.5,30223.4,30223.5,7.497,226585.4678
1688933280000,30223.5,30223.5,30223.4,30223.5,1.886,57001.4306
1688933340000,30223.5,30223.5,30223.4,30223.5,0.684,20672.8609
1688933400000,30223.5,30223.5,30223.4,30223.5,1.314,39713.6403
1688933460000,30223.5,30223.5,30220,30223.5,7.868,237785.7982
1688933520000,30223.5,30239,30223.4,30239,10.363,313265.0952
1688933580000,30239,30239,30220.5,30220.6,5.872,177507.0881
1688933640000,30220.6,30220.6,30216.8,30220.5,27.399,827985.4326
1688933700000,30220.5,30220.6,30216.6,30220.5,5.096,153995.0269
1688933760000,30220.5,30220.6,30220.5,30220.5,2.265,68449.6089
1688933820000,30220.5,30222.3,30220.5,30222.3,17.544,530189.4283
1688933880000,30222.3,30233.8,30222.3,30233.8,3.732,112812.1617
1688933940000,30233.8,30238.9,30233.8,30238.9,30.472,921372.4501
1688934000000,30238.9,30239,30238.9,30238.9,1.602,48442.7783
1688934060000,30238.9,30239,30226.9,30226.9,94.254,2850029.6091
1688934120000,30226.9,30227,30226.8,30226.8,1.534,46368.1052
1688934180000,30226.8,30226.9,30226.8,30226.8,2.676,80887.1293
1688934240000,30226.8,30226.9,30215.5,30215.5,47.065,1422401.8279
1688934300000,30215.5,30215.6,30214.1,30214.1,21.273,642752.02
1688934360000,30214.1,30214.2,30209.1,30211.2,158.969,4802593.3209
1688934420000,30211.2,30211.2,30211.1,30211.1,13.831,417849.8992
1688934480000,30211.1,30211.2,30207,30207,31.68,957083.9887
1688934540000,30207,30207.1,30204,30204,11.962,361326.0583
1688934600000,30204,30204,30200,30200,46.543,1405602.6855
1688934660000,30200,30200.1,30184.7,30189.7,79.279,2393618.6586
1688934720000,30189.7,30189.7,30127.5,30143,853.616,25737756.5333
1688934780000,30143,30159.1,30105,30158.3,670.962,20215309.5998
1688934840000,30158.3,30166.5,30151.6,30166.5,48.092,1450470.1853
1688934900000,30166.5,30166.5,30166.4,30166.5,26.943,812774.151
1688934960000,30166.5,30184.3,30166.4,30180.7,158.975,4796773.7651
1688935020000,30180.7,30201.5,30180.6,30201.5,85.597,2584383.988
1688935080000,30201.5,30201.5,30187.4,30187.5,78.016,2355858.4636
1688935140000,30187.5,30193.5,30183.7,30193.5,57.376,1732050.73
1688935200000,30193.5,30201.6,30193.4,30201.3,67.247,2030858.3647
1688935260000,30201.3,30201.4,30192.9,30193,49.745,1502285.6687
1688935320000,30193,30193,30183.8,30183.8,112.813,3405469.2749
1688935380000,30183.8,30183.9,30183.8,30183.9,1.772,53485.8023
1688935440000,30183.9,30183.9,30183.8,30183.9,3.959,119497.9118
1688935500000,30183.9,30183.9,30173.2,30173.2,13.822,417115.2169
1688935560000,30173.2,30186,30173.2,30183.2,14.478,436944.7251
1688935620000,30183.2,30183.2,30175.2,30177.7,31.116,938978.6234
1688935680000,30177.7,30177.7,30177,30177,56.081,1692380.1739
1688935740000,30177,30177.1,30170.1,30170.2,32.609,983937.3594
1688935800000,30170.2,30187,30170.2,30186.9,33.793,1019705.333
1688935860000,30186.9,30192.8,30186.9,30189.5,31.338,946101.3918
1688935920000,30189.5,30189.6,30184.1,30184.1,19.923,601406.9969
1688935980000,30184.1,30184.2,30177.1,30179.9,20.626,622513.7014
1688936040000,30179.9,30179.9,30179.2,30179.2,10.883,328447.1661
1688936100000,30179.2,30179.3,30170.7,30170.7,19.025,574097.3587
1688936160000,30170.7,30175,30168.2,30174.9,22.21,670080.5059
1688936220000,30174.9,30175,30174.9,30175,8.514,256909.3117
1688936280000,30175,30175,30174.9,30175,5.392,162703.1675
1688936340000,30175,30183.8,30174.9,30180.2,28.26,852784.3458
1688936400000,30180.2,30180.2,30170,30180,35.383,1067627.0316
1688936460000,30180,30196.4,30180,30196.3,34.225,1033333.0069
1688936520000,30196.3,30196.9,30192,30195.2,9.074,273994.2108
1688936580000,30195.2,30203,30195.1,30203,90.167,2723159.8713
1688936640000,30203,30203,30202.9,30203,12.092,365214.5073
1688936700000,30203,30204.2,30202.9,30204.2,22.874,690866.5284
1688936760000,30204.2,30205.8,30203,30203,24.245,732291.3612
1688936820000,30203,30203.1,30201.7,30201.7,60.98,1841756.6709
1688936880000,30201.7,30201.8,30188.4,30188.5,17.619,532004.0979
1688936940000,30188.5,30188.5,30185,30185.1,65.113,1965596.454
1688937000000,30185.1,30185.1,30184,30184,4.326,130579.1844
1688937060000,30184,30184.1,30184,30184.1,5.256,158647.1768
1688937120000,30184.1,30184.1,30184,30184,6.225,187895.6402
1688937180000,30184,30184.1,30173.7,30173.7,32.491,980627.1983
1688937240000,30173.7,30173.7,30166.4,30166.5,73.361,2213290.3091
1688937300000,30166.5,30166.5,30156.5,30157.1,27.302,823474.8483
1688937360000,30157.1,30157.1,30156,30156,28.496,859338.2957
1688937420000,30156,30156.1,30146.1,30146.1,56.65,1708093.5513
1688937480000,30146.1,30146.2,30132.3,30132.3,84.395,2543636.3445
1688937540000,30132.3,30143,30122.8,30143,104.623,3152213.6946
1688937600000,30143,30144.9,30142.9,30144.8,11.438,344788.4836
1688937660000,30144.8,30144.8,30141.2,30141.3,11.649,351129.5344
1688937720000,30141.3,30159.6,30141.2,30159.6,16.545,498851.2365
1688937780000,30159.6,30160.1,30159.6,30160.1,9.927,299398.9125
1688937840000,30160.1,30170,30160,30169.9,6.821,205759.2973
1688937900000,30169.9,30171,30169.9,30170.9,9.923,299381.6949
1688937960000,30170.9,30175.6,30170.9,30174.6,34.673,1046242.8089
1688938020000,30174.6,30181.1,30174.5,30181.1,12.456,375876.6425
1688938080000,30181.1,30189.7,30181,30189.7,23.233,701342.6772
1688938140000,30189.7,30200,30189.7,30197.3,23.141,698765.9022
1688938200000,30197.3,30199,30197.2,30197.5,11.283,340719.821
1688938260000,30197.5,30198.6,30197.5,30198.5,9.746,294312.3889
1688938320000,30198.5,30198.6,30198.5,30198.5,3.967,119797.7339
1688938380000,30198.5,30198.6,30198.5,30198.5,6.574,198525.2953
1688938440000,30198.5,30198.6,30198.3,30198.3,24.801,748950.5172
1688938500000,30198.3,30198.4,30195,30195,43.333,1308501.322
1688938560000,30195,30198.6,30195,30198.6,46.601,1407127.8058
1688938620000,30198.6,30198.6,30198.5,30198.6,14.799,446908.7475
1688938680000,30198.6,30198.6,30198.5,30198.6,10.66,321916.6048
1688938740000,30198.6,30198.6,30198.5,30198.5,4.313,130246.2393
1688938800000,30198.5,30198.6,30197,30197.1,10.785,325688.6715
1688938860000,30197.1,30197.1,30197,30197,4.541,137124.5976
1688938920000,30197,30197,30196.5,30196.5,10.436,315131.7746
1688938980000,30196.5,30196.6,30196.3,30196.4,3.828,115592.2243
1688939040000,30196.4,30196.4,30195.2,30195.2,16.412,495580.3383
1688939100000,30195.2,30195.3,30186.4,30186.4,29.899,902752.5957
1688939160000,30186.4,30186.5,30171.3,30171.3,41.812,1261885.5407
1688939220000,30171.3,30171.4,30171.3,30171.3,10.639,320993.1176
1688939280000,30171.3,30171.4,30171.3,30171.3,13.848,417812.459
1688939340000,30171.3,30171.4,30171.3,30171.3,2.677,80768.6808
1688939400000,30171.3,30171.4,30156.6,30156.6,24.688,744783.9551
1688939460000,30156.6,30156.6,30145,30145,14.104,425230.9367
1688939520000,30145,30145.1,30133.1,30133.8,20.652,622407.0881
1688939580000,30133.8,30139.8,30133.7,30139.8,17.562,529249.3587
1688939640000,30139.8,30139.8,30133,30133,28.481,858284.7652
1688939700000,30133,30135.1,30133,30135.1,79.349,2391086.9667
1688939760000,30135.1,30142.1,30135,30142.1,28.84,869218.218
1688939820000,30142.1,30142.2,30140.5,30140.5,26.925,811570.5991
1688939880000,30140.5,30140.6,30140.5,30140.6,16.471,496445.2195
1688939940000,30140.6,30142.2,30140.5,30142.2,10.542,317752.8328
1688940000000,30142.2,30143.3,30138.5,30138.6,32.458,978332.2853
1688940060000,30138.6,30138.6,30135,30135,21.731,654892.4312
1688940120000,30135,30143,30126.2,30126.9,136.596,4115868.6865
1688940180000,30126.9,30130,30120,30120,107.159,3228199.5358
1688940240000,30120,30136.7,30105.1,30136.7,258.129,7774641.733
1688940300000,30136.7,30136.7,30125.4,30126.1,31.903,961175.6649
1688940360000,30126.1,30126.1,30071.8,30092.4,841.771,25327304.4375
1688940420000,30092.4,30107,30080.8,30107,82.423,2480512.2482
1688940480000,30107,30107,30059.9,30085.3,436.317,13122852.8329
1688940540000,30085.3,30099.2,30085.3,30095.8,24.467,736297.8212
1688940600000,30095.8,30095.8,30052,30062.1,254.798,7661579.2426
1688940660000,30062.1,30079.5,30052,30079.5,145.991,4388784.9734
1688940720000,30079.5,30082.6,30071.9,30076.5,36.715,1104344.4154
1688940780000,30076.5,30086,30076.5,30080,41.229,1240189.6663
1688940840000,30080,30082.6,30076.7,30076.7,42.373,1274605.3084
1688940900000,30076.7,30109,30070.1,30109,129.384,3892959.4583
1688940960000,30109,30124.5,30108.9,30124.5,97.548,2937909.54
1688941020000,30124.5,30139.8,30110.1,30119.5,141.534,4264163.3812
1688941080000,30119.5,30119.5,30100.1,30107.9,36.39,1095604.354
1688941140000,30107.9,30108.6,30099.6,30102,71.48,2151924.1215
1688941200000,30102,30102.1,30097.1,30100,60.236,1813163.4268
1688941260000,30100,30100,30090.6,30092.9,31.824,957669.5322
1688941320000,30092.9,30098.2,30088.6,30094.6,34.948,1051632.9733
1688941380000,30094.6,30099.8,30091.6,30099.7,49.689,1495260.2801
1688941440000,30099.7,30121.4,30099.7,30110.4,52.447,1579344.9134
1688941500000,30110.4,30112.1,30102.5,30102.6,16.43,494696.8379
1688941560000,30102.6,30117.5,30096.1,30117.5,132.308,3983400.2153
1688941620000,30117.5,30124.4,30117.4,30118.5,157.517,4744696.6396
1688941680000,30118.5,30118.5,30115.2,30115.3,5.12,154200.378
1688941740000,30115.3,30118.4,30111.8,30118.3,21.138,636538.3744
1688941800000,30118.3,30121.7,30110,30121.3,29.471,887476.8544
1688941860000,30121.3,30124,30120,30120.1,17.795,536019.6795
1688941920000,30120.1,30127.5,30120,30123.6,15.785,475509.5662
1688941980000,30123.6,30139.8,30123.5,30139.8,52.885,1593406.954
1688942040000,30139.8,30151,30139.7,30145.7,114.288,3445486.2664
1688942100000,30145.7,30152.9,30145.7,30152.9,38.209,1152044.86
1688942160000,30152.9,30153,30145.7,30151.1,74.401,2243068.2733
1688942220000,30151.1,30154,30145,30145.1,15.919,479987.3928
1688942280000,30145.1,30151.3,30145,30151.3,20.504,618127.7028
1688942340000,30151.3,30168.7,30151.2,30160.2,52.207,1574602.9992
1688942400000,30160.2,30179.5,30160.2,30175,86.636,2613894.6996
1688942460000,30175,30180,30175,30178.1,71.721,2164364.35
1688942520000,30178.1,30180,30174,30174,134.282,4052490.9557
1688942580000,30174,30179.7,30169.5,30179.6,38.896,1173585.088
1688942640000,30179.6,30179.7,30178.9,30179,6.83,206124.0417
1688942700000,30179,30179,30178.9,30179,5.498,165923.754
1688942760000,30179,30179,30167.6,30167.7,23.886,720746.6261
1688942820000,30167.7,30175.2,30167.6,30172.3,29.262,882873.6425
1688942880000,30172.3,30177.6,30172.2,30177.5,10.848,327335.0341
1688942940000,30177.5,30177.6,30170.3,30170.3,111.837,3374671.6722
1688943000000,30170.3,30185.7,30170.3,30185.7,83.105,2507941.7147
1688943060000,30185.7,30185.7,30183,30183,15.664,472818.1423
1688943120000,30183,30183,30170,30170,33.51,1011350.3916
1688943180000,30170,30170.1,30156.5,30162.3,31.656,954778.8231
1688943240000,30162.3,30170,30162.3,30170,15.436,465642.0263
1688943300000,30170,30173.2,30169.9,30173.1,9.024,272270.8324
1688943360000,30173.1,30173.2,30172,30172,7.657,231028.0994
1688943420000,30172,30172.1,30162.6,30162.7,28.053,846254.7144
1688943480000,30162.7,30162.7,30155.7,30155.7,17.112,516130.915
1688943540000,30155.7,30161.4,30151.4,30161.4,33.679,1015521.6655
1688943600000,30161.4,30162.7,30161.3,30162.6,27.006,814556.6265
1688943660000,30162.6,30162.7,30160,30160,13.875,418473.9682
1688943720000,30160,30164,30160,30164,7.875,237518.8687
1688943780000,30164,30170,30164,30169.1,8.211,247708.1645
1688943840000,30169.1,30169.1,30169,30169.1,3.762,113495.9737
1688943900000,30169.1,30169.1,30161.9,30162,4.863,146702.4259
1688943960000,30162,30165.8,30161.9,30165.8,9.371,282649.7484
1688944020000,30165.8,30166.7,30160.4,30161.8,38.894,1173122.1668
1688944080000,30161.8,30168,30161.8,30168,6.039,182158.7883
1688944140000,30168,30168,30167.9,30167.9,1.087,32792.5746
1688944200000,30167.9,30168,30151.8,30151.9,25.215,760538.9658
1688944260000,30151.9,30163.2,30150.6,30163.1,37.222,1122356.3996
1688944320000,30163.1,30163.2,30159.1,30159.2,2.774,83668.1272
1688944380000,30159.2,30167.1,30159.1,30167.1,15.788,476238.3633
1688944440000,30167.1,30167.9,30167,30167.9,12.23,368945.8125
1688944500000,30167.9,30167.9,30150.5,30155.1,24.498,738798.5494
1688944560000,30155.1,30155.1,30147,30150.9,25.132,757730.1787
1688944620000,30150.9,30151,30150,30150,9.044,272679.3184
1688944680000,30150,30150.1,30135.4,30136,54.374,1639125.4515
1688944740000,30136,30140.5,30134.3,30140.5,15.394,463916.5117
1688944800000,30140.5,30141,30140.5,30140.6,7.841,236332.3157
1688944860000,30140.6,30146.6,30140.5,30146.6,5.754,173434.0333
1688944920000,30146.6,30153.5,30146.5,30153.5,9.877,297805.637
1688944980000,30153.5,30153.7,30153.4,30153.7,7.159,215868.5681
1688945040000,30153.7,30153.7,30146.5,30146.5,3.088,93105.4108
1688945100000,30146.5,30150,30146.5,30150,3.93,118479.2763
1688945160000,30150,30157.4,30149.9,30157.4,4.288,129296.3687
1688945220000,30157.4,30157.4,30150,30150.1,5.449,164319.5449
1688945280000,30150.1,30151.7,30150,30151.6,5.526,166609.8133
1688945340000,30151.6,30151.7,30151.6,30151.7,1.207,36393.0566
1688945400000,30151.7,30151.7,30146.5,30146.5,7.546,227489.387
1688945460000,30146.5,30146.6,30138.1,30138.1,3.406,102668.7146
1688945520000,30138.1,30138.1,30131.2,30136.4,27.215,820070.9058
1688945580000,30136.4,30136.5,30125,30125.1,27.247,820965.059
1688945640000,30125.1,30130,30111.3,30129.9,42.29,1273803.5145
1688945700000,30129.9,30130,30124.1,30124.1,10.901,328386.5278
1688945760000,30124.1,30136.1,30124.1,30136.1,16.058,483779.4111
1688945820000,30136.1,30136.2,30131.1,30135.7,10.7,322423.863
1688945880000,30135.7,30147,30135.6,30139,18.092,545379.9807
1688945940000,30139,30139,30138.9,30139,2.936,88487.9291
1688946000000,30139,30139,30138.6,30138.6,7.618,229598.0242
1688946060000,30138.6,30138.7,30130.1,30130.1,5.647,170167.7831
1688946120000,30130.1,30130.2,30116,30116,15.813,476403.8379
1688946180000,30116,30116.1,30116,30116,19.435,585306.0191
1688946240000,30116,30127.7,30116,30127.7,31.245,941121.8419
1688946300000,30127.7,30132.2,30127.6,30132.2,6.967,209917.0082
1688946360000,30132.2,30132.2,30117.6,30117.7,11.462,345303.0822
1688946420000,30117.7,30125.2,30117.6,30125.2,16.035,482984.2045
1688946480000,30125.2,30125.3,30125.1,30125.2,1.967,59256.2643
1688946540000,30125.2,30132.6,30125.2,30132.6,6.885,207439.883
1688946600000,30132.6,30132.6,30132.5,30132.6,4.982,150120.1989
1688946660000,30132.6,30146,30132.5,30146,30.722,925945.0078
1688946720000,30146,30146.9,30145.9,30146.9,11.311,340981.6096
1688946780000,30146.9,30153,30146.9,30153,28.554,860922.0096
1688946840000,30153,30153,30152.9,30152.9,3.309,99776.003
1688946900000,30152.9,30153,30152.9,30153,6.279,189330.5808
1688946960000,30153,30153,30152.9,30153,5.229,157669.797
1688947020000,30153,30153,30152.9,30152.9,1.638,49390.4686
1688947080000,30152.9,30153,30152.9,30152.9,2.42,72970.0813
1688947140000,30152.9,30153,30150,30150,11.882,358266.0848
1688947200000,30150,30160,30150,30152.5,44.039,1327967.4869
1688947260000,30152.5,30152.5,30136,30136,37.707,1136856.0188
1688947320000,30136,30140,30127.8,30135.5,30.866,930045.0076
1688947380000,30135.5,30135.6,30129.6,30129.6,5.341,160942.5773
1688947440000,30129.6,30129.7,30125.2,30125.2,16.424,494785.9869
1688947500000,30125.2,30128.6,30125.2,30128.6,11.707,352683.3733
1688947560000,30128.6,30131.7,30120.8,30120.8,19.994,602389.2045
1688947620000,30120.8,30120.9,30071.4,30094.2,229.598,6909520.2663
1688947680000,30094.2,30105,30085.5,30098.4,60.163,1810594.6786
1688947740000,30098.4,30098.4,30079.8,30085.1,104.595,3146432.9517
1688947800000,30085.1,30085.2,29955.3,30031.3,2400.297,72034542.2949
1688947860000,30031.3,30033.9,29927.5,29992.1,1483.435,44452429.2099
1688947920000,29992.1,30039.7,29973.1,30028.7,416.657,12504934.8508
1688947980000,30028.7,30063.1,30020,30046.8,205.551,6175902.71
1688948040000,30046.8,30055.3,30025,30025,130.378,3916410.8995
1688948100000,30025,30025.1,29972.5,29980.1,386.618,11593356.5551
1688948160000,29980.1,29982.1,29942,29982.1,130.52,3910403.1874
1688948220000,29982.1,29982.3,29942.1,29963.5,143.286,4293515.8371
1688948280000,29963.5,29982,29950,29982,123.956,3713652.7867
1688948340000,29982,30026.4,29982,30026.4,261.368,7843954.6354
1688948400000,30026.4,30049.1,30026.4,30041.5,181.356,5447808.0345
1688948460000,30041.5,30041.6,30014.6,30033.8,139.762,4197337.0913
1688948520000,30033.8,30033.8,29985.5,29985.6,61.806,1853855.4159
1688948580000,29985.6,30004.1,29980.7,30004.1,154.544,4634446.2429
1688948640000,30004.1,30023.3,29994.6,30006.4,94.024,2821677.6105
1688948700000,30006.4,30006.5,29986.1,30001.1,57.757,1732587.0776
1688948760000,30001.1,30048.4,30001.1,30044.1,169.867,5101383.1742
1688948820000,30044.1,30044.2,30034.8,30034.8,57.494,1727073.5676
1688948880000,30034.8,30062.5,30032.5,30062.5,77.817,2338461.6119
1688948940000,30062.5,30074.2,30062.4,30066.9,148.925,4477964.6003
1688949000000,30066.9,30117.7,30066.9,30111.6,373.107,11229712.6447
1688949060000,30111.6,30124.2,30100.6,30119.9,202.697,6103716.0005
1688949120000,30119.9,30133.6,30119,30131.8,242.849,7316007.1511
1688949180000,30131.8,30157.5,30109.3,30154.9,489.134,14742709.537
1688949240000,30154.9,30196.1,30137.4,30194.6,491.618,14831977.3331
1688949300000,30194.6,30220,30189.4,30216.8,524.884,15856461.5804
1688949360000,30216.8,30219.9,30182.2,30182.2,419.544,12672386.0803
1688949420000,30182.2,30182.3,30151.5,30157,158.991,4795639.0679
1688949480000,30157,30161.3,30154.4,30161.3,79.065,2384416.2516
1688949540000,30161.3,30161.9,30149,30149.1,110.204,3323240.4063
1688949600000,30149.1,30149.1,30129,30139.4,93.4,2814565.2123
1688949660000,30139.4,30139.4,30105.6,30107.2,68.678,2068724.4897
1688949720000,30107.2,30134.9,30102.7,30131.4,154.741,4661519.7907
1688949780000,30131.4,30131.4,30102.1,30104.1,42.86,1290649.0002
1688949840000,30104.1,30104.2,30093.1,30098.3,31.342,943326.7838
1688949900000,30098.3,30098.3,30050,30050.1,248.309,7466739.8563
1688949960000,30050.1,30060,30044.5,30060,154.918,4655448.4296
1688950020000,30060,30061.3,30051.6,30054.3,49.134,1476743.3037
1688950080000,30054.3,30066.7,30051.2,30051.2,84.577,2542237.0166
1688950140000,30051.2,30051.3,30049.8,30049.8,24.413,733622.8313
1688950200000,30049.8,30082.3,30049.8,30071.8,178.607,5369835.234
1688950260000,30071.8,30086.8,30071.7,30086.8,51.715,1555615.1458
1688950320000,30086.8,30090,30075.3,30075.3,51.835,1559478.6871
1688950380000,30075.3,30102.5,30073.5,30102,79.588,2395103.4335
1688950440000,30102,30102.1,30102,30102.1,31.119,936746.7062
1688950500000,30102.1,30102.1,30087.6,30087.6,68.111,2049846.1249
1688950560000,30087.6,30100,30087.6,30100,31.505,948100.1104
1688950620000,30100,30101.9,30087.9,30089.1,19.558,588624.6743
1688950680000,30089.1,30090.4,30089.1,30090.4,4.465,134353.0849
1688950740000,30090.4,30090.4,30079.1,30079.2,12.188,366677.3347
1688950800000,30079.2,30079.2,30066.8,30079,75.745,2277872.7641
1688950860000,30079,30079.1,30078.4,30078.6,46.965,1412635.6146
1688950920000,30078.6,30079,30054.7,30054.7,25.966,780737.211
1688950980000,30054.7,30062.9,30050,30050,50.18,1508180.0311
1688951040000,30050,30050.1,30029.8,30033.4,70.957,2131450.107
1688951100000,30033.4,30053.6,30033.4,30052.6,42.301,1271011.8963
1688951160000,30052.6,30052.7,30040,30051.7,39.544,1188195.6081
1688951220000,30051.7,30065,30051.7,30064.9,40.198,1208366.4148
1688951280000,30064.9,30070.6,30064.9,30065.1,44.743,1345382.4653
1688951340000,30065.1,30079.2,30059.6,30079.2,76.217,2291461.5899
1688951400000,30079.2,30079.9,30077.6,30079.9,6.444,193832.2548
1688951460000,30079.9,30079.9,30067,30067,33.927,1020471.0542
1688951520000,30067,30067.1,30050,30050,27.317,821188.0893
1688951580000,30050,30052.9,30044,30044.1,28.133,845411.1113
1688951640000,30044.1,30058,30044,30058,10.44,313711.7145
1688951700000,30058,30062.5,30044.9,30044.9,14.81,445095.1545
1688951760000,30044.9,30047.2,30044.6,30047.2,38.342,1152057.4305
1688951820000,30047.2,30048.3,30042,30042,12.885,387136.3762
1688951880000,30042,30053.1,30041,30041.1,19.405,583040.1528
1688951940000,30041.1,30056.7,30035.3,30056.7,40.549,1218256.2747
1688952000000,30056.7,30073.3,30056.6,30073.3,27.813,836202.9197
1688952060000,30073.3,30089.5,30073.2,30074.7,60.468,1818992.7161
1688952120000,30074.7,30090.9,30074.5,30090.9,13.345,401437.5668
1688952180000,30090.9,30093.4,30090.9,30093.3,15.079,453767.5435
1688952240000,30093.3,30106.8,30093.3,30103.6,36.327,1093508.8743
1688952300000,30103.6,30104,30096.9,30097,13.44,404546.4202
1688952360000,30097,30097,30083.7,30083.7,18.22,548286.6799
1688952420000,30083.7,30083.8,30083.7,30083.7,3.549,106767.2571
1688952480000,30083.7,30083.8,30083.7,30083.8,6.895,207427.2755
1688952540000,30083.8,30083.8,30082.1,30082.1,47.202,1419977.348
1688952600000,30082.1,30091.2,30070.5,30070.5,106.532,3204512.6448
1688952660000,30070.5,30080.9,30062.1,30080.9,23.412,704032.409
1688952720000,30080.9,30093.9,30080.9,30089,13.835,416257.2348
1688952780000,30089,30109.1,30088.9,30109.1,49.017,1475347.379
1688952840000,30109.1,30126.9,30109.1,30126.8,36.557,1101105.9422
1688952900000,30126.8,30126.9,30110.7,30110.7,35.367,1065322.0595
1688952960000,30110.7,30116.8,30110.7,30116.8,7.651,230389.9952
1688953020000,30116.8,30116.8,30102.1,30102.2,41.991,1264329.6185
1688953080000,30102.2,30109.9,30100,30100.1,11.692,352006.0775
1688953140000,30100.1,30100.6,30090,30100.6,19.747,594306.1745
1688953200000,30100.6,30112,30098.3,30109.5,50.392,1516896.3069
1688953260000,30109.5,30114.9,30109.5,30110.7,15.801,475786.8305
1688953320000,30110.7,30110.8,30100.1,30102.8,26.469,796783.6365
1688953380000,30102.8,30102.8,30090.3,30090.4,37.192,1119444.2243
1688953440000,30090.4,30090.4,30085,30085,33.638,1012149.2791
1688953500000,30085,30085,30084.9,30085,7.404,222749.2577
1688953560000,30085,30085,30084.9,30085,4.393,132163.1884
1688953620000,30085,30089.9,30084.8,30089.9,15.475,465581.0621
1688953680000,30089.9,30089.9,30075,30075,18.39,553224.0909
1688953740000,30075,30075.1,30068.1,30068.1,45.808,1377462.5394
1688953800000,30068.1,30068.1,30049.2,30057.3,267.073,8026972.8646
1688953860000,30057.3,30066.9,30057.3,30062.4,26.43,794526.1556
1688953920000,30062.4,30063.8,30060,30060,31.738,954114.0071
1688953980000,30060,30060.1,30046.1,30050.7,18.437,554028.9339
1688954040000,30050.7,30061.9,30050,30050.9,11.99,360351.7313
1688954100000,30050.9,30051,30050,30050.1,3.279,98534.8617
1688954160000,30050.1,30050.1,30041,30041,15.773,473889.4721
1688954220000,30041,30041.6,30041,30041.5,11.624,349199.729
1688954280000,30041.5,30041.6,30030.9,30030.9,58.309,1751459.0383
1688954340000,30030.9,30037.8,30023.7,30034,45.151,1355934.7654
1688954400000,30034,30055,30032.8,30055,28.65,860762.6414
1688954460000,30055,30055.1,30046.7,30046.8,13.905,417866.9986
1688954520000,30046.8,30055.2,30046.8,30055.2,4.664,140154.9602
1688954580000,30055.2,30055.2,30055,30055,3.68,110602.9961
1688954640000,30055,30055,30047.1,30051,10.865,326485.7602
1688954700000,30051,30051,30049.7,30049.7,8.54,256627.4833
1688954760000,30049.7,30049.7,30049.3,30049.4,4.161,125035.4206
1688954820000,30049.4,30055,30049.3,30055,8.361,251248.7553
1688954880000,30055,30055,30047.9,30051.2,6.308,189550.2469
1688954940000,30051.2,30056.7,30047.2,30056.7,6.882,206792.9939
1688955000000,30056.7,30056.7,30055.2,30055.2,4.051,121758.452
1688955060000,30055.2,30055.3,30054.1,30054.1,15.286,459422.3074
1688955120000,30054.1,30065,30054.1,30065,11.058,332391.4427
1688955180000,30065,30078.1,30064.5,30078.1,54.9,1650965.4815
1688955240000,30078.1,30078.1,30078,30078.1,8.521,256295.4868
1688955300000,30078.1,30078.1,30062.2,30062.2,9.375,281929.5719
1688955360000,30062.2,30062.3,30056.7,30056.7,7.265,218377.7889
1688955420000,30056.7,30056.8,30050.4,30050.5,13.885,417293.6831
1688955480000,30050.5,30056.8,30050.4,30056.7,39.994,1202077.1708
1688955540000,30056.7,30056.8,30056.7,30056.7,0.544,16350.8888
1688955600000,30056.7,30056.8,30056.7,30056.8,2.568,77185.7843
1688955660000,30056.8,30056.8,30054.9,30055,3.029,91038.8203
1688955720000,30055,30074.2,30054.9,30070.1,21.18,636750.6108
1688955780000,30070.1,30078.3,30070,30075,7.966,239553.897
1688955840000,30075,30079,30072.3,30072.3,9.828,295611.3254
1688955900000,30072.3,30072.3,30070,30070,1.734,52142.4217
1688955960000,30070,30075,30070,30075,2.516,75659.5949
1688956020000,30075,30084.2,30075,30077.8,214.191,6442496.5379
1688956080000,30077.8,30083,30077.8,30083,8.59,258377.036
1688956140000,30083,30094.8,30083,30094.3,58.019,1745812.6864
1688956200000,30094.3,30110.9,30094.2,30110.9,59.463,1790062.9606
1688956260000,30110.9,30116,30108.6,30108.6,36.049,1085586.652
1688956320000,30108.6,30108.7,30094.5,30094.5,36.668,1103802.4242
1688956380000,30094.5,30100,30094.5,30100,18.01,542089.8848
1688956440000,30100,30100,30090,30090,10.846,326410.9606
1688956500000,30090,30090,30076.1,30076.2,50.657,1523798.5985
1688956560000,30076.2,30076.2,30076.1,30076.1,2.973,89416.4112
1688956620000,30076.1,30089.5,30076.1,30080.6,52.915,1591582.2415
1688956680000,30080.6,30099.6,30080.6,30099.6,55.797,1679184.3237
1688956740000,30099.6,30101.7,30099.5,30101.6,9.573,288155.3937
1688956800000,30101.6,30101.7,30095.2,30095.3,6.213,187009.1132
1688956860000,30095.3,30096.4,30090.5,30096.3,3.263,98190.0843
1688956920000,30096.3,30099.1,30096.3,30099,1.636,49241.708
1688956980000,30099,30099.2,30090.1,30090.1,8.156,245480.2311
1688957040000,30090.1,30092.8,30090,30092.7,5.3,159487.3777
1688957100000,30092.7,30116.5,30092.7,30116.5,158.249,4764700.3375
1688957160000,30116.5,30140.2,30116.4,30140.1,186.593,5622401.9631
1688957220000,30140.1,30175.5,30140.1,30172.4,184.422,5562076.4169
1688957280000,30172.4,30180,30167,30178.9,62.752,1893493.5445
1688957340000,30178.9,30179.9,30166.9,30166.9,26.606,802878.0957
1688957400000,30166.9,30172.5,30145.4,30172.5,188.533,5684440.9859
1688957460000,30172.5,30194.8,30172.4,30188.9,129.083,3896608.152
1688957520000,30188.9,30194.7,30188.8,30194.6,92.91,2805121.6949
1688957580000,30194.6,30194.7,30180.9,30180.9,35.416,1069221.4144
1688957640000,30180.9,30209,30180.9,30201.9,200.77,6063747.6214
1688957700000,30201.9,30213.2,30201.8,30209.8,32.037,967792.5402
1688957760000,30209.8,30209.8,30192.9,30208.5,32.568,983654.3478
1688957820000,30208.5,30218.1,30208.5,30216.8,55.709,1683169.6244
1688957880000,30216.8,30219,30194.7,30194.7,69.627,2103418.0135
1688957940000,30194.7,30195,30183.1,30187.1,130.943,3952881.5013
1688958000000,30187.1,30216.4,30187.1,30216.3,38.479,1162129.1661
1688958060000,30216.3,30216.5,30200,30206.5,27.235,822777.5005
1688958120000,30206.5,30218.9,30206.4,30216.9,13.733,414945.4508
1688958180000,30216.9,30216.9,30210.1,30210.1,21.041,635751.3589
1688958240000,30210.1,30215,30207,30213.1,99.866,3017003.0262
1688958300000,30213.1,30240.2,30207,30221.4,179.781,5434277.6205
1688958360000,30221.4,30226.7,30221,30221,17.781,537410.0458
1688958420000,30221,30229.9,30210.2,30229.9,51.204,1547299.1569
1688958480000,30229.9,30232.4,30221,30221.1,53.637,1621377.3324
1688958540000,30221.1,30221.1,30200.8,30207.9,58.825,1777102.3195
1688958600000,30207.9,30208,30187.1,30187.1,34.99,1056576.6046
1688958660000,30187.1,30187.2,30157.5,30168.8,165.313,4987835.317
1688958720000,30168.8,30194.4,30168.7,30185.3,56.578,1707460.7867
1688958780000,30185.3,30191,30185.2,30190.9,4.319,130380.4045
1688958840000,30190.9,30191,30190.9,30190.9,4.678,141233.1989
1688958900000,30190.9,30195.7,30190.9,30195.6,6.876,207608.4624
1688958960000,30195.6,30205,30195.6,30202.9,24.683,745465.0349
1688959020000,30202.9,30202.9,30188.1,30188.2,22.289,673019.2961
1688959080000,30188.2,30189.9,30180,30180,8.914,269090.9472
1688959140000,30180,30180,30168.7,30168.7,18.244,550461.7246
1688959200000,30168.7,30175.1,30168.7,30175,8.235,248454.1559
1688959260000,30175,30175.1,30175,30175.1,3.751,113186.4714
1688959320000,30175.1,30175.1,30175,30175.1,6.625,199909.9662
1688959380000,30175.1,30175.1,30175,30175,4.582,138261.9608
1688959440000,30175,30175.1,30166.7,30170,9.005,271687.3438
1688959500000,30170,30186.8,30169.9,30186.7,8.706,262716.2581
1688959560000,30186.7,30186.8,30186.7,30186.8,1.351,40782.3599
1688959620000,30186.8,30186.8,30180.8,30184,6.72,202840.1124
1688959680000,30184,30184,30175.3,30175.4,48.647,1468094.5544
1688959740000,30175.4,30179.9,30175.4,30177,6.578,198509.9997
1688959800000,30177,30181.8,30176.9,30181.8,6.931,209159.2364
1688959860000,30181.8,30181.9,30178.8,30178.9,2.016,60844.3033
1688959920000,30178.9,30178.9,30176.2,30176.2,1.874,56554.8681
1688959980000,30176.2,30176.2,30169.5,30169.5,9.802,295754.4544
1688960040000,30169.5,30169.6,30161.4,30161.4,108.505,3272811.5155
1688960100000,30161.4,30161.4,30155,30155,14.785,445856.6224
1688960160000,30155,30155,30150,30154.5,20.942,631417.3876
1688960220000,30154.5,30162.8,30154.4,30162.8,21.65,652903.0865
1688960280000,30162.8,30164.1,30162.8,30164.1,11.083,334304.4166
1688960340000,30164.1,30164.1,30164,30164,1.745,52636.224
1688960400000,30164,30164.1,30164,30164,5.467,164906.6503
1688960460000,30164,30164.1,30154.4,30154.4,11.694,352705.1009
1688960520000,30154.4,30154.5,30154.4,30154.5,3.139,94654.7024
1688960580000,30154.5,30154.5,30150,30150,5.462,164692.9874
1688960640000,30150,30154.5,30142.8,30154.5,51.581,1555084.7396
1688960700000,30154.5,30154.5,30148.3,30148.3,8.694,262120.9999
1688960760000,30148.3,30154.1,30148.3,30154,5.871,177023.6897
1688960820000,30154,30161.3,30154,30161.3,7.554,227823.3581
1688960880000,30161.3,30161.3,30159.4,30159.4,2.569,77481.5078
1688960940000,30159.4,30159.5,30159.4,30159.4,0.84,25333.9266
