startTime,openPrice,highPrice,lowPrice,closePrice,volume,turnover
1664649000000,19249.5,19255,19249,19254.5,40.817,785742.0715
1664649060000,19254.5,19255,19254.5,19255,6.548,126080.5145
1664649120000,19255,19255,19250.5,19250.5,33.916,653015.404
1664649180000,19250.5,19251,19240,19250,109.276,2103221.6365
1664649240000,19250,19257,19247.5,19257,76.159,1466158.6175
1664649300000,19257,19257,19247,19247,75.098,1445910.4605
1664649360000,19247,19258.5,19247,19258.5,7.029,135336.8795
1664649420000,19258.5,19258.5,19258,19258.5,25.714,495212.518
1664649480000,19258.5,19258.5,19258,19258.5,6.845,131822.895
1664649540000,19258.5,19258.5,19255,19255,12.623,243088.4955
1664649600000,19255,19270,19255,19270,96.567,1859999.207
1664649660000,19270,19276.5,19269.5,19276,77.768,1498733.269
1664649720000,19276,19277.5,19276,19277.5,68.8,1326220.945
1664649780000,19277.5,19277.5,19272,19276,24.96,481095.599
1664649840000,19276,19276,19273,19273.5,26.83,517125.7755
1664649900000,19273.5,19273.5,19260.5,19261,50.315,969550.301
1664649960000,19261,19266.5,19260.5,19265.5,21.606,416230.344
1664650020000,19265.5,19279.5,19265,19279,53.68,1034436.741
1664650080000,19279,19286,19279,19283.5,49.633,957162.203
1664650140000,19283.5,19290,19283,19290,17.755,342450.3515
1664650200000,19290,19291.5,19280,19280,100.459,1937816.2575
1664650260000,19280,19292.5,19280,19292.5,15.606,300993.646
1664650320000,19292.5,19293,19287.5,19292.5,26.88,518546.2065
1664650380000,19292.5,19298,19290,19297.5,76.283,1471868.9355
1664650440000,19297.5,19298,19294.5,19295,42.001,810480.064
1664650500000,19295,19295,19291.5,19291.5,35.368,682358.168
1664650560000,19291.5,19300,19288,19300,90.227,1740700.8125
1664650620000,19300,19301,19295,19295.5,98.042,1892125.2275
1664650680000,19295.5,19295.5,19295,19295.5,2.028,39130.7705
1664650740000,19295.5,19295.5,19295,19295,5.086,98135.8825
1664650800000,19295,19295.5,19287.5,19287.5,57.594,1111039.935
1664650860000,19287.5,19297.5,19287.5,19297.5,62.508,1205712.2875
1664650920000,19297.5,19312.5,19297.5,19309,191.245,3692662.1395
1664650980000,19309,19309,19308,19308.5,18.979,366456.9045
1664651040000,19308.5,19308.5,19300,19305.5,37.81,729967.9785
1664651100000,19305.5,19305.5,19300,19300,12.7,245123.046
1664651160000,19300,19300.5,19300,19300,14.045,271071.9105
1664651220000,19300,19300.5,19300,19300.5,10.648,205508.623
1664651280000,19300.5,19301,19300,19301,8.62,166369.8975
1664651340000,19301,19301,19296.5,19296.5,44.125,851611.5095
1664651400000,19296.5,19297,19293,19293,38.614,745062.1575
1664651460000,19293,19294,19293,19294,7.787,150237.1225
1664651520000,19294,19321.5,19293.5,19312.5,185.171,3575685.1215
1664651580000,19312.5,19312.5,19311.5,19311.5,30.244,584072.8265
1664651640000,19311.5,19312,19301,19301.5,62.471,1205838.644
1664651700000,19301.5,19301.5,19301,19301,6.129,118297.18
1664651760000,19301,19301.5,19301,19301,17.579,339299.571
1664651820000,19301,19301.5,19298.5,19301,10.432,201341.089
1664651880000,19301,19301.5,19301,19301,5.274,101794.753
1664651940000,19301,19304,19301,19304,13.214,255052.8745
1664652000000,19304,19304,19297.5,19297.5,16.669,321686.9165
1664652060000,19297.5,19298,19297.5,19297.5,6.814,131493.4215
1664652120000,19297.5,19298,19297.5,19298,4.082,78773.525
1664652180000,19298,19308.5,19297.5,19299.5,104.149,2010471.0065
1664652240000,19299.5,19299.5,19299,19299.5,6.075,117241.8425
1664652300000,19299.5,19303,19298.5,19302.5,42.836,826703.1645
1664652360000,19302.5,19303,19302.5,19303,14.222,274521.4865
1664652420000,19303,19303.5,19302.5,19303.5,43.201,833910.8635
1664652480000,19303.5,19303.5,19301.5,19301.5,5.685,109736.658
1664652540000,19301.5,19302,19300,19300,20.711,399722.9575
1664652600000,19300,19300.5,19296,19296,36.363,701689.5025
1664652660000,19296,19296.5,19294,19294,76.826,1482328.9355
1664652720000,19294,19294.5,19293.5,19293.5,43.384,837048.2605
1664652780000,19293.5,19294,19279.5,19279.5,98.088,1891786.5475
1664652840000,19279.5,19286.5,19279.5,19286,47.864,922880.6945
1664652900000,19286,19289,19284.5,19285,63.473,1224278.5125
1664652960000,19285,19286,19278,19279.5,42.189,813481.2305
1664653020000,19279.5,19286,19255.5,19257.5,159.686,3077220.576
1664653080000,19257.5,19258,19236,19246,242.669,4669354.536
1664653140000,19246,19249,19228,19228,84.138,1618363.038
1664653200000,19228,19228.5,19227,19227.5,65.898,1267087.934
1664653260000,19227.5,19227.5,19205.5,19213,271.734,5221550.102
1664653320000,19213,19230,19200,19230,445.388,8555448.3655
1664653380000,19230,19233.5,19223.5,19230,142.484,2740219.881
1664653440000,19230,19232,19230,19231.5,40.611,780976.632
1664653500000,19231.5,19255,19225.5,19252.5,147.56,2838741.342
1664653560000,19252.5,19253,19247,19253,33.341,641826.414
1664653620000,19253,19253,19252.5,19253,37.667,725198.086
1664653680000,19253,19278.5,19253,19278,94.746,1825254.2555
1664653740000,19278,19278.5,19263,19263.5,88.485,1705592.782
1664653800000,19263.5,19280,19263,19273.5,33.931,654051.9145
1664653860000,19273.5,19274.5,19273.5,19274,31.417,605529.1125
1664653920000,19274,19280,19270,19270,31.194,601283.4365
1664653980000,19270,19270.5,19270,19270.5,6.756,130188.2895
1664654040000,19270.5,19277.5,19270,19277,32.116,618977.9665
1664654100000,19277,19277.5,19273,19273.5,24.281,468035.071
1664654160000,19273.5,19273.5,19266,19266.5,107.958,2080057.7325
1664654220000,19266.5,19267,19264.5,19265,29.189,562366.066
1664654280000,19265,19272.5,19257.5,19258,83.886,1616254.026
1664654340000,19258,19258,19257.5,19257.5,39.039,751794.4405
1664654400000,19257.5,19257.5,19244,19244.5,54.997,1058798.208
1664654460000,19244.5,19244.5,19236.5,19236.5,27.844,535718.8385
1664654520000,19236.5,19237,19236.5,19237,16.469,316808.277
1664654580000,19237,19246.5,19236.5,19246.5,75.359,1449758.6205
1664654640000,19246.5,19246.5,19234.5,19235,20.568,395745.369
1664654700000,19235,19235,19230,19230.5,16.822,323553.235
1664654760000,19230.5,19230.5,19213,19228.5,96.028,1845424.5235
1664654820000,19228.5,19240,19192,19200,318.251,6115551.8455
1664654880000,19200,19223,19200,19220.5,84.166,1617159.958
1664654940000,19220.5,19220.5,19214,19214,113.155,2174574.3975
1664655000000,19214,19223,19211.5,19212,62.288,1197122.0555
1664655060000,19212,19212,19195,19201,135.572,2603143.846
1664655120000,19201,19207.5,19201,19207.5,30.826,592006.89
1664655180000,19207.5,19221,19207,19210,117.938,2266009.3905
1664655240000,19210,19219,19209.5,19218.5,12.806,246025.3245
1664655300000,19218.5,19219,19218.5,19218.5,14.613,280843.7515
1664655360000,19218.5,19232,19218.5,19232,60.026,1153796.262
1664655420000,19232,19233,19231.5,19233,27.545,529764.3185
1664655480000,19233,19233,19212,19212,115.978,2229530.5795
1664655540000,19212,19222,19212,19222,214.625,4124349.3785
1664655600000,19222,19239,19221.5,19238.5,27.709,532867.0815
1664655660000,19238.5,19239.5,19236,19237.5,43.416,835185.841
1664655720000,19237.5,19237.5,19237,19237.5,5.578,107305.8335
1664655780000,19237.5,19237.5,19225.5,19226,67.201,1292533.433
1664655840000,19226,19233,19225,19225.5,37.244,716072.519
1664655900000,19225.5,19235,19225.5,19235,50.766,976306.4845
1664655960000,19235,19238.5,19234.5,19238,33.816,650510.224
1664656020000,19238,19240,19238,19240,47.285,909712.983
1664656080000,19240,19240,19239.5,19239.5,12.202,234762.5085
1664656140000,19239.5,19244.5,19239.5,19244,57.996,1115953.23
1664656200000,19244,19244.5,19230,19231.5,64.666,1243972.1495
1664656260000,19231.5,19231.5,19229.5,19230,72.404,1392355.2225
1664656320000,19230,19230,19229.5,19230,6.411,123280.956
1664656380000,19230,19230,19229.5,19229.5,3.185,61246.9935
1664656440000,19229.5,19244,19229.5,19244,228.352,4393318.395
1664656500000,19244,19244,19243,19243.5,8.96,172421.441
1664656560000,19243.5,19243.5,19234.5,19235,25.646,493363.902
1664656620000,19235,19235,19230,19230.5,18.875,363020.3665
1664656680000,19230.5,19231.5,19228.5,19231.5,26.77,514802.084
1664656740000,19231.5,19233,19231,19233,18.871,362930.5365
1664656800000,19233,19239.5,19232.5,19239.5,50.832,977748.2935
1664656860000,19239.5,19239.5,19239,19239.5,7.217,138850.0785
1664656920000,19239.5,19275,19239,19263.5,313.485,6037495.9875
1664656980000,19263.5,19265.5,19263.5,19265,50.391,970759.441
1664657040000,19265,19270,19261.5,19261.5,80.801,1556808.888
1664657100000,19261.5,19262,19252.5,19252.5,24.02,462559.7805
1664657160000,19252.5,19253,19252.5,19252.5,7.639,147070.9165
1664657220000,19252.5,19253,19252.5,19252.5,8.255,158931.381
1664657280000,19252.5,19253,19247.5,19252.5,41.979,808153.384
1664657340000,19252.5,19252.5,19252,19252,8.245,158735.781
1664657400000,19252,19258,19252,19258,24.191,465831.3635
1664657460000,19258,19263,19254,19254,57.124,1100197.7995
1664657520000,19254,19254.5,19247.5,19248,7.553,145395.1315
1664657580000,19248,19249,19248,19249,16.774,322875.618
1664657640000,19249,19249,19248.5,19248.5,7.06,135897.5505
1664657700000,19248.5,19249,19248.5,19249,7.575,145809.656
1664657760000,19249,19249,19248.5,19249,6.863,132104.4665
1664657820000,19249,19249,19248.5,19248.5,3.473,66850.603
1664657880000,19248.5,19249,19241.5,19241.5,24.097,463727.015
1664657940000,19241.5,19246,19241.5,19245.5,10.084,194048.579
1664658000000,19245.5,19246,19245.5,19246,7.205,138666.1535
1664658060000,19246,19246,19245.5,19245.5,8.96,172441.196
1664658120000,19245.5,19249,19245.5,19249,10.387,199931.4165
1664658180000,19249,19251,19248.5,19251,9.291,178845.961
1664658240000,19251,19251,19250.5,19250.5,8.758,168599.696
1664658300000,19250.5,19251,19246,19246,9.677,186269.2435
1664658360000,19246,19246.5,19246,19246,22.204,427338.4635
1664658420000,19246,19246.5,19243.5,19244,12.305,236815.7525
1664658480000,19244,19244,19237,19237.5,18.57,357268.9245
1664658540000,19237.5,19237.5,19237,19237.5,36.433,700870.5805
1664658600000,19237.5,19237.5,19237,19237.5,8.78,168901.2605
1664658660000,19237.5,19242,19237.5,19242,84.922,1633741.8065
1664658720000,19242,19242,19241.5,19241.5,15.815,304309.134
1664658780000,19241.5,19249.5,19241.5,19249.5,25.595,492630.91
1664658840000,19249.5,19259.5,19249.5,19259.5,52.879,1018265.6475
1664658900000,19259.5,19259.5,19253,19253,16.247,312835.5555
1664658960000,19253,19256,19253,19255.5,7.435,143154.554
1664659020000,19255.5,19257.5,19255.5,19257.5,17.476,336533.441
1664659080000,19257.5,19258.5,19257,19258,13.408,258213.304
1664659140000,19258,19262,19258,19262,15.474,298046.7715
1664659200000,19262,19265,19262,19264.5,12.115,233386.344
1664659260000,19264.5,19267,19264.5,19266.5,7.489,144278.922
1664659320000,19266.5,19267.5,19265,19265,9.222,177668.6235
1664659380000,19265,19265.5,19256.5,19256.5,19.415,373953.4195
1664659440000,19256.5,19256.5,19252.5,19253.5,9.16,176362.3745
1664659500000,19253.5,19264,19253.5,19264,9.267,178452.287
1664659560000,19264,19277.5,19263.5,19275.5,122.15,2354151.5555
1664659620000,19275.5,19287.5,19275.5,19283,133.763,2579363.3725
1664659680000,19283,19286.5,19280,19285.5,46.818,902838.174
1664659740000,19285.5,19286,19285,19285.5,29.631,571449.275
1664659800000,19285.5,19286,19285.5,19285.5,6.361,122676.383
1664659860000,19285.5,19286,19279.5,19280.5,25.255,486996.1435
1664659920000,19280.5,19286,19280.5,19286,28.746,554273.8645
1664659980000,19286,19287.5,19285.5,19287,23.647,456085.1425
1664660040000,19287,19287.5,19287,19287.5,10.588,204212.274
1664660100000,19287.5,19287.5,19287,19287,20.371,392899.7015
1664660160000,19287,19287.5,19287,19287,6.104,117730.253
1664660220000,19287,19290,19287,19290,17.612,339715.529
1664660280000,19290,19290,19287.5,19288.5,15.753,303852.379
1664660340000,19288.5,19288.5,19288,19288.5,5.183,99970.433
1664660400000,19288.5,19288.5,19286,19286,20.141,388478.0605
1664660460000,19286,19286,19278,19283,28.669,552805.012
1664660520000,19283,19285,19283,19284.5,22.161,427340.3815
1664660580000,19284.5,19285,19284.5,19284.5,8.502,163957.5635
1664660640000,19284.5,19287,19284,19287,15.615,301126.476
1664660700000,19287,19289,19287,19288.5,34.334,662262.749
1664660760000,19288.5,19304,19288.5,19304,186.345,3595760.7155
1664660820000,19304,19304,19300.5,19301,20.091,387820.555
1664660880000,19301,19301,19286,19286.5,47.784,921894.117
1664660940000,19286.5,19286.5,19284,19284,17.648,340328.454
1664661000000,19284,19284.5,19284,19284,8.263,159344.2985
1664661060000,19284,19284.5,19284,19284.5,6.336,122184.701
1664661120000,19284.5,19284.5,19284,19284,8.914,171900.2185
1664661180000,19284,19284.5,19284,19284.5,11.931,230079.001
1664661240000,19284.5,19284.5,19284,19284.5,7.706,148603.7265
1664661300000,19284.5,19284.5,19284,19284,10.572,203873.9975
1664661360000,19284,19284.5,19284,19284,9.292,179188.022
1664661420000,19284,19284.5,19273.5,19275,57.131,1101342.9225
1664661480000,19275,19277,19275,19276.5,33.961,654648.2815
1664661540000,19276.5,19277,19276.5,19276.5,8.042,155023.417
1664661600000,19276.5,19277,19263,19269.5,98.331,1894743.2145
1664661660000,19269.5,19289.5,19269.5,19289,18.744,361332.374
1664661720000,19289,19289,19269.5,19276.5,38.507,742442.4695
1664661780000,19276.5,19276.5,19269,19269.5,26.436,509572.772
1664661840000,19269.5,19279,19266.5,19279,25.58,492893.364
1664661900000,19279,19289,19268.5,19288,22.614,435945.8665
1664661960000,19288,19288,19286.5,19286.5,9.883,190614.8415
1664662020000,19286.5,19286.5,19277.5,19283.5,76.349,1472139.912
1664662080000,19283.5,19284,19283.5,19284,11.323,218350.525
1664662140000,19284,19301.5,19283.5,19296,76.632,1478676.083
1664662200000,19296,19303.5,19296,19300.5,151.73,2928339.693
1664662260000,19300.5,19300.5,19278,19278,29.019,559764.0935
1664662320000,19278,19290.5,19278,19290.5,32.001,617013.6955
1664662380000,19290.5,19290.5,19290,19290,10.454,201659.04
1664662440000,19290,19290.5,19288.5,19289,7.402,142785.348
1664662500000,19289,19289,19288.5,19288.5,15.132,291876.4815
1664662560000,19288.5,19289,19277,19277,13.623,262726.164
1664662620000,19277,19290.5,19277,19290,19.923,384152.312
1664662680000,19290,19290.5,19280,19280.5,21.381,412409.623
1664662740000,19280.5,19282.5,19277,19282.5,9.09,175249.95
1664662800000,19282.5,19282.5,19282,19282.5,10.946,211061.1265
1664662860000,19282.5,19285,19279,19284.5,30.86,595052.9765
1664662920000,19284.5,19299,19284.5,19299,79.4,1532001.9095
1664662980000,19299,19299,19298.5,19299,8.643,166798.3185
1664663040000,19299,19299,19293,19293,17.128,330536.4505
1664663100000,19293,19294.5,19293,19294.5,22.675,437483.941
1664663160000,19294.5,19301.5,19294,19301,69.012,1331861.105
1664663220000,19301,19304.5,19298.5,19304,44.303,855091.8665
1664663280000,19304,19323.5,19304,19306,184.553,3564710.2575
1664663340000,19306,19309.5,19306,19309.5,17.303,334095.9295
1664663400000,19309.5,19309.5,19304,19304.5,45.589,880165.0285
1664663460000,19304.5,19308,19304,19307.5,48.68,939749.0325
1664663520000,19307.5,19309.5,19307.5,19309,9.948,192089.795
1664663580000,19309,19309.5,19309,19309.5,13.187,254630.477
1664663640000,19309.5,19314,19309,19314,25.879,499722.8735
1664663700000,19314,19314,19309.5,19310,53.001,1023575.8665
1664663760000,19310,19313,19303,19303,54.385,1050197.921
1664663820000,19303,19310,19303,19310,52.612,1015604.2245
1664663880000,19310,19311.5,19306,19306,43.741,844654.2395
1664663940000,19306,19306.5,19306,19306.5,4.145,80024.242
1664664000000,19306.5,19306.5,19306,19306,1.912,36913.1275
1664664060000,19306,19312,19306,19312,14.969,289035.481
1664664120000,19312,19314,19311.5,19314,11.258,217433.113
1664664180000,19314,19314,19313.5,19313.5,10.918,210867.4475
1664664240000,19313.5,19314,19313.5,19314,5.189,100219.193
1664664300000,19314,19314,19313.5,19313.5,5.502,106264.9905
1664664360000,19313.5,19329.5,19313.5,19323,138.565,2677079.593
1664664420000,19323,19323.5,19320,19320.5,35.153,679239.449
1664664480000,19320.5,19320.5,19320,19320.5,7.533,145539.7945
1664664540000,19320.5,19327.5,19320,19327.5,48.995,946808.4315
1664664600000,19327.5,19327.5,19315.5,19315.5,94.125,1818930.3715
1664664660000,19315.5,19321.5,19315.5,19321.5,16.509,318918.979
1664664720000,19321.5,19321.5,19321,19321,8.068,155883.296
1664664780000,19321,19321.5,19321,19321,9.105,175918.9645
1664664840000,19321,19321.5,19321,19321,13.368,258284.24
1664664900000,19321,19321.5,19321,19321,10.473,202350.0025
1664664960000,19321,19321.5,19315.5,19318.5,101.716,1965075.1265
1664665020000,19318.5,19318.5,19318,19318.5,8.916,172239.808
1664665080000,19318.5,19318.5,19315.5,19315.5,15.789,304984.9165
1664665140000,19315.5,19316,19315.5,19316,19.012,367226.6805
1664665200000,19316,19316,19315.5,19316,29.357,567055.3035
1664665260000,19316,19316,19315.5,19316,5.645,109036.089
1664665320000,19316,19331,19316,19327.5,178.42,3447673.6215
1664665380000,19327.5,19327.5,19327,19327.5,11.61,224389.1555
1664665440000,19327.5,19336,19327,19335,73.641,1423607.377
1664665500000,19335,19335,19326.5,19334.5,75.583,1461100.162
1664665560000,19334.5,19334.5,19332,19332.5,7.511,145204.8455
1664665620000,19332.5,19332.5,19330,19330.5,14.516,280603.0405
1664665680000,19330.5,19330.5,19329,19329,16.226,313645.6
1664665740000,19329,19329.5,19318,19318.5,30.195,583398.351
1664665800000,19318.5,19318.5,19318,19318,16.424,317284.3655
1664665860000,19318,19324,19312.5,19312.5,51.803,1000810.6215
1664665920000,19312.5,19312.5,19312,19312,33.24,641931.321
1664665980000,19312,19312.5,19310.5,19311,19.961,385479.088
1664666040000,19311,19311,19296.5,19296.5,96.397,1860890.6085
1664666100000,19296.5,19305.5,19296.5,19305,30.409,586999.3755
1664666160000,19305,19305.5,19305,19305.5,5.23,100965.846
1664666220000,19305.5,19305.5,19305,19305,2.329,44962.195
1664666280000,19305,19305.5,19302.5,19303,10.003,193101.024
1664666340000,19303,19303,19293,19293.5,29.362,566513.775
1664666400000,19293.5,19293.5,19291.5,19291.5,15.644,301817.4105
1664666460000,19291.5,19292,19280,19280,89.511,1726524.3965
1664666520000,19280,19282.5,19280,19282,22.854,440650.6065
1664666580000,19282,19286.5,19282,19286,13.515,260638.6745
1664666640000,19286,19286.5,19286,19286.5,5.429,104705.74
1664666700000,19286.5,19290.5,19286,19290,36.261,699351.665
1664666760000,19290,19300,19290,19294.5,21.539,415642.834
1664666820000,19294.5,19295,19294.5,19295,6.221,120033.9565
1664666880000,19295,19295,19294.5,19295,8.54,164778.7125
1664666940000,19295,19295,19294.5,19295,7.733,149206.565
1664667000000,19295,19299.5,19294.5,19299.5,36.932,712669.1945
1664667060000,19299.5,19299.5,19299,19299.5,6.614,127645.8895
1664667120000,19299.5,19299.5,19299,19299,3.662,70673.3325
1664667180000,19299,19299.5,19299,19299.5,3.013,58149.069
1664667240000,19299.5,19299.5,19299,19299.5,0.393,7584.594
1664667300000,19299.5,19303,19299,19302.5,15.871,306325.733
1664667360000,19302.5,19304.5,19293,19293,24.824,479082.7095
1664667420000,19293,19299,19293,19298.5,8.985,173362.083
1664667480000,19298.5,19299,19296.5,19296.5,2.916,56270.1875
1664667540000,19296.5,19297,19293.5,19293.5,16.107,310797.761
1664667600000,19293.5,19295.5,19293.5,19295,1.512,29172.46
1664667660000,19295,19302.5,19295,19302,9.179,177150.663
1664667720000,19302,19302.5,19302,19302,5.573,107572.218
1664667780000,19302,19308.5,19302,19308,15.473,298702.8595
1664667840000,19308,19308.5,19308,19308,5.674,109554.0695
1664667900000,19308,19308.5,19300.5,19300.5,44.181,852849.899
1664667960000,19300.5,19305,19300.5,19305,19.029,367306.7685
1664668020000,19305,19307,19304.5,19307,10.876,209961.7785
1664668080000,19307,19307,19306.5,19307,14.348,277011.5605
1664668140000,19307,19307,19300,19300,14.666,283088.237
1664668200000,19300,19300.5,19297,19297,4.424,85376.615
1664668260000,19297,19297.5,19297,19297,16.739,323012.898
1664668320000,19297,19297.5,19297,19297,0.669,12909.986
1664668380000,19297,19297.5,19297,19297.5,2.525,48725.619
1664668440000,19297.5,19299.5,19297,19297.5,3.371,65053.6295
1664668500000,19297.5,19300,19297,19299.5,16.545,319272.6665
1664668560000,19299.5,19300.5,19299.5,19300,8.738,168643.568
1664668620000,19300,19303,19300,19303,7.937,153194.7615
1664668680000,19303,19303,19302.5,19302.5,5.152,99448.9135
1664668740000,19302.5,19303,19302.5,19302.5,4.14,79912.572
1664668800000,19302.5,19303,19300,19300,16.159,311896.1265
1664668860000,19300,19300,19296.5,19296.5,9.483,183002.5555
1664668920000,19296.5,19305,19296,19304.5,90.12,1739140.103
1664668980000,19304.5,19305,19295.5,19296,23.014,444123.577
1664669040000,19296,19296,19290.5,19291.5,57.012,1099956.417
1664669100000,19291.5,19291.5,19284,19284,21.668,417888.068
1664669160000,19284,19293,19284,19293,54.23,1045911.3685
1664669220000,19293,19305,19292.5,19304.5,31.469,607360.486
1664669280000,19304.5,19305.5,19304.5,19305,6.507,125619.503
1664669340000,19305,19305.5,19300,19300.5,3.742,72232.4665
1664669400000,19300.5,19300.5,19300,19300.5,2.819,54407.7135
1664669460000,19300.5,19300.5,19300,19300.5,34.096,658065.5055
1664669520000,19300.5,19300.5,19300,19300.5,3.716,71720.2605
1664669580000,19300.5,19300.5,19300,19300.5,16.768,323622.8355
1664669640000,19300.5,19300.5,19300,19300,3.82,73727.092
1664669700000,19300,19301,19287.5,19287.5,91.089,1757858.2445
1664669760000,19287.5,19288,19287.5,19287.5,14.92,287772.4455
1664669820000,19287.5,19295,19287.5,19294.5,19.871,383295.889
1664669880000,19294.5,19299.5,19294.5,19299.5,15.543,299917.063
1664669940000,19299.5,19299.5,19299,19299.5,4.776,92174.2495
1664670000000,19299.5,19300,19299,19300,10.359,199927.282
1664670060000,19300,19310,19299.5,19309.5,19.961,385346.5785
1664670120000,19309.5,19317.5,19309.5,19317,36.053,696370.2765
1664670180000,19317,19317.5,19306,19310,54.002,1042927.301
1664670240000,19310,19310.5,19310,19310,8.399,162188.7815
1664670300000,19310,19310.5,19310,19310.5,21.866,422237.2225
1664670360000,19310.5,19313,19310,19312.5,25.024,483252.5385
1664670420000,19312.5,19313,19300.5,19301,50.37,972569.6535
1664670480000,19301,19301,19271,19271,107.07,2064341.474
1664670540000,19271,19280,19271,19280,76.966,1483331.021
1664670600000,19280,19280,19279.5,19279.5,30.06,579549.494
1664670660000,19279.5,19300,19279.5,19300,29.954,577943.113
1664670720000,19300,19300,19299.5,19299.5,2.315,44678.8345
1664670780000,19299.5,19300,19299.5,19299.5,14.543,280675.842
1664670840000,19299.5,19300,19299.5,19300,14.196,273976.6455
1664670900000,19300,19305,19299.5,19304.5,12.632,243810.963
1664670960000,19304.5,19316,19304.5,19314.5,67.072,1295153.5335
1664671020000,19314.5,19314.5,19300.5,19301,60.429,1166999.154
1664671080000,19301,19306,19300.5,19305.5,8.934,172469.0325
1664671140000,19305.5,19306,19305.5,19306,2.266,43746.375
1664671200000,19306,19306,19305.5,19305.5,1.957,37781.146
1664671260000,19305.5,19306,19305.5,19306,4.111,79365.8585
1664671320000,19306,19306,19300.5,19300.5,9.344,180349.909
1664671380000,19300.5,19301,19286,19286,37.395,721353.333
1664671440000,19286,19286.5,19286,19286,12.543,241909.826
1664671500000,19286,19286.5,19255,19255,151.391,2916539.5465
1664671560000,19255,19260,19227,19233.5,411.871,7926510.0485
1664671620000,19233.5,19243.5,19226.5,19240,106.23,2043682.9975
1664671680000,19240,19249.5,19239.5,19249.5,65.499,1260688.4855
1664671740000,19249.5,19263,19249,19255.5,87.349,1682183.306
1664671800000,19255.5,19256,19255.5,19255.5,22.975,442405.853
1664671860000,19255.5,19265,19255.5,19265,50.844,979337.4545
1664671920000,19265,19276,19264.5,19276,32.346,623277.3205
1664671980000,19276,19277,19272.5,19272.5,47.098,907882.0405
1664672040000,19272.5,19273,19270.5,19271,22.174,427330.836
1664672100000,19271,19271,19266.5,19266.5,16.33,314638.2175
1664672160000,19266.5,19267,19266.5,19266.5,2.417,46567.1605
1664672220000,19266.5,19273,19266.5,19273,17.671,340483.777
1664672280000,19273,19273,19272.5,19273,4.056,78170.849
1664672340000,19273,19273,19265.5,19265.5,33.538,646255.943
1664672400000,19265.5,19273,19265.5,19266.5,13.952,268817.225
1664672460000,19266.5,19274,19266,19269,12.833,247279.986
1664672520000,19269,19273.5,19268,19268,58.964,1136356.237
1664672580000,19268,19268.5,19268,19268,3.99,76879.785
1664672640000,19268,19273,19268,19273,12.262,236285.889
1664672700000,19273,19273,19271.5,19272,5.584,107617.322
1664672760000,19272,19272,19258.5,19261,31.694,610558.918
1664672820000,19261,19262.5,19250.5,19262.5,81.741,1574273.898
1664672880000,19262.5,19265,19262,19264.5,18.936,364759.211
1664672940000,19264.5,19266.5,19264.5,19266.5,11.578,223064.886
1664673000000,19266.5,19282.5,19266,19282,31.077,599051.018
1664673060000,19282,19282.5,19264,19269.5,48.554,935523.53
1664673120000,19269.5,19270,19269.5,19269.5,5.209,100375.092
1664673180000,19269.5,19270,19269,19269.5,43.061,829763.418
1664673240000,19269.5,19269.5,19269,19269,1.599,30811.732
1664673300000,19269,19274,19260,19273.5,74.947,1443872.2695
1664673360000,19273.5,19284.5,19273.5,19284,18.259,351994.8115
1664673420000,19284,19286,19284,19285.5,15.204,293204.9715
1664673480000,19285.5,19286,19285.5,19285.5,11.155,215135.246
1664673540000,19285.5,19286,19280.5,19280.5,66.902,1290221.3455
1664673600000,19280.5,19281,19280.5,19281,3.999,77104.512
1664673660000,19281,19285.5,19280.5,19285.5,26.547,511920.7065
1664673720000,19285.5,19288.5,19285.5,19288,26.359,508367.8875
1664673780000,19288,19296.5,19288,19296,39.427,760627.066
1664673840000,19296,19296.5,19296,19296,11.733,226401.86
1664673900000,19296,19296.5,19296,19296.5,6.282,121220.016
1664673960000,19296.5,19300,19296,19300,35.357,682332.078
1664674020000,19300,19300,19296,19296.5,25.979,501341.661
1664674080000,19296.5,19297,19286.5,19286.5,24.894,480273.8045
1664674140000,19286.5,19287,19286.5,19286.5,3.592,69278.1285
1664674200000,19286.5,19287,19286.5,19287,7.465,143974.121
1664674260000,19287,19287,19286.5,19287,7.056,136087.5405
1664674320000,19287,19287,19280.5,19281,25.423,490269.6015
1664674380000,19281,19283,19281,19283,4.796,92480.074
1664674440000,19283,19283,19282.5,19283,6.145,118492.5035
1664674500000,19283,19283,19282.5,19283,1.064,20516.7515
1664674560000,19283,19283,19282.5,19282.5,6.792,130966.8
1664674620000,19282.5,19286,19282.5,19285.5,15.239,293881.567
1664674680000,19285.5,19286,19285.5,19285.5,3.01,58050.711
1664674740000,19285.5,19294,19285.5,19294,22.721,438332.265
1664674800000,19294,19294,19292.5,19293,8.626,166422.089
1664674860000,19293,19298.5,19293,19298.5,29.318,565757.6165
1664674920000,19298.5,19298.5,19296,19296,8.734,168539.218
1664674980000,19296,19296.5,19296,19296.5,1.108,21380.329
1664675040000,19296.5,19296.5,19296,19296,2.084,40213.6415
1664675100000,19296,19296.5,19296,19296.5,3.596,69389.724
1664675160000,19296.5,19296.5,19287.5,19288,17.35,334670.501
1664675220000,19288,19288,19287.5,19288,5.802,111907.9435
1664675280000,19288,19290,19287.5,19290,5.589,107801.188
1664675340000,19290,19290,19289.5,19289.5,4.725,91143.797
1664675400000,19289.5,19290,19289.5,19290,3.776,72838.6415
1664675460000,19290,19292,19289.5,19292,16.189,312282.5495
1664675520000,19292,19293.5,19287.5,19293.5,12.224,235783.7765
1664675580000,19293.5,19295,19293.5,19295,21.509,414986.4395
1664675640000,19295,19296.5,19292,19292.5,7.224,139390.4835
1664675700000,19292.5,19292.5,19292,19292,2.797,53960.42
1664675760000,19292,19292.5,19292,19292.5,1.661,32044.3355
1664675820000,19292.5,19292.5,19292,19292.5,4.518,87162.393
1664675880000,19292.5,19296.5,19292,19296.5,16.772,323577.9265
1664675940000,19296.5,19297,19296.5,19297,4.944,95402.5185
1664676000000,19297,19304,19296.5,19303.5,41.345,797999.559
1664676060000,19303.5,19312.5,19303.5,19312.5,76.697,1480909.226
1664676120000,19312.5,19312.5,19311.5,19311.5,56.585,1092781.9185
1664676180000,19311.5,19330,19311.5,19316.5,168.909,3263858.1525
1664676240000,19316.5,19329.5,19316.5,19329,41.588,803777.6945
1664676300000,19329,19329.5,19327.5,19327.5,117.264,2266571.643
1664676360000,19327.5,19328,19318.5,19319,46.866,905718.019
1664676420000,19319,19320,19319,19319.5,30.217,583778.412
1664676480000,19319.5,19320,19319,19319,25.088,484678.5375
1664676540000,19319,19319.5,19319,19319.5,6.086,117575.6655
1664676600000,19319.5,19319.5,19315,19315.5,13.621,263099.565
1664676660000,19315.5,19315.5,19315,19315,7.468,144247.4255
1664676720000,19315,19315.5,19315,19315,16.945,327293.6715
1664676780000,19315,19315.5,19302.5,19303,16.54,319342.2345
1664676840000,19303,19303,19298.5,19298.5,21.754,419886.514
1664676900000,19298.5,19304,19298.5,19304,10.91,210573.256
1664676960000,19304,19315.5,19303.5,19315.5,29.226,564233.015
1664677020000,19315.5,19315.5,19304,19304,71.107,1373268.829
1664677080000,19304,19304,19303.5,19304,5.749,110978.393
1664677140000,19304,19304,19303.5,19303.5,14.288,275808.926
1664677200000,19303.5,19308,19303.5,19308,53.528,1033434.914
1664677260000,19308,19308,19307.5,19307.5,6.201,119726.677
1664677320000,19307.5,19310,19307.5,19310,54.102,1044620.1125
1664677380000,19310,19310,19309.5,19310,7.52,145210.5825
1664677440000,19310,19313.5,19303.5,19303.5,42.581,822261.5155
1664677500000,19303.5,19310.5,19303.5,19310,28.494,550057.7125
1664677560000,19310,19313,19310,19311,5.412,104511.7125
1664677620000,19311,19311,19309,19309.5,6.917,133571.0425
1664677680000,19309.5,19312,19309,19312,4.069,78572.23
1664677740000,19312,19312,19311.5,19312,2.76,53300.6795
1664677800000,19312,19312,19311.5,19312,4.883,94299.806
1664677860000,19312,19312,19311.5,19311.5,1.848,35688.5165
1664677920000,19311.5,19319.5,19311.5,19319.5,25.999,502184.427
1664677980000,19319.5,19323.5,19319,19323.5,27.83,537670.963
1664678040000,19323.5,19326,19323.5,19325.5,30.913,597410.759
1664678100000,19325.5,19327,19325.5,19326.5,18.791,363165.881
1664678160000,19326.5,19332,19326.5,19328.5,113.312,2190301.7585
1664678220000,19328.5,19328.5,19316.5,19321,43.828,846831.466
1664678280000,19321,19323,19317,19318,29.612,572157.101
1664678340000,19318,19323.5,19317.5,19323,12.64,244202.3965
1664678400000,19323,19328,19323,19328,46.629,901202.194
1664678460000,19328,19328,19319.5,19323,23.525,454574.6695
1664678520000,19323,19323.5,19323,19323,7.644,147705.104
1664678580000,19323,19339,19323,19339,80.806,1562178.3785
1664678640000,19339,19339,19325,19328,145.256,2807935.9665
1664678700000,19328,19337,19328,19336.5,23.297,450398.9965
1664678760000,19336.5,19336.5,19334.5,19334.5,49.418,955501.7125
1664678820000,19334.5,19335,19330,19330.5,14.348,277375.908
1664678880000,19330.5,19330.5,19323,19323,36.726,709827.7415
1664678940000,19323,19323.5,19322,19322,6.635,128205.7845
1664679000000,19322,19322.5,19320,19320,17.386,335902.7815
1664679060000,19320,19320.5,19310.5,19311,85.584,1653392.699
1664679120000,19311,19311,19310.5,19310.5,12.084,233349.8375
1664679180000,19310.5,19317,19310.5,19317,25.898,500159.9615
1664679240000,19317,19321,19316.5,19321,14.382,277862.5005
1664679300000,19321,19321,19320,19320,5.873,113469.5605
1664679360000,19320,19320.5,19317.5,19317.5,18.196,351548.0575
1664679420000,19317.5,19317.5,19311,19311,28.756,555368.9835
1664679480000,19311,19311.5,19310,19310,12.866,248455.962
1664679540000,19310,19310,19305,19305.5,11.29,217963.6755
1664679600000,19305.5,19309.5,19303.5,19304,33.76,651781.8345
1664679660000,19304,19304,19303.5,19303.5,8.641,166804.317
1664679720000,19303.5,19304,19296,19296,117.054,2259136.217
1664679780000,19296,19296.5,19296,19296,22.416,432548.731
1664679840000,19296,19296.5,19296,19296.5,15.561,300268.9605
1664679900000,19296.5,19296.5,19291.5,19295,126.347,2437837.326
1664679960000,19295,19296,19295,19296,12.442,240075.525
1664680020000,19296,19310.5,19295.5,19310.5,50.295,970767.9755
1664680080000,19310.5,19310.5,19310,19310,14.128,272817.132
1664680140000,19310,19310.5,19310,19310,6.235,120399.277
1664680200000,19310,19310.5,19303.5,19306,37.504,724173.7395
1664680260000,19306,19315,19306,19314.5,44.687,862940.159
1664680320000,19314.5,19315,19314.5,19314.5,6.07,117241.7805
1664680380000,19314.5,19316.5,19314.5,19316,14.904,287878.318
1664680440000,19316,19316.5,19306,19306.5,24.292,469135.6015
1664680500000,19306.5,19306.5,19296,19298,38.872,750307.7275
1664680560000,19298,19305,19297.5,19302,6.857,132360.2305
1664680620000,19302,19302,19301.5,19301.5,12.866,248336.187
1664680680000,19301.5,19302,19301.5,19302,26.967,520505.247
1664680740000,19302,19302,19301.5,19302,3.004,57982.8335
1664680800000,19302,19302,19301.5,19302,5.501,106177.705
1664680860000,19302,19302,19283,19290.5,129.082,2490099.347
1664680920000,19290.5,19291,19285.5,19289,20.211,389841.1885
1664680980000,19289,19289.5,19289,19289.5,6.755,130299.107
1664681040000,19289.5,19289.5,19282.5,19284.5,14.961,288540.5165
1664681100000,19284.5,19293.5,19284.5,19293.5,25.981,501111.595
1664681160000,19293.5,19296.5,19293,19296.5,3.533,68170.018
1664681220000,19296.5,19296.5,19293.5,19293.5,9.631,185828.0255
1664681280000,19293.5,19294,19285.5,19285.5,46.298,893189.2255
1664681340000,19285.5,19285.5,19280,19280,50.293,969712.833
1664681400000,19280,19289,19280,19284,40.833,787532.1655
1664681460000,19284,19288.5,19283.5,19288.5,18.443,355689.3105
1664681520000,19288.5,19289.5,19288,19289.5,20.627,397861.7405
1664681580000,19289.5,19289.5,19282,19282,17.835,343979.3095
1664681640000,19282,19282.5,19278,19278.5,47.569,917124.4605
1664681700000,19278.5,19282,19278,19282,27.529,530787.7645
1664681760000,19282,19282,19281.5,19281.5,7.088,136669.305
1664681820000,19281.5,19283,19281.5,19283,8.855,170743.8335
1664681880000,19283,19283,19282.5,19283,4.188,80756.667
1664681940000,19283,19289,19282.5,19288.5,15.733,303431.8825
1664682000000,19288.5,19289,19288.5,19289,9.199,177438.9205
1664682060000,19289,19296.5,19289,19296.5,41.523,801029.8105
1664682120000,19296.5,19296.5,19296,19296,6.861,132392.592
1664682180000,19296,19296.5,19296,19296,2.166,41795.5215
1664682240000,19296,19296.5,19296,19296,0.911,17579.0715
1664682300000,19296,19296.5,19296,19296.5,9.202,177562.6745
1664682360000,19296.5,19296.5,19296,19296.5,2.542,49051.579
1664682420000,19296.5,19296.5,19294,19294.5,13.79,266085.0335
1664682480000,19294.5,19294.5,19294,19294.5,12.943,249727.563
1664682540000,19294.5,19299,19294,19298.5,8.625,166431.467
1664682600000,19298.5,19299,19298.5,19299,2.406,46433.0725
1664682660000,19299,19302.5,19298.5,19302,15.761,304184.808
1664682720000,19302,19305,19302,19305,7.147,137969.926
1664682780000,19305,19305,19300,19300,11.043,213165.249
1664682840000,19300,19300.5,19300,19300.5,1.362,26287.0815
1664682900000,19300.5,19300.5,19300,19300.5,10.186,196590.1965
1664682960000,19300.5,19300.5,19298,19298.5,3.617,69806.102
1664683020000,19298.5,19298.5,19297,19297,15.52,299498.961
1664683080000,19297,19298,19297,19298,10.495,202528.137
1664683140000,19298,19298,19297.5,19297.5,3.187,61502.702
1664683200000,19297.5,19298,19296,19296.5,14.713,283922.67
1664683260000,19296.5,19296.5,19295,19295.5,5.099,98387.347
1664683320000,19295.5,19299,19291.5,19292,55.599,1072883.859
1664683380000,19292,19300.5,19290,19300.5,28.843,556448.157
1664683440000,19300.5,19300.5,19300,19300,4.128,79671.4735
1664683500000,19300,19300.5,19300,19300.5,1.069,20631.9595
1664683560000,19300.5,19300.5,19297,19297,6.155,118778.7295
1664683620000,19297,19297.5,19297,19297.5,1.362,26282.871
1664683680000,19297.5,19297.5,19290,19290,105.109,2027895.3775
1664683740000,19290,19290.5,19290,19290,1.448,27932.493
1664683800000,19290,19294,19290,19293.5,15.426,297598.445
1664683860000,19293.5,19296.5,19293.5,19296,30.126,581265.1445
1664683920000,19296,19296.5,19296,19296.5,1.696,32726.755
1664683980000,19296.5,19296.5,19292.5,19293,38.845,749501.636
1664684040000,19293,19293,19290,19290.5,2.773,53498.468
1664684100000,19290.5,19290.5,19288.5,19289,13.201,254636.53
1664684160000,19289,19289,19288.5,19288.5,4.538,87532.69
1664684220000,19288.5,19289,19288.5,19289,14.506,279804.784
1664684280000,19289,19292,19288.5,19292,8.045,155181.742
1664684340000,19292,19292,19291.5,19292,12.461,240393.9285
1664684400000,19292,19292,19291.5,19291.5,1.346,25966.5265
1664684460000,19291.5,19292,19291.5,19291.5,6.404,123543.311
1664684520000,19291.5,19292,19291.5,19292,7.833,151111.39
1664684580000,19292,19292,19291.5,19291.5,2.086,40242.6
1664684640000,19291.5,19296.5,19291.5,19296,7.393,142631.7535
1664684700000,19296,19296.5,19296,19296,2.661,51347.098
1664684760000,19296,19300,19296,19299.5,21.782,420331.824
1664684820000,19299.5,19300,19299.5,19300,15.436,297913.4
1664684880000,19300,19301,19299.5,19301,6.239,120417.5685
1664684940000,19301,19305,19300.5,19305,10.788,208235.17
1664685000000,19305,19305.5,19304.5,19305,17.367,335273.5325
1664685060000,19305,19306.5,19305,19306,4.883,94272.3165
1664685120000,19306,19307,19306,19307,3.355,64772.5825
1664685180000,19307,19307,19306.5,19306.5,5.117,98793.3355
1664685240000,19306.5,19307,19306.5,19307,7.772,150053.2115
1664685300000,19307,19307,19306,19306,12.497,241275.373
1664685360000,19306,19306.5,19306,19306,4.701,90758.4865
1664685420000,19306,19306.5,19306,19306.5,24.19,467021.228
1664685480000,19306.5,19306.5,19306,19306,5.294,102206.2135
1664685540000,19306,19306.5,19305,19305.5,15.193,293314.8575
1664685600000,19305.5,19305.5,19305,19305,1.852,35753.147
1664685660000,19305,19305.5,19305,19305,1.174,22664.281
1664685720000,19305,19305.5,19305,19305,6.467,124848.43
1664685780000,19305,19307.5,19305,19307.5,5.083,98133.433
1664685840000,19307.5,19307.5,19305.5,19305.5,7.887,152271.981
1664685900000,19305.5,19306,19305.5,19306,3.08,59462.0955
1664685960000,19306,19306,19305.5,19306,19.066,368080.9255
1664686020000,19306,19306,19291.5,19295.5,36.635,706935.347
1664686080000,19295.5,19299.5,19295.5,19299.5,1.319,25454.4065
1664686140000,19299.5,19299.5,19299,19299.5,0.809,15613.138
1664686200000,19299.5,19301.5,19299.5,19301.5,6.519,125819.48
1664686260000,19301.5,19319,19301.5,19318.5,46.162,891506.331
1664686320000,19318.5,19325,19318.5,19319.5,85.805,1657901.509
1664686380000,19319.5,19319.5,19319,19319.5,19.204,371005.4625
1664686440000,19319.5,19319.5,19319,19319.5,13.091,252909.3115
1664686500000,19319.5,19319.5,19319,19319,9.564,184769.3565
1664686560000,19319,19319.5,19319,19319.5,25.843,499263.06
1664686620000,19319.5,19319.5,19309.5,19315.5,101.69,1964124.076
1664686680000,19315.5,19316,19315.5,19316,3.799,73379.7245
1664686740000,19316,19324,19315.5,19324,70.896,1369600.095
1664686800000,19324,19324,19313,19313,26.073,503760.888
1664686860000,19313,19313.5,19313,19313,6.755,130460.114
1664686920000,19313,19313.5,19313,19313,4.771,92143.763
1664686980000,19313,19313.5,19310,19310,27.848,537818.809
1664687040000,19310,19315.5,19310,19315,12.231,236206.346
1664687100000,19315,19318.5,19315,19318.5,6.041,116694.4825
1664687160000,19318.5,19318.5,19318,19318.5,5.324,102850.8935
1664687220000,19318.5,19318.5,19314,19314,10.942,211340.752
1664687280000,19314,19314.5,19314,19314.5,1.155,22308.0345
1664687340000,19314.5,19314.5,19314,19314,3.655,70593.09
1664687400000,19314,19314.5,19314,19314,2.165,41815.5585
1664687460000,19314,19314.5,19314,19314.5,2.311,44635.2315
1664687520000,19314.5,19314.5,19313,19313,3.193,61668.525
1664687580000,19313,19313.5,19313,19313,7.681,148345.5885
1664687640000,19313,19321,19313,19320.5,56.193,1085400.75
1664687700000,19320.5,19321,19316.5,19316.5,6.121,118244.022
1664687760000,19316.5,19317,19316.5,19316.5,8.108,156620.673
1664687820000,19316.5,19325.5,19316.5,19325.5,113.792,2198703.4525
1664687880000,19325.5,19328,19325,19328,83.769,1618987.8825
1664687940000,19328,19332.5,19327.5,19332.5,53.392,1032059.9725
1664688000000,19332.5,19334,19332,19334,37.671,728295.3795
1664688060000,19334,19337.5,19333.5,19334,55.086,1065112.149
1664688120000,19334,19334.5,19333.5,19333.5,57.354,1108885.209
1664688180000,19333.5,19350,19333.5,19343,254.53,4923929.9095
1664688240000,19343,19343.5,19342,19342,16.659,322234.638
1664688300000,19342,19342.5,19338.5,19338.5,67.274,1301147.7475
1664688360000,19338.5,19339,19337.5,19337.5,25.39,490985.0815
1664688420000,19337.5,19345,19337.5,19344.5,59.105,1143140.8395
1664688480000,19344.5,19345,19344.5,19344.5,7.865,152146.5575
1664688540000,19344.5,19345,19344.5,19345,15.357,297077.759
1664688600000,19345,19346,19344.5,19345.5,44.132,853726.225
1664688660000,19345.5,19379,19345.5,19366,531.187,10285423.1785
1664688720000,19366,19380,19366,19377,373.742,7239931.5535
1664688780000,19377,19385.5,19373.5,19385.5,154.358,2991565.787
1664688840000,19385.5,19385.5,19365,19365,183.134,3547810.1865
1664688900000,19365,19365.5,19335,19355,208.702,4038250.728
1664688960000,19355,19366.5,19355,19363.5,99.023,1917276.096
1664689020000,19363.5,19383.5,19363,19376.5,114.212,2213008.491
1664689080000,19376.5,19377,19366.5,19367,36.607,709173.349
1664689140000,19367,19367,19350,19358.5,64.407,1246710.8435
1664689200000,19358.5,19360,19357,19357.5,37.913,733954.896
1664689260000,19357.5,19357.5,19329,19336,102.288,1978460.7505
1664689320000,19336,19336.5,19330,19331.5,58.82,1137184.387
1664689380000,19331.5,19335.5,19331,19333,80.909,1564219.4975
1664689440000,19333,19333,19318.5,19323.5,100.063,1933579.5055
1664689500000,19323.5,19330,19323.5,19330,33.989,656864.6235
1664689560000,19330,19333,19326,19326.5,13.789,266553.5695
1664689620000,19326.5,19340,19326,19337,29.608,572461.212
1664689680000,19337,19349.5,19336.5,19347,63.597,1230160.941
1664689740000,19347,19351.5,19342,19351,21.6,417873.3015
1664689800000,19351,19351.5,19341.5,19341.5,94.649,1831113.827
1664689860000,19341.5,19342,19320,19323.5,90.7,1753337.127
1664689920000,19323.5,19323.5,19294.5,19295,322.843,6231882.3745
1664689980000,19295,19303,19286,19303,139.947,2699865.628
1664690040000,19303,19311,19302.5,19306.5,49.383,953411.8085
1664690100000,19306.5,19306.5,19306,19306,21.952,423811.787
1664690160000,19306,19321.5,19306,19316,129.496,2501262.1905
1664690220000,19316,19319.5,19314.5,19315,55.922,1080303.8085
1664690280000,19315,19317.5,19314.5,19317.5,27.477,530709.458
1664690340000,19317.5,19325,19317,19321,31.309,604908.869
1664690400000,19321,19330.5,19320.5,19330,46.359,895966.998
1664690460000,19330,19330.5,19319,19319,25.877,500039.419
1664690520000,19319,19330,19319,19330,20.262,391537.286
1664690580000,19330,19339,19329.5,19331,68.017,1315112.1085
1664690640000,19331,19337,19331,19336.5,15.731,304133.443
1664690700000,19336.5,19337,19331,19331,30.786,595287.461
1664690760000,19331,19331,19329,19329,34.208,661210.553
1664690820000,19329,19330,19329,19330,8.274,159932.318
1664690880000,19330,19330,19326,19330,92.148,1781119.711
1664690940000,19330,19342.5,19329.5,19342,22.873,442224.9365
1664691000000,19342,19367.5,19342,19354,261.988,5072518.2075
1664691060000,19354,19359.5,19354,19359,37.899,733667.2545
1664691120000,19359,19360,19344.5,19356,323.274,6256560.2925
1664691180000,19356,19356,19346,19346,61.365,1187595.521
1664691240000,19346,19348,19343.5,19343.5,32.396,626751.5575
1664691300000,19343.5,19344,19343.5,19343.5,5.117,98982.4305
1664691360000,19343.5,19344,19340,19340.5,10.974,212270.0515
1664691420000,19340.5,19340.5,19325,19325.5,112.926,2182843.38
1664691480000,19325.5,19325.5,19315.5,19320.5,56.59,1093202.7295
1664691540000,19320.5,19326.5,19320,19326,61.796,1194014.583
1664691600000,19326,19332,19326,19328,49.202,950978.7695
1664691660000,19328,19331.5,19328,19331,15.404,297732.8225
1664691720000,19331,19349,19331,19344.5,199.959,3867467.548
1664691780000,19344.5,19355,19344.5,19352.5,29.375,568418.7185
1664691840000,19352.5,19360,19351,19353.5,52.007,1006536.9385
1664691900000,19353.5,19354,19346.5,19352,63.277,1224577.3485
1664691960000,19352,19352.5,19344.5,19344.5,17.557,339699.709
1664692020000,19344.5,19365,19344.5,19364.5,60.809,1176733.548
1664692080000,19364.5,19369.5,19355,19355.5,64.044,1240139.7855
1664692140000,19355.5,19355.5,19353,19353.5,12.68,245406.3405
1664692200000,19353.5,19353.5,19337.5,19338,91.73,1774250.959
1664692260000,19338,19338,19325,19325.5,68.078,1316245.184
1664692320000,19325.5,19325.5,19325,19325,15.714,303677.4865
1664692380000,19325,19325.5,19325,19325.5,6.179,119411.412
1664692440000,19325.5,19325.5,19310,19313.5,112.744,2177812.451
1664692500000,19313.5,19330,19313,19330,50.246,970705.2465
1664692560000,19330,19330,19329.5,19330,3.396,65644.411
1664692620000,19330,19348.5,19329.5,19343,65.756,1271654.3955
1664692680000,19343,19343,19324.5,19324.5,22.191,429096.529
1664692740000,19324.5,19325,19313.5,19316,29.999,579633.329
1664692800000,19316,19316.5,19316,19316.5,9.815,189590.389
1664692860000,19316.5,19322,19316,19322,24.916,481343.8555
1664692920000,19322,19322,19312,19316,55.312,1068581.3495
1664692980000,19316,19316,19308.5,19311,75.352,1455220.078
1664693040000,19311,19314,19304.5,19313.5,49.151,949012.455
1664693100000,19313.5,19314,19305.5,19305.5,15.156,292652.9075
1664693160000,19305.5,19306,19305.5,19305.5,10.482,202363.9535
1664693220000,19305.5,19306,19303.5,19303.5,41.885,808596.711
1664693280000,19303.5,19311.5,19303.5,19308,32.982,636766.949
1664693340000,19308,19313.5,19308,19310,35.724,689799.8595
1664693400000,19310,19320,19310,19317.5,25.829,498874.576
1664693460000,19317.5,19319.5,19317,19317.5,20.785,401535.26
1664693520000,19317.5,19317.5,19312.5,19313,21.491,415083.347
1664693580000,19313,19313,19296,19296.5,80.128,1546648.094
1664693640000,19296.5,19296.5,19296,19296.5,24.629,475250.3225
1664693700000,19296.5,19296.5,19296,19296,51.609,995862.6815
1664693760000,19296,19296.5,19291,19291,64.817,1250643.871
1664693820000,19291,19291.5,19256,19263.5,529.745,10208992.2915
1664693880000,19263.5,19285,19260,19275.5,187.678,3615955.924
1664693940000,19275.5,19275.5,19264,19264,99.856,1924293.627
1664694000000,19264,19270,19264,19264.5,143.797,2770426.3425
1664694060000,19264.5,19264.5,19262,19262,46.024,886604.52
1664694120000,19262,19262.5,19257.5,19258,87.527,1685834.925
1664694180000,19258,19258,19256.5,19257,37.194,716266.788
1664694240000,19257,19274,19250,19268.5,231.45,4457080.559
1664694300000,19268.5,19269,19257,19261,115.638,2227663.207
1664694360000,19261,19273.5,19260.5,19273,116.511,2244608.3685
1664694420000,19273,19279.5,19271.5,19279.5,78.656,1516097.274
1664694480000,19279.5,19298,19279.5,19289,154.35,2977574.957
1664694540000,19289,19289.5,19289,19289.5,11.449,220840.117
1664694600000,19289.5,19289.5,19280,19280.5,13.289,256256.684
1664694660000,19280.5,19280.5,19280,19280,11.223,216381.693
1664694720000,19280,19280.5,19270.5,19270.5,119.049,2294920.563
1664694780000,19270.5,19271,19227,19238.5,506.424,9745774.183
1664694840000,19238.5,19259.5,19238.5,19259.5,77.709,1495877.6265
1664694900000,19259.5,19259.5,19252.5,19252.5,41.083,791001.2515
1664694960000,19252.5,19253,19245.5,19251,54.86,1056095.683
1664695020000,19251,19253,19251,19252.5,32.143,618836.7615
1664695080000,19252.5,19260,19252.5,19258.5,162.953,3137967.2615
1664695140000,19258.5,19266.5,19258,19266.5,142.502,2744706.5905
1664695200000,19266.5,19266.5,19253.5,19254,129.767,2499369.548
1664695260000,19254,19260.5,19253.5,19260.5,32.851,632557.8995
1664695320000,19260.5,19269,19260,19269,42.861,825664.2335
1664695380000,19269,19272,19268.5,19272,19.015,366428.6015
1664695440000,19272,19279.5,19271.5,19279.5,44.012,848334.6155
1664695500000,19279.5,19279.5,19262,19266.5,44.008,848058.644
1664695560000,19266.5,19285,19266.5,19285,60.452,1165378.9915
1664695620000,19285,19285,19279,19285,29.35,565891.2515
1664695680000,19285,19285,19281,19281.5,108.477,2091762.428
1664695740000,19281.5,19281.5,19281,19281.5,12.729,245432.1795
1664695800000,19281.5,19281.5,19280,19280,15.048,290135.436
1664695860000,19280,19285,19280,19284.5,19.716,380175.082
1664695920000,19284.5,19285,19278,19278,19.184,369916.872
1664695980000,19278,19285.5,19278,19285.5,86.314,1664271.8215
1664696040000,19285.5,19286.5,19285,19286.5,43.596,840807.169
1664696100000,19286.5,19286.5,19281,19281,79.713,1537103.063
1664696160000,19281,19282,19281,19282,12.789,246591.382
1664696220000,19282,19282,19281.5,19282,3.071,59214.6265
1664696280000,19282,19282,19281.5,19281.5,10.429,201088.1395
1664696340000,19281.5,19286,19281.5,19285.5,4.008,77283.0805
1664696400000,19285.5,19286,19281.5,19281.5,11.032,212720.635
1664696460000,19281.5,19282,19281.5,19281.5,6.492,125175.819
1664696520000,19281.5,19284,19281.5,19281.5,53.423,1030160.0815
1664696580000,19281.5,19282,19281.5,19282,2.561,49380.485
1664696640000,19282,19282,19281.5,19282,7.867,151690.17
1664696700000,19282,19289,19281.5,19288.5,70.828,1365874.0185
1664696760000,19288.5,19289,19288,19288,20.597,397282.561
1664696820000,19288,19288.5,19285.5,19285.5,15.366,296355.5685
1664696880000,19285.5,19286,19266.5,19266.5,247.773,4776432.503
1664696940000,19266.5,19267,19266.5,19267,19.539,376448.7445
1664697000000,19267,19267,19266.5,19267,5.813,111997.586
1664697060000,19267,19271,19266.5,19271,18.034,347525.252
1664697120000,19271,19271,19270.5,19271,10.973,211459.08
1664697180000,19271,19271,19270,19270,9.043,174261.9115
1664697240000,19270,19270.5,19270,19270.5,7.675,147899.4175
1664697300000,19270.5,19274,19270,19274,19.542,376593.598
1664697360000,19274,19275.5,19273.5,19275.5,12.371,238455.383
1664697420000,19275.5,19281,19275,19277.5,35.916,692399.362
1664697480000,19277.5,19278,19277.5,19277.5,7.415,142945.4505
1664697540000,19277.5,19278,19277.5,19277.5,24.181,466158.7365
1664697600000,19277.5,19278,19260,19266.5,113.008,2177282.777
1664697660000,19266.5,19268,19264,19264.5,103.395,1992072.7875
1664697720000,19264.5,19281.5,19264,19281,60.183,1159626.197
1664697780000,19281,19281.5,19281,19281.5,3.899,75178.007
1664697840000,19281.5,19282,19281,19281.5,23.23,447908.6685
1664697900000,19281.5,19287,19280,19286.5,84.458,1628526.5055
1664697960000,19286.5,19287,19286.5,19287,33.567,647405.914
1664698020000,19287,19287,19286.5,19286.5,21.658,417715.4215
1664698080000,19286.5,19287,19278.5,19279,34.204,659663.42
1664698140000,19279,19279,19275,19275.5,22.446,432648.9985
1664698200000,19275.5,19280,19275,19280,11.566,222956.027
1664698260000,19280,19280,19279.5,19280,18.497,356615.179
1664698320000,19280,19283,19279,19279.5,14.751,284424.6625
1664698380000,19279.5,19279.5,19277,19277.5,23.373,450567.3195
1664698440000,19277.5,19277.5,19273,19273.5,24.485,471952.716
1664698500000,19273.5,19273.5,19273,19273.5,3.736,72004.231
1664698560000,19273.5,19273.5,19260,19260.5,48.588,936048.7905
1664698620000,19260.5,19269,19260,19268.5,22.767,438551.4435
1664698680000,19268.5,19269,19268.5,19269,11.452,220668.225
1664698740000,19269,19269,19268.5,19269,6.573,126653.346
1664698800000,19269,19272,19268.5,19272,23.911,460766.536
1664698860000,19272,19272,19271,19271,6.94,133743.7115
1664698920000,19271,19271.5,19271,19271,4.409,84966.8935
1664698980000,19271,19274,19262,19262,58.027,1118287.7255
1664699040000,19262,19262,19261,19261.5,27.457,528862.358
1664699100000,19261.5,19267,19261.5,19266.5,34.524,665032.7985
1664699160000,19266.5,19269,19266.5,19269,15.122,291354.667
1664699220000,19269,19274,19268.5,19273.5,12.119,233571.302
1664699280000,19273.5,19274,19273.5,19274,3.634,70041.0525
1664699340000,19274,19274,19273.5,19273.5,34.244,660018.2505
1664699400000,19273.5,19274,19273.5,19273.5,3.554,68498.65
1664699460000,19273.5,19274.5,19273.5,19274,15.059,290247.571
1664699520000,19274,19274.5,19272.5,19272.5,43.962,847319.581
1664699580000,19272.5,19273,19272.5,19272.5,4.41,84992.5815
1664699640000,19272.5,19273,19262,19265,68.794,1325623.2765
1664699700000,19265,19265.5,19265,19265,3.198,61610.1945
1664699760000,19265,19269.5,19265,19269,9.556,184105.1085
1664699820000,19269,19269.5,19269,19269.5,6.024,116079.32
1664699880000,19269.5,19270.5,19269.5,19270,8.692,167496.622
1664699940000,19270,19273.5,19270,19273,2.708,52189.939
1664700000000,19273,19273.5,19273,19273.5,8.837,170319.3875
1664700060000,19273.5,19274.5,19273,19274.5,25.491,491311.6695
1664700120000,19274.5,19274.5,19274,19274.5,2.895,55799.0745
1664700180000,19274.5,19274.5,19274,19274,4.36,84036.0015
1664700240000,19274,19274.5,19246,19255,215.481,4149271.653
1664700300000,19255,19264.5,19254.5,19264.5,17.075,328870.2095
1664700360000,19264.5,19270,19264,19269.5,17.988,346535.524
1664700420000,19269.5,19270,19265,19265,61.256,1180279.6655
1664700480000,19265,19265.5,19265,19265,7.731,148939.032
1664700540000,19265,19265.5,19265,19265,3.966,76406.6945
1664700600000,19265,19265.5,19265,19265.5,11.462,220816.398
1664700660000,19265.5,19265.5,19265,19265,6.671,128517.2965
1664700720000,19265,19265.5,19265,19265.5,3.038,58528.3355
1664700780000,19265.5,19265.5,19265,19265,5.874,113165.058
1664700840000,19265,19267,19265,19266.5,27.098,522060.793
1664700900000,19266.5,19269,19266.5,19269,5.828,112291.913
1664700960000,19269,19269,19268.5,19269,5.294,102009.1555
1664701020000,19269,19269,19268.5,19269,9.039,174172.3445
1664701080000,19269,19274,19268.5,19273.5,60.264,1161331.583
1664701140000,19273.5,19274,19273.5,19273.5,5.892,113561.8215
1664701200000,19273.5,19273.5,19267.5,19267.5,43.242,833329.857
1664701260000,19267.5,19270,19267.5,19269.5,13.796,265824.9605
1664701320000,19269.5,19270.5,19269.5,19270.5,7.6,146453.0995
1664701380000,19270.5,19273,19270,19273,6.737,129832.5275
1664701440000,19273,19273,19272.5,19273,13.319,256696.3335
1664701500000,19273,19275,19272.5,19275,27.469,529422.1115
1664701560000,19275,19275,19274.5,19274.5,3.201,61698.632
1664701620000,19274.5,19275,19274.5,19275,18.325,353213.9295
1664701680000,19275,19275,19274.5,19275,3.068,59135.107
1664701740000,19275,19275,19274.5,19274.5,1.741,33557.483
1664701800000,19274.5,19275,19274.5,19275,2.683,51713.739
1664701860000,19275,19275,19274.5,19274.5,7.15,137815.678
1664701920000,19274.5,19276.5,19274.5,19276,29.428,567222.027
1664701980000,19276,19278.5,19276,19278.5,48.462,934194.2975
1664702040000,19278.5,19278.5,19278,19278.5,6.389,123169.729
1664702100000,19278.5,19279.5,19278,19279,34.657,668139.606
1664702160000,19279,19279.5,19279,19279,11.129,214560.314
1664702220000,19279,19279.5,19267,19267,75.131,1448106.6975
1664702280000,19267,19267.5,19267,19267.5,15.393,296579.9445
1664702340000,19267.5,19277,19267,19277,21.945,422912.9425
1664702400000,19277,19281,19277,19281,46.985,905882.2185
1664702460000,19281,19281,19271.5,19271.5,58.679,1131272.2905
1664702520000,19271.5,19272,19271.5,19271.5,1.802,34727.7105
1664702580000,19271.5,19272,19271.5,19272,13.718,264372.2855
1664702640000,19272,19272,19266.5,19266.5,43.544,839149.8575
1664702700000,19266.5,19267,19266.5,19266.5,7.391,142400.585
1664702760000,19266.5,19267,19266.5,19267,4.725,91036.423
1664702820000,19267,19269.5,19266.5,19269.5,19.765,380832.342
1664702880000,19269.5,19269.5,19269,19269.5,2.86,55109.6475
1664702940000,19269.5,19269.5,19261.5,19265.5,52.955,1020215.952
1664703000000,19265.5,19265.5,19256.5,19256.5,56.004,1078638.3745
1664703060000,19256.5,19256.5,19250.5,19251.5,35.337,680338.9275
1664703120000,19251.5,19251.5,19238,19246.5,198.236,3814684.766
1664703180000,19246.5,19246.5,19231.5,19244.5,72.319,1391441.7105
1664703240000,19244.5,19250,19244,19245,102.56,1974167.262
1664703300000,19245,19245,19232,19239.5,251.186,4832594.475
1664703360000,19239.5,19244,19239.5,19244,57.71,1110462.628
1664703420000,19244,19244,19243.5,19244,20.617,396751.1925
1664703480000,19244,19244,19243.5,19243.5,13.174,253519.86
1664703540000,19243.5,19244,19243.5,19244,14.151,272320.1215
1664703600000,19244,19244,19243,19243.5,26.421,508436.0715
1664703660000,19243.5,19243.5,19232,19232,45.901,883018.8635
1664703720000,19232,19240,19202.5,19239.5,613.34,11789394.175
1664703780000,19239.5,19256.5,19239,19256.5,104.009,2001886.953
1664703840000,19256.5,19256.5,19249.5,19249.5,44.155,850169.957
1664703900000,19249.5,19250,19249.5,19249.5,29.129,560728.544
1664703960000,19249.5,19259,19249.5,19258.5,77.114,1484720.126
1664704020000,19258.5,19260.5,19258.5,19260.5,30.577,588888.7985
1664704080000,19260.5,19260.5,19250.5,19254.5,31.547,607490.589
1664704140000,19254.5,19256,19254,19255.5,16.679,321160.452
1664704200000,19255.5,19256,19255.5,19256,26.314,506702.0075
1664704260000,19256,19261.5,19256,19261.5,60.142,1158287.6775
1664704320000,19261.5,19261.5,19242,19247.5,101.193,1948404.5665
1664704380000,19247.5,19248.5,19247.5,19248,30.719,591278.1085
1664704440000,19248,19248.5,19248,19248.5,10.701,205976.1895
1664704500000,19248.5,19248.5,19248,19248,7.303,140568.7615
1664704560000,19248,19248.5,19248,19248,19.314,371756.648
1664704620000,19248,19248.5,19248,19248.5,13.555,260910.556
1664704680000,19248.5,19254.5,19248.5,19254.5,28.812,554656.3425
1664704740000,19254.5,19254.5,19254,19254,8.669,166916.3365
1664704800000,19254,19254.5,19254,19254.5,17.163,330464.3395
1664704860000,19254.5,19254.5,19250,19252,63.954,1231263.2985
1664704920000,19252,19252.5,19252,19252.5,16.34,314578.498
1664704980000,19252.5,19252.5,19242.5,19247.5,42.315,814568.342
1664705040000,19247.5,19252.5,19247.5,19252,33.506,645041.5285
1664705100000,19252,19252.5,19247.5,19247.5,9.826,189133.6455
1664705160000,19247.5,19248,19240.5,19241,17.466,336091.4695
1664705220000,19241,19241.5,19240.5,19241,17.586,338375.5345
1664705280000,19241,19241.5,19211.5,19214,198.233,3811109.7775
1664705340000,19214,19229.5,19210,19226,120.443,2314862.1475
1664705400000,19226,19226.5,19216,19216,74.225,1426782.7365
1664705460000,19216,19216.5,19175,19175,926.327,17781557.4205
1664705520000,19175,19204,19164.5,19204,502.915,9647487.5355
1664705580000,19204,19214.5,19199,19214.5,141.207,2711577.506
1664705640000,19214.5,19214.5,19203.5,19203.5,55.953,1074816.6015
1664705700000,19203.5,19208.5,19110.5,19118.5,2351.032,44994797.8855
1664705760000,19118.5,19136,19032,19102.5,2943.66,56153703.1815
1664705820000,19102.5,19119.5,19084,19100.5,513.825,9817571.654
1664705880000,19100.5,19100.5,19077,19100,321.182,6130805.9805
1664705940000,19100,19123,19099.5,19120,324.707,6206849.7935
1664706000000,19120,19120,19086,19092.5,471.085,8998270.111
1664706060000,19092.5,19099,19075.5,19085.5,290.773,5550378.6245
1664706120000,19085.5,19090,19071.5,19072,331.616,6328702.4985
1664706180000,19072,19084,19071.5,19072.5,224.199,4276901.861
1664706240000,19072.5,19072.5,19028,19049,695.265,13242819.373
1664706300000,19049,19079,19049,19078,394.655,7524044.988
1664706360000,19078,19090,19074,19090,243.938,4655365.244
1664706420000,19090,19090,19070,19076,212.781,4060392.0425
1664706480000,19076,19111.5,19075.5,19108,477.838,9126847.501
1664706540000,19108,19113.5,19097.5,19100.5,264.611,5055932.1045
1664706600000,19100.5,19103,19080.5,19103,127.357,2431464.857
1664706660000,19103,19105,19102.5,19105,101.237,1934054.6815
1664706720000,19105,19123,19096,19116,234.197,4475619.222
1664706780000,19116,19135.5,19116,19120.5,291.13,5568124.6905
1664706840000,19120.5,19148.5,19120,19148.5,377.398,7220697.759
1664706900000,19148.5,19148.5,19125,19130,155.42,2973636.283
1664706960000,19130,19130,19118.5,19119,114.268,2185228.9965
1664707020000,19119,19121.5,19108,19108.5,196.276,3751791.4845
1664707080000,19108.5,19115.5,19096.5,19099.5,112.612,2151597.4095
1664707140000,19099.5,19110.5,19097.5,19110.5,102.168,1951600.43
1664707200000,19110.5,19116.5,19106,19116.5,69.513,1328414.5605
1664707260000,19116.5,19116.5,19109,19109.5,58.178,1111792.3345
1664707320000,19109.5,19115,19108.5,19109,47.848,914400.517
1664707380000,19109,19109.5,19100,19100.5,61.048,1166416.906
1664707440000,19100.5,19100.5,19098,19098.5,38.144,728526.238
1664707500000,19098.5,19101,19098,19101,67.418,1287719.4895
1664707560000,19101,19101,19100,19100.5,29.185,557447.856
1664707620000,19100.5,19111.5,19100,19111,76.565,1462915.2375
1664707680000,19111,19119,19111,19114,41.821,799410.8795
1664707740000,19114,19117.5,19110,19111.5,105.429,2014990.3625
1664707800000,19111.5,19112,19092.5,19093,67.878,1296460.0555
1664707860000,19093,19098,19092.5,19098,56.705,1082864.89
1664707920000,19098,19105,19064.5,19064.5,169.615,3237010.557
1664707980000,19064.5,19097.5,19064.5,19094,104.018,1985016.0505
1664708040000,19094,19096.5,19094,19096,35.158,671348.5985
1664708100000,19096,19101,19091.5,19092,184.842,3530372.9235
1664708160000,19092,19092,19077.5,19090,59.531,1136154.0305
1664708220000,19090,19090,19081,19086.5,67.969,1297165.0085
1664708280000,19086.5,19091,19083,19090.5,73.885,1410213.334
1664708340000,19090.5,19095,19090.5,19095,33.196,633869.4845
1664708400000,19095,19095,19075.5,19088.5,76.469,1459316.643
1664708460000,19088.5,19100,19088,19100,60.729,1159524.858
1664708520000,19100,19112.5,19099.5,19112,104.875,2003707.443
1664708580000,19112,19119.5,19110.5,19119,80.228,1533558.7455
1664708640000,19119,19124,19115,19123.5,53.472,1022381.978
1664708700000,19123.5,19124.5,19115.5,19124.5,59.336,1134512.98
1664708760000,19124.5,19129,19124,19124.5,65.077,1244683.9605
1664708820000,19124.5,19135,19124,19135,112.029,2142951.4665
1664708880000,19135,19138.5,19132.5,19137.5,73.118,1399102.3305
1664708940000,19137.5,19145,19137.5,19144.5,83.651,1601110.467
1664709000000,19144.5,19149,19144.5,19146.5,97.292,1862805.2215
1664709060000,19146.5,19146.5,19141,19141.5,114.291,2188021.2455
1664709120000,19141.5,19144.5,19141,19144,66.816,1278976.5075
1664709180000,19144,19144.5,19144,19144.5,24.598,470910.0965
1664709240000,19144.5,19149.5,19144,19149.5,67.481,1291970.943
1664709300000,19149.5,19155.5,19147.5,19155.5,155.215,2972586.6895
1664709360000,19155.5,19161.5,19155,19159,105.738,2025864.2415
1664709420000,19159,19159.5,19155,19155.5,110.001,2107299.064
1664709480000,19155.5,19164,19155,19164,102.754,1968893.9165
1664709540000,19164,19189.5,19164,19189.5,350.85,6728937.634
1664709600000,19189.5,19189.5,19155,19155,131.742,2525778.3255
1664709660000,19155,19165.5,19155,19165.5,55.247,1058572.077
1664709720000,19165.5,19168.5,19165,19168.5,38.156,731278.564
1664709780000,19168.5,19183.5,19168,19183,183.217,3513400.309
1664709840000,19183,19183.5,19175,19183,66.691,1279106.2675
1664709900000,19183,19183,19182.5,19183,47.273,906818.4995
1664709960000,19183,19195,19182.5,19194.5,179.281,3440390.0115
1664710020000,19194.5,19225,19192.5,19215,620.769,11924857.539
1664710080000,19215,19239.5,19212,19239,279.588,5375633.0065
1664710140000,19239,19258.5,19239,19254.5,595.427,11462914.2935
1664710200000,19254.5,19254.5,19224.5,19224.5,282.167,5428355.1665
1664710260000,19224.5,19229,19217,19220,250.62,4817163.143
1664710320000,19220,19234.5,19210.5,19234,150.179,2886611.366
1664710380000,19234,19241,19218,19220.5,174.648,3358253.797
1664710440000,19220.5,19224.5,19214,19219,138.915,2669433.107
1664710500000,19219,19219.5,19205,19217,117.297,2253638.9355
1664710560000,19217,19219,19213,19219,64.389,1237368.4345
1664710620000,19219,19219,19218.5,19219,19.048,366080.8645
1664710680000,19219,19219,19197.5,19201.5,145.146,2787628.881
1664710740000,19201.5,19216,19201.5,19216,58.331,1120400.028
1664710800000,19216,19216,19181,19197.5,293.869,5639885.573
1664710860000,19197.5,19200,19186,19186,97.353,1868962.184
1664710920000,19186,19198.5,19186,19193.5,110.011,2111244.634
1664710980000,19193.5,19194,19193.5,19194,25.483,489113.993
1664711040000,19194,19194,19190.5,19190.5,33.778,648257.2765
1664711100000,19190.5,19200,19190.5,19197.5,49.579,951743.85
1664711160000,19197.5,19197.5,19183,19183,45.531,873742.883
1664711220000,19183,19185,19172.5,19185,101.936,1954790.4805
1664711280000,19185,19185,19184.5,19184.5,27.548,528499.4585
1664711340000,19184.5,19185,19184,19184.5,39.229,752589.7435
1664711400000,19184.5,19184.5,19173,19175,156.064,2992593.194
1664711460000,19175,19175,19174.5,19174.5,19.846,380541.948
1664711520000,19174.5,19175,19173.5,19174,33.882,649666.7325
1664711580000,19174,19174,19169,19171,41.611,797749.0235
1664711640000,19171,19177,19171,19176.5,50.286,964108.345
1664711700000,19176.5,19186,19176.5,19186,20.469,392691.906
1664711760000,19186,19193,19185.5,19193,62.958,1208143.3335
1664711820000,19193,19193,19181,19181,40.915,785000.216
1664711880000,19181,19185,19181,19183.5,14.062,269743.4095
1664711940000,19183.5,19192.5,19181.5,19185,53.493,1026339.589
1664712000000,19185,19190.5,19181,19190.5,48.655,933320.436
1664712060000,19190.5,19193,19190,19193,32.63,626213.2505
1664712120000,19193,19193,19192.5,19193,13.315,255554.181
1664712180000,19193,19194,19192.5,19193.5,11.903,228454.704
1664712240000,19193.5,19221.5,19193.5,19214,178.913,3437044.3525
1664712300000,19214,19227.5,19214,19227.5,120.361,2313441.705
1664712360000,19227.5,19227.5,19209.5,19222,64.184,1233393.5195
1664712420000,19222,19222,19208.5,19216.5,53.685,1031550.039
1664712480000,19216.5,19224,19216.5,19223.5,25.031,481098.787
1664712540000,19223.5,19235,19218.5,19234.5,55.991,1076549.473
1664712600000,19234.5,19235,19225,19228.5,51.283,986225.4135
1664712660000,19228.5,19228.5,19221,19221,53.049,1019739.68
1664712720000,19221,19221.5,19209.5,19209.5,46.36,890876.9375
1664712780000,19209.5,19210,19202,19209.5,57.795,1109938.274
1664712840000,19209.5,19222,19209.5,19209.5,76.035,1461237.3905
1664712900000,19209.5,19210,19187.5,19189.5,128.86,2473876.8855
1664712960000,19189.5,19198,19187.5,19190.5,87.133,1672136.596
1664713020000,19190.5,19190.5,19178,19183.5,99.979,1917834.7105
1664713080000,19183.5,19191,19183,19189,34.877,669189.098
1664713140000,19189,19189,19188.5,19188.5,40.465,776471.945
1664713200000,19188.5,19189,19183,19183,33.411,641008.488
1664713260000,19183,19183.5,19183,19183.5,22.081,423584.0975
1664713320000,19183.5,19183.5,19160,19163.5,148.251,2842249.252
1664713380000,19163.5,19170.5,19153.5,19167,171.49,3285830.9025
1664713440000,19167,19171.5,19164,19164.5,64.638,1238918.263
1664713500000,19164.5,19164.5,19163.5,19163.5,25.383,486443.1955
1664713560000,19163.5,19163.5,19137,19148,283.69,5431567.4895
1664713620000,19148,19151.5,19136,19139.5,126.933,2429791.9735
1664713680000,19139.5,19150,19136,19136.5,114.871,2199069.0895
1664713740000,19136.5,19148,19128,19141.5,216.691,4146782.865
1664713800000,19141.5,19152,19137.5,19152,115.25,2206797.254
1664713860000,19152,19156,19151.5,19155.5,58.283,1116388.3575
1664713920000,19155.5,19168,19155.5,19161.5,130.115,2492904.324
1664713980000,19161.5,19162,19153.5,19153.5,34.427,659512.092
1664714040000,19153.5,19160,19150.5,19159.5,87.171,1669505.6505
1664714100000,19159.5,19168,19159.5,19163.5,30.974,593590.416
1664714160000,19163.5,19163.5,19156,19156,19.553,374606.887
1664714220000,19156,19164,19156,19163.5,21.353,409162.5295
1664714280000,19163.5,19164,19160,19160.5,9.602,183988.038
1664714340000,19160.5,19164,19160,19164,25.849,495331.904
1664714400000,19164,19168,19160.5,19166,47.82,916543.7465
1664714460000,19166,19169.5,19165.5,19169,17.021,326251.823
1664714520000,19169,19169.5,19166,19166,12.616,241816.195
1664714580000,19166,19166.5,19160,19160,29.431,564048.907
1664714640000,19160,19160.5,19160,19160,47.606,912134
1664714700000,19160,19178.5,19160,19178.5,84.502,1619648.885
1664714760000,19178.5,19180,19144,19145,96.778,1854770.274
1664714820000,19145,19168.5,19145,19162.5,24.936,477736.66
1664714880000,19162.5,19162.5,19159.5,19160,28.137,539112.807
1664714940000,19160,19172,19160,19171.5,26.95,516563.0745
1664715000000,19171.5,19178,19163.5,19163.5,65.464,1255259.591
1664715060000,19163.5,19163.5,19160,19161.5,22.029,422081.5945
1664715120000,19161.5,19169.5,19161.5,19168.5,18.557,355674.129
1664715180000,19168.5,19169,19163.5,19164,10.845,207834.518
1664715240000,19164,19167,19159,19159.5,26.587,509503.814
1664715300000,19159.5,19159.5,19156,19156,21.905,419650.0495
1664715360000,19156,19159,19156,19158.5,14.968,286761.849
1664715420000,19158.5,19159,19132,19137,89.343,1710819.743
1664715480000,19137,19149,19136.5,19148.5,46.532,890683.456
1664715540000,19148.5,19158.5,19148.5,19153.5,64.893,1242983.12
1664715600000,19153.5,19153.5,19135,19146,70.942,1358218.94
1664715660000,19146,19147,19145,19147,37.416,716366.345
1664715720000,19147,19150.5,19144,19146,52.006,995760.168
1664715780000,19146,19154.5,19146,19150.5,43.087,825077.0965
1664715840000,19150.5,19150.5,19140,19140,90.985,1741702.4365
1664715900000,19140,19140.5,19140,19140.5,56.139,1074511.6945
1664715960000,19140.5,19140.5,19131,19131.5,129.877,2485344.8235
1664716020000,19131.5,19131.5,19116,19129,170.631,3263078.618
1664716080000,19129,19129,19120,19123,82.669,1580891.0655
1664716140000,19123,19129,19123,19129,37.238,712241.614
1664716200000,19129,19138.5,19128.5,19133,85.16,1629530.2265
1664716260000,19133,19140,19128,19131,75.186,1438560.075
1664716320000,19131,19133.5,19131,19133,18.748,358703.375
1664716380000,19133,19133.5,19133,19133.5,34.86,666987.9615
1664716440000,19133.5,19133.5,19132.5,19132.5,30.361,580889.2925
1664716500000,19132.5,19148.5,19132.5,19148.5,60.615,1159966.9345
1664716560000,19148.5,19148.5,19140,19140.5,35.108,672209.278
1664716620000,19140.5,19140.5,19140,19140,14.041,268747.046
1664716680000,19140,19156.5,19140,19155.5,92.93,1779360.465
1664716740000,19155.5,19156,19152.5,19153,18.827,360603.461
1664716800000,19153,19153,19140,19140,54.072,1035346.156
1664716860000,19140,19144.5,19140,19144.5,17.497,334924.2205
1664716920000,19144.5,19151.5,19144.5,19150,34.279,656430.9535
1664716980000,19150,19150,19134,19143.5,29.452,563679.736
1664717040000,19143.5,19143.5,19130,19130.5,36.058,689962.011
1664717100000,19130.5,19131,19130,19130.5,20.059,383739.2145
1664717160000,19130.5,19139,19130.5,19139,29.876,571687.9475
1664717220000,19139,19139,19138.5,19138.5,15.852,303384.873
1664717280000,19138.5,19143,19138.5,19141,28.147,538780.285
1664717340000,19141,19144.5,19141,19144.5,15.139,289807.419
1664717400000,19144.5,19144.5,19144,19144,23.078,441808.9045
1664717460000,19144,19148.5,19144,19148.5,29.487,564579.3145
1664717520000,19148.5,19160,19148,19159.5,101.112,1936553.3845
1664717580000,19159.5,19188.5,19159.5,19182,370.346,7101880.188
1664717640000,19182,19182,19170,19172.5,63.517,1217908.4295
1664717700000,19172.5,19180,19172,19179.5,60.936,1168316.289
1664717760000,19179.5,19191,19179.5,19181,138.053,2648709.158
1664717820000,19181,19181,19180.5,19181,34.534,662385.984
1664717880000,19181,19181,19168.5,19169,66.368,1272658.4465
1664717940000,19169,19175.5,19166,19175,46.332,888263.0155
1664718000000,19175,19175.5,19175,19175,9.883,189507.7505
1664718060000,19175,19175.5,19169.5,19175,17.191,329601.938
1664718120000,19175,19177,19170,19176,12.197,233883.9475
1664718180000,19176,19176,19170,19170.5,12.86,246583.4595
1664718240000,19170.5,19170.5,19170,19170.5,11.347,217524.733
1664718300000,19170.5,19177.5,19170,19177.5,73.598,1411169.075
1664718360000,19177.5,19177.5,19162,19162,43.554,834851.5575
1664718420000,19162,19168,19153.5,19164,107.924,2067534.855
1664718480000,19164,19164,19163.5,19163.5,14.193,271990.145
1664718540000,19163.5,19167,19163.5,19163.5,15.062,288668.1785
1664718600000,19163.5,19164,19163.5,19163.5,18.072,346329.603
1664718660000,19163.5,19164,19160,19160.5,24.072,461304.849
1664718720000,19160.5,19160.5,19159.5,19159.5,8.961,171689.2135
1664718780000,19159.5,19160,19155,19155,55.66,1066317.2035
1664718840000,19155,19162,19155,19162,22.373,428622.05
1664718900000,19162,19162,19156.5,19156.5,42.978,823521.585
1664718960000,19156.5,19157,19155,19155,20.091,384851.9935
1664719020000,19155,19155.5,19155,19155,10.501,201150.0195
1664719080000,19155,19155.5,19155,19155.5,29.788,570590.804
1664719140000,19155.5,19155.5,19155,19155.5,21.578,413332.9585
1664719200000,19155.5,19156.5,19155,19156,32.661,625626.6145
1664719260000,19156,19165,19156,19164.5,49.734,952888.141
1664719320000,19164.5,19168,19164.5,19167.5,10.859,208120.064
1664719380000,19167.5,19170,19167.5,19170,41.342,792519.0385
1664719440000,19170,19173.5,19169.5,19173,41.436,794384.885
1664719500000,19173,19173.5,19173,19173,11.534,221143.833
1664719560000,19173,19173.5,19173,19173.5,9.729,186536.1615
1664719620000,19173.5,19173.5,19163.5,19165.5,78.606,1506786.3405
1664719680000,19165.5,19167,19163,19167,18.408,352790.794
1664719740000,19167,19167,19166.5,19167,7.279,139514.7025
1664719800000,19167,19167,19166.5,19167,13.051,250147.66
1664719860000,19167,19167,19166.5,19167,8.745,167614.3585
1664719920000,19167,19167,19157.5,19158,76.344,1463024.136
1664719980000,19158,19158,19150,19150,75.344,1443008.542
1664720040000,19150,19150.5,19144.5,19145.5,33.696,645151.1675
1664720100000,19145.5,19148.5,19131,19148.5,180.751,3458864.228
1664720160000,19148.5,19155.5,19148,19155,79.212,1517134.313
1664720220000,19155,19155.5,19155,19155,19.625,375924.9425
1664720280000,19155,19163,19155,19163,29.713,569216.6295
1664720340000,19163,19163,19155,19155.5,116.75,2236836.8825
1664720400000,19155.5,19155.5,19145.5,19148.5,53.157,1017923.5415
1664720460000,19148.5,19148.5,19148,19148,14.996,287149.6045
1664720520000,19148,19148.5,19139,19139.5,37.289,713936.0705
1664720580000,19139.5,19143,19137,19142.5,69.055,1321655.408
1664720640000,19142.5,19167,19142.5,19163,117.528,2251244.418
1664720700000,19163,19163,19143,19145.5,76.423,1463801.5755
1664720760000,19145.5,19156.5,19145.5,19156.5,70.439,1349138.871
1664720820000,19156.5,19156.5,19148.5,19149,38.985,746693.0395
1664720880000,19149,19149,19145,19145,68.463,1310848.4495
1664720940000,19145,19145.5,19137,19137.5,24.154,462352.222
1664721000000,19137.5,19139,19130.5,19132,180.499,3453498.3375
1664721060000,19132,19132,19107,19119.5,305.135,5833279.6835
1664721120000,19119.5,19137.5,19119.5,19134,178.917,3423051.897
1664721180000,19134,19138,19133.5,19136,48.395,926109.6425
1664721240000,19136,19136,19130,19130,21.269,406897.157
1664721300000,19130,19135,19130,19135,41.547,794832.3075
1664721360000,19135,19136.5,19130,19130.5,44.8,857281.5535
1664721420000,19130.5,19130.5,19119.5,19121.5,82.653,1580806.503
1664721480000,19121.5,19145,19121.5,19137.5,80.584,1542016.6975
1664721540000,19137.5,19143.5,19130.5,19130.5,59.183,1132734.095
1664721600000,19130.5,19131,19121.5,19121.5,81.457,1558260.737
1664721660000,19121.5,19124.5,19121.5,19124,37.387,714983.025
1664721720000,19124,19130,19124,19130,85.502,1635356.734
1664721780000,19130,19130,19129.5,19130,26.377,504590.0675
1664721840000,19130,19130,19129.5,19130,9.042,172972.1135
1664721900000,19130,19130,19129.5,19129.5,16.102,308028.328
1664721960000,19129.5,19138,19129.5,19135.5,57.079,1092132.241
1664722020000,19135.5,19135.5,19129.5,19130,22.757,435392.028
1664722080000,19130,19130,19124,19124,79.259,1515872.3255
1664722140000,19124,19124.5,19124,19124.5,13.231,253034.039
1664722200000,19124.5,19124.5,19115,19115,72.84,1392773.4205
1664722260000,19115,19117,19110,19116,125.269,2394318.3825
1664722320000,19116,19116.5,19061,19082.5,912.295,17407637.529
1664722380000,19082.5,19095,19075,19093.5,165.041,3149912.602
1664722440000,19093.5,19096,19079,19096,130.452,2490327.0165
1664722500000,19096,19097.5,19083.5,19092,102.413,1955145.0165
1664722560000,19092,19107.5,19091.5,19103,171.187,3268516.891
1664722620000,19103,19103,19095.5,19100,126.002,2406311.518
1664722680000,19100,19104,19092.5,19092.5,60.774,1160781.43
1664722740000,19092.5,19100.5,19092.5,19097,34.613,661087.361
1664722800000,19097,19103,19091,19096.5,192.477,3675910.981
1664722860000,19096.5,19101.5,19095,19101,42.768,816715.8155
1664722920000,19101,19112,19101,19111.5,79.108,1511524.8705
1664722980000,19111.5,19122.5,19104,19122,132.777,2538206.7865
1664723040000,19122,19122,19117.5,19118,38.732,740526.4235
1664723100000,19118,19118,19117.5,19117.5,27.795,531381.231
1664723160000,19117.5,19118,19117.5,19118,14.476,276747.5235
1664723220000,19118,19144,19117.5,19133.5,273.845,5238038.821
1664723280000,19133.5,19143,19128.5,19129,72.988,1396739.274
1664723340000,19129,19131.5,19128.5,19131,43.178,825996.729
1664723400000,19131,19135,19124.5,19134.5,38.494,736330.3745
1664723460000,19134.5,19137,19130.5,19130.5,68.406,1309052.278
1664723520000,19130.5,19135,19130,19135,32.018,612577.0185
1664723580000,19135,19135,19134.5,19135,23.299,445818.216
1664723640000,19135,19135,19134.5,19135,49.958,955938.2345
1664723700000,19135,19135,19130,19130,38.508,736749.98
1664723760000,19130,19130.5,19130,19130,12.707,243086.0595
1664723820000,19130,19130.5,19108,19109,107.933,2063049.515
1664723880000,19109,19118,19109,19118,45.112,862336.955
1664723940000,19118,19118,19117.5,19117.5,15.049,287705.003
1664724000000,19117.5,19118,19115,19115,31.499,602182.726
1664724060000,19115,19115.5,19105.5,19112.5,38.334,732555.8145
1664724120000,19112.5,19116.5,19112,19114,21.464,410250.466
1664724180000,19114,19114,19113.5,19114,19.889,380154.8755
1664724240000,19114,19118,19113.5,19114,25.312,483866.624
1664724300000,19114,19117,19102.5,19103,54.49,1041405.622
1664724360000,19103,19113,19101,19110,49.532,946332.308
1664724420000,19110,19115.5,19107,19107,56.817,1085772.923
1664724480000,19107,19107.5,19107,19107.5,17.046,325702.006
1664724540000,19107.5,19108,19101,19101,32.253,616134.615
1664724600000,19101,19118.5,19101,19118.5,69.182,1321557.151
1664724660000,19118.5,19119,19115.5,19116,13.784,263502.5945
1664724720000,19116,19116,19115.5,19116,12.78,244299.0945
1664724780000,19116,19116,19115.5,19115.5,10.58,202245.4875
1664724840000,19115.5,19128,19115.5,19127.5,80.103,1531397.8555
1664724900000,19127.5,19129,19122,19128,79.061,1512228.528
1664724960000,19128,19128,19125.5,19126,26.725,511133.667
1664725020000,19126,19126,19120.5,19121,32.76,626511.646
1664725080000,19121,19121,19120.5,19121,5.19,99237.399
1664725140000,19121,19121,19120.5,19121,8.311,158911.26
1664725200000,19121,19121,19120.5,19121,5.155,98567.5245
1664725260000,19121,19121,19109,19109.5,19.866,379779.8535
1664725320000,19109.5,19110,19105.5,19105.5,17.451,333457.7775
1664725380000,19105.5,19110,19104.5,19109.5,127.871,2443073.082
1664725440000,19109.5,19114,19109.5,19114,14.374,274733.984
1664725500000,19114,19114,19103.5,19109.5,52.855,1010089.1655
1664725560000,19109.5,19110,19109.5,19110,11.328,216477.202
1664725620000,19110,19110,19102.5,19105,29.806,569481.73
1664725680000,19105,19119,19105,19118.5,51.289,980131.6515
1664725740000,19118.5,19128.5,19118.5,19128.5,38.064,727925.3605
1664725800000,19128.5,19138,19128.5,19137.5,79.351,1518480.098
1664725860000,19137.5,19154,19137.5,19148.5,188.287,3604928.1405
1664725920000,19148.5,19149,19134.5,19140.5,104.047,1991593.277
1664725980000,19140.5,19140.5,19138.5,19139,39.345,753051.451
1664726040000,19139,19139,19136.5,19137,56.165,1074912.1535
1664726100000,19137,19137,19136,19136,11.169,213734.066
1664726160000,19136,19136.5,19131,19132.5,29.679,567899.4695
1664726220000,19132.5,19132.5,19132,19132.5,10.723,205153.4265
1664726280000,19132.5,19132.5,19132,19132.5,6.547,125259.739
1664726340000,19132.5,19139.5,19132,19137,87.336,1671319.4245
1664726400000,19137,19137.5,19137,19137,37.316,714122.595
1664726460000,19137,19149,19133,19143.5,133.231,2550540.4125
1664726520000,19143.5,19143.5,19143,19143.5,41.443,793362.641
1664726580000,19143.5,19144,19143,19143.5,23.375,447479.566
1664726640000,19143.5,19144,19136.5,19137,68.7,1315108.6225
1664726700000,19137,19139,19128,19138.5,57.155,1093519.5315
1664726760000,19138.5,19160.5,19138.5,19152.5,100.194,1918703.453
1664726820000,19152.5,19164,19152,19161,121.279,2323347.2435
1664726880000,19161,19161,19160.5,19160.5,37.981,727744.427
1664726940000,19160.5,19161,19150,19153,164.146,3144164.8885
1664727000000,19153,19161.5,19152.5,19161,99.375,1903943.413
1664727060000,19161,19165,19161,19164.5,34.568,662391.846
1664727120000,19164.5,19175,19164.5,19175,104.562,2004544.035
1664727180000,19175,19175,19171.5,19172.5,90.125,1727947.709
1664727240000,19172.5,19176,19172,19176,47.44,909622.677
1664727300000,19176,19186,19175,19186,165.135,3167255.367
1664727360000,19186,19199,19185.5,19194,254.767,4890141.561
1664727420000,19194,19195,19175,19183.5,140.995,2705158.047
1664727480000,19183.5,19190.5,19183,19190.5,79.342,1522235.125
1664727540000,19190.5,19200,19190,19200,225.264,4324702.341
1664727600000,19200,19209,19199.5,19206.5,134.122,2575643.7205
1664727660000,19206.5,19206.5,19194.5,19199,127.003,2438714.1675
1664727720000,19199,19216.5,19199,19216.5,240.886,4627663.271
1664727780000,19216.5,19225,19213.5,19225,223.885,4302592.3645
1664727840000,19225,19225,19210,19210.5,165.48,3180688.321
1664727900000,19210.5,19210.5,19190,19205,175.187,3363361.9225
1664727960000,19205,19205.5,19188,19188,100.367,1926701.612
1664728020000,19188,19198,19188,19193.5,68.187,1308894.8905
1664728080000,19193.5,19195.5,19193.5,19195,35.143,674536.4465
1664728140000,19195,19195.5,19191.5,19192,14.064,269917.6655
1664728200000,19192,19192,19186,19186,78.887,1513569.636
1664728260000,19186,19189,19180,19180,145.634,2794034.769
1664728320000,19180,19186.5,19180,19186.5,20.492,393085.7035
1664728380000,19186.5,19195.5,19186,19192,83.724,1606702.0075
1664728440000,19192,19192.5,19192,19192.5,15.24,292490.2165
1664728500000,19192.5,19192.5,19188.5,19188.5,60.634,1163656.6675
1664728560000,19188.5,19189,19181,19181,18.046,346229.6715
1664728620000,19181,19181.5,19165,19175,84.875,1627393.0185
1664728680000,19175,19175.5,19166,19174.5,62.459,1197429.1645
1664728740000,19174.5,19175,19158,19165.5,113.915,2182913.5035
1664728800000,19165.5,19173.5,19165.5,19173.5,34.461,660661.896
1664728860000,19173.5,19186.5,19168,19184,111.527,2138537.5325
1664728920000,19184,19184,19181,19181.5,17.361,333014.172
1664728980000,19181.5,19182,19181,19181.5,9.185,176183.8285
1664729040000,19181.5,19182,19181.5,19181.5,13.053,250381.597
1664729100000,19181.5,19190,19181.5,19190,40.27,772557.345
1664729160000,19190,19200,19189.5,19200,62.926,1207911.921
1664729220000,19200,19200,19189.5,19189.5,43.206,829479.658
1664729280000,19189.5,19190,19189,19189,32.298,619779.893
1664729340000,19189,19196,19189,19195.5,26.163,502059.958
1664729400000,19195.5,19196,19194.5,19194.5,10.97,210567.4025
1664729460000,19194.5,19207,19194.5,19206.5,115.515,2217759.331
1664729520000,19206.5,19207,19194.5,19196,148.251,2846058.5115
1664729580000,19196,19196,19195.5,19196,41.098,788898.0965
1664729640000,19196,19198.5,19195.5,19198,67.088,1287821.632
1664729700000,19198,19199.5,19198,19199.5,37.565,721209.946
1664729760000,19199.5,19199.5,19189.5,19190,74.978,1439378.3675
1664729820000,19190,19190,19183,19183,65.229,1251537.584
1664729880000,19183,19187.5,19183,19187.5,16.08,308515.9705
1664729940000,19187.5,19198.5,19184,19190.5,67.348,1292604.7885
1664730000000,19190.5,19190.5,19190,19190,14.343,275244.749
1664730060000,19190,19190.5,19185,19185,27.839,534149.497
1664730120000,19185,19195,19185,19195,27.374,525326.9005
1664730180000,19195,19195,19190,19190,17.354,333095.002
1664730240000,19190,19190.5,19187.5,19188,7.496,143831.4955
1664730300000,19188,19188,19187.5,19187.5,6.266,120230.872
1664730360000,19187.5,19188,19187.5,19187.5,3.905,74927.377
1664730420000,19187.5,19188,19187.5,19188,12.084,231865.9445
1664730480000,19188,19188,19187.5,19187.5,7.815,149951.1435
1664730540000,19187.5,19195,19187.5,19195,16.04,307813.0315
1664730600000,19195,19195,19194.5,19195,35.217,675978.6545
1664730660000,19195,19195,19194.5,19194.5,8.528,163694.6165
1664730720000,19194.5,19195,19191,19191,21.383,410434.546
1664730780000,19191,19191.5,19186,19186,36.496,700351.2495
1664730840000,19186,19186.5,19186,19186.5,19.154,367489.3965
1664730900000,19186.5,19186.5,19186,19186,10.454,200571.109
1664730960000,19186,19186.5,19172,19172,41.279,791682.4285
1664731020000,19172,19172.5,19172,19172,10.446,200272.2285
1664731080000,19172,19172.5,19171,19171,15.103,289559.4485
1664731140000,19171,19171,19170.5,19170.5,14.761,282978.3285
1664731200000,19170.5,19171,19152,19164.5,311.432,5967197.0705
1664731260000,19164.5,19166.5,19156,19166,131.312,2515958.3815
1664731320000,19166,19170,19166,19170,16.694,319998.9655
1664731380000,19170,19172.5,19169.5,19172.5,34.561,662558.873
1664731440000,19172.5,19172.5,19172,19172,18.119,347382.221
1664731500000,19172,19185,19172,19183,51.818,993865.2105
1664731560000,19183,19183,19182.5,19183,27.963,536412.678
1664731620000,19183,19183.5,19177,19177.5,56.169,1077357.0065
1664731680000,19177.5,19178,19177,19178,43.582,835801.2275
1664731740000,19178,19178,19177.5,19178,7.846,150467.7805
1664731800000,19178,19178,19177.5,19177.5,9.649,185045.2175
1664731860000,19177.5,19178,19176,19176,32.035,614331.283
1664731920000,19176,19176.5,19168,19168.5,26.34,504967.066
1664731980000,19168.5,19171.5,19168,19171,4.524,86724.5415
1664732040000,19171,19176.5,19171,19176.5,17.131,328456.1075
1664732100000,19176.5,19176.5,19176,19176.5,3.284,62975.3665
1664732160000,19176.5,19176.5,19176,19176.5,6.094,116860.0695
1664732220000,19176.5,19195,19176,19194.5,62.073,1190828.1675
1664732280000,19194.5,19200,19194.5,19199.5,92.835,1782184.775
1664732340000,19199.5,19211,19197,19211,142.626,2738806.4015
1664732400000,19211,19211,19202.5,19205,46.603,895216.449
1664732460000,19205,19205,19197.5,19198,23.155,444553.192
1664732520000,19198,19200,19197.5,19200,5.586,107240.9295
1664732580000,19200,19200,19199.5,19199.5,13.406,257392.047
1664732640000,19199.5,19200,19199.5,19199.5,4.623,88760.8215
1664732700000,19199.5,19200,19196.5,19199.5,11.925,228932.5875
1664732760000,19199.5,19206,19198,19198.5,20.542,394494.4155
1664732820000,19198.5,19198.5,19198,19198.5,13.811,265145.8985
1664732880000,19198.5,19198.5,19191,19191.5,31.562,605909.3585
1664732940000,19191.5,19191.5,19190,19190,14.933,286567.758
1664733000000,19190,19190.5,19186,19186,20.352,390509.9845
1664733060000,19186,19188.5,19186,19188.5,16.934,324927.974
1664733120000,19188.5,19199.5,19188,19199.5,49.39,947997.1045
1664733180000,19199.5,19199.5,19194,19194,66.853,1283245.795
1664733240000,19194,19199.5,19194,19199,46.568,893943.0725
1664733300000,19199,19201.5,19199,19201.5,55.146,1058876.413
1664733360000,19201.5,19201.5,19195.5,19196,50.864,976535.994
1664733420000,19196,19196,19195.5,19195.5,35.386,679269.0005
1664733480000,19195.5,19195.5,19189.5,19193.5,37.609,721765.259
1664733540000,19193.5,19194,19192,19192.5,3.123,59938.66
1664733600000,19192.5,19192.5,19182,19186,50.147,962160.573
1664733660000,19186,19195.5,19186,19195.5,7.105,136366.792
1664733720000,19195.5,19197,19195,19196.5,52.357,1005082.3355
1664733780000,19196.5,19198.5,19196.5,19197,22.947,440518.9715
1664733840000,19197,19197,19182,19182,32.562,624891.1945
1664733900000,19182,19182.5,19182,19182.5,12.421,238261.482
1664733960000,19182.5,19182.5,19181,19181.5,12.59,241499.3555
1664734020000,19181.5,19181.5,19177,19177.5,42.338,811953.952
1664734080000,19177.5,19177.5,19177,19177.5,8.67,166266.91
1664734140000,19177.5,19177.5,19177,19177,15.834,303649.1045
1664734200000,19177,19177.5,19173,19176.5,33.74,646999.2815
1664734260000,19176.5,19184,19176.5,19178,34.469,661053.7735
1664734320000,19178,19178.5,19173,19173,26.692,511842.208
1664734380000,19173,19173.5,19135,19152,288.419,5522719.7585
1664734440000,19152,19167.5,19152,19167,99.007,1896712.705
1664734500000,19167,19167.5,19156,19162,38.002,728149.812
1664734560000,19162,19162,19150.5,19150.5,23.234,445072.71
1664734620000,19150.5,19151,19148.5,19150,91.886,1759643.2235
1664734680000,19150,19150.5,19145,19145.5,50.151,960245.798
1664734740000,19145.5,19145.5,19145,19145,17.893,342566.6805
1664734800000,19145,19155,19145,19155,58.943,1128737.2
1664734860000,19155,19155,19154.5,19154.5,10.812,207100.685
1664734920000,19154.5,19154.5,19148.5,19152,34.821,666913.6545
1664734980000,19152,19152,19151.5,19151.5,9.83,188260.719
1664735040000,19151.5,19165,19140,19165,106.615,2041768.908
1664735100000,19165,19165,19160,19160.5,18.985,363780.0875
1664735160000,19160.5,19164.5,19160,19162.5,34.76,666104.9055
1664735220000,19162.5,19162.5,19162,19162.5,16,306596.298
1664735280000,19162.5,19162.5,19156,19159.5,26.268,503254.962
1664735340000,19159.5,19160,19159.5,19160,2.526,48397.502
1664735400000,19160,19160,19159.5,19159.5,5.389,103252.388
1664735460000,19159.5,19174,19159.5,19167.5,114.353,2191554.992
1664735520000,19167.5,19174,19167.5,19174,57.516,1102507.0695
1664735580000,19174,19174,19172.5,19173,10.291,197309.928
1664735640000,19173,19173,19170,19170,24.17,463397.936
1664735700000,19170,19174,19170,19173.5,27.36,524506.3285
1664735760000,19173.5,19199.5,19173.5,19199.5,98.472,1889806.746
1664735820000,19199.5,19199.5,19196,19196,13.707,263141.681
1664735880000,19196,19196.5,19196,19196,12.387,237783.476
1664735940000,19196,19196.5,19182.5,19186.5,30.737,589889.9015
1664736000000,19186.5,19187,19186.5,19186.5,9.875,189471.0215
1664736060000,19186.5,19187,19180,19180,33.38,640420.8635
1664736120000,19180,19182,19180,19182,6.999,134251.1075
1664736180000,19182,19182,19179,19179.5,12.898,247392.964
1664736240000,19179.5,19180.5,19177.5,19180.5,5.11,98005.848
1664736300000,19180.5,19181.5,19180,19181.5,31.57,605536.63
1664736360000,19181.5,19181.5,19181,19181.5,7.222,138527.249
1664736420000,19181.5,19198,19181,19197.5,93.588,1795504.724
1664736480000,19197.5,19198,19181.5,19181.5,11.356,217918.884
1664736540000,19181.5,19182,19166,19170,64.882,1244145.7855
1664736600000,19170,19185.5,19170,19185.5,14.701,281941.9445
1664736660000,19185.5,19185.5,19185,19185.5,6.226,119447.0335
1664736720000,19185.5,19185.5,19185,19185,3.398,65191.008
1664736780000,19185,19185.5,19185,19185,4.384,84109.079
1664736840000,19185,19188,19185,19185,22.233,426593.657
1664736900000,19185,19193,19185,19193,20.705,397266.7635
1664736960000,19193,19199.5,19192.5,19199,19.242,369381.177
1664737020000,19199,19212,19199,19211.5,102.398,1966680.716
1664737080000,19211.5,19212,19211.5,19212,33.592,645360.2485
1664737140000,19212,19212,19210,19210,39.038,749941.277
1664737200000,19210,19221,19210,19221,161.209,3097934.3275
1664737260000,19221,19221,19220.5,19221,17.984,345667.0525
1664737320000,19221,19234,19220.5,19230.5,299.522,5759129.262
1664737380000,19230.5,19231,19228,19228.5,46.782,899565.435
1664737440000,19228.5,19228.5,19228,19228,12.854,247157.9745
1664737500000,19228,19242.5,19228,19242,184.927,3557324.665
1664737560000,19242,19244,19242,19244,64.228,1235943.127
1664737620000,19244,19244.5,19243.5,19244.5,34.305,660161.898
1664737680000,19244.5,19331.5,19233,19309,1950.088,37612716.705
1664737740000,19309,19332,19271.5,19299,610.571,11785646.509
1664737800000,19299,19307,19275,19302.5,228.348,4405398.127
1664737860000,19302.5,19319,19286.5,19309.5,331.495,6398683.302
1664737920000,19309.5,19325,19309.5,19324,191.742,3703892.947
1664737980000,19324,19327,19304,19307.5,365.173,7052895.836
1664738040000,19307.5,19315,19280.5,19295.5,143.785,2775120.671
1664738100000,19295.5,19299.5,19288.5,19297.5,127.72,2464273.5
1664738160000,19297.5,19317,19297.5,19304,246.072,4751316.997
1664738220000,19304,19309.5,19286.5,19286.5,154.718,2985841.295
1664738280000,19286.5,19287,19267,19277,184.786,3561726.5165
1664738340000,19277,19282.5,19267,19277.5,57.49,1108084.167
1664738400000,19277.5,19277.5,19275,19275,38.855,749016.7345
1664738460000,19275,19275.5,19254,19258.5,122.795,2365135.3665
1664738520000,19258.5,19268,19258.5,19267.5,57.524,1108173.7505
1664738580000,19267.5,19272.5,19260.5,19269.5,126.102,2429237.2895
1664738640000,19269.5,19272,19269.5,19270.5,58.11,1119780.533
1664738700000,19270.5,19270.5,19258.5,19259,160.939,3100747.55
1664738760000,19259,19266,19258.5,19258.5,59.832,1152520.5145
1664738820000,19258.5,19260,19235.5,19235.5,134.325,2585248.596
1664738880000,19235.5,19246.5,19229.5,19229.5,166.07,3194551.806
1664738940000,19229.5,19244,19225,19244,115.669,2224367.3755
1664739000000,19244,19244,19224.5,19224.5,81.307,1563800.923
1664739060000,19224.5,19230,19215,19218,108.46,2084778.9615
1664739120000,19218,19230.5,19218,19230.5,57.875,1112540.6135
1664739180000,19230.5,19236.5,19220,19222.5,62.068,1193526.546
1664739240000,19222.5,19235,19222.5,19234.5,64.904,1247916.6265
1664739300000,19234.5,19248.5,19234.5,19248.5,59.618,1147149.5475
1664739360000,19248.5,19248.5,19239,19239,40.007,769996.7685
1664739420000,19239,19248,19239,19248,21.598,415655.6655
1664739480000,19248,19257,19247.5,19257,36.15,695980.833
1664739540000,19257,19260,19248.5,19254.5,126.337,2432865.5565
1664739600000,19254.5,19280.5,19254,19276,324.985,6262930.644
1664739660000,19276,19289.5,19264,19264.5,113.766,2193676.267
1664739720000,19264.5,19270,19262,19265,30.934,595994.5045
1664739780000,19265,19273,19264.5,19273,31.185,600956.339
1664739840000,19273,19273,19272.5,19272.5,67.85,1307650.6935
1664739900000,19272.5,19285.5,19263,19285,144.82,2791978.6715
1664739960000,19285,19288,19281.5,19282,65.514,1263494.6755
1664740020000,19282,19291,19281,19281.5,63.63,1227061.456
1664740080000,19281.5,19281.5,19281,19281,29.601,570740.5715
1664740140000,19281,19281.5,19270,19274,28.564,550565.116
1664740200000,19274,19280,19273.5,19279.5,49.915,962213.5885
1664740260000,19279.5,19280,19267,19267,55.996,1079252.898
1664740320000,19267,19267.5,19263,19263,9.424,181536.7475
1664740380000,19263,19263.5,19263,19263,7.631,146997.0995
1664740440000,19263,19264,19263,19263.5,10.83,208621.3325
1664740500000,19263.5,19265.5,19263.5,19265,33.771,650579.859
1664740560000,19265,19265.5,19265,19265.5,6.056,116670.1845
1664740620000,19265.5,19265.5,19265,19265,22.161,426936.9735
1664740680000,19265,19265.5,19246.5,19246.5,82.191,1582435.6285
1664740740000,19246.5,19248,19246.5,19248,25.488,490578.738
1664740800000,19248,19265.5,19247.5,19261.5,48.562,935278.134
1664740860000,19261.5,19262,19255,19255,23.89,460029.2265
1664740920000,19255,19260,19255,19260,12.274,236373.465
1664740980000,19260,19260,19259.5,19260,7.969,153479.682
1664741040000,19260,19260,19259.5,19260,4.379,84338.551
1664741100000,19260,19260,19253.5,19253.5,19.192,369584.8125
1664741160000,19253.5,19263,19253.5,19263,18.8,362081.974
1664741220000,19263,19263,19259,19259.5,23.774,457956.2125
1664741280000,19259.5,19259.5,19253.5,19253.5,13.379,257645.026
1664741340000,19253.5,19260,19253.5,19259.5,19.366,372942.9685
1664741400000,19259.5,19260,19251,19251,21.381,411699.071
1664741460000,19251,19251.5,19250,19250.5,28.363,545992.973
1664741520000,19250.5,19250.5,19248.5,19248.5,7.048,135667.7
1664741580000,19248.5,19249,19248.5,19249,11.276,217047.614
1664741640000,19249,19249,19248.5,19249,24.453,470691.4725
1664741700000,19249,19249,19243.5,19245.5,31.325,602902.746
1664741760000,19245.5,19246,19243,19243,30.826,593214.3235
1664741820000,19243,19243.5,19243,19243,20.913,402429.7515
1664741880000,19243,19247.5,19243,19247.5,17.533,337431.5965
1664741940000,19247.5,19247.5,19240,19240.5,67.036,1289929.857
1664742000000,19240.5,19246.5,19238,19246,15.057,289705.8945
1664742060000,19246,19246.5,19241.5,19241.5,4.755,91504.746
1664742120000,19241.5,19242,19240,19240,15.174,291968.0995
1664742180000,19240,19240.5,19232.5,19233,15.958,306978.0335
1664742240000,19233,19238,19230,19238,36.585,703623.1235
1664742300000,19238,19238,19233,19233.5,23.047,443360.3775
1664742360000,19233.5,19233.5,19233,19233,16.966,326313.1415
1664742420000,19233,19235,19233,19235,7.667,147466.9665
1664742480000,19235,19235.5,19231.5,19235.5,48.867,939854.9825
1664742540000,19235.5,19236.5,19235.5,19236,14.048,270230.5275
1664742600000,19236,19236.5,19233,19233.5,35.392,680772.5515
1664742660000,19233.5,19233.5,19220.5,19222.5,121.5,2336019.3825
1664742720000,19222.5,19223,19222.5,19222.5,45.507,874762.025
1664742780000,19222.5,19223,19222.5,19223,21.394,411247.4705
1664742840000,19223,19233.5,19222.5,19233,29.994,576780.536
1664742900000,19233,19233.5,19233,19233,28.231,542971.8815
1664742960000,19233,19233.5,19217,19217,46.619,896439.1765
1664743020000,19217,19221,19217,19220.5,40.721,782641.7845
1664743080000,19220.5,19225,19220.5,19225,19.158,368299.842
1664743140000,19225,19225,19219,19219,10.765,206908.388
1664743200000,19219,19221,19217.5,19220.5,86.142,1655531.9725
1664743260000,19220.5,19221,19220.5,19221,7.392,142080.2925
1664743320000,19221,19225,19220.5,19224,23.745,456469.303
1664743380000,19224,19226,19224,19225.5,61.543,1183155.4895
1664743440000,19225.5,19228.5,19225.5,19228.5,76.818,1476962.941
1664743500000,19228.5,19228.5,19228,19228.5,25.636,492933.867
1664743560000,19228.5,19236,19228,19236,86.92,1671470.0095
1664743620000,19236,19236.5,19235.5,19236,57.444,1105006.7245
1664743680000,19236,19253.5,19236,19253.5,150.704,2900573.376
1664743740000,19253.5,19253.5,19246,19246.5,37.733,726399.3955
1664743800000,19246.5,19256,19246,19253,143.154,2755894.3675
1664743860000,19253,19253.5,19253,19253.5,20.246,389800.8485
1664743920000,19253.5,19253.5,19242,19244.5,46.253,890295.925
1664743980000,19244.5,19250.5,19244.5,19250.5,58.996,1135582.4955
1664744040000,19250.5,19250.5,19246,19246,74.688,1437739.1485
1664744100000,19246,19246.5,19240.5,19240.5,37.697,725447.4995
1664744160000,19240.5,19241,19236,19240,51.951,999445.7235
1664744220000,19240,19242,19231,19231,8.272,159106.133
1664744280000,19231,19231.5,19217.5,19229.5,60.777,1168330.0455
1664744340000,19229.5,19229.5,19221.5,19221.5,46.924,902010.6115
1664744400000,19221.5,19229.5,19221.5,19229.5,33.872,651240.324
1664744460000,19229.5,19229.5,19229,19229.5,12.698,244175.2915
1664744520000,19229.5,19229.5,19222.5,19223,24.841,477595.4465
1664744580000,19223,19223,19218,19218,15.351,295052.68
1664744640000,19218,19218.5,19218,19218.5,19.488,374525.521
1664744700000,19218.5,19221,19217,19217,37.129,713589.3995
1664744760000,19217,19217.5,19209.5,19210,57.526,1105325.01
1664744820000,19210,19210,19170.5,19173.5,401.741,7707538.328
1664744880000,19173.5,19193.5,19173,19193.5,157.552,3022650.9235
1664744940000,19193.5,19194,19177.5,19178,109.88,2108743.9885
1664745000000,19178,19184,19175.5,19177.5,95.234,1826654.4705
1664745060000,19177.5,19183.5,19177.5,19183,17.121,328414.976
1664745120000,19183,19191.5,19182.5,19191,68.512,1314486.652
1664745180000,19191,19191,19152.5,19161.5,165.14,3165426.9245
1664745240000,19161.5,19172.5,19161.5,19171.5,71.997,1380044.7775
1664745300000,19171.5,19171.5,19161,19161,84.962,1628251.9215
1664745360000,19161,19161.5,19143.5,19150,217.509,4165653.0265
1664745420000,19150,19150,19081.5,19124,852,16285003.254
1664745480000,19124,19137.5,19124,19134.5,100.228,1917557.3655
1664745540000,19134.5,19138.5,19120.5,19122.5,81.169,1552974.29
1664745600000,19122.5,19133.5,19111,19114,68.884,1317413.8745
1664745660000,19114,19131,19111.5,19130.5,65.109,1245134.53
1664745720000,19130.5,19131,19121.5,19122,29.921,572329.637
1664745780000,19122,19122,19100,19108,211.931,4050279.28
1664745840000,19108,19116,19091.5,19092.5,177.678,3394675.59
1664745900000,19092.5,19116,19092.5,19116,91.897,1755895.29
1664745960000,19116,19139,19115.5,19136,104.727,2003590.8185
1664746020000,19136,19136.5,19131,19131,48.914,935990.2
1664746080000,19131,19148.5,19131,19148,103.771,1986071.3845
1664746140000,19148,19148,19143,19143,49.743,952384.5585
1664746200000,19143,19145,19136,19145,61.431,1175882.368
1664746260000,19145,19148,19144.5,19147.5,69.299,1326829.9105
1664746320000,19147.5,19149,19147.5,19149,21.744,416359.038
1664746380000,19149,19161,19148.5,19161,81.942,1569298.0805
1664746440000,19161,19165,19156.5,19156.5,73.444,1407335.0035
1664746500000,19156.5,19156.5,19135.5,19152.5,63.939,1224106.567
1664746560000,19152.5,19163,19152.5,19159,37.591,720268.235
1664746620000,19159,19159,19155,19155,15.105,289347.7255
1664746680000,19155,19155.5,19137,19139.5,32.162,615752.8435
1664746740000,19139.5,19148,19139.5,19148,22.801,436440.4765
1664746800000,19148,19148,19142.5,19145,12.964,248189.392
1664746860000,19145,19147,19143,19143.5,14.239,272612.911
1664746920000,19143.5,19159.5,19143,19157.5,54.442,1042484.0145
1664746980000,19157.5,19160.5,19152,19152.5,20.323,389314.021
1664747040000,19152.5,19152.5,19143,19147,14.533,278272.8925
1664747100000,19147,19160,19147,19160,24.158,462666.8795
1664747160000,19160,19165.5,19156,19156.5,46.991,900458.0475
1664747220000,19156.5,19176,19156,19176,113.147,2168920.202
1664747280000,19176,19197,19175.5,19182.5,138.808,2663248.8435
1664747340000,19182.5,19196.5,19182,19196,76.258,1463327.0625
1664747400000,19196,19201,19194,19200.5,80.63,1547891.0035
1664747460000,19200.5,19201,19200.5,19201,31.64,607506.8435
1664747520000,19201,19201,19170,19174,40.326,773542.4325
1664747580000,19174,19188.5,19173.5,19188,12.764,244839.001
1664747640000,19188,19188.5,19185,19186,20.155,386691.675
1664747700000,19186,19186,19175,19175,29.563,567074.329
1664747760000,19175,19189.5,19175,19181.5,39.467,757029.775
1664747820000,19181.5,19200,19181,19200,39.35,755366.672
1664747880000,19200,19200,19189,19192.5,25.795,495086.355
1664747940000,19192.5,19192.5,19190,19190.5,7.264,139411.752
1664748000000,19190.5,19190.5,19143.5,19156,295.821,5670264.458
1664748060000,19156,19168.5,19143,19148,255.158,4887760.1625
1664748120000,19148,19167,19148,19156.5,80.935,1550573.889
1664748180000,19156.5,19163.5,19132.5,19152,116.695,2233908.252
1664748240000,19152,19175,19151.5,19168,81.464,1561143.3855
1664748300000,19168,19168.5,19153,19157.5,152.183,2915891.5425
1664748360000,19157.5,19157.5,19140.5,19152.5,137.757,2637584.763
1664748420000,19152.5,19152.5,19138,19141,75.358,1442502.622
1664748480000,19141,19158.5,19141,19154,45.497,871259.706
1664748540000,19154,19154.5,19147.5,19149.5,34.176,654533.816
1664748600000,19149.5,19189,19149.5,19185,192.26,3685178.3485
1664748660000,19185,19190,19175,19182.5,70.546,1353317.5835
1664748720000,19182.5,19219.5,19182,19216,328.124,6302415.714
1664748780000,19216,19220,19200.5,19205.5,175.338,3368861.289
1664748840000,19205.5,19210,19201,19208.5,146.829,2819803.6665
1664748900000,19208.5,19226.5,19203.5,19226,212.961,4092339.6595
1664748960000,19226,19240,19221,19221.5,189.244,3639935.2455
1664749020000,19221.5,19224.5,19214,19223,59.137,1136521.908
1664749080000,19223,19247.5,19222.5,19241.5,136.32,2622879.8205
1664749140000,19241.5,19244,19230.5,19230.5,76.601,1473859.057
1664749200000,19230.5,19252.5,19227.5,19249,205.117,3947171.914
1664749260000,19249,19270,19247,19270,334.147,6435015.9065
1664749320000,19270,19290,19269.5,19278.5,389.381,7507598.7885
1664749380000,19278.5,19278.5,19266,19266,76.296,1470450.4755
1664749440000,19266,19266.5,19250,19250,114.315,2201582.9105
1664749500000,19250,19257,19250,19254.5,38.133,734153.0765
1664749560000,19254.5,19255,19244,19244,117.821,2267925.023
1664749620000,19244,19244.5,19194.5,19209.5,284.457,5467328.2275
1664749680000,19209.5,19212,19190,19204,237.434,4559792.4335
1664749740000,19204,19214,19202.5,19202.5,74.718,1435254.278
1664749800000,19202.5,19203,19171,19189.5,378.914,7267897.823
1664749860000,19189.5,19189.5,19168.5,19177.5,129.348,2480402.761
1664749920000,19177.5,19200,19177,19199.5,101.852,1954881.9485
1664749980000,19199.5,19206,19199.5,19205.5,57.883,1111413.235
1664750040000,19205.5,19206,19192.5,19192.5,66.54,1277835.525
1664750100000,19192.5,19197,19186,19197,45.813,879132.622
1664750160000,19197,19198,19187,19187,25.045,480644.545
1664750220000,19187,19187.5,19175.5,19178.5,78.451,1504642.0955
1664750280000,19178.5,19190,19173.5,19189.5,116.702,2238267.9065
1664750340000,19189.5,19207.5,19189.5,19207,55.954,1074267.173
1664750400000,19207,19207.5,19200.5,19201,37.264,715711.7235
1664750460000,19201,19203,19190,19203,42.978,824979.6755
1664750520000,19203,19207.5,19181,19181,44.738,858722.179
1664750580000,19181,19184.5,19175,19184.5,56.64,1086362.668
1664750640000,19184.5,19184.5,19181,19181.5,24.28,465760.806
1664750700000,19181.5,19190,19181,19186,39.883,765108.6685
1664750760000,19186,19191.5,19186,19188,23.749,455692.0605
1664750820000,19188,19196.5,19178.5,19188,195.321,3747622.1895
1664750880000,19188,19200,19187.5,19195,64.709,1242079.4145
1664750940000,19195,19203,19195,19202.5,33.455,642264.731
1664751000000,19202.5,19218,19195.5,19215,205.95,3955888.27
1664751060000,19215,19215,19194,19194.5,86.035,1652089.664
1664751120000,19194.5,19204,19189.5,19204,131.232,2519100.394
1664751180000,19204,19210,19192.5,19198,140.785,2703538.694
1664751240000,19198,19211.5,19197,19199.5,64.608,1240692.3065
1664751300000,19199.5,19200,19187.5,19194.5,56.633,1087049.6225
1664751360000,19194.5,19198,19179,19179.5,158.411,3040172.088
1664751420000,19179.5,19179.5,19135,19146.5,375.017,7181699.1785
1664751480000,19146.5,19162,19146,19160,89.081,1706172.481
1664751540000,19160,19179.5,19159.5,19166,69.51,1332516.936
1664751600000,19166,19166,19150,19155.5,53.772,1029965.2005
1664751660000,19155.5,19170.5,19155.5,19167,99.619,1909488.496
1664751720000,19167,19170,19146.5,19147,45.105,864202.867
1664751780000,19147,19155.5,19108,19108,324.928,6215056.4505
1664751840000,19108,19116.5,19108,19114.5,86.475,1652836.3005
1664751900000,19114.5,19128,19055,19079.5,1192.513,22756378.1595
1664751960000,19079.5,19084.5,18890.5,18967.5,4207.956,79833592.112
1664752020000,18967.5,19008,18950,18995,976.161,18531125.3165
1664752080000,18995,19022,18977.5,18987.5,619.393,11769801.4085
1664752140000,18987.5,19005,18972,18997.5,345.404,6558334.585
1664752200000,18997.5,19005,18987,18991.5,360.237,6842161.4475
1664752260000,18991.5,18998.5,18952.5,18964,362.442,6876145.1425
1664752320000,18964,18978.5,18957,18971,269.819,5118106.349
1664752380000,18971,18979,18960,18969.5,271.075,5142044.0185
1664752440000,18969.5,19002,18960,18968.5,391.198,7425261.731
1664752500000,18968.5,18988,18951.5,18958.5,346.496,6572451.856
1664752560000,18958.5,18967,18910,18922,711.818,13476696.3835
1664752620000,18922,18948,18920.5,18934,358.168,6782954.8575
1664752680000,18934,18953.5,18931.5,18934,198.49,3759825.5425
1664752740000,18934,18956,18934,18952,138.227,2618907.4945
1664752800000,18952,18952.5,18921,18930.5,150.251,2844504.3755
1664752860000,18930.5,18950,18927,18949,220.224,4170844.733
1664752920000,18949,18983,18931,18975,388.783,7372530.462
1664752980000,18975,18991.5,18965.5,18991.5,197.342,3745487.3085
1664753040000,18991.5,18994.5,18964,18972,228.752,4342273.407
1664753100000,18972,18972.5,18943.5,18959,101.134,1916926.87
1664753160000,18959,18965,18951.5,18957,100.556,1906108.7035
1664753220000,18957,18964.5,18956,18962,35.378,670730.0245
1664753280000,18962,18970.5,18955,18961,185.481,3516504.648
1664753340000,18961,18964.5,18954.5,18955.5,143.155,2713864.8355
1664753400000,18955.5,18956,18945,18951.5,203.109,3849191.2055
1664753460000,18951.5,18972.5,18951,18972,143.545,2721826.8475
1664753520000,18972,18973,18956,18960.5,117.206,2222527.604
1664753580000,18960.5,18965,18945,18946,134.038,2540669.378
1664753640000,18946,18946,18932,18943.5,171.552,3248817.2425
1664753700000,18943.5,18958,18934,18956.5,153.931,2916416.2495
1664753760000,18956.5,18960,18956,18956.5,29.6,561155.1015
1664753820000,18956.5,18975,18956.5,18972,78.362,1486383.187
1664753880000,18972,18972,18958,18961.5,39.115,741840.2135
1664753940000,18961.5,18971.5,18961.5,18966.5,29.565,560787.186
1664754000000,18966.5,18989.5,18965,18989.5,124.867,2369890.2735
1664754060000,18989.5,18992.5,18970,18976,249.076,4728755.3175
1664754120000,18976,18989.5,18974.5,18989,81.28,1542963.706
1664754180000,18989,19016.5,18988.5,19008.5,649.442,12343662.1325
1664754240000,19008.5,19083,19007.5,19070,2675.905,50951130.62
1664754300000,19070,19070.5,19026,19031,898.816,17113709.971
1664754360000,19031,19056.5,19030.5,19056,232.737,4432917.985
1664754420000,19056,19071,19043,19067,248.186,4730083.9135
1664754480000,19067,19083,19067,19082.5,124.905,2382717.9065
1664754540000,19082.5,19098,19077.5,19088.5,491.624,9384936.5785
1664754600000,19088.5,19097,19063.5,19063.5,177.842,3392827.2985
1664754660000,19063.5,19073,19042.5,19049,153.61,2927098.882
1664754720000,19049,19058.5,19008,19012,416.042,7917375.061
1664754780000,19012,19046,19001.5,19037,381.799,7263529.9245
1664754840000,19037,19052.5,19031.5,19036.5,238.338,4538210.8095
1664754900000,19036.5,19047,19030.5,19047,175.884,3348224.8255
1664754960000,19047,19056,19037.5,19041,173.429,3303357.2375
1664755020000,19041,19042.5,19038,19040.5,22.307,424737.9455
1664755080000,19040.5,19045.5,19040.5,19045.5,66.242,1261495.4275
1664755140000,19045.5,19054,19045,19054,70.022,1333790.878
1664755200000,19054,19068,19053.5,19064.5,120.784,2301977.0735
1664755260000,19064.5,19064.5,19034,19034.5,128.177,2442095.452
1664755320000,19034.5,19037.5,19017,19017.5,189.263,3600784.2
1664755380000,19017.5,19026.5,19017,19021.5,75.102,1428437.369
1664755440000,19021.5,19032.5,19021,19029.5,103.493,1968998.948
1664755500000,19029.5,19037,19022,19037,73.757,1403644.0175
1664755560000,19037,19044,18984,18984.5,272.71,5185272.136
1664755620000,18984.5,19018,18947,19017,766.154,14538176.2105
1664755680000,19017,19049,19010,19035,363.479,6915944.6665
1664755740000,19035,19035.5,19018.5,19021.5,93.157,1772590.2815
1664755800000,19021.5,19052.5,19017,19052.5,151.438,2883384.7065
1664755860000,19052.5,19076.5,19042.5,19071.5,284.63,5425110.2135
1664755920000,19071.5,19077.5,19065,19069.5,104.345,1989898.588
1664755980000,19069.5,19070,19060,19067,95.235,1815983.9045
1664756040000,19067,19068.5,19062,19068.5,40.799,777806.4295
1664756100000,19068.5,19070,19052,19060.5,82.999,1582159.583
1664756160000,19060.5,19067,19042,19067,92.744,1767248.1565
1664756220000,19067,19067,19061,19066,51.382,979640.6395
1664756280000,19066,19067.5,19050,19050.5,72.369,1379251.279
1664756340000,19050.5,19054.5,19034,19036.5,99.557,1895571.364
1664756400000,19036.5,19036.5,19015,19015,63.316,1204699.409
1664756460000,19015,19038,19015,19038,46.208,879337.6345
1664756520000,19038,19065,19033,19064.5,94.954,1809358.666
1664756580000,19064.5,19070,19061,19069.5,92.238,1758623.282
1664756640000,19069.5,19118.5,19069.5,19104.5,394.006,7524040.9585
1664756700000,19104.5,19108,19096,19107.5,166.531,3181265.423
1664756760000,19107.5,19115.5,19103.5,19111.5,148.578,2839197.9465
1664756820000,19111.5,19112,19088.5,19091.5,201.589,3850761.032
1664756880000,19091.5,19099,19087.5,19099,62.918,1201189.3855
1664756940000,19099,19104.5,19094,19100,35.227,672833.388
1664757000000,19100,19100.5,19087.5,19087.5,28.864,551095.108
1664757060000,19087.5,19088,19071.5,19076,75.703,1444241.4615
1664757120000,19076,19096,19076,19089.5,33.447,638475.4995
1664757180000,19089.5,19090,19089.5,19089.5,15.073,287740.834
1664757240000,19089.5,19090,19084,19089,24.204,461999.4115
1664757300000,19089,19091,19076.5,19077,36.642,699371.893
1664757360000,19077,19086.5,19076.5,19080,69.69,1329944.7655
1664757420000,19080,19085,19074,19082,41.053,783235.154
1664757480000,19082,19092.5,19068,19092.5,69.34,1322740.4535
1664757540000,19092.5,19092.5,19074.5,19075.5,49.108,936903.549
1664757600000,19075.5,19079,19063,19074,178.908,3412230.094
1664757660000,19074,19074,19061,19065.5,181.661,3463716.1975
1664757720000,19065.5,19070,19065,19067.5,31.952,609265.5675
1664757780000,19067.5,19075,19067,19075,187.149,3569320.934
1664757840000,19075,19075,19064.5,19065,25.815,492263.244
1664757900000,19065,19073.5,19065,19073.5,10.949,208791.856
1664757960000,19073.5,19073.5,19070.5,19072,27.059,516055.012
1664758020000,19072,19079,19071.5,19078,76.63,1461739.1
1664758080000,19078,19092,19077.5,19089.5,141.194,2694259.6165
1664758140000,19089.5,19092.5,19081.5,19086.5,114.768,2190511.856
1664758200000,19086.5,19087,19082,19083.5,22.075,421289.052
1664758260000,19083.5,19084.5,19068.5,19068.5,61.209,1167531.317
1664758320000,19068.5,19076,19068.5,19068.5,37.259,710565.687
1664758380000,19068.5,19074.5,19068,19068,17.148,327039.0175
1664758440000,19068,19068.5,19050.5,19063,61.235,1167088.3955
1664758500000,19063,19065.5,19055,19055.5,35.55,677591.3505
1664758560000,19055.5,19061,19042.5,19060.5,258.917,4932622.7185
1664758620000,19060.5,19064,19060,19062,37.02,705631.684
1664758680000,19062,19069.5,19062,19069.5,80.69,1538294.6095
1664758740000,19069.5,19081.5,19069.5,19081,87.071,1661214.4145
1664758800000,19081,19090,19081,19087.5,59.986,1144976.931
1664758860000,19087.5,19089,19087,19089,13.209,252123.428
1664758920000,19089,19095,19083.5,19095,48.756,930610.4185
1664758980000,19095,19097,19094.5,19095,45.219,863501.7745
1664759040000,19095,19106.5,19094.5,19106.5,76.945,1469593.1815
1664759100000,19106.5,19118.5,19104,19118.5,216.506,4137940.9165
1664759160000,19118.5,19142,19118.5,19141.5,360.208,6890235.704
1664759220000,19141.5,19163.5,19133,19156.5,385.649,7386492.0795
1664759280000,19156.5,19164.5,19126.5,19135.5,395.516,7572318.5315
1664759340000,19135.5,19148,19135.5,19146,81.255,1555517.7505
1664759400000,19146,19153.5,19139,19153.5,66.783,1278654.847
1664759460000,19153.5,19187.5,19153,19169.5,333.779,6400192.9085
1664759520000,19169.5,19190,19165.5,19168,218.825,4196938.723
1664759580000,19168,19188,19167,19181.5,179.197,3436464.0475
1664759640000,19181.5,19188.5,19181.5,19182.5,159.852,3066723.8885
1664759700000,19182.5,19183,19162,19162,191.113,3664262.794
1664759760000,19162,19174,19162,19170,38.986,747318.803
1664759820000,19170,19182.5,19166.5,19179.5,175.477,3364873.69
1664759880000,19179.5,19179.5,19175,19175,32.579,624816.5805
1664759940000,19175,19190,19174,19189.5,219.734,4215265.5905
1664760000000,19189.5,19200,19188.5,19188.5,206.584,3965260.764
1664760060000,19188.5,19210,19188.5,19209,251.936,4838736.7365
1664760120000,19209,19209,19195,19195,61.052,1172332.4935
1664760180000,19195,19215.5,19193.5,19215,295.575,5676323.1505
1664760240000,19215,19217.5,19210,19210,73.783,1417721.953
1664760300000,19210,19210.5,19198.5,19206.5,143.733,2760290.05
1664760360000,19206.5,19211.5,19206.5,19211.5,83.53,1604520.642
1664760420000,19211.5,19223,19201,19201,203.047,3901706.5415
1664760480000,19201,19216.5,19201,19202,178.186,3422695.3655
1664760540000,19202,19216.5,19202,19213.5,113.469,2179850.4615
1664760600000,19213.5,19218.5,19206,19210.5,94.829,1821828.567
1664760660000,19210.5,19210.5,19204.5,19206,49.735,955237.9215
1664760720000,19206,19214.5,19206,19211.5,180.596,3469140.0075
1664760780000,19211.5,19211.5,19206,19206,52.791,1014070.887
1664760840000,19206,19206.5,19184,19187,265.602,5098630.526
1664760900000,19187,19205.5,19186.5,19205,148.405,2847899.972
1664760960000,19205,19205.5,19187,19191.5,111.52,2141327.2585
1664761020000,19191.5,19195.5,19189,19189,19.963,383138.4425
1664761080000,19189,19195,19189,19190.5,31.826,610756.581
1664761140000,19190.5,19190.5,19187,19187,125.623,2410528.7525
1664761200000,19187,19187.5,19180.5,19182,57.248,1098176.4315
1664761260000,19182,19185,19181,19181.5,21.666,415607.779
1664761320000,19181.5,19185,19181.5,19185,32.629,625970.6505
1664761380000,19185,19206.5,19184.5,19191,80.446,1544324.487
1664761440000,19191,19199.5,19190.5,19199,25.973,498560.689
1664761500000,19199,19215,19193.5,19214.5,177.489,3408836.285
1664761560000,19214.5,19214.5,19209,19209,62.44,1199655.622
1664761620000,19209,19230,19209,19230,140.946,2708796.645
1664761680000,19230,19247,19230,19241.5,315.14,6063554.8635
1664761740000,19241.5,19247,19236.5,19243,179.926,3462018.3665
1664761800000,19243,19244.5,19236.5,19244.5,73.357,1411303.5315
1664761860000,19244.5,19246.5,19239.5,19239.5,79.38,1527418.9315
1664761920000,19239.5,19239.5,19235,19235.5,75.226,1447014.896
1664761980000,19235.5,19235.5,19226,19226,47.984,922764.2465
1664762040000,19226,19228.5,19225,19228,22.294,428654.2805
1664762100000,19228,19228.5,19216,19216,25.611,492225.545
1664762160000,19216,19227.5,19216,19218,46.572,895220.407
1664762220000,19218,19220,19215.5,19219.5,12.762,245238.5925
1664762280000,19219.5,19220,19213,19213,19.484,374385.6825
1664762340000,19213,19217,19210,19210,56.592,1087338.89
1664762400000,19210,19229.5,19181,19191.5,275.671,5294576.6435
1664762460000,19191.5,19202,19191,19201.5,31.128,597622.943
1664762520000,19201.5,19208.5,19201,19208,53.543,1028270.4935
1664762580000,19208,19208.5,19193.5,19194,55.985,1074931.2565
1664762640000,19194,19194,19174,19174,54.829,1051816.058
1664762700000,19174,19179,19166.5,19166.5,128.07,2455385.249
1664762760000,19166.5,19176,19166.5,19174.5,48.401,927948.8425
1664762820000,19174.5,19179.5,19169,19169,78.726,1509387.2515
1664762880000,19169,19170,19160,19160,192.18,3683459.0955
1664762940000,19160,19165,19159,19159,198.852,3810401.521
1664763000000,19159,19165,19159,19165,167.078,3201391.264
1664763060000,19165,19173,19161,19172,200.623,3844885.7825
1664763120000,19172,19173,19168,19168.5,19.246,368976.83
1664763180000,19168.5,19185,19168,19184.5,64.225,1231426.8795
1664763240000,19184.5,19185,19184.5,19185,21.267,408002.0355
1664763300000,19185,19185,19183,19183.5,26.269,503945.6485
1664763360000,19183.5,19183.5,19162,19162,38.029,729021.5665
1664763420000,19162,19174,19154.5,19174,118.789,2276003.4425
1664763480000,19174,19174,19161,19161.5,28.581,547825.376
1664763540000,19161.5,19163,19155.5,19158.5,85.501,1638042.4585
1664763600000,19158.5,19159,19130,19130.5,211.668,4051773.7775
1664763660000,19130.5,19145,19130,19145,64.282,1230211.817
1664763720000,19145,19145,19138,19138,60.485,1157790.6695
1664763780000,19138,19142,19138,19142,26.616,509420.796
1664763840000,19142,19148.5,19141.5,19142,43.541,833584.5035
1664763900000,19142,19162,19141.5,19160,66.919,1281728.0485
1664763960000,19160,19160,19153,19153.5,36.47,698637.512
1664764020000,19153.5,19159,19153,19157.5,34.082,652911.0475
1664764080000,19157.5,19157.5,19157,19157,9.201,176267.167
1664764140000,19157,19157.5,19150,19151.5,48.974,937959.2085
1664764200000,19151.5,19153,19148,19153,26.207,501885.926
1664764260000,19153,19157.5,19152.5,19157,20.749,397463.572
1664764320000,19157,19157.5,19157,19157,17.927,343433.6685
1664764380000,19157,19160,19157,19159.5,63.089,1208699.406
1664764440000,19159.5,19163,19158.5,19158.5,17.118,328000.975
1664764500000,19158.5,19159,19150,19153.5,87.7,1679870.2505
1664764560000,19153.5,19154.5,19152,19153.5,12.411,237716.523
1664764620000,19153.5,19155,19142.5,19150,32.799,628078.696
1664764680000,19150,19164,19150,19164,59.558,1141090.656
1664764740000,19164,19185,19163.5,19184.5,120.008,2301047.2385
1664764800000,19184.5,19200,19184.5,19197,70.894,1360820.01
1664764860000,19197,19197,19190,19193.5,60.954,1169815.5415
1664764920000,19193.5,19200,19193.5,19194,61.019,1171326.3325
1664764980000,19194,19194,19178.5,19190.5,57.764,1108287.534
1664765040000,19190.5,19191,19187.5,19187.5,17.509,335993.489
1664765100000,19187.5,19188,19180,19180,16.237,311450.3985
1664765160000,19180,19180.5,19172,19172.5,28.224,541309.241
1664765220000,19172.5,19172.5,19166.5,19172.5,29.07,557263.3545
1664765280000,19172.5,19180.5,19171.5,19180.5,47.268,906351.768
1664765340000,19180.5,19195,19180,19188.5,52.747,1012215.251
1664765400000,19188.5,19199,19188.5,19195,27.041,519031.1385
1664765460000,19195,19195.5,19195,19195,11.921,228827.653
1664765520000,19195,19195.5,19193.5,19193.5,6.173,118491.183
1664765580000,19193.5,19193.5,19176,19177,31.052,595674.6205
1664765640000,19177,19177.5,19153.5,19159,113.651,2177777.1425
1664765700000,19159,19168.5,19152.5,19152.5,157.105,3010269.6115
1664765760000,19152.5,19158,19145,19155,32.038,613579.1165
1664765820000,19155,19158,19154.5,19155,21.492,411683.3335
1664765880000,19155,19155.5,19135,19135.5,179.502,3437188.7435
1664765940000,19135.5,19135.5,19121,19128,163.888,3134767.953
1664766000000,19128,19145.5,19128,19138,69.767,1335010.231
1664766060000,19138,19147,19137.5,19147,39.652,759005.856
1664766120000,19147,19148,19143.5,19143.5,20.733,396928.2775
1664766180000,19143.5,19147,19142,19146,14.375,275196.302
1664766240000,19146,19146.5,19140.5,19144.5,45.681,874433.6405
1664766300000,19144.5,19147.5,19144.5,19147,22.812,436770.8395
1664766360000,19147,19147.5,19143,19145,21.441,410507.1745
1664766420000,19145,19159,19141,19158.5,41.861,801497.552
1664766480000,19158.5,19162.5,19157,19157,15.388,294834.095
1664766540000,19157,19160,19157,19160,8.084,154875.6365
1664766600000,19160,19160,19157,19157.5,12.047,230791.5735
1664766660000,19157.5,19159.5,19150,19150,31.359,600765.741
1664766720000,19150,19154,19150,19153.5,6.619,126763.935
1664766780000,19153.5,19154,19153,19153.5,2.624,50259.1885
1664766840000,19153.5,19169.5,19153,19169,199.578,3823873.8715
1664766900000,19169,19187.5,19169,19186,97.656,1873317.066
1664766960000,19186,19200,19185.5,19185.5,228.731,4389653.7535
1664767020000,19185.5,19186,19176.5,19177,27.455,526681.528
1664767080000,19177,19177,19176.5,19177,16.066,308095.4555
1664767140000,19177,19177,19168,19174,11.019,211236.8145
1664767200000,19174,19183,19168,19168,43.273,829762.161
1664767260000,19168,19168.5,19162,19162.5,24.532,470188.891
1664767320000,19162.5,19165,19160,19160.5,10.029,192171.481
1664767380000,19160.5,19165.5,19160,19161.5,10.862,208150.2355
1664767440000,19161.5,19161.5,19157.5,19157.5,25.635,491122.021
1664767500000,19157.5,19158,19157.5,19157.5,6,114946.5505
1664767560000,19157.5,19158,19153,19153,13.107,251076.4495
1664767620000,19153,19166,19153,19165.5,13.654,261605.1335
1664767680000,19165.5,19166,19162,19162,4.955,94962.383
1664767740000,19162,19162,19153.5,19153.5,23.842,456717.0745
1664767800000,19153.5,19153.5,19152,19152.5,32.035,613575.173
1664767860000,19152.5,19152.5,19152,19152,14.861,284620.8655
1664767920000,19152,19152,19145.5,19148.5,55.858,1069617.7485
1664767980000,19148.5,19163,19146.5,19163,27.818,532874.606
1664768040000,19163,19163,19160,19160,12.839,246020.241
1664768100000,19160,19172.5,19160,19172.5,31.099,595913.5175
1664768160000,19172.5,19172.5,19168.5,19168.5,11.343,217457.125
1664768220000,19168.5,19168.5,19157.5,19160,22.1,423495.289
1664768280000,19160,19195,19160,19190.5,67.104,1287243.8115
1664768340000,19190.5,19190.5,19171.5,19171.5,43.405,832729.398
1664768400000,19171.5,19172,19166,19170,9.869,189182.14
1664768460000,19170,19182.5,19169.5,19181.5,11.015,211237.9835
1664768520000,19181.5,19185.5,19174.5,19183.5,16.985,325803.6295
1664768580000,19183.5,19183.5,19175.5,19175.5,11.572,221946.051
1664768640000,19175.5,19180.5,19175.5,19180.5,11.438,219380.515
1664768700000,19180.5,19185,19180,19184.5,13.857,265809.104
1664768760000,19184.5,19185,19182,19182.5,50.614,971004.0875
1664768820000,19182.5,19186,19180,19186,39.184,751588.285
1664768880000,19186,19186,19170,19176.5,25.349,486196.43
1664768940000,19176.5,19177,19171,19173.5,9.501,182160.9875
