timestamp,open,high,low,close,volume,turnover
2024-08-05 00:00:00,58335.3,58335.3,58244.9,58323.8,211.292,12314768.2812
2024-08-05 00:01:00,58323.8,58360.2,58265.0,58292.4,86.617,5051344.2764
2024-08-05 00:02:00,58292.4,58321.6,58262.3,58273.4,55.572,3239480.8414
2024-08-05 00:03:00,58273.4,58315.2,58264.2,58300.0,50.719,2956811.8291
2024-08-05 00:04:00,58300.0,58365.0,58295.0,58327.8,100.321,5852010.4646
2024-08-05 00:05:00,58327.8,58358.0,58300.8,58346.4,52.324,3052243.7782
2024-08-05 00:06:00,58346.4,58363.1,58317.3,58331.4,116.457,6793943.3379
2024-08-05 00:07:00,58331.4,58399.5,58331.4,58366.3,114.147,6662617.3886
2024-08-05 00:08:00,58366.3,58366.3,58279.6,58298.7,184.991,10784014.6323
2024-08-05 00:09:00,58298.7,58339.7,58283.1,58339.7,63.956,3728969.6332
2024-08-05 00:10:00,58339.7,58406.5,58323.5,58393.9,133.249,7778568.2194
2024-08-05 00:11:00,58393.9,58398.6,58300.0,58307.4,66.015,3850839.3263
2024-08-05 00:12:00,58307.4,58449.9,58307.4,58438.4,210.898,12316689.571
2024-08-05 00:13:00,58438.4,58459.9,58405.0,58436.2,141.228,8253202.7714
2024-08-05 00:14:00,58436.2,58444.1,58416.4,58434.1,68.795,4020015.7909
2024-08-05 00:15:00,58434.1,58454.3,58404.1,58406.5,136.624,7983703.4274
2024-08-05 00:16:00,58406.5,58418.3,58349.0,58392.1,128.186,7484072.406
2024-08-05 00:17:00,58392.1,58423.5,58370.5,58384.6,103.535,6045703.4974
2024-08-05 00:18:00,58384.6,58640.0,58384.5,58607.3,391.933,22941617.7645
2024-08-05 00:19:00,58607.3,58620.0,58550.0,58601.5,169.941,9957308.9704
2024-08-05 00:20:00,58601.5,58733.3,58579.9,58710.2,475.689,27913668.8433
2024-08-05 00:21:00,58710.2,58909.2,58690.0,58773.5,1238.005,72774632.9379
2024-08-05 00:22:00,58773.5,58773.5,58660.8,58685.1,237.938,13972096.2783
2024-08-05 00:23:00,58685.1,58729.9,58645.8,58702.1,178.54,10478287.6166
2024-08-05 00:24:00,58702.1,58762.9,58691.9,58749.7,115.673,6793587.9745
2024-08-05 00:25:00,58749.7,58764.8,58700.2,58740.7,193.015,11337060.0768
2024-08-05 00:26:00,58740.7,58760.0,58718.2,58744.5,83.77,4920881.6952
2024-08-05 00:27:00,58744.5,58755.8,58714.9,58740.5,90.115,5293197.3006
2024-08-05 00:28:00,58740.5,58740.6,58656.3,58706.8,104.531,6135225.1541
2024-08-05 00:29:00,58706.8,58744.8,58694.0,58726.4,105.733,6208945.5848
2024-08-05 00:30:00,58726.4,58770.0,58700.0,58708.0,101.554,5966191.2824
2024-08-05 00:31:00,58708.0,58770.0,58698.6,58698.8,78.286,4598308.2735
2024-08-05 00:32:00,58698.8,58698.9,58624.8,58657.3,111.715,6552176.9589
2024-08-05 00:33:00,58657.3,58665.0,58612.5,58629.6,100.64,5900292.9039
2024-08-05 00:34:00,58629.6,58656.3,58581.6,58607.3,156.586,9178995.8042
2024-08-05 00:35:00,58607.3,58614.1,58482.1,58549.4,284.311,16641505.2751
2024-08-05 00:36:00,58549.4,58574.0,58532.5,58546.1,88.738,5195696.8185
2024-08-05 00:37:00,58546.1,58683.3,58546.1,58673.4,129.064,7565196.636
2024-08-05 00:38:00,58673.4,58791.0,58673.4,58791.0,118.764,6976569.1509
2024-08-05 00:39:00,58791.0,58791.0,58707.3,58722.7,80.269,4714388.2455
2024-08-05 00:40:00,58722.7,58744.2,58700.1,58729.0,85.791,5038343.201
2024-08-05 00:41:00,58729.0,58792.9,58710.9,58762.7,129.167,7589287.9946
2024-08-05 00:42:00,58762.7,58924.0,58759.9,58907.7,422.826,24880012.2783
2024-08-05 00:43:00,58907.7,58955.5,58882.0,58924.6,342.865,20204246.6077
2024-08-05 00:44:00,58924.6,58936.0,58889.4,58906.0,163.424,9627872.7551
2024-08-05 00:45:00,58906.0,58933.6,58880.9,58931.8,110.682,6519956.1736
2024-08-05 00:46:00,58931.8,58943.0,58895.1,58937.9,140.956,8305551.2719
2024-08-05 00:47:00,58937.9,59049.4,58934.7,59015.6,472.2,27862724.7283
2024-08-05 00:48:00,59015.6,59057.0,59000.0,59031.8,148.006,8738577.4232
2024-08-05 00:49:00,59031.8,59069.3,59010.5,59069.2,182.059,10749943.3954
2024-08-05 00:50:00,59069.2,59132.2,59054.5,59100.2,396.428,23427898.918
2024-08-05 00:51:00,59100.2,59131.1,59079.7,59120.1,155.324,9180328.0972
2024-08-05 00:52:00,59120.1,59229.2,59108.5,59200.0,395.284,23390462.5925
2024-08-05 00:53:00,59200.0,59325.2,59189.9,59247.8,451.37,26749876.3273
2024-08-05 00:54:00,59247.8,59382.0,59247.8,59369.8,679.728,40325410.9671
2024-08-05 00:55:00,59369.8,59438.5,59348.6,59368.6,533.622,31691596.637
2024-08-05 00:56:00,59368.6,59376.0,59262.5,59337.0,433.993,25741704.37
2024-08-05 00:57:00,59337.0,59364.2,59252.9,59325.5,325.57,19307403.5805
2024-08-05 00:58:00,59325.5,59360.3,59290.0,59356.5,142.775,8469116.6193
2024-08-05 00:59:00,59356.5,59434.0,59340.5,59433.9,189.744,11268507.5661
2024-08-05 01:00:00,59433.9,59466.0,59300.8,59317.9,282.823,16799215.9126
2024-08-05 01:01:00,59317.9,59367.1,59262.2,59320.8,278.237,16500095.52
2024-08-05 01:02:00,59320.8,59377.9,59299.5,59345.7,193.616,11489019.6445
2024-08-05 01:03:00,59345.7,59345.7,59272.0,59279.4,182.236,10807747.5895
2024-08-05 01:04:00,59279.4,59279.4,59201.1,59223.3,186.37,11040533.1144
2024-08-05 01:05:00,59223.3,59322.5,59215.4,59243.4,251.128,14884770.4429
2024-08-05 01:06:00,59243.4,59269.8,59179.2,59266.3,153.229,9073368.7181
2024-08-05 01:07:00,59266.3,59275.0,59190.4,59191.9,133.363,7898656.9415
2024-08-05 01:08:00,59191.9,59196.6,59096.9,59175.6,362.806,21462093.9003
2024-08-05 01:09:00,59175.6,59175.6,59104.7,59128.8,137.297,8119518.2005
2024-08-05 01:10:00,59128.8,59149.7,59081.6,59143.8,182.236,10772696.1009
2024-08-05 01:11:00,59143.8,59200.9,59120.0,59170.3,114.8,6791096.622
2024-08-05 01:12:00,59170.3,59241.5,59158.3,59239.7,86.026,5093058.3088
2024-08-05 01:13:00,59239.7,59239.8,59156.0,59174.1,65.4,3871393.9277
2024-08-05 01:14:00,59174.1,59246.7,59174.1,59235.9,68.669,4066873.592
2024-08-05 01:15:00,59235.9,59239.2,59181.9,59222.6,56.141,3323976.7148
2024-08-05 01:16:00,59222.6,59236.2,59208.1,59236.2,8.38,496338.0019
2024-08-05 01:17:00,59236.2,59236.2,59103.9,59122.1,124.413,7359285.7447
2024-08-05 01:18:00,59122.1,59188.7,59097.8,59144.9,99.678,5894385.5546
2024-08-05 01:19:00,59144.9,59200.0,59141.1,59195.3,67.156,3973740.555
2024-08-05 01:20:00,59195.3,59260.0,59195.2,59260.0,66.948,3965667.1443
2024-08-05 01:21:00,59260.0,59307.8,59177.3,59177.4,125.28,7424625.0386
2024-08-05 01:22:00,59177.4,59255.0,59177.0,59255.0,47.004,2783424.7334
2024-08-05 01:23:00,59255.0,59325.0,59244.0,59322.1,52.17,3092274.899
2024-08-05 01:24:00,59322.1,59399.0,59322.0,59339.1,129.986,7718385.9862
2024-08-05 01:25:00,59339.1,59346.2,59236.4,59260.0,68.949,4087671.6611
2024-08-05 01:26:00,59260.0,59262.0,59218.0,59248.4,48.256,2858749.8542
2024-08-05 01:27:00,59248.4,59287.7,59232.9,59279.1,33.016,1956629.8261
2024-08-05 01:28:00,59279.1,59307.2,59260.0,59262.1,42.069,2493755.8534
2024-08-05 01:29:00,59262.1,59262.1,59200.0,59221.9,31.699,1877186.2474
2024-08-05 01:30:00,59221.9,59261.5,59175.2,59219.4,56.224,3329405.7524
2024-08-05 01:31:00,59219.4,59219.4,59108.6,59128.4,225.701,13347222.8821
2024-08-05 01:32:00,59128.4,59183.9,59118.6,59164.2,74.924,4432202.232
2024-08-05 01:33:00,59164.2,59212.9,59150.9,59191.6,86.456,5115727.8209
2024-08-05 01:34:00,59191.6,59296.4,59188.1,59288.3,105.968,6279512.0466
2024-08-05 01:35:00,59288.3,59288.3,59221.4,59264.0,32.312,1914537.4237
2024-08-05 01:36:00,59264.0,59280.8,59227.5,59279.6,24.871,1473704.3758
2024-08-05 01:37:00,59279.6,59380.1,59279.6,59371.5,123.453,7327065.8626
2024-08-05 01:38:00,59371.5,59375.6,59300.0,59324.6,71.512,4242280.0473
2024-08-05 01:39:00,59324.6,59410.5,59304.8,59381.9,94.094,5586291.7997
2024-08-05 01:40:00,59381.9,59559.4,59381.8,59474.7,444.439,26439059.9815
2024-08-05 01:41:00,59474.7,59520.2,59462.2,59491.4,155.867,9271997.5192
2024-08-05 01:42:00,59491.4,59506.5,59464.3,59472.1,97.69,5810320.1801
2024-08-05 01:43:00,59472.1,59533.7,59468.1,59494.8,120.492,7168749.9478
2024-08-05 01:44:00,59494.8,59527.4,59468.1,59468.2,97.852,5822355.6496
2024-08-05 01:45:00,59468.2,59524.4,59468.2,59481.1,74.812,4451702.5517
2024-08-05 01:46:00,59481.1,59490.2,59356.0,59372.2,210.33,12494752.7684
2024-08-05 01:47:00,59372.2,59389.9,59292.0,59299.9,69.87,4145924.415
2024-08-05 01:48:00,59299.9,59317.4,59271.7,59285.2,42.459,2517282.8336
2024-08-05 01:49:00,59285.2,59321.9,59271.8,59321.9,39.153,2321405.3572
2024-08-05 01:50:00,59321.9,59321.9,59257.8,59257.8,62.515,3705907.8949
2024-08-05 01:51:00,59257.8,59300.0,59212.4,59281.1,41.998,2488682.6752
2024-08-05 01:52:00,59281.1,59321.0,59271.3,59282.0,78.88,4676793.4329
2024-08-05 01:53:00,59282.0,59345.9,59281.9,59311.7,119.722,7101801.8296
2024-08-05 01:54:00,59311.7,59317.7,59271.6,59283.4,40.084,2376972.7067
2024-08-05 01:55:00,59283.4,59310.0,59271.3,59293.9,40.475,2399911.0212
2024-08-05 01:56:00,59293.9,59310.0,59283.6,59305.0,19.748,1171142.246
2024-08-05 01:57:00,59305.0,59317.6,59237.5,59241.5,74.013,4386972.9684
2024-08-05 01:58:00,59241.5,59241.5,59177.0,59197.8,57.851,3424650.4412
2024-08-05 01:59:00,59197.8,59212.4,59180.9,59180.9,43.768,2590836.8822
2024-08-05 02:00:00,59180.9,59264.1,59155.9,59264.1,70.581,4179095.0691
2024-08-05 02:01:00,59264.1,59264.1,59200.1,59212.1,39.23,2323543.8076
2024-08-05 02:02:00,59212.1,59254.0,59210.2,59215.2,45.245,2679872.4647
2024-08-05 02:03:00,59215.2,59232.1,59100.1,59112.8,151.653,8972514.2564
2024-08-05 02:04:00,59112.8,59164.0,59105.9,59133.5,101.625,6010318.5036
2024-08-05 02:05:00,59133.5,59133.5,59024.1,59042.0,335.061,19789534.5601
2024-08-05 02:06:00,59042.0,59046.0,58895.8,58955.5,528.111,31135757.911
2024-08-05 02:07:00,58955.5,58968.9,58909.4,58910.4,191.08,11263782.8404
2024-08-05 02:08:00,58910.4,58953.9,58906.1,58935.6,179.899,10602157.924
2024-08-05 02:09:00,58935.6,58935.6,58866.6,58887.9,260.335,15332977.348
2024-08-05 02:10:00,58887.9,58936.9,58883.1,58929.7,96.284,5672660.1218
2024-08-05 02:11:00,58929.7,58949.9,58886.9,58906.7,133.713,7878578.6718
2024-08-05 02:12:00,58906.7,58928.8,58891.6,58891.6,81.613,4807817.1068
2024-08-05 02:13:00,58891.6,58891.6,58830.5,58835.4,270.626,15926699.2322
2024-08-05 02:14:00,58835.4,58870.0,58810.7,58845.9,309.945,18236123.3379
2024-08-05 02:15:00,58845.9,58966.0,58806.4,58942.6,195.272,11500398.4765
2024-08-05 02:16:00,58942.6,59112.8,58936.5,59016.4,152.818,9024468.7482
2024-08-05 02:17:00,59016.4,59021.7,58971.8,58974.3,93.947,5542212.9959
2024-08-05 02:18:00,58974.3,58974.3,58905.4,58953.5,92.932,5477047.0019
2024-08-05 02:19:00,58953.5,59058.2,58953.5,59047.6,72.548,4282238.8097
2024-08-05 02:20:00,59047.6,59054.0,58977.2,59029.1,80.59,4755931.992
2024-08-05 02:21:00,59029.1,59044.3,59002.3,59009.7,61.047,3602890.6972
2024-08-05 02:22:00,59009.7,59069.3,59000.0,59062.0,66.703,3938519.4326
2024-08-05 02:23:00,59062.0,59062.1,59004.5,59005.7,25.206,1487725.2895
2024-08-05 02:24:00,59005.7,59024.1,58933.3,58988.5,62.233,3670260.2015
2024-08-05 02:25:00,58988.5,58999.8,58944.2,58980.1,37.872,2233603.6812
2024-08-05 02:26:00,58980.1,59057.5,58970.0,59057.4,38.82,2290776.8503
2024-08-05 02:27:00,59057.4,59057.5,59009.8,59038.0,22.353,1319542.2897
2024-08-05 02:28:00,59038.0,59190.0,59037.9,59148.3,161.931,9573286.7425
2024-08-05 02:29:00,59148.3,59159.8,59089.7,59124.3,122.848,7262794.8236
2024-08-05 02:30:00,59124.3,59135.5,59066.9,59093.3,89.544,5292449.684
2024-08-05 02:31:00,59093.3,59103.8,59069.6,59082.5,37.556,2219280.4549
2024-08-05 02:32:00,59082.5,59101.5,59050.8,59055.4,113.315,6695832.763
2024-08-05 02:33:00,59055.4,59071.3,58983.1,58984.2,40.316,2379464.1006
2024-08-05 02:34:00,58984.2,59019.8,58970.1,58999.9,42.77,2523367.1022
2024-08-05 02:35:00,58999.9,59019.9,58982.3,58996.1,45.02,2656212.9054
2024-08-05 02:36:00,58996.1,59041.6,58996.0,58998.7,33.062,1951354.5754
2024-08-05 02:37:00,58998.7,58998.7,58894.7,58930.7,205.089,12085575.5055
2024-08-05 02:38:00,58930.7,59000.0,58930.6,58981.2,56.54,3334862.0905
2024-08-05 02:39:00,58981.2,59012.2,58968.8,58968.8,49.182,2901294.1482
2024-08-05 02:40:00,58968.8,58968.8,58902.0,58928.3,71.768,4229636.1703
2024-08-05 02:41:00,58928.3,58953.8,58885.6,58932.9,47.907,2822257.2697
2024-08-05 02:42:00,58932.9,58952.9,58895.8,58895.8,65.151,3838127.7815
2024-08-05 02:43:00,58895.8,58969.4,58886.3,58956.2,77.079,4542915.8261
2024-08-05 02:44:00,58956.2,58956.7,58904.8,58904.8,44.509,2623471.2685
2024-08-05 02:45:00,58904.8,58934.9,58900.0,58920.9,21.56,1270175.1532
2024-08-05 02:46:00,58920.9,59003.4,58886.3,59003.4,82.34,4852208.6214
2024-08-05 02:47:00,59003.4,59009.8,58910.3,58923.6,58.673,3459205.7682
2024-08-05 02:48:00,58923.6,58923.7,58843.1,58855.9,57.326,3374803.973
2024-08-05 02:49:00,58855.9,58885.3,58844.2,58885.2,53.544,3151473.0032
2024-08-05 02:50:00,58885.2,58885.3,58870.7,58876.5,15.878,934865.697
2024-08-05 02:51:00,58876.5,58876.6,58552.9,58634.0,982.407,57652936.0551
2024-08-05 02:52:00,58634.0,58727.3,58552.2,58608.4,346.061,20295279.4129
2024-08-05 02:53:00,58608.4,58651.4,58608.1,58651.3,41.936,2458655.271
2024-08-05 02:54:00,58651.3,58737.2,58651.3,58737.1,80.776,4740993.8617
2024-08-05 02:55:00,58737.1,58757.7,58600.3,58635.7,239.722,14065407.3405
2024-08-05 02:56:00,58635.7,58662.4,58635.6,58662.3,32.764,1921490.1908
2024-08-05 02:57:00,58662.3,58662.3,58573.7,58589.5,119.194,6985819.6965
2024-08-05 02:58:00,58589.5,58604.0,58426.6,58480.0,459.895,26908980.729
2024-08-05 02:59:00,58480.0,58555.4,58471.0,58537.9,138.491,8105098.8096
2024-08-05 03:00:00,58537.9,58537.9,58507.1,58510.2,49.433,2892729.256
2024-08-05 03:01:00,58510.2,58522.5,58504.8,58504.8,55.147,3226907.6248
2024-08-05 03:02:00,58504.8,58540.2,58504.8,58540.0,35.574,2081665.017
2024-08-05 03:03:00,58540.0,58707.2,58539.9,58628.5,192.528,11287525.421
2024-08-05 03:04:00,58628.5,58628.6,58404.5,58447.7,166.659,9749338.7369
2024-08-05 03:05:00,58447.7,58537.2,58381.0,58525.6,156.539,9149202.211
2024-08-05 03:06:00,58525.6,58605.6,58463.1,58605.6,83.99,4916575.6303
2024-08-05 03:07:00,58605.6,58605.6,58555.8,58599.1,53.232,3119141.2515
2024-08-05 03:08:00,58599.1,58599.1,58455.3,58484.9,106.698,6244283.5132
2024-08-05 03:09:00,58484.9,58541.0,58477.3,58531.1,35.894,2100594.2783
2024-08-05 03:10:00,58531.1,58618.4,58510.2,58599.9,79.591,4662243.8306
2024-08-05 03:11:00,58599.9,58606.2,58589.5,58606.2,18.356,1075635.1988
2024-08-05 03:12:00,58606.2,58658.0,58606.1,58622.2,59.315,3477722.0504
2024-08-05 03:13:00,58622.2,58646.9,58622.2,58645.2,24.715,1449248.9091
2024-08-05 03:14:00,58645.2,58659.2,58642.4,58658.1,34.641,2031733.5749
2024-08-05 03:15:00,58658.1,58739.0,58658.1,58686.5,113.561,6666420.4082
2024-08-05 03:16:00,58686.5,58699.0,58684.8,58699.0,16.561,971989.8861
2024-08-05 03:17:00,58699.0,58798.8,58698.9,58798.8,92.156,5414748.8602
2024-08-05 03:18:00,58798.8,58809.5,58650.0,58678.8,80.65,4735531.0646
2024-08-05 03:19:00,58678.8,58678.8,58616.8,58616.8,80.582,4726878.0093
2024-08-05 03:20:00,58616.8,58680.1,58616.8,58659.3,68.005,3988027.1419
2024-08-05 03:21:00,58659.3,58671.4,58659.3,58668.7,15.267,895624.8243
2024-08-05 03:22:00,58668.7,58668.7,58561.9,58561.9,36.069,2113980.5376
2024-08-05 03:23:00,58561.9,58561.9,58466.3,58466.4,76.288,4464847.4277
2024-08-05 03:24:00,58466.4,58517.2,58466.3,58488.9,31.33,1832732.1929
2024-08-05 03:25:00,58488.9,58489.0,58411.4,58413.9,76.057,4444558.4957
2024-08-05 03:26:00,58413.9,58460.3,58331.9,58355.6,410.87,23995202.0879
2024-08-05 03:27:00,58355.6,58366.1,58327.1,58348.6,152.872,8919156.9144
2024-08-05 03:28:00,58348.6,58465.8,58348.5,58462.3,150.269,8779134.968
2024-08-05 03:29:00,58462.3,58484.0,58428.2,58435.5,32.991,1928205.8214
2024-08-05 03:30:00,58435.5,58540.0,58407.7,58540.0,334.408,19561844.2789
2024-08-05 03:31:00,58540.0,58555.0,58524.9,58543.1,156.672,9172142.0918
2024-08-05 03:32:00,58543.1,58563.2,58534.4,58561.9,90.445,5295436.1201
2024-08-05 03:33:00,58561.9,58562.0,58367.3,58371.6,126.768,7408698.1293
2024-08-05 03:34:00,58371.6,58454.0,58355.1,58436.5,116.192,6784746.0062
2024-08-05 03:35:00,58436.5,58611.1,58436.5,58572.9,163.217,9553211.7158
2024-08-05 03:36:00,58572.9,58574.0,58480.0,58551.3,149.459,8750338.0236
2024-08-05 03:37:00,58551.3,58599.9,58536.0,58599.9,88.063,5157089.0745
2024-08-05 03:38:00,58599.9,58718.8,58599.8,58676.9,164.475,9652177.4208
2024-08-05 03:39:00,58676.9,58782.5,58673.4,58769.9,148.39,8715982.4934
2024-08-05 03:40:00,58769.9,58995.3,58760.1,58933.7,606.907,35738205.6357
2024-08-05 03:41:00,58933.7,59109.2,58923.1,59098.1,600.269,35429598.5761
2024-08-05 03:42:00,59098.1,59098.1,58980.2,59000.0,362.795,21410093.2895
2024-08-05 03:43:00,59000.0,59018.4,58965.9,58982.0,97.1,5728256.6949
2024-08-05 03:44:00,58982.0,58982.0,58911.8,58980.2,182.98,10785659.5067
2024-08-05 03:45:00,58980.2,59045.1,58898.5,58919.6,104.208,6146155.719
2024-08-05 03:46:00,58919.6,58919.6,58842.0,58842.1,103.893,6118225.2772
2024-08-05 03:47:00,58842.1,58848.9,58767.1,58767.1,218.142,12828468.5161
2024-08-05 03:48:00,58767.1,58782.9,58681.6,58701.1,200.016,11745119.5036
2024-08-05 03:49:00,58701.1,58729.5,58641.8,58725.2,155.42,9122396.748
2024-08-05 03:50:00,58725.2,58811.0,58713.1,58739.1,160.24,9414469.3473
2024-08-05 03:51:00,58739.1,58774.2,58640.0,58728.7,99.337,5831438.5067
2024-08-05 03:52:00,58728.7,58766.6,58696.4,58717.8,40.183,2360181.2899
2024-08-05 03:53:00,58717.8,58717.9,58650.0,58658.1,28.317,1661626.0235
2024-08-05 03:54:00,58658.1,58742.0,58630.5,58683.5,56.971,3343402.5147
2024-08-05 03:55:00,58683.5,58731.7,58658.4,58680.0,49.419,2900426.1679
2024-08-05 03:56:00,58680.0,58767.3,58680.0,58767.3,28.349,1664963.4673
2024-08-05 03:57:00,58767.3,58865.6,58762.2,58805.1,96.974,5703376.0152
2024-08-05 03:58:00,58805.1,58810.2,58753.5,58774.9,41.504,2439886.6189
2024-08-05 03:59:00,58774.9,58830.0,58774.9,58814.4,48.1,2828417.4424
2024-08-05 04:00:00,58814.4,59018.1,58780.0,58969.9,378.603,22312112.0156
2024-08-05 04:01:00,58969.9,59020.0,58833.3,58876.0,415.986,24513324.9849
2024-08-05 04:02:00,58876.0,58881.9,58811.0,58835.0,150.004,8828917.7513
2024-08-05 04:03:00,58835.0,58955.3,58835.0,58935.8,120.658,7108113.6832
2024-08-05 04:04:00,58935.8,58949.9,58853.1,58880.5,133.756,7876544.8886
2024-08-05 04:05:00,58880.5,58967.4,58874.0,58955.2,98.781,5820757.5588
2024-08-05 04:06:00,58955.2,59050.6,58945.0,59019.9,217.626,12842241.837
2024-08-05 04:07:00,59019.9,59032.6,58990.0,59004.9,99.631,5879325.6959
2024-08-05 04:08:00,59004.9,59039.9,58948.1,59039.9,85.928,5069436.9677
2024-08-05 04:09:00,59039.9,59039.9,58950.5,58950.5,86.201,5084697.616
2024-08-05 04:10:00,58950.5,59000.0,58905.3,58943.8,105.738,6234433.0089
2024-08-05 04:11:00,58943.8,58980.3,58934.7,58939.6,125.854,7420568.6154
2024-08-05 04:12:00,58939.6,58948.8,58868.0,58912.1,105.848,6235519.5515
2024-08-05 04:13:00,58912.1,58979.7,58906.1,58956.0,59.479,3505793.885
2024-08-05 04:14:00,58956.0,58986.8,58950.8,58964.1,69.931,4123911.678
2024-08-05 04:15:00,58964.1,58964.1,58931.4,58931.4,65.819,3879791.4799
2024-08-05 04:16:00,58931.4,58931.5,58828.5,58847.1,86.786,5108927.0615
2024-08-05 04:17:00,58847.1,58847.1,58716.8,58759.3,170.969,10047981.463
2024-08-05 04:18:00,58759.3,58781.4,58718.1,58762.5,70.783,4158619.0509
2024-08-05 04:19:00,58762.5,58783.8,58730.3,58772.1,47.847,2811082.1333
2024-08-05 04:20:00,58772.1,58775.9,58678.6,58709.9,91.027,5344694.5248
2024-08-05 04:21:00,58709.9,58726.9,58645.9,58685.9,68.593,4025041.0458
2024-08-05 04:22:00,58685.9,58711.6,58649.6,58650.0,71.008,4166546.5764
2024-08-05 04:23:00,58650.0,58725.3,58649.9,58711.2,89.322,5241126.1182
2024-08-05 04:24:00,58711.2,58711.2,58642.6,58642.6,34.778,2040599.1326
2024-08-05 04:25:00,58642.6,58699.4,58620.6,58658.1,95.696,5612341.1751
2024-08-05 04:26:00,58658.1,58690.6,58637.6,58690.6,25.645,1504612.4443
2024-08-05 04:27:00,58690.6,58708.7,58660.1,58662.5,31.708,1860903.7033
2024-08-05 04:28:00,58662.5,58701.9,58621.2,58621.2,20.338,1193227.086
2024-08-05 04:29:00,58621.2,58691.3,58621.2,58691.2,21.447,1258122.6138
2024-08-05 04:30:00,58691.2,58712.0,58645.3,58655.0,21.338,1252079.4979
2024-08-05 04:31:00,58655.0,58686.2,58595.1,58664.9,99.359,5825765.3914
2024-08-05 04:32:00,58664.9,58743.8,58607.4,58619.4,80.256,4710209.5374
2024-08-05 04:33:00,58619.4,58675.9,58535.0,58673.3,115.234,6752124.761
2024-08-05 04:34:00,58673.3,58734.0,58663.4,58675.4,45.152,2650529.0239
2024-08-05 04:35:00,58675.4,58675.4,58613.4,58645.8,41.893,2456438.9052
2024-08-05 04:36:00,58645.8,58656.9,58604.6,58616.9,18.066,1059078.9157
2024-08-05 04:37:00,58616.9,58662.0,58616.9,58655.3,30.886,1811438.7696
2024-08-05 04:38:00,58655.3,58673.4,58590.1,58604.0,23.385,1370894.063
2024-08-05 04:39:00,58604.0,58604.1,58501.5,58533.9,172.433,10094916.1916
2024-08-05 04:40:00,58533.9,58560.2,58501.0,58503.5,64.772,3790813.1203
2024-08-05 04:41:00,58503.5,58519.8,58450.0,58507.0,144.557,8455323.1588
2024-08-05 04:42:00,58507.0,58534.0,58490.0,58509.3,34.346,2009664.2792
2024-08-05 04:43:00,58509.3,58518.0,58476.0,58485.8,80.503,4709306.4499
2024-08-05 04:44:00,58485.8,58485.9,58408.5,58436.2,118.722,6938381.762
2024-08-05 04:45:00,58436.2,58491.9,58420.0,58458.9,100.993,5903541.4161
2024-08-05 04:46:00,58458.9,58466.0,58381.0,58403.3,101.302,5917860.961
2024-08-05 04:47:00,58403.3,58429.8,58356.4,58401.4,106.798,6235731.0493
2024-08-05 04:48:00,58401.4,58460.0,58381.7,58403.0,124.732,7285838.2305
2024-08-05 04:49:00,58403.0,58418.1,58337.2,58337.4,54.043,3154638.8416
2024-08-05 04:50:00,58337.4,58463.7,58337.4,58463.6,145.148,8476380.2792
2024-08-05 04:51:00,58463.6,58544.5,58424.8,58534.1,126.589,7404995.7896
2024-08-05 04:52:00,58534.1,58594.1,58528.0,58537.3,104.444,6116753.0025
2024-08-05 04:53:00,58537.3,58549.1,58503.0,58526.0,49.971,2925171.2608
2024-08-05 04:54:00,58526.0,58529.2,58403.6,58457.3,67.19,3927489.262
2024-08-05 04:55:00,58457.3,58553.6,58457.3,58553.5,57.997,3393874.4629
2024-08-05 04:56:00,58553.5,58564.4,58542.0,58554.2,58.324,3414982.2781
2024-08-05 04:57:00,58554.2,58572.4,58520.9,58525.8,61.588,3606178.9237
2024-08-05 04:58:00,58525.8,58546.2,58521.4,58539.1,30.99,1813764.6431
2024-08-05 04:59:00,58539.1,58580.0,58533.1,58570.0,25.295,1481503.5509
2024-08-05 05:00:00,58570.0,58572.2,58544.1,58561.6,68.556,4014305.6658
2024-08-05 05:01:00,58561.6,58562.5,58523.1,58532.0,42.763,2503524.7978
2024-08-05 05:02:00,58532.0,58562.5,58431.8,58479.6,132.47,7746832.7599
2024-08-05 05:03:00,58479.6,58502.8,58426.5,58468.5,91.164,5330151.4439
2024-08-05 05:04:00,58468.5,58476.0,58381.2,58397.5,78.223,4568831.1059
2024-08-05 05:05:00,58397.5,58489.4,58394.1,58462.6,35.763,2090189.8956
2024-08-05 05:06:00,58462.6,58470.8,58417.8,58470.8,21.707,1268597.7335
2024-08-05 05:07:00,58470.8,58474.5,58410.9,58420.2,22.725,1328020.9849
2024-08-05 05:08:00,58420.2,58420.3,58365.0,58382.7,44.632,2605560.8722
2024-08-05 05:09:00,58382.7,58385.0,58364.1,58364.1,38.644,2255890.5533
2024-08-05 05:10:00,58364.1,58422.5,58350.0,58400.0,132.272,7721929.1942
2024-08-05 05:11:00,58400.0,58425.4,58376.1,58421.8,49.551,2893768.6208
2024-08-05 05:12:00,58421.8,58423.0,58373.7,58389.9,26.515,1548446.4509
2024-08-05 05:13:00,58389.9,58417.6,58372.6,58391.2,104.194,6083359.9223
2024-08-05 05:14:00,58391.2,58423.0,58376.0,58389.4,30.455,1778683.5489
2024-08-05 05:15:00,58389.4,58389.5,58350.0,58364.4,40.14,2343058.7317
2024-08-05 05:16:00,58364.4,58364.4,58238.3,58301.0,541.795,31583215.1827
2024-08-05 05:17:00,58301.0,58306.6,58219.6,58259.9,123.591,7200200.9556
2024-08-05 05:18:00,58259.9,58277.1,58205.5,58224.5,94.606,5509775.0442
2024-08-05 05:19:00,58224.5,58236.2,58200.1,58215.1,94.115,5479100.8591
2024-08-05 05:20:00,58215.1,58247.3,58184.8,58196.5,155.546,9054309.5326
2024-08-05 05:21:00,58196.5,58199.9,58070.0,58070.1,525.973,30570238.222
2024-08-05 05:22:00,58070.1,58102.6,58059.7,58080.8,218.076,12665527.0144
2024-08-05 05:23:00,58080.8,58140.4,58070.0,58078.1,122.539,7120178.9517
2024-08-05 05:24:00,58078.1,58087.6,58050.0,58054.1,143.805,8349085.1762
2024-08-05 05:25:00,58054.1,58070.3,58023.9,58047.4,270.426,15696951.1565
2024-08-05 05:26:00,58047.4,58047.4,57981.6,57989.9,281.366,16319819.1389
2024-08-05 05:27:00,57989.9,58102.7,57970.8,58100.6,279.205,16201702.227
2024-08-05 05:28:00,58100.6,58149.6,58097.2,58107.3,166.469,9674507.6792
2024-08-05 05:29:00,58107.3,58136.0,58097.2,58131.6,86.675,5037592.9084
2024-08-05 05:30:00,58131.6,58186.4,58086.0,58178.6,221.878,12899521.4782
2024-08-05 05:31:00,58178.6,58210.6,58091.1,58107.5,212.45,12354377.4664
2024-08-05 05:32:00,58107.5,58190.2,58088.2,58181.4,139.858,8129081.1216
2024-08-05 05:33:00,58181.4,58203.6,58152.9,58153.0,87.791,5107441.279
2024-08-05 05:34:00,58153.0,58274.0,58137.4,58272.4,201.876,11751169.8064
2024-08-05 05:35:00,58272.4,58274.0,58180.0,58273.9,167.146,9731914.2388
2024-08-05 05:36:00,58273.9,58278.3,58117.0,58134.9,208.141,12110556.4408
2024-08-05 05:37:00,58134.9,58160.2,58001.2,58002.8,193.843,11257772.1947
2024-08-05 05:38:00,58002.8,58020.1,57900.0,57924.2,447.413,25929743.6223
2024-08-05 05:39:00,57924.2,57938.4,57724.3,57744.4,824.224,47654954.0979
2024-08-05 05:40:00,57744.4,57855.3,57744.4,57819.8,408.421,23610976.5235
2024-08-05 05:41:00,57819.8,57831.6,57639.5,57712.9,468.928,27068336.7864
2024-08-05 05:42:00,57712.9,57713.8,57601.1,57627.2,460.281,26532155.2173
2024-08-05 05:43:00,57627.2,57627.2,57501.9,57512.2,452.703,26056215.3472
2024-08-05 05:44:00,57512.2,57534.0,57415.0,57433.9,579.274,33291791.1896
2024-08-05 05:45:00,57433.9,57831.2,57375.0,57801.0,1421.059,81860389.7098
2024-08-05 05:46:00,57801.0,58066.7,57784.1,58002.9,857.729,49688560.1171
2024-08-05 05:47:00,58002.9,58236.0,57987.8,58128.9,557.625,32415019.5239
2024-08-05 05:48:00,58128.9,58145.3,57729.8,57750.1,1094.48,63398538.4536
2024-08-05 05:49:00,57750.1,57962.7,57717.9,57906.5,226.033,13075331.7894
2024-08-05 05:50:00,57906.5,57915.0,57733.1,57791.7,174.061,10059436.9588
2024-08-05 05:51:00,57791.7,57920.8,57789.4,57859.2,194.963,11278866.1198
2024-08-05 05:52:00,57859.2,57873.9,57601.2,57611.1,223.839,12920745.4522
2024-08-05 05:53:00,57611.1,57640.6,57476.9,57532.4,702.795,40446169.9994
2024-08-05 05:54:00,57532.4,57560.0,57352.4,57359.0,770.521,44261736.2969
2024-08-05 05:55:00,57359.0,57500.6,57305.4,57323.6,631.068,36212071.7274
2024-08-05 05:56:00,57323.6,57394.3,57257.0,57263.8,292.177,16748789.7655
2024-08-05 05:57:00,57263.8,57490.6,57250.1,57431.3,383.098,21990580.3338
2024-08-05 05:58:00,57431.3,57452.8,57319.9,57347.7,284.816,16346945.2976
2024-08-05 05:59:00,57347.7,57396.2,57299.6,57373.3,195.57,11215736.9153
2024-08-05 06:00:00,57373.3,57421.9,57284.0,57329.9,256.046,14685160.2196
2024-08-05 06:01:00,57329.9,57513.3,57315.4,57419.2,251.354,14431683.0021
2024-08-05 06:02:00,57419.2,57419.2,57279.9,57293.9,228.434,13097196.121
2024-08-05 06:03:00,57293.9,57443.8,57275.2,57388.0,280.499,16091419.1202
2024-08-05 06:04:00,57388.0,57397.1,57264.0,57308.1,221.814,12711081.4526
2024-08-05 06:05:00,57308.1,57350.0,57179.6,57198.0,449.013,25699193.8683
2024-08-05 06:06:00,57198.0,57248.7,57087.0,57122.0,562.407,32144335.2303
2024-08-05 06:07:00,57122.0,57155.8,56860.0,56885.3,1564.663,89161763.7599
2024-08-05 06:08:00,56885.3,56964.6,56547.4,56628.7,2046.735,116065005.0379
2024-08-05 06:09:00,56628.7,56771.1,56628.6,56750.0,624.405,35412302.8809
2024-08-05 06:10:00,56750.0,56986.9,56682.5,56830.5,662.866,37670725.0797
2024-08-05 06:11:00,56830.5,56846.2,56621.8,56723.6,438.99,24887182.7027
2024-08-05 06:12:00,56723.6,56785.9,56633.3,56780.5,318.028,18034610.3314
2024-08-05 06:13:00,56780.5,56861.7,56710.8,56710.8,249.842,14182359.0587
2024-08-05 06:14:00,56710.8,56768.0,56650.0,56687.0,259.394,14706815.2769
2024-08-05 06:15:00,56687.0,57063.0,56665.4,57057.3,713.173,40561209.4843
2024-08-05 06:16:00,57057.3,57070.1,56922.2,56947.1,612.361,34909921.2802
2024-08-05 06:17:00,56947.1,57025.8,56622.1,56784.3,684.204,38864966.9324
2024-08-05 06:18:00,56784.3,56794.0,56627.5,56727.0,440.413,24974861.4907
2024-08-05 06:19:00,56727.0,56963.8,56691.5,56879.6,805.967,45819796.8506
2024-08-05 06:20:00,56879.6,56898.0,56760.0,56775.8,229.328,13030098.4734
2024-08-05 06:21:00,56775.8,56810.0,56565.1,56637.8,480.505,27217380.3425
2024-08-05 06:22:00,56637.8,56888.0,56627.7,56782.0,382.397,21719521.3452
2024-08-05 06:23:00,56782.0,56782.0,56646.0,56679.7,223.665,12679478.8305
2024-08-05 06:24:00,56679.7,56694.9,56450.0,56462.5,908.339,51376147.2519
2024-08-05 06:25:00,56462.5,56473.4,56172.0,56183.0,2228.753,125526535.5357
2024-08-05 06:26:00,56183.0,56320.0,56000.4,56068.1,1097.858,61638764.3559
2024-08-05 06:27:00,56068.1,56087.4,55630.4,55734.1,2670.263,149076121.945
2024-08-05 06:28:00,55734.1,56158.8,55734.1,56051.3,1245.193,69737836.5801
2024-08-05 06:29:00,56051.3,56158.7,56028.0,56115.6,555.948,31186898.3981
2024-08-05 06:30:00,56115.6,56250.0,56086.0,56099.6,915.27,51403582.453
2024-08-05 06:31:00,56099.6,56099.6,55760.9,55952.8,959.733,53680378.4032
2024-08-05 06:32:00,55952.8,56173.0,55826.3,56003.8,986.678,55271114.2468
2024-08-05 06:33:00,56003.8,56080.0,55800.0,55826.5,529.987,29637387.7645
2024-08-05 06:34:00,55826.5,55916.0,55650.4,55807.6,1701.235,94906643.8995
2024-08-05 06:35:00,55807.6,55886.0,55585.1,55623.8,597.364,33293579.9465
2024-08-05 06:36:00,55623.8,55632.2,55163.1,55282.3,3515.773,194670849.784
2024-08-05 06:37:00,55282.3,55342.4,54959.0,55091.2,2368.394,130554131.6928
2024-08-05 06:38:00,55091.2,55104.7,54261.9,54579.8,5907.32,322466588.1434
2024-08-05 06:39:00,54579.8,54992.7,54577.3,54769.3,2200.701,120608541.9758
2024-08-05 06:40:00,54769.3,54824.8,52500.0,52953.3,9012.66,481240383.6564
2024-08-05 06:41:00,52953.3,53741.1,52729.8,53446.7,4503.249,239563231.033
2024-08-05 06:42:00,53446.7,53600.0,53032.1,53088.7,2364.019,126200942.2799
2024-08-05 06:43:00,53088.7,53194.0,52157.6,53089.3,3396.934,178911486.8502
2024-08-05 06:44:00,53089.3,53900.0,53002.5,53889.5,1671.987,89374501.8006
2024-08-05 06:45:00,53889.5,54649.2,53885.8,54294.1,2613.413,141803048.5089
2024-08-05 06:46:00,54294.1,54386.7,54055.1,54242.6,1385.703,75144658.3269
2024-08-05 06:47:00,54242.6,54486.5,54224.7,54360.0,1013.067,55037172.4551
2024-08-05 06:48:00,54360.0,54863.4,54313.2,54746.2,1192.846,65055190.1712
2024-08-05 06:49:00,54746.2,54779.7,54337.5,54345.6,862.283,47052639.6022
2024-08-05 06:50:00,54345.6,54758.9,54344.3,54738.1,905.374,49441462.5412
2024-08-05 06:51:00,54738.1,54994.4,54711.9,54888.5,1016.171,55752000.3264
2024-08-05 06:52:00,54888.5,54909.6,54454.3,54456.9,765.771,41852025.4007
2024-08-05 06:53:00,54456.9,54635.1,54418.0,54527.5,416.568,22724903.068
2024-08-05 06:54:00,54527.5,54527.5,53662.9,53882.7,1965.764,106303034.3112
2024-08-05 06:55:00,53882.7,53953.8,53199.6,53832.8,1563.526,83843140.8358
2024-08-05 06:56:00,53832.8,53994.7,53582.8,53965.7,805.288,43321349.886
2024-08-05 06:57:00,53965.7,54417.3,53959.7,54275.6,725.834,39371507.0567
2024-08-05 06:58:00,54275.6,54398.6,54113.1,54329.0,419.873,22776259.6659
2024-08-05 06:59:00,54329.0,54346.9,54110.4,54224.2,298.023,16154431.0006
2024-08-05 07:00:00,54224.2,54275.4,53780.1,53871.9,623.525,33684661.1787
2024-08-05 07:01:00,53871.9,54189.7,53855.9,53963.8,606.825,32775052.8806
2024-08-05 07:02:00,53963.8,54240.5,53815.6,54240.5,444.164,23994745.7181
2024-08-05 07:03:00,54240.5,54785.4,54240.5,54743.6,935.592,51019575.033
2024-08-05 07:04:00,54743.6,54780.0,54461.6,54474.8,450.671,24600560.3037
2024-08-05 07:05:00,54474.8,54689.0,54473.6,54626.9,363.648,19856762.4607
2024-08-05 07:06:00,54626.9,54979.9,54513.6,54883.6,865.729,47447663.0328
2024-08-05 07:07:00,54883.6,54929.4,54713.8,54779.3,438.744,24050498.046
2024-08-05 07:08:00,54779.3,54799.9,54637.4,54702.6,283.235,15496575.7684
2024-08-05 07:09:00,54702.6,54731.8,54571.8,54729.0,256.03,13992757.6242
2024-08-05 07:10:00,54729.0,54832.7,54628.1,54766.4,256.475,14042660.4949
2024-08-05 07:11:00,54766.4,54813.1,54624.7,54699.0,242.434,13265396.5493
2024-08-05 07:12:00,54699.0,54880.0,54639.3,54839.9,295.686,16194572.2423
2024-08-05 07:13:00,54839.9,54889.6,54683.0,54694.7,263.782,14460810.779
2024-08-05 07:14:00,54694.7,55170.1,54683.7,55150.0,923.4,50757659.3982
2024-08-05 07:15:00,55150.0,55150.1,54593.8,54619.3,745.361,40886839.6999
2024-08-05 07:16:00,54619.3,54789.9,54560.0,54755.0,499.336,27289303.5883
2024-08-05 07:17:00,54755.0,54840.0,54571.3,54598.1,233.607,12780040.6263
2024-08-05 07:18:00,54598.1,54700.7,54575.7,54656.2,229.479,12537255.3511
2024-08-05 07:19:00,54656.2,54844.3,54633.6,54739.0,536.003,29351976.4914
2024-08-05 07:20:00,54739.0,54756.4,54662.9,54700.0,292.78,16016237.4358
2024-08-05 07:21:00,54700.0,54713.6,54508.4,54549.6,401.084,21892260.3995
2024-08-05 07:22:00,54549.6,54850.3,54543.5,54831.8,304.579,16674121.299
2024-08-05 07:23:00,54831.8,54848.1,54631.5,54636.7,251.843,13790337.8768
2024-08-05 07:24:00,54636.7,54762.7,54631.6,54681.3,333.049,18220548.8009
2024-08-05 07:25:00,54681.3,54828.1,54681.3,54769.6,215.048,11776337.8679
2024-08-05 07:26:00,54769.6,54769.6,54656.0,54656.0,123.27,6744631.2334
2024-08-05 07:27:00,54656.0,54730.5,54550.0,54550.8,200.67,10961504.6167
2024-08-05 07:28:00,54550.8,54680.0,54550.8,54671.8,158.386,8653147.2342
2024-08-05 07:29:00,54671.8,54695.2,54236.7,54396.9,631.07,34331751.8353
2024-08-05 07:30:00,54396.9,54519.8,54180.7,54446.3,486.439,26418907.296
2024-08-05 07:31:00,54446.3,54503.8,54419.3,54435.1,172.423,9390153.6656
2024-08-05 07:32:00,54435.1,54461.7,54230.0,54250.0,485.252,26351767.2666
2024-08-05 07:33:00,54250.0,54349.7,54022.6,54035.0,434.483,23531747.6274
2024-08-05 07:34:00,54035.0,54068.9,53757.1,53763.8,588.047,31709022.7642
2024-08-05 07:35:00,53763.8,54015.8,53756.0,53980.7,423.894,22863526.9471
2024-08-05 07:36:00,53980.7,54167.7,53927.9,53930.9,259.646,14039767.1615
2024-08-05 07:37:00,53930.9,54017.3,53792.2,53950.8,332.948,17944242.6763
2024-08-05 07:38:00,53950.8,54334.3,53948.8,54273.3,472.018,25553244.9176
2024-08-05 07:39:00,54273.3,54371.4,54221.2,54289.6,361.945,19655463.6916
2024-08-05 07:40:00,54289.6,54308.4,54048.2,54087.8,392.554,21260744.0966
2024-08-05 07:41:00,54087.8,54172.1,54050.0,54069.5,286.766,15516386.1747
2024-08-05 07:42:00,54069.5,54076.1,53821.7,53844.0,315.119,17003209.3485
2024-08-05 07:43:00,53844.0,53903.1,53607.4,53647.9,571.086,30693475.9546
2024-08-05 07:44:00,53647.9,53925.5,53593.4,53856.4,412.596,22180592.1337
2024-08-05 07:45:00,53856.4,54100.1,53790.2,54011.2,403.81,21777827.6786
2024-08-05 07:46:00,54011.2,54011.2,53690.0,53738.3,220.202,11858441.0263
2024-08-05 07:47:00,53738.3,53808.7,53555.5,53630.6,473.319,25394247.0032
2024-08-05 07:48:00,53630.6,53866.5,53609.1,53738.4,263.722,14181360.6904
2024-08-05 07:49:00,53738.4,53859.0,53615.1,53673.8,246.309,13230867.6027
2024-08-05 07:50:00,53673.8,53950.0,53601.9,53881.6,288.601,15515233.0405
2024-08-05 07:51:00,53881.6,54079.9,53814.0,54071.1,261.68,14121618.8847
2024-08-05 07:52:00,54071.1,54198.1,54056.3,54164.5,298.652,16163619.4324
2024-08-05 07:53:00,54164.5,54242.6,54080.8,54211.8,230.152,12466683.3522
2024-08-05 07:54:00,54211.8,54353.2,54179.1,54312.7,388.427,21087289.5639
2024-08-05 07:55:00,54312.7,54378.6,54129.9,54148.7,271.58,14733842.1847
2024-08-05 07:56:00,54148.7,54218.5,54024.6,54117.3,276.94,14984756.6873
2024-08-05 07:57:00,54117.3,54302.4,54091.1,54194.8,365.905,19833684.1326
2024-08-05 07:58:00,54194.8,54213.3,54120.0,54213.3,97.195,5263791.5305
2024-08-05 07:59:00,54213.3,54221.7,54086.6,54101.4,252.379,13671563.5371
2024-08-05 08:00:00,54101.4,54257.3,54095.6,54245.3,185.554,10055311.6534
2024-08-05 08:01:00,54245.3,54302.3,54155.0,54283.6,162.087,8789298.7563
2024-08-05 08:02:00,54283.6,54440.9,54260.8,54379.2,377.99,20544361.0321
2024-08-05 08:03:00,54379.2,54491.2,54325.7,54430.9,186.349,10139214.6189
2024-08-05 08:04:00,54430.9,54469.1,54300.4,54314.8,161.68,8795206.0739
2024-08-05 08:05:00,54314.8,54404.7,54286.8,54332.6,110.688,6015372.6638
2024-08-05 08:06:00,54332.6,54404.4,54280.3,54312.8,73.495,3993013.613
2024-08-05 08:07:00,54312.8,54312.8,54091.0,54101.5,242.166,13122945.0299
2024-08-05 08:08:00,54101.5,54178.0,54023.8,54078.6,227.975,12333422.1114
2024-08-05 08:09:00,54078.6,54099.9,54020.5,54023.7,220.799,11936510.8856
2024-08-05 08:10:00,54023.7,54036.2,53854.6,54030.1,348.028,18776170.2151
2024-08-05 08:11:00,54030.1,54047.3,53826.0,53872.0,201.248,10848605.7378
2024-08-05 08:12:00,53872.0,53935.8,53750.7,53876.6,276.585,14887490.3652
2024-08-05 08:13:00,53876.6,53927.9,53771.4,53775.1,143.483,7728316.3243
2024-08-05 08:14:00,53775.1,53914.2,53731.7,53903.8,193.331,10404145.1069
2024-08-05 08:15:00,53903.8,54064.5,53835.8,53902.5,271.347,14646647.7617
2024-08-05 08:16:00,53902.5,54039.2,53852.6,53925.4,124.373,6708234.3153
2024-08-05 08:17:00,53925.4,54122.8,53889.1,54095.1,209.491,11318007.5027
2024-08-05 08:18:00,54095.1,54373.1,54094.3,54373.0,484.395,26287925.27
2024-08-05 08:19:00,54373.0,54439.2,54337.0,54408.1,319.768,17388638.9679
2024-08-05 08:20:00,54408.1,54538.1,54333.2,54480.0,218.607,11901748.915
2024-08-05 08:21:00,54480.0,54489.7,54380.3,54401.4,207.849,11313311.92
2024-08-05 08:22:00,54401.4,54435.3,54350.3,54395.5,108.114,5880577.4629
2024-08-05 08:23:00,54395.5,54482.7,54350.4,54436.1,121.068,6586980.2696
2024-08-05 08:24:00,54436.1,54436.2,54300.0,54388.2,124.235,6752420.3385
2024-08-05 08:25:00,54388.2,54430.0,54332.0,54425.8,127.124,6913175.7343
2024-08-05 08:26:00,54425.8,54625.1,54409.4,54616.3,504.113,27495291.9864
2024-08-05 08:27:00,54616.3,54664.1,54557.8,54565.9,473.91,25886254.6496
2024-08-05 08:28:00,54565.9,54637.8,54564.5,54627.5,76.298,4166970.3582
2024-08-05 08:29:00,54627.5,54688.0,54580.0,54678.3,183.538,10027872.805
2024-08-05 08:30:00,54678.3,54688.0,54534.0,54545.8,199.875,10916064.0111
2024-08-05 08:31:00,54545.8,54649.0,54533.7,54604.4,103.732,5662099.6601
2024-08-05 08:32:00,54604.4,54640.0,54517.3,54534.1,123.285,6729430.4557
2024-08-05 08:33:00,54534.1,54543.5,54419.5,54472.2,252.047,13728733.5725
2024-08-05 08:34:00,54472.2,54544.7,54421.5,54432.1,171.775,9356778.0102
2024-08-05 08:35:00,54432.1,54457.9,54269.5,54290.3,282.287,15345623.3794
2024-08-05 08:36:00,54290.3,54349.3,54212.2,54231.3,228.179,12384076.2979
2024-08-05 08:37:00,54231.3,54244.8,54136.0,54190.5,268.61,14556858.6546
2024-08-05 08:38:00,54190.5,54214.0,54090.9,54116.8,228.431,12365653.6022
2024-08-05 08:39:00,54116.8,54124.2,54050.0,54078.1,217.124,11744040.14
2024-08-05 08:40:00,54078.1,54093.9,54017.5,54087.0,143.071,7735520.6023
2024-08-05 08:41:00,54087.0,54324.2,54086.6,54163.9,430.147,23311457.5416
2024-08-05 08:42:00,54163.9,54209.3,54008.0,54053.5,169.052,9146421.687
2024-08-05 08:43:00,54053.5,54144.4,54010.0,54109.8,87.008,4703890.6158
2024-08-05 08:44:00,54109.8,54179.8,54052.0,54168.6,93.688,5069184.109
2024-08-05 08:45:00,54168.6,54259.4,54050.0,54200.5,113.953,6169972.1828
2024-08-05 08:46:00,54200.5,54218.2,54076.1,54120.6,106.701,5775927.9418
2024-08-05 08:47:00,54120.6,54120.6,53991.4,54092.4,240.206,12979286.1078
2024-08-05 08:48:00,54092.4,54242.7,54074.2,54167.0,180.098,9757799.0056
2024-08-05 08:49:00,54167.0,54362.6,54125.0,54258.4,202.204,10973991.7455
2024-08-05 08:50:00,54258.4,54278.4,54214.3,54246.7,80.332,4357784.7319
2024-08-05 08:51:00,54246.7,54304.9,54158.9,54190.9,98.665,5348524.6095
2024-08-05 08:52:00,54190.9,54281.5,54162.2,54269.8,171.163,9280679.771
2024-08-05 08:53:00,54269.8,54492.7,54269.7,54461.5,233.485,12707063.2753
2024-08-05 08:54:00,54461.5,54461.5,54337.1,54383.6,103.296,5619192.2681
2024-08-05 08:55:00,54383.6,54493.3,54304.7,54369.9,141.95,7724641.8322
2024-08-05 08:56:00,54369.9,54485.3,54350.1,54350.2,314.163,17094363.179
2024-08-05 08:57:00,54350.2,54360.1,54177.0,54262.6,259.918,14097086.279
2024-08-05 08:58:00,54262.6,54266.7,54109.1,54150.2,249.306,13503568.7352
2024-08-05 08:59:00,54150.2,54152.1,54095.3,54107.2,98.925,5353457.6783
2024-08-05 09:00:00,54107.2,54129.4,54031.5,54068.3,194.657,10525885.3027
2024-08-05 09:01:00,54068.3,54241.4,54068.3,54200.7,155.44,8420162.7666
2024-08-05 09:02:00,54200.7,54328.0,54042.4,54062.6,215.348,11667629.2835
2024-08-05 09:03:00,54062.6,54139.7,54062.6,54139.6,90.415,4891467.5503
2024-08-05 09:04:00,54139.6,54248.7,54080.0,54095.5,109.145,5910980.792
2024-08-05 09:05:00,54095.5,54216.7,54095.5,54123.9,143.034,7744535.9234
2024-08-05 09:06:00,54123.9,54199.9,54069.0,54134.0,80.922,4380404.5926
2024-08-05 09:07:00,54134.0,54200.0,54098.6,54147.0,113.82,6163112.858
2024-08-05 09:08:00,54147.0,54241.5,54054.0,54241.5,117.412,6354800.4817
2024-08-05 09:09:00,54241.5,54313.0,54154.8,54232.5,90.558,4911056.9605
2024-08-05 09:10:00,54232.5,54234.1,54122.7,54186.6,76.335,4134802.7748
2024-08-05 09:11:00,54186.6,54282.3,54186.6,54282.3,79.722,4323664.756
2024-08-05 09:12:00,54282.3,54300.0,54191.9,54292.8,48.651,2639481.1775
2024-08-05 09:13:00,54292.8,54292.8,54207.8,54270.0,49.438,2681528.4793
2024-08-05 09:14:00,54270.0,54387.1,54255.4,54347.1,156.721,8516538.7908
2024-08-05 09:15:00,54347.1,54417.4,54325.3,54406.4,220.346,11983641.9542
2024-08-05 09:16:00,54406.4,54482.5,54398.3,54481.0,288.322,15697632.212
2024-08-05 09:17:00,54481.0,54484.5,54380.0,54386.9,138.52,7543668.5354
2024-08-05 09:18:00,54386.9,54395.9,54267.3,54351.0,123.812,6727053.9909
2024-08-05 09:19:00,54351.0,54352.9,54252.8,54252.8,83.102,4511462.0161
2024-08-05 09:20:00,54252.8,54276.6,54111.0,54122.1,209.132,11327083.7678
2024-08-05 09:21:00,54122.1,54199.3,54119.8,54127.0,116.359,6301034.8506
2024-08-05 09:22:00,54127.0,54224.4,54091.4,54113.1,164.318,8896858.2045
2024-08-05 09:23:00,54113.1,54144.8,54082.0,54106.4,57.294,3100017.0346
2024-08-05 09:24:00,54106.4,54106.8,54020.8,54050.0,153.501,8298179.0163
2024-08-05 09:25:00,54050.0,54067.9,54011.4,54048.3,122.173,6601905.1195
2024-08-05 09:26:00,54048.3,54132.5,54042.2,54117.3,121.276,6561027.1813
2024-08-05 09:27:00,54117.3,54117.3,54062.3,54087.9,51.69,2795678.9584
2024-08-05 09:28:00,54087.9,54096.9,53984.0,53994.0,139.963,7561174.3241
2024-08-05 09:29:00,53994.0,54001.7,53735.1,53855.1,1003.621,54037543.6594
2024-08-05 09:30:00,53855.1,53899.8,53770.0,53794.7,534.145,28759980.6631
2024-08-05 09:31:00,53794.7,53809.9,53770.0,53796.5,144.328,7763935.0658
2024-08-05 09:32:00,53796.5,53988.6,53774.4,53907.7,465.631,25074004.3437
2024-08-05 09:33:00,53907.7,53907.7,53708.3,53725.9,391.151,21027137.2011
2024-08-05 09:34:00,53725.9,53835.4,53708.2,53804.0,133.844,7195553.2539
2024-08-05 09:35:00,53804.0,54017.5,53804.0,54017.4,168.071,9063219.1867
2024-08-05 09:36:00,54017.4,54051.3,53951.7,53984.7,222.783,12031968.8364
2024-08-05 09:37:00,53984.7,54036.8,53889.2,53973.9,125.123,6754558.112
2024-08-05 09:38:00,53973.9,54108.7,53937.7,54108.5,190.512,10294121.5869
2024-08-05 09:39:00,54108.5,54200.0,54094.4,54174.1,250.202,13550474.2893
2024-08-05 09:40:00,54174.1,54241.6,54145.5,54185.2,87.447,4738611.0852
2024-08-05 09:41:00,54185.2,54221.5,54158.9,54211.9,125.781,6816782.6359
2024-08-05 09:42:00,54211.9,54362.6,54172.9,54329.2,337.646,18332612.7222
2024-08-05 09:43:00,54329.2,54400.0,54294.8,54400.0,316.589,17205244.6241
2024-08-05 09:44:00,54400.0,54419.5,54350.0,54419.5,162.528,8839495.1846
2024-08-05 09:45:00,54419.5,54476.6,54388.6,54445.8,199.024,10833903.4446
2024-08-05 09:46:00,54445.8,54448.1,54360.9,54372.6,151.073,8217975.8655
2024-08-05 09:47:00,54372.6,54541.1,54366.1,54525.2,205.359,11187707.4042
2024-08-05 09:48:00,54525.2,54525.2,54376.9,54385.8,215.97,11759828.6545
2024-08-05 09:49:00,54385.8,54455.3,54360.8,54436.2,113.996,6200841.3543
2024-08-05 09:50:00,54436.2,54461.0,54371.6,54383.6,129.776,7063518.3598
2024-08-05 09:51:00,54383.6,54416.6,54346.9,54356.5,116.991,6362388.7687
2024-08-05 09:52:00,54356.5,54364.0,54204.5,54351.7,263.991,14331499.9578
2024-08-05 09:53:00,54351.7,54399.9,54326.0,54343.8,113.07,6147105.0573
2024-08-05 09:54:00,54343.8,54350.6,54183.0,54199.0,182.57,9907266.5474
2024-08-05 09:55:00,54199.0,54256.7,54125.3,54237.1,127.695,6919246.2515
2024-08-05 09:56:00,54237.1,54303.1,54209.0,54223.5,69.644,3778226.8113
2024-08-05 09:57:00,54223.5,54268.9,54200.0,54216.4,69.224,3754151.6299
2024-08-05 09:58:00,54216.4,54252.2,54110.0,54154.8,164.188,8891126.4849
2024-08-05 09:59:00,54154.8,54183.7,54050.9,54090.6,171.538,9279324.4463
2024-08-05 10:00:00,54090.6,54146.0,54050.0,54145.9,94.101,5090697.2828
2024-08-05 10:01:00,54145.9,54174.4,54047.4,54103.8,137.984,7465412.374
2024-08-05 10:02:00,54103.8,54170.0,54080.0,54103.7,68.277,3694603.4991
2024-08-05 10:03:00,54103.7,54164.9,54072.7,54153.6,53.393,2889078.9429
2024-08-05 10:04:00,54153.6,54154.4,54075.2,54083.2,54.226,2934393.0371
2024-08-05 10:05:00,54083.2,54083.3,53961.9,53964.6,259.389,14012654.025
2024-08-05 10:06:00,53964.6,53995.5,53933.8,53967.8,143.725,7756595.4307
2024-08-05 10:07:00,53967.8,53979.4,53852.6,53864.3,181.592,9787415.0835
2024-08-05 10:08:00,53864.3,53909.8,53838.5,53860.5,271.379,14617512.2584
2024-08-05 10:09:00,53860.5,53962.5,53838.5,53907.6,227.968,12283656.9566
2024-08-05 10:10:00,53907.6,54031.3,53860.5,53993.9,224.976,12135783.1747
2024-08-05 10:11:00,53993.9,54004.0,53876.7,53908.8,185.601,10008115.6101
2024-08-05 10:12:00,53908.8,54013.8,53890.7,53938.3,217.361,11723776.678
2024-08-05 10:13:00,53938.3,54018.1,53936.9,53943.9,105.386,5688616.9983
2024-08-05 10:14:00,53943.9,53979.8,53883.2,53930.5,83.811,4519666.5325
2024-08-05 10:15:00,53930.5,53930.5,53831.6,53847.5,92.737,4995568.6311
2024-08-05 10:16:00,53847.5,53997.9,53836.7,53966.1,158.674,8559603.9304
2024-08-05 10:17:00,53966.1,53967.0,53821.2,53854.4,110.773,5966278.1717
2024-08-05 10:18:00,53854.4,53888.9,53801.3,53839.5,128.832,6935492.9677
2024-08-05 10:19:00,53839.5,53867.4,53809.9,53815.6,75.804,4081586.7725
2024-08-05 10:20:00,53815.6,53832.9,53737.0,53788.1,181.461,9758892.4754
2024-08-05 10:21:00,53788.1,53800.0,53613.6,53690.6,315.496,16934532.3487
2024-08-05 10:22:00,53690.6,53802.0,53690.6,53706.6,140.622,7557861.5781
2024-08-05 10:23:00,53706.6,53718.8,53462.4,53563.3,657.113,35183263.9964
2024-08-05 10:24:00,53563.3,53631.9,53455.1,53468.1,367.193,19664150.0108
2024-08-05 10:25:00,53468.1,53545.2,53333.0,53480.7,705.395,37689609.7335
2024-08-05 10:26:00,53480.7,53625.5,53469.8,53592.4,177.879,9526827.4403
2024-08-05 10:27:00,53592.4,53714.1,53551.4,53640.8,133.382,7155683.228
2024-08-05 10:28:00,53640.8,53640.8,53512.8,53572.5,127.365,6822125.9481
2024-08-05 10:29:00,53572.5,53572.5,53483.3,53488.9,102.671,5494078.1808
2024-08-05 10:30:00,53488.9,53536.6,53434.3,53485.9,167.901,8978808.0632
2024-08-05 10:31:00,53485.9,53485.9,53260.0,53289.5,408.944,21806099.312
2024-08-05 10:32:00,53289.5,53297.6,53155.9,53193.0,481.601,25631969.8608
2024-08-05 10:33:00,53193.0,53230.0,53000.1,53061.6,772.053,40985829.8829
2024-08-05 10:34:00,53061.6,53132.6,52888.0,52903.2,881.059,46672066.7885
2024-08-05 10:35:00,52903.2,53308.5,52903.2,53198.4,961.26,51056289.6746
2024-08-05 10:36:00,53198.4,53200.0,52974.0,52982.2,320.871,17024025.2305
2024-08-05 10:37:00,52982.2,52999.9,52821.5,52888.0,671.771,35541148.0764
2024-08-05 10:38:00,52888.0,53028.2,52642.9,52694.7,873.093,46081544.5008
2024-08-05 10:39:00,52694.7,52830.9,52669.2,52764.7,429.632,22656906.0359
2024-08-05 10:40:00,52764.7,52780.6,52456.0,52500.6,1058.415,55628869.9053
2024-08-05 10:41:00,52500.6,52777.0,52487.1,52588.8,666.96,35117905.6712
2024-08-05 10:42:00,52588.8,52639.3,52288.1,52288.3,733.132,38451190.3908
2024-08-05 10:43:00,52288.3,52842.8,52237.0,52723.7,1087.308,57096796.645
2024-08-05 10:44:00,52723.7,53181.1,52705.0,52872.9,1301.729,68971275.2207
2024-08-05 10:45:00,52872.9,53007.6,52752.2,52771.5,572.494,30264282.5306
2024-08-05 10:46:00,52771.5,52834.5,52681.2,52740.4,498.744,26315960.8027
2024-08-05 10:47:00,52740.4,52740.4,52456.3,52518.2,676.214,35545233.1506
2024-08-05 10:48:00,52518.2,52751.5,52487.9,52633.7,574.636,30239186.258
2024-08-05 10:49:00,52633.7,52747.2,52481.7,52550.1,443.781,23334421.6847
2024-08-05 10:50:00,52550.1,52742.1,52492.8,52702.9,496.719,26138978.8003
2024-08-05 10:51:00,52702.9,52954.9,52635.6,52880.2,467.878,24720321.2389
2024-08-05 10:52:00,52880.2,53126.8,52766.7,52975.4,511.696,27111677.8282
2024-08-05 10:53:00,52975.4,53350.0,52972.7,53290.0,847.12,45054739.3061
2024-08-05 10:54:00,53290.0,53318.9,53128.4,53222.1,583.209,31048278.3442
2024-08-05 10:55:00,53222.1,53295.4,53168.5,53273.3,251.781,13401488.3294
2024-08-05 10:56:00,53273.3,53699.7,53256.2,53463.1,1156.284,61891591.3964
2024-08-05 10:57:00,53463.1,53625.0,53439.0,53543.1,341.29,18272551.0018
2024-08-05 10:58:00,53543.1,53664.5,53505.9,53630.0,212.842,11405353.3383
2024-08-05 10:59:00,53630.0,53635.7,53379.5,53399.6,488.692,26151558.4737
2024-08-05 11:00:00,53399.6,53562.7,53285.0,53533.0,599.312,32009791.7041
2024-08-05 11:01:00,53533.0,53746.9,53490.6,53624.7,743.701,39889764.784
2024-08-05 11:02:00,53624.7,53701.4,53562.8,53691.9,274.503,14726451.0011
2024-08-05 11:03:00,53691.9,53834.1,53686.9,53799.2,573.347,30825738.4374
2024-08-05 11:04:00,53799.2,53813.0,53695.0,53748.9,166.514,8950425.915
2024-08-05 11:05:00,53748.9,53749.0,53586.0,53586.0,246.292,13214082.3202
2024-08-05 11:06:00,53586.0,53619.4,53518.9,53537.9,272.241,14582603.3117
2024-08-05 11:07:00,53537.9,53547.2,53377.8,53427.9,319.073,17049708.1507
2024-08-05 11:08:00,53427.9,53532.7,53347.1,53448.9,216.882,11589481.1309
2024-08-05 11:09:00,53448.9,53452.3,53300.1,53356.2,140.428,7492218.8533
2024-08-05 11:10:00,53356.2,53370.8,53129.6,53235.0,370.703,19732208.9583
2024-08-05 11:11:00,53235.0,53306.3,53165.7,53200.0,380.029,20233314.9522
2024-08-05 11:12:00,53200.0,53282.0,52974.9,52997.8,337.589,17925884.5786
2024-08-05 11:13:00,52997.8,53060.1,52784.8,52927.1,549.137,29053533.1951
2024-08-05 11:14:00,52927.1,53206.5,52908.5,53110.7,601.631,31919298.8429
2024-08-05 11:15:00,53110.7,53307.6,53065.8,53200.4,547.547,29121799.5509
2024-08-05 11:16:00,53200.4,53286.9,53124.5,53151.0,275.684,14669622.3427
2024-08-05 11:17:00,53151.0,53177.8,53000.0,53008.1,249.651,13251714.0729
2024-08-05 11:18:00,53008.1,53092.0,52938.0,52968.0,353.599,18737656.38
2024-08-05 11:19:00,52968.0,53059.5,52927.8,52977.2,291.708,15456845.0029
2024-08-05 11:20:00,52977.2,53061.7,52879.0,52924.2,264.451,14006394.5925
2024-08-05 11:21:00,52924.2,52934.3,52663.6,52783.2,604.761,31911583.198
2024-08-05 11:22:00,52783.2,52928.4,52735.1,52767.1,533.658,28195083.9168
2024-08-05 11:23:00,52767.1,53010.5,52637.6,52965.8,871.934,46066224.2633
2024-08-05 11:24:00,52965.8,52984.2,52794.1,52883.6,474.76,25103889.5849
2024-08-05 11:25:00,52883.6,52986.2,52757.3,52924.8,634.994,33569283.5968
2024-08-05 11:26:00,52924.8,53060.5,52766.2,52857.5,621.756,32876492.8602
2024-08-05 11:27:00,52857.5,52905.7,52625.4,52663.8,600.415,31672106.2263
2024-08-05 11:28:00,52663.8,52796.4,52622.7,52694.3,547.618,28859761.2584
2024-08-05 11:29:00,52694.3,52774.9,52584.1,52682.5,587.74,30962986.9305
2024-08-05 11:30:00,52682.5,52813.1,52556.0,52800.3,587.219,30947571.8971
2024-08-05 11:31:00,52800.3,52974.7,52705.9,52716.9,453.763,23982863.8413
2024-08-05 11:32:00,52716.9,52791.0,52600.0,52600.0,509.895,26872673.8026
2024-08-05 11:33:00,52600.0,52660.0,52465.9,52580.0,935.409,49169562.6667
2024-08-05 11:34:00,52580.0,52659.8,52407.3,52450.2,1297.821,68167395.918
2024-08-05 11:35:00,52450.2,52497.9,52300.0,52357.9,833.944,43688438.1386
2024-08-05 11:36:00,52357.9,52402.1,51900.0,52038.0,2871.804,149509422.1861
2024-08-05 11:37:00,52038.0,52210.0,51730.8,52074.1,1530.358,79521382.1498
2024-08-05 11:38:00,52074.1,52191.0,51421.5,51685.6,2260.976,116752838.7205
2024-08-05 11:39:00,51685.6,52183.3,51634.4,52036.1,1557.316,80872537.887
2024-08-05 11:40:00,52036.1,52265.2,51984.0,52048.8,837.56,43637092.1337
2024-08-05 11:41:00,52048.8,52063.5,51811.8,51920.0,628.233,32608310.6144
2024-08-05 11:42:00,51920.0,52133.3,51842.7,51971.4,552.738,28742572.7928
2024-08-05 11:43:00,51971.4,52021.0,51820.0,51842.2,602.584,31284249.0428
2024-08-05 11:44:00,51842.2,51869.8,51500.4,51574.6,1086.469,56108864.584
2024-08-05 11:45:00,51574.6,51792.4,51155.0,51324.5,1752.797,90176289.5888
2024-08-05 11:46:00,51324.5,51584.4,51282.3,51534.8,931.114,47918551.0847
2024-08-05 11:47:00,51534.8,51696.9,51325.1,51422.0,759.954,39154299.5963
2024-08-05 11:48:00,51422.0,51472.0,50915.7,50955.5,2298.765,117573080.5037
2024-08-05 11:49:00,50955.5,51071.7,50624.6,50856.0,2060.718,104820697.0836
2024-08-05 11:50:00,50856.0,51099.0,50680.0,50952.7,1279.892,65228654.2211
2024-08-05 11:51:00,50952.7,51000.0,50436.4,50627.1,1673.552,84765254.3845
2024-08-05 11:52:00,50627.1,50722.3,50150.0,50317.0,1855.966,93490643.7222
2024-08-05 11:53:00,50317.0,50416.5,49890.0,50235.2,2709.549,135954567.3108
2024-08-05 11:54:00,50235.2,50246.1,48914.1,49382.1,5541.74,274228951.3862
2024-08-05 11:55:00,49382.1,50025.7,49330.8,49665.5,2874.001,142832834.6943
2024-08-05 11:56:00,49665.5,50221.8,49662.1,50104.7,1848.17,92516784.371
2024-08-05 11:57:00,50104.7,50655.5,50077.8,50431.7,2213.922,111618649.2137
2024-08-05 11:58:00,50431.7,50431.7,49996.7,50253.1,1035.619,52012783.3273
2024-08-05 11:59:00,50253.1,50336.1,49927.6,49992.2,958.693,48029774.4502
2024-08-05 12:00:00,49992.2,50467.7,49986.9,50457.9,1301.839,65478809.7894
2024-08-05 12:01:00,50457.9,50779.1,50438.5,50757.4,1115.879,56493669.3035
2024-08-05 12:02:00,50757.4,51000.0,50741.6,50850.8,1132.376,57631312.0406
2024-08-05 12:03:00,50850.8,50964.9,50747.4,50872.0,502.977,25584542.8758
2024-08-05 12:04:00,50872.0,50962.8,50806.7,50935.6,766.904,39033617.9367
2024-08-05 12:05:00,50935.6,51072.4,50583.8,50812.1,807.873,41038047.9513
2024-08-05 12:06:00,50812.1,50883.3,50527.1,50750.5,668.224,33870658.3227
2024-08-05 12:07:00,50750.5,50876.2,50568.1,50650.2,551.961,27986247.2883
2024-08-05 12:08:00,50650.2,50860.0,50650.1,50761.6,315.381,16009761.8648
2024-08-05 12:09:00,50761.6,50776.7,50528.6,50558.5,459.835,23276620.469
2024-08-05 12:10:00,50558.5,50672.0,50199.4,50199.4,1404.4,70776520.0397
2024-08-05 12:11:00,50199.4,50458.7,50023.3,50149.6,1113.343,55876355.9478
2024-08-05 12:12:00,50149.6,50323.2,50033.8,50197.1,759.309,38070131.7838
2024-08-05 12:13:00,50197.1,50495.4,50150.0,50188.4,641.205,32271692.8586
2024-08-05 12:14:00,50188.4,50389.6,50141.1,50384.6,549.889,27657745.642
2024-08-05 12:15:00,50384.6,50771.7,50332.1,50636.9,1019.85,51575522.2888
2024-08-05 12:16:00,50636.9,50900.0,50603.6,50840.9,949.263,48212808.5402
2024-08-05 12:17:00,50840.9,51291.2,50800.0,51243.6,1200.049,61350185.0645
2024-08-05 12:18:00,51243.6,51530.7,51160.0,51448.4,820.695,42118895.168
2024-08-05 12:19:00,51448.4,51516.4,51233.3,51378.5,645.391,33157748.2135
2024-08-05 12:20:00,51378.5,51839.1,51333.0,51496.1,1446.606,74578552.7623
2024-08-05 12:21:00,51496.1,51578.6,51300.0,51372.4,578.233,29732379.203
2024-08-05 12:22:00,51372.4,51414.1,51100.7,51269.0,752.286,38516602.0409
2024-08-05 12:23:00,51269.0,51321.2,50904.2,50996.5,749.869,38289608.6317
2024-08-05 12:24:00,50996.5,51206.4,50902.0,51186.9,581.134,29674000.3891
2024-08-05 12:25:00,51186.9,51238.4,51004.5,51117.4,335.726,17168417.666
2024-08-05 12:26:00,51117.4,51395.3,51113.5,51382.6,440.005,22554077.652
2024-08-05 12:27:00,51382.6,51399.0,51254.7,51330.2,265.831,13642899.5168
2024-08-05 12:28:00,51330.2,51476.5,51304.0,51457.0,355.222,18259184.8074
2024-08-05 12:29:00,51457.0,51593.8,51430.0,51562.0,372.353,19179781.7191
2024-08-05 12:30:00,51562.0,51576.4,51428.0,51445.0,531.57,27380731.6172
2024-08-05 12:31:00,51445.0,51563.9,51327.4,51563.9,401.037,20623200.4623
2024-08-05 12:32:00,51563.9,51594.9,51485.2,51582.7,365.669,18851543.4341
2024-08-05 12:33:00,51582.7,51777.2,51516.7,51750.2,596.639,30841163.8172
2024-08-05 12:34:00,51750.2,51908.4,51746.9,51787.5,897.809,46536679.537
2024-08-05 12:35:00,51787.5,51822.0,51622.0,51691.7,451.298,23342131.5506
2024-08-05 12:36:00,51691.7,51691.7,51505.9,51539.9,298.706,15405598.9343
2024-08-05 12:37:00,51539.9,51799.8,51539.9,51755.6,406.74,21026165.1303
2024-08-05 12:38:00,51755.6,51835.9,51657.6,51816.0,436.578,22587569.7735
2024-08-05 12:39:00,51816.0,52034.3,51768.2,51805.6,911.622,47315475.5782
2024-08-05 12:40:00,51805.6,51862.2,51762.0,51817.7,245.562,12719921.7178
2024-08-05 12:41:00,51817.7,51866.1,51604.0,51713.2,319.262,16520958.0774
2024-08-05 12:42:00,51713.2,51749.8,51573.7,51640.6,237.334,12258116.3419
2024-08-05 12:43:00,51640.6,51673.1,51565.5,51601.4,255.317,13176260.0574
2024-08-05 12:44:00,51601.4,51732.9,51585.0,51614.0,318.725,16465473.4184
2024-08-05 12:45:00,51614.0,51697.7,51602.9,51648.2,182.891,9447408.6076
2024-08-05 12:46:00,51648.2,51865.0,51648.1,51820.9,220.535,11416686.9677
2024-08-05 12:47:00,51820.9,52046.1,51761.7,52015.8,349.786,18164750.5329
2024-08-05 12:48:00,52015.8,52230.6,52000.0,52168.2,802.014,41810274.0657
2024-08-05 12:49:00,52168.2,52187.1,52072.6,52167.5,433.235,22581460.5853
2024-08-05 12:50:00,52167.5,52576.1,52115.2,52476.8,1015.44,53172556.1262
2024-08-05 12:51:00,52476.8,52552.5,52328.5,52382.8,618.283,32426703.906
2024-08-05 12:52:00,52382.8,52451.7,52282.3,52354.0,474.099,24813171.5434
2024-08-05 12:53:00,52354.0,52368.0,52272.8,52350.0,228.366,11949957.0255
2024-08-05 12:54:00,52350.0,52489.8,52337.2,52420.4,403.845,21177734.9319
2024-08-05 12:55:00,52420.4,52448.6,52257.5,52405.2,349.635,18307684.98
2024-08-05 12:56:00,52405.2,52639.2,52405.2,52598.0,597.105,31391963.3487
2024-08-05 12:57:00,52598.0,52797.0,52552.4,52640.6,822.413,43327703.2938
2024-08-05 12:58:00,52640.6,52702.0,52572.0,52662.5,391.922,20631352.2144
2024-08-05 12:59:00,52662.5,52827.5,52652.9,52727.8,537.675,28365882.0501
2024-08-05 13:00:00,52727.8,52843.9,52693.5,52821.6,385.872,20359430.7889
2024-08-05 13:01:00,52821.6,52821.6,52493.8,52519.5,496.275,26101374.5988
2024-08-05 13:02:00,52519.5,52555.6,52338.5,52385.0,639.757,33545271.7003
2024-08-05 13:03:00,52385.0,52431.4,52339.0,52392.8,264.408,13849324.2988
2024-08-05 13:04:00,52392.8,52392.8,52270.4,52341.6,247.199,12935848.8032
2024-08-05 13:05:00,52341.6,52653.6,52291.3,52567.2,413.063,21685897.9907
2024-08-05 13:06:00,52567.2,52735.8,52555.2,52718.0,417.308,21975445.4468
2024-08-05 13:07:00,52718.0,52815.9,52700.0,52763.5,308.5,16277072.3846
2024-08-05 13:08:00,52763.5,52763.5,52601.9,52681.6,171.315,9024113.8967
2024-08-05 13:09:00,52681.6,52706.4,52534.4,52612.6,264.751,13928478.143
2024-08-05 13:10:00,52612.6,52767.8,52604.9,52761.0,317.522,16735870.3659
2024-08-05 13:11:00,52761.0,53036.4,52747.7,52939.3,820.398,43418284.8539
2024-08-05 13:12:00,52939.3,53074.0,52853.5,52949.5,439.943,23308691.3526
2024-08-05 13:13:00,52949.5,52989.3,52800.7,52805.9,241.705,12791315.1548
2024-08-05 13:14:00,52805.9,52831.8,52625.6,52708.8,395.648,20859286.9006
2024-08-05 13:15:00,52708.8,52755.0,52628.4,52747.9,289.815,15269815.4027
2024-08-05 13:16:00,52747.9,52853.1,52682.3,52853.1,208.826,11021261.748
2024-08-05 13:17:00,52853.1,52994.5,52822.9,52934.2,240.465,12723811.9504
2024-08-05 13:18:00,52934.2,53000.0,52850.1,52982.5,182.69,9672974.0523
2024-08-05 13:19:00,52982.5,52982.5,52805.8,52851.7,156.861,8294683.3188
2024-08-05 13:20:00,52851.7,52863.3,52666.1,52675.1,215.948,11387842.3468
2024-08-05 13:21:00,52675.1,52732.3,52620.5,52722.1,252.907,13320392.6118
2024-08-05 13:22:00,52722.1,52733.8,52610.7,52610.7,200.479,10556083.4378
2024-08-05 13:23:00,52610.7,52640.0,52423.2,52526.0,616.888,32398867.2123
2024-08-05 13:24:00,52526.0,52566.2,52413.0,52553.4,261.951,13748965.2322
2024-08-05 13:25:00,52553.4,52815.2,52523.8,52788.0,372.845,19655743.6654
2024-08-05 13:26:00,52788.0,52788.0,52640.4,52694.1,275.439,14510960.216
2024-08-05 13:27:00,52694.1,52787.7,52553.4,52721.9,329.844,17375611.8368
2024-08-05 13:28:00,52721.9,52734.6,52665.2,52683.5,79.816,4206041.2835
2024-08-05 13:29:00,52683.5,52685.9,52574.3,52644.6,133.067,7003543.7306
2024-08-05 13:30:00,52644.6,52678.0,52523.1,52641.2,182.765,9612846.1407
2024-08-05 13:31:00,52641.2,52794.4,52641.2,52748.9,175.783,9265401.734
2024-08-05 13:32:00,52748.9,52827.4,52705.2,52799.2,233.206,12308340.3931
2024-08-05 13:33:00,52799.2,52900.0,52730.3,52864.5,286.782,15152054.3383
2024-08-05 13:34:00,52864.5,52874.8,52768.1,52822.6,209.905,11087126.815
2024-08-05 13:35:00,52822.6,52883.9,52741.0,52748.0,155.351,8204265.1935
2024-08-05 13:36:00,52748.0,52760.3,52620.6,52729.8,285.772,15054866.12
2024-08-05 13:37:00,52729.8,52735.8,52511.7,52527.9,352.283,18531296.5717
2024-08-05 13:38:00,52527.9,52642.4,52507.4,52521.7,261.389,13737975.002
2024-08-05 13:39:00,52521.7,52575.1,52460.1,52477.8,278.507,14624533.8143
2024-08-05 13:40:00,52477.8,52561.0,52459.9,52490.2,141.986,7453718.2948
2024-08-05 13:41:00,52490.2,52519.3,52220.0,52338.7,673.683,35263339.5513
2024-08-05 13:42:00,52338.7,52555.8,52337.2,52510.6,363.956,19098458.4979
2024-08-05 13:43:00,52510.6,52531.3,52403.0,52441.4,240.858,12635677.8021
2024-08-05 13:44:00,52441.4,52650.0,52402.9,52639.2,164.651,8648490.6512
2024-08-05 13:45:00,52639.2,52730.1,52590.6,52712.5,214.039,11272230.5853
2024-08-05 13:46:00,52712.5,52832.7,52673.4,52754.2,283.135,14936007.8151
2024-08-05 13:47:00,52754.2,52900.0,52677.7,52884.5,308.268,16280069.8664
2024-08-05 13:48:00,52884.5,53212.3,52875.4,53130.2,1106.764,58756725.6307
2024-08-05 13:49:00,53130.2,53136.0,52938.7,52988.3,461.203,24458101.5669
2024-08-05 13:50:00,52988.3,52988.4,52776.9,52895.9,244.262,12918389.3797
2024-08-05 13:51:00,52895.9,52967.7,52801.1,52920.1,193.753,10248637.0081
2024-08-05 13:52:00,52920.1,52956.7,52838.2,52870.3,163.367,8640339.6717
2024-08-05 13:53:00,52870.3,52943.5,52784.0,52943.5,136.033,7191216.9239
2024-08-05 13:54:00,52943.5,52997.0,52908.1,52980.6,143.281,7589044.4986
2024-08-05 13:55:00,52980.6,53054.7,52783.8,52863.1,216.82,11470078.3891
2024-08-05 13:56:00,52863.1,52960.9,52853.2,52926.9,203.004,10740912.208
2024-08-05 13:57:00,52926.9,52950.0,52850.0,52911.7,223.892,11846455.6537
2024-08-05 13:58:00,52911.7,52945.4,52850.1,52860.7,107.044,5663132.4632
2024-08-05 13:59:00,52860.7,52860.7,52645.5,52670.8,239.805,12647682.429
2024-08-05 14:00:00,52670.8,52896.0,52670.7,52743.4,163.942,8652399.7002
2024-08-05 14:01:00,52743.4,52820.0,52684.1,52785.7,139.279,7349413.5019
2024-08-05 14:02:00,52785.7,52967.7,52785.7,52928.0,177.459,9390196.3102
2024-08-05 14:03:00,52928.0,52928.0,52759.6,52833.0,71.757,3791522.1276
2024-08-05 14:04:00,52833.0,52881.1,52793.4,52868.1,79.01,4174413.8473
2024-08-05 14:05:00,52868.1,53050.0,52834.1,52931.8,319.975,16951655.8429
2024-08-05 14:06:00,52931.8,52970.0,52892.6,52931.4,71.348,3776657.359
2024-08-05 14:07:00,52931.4,53000.0,52856.2,52979.7,328.632,17388233.5306
2024-08-05 14:08:00,52979.7,53000.0,52861.8,52895.6,105.6,5591777.4347
2024-08-05 14:09:00,52895.6,52895.8,52737.0,52754.0,198.944,10502405.7366
2024-08-05 14:10:00,52754.0,52767.6,52620.0,52689.4,282.088,14858245.457
2024-08-05 14:11:00,52689.4,52700.0,52620.0,52620.6,85.346,4493665.4528
2024-08-05 14:12:00,52620.6,52659.6,52459.9,52462.7,381.091,20023623.6748
2024-08-05 14:13:00,52462.7,52659.5,52370.0,52422.6,572.598,30063222.6083
2024-08-05 14:14:00,52422.6,52515.0,52381.1,52408.0,224.805,11792121.2755
2024-08-05 14:15:00,52408.0,52529.6,52408.0,52470.0,196.691,10323625.4264
2024-08-05 14:16:00,52470.0,52550.0,52401.9,52408.8,292.796,15362183.9197
2024-08-05 14:17:00,52408.8,52447.9,52340.0,52372.9,179.368,9396840.5249
2024-08-05 14:18:00,52372.9,52509.5,52371.8,52509.5,169.355,8879808.3803
2024-08-05 14:19:00,52509.5,52629.9,52408.8,52414.0,214.36,11259707.0914
2024-08-05 14:20:00,52414.0,52536.3,52400.0,52516.1,152.057,7979001.6054
2024-08-05 14:21:00,52516.1,52537.0,52385.8,52519.3,279.145,14637376.9566
2024-08-05 14:22:00,52519.3,52623.0,52430.8,52460.5,127.918,6721014.4483
2024-08-05 14:23:00,52460.5,52492.3,52400.1,52410.6,168.501,8835869.8548
2024-08-05 14:24:00,52410.6,52448.3,52389.4,52434.0,87.311,4576345.6616
2024-08-05 14:25:00,52434.0,52576.3,52429.9,52486.2,138.805,7288165.5312
2024-08-05 14:26:00,52486.2,52727.2,52486.2,52576.1,250.494,13186582.8666
2024-08-05 14:27:00,52576.1,52825.0,52573.8,52777.8,292.613,15433344.8717
2024-08-05 14:28:00,52777.8,52789.9,52660.6,52677.0,164.898,8695506.2573
2024-08-05 14:29:00,52677.0,52746.9,52608.7,52720.5,139.645,7354455.6161
2024-08-05 14:30:00,52720.5,52795.0,52681.0,52760.7,177.466,9362224.9845
2024-08-05 14:31:00,52760.7,52789.9,52641.4,52748.3,234.966,12380616.3355
2024-08-05 14:32:00,52748.3,52803.0,52692.5,52709.3,116.293,6134681.2638
2024-08-05 14:33:00,52709.3,52794.0,52660.3,52794.0,80.007,4218957.4757
2024-08-05 14:34:00,52794.0,52818.9,52748.3,52767.4,102.537,5412469.7013
2024-08-05 14:35:00,52767.4,52842.0,52739.6,52792.0,125.752,6639820.7495
2024-08-05 14:36:00,52792.0,52899.9,52752.9,52844.3,206.158,10890524.2072
2024-08-05 14:37:00,52844.3,52866.5,52751.5,52822.1,150.838,7964468.1711
2024-08-05 14:38:00,52822.1,52832.3,52745.2,52754.1,106.402,5616299.8338
2024-08-05 14:39:00,52754.1,52836.8,52692.6,52707.3,76.014,4009876.7888
2024-08-05 14:40:00,52707.3,52730.0,52595.1,52620.9,227.443,11974402.3652
2024-08-05 14:41:00,52620.9,52631.8,52505.9,52515.3,147.867,7773240.1436
2024-08-05 14:42:00,52515.3,52590.4,52512.4,52550.1,89.435,4700329.8786
2024-08-05 14:43:00,52550.1,52656.4,52524.1,52582.1,90.713,4770517.1487
2024-08-05 14:44:00,52582.1,52675.1,52573.6,52675.1,81.196,4272815.5365
2024-08-05 14:45:00,52675.1,52696.3,52588.4,52597.0,93.701,4932481.9397
2024-08-05 14:46:00,52597.0,52743.6,52588.3,52743.6,138.407,7287448.2888
2024-08-05 14:47:00,52743.6,52867.2,52727.3,52787.2,187.061,9877179.527
2024-08-05 14:48:00,52787.2,52837.4,52772.6,52810.9,86.697,4577433.0551
2024-08-05 14:49:00,52810.9,52840.7,52742.1,52778.0,90.428,4773624.506
2024-08-05 14:50:00,52778.0,52816.8,52720.0,52790.4,91.669,4838088.9828
2024-08-05 14:51:00,52790.4,52812.0,52777.8,52804.5,33.828,1786023.2609
2024-08-05 14:52:00,52804.5,52843.4,52780.9,52805.2,68.221,3602815.7144
2024-08-05 14:53:00,52805.2,52843.9,52770.3,52819.4,73.674,3890059.6945
2024-08-05 14:54:00,52819.4,52835.2,52738.1,52757.7,79.734,4208536.2006
2024-08-05 14:55:00,52757.7,52816.8,52584.0,52598.1,168.989,8904024.6707
2024-08-05 14:56:00,52598.1,52615.8,52538.2,52600.1,122.856,6460381.0578
2024-08-05 14:57:00,52600.1,52719.7,52560.6,52635.2,123.548,6502795.6979
2024-08-05 14:58:00,52635.2,52772.0,52635.2,52708.2,94.83,4997785.2072
2024-08-05 14:59:00,52708.2,52770.0,52674.5,52738.0,54.074,2850998.7376
2024-08-05 15:00:00,52738.0,52800.0,52656.3,52800.0,97.573,5143125.3524
2024-08-05 15:01:00,52800.0,52810.0,52673.7,52780.5,56.503,2980187.8366
2024-08-05 15:02:00,52780.5,52784.0,52671.5,52703.9,54.352,2864848.2205
2024-08-05 15:03:00,52703.9,52714.7,52639.6,52654.2,69.373,3654253.6568
2024-08-05 15:04:00,52654.2,52726.2,52608.6,52622.5,104.91,5523870.8637
2024-08-05 15:05:00,52622.5,52720.0,52613.2,52651.9,78.802,4151277.2998
2024-08-05 15:06:00,52651.9,52656.0,52569.2,52569.2,117.422,6178422.2575
2024-08-05 15:07:00,52569.2,52647.1,52562.0,52570.9,109.956,5783154.2062
2024-08-05 15:08:00,52570.9,52589.5,52565.0,52587.9,73.525,3865530.4624
2024-08-05 15:09:00,52587.9,52667.9,52578.7,52584.5,54.258,2854435.9447
2024-08-05 15:10:00,52584.5,52636.7,52557.2,52578.1,57.151,3005260.7006
2024-08-05 15:11:00,52578.1,52699.7,52577.8,52655.2,106.473,5605873.3517
2024-08-05 15:12:00,52655.2,52715.4,52621.5,52669.8,93.254,4912552.9395
2024-08-05 15:13:00,52669.8,52697.9,52581.0,52586.2,56.731,2986940.1011
2024-08-05 15:14:00,52586.2,52595.9,52311.5,52351.2,334.161,17512893.8932
2024-08-05 15:15:00,52351.2,52497.4,52331.2,52388.4,221.701,11616374.2999
2024-08-05 15:16:00,52388.4,52398.2,52130.0,52199.9,440.181,22994000.8964
2024-08-05 15:17:00,52199.9,52269.8,51935.5,51973.9,859.239,44719160.5414
2024-08-05 15:18:00,51973.9,52009.9,51780.2,51879.5,674.352,34988262.4849
2024-08-05 15:19:00,51879.5,51917.0,51716.5,51844.0,429.479,22248645.0868
2024-08-05 15:20:00,51844.0,51990.9,51765.8,51953.7,443.566,23021213.6827
2024-08-05 15:21:00,51953.7,52016.8,51801.6,51984.3,275.959,14329301.9048
2024-08-05 15:22:00,51984.3,52248.6,51976.7,52104.3,599.423,31243608.762
2024-08-05 15:23:00,52104.3,52275.9,52007.9,52210.0,295.844,15429941.1121
2024-08-05 15:24:00,52210.0,52210.1,52100.0,52144.2,147.203,7675535.8978
2024-08-05 15:25:00,52144.2,52249.3,52129.1,52249.3,126.088,6580277.6231
2024-08-05 15:26:00,52249.3,52352.1,52220.1,52282.0,286.344,14973680.8058
2024-08-05 15:27:00,52282.0,52482.9,52260.0,52390.6,335.845,17592672.2179
2024-08-05 15:28:00,52390.6,52460.7,52325.1,52411.0,172.602,9046303.605
2024-08-05 15:29:00,52411.0,52650.0,52385.0,52629.6,466.415,24514931.1772
2024-08-05 15:30:00,52629.6,52629.6,52480.3,52489.5,342.006,17968021.9932
2024-08-05 15:31:00,52489.5,52587.2,52442.6,52480.3,260.901,13702206.5263
2024-08-05 15:32:00,52480.3,52543.8,52400.5,52454.4,240.08,12600131.3811
2024-08-05 15:33:00,52454.4,52497.7,52375.6,52434.4,164.387,8619099.2217
2024-08-05 15:34:00,52434.4,52458.1,52316.3,52389.2,108.796,5697976.3768
2024-08-05 15:35:00,52389.2,52472.3,52356.0,52448.6,87.382,4581333.3945
2024-08-05 15:36:00,52448.6,52472.9,52210.6,52280.1,185.469,9704620.3608
2024-08-05 15:37:00,52280.1,52288.8,52022.0,52054.3,288.648,15053559.3225
2024-08-05 15:38:00,52054.3,52215.3,52054.0,52061.7,158.434,8261645.0144
2024-08-05 15:39:00,52061.7,52145.6,51870.0,51900.1,516.818,26864395.9806
2024-08-05 15:40:00,51900.1,52043.4,51883.5,51989.5,259.517,13483286.9069
2024-08-05 15:41:00,51989.5,52128.6,51943.3,52058.0,212.414,11056921.6155
2024-08-05 15:42:00,52058.0,52090.4,51931.6,51931.6,159.471,8292874.4094
2024-08-05 15:43:00,51931.6,51935.6,51780.0,51822.5,367.799,19066922.9837
2024-08-05 15:44:00,51822.5,51948.2,51814.1,51907.2,150.601,7812221.0229
2024-08-05 15:45:00,51907.2,51907.2,51633.0,51718.5,609.121,31519571.4273
2024-08-05 15:46:00,51718.5,51774.4,51588.3,51703.6,414.013,21390483.6472
2024-08-05 15:47:00,51703.6,51732.6,51616.9,51664.7,209.819,10839766.0285
2024-08-05 15:48:00,51664.7,51789.4,51637.2,51739.9,168.31,8704672.3599
2024-08-05 15:49:00,51739.9,51750.6,51692.3,51749.9,111.33,5759199.5497
2024-08-05 15:50:00,51749.9,51765.0,51593.8,51614.0,363.654,18782093.6999
2024-08-05 15:51:00,51614.0,51625.5,51509.0,51573.3,260.982,13457462.9824
2024-08-05 15:52:00,51573.3,51639.9,51529.1,51610.6,206.206,10638927.0059
2024-08-05 15:53:00,51610.6,51610.6,51489.9,51532.1,234.864,12103572.9992
2024-08-05 15:54:00,51532.1,51573.8,51391.7,51425.5,399.4,20560188.3569
2024-08-05 15:55:00,51425.5,51493.9,51357.0,51363.4,314.416,16164622.8273
2024-08-05 15:56:00,51363.4,51465.6,51313.0,51350.0,254.986,13103894.2316
2024-08-05 15:57:00,51350.0,51353.8,51204.1,51221.8,396.963,20354213.2119
2024-08-05 15:58:00,51221.8,51260.1,51016.0,51037.9,741.522,37893624.6201
2024-08-05 15:59:00,51037.9,51263.4,51035.7,51152.9,521.916,26703196.6596
2024-08-05 16:00:00,51152.9,51446.5,51136.1,51247.9,515.986,26480301.3854
2024-08-05 16:01:00,51247.9,51450.0,51230.6,51399.9,235.774,12105811.9689
2024-08-05 16:02:00,51399.9,51405.9,51280.1,51282.0,213.298,10953014.9601
2024-08-05 16:03:00,51282.0,51372.7,51282.0,51325.5,85.05,4366163.6039
2024-08-05 16:04:00,51325.5,51349.5,51144.0,51164.8,233.973,11986124.6151
2024-08-05 16:05:00,51164.8,51172.3,50969.0,51024.9,411.241,20985327.4211
2024-08-05 16:06:00,51024.9,51063.6,50771.8,50890.1,739.88,37662867.8645
2024-08-05 16:07:00,50890.1,50960.8,50673.6,50780.6,718.944,36515169.3547
2024-08-05 16:08:00,50780.6,50827.6,50650.4,50679.5,505.948,25653749.7267
2024-08-05 16:09:00,50679.5,50774.1,50640.0,50658.8,398.518,20205598.2258
2024-08-05 16:10:00,50658.8,51100.0,50645.0,50823.9,894.521,45510475.9443
2024-08-05 16:11:00,50823.9,50990.0,50815.1,50929.7,416.029,21186397.4251
2024-08-05 16:12:00,50929.7,51100.0,50867.9,51060.5,286.87,14631196.8505
2024-08-05 16:13:00,51060.5,51384.7,51060.5,51360.8,614.56,31521160.4856
2024-08-05 16:14:00,51360.8,51600.0,51280.0,51600.0,553.941,28508095.2142
2024-08-05 16:15:00,51600.0,51739.0,51502.1,51502.7,733.736,37883843.3758
2024-08-05 16:16:00,51502.7,51598.6,51391.0,51395.0,452.69,23306981.1039
2024-08-05 16:17:00,51395.0,51465.9,51239.4,51454.6,487.483,25021865.3495
2024-08-05 16:18:00,51454.6,51506.9,51310.6,51387.4,250.229,12861721.121
2024-08-05 16:19:00,51387.4,51688.4,51380.0,51563.0,552.202,28461979.7137
2024-08-05 16:20:00,51563.0,51572.6,51382.4,51409.5,173.374,8926646.8888
2024-08-05 16:21:00,51409.5,51556.2,51271.2,51298.2,250.653,12880971.8739
2024-08-05 16:22:00,51298.2,51307.5,51028.9,51200.0,499.688,25566601.825
2024-08-05 16:23:00,51200.0,51279.5,51120.1,51211.4,283.976,14536043.5309
2024-08-05 16:24:00,51211.4,51408.0,51179.9,51407.4,232.961,11951174.0961
2024-08-05 16:25:00,51407.4,51465.1,51295.2,51315.2,251.825,12937339.4841
2024-08-05 16:26:00,51315.2,51381.9,51213.4,51366.0,150.997,7744390.8492
2024-08-05 16:27:00,51366.0,51373.6,51184.7,51244.1,118.819,6090456.8382
2024-08-05 16:28:00,51244.1,51358.5,51185.6,51282.0,151.877,7787543.3435
2024-08-05 16:29:00,51282.0,51417.8,51259.0,51350.9,110.469,5670442.0233
2024-08-05 16:30:00,51350.9,51420.0,51193.5,51279.6,184.509,9470669.5157
2024-08-05 16:31:00,51279.6,51360.5,51204.7,51262.0,146.644,7516716.6277
2024-08-05 16:32:00,51262.0,51283.3,50932.6,50986.0,285.996,14612729.7965
2024-08-05 16:33:00,50986.0,51109.0,50865.8,50921.0,359.826,18345924.2648
2024-08-05 16:34:00,50921.0,50981.4,50856.0,50956.1,251.267,12792673.1041
2024-08-05 16:35:00,50956.1,51059.4,50813.7,50915.3,246.805,12572270.3026
2024-08-05 16:36:00,50915.3,50964.9,50856.0,50880.2,175.495,8936622.2328
2024-08-05 16:37:00,50880.2,51089.2,50827.8,51001.9,198.809,10130830.5134
2024-08-05 16:38:00,51001.9,51215.0,50964.7,50974.5,283.621,14490773.406
2024-08-05 16:39:00,50974.5,51041.2,50916.0,50976.2,125.78,6411844.8822
2024-08-05 16:40:00,50976.2,51298.2,50974.7,51268.2,377.562,19327025.8372
2024-08-05 16:41:00,51268.2,51500.0,51241.4,51334.2,513.332,26379076.0026
2024-08-05 16:42:00,51334.2,51472.3,51306.6,51443.6,176.186,9055195.8046
2024-08-05 16:43:00,51443.6,51668.8,51442.1,51591.7,485.965,25070166.943
2024-08-05 16:44:00,51591.7,51734.3,51576.2,51663.9,260.395,13454010.6944
2024-08-05 16:45:00,51663.9,51874.6,51630.7,51874.5,570.254,29520166.6304
2024-08-05 16:46:00,51874.5,51874.6,51658.0,51730.0,248.178,12840996.9711
2024-08-05 16:47:00,51730.0,51820.4,51700.1,51796.0,162.737,8424387.7353
2024-08-05 16:48:00,51796.0,51826.4,51515.8,51525.1,461.698,23832124.492
2024-08-05 16:49:00,51525.1,51584.6,51396.0,51428.5,377.612,19443806.6524
2024-08-05 16:50:00,51428.5,51451.2,51270.1,51393.7,273.574,14049904.79
2024-08-05 16:51:00,51393.7,51436.0,51244.1,51362.9,281.701,14457729.074
2024-08-05 16:52:00,51362.9,51520.0,51354.2,51484.8,219.315,11286954.9581
2024-08-05 16:53:00,51484.8,51600.0,51466.4,51510.3,136.778,7048555.185
2024-08-05 16:54:00,51510.3,51697.5,51509.1,51589.8,191.77,9895064.4891
2024-08-05 16:55:00,51589.8,51601.3,51460.3,51471.0,132.221,6810945.632
2024-08-05 16:56:00,51471.0,51471.1,51138.3,51195.3,430.721,22087971.655
2024-08-05 16:57:00,51195.3,51222.0,50839.5,50926.6,760.962,38819996.1516
2024-08-05 16:58:00,50926.6,50966.0,50663.5,50934.1,947.928,48179190.8811
2024-08-05 16:59:00,50934.1,51043.5,50800.0,50852.0,335.638,17086737.4827
2024-08-05 17:00:00,50852.0,51144.8,50832.1,50888.4,434.121,22121952.9027
2024-08-05 17:01:00,50888.4,51121.0,50874.0,51004.6,208.383,10627840.7083
2024-08-05 17:02:00,51004.6,51048.8,50834.0,50948.1,166.75,8493157.5503
2024-08-05 17:03:00,50948.1,50960.5,50806.0,50858.1,267.9,13629819.5119
2024-08-05 17:04:00,50858.1,51059.3,50788.3,50869.7,393.073,20007207.6991
2024-08-05 17:05:00,50869.7,51035.6,50812.4,50949.2,159.99,8151061.3071
2024-08-05 17:06:00,50949.2,51019.8,50864.9,50946.9,171.964,8757936.6796
2024-08-05 17:07:00,50946.9,51096.0,50920.7,50979.4,146.898,7494612.0428
2024-08-05 17:08:00,50979.4,51042.8,50862.6,50908.1,169.923,8656162.6709
2024-08-05 17:09:00,50908.1,50908.1,50645.8,50718.0,466.34,23662321.483
2024-08-05 17:10:00,50718.0,50862.1,50588.0,50783.1,507.97,25752623.4214
2024-08-05 17:11:00,50783.1,50941.4,50710.2,50872.3,224.967,11435139.8926
2024-08-05 17:12:00,50872.3,51130.7,50870.1,50976.2,356.221,18178028.3315
2024-08-05 17:13:00,50976.2,50996.0,50767.7,50868.1,215.009,10941406.6282
2024-08-05 17:14:00,50868.1,51116.0,50820.4,51045.5,419.799,21427329.4412
2024-08-05 17:15:00,51045.5,51238.2,50946.2,51196.1,303.342,15504683.4253
2024-08-05 17:16:00,51196.1,51372.0,51140.3,51259.6,405.499,20778669.0239
2024-08-05 17:17:00,51259.6,51411.7,51253.7,51376.2,267.996,13766850.6942
2024-08-05 17:18:00,51376.2,51458.7,51322.7,51388.0,186.936,9608008.8441
2024-08-05 17:19:00,51388.0,51417.2,51317.9,51348.5,227.203,11667124.0948
2024-08-05 17:20:00,51348.5,51355.3,51209.7,51298.0,332.184,17033191.192
2024-08-05 17:21:00,51298.0,51366.2,51272.2,51351.0,175.343,8999030.8369
2024-08-05 17:22:00,51351.0,51516.6,51292.6,51360.1,371.985,19128264.2847
2024-08-05 17:23:00,51360.1,51439.2,51301.1,51367.9,186.815,9597330.0486
2024-08-05 17:24:00,51367.9,51624.2,51340.9,51466.0,334.562,17229777.8357
2024-08-05 17:25:00,51466.0,51543.9,51429.2,51477.6,203.204,10465029.0795
2024-08-05 17:26:00,51477.6,51528.3,51392.1,51448.3,122.709,6314978.0926
2024-08-05 17:27:00,51448.3,51463.7,51313.4,51374.3,173.162,8895653.3078
2024-08-05 17:28:00,51374.3,51406.0,51307.3,51391.5,93.058,4780003.417
2024-08-05 17:29:00,51391.5,51400.0,51300.0,51302.1,103.932,5337258.2049
2024-08-05 17:30:00,51302.1,51360.5,51091.9,51119.4,416.396,21325457.3042
2024-08-05 17:31:00,51119.4,51190.3,51056.8,51096.5,369.328,18882875.243
2024-08-05 17:32:00,51096.5,51096.5,50950.0,51092.0,329.113,16790227.7708
2024-08-05 17:33:00,51092.0,51283.6,51084.6,51267.5,250.695,12829337.4155
2024-08-05 17:34:00,51267.5,51514.7,51266.5,51468.6,399.393,20532327.1544
2024-08-05 17:35:00,51468.6,51516.5,51391.5,51419.9,218.067,11220781.636
2024-08-05 17:36:00,51419.9,51458.4,51318.1,51359.1,161.054,8273149.3155
2024-08-05 17:37:00,51359.1,51379.0,51154.1,51167.2,245.186,12559596.8179
2024-08-05 17:38:00,51167.2,51266.7,51128.2,51243.6,179.617,9194185.1969
2024-08-05 17:39:00,51243.6,51344.5,51233.2,51323.2,217.718,11168371.2532
2024-08-05 17:40:00,51323.2,51393.7,51190.8,51197.9,105.888,5433393.9636
2024-08-05 17:41:00,51197.9,51344.9,51176.3,51223.5,351.914,18038605.5501
2024-08-05 17:42:00,51223.5,51241.4,50985.0,50992.0,371.041,18962674.3094
2024-08-05 17:43:00,50992.0,51034.2,50855.3,50941.6,334.226,17028073.7278
2024-08-05 17:44:00,50941.6,50984.9,50651.8,50713.3,651.489,33075181.8183
2024-08-05 17:45:00,50713.3,50861.3,50702.6,50755.9,333.492,16934243.333
2024-08-05 17:46:00,50755.9,50880.0,50730.0,50730.0,231.612,11761416.4978
2024-08-05 17:47:00,50730.0,50761.3,50503.7,50537.0,615.964,31182665.4785
2024-08-05 17:48:00,50537.0,50553.4,50372.5,50416.3,746.313,37671709.3857
2024-08-05 17:49:00,50416.3,50476.0,50290.0,50388.6,491.121,24741739.5782
2024-08-05 17:50:00,50388.6,50402.7,50239.5,50308.0,426.068,21436250.8123
2024-08-05 17:51:00,50308.0,50313.0,50134.2,50172.0,670.266,33658631.8962
2024-08-05 17:52:00,50172.0,50474.5,50172.0,50315.9,577.258,29052054.1726
2024-08-05 17:53:00,50315.9,50341.7,50162.6,50232.0,327.661,16463402.8947
2024-08-05 17:54:00,50232.0,50330.0,50218.8,50244.0,282.264,14190336.7567
2024-08-05 17:55:00,50244.0,50259.0,50160.1,50165.3,200.229,10052565.9741
2024-08-05 17:56:00,50165.3,50198.4,50051.0,50091.5,604.353,30281082.1995
2024-08-05 17:57:00,50091.5,50175.2,50072.2,50119.0,255.63,12813620.8135
2024-08-05 17:58:00,50119.0,50157.0,50000.0,50015.7,548.398,27446870.1505
2024-08-05 17:59:00,50015.7,50243.8,50015.7,50132.3,386.777,19389670.5307
2024-08-05 18:00:00,50132.3,50521.1,50097.4,50321.6,991.92,49950523.8918
2024-08-05 18:01:00,50321.6,50399.0,50260.0,50316.2,385.698,19410137.0276
2024-08-05 18:02:00,50316.2,50316.2,49833.0,49862.5,1358.416,67897532.2122
2024-08-05 18:03:00,49862.5,50067.3,49715.1,49900.1,1735.541,86555559.1347
2024-08-05 18:04:00,49900.1,50290.0,49900.1,50282.0,1171.085,58695313.5547
2024-08-05 18:05:00,50282.0,50521.1,50201.1,50425.7,789.797,39803297.3014
2024-08-05 18:06:00,50425.7,50432.8,50239.8,50363.4,450.175,22659603.4702
2024-08-05 18:07:00,50363.4,50552.6,50290.2,50552.5,500.669,25251555.6418
2024-08-05 18:08:00,50552.5,50974.9,50548.0,50649.6,1445.663,73401980.7863
2024-08-05 18:09:00,50649.6,50654.1,50376.7,50492.1,786.351,39722613.8053
2024-08-05 18:10:00,50492.1,50892.0,50492.1,50815.2,649.027,32916488.44
2024-08-05 18:11:00,50815.2,51141.4,50703.6,50992.6,704.563,35910568.8029
2024-08-05 18:12:00,50992.6,51300.0,50953.5,51100.8,926.276,47372576.3587
2024-08-05 18:13:00,51100.8,51157.2,50968.1,51105.7,462.937,23627292.9494
2024-08-05 18:14:00,51105.7,51105.8,50753.1,50893.9,520.076,26467765.6985
2024-08-05 18:15:00,50893.9,50894.3,50660.0,50727.3,690.641,35050203.1264
2024-08-05 18:16:00,50727.3,50744.4,50505.4,50547.4,725.507,36709468.1081
2024-08-05 18:17:00,50547.4,50665.2,50281.0,50456.9,676.046,34102174.6845
2024-08-05 18:18:00,50456.9,50629.1,50367.3,50584.0,438.625,22148254.102
2024-08-05 18:19:00,50584.0,50660.7,50413.9,50570.9,447.441,22619263.7587
2024-08-05 18:20:00,50570.9,50603.7,50412.2,50429.6,345.361,17443273.2944
2024-08-05 18:21:00,50429.6,50457.3,50250.0,50319.6,435.42,21922838.2375
2024-08-05 18:22:00,50319.6,50380.0,50228.6,50283.8,333.421,16774285.3777
2024-08-05 18:23:00,50283.8,50296.1,49864.6,49983.0,1578.786,79056804.0744
2024-08-05 18:24:00,49983.0,50071.8,49904.8,49945.1,531.627,26567119.6134
2024-08-05 18:25:00,49945.1,49951.8,49521.1,49529.9,1515.573,75316128.9374
2024-08-05 18:26:00,49529.9,49811.4,49529.9,49673.9,936.835,46544566.608
2024-08-05 18:27:00,49673.9,49887.9,49639.4,49815.1,678.03,33755753.5475
2024-08-05 18:28:00,49815.1,49930.3,49749.1,49795.3,454.403,22641177.4952
2024-08-05 18:29:00,49795.3,49904.7,49772.5,49786.1,363.518,18113501.3316
2024-08-05 18:30:00,49786.1,49813.2,49593.3,49621.3,509.418,25312457.9117
2024-08-05 18:31:00,49621.3,49949.4,49562.5,49878.0,775.387,38632169.5875
2024-08-05 18:32:00,49878.0,50197.4,49804.5,50039.7,893.364,44716897.9173
2024-08-05 18:33:00,50039.7,50089.6,49914.2,50060.7,451.921,22606410.71
2024-08-05 18:34:00,50060.7,50106.7,50000.0,50066.7,302.925,15161220.2187
2024-08-05 18:35:00,50066.7,50657.7,50002.1,50627.7,1027.377,51709640.6923
2024-08-05 18:36:00,50627.7,50665.8,50351.5,50468.1,961.621,48521959.0651
2024-08-05 18:37:00,50468.1,50541.4,50418.9,50500.2,389.248,19648830.7199
2024-08-05 18:38:00,50500.2,50547.3,50386.7,50450.5,223.121,11255592.0911
2024-08-05 18:39:00,50450.5,50460.0,50211.1,50242.0,662.727,33323874.5706
2024-08-05 18:40:00,50242.0,50465.4,50242.0,50381.0,434.552,21881504.0154
2024-08-05 18:41:00,50381.0,50396.7,50221.8,50276.3,410.683,20656600.8801
2024-08-05 18:42:00,50276.3,50329.1,50205.3,50205.9,348.078,17491534.1569
2024-08-05 18:43:00,50205.9,50243.2,50120.8,50196.5,534.315,26807214.7206
2024-08-05 18:44:00,50196.5,50199.1,49905.3,49965.4,718.947,35966441.0937
2024-08-05 18:45:00,49965.4,50058.5,49897.8,49967.0,388.067,19396180.0114
2024-08-05 18:46:00,49967.0,49967.0,49823.6,49842.1,542.399,27058414.6808
2024-08-05 18:47:00,49842.1,49936.0,49790.7,49902.5,262.071,13063118.3576
2024-08-05 18:48:00,49902.5,50174.7,49898.2,50084.2,340.773,17052646.8565
2024-08-05 18:49:00,50084.2,50150.0,50005.1,50146.2,337.094,16883537.9373
2024-08-05 18:50:00,50146.2,50259.9,49969.5,50042.6,270.547,13553202.7314
2024-08-05 18:51:00,50042.6,50213.7,50042.6,50108.4,181.395,9093924.2015
2024-08-05 18:52:00,50108.4,50164.3,50060.0,50069.6,248.401,12444553.0546
2024-08-05 18:53:00,50069.6,50203.3,49869.1,49993.0,486.37,24326134.735
2024-08-05 18:54:00,49993.0,50141.7,49911.4,50033.4,425.013,21260454.3877
2024-08-05 18:55:00,50033.4,50153.9,49987.7,50054.7,248.595,12450254.9725
2024-08-05 18:56:00,50054.7,50057.6,49690.0,49709.4,529.457,26386196.2276
2024-08-05 18:57:00,49709.4,49950.0,49709.3,49915.3,332.255,16568577.9905
2024-08-05 18:58:00,49915.3,49943.5,49714.0,49803.0,296.726,14782692.0999
2024-08-05 18:59:00,49803.0,49832.9,49610.2,49708.2,293.244,14576849.9703
2024-08-05 19:00:00,49708.2,50672.9,49584.2,50556.7,2242.647,112617342.0716
2024-08-05 19:01:00,50556.7,50634.9,50118.5,50359.2,1107.602,55758986.0325
2024-08-05 19:02:00,50359.2,50681.2,50286.3,50626.1,976.104,49282048.903
2024-08-05 19:03:00,50626.1,51493.5,50547.1,51291.0,2374.953,121231474.2159
2024-08-05 19:04:00,51291.0,51795.9,50991.1,51258.0,2342.445,120434551.0713
2024-08-05 19:05:00,51258.0,51342.8,50928.6,51108.1,1100.282,56266497.2629
2024-08-05 19:06:00,51108.1,51481.4,50951.0,51381.9,747.988,38356351.9189
2024-08-05 19:07:00,51381.9,52450.0,51255.7,52165.5,2070.685,107382249.2407
2024-08-05 19:08:00,52165.5,52187.5,51612.8,51784.0,1553.718,80588864.5849
2024-08-05 19:09:00,51784.0,51940.3,51506.2,51759.9,931.758,48168000.5746
2024-08-05 19:10:00,51759.9,51787.7,51104.1,51258.1,1282.061,65865911.9219
2024-08-05 19:11:00,51258.1,51547.2,51231.1,51263.4,692.17,35578011.311
2024-08-05 19:12:00,51263.4,51374.9,50737.1,50818.6,1559.353,79576943.2287
2024-08-05 19:13:00,50818.6,51200.0,50782.4,51128.5,749.25,38236197.4526
2024-08-05 19:14:00,51128.5,51393.8,51036.5,51316.0,492.307,25229060.8905
2024-08-05 19:15:00,51316.0,51693.6,51256.8,51618.0,965.674,49723206.876
2024-08-05 19:16:00,51618.0,51990.8,51478.6,51911.7,844.964,43754134.7264
2024-08-05 19:17:00,51911.7,52099.8,51706.4,52070.5,789.095,40947540.1127
2024-08-05 19:18:00,52070.5,52295.1,51867.9,52248.4,827.77,43110188.6811
2024-08-05 19:19:00,52248.4,52500.0,52050.0,52161.4,1293.338,67636143.5163
2024-08-05 19:20:00,52161.4,52199.8,51876.8,51971.3,715.518,37236922.5286
2024-08-05 19:21:00,51971.3,52267.9,51971.3,52216.0,465.546,24295594.2142
2024-08-05 19:22:00,52216.0,52266.7,52000.2,52043.6,495.854,25839376.0055
2024-08-05 19:23:00,52043.6,52072.5,51706.0,51907.2,823.411,42716125.5937
2024-08-05 19:24:00,51907.2,52106.4,51899.2,51917.6,478.378,24876834.0786
2024-08-05 19:25:00,51917.6,52104.0,51772.3,52037.9,617.217,32065994.6683
2024-08-05 19:26:00,52037.9,52146.5,51838.2,52034.0,520.531,27068789.3197
2024-08-05 19:27:00,52034.0,52045.2,51800.0,51936.6,347.039,18006804.9968
2024-08-05 19:28:00,51936.6,52063.5,51871.4,51973.4,270.227,14044117.9308
2024-08-05 19:29:00,51973.4,52077.8,51900.0,51927.5,204.481,10633631.8611
2024-08-05 19:30:00,51927.5,53630.5,51927.4,53414.1,4181.607,221122581.5543
2024-08-05 19:31:00,53414.1,53468.3,52870.7,53159.5,1878.889,99767411.7484
2024-08-05 19:32:00,53159.5,53198.4,52870.0,52929.8,864.909,45841415.9906
2024-08-05 19:33:00,52929.8,53442.7,52900.6,53313.8,838.239,44577152.8335
2024-08-05 19:34:00,53313.8,53819.4,53296.4,53580.2,2148.624,115217517.8787
2024-08-05 19:35:00,53580.2,53626.6,53292.4,53325.3,1012.538,54060733.6784
2024-08-05 19:36:00,53325.3,53798.9,53305.4,53768.6,794.403,42573156.6978
2024-08-05 19:37:00,53768.6,53768.6,53372.4,53390.7,597.224,31942816.6301
2024-08-05 19:38:00,53390.7,53454.6,52900.0,52908.2,986.651,52427239.2429
2024-08-05 19:39:00,52908.2,52989.0,52809.8,52970.4,652.331,34523595.2509
2024-08-05 19:40:00,52970.4,52979.4,52580.7,52659.1,794.403,41883767.327
2024-08-05 19:41:00,52659.1,52866.6,52554.0,52566.2,687.744,36238188.6546
2024-08-05 19:42:00,52566.2,52660.2,52345.9,52503.2,772.012,40536893.4635
2024-08-05 19:43:00,52503.2,52914.2,52503.2,52817.5,455.77,24056504.6624
2024-08-05 19:44:00,52817.5,52986.8,52676.1,52966.0,377.163,19942306.3992
2024-08-05 19:45:00,52966.0,53158.9,52898.1,53027.0,595.195,31552170.1426
2024-08-05 19:46:00,53027.0,53340.0,53000.0,53248.0,613.19,32633115.079
2024-08-05 19:47:00,53248.0,53248.4,52983.7,53155.9,476.524,25304878.6032
2024-08-05 19:48:00,53155.9,53464.8,53085.5,53347.9,478.162,25477278.9642
2024-08-05 19:49:00,53347.9,53697.0,53288.7,53606.8,1061.606,56842525.3604
2024-08-05 19:50:00,53606.8,53608.0,53270.1,53433.0,465.99,24892708.518
2024-08-05 19:51:00,53433.0,53506.3,53334.5,53466.0,294.928,15753629.9141
2024-08-05 19:52:00,53466.0,53475.1,53200.0,53206.8,314.467,16778882.8843
2024-08-05 19:53:00,53206.8,53217.6,52930.1,53035.4,763.531,40511896.1516
2024-08-05 19:54:00,53035.4,53277.1,53035.4,53235.7,297.528,15819137.9485
2024-08-05 19:55:00,53235.7,53350.0,53130.7,53288.8,216.879,11552638.2484
2024-08-05 19:56:00,53288.8,53288.9,52980.0,53092.7,313.466,16644791.7598
2024-08-05 19:57:00,53092.7,53236.6,52960.0,52960.7,265.371,14087026.7718
2024-08-05 19:58:00,52960.7,53010.4,52582.6,52661.7,720.279,38004505.6871
2024-08-05 19:59:00,52661.7,52821.5,52516.3,52600.9,610.817,32165843.1607
2024-08-05 20:00:00,52600.9,52932.0,52593.6,52852.1,416.186,21977982.4216
2024-08-05 20:01:00,52852.1,53169.7,52843.7,53078.1,533.304,28295479.5113
2024-08-05 20:02:00,53078.1,53200.0,53063.0,53075.9,264.233,14042584.8659
2024-08-05 20:03:00,53075.9,53330.0,53026.1,53264.6,340.12,18092314.4033
2024-08-05 20:04:00,53264.6,53461.9,53236.2,53392.1,542.168,28943659.2913
2024-08-05 20:05:00,53392.1,53439.8,53303.9,53381.8,233.235,12444918.0721
2024-08-05 20:06:00,53381.8,53450.0,53210.1,53425.9,286.347,15270580.544
2024-08-05 20:07:00,53425.9,53537.8,53284.5,53400.0,336.007,17957195.0479
2024-08-05 20:08:00,53400.0,53687.4,53356.0,53586.5,414.014,22170310.3899
2024-08-05 20:09:00,53586.5,53947.7,53544.3,53821.9,703.907,37834486.8073
2024-08-05 20:10:00,53821.9,54149.7,53799.6,54075.8,983.277,53099933.2235
2024-08-05 20:11:00,54075.8,54125.0,53963.7,53980.2,458.676,24786565.9842
2024-08-05 20:12:00,53980.2,54147.3,53975.5,54147.2,322.853,17460232.7204
2024-08-05 20:13:00,54147.2,54495.6,54121.2,54445.5,2150.729,116857177.5561
2024-08-05 20:14:00,54445.5,54445.5,54075.7,54125.8,859.41,46618343.0827
2024-08-05 20:15:00,54125.8,54178.1,53903.9,53926.3,658.104,35541823.8663
2024-08-05 20:16:00,53926.3,53982.4,53800.1,53871.9,445.132,23982279.9868
2024-08-05 20:17:00,53871.9,54165.7,53870.0,54011.7,509.861,27536784.452
2024-08-05 20:18:00,54011.7,54050.4,53855.0,53862.6,380.125,20495752.7016
2024-08-05 20:19:00,53862.6,53885.0,53811.0,53847.0,370.839,19968523.7526
2024-08-05 20:20:00,53847.0,54070.4,53830.1,53982.4,321.961,17376537.0999
2024-08-05 20:21:00,53982.4,53984.2,53757.9,53960.0,398.785,21480125.0003
2024-08-05 20:22:00,53960.0,54298.9,53960.0,54225.9,486.749,26342911.1264
2024-08-05 20:23:00,54225.9,54300.0,54161.3,54281.2,270.091,14648628.3441
2024-08-05 20:24:00,54281.2,54395.5,54200.0,54216.2,495.622,26919375.881
2024-08-05 20:25:00,54216.2,54216.2,54039.5,54143.3,352.411,19071196.0935
2024-08-05 20:26:00,54143.3,54150.0,54025.6,54039.9,196.904,10651478.2827
2024-08-05 20:27:00,54039.9,54083.1,53974.9,54029.1,182.479,9858884.894
2024-08-05 20:28:00,54029.1,54088.9,53964.6,53964.6,224.306,12115144.9119
2024-08-05 20:29:00,53964.6,54030.6,53849.1,54030.5,289.493,15613423.897
2024-08-05 20:30:00,54030.5,54128.8,53813.5,53831.8,310.801,16776244.9007
2024-08-05 20:31:00,53831.8,53883.9,53479.6,53583.8,1028.789,55205100.8526
2024-08-05 20:32:00,53583.8,53822.4,53578.1,53722.0,384.798,20658388.0209
2024-08-05 20:33:00,53722.0,53899.3,53713.7,53880.1,279.274,15024499.5389
2024-08-05 20:34:00,53880.1,53880.1,53750.0,53755.5,262.051,14100117.9467
2024-08-05 20:35:00,53755.5,53974.9,53728.6,53927.8,365.088,19668955.5439
2024-08-05 20:36:00,53927.8,54000.0,53860.2,53964.0,201.293,10859173.5088
2024-08-05 20:37:00,53964.0,54161.2,53924.3,54116.3,257.377,13913372.1249
2024-08-05 20:38:00,54116.3,54300.0,54113.5,54237.2,377.059,20445943.0296
2024-08-05 20:39:00,54237.2,54337.9,54219.5,54304.6,274.468,14900266.6782
2024-08-05 20:40:00,54304.6,54349.6,54148.7,54234.0,373.534,20267859.5909
2024-08-05 20:41:00,54234.0,54700.0,54176.7,54598.4,1137.796,62012598.8695
2024-08-05 20:42:00,54598.4,54873.3,54345.7,54490.3,1635.11,89265594.5858
2024-08-05 20:43:00,54490.3,54621.2,54438.8,54460.0,378.107,20611491.207
2024-08-05 20:44:00,54460.0,54460.0,54299.1,54421.3,408.42,22208780.7981
2024-08-05 20:45:00,54421.3,54649.9,54372.5,54562.2,548.795,29923768.9005
2024-08-05 20:46:00,54562.2,54598.0,54464.4,54483.0,232.238,12662854.3759
2024-08-05 20:47:00,54483.0,54608.8,54481.3,54521.9,411.136,22426717.9432
2024-08-05 20:48:00,54521.9,54574.2,54346.7,54389.4,377.407,20554699.71
2024-08-05 20:49:00,54389.4,54392.0,54174.1,54183.8,521.396,28303068.0569
2024-08-05 20:50:00,54183.8,54311.9,54156.0,54300.0,342.983,18599196.2631
2024-08-05 20:51:00,54300.0,54391.0,54238.9,54259.3,207.727,11280714.5823
2024-08-05 20:52:00,54259.3,54266.8,54017.5,54155.5,500.396,27081214.2556
2024-08-05 20:53:00,54155.5,54221.8,54030.0,54200.1,295.484,15987897.1099
2024-08-05 20:54:00,54200.1,54374.1,54200.1,54314.1,345.615,18767675.4977
2024-08-05 20:55:00,54314.1,54504.5,54245.5,54456.7,353.04,19197059.8024
2024-08-05 20:56:00,54456.7,54456.7,54359.3,54375.6,174.879,9513248.8106
2024-08-05 20:57:00,54375.6,54392.0,54236.8,54307.7,208.272,11310795.4185
2024-08-05 20:58:00,54307.7,54322.1,54160.6,54293.5,231.79,12571930.0433
2024-08-05 20:59:00,54293.5,54364.4,54250.1,54250.1,122.476,6652365.4935
2024-08-05 21:00:00,54250.1,54439.3,54200.0,54382.8,197.971,10754782.2708
2024-08-05 21:01:00,54382.8,54525.7,54314.9,54474.0,269.401,14669614.5573
2024-08-05 21:02:00,54474.0,54551.4,54441.2,54551.3,204.096,11123760.4803
2024-08-05 21:03:00,54551.3,54561.0,54450.0,54495.6,268.646,14647565.7411
2024-08-05 21:04:00,54495.6,54652.2,54495.6,54618.8,315.497,17224330.2549
2024-08-05 21:05:00,54618.8,54733.1,54467.7,54506.8,413.282,22572053.3128
2024-08-05 21:06:00,54506.8,54673.0,54506.8,54640.0,214.745,11718363.2185
2024-08-05 21:07:00,54640.0,54778.3,54640.0,54730.0,351.075,19210462.4452
2024-08-05 21:08:00,54730.0,54799.6,54707.0,54716.0,316.443,17325509.6236
2024-08-05 21:09:00,54716.0,54748.0,54635.9,54725.6,268.837,14704253.1244
2024-08-05 21:10:00,54725.6,55039.8,54672.0,54871.9,1661.641,91179197.3057
2024-08-05 21:11:00,54871.9,54872.0,54700.5,54736.0,352.543,19309507.8591
2024-08-05 21:12:00,54736.0,54752.5,54571.4,54591.8,269.293,14714979.8964
2024-08-05 21:13:00,54591.8,54605.2,54374.1,54397.1,433.414,23613347.4672
2024-08-05 21:14:00,54397.1,54465.9,54378.0,54416.2,224.761,12232460.261
2024-08-05 21:15:00,54416.2,54607.1,54416.2,54524.6,363.991,19849453.3307
2024-08-05 21:16:00,54524.6,54675.6,54524.6,54655.0,367.011,20043346.0323
2024-08-05 21:17:00,54655.0,54655.1,54420.3,54487.1,305.171,16638393.7888
2024-08-05 21:18:00,54487.1,54576.5,54459.9,54500.0,174.91,9536269.6995
2024-08-05 21:19:00,54500.0,54515.0,54336.2,54359.3,353.542,19229530.7154
2024-08-05 21:20:00,54359.3,54375.3,54230.7,54247.7,455.878,24749316.1044
2024-08-05 21:21:00,54247.7,54363.4,54180.0,54289.3,713.167,38682273.028
2024-08-05 21:22:00,54289.3,54320.0,54215.4,54297.7,288.667,15666664.8706
2024-08-05 21:23:00,54297.7,54340.0,54230.7,54276.4,113.895,6183270.7969
2024-08-05 21:24:00,54276.4,54497.6,54273.1,54355.6,256.898,13977057.0042
2024-08-05 21:25:00,54355.6,54396.7,54197.4,54246.6,306.725,16651010.4443
2024-08-05 21:26:00,54246.6,54292.3,54182.0,54200.1,170.018,9221886.1113
2024-08-05 21:27:00,54200.1,54332.7,54196.2,54250.5,158.02,8576615.0491
2024-08-05 21:28:00,54250.5,54277.3,54163.2,54186.7,282.385,15309267.5469
2024-08-05 21:29:00,54186.7,54299.7,54186.7,54282.8,123.027,6675154.2707
2024-08-05 21:30:00,54282.8,54337.4,54207.3,54298.0,185.524,10068959.5526
2024-08-05 21:31:00,54298.0,54521.0,54296.1,54461.2,222.922,12130970.0529
2024-08-05 21:32:00,54461.2,54478.9,54343.0,54420.1,171.596,9337172.178
2024-08-05 21:33:00,54420.1,54592.9,54408.3,54531.1,232.659,12685915.3252
2024-08-05 21:34:00,54531.1,54577.5,54423.4,54548.2,120.928,6590406.5375
2024-08-05 21:35:00,54548.2,54600.0,54473.1,54481.8,141.568,7721759.8326
2024-08-05 21:36:00,54481.8,54635.3,54471.3,54598.9,203.038,11076981.5387
2024-08-05 21:37:00,54598.9,54659.1,54487.7,54622.3,150.451,8210751.6818
2024-08-05 21:38:00,54622.3,54628.1,54510.8,54555.7,75.467,4117267.7439
2024-08-05 21:39:00,54555.7,54753.3,54479.8,54736.2,174.429,9535634.5237
2024-08-05 21:40:00,54736.2,54736.2,54550.4,54643.8,192.429,10515181.1436
2024-08-05 21:41:00,54643.8,54767.6,54623.5,54742.5,120.579,6597770.0934
2024-08-05 21:42:00,54742.5,54921.2,54704.5,54861.8,528.156,28969215.2754
2024-08-05 21:43:00,54861.8,54979.2,54793.2,54967.2,323.695,17770942.4187
2024-08-05 21:44:00,54967.2,55075.6,54893.0,54911.5,516.161,28380887.6076
2024-08-05 21:45:00,54911.5,54937.9,54677.1,54690.4,428.873,23510525.1016
2024-08-05 21:46:00,54690.4,54788.0,54660.7,54751.2,219.337,12000995.2502
2024-08-05 21:47:00,54751.2,54970.5,54739.4,54924.8,268.2,14723174.3957
2024-08-05 21:48:00,54924.8,55049.9,54860.4,54867.0,421.245,23149865.4272
2024-08-05 21:49:00,54867.0,54924.9,54782.8,54789.9,212.645,11664681.2079
2024-08-05 21:50:00,54789.9,54812.3,54688.7,54697.1,174.925,9575006.8695
2024-08-05 21:51:00,54697.1,54790.7,54612.8,54729.5,422.922,23129566.4441
2024-08-05 21:52:00,54729.5,54894.0,54672.0,54847.1,265.461,14547056.9423
2024-08-05 21:53:00,54847.1,54999.0,54811.8,54941.0,299.344,16441503.0068
2024-08-05 21:54:00,54941.0,55244.7,54899.9,55121.3,1034.313,56957330.692
2024-08-05 21:55:00,55121.3,55555.0,55093.2,55293.3,1842.362,101980906.3859
2024-08-05 21:56:00,55293.3,55299.5,55164.0,55299.3,397.505,21956083.2617
2024-08-05 21:57:00,55299.3,55350.5,55172.7,55216.9,347.956,19224836.2747
2024-08-05 21:58:00,55216.9,55342.5,55209.9,55317.4,239.425,13236332.1977
2024-08-05 21:59:00,55317.4,55422.8,55306.8,55415.9,242.12,13402137.3822
2024-08-05 22:00:00,55415.9,55419.9,55173.7,55262.1,398.72,22039720.8284
2024-08-05 22:01:00,55262.1,55287.5,55167.2,55279.7,391.506,21621075.3488
2024-08-05 22:02:00,55279.7,55293.8,55028.4,55063.8,316.863,17466271.1065
2024-08-05 22:03:00,55063.8,55122.6,55000.0,55086.6,279.907,15405692.3258
2024-08-05 22:04:00,55086.6,55086.6,54688.0,54694.3,909.733,49884613.075
2024-08-05 22:05:00,54694.3,54896.8,54630.0,54836.2,772.834,42331130.6424
2024-08-05 22:06:00,54836.2,54839.6,54599.9,54647.7,277.909,15197649.4481
2024-08-05 22:07:00,54647.7,54711.6,54607.1,54635.8,197.356,10787828.4757
2024-08-05 22:08:00,54635.8,54672.7,54483.4,54513.9,446.823,24378791.1431
2024-08-05 22:09:00,54513.9,54664.9,54451.1,54634.0,358.205,19528975.0245
2024-08-05 22:10:00,54634.0,54701.5,54528.1,54614.3,235.251,12847405.7033
2024-08-05 22:11:00,54614.3,54753.6,54562.8,54652.3,152.315,8323271.8019
2024-08-05 22:12:00,54652.3,54806.7,54652.3,54721.2,200.772,10990795.3087
2024-08-05 22:13:00,54721.2,54733.9,54562.9,54594.0,182.429,9963400.3126
2024-08-05 22:14:00,54594.0,54646.5,54500.0,54609.9,388.801,21216515.8286
2024-08-05 22:15:00,54609.9,54610.0,54387.0,54412.2,291.14,15862329.3611
2024-08-05 22:16:00,54412.2,54417.2,54276.8,54310.5,388.667,21118030.0996
2024-08-05 22:17:00,54310.5,54439.8,54310.5,54358.0,145.853,7932669.5292
2024-08-05 22:18:00,54358.0,54431.8,54327.9,54340.0,160.595,8732416.9056
2024-08-05 22:19:00,54340.0,54406.9,54287.6,54316.7,168.207,9138240.7829
2024-08-05 22:20:00,54316.7,54399.8,54241.5,54380.2,202.579,10998165.2829
2024-08-05 22:21:00,54380.2,54455.6,54348.8,54353.7,152.988,8323111.5562
2024-08-05 22:22:00,54353.7,54413.1,54300.0,54326.4,44.048,2393630.6855
2024-08-05 22:23:00,54326.4,54326.4,54229.7,54272.9,177.524,9635003.2327
2024-08-05 22:24:00,54272.9,54351.6,54223.8,54262.4,300.695,16320565.4498
2024-08-05 22:25:00,54262.4,54307.0,54190.9,54226.0,344.93,18712484.9699
2024-08-05 22:26:00,54226.0,54254.0,54168.4,54170.8,150.851,8177473.4868
2024-08-05 22:27:00,54170.8,54194.3,54100.9,54108.7,336.13,18200931.922
2024-08-05 22:28:00,54108.7,54140.0,54007.0,54043.7,370.643,20035211.2774
2024-08-05 22:29:00,54043.7,54068.0,54007.0,54007.0,245.528,13268307.879
2024-08-05 22:30:00,54007.0,54270.2,54007.0,54216.2,416.839,22566840.1793
2024-08-05 22:31:00,54216.2,54219.3,54055.3,54097.9,210.862,11413074.5451
2024-08-05 22:32:00,54097.9,54151.6,54027.2,54088.6,146.287,7912018.9117
2024-08-05 22:33:00,54088.6,54149.8,54053.8,54130.5,94.37,5105477.1492
2024-08-05 22:34:00,54130.5,54200.0,54090.7,54150.9,225.298,12197333.4371
2024-08-05 22:35:00,54150.9,54219.0,54131.0,54165.6,137.83,7466721.1254
2024-08-05 22:36:00,54165.6,54188.7,53848.6,53956.0,552.66,29825852.0492
2024-08-05 22:37:00,53956.0,53971.2,53740.5,53749.8,615.303,33110658.3023
2024-08-05 22:38:00,53749.8,53860.0,53749.5,53860.0,218.52,11759784.2814
2024-08-05 22:39:00,53860.0,54084.7,53819.8,54035.7,338.952,18302005.3287
2024-08-05 22:40:00,54035.7,54243.9,54013.3,54133.7,279.236,15120884.2219
2024-08-05 22:41:00,54133.7,54465.6,54090.3,54283.3,590.49,32057743.6338
2024-08-05 22:42:00,54283.3,54419.5,54248.1,54342.7,347.63,18889396.2406
2024-08-05 22:43:00,54342.7,54412.4,54283.2,54372.1,657.535,35735357.269
2024-08-05 22:44:00,54372.1,54465.7,54361.1,54375.6,401.465,21847563.3173
2024-08-05 22:45:00,54375.6,54699.3,54361.2,54604.9,954.996,52118974.4389
2024-08-05 22:46:00,54604.9,54656.1,54533.6,54561.2,378.317,20652956.3455
2024-08-05 22:47:00,54561.2,54591.3,54476.2,54491.4,279.823,15259491.5654
2024-08-05 22:48:00,54491.4,54575.7,54404.1,54449.9,337.954,18414182.3188
2024-08-05 22:49:00,54449.9,54528.3,54418.7,54457.5,166.703,9081232.3981
2024-08-05 22:50:00,54457.5,54550.0,54405.5,54424.1,153.332,8351123.1735
2024-08-05 22:51:00,54424.1,54493.8,54390.0,54492.3,114.9,6255068.9927
2024-08-05 22:52:00,54492.3,54611.9,54473.7,54580.5,123.347,6727827.3188
2024-08-05 22:53:00,54580.5,54644.0,54566.6,54619.9,135.9,7421506.9618
2024-08-05 22:54:00,54619.9,54619.9,54455.9,54456.4,108.607,5922766.5766
2024-08-05 22:55:00,54456.4,54561.6,54450.0,54510.5,113.637,6192371.233
2024-08-05 22:56:00,54510.5,54577.0,54476.8,54576.9,55.581,3030373.9789
2024-08-05 22:57:00,54576.9,54577.0,54471.5,54520.7,44.814,2443052.6814
2024-08-05 22:58:00,54520.7,54566.8,54400.0,54400.0,87.706,4778386.6223
2024-08-05 22:59:00,54400.0,54402.9,54259.8,54364.1,350.058,19013540.566
2024-08-05 23:00:00,54364.1,54527.6,54364.1,54511.7,175.55,9561632.1593
2024-08-05 23:01:00,54511.7,54653.6,54462.8,54653.5,196.587,10725018.991
2024-08-05 23:02:00,54653.5,54747.5,54465.5,54471.5,200.918,10979266.2173
2024-08-05 23:03:00,54471.5,54554.8,54414.2,54548.4,112.466,6125520.4667
2024-08-05 23:04:00,54548.4,54599.9,54530.2,54585.5,85.398,4659641.967
2024-08-05 23:05:00,54585.5,54587.8,54437.3,54466.5,114.573,6242821.3445
2024-08-05 23:06:00,54466.5,54592.6,54450.5,54579.5,102.416,5584017.8647
2024-08-05 23:07:00,54579.5,54579.6,54487.4,54526.1,48.884,2665237.0176
2024-08-05 23:08:00,54526.1,54587.4,54395.4,54475.3,124.53,6784985.8736
2024-08-05 23:09:00,54475.3,54475.3,54271.0,54317.3,292.677,15902668.0767
2024-08-05 23:10:00,54317.3,54483.3,54317.2,54455.7,98.125,5337353.6276
2024-08-05 23:11:00,54455.7,54579.7,54448.6,54569.8,113.89,6209573.9593
2024-08-05 23:12:00,54569.8,54579.9,54482.6,54544.8,178.658,9742774.7416
2024-08-05 23:13:00,54544.8,54633.5,54528.7,54602.6,127.046,6935051.3875
2024-08-05 23:14:00,54602.6,54684.0,54566.3,54670.7,134.027,7322160.3168
2024-08-05 23:15:00,54670.7,54684.7,54442.9,54471.6,204.472,11148886.6826
2024-08-05 23:16:00,54471.6,54596.1,54457.5,54491.4,57.311,3124808.3442
2024-08-05 23:17:00,54491.4,54605.9,54417.6,54592.2,138.064,7530107.1445
2024-08-05 23:18:00,54592.2,54890.0,54592.2,54849.3,790.446,43278859.9387
2024-08-05 23:19:00,54849.3,54981.4,54816.1,54859.6,407.105,22354053.9579
2024-08-05 23:20:00,54859.6,54872.1,54762.7,54808.6,192.757,10566191.6787
2024-08-05 23:21:00,54808.6,54820.0,54713.1,54820.0,162.95,8923382.809
2024-08-05 23:22:00,54820.0,55042.8,54757.8,54805.9,457.31,25106196.9416
2024-08-05 23:23:00,54805.9,54919.5,54788.9,54886.0,135.178,7413397.8957
2024-08-05 23:24:00,54886.0,54930.5,54814.0,54905.7,75.819,4161733.3789
2024-08-05 23:25:00,54905.7,54960.6,54812.9,54817.7,86.497,4747325.2216
2024-08-05 23:26:00,54817.7,54862.7,54679.8,54712.3,180.786,9898960.1503
2024-08-05 23:27:00,54712.3,54763.6,54688.3,54727.5,118.072,6461440.9174
2024-08-05 23:28:00,54727.5,54727.5,54620.2,54654.6,145.666,7964439.753
2024-08-05 23:29:00,54654.6,54716.5,54610.0,54679.3,50.579,2764889.762
2024-08-05 23:30:00,54679.3,54697.8,54570.2,54623.6,140.104,7652635.2716
2024-08-05 23:31:00,54623.6,54694.0,54532.9,54604.1,221.319,12083414.1513
2024-08-05 23:32:00,54604.1,54707.7,54513.6,54566.9,181.728,9921424.7827
2024-08-05 23:33:00,54566.9,54637.0,54472.0,54510.1,168.331,9178077.3481
2024-08-05 23:34:00,54510.1,54533.1,54470.0,54513.6,90.967,4957583.2693
2024-08-05 23:35:00,54513.6,54578.0,54474.1,54574.0,80.84,4407283.937
2024-08-05 23:36:00,54574.0,54661.9,54500.8,54593.1,133.564,7291828.9139
2024-08-05 23:37:00,54593.1,54593.2,54500.0,54507.1,58.27,3177798.6132
2024-08-05 23:38:00,54507.1,54576.5,54506.4,54550.0,48.289,2634272.6223
2024-08-05 23:39:00,54550.0,54595.5,54480.1,54498.0,63.89,3483451.4974
2024-08-05 23:40:00,54498.0,54510.7,54401.2,54440.7,92.075,5012242.9626
2024-08-05 23:41:00,54440.7,54539.1,54415.1,54416.4,103.512,5640679.76
2024-08-05 23:42:00,54416.4,54463.8,54404.6,54442.3,75.67,4118862.9113
2024-08-05 23:43:00,54442.3,54445.2,54344.8,54346.0,91.132,4956773.1157
2024-08-05 23:44:00,54346.0,54354.1,54255.7,54300.5,157.766,8567621.0745
2024-08-05 23:45:00,54300.5,54389.1,54200.0,54200.1,336.272,18261912.0646
2024-08-05 23:46:00,54200.1,54251.0,54081.4,54161.2,506.409,27421985.8455
2024-08-05 23:47:00,54161.2,54196.3,54088.6,54120.4,154.711,8376482.9317
2024-08-05 23:48:00,54120.4,54192.2,54071.5,54080.6,128.378,6949930.646
2024-08-05 23:49:00,54080.6,54143.9,54039.3,54112.3,205.664,11123839.2669
2024-08-05 23:50:00,54112.3,54113.8,54040.5,54087.9,171.609,9281100.726
2024-08-05 23:51:00,54087.9,54087.9,54004.3,54027.4,116.541,6298463.4975
2024-08-05 23:52:00,54027.4,54034.0,53869.5,53894.8,331.823,17903491.4155
2024-08-05 23:53:00,53894.8,53919.6,53700.1,53782.3,692.61,37254721.9794
2024-08-05 23:54:00,53782.3,53792.1,53654.6,53674.0,554.633,29794098.5743
2024-08-05 23:55:00,53674.0,53753.2,53600.0,53742.3,318.115,17077322.0568
2024-08-05 23:56:00,53742.3,53929.8,53739.6,53786.5,407.059,21919052.5858
2024-08-05 23:57:00,53786.5,53805.7,53700.1,53716.1,138.305,7434183.9238
2024-08-05 23:58:00,53716.1,53808.9,53714.0,53796.7,127.017,6826495.1487
2024-08-05 23:59:00,53796.7,53931.3,53778.2,53897.0,164.16,8841924.4509
2024-08-06 00:00:00,53897.0,54050.6,53873.1,53999.1,185.26,9998823.113
2024-08-06 00:01:00,53999.1,54054.0,53921.5,53974.5,99.48,5369641.5674
2024-08-06 00:02:00,53974.5,53974.6,53854.0,53920.2,113.565,6123433.8292
2024-08-06 00:03:00,53920.2,53920.2,53792.2,53868.8,143.039,7702031.0438
2024-08-06 00:04:00,53868.8,53933.1,53844.7,53848.0,55.85,3009472.1192
2024-08-06 00:05:00,53848.0,53932.1,53825.6,53881.0,65.083,3505961.0453
2024-08-06 00:06:00,53881.0,54007.4,53846.1,53906.0,148.536,8010360.3453
2024-08-06 00:07:00,53906.0,53926.3,53768.5,53771.3,57.828,3113207.3196
2024-08-06 00:08:00,53771.3,53794.0,53629.2,53668.7,166.698,8953194.9216
2024-08-06 00:09:00,53668.7,53694.4,53576.1,53598.9,170.662,9149656.3224
2024-08-06 00:10:00,53598.9,53669.0,53517.7,53556.2,267.618,14335464.5741
2024-08-06 00:11:00,53556.2,53760.3,53533.8,53607.3,190.761,10230058.3487
2024-08-06 00:12:00,53607.3,53615.6,53503.1,53519.8,103.396,5536472.6884
2024-08-06 00:13:00,53519.8,53552.3,53400.2,53475.8,320.081,17113240.5641
2024-08-06 00:14:00,53475.8,53578.8,53449.6,53473.5,139.295,7452928.1926
2024-08-06 00:15:00,53473.5,53709.6,53466.3,53589.5,307.536,16490165.9206
2024-08-06 00:16:00,53589.5,53640.0,53459.4,53496.5,152.87,8187392.7979
2024-08-06 00:17:00,53496.5,53544.2,53308.1,53374.9,272.315,14538153.7893
2024-08-06 00:18:00,53374.9,53382.3,53281.5,53344.2,116.803,6228845.2294
2024-08-06 00:19:00,53344.2,53437.3,53265.0,53278.0,111.902,5967391.0471
2024-08-06 00:20:00,53278.0,53426.5,53274.6,53365.3,123.583,6594939.4336
2024-08-06 00:21:00,53365.3,53409.9,53342.0,53368.1,115.5,6164764.6265
2024-08-06 00:22:00,53368.1,53508.8,53309.3,53363.6,245.219,13101623.3288
2024-08-06 00:23:00,53363.6,53394.7,53283.0,53283.0,146.118,7794863.7385
2024-08-06 00:24:00,53283.0,53333.9,53256.1,53297.7,144.408,7695583.1301
2024-08-06 00:25:00,53297.7,53378.9,53230.7,53368.9,132.29,7047843.8377
2024-08-06 00:26:00,53368.9,53427.6,53290.9,53290.9,186.992,9979594.2435
2024-08-06 00:27:00,53290.9,53300.4,53215.1,53238.0,155.992,8308459.1377
2024-08-06 00:28:00,53238.0,53277.3,53178.0,53210.0,211.143,11236606.1151
2024-08-06 00:29:00,53210.0,53211.7,52948.7,53071.2,1748.162,92735214.8858
2024-08-06 00:30:00,53071.2,53090.7,52966.6,53006.8,329.708,17485827.8888
2024-08-06 00:31:00,53006.8,53257.4,53001.7,53227.1,445.239,23670671.7272
2024-08-06 00:32:00,53227.1,53398.0,53151.1,53290.6,326.453,17396502.7326
2024-08-06 00:33:00,53290.6,53388.0,53234.5,53298.0,206.684,11019824.1302
2024-08-06 00:34:00,53298.0,53315.6,53184.3,53210.0,142.853,7603499.9146
2024-08-06 00:35:00,53210.0,53337.0,53202.5,53303.9,114.448,6098129.5654
2024-08-06 00:36:00,53303.9,53303.9,53153.8,53232.6,115.126,6127632.1296
2024-08-06 00:37:00,53232.6,53261.1,53143.3,53172.3,209.323,11138651.4967
2024-08-06 00:38:00,53172.3,53245.7,53068.0,53092.5,126.501,6721118.0833
2024-08-06 00:39:00,53092.5,53097.9,52972.8,53061.7,196.565,10421874.9348
2024-08-06 00:40:00,53061.7,53146.3,52926.8,52932.5,449.287,23820467.8065
2024-08-06 00:41:00,52932.5,52964.9,52804.5,52833.2,341.082,18036183.007
2024-08-06 00:42:00,52833.2,52894.8,52803.2,52823.9,174.372,9214877.9167
2024-08-06 00:43:00,52823.9,52861.1,52800.2,52837.1,141.151,7456062.1574
2024-08-06 00:44:00,52837.1,52852.1,52730.0,52730.0,191.017,10081807.3832
2024-08-06 00:45:00,52730.0,52863.6,52634.7,52717.1,409.599,21598884.1047
2024-08-06 00:46:00,52717.1,52724.9,52600.0,52634.4,316.825,16676690.3857
2024-08-06 00:47:00,52634.4,52765.8,52590.5,52632.2,319.905,16848057.2083
2024-08-06 00:48:00,52632.2,52654.0,52521.1,52529.6,292.194,15360189.5003
2024-08-06 00:49:00,52529.6,52710.4,52529.5,52683.3,204.577,10767477.8184
2024-08-06 00:50:00,52683.3,52884.2,52605.6,52820.6,449.775,23730605.2316
2024-08-06 00:51:00,52820.6,52853.1,52668.0,52714.2,272.074,14358081.9724
2024-08-06 00:52:00,52714.2,52815.2,52642.2,52798.1,177.732,9370724.3028
2024-08-06 00:53:00,52798.1,52972.5,52741.9,52896.2,496.377,26248479.925
2024-08-06 00:54:00,52896.2,53111.2,52846.5,53093.8,434.371,23017965.5164
2024-08-06 00:55:00,53093.8,53420.8,53093.8,53314.2,918.22,48947653.1627
2024-08-06 00:56:00,53314.2,53355.6,53167.5,53251.6,374.01,19918191.5386
2024-08-06 00:57:00,53251.6,53300.0,53150.0,53298.1,230.015,12235175.1798
2024-08-06 00:58:00,53298.1,53307.3,53175.7,53307.3,120.645,6423800.9723
2024-08-06 00:59:00,53307.3,53340.0,53186.2,53268.1,146.758,7815510.4711
2024-08-06 01:00:00,53268.1,53483.5,53244.1,53342.5,213.56,11399672.2314
2024-08-06 01:01:00,53342.5,53342.5,53188.5,53285.3,192.087,10231813.2029
2024-08-06 01:02:00,53285.3,53334.3,53183.0,53212.2,73.54,3915456.1678
2024-08-06 01:03:00,53212.2,53408.8,53178.3,53349.4,303.37,16175507.1931
2024-08-06 01:04:00,53349.4,53498.4,53330.6,53428.5,222.442,11881505.0143
2024-08-06 01:05:00,53428.5,53458.7,53289.3,53418.3,207.391,11068516.8906
2024-08-06 01:06:00,53418.3,53452.6,53336.1,53401.9,119.652,6388533.7152
2024-08-06 01:07:00,53401.9,53426.8,53290.5,53390.2,159.505,8510920.0544
2024-08-06 01:08:00,53390.2,53395.2,53278.9,53321.3,126.017,6721172.2255
2024-08-06 01:09:00,53321.3,53406.9,53250.6,53259.6,85.433,4554571.44
2024-08-06 01:10:00,53259.6,53290.2,53170.0,53182.0,115.962,6170087.2482
2024-08-06 01:11:00,53182.0,53186.6,52989.6,53042.0,353.801,18777752.4754
2024-08-06 01:12:00,53042.0,53126.5,53006.7,53126.4,145.699,7729315.4584
2024-08-06 01:13:00,53126.4,53126.4,53004.9,53078.9,180.275,9564698.636
2024-08-06 01:14:00,53078.9,53078.9,52945.5,53001.1,191.618,10155628.6531
2024-08-06 01:15:00,53001.1,53037.5,52914.5,52952.2,206.486,10939183.7248
2024-08-06 01:16:00,52952.2,53042.4,52898.9,52959.9,191.263,10130173.7663
2024-08-06 01:17:00,52959.9,52990.9,52836.4,52877.0,210.769,11150519.8252
2024-08-06 01:18:00,52877.0,52903.6,52724.1,52734.4,193.173,10200465.1853
2024-08-06 01:19:00,52734.4,52828.1,52710.1,52726.1,93.029,4909015.0569
2024-08-06 01:20:00,52726.1,52828.0,52606.4,52803.0,213.118,11236519.4456
2024-08-06 01:21:00,52803.0,52988.0,52801.0,52953.9,202.03,10696323.3021
2024-08-06 01:22:00,52953.9,53082.3,52909.7,53063.1,186.369,9879654.5252
2024-08-06 01:23:00,53063.1,53123.9,52984.1,53027.2,126.147,6692181.7643
2024-08-06 01:24:00,53027.2,53112.5,52944.6,53022.1,194.53,10314453.2102
2024-08-06 01:25:00,53022.1,53046.9,52945.1,53010.6,93.069,4932857.9564
2024-08-06 01:26:00,53010.6,53332.2,53010.6,53252.3,393.793,20962354.0739
2024-08-06 01:27:00,53252.3,53325.4,53191.2,53274.9,166.3,8857562.1071
2024-08-06 01:28:00,53274.9,53400.0,53250.3,53331.6,288.035,15366485.3323
2024-08-06 01:29:00,53331.6,53589.9,53323.8,53444.0,695.98,37220220.8591
2024-08-06 01:30:00,53444.0,53799.1,53430.7,53574.0,721.418,38673565.3525
2024-08-06 01:31:00,53574.0,53643.6,53465.1,53576.1,240.526,12881115.9526
2024-08-06 01:32:00,53576.1,53627.1,53513.2,53556.8,143.341,7677763.8229
2024-08-06 01:33:00,53556.8,53711.7,53544.8,53623.0,156.734,8405448.9285
2024-08-06 01:34:00,53623.0,53833.2,53553.9,53760.8,379.425,20382774.4401
2024-08-06 01:35:00,53760.8,53943.9,53755.3,53913.3,429.784,23140975.2297
2024-08-06 01:36:00,53913.3,54042.0,53888.5,53961.8,402.857,21739990.5048
2024-08-06 01:37:00,53961.8,54083.1,53900.6,54046.4,223.441,12061673.3617
2024-08-06 01:38:00,54046.4,54246.0,54000.0,54159.0,649.72,35179638.0118
2024-08-06 01:39:00,54159.0,54300.0,54086.1,54219.7,376.659,20418284.6548
2024-08-06 01:40:00,54219.7,54235.9,53946.7,53998.1,398.811,21562909.189
2024-08-06 01:41:00,53998.1,54130.2,53953.9,54062.8,147.799,7986500.248
2024-08-06 01:42:00,54062.8,54073.4,53901.1,53910.7,174.852,9436266.2219
2024-08-06 01:43:00,53910.7,53914.0,53791.7,53893.0,351.847,18947228.1773
2024-08-06 01:44:00,53893.0,53893.0,53736.0,53746.6,167.336,9000816.5585
2024-08-06 01:45:00,53746.6,53829.9,53700.1,53743.1,232.027,12474572.5158
2024-08-06 01:46:00,53743.1,53743.1,53594.7,53645.3,312.166,16748974.7018
2024-08-06 01:47:00,53645.3,53663.3,53597.5,53649.0,74.272,3983107.0346
2024-08-06 01:48:00,53649.0,53739.7,53646.7,53706.4,109.427,5875603.1579
2024-08-06 01:49:00,53706.4,53749.5,53552.4,53575.8,134.418,7213103.2802
2024-08-06 01:50:00,53575.8,53753.3,53557.1,53711.9,153.525,8242753.1554
2024-08-06 01:51:00,53711.9,53719.1,53641.7,53700.5,82.375,4421973.7971
2024-08-06 01:52:00,53700.5,53874.0,53688.1,53802.9,193.761,10423794.3825
2024-08-06 01:53:00,53802.9,53942.9,53784.4,53860.0,173.399,9344108.9807
2024-08-06 01:54:00,53860.0,53928.4,53816.4,53818.9,78.641,4236849.7148
2024-08-06 01:55:00,53818.9,53831.9,53740.8,53759.5,72.253,3885419.6875
2024-08-06 01:56:00,53759.5,53759.5,53669.7,53715.9,127.947,6871236.7751
2024-08-06 01:57:00,53715.9,53744.2,53680.0,53720.5,84.524,4540753.3048
2024-08-06 01:58:00,53720.5,53836.6,53705.3,53832.8,72.776,3913795.1228
2024-08-06 01:59:00,53832.8,53920.0,53824.4,53918.0,92.673,4992742.6947
2024-08-06 02:00:00,53918.0,53920.0,53700.0,53715.1,198.098,10663257.8095
2024-08-06 02:01:00,53715.1,53878.6,53700.7,53850.5,54.377,2924958.0917
2024-08-06 02:02:00,53850.5,53943.1,53833.6,53909.2,71.846,3872337.2439
2024-08-06 02:03:00,53909.2,53930.0,53830.1,53866.1,102.661,5531876.3372
2024-08-06 02:04:00,53866.1,53880.0,53743.7,53790.0,60.537,3256414.2319
2024-08-06 02:05:00,53790.0,53803.5,53700.0,53711.9,72.469,3894093.0193
2024-08-06 02:06:00,53711.9,53718.1,53544.6,53592.4,236.442,12672026.5667
2024-08-06 02:07:00,53592.4,53600.0,53540.1,53554.8,73.008,3911573.449
2024-08-06 02:08:00,53554.8,53577.9,53510.1,53556.9,158.1,8465212.23
2024-08-06 02:09:00,53556.9,53569.9,53510.1,53567.8,111.699,5979958.7552
2024-08-06 02:10:00,53567.8,53904.7,53536.2,53830.0,463.937,24923524.2645
2024-08-06 02:11:00,53830.0,54063.5,53824.1,54002.9,444.421,23981698.6444
2024-08-06 02:12:00,54002.9,54177.7,53971.6,54091.3,230.244,12452355.3476
2024-08-06 02:13:00,54091.3,54099.7,54020.2,54059.3,153.004,8270282.9199
2024-08-06 02:14:00,54059.3,54064.1,53986.2,53991.1,73.039,3944912.0998
2024-08-06 02:15:00,53991.1,54017.1,53902.5,53986.5,87.041,4696069.7546
2024-08-06 02:16:00,53986.5,54100.0,53966.2,54087.0,166.123,8977433.8641
2024-08-06 02:17:00,54087.0,54087.1,53921.9,53941.8,48.114,2598080.4411
2024-08-06 02:18:00,53941.8,54008.8,53937.6,53947.9,50.205,2709137.3057
2024-08-06 02:19:00,53947.9,53960.1,53807.0,53825.9,220.967,11900750.8392
2024-08-06 02:20:00,53825.9,53883.4,53806.0,53847.9,178.173,9591374.9179
2024-08-06 02:21:00,53847.9,53919.6,53819.3,53865.0,160.086,8623969.516
2024-08-06 02:22:00,53865.0,53929.4,53857.6,53923.7,62.609,3373803.7222
2024-08-06 02:23:00,53923.7,53978.2,53880.0,53924.1,55.756,3006395.5132
2024-08-06 02:24:00,53924.1,53992.1,53888.0,53897.3,73.498,3964170.7341
2024-08-06 02:25:00,53897.3,53996.1,53893.1,53983.0,62.539,3373226.2843
2024-08-06 02:26:00,53983.0,54112.1,53968.3,54090.8,183.169,9903263.9247
2024-08-06 02:27:00,54090.8,54090.8,54011.4,54044.0,41.078,2219655.4288
2024-08-06 02:28:00,54044.0,54150.0,54040.5,54102.7,68.037,3681328.06
2024-08-06 02:29:00,54102.7,54421.1,54100.5,54375.3,690.657,37480967.2537
2024-08-06 02:30:00,54375.3,54446.4,54328.3,54413.0,343.335,18673028.3012
2024-08-06 02:31:00,54413.0,54583.7,54403.5,54549.9,453.476,24719584.5816
2024-08-06 02:32:00,54549.9,54848.7,54540.6,54722.2,671.31,36721778.1643
2024-08-06 02:33:00,54722.2,54768.7,54654.9,54698.2,195.329,10686234.0142
2024-08-06 02:34:00,54698.2,54698.2,54458.5,54462.0,221.775,12098821.7953
2024-08-06 02:35:00,54462.0,54608.0,54372.8,54509.5,257.619,14029460.3754
2024-08-06 02:36:00,54509.5,54583.4,54425.5,54441.1,90.59,4937279.7228
2024-08-06 02:37:00,54441.1,54441.1,54256.5,54257.7,245.435,13329952.4667
2024-08-06 02:38:00,54257.7,54338.3,54235.6,54330.7,186.69,10136170.445
2024-08-06 02:39:00,54330.7,54519.7,54330.7,54480.1,165.858,9029519.059
2024-08-06 02:40:00,54480.1,54560.7,54444.4,54444.5,95.27,5191466.145
2024-08-06 02:41:00,54444.5,54591.9,54426.0,54550.1,78.603,4284745.5487
2024-08-06 02:42:00,54550.1,54594.9,54513.6,54590.2,110.477,6028008.1624
2024-08-06 02:43:00,54590.2,54634.8,54560.7,54609.3,66.664,3640118.0551
2024-08-06 02:44:00,54609.3,54796.9,54599.3,54746.2,360.024,19697576.5313
2024-08-06 02:45:00,54746.2,54774.1,54622.0,54754.9,70.456,3853600.3059
2024-08-06 02:46:00,54754.9,55125.0,54749.1,54973.8,992.83,54590047.6781
2024-08-06 02:47:00,54973.8,55022.8,54910.2,54990.0,151.42,8320478.1091
2024-08-06 02:48:00,54990.0,55188.0,54972.4,55145.0,255.139,14062613.9078
2024-08-06 02:49:00,55145.0,55160.7,55010.3,55010.3,206.209,11362834.5542
2024-08-06 02:50:00,55010.3,55027.2,54922.7,54927.0,159.264,8755526.1566
2024-08-06 02:51:00,54927.0,54999.9,54887.0,54902.7,121.835,6693627.6293
2024-08-06 02:52:00,54902.7,54902.8,54806.8,54844.7,105.766,5800050.4478
2024-08-06 02:53:00,54844.7,54844.7,54638.8,54710.2,199.444,10913327.2249
2024-08-06 02:54:00,54710.2,54757.1,54651.1,54751.7,138.026,7549168.8979
2024-08-06 02:55:00,54751.7,54829.4,54656.1,54656.1,111.952,6132013.3564
2024-08-06 02:56:00,54656.1,54761.4,54646.3,54758.0,79.404,4344201.3746
2024-08-06 02:57:00,54758.0,54760.2,54651.5,54655.9,74.33,4065220.4586
2024-08-06 02:58:00,54655.9,54680.2,54556.8,54609.3,153.324,8370973.0324
2024-08-06 02:59:00,54609.3,54647.1,54572.0,54586.4,136.204,7436920.2397
2024-08-06 03:00:00,54586.4,54600.1,54500.0,54591.6,111.153,6063153.8977
2024-08-06 03:01:00,54591.6,54748.5,54580.0,54647.4,99.044,5414039.1256
2024-08-06 03:02:00,54647.4,54748.0,54618.0,54736.6,74.809,4089735.7308
2024-08-06 03:03:00,54736.6,54746.4,54570.6,54576.1,43.957,2402672.3548
2024-08-06 03:04:00,54576.1,54687.2,54572.1,54668.3,56.902,3108450.5839
2024-08-06 03:05:00,54668.3,54746.2,54660.2,54660.2,52.996,2898997.1866
2024-08-06 03:06:00,54660.2,54768.7,54626.3,54719.9,45.582,2492464.0555
2024-08-06 03:07:00,54719.9,54798.8,54719.9,54777.9,40.296,2206847.5882
2024-08-06 03:08:00,54777.9,54777.9,54647.2,54669.2,50.63,2768477.1345
2024-08-06 03:09:00,54669.2,54669.7,54557.3,54606.1,77.087,4209994.819
2024-08-06 03:10:00,54606.1,54626.1,54559.1,54568.6,42.232,2305762.2956
2024-08-06 03:11:00,54568.6,54568.7,54523.6,54523.6,48.39,2639493.0073
2024-08-06 03:12:00,54523.6,54523.6,54308.8,54400.5,200.822,10927008.716
2024-08-06 03:13:00,54400.5,54479.5,54400.4,54471.0,54.557,2970052.4677
2024-08-06 03:14:00,54471.0,54560.0,54464.9,54518.1,84.509,4606930.4484
2024-08-06 03:15:00,54518.1,54518.1,54431.3,54435.5,40.296,2195358.6093
2024-08-06 03:16:00,54435.5,54435.5,54372.0,54372.0,33.561,1825854.9711
2024-08-06 03:17:00,54372.0,54412.4,54366.6,54372.4,54.015,2938091.1477
2024-08-06 03:18:00,54372.4,54372.4,54332.1,54333.9,56.285,3058929.8492
2024-08-06 03:19:00,54333.9,54336.7,54242.8,54253.6,168.54,9149079.4035
2024-08-06 03:20:00,54253.6,54420.8,54253.6,54391.9,102.746,5582607.3314
2024-08-06 03:21:00,54391.9,54392.0,54329.6,54358.9,26.298,1429492.5539
2024-08-06 03:22:00,54358.9,54412.1,54354.8,54367.3,35.473,1929328.9653
2024-08-06 03:23:00,54367.3,54367.3,54302.0,54302.0,46.861,2545735.5594
2024-08-06 03:24:00,54302.0,54302.1,54271.9,54280.0,37.755,2049622.9462
2024-08-06 03:25:00,54280.0,54340.0,54280.0,54328.0,31.586,1715358.592
2024-08-06 03:26:00,54328.0,54375.7,54306.1,54375.7,39.166,2127872.1953
2024-08-06 03:27:00,54375.7,54411.2,54355.4,54410.1,37.71,2050988.2541
2024-08-06 03:28:00,54410.1,54456.8,54363.4,54363.4,48.364,2632062.2963
2024-08-06 03:29:00,54363.4,54390.0,54340.7,54350.6,29.942,1627952.3989
2024-08-06 03:30:00,54350.6,54429.3,54343.8,54406.1,77.763,4229862.1495
2024-08-06 03:31:00,54406.1,54423.7,54376.7,54414.6,29.196,1588158.5658
2024-08-06 03:32:00,54414.6,54587.9,54406.0,54460.5,175.148,9551356.4258
2024-08-06 03:33:00,54460.5,54650.0,54451.0,54616.6,143.801,7848671.9532
2024-08-06 03:34:00,54616.6,54688.3,54595.2,54620.0,106.771,5834978.0318
2024-08-06 03:35:00,54620.0,54777.7,54613.7,54761.8,105.194,5757098.5704
2024-08-06 03:36:00,54761.8,54911.3,54743.7,54743.8,163.695,8975059.5105
2024-08-06 03:37:00,54743.8,54758.3,54658.7,54727.7,177.692,9719481.8907
2024-08-06 03:38:00,54727.7,54735.0,54580.5,54673.9,76.349,4171439.1419
2024-08-06 03:39:00,54673.9,54695.2,54627.9,54646.3,40.672,2222850.5045
2024-08-06 03:40:00,54646.3,54663.6,54554.9,54575.4,57.709,3150550.8869
2024-08-06 03:41:00,54575.4,54581.5,54461.7,54517.3,59.204,3227403.7126
2024-08-06 03:42:00,54517.3,54520.0,54163.8,54242.1,435.087,23621818.3063
2024-08-06 03:43:00,54242.1,54389.9,54192.7,54265.2,361.426,19624313.1902
2024-08-06 03:44:00,54265.2,54300.0,54242.2,54281.2,100.898,5475719.8165
2024-08-06 03:45:00,54281.2,54374.1,54253.7,54364.3,88.054,4783530.7773
2024-08-06 03:46:00,54364.3,54524.0,54341.5,54498.4,141.123,7681388.0991
2024-08-06 03:47:00,54498.4,54526.6,54411.1,54473.6,57.795,3147519.85
2024-08-06 03:48:00,54473.6,54618.0,54437.9,54572.2,138.949,7576254.8849
2024-08-06 03:49:00,54572.2,54616.7,54534.3,54588.8,102.869,5614138.5756
2024-08-06 03:50:00,54588.8,54659.1,54582.4,54659.0,84.602,4621369.1072
2024-08-06 03:51:00,54659.0,54701.7,54618.0,54674.9,84.58,4622636.0514
2024-08-06 03:52:00,54674.9,54771.6,54654.6,54760.9,132.806,7269842.9414
2024-08-06 03:53:00,54760.9,54869.4,54760.9,54857.9,126.942,6959592.9839
2024-08-06 03:54:00,54857.9,54878.2,54770.2,54802.5,83.623,4584064.0851
2024-08-06 03:55:00,54802.5,54802.6,54601.4,54645.5,291.95,15968173.7042
2024-08-06 03:56:00,54645.5,54747.1,54631.8,54720.2,101.074,5528694.8425
2024-08-06 03:57:00,54720.2,54788.0,54642.4,54782.1,106.084,5802924.8301
2024-08-06 03:58:00,54782.1,54946.4,54756.2,54941.0,223.812,12280486.8836
2024-08-06 03:59:00,54941.0,54941.0,54849.9,54894.7,78.081,4286149.6996
2024-08-06 04:00:00,54894.7,54911.3,54810.1,54840.1,121.568,6669825.2898
2024-08-06 04:01:00,54840.1,54843.7,54716.6,54737.8,102.518,5614949.7761
2024-08-06 04:02:00,54737.8,54813.2,54708.2,54785.5,53.037,2904750.0332
2024-08-06 04:03:00,54785.5,54874.0,54784.8,54815.0,39.194,2148800.0795
2024-08-06 04:04:00,54815.0,54819.6,54734.0,54747.1,37.733,2066467.9892
2024-08-06 04:05:00,54747.1,54865.0,54735.6,54862.8,43.787,2399454.9299
2024-08-06 04:06:00,54862.8,54879.1,54802.1,54818.7,21.532,1180587.4221
2024-08-06 04:07:00,54818.7,54819.9,54755.3,54806.4,78.068,4277297.5543
2024-08-06 04:08:00,54806.4,54887.3,54806.3,54864.1,29.287,1606699.8235
2024-08-06 04:09:00,54864.1,54886.9,54814.3,54884.3,34.785,1907883.1369
2024-08-06 04:10:00,54884.3,54948.4,54815.0,54815.0,197.888,10866716.7447
2024-08-06 04:11:00,54815.0,54824.5,54675.8,54723.1,84.175,4607417.8979
2024-08-06 04:12:00,54723.1,54749.7,54654.7,54703.2,60.341,3300181.7532
2024-08-06 04:13:00,54703.2,54716.5,54674.8,54694.8,29.147,1594213.977
2024-08-06 04:14:00,54694.8,54719.1,54672.5,54692.7,32.999,1805053.1754
2024-08-06 04:15:00,54692.7,54759.0,54688.7,54721.0,28.687,1569845.5942
2024-08-06 04:16:00,54721.0,54833.0,54675.1,54815.1,45.957,2516489.7666
2024-08-06 04:17:00,54815.1,54815.2,54758.7,54763.7,33.895,1856958.1176
2024-08-06 04:18:00,54763.7,54793.3,54641.7,54667.9,41.468,2268279.3925
2024-08-06 04:19:00,54667.9,54764.7,54659.6,54756.2,26.193,1433283.2828
2024-08-06 04:20:00,54756.2,54783.1,54629.4,54635.9,38.005,2077422.6184
2024-08-06 04:21:00,54635.9,54696.7,54578.2,54668.0,52.718,2879543.6371
2024-08-06 04:22:00,54668.0,54693.8,54614.0,54641.8,27.316,1492992.7769
2024-08-06 04:23:00,54641.8,54679.0,54630.7,54670.0,31.778,1736724.3791
2024-08-06 04:24:00,54670.0,54681.5,54505.3,54551.4,78.999,4310121.2027
2024-08-06 04:25:00,54551.4,54555.0,54447.7,54532.9,243.429,13264485.479
2024-08-06 04:26:00,54532.9,54587.9,54530.0,54531.9,92.198,5030567.5228
2024-08-06 04:27:00,54531.9,54641.7,54531.9,54614.2,34.59,1888773.9649
2024-08-06 04:28:00,54614.2,54633.6,54574.4,54620.9,60.617,3310079.0177
2024-08-06 04:29:00,54620.9,54673.0,54620.9,54671.6,61.778,3376509.5521
2024-08-06 04:30:00,54671.6,54679.1,54587.8,54600.0,28.422,1552197.5506
2024-08-06 04:31:00,54600.0,54644.1,54557.3,54626.6,38.757,2116161.735
2024-08-06 04:32:00,54626.6,54761.3,54585.0,54718.7,113.98,6236126.2754
2024-08-06 04:33:00,54718.7,54819.9,54668.7,54816.0,84.814,4643780.6456
2024-08-06 04:34:00,54816.0,54887.5,54764.0,54845.7,60.72,3328860.2312
2024-08-06 04:35:00,54845.7,55076.6,54837.6,54993.9,514.451,28294690.7099
2024-08-06 04:36:00,54993.9,55037.2,54917.9,55037.2,109.542,6022964.6373
2024-08-06 04:37:00,55037.2,55067.2,54985.2,54996.9,129.389,7120815.3914
2024-08-06 04:38:00,54996.9,55010.3,54939.5,54980.7,88.89,4886815.0098
2024-08-06 04:39:00,54980.7,54980.7,54864.0,54873.0,64.818,3558926.2342
2024-08-06 04:40:00,54873.0,54904.1,54732.6,54769.9,165.326,9060106.2441
2024-08-06 04:41:00,54769.9,54831.7,54720.3,54742.0,74.428,4077705.9964
2024-08-06 04:42:00,54742.0,54785.3,54656.9,54772.7,75.453,4128738.4539
2024-08-06 04:43:00,54772.7,54864.8,54767.2,54829.9,74.973,4110821.0467
2024-08-06 04:44:00,54829.9,54894.0,54794.2,54813.9,130.871,7179469.6256
2024-08-06 04:45:00,54813.9,54916.6,54714.3,54888.5,114.849,6297329.168
2024-08-06 04:46:00,54888.5,54920.7,54807.0,54827.1,98.04,5378184.9849
2024-08-06 04:47:00,54827.1,54827.1,54737.5,54744.8,69.725,3818987.8873
2024-08-06 04:48:00,54744.8,54818.2,54702.1,54810.0,135.785,7435651.7052
2024-08-06 04:49:00,54810.0,54810.0,54715.8,54715.8,26.691,1461404.9035
2024-08-06 04:50:00,54715.8,54722.3,54642.2,54657.5,77.177,4219568.3539
2024-08-06 04:51:00,54657.5,54708.0,54477.7,54524.8,219.669,11988842.2135
2024-08-06 04:52:00,54524.8,54572.5,54484.0,54556.1,185.598,10121731.6854
2024-08-06 04:53:00,54556.1,54567.1,54470.9,54510.8,80.777,4403098.6316
2024-08-06 04:54:00,54510.8,54543.3,54474.8,54500.0,64.978,3541815.4291
2024-08-06 04:55:00,54500.0,54516.0,54474.8,54480.7,35.989,1961003.6055
2024-08-06 04:56:00,54480.7,54522.2,54476.4,54499.9,51.061,2782784.2244
2024-08-06 04:57:00,54499.9,54571.2,54492.4,54524.9,63.74,3476132.2213
2024-08-06 04:58:00,54524.9,54544.2,54479.9,54532.5,50.676,2762661.1925
2024-08-06 04:59:00,54532.5,54532.5,54475.1,54517.9,31.922,1739690.9793
2024-08-06 05:00:00,54517.9,54543.0,54473.9,54529.4,36.826,2007231.0292
2024-08-06 05:01:00,54529.4,54582.5,54466.1,54477.0,72.456,3951451.0484
2024-08-06 05:02:00,54477.0,54535.2,54476.9,54488.0,30.713,1673961.4464
2024-08-06 05:03:00,54488.0,54496.6,54421.8,54425.9,47.618,2593061.962
2024-08-06 05:04:00,54425.9,54515.1,54403.8,54488.1,65.591,3571163.4169
2024-08-06 05:05:00,54488.1,54526.8,54450.0,54516.1,42.154,2296859.812
2024-08-06 05:06:00,54516.1,54568.1,54478.9,54501.3,53.605,2922331.7843
2024-08-06 05:07:00,54501.3,54530.0,54448.9,54471.0,22.641,1233782.5067
2024-08-06 05:08:00,54471.0,54471.0,54400.0,54400.1,50.641,2755735.1908
2024-08-06 05:09:00,54400.1,54473.3,54400.0,54468.1,42.469,2312061.9819
2024-08-06 05:10:00,54468.1,54480.8,54433.2,54435.9,27.66,1506354.6743
2024-08-06 05:11:00,54435.9,54439.0,54300.8,54332.9,670.193,36434609.2337
2024-08-06 05:12:00,54332.9,54342.0,54266.5,54272.0,204.829,11120126.1333
2024-08-06 05:13:00,54272.0,54348.9,54239.3,54340.5,82.912,4501321.8012
2024-08-06 05:14:00,54340.5,54340.5,54253.7,54273.2,108.418,5886149.6343
2024-08-06 05:15:00,54273.2,54274.3,54183.0,54249.3,142.122,7708242.9773
2024-08-06 05:16:00,54249.3,54270.8,54210.8,54242.3,76.808,4166343.4259
2024-08-06 05:17:00,54242.3,54254.1,54203.1,54237.9,48.352,2621975.2795
2024-08-06 05:18:00,54237.9,54246.0,53955.8,54000.8,523.126,28299969.7183
2024-08-06 05:19:00,54000.8,54052.7,53925.7,54000.0,303.836,16404127.8071
2024-08-06 05:20:00,54000.0,54090.9,53994.5,54057.9,146.482,7916212.0828
2024-08-06 05:21:00,54057.9,54089.1,54029.9,54066.5,73.329,3964459.7836
2024-08-06 05:22:00,54066.5,54171.3,54066.5,54138.0,132.346,7162949.1305
2024-08-06 05:23:00,54138.0,54160.9,54066.5,54067.9,66.483,3597973.1835
2024-08-06 05:24:00,54067.9,54068.0,53953.5,53953.5,102.168,5518379.3658
2024-08-06 05:25:00,53953.5,53976.0,53891.9,53963.3,148.988,8035778.7027
2024-08-06 05:26:00,53963.3,54020.0,53938.8,53944.1,78.226,4222346.9371
2024-08-06 05:27:00,53944.1,53981.6,53846.6,53950.0,168.874,9107666.7672
2024-08-06 05:28:00,53950.0,54013.8,53914.7,53938.9,83.759,4519538.6196
2024-08-06 05:29:00,53938.9,53988.2,53903.2,53988.2,62.97,3396794.2141
2024-08-06 05:30:00,53988.2,54017.0,53917.3,53989.5,135.513,7312523.3759
2024-08-06 05:31:00,53989.5,54090.0,53983.7,54090.0,123.744,6688489.8353
2024-08-06 05:32:00,54090.0,54216.5,54046.8,54155.1,260.585,14108970.7037
2024-08-06 05:33:00,54155.1,54163.0,54068.2,54098.4,80.135,4334926.0787
2024-08-06 05:34:00,54098.4,54154.5,54091.5,54154.5,59.751,3233835.6438
2024-08-06 05:35:00,54154.5,54370.0,54154.5,54362.0,235.591,12789754.8603
2024-08-06 05:36:00,54362.0,54494.9,54348.8,54494.8,439.773,23927350.5989
2024-08-06 05:37:00,54494.8,54544.0,54427.9,54461.9,275.272,14997751.6114
2024-08-06 05:38:00,54461.9,54500.0,54367.0,54500.0,148.199,8064194.9468
2024-08-06 05:39:00,54500.0,54665.2,54499.9,54663.3,138.378,7553704.0649
2024-08-06 05:40:00,54663.3,54776.0,54633.4,54771.7,181.176,9916127.1103
2024-08-06 05:41:00,54771.7,54842.0,54671.7,54727.9,234.694,12851513.1281
2024-08-06 05:42:00,54727.9,54727.9,54635.4,54668.5,92.525,5058616.1781
2024-08-06 05:43:00,54668.5,54836.3,54668.4,54785.7,136.832,7495142.698
2024-08-06 05:44:00,54785.7,54974.9,54781.9,54972.3,188.297,10336944.6265
2024-08-06 05:45:00,54972.3,55025.5,54845.5,55022.1,405.209,22255943.9657
2024-08-06 05:46:00,55022.1,55050.0,54951.3,54982.7,193.083,10621454.2938
2024-08-06 05:47:00,54982.7,55447.0,54965.9,55296.7,947.512,52355461.9432
2024-08-06 05:48:00,55296.7,55345.7,55197.6,55224.1,349.686,19320893.8261
2024-08-06 05:49:00,55224.1,55472.2,55156.8,55373.4,456.223,25250632.7176
2024-08-06 05:50:00,55373.4,55407.3,55259.0,55281.9,230.111,12732207.7307
2024-08-06 05:51:00,55281.9,55345.4,55240.1,55312.0,182.906,10112162.5857
2024-08-06 05:52:00,55312.0,55479.1,55294.7,55385.9,235.496,13043555.0436
2024-08-06 05:53:00,55385.9,55443.1,55360.0,55388.9,164.628,9119041.3217
2024-08-06 05:54:00,55388.9,55490.6,55362.4,55440.6,183.976,10201415.4573
2024-08-06 05:55:00,55440.6,55619.5,55401.3,55560.5,467.859,25976644.321
2024-08-06 05:56:00,55560.5,55754.9,55537.3,55656.7,841.792,46853109.7938
2024-08-06 05:57:00,55656.7,55675.9,55520.4,55532.9,368.042,20464494.8601
2024-08-06 05:58:00,55532.9,55652.9,55509.7,55593.9,178.311,9908197.0648
2024-08-06 05:59:00,55593.9,55657.0,55551.4,55602.1,185.343,10304563.3083
2024-08-06 06:00:00,55602.1,55602.1,55415.0,55519.6,343.689,19062968.5877
2024-08-06 06:01:00,55519.6,55524.5,55344.2,55364.0,393.617,21804052.0925
2024-08-06 06:02:00,55364.0,55499.7,55320.9,55474.0,178.943,9914359.8775
2024-08-06 06:03:00,55474.0,55725.4,55470.7,55613.0,420.214,23374562.9437
2024-08-06 06:04:00,55613.0,55632.0,55494.6,55572.4,285.794,15872501.5951
2024-08-06 06:05:00,55572.4,55573.1,55451.1,55568.5,296.353,16449448.0414
2024-08-06 06:06:00,55568.5,55568.5,55423.6,55427.2,124.4,6900225.936
2024-08-06 06:07:00,55427.2,55458.9,55350.0,55458.9,203.093,11249215.8056
2024-08-06 06:08:00,55458.9,55530.2,55403.7,55484.5,134.742,7476146.2311
2024-08-06 06:09:00,55484.5,55567.5,55464.2,55539.0,80.375,4462513.8251
2024-08-06 06:10:00,55539.0,55562.3,55400.1,55447.9,230.658,12790118.3909
2024-08-06 06:11:00,55447.9,55626.1,55441.6,55608.6,149.36,8295918.8256
2024-08-06 06:12:00,55608.6,55674.9,55570.0,55570.0,126.451,7033356.5271
2024-08-06 06:13:00,55570.0,55612.2,55490.3,55529.8,117.565,6527858.4986
2024-08-06 06:14:00,55529.8,55598.9,55529.8,55580.1,52.656,2925796.0618
2024-08-06 06:15:00,55580.1,55657.6,55508.9,55635.0,97.859,5440730.1743
2024-08-06 06:16:00,55635.0,55669.3,55560.5,55628.6,162.762,9052442.8194
2024-08-06 06:17:00,55628.6,55722.9,55610.8,55681.6,179.783,10013188.3784
2024-08-06 06:18:00,55681.6,55873.5,55681.6,55834.1,689.904,38503056.4426
2024-08-06 06:19:00,55834.1,55848.9,55739.2,55750.0,243.698,13597307.7501
2024-08-06 06:20:00,55750.0,55828.8,55702.5,55738.5,154.174,8597211.5744
2024-08-06 06:21:00,55738.5,55759.0,55607.9,55702.4,179.618,9999320.0679
2024-08-06 06:22:00,55702.4,55777.3,55659.4,55713.0,115.195,6417669.9595
2024-08-06 06:23:00,55713.0,55796.3,55711.6,55711.6,91.612,5107876.9945
2024-08-06 06:24:00,55711.6,55748.2,55662.9,55720.1,87.974,4901503.1094
2024-08-06 06:25:00,55720.1,55720.1,55618.3,55668.9,106.583,5931603.5874
2024-08-06 06:26:00,55668.9,55831.1,55668.9,55773.6,125.67,7007196.1155
2024-08-06 06:27:00,55773.6,55830.4,55771.9,55820.4,59.105,3297654.0154
2024-08-06 06:28:00,55820.4,55833.2,55733.3,55828.2,78.576,4382903.2273
2024-08-06 06:29:00,55828.2,56050.0,55802.7,56012.1,635.974,35588484.7576
2024-08-06 06:30:00,56012.1,56012.1,55833.0,55980.0,274.749,15368781.9643
2024-08-06 06:31:00,55980.0,56036.9,55952.8,56000.0,237.212,13282840.7732
2024-08-06 06:32:00,56000.0,56018.4,55939.1,56008.0,91.522,5123595.006
2024-08-06 06:33:00,56008.0,56170.1,56007.9,56099.4,569.633,31962003.0571
2024-08-06 06:34:00,56099.4,56288.0,56052.9,56182.2,439.926,24720926.6313
2024-08-06 06:35:00,56182.2,56217.8,56148.9,56172.3,208.197,11695347.6965
2024-08-06 06:36:00,56172.3,56172.3,56000.0,56001.3,231.072,12961311.0378
2024-08-06 06:37:00,56001.3,56059.3,55929.3,55957.7,269.796,15101406.4057
2024-08-06 06:38:00,55957.7,55988.8,55906.7,55988.8,117.062,6548915.2163
2024-08-06 06:39:00,55988.8,56002.3,55903.0,56002.3,89.359,5000391.5515
2024-08-06 06:40:00,56002.3,56147.2,55942.4,56089.0,197.844,11097802.7322
2024-08-06 06:41:00,56089.0,56089.0,55968.0,56044.0,149.843,8391790.776
2024-08-06 06:42:00,56044.0,56055.0,55995.6,56028.1,93.545,5241858.2973
2024-08-06 06:43:00,56028.1,56100.0,55985.8,56088.8,126.781,7104107.0378
2024-08-06 06:44:00,56088.8,56118.0,56022.0,56039.9,96.364,5403234.3387
2024-08-06 06:45:00,56039.9,56090.1,55942.3,56090.1,144.341,8083385.8209
2024-08-06 06:46:00,56090.1,56136.9,56042.0,56118.8,83.064,4659177.1593
2024-08-06 06:47:00,56118.8,56201.0,56117.5,56175.0,169.455,9517336.5069
2024-08-06 06:48:00,56175.0,56196.1,56072.0,56074.0,168.747,9473904.7162
2024-08-06 06:49:00,56074.0,56112.4,55957.9,55976.6,213.25,11950911.133
2024-08-06 06:50:00,55976.6,55991.6,55809.2,55886.2,377.355,21085043.8362
2024-08-06 06:51:00,55886.2,55955.3,55829.9,55955.3,181.332,10135629.2137
2024-08-06 06:52:00,55955.3,55990.0,55872.8,55885.8,77.636,4342157.7569
2024-08-06 06:53:00,55885.8,55962.9,55866.1,55934.9,46.766,2614713.4469
2024-08-06 06:54:00,55934.9,55934.9,55792.8,55800.4,307.414,17166107.9424
2024-08-06 06:55:00,55800.4,55930.3,55785.2,55920.7,141.946,7924196.7298
2024-08-06 06:56:00,55920.7,55984.0,55840.7,55893.7,151.07,8446506.1853
2024-08-06 06:57:00,55893.7,56035.7,55811.2,55978.6,351.648,19685512.5385
2024-08-06 06:58:00,55978.6,56000.0,55923.6,55936.7,75.894,4247358.3882
2024-08-06 06:59:00,55936.7,55956.3,55910.0,55919.9,100.33,5611448.3446
2024-08-06 07:00:00,55919.9,55937.6,55763.4,55785.0,137.404,7669799.0375
2024-08-06 07:01:00,55785.0,55791.0,55701.7,55703.0,137.018,7637733.7811
2024-08-06 07:02:00,55703.0,55777.8,55690.6,55768.4,168.579,9393372.007
2024-08-06 07:03:00,55768.4,55772.2,55705.7,55728.7,48.424,2698862.8941
2024-08-06 07:04:00,55728.7,55728.7,55655.4,55702.7,98.644,5492736.5433
2024-08-06 07:05:00,55702.7,55715.9,55555.0,55580.2,232.06,12906961.633
2024-08-06 07:06:00,55580.2,55671.8,55550.5,55661.2,180.384,10029818.2939
2024-08-06 07:07:00,55661.2,55667.7,55541.2,55569.6,311.914,17334903.4008
2024-08-06 07:08:00,55569.6,55584.1,55409.3,55419.0,271.371,15049983.0284
2024-08-06 07:09:00,55419.0,55456.0,55402.5,55436.2,167.194,9268512.9963
2024-08-06 07:10:00,55436.2,55538.1,55425.9,55474.4,121.615,6749016.4844
2024-08-06 07:11:00,55474.4,55501.8,55433.4,55483.1,83.577,4636319.9718
2024-08-06 07:12:00,55483.1,55535.8,55462.4,55472.8,121.257,6730341.9866
2024-08-06 07:13:00,55472.8,55621.6,55472.8,55621.5,83.586,4644375.0898
2024-08-06 07:14:00,55621.5,55692.1,55610.0,55621.9,125.251,6970242.0804
2024-08-06 07:15:00,55621.9,55622.0,55531.0,55531.0,90.307,5018804.6151
2024-08-06 07:16:00,55531.0,55633.0,55494.4,55572.9,101.073,5616031.0301
2024-08-06 07:17:00,55572.9,55600.0,55500.0,55564.1,50.403,2800498.5361
2024-08-06 07:18:00,55564.1,55599.9,55506.1,55572.6,34.538,1919015.0577
2024-08-06 07:19:00,55572.6,55636.0,55555.0,55584.0,63.629,3536994.8828
2024-08-06 07:20:00,55584.0,55806.3,55576.3,55706.1,143.683,8006450.8107
2024-08-06 07:21:00,55706.1,55834.0,55703.1,55774.5,156.215,8713450.8093
2024-08-06 07:22:00,55774.5,55829.9,55713.0,55820.4,68.653,3828987.4684
2024-08-06 07:23:00,55820.4,55820.4,55740.0,55776.2,40.168,2240392.3559
2024-08-06 07:24:00,55776.2,55819.9,55763.2,55788.2,44.313,2472310.7043
2024-08-06 07:25:00,55788.2,55928.3,55786.3,55898.8,158.066,8832474.9061
2024-08-06 07:26:00,55898.8,55943.7,55804.7,55839.8,93.692,5234843.2677
2024-08-06 07:27:00,55839.8,55864.4,55782.5,55799.9,104.949,5856831.7856
2024-08-06 07:28:00,55799.9,55817.8,55734.0,55760.1,70.078,3907685.3838
2024-08-06 07:29:00,55760.1,55775.4,55646.9,55696.7,227.182,12654189.1281
2024-08-06 07:30:00,55696.7,55750.0,55674.1,55750.0,67.376,3753769.1251
2024-08-06 07:31:00,55750.0,55790.0,55696.2,55781.5,36.621,2041395.6877
2024-08-06 07:32:00,55781.5,55788.6,55670.3,55678.0,62.322,3472352.0009
2024-08-06 07:33:00,55678.0,55746.6,55611.9,55740.9,98.902,5503842.5057
2024-08-06 07:34:00,55740.9,55835.7,55724.0,55795.6,51.156,2853468.4329
2024-08-06 07:35:00,55795.6,55873.2,55763.0,55854.2,78.992,4410190.1946
2024-08-06 07:36:00,55854.2,55937.1,55841.2,55930.0,46.267,2585674.7585
2024-08-06 07:37:00,55930.0,55951.0,55875.1,55879.9,115.919,6480714.3234
2024-08-06 07:38:00,55879.9,55879.9,55688.9,55701.8,93.766,5229797.1861
2024-08-06 07:39:00,55701.8,55763.2,55670.0,55749.9,62.323,3472355.7863
2024-08-06 07:40:00,55749.9,55800.0,55692.7,55721.9,114.725,6395559.9835
2024-08-06 07:41:00,55721.9,55746.1,55688.1,55710.1,72.053,4014317.646
2024-08-06 07:42:00,55710.1,55738.2,55700.2,55711.9,51.295,2857793.8837
2024-08-06 07:43:00,55711.9,55788.8,55711.8,55781.2,51.633,2878082.0928
2024-08-06 07:44:00,55781.2,55800.0,55744.4,55768.0,39.051,2177666.231
2024-08-06 07:45:00,55768.0,55773.5,55660.3,55660.9,57.838,3222643.3874
2024-08-06 07:46:00,55660.9,55768.0,55627.9,55762.7,56.792,3164103.5359
2024-08-06 07:47:00,55762.7,55834.5,55757.4,55795.3,39.325,2194287.2722
2024-08-06 07:48:00,55795.3,55877.9,55731.0,55813.7,31.491,1757823.2666
2024-08-06 07:49:00,55813.7,55832.0,55770.0,55799.7,14.345,800410.4839
2024-08-06 07:50:00,55799.7,55817.8,55679.5,55756.8,76.364,4255344.8453
2024-08-06 07:51:00,55756.8,55838.6,55734.4,55838.6,185.895,10372261.5105
2024-08-06 07:52:00,55838.6,55938.1,55830.0,55908.0,91.273,5102343.3863
2024-08-06 07:53:00,55908.0,55911.8,55802.2,55812.3,63.215,3531727.8778
2024-08-06 07:54:00,55812.3,55875.0,55763.0,55763.0,31.29,1746848.5422
2024-08-06 07:55:00,55763.0,55779.0,55706.1,55723.5,57.994,3232424.6363
2024-08-06 07:56:00,55723.5,55732.3,55682.2,55697.4,181.725,10123424.3387
2024-08-06 07:57:00,55697.4,55699.4,55638.0,55682.0,73.677,4100821.8932
2024-08-06 07:58:00,55682.0,55773.7,55671.6,55759.6,39.635,2208492.4336
2024-08-06 07:59:00,55759.6,55794.0,55744.1,55750.9,34.185,1906274.154
2024-08-06 08:00:00,55750.9,55868.6,55703.8,55868.6,70.976,3959419.7143
2024-08-06 08:01:00,55868.6,55880.5,55775.1,55869.6,43.395,2423068.8209
2024-08-06 08:02:00,55869.6,55875.0,55783.3,55867.2,82.02,4579690.0836
2024-08-06 08:03:00,55867.2,55899.0,55830.0,55875.9,42.439,2371095.3396
2024-08-06 08:04:00,55875.9,55885.9,55828.0,55877.9,43.541,2431942.2929
2024-08-06 08:05:00,55877.9,55917.1,55846.2,55915.2,40.291,2252279.0538
2024-08-06 08:06:00,55915.2,56003.8,55861.5,55992.2,226.354,12666150.9517
2024-08-06 08:07:00,55992.2,56032.5,55978.5,55990.5,133.35,7469658.2811
2024-08-06 08:08:00,55990.5,56009.9,55916.1,55963.5,31.459,1760717.2982
2024-08-06 08:09:00,55963.5,55980.0,55933.1,55949.0,77.294,4324885.7066
2024-08-06 08:10:00,55949.0,55963.5,55900.0,55946.9,103.16,5769660.5885
2024-08-06 08:11:00,55946.9,55946.9,55893.8,55927.9,38.899,2175188.4063
2024-08-06 08:12:00,55927.9,55991.3,55848.3,55863.8,27.178,1520147.5867
2024-08-06 08:13:00,55863.8,55863.8,55709.4,55709.4,154.111,8594227.0333
2024-08-06 08:14:00,55709.4,55713.3,55650.0,55655.8,165.016,9186795.4408
2024-08-06 08:15:00,55655.8,55698.5,55632.1,55675.8,118.458,6594795.9589
2024-08-06 08:16:00,55675.8,55750.0,55589.3,55747.2,227.806,12681633.2225
2024-08-06 08:17:00,55747.2,55794.2,55695.0,55792.3,79.43,4428820.6572
2024-08-06 08:18:00,55792.3,55840.0,55766.5,55821.9,33.838,1888591.254
2024-08-06 08:19:00,55821.9,55850.0,55763.3,55763.3,34.48,1924997.3902
2024-08-06 08:20:00,55763.3,55819.9,55730.0,55810.9,48.367,2698030.2814
2024-08-06 08:21:00,55810.9,55813.1,55722.1,55744.0,39.353,2194426.3724
2024-08-06 08:22:00,55744.0,55796.8,55725.9,55725.9,39.542,2204851.0059
2024-08-06 08:23:00,55725.9,55776.5,55712.3,55739.8,145.331,8101579.4204
2024-08-06 08:24:00,55739.8,55786.5,55701.8,55723.3,32.041,1785790.6377
2024-08-06 08:25:00,55723.3,55777.8,55711.6,55728.4,39.123,2180791.9715
2024-08-06 08:26:00,55728.4,55768.9,55724.1,55768.9,8.96,499554.8062
2024-08-06 08:27:00,55768.9,55823.4,55752.5,55817.8,25.091,1400098.7658
2024-08-06 08:28:00,55817.8,55873.3,55808.0,55860.7,63.908,3568949.9686
2024-08-06 08:29:00,55860.7,55870.6,55793.7,55812.5,41.53,2318817.9142
2024-08-06 08:30:00,55812.5,55848.0,55729.9,55819.5,39.23,2188601.0777
2024-08-06 08:31:00,55819.5,55819.5,55721.1,55740.9,45.344,2527637.5209
2024-08-06 08:32:00,55740.9,55867.0,55740.9,55801.4,70.362,3926964.7638
2024-08-06 08:33:00,55801.4,55809.5,55641.3,55704.0,137.164,7640637.3412
2024-08-06 08:34:00,55704.0,55718.8,55662.5,55703.0,37.702,2099971.8307
2024-08-06 08:35:00,55703.0,55823.0,55680.7,55782.9,72.746,4056722.3543
2024-08-06 08:36:00,55782.9,55799.3,55696.3,55762.1,18.793,1047874.893
2024-08-06 08:37:00,55762.1,55789.8,55710.0,55779.5,42.804,2386544.0102
2024-08-06 08:38:00,55779.5,55802.0,55714.2,55720.8,31.281,1744612.4541
2024-08-06 08:39:00,55720.8,55726.5,55632.6,55703.7,36.515,2032923.3517
2024-08-06 08:40:00,55703.7,55731.8,55613.9,55619.1,66.667,3710423.6223
2024-08-06 08:41:00,55619.1,55666.0,55558.6,55576.1,133.232,7409757.1732
2024-08-06 08:42:00,55576.1,55637.4,55564.6,55622.9,74.48,4140879.6738
2024-08-06 08:43:00,55622.9,55713.7,55622.9,55677.4,51.622,2874139.3539
2024-08-06 08:44:00,55677.4,55677.4,55622.9,55655.4,32.088,1785767.3206
2024-08-06 08:45:00,55655.4,55699.9,55579.1,55600.4,169.268,9415871.2863
2024-08-06 08:46:00,55600.4,55613.7,55470.5,55484.5,308.98,17156498.3204
2024-08-06 08:47:00,55484.5,55557.1,55440.0,55547.3,178.038,9878152.4592
2024-08-06 08:48:00,55547.3,55582.5,55535.6,55563.7,80.547,4475039.9164
2024-08-06 08:49:00,55563.7,55631.7,55492.4,55604.4,158.525,8807962.6595
2024-08-06 08:50:00,55604.4,55690.0,55591.8,55615.5,111.018,6176317.3148
2024-08-06 08:51:00,55615.5,55640.0,55566.0,55640.0,54.501,3030610.5833
2024-08-06 08:52:00,55640.0,55660.8,55600.0,55621.7,39.857,2217519.1378
2024-08-06 08:53:00,55621.7,55629.4,55570.7,55620.5,36.285,2017679.9115
2024-08-06 08:54:00,55620.5,55640.2,55611.5,55640.2,16.354,909673.4694
2024-08-06 08:55:00,55640.2,55671.2,55624.2,55663.7,20.794,1157327.7278
2024-08-06 08:56:00,55663.7,55769.4,55627.4,55723.3,122.849,6847068.6654
2024-08-06 08:57:00,55723.3,55734.8,55688.4,55714.1,43.302,2412526.2857
2024-08-06 08:58:00,55714.1,55714.1,55666.4,55683.3,22.629,1259980.4795
2024-08-06 08:59:00,55683.3,55733.0,55679.5,55732.0,24.678,1374792.8337
2024-08-06 09:00:00,55732.0,55775.8,55684.8,55773.6,56.936,3173114.9835
2024-08-06 09:01:00,55773.6,55830.6,55702.2,55713.1,152.072,8482469.5412
2024-08-06 09:02:00,55713.1,55760.0,55690.9,55748.1,25.489,1420168.6035
2024-08-06 09:03:00,55748.1,55777.1,55725.9,55759.6,57.285,3193617.5551
2024-08-06 09:04:00,55759.6,55813.0,55751.6,55813.0,42.482,2370069.1555
2024-08-06 09:05:00,55813.0,55823.3,55760.0,55773.6,69.491,3877587.3925
2024-08-06 09:06:00,55773.6,55816.8,55741.7,55816.8,32.837,1832000.1094
2024-08-06 09:07:00,55816.8,55828.1,55797.3,55819.3,66.484,3711048.5925
2024-08-06 09:08:00,55819.3,55837.7,55807.2,55807.2,110.807,6184529.188
2024-08-06 09:09:00,55807.2,55807.2,55764.1,55788.1,22.037,1229314.0832
2024-08-06 09:10:00,55788.1,55820.5,55685.0,55685.1,48.108,2683455.2053
2024-08-06 09:11:00,55685.1,55700.0,55614.6,55668.7,70.063,3898937.9369
2024-08-06 09:12:00,55668.7,55668.7,55616.4,55664.2,57.709,3211695.9433
2024-08-06 09:13:00,55664.2,55668.7,55617.4,55643.1,48.077,2675531.935
2024-08-06 09:14:00,55643.1,55673.6,55612.1,55673.5,33.758,1878519.5407
2024-08-06 09:15:00,55673.5,55677.8,55637.2,55672.7,73.48,4089600.5097
2024-08-06 09:16:00,55672.7,55691.5,55650.5,55691.5,26.995,1502906.4098
2024-08-06 09:17:00,55691.5,55731.2,55670.4,55721.9,61.079,3401732.1408
2024-08-06 09:18:00,55721.9,55776.0,55721.9,55732.0,134.795,7514003.9494
2024-08-06 09:19:00,55732.0,55732.0,55659.3,55659.3,16.883,940596.0482
