timestamp,open,high,low,close,volume,turnover
2024-02-20 00:00:00,52119.2,52120.0,52112.2,52119.9,16.549,862473.294
2024-02-20 00:01:00,52119.9,52130.5,52077.5,52080.4,38.993,2031382.3062
2024-02-20 00:02:00,52080.4,52086.9,52064.1,52064.1,54.959,2861826.9099
2024-02-20 00:03:00,52064.1,52071.4,52058.9,52058.9,16.805,874878.3182
2024-02-20 00:04:00,52058.9,52092.0,52058.9,52092.0,25.695,1337978.8815
2024-02-20 00:05:00,52092.0,52092.0,52074.0,52077.2,13.642,710495.3759
2024-02-20 00:06:00,52077.2,52101.6,52077.1,52081.3,22.403,1166827.2637
2024-02-20 00:07:00,52081.3,52124.2,52081.3,52124.2,12.801,666952.0014
2024-02-20 00:08:00,52124.2,52131.5,52110.1,52112.4,21.357,1113190.3753
2024-02-20 00:09:00,52112.4,52117.0,52086.3,52086.3,46.184,2406647.2396
2024-02-20 00:10:00,52086.3,52093.9,52067.2,52067.3,44.355,2310075.0149
2024-02-20 00:11:00,52067.3,52108.0,52057.7,52107.7,104.389,5436233.4747
2024-02-20 00:12:00,52107.7,52131.6,52107.6,52125.3,32.585,1698410.7101
2024-02-20 00:13:00,52125.3,52157.9,52116.4,52147.1,35.352,1843528.8431
2024-02-20 00:14:00,52147.1,52147.1,52113.7,52117.3,63.884,3330289.6974
2024-02-20 00:15:00,52117.3,52145.0,52092.0,52145.0,57.089,2974916.2932
2024-02-20 00:16:00,52145.0,52147.8,52105.4,52105.4,28.651,1493659.2561
2024-02-20 00:17:00,52105.4,52105.5,52071.7,52074.7,24.365,1269065.145
2024-02-20 00:18:00,52074.7,52074.8,52058.6,52058.6,25.848,1345823.6304
2024-02-20 00:19:00,52058.6,52058.7,52016.5,52030.3,179.283,9328528.6437
2024-02-20 00:20:00,52030.3,52030.3,51938.6,51942.2,396.472,20608056.5108
2024-02-20 00:21:00,51942.2,51999.0,51942.2,51999.0,60.941,3167874.7307
2024-02-20 00:22:00,51999.0,52011.6,51990.4,52001.8,32.55,1692720.7649
2024-02-20 00:23:00,52001.8,52005.2,51984.0,51993.4,16.604,863292.3767
2024-02-20 00:24:00,51993.4,51996.0,51993.4,51995.9,9.58,498104.7261
2024-02-20 00:25:00,51995.9,52023.5,51995.9,52014.0,44.322,2305444.5669
2024-02-20 00:26:00,52014.0,52024.9,51995.2,51995.3,14.914,775635.6783
2024-02-20 00:27:00,51995.3,52004.3,51995.2,52004.3,11.325,588865.8893
2024-02-20 00:28:00,52004.3,52012.2,51980.0,51980.1,54.939,2856762.92
2024-02-20 00:29:00,51980.1,51980.1,51957.3,51958.0,18.219,946716.9173
2024-02-20 00:30:00,51958.0,51958.0,51939.5,51943.7,87.908,4566704.0891
2024-02-20 00:31:00,51943.7,51973.3,51940.6,51970.4,24.46,1270902.5685
2024-02-20 00:32:00,51970.4,51973.6,51928.9,51933.8,62.519,3247803.048
2024-02-20 00:33:00,51933.8,51941.0,51916.6,51916.6,99.692,5176701.4228
2024-02-20 00:34:00,51916.6,51929.9,51916.6,51925.4,33.169,1722312.7929
2024-02-20 00:35:00,51925.4,51938.1,51925.3,51938.1,33.172,1722785.4848
2024-02-20 00:36:00,51938.1,51938.1,51915.6,51915.7,18.85,978865.4006
2024-02-20 00:37:00,51915.7,51926.5,51883.0,51895.7,200.764,10419948.5313
2024-02-20 00:38:00,51895.7,51898.5,51861.9,51870.5,175.271,9092018.1201
2024-02-20 00:39:00,51870.5,51873.9,51839.1,51847.0,90.053,4669630.1622
2024-02-20 00:40:00,51847.0,51853.7,51842.4,51853.7,49.694,2576571.6307
2024-02-20 00:41:00,51853.7,51867.3,51844.6,51844.6,81.998,4251911.0654
2024-02-20 00:42:00,51844.6,51844.6,51803.6,51832.5,195.558,10133656.8642
2024-02-20 00:43:00,51832.5,51843.8,51829.3,51832.7,45.526,2359935.0298
2024-02-20 00:44:00,51832.7,51848.1,51832.6,51838.2,77.201,4002196.2447
2024-02-20 00:45:00,51838.2,51877.9,51836.3,51861.8,105.253,5459007.489
2024-02-20 00:46:00,51861.8,51894.7,51861.8,51889.8,60.19,3122799.5242
2024-02-20 00:47:00,51889.8,51889.9,51876.6,51876.7,19.712,1022750.6594
2024-02-20 00:48:00,51876.7,51879.7,51876.6,51879.6,13.559,703417.4922
2024-02-20 00:49:00,51879.6,51879.7,51838.8,51863.9,46.458,2408930.2939
2024-02-20 00:50:00,51863.9,51890.8,51863.8,51890.8,22.418,1162972.5736
2024-02-20 00:51:00,51890.8,51956.4,51890.8,51945.3,167.365,8691360.9925
2024-02-20 00:52:00,51945.3,51968.5,51940.0,51940.1,60.675,3152519.831
2024-02-20 00:53:00,51940.1,51946.0,51933.7,51933.7,21.687,1126429.0404
2024-02-20 00:54:00,51933.7,51933.7,51903.8,51909.8,78.544,4078551.1467
2024-02-20 00:55:00,51909.8,51909.8,51873.9,51873.9,79.19,4108830.7116
2024-02-20 00:56:00,51873.9,51902.1,51856.6,51895.4,112.031,5811611.4259
2024-02-20 00:57:00,51895.4,51897.8,51872.4,51877.6,51.791,2687424.4052
2024-02-20 00:58:00,51877.6,51886.8,51877.6,51882.6,10.853,563071.08
2024-02-20 00:59:00,51882.6,51883.0,51864.3,51864.4,55.522,2880300.8976
2024-02-20 01:00:00,51864.4,51877.7,51849.2,51857.6,32.787,1700371.142
2024-02-20 01:01:00,51857.6,51860.6,51812.0,51830.9,92.721,4805255.8041
2024-02-20 01:02:00,51830.9,51876.0,51830.9,51869.6,46.918,2433256.924
2024-02-20 01:03:00,51869.6,51889.4,51866.1,51887.7,36.529,1895079.0996
2024-02-20 01:04:00,51887.7,51902.6,51876.2,51886.3,51.731,2684278.0558
2024-02-20 01:05:00,51886.3,51919.5,51886.3,51919.5,35.376,1836251.5024
2024-02-20 01:06:00,51919.5,51929.0,51906.2,51912.4,43.801,2274088.9579
2024-02-20 01:07:00,51912.4,51922.9,51900.0,51913.7,19.48,1011174.9608
2024-02-20 01:08:00,51913.7,51914.5,51910.8,51910.8,6.633,344346.4448
2024-02-20 01:09:00,51910.8,51913.4,51902.6,51911.2,19.977,1036968.1231
2024-02-20 01:10:00,51911.2,51912.7,51878.4,51878.4,19.465,1010217.062
2024-02-20 01:11:00,51878.4,51895.9,51878.4,51886.5,17.196,892279.369
2024-02-20 01:12:00,51886.5,51889.3,51880.0,51889.2,7.312,379395.9167
2024-02-20 01:13:00,51889.2,51906.8,51889.2,51906.8,4.647,241164.4775
2024-02-20 01:14:00,51906.8,51927.8,51894.6,51898.0,133.489,6930190.9894
2024-02-20 01:15:00,51898.0,51898.1,51863.2,51870.0,34.392,1784310.3319
2024-02-20 01:16:00,51870.0,51870.0,51849.8,51861.6,24.642,1277918.6663
2024-02-20 01:17:00,51861.6,51906.2,51861.5,51885.0,30.593,1587378.2491
2024-02-20 01:18:00,51885.0,51897.4,51861.0,51884.8,74.614,3870894.8127
2024-02-20 01:19:00,51884.8,51894.9,51868.1,51868.3,42.938,2227760.953
2024-02-20 01:20:00,51868.3,51875.2,51850.0,51852.5,20.35,1055491.2764
2024-02-20 01:21:00,51852.5,51852.5,51823.2,51834.9,26.71,1384393.2186
2024-02-20 01:22:00,51834.9,51842.8,51834.9,51842.8,11.214,581348.929
2024-02-20 01:23:00,51842.8,51842.8,51820.1,51831.8,41.806,2166694.9836
2024-02-20 01:24:00,51831.8,51868.5,51831.7,51868.5,46.072,2388887.6493
2024-02-20 01:25:00,51868.5,51871.6,51852.4,51857.3,28.928,1500397.709
2024-02-20 01:26:00,51857.3,51904.9,51857.3,51896.7,29.119,1510619.5448
2024-02-20 01:27:00,51896.7,51898.7,51871.2,51871.2,21.343,1107510.3923
2024-02-20 01:28:00,51871.2,51877.9,51866.8,51874.2,19.334,1002857.1772
2024-02-20 01:29:00,51874.2,51876.4,51850.0,51850.1,21.478,1113837.932
2024-02-20 01:30:00,51850.1,51902.5,51850.1,51889.2,29.675,1539496.3431
2024-02-20 01:31:00,51889.2,51889.2,51862.8,51875.6,16.135,836955.5852
2024-02-20 01:32:00,51875.6,51890.9,51871.2,51887.0,27.271,1414903.0721
2024-02-20 01:33:00,51887.0,51915.5,51886.9,51911.3,41.366,2146748.279
2024-02-20 01:34:00,51911.3,51911.4,51888.7,51888.7,15.427,800736.2153
2024-02-20 01:35:00,51888.7,51888.7,51852.0,51852.1,21.236,1101603.528
2024-02-20 01:36:00,51852.1,51852.1,51796.0,51811.3,222.999,11554148.4902
2024-02-20 01:37:00,51811.3,51814.8,51788.3,51814.8,49.245,2550837.1504
2024-02-20 01:38:00,51814.8,51846.0,51814.8,51815.6,47.843,2479780.1962
2024-02-20 01:39:00,51815.6,51818.4,51804.0,51804.0,20.381,1055979.3484
2024-02-20 01:40:00,51804.0,51820.0,51804.0,51813.2,46.161,2391638.699
2024-02-20 01:41:00,51813.2,51849.0,51813.1,51841.1,17.593,911870.2627
2024-02-20 01:42:00,51841.1,51841.1,51818.8,51819.0,8.154,422588.8389
2024-02-20 01:43:00,51819.0,51830.1,51810.6,51830.1,22.29,1155107.8524
2024-02-20 01:44:00,51830.1,51844.3,51830.1,51844.2,9.701,502884.6212
2024-02-20 01:45:00,51844.2,51844.3,51820.0,51839.2,13.612,705618.1004
2024-02-20 01:46:00,51839.2,51854.4,51833.0,51833.0,32.565,1688382.4249
2024-02-20 01:47:00,51833.0,51833.0,51817.5,51825.5,11.028,571517.632
2024-02-20 01:48:00,51825.5,51835.2,51821.7,51835.1,8.499,440471.6626
2024-02-20 01:49:00,51835.1,51835.2,51826.3,51830.0,52.813,2737333.5244
2024-02-20 01:50:00,51830.0,51830.0,51800.0,51800.0,18.766,972358.3656
2024-02-20 01:51:00,51800.0,51830.8,51800.0,51826.1,12.974,672329.1818
2024-02-20 01:52:00,51826.1,51835.2,51826.1,51835.1,19.115,990778.553
2024-02-20 01:53:00,51835.1,51859.0,51835.1,51859.0,11.943,619151.039
2024-02-20 01:54:00,51859.0,51906.6,51858.9,51886.9,72.277,3750113.4374
2024-02-20 01:55:00,51886.9,51937.2,51882.2,51933.9,67.218,3490068.188
2024-02-20 01:56:00,51933.9,51939.3,51927.5,51935.0,76.799,3988428.0462
2024-02-20 01:57:00,51935.0,51935.0,51921.0,51921.1,29.752,1544986.7318
2024-02-20 01:58:00,51921.1,51936.3,51921.0,51936.2,18.613,966515.8168
2024-02-20 01:59:00,51936.2,51946.8,51927.0,51930.0,28.001,1454372.1138
2024-02-20 02:00:00,51930.0,51946.0,51929.9,51936.3,55.99,2908061.1578
2024-02-20 02:01:00,51936.3,51971.1,51936.1,51946.6,51.832,2693039.3564
2024-02-20 02:02:00,51946.6,51959.7,51941.5,51953.2,20.674,1074012.4211
2024-02-20 02:03:00,51953.2,51953.2,51940.1,51940.1,20.582,1069146.8813
2024-02-20 02:04:00,51940.1,51950.9,51937.8,51950.8,8.511,442089.9383
2024-02-20 02:05:00,51950.8,51950.9,51921.3,51921.4,35.426,1840037.2004
2024-02-20 02:06:00,51921.4,51932.2,51921.2,51932.2,29.076,1509772.456
2024-02-20 02:07:00,51932.2,51932.2,51928.3,51928.4,2.834,147170.1545
2024-02-20 02:08:00,51928.4,51928.4,51920.0,51923.9,6.605,342953.841
2024-02-20 02:09:00,51923.9,51929.5,51920.0,51929.4,14.094,731769.7201
2024-02-20 02:10:00,51929.4,51955.0,51929.4,51954.9,8.324,432406.094
2024-02-20 02:11:00,51954.9,51955.0,51951.4,51951.5,18.726,972903.3594
2024-02-20 02:12:00,51951.5,51972.8,51951.4,51967.8,11.311,587719.5604
2024-02-20 02:13:00,51967.8,51967.9,51947.4,51947.5,33.2,1724998.212
2024-02-20 02:14:00,51947.5,51951.8,51921.3,51923.5,38.587,2004111.4142
2024-02-20 02:15:00,51923.5,51945.0,51923.5,51944.9,20.366,1057774.9762
2024-02-20 02:16:00,51944.9,51945.0,51922.7,51922.8,10.973,569812.3781
2024-02-20 02:17:00,51922.8,51922.8,51922.0,51922.0,7.438,386201.1953
2024-02-20 02:18:00,51922.0,51922.1,51890.7,51897.7,47.847,2483317.9388
2024-02-20 02:19:00,51897.7,51929.3,51897.7,51917.8,38.552,2001310.5815
2024-02-20 02:20:00,51917.8,51935.7,51917.8,51920.0,14.998,778831.7948
2024-02-20 02:21:00,51920.0,51920.1,51895.0,51895.0,14.938,775357.268
2024-02-20 02:22:00,51895.0,51907.0,51890.0,51907.0,26.657,1383387.7536
2024-02-20 02:23:00,51907.0,51907.0,51889.0,51889.1,22.791,1182802.0348
2024-02-20 02:24:00,51889.1,51889.2,51850.1,51850.1,57.636,2989761.8811
2024-02-20 02:25:00,51850.1,51850.1,51826.8,51834.4,96.986,5027510.0768
2024-02-20 02:26:00,51834.4,51839.5,51823.0,51823.1,22.336,1157699.4061
2024-02-20 02:27:00,51823.1,51833.6,51809.9,51819.9,124.843,6469032.2706
2024-02-20 02:28:00,51819.9,51830.9,51809.1,51826.9,42.368,2195488.9939
2024-02-20 02:29:00,51826.9,51835.8,51826.9,51832.0,37.657,1951815.5811
2024-02-20 02:30:00,51832.0,51857.5,51806.8,51808.7,54.426,2820630.0894
2024-02-20 02:31:00,51808.7,51810.5,51790.6,51790.6,56.49,2926353.5925
2024-02-20 02:32:00,51790.6,51815.0,51790.6,51814.9,18.918,980039.569
2024-02-20 02:33:00,51814.9,51820.3,51805.1,51811.7,13.065,676977.2693
2024-02-20 02:34:00,51811.7,51863.6,51811.7,51859.6,59.534,3086421.0768
2024-02-20 02:35:00,51859.6,51903.4,51859.6,51878.3,98.487,5110972.396
2024-02-20 02:36:00,51878.3,51901.9,51878.3,51901.8,9.624,499458.7102
2024-02-20 02:37:00,51901.8,51919.3,51900.6,51900.6,28.37,1472643.7909
2024-02-20 02:38:00,51900.6,51911.0,51890.1,51890.1,28.438,1475966.4645
2024-02-20 02:39:00,51890.1,51890.2,51874.0,51886.0,42.016,2179789.5673
2024-02-20 02:40:00,51886.0,51892.2,51870.9,51870.9,10.445,541845.6798
2024-02-20 02:41:00,51870.9,51871.0,51858.0,51870.2,21.647,1122668.6092
2024-02-20 02:42:00,51870.2,51881.5,51869.4,51881.4,36.738,1905776.2303
2024-02-20 02:43:00,51881.4,51881.5,51867.2,51878.7,25.23,1308800.2798
2024-02-20 02:44:00,51878.7,51885.5,51876.4,51876.4,8.406,436117.0622
2024-02-20 02:45:00,51876.4,51890.3,51870.0,51887.2,8.788,455935.3003
2024-02-20 02:46:00,51887.2,51893.6,51887.2,51893.3,9.603,498327.0766
2024-02-20 02:47:00,51893.3,51915.8,51893.3,51904.0,44.11,2289432.8385
2024-02-20 02:48:00,51904.0,51932.6,51904.0,51908.0,59.101,3068259.0028
2024-02-20 02:49:00,51908.0,51927.6,51900.0,51921.5,32.187,1670743.4897
2024-02-20 02:50:00,51921.5,51927.7,51884.8,51884.8,20.118,1044095.7804
2024-02-20 02:51:00,51884.8,51884.8,51870.7,51870.7,9.464,490958.1868
2024-02-20 02:52:00,51870.7,51887.4,51870.0,51883.8,19.499,1011566.4771
2024-02-20 02:53:00,51883.8,51903.2,51880.5,51888.2,11.667,605428.9388
2024-02-20 02:54:00,51888.2,51888.2,51850.8,51850.8,13.649,707995.9402
2024-02-20 02:55:00,51850.8,51850.8,51817.7,51819.0,47.982,2486840.3201
2024-02-20 02:56:00,51819.0,51834.3,51810.1,51834.2,43.613,2259971.8716
2024-02-20 02:57:00,51834.2,51834.2,51814.3,51824.3,37.905,1964394.8014
2024-02-20 02:58:00,51824.3,51835.5,51821.6,51829.5,14.156,733727.0375
2024-02-20 02:59:00,51829.5,51837.0,51829.5,51837.0,6.748,349775.3909
2024-02-20 03:00:00,51837.0,51837.0,51805.1,51805.1,30.468,1578686.9717
2024-02-20 03:01:00,51805.1,51821.4,51805.1,51821.4,37.198,1927305.5165
2024-02-20 03:02:00,51821.4,51824.2,51800.0,51803.0,65.841,3411721.7606
2024-02-20 03:03:00,51803.0,51871.7,51803.0,51851.2,131.855,6836749.8851
2024-02-20 03:04:00,51851.2,51858.2,51844.5,51856.5,6.421,332931.7939
2024-02-20 03:05:00,51856.5,51875.7,51842.0,51871.8,15.818,820244.0379
2024-02-20 03:06:00,51871.8,51871.8,51842.0,51842.1,9.351,484909.4111
2024-02-20 03:07:00,51842.1,51857.2,51830.1,51835.4,18.568,962499.7011
2024-02-20 03:08:00,51835.4,51835.4,51810.1,51810.1,15.85,821446.2386
2024-02-20 03:09:00,51810.1,51810.1,51794.8,51794.8,40.469,2096475.8056
2024-02-20 03:10:00,51794.8,51795.4,51743.5,51758.4,244.159,12638394.43
2024-02-20 03:11:00,51758.4,51758.5,51736.0,51752.2,60.054,3107394.7136
2024-02-20 03:12:00,51752.2,51753.3,51725.0,51746.1,94.541,4891166.9337
2024-02-20 03:13:00,51746.1,51784.5,51744.1,51779.1,53.445,2766585.149
2024-02-20 03:14:00,51779.1,51793.4,51779.0,51790.2,24.688,1278603.3617
2024-02-20 03:15:00,51790.2,51840.9,51790.2,51836.7,54.562,2827267.9611
2024-02-20 03:16:00,51836.7,51870.0,51823.8,51869.5,111.334,5773740.8481
2024-02-20 03:17:00,51869.5,51869.5,51811.2,51818.2,84.814,4396036.7415
2024-02-20 03:18:00,51818.2,51829.2,51789.1,51806.6,19.04,986375.3022
2024-02-20 03:19:00,51806.6,51850.4,51796.4,51837.6,40.977,2123445.1164
2024-02-20 03:20:00,51837.6,51848.3,51806.8,51808.4,8.999,466415.8263
2024-02-20 03:21:00,51808.4,51826.7,51807.0,51821.6,15.292,792268.5322
2024-02-20 03:22:00,51821.6,51870.0,51821.5,51869.9,34.427,1785155.4334
2024-02-20 03:23:00,51869.9,51877.8,51867.4,51877.8,23.791,1234102.382
2024-02-20 03:24:00,51877.8,51906.9,51877.8,51897.3,50.105,2600124.3034
2024-02-20 03:25:00,51897.3,51916.6,51889.0,51899.5,101.05,5245009.3443
2024-02-20 03:26:00,51899.5,51957.1,51899.4,51937.5,176.811,9183965.0235
2024-02-20 03:27:00,51937.5,51937.6,51925.0,51925.0,41.431,2151702.0784
2024-02-20 03:28:00,51925.0,51933.0,51913.1,51913.1,15.735,817014.3867
2024-02-20 03:29:00,51913.1,51952.1,51909.0,51930.2,106.426,5527261.4938
2024-02-20 03:30:00,51930.2,51949.9,51926.0,51937.0,69.896,3630340.5599
2024-02-20 03:31:00,51937.0,51937.0,51895.8,51904.0,26.401,1370450.5749
2024-02-20 03:32:00,51904.0,51924.3,51904.0,51924.3,12.13,629748.9071
2024-02-20 03:33:00,51924.3,51959.7,51924.3,51959.7,25.009,1299115.0117
2024-02-20 03:34:00,51959.7,52000.0,51955.0,51998.5,138.293,7188678.5475
2024-02-20 03:35:00,51998.5,52064.7,51991.1,52026.1,204.395,10635246.102
2024-02-20 03:36:00,52026.1,52064.0,52026.1,52058.0,87.796,4570136.5356
2024-02-20 03:37:00,52058.0,52064.7,52048.5,52064.6,47.865,2491916.5924
2024-02-20 03:38:00,52064.6,52064.7,52047.2,52047.2,50.612,2634662.9701
2024-02-20 03:39:00,52047.2,52064.5,52047.2,52064.1,56.459,2939248.4242
2024-02-20 03:40:00,52064.1,52149.6,52064.0,52139.8,474.78,24741066.0456
2024-02-20 03:41:00,52139.8,52150.7,52111.0,52111.0,129.305,6741236.5784
2024-02-20 03:42:00,52111.0,52111.0,52065.6,52081.0,64.39,3353762.3451
2024-02-20 03:43:00,52081.0,52126.3,52081.0,52103.8,64.574,3364562.7228
2024-02-20 03:44:00,52103.8,52136.4,52103.8,52113.2,21.685,1130302.1702
2024-02-20 03:45:00,52113.2,52113.3,52081.9,52087.6,35.574,1853241.631
2024-02-20 03:46:00,52087.6,52087.8,52056.1,52065.9,73.675,3836275.1122
2024-02-20 03:47:00,52065.9,52086.0,52057.4,52086.0,34.173,1779320.2776
2024-02-20 03:48:00,52086.0,52097.4,52058.8,52058.9,21.53,1121218.1045
2024-02-20 03:49:00,52058.9,52073.9,52052.2,52066.8,37.803,1967950.162
2024-02-20 03:50:00,52066.8,52123.0,52066.8,52115.5,41.586,2167000.631
2024-02-20 03:51:00,52115.5,52115.5,52093.8,52096.7,27.18,1416166.1916
2024-02-20 03:52:00,52096.7,52096.8,52026.1,52031.1,81.61,4248392.8868
2024-02-20 03:53:00,52031.1,52036.1,51961.0,52012.1,198.102,10301372.5632
2024-02-20 03:54:00,52012.1,52049.7,52012.0,52040.1,40.494,2106877.9605
2024-02-20 03:55:00,52040.1,52053.1,52022.2,52022.2,21.537,1120773.2158
2024-02-20 03:56:00,52022.2,52022.2,51933.0,51960.3,131.512,6833802.7418
2024-02-20 03:57:00,51960.3,51986.1,51956.5,51986.1,19.736,1025793.9335
2024-02-20 03:58:00,51986.1,51986.1,51973.1,51980.0,22.238,1155854.7846
2024-02-20 03:59:00,51980.0,51981.2,51979.9,51981.2,6.071,315572.7166
2024-02-20 04:00:00,51981.2,51981.2,51976.0,51976.0,25.188,1309209.8649
2024-02-20 04:01:00,51976.0,51978.0,51976.0,51977.9,13.61,707399.245
2024-02-20 04:02:00,51977.9,51978.0,51913.0,51913.1,59.479,3089186.8527
2024-02-20 04:03:00,51913.1,51977.2,51903.4,51946.1,101.648,5278841.7279
2024-02-20 04:04:00,51946.1,52034.9,51946.1,52009.9,84.595,4398942.4786
2024-02-20 04:05:00,52009.9,52017.3,52007.1,52017.3,6.909,359345.7178
2024-02-20 04:06:00,52017.3,52027.9,51971.3,51972.6,22.981,1195170.4635
2024-02-20 04:07:00,51972.6,51975.2,51937.9,51948.8,20.952,1088639.0052
2024-02-20 04:08:00,51948.8,51970.5,51941.4,51970.5,14.709,764088.2711
2024-02-20 04:09:00,51970.5,51983.1,51970.5,51975.1,11.569,601334.7543
2024-02-20 04:10:00,51975.1,51977.6,51975.0,51977.5,8.172,424748.4575
2024-02-20 04:11:00,51977.5,52005.7,51969.1,52005.7,37.435,1945981.3585
2024-02-20 04:12:00,52005.7,52024.6,52000.0,52019.9,15.031,781853.75
2024-02-20 04:13:00,52019.9,52020.0,52008.7,52008.7,7.411,385467.5559
2024-02-20 04:14:00,52008.7,52014.7,52001.3,52001.3,41.361,2151099.8529
2024-02-20 04:15:00,52001.3,52006.8,52000.1,52001.0,12.675,659121.8706
2024-02-20 04:16:00,52001.0,52001.8,51991.8,51998.6,31.858,1656530.3206
2024-02-20 04:17:00,51998.6,51998.6,51980.6,51980.7,6.593,342761.7239
2024-02-20 04:18:00,51980.7,51980.8,51972.5,51972.5,6.612,343653.4952
2024-02-20 04:19:00,51972.5,51973.2,51972.5,51973.2,12.923,671645.865
2024-02-20 04:20:00,51973.2,52008.1,51973.2,52006.6,12.817,666456.6403
2024-02-20 04:21:00,52006.6,52009.9,52000.8,52000.9,9.764,507797.8578
2024-02-20 04:22:00,52000.9,52008.1,52000.8,52007.1,15.372,799398.3435
2024-02-20 04:23:00,52007.1,52018.5,52007.1,52014.3,20.428,1062526.5496
2024-02-20 04:24:00,52014.3,52034.3,52014.3,52034.3,8.083,420555.0855
2024-02-20 04:25:00,52034.3,52050.0,52034.2,52043.8,19.762,1028446.1719
2024-02-20 04:26:00,52043.8,52043.8,52000.0,52000.1,10.306,536085.2826
2024-02-20 04:27:00,52000.1,52012.2,52000.1,52010.9,24.566,1277655.4149
2024-02-20 04:28:00,52010.9,52011.0,51958.7,51958.7,34.529,1795004.4693
2024-02-20 04:29:00,51958.7,51977.4,51954.2,51977.4,17.008,883724.5535
2024-02-20 04:30:00,51977.4,52012.6,51977.4,51998.2,21.794,1133184.8888
2024-02-20 04:31:00,51998.2,52013.2,51993.4,51998.9,9.208,478840.0937
2024-02-20 04:32:00,51998.9,52012.0,51998.9,52007.0,15.009,780578.5266
2024-02-20 04:33:00,52007.0,52016.0,51993.2,52016.0,32.3,1679665.9991
2024-02-20 04:34:00,52016.0,52016.0,51988.0,51998.1,88.207,4586919.4804
2024-02-20 04:35:00,51998.1,52010.2,51994.5,52009.2,33.01,1716759.2763
2024-02-20 04:36:00,52009.2,52017.7,52000.6,52009.4,40.127,2087073.6947
2024-02-20 04:37:00,52009.4,52009.4,51982.7,51993.3,17.568,913458.3861
2024-02-20 04:38:00,51993.3,52047.8,51984.3,52043.9,51.683,2689016.414
2024-02-20 04:39:00,52043.9,52047.4,52040.0,52041.0,39.679,2065041.9144
2024-02-20 04:40:00,52041.0,52052.0,52028.4,52043.8,44.255,2303307.5276
2024-02-20 04:41:00,52043.8,52043.9,52006.6,52006.6,17.954,934092.1934
2024-02-20 04:42:00,52006.6,52008.5,51983.6,51988.9,17.637,917082.8141
2024-02-20 04:43:00,51988.9,52012.0,51988.8,52000.5,25.976,1350735.1989
2024-02-20 04:44:00,52000.5,52000.5,51986.0,51988.4,12.67,658700.9758
2024-02-20 04:45:00,51988.4,52020.0,51988.3,52020.0,104.768,5448766.2047
2024-02-20 04:46:00,52020.0,52020.0,51968.8,51968.8,28.356,1474133.3609
2024-02-20 04:47:00,51968.8,51968.9,51946.0,51953.3,36.25,1883338.0607
2024-02-20 04:48:00,51953.3,51970.6,51946.3,51955.6,23.842,1238751.283
2024-02-20 04:49:00,51955.6,51961.8,51948.1,51961.8,12.347,641476.2275
2024-02-20 04:50:00,51961.8,51961.8,51903.0,51911.3,96.841,5028337.0273
2024-02-20 04:51:00,51911.3,51911.4,51810.0,51852.4,506.783,26282909.609
2024-02-20 04:52:00,51852.4,51864.1,51833.6,51857.2,121.998,6326009.8947
2024-02-20 04:53:00,51857.2,51857.2,51838.6,51841.1,46.748,2423618.0115
2024-02-20 04:54:00,51841.1,51872.9,51841.1,51863.0,50.108,2598901.9603
2024-02-20 04:55:00,51863.0,51894.1,51850.4,51890.6,44.066,2285723.5619
2024-02-20 04:56:00,51890.6,51890.6,51865.0,51865.1,22.241,1153764.2527
2024-02-20 04:57:00,51865.1,51888.1,51865.0,51881.0,7.622,395418.6227
2024-02-20 04:58:00,51881.0,51881.1,51852.0,51853.1,28.292,1467355.5932
2024-02-20 04:59:00,51853.1,51859.9,51850.4,51859.9,20.031,1038712.0365
2024-02-20 05:00:00,51859.9,51862.6,51828.1,51842.8,42.757,2216794.976
2024-02-20 05:01:00,51842.8,51847.2,51818.7,51830.3,69.495,3601981.8737
2024-02-20 05:02:00,51830.3,51845.6,51824.5,51828.7,17.222,892676.9204
2024-02-20 05:03:00,51828.7,51835.3,51812.6,51812.6,27.826,1441965.1118
2024-02-20 05:04:00,51812.6,51812.7,51803.5,51808.0,41.665,2158572.6406
2024-02-20 05:05:00,51808.0,51814.2,51795.1,51814.2,123.901,6418161.8454
2024-02-20 05:06:00,51814.2,51819.6,51802.6,51802.6,22.711,1176741.0825
2024-02-20 05:07:00,51802.6,51823.0,51787.0,51820.0,39.01,2020760.3412
2024-02-20 05:08:00,51820.0,51840.7,51819.9,51828.1,23.077,1196049.3582
2024-02-20 05:09:00,51828.1,51835.6,51828.0,51832.6,23.257,1205500.4962
2024-02-20 05:10:00,51832.6,51832.7,51769.2,51783.2,64.331,3331811.9225
2024-02-20 05:11:00,51783.2,51816.4,51783.1,51812.5,28.333,1467770.5256
2024-02-20 05:12:00,51812.5,51812.6,51796.5,51796.9,26.301,1362497.9846
2024-02-20 05:13:00,51796.9,51796.9,51774.0,51789.9,46.267,2395932.9782
2024-02-20 05:14:00,51789.9,51808.4,51789.9,51801.3,10.424,539969.8375
2024-02-20 05:15:00,51801.3,51814.2,51777.4,51784.9,56.271,2914734.7567
2024-02-20 05:16:00,51784.9,51804.2,51780.1,51800.8,29.198,1512277.491
2024-02-20 05:17:00,51800.8,51800.8,51770.9,51778.5,40.222,2082601.1264
2024-02-20 05:18:00,51778.5,51793.2,51777.4,51777.5,14.225,736653.2304
2024-02-20 05:19:00,51777.5,51783.0,51761.9,51769.2,40.105,2076323.7358
2024-02-20 05:20:00,51769.2,51769.3,51732.8,51746.3,115.887,5996978.8585
2024-02-20 05:21:00,51746.3,51783.9,51746.2,51783.9,127.93,6621794.1922
2024-02-20 05:22:00,51783.9,51785.6,51777.4,51783.5,14.846,768745.3056
2024-02-20 05:23:00,51783.5,51800.5,51783.5,51788.1,21.276,1101946.1209
2024-02-20 05:24:00,51788.1,51788.2,51762.5,51764.8,50.952,2637844.261
2024-02-20 05:25:00,51764.8,51787.7,51764.8,51774.6,12.3,636921.7036
2024-02-20 05:26:00,51774.6,51780.0,51760.3,51780.0,48.708,2521504.4196
2024-02-20 05:27:00,51780.0,51808.0,51780.0,51808.0,104.667,5420865.7542
2024-02-20 05:28:00,51808.0,51816.0,51807.9,51816.0,17.898,927348.6419
2024-02-20 05:29:00,51816.0,51825.0,51810.5,51814.9,22.192,1149977.2487
2024-02-20 05:30:00,51814.9,51815.5,51778.7,51793.2,58.827,3046867.3511
2024-02-20 05:31:00,51793.2,51806.1,51770.9,51778.3,47.202,2444358.5612
2024-02-20 05:32:00,51778.3,51846.7,51778.2,51845.3,64.292,3330961.4612
2024-02-20 05:33:00,51845.3,51865.3,51839.9,51842.9,69.321,3594424.4796
2024-02-20 05:34:00,51842.9,51855.0,51835.0,51835.1,21.8,1130160.9974
2024-02-20 05:35:00,51835.1,51846.7,51812.1,51812.4,31.486,1631756.4426
2024-02-20 05:36:00,51812.4,51813.0,51808.7,51810.0,28.005,1450996.8194
2024-02-20 05:37:00,51810.0,51811.9,51806.0,51811.8,11.832,612994.4668
2024-02-20 05:38:00,51811.8,51831.5,51811.8,51831.5,48.663,2521671.3029
2024-02-20 05:39:00,51831.5,51839.8,51831.4,51838.0,40.437,2096024.8963
2024-02-20 05:40:00,51838.0,51844.8,51831.9,51844.8,61.806,3204078.3317
2024-02-20 05:41:00,51844.8,51862.7,51844.1,51844.1,62.283,3229558.7539
2024-02-20 05:42:00,51844.1,51851.5,51844.1,51844.8,29.45,1526887.753
2024-02-20 05:43:00,51844.8,51847.8,51841.0,51841.0,6.5,337001.6652
2024-02-20 05:44:00,51841.0,51842.6,51823.6,51842.6,12.718,659173.9763
2024-02-20 05:45:00,51842.6,51848.4,51789.3,51789.3,62.526,3239984.0978
2024-02-20 05:46:00,51789.3,51829.9,51770.1,51828.2,78.648,4072652.3114
2024-02-20 05:47:00,51828.2,51845.1,51828.2,51845.1,9.324,483313.1414
2024-02-20 05:48:00,51845.1,51845.1,51821.0,51830.9,21.928,1136617.9811
2024-02-20 05:49:00,51830.9,51840.7,51830.8,51830.8,10.694,554358.4462
2024-02-20 05:50:00,51830.8,51836.4,51800.8,51822.2,52.069,2698623.2919
2024-02-20 05:51:00,51822.2,51822.2,51791.6,51791.6,12.17,630486.3153
2024-02-20 05:52:00,51791.6,51793.3,51786.6,51786.6,13.872,718427.2641
2024-02-20 05:53:00,51786.6,51795.9,51773.8,51784.2,20.393,1056031.8573
2024-02-20 05:54:00,51784.2,51785.9,51756.7,51756.8,24.201,1252864.8173
2024-02-20 05:55:00,51756.8,51773.3,51755.0,51770.1,22.833,1181834.4376
2024-02-20 05:56:00,51770.1,51776.1,51756.6,51771.7,37.665,1950006.9355
2024-02-20 05:57:00,51771.7,51807.1,51763.1,51807.1,57.697,2987781.3171
2024-02-20 05:58:00,51807.1,51838.2,51807.1,51838.2,25.376,1314972.0593
2024-02-20 05:59:00,51838.2,51850.0,51834.0,51841.2,22.334,1157784.1656
2024-02-20 06:00:00,51841.2,51847.5,51831.5,51832.9,10.805,560127.9767
2024-02-20 06:01:00,51832.9,51836.8,51816.0,51816.0,13.103,679109.9522
2024-02-20 06:02:00,51816.0,51844.8,51803.1,51840.6,32.293,1673460.8056
2024-02-20 06:03:00,51840.6,51864.6,51837.5,51864.5,37.818,1960891.6049
2024-02-20 06:04:00,51864.5,51864.6,51835.6,51835.6,27.182,1409566.5897
2024-02-20 06:05:00,51835.6,51835.6,51769.2,51769.2,38.329,1985291.5181
2024-02-20 06:06:00,51769.2,51809.9,51750.0,51765.8,60.47,3130742.443
2024-02-20 06:07:00,51765.8,51777.3,51744.4,51750.0,66.504,3441957.3834
2024-02-20 06:08:00,51750.0,51767.1,51742.1,51767.1,56.861,2942609.4937
2024-02-20 06:09:00,51767.1,51771.5,51732.5,51736.3,81.928,4239452.1874
2024-02-20 06:10:00,51736.3,51748.0,51630.0,51676.4,809.905,41852749.2162
2024-02-20 06:11:00,51676.4,51693.5,51573.4,51647.0,549.641,28374331.0053
2024-02-20 06:12:00,51647.0,51658.0,51430.4,51556.9,1046.174,53915411.023
2024-02-20 06:13:00,51556.9,51571.0,51512.0,51548.6,302.931,15614048.3816
2024-02-20 06:14:00,51548.6,51600.0,51525.6,51595.8,312.57,16117429.3223
2024-02-20 06:15:00,51595.8,51680.0,51587.6,51679.9,349.604,18053325.8819
2024-02-20 06:16:00,51679.9,51739.0,51659.3,51732.6,170.897,8836577.517
2024-02-20 06:17:00,51732.6,51744.7,51724.4,51741.5,95.707,4951656.0477
2024-02-20 06:18:00,51741.5,51743.8,51724.3,51724.5,89.798,4645459.8857
2024-02-20 06:19:00,51724.5,51740.0,51720.2,51724.0,26.629,1377586.0892
2024-02-20 06:20:00,51724.0,51766.2,51724.0,51755.4,133.699,6919659.4324
2024-02-20 06:21:00,51755.4,51755.5,51688.5,51700.1,65.818,3403213.2727
2024-02-20 06:22:00,51700.1,51700.1,51677.4,51678.7,40.625,2099726.1118
2024-02-20 06:23:00,51678.7,51717.5,51658.5,51705.0,50.837,2627210.3032
2024-02-20 06:24:00,51705.0,51705.0,51660.6,51694.6,40.177,2076492.5862
2024-02-20 06:25:00,51694.6,51731.0,51680.0,51725.3,45.539,2355157.6357
2024-02-20 06:26:00,51725.3,51740.9,51706.3,51706.3,28.032,1450246.9393
2024-02-20 06:27:00,51706.3,51712.0,51676.4,51679.8,16.076,831112.1553
2024-02-20 06:28:00,51679.8,51679.9,51662.4,51666.0,37.858,1956008.1805
2024-02-20 06:29:00,51666.0,51681.3,51662.3,51663.5,15.95,824196.0166
2024-02-20 06:30:00,51663.5,51685.5,51658.5,51680.4,59.762,3087996.3918
2024-02-20 06:31:00,51680.4,51680.5,51609.2,51626.0,130.709,6748414.3212
2024-02-20 06:32:00,51626.0,51666.2,51626.0,51660.7,30.15,1557312.127
2024-02-20 06:33:00,51660.7,51676.2,51628.6,51676.1,104.926,5419230.0464
2024-02-20 06:34:00,51676.1,51716.3,51676.1,51716.3,54.841,2834977.1586
2024-02-20 06:35:00,51716.3,51735.0,51710.6,51732.0,41.291,2135561.3129
2024-02-20 06:36:00,51732.0,51734.9,51703.8,51710.0,30.509,1578292.8583
2024-02-20 06:37:00,51710.0,51723.7,51709.9,51723.7,12.82,663009.5063
2024-02-20 06:38:00,51723.7,51723.7,51705.8,51723.7,29.02,1500728.8993
2024-02-20 06:39:00,51723.7,51727.8,51686.0,51686.0,64.803,3351342.9402
2024-02-20 06:40:00,51686.0,51700.6,51661.6,51700.6,52.813,2729256.4246
2024-02-20 06:41:00,51700.6,51711.3,51684.6,51684.6,14.038,725771.6737
2024-02-20 06:42:00,51684.6,51713.2,51680.0,51708.0,25.335,1309906.0487
2024-02-20 06:43:00,51708.0,51712.4,51697.6,51697.7,10.191,526902.5625
2024-02-20 06:44:00,51697.7,51713.2,51697.6,51713.2,12.598,651413.821
2024-02-20 06:45:00,51713.2,51736.7,51655.2,51656.2,89.931,4649775.2723
2024-02-20 06:46:00,51656.2,51656.2,51630.8,51637.5,36.003,1859193.6961
2024-02-20 06:47:00,51637.5,51637.6,51618.0,51633.8,47.409,2447515.2168
2024-02-20 06:48:00,51633.8,51636.3,51604.3,51605.6,61.005,3148929.3404
2024-02-20 06:49:00,51605.6,51619.2,51583.3,51604.1,43.791,2259596.0011
2024-02-20 06:50:00,51604.1,51604.2,51552.0,51552.0,205.081,10577023.065
2024-02-20 06:51:00,51552.0,51565.5,51497.0,51508.5,420.095,21645137.6115
2024-02-20 06:52:00,51508.5,51508.5,51365.0,51415.0,1043.771,53685219.2193
2024-02-20 06:53:00,51415.0,51462.1,51395.8,51414.1,330.481,16995649.3938
2024-02-20 06:54:00,51414.1,51438.4,51325.0,51325.3,640.896,32925218.3764
2024-02-20 06:55:00,51325.3,51412.9,51324.9,51378.5,258.573,13280533.5654
2024-02-20 06:56:00,51378.5,51426.6,51378.4,51393.9,176.661,9081887.4544
2024-02-20 06:57:00,51393.9,51470.0,51378.6,51463.7,191.311,9841760.5376
2024-02-20 06:58:00,51463.7,51497.0,51462.8,51497.0,82.576,4250896.1877
2024-02-20 06:59:00,51497.0,51497.2,51468.0,51468.8,89.154,4589862.6496
2024-02-20 07:00:00,51468.8,51510.0,51464.9,51500.1,107.657,5543734.3159
2024-02-20 07:01:00,51500.1,51537.0,51496.0,51536.9,64.845,3340754.5141
2024-02-20 07:02:00,51536.9,51537.0,51482.2,51485.2,67.692,3486862.0343
2024-02-20 07:03:00,51485.2,51519.3,51459.1,51459.1,55.271,2846059.6817
2024-02-20 07:04:00,51459.1,51488.4,51440.0,51486.0,82.959,4269421.107
2024-02-20 07:05:00,51486.0,51512.1,51462.8,51462.8,51.448,2648645.2541
2024-02-20 07:06:00,51462.8,51495.1,51440.1,51451.0,51.285,2639466.8484
2024-02-20 07:07:00,51451.0,51483.5,51451.0,51462.8,36.112,1858542.5519
2024-02-20 07:08:00,51462.8,51493.9,51449.8,51468.5,117.312,6037878.9482
2024-02-20 07:09:00,51468.5,51475.1,51445.0,51471.7,26.483,1362732.8103
2024-02-20 07:10:00,51471.7,51523.0,51434.1,51519.1,25.436,1309109.9466
2024-02-20 07:11:00,51519.1,51576.4,51512.8,51556.8,164.853,8498640.8127
2024-02-20 07:12:00,51556.8,51564.7,51535.7,51543.2,32.879,1695058.6359
2024-02-20 07:13:00,51543.2,51566.5,51535.7,51566.4,10.614,547205.6187
2024-02-20 07:14:00,51566.4,51593.0,51559.7,51587.5,64.261,3314563.0325
2024-02-20 07:15:00,51587.5,51640.6,51587.4,51630.2,75.637,3903923.021
2024-02-20 07:16:00,51630.2,51650.0,51624.0,51644.9,106.202,5484076.8144
2024-02-20 07:17:00,51644.9,51644.9,51625.0,51634.9,68.831,3554080.0349
2024-02-20 07:18:00,51634.9,51635.0,51594.6,51604.6,64.22,3314646.0902
2024-02-20 07:19:00,51604.6,51622.3,51584.4,51622.3,23.338,1204172.218
2024-02-20 07:20:00,51622.3,51622.3,51600.0,51606.6,23.672,1221948.5038
2024-02-20 07:21:00,51606.6,51606.6,51589.4,51594.4,28.337,1461997.6616
2024-02-20 07:22:00,51594.4,51594.4,51570.0,51585.5,39.499,2037512.686
2024-02-20 07:23:00,51585.5,51600.0,51578.3,51600.0,113.824,5872123.0014
2024-02-20 07:24:00,51600.0,51640.8,51599.9,51625.4,60.667,3132078.145
2024-02-20 07:25:00,51625.4,51641.9,51625.3,51627.5,65.229,3367973.6583
2024-02-20 07:26:00,51627.5,51665.0,51627.4,51655.1,81.252,4196850.5444
2024-02-20 07:27:00,51655.1,51699.3,51628.2,51692.9,228.283,11792973.0409
2024-02-20 07:28:00,51692.9,51696.1,51673.0,51673.0,32.16,1662140.0679
2024-02-20 07:29:00,51673.0,51681.7,51653.7,51659.7,33.51,1731429.0962
2024-02-20 07:30:00,51659.7,51673.4,51651.4,51673.4,43.866,2266153.772
2024-02-20 07:31:00,51673.4,51688.4,51664.0,51688.4,72.566,3750166.0739
2024-02-20 07:32:00,51688.4,51718.8,51688.3,51702.0,81.065,4191076.475
2024-02-20 07:33:00,51702.0,51703.1,51686.8,51690.5,23.366,1207848.0367
2024-02-20 07:34:00,51690.5,51703.2,51690.4,51703.2,22.047,1139836.228
2024-02-20 07:35:00,51703.2,51703.2,51677.5,51684.3,36.814,1903097.465
2024-02-20 07:36:00,51684.3,51724.3,51684.3,51721.2,58.958,3048575.8338
2024-02-20 07:37:00,51721.2,51723.2,51703.1,51705.9,63.655,3292185.1127
2024-02-20 07:38:00,51705.9,51705.9,51688.5,51688.5,21.136,1092728.4009
2024-02-20 07:39:00,51688.5,51688.5,51652.9,51664.2,104.649,5407338.4274
2024-02-20 07:40:00,51664.2,51688.3,51632.4,51636.5,104.51,5399101.4453
2024-02-20 07:41:00,51636.5,51638.8,51614.5,51630.4,36.921,1906120.7837
2024-02-20 07:42:00,51630.4,51660.0,51630.4,51656.5,25.791,1332130.1139
2024-02-20 07:43:00,51656.5,51683.3,51656.4,51683.3,13.554,700266.3353
2024-02-20 07:44:00,51683.3,51683.3,51670.0,51673.9,16.653,860589.372
2024-02-20 07:45:00,51673.9,51694.4,51656.4,51694.3,33.881,1750526.9306
2024-02-20 07:46:00,51694.3,51707.6,51674.0,51678.9,25.868,1337215.4191
2024-02-20 07:47:00,51678.9,51691.7,51674.9,51686.5,17.797,919757.0044
2024-02-20 07:48:00,51686.5,51710.0,51686.4,51709.9,24.621,1272749.5439
2024-02-20 07:49:00,51709.9,51714.9,51700.0,51714.9,53.709,2777439.2953
2024-02-20 07:50:00,51714.9,51720.0,51684.3,51687.9,50.67,2619895.6316
2024-02-20 07:51:00,51687.9,51688.0,51671.3,51683.9,52.969,2737364.057
2024-02-20 07:52:00,51683.9,51683.9,51671.0,51679.2,5.882,303964.5886
2024-02-20 07:53:00,51679.2,51679.3,51662.2,51667.8,16.392,847038.4593
2024-02-20 07:54:00,51667.8,51667.9,51637.4,51646.5,24.397,1260121.2172
2024-02-20 07:55:00,51646.5,51683.1,51638.8,51683.1,25.418,1312818.7486
2024-02-20 07:56:00,51683.1,51683.1,51671.2,51679.5,17.262,892101.6992
2024-02-20 07:57:00,51679.5,51683.9,51674.1,51674.2,18.035,932069.1917
2024-02-20 07:58:00,51674.2,51681.4,51670.3,51681.4,4.984,257548.3713
2024-02-20 07:59:00,51681.4,51681.4,51658.9,51667.8,15.477,799681.1705
2024-02-20 08:00:00,51667.8,51681.4,51658.2,51658.3,19.634,1014475.8605
2024-02-20 08:01:00,51658.3,51667.0,51633.8,51640.3,11.391,588402.049
2024-02-20 08:02:00,51640.3,51643.3,51623.0,51637.2,18.38,949006.4162
2024-02-20 08:03:00,51637.2,51654.5,51630.6,51654.4,10.132,523189.7779
2024-02-20 08:04:00,51654.4,51676.5,51654.4,51676.5,28.456,1470130.6543
2024-02-20 08:05:00,51676.5,51689.7,51672.0,51675.8,48.409,2501589.8481
2024-02-20 08:06:00,51675.8,51675.8,51640.6,51640.6,33.349,1723149.1131
2024-02-20 08:07:00,51640.6,51655.2,51631.1,51650.0,16.336,843623.1238
2024-02-20 08:08:00,51650.0,51650.0,51630.0,51633.5,17.207,888546.9494
2024-02-20 08:09:00,51633.5,51649.4,51633.5,51643.3,6.428,331985.337
2024-02-20 08:10:00,51643.3,51643.3,51602.0,51602.1,21.059,1087179.0195
2024-02-20 08:11:00,51602.1,51611.9,51591.3,51604.1,90.723,4681403.5761
2024-02-20 08:12:00,51604.1,51610.9,51604.1,51604.2,10.493,541518.1895
2024-02-20 08:13:00,51604.2,51613.7,51604.1,51613.7,9.806,506085.5201
2024-02-20 08:14:00,51613.7,51621.6,51613.6,51621.6,10.967,566055.3043
2024-02-20 08:15:00,51621.6,51621.6,51605.0,51620.7,35.085,1810915.8265
2024-02-20 08:16:00,51620.7,51620.7,51593.2,51593.2,32.98,1701914.6363
2024-02-20 08:17:00,51593.2,51600.4,51583.3,51600.4,20.616,1063606.0899
2024-02-20 08:18:00,51600.4,51604.6,51577.8,51580.9,42.131,2173456.6533
2024-02-20 08:19:00,51580.9,51596.8,51577.8,51590.1,38.555,1988895.6319
2024-02-20 08:20:00,51590.1,51604.0,51585.5,51585.6,8.938,461169.5004
2024-02-20 08:21:00,51585.6,51619.4,51585.5,51619.4,17.352,895513.4575
2024-02-20 08:22:00,51619.4,51689.4,51619.3,51679.5,49.111,2537231.2813
2024-02-20 08:23:00,51679.5,51694.2,51679.4,51689.2,32.716,1691004.043
2024-02-20 08:24:00,51689.2,51701.2,51689.2,51701.2,71.114,3676540.1586
2024-02-20 08:25:00,51701.2,51760.0,51701.1,51760.0,121.788,6301015.1446
2024-02-20 08:26:00,51760.0,51791.8,51759.9,51779.8,151.78,7858670.3352
2024-02-20 08:27:00,51779.8,51779.8,51748.5,51748.6,32.869,1701391.3589
2024-02-20 08:28:00,51748.6,51750.1,51719.1,51736.4,73.705,3812953.4215
2024-02-20 08:29:00,51736.4,51757.3,51724.2,51745.5,97.931,5067359.7766
2024-02-20 08:30:00,51745.5,51765.9,51742.0,51765.9,26.803,1387194.8202
2024-02-20 08:31:00,51765.9,51830.8,51758.0,51800.1,266.109,13785794.125
2024-02-20 08:32:00,51800.1,51800.1,51772.7,51779.0,27.706,1434854.8753
2024-02-20 08:33:00,51779.0,51779.1,51761.1,51761.1,17.82,922504.625
2024-02-20 08:34:00,51761.1,51761.2,51739.1,51747.4,32.695,1691964.9738
2024-02-20 08:35:00,51747.4,51747.4,51726.9,51727.1,15.294,791253.4283
2024-02-20 08:36:00,51727.1,51738.7,51714.6,51717.5,83.045,4295503.9305
2024-02-20 08:37:00,51717.5,51730.0,51717.5,51721.8,9.715,502485.1224
2024-02-20 08:38:00,51721.8,51721.8,51719.9,51719.9,20.617,1066344.5599
2024-02-20 08:39:00,51719.9,51731.2,51717.6,51729.4,20.987,1085459.842
2024-02-20 08:40:00,51729.4,51729.4,51715.8,51715.8,13.589,702868.3914
2024-02-20 08:41:00,51715.8,51715.9,51700.0,51700.1,26.313,1360594.8525
2024-02-20 08:42:00,51700.1,51707.4,51688.7,51689.8,20.445,1056954.8122
2024-02-20 08:43:00,51689.8,51689.8,51666.6,51670.6,26.806,1385316.9761
2024-02-20 08:44:00,51670.6,51683.7,51670.5,51683.7,16.769,866525.9951
2024-02-20 08:45:00,51683.7,51712.5,51683.7,51712.5,22.751,1176199.5654
2024-02-20 08:46:00,51712.5,51713.7,51691.0,51692.0,16.354,845559.7768
2024-02-20 08:47:00,51692.0,51692.0,51678.2,51682.6,21.346,1103217.5842
2024-02-20 08:48:00,51682.6,51682.6,51666.6,51667.4,9.302,480632.981
2024-02-20 08:49:00,51667.4,51670.7,51656.0,51656.1,8.932,461455.0288
2024-02-20 08:50:00,51656.1,51671.1,51650.0,51656.6,20.992,1084329.7667
2024-02-20 08:51:00,51656.6,51656.7,51627.9,51630.1,41.304,2133042.1786
2024-02-20 08:52:00,51630.1,51653.0,51624.0,51653.0,46.439,2398090.2683
2024-02-20 08:53:00,51653.0,51653.0,51634.8,51652.3,8.484,438161.4282
2024-02-20 08:54:00,51652.3,51690.0,51650.0,51690.0,29.439,1520961.2286
2024-02-20 08:55:00,51690.0,51690.0,51684.0,51689.1,6.615,341922.1345
2024-02-20 08:56:00,51689.1,51689.1,51674.0,51674.1,9.932,513319.9606
2024-02-20 08:57:00,51674.1,51681.8,51661.6,51681.8,10.395,537119.7754
2024-02-20 08:58:00,51681.8,51697.5,51681.8,51697.5,5.955,307812.99
2024-02-20 08:59:00,51697.5,51697.5,51689.1,51693.8,16.707,863678.3133
2024-02-20 09:00:00,51693.8,51715.2,51693.8,51715.2,21.659,1119883.7555
2024-02-20 09:01:00,51715.2,51715.2,51698.0,51700.0,8.246,426401.0551
2024-02-20 09:02:00,51700.0,51700.1,51692.9,51693.6,15.17,784197.8465
2024-02-20 09:03:00,51693.6,51707.2,51686.5,51707.0,15.24,787895.295
2024-02-20 09:04:00,51707.0,51707.0,51690.6,51692.6,12.426,642394.8415
2024-02-20 09:05:00,51692.6,51728.6,51678.9,51728.6,21.291,1100713.6187
2024-02-20 09:06:00,51728.6,51735.2,51710.6,51710.6,23.659,1223863.3588
2024-02-20 09:07:00,51710.6,51720.7,51691.1,51720.7,6.836,353430.4295
2024-02-20 09:08:00,51720.7,51746.9,51720.7,51742.4,12.958,670435.8071
2024-02-20 09:09:00,51742.4,51760.0,51728.0,51728.0,32.303,1671523.3407
2024-02-20 09:10:00,51728.0,51728.1,51703.0,51703.0,12.724,657974.3183
2024-02-20 09:11:00,51703.0,51703.0,51686.4,51694.0,10.103,522246.6506
2024-02-20 09:12:00,51694.0,51706.8,51694.0,51700.1,6.513,336738.3214
2024-02-20 09:13:00,51700.1,51700.1,51674.6,51674.6,11.283,583148.3315
2024-02-20 09:14:00,51674.6,51674.7,51667.0,51667.0,16.126,833246.5902
2024-02-20 09:15:00,51667.0,51680.1,51666.6,51669.2,28.154,1454794.6843
2024-02-20 09:16:00,51669.2,51685.7,51664.0,51685.7,21.366,1104028.312
2024-02-20 09:17:00,51685.7,51710.0,51685.6,51710.0,33.836,1749187.4601
2024-02-20 09:18:00,51710.0,51725.7,51710.0,51711.1,23.774,1229625.4675
2024-02-20 09:19:00,51711.1,51711.1,51665.0,51665.0,8.908,460407.6187
2024-02-20 09:20:00,51665.0,51668.6,51655.8,51658.2,19.923,1029279.8109
2024-02-20 09:21:00,51658.2,51683.9,51658.2,51683.8,10.113,522545.2684
2024-02-20 09:22:00,51683.8,51683.9,51658.6,51662.1,14.411,744656.7042
2024-02-20 09:23:00,51662.1,51675.3,51658.2,51675.3,10.625,549017.6701
2024-02-20 09:24:00,51675.3,51677.6,51644.2,51655.9,25.665,1325652.1639
2024-02-20 09:25:00,51655.9,51656.0,51643.2,51649.2,22.238,1148587.7545
2024-02-20 09:26:00,51649.2,51650.2,51616.7,51626.0,50.181,2590811.454
2024-02-20 09:27:00,51626.0,51631.9,51612.0,51612.0,56.009,2891246.8786
2024-02-20 09:28:00,51612.0,51612.1,51605.0,51612.0,27.424,1415287.4288
2024-02-20 09:29:00,51612.0,51622.2,51602.4,51610.1,47.169,2434515.8583
2024-02-20 09:30:00,51610.1,51623.1,51605.0,51614.5,60.144,3104142.1919
2024-02-20 09:31:00,51614.5,51641.3,51600.1,51610.5,40.288,2079751.3978
2024-02-20 09:32:00,51610.5,51610.6,51564.0,51564.2,119.666,6172038.339
2024-02-20 09:33:00,51564.2,51590.4,51540.4,51579.7,117.595,6062940.3358
2024-02-20 09:34:00,51579.7,51599.5,51566.8,51568.0,28.334,1461362.8679
2024-02-20 09:35:00,51568.0,51572.4,51538.8,51572.3,34.027,1754231.4711
2024-02-20 09:36:00,51572.3,51614.1,51572.3,51607.0,50.331,2597121.9641
2024-02-20 09:37:00,51607.0,51646.2,51606.9,51646.2,46.962,2424525.4363
2024-02-20 09:38:00,51646.2,51663.6,51646.2,51661.0,57.253,2957408.0396
2024-02-20 09:39:00,51661.0,51674.9,51657.6,51674.9,82.753,4275152.8366
2024-02-20 09:40:00,51674.9,51696.5,51674.9,51696.5,51.699,2672343.3205
2024-02-20 09:41:00,51696.5,51728.8,51687.6,51719.8,48.262,2495958.8771
2024-02-20 09:42:00,51719.8,51753.9,51715.0,51730.8,83.165,4302662.8549
2024-02-20 09:43:00,51730.8,51740.0,51708.7,51708.7,33.855,1751168.6594
2024-02-20 09:44:00,51708.7,51718.9,51708.7,51718.9,29.612,1531389.2102
2024-02-20 09:45:00,51718.9,51746.4,51715.6,51746.4,45.248,2340700.9301
2024-02-20 09:46:00,51746.4,51747.6,51731.5,51733.7,33.738,1745715.7048
2024-02-20 09:47:00,51733.7,51754.0,51733.6,51734.9,34.195,1769330.6692
2024-02-20 09:48:00,51734.9,51734.9,51708.4,51728.7,16.701,863781.0861
2024-02-20 09:49:00,51728.7,51728.8,51700.1,51700.9,12.659,654642.9388
2024-02-20 09:50:00,51700.9,51709.9,51700.0,51700.0,6.728,347854.9156
2024-02-20 09:51:00,51700.0,51734.0,51691.0,51734.0,28.489,1473165.8824
2024-02-20 09:52:00,51734.0,51759.2,51733.9,51746.2,41.389,2141942.4097
2024-02-20 09:53:00,51746.2,51812.8,51719.9,51775.8,658.107,34070995.5682
2024-02-20 09:54:00,51775.8,51799.2,51760.4,51760.4,97.782,5062243.4544
2024-02-20 09:55:00,51760.4,51777.3,51746.3,51759.5,24.491,1267714.3779
2024-02-20 09:56:00,51759.5,51782.0,51748.0,51782.0,21.381,1106839.4551
2024-02-20 09:57:00,51782.0,51784.5,51780.0,51784.2,17.082,884566.9678
2024-02-20 09:58:00,51784.2,51788.4,51764.0,51765.9,32.709,1693477.1066
2024-02-20 09:59:00,51765.9,51768.9,51755.8,51768.9,13.778,713236.9386
2024-02-20 10:00:00,51768.9,51784.0,51754.0,51767.0,16.453,851803.165
2024-02-20 10:01:00,51767.0,51794.4,51767.0,51794.3,15.465,800899.8261
2024-02-20 10:02:00,51794.3,51813.5,51787.4,51787.4,55.511,2875719.8908
2024-02-20 10:03:00,51787.4,51811.8,51784.8,51811.7,7.469,386867.7494
2024-02-20 10:04:00,51811.7,51821.3,51811.7,51816.6,22.624,1172362.0294
2024-02-20 10:05:00,51816.6,51822.9,51802.8,51818.0,114.902,5953455.5214
2024-02-20 10:06:00,51818.0,51833.0,51805.8,51815.0,75.821,3929189.7208
2024-02-20 10:07:00,51815.0,51832.0,51815.0,51830.0,33.479,1735159.944
2024-02-20 10:08:00,51830.0,51842.0,51807.1,51807.1,36.303,1881658.1952
2024-02-20 10:09:00,51807.1,51822.1,51804.7,51804.7,24.297,1258927.451
2024-02-20 10:10:00,51804.7,51822.6,51804.4,51822.6,24.237,1255770.6496
2024-02-20 10:11:00,51822.6,51844.0,51822.6,51843.9,14.854,769962.4197
2024-02-20 10:12:00,51843.9,51854.9,51840.0,51854.8,51.735,2682432.3902
2024-02-20 10:13:00,51854.8,51860.4,51847.1,51850.2,52.232,2708445.8228
2024-02-20 10:14:00,51850.2,51854.0,51849.8,51851.4,21.36,1107540.6029
2024-02-20 10:15:00,51851.4,51855.0,51827.0,51850.1,35.26,1827859.8808
2024-02-20 10:16:00,51850.1,51852.8,51827.9,51831.9,14.494,751300.7127
2024-02-20 10:17:00,51831.9,51844.8,51816.5,51831.7,31.501,1632634.2364
2024-02-20 10:18:00,51831.7,51855.8,51831.6,51855.6,30.373,1574572.5253
2024-02-20 10:19:00,51855.6,51856.3,51855.0,51855.0,13.72,711456.3984
2024-02-20 10:20:00,51855.0,51855.0,51819.2,51831.0,129.726,6724787.094
2024-02-20 10:21:00,51831.0,51831.0,51819.2,51824.1,14.02,726576.6564
2024-02-20 10:22:00,51824.1,51831.4,51800.0,51824.1,29.564,1531953.9569
2024-02-20 10:23:00,51824.1,51824.1,51824.0,51824.0,1.532,79394.4275
2024-02-20 10:24:00,51824.0,51838.6,51824.0,51838.6,13.288,688765.9994
2024-02-20 10:25:00,51838.6,51849.9,51830.6,51840.0,32.511,1685388.1251
2024-02-20 10:26:00,51840.0,51846.8,51829.6,51829.6,11.72,607551.8274
2024-02-20 10:27:00,51829.6,51843.0,51820.0,51820.0,7.889,408932.1858
2024-02-20 10:28:00,51820.0,51847.8,51817.0,51847.8,12.817,664333.2197
2024-02-20 10:29:00,51847.8,51847.8,51822.8,51822.8,8.494,440280.1673
2024-02-20 10:30:00,51822.8,51823.6,51805.8,51820.0,19.305,1000326.3026
2024-02-20 10:31:00,51820.0,51828.1,51817.4,51828.1,12.737,660084.1653
2024-02-20 10:32:00,51828.1,51843.8,51818.2,51833.4,66.854,3465323.4137
2024-02-20 10:33:00,51833.4,51833.5,51814.4,51820.8,17.331,898072.3206
2024-02-20 10:34:00,51820.8,51821.1,51814.5,51816.0,17.43,903234.0188
2024-02-20 10:35:00,51816.0,51816.0,51798.0,51798.0,37.601,1948084.6938
2024-02-20 10:36:00,51798.0,51806.1,51798.0,51806.0,12.119,627802.0381
2024-02-20 10:37:00,51806.0,51830.0,51806.0,51830.0,37.178,1926488.7493
2024-02-20 10:38:00,51830.0,51848.5,51830.0,51844.1,17.502,907368.4349
2024-02-20 10:39:00,51844.1,51855.5,51839.6,51844.9,84.663,4389629.9175
2024-02-20 10:40:00,51844.9,51859.8,51844.8,51859.8,17.057,884484.1222
2024-02-20 10:41:00,51859.8,51859.8,51812.7,51812.7,12.843,665796.0712
2024-02-20 10:42:00,51812.7,51843.9,51812.6,51843.9,20.399,1057250.706
2024-02-20 10:43:00,51843.9,51859.9,51843.9,51845.0,26.65,1381720.9593
2024-02-20 10:44:00,51845.0,51845.1,51845.0,51845.0,4.057,210335.3169
2024-02-20 10:45:00,51845.0,51854.7,51830.1,51854.7,35.529,1841945.0426
2024-02-20 10:46:00,51854.7,51854.7,51840.0,51845.0,4.442,230311.8453
2024-02-20 10:47:00,51845.0,51846.1,51840.0,51840.1,4.217,218627.5126
2024-02-20 10:48:00,51840.1,51854.1,51840.0,51847.0,17.14,888605.4126
2024-02-20 10:49:00,51847.0,51847.3,51835.2,51835.2,14.831,768852.739
2024-02-20 10:50:00,51835.2,51848.3,51835.2,51848.2,14.415,747367.3893
2024-02-20 10:51:00,51848.2,51850.0,51848.2,51850.0,11.848,614307.801
2024-02-20 10:52:00,51850.0,51856.7,51849.2,51849.3,7.78,403421.3272
2024-02-20 10:53:00,51849.3,51864.0,51849.2,51862.5,24.136,1251693.2535
2024-02-20 10:54:00,51862.5,51869.6,51862.5,51868.8,31.075,1611736.0528
2024-02-20 10:55:00,51868.8,51868.8,51840.0,51840.0,27.629,1432772.126
2024-02-20 10:56:00,51840.0,51840.0,51800.0,51800.1,38.429,1990790.5094
2024-02-20 10:57:00,51800.1,51812.0,51791.3,51812.0,36.355,1883266.8324
2024-02-20 10:58:00,51812.0,52025.8,51812.0,51962.5,1274.793,66232022.9862
2024-02-20 10:59:00,51962.5,52011.6,51949.3,51954.9,155.438,8079832.056
2024-02-20 11:00:00,51954.9,51984.2,51952.1,51984.2,119.488,6209856.4858
2024-02-20 11:01:00,51984.2,51987.2,51956.0,51957.5,80.134,4164761.2947
2024-02-20 11:02:00,51957.5,51965.4,51941.1,51950.1,53.406,2774628.508
2024-02-20 11:03:00,51950.1,51950.2,51941.1,51941.1,27.731,1440538.2134
2024-02-20 11:04:00,51941.1,52004.9,51941.1,51994.0,180.565,9384268.6136
2024-02-20 11:05:00,51994.0,52029.7,51989.9,52022.0,66.444,3455853.7438
2024-02-20 11:06:00,52022.0,52025.0,52005.4,52023.0,100.697,5238121.0274
2024-02-20 11:07:00,52023.0,52025.0,51987.4,51987.6,88.996,4628188.6311
2024-02-20 11:08:00,51987.6,52026.3,51986.0,52022.3,41.085,2136750.156
2024-02-20 11:09:00,52022.3,52022.4,51990.4,51998.1,78.378,4075849.4877
2024-02-20 11:10:00,51998.1,52005.1,51989.0,52005.1,35.02,1820889.7106
2024-02-20 11:11:00,52005.1,52020.0,52005.1,52011.7,27.564,1433707.3047
2024-02-20 11:12:00,52011.7,52026.0,51993.0,51998.5,92.306,4800416.7497
2024-02-20 11:13:00,51998.5,52000.0,51988.0,51988.0,28.657,1489986.1497
2024-02-20 11:14:00,51988.0,52000.7,51988.0,51996.0,39.72,2065141.763
2024-02-20 11:15:00,51996.0,52009.7,51984.0,52005.0,46.878,2437506.2183
2024-02-20 11:16:00,52005.0,52005.0,51990.0,51990.1,8.943,464983.6251
2024-02-20 11:17:00,51990.1,52005.1,51973.7,51973.7,31.227,1623493.9299
2024-02-20 11:18:00,51973.7,51973.8,51944.0,51946.1,32.789,1703559.359
2024-02-20 11:19:00,51946.1,51957.4,51933.3,51947.1,23.504,1220905.8905
2024-02-20 11:20:00,51947.1,51986.7,51936.5,51970.1,98.871,5137911.2883
2024-02-20 11:21:00,51970.1,51970.1,51946.5,51952.2,19.852,1031386.5527
2024-02-20 11:22:00,51952.2,51952.2,51943.5,51945.1,9.46,491420.5337
2024-02-20 11:23:00,51945.1,51953.7,51942.0,51949.8,31.033,1612070.4318
2024-02-20 11:24:00,51949.8,51971.0,51948.5,51951.0,25.48,1323861.0451
2024-02-20 11:25:00,51951.0,51951.0,51939.3,51942.3,22.419,1164524.8912
2024-02-20 11:26:00,51942.3,51947.4,51942.3,51945.6,6.307,327627.051
2024-02-20 11:27:00,51945.6,51949.3,51937.6,51949.3,26.514,1377217.7006
2024-02-20 11:28:00,51949.3,51949.3,51942.1,51944.9,5.261,273290.7579
2024-02-20 11:29:00,51944.9,51951.2,51944.9,51951.1,19.343,1004847.0868
2024-02-20 11:30:00,51951.1,51951.2,51946.1,51949.9,44.953,2335332.9426
2024-02-20 11:31:00,51949.9,51950.0,51949.9,51950.0,2.693,139901.2543
2024-02-20 11:32:00,51950.0,51950.1,51946.7,51946.8,15.202,789734.4206
2024-02-20 11:33:00,51946.8,51951.2,51935.1,51947.0,60.872,3162074.8161
2024-02-20 11:34:00,51947.0,51979.7,51947.0,51971.8,43.303,2250142.0485
2024-02-20 11:35:00,51971.8,51975.1,51954.4,51975.0,32.361,1681677.7741
2024-02-20 11:36:00,51975.0,51982.9,51964.2,51971.1,18.272,949659.4451
2024-02-20 11:37:00,51971.1,51983.0,51971.1,51983.0,31.816,1653734.7854
2024-02-20 11:38:00,51983.0,51995.3,51982.9,51986.0,19.82,1030387.8553
2024-02-20 11:39:00,51986.0,51995.3,51982.9,51983.0,36.418,1893310.6509
2024-02-20 11:40:00,51983.0,52006.0,51982.9,52005.9,90.505,4705906.2235
2024-02-20 11:41:00,52005.9,52050.0,52005.9,52046.0,226.732,11796948.1728
2024-02-20 11:42:00,52046.0,52064.1,52046.0,52056.2,100.487,5230745.3669
2024-02-20 11:43:00,52056.2,52075.2,52051.8,52071.2,68.781,3581250.4512
2024-02-20 11:44:00,52071.2,52071.3,52061.2,52062.1,54.25,2824552.3519
2024-02-20 11:45:00,52062.1,52062.1,52050.0,52058.1,30.749,1600611.9345
2024-02-20 11:46:00,52058.1,52074.3,52058.0,52064.7,35.541,1850607.9502
2024-02-20 11:47:00,52064.7,52064.7,52050.2,52060.4,21.537,1121192.5845
2024-02-20 11:48:00,52060.4,52061.9,52052.1,52061.9,45.671,2377569.1492
2024-02-20 11:49:00,52061.9,52061.9,52054.0,52054.0,11.033,574371.2949
2024-02-20 11:50:00,52054.0,52061.9,52030.9,52030.9,67.411,3508760.9972
2024-02-20 11:51:00,52030.9,52034.8,52026.1,52029.6,27.453,1428381.8155
2024-02-20 11:52:00,52029.6,52029.6,52022.0,52022.1,13.267,690249.7494
2024-02-20 11:53:00,52022.1,52031.6,52022.1,52030.0,12.627,656947.4924
2024-02-20 11:54:00,52030.0,52030.0,52006.0,52006.1,34.994,1820095.2744
2024-02-20 11:55:00,52006.1,52006.1,51979.1,51987.0,153.532,7982725.2009
2024-02-20 11:56:00,51987.0,52000.0,51963.7,51982.1,79.417,4127767.714
2024-02-20 11:57:00,51982.1,52008.3,51966.5,51966.5,48.439,2518575.0481
2024-02-20 11:58:00,51966.5,51984.0,51965.2,51983.9,19.709,1024342.7484
2024-02-20 11:59:00,51983.9,51984.0,51983.9,51983.9,9.681,503256.3932
2024-02-20 12:00:00,51983.9,51984.0,51956.0,51977.0,29.874,1552432.9083
2024-02-20 12:01:00,51977.0,51977.0,51962.0,51969.6,17.35,901607.6766
2024-02-20 12:02:00,51969.6,52000.0,51969.6,51994.1,41.181,2140921.1911
2024-02-20 12:03:00,51994.1,52056.1,51993.3,52028.0,185.521,9652597.9908
2024-02-20 12:04:00,52028.0,52035.9,52018.4,52020.9,55.386,2881524.6537
2024-02-20 12:05:00,52020.9,52020.9,51999.3,52010.1,24.602,1279552.0008
2024-02-20 12:06:00,52010.1,52020.3,52005.4,52020.3,11.664,606685.3084
2024-02-20 12:07:00,52020.3,52050.0,52020.3,52049.8,49.306,2565945.6863
2024-02-20 12:08:00,52049.8,52105.1,52049.7,52065.7,292.281,15223233.7638
2024-02-20 12:09:00,52065.7,52091.6,52056.0,52056.1,73.691,3837480.9941
2024-02-20 12:10:00,52056.1,52056.1,52035.6,52035.6,13.776,716970.198
2024-02-20 12:11:00,52035.6,52050.0,52025.3,52047.9,62.234,3238427.8544
2024-02-20 12:12:00,52047.9,52047.9,52022.8,52022.9,33.414,1738475.4751
2024-02-20 12:13:00,52022.9,52031.0,52013.5,52023.5,37.009,1925100.037
2024-02-20 12:14:00,52023.5,52031.2,52014.0,52014.0,11.68,607674.781
2024-02-20 12:15:00,52014.0,52033.1,52014.0,52027.1,14.452,751858.709
2024-02-20 12:16:00,52027.1,52031.8,52016.0,52016.0,22.969,1194937.9059
2024-02-20 12:17:00,52016.0,52030.1,52000.0,52002.9,58.575,3046659.8273
2024-02-20 12:18:00,52002.9,52004.0,52000.0,52002.7,14.545,756387.6346
2024-02-20 12:19:00,52002.7,52012.0,52002.7,52011.9,8.179,425376.5571
2024-02-20 12:20:00,52011.9,52012.0,51995.7,51995.8,17.721,921577.3672
2024-02-20 12:21:00,51995.8,52004.0,51988.7,52000.5,29.588,1538416.5557
2024-02-20 12:22:00,52000.5,52038.1,51987.2,51999.9,32.613,1696243.4223
2024-02-20 12:23:00,51999.9,52016.3,51996.2,52011.7,14.579,758159.33
2024-02-20 12:24:00,52011.7,52017.1,52000.0,52000.1,19.064,991571.7313
2024-02-20 12:25:00,52000.1,52000.1,51978.0,51978.1,41.832,2174652.9382
2024-02-20 12:26:00,51978.1,51979.7,51977.0,51977.1,15.081,783883.2403
2024-02-20 12:27:00,51977.1,51997.4,51977.0,51997.3,10.482,544900.1973
2024-02-20 12:28:00,51997.3,51997.3,51979.6,51995.0,25.433,1322236.1878
2024-02-20 12:29:00,51995.0,51995.1,51974.7,51995.0,63.568,3304346.518
2024-02-20 12:30:00,51995.0,51995.1,51974.3,51980.0,92.653,4816556.0664
2024-02-20 12:31:00,51980.0,51980.1,51961.5,51974.8,32.728,1700868.6759
2024-02-20 12:32:00,51974.8,51995.0,51972.9,51995.0,34.309,1783746.3378
2024-02-20 12:33:00,51995.0,51995.0,51988.0,51993.4,14.539,755939.983
2024-02-20 12:34:00,51993.4,51993.5,51993.4,51993.5,5.89,306241.3903
2024-02-20 12:35:00,51993.5,51993.5,51981.9,51981.9,19.801,1029451.75
2024-02-20 12:36:00,51981.9,51991.8,51975.1,51991.7,26.266,1365290.4251
2024-02-20 12:37:00,51991.7,51991.8,51980.7,51980.7,8.286,430776.8249
2024-02-20 12:38:00,51980.7,51980.8,51942.8,51955.7,147.417,7659192.1995
2024-02-20 12:39:00,51955.7,51986.6,51955.6,51984.0,54.733,2844836.3387
2024-02-20 12:40:00,51984.0,51993.4,51983.9,51986.8,14.829,770959.4469
2024-02-20 12:41:00,51986.8,51990.4,51986.7,51990.3,6.057,314894.5838
2024-02-20 12:42:00,51990.3,51994.2,51990.3,51994.2,7.475,388651.3331
2024-02-20 12:43:00,51994.2,51994.2,51986.9,51987.9,6.664,346466.7614
2024-02-20 12:44:00,51987.9,51988.0,51987.9,51987.9,3.421,177850.7354
2024-02-20 12:45:00,51987.9,51995.0,51987.9,51990.8,31.405,1632844.1631
2024-02-20 12:46:00,51990.8,51992.4,51990.7,51992.4,5.752,299053.8607
2024-02-20 12:47:00,51992.4,51993.9,51960.0,51984.0,34.303,1783054.3118
2024-02-20 12:48:00,51984.0,51990.1,51968.8,51978.0,14.375,747183.0598
2024-02-20 12:49:00,51978.0,51993.9,51978.0,51993.8,6.343,329755.3343
2024-02-20 12:50:00,51993.8,51993.9,51970.1,51970.2,14.429,750145.4022
2024-02-20 12:51:00,51970.2,51970.2,51960.0,51960.0,10.944,568702.5692
2024-02-20 12:52:00,51960.0,51972.0,51942.2,51965.8,54.823,2848118.5522
2024-02-20 12:53:00,51965.8,51976.0,51961.7,51974.5,32.267,1677024.5406
2024-02-20 12:54:00,51974.5,51995.0,51967.3,51993.4,83.001,4315331.8799
2024-02-20 12:55:00,51993.4,51993.4,51971.1,51989.2,42.69,2219257.4625
2024-02-20 12:56:00,51989.2,52011.4,51985.0,52000.5,68.282,3550387.8091
2024-02-20 12:57:00,52000.5,52014.5,52000.4,52007.5,16.019,833081.874
2024-02-20 12:58:00,52007.5,52018.6,52000.2,52018.5,19.347,1006277.6228
2024-02-20 12:59:00,52018.5,52018.6,52000.8,52000.9,16.673,867142.5304
2024-02-20 13:00:00,52000.9,52011.3,51995.7,52011.3,9.865,512983.7627
2024-02-20 13:01:00,52011.3,52011.3,51979.5,51993.9,19.312,1004196.4319
2024-02-20 13:02:00,51993.9,52006.1,51970.1,51972.7,36.617,1903700.9347
2024-02-20 13:03:00,51972.7,51984.0,51970.0,51970.1,15.908,826867.4427
2024-02-20 13:04:00,51970.1,51980.5,51970.0,51980.1,16.235,843853.4975
2024-02-20 13:05:00,51980.1,51985.0,51961.8,51961.8,15.939,828506.1935
2024-02-20 13:06:00,51961.8,51961.9,51900.0,51914.9,171.965,8929295.9074
2024-02-20 13:07:00,51914.9,51924.1,51900.0,51918.9,87.663,4550699.0215
2024-02-20 13:08:00,51918.9,51920.4,51900.1,51905.9,43.932,2280513.5787
2024-02-20 13:09:00,51905.9,51915.1,51865.3,51888.9,199.105,10331309.7277
2024-02-20 13:10:00,51888.9,51902.7,51867.9,51873.8,57.969,3007529.3972
2024-02-20 13:11:00,51873.8,51900.0,51865.3,51889.6,39.675,2058361.2372
2024-02-20 13:12:00,51889.6,51889.7,51881.5,51889.1,29.335,1522094.0255
2024-02-20 13:13:00,51889.1,51933.7,51859.6,51933.7,141.626,7347824.6242
2024-02-20 13:14:00,51933.7,51940.0,51929.4,51940.0,37.992,1973026.0984
2024-02-20 13:15:00,51940.0,51940.0,51927.5,51933.0,55.367,2875437.7915
2024-02-20 13:16:00,51933.0,51949.2,51926.6,51943.8,39.746,2064446.3279
2024-02-20 13:17:00,51943.8,51949.0,51915.4,51922.1,40.107,2082798.6124
2024-02-20 13:18:00,51922.1,51930.0,51876.1,51895.0,31.175,1618057.1772
2024-02-20 13:19:00,51895.0,51895.1,51869.9,51870.0,37.24,1931980.3197
2024-02-20 13:20:00,51870.0,51898.3,51860.7,51869.9,115.503,5991594.406
2024-02-20 13:21:00,51869.9,51870.0,51859.0,51865.5,39.208,2033546.3494
2024-02-20 13:22:00,51865.5,51886.4,51823.7,51866.6,186.283,9659442.2868
2024-02-20 13:23:00,51866.6,51894.0,51866.6,51894.0,16.267,844043.4966
2024-02-20 13:24:00,51894.0,51909.0,51893.9,51898.9,49.108,2548572.0205
2024-02-20 13:25:00,51898.9,51911.4,51898.9,51911.4,9.921,514968.3234
2024-02-20 13:26:00,51911.4,51915.8,51875.9,51877.9,30.701,1593300.7536
2024-02-20 13:27:00,51877.9,51878.8,51862.4,51878.8,39.4,2043719.8673
2024-02-20 13:28:00,51878.8,51902.8,51876.4,51881.0,67.674,3511519.7975
2024-02-20 13:29:00,51881.0,51884.5,51880.8,51880.9,37.205,1930257.5452
2024-02-20 13:30:00,51880.9,51912.0,51880.9,51909.6,97.071,5037301.0561
2024-02-20 13:31:00,51909.6,51917.2,51909.6,51911.8,43.919,2280071.4572
2024-02-20 13:32:00,51911.8,51925.8,51911.1,51925.8,31.137,1616492.656
2024-02-20 13:33:00,51925.8,51925.8,51903.5,51911.8,41.514,2155136.4666
2024-02-20 13:34:00,51911.8,51916.2,51883.3,51894.3,86.802,4504777.1341
2024-02-20 13:35:00,51894.3,51894.3,51852.1,51876.8,169.52,8792526.1255
2024-02-20 13:36:00,51876.8,51900.0,51868.1,51868.1,48.414,2512165.1191
2024-02-20 13:37:00,51868.1,51880.0,51859.6,51860.9,63.165,3276484.7063
2024-02-20 13:38:00,51860.9,51861.0,51850.0,51850.0,50.803,2634355.966
2024-02-20 13:39:00,51850.0,51850.1,51833.3,51844.7,64.094,3322878.4152
2024-02-20 13:40:00,51844.7,51845.5,51836.0,51836.0,30.465,1579298.2334
2024-02-20 13:41:00,51836.0,51844.7,51834.7,51839.9,29.756,1542523.7072
2024-02-20 13:42:00,51839.9,51840.0,51839.9,51839.9,11.528,597611.001
2024-02-20 13:43:00,51839.9,51840.0,51830.0,51830.1,27.953,1448934.8465
2024-02-20 13:44:00,51830.1,51830.1,51800.0,51825.7,197.69,10242799.8807
2024-02-20 13:45:00,51825.7,51832.6,51814.5,51829.2,132.358,6859600.9428
2024-02-20 13:46:00,51829.2,51829.2,51817.0,51817.0,28.064,1454479.058
2024-02-20 13:47:00,51817.0,51822.2,51807.8,51807.8,38.389,1989218.4673
2024-02-20 13:48:00,51807.8,51807.9,51770.0,51770.1,92.256,4777529.0826
2024-02-20 13:49:00,51770.1,51770.1,51765.6,51765.7,42.968,2224352.6053
2024-02-20 13:50:00,51765.7,51777.0,51740.6,51777.0,109.487,5666296.1282
2024-02-20 13:51:00,51777.0,51789.0,51721.5,51721.6,85.273,4413023.9708
2024-02-20 13:52:00,51721.6,51721.6,51642.6,51665.1,406.078,20984049.7401
2024-02-20 13:53:00,51665.1,51665.1,51623.3,51644.4,359.156,18548062.5512
2024-02-20 13:54:00,51644.4,51671.8,51638.0,51638.0,66.141,3417036.9701
2024-02-20 13:55:00,51638.0,51650.0,51620.0,51649.9,135.301,6985702.377
2024-02-20 13:56:00,51649.9,51719.0,51649.7,51706.4,263.71,13630263.2492
2024-02-20 13:57:00,51706.4,51755.0,51706.3,51740.0,242.527,12547191.3557
2024-02-20 13:58:00,51740.0,51783.0,51734.7,51781.9,85.036,4400750.1165
2024-02-20 13:59:00,51781.9,51792.2,51746.8,51751.7,63.464,3286079.3842
2024-02-20 14:00:00,51751.7,51805.8,51751.6,51784.6,109.831,5687662.9432
2024-02-20 14:01:00,51784.6,51814.7,51759.9,51798.2,97.152,5031578.6957
2024-02-20 14:02:00,51798.2,51861.5,51798.2,51840.1,227.372,11787207.6193
2024-02-20 14:03:00,51840.1,51859.8,51826.3,51838.3,71.232,3692708.7171
2024-02-20 14:04:00,51838.3,51846.8,51822.3,51822.4,55.876,2896196.3642
2024-02-20 14:05:00,51822.4,51822.4,51777.7,51777.7,55.617,2880765.4248
2024-02-20 14:06:00,51777.7,51858.7,51777.7,51855.7,145.482,7541740.9823
2024-02-20 14:07:00,51855.7,51864.9,51841.4,51845.9,61.288,3178128.8476
2024-02-20 14:08:00,51845.9,51846.0,51815.0,51822.6,37.062,1920800.0117
2024-02-20 14:09:00,51822.6,51831.4,51805.2,51830.0,16.771,869079.5153
2024-02-20 14:10:00,51830.0,51834.0,51815.9,51830.0,34.3,1777417.066
2024-02-20 14:11:00,51830.0,51830.0,51820.5,51829.6,15.651,811160.3631
2024-02-20 14:12:00,51829.6,51853.0,51829.6,51852.9,14.282,740347.228
2024-02-20 14:13:00,51852.9,51884.5,51848.0,51862.2,105.785,5486504.3774
2024-02-20 14:14:00,51862.2,51869.3,51861.2,51862.5,12.655,656342.6895
2024-02-20 14:15:00,51862.5,51878.0,51852.1,51852.1,87.536,4540450.4189
2024-02-20 14:16:00,51852.1,51852.1,51825.0,51825.0,15.764,817129.2132
2024-02-20 14:17:00,51825.0,51828.0,51810.9,51810.9,18.355,951178.4733
2024-02-20 14:18:00,51810.9,51822.6,51810.9,51813.1,23.216,1202975.8183
2024-02-20 14:19:00,51813.1,51814.0,51800.0,51800.0,13.782,713987.8735
2024-02-20 14:20:00,51800.0,51807.4,51789.0,51798.9,32.413,1678982.6872
2024-02-20 14:21:00,51798.9,51810.5,51787.9,51794.1,24.59,1273749.8017
2024-02-20 14:22:00,51794.1,51794.2,51781.8,51792.1,22.527,1166562.4918
2024-02-20 14:23:00,51792.1,51795.4,51785.0,51789.7,8.983,465252.118
2024-02-20 14:24:00,51789.7,51790.0,51784.8,51790.0,13.065,676630.0094
2024-02-20 14:25:00,51790.0,51790.0,51763.1,51767.3,31.735,1643135.2197
2024-02-20 14:26:00,51767.3,51779.0,51766.0,51778.9,9.766,505622.8174
2024-02-20 14:27:00,51778.9,51834.0,51778.9,51812.4,44.059,2282934.7998
2024-02-20 14:28:00,51812.4,51821.4,51811.0,51821.3,14.042,727556.9526
2024-02-20 14:29:00,51821.3,51822.0,51812.2,51812.2,12.841,665383.7385
2024-02-20 14:30:00,51812.2,51822.0,51811.6,51821.9,17.545,909140.3621
2024-02-20 14:31:00,51821.9,51822.6,51821.9,51822.6,2.899,150232.9768
2024-02-20 14:32:00,51822.6,51855.0,51822.5,51854.5,34.529,1790072.4795
2024-02-20 14:33:00,51854.5,51859.9,51854.5,51855.4,16.174,838757.4291
2024-02-20 14:34:00,51855.4,51855.4,51838.5,51845.9,12.551,650754.8026
2024-02-20 14:35:00,51845.9,51863.8,51845.9,51860.1,16.801,871234.6691
2024-02-20 14:36:00,51860.1,51872.4,51849.0,51849.1,32.115,1665560.4069
2024-02-20 14:37:00,51849.1,51849.1,51810.0,51810.0,12.664,656268.0759
2024-02-20 14:38:00,51810.0,51810.1,51780.0,51782.9,35.883,1858341.175
2024-02-20 14:39:00,51782.9,51814.0,51781.0,51814.0,44.204,2289248.9361
2024-02-20 14:40:00,51814.0,51815.1,51784.9,51815.0,74.469,3857850.469
2024-02-20 14:41:00,51815.0,51835.0,51784.8,51810.3,76.417,3959275.5442
2024-02-20 14:42:00,51810.3,51810.3,51786.5,51787.7,7.345,380442.5444
2024-02-20 14:43:00,51787.7,51787.8,51748.9,51760.2,152.668,7902339.8753
2024-02-20 14:44:00,51760.2,51774.6,51752.8,51752.8,55.49,2872177.1488
2024-02-20 14:45:00,51752.8,51773.9,51746.0,51765.4,47.858,2476906.675
2024-02-20 14:46:00,51765.4,51765.5,51733.0,51760.2,30.557,1581199.0643
2024-02-20 14:47:00,51760.2,51760.2,51626.7,51666.8,737.131,38094334.5495
2024-02-20 14:48:00,51666.8,51687.6,51640.0,51687.6,84.252,4352645.9327
2024-02-20 14:49:00,51687.6,51687.6,51605.8,51630.1,265.088,13687175.6596
2024-02-20 14:50:00,51630.1,51631.0,51588.0,51606.0,252.301,13019475.2203
2024-02-20 14:51:00,51606.0,51671.5,51583.4,51650.9,163.66,8448797.0615
2024-02-20 14:52:00,51650.9,51721.0,51636.1,51711.7,186.727,9650427.3316
2024-02-20 14:53:00,51711.7,51733.4,51695.8,51733.4,97.441,5038465.0212
2024-02-20 14:54:00,51733.4,51756.8,51724.7,51724.8,96.955,5016895.3859
2024-02-20 14:55:00,51724.8,51731.6,51697.3,51716.2,56.018,2896663.6794
2024-02-20 14:56:00,51716.2,51716.3,51689.5,51700.1,55.163,2851884.1256
2024-02-20 14:57:00,51700.1,51707.0,51653.8,51670.3,48.532,2507841.9129
2024-02-20 14:58:00,51670.3,51683.7,51655.5,51659.6,64.338,3324267.4864
2024-02-20 14:59:00,51659.6,51675.3,51639.5,51639.5,43.319,2237903.0173
2024-02-20 15:00:00,51639.5,51669.8,51637.5,51645.1,71.445,3690103.83
2024-02-20 15:01:00,51645.1,51679.5,51645.0,51679.4,43.273,2235670.2185
2024-02-20 15:02:00,51679.4,51694.1,51670.0,51692.7,23.976,1239191.4876
2024-02-20 15:03:00,51692.7,51694.5,51632.0,51644.8,102.548,5298220.1742
2024-02-20 15:04:00,51644.8,51648.7,51634.4,51648.5,45.436,2346368.5785
2024-02-20 15:05:00,51648.5,51685.2,51636.9,51685.2,105.299,5439845.1071
2024-02-20 15:06:00,51685.2,51722.7,51685.2,51719.2,66.163,3421304.4059
2024-02-20 15:07:00,51719.2,51719.3,51670.4,51688.1,61.606,3184799.6267
2024-02-20 15:08:00,51688.1,51720.0,51671.4,51716.7,58.683,3033413.4454
2024-02-20 15:09:00,51716.7,51716.8,51689.4,51707.3,88.485,4575001.8198
2024-02-20 15:10:00,51707.3,51723.0,51682.3,51689.5,54.288,2807112.9706
2024-02-20 15:11:00,51689.5,51689.6,51656.1,51663.0,31.663,1635895.3365
2024-02-20 15:12:00,51663.0,51670.5,51646.0,51649.0,67.621,3493048.6258
2024-02-20 15:13:00,51649.0,51649.0,51643.8,51646.1,14.453,746441.3573
2024-02-20 15:14:00,51646.1,51650.0,51633.4,51646.4,50.031,2583716.7337
2024-02-20 15:15:00,51646.4,51670.0,51636.0,51654.2,32.527,1680232.9067
2024-02-20 15:16:00,51654.2,51685.4,51625.0,51678.2,38.252,1975569.3184
2024-02-20 15:17:00,51678.2,51678.3,51636.4,51640.0,39.884,2060153.6981
2024-02-20 15:18:00,51640.0,51640.0,51584.9,51584.9,161.736,8346508.3306
2024-02-20 15:19:00,51584.9,51654.6,51584.9,51654.5,102.715,5301703.249
2024-02-20 15:20:00,51654.5,51735.0,51654.5,51717.4,248.266,12836124.9972
2024-02-20 15:21:00,51717.4,51759.1,51717.4,51736.1,183.951,9518476.8008
2024-02-20 15:22:00,51736.1,51789.0,51727.5,51779.8,129.121,6683899.7142
2024-02-20 15:23:00,51779.8,51802.5,51753.4,51753.4,144.481,7481927.7049
2024-02-20 15:24:00,51753.4,51773.5,51750.7,51765.6,55.899,2893442.3057
2024-02-20 15:25:00,51765.6,51777.9,51756.5,51772.1,93.566,4843384.9871
2024-02-20 15:26:00,51772.1,51800.0,51768.5,51796.9,48.639,2518861.5018
2024-02-20 15:27:00,51796.9,51811.4,51786.9,51809.5,51.167,2650462.3817
2024-02-20 15:28:00,51809.5,51817.2,51805.0,51806.2,46.193,2393258.2467
2024-02-20 15:29:00,51806.2,51815.3,51779.0,51781.5,87.672,4540548.6051
2024-02-20 15:30:00,51781.5,51806.4,51780.3,51790.9,88.939,4606308.1846
2024-02-20 15:31:00,51790.9,51810.0,51790.9,51810.0,18.399,953137.1887
2024-02-20 15:32:00,51810.0,51818.7,51810.0,51818.7,26.604,1378497.8236
2024-02-20 15:33:00,51818.7,51862.2,51818.6,51860.8,227.207,11779354.8557
2024-02-20 15:34:00,51860.8,51893.2,51852.9,51870.0,226.824,11766129.1223
2024-02-20 15:35:00,51870.0,51870.0,51840.0,51845.9,48.216,2500240.9597
2024-02-20 15:36:00,51845.9,51939.3,51844.0,51937.5,140.29,7282441.4171
2024-02-20 15:37:00,51937.5,51940.4,51887.3,51892.5,262.036,13603876.475
2024-02-20 15:38:00,51892.5,51946.3,51892.5,51914.2,235.248,12215814.8893
2024-02-20 15:39:00,51914.2,51931.0,51912.6,51925.9,108.418,5629161.0102
2024-02-20 15:40:00,51925.9,51972.0,51920.8,51969.0,224.94,11685695.1176
2024-02-20 15:41:00,51969.0,52048.9,51969.0,52038.3,494.242,25706720.0532
2024-02-20 15:42:00,52038.3,52045.0,51970.4,51989.9,172.463,8970400.3541
2024-02-20 15:43:00,51989.9,51990.0,51950.0,51955.9,39.064,2030263.0484
2024-02-20 15:44:00,51955.9,51987.5,51938.2,51983.2,68.66,3567732.654
2024-02-20 15:45:00,51983.2,51989.7,51981.8,51984.9,33.782,1756196.7471
2024-02-20 15:46:00,51984.9,51985.0,51957.0,51957.1,52.43,2724567.134
2024-02-20 15:47:00,51957.1,51970.0,51957.1,51959.9,34.259,1780197.5014
2024-02-20 15:48:00,51959.9,51983.3,51959.9,51960.2,58.767,3054226.3965
2024-02-20 15:49:00,51960.2,51967.8,51932.3,51932.3,64.313,3340928.3352
2024-02-20 15:50:00,51932.3,51949.5,51915.6,51917.5,97.816,5079281.4606
2024-02-20 15:51:00,51917.5,51932.9,51912.6,51932.9,108.375,5626834.4347
2024-02-20 15:52:00,51932.9,51963.2,51925.6,51946.2,45.257,2350506.0426
2024-02-20 15:53:00,51946.2,51956.0,51929.3,51935.2,20.341,1056577.9239
2024-02-20 15:54:00,51935.2,51945.8,51919.5,51923.4,25.43,1320618.0799
2024-02-20 15:55:00,51923.4,51957.6,51923.4,51949.8,20.593,1069735.6423
2024-02-20 15:56:00,51949.8,51949.9,51936.3,51945.4,47.692,2477394.5864
2024-02-20 15:57:00,51945.4,51965.0,51945.3,51950.2,15.769,819255.1278
2024-02-20 15:58:00,51950.2,51985.8,51950.2,51985.7,16.562,860696.8414
2024-02-20 15:59:00,51985.7,52038.3,51975.5,52038.3,171.071,8895942.3149
2024-02-20 16:00:00,52038.3,52090.0,52038.3,52063.4,252.793,13162582.3488
2024-02-20 16:01:00,52063.4,52078.0,52056.6,52077.9,52.038,2709519.6723
2024-02-20 16:02:00,52077.9,52078.0,52041.7,52051.1,94.35,4911475.1653
2024-02-20 16:03:00,52051.1,52057.6,52050.1,52050.1,25.6,1332527.438
2024-02-20 16:04:00,52050.1,52075.0,52022.3,52074.9,75.045,3905919.5108
2024-02-20 16:05:00,52074.9,52100.0,52070.0,52084.0,142.243,7409136.1708
2024-02-20 16:06:00,52084.0,52141.9,52084.0,52108.7,217.958,11359045.4096
2024-02-20 16:07:00,52108.7,52110.6,52066.1,52099.0,82.36,4289376.7326
2024-02-20 16:08:00,52099.0,52100.0,52074.1,52097.9,52.514,2735252.5193
2024-02-20 16:09:00,52097.9,52106.0,52078.8,52106.0,51.431,2679035.839
2024-02-20 16:10:00,52106.0,52119.0,52106.0,52112.2,69.043,3598127.8346
2024-02-20 16:11:00,52112.2,52112.3,52071.3,52076.4,96.487,5026840.8327
2024-02-20 16:12:00,52076.4,52087.9,52071.0,52072.0,32.272,1680625.8811
2024-02-20 16:13:00,52072.0,52097.5,52072.0,52091.3,48.795,2541592.131
2024-02-20 16:14:00,52091.3,52105.5,52084.7,52092.5,26.933,1403055.3761
2024-02-20 16:15:00,52092.5,52106.3,52088.7,52102.4,40.287,2098827.667
2024-02-20 16:16:00,52102.4,52122.0,52102.3,52121.9,35.698,1860185.1078
2024-02-20 16:17:00,52121.9,52166.7,52077.5,52078.1,239.441,12484129.8712
2024-02-20 16:18:00,52078.1,52096.9,52067.9,52067.9,63.78,3321587.602
2024-02-20 16:19:00,52067.9,52101.2,52067.9,52099.9,43.558,2268742.5598
2024-02-20 16:20:00,52099.9,52133.1,52090.0,52130.4,57.237,2982815.9926
2024-02-20 16:21:00,52130.4,52131.6,52111.6,52115.9,52.173,2719635.9829
2024-02-20 16:22:00,52115.9,52130.0,52090.0,52124.4,45.909,2392123.4423
2024-02-20 16:23:00,52124.4,52126.2,52111.6,52112.6,39.16,2040979.2425
2024-02-20 16:24:00,52112.6,52112.7,52101.7,52109.7,21.277,1108673.9461
2024-02-20 16:25:00,52109.7,52145.0,52105.2,52141.4,110.731,5772006.597
2024-02-20 16:26:00,52141.4,52144.6,52118.5,52118.5,52.753,2750326.0647
2024-02-20 16:27:00,52118.5,52137.0,52118.4,52137.0,22.497,1172794.5962
2024-02-20 16:28:00,52137.0,52157.2,52119.2,52132.5,200.934,10476397.6741
2024-02-20 16:29:00,52132.5,52157.4,52132.5,52157.4,46.124,2405178.5169
2024-02-20 16:30:00,52157.4,52211.6,52157.3,52192.9,301.356,15727340.1472
2024-02-20 16:31:00,52192.9,52243.7,52180.1,52235.4,295.923,15451981.0431
2024-02-20 16:32:00,52235.4,52269.2,52226.2,52254.9,287.012,14996336.2015
2024-02-20 16:33:00,52254.9,52354.9,52253.9,52330.5,725.867,37970631.4816
2024-02-20 16:34:00,52330.5,52370.6,52308.1,52335.5,296.007,15494783.5362
2024-02-20 16:35:00,52335.5,52399.0,52262.6,52394.8,513.929,26902078.3676
2024-02-20 16:36:00,52394.8,52433.0,52290.1,52310.3,684.788,35867997.625
2024-02-20 16:37:00,52310.3,52327.9,52274.1,52290.6,243.566,12737978.8649
2024-02-20 16:38:00,52290.6,52349.8,52266.6,52349.8,141.869,7421915.6258
2024-02-20 16:39:00,52349.8,52352.0,52303.6,52304.2,149.329,7813879.2309
2024-02-20 16:40:00,52304.2,52361.0,52300.0,52354.5,112.74,5900195.2216
2024-02-20 16:41:00,52354.5,52355.9,52303.0,52329.7,120.811,6321884.1647
2024-02-20 16:42:00,52329.7,52332.8,52260.0,52282.8,182.129,9521954.1357
2024-02-20 16:43:00,52282.8,52313.5,52272.8,52310.8,46.675,2441188.2783
2024-02-20 16:44:00,52310.8,52340.0,52310.7,52334.3,43.065,2253476.3892
2024-02-20 16:45:00,52334.3,52349.4,52311.5,52349.4,192.284,10062720.9754
2024-02-20 16:46:00,52349.4,52350.0,52276.8,52294.9,128.386,6715545.2647
2024-02-20 16:47:00,52294.9,52299.0,52262.0,52290.2,131.533,6876190.2646
2024-02-20 16:48:00,52290.2,52317.6,52290.1,52313.1,59.249,3098855.1157
2024-02-20 16:49:00,52313.1,52313.1,52258.5,52300.0,123.601,6461625.9398
2024-02-20 16:50:00,52300.0,52323.8,52299.9,52323.8,29.296,1532522.6524
2024-02-20 16:51:00,52323.8,52354.7,52322.8,52354.7,100.783,5274954.075
2024-02-20 16:52:00,52354.7,52389.9,52346.8,52389.8,158.868,8320941.9413
2024-02-20 16:53:00,52389.8,52389.9,52355.2,52364.1,100.692,5273209.6803
2024-02-20 16:54:00,52364.1,52379.9,52352.8,52364.8,69.31,3629485.3513
2024-02-20 16:55:00,52364.8,52380.0,52340.0,52362.3,184.852,9679233.7127
2024-02-20 16:56:00,52362.3,52362.4,52328.1,52330.1,68.897,3606128.1561
2024-02-20 16:57:00,52330.1,52354.7,52309.4,52354.7,55.945,2927328.1723
2024-02-20 16:58:00,52354.7,52377.5,52354.6,52376.0,62.793,3288189.2556
2024-02-20 16:59:00,52376.0,52405.1,52353.6,52397.7,153.772,8056236.9511
2024-02-20 17:00:00,52397.7,52425.6,52365.1,52365.1,258.423,13542017.2414
2024-02-20 17:01:00,52365.1,52377.7,52353.1,52377.7,65.219,3415034.5291
2024-02-20 17:02:00,52377.7,52430.0,52377.7,52419.2,101.711,5331462.4451
2024-02-20 17:03:00,52419.2,52419.2,52387.6,52397.4,57.159,2995248.8501
2024-02-20 17:04:00,52397.4,52427.2,52397.3,52412.6,56.229,2947102.8081
2024-02-20 17:05:00,52412.6,52415.0,52370.6,52372.8,57.753,3026346.9104
2024-02-20 17:06:00,52372.8,52391.5,52339.6,52339.6,92.4,4839196.1178
2024-02-20 17:07:00,52339.6,52371.7,52337.3,52362.5,37.622,1969434.5818
2024-02-20 17:08:00,52362.5,52370.6,52339.6,52349.4,45.316,2372435.2357
2024-02-20 17:09:00,52349.4,52374.1,52348.9,52368.3,37.595,1968682.6305
2024-02-20 17:10:00,52368.3,52395.0,52356.9,52395.0,67.009,3509869.1576
2024-02-20 17:11:00,52395.0,52400.0,52374.3,52375.7,30.28,1586335.853
2024-02-20 17:12:00,52375.7,52378.5,52360.5,52378.3,18.511,969535.3722
2024-02-20 17:13:00,52378.3,52378.9,52363.0,52372.0,31.591,1654397.3091
2024-02-20 17:14:00,52372.0,52382.9,52364.1,52364.2,33.244,1741106.742
2024-02-20 17:15:00,52364.2,52385.0,52347.4,52384.9,62.398,3267483.5508
2024-02-20 17:16:00,52384.9,52385.0,52346.6,52349.2,49.78,2606390.4737
2024-02-20 17:17:00,52349.2,52349.2,52315.1,52333.4,91.372,4781755.2255
2024-02-20 17:18:00,52333.4,52333.4,52297.1,52317.8,97.92,5122287.4886
2024-02-20 17:19:00,52317.8,52317.9,52281.9,52285.0,61.465,3214642.3695
2024-02-20 17:20:00,52285.0,52332.9,52267.5,52332.9,87.994,4600867.8515
2024-02-20 17:21:00,52332.9,52332.9,52306.2,52306.2,44.738,2340944.7678
2024-02-20 17:22:00,52306.2,52331.7,52304.2,52319.5,104.136,5447837.4537
2024-02-20 17:23:00,52319.5,52330.1,52278.8,52278.8,106.768,5584436.0709
2024-02-20 17:24:00,52278.8,52296.1,52278.7,52289.1,37.049,1937288.9023
2024-02-20 17:25:00,52289.1,52293.4,52277.8,52293.3,91.901,4804998.6708
2024-02-20 17:26:00,52293.3,52318.8,52291.6,52310.4,44.264,2315259.0345
2024-02-20 17:27:00,52310.4,52338.0,52307.0,52338.0,63.205,3306745.6417
2024-02-20 17:28:00,52338.0,52365.2,52330.3,52353.5,43.983,2302585.8197
2024-02-20 17:29:00,52353.5,52353.5,52323.0,52323.0,27.424,1435359.5642
2024-02-20 17:30:00,52323.0,52352.3,52323.0,52350.0,77.583,4060775.0504
2024-02-20 17:31:00,52350.0,52360.0,52343.3,52360.0,32.058,1678408.4779
2024-02-20 17:32:00,52360.0,52364.8,52355.3,52358.1,57.417,3006357.7925
2024-02-20 17:33:00,52358.1,52374.4,52358.1,52374.4,48.475,2538348.7516
2024-02-20 17:34:00,52374.4,52415.6,52374.4,52412.7,168.525,8831023.7046
2024-02-20 17:35:00,52412.7,52415.5,52380.9,52381.3,64.564,3383294.8216
2024-02-20 17:36:00,52381.3,52387.1,52356.9,52381.4,73.656,3857423.8079
2024-02-20 17:37:00,52381.4,52413.6,52363.2,52369.7,96.899,5076731.2078
2024-02-20 17:38:00,52369.7,52398.0,52364.7,52395.6,36.55,1914260.696
2024-02-20 17:39:00,52395.6,52395.6,52369.6,52375.1,35.525,1860894.5563
2024-02-20 17:40:00,52375.1,52400.0,52374.2,52399.9,35.641,1867359.2903
2024-02-20 17:41:00,52399.9,52413.5,52386.5,52392.5,54.047,2832086.4351
2024-02-20 17:42:00,52392.5,52410.7,52366.4,52406.5,46.088,2414871.5576
2024-02-20 17:43:00,52406.5,52406.6,52372.4,52395.7,33.842,1772787.1437
2024-02-20 17:44:00,52395.7,52406.6,52395.7,52397.8,49.034,2569580.6864
2024-02-20 17:45:00,52397.8,52406.6,52389.8,52398.1,58.643,3072722.5473
2024-02-20 17:46:00,52398.1,52398.1,52344.3,52349.7,184.503,9662163.4506
2024-02-20 17:47:00,52349.7,52362.9,52338.6,52341.6,36.467,1909041.5609
2024-02-20 17:48:00,52341.6,52369.4,52326.1,52333.1,55.473,2903543.6722
2024-02-20 17:49:00,52333.1,52339.3,52318.5,52334.0,71.558,3744479.0831
2024-02-20 17:50:00,52334.0,52411.8,52323.7,52411.8,146.706,7686182.2401
2024-02-20 17:51:00,52411.8,52420.0,52402.0,52412.4,86.247,4520398.426
2024-02-20 17:52:00,52412.4,52432.0,52348.0,52358.5,92.395,4842480.6343
2024-02-20 17:53:00,52358.5,52372.7,52330.0,52350.2,82.192,4302297.719
2024-02-20 17:54:00,52350.2,52356.2,52318.9,52318.9,36.869,1929842.2714
2024-02-20 17:55:00,52318.9,52342.3,52312.5,52318.2,85.709,4484827.8067
2024-02-20 17:56:00,52318.2,52370.8,52318.2,52349.9,33.05,1729990.8843
2024-02-20 17:57:00,52349.9,52349.9,52322.0,52324.6,26.619,1393092.6113
2024-02-20 17:58:00,52324.6,52361.6,52323.4,52346.2,45.606,2387206.3707
2024-02-20 17:59:00,52346.2,52346.2,52330.0,52330.1,16.894,884219.3179
2024-02-20 18:00:00,52330.1,52361.2,52330.0,52360.5,23.058,1207066.3988
2024-02-20 18:01:00,52360.5,52373.1,52316.0,52317.9,57.704,3020821.2065
2024-02-20 18:02:00,52317.9,52328.1,52302.0,52307.0,68.697,3593538.6606
2024-02-20 18:03:00,52307.0,52315.9,52297.5,52298.1,101.134,5289759.5957
2024-02-20 18:04:00,52298.1,52303.7,52282.9,52285.2,98.14,5132054.4711
2024-02-20 18:05:00,52285.2,52285.3,52252.0,52252.0,132.322,6916577.0983
2024-02-20 18:06:00,52252.0,52267.3,52229.4,52249.9,121.68,6356921.486
2024-02-20 18:07:00,52249.9,52255.1,52231.0,52239.9,115.45,6031739.2705
2024-02-20 18:08:00,52239.9,52242.2,52227.0,52240.0,89.165,4657455.1581
2024-02-20 18:09:00,52240.0,52272.6,52239.9,52249.4,63.508,3318405.8009
2024-02-20 18:10:00,52249.4,52277.2,52236.0,52277.2,51.08,2669208.4788
2024-02-20 18:11:00,52277.2,52282.9,52261.6,52261.6,38.888,2032883.5618
2024-02-20 18:12:00,52261.6,52270.2,52250.0,52261.0,22.7,1186383.338
2024-02-20 18:13:00,52261.0,52282.9,52255.0,52282.8,27.621,1443615.2558
2024-02-20 18:14:00,52282.8,52282.9,52259.9,52260.0,16.864,881559.6041
2024-02-20 18:15:00,52260.0,52260.0,52209.4,52209.4,93.768,4897030.3912
2024-02-20 18:16:00,52209.4,52245.2,52188.0,52214.9,165.489,8639952.647
2024-02-20 18:17:00,52214.9,52217.1,52175.3,52177.3,198.001,10333329.1088
2024-02-20 18:18:00,52177.3,52249.6,52177.2,52221.1,197.928,10336434.2064
2024-02-20 18:19:00,52221.1,52235.4,52217.8,52220.7,33.415,1745093.3979
2024-02-20 18:20:00,52220.7,52243.7,52220.6,52233.5,173.337,9053845.7439
2024-02-20 18:21:00,52233.5,52255.0,52227.5,52228.6,50.889,2658629.2363
2024-02-20 18:22:00,52228.6,52276.4,52228.6,52267.0,81.477,4258219.2434
2024-02-20 18:23:00,52267.0,52269.8,52253.6,52264.5,42.421,2217048.1638
2024-02-20 18:24:00,52264.5,52264.5,52243.0,52255.4,25.7,1342769.3341
2024-02-20 18:25:00,52255.4,52293.9,52255.4,52268.2,95.01,4966577.8579
2024-02-20 18:26:00,52268.2,52272.4,52254.5,52254.5,42.351,2213369.5705
2024-02-20 18:27:00,52254.5,52254.5,52215.5,52215.5,50.759,2651201.5312
2024-02-20 18:28:00,52215.5,52224.6,52213.8,52220.0,34.422,1797487.3184
2024-02-20 18:29:00,52220.0,52226.7,52199.9,52222.9,99.73,5206964.8023
2024-02-20 18:30:00,52222.9,52248.6,52215.0,52240.6,23.287,1216453.1522
2024-02-20 18:31:00,52240.6,52240.6,52189.7,52189.7,59.967,3130527.5945
2024-02-20 18:32:00,52189.7,52190.1,52182.9,52184.4,34.906,1821645.5305
2024-02-20 18:33:00,52184.4,52234.1,52184.4,52197.9,68.995,3602885.1148
2024-02-20 18:34:00,52197.9,52199.3,52181.8,52197.6,47.946,2502378.2833
2024-02-20 18:35:00,52197.6,52209.7,52172.3,52183.4,128.316,6697850.521
2024-02-20 18:36:00,52183.4,52219.3,52183.3,52215.2,70.49,3679448.087
2024-02-20 18:37:00,52215.2,52240.3,52215.1,52228.4,26.847,1402230.7983
2024-02-20 18:38:00,52228.4,52251.9,52228.4,52238.3,35.142,1835967.3535
2024-02-20 18:39:00,52238.3,52257.5,52224.9,52241.5,68.384,3572282.4563
2024-02-20 18:40:00,52241.5,52257.0,52241.4,52249.9,14.066,734968.0148
2024-02-20 18:41:00,52249.9,52289.7,52249.9,52275.4,52.27,2732268.2968
2024-02-20 18:42:00,52275.4,52304.6,52275.3,52299.5,122.418,6402134.1317
2024-02-20 18:43:00,52299.5,52349.1,52299.4,52341.0,174.447,9128361.7721
2024-02-20 18:44:00,52341.0,52394.7,52340.9,52394.7,265.503,13903644.1582
2024-02-20 18:45:00,52394.7,52417.5,52379.8,52409.8,283.99,14879616.8535
2024-02-20 18:46:00,52409.8,52409.9,52343.4,52363.0,196.821,10307270.8719
2024-02-20 18:47:00,52363.0,52388.0,52333.3,52335.2,76.156,3987867.7988
2024-02-20 18:48:00,52335.2,52357.7,52306.6,52312.5,96.292,5039252.4658
2024-02-20 18:49:00,52312.5,52329.7,52285.6,52307.9,108.487,5674593.7046
2024-02-20 18:50:00,52307.9,52380.0,52292.5,52351.1,97.219,5087115.5908
2024-02-20 18:51:00,52351.1,52390.0,52331.0,52389.9,127.379,6670112.837
2024-02-20 18:52:00,52389.9,52400.0,52332.1,52348.8,44.547,2333112.8526
2024-02-20 18:53:00,52348.8,52348.8,52316.3,52322.5,28.273,1479491.6373
2024-02-20 18:54:00,52322.5,52326.3,52309.5,52326.2,51.937,2717370.4488
2024-02-20 18:55:00,52326.2,52353.5,52318.0,52340.1,32.588,1705714.9506
2024-02-20 18:56:00,52340.1,52353.5,52316.9,52322.6,26.524,1388107.0462
2024-02-20 18:57:00,52322.6,52369.6,52307.3,52314.9,84.574,4426289.9022
2024-02-20 18:58:00,52314.9,52349.9,52314.9,52347.6,15.77,825271.3473
2024-02-20 18:59:00,52347.6,52351.2,52332.4,52336.8,26.882,1407125.2086
2024-02-20 19:00:00,52336.8,52370.0,52336.8,52359.4,48.081,2517317.5742
2024-02-20 19:01:00,52359.4,52399.2,52359.4,52393.0,70.129,3673589.8895
2024-02-20 19:02:00,52393.0,52410.0,52367.5,52390.0,155.824,8164856.2444
2024-02-20 19:03:00,52390.0,52404.0,52380.0,52396.1,43.267,2266891.2148
2024-02-20 19:04:00,52396.1,52830.0,52375.0,52744.6,3734.73,196485947.2594
2024-02-20 19:05:00,52744.6,52974.2,52646.6,52812.0,2890.608,152625176.8626
2024-02-20 19:06:00,52812.0,53057.7,52787.6,52885.2,2095.352,110925597.4783
2024-02-20 19:07:00,52885.2,52944.8,52800.7,52935.0,726.022,38391481.1945
2024-02-20 19:08:00,52935.0,52956.9,52835.0,52873.4,441.947,23380402.8725
2024-02-20 19:09:00,52873.4,53000.0,52867.7,52999.9,529.281,28025297.1222
2024-02-20 19:10:00,52999.9,53120.0,52982.3,53040.0,1148.758,60933703.7826
2024-02-20 19:11:00,53040.0,53041.2,52924.8,52924.9,411.289,21782827.2077
2024-02-20 19:12:00,52924.9,52962.7,52868.0,52876.2,444.249,23506271.4607
2024-02-20 19:13:00,52876.2,52982.6,52850.0,52950.1,427.917,22640134.8243
2024-02-20 19:14:00,52950.1,52964.3,52883.8,52939.9,158.496,8388853.7812
2024-02-20 19:15:00,52939.9,53034.2,52939.9,52997.6,424.167,22479430.7974
2024-02-20 19:16:00,52997.6,53006.7,52881.3,52935.0,331.223,17527279.8343
2024-02-20 19:17:00,52935.0,52935.0,52839.3,52852.8,425.94,22516209.337
2024-02-20 19:18:00,52852.8,52913.4,52840.0,52876.0,194.792,10301972.3422
2024-02-20 19:19:00,52876.0,52908.0,52751.1,52752.8,460.801,24335347.5051
2024-02-20 19:20:00,52752.8,52770.0,52651.9,52770.0,992.873,52332242.2592
2024-02-20 19:21:00,52770.0,52836.3,52763.4,52825.7,229.633,12127411.5591
2024-02-20 19:22:00,52825.7,52848.6,52806.4,52833.9,275.797,14569472.4547
2024-02-20 19:23:00,52833.9,52837.1,52814.6,52836.9,91.673,4842764.0
2024-02-20 19:24:00,52836.9,52885.0,52775.9,52812.1,522.855,27629641.7353
2024-02-20 19:25:00,52812.1,52850.0,52778.4,52839.9,186.954,9874929.3596
2024-02-20 19:26:00,52839.9,52879.8,52800.0,52821.1,141.793,7493097.2304
2024-02-20 19:27:00,52821.1,52879.8,52805.6,52879.7,77.048,4071847.6379
2024-02-20 19:28:00,52879.7,52884.9,52845.4,52871.5,113.272,5988748.23
2024-02-20 19:29:00,52871.5,52889.9,52858.1,52887.3,90.515,4786320.2903
2024-02-20 19:30:00,52887.3,52905.0,52841.7,52842.3,199.252,10536138.6729
2024-02-20 19:31:00,52842.3,52900.0,52820.6,52892.6,166.436,8796261.4159
2024-02-20 19:32:00,52892.6,52900.0,52854.0,52854.0,127.03,6717945.1613
2024-02-20 19:33:00,52854.0,52862.3,52792.8,52792.8,107.543,5680303.2692
2024-02-20 19:34:00,52792.8,52850.0,52792.8,52836.0,99.053,5231855.0362
2024-02-20 19:35:00,52836.0,52836.0,52711.0,52711.0,252.851,13337487.9862
2024-02-20 19:36:00,52711.0,52764.9,52705.8,52716.1,152.347,8034119.994
2024-02-20 19:37:00,52716.1,52725.7,52666.6,52666.6,214.574,11306870.2285
2024-02-20 19:38:00,52666.6,52688.0,52532.0,52541.9,714.331,37577780.0493
2024-02-20 19:39:00,52541.9,52579.7,52413.2,52441.4,1681.088,88224216.2154
2024-02-20 19:40:00,52441.4,52524.0,52436.0,52520.1,509.255,26724215.7228
2024-02-20 19:41:00,52520.1,52529.5,52469.3,52506.3,309.946,16274660.0568
2024-02-20 19:42:00,52506.3,52506.3,52213.3,52287.3,1220.726,63894336.5267
2024-02-20 19:43:00,52287.3,52308.9,52006.9,52152.3,2344.855,122249760.0435
2024-02-20 19:44:00,52152.3,52299.0,52094.5,52286.0,809.534,42263467.4862
2024-02-20 19:45:00,52286.0,52362.5,52280.0,52354.2,580.101,30351327.1951
2024-02-20 19:46:00,52354.2,52395.2,52280.0,52282.6,434.205,22730404.9409
2024-02-20 19:47:00,52282.6,52282.7,52170.2,52210.1,614.932,32112730.8787
2024-02-20 19:48:00,52210.1,52330.1,52168.9,52311.0,405.695,21201656.9605
2024-02-20 19:49:00,52311.0,52333.3,52234.1,52250.0,205.757,10757969.0352
2024-02-20 19:50:00,52250.0,52310.0,52225.0,52303.1,257.782,13473740.3753
2024-02-20 19:51:00,52303.1,52303.1,52122.9,52156.0,541.325,28254687.5996
2024-02-20 19:52:00,52156.0,52161.1,52031.4,52075.0,916.259,47717589.2892
2024-02-20 19:53:00,52075.0,52141.3,52067.3,52107.4,289.744,15098938.1815
2024-02-20 19:54:00,52107.4,52139.1,52090.0,52090.0,213.792,11142344.9397
2024-02-20 19:55:00,52090.0,52211.4,52090.0,52184.3,427.915,22319356.3591
2024-02-20 19:56:00,52184.3,52205.8,52127.3,52158.0,207.196,10809038.8359
2024-02-20 19:57:00,52158.0,52218.4,52143.6,52177.5,254.997,13307918.7456
2024-02-20 19:58:00,52177.5,52262.1,52177.5,52227.7,204.311,10672423.942
2024-02-20 19:59:00,52227.7,52349.0,52227.6,52309.8,478.019,25004030.9059
2024-02-20 20:00:00,52309.8,52359.0,52264.2,52286.8,356.381,18645001.0272
2024-02-20 20:01:00,52286.8,52396.3,52286.8,52382.3,323.379,16930273.7466
2024-02-20 20:02:00,52382.3,52385.5,52340.0,52356.2,143.479,7513605.849
2024-02-20 20:03:00,52356.2,52356.2,52236.9,52256.0,325.113,17000109.6838
2024-02-20 20:04:00,52256.0,52295.6,52220.0,52293.3,221.28,11560745.5033
2024-02-20 20:05:00,52293.3,52295.6,52200.3,52211.5,242.781,12681982.2758
2024-02-20 20:06:00,52211.5,52263.0,52166.6,52185.6,520.586,27176392.451
2024-02-20 20:07:00,52185.6,52249.1,52180.5,52193.8,210.149,10973078.3746
2024-02-20 20:08:00,52193.8,52210.0,52088.1,52091.7,301.893,15737910.8974
2024-02-20 20:09:00,52091.7,52112.6,51928.7,52009.5,1041.058,54160415.7176
2024-02-20 20:10:00,52009.5,52016.6,51756.8,51802.0,1799.793,93366288.914
2024-02-20 20:11:00,51802.0,51961.5,51798.1,51949.6,528.846,27448010.1137
2024-02-20 20:12:00,51949.6,51977.0,51825.0,51866.8,429.709,22304980.8114
2024-02-20 20:13:00,51866.8,51975.0,51823.2,51970.3,403.489,20946128.8842
2024-02-20 20:14:00,51970.3,51984.9,51947.0,51964.2,228.554,11877461.3434
2024-02-20 20:15:00,51964.2,51969.4,51853.3,51867.7,255.349,13254787.3767
2024-02-20 20:16:00,51867.7,51905.2,51808.4,51815.1,380.116,19711194.3676
2024-02-20 20:17:00,51815.1,51991.8,51815.1,51981.5,251.097,13042100.5239
2024-02-20 20:18:00,51981.5,52065.0,51981.5,52048.7,311.29,16197220.8747
2024-02-20 20:19:00,52048.7,52095.4,52042.4,52067.7,220.75,11496311.3657
2024-02-20 20:20:00,52067.7,52071.0,52001.0,52018.8,150.532,7831084.1716
2024-02-20 20:21:00,52018.8,52046.0,51983.2,52007.4,173.949,9048499.3117
2024-02-20 20:22:00,52007.4,52079.0,52007.4,52068.3,126.123,6566306.8129
2024-02-20 20:23:00,52068.3,52128.5,52068.3,52110.9,223.48,11643236.9989
2024-02-20 20:24:00,52110.9,52120.0,52043.3,52079.8,137.06,7138114.6936
2024-02-20 20:25:00,52079.8,52081.9,51980.5,52013.5,144.915,7537694.4739
2024-02-20 20:26:00,52013.5,52019.7,51953.2,51969.2,212.509,11044442.4188
2024-02-20 20:27:00,51969.2,52049.7,51969.2,52023.2,68.061,3540985.884
2024-02-20 20:28:00,52023.2,52059.8,52023.1,52050.0,46.832,2437311.7526
2024-02-20 20:29:00,52050.0,52085.5,52042.9,52078.5,74.064,3856729.3706
2024-02-20 20:30:00,52078.5,52084.9,52038.2,52045.2,85.853,4469375.4368
2024-02-20 20:31:00,52045.2,52099.0,52043.0,52046.0,94.519,4922574.6794
2024-02-20 20:32:00,52046.0,52118.6,52046.0,52087.4,98.107,5110275.1875
2024-02-20 20:33:00,52087.4,52111.5,52013.3,52020.0,156.918,8168676.3114
2024-02-20 20:34:00,52020.0,52033.7,51993.8,52009.9,156.505,8140128.6001
2024-02-20 20:35:00,52009.9,52010.0,51918.3,51929.4,241.343,12537501.8693
2024-02-20 20:36:00,51929.4,51961.1,51913.3,51914.8,187.733,9748469.6261
2024-02-20 20:37:00,51914.8,52018.9,51914.7,51982.6,159.65,8299363.7905
2024-02-20 20:38:00,51982.6,52008.9,51963.0,51969.7,88.062,4577517.4348
2024-02-20 20:39:00,51969.7,51975.0,51905.9,51930.5,228.069,11844721.1218
2024-02-20 20:40:00,51930.5,51942.8,51876.1,51942.8,185.206,9613614.1997
2024-02-20 20:41:00,51942.8,51976.8,51923.0,51931.1,140.227,7285198.0482
2024-02-20 20:42:00,51931.1,51968.7,51920.0,51926.4,93.809,4873012.2963
2024-02-20 20:43:00,51926.4,52006.0,51924.2,51936.5,78.966,4104595.1171
2024-02-20 20:44:00,51936.5,51989.1,51900.0,51903.0,73.213,3803415.3136
2024-02-20 20:45:00,51903.0,51941.8,51824.4,51840.0,260.485,13512560.9893
2024-02-20 20:46:00,51840.0,51886.8,51770.1,51874.9,681.707,35326420.8481
2024-02-20 20:47:00,51874.9,51875.0,51700.0,51708.8,662.235,34277156.504
2024-02-20 20:48:00,51708.8,51799.9,51680.5,51776.7,724.647,37499208.0316
2024-02-20 20:49:00,51776.7,51830.4,51748.7,51764.6,364.238,18862394.8808
2024-02-20 20:50:00,51764.6,51803.0,51741.5,51760.0,337.873,17493186.9388
2024-02-20 20:51:00,51760.0,51811.1,51703.7,51709.1,626.913,32447609.3735
2024-02-20 20:52:00,51709.1,51709.1,51625.3,51662.8,665.325,34372451.0324
2024-02-20 20:53:00,51662.8,51755.6,51650.0,51755.6,276.543,14300393.8777
2024-02-20 20:54:00,51755.6,51808.4,51745.9,51794.1,165.396,8565192.5785
2024-02-20 20:55:00,51794.1,51800.0,51740.4,51740.4,101.193,5238088.6019
2024-02-20 20:56:00,51740.4,51755.3,51698.5,51700.9,65.339,3380018.5659
2024-02-20 20:57:00,51700.9,51754.0,51700.9,51704.0,69.048,3571166.5207
2024-02-20 20:58:00,51704.0,51704.0,51653.8,51653.8,170.941,8833244.7206
2024-02-20 20:59:00,51653.8,51655.2,51400.0,51502.8,2083.296,107328172.1607
2024-02-20 21:00:00,51502.8,51540.9,51378.0,51443.4,1142.726,58811107.9275
2024-02-20 21:01:00,51443.4,51509.6,51350.0,51506.9,827.172,42556070.5337
2024-02-20 21:02:00,51506.9,51569.6,51500.6,51520.1,510.698,26320552.9227
2024-02-20 21:03:00,51520.1,51622.8,51503.6,51618.0,411.922,21234369.3088
2024-02-20 21:04:00,51618.0,51666.0,51576.5,51585.9,431.931,22304880.1916
2024-02-20 21:05:00,51585.9,51599.9,51506.6,51574.9,262.441,13528144.1184
2024-02-20 21:06:00,51574.9,51575.0,51438.1,51465.9,279.41,14385123.5564
2024-02-20 21:07:00,51465.9,51568.1,51461.1,51552.1,513.724,26473310.473
2024-02-20 21:08:00,51552.1,51552.2,51480.6,51494.1,232.57,11979287.7567
2024-02-20 21:09:00,51494.1,51566.3,51490.4,51543.3,107.632,5546772.8903
2024-02-20 21:10:00,51543.3,51574.9,51524.3,51568.0,165.34,8524275.4338
2024-02-20 21:11:00,51568.0,51612.4,51535.0,51589.6,289.167,14915306.3632
2024-02-20 21:12:00,51589.6,51700.0,51589.5,51690.0,422.054,21801558.1967
2024-02-20 21:13:00,51690.0,51729.8,51641.3,51703.3,399.052,20631312.015
2024-02-20 21:14:00,51703.3,51709.0,51690.1,51708.9,149.091,7708133.0236
2024-02-20 21:15:00,51708.9,51716.4,51683.2,51703.8,189.935,9819157.0041
2024-02-20 21:16:00,51703.8,51703.8,51664.5,51664.9,176.201,9105711.3088
2024-02-20 21:17:00,51664.9,51713.4,51662.8,51698.9,135.661,7011294.162
2024-02-20 21:18:00,51698.9,51698.9,51660.8,51662.7,67.907,3508758.3124
2024-02-20 21:19:00,51662.7,51662.8,51589.0,51590.1,208.267,10752215.9679
2024-02-20 21:20:00,51590.1,51662.3,51585.0,51653.9,111.92,5779018.5667
2024-02-20 21:21:00,51653.9,51710.0,51636.1,51705.2,81.328,4203162.714
2024-02-20 21:22:00,51705.2,51773.6,51705.2,51737.0,252.817,13082793.9089
2024-02-20 21:23:00,51737.0,51750.0,51709.5,51714.1,97.653,5051615.7829
2024-02-20 21:24:00,51714.1,51747.1,51689.4,51696.3,64.612,3341750.4624
2024-02-20 21:25:00,51696.3,51697.7,51620.0,51665.6,157.848,8153720.1807
2024-02-20 21:26:00,51665.6,51721.4,51661.0,51719.8,80.003,4135755.3557
2024-02-20 21:27:00,51719.8,51720.4,51665.8,51719.9,53.922,2787678.9926
2024-02-20 21:28:00,51719.9,51733.0,51710.4,51710.4,72.967,3773774.5033
2024-02-20 21:29:00,51710.4,51714.1,51677.5,51706.3,68.603,3546424.225
2024-02-20 21:30:00,51706.3,51714.6,51660.7,51660.8,102.684,5307192.4877
2024-02-20 21:31:00,51660.8,51715.0,51639.1,51715.0,93.261,4817684.1947
2024-02-20 21:32:00,51715.0,51721.5,51663.5,51669.9,100.193,5180333.3377
2024-02-20 21:33:00,51669.9,51676.5,51636.5,51665.3,92.815,4794524.3949
2024-02-20 21:34:00,51665.3,51679.3,51646.1,51663.9,83.129,4294561.2794
2024-02-20 21:35:00,51663.9,51689.9,51640.6,51689.8,86.162,4451309.662
2024-02-20 21:36:00,51689.8,51724.7,51673.4,51724.7,70.839,3663059.4466
2024-02-20 21:37:00,51724.7,51798.3,51724.6,51782.4,214.338,11096648.372
2024-02-20 21:38:00,51782.4,51806.7,51774.0,51800.5,197.038,10205757.941
2024-02-20 21:39:00,51800.5,51803.4,51761.9,51793.5,356.137,18442932.4735
2024-02-20 21:40:00,51793.5,51806.0,51740.6,51740.8,99.81,5166451.3811
2024-02-20 21:41:00,51740.8,51740.8,51698.5,51701.2,82.019,4241730.0147
2024-02-20 21:42:00,51701.2,51748.0,51700.0,51733.8,72.067,3727281.9838
2024-02-20 21:43:00,51733.8,51749.1,51714.2,51722.7,34.894,1805274.4471
2024-02-20 21:44:00,51722.7,51722.7,51701.1,51708.3,24.41,1262207.1074
2024-02-20 21:45:00,51708.3,51750.0,51706.4,51720.0,51.552,2666815.2491
2024-02-20 21:46:00,51720.0,51779.9,51700.0,51763.5,90.755,4697062.1411
2024-02-20 21:47:00,51763.5,51832.0,51758.9,51770.9,242.92,12584499.236
2024-02-20 21:48:00,51770.9,51791.7,51704.8,51716.6,69.597,3601708.4759
2024-02-20 21:49:00,51716.6,51724.4,51699.5,51705.7,49.689,2569349.3216
2024-02-20 21:50:00,51705.7,51707.0,51645.2,51645.3,164.191,8483366.2506
2024-02-20 21:51:00,51645.3,51645.3,51592.9,51633.4,244.26,12607636.1286
2024-02-20 21:52:00,51633.4,51693.0,51590.6,51677.9,153.111,7905871.1413
2024-02-20 21:53:00,51677.9,51698.8,51658.7,51670.1,51.61,2666898.3315
2024-02-20 21:54:00,51670.1,51674.8,51634.6,51639.7,59.61,3079115.8922
2024-02-20 21:55:00,51639.7,51664.8,51626.6,51660.0,49.383,2550407.884
2024-02-20 21:56:00,51660.0,51720.4,51659.9,51718.9,100.232,5182026.355
2024-02-20 21:57:00,51718.9,51749.9,51710.0,51710.0,147.356,7623483.4957
2024-02-20 21:58:00,51710.0,51730.0,51700.1,51724.3,34.033,1759827.0441
2024-02-20 21:59:00,51724.3,51775.4,51724.2,51775.4,183.572,9501731.6294
2024-02-20 22:00:00,51775.4,51775.8,51737.7,51763.0,37.092,1920059.4866
2024-02-20 22:01:00,51763.0,51800.0,51747.5,51748.9,123.498,6395426.5524
2024-02-20 22:02:00,51748.9,51774.4,51748.8,51764.4,24.014,1243038.8016
2024-02-20 22:03:00,51764.4,51764.4,51706.7,51712.8,61.936,3203691.1847
2024-02-20 22:04:00,51712.8,51740.2,51700.5,51708.6,46.67,2413698.7062
2024-02-20 22:05:00,51708.6,51713.3,51680.6,51680.6,60.689,3137492.3392
2024-02-20 22:06:00,51680.6,51697.2,51642.4,51646.0,135.718,7011207.5055
2024-02-20 22:07:00,51646.0,51687.4,51646.0,51650.3,30.916,1597407.759
2024-02-20 22:08:00,51650.3,51687.0,51649.9,51650.8,24.388,1260001.238
2024-02-20 22:09:00,51650.8,51683.2,51644.0,51644.1,96.091,4964562.5858
2024-02-20 22:10:00,51644.1,51662.5,51642.5,51644.5,31.146,1608685.6964
2024-02-20 22:11:00,51644.5,51654.3,51616.3,51640.2,88.987,4594403.0657
2024-02-20 22:12:00,51640.2,51647.4,51552.6,51560.3,241.343,12448626.3666
2024-02-20 22:13:00,51560.3,51645.5,51559.8,51645.5,117.161,6047589.4661
2024-02-20 22:14:00,51645.5,51664.2,51638.5,51650.0,38.709,1999551.7858
2024-02-20 22:15:00,51650.0,51650.0,51611.7,51644.6,102.023,5266920.3603
2024-02-20 22:16:00,51644.6,51644.8,51592.0,51604.8,164.794,8505418.217
2024-02-20 22:17:00,51604.8,51623.0,51559.8,51579.9,56.332,2906136.1359
2024-02-20 22:18:00,51579.9,51630.0,51579.9,51617.5,43.933,2267310.7356
2024-02-20 22:19:00,51617.5,51618.0,51590.6,51612.6,28.594,1475787.3065
2024-02-20 22:20:00,51612.6,51630.0,51550.2,51551.1,34.557,1782802.8674
2024-02-20 22:21:00,51551.1,51588.0,51551.1,51555.1,39.59,2041741.1308
2024-02-20 22:22:00,51555.1,51563.0,51500.0,51510.6,218.954,11281287.2376
2024-02-20 22:23:00,51510.6,51549.5,51499.9,51516.1,151.426,7801976.567
2024-02-20 22:24:00,51516.1,51554.6,51516.1,51516.8,174.196,8977749.6925
2024-02-20 22:25:00,51516.8,51529.5,51465.0,51470.2,180.93,9316852.7429
2024-02-20 22:26:00,51470.2,51507.6,51430.1,51446.6,264.891,13632313.8901
2024-02-20 22:27:00,51446.6,51497.5,51400.0,51497.5,279.12,14355484.5663
2024-02-20 22:28:00,51497.5,51503.1,51380.0,51393.4,242.691,12480631.0066
2024-02-20 22:29:00,51393.4,51444.7,51385.4,51420.7,177.53,9125685.889
2024-02-20 22:30:00,51420.7,51420.7,51073.0,51163.4,1919.627,98361674.5021
2024-02-20 22:31:00,51163.4,51327.0,51113.5,51313.5,1033.938,52971075.7925
2024-02-20 22:32:00,51313.5,51342.4,51282.3,51304.0,288.359,14797490.2815
2024-02-20 22:33:00,51304.0,51341.7,51251.2,51341.7,190.962,9795359.6003
2024-02-20 22:34:00,51341.7,51370.2,51292.3,51309.7,361.235,18545712.7301
2024-02-20 22:35:00,51309.7,51309.7,51237.2,51269.8,154.901,7940840.2691
2024-02-20 22:36:00,51269.8,51335.4,51251.0,51311.1,551.035,28260641.2317
2024-02-20 22:37:00,51311.1,51311.1,51267.9,51306.0,130.687,6702216.1845
2024-02-20 22:38:00,51306.0,51338.3,51289.3,51299.2,149.518,7672884.14
2024-02-20 22:39:00,51299.2,51349.2,51275.0,51280.0,304.066,15602851.2661
2024-02-20 22:40:00,51280.0,51306.0,51272.7,51288.3,72.815,3734421.3785
2024-02-20 22:41:00,51288.3,51330.6,51281.9,51292.5,73.591,3775996.9932
2024-02-20 22:42:00,51292.5,51330.6,51272.0,51283.4,87.745,4501682.417
2024-02-20 22:43:00,51283.4,51318.8,51278.0,51292.1,43.916,2252515.1287
2024-02-20 22:44:00,51292.1,51312.4,51274.7,51275.8,151.736,7782832.0466
2024-02-20 22:45:00,51275.8,51281.4,51150.0,51174.9,209.343,10716304.8843
2024-02-20 22:46:00,51174.9,51227.4,51152.4,51224.8,195.52,10006824.5953
2024-02-20 22:47:00,51224.8,51236.5,51142.0,51161.9,138.028,7064734.184
2024-02-20 22:48:00,51161.9,51219.0,51161.9,51218.9,104.403,5345215.1972
2024-02-20 22:49:00,51218.9,51220.0,51150.0,51191.8,84.143,4306590.5978
2024-02-20 22:50:00,51191.8,51191.9,51060.2,51064.8,509.538,26047279.6893
2024-02-20 22:51:00,51064.8,51092.5,51013.7,51026.5,574.776,29338766.2204
2024-02-20 22:52:00,51026.5,51029.5,50885.9,50986.0,1281.786,65309833.5543
2024-02-20 22:53:00,50986.0,50998.9,50859.9,50876.0,709.111,36101056.5894
2024-02-20 22:54:00,50876.0,50897.2,50725.2,50822.5,1869.548,94981730.0859
2024-02-20 22:55:00,50822.5,50978.0,50749.8,50962.5,1203.1,61206796.6556
2024-02-20 22:56:00,50962.5,51050.0,50945.2,50973.3,549.69,28037946.5116
2024-02-20 22:57:00,50973.3,51078.9,50950.0,51051.6,360.175,18382522.9589
2024-02-20 22:58:00,51051.6,51097.7,51037.7,51051.6,527.15,26920232.5257
2024-02-20 22:59:00,51051.6,51051.6,50960.4,50977.0,126.601,6456708.8751
2024-02-20 23:00:00,50977.0,51088.7,50970.1,51083.7,218.612,11157721.1259
2024-02-20 23:01:00,51083.7,51161.8,51060.6,51161.7,338.6,17307302.9622
2024-02-20 23:02:00,51161.7,51161.7,51083.9,51110.6,324.155,16571913.1269
2024-02-20 23:03:00,51110.6,51150.0,51093.5,51112.4,119.429,6105693.7372
2024-02-20 23:04:00,51112.4,51200.0,51110.2,51179.4,179.625,9192383.1621
2024-02-20 23:05:00,51179.4,51206.3,51142.1,51186.1,194.01,9928916.438
2024-02-20 23:06:00,51186.1,51216.5,51150.0,51212.5,125.948,6446981.6999
2024-02-20 23:07:00,51212.5,51212.5,51131.5,51135.5,110.164,5636937.7499
2024-02-20 23:08:00,51135.5,51169.3,51123.9,51124.5,78.374,4008114.7786
2024-02-20 23:09:00,51124.5,51135.9,51080.6,51092.0,120.635,6164960.1087
2024-02-20 23:10:00,51092.0,51155.0,51083.0,51114.3,128.791,6581818.9191
2024-02-20 23:11:00,51114.3,51167.9,51114.3,51159.2,56.829,2906794.591
2024-02-20 23:12:00,51159.2,51164.0,51114.0,51124.4,53.519,2736474.2193
2024-02-20 23:13:00,51124.4,51150.0,51121.2,51150.0,41.355,2114667.9386
2024-02-20 23:14:00,51150.0,51184.2,51146.2,51180.7,125.978,6446195.174
2024-02-20 23:15:00,51180.7,51196.7,51159.5,51167.0,95.323,4878512.1942
2024-02-20 23:16:00,51167.0,51207.4,51127.3,51146.8,154.033,7882838.0507
2024-02-20 23:17:00,51146.8,51178.4,51118.2,51126.1,69.915,3575354.6368
2024-02-20 23:18:00,51126.1,51144.0,51120.1,51141.1,35.159,1797738.6387
2024-02-20 23:19:00,51141.1,51141.1,51080.0,51087.0,143.832,7349926.8436
2024-02-20 23:20:00,51087.0,51108.8,51024.3,51056.5,229.53,11722416.3136
2024-02-20 23:21:00,51056.5,51090.1,51055.7,51071.3,59.599,3043915.4821
2024-02-20 23:22:00,51071.3,51113.3,51068.8,51113.3,27.375,1398380.0205
2024-02-20 23:23:00,51113.3,51166.6,51113.2,51166.6,57.275,2928900.6494
2024-02-20 23:24:00,51166.6,51169.2,51139.2,51160.2,85.865,4393152.6889
2024-02-20 23:25:00,51160.2,51231.2,51160.1,51224.5,166.309,8515907.8193
2024-02-20 23:26:00,51224.5,51279.6,51223.3,51262.8,427.525,21913982.3956
2024-02-20 23:27:00,51262.8,51276.5,51235.7,51269.3,236.041,12099808.0079
2024-02-20 23:28:00,51269.3,51358.0,51267.0,51354.1,485.284,24903866.8277
2024-02-20 23:29:00,51354.1,51357.4,51326.0,51351.8,205.369,10545044.8068
2024-02-20 23:30:00,51351.8,51362.4,51325.8,51325.8,235.473,12090732.9666
2024-02-20 23:31:00,51325.8,51379.0,51325.8,51365.0,112.091,5757145.7326
2024-02-20 23:32:00,51365.0,51373.4,51350.0,51350.5,84.241,4326738.2428
2024-02-20 23:33:00,51350.5,51374.5,51320.0,51358.7,125.352,6435558.3551
2024-02-20 23:34:00,51358.7,51375.7,51358.6,51364.2,114.921,5903270.1366
2024-02-20 23:35:00,51364.2,51364.2,51326.6,51353.9,64.446,3308882.8178
2024-02-20 23:36:00,51353.9,51382.2,51353.8,51376.0,43.282,2223382.4016
2024-02-20 23:37:00,51376.0,51391.3,51350.0,51379.8,124.754,6408948.7948
2024-02-20 23:38:00,51379.8,51379.8,51350.0,51350.1,56.004,2876343.445
2024-02-20 23:39:00,51350.1,51357.5,51320.1,51324.1,193.875,9952808.8554
2024-02-20 23:40:00,51324.1,51337.7,51310.7,51310.7,137.829,7073535.6743
2024-02-20 23:41:00,51310.7,51310.7,51270.0,51279.0,203.295,10425144.8984
2024-02-20 23:42:00,51279.0,51287.1,51270.0,51270.0,165.017,8461472.7919
2024-02-20 23:43:00,51270.0,51322.9,51270.0,51308.4,62.221,3192004.6617
2024-02-20 23:44:00,51308.4,51312.8,51292.0,51311.9,39.628,2033268.9282
2024-02-20 23:45:00,51311.9,51326.9,51300.0,51304.5,38.546,1977919.1989
2024-02-20 23:46:00,51304.5,51304.5,51270.1,51273.1,41.722,2139825.6492
2024-02-20 23:47:00,51273.1,51295.3,51273.1,51276.4,48.173,2470369.1059
2024-02-20 23:48:00,51276.4,51293.0,51276.4,51292.9,13.276,680873.0262
2024-02-20 23:49:00,51292.9,51354.3,51292.9,51346.0,84.856,4355055.5405
2024-02-20 23:50:00,51346.0,51351.0,51305.0,51323.2,49.13,2522186.9826
2024-02-20 23:51:00,51323.2,51369.5,51312.4,51367.7,67.433,3462397.1617
2024-02-20 23:52:00,51367.7,51390.0,51360.7,51390.0,85.624,4399163.4331
2024-02-20 23:53:00,51390.0,51474.7,51342.2,51454.8,610.577,31386682.2307
2024-02-20 23:54:00,51454.8,51458.0,51422.2,51422.2,112.008,5761414.7105
2024-02-20 23:55:00,51422.2,51460.8,51421.0,51447.9,81.842,4210148.508
2024-02-20 23:56:00,51447.9,51453.1,51431.6,51445.0,59.602,3066025.0597
2024-02-20 23:57:00,51445.0,51445.0,51400.4,51403.8,32.741,1683478.692
2024-02-20 23:58:00,51403.8,51420.0,51403.2,51405.3,37.849,1945743.759
2024-02-20 23:59:00,51405.3,51420.1,51404.4,51405.9,20.98,1078541.5932
2024-02-21 00:00:00,51405.9,51450.8,51375.2,51448.1,326.903,16811024.0281
2024-02-21 00:01:00,51448.1,51459.2,51402.6,51402.7,45.401,2335326.8161
2024-02-21 00:02:00,51402.7,51402.7,51346.8,51355.2,87.647,4502121.7668
2024-02-21 00:03:00,51355.2,51374.3,51340.0,51340.0,79.683,4092412.1866
2024-02-21 00:04:00,51340.0,51377.0,51336.2,51371.8,49.904,2562772.8931
2024-02-21 00:05:00,51371.8,51424.6,51371.7,51410.2,34.038,1749807.4649
2024-02-21 00:06:00,51410.2,51432.0,51373.3,51384.9,88.368,4540909.3921
2024-02-21 00:07:00,51384.9,51396.8,51384.0,51395.7,17.564,902633.3511
2024-02-21 00:08:00,51395.7,51434.4,51395.7,51414.9,35.289,1814620.4569
2024-02-21 00:09:00,51414.9,51430.0,51414.9,51430.0,12.865,661514.7582
2024-02-21 00:10:00,51430.0,51454.9,51424.0,51427.3,90.599,4660705.4697
2024-02-21 00:11:00,51427.3,51499.1,51427.3,51498.4,99.879,5141401.2693
2024-02-21 00:12:00,51498.4,51533.3,51485.2,51504.4,144.466,7441856.1143
2024-02-21 00:13:00,51504.4,51548.1,51504.3,51539.1,124.77,6429514.8796
2024-02-21 00:14:00,51539.1,51544.2,51533.0,51533.0,53.912,2778413.7261
2024-02-21 00:15:00,51533.0,51548.5,51517.9,51534.3,105.414,5432071.0369
2024-02-21 00:16:00,51534.3,51534.3,51508.6,51521.0,44.665,2301151.9088
2024-02-21 00:17:00,51521.0,51527.6,51503.3,51503.3,54.425,2803640.0369
2024-02-21 00:18:00,51503.3,51571.3,51503.3,51569.8,122.809,6329631.2203
2024-02-21 00:19:00,51569.8,51575.4,51544.1,51544.1,76.295,3934248.0556
2024-02-21 00:20:00,51544.1,51559.8,51539.7,51551.7,34.531,1780087.0578
2024-02-21 00:21:00,51551.7,51557.0,51531.6,51539.3,37.068,1910534.513
2024-02-21 00:22:00,51539.3,51567.9,51531.1,51565.3,42.33,2182294.4378
2024-02-21 00:23:00,51565.3,51569.9,51555.0,51564.4,26.907,1387429.0101
2024-02-21 00:24:00,51564.4,51575.5,51555.5,51562.8,84.043,4333660.7592
2024-02-21 00:25:00,51562.8,51583.5,51529.4,51549.9,134.583,6939613.0345
2024-02-21 00:26:00,51549.9,51563.7,51522.1,51526.9,58.449,3012390.885
2024-02-21 00:27:00,51526.9,51546.9,51526.9,51543.5,36.499,1881098.5936
2024-02-21 00:28:00,51543.5,51543.5,51527.1,51527.1,13.918,717271.6107
2024-02-21 00:29:00,51527.1,51539.6,51527.1,51539.6,27.15,1399082.9731
2024-02-21 00:30:00,51539.6,51556.5,51524.4,51532.7,37.199,1917350.8096
2024-02-21 00:31:00,51532.7,51532.8,51500.0,51516.3,59.85,3082730.8957
2024-02-21 00:32:00,51516.3,51516.4,51477.7,51491.9,87.37,4499346.6741
2024-02-21 00:33:00,51491.9,51505.0,51491.9,51496.8,21.126,1088013.6213
2024-02-21 00:34:00,51496.8,51514.0,51494.0,51514.0,20.897,1076354.3981
2024-02-21 00:35:00,51514.0,51537.3,51511.2,51515.9,71.165,3666967.4339
2024-02-21 00:36:00,51515.9,51516.0,51456.9,51477.4,56.222,2894173.9808
2024-02-21 00:37:00,51477.4,51535.1,51477.4,51527.9,108.834,5605941.5068
2024-02-21 00:38:00,51527.9,51535.3,51511.0,51511.0,23.433,1207438.9469
2024-02-21 00:39:00,51511.0,51511.1,51489.9,51489.9,24.227,1247665.1872
2024-02-21 00:40:00,51489.9,51510.0,51480.0,51495.9,31.617,1628204.2142
2024-02-21 00:41:00,51495.9,51495.9,51480.0,51480.1,16.16,832051.4263
2024-02-21 00:42:00,51480.1,51495.0,51480.0,51483.0,26.384,1358470.622
2024-02-21 00:43:00,51483.0,51500.0,51483.0,51498.3,46.706,2404904.5861
2024-02-21 00:44:00,51498.3,51555.0,51498.2,51538.9,94.751,4883408.2702
2024-02-21 00:45:00,51538.9,51538.9,51489.0,51489.1,29.243,1506509.1703
2024-02-21 00:46:00,51489.1,51539.6,51489.1,51536.0,26.32,1355966.0038
2024-02-21 00:47:00,51536.0,51539.6,51510.1,51515.5,19.676,1013846.7299
2024-02-21 00:48:00,51515.5,51538.0,51515.4,51538.0,17.468,900138.6152
2024-02-21 00:49:00,51538.0,51544.4,51526.9,51529.8,19.097,984233.7909
2024-02-21 00:50:00,51529.8,51556.5,51522.8,51551.5,44.603,2298886.7794
2024-02-21 00:51:00,51551.5,51613.7,51535.4,51594.6,154.133,7951328.9836
2024-02-21 00:52:00,51594.6,51643.7,51594.6,51597.0,197.033,10171722.4306
2024-02-21 00:53:00,51597.0,51606.1,51580.0,51596.8,67.669,3491418.5091
2024-02-21 00:54:00,51596.8,51600.6,51578.4,51578.4,55.166,2846122.6129
2024-02-21 00:55:00,51578.4,51609.1,51571.6,51605.3,58.419,3013532.0516
2024-02-21 00:56:00,51605.3,51697.6,51602.4,51689.2,263.805,13629062.9677
2024-02-21 00:57:00,51689.2,51759.0,51689.2,51738.5,342.253,17705203.1241
2024-02-21 00:58:00,51738.5,51738.6,51690.0,51725.4,168.016,8688716.3878
2024-02-21 00:59:00,51725.4,51761.8,51725.3,51755.9,140.671,7279571.0817
2024-02-21 01:00:00,51755.9,51775.5,51728.1,51771.7,139.773,7234157.4464
2024-02-21 01:01:00,51771.7,51822.0,51771.7,51814.2,284.265,14726276.0018
2024-02-21 01:02:00,51814.2,51832.5,51770.0,51830.5,162.846,8438102.1598
2024-02-21 01:03:00,51830.5,51839.0,51790.2,51799.4,83.682,4336389.5472
2024-02-21 01:04:00,51799.4,51829.9,51795.6,51827.5,69.128,3581747.593
2024-02-21 01:05:00,51827.5,51868.0,51823.1,51823.1,213.231,11055865.5559
2024-02-21 01:06:00,51823.1,51851.1,51814.2,51845.3,76.819,3981750.5172
2024-02-21 01:07:00,51845.3,51884.0,51840.1,51840.1,104.665,5428448.5602
2024-02-21 01:08:00,51840.1,51887.2,51840.1,51877.9,164.855,8549186.2273
2024-02-21 01:09:00,51877.9,51878.9,51840.8,51840.8,46.806,2427575.8531
2024-02-21 01:10:00,51840.8,51875.5,51827.0,51869.4,100.892,5231924.583
2024-02-21 01:11:00,51869.4,51875.6,51832.1,51833.0,90.007,4666767.4485
2024-02-21 01:12:00,51833.0,51833.0,51777.0,51819.9,313.632,16246354.4363
2024-02-21 01:13:00,51819.9,51849.9,51812.6,51846.5,21.246,1101256.1173
2024-02-21 01:14:00,51846.5,51856.6,51824.4,51832.3,27.509,1426138.4953
2024-02-21 01:15:00,51832.3,51888.0,51830.1,51871.4,128.529,6666937.2759
2024-02-21 01:16:00,51871.4,51972.8,51871.4,51962.1,384.593,19971368.6174
2024-02-21 01:17:00,51962.1,52017.7,51956.6,52010.1,286.301,14885746.3983
2024-02-21 01:18:00,52010.1,52010.4,51908.3,51931.1,140.27,7287058.6177
2024-02-21 01:19:00,51931.1,52025.0,51931.1,52019.4,235.506,12245596.7905
2024-02-21 01:20:00,52019.4,52126.7,52006.5,52103.9,652.299,33968200.8255
2024-02-21 01:21:00,52103.9,52188.1,52097.6,52156.0,794.378,41424286.4772
2024-02-21 01:22:00,52156.0,52156.0,52114.2,52120.7,155.893,8127482.5643
2024-02-21 01:23:00,52120.7,52120.8,52087.5,52096.4,68.405,3563898.9684
2024-02-21 01:24:00,52096.4,52126.2,52089.0,52089.0,118.977,6199084.5488
2024-02-21 01:25:00,52089.0,52093.7,52020.0,52020.0,254.98,13272140.1182
2024-02-21 01:26:00,52020.0,52056.4,52013.4,52022.9,261.191,13590017.247
2024-02-21 01:27:00,52022.9,52134.1,52021.2,52131.0,173.406,9034570.5809
2024-02-21 01:28:00,52131.0,52151.9,52100.3,52132.6,109.77,5722148.2582
2024-02-21 01:29:00,52132.6,52151.0,52132.2,52136.6,54.236,2827731.9239
2024-02-21 01:30:00,52136.6,52137.2,52053.4,52073.3,164.633,8575410.5665
2024-02-21 01:31:00,52073.3,52102.4,52039.7,52041.4,114.741,5974349.147
2024-02-21 01:32:00,52041.4,52056.8,52025.9,52025.9,69.334,3608252.5761
2024-02-21 01:33:00,52025.9,52025.9,51979.2,51991.3,181.206,9422254.7843
2024-02-21 01:34:00,51991.3,52045.7,51983.5,51994.0,165.664,8616866.2041
2024-02-21 01:35:00,51994.0,52069.6,51990.6,52067.7,58.236,3030306.8451
2024-02-21 01:36:00,52067.7,52083.3,52028.8,52074.8,133.228,6935159.0688
2024-02-21 01:37:00,52074.8,52088.2,52045.9,52080.5,45.519,2370224.8554
2024-02-21 01:38:00,52080.5,52120.0,52067.8,52083.9,96.868,5046696.3747
2024-02-21 01:39:00,52083.9,52117.5,52081.4,52100.0,79.643,4149234.0071
2024-02-21 01:40:00,52100.0,52121.0,52097.4,52097.4,49.556,2582347.4147
2024-02-21 01:41:00,52097.4,52120.6,52097.4,52109.3,70.594,3678613.8385
2024-02-21 01:42:00,52109.3,52114.8,52051.6,52078.9,103.622,5398525.1928
2024-02-21 01:43:00,52078.9,52088.4,52057.2,52072.1,50.864,2648481.2465
2024-02-21 01:44:00,52072.1,52092.3,52060.7,52081.6,47.638,2480663.4833
2024-02-21 01:45:00,52081.6,52109.0,52081.5,52100.1,32.325,1684086.141
2024-02-21 01:46:00,52100.1,52130.0,52100.0,52123.0,64.479,3360624.3526
2024-02-21 01:47:00,52123.0,52130.0,52108.9,52128.6,54.346,2832339.1398
2024-02-21 01:48:00,52128.6,52130.0,52120.4,52125.4,21.641,1128077.3304
2024-02-21 01:49:00,52125.4,52130.0,52120.2,52120.2,31.297,1631283.0676
2024-02-21 01:50:00,52120.2,52129.7,52086.9,52086.9,71.572,3729712.3742
2024-02-21 01:51:00,52086.9,52119.6,52051.2,52061.7,55.474,2889785.585
2024-02-21 01:52:00,52061.7,52069.6,51995.0,52004.1,105.071,5465491.0113
2024-02-21 01:53:00,52004.1,52083.3,52004.1,52083.3,57.404,2987474.2504
2024-02-21 01:54:00,52083.3,52096.7,52056.8,52057.9,36.289,1889779.1534
2024-02-21 01:55:00,52057.9,52090.0,52044.4,52090.0,34.368,1789160.9671
2024-02-21 01:56:00,52090.0,52098.9,52061.9,52091.0,35.015,1823924.5059
2024-02-21 01:57:00,52091.0,52101.2,52084.1,52086.7,36.712,1912496.0754
2024-02-21 01:58:00,52086.7,52092.7,52078.1,52078.2,29.176,1519685.4438
2024-02-21 01:59:00,52078.2,52121.1,52078.1,52088.4,34.519,1798515.1635
2024-02-21 02:00:00,52088.4,52129.0,52085.6,52098.3,43.006,2240730.8687
2024-02-21 02:01:00,52098.3,52138.1,52089.1,52096.5,54.335,2831854.4853
2024-02-21 02:02:00,52096.5,52131.0,52096.5,52125.3,74.577,3887283.9273
2024-02-21 02:03:00,52125.3,52129.2,52080.0,52110.2,46.233,2408941.3332
2024-02-21 02:04:00,52110.2,52139.9,52110.2,52122.0,63.217,3295296.0778
2024-02-21 02:05:00,52122.0,52150.0,52120.0,52149.1,33.69,1756589.4539
2024-02-21 02:06:00,52149.1,52230.6,52141.5,52219.5,287.912,15029223.605
2024-02-21 02:07:00,52219.5,52220.0,52200.0,52203.7,104.308,5445485.9042
2024-02-21 02:08:00,52203.7,52218.0,52174.6,52181.7,162.94,8504412.9231
2024-02-21 02:09:00,52181.7,52181.8,52104.3,52124.1,72.824,3797503.8221
2024-02-21 02:10:00,52124.1,52171.2,52124.0,52161.9,84.048,4383944.675
2024-02-21 02:11:00,52161.9,52209.8,52161.8,52200.6,81.87,4272733.0167
2024-02-21 02:12:00,52200.6,52219.5,52198.7,52198.8,60.154,3140663.1432
2024-02-21 02:13:00,52198.8,52212.0,52127.1,52142.0,285.963,14918597.9149
2024-02-21 02:14:00,52142.0,52189.8,52142.0,52179.1,66.234,3455585.4624
2024-02-21 02:15:00,52179.1,52186.0,52169.9,52175.4,31.5,1643566.9268
2024-02-21 02:16:00,52175.4,52190.4,52175.3,52183.5,19.769,1031590.0842
2024-02-21 02:17:00,52183.5,52215.4,52183.5,52207.8,44.307,2312934.3119
2024-02-21 02:18:00,52207.8,52235.3,52207.8,52235.3,111.062,5800365.3952
2024-02-21 02:19:00,52235.3,52235.3,52183.6,52188.0,99.834,5212297.3554
2024-02-21 02:20:00,52188.0,52213.4,52160.4,52190.4,54.727,2855955.8468
2024-02-21 02:21:00,52190.4,52235.3,52190.4,52200.0,54.542,2847868.406
2024-02-21 02:22:00,52200.0,52200.0,52173.4,52174.2,42.774,2231997.6878
2024-02-21 02:23:00,52174.2,52174.3,52107.8,52120.4,91.093,4750406.248
2024-02-21 02:24:00,52120.4,52123.5,52058.5,52084.5,137.068,7139087.9018
2024-02-21 02:25:00,52084.5,52104.4,52078.5,52090.0,65.867,3431163.903
2024-02-21 02:26:00,52090.0,52104.3,52070.0,52084.5,52.713,2745756.4512
2024-02-21 02:27:00,52084.5,52119.8,52066.8,52077.9,69.28,3608766.7598
2024-02-21 02:28:00,52077.9,52078.0,52040.0,52041.8,112.88,5875955.3735
2024-02-21 02:29:00,52041.8,52058.0,51996.5,52011.3,339.466,17658456.7051
2024-02-21 02:30:00,52011.3,52036.6,52000.0,52014.5,165.005,8582982.1829
2024-02-21 02:31:00,52014.5,52039.8,52005.6,52007.5,68.2,3548601.5028
2024-02-21 02:32:00,52007.5,52022.1,51905.9,51938.9,347.313,18043816.3609
2024-02-21 02:33:00,51938.9,51974.5,51923.6,51923.6,111.238,5778980.1722
2024-02-21 02:34:00,51923.6,51955.5,51920.0,51955.5,71.655,3721137.1679
2024-02-21 02:35:00,51955.5,52019.9,51955.5,51984.6,127.88,6648818.4033
2024-02-21 02:36:00,51984.6,52031.3,51984.5,52023.0,60.41,3141912.7287
2024-02-21 02:37:00,52023.0,52023.1,51980.0,52015.3,42.49,2209543.0473
2024-02-21 02:38:00,52015.3,52028.7,52014.0,52026.9,27.342,1422338.5593
2024-02-21 02:39:00,52026.9,52034.7,51993.5,52000.1,45.72,2378374.8652
2024-02-21 02:40:00,52000.1,52035.9,52000.1,52035.8,33.653,1750910.0711
2024-02-21 02:41:00,52035.8,52053.8,52032.0,52042.2,61.722,3212108.9636
2024-02-21 02:42:00,52042.2,52043.0,52016.7,52017.0,22.607,1176153.002
2024-02-21 02:43:00,52017.0,52037.3,52016.5,52016.6,27.104,1410143.3813
2024-02-21 02:44:00,52016.6,52019.9,52000.0,52000.0,21.21,1103056.277
2024-02-21 02:45:00,52000.0,52000.1,51972.7,51973.7,38.093,1980194.3799
2024-02-21 02:46:00,51973.7,52000.0,51969.6,51999.9,42.35,2201473.296
2024-02-21 02:47:00,51999.9,52030.0,51999.9,52029.9,22.169,1153125.2931
2024-02-21 02:48:00,52029.9,52050.0,52029.9,52049.9,39.397,2050191.9722
2024-02-21 02:49:00,52049.9,52050.0,52006.1,52010.3,30.866,1605694.7516
2024-02-21 02:50:00,52010.3,52079.0,52010.3,52079.0,20.529,1068579.5783
2024-02-21 02:51:00,52079.0,52111.0,52078.9,52111.0,66.109,3444034.6818
2024-02-21 02:52:00,52111.0,52137.0,52092.2,52102.3,113.22,5901454.9888
2024-02-21 02:53:00,52102.3,52137.1,52090.5,52137.1,50.753,2644881.4474
2024-02-21 02:54:00,52137.1,52144.2,52128.1,52142.2,56.327,2936851.6465
2024-02-21 02:55:00,52142.2,52154.5,52128.4,52142.1,66.45,3464860.7518
2024-02-21 02:56:00,52142.1,52177.7,52142.0,52177.7,62.362,3253067.3174
2024-02-21 02:57:00,52177.7,52199.7,52152.6,52152.7,95.322,4974550.7098
2024-02-21 02:58:00,52152.7,52174.6,52150.0,52161.1,43.092,2247743.7873
2024-02-21 02:59:00,52161.1,52174.4,52160.0,52160.1,25.954,1353962.8701
2024-02-21 03:00:00,52160.1,52185.0,52144.4,52144.4,82.421,4299571.5095
2024-02-21 03:01:00,52144.4,52160.0,52141.4,52141.5,16.571,864219.8931
2024-02-21 03:02:00,52141.5,52141.5,52080.0,52122.0,153.98,8022419.1013
2024-02-21 03:03:00,52122.0,52124.7,52097.0,52124.6,36.743,1914765.1436
2024-02-21 03:04:00,52124.6,52149.0,52124.6,52137.0,24.594,1282236.465
2024-02-21 03:05:00,52137.0,52153.5,52130.3,52130.3,18.628,971303.483
2024-02-21 03:06:00,52130.3,52130.4,52102.8,52106.4,54.442,2837376.7569
2024-02-21 03:07:00,52106.4,52110.0,52083.2,52093.3,70.956,3696549.6762
2024-02-21 03:08:00,52093.3,52107.6,52081.6,52107.6,23.375,1217783.8963
2024-02-21 03:09:00,52107.6,52107.6,52107.5,52107.5,8.304,432700.8376
2024-02-21 03:10:00,52107.5,52127.7,52107.5,52125.4,21.839,1138087.6151
2024-02-21 03:11:00,52125.4,52138.7,52110.7,52113.2,24.765,1290894.7653
2024-02-21 03:12:00,52113.2,52142.1,52113.2,52138.5,12.317,642132.3241
2024-02-21 03:13:00,52138.5,52146.0,52138.4,52143.5,17.749,925484.7621
2024-02-21 03:14:00,52143.5,52143.5,52126.4,52131.4,9.69,505195.5911
2024-02-21 03:15:00,52131.4,52132.8,52083.4,52083.5,36.13,1883023.9762
2024-02-21 03:16:00,52083.5,52119.6,52083.5,52119.5,16.071,837228.4303
2024-02-21 03:17:00,52119.5,52119.5,52104.4,52109.9,7.574,394687.2761
2024-02-21 03:18:00,52109.9,52110.0,52044.7,52058.0,62.751,3267158.1477
2024-02-21 03:19:00,52058.0,52080.0,52055.7,52077.8,29.334,1527238.8978
2024-02-21 03:20:00,52077.8,52094.9,52077.7,52082.6,16.132,840220.3519
2024-02-21 03:21:00,52082.6,52092.0,52074.6,52091.9,15.177,790495.4168
2024-02-21 03:22:00,52091.9,52107.4,52089.9,52094.2,15.759,820980.0877
2024-02-21 03:23:00,52094.2,52110.0,52092.8,52093.2,46.503,2422998.9007
2024-02-21 03:24:00,52093.2,52098.0,52092.0,52092.0,14.917,777099.1766
2024-02-21 03:25:00,52092.0,52098.6,52070.0,52073.9,21.845,1137917.0283
2024-02-21 03:26:00,52073.9,52093.9,52044.7,52049.3,50.025,2605234.2926
2024-02-21 03:27:00,52049.3,52085.2,52049.3,52083.2,10.182,530180.1053
2024-02-21 03:28:00,52083.2,52100.7,52070.0,52070.0,14.367,748379.6089
2024-02-21 03:29:00,52070.0,52073.0,52033.2,52033.4,74.083,3855928.3961
2024-02-21 03:30:00,52033.4,52050.0,52017.6,52028.6,88.757,4617980.5003
2024-02-21 03:31:00,52028.6,52068.6,52028.6,52068.6,4.653,242215.015
2024-02-21 03:32:00,52068.6,52082.0,52068.6,52082.0,16.371,852540.3561
2024-02-21 03:33:00,52082.0,52085.4,52067.3,52067.4,8.888,462886.0706
2024-02-21 03:34:00,52067.4,52074.1,52056.1,52072.7,19.202,999724.354
2024-02-21 03:35:00,52072.7,52108.8,52072.7,52108.8,44.341,2309997.472
2024-02-21 03:36:00,52108.8,52146.4,52108.8,52135.2,98.022,5109710.3957
2024-02-21 03:37:00,52135.2,52135.2,52106.1,52126.5,15.404,802867.3694
2024-02-21 03:38:00,52126.5,52136.9,52125.7,52136.9,6.337,330350.338
2024-02-21 03:39:00,52136.9,52160.0,52128.9,52135.7,63.618,3317227.9016
2024-02-21 03:40:00,52135.7,52145.8,52103.2,52109.6,23.3,1214459.5922
2024-02-21 03:41:00,52109.6,52128.8,52109.6,52128.0,20.416,1064080.8839
2024-02-21 03:42:00,52128.0,52139.9,52128.0,52129.9,20.94,1091664.9113
2024-02-21 03:43:00,52129.9,52166.6,52129.9,52155.7,70.733,3688940.1261
2024-02-21 03:44:00,52155.7,52177.2,52155.6,52172.4,24.777,1292586.3422
2024-02-21 03:45:00,52172.4,52220.0,52171.8,52216.1,98.614,5147243.4347
2024-02-21 03:46:00,52216.1,52220.0,52189.2,52189.2,102.282,5339908.0177
2024-02-21 03:47:00,52189.2,52204.4,52170.7,52170.8,24.039,1254614.7225
2024-02-21 03:48:00,52170.8,52190.0,52170.0,52172.9,26.661,1391088.1266
2024-02-21 03:49:00,52172.9,52182.0,52172.9,52182.0,13.412,699819.5062
2024-02-21 03:50:00,52182.0,52193.7,52173.1,52173.1,10.897,568659.2399
2024-02-21 03:51:00,52173.1,52173.1,52164.8,52165.0,14.139,737588.1791
2024-02-21 03:52:00,52165.0,52165.1,52153.2,52153.2,20.422,1065268.1737
2024-02-21 03:53:00,52153.2,52153.3,52131.7,52136.9,18.385,958621.7068
2024-02-21 03:54:00,52136.9,52137.0,52136.3,52136.3,12.684,661298.5397
2024-02-21 03:55:00,52136.3,52136.4,52122.0,52132.0,21.143,1102193.9632
2024-02-21 03:56:00,52132.0,52148.0,52132.0,52148.0,30.803,1605886.9845
2024-02-21 03:57:00,52148.0,52173.6,52148.0,52173.6,11.622,606254.8133
2024-02-21 03:58:00,52173.6,52175.9,52173.5,52175.9,6.217,324367.911
2024-02-21 03:59:00,52175.9,52175.9,52175.8,52175.9,3.423,178597.8264
2024-02-21 04:00:00,52175.9,52188.3,52175.8,52188.2,16.219,846313.1543
2024-02-21 04:01:00,52188.2,52193.4,52188.2,52193.3,9.29,484868.4353
2024-02-21 04:02:00,52193.3,52193.4,52144.0,52144.1,77.688,4052917.4475
2024-02-21 04:03:00,52144.1,52175.0,52144.0,52175.0,18.398,959470.2713
2024-02-21 04:04:00,52175.0,52195.1,52174.9,52195.1,14.71,767662.3195
2024-02-21 04:05:00,52195.1,52209.3,52195.1,52209.3,23.086,1205099.2033
2024-02-21 04:06:00,52209.3,52256.0,52209.2,52245.1,177.774,9286177.9705
2024-02-21 04:07:00,52245.1,52249.7,52213.0,52213.0,38.087,1989331.0547
2024-02-21 04:08:00,52213.0,52225.6,52200.0,52225.6,53.172,2776006.0224
2024-02-21 04:09:00,52225.6,52233.4,52225.5,52230.5,11.949,624095.7391
2024-02-21 04:10:00,52230.5,52232.4,52228.0,52228.0,30.752,1606187.9736
2024-02-21 04:11:00,52228.0,52238.6,52228.0,52231.4,31.489,1644794.0277
2024-02-21 04:12:00,52231.4,52249.0,52231.3,52243.7,40.63,2122564.9618
2024-02-21 04:13:00,52243.7,52291.3,52243.6,52275.3,160.865,8408486.9384
2024-02-21 04:14:00,52275.3,52290.7,52275.2,52285.8,30.9,1615431.9295
2024-02-21 04:15:00,52285.8,52329.9,52285.7,52286.1,227.276,11887528.9441
2024-02-21 04:16:00,52286.1,52286.1,52269.0,52269.1,38.38,2006292.1912
2024-02-21 04:17:00,52269.1,52290.0,52269.0,52289.9,28.75,1502930.6957
2024-02-21 04:18:00,52289.9,52296.5,52285.2,52285.3,50.645,2648255.7772
2024-02-21 04:19:00,52285.3,52314.2,52285.2,52314.1,49.022,2563987.7963
2024-02-21 04:20:00,52314.1,52321.0,52314.1,52321.0,80.897,4232353.8744
2024-02-21 04:21:00,52321.0,52321.0,52316.9,52317.0,29.513,1544138.0775
2024-02-21 04:22:00,52317.0,52317.0,52316.9,52317.0,24.811,1298036.3966
2024-02-21 04:23:00,52317.0,52317.0,52314.0,52314.0,14.333,749848.125
2024-02-21 04:24:00,52314.0,52315.0,52302.2,52307.8,50.261,2628947.3625
2024-02-21 04:25:00,52307.8,52307.9,52301.0,52301.0,9.769,510983.8216
2024-02-21 04:26:00,52301.0,52306.0,52300.9,52305.0,31.368,1640664.4646
2024-02-21 04:27:00,52305.0,52309.9,52300.0,52300.0,38.102,1992868.1521
2024-02-21 04:28:00,52300.0,52300.1,52247.1,52247.1,102.832,5375542.6824
2024-02-21 04:29:00,52247.1,52247.2,52186.6,52188.0,109.729,5729763.7838
2024-02-21 04:30:00,52188.0,52249.9,52186.8,52243.9,109.538,5720236.8855
2024-02-21 04:31:00,52243.9,52268.8,52239.2,52261.9,49.362,2579365.8474
2024-02-21 04:32:00,52261.9,52349.9,52243.8,52293.7,231.184,12093399.5333
2024-02-21 04:33:00,52293.7,52349.9,52275.5,52328.5,99.549,5209079.3769
2024-02-21 04:34:00,52328.5,52340.9,52290.5,52299.2,71.22,3725663.2823
2024-02-21 04:35:00,52299.2,52376.6,52294.0,52362.1,171.583,8982865.0024
2024-02-21 04:36:00,52362.1,52377.1,52347.8,52357.8,135.206,7079786.1309
2024-02-21 04:37:00,52357.8,52398.2,52352.6,52374.7,171.662,8992347.6551
2024-02-21 04:38:00,52374.7,52395.2,52368.5,52389.3,48.881,2560681.4751
2024-02-21 04:39:00,52389.3,52400.0,52375.1,52395.0,122.566,6421264.4547
2024-02-21 04:40:00,52395.0,52449.8,52394.9,52446.0,230.477,12083073.6107
2024-02-21 04:41:00,52446.0,52479.5,52436.5,52472.1,293.617,15403123.1473
2024-02-21 04:42:00,52472.1,52487.7,52465.0,52484.0,154.092,8086519.1157
2024-02-21 04:43:00,52484.0,52487.8,52478.7,52487.8,76.473,4013690.9327
2024-02-21 04:44:00,52487.8,52493.2,52416.3,52419.0,186.295,9772603.3763
2024-02-21 04:45:00,52419.0,52492.6,52419.0,52490.6,74.846,3927331.4467
2024-02-21 04:46:00,52490.6,52547.6,52490.5,52518.9,397.194,20859631.3551
2024-02-21 04:47:00,52518.9,52555.0,52461.5,52513.6,218.353,11468097.8012
2024-02-21 04:48:00,52513.6,52523.0,52442.3,52442.4,186.346,9778152.6918
2024-02-21 04:49:00,52442.4,52473.6,52441.6,52462.9,62.353,3270701.2037
2024-02-21 04:50:00,52462.9,52519.7,52450.0,52518.2,57.647,3025149.9202
2024-02-21 04:51:00,52518.2,52518.3,52467.5,52477.6,77.69,4078294.3807
2024-02-21 04:52:00,52477.6,52477.6,52425.9,52455.7,79.772,4183650.4704
2024-02-21 04:53:00,52455.7,52465.2,52374.5,52378.2,171.166,8970156.3123
2024-02-21 04:54:00,52378.2,52389.1,52312.6,52348.1,239.286,12525810.7849
2024-02-21 04:55:00,52348.1,52398.9,52334.0,52393.1,98.364,5151368.3016
2024-02-21 04:56:00,52393.1,52393.1,52347.1,52347.2,114.234,5982622.1389
2024-02-21 04:57:00,52347.2,52357.2,52324.6,52339.7,58.431,3058354.2275
2024-02-21 04:58:00,52339.7,52348.0,52321.8,52326.4,90.251,4723249.6712
2024-02-21 04:59:00,52326.4,52358.5,52326.4,52355.2,64.536,3377951.9234
2024-02-21 05:00:00,52355.2,52357.1,52327.9,52330.0,45.349,2373676.1756
2024-02-21 05:01:00,52330.0,52330.0,52264.9,52296.0,249.005,13018548.8211
2024-02-21 05:02:00,52296.0,52337.9,52296.0,52320.1,61.729,3229797.4612
2024-02-21 05:03:00,52320.1,52344.0,52309.9,52344.0,46.886,2453140.4431
2024-02-21 05:04:00,52344.0,52344.0,52306.3,52312.4,38.362,2007353.6573
2024-02-21 05:05:00,52312.4,52322.2,52296.1,52320.0,103.141,5395024.2919
2024-02-21 05:06:00,52320.0,52330.0,52251.1,52253.1,168.358,8801008.096
2024-02-21 05:07:00,52253.1,52285.9,52251.2,52285.8,39.66,2072829.5845
2024-02-21 05:08:00,52285.8,52312.0,52260.4,52312.0,65.093,3403685.3333
2024-02-21 05:09:00,52312.0,52318.6,52285.4,52311.2,55.279,2891611.3815
2024-02-21 05:10:00,52311.2,52320.0,52280.9,52295.0,32.03,1674995.2788
2024-02-21 05:11:00,52295.0,52295.0,52261.2,52266.9,27.31,1427553.6061
2024-02-21 05:12:00,52266.9,52271.9,52252.6,52252.7,54.098,2827344.6025
2024-02-21 05:13:00,52252.7,52265.7,52237.0,52265.6,43.707,2283471.059
2024-02-21 05:14:00,52265.6,52265.7,52237.5,52255.3,47.581,2486013.2119
2024-02-21 05:15:00,52255.3,52275.7,52235.2,52235.2,49.41,2581990.1999
2024-02-21 05:16:00,52235.2,52283.5,52228.0,52283.5,37.746,1972720.9948
2024-02-21 05:17:00,52283.5,52329.0,52283.4,52324.0,119.194,6234612.2741
2024-02-21 05:18:00,52324.0,52328.5,52304.1,52308.2,13.374,699642.3414
2024-02-21 05:19:00,52308.2,52325.7,52308.1,52314.0,24.418,1277519.9183
2024-02-21 05:20:00,52314.0,52324.6,52312.3,52312.3,8.749,457712.7856
2024-02-21 05:21:00,52312.3,52312.3,52285.2,52291.6,26.346,1377842.5854
2024-02-21 05:22:00,52291.6,52307.8,52283.0,52307.8,14.728,770118.0131
2024-02-21 05:23:00,52307.8,52317.4,52307.8,52311.0,9.316,487364.5077
2024-02-21 05:24:00,52311.0,52311.0,52302.3,52308.0,16.132,843782.9004
2024-02-21 05:25:00,52308.0,52316.2,52307.9,52315.1,11.47,600044.3654
2024-02-21 05:26:00,52315.1,52338.9,52315.0,52336.7,29.728,1555578.6357
2024-02-21 05:27:00,52336.7,52336.7,52322.0,52335.1,29.641,1551164.0621
2024-02-21 05:28:00,52335.1,52335.1,52288.0,52300.0,44.355,2320008.4432
2024-02-21 05:29:00,52300.0,52304.0,52286.5,52287.1,22.17,1159325.7961
2024-02-21 05:30:00,52287.1,52316.7,52287.1,52296.6,43.986,2300825.0002
2024-02-21 05:31:00,52296.6,52308.1,52271.0,52271.0,27.809,1453893.2498
2024-02-21 05:32:00,52271.0,52282.5,52270.0,52272.5,14.838,775676.3151
2024-02-21 05:33:00,52272.5,52272.5,52252.2,52256.8,59.791,3124881.9795
2024-02-21 05:34:00,52256.8,52325.0,52254.8,52317.3,76.712,4010273.9774
2024-02-21 05:35:00,52317.3,52331.9,52302.0,52315.7,35.596,1862507.4908
2024-02-21 05:36:00,52315.7,52320.0,52299.6,52315.8,20.407,1067533.8954
2024-02-21 05:37:00,52315.8,52352.3,52315.7,52321.3,166.494,8713864.4306
2024-02-21 05:38:00,52321.3,52356.1,52321.2,52350.4,102.596,5369639.2556
2024-02-21 05:39:00,52350.4,52359.4,52336.7,52345.2,70.257,3677990.0331
2024-02-21 05:40:00,52345.2,52393.5,52345.2,52384.9,94.702,4959878.5385
2024-02-21 05:41:00,52384.9,52389.0,52384.8,52389.0,25.599,1341026.3961
2024-02-21 05:42:00,52389.0,52395.5,52388.9,52395.5,30.848,1616200.7928
2024-02-21 05:43:00,52395.5,52404.5,52394.4,52400.1,62.118,3254787.5927
2024-02-21 05:44:00,52400.1,52402.8,52368.2,52370.5,213.028,11159637.5586
2024-02-21 05:45:00,52370.5,52396.5,52370.5,52396.5,84.146,4408062.7215
2024-02-21 05:46:00,52396.5,52396.5,52371.9,52372.0,24.975,1308241.9791
2024-02-21 05:47:00,52372.0,52372.0,52321.5,52321.8,46.656,2442097.4677
2024-02-21 05:48:00,52321.8,52321.8,52302.9,52302.9,37.169,1944262.0894
2024-02-21 05:49:00,52302.9,52318.0,52302.0,52314.1,16.573,866909.2868
2024-02-21 05:50:00,52314.1,52349.7,52314.1,52335.2,14.425,754978.8444
2024-02-21 05:51:00,52335.2,52335.3,52315.2,52315.2,18.163,950306.514
2024-02-21 05:52:00,52315.2,52315.3,52304.1,52306.0,27.152,1420356.9027
2024-02-21 05:53:00,52306.0,52306.1,52300.3,52300.3,10.455,546844.9661
2024-02-21 05:54:00,52300.3,52300.3,52272.7,52278.3,64.765,3386330.3814
2024-02-21 05:55:00,52278.3,52329.9,52272.1,52315.6,38.253,2000110.29
2024-02-21 05:56:00,52315.6,52335.9,52315.6,52328.7,20.671,1081762.9309
2024-02-21 05:57:00,52328.7,52328.7,52318.6,52318.6,5.376,281270.1915
2024-02-21 05:58:00,52318.6,52322.5,52318.6,52322.4,10.504,549578.1243
2024-02-21 05:59:00,52322.4,52341.5,52322.4,52324.5,18.641,975495.3272
2024-02-21 06:00:00,52324.5,52324.6,52291.7,52291.7,37.228,1947460.1849
2024-02-21 06:01:00,52291.7,52292.3,52268.0,52268.0,35.045,1832134.8602
2024-02-21 06:02:00,52268.0,52273.5,52239.1,52257.5,97.536,5096873.3365
2024-02-21 06:03:00,52257.5,52264.0,52241.3,52241.3,32.107,1677705.5471
2024-02-21 06:04:00,52241.3,52275.3,52233.0,52233.0,64.748,3383154.9202
2024-02-21 06:05:00,52233.0,52299.0,52233.0,52298.8,25.177,1315894.0503
2024-02-21 06:06:00,52298.8,52304.7,52276.9,52280.0,67.433,3526604.6506
2024-02-21 06:07:00,52280.0,52280.1,52251.0,52256.2,23.247,1214979.6491
2024-02-21 06:08:00,52256.2,52301.0,52253.3,52301.0,20.039,1047578.6042
2024-02-21 06:09:00,52301.0,52310.0,52292.3,52292.3,28.518,1491552.3905
2024-02-21 06:10:00,52292.3,52292.3,52276.4,52276.4,37.483,1959650.8473
2024-02-21 06:11:00,52276.4,52276.4,52202.0,52211.5,195.158,10193519.3705
2024-02-21 06:12:00,52211.5,52230.4,52197.8,52227.9,197.975,10335689.8954
2024-02-21 06:13:00,52227.9,52244.9,52227.9,52230.4,28.404,1483806.6765
2024-02-21 06:14:00,52230.4,52230.4,52218.5,52230.0,19.647,1026100.4121
2024-02-21 06:15:00,52230.0,52270.0,52230.0,52270.0,57.675,3013449.8223
2024-02-21 06:16:00,52270.0,52270.8,52269.9,52270.8,9.091,475186.7198
2024-02-21 06:17:00,52270.8,52270.8,52192.4,52197.6,111.26,5809265.666
2024-02-21 06:18:00,52197.6,52205.7,52167.3,52187.7,135.379,7065245.7277
2024-02-21 06:19:00,52187.7,52200.0,52183.3,52196.5,82.092,4284678.8782
2024-02-21 06:20:00,52196.5,52213.1,52184.8,52198.0,53.857,2811230.8698
2024-02-21 06:21:00,52198.0,52203.2,52185.3,52203.2,17.647,921039.8531
2024-02-21 06:22:00,52203.2,52203.3,52179.4,52185.3,43.236,2256494.9074
2024-02-21 06:23:00,52185.3,52199.0,52167.5,52172.4,90.811,4738925.8504
2024-02-21 06:24:00,52172.4,52173.9,52156.0,52165.7,45.579,2377601.6104
2024-02-21 06:25:00,52165.7,52173.8,52141.6,52162.7,69.698,3635346.1872
2024-02-21 06:26:00,52162.7,52180.0,52149.8,52178.5,101.464,5292616.8819
2024-02-21 06:27:00,52178.5,52207.0,52169.4,52207.0,36.558,1907751.9735
2024-02-21 06:28:00,52207.0,52223.8,52203.0,52218.0,73.986,3863293.5196
2024-02-21 06:29:00,52218.0,52218.0,52191.5,52191.5,25.027,1306564.0656
2024-02-21 06:30:00,52191.5,52195.5,52166.4,52166.5,18.088,943909.109
2024-02-21 06:31:00,52166.5,52167.7,52149.8,52162.8,119.417,6228427.7051
2024-02-21 06:32:00,52162.8,52166.0,52154.6,52166.0,21.935,1144089.0219
2024-02-21 06:33:00,52166.0,52166.3,52128.7,52150.7,84.367,4398908.4846
2024-02-21 06:34:00,52150.7,52249.9,52147.2,52232.9,119.952,6262594.397
2024-02-21 06:35:00,52232.9,52248.9,52228.0,52237.9,42.576,2224116.6604
2024-02-21 06:36:00,52237.9,52288.0,52237.9,52284.6,88.537,4627846.0287
2024-02-21 06:37:00,52284.6,52288.0,52258.7,52258.8,27.593,1442534.8621
2024-02-21 06:38:00,52258.8,52258.8,52243.6,52243.6,20.134,1051974.4597
2024-02-21 06:39:00,52243.6,52295.3,52242.0,52290.3,49.792,2602150.7679
2024-02-21 06:40:00,52290.3,52311.5,52288.5,52299.0,52.527,2747240.8232
2024-02-21 06:41:00,52299.0,52315.3,52296.1,52315.2,45.112,2359690.7828
2024-02-21 06:42:00,52315.2,52315.2,52278.5,52283.5,21.641,1131594.0543
2024-02-21 06:43:00,52283.5,52295.6,52273.5,52273.5,17.146,896473.5057
2024-02-21 06:44:00,52273.5,52284.1,52272.9,52278.1,14.195,742059.064
2024-02-21 06:45:00,52278.1,52290.2,52253.0,52253.1,94.935,4962018.9325
2024-02-21 06:46:00,52253.1,52265.9,52247.1,52255.4,16.4,856976.9016
2024-02-21 06:47:00,52255.4,52259.9,52251.1,52251.2,6.973,364395.9829
2024-02-21 06:48:00,52251.2,52251.2,52233.8,52233.8,6.649,347381.6422
2024-02-21 06:49:00,52233.8,52233.8,52214.4,52228.0,36.017,1880877.9855
2024-02-21 06:50:00,52228.0,52237.7,52190.3,52195.9,47.508,2480336.9143
2024-02-21 06:51:00,52195.9,52220.2,52195.9,52203.3,17.594,918510.2165
2024-02-21 06:52:00,52203.3,52203.3,52162.9,52169.2,20.686,1079423.9303
2024-02-21 06:53:00,52169.2,52175.0,52153.8,52158.2,18.526,966370.3599
2024-02-21 06:54:00,52158.2,52203.2,52158.1,52194.5,15.244,795586.8597
2024-02-21 06:55:00,52194.5,52206.5,52150.0,52152.2,53.066,2768294.0487
2024-02-21 06:56:00,52152.2,52170.5,52140.7,52170.5,68.694,3582483.5661
2024-02-21 06:57:00,52170.5,52171.6,52170.5,52171.6,6.421,334991.6662
2024-02-21 06:58:00,52171.6,52180.5,52162.3,52162.3,22.177,1157057.2494
2024-02-21 06:59:00,52162.3,52168.5,52150.5,52150.6,43.812,2285005.7766
2024-02-21 07:00:00,52150.6,52180.1,52150.5,52180.1,34.44,1796524.8504
2024-02-21 07:01:00,52180.1,52200.0,52179.8,52179.8,23.368,1219546.5101
2024-02-21 07:02:00,52179.8,52185.7,52177.4,52184.2,12.531,653877.4365
2024-02-21 07:03:00,52184.2,52184.2,52166.4,52169.1,6.973,363806.9723
2024-02-21 07:04:00,52169.1,52174.8,52154.0,52174.7,18.672,973948.0629
2024-02-21 07:05:00,52174.7,52174.8,52141.0,52141.0,17.338,904134.0847
2024-02-21 07:06:00,52141.0,52165.0,52141.0,52160.5,8.855,461853.5503
2024-02-21 07:07:00,52160.5,52160.6,52139.9,52140.0,43.036,2244590.9333
2024-02-21 07:08:00,52140.0,52140.0,52114.6,52125.6,80.086,4174482.9383
2024-02-21 07:09:00,52125.6,52154.0,52115.8,52144.9,30.438,1586738.0015
2024-02-21 07:10:00,52144.9,52153.6,52144.8,52153.6,9.447,492682.5892
2024-02-21 07:11:00,52153.6,52153.6,52127.9,52128.0,10.147,529170.1985
2024-02-21 07:12:00,52128.0,52148.3,52125.0,52125.0,15.449,805467.8333
2024-02-21 07:13:00,52125.0,52126.6,52062.7,52085.3,294.358,15332394.9044
2024-02-21 07:14:00,52085.3,52100.9,52076.3,52094.5,93.738,4882910.1954
2024-02-21 07:15:00,52094.5,52103.2,52084.6,52099.3,25.22,1313883.5156
2024-02-21 07:16:00,52099.3,52099.3,52051.8,52071.7,187.032,9737997.3813
2024-02-21 07:17:00,52071.7,52097.7,52062.0,52082.0,71.824,3740202.216
2024-02-21 07:18:00,52082.0,52097.7,52082.0,52097.5,37.917,1975244.7742
2024-02-21 07:19:00,52097.5,52104.2,52097.5,52104.2,17.201,896202.56
2024-02-21 07:20:00,52104.2,52152.1,52104.2,52150.7,67.197,3503323.8719
2024-02-21 07:21:00,52150.7,52153.3,52147.9,52153.3,15.29,797373.4388
2024-02-21 07:22:00,52153.3,52153.3,52127.1,52133.9,22.975,1198003.1346
2024-02-21 07:23:00,52133.9,52137.5,52106.3,52106.3,14.936,778589.4532
2024-02-21 07:24:00,52106.3,52129.7,52106.3,52124.8,14.662,764157.01
2024-02-21 07:25:00,52124.8,52129.3,52122.6,52128.3,7.644,398432.5503
2024-02-21 07:26:00,52128.3,52128.3,52112.8,52117.8,7.688,400672.3906
2024-02-21 07:27:00,52117.8,52123.0,52108.9,52123.0,21.316,1110843.2903
2024-02-21 07:28:00,52123.0,52134.4,52093.2,52093.2,35.454,1847867.1508
2024-02-21 07:29:00,52093.2,52120.0,52093.2,52120.0,14.85,773804.8417
2024-02-21 07:30:00,52120.0,52148.8,52120.0,52148.8,22.35,1165169.579
2024-02-21 07:31:00,52148.8,52153.8,52145.9,52153.7,24.206,1262269.7036
2024-02-21 07:32:00,52153.7,52166.6,52142.2,52146.0,24.847,1295853.478
2024-02-21 07:33:00,52146.0,52146.1,52124.0,52146.1,19.994,1042356.7235
2024-02-21 07:34:00,52146.1,52146.1,52110.7,52123.4,31.461,1639936.0399
2024-02-21 07:35:00,52123.4,52129.7,52110.7,52111.6,38.694,2016742.8826
2024-02-21 07:36:00,52111.6,52111.6,52098.7,52098.7,29.434,1533652.73
2024-02-21 07:37:00,52098.7,52098.7,52098.5,52098.5,8.897,463520.5636
2024-02-21 07:38:00,52098.5,52098.7,52098.5,52098.6,5.348,278623.4217
2024-02-21 07:39:00,52098.6,52098.7,52085.3,52085.3,29.787,1551698.6973
2024-02-21 07:40:00,52085.3,52096.9,52071.7,52091.2,62.228,3241045.5781
2024-02-21 07:41:00,52091.2,52106.0,52065.6,52071.8,28.49,1483930.3029
2024-02-21 07:42:00,52071.8,52096.3,52059.2,52070.8,30.309,1578545.4033
2024-02-21 07:43:00,52070.8,52094.7,52070.8,52094.6,11.007,573352.3467
2024-02-21 07:44:00,52094.6,52096.1,52087.7,52094.9,8.717,454091.8581
2024-02-21 07:45:00,52094.9,52115.2,52075.8,52102.0,47.984,2500175.6423
2024-02-21 07:46:00,52102.0,52128.7,52102.0,52118.0,17.97,936462.742
2024-02-21 07:47:00,52118.0,52133.3,52102.1,52102.2,23.809,1240765.0665
2024-02-21 07:48:00,52102.2,52106.6,52081.6,52103.0,10.075,524873.8019
2024-02-21 07:49:00,52103.0,52137.0,52099.5,52136.9,16.953,883552.8812
2024-02-21 07:50:00,52136.9,52136.9,52121.2,52123.3,26.323,1372223.1631
2024-02-21 07:51:00,52123.3,52130.0,52112.2,52127.6,11.12,579611.8721
2024-02-21 07:52:00,52127.6,52127.6,52100.3,52100.4,10.518,548084.2279
2024-02-21 07:53:00,52100.4,52123.7,52092.7,52100.8,26.502,1381011.6582
2024-02-21 07:54:00,52100.8,52104.0,52094.3,52094.3,3.799,197920.1211
2024-02-21 07:55:00,52094.3,52131.8,52092.4,52131.8,9.925,517234.0941
2024-02-21 07:56:00,52131.8,52144.1,52112.6,52124.0,36.498,1902645.5628
2024-02-21 07:57:00,52124.0,52145.0,52118.2,52145.0,25.982,1354476.0749
2024-02-21 07:58:00,52145.0,52152.7,52128.4,52128.4,24.178,1260766.3448
2024-02-21 07:59:00,52128.4,52143.6,52128.4,52142.0,4.772,248784.2408
2024-02-21 08:00:00,52142.0,52148.0,52139.4,52141.9,14.589,760684.8029
2024-02-21 08:01:00,52141.9,52150.0,52141.8,52144.1,10.274,535766.4744
2024-02-21 08:02:00,52144.1,52144.2,52100.0,52106.0,22.112,1152443.6639
2024-02-21 08:03:00,52106.0,52141.5,52104.0,52141.4,16.384,853855.2595
2024-02-21 08:04:00,52141.4,52145.0,52131.0,52137.8,26.856,1400287.8194
2024-02-21 08:05:00,52137.8,52146.0,52137.8,52146.0,7.676,400255.7547
2024-02-21 08:06:00,52146.0,52173.4,52145.9,52170.4,54.082,2820846.3729
2024-02-21 08:07:00,52170.4,52170.5,52140.3,52156.7,12.333,643194.3989
2024-02-21 08:08:00,52156.7,52163.6,52153.8,52160.9,8.797,458851.7231
2024-02-21 08:09:00,52160.9,52172.6,52153.8,52156.9,52.374,2732106.5158
2024-02-21 08:10:00,52156.9,52166.0,52122.6,52122.7,24.176,1260631.5628
2024-02-21 08:11:00,52122.7,52152.8,52122.6,52145.8,16.202,844756.5516
2024-02-21 08:12:00,52145.8,52155.8,52145.5,52151.0,5.232,272853.7238
2024-02-21 08:13:00,52151.0,52151.0,52140.2,52140.2,8.027,418570.1112
2024-02-21 08:14:00,52140.2,52140.2,52094.6,52113.4,34.49,1797259.925
2024-02-21 08:15:00,52113.4,52123.6,52108.0,52108.0,24.743,1289474.9131
2024-02-21 08:16:00,52108.0,52119.3,52105.7,52105.7,4.921,256442.8653
2024-02-21 08:17:00,52105.7,52105.7,52095.8,52095.8,15.202,792009.736
2024-02-21 08:18:00,52095.8,52113.9,52095.0,52111.3,15.222,793056.5675
2024-02-21 08:19:00,52111.3,52124.9,52105.8,52114.3,12.619,657663.875
2024-02-21 08:20:00,52114.3,52120.4,52101.0,52101.0,8.412,438331.1242
2024-02-21 08:21:00,52101.0,52109.9,52080.4,52109.9,56.173,2926120.944
2024-02-21 08:22:00,52109.9,52109.9,52066.0,52066.1,13.905,724153.4654
2024-02-21 08:23:00,52066.1,52069.8,52053.3,52054.3,40.499,2108331.1017
2024-02-21 08:24:00,52054.3,52086.0,52054.2,52080.8,24.825,1292683.2938
2024-02-21 08:25:00,52080.8,52092.7,52066.0,52077.8,22.38,1165588.0835
2024-02-21 08:26:00,52077.8,52090.0,52064.6,52083.1,12.062,628207.6936
2024-02-21 08:27:00,52083.1,52097.4,52071.2,52071.3,26.302,1369780.9949
2024-02-21 08:28:00,52071.3,52095.9,52071.2,52095.9,13.862,721963.7299
2024-02-21 08:29:00,52095.9,52095.9,52073.3,52086.9,11.875,618443.1704
2024-02-21 08:30:00,52086.9,52086.9,52071.3,52086.4,11.495,598684.5415
2024-02-21 08:31:00,52086.4,52090.5,52060.0,52090.5,6.185,322068.5117
2024-02-21 08:32:00,52090.5,52098.3,52084.0,52098.3,5.915,308126.9804
2024-02-21 08:33:00,52098.3,52116.8,52071.5,52072.7,20.663,1076692.5137
2024-02-21 08:34:00,52072.7,52087.0,52072.7,52076.9,34.109,1776554.4006
2024-02-21 08:35:00,52076.9,52106.6,52068.9,52106.6,11.804,614765.6215
2024-02-21 08:36:00,52106.6,52133.0,52089.6,52089.7,26.967,1405484.5966
2024-02-21 08:37:00,52089.7,52095.8,52080.0,52095.8,7.557,393577.6484
2024-02-21 08:38:00,52095.8,52106.3,52084.2,52097.3,11.758,612526.2336
2024-02-21 08:39:00,52097.3,52097.3,52080.1,52080.1,11.002,573141.6978
2024-02-21 08:40:00,52080.1,52086.0,52056.1,52056.2,22.313,1161877.7395
2024-02-21 08:41:00,52056.2,52056.2,52041.0,52041.0,31.531,1641106.211
2024-02-21 08:42:00,52041.0,52053.9,52037.1,52040.1,39.377,2049324.2495
2024-02-21 08:43:00,52040.1,52059.3,52040.0,52057.3,20.26,1054549.1854
2024-02-21 08:44:00,52057.3,52059.1,52040.0,52044.6,15.853,825045.0363
2024-02-21 08:45:00,52044.6,52064.7,52037.1,52064.7,21.203,1103513.0338
2024-02-21 08:46:00,52064.7,52070.8,52046.5,52060.0,10.184,530178.3661
2024-02-21 08:47:00,52060.0,52061.0,52059.0,52061.0,3.425,178305.4065
2024-02-21 08:48:00,52061.0,52072.4,52060.9,52072.4,11.476,597541.5115
2024-02-21 08:49:00,52072.4,52083.6,52059.1,52083.5,27.191,1415921.1891
2024-02-21 08:50:00,52083.5,52083.6,52054.8,52063.1,11.078,576834.8817
2024-02-21 08:51:00,52063.1,52089.3,52063.0,52087.6,43.05,2242110.4155
2024-02-21 08:52:00,52087.6,52087.6,52066.8,52081.9,13.145,684600.7836
2024-02-21 08:53:00,52081.9,52081.9,52067.7,52067.7,5.155,268447.6453
2024-02-21 08:54:00,52067.7,52071.8,52056.9,52059.1,4.5,234289.6408
2024-02-21 08:55:00,52059.1,52074.7,52059.1,52074.7,9.576,498569.7004
2024-02-21 08:56:00,52074.7,52083.5,52070.6,52076.5,18.763,977162.0042
2024-02-21 08:57:00,52076.5,52081.3,52074.2,52074.2,6.908,359759.1918
2024-02-21 08:58:00,52074.2,52082.1,52067.4,52072.7,20.388,1061749.2864
2024-02-21 08:59:00,52072.7,52072.7,52060.1,52060.2,4.291,223417.9041
2024-02-21 09:00:00,52060.2,52081.6,52060.2,52068.0,12.09,629610.6021
2024-02-21 09:01:00,52068.0,52071.9,52041.5,52041.5,23.518,1224354.7241
2024-02-21 09:02:00,52041.5,52048.1,52040.8,52040.8,9.63,501182.6498
2024-02-21 09:03:00,52040.8,52053.7,52040.8,52041.6,15.603,812062.9274
2024-02-21 09:04:00,52041.6,52044.1,52037.3,52043.7,7.427,386498.0752
2024-02-21 09:05:00,52043.7,52060.5,52043.7,52055.4,27.215,1416656.2231
2024-02-21 09:06:00,52055.4,52064.6,52043.2,52064.5,20.636,1074147.3211
2024-02-21 09:07:00,52064.5,52068.5,52064.5,52068.5,3.896,202851.6946
2024-02-21 09:08:00,52068.5,52077.2,52068.4,52077.2,11.883,618772.4907
2024-02-21 09:09:00,52077.2,52077.6,52054.7,52054.7,51.955,2704810.054
2024-02-21 09:10:00,52054.7,52054.7,52045.4,52050.1,6.609,343992.558
2024-02-21 09:11:00,52050.1,52051.7,52049.0,52051.7,7.805,406248.8659
2024-02-21 09:12:00,52051.7,52066.1,52050.0,52050.0,32.126,1672313.5751
2024-02-21 09:13:00,52050.0,52053.3,52046.5,52046.6,3.348,174267.9729
2024-02-21 09:14:00,52046.6,52048.3,52043.6,52043.6,12.788,665577.5214
2024-02-21 09:15:00,52043.6,52054.1,52037.0,52046.3,23.097,1202136.2116
2024-02-21 09:16:00,52046.3,52046.3,52030.9,52030.9,13.501,702538.1292
2024-02-21 09:17:00,52030.9,52031.0,52025.0,52025.0,11.842,616109.795
2024-02-21 09:18:00,52025.0,52048.8,52020.0,52048.8,45.836,2384894.6071
2024-02-21 09:19:00,52048.8,52049.2,52032.2,52033.4,20.477,1065605.967
