startTime,openPrice,highPrice,lowPrice,closePrice,volume,turnover
1599244200000,10378.5,10378.5,10372.5,10372.5,0.637,6607.2825
1599244260000,10372.5,10383,10372.5,10380.5,0.366,3799.263
1599244320000,10380.5,10380.5,10380.5,10380.5,0,0
1599244380000,10380.5,10390,10379,10390,1.87,19429.3
1599244440000,10390,10390,10384,10384,0.717,7445.328
1599244500000,10384,10404,10384,10403.5,2.215,23043.7525
1599244560000,10403.5,10403.5,10396,10396,2.023,21031.108
1599244620000,10396,10402,10395.5,10402,0.114,1185.828
1599244680000,10402,10403.5,10402,10403.5,0.235,2444.8225
1599244740000,10403.5,10406.5,10403.5,10406.5,1.447,15058.2055
1599244800000,10406.5,10406.5,10406.5,10406.5,0,0
1599244860000,10406.5,10406.5,10406.5,10406.5,0,0
1599244920000,10406.5,10406.5,10406.5,10406.5,0,0
1599244980000,10406.5,10415.5,10406.5,10415,1.47,15310.05
1599245040000,10415,10415.5,10415,10415.5,0.5,5207.75
1599245100000,10415.5,10417.5,10415.5,10417.5,0.505,5260.8375
1599245160000,10417.5,10423,10417.5,10423,15,156345
1599245220000,10423,10429,10422.5,10429,20.003,208611.287
1599245280000,10429,10429,10419.5,10419.5,4.935,51420.2325
1599245340000,10419.5,10420,10419.5,10420,0.042,437.64
1599245400000,10420,10425,10420,10425,0.158,1647.15
1599245460000,10425,10425,10416.5,10425,2.876,29982.3
1599245520000,10425,10430,10425,10429.5,4.648,48476.316
1599245580000,10429.5,10431.5,10429.5,10429.5,0.432,4505.544
1599245640000,10429.5,10429.5,10415.5,10415.5,5.724,59618.322
1599245700000,10415.5,10429.5,10415.5,10429.5,2.908,30328.986
1599245760000,10429.5,10480,10429.5,10479.5,33.856,354793.952
1599245820000,10479.5,10490,10466.5,10480,13.476,141228.48
1599245880000,10480,10490,10480,10487.5,6.691,70171.8625
1599245940000,10487.5,10509.5,10487.5,10509.5,31.495,330996.7025
1599246000000,10509.5,10547,10509.5,10511,66.109,694871.699
1599246060000,10511,10515.5,10505,10505,14.193,149097.465
1599246120000,10505,10505,10485,10489,7.25,76045.25
1599246180000,10489,10489,10476.5,10485.5,5.681,59568.1255
1599246240000,10485.5,10485.5,10482,10482,1.04,10901.28
1599246300000,10482,10482,10470,10472,3.106,32526.032
1599246360000,10472,10477.5,10472,10474,10.023,104980.902
1599246420000,10474,10487,10474,10486.5,3.898,40876.377
1599246480000,10486.5,10491,10483.5,10483.5,7.642,80114.907
1599246540000,10483.5,10487.5,10477,10487.5,2.436,25547.55
1599246600000,10487.5,10487.5,10486.5,10486.5,0.026,272.649
1599246660000,10486.5,10486.5,10474,10474,3.807,39874.518
1599246720000,10474,10475.5,10474,10475.5,0.001,10.4755
1599246780000,10475.5,10475.5,10469,10469,5.494,57516.686
1599246840000,10469,10471,10468.5,10470.5,1.516,15873.278
1599246900000,10470.5,10485,10470.5,10485,8.426,88346.61
1599246960000,10485,10532,10485,10522,16.728,176012.016
1599247020000,10522,10522,10503.5,10503.5,7.464,78398.124
1599247080000,10503.5,10509.5,10500,10509.5,5.836,61333.442
1599247140000,10509.5,10509.5,10506,10506.5,0.999,10495.9935
1599247200000,10506.5,10511.5,10505,10505,3.908,41053.54
1599247260000,10505,10511.5,10505,10507,1.361,14300.027
1599247320000,10507,10507,10492,10492,4.674,49039.608
1599247380000,10492,10492,10489,10489,0.165,1730.685
1599247440000,10489,10489,10482.5,10483,5.785,60644.155
1599247500000,10483,10484,10474.5,10474.5,5.388,56436.606
1599247560000,10474.5,10481,10474.5,10481,1.011,10596.291
1599247620000,10481,10494,10481,10494,1.723,18081.162
1599247680000,10494,10501.5,10494,10497,5.607,58856.679
1599247740000,10497,10497,10493.5,10493.5,1.503,15771.7305
1599247800000,10493.5,10516.5,10493.5,10508,5.33,56007.64
1599247860000,10508,10517,10508,10514.5,5.587,58744.5115
1599247920000,10514.5,10514.5,10501,10501.5,5.839,61318.2585
1599247980000,10501.5,10512,10501.5,10512,3.103,32618.736
1599248040000,10512,10512.5,10500,10500,2.089,21934.5
1599248100000,10500,10507,10498.5,10506.5,0.556,5841.614
1599248160000,10506.5,10506.5,10488.5,10488.5,2.078,21795.103
1599248220000,10488.5,10488.5,10469,10469,9.791,102501.979
1599248280000,10469,10487.5,10469,10483,9.292,97408.036
1599248340000,10483,10490.5,10483,10486,0.695,7287.77
1599248400000,10486,10492.5,10486,10492.5,1,10492.5
1599248460000,10492.5,10502,10492.5,10502,3.665,38489.83
1599248520000,10502,10502,10492,10499.5,2.518,26437.741
1599248580000,10499.5,10511.5,10499.5,10511.5,2.73,28696.395
1599248640000,10511.5,10511.5,10505,10505,3.89,40864.45
1599248700000,10505,10515,10505,10515,1.863,19589.445
1599248760000,10515,10520,10514.5,10518,3.212,33783.816
1599248820000,10518,10534.5,10518,10534.5,2.337,24619.1265
1599248880000,10534.5,10534.5,10528,10528,0.302,3179.456
1599248940000,10528,10528,10527.5,10527.5,1,10527.5
1599249000000,10527.5,10527.5,10526.5,10526.5,0.492,5179.038
1599249060000,10526.5,10526.5,10526,10526.5,0.178,1873.717
1599249120000,10526.5,10532,10526.5,10531.5,1.517,15976.2855
1599249180000,10531.5,10570,10524.5,10570,27.242,287947.94
1599249240000,10570,10580,10566,10570.5,34.479,364460.2695
1599249300000,10570.5,10594.5,10568,10580,39.933,422491.14
1599249360000,10580,10584,10567,10567,15.519,163989.273
1599249420000,10567,10574.5,10564,10564,13.351,141039.964
1599249480000,10564,10564,10563.5,10564,5.22,55144.08
1599249540000,10564,10570,10563.5,10567,24.403,257866.501
1599249600000,10567,10592,10562,10583,32.05,339185.15
1599249660000,10583,10588,10580.5,10580.5,0.291,3078.9255
1599249720000,10580.5,10580.5,10565,10565,15.022,158707.43
1599249780000,10565,10566.5,10546,10557,20.642,217917.594
1599249840000,10557,10566.5,10556.5,10566.5,3.059,32322.9235
1599249900000,10566.5,10566.5,10557,10563.5,10.865,114772.4275
1599249960000,10563.5,10570,10563.5,10570,3.08,32555.6
1599250020000,10570,10570,10560,10560,1.819,19208.64
1599250080000,10560,10560,10556.5,10559,0.358,3780.122
1599250140000,10559,10562.5,10559,10562.5,1.206,12738.375
1599250200000,10562.5,10566.5,10551,10551.5,4.865,51333.0475
1599250260000,10551.5,10554.5,10550.5,10554.5,2.12,22375.54
1599250320000,10554.5,10554.5,10550.5,10550.5,0.354,3734.877
1599250380000,10550.5,10550.5,10550.5,10550.5,0,0
1599250440000,10550.5,10565,10542,10564.5,12.134,128189.643
1599250500000,10564.5,10564.5,10545,10559.5,12.329,130188.0755
1599250560000,10559.5,10559.5,10555,10557,3.55,37477.35
1599250620000,10557,10571.5,10556.5,10571,2.831,29926.501
1599250680000,10571,10574,10561,10561,5.768,60915.848
1599250740000,10561,10569,10560.5,10569,1.081,11425.089
1599250800000,10569,10569.5,10569,10569.5,1.006,10632.917
1599250860000,10569.5,10574,10569.5,10574,2.262,23918.388
1599250920000,10574,10577,10572.5,10572.5,6.218,65739.805
1599250980000,10572.5,10572.5,10550,10550,8.876,93641.8
1599251040000,10550,10552,10548,10548,3.214,33901.272
1599251100000,10548,10548,10537.5,10545,5.24,55255.8
1599251160000,10545,10550,10543.5,10550,1.62,17091
1599251220000,10550,10553.5,10536,10538,4.138,43606.244
1599251280000,10538,10545,10538,10545,0.399,4207.455
1599251340000,10545,10545.5,10545,10545.5,0.001,10.5455
1599251400000,10545.5,10553,10545.5,10551.5,2.354,24838.231
1599251460000,10551.5,10551.5,10551.5,10551.5,0.153,1614.3795
1599251520000,10551.5,10551.5,10551.5,10551.5,0,0
1599251580000,10551.5,10554,10551.5,10554,0.323,3408.942
1599251640000,10554,10561.5,10554,10561.5,1.28,13518.72
1599251700000,10561.5,10561.5,10561.5,10561.5,0.001,10.5615
1599251760000,10561.5,10564,10561.5,10564,1.34,14155.76
1599251820000,10564,10567,10564,10567,1.496,15808.232
1599251880000,10567,10567,10559,10559,1.387,14645.333
1599251940000,10559,10560,10550.5,10560,2.561,27044.16
1599252000000,10560,10560.5,10559.5,10560.5,2.081,21976.4005
1599252060000,10560.5,10560.5,10552,10552,1.485,15669.72
1599252120000,10552,10552.5,10550.5,10552,1.348,14224.096
1599252180000,10552,10552,10551.5,10551.5,0.114,1202.871
1599252240000,10551.5,10551.5,10550,10550,3.683,38855.65
1599252300000,10550,10550,10540.5,10540.5,3.967,41814.1635
1599252360000,10540.5,10561,10540.5,10561,3.473,36678.353
1599252420000,10561,10566.5,10561,10566.5,2.086,22041.719
1599252480000,10566.5,10567.5,10566,10567.5,5.122,54126.735
1599252540000,10567.5,10567.5,10566,10566,0.89,9403.74
1599252600000,10566,10567.5,10565.5,10567.5,2.501,26429.3175
1599252660000,10567.5,10567.5,10567.5,10567.5,0,0
1599252720000,10567.5,10574,10567.5,10574,2.513,26572.462
1599252780000,10574,10587.5,10574,10581,10.448,110550.288
1599252840000,10581,10581,10572,10572,1.163,12295.236
1599252900000,10572,10572.5,10570.5,10572.5,0.274,2896.865
1599252960000,10572.5,10572.5,10572.5,10572.5,0.052,549.77
1599253020000,10572.5,10573,10572.5,10572.5,2.002,21166.145
1599253080000,10572.5,10573,10572.5,10573,0.01,105.73
1599253140000,10573,10576.5,10573,10576.5,3.85,40719.525
1599253200000,10576.5,10579,10576.5,10579,0.4,4231.6
1599253260000,10579,10579,10579,10579,0.02,211.58
1599253320000,10579,10579,10575.5,10575.5,0.014,148.057
1599253380000,10575.5,10575.5,10570,10570,0.908,9597.56
1599253440000,10570,10570,10570,10570,0,0
1599253500000,10570,10624.5,10570,10606.5,63.699,675623.4435
1599253560000,10606.5,10615.5,10599,10599,4.881,51733.719
1599253620000,10599,10599.5,10599,10599,0.027,286.173
1599253680000,10599,10599.5,10599,10599,0.954,10111.446
1599253740000,10599,10603.5,10599,10600.5,3.221,34144.2105
1599253800000,10600.5,10600.5,10589.5,10589.5,6.39,67666.905
1599253860000,10589.5,10589.5,10587,10587,2.601,27536.787
1599253920000,10587,10587,10586.5,10586.5,1.683,17817.0795
1599253980000,10586.5,10586.5,10580,10580,0.707,7480.06
1599254040000,10580,10588,10580,10588,4.656,49297.728
1599254100000,10588,10588,10587.5,10587.5,0.3,3176.25
1599254160000,10587.5,10587.5,10577,10577,0.781,8260.637
1599254220000,10577,10577,10570,10570,2.319,24511.83
1599254280000,10570,10576.5,10567,10576.5,1.242,13136.013
1599254340000,10576.5,10576.5,10574.5,10574.5,0.267,2823.3915
1599254400000,10574.5,10574.5,10574.5,10574.5,1.699,17966.0755
1599254460000,10574.5,10574.5,10574.5,10574.5,0,0
1599254520000,10574.5,10574.5,10574.5,10574.5,0.007,74.0215
1599254580000,10574.5,10575,10574.5,10575,0.03,317.25
1599254640000,10575,10575,10570,10570.5,3.806,40231.323
1599254700000,10570.5,10570.5,10564.5,10564.5,4.845,51185.0025
1599254760000,10564.5,10564.5,10560,10560,15.253,161071.68
1599254820000,10560,10560,10549.5,10553,6.031,63645.143
1599254880000,10553,10553,10553,10553,0.6,6331.8
1599254940000,10553,10553,10549,10549,0.48,5063.52
1599255000000,10549,10549,10549,10549,0.05,527.45
1599255060000,10549,10553.5,10549,10553.5,7.035,74243.8725
1599255120000,10553.5,10553.5,10553,10553,0.038,401.014
1599255180000,10553,10553,10553,10553,0,0
1599255240000,10553,10553,10553,10553,0,0
1599255300000,10553,10553,10553,10553,0,0
1599255360000,10553,10557,10553,10557,0.236,2491.452
1599255420000,10557,10557,10556.5,10557,0.039,411.723
1599255480000,10557,10557,10557,10557,0,0
1599255540000,10557,10559,10540.5,10540.5,7.438,78400.239
1599255600000,10540.5,10541.5,10539.5,10541.5,0.326,3436.529
1599255660000,10541.5,10554,10541.5,10554,0.141,1488.114
1599255720000,10554,10559,10554,10559,0.296,3125.464
1599255780000,10559,10559,10559,10559,0,0
1599255840000,10559,10567,10559,10567,4.955,52359.485
1599255900000,10567,10570,10567,10570,0.867,9164.19
1599255960000,10570,10570,10570,10570,0,0
1599256020000,10570,10570,10569.5,10569.5,0.002,21.139
1599256080000,10569.5,10569.5,10569.5,10569.5,0,0
1599256140000,10569.5,10570,10569.5,10570,2.327,24596.39
1599256200000,10570,10572,10570,10572,1,10572
1599256260000,10572,10572,10571.5,10571.5,1,10571.5
1599256320000,10571.5,10571.5,10556,10556,2.715,28659.54
1599256380000,10556,10556,10552,10552,0.25,2638
1599256440000,10552,10552.5,10552,10552.5,0.002,21.105
1599256500000,10552.5,10552.5,10552,10552,0.15,1582.8
1599256560000,10552,10552,10549.5,10549.5,2,21099
1599256620000,10549.5,10557,10549.5,10557,4.614,48709.998
1599256680000,10557,10557,10553,10553,0.014,147.742
1599256740000,10553,10553,10553,10553,0,0
1599256800000,10553,10553,10535,10535,0.574,6047.09
1599256860000,10535,10535,10512.5,10522,16.41,172666.02
1599256920000,10522,10525,10517.5,10517.5,0.6,6310.5
1599256980000,10517.5,10523.5,10517.5,10523.5,0.01,105.235
1599257040000,10523.5,10529,10523.5,10529,0.434,4569.586
1599257100000,10529,10542.5,10529,10542.5,3.816,40230.18
1599257160000,10542.5,10545.5,10542.5,10544.5,2.5,26361.25
1599257220000,10544.5,10545,10544.5,10544.5,0.002,21.089
1599257280000,10544.5,10544.5,10544.5,10544.5,0,0
1599257340000,10544.5,10544.5,10531.5,10531.5,4.798,50530.137
1599257400000,10531.5,10531.5,10531.5,10531.5,1,10531.5
1599257460000,10531.5,10531.5,10531,10531,1.516,15964.996
1599257520000,10531,10547.5,10531,10547.5,6.806,71786.285
1599257580000,10547.5,10565,10547.5,10565,3.532,37315.58
1599257640000,10565,10565,10530,10538.5,11.192,117946.892
1599257700000,10538.5,10539.5,10538.5,10539.5,1.033,10887.3035
1599257760000,10539.5,10539.5,10539,10539,0.001,10.539
1599257820000,10539,10539.5,10530,10530,0.112,1179.36
1599257880000,10530,10534.5,10530,10530,0.554,5833.62
1599257940000,10530,10539.5,10530,10539.5,1.6,16863.2
1599258000000,10539.5,10551,10539.5,10550.5,2.268,23928.534
1599258060000,10550.5,10555,10550.5,10550.5,1.66,17513.83
1599258120000,10550.5,10550.5,10533.5,10534,5.848,61602.832
1599258180000,10534,10534,10532,10532.5,0.762,8025.765
1599258240000,10532.5,10535.5,10532.5,10535,0.791,8333.185
1599258300000,10535,10535.5,10535,10535.5,1.205,12695.2775
1599258360000,10535.5,10539.5,10535.5,10539.5,1.5,15809.25
1599258420000,10539.5,10544,10539.5,10544,0.102,1075.488
1599258480000,10544,10568,10544,10568,7.393,78129.224
1599258540000,10568,10568.5,10564,10564,0.586,6190.504
1599258600000,10564,10564,10564,10564,0,0
1599258660000,10564,10574,10564,10574,7.468,78966.632
1599258720000,10574,10574,10567,10567,0.527,5568.809
1599258780000,10567,10567,10567,10567,0,0
1599258840000,10567,10567,10564.5,10565.5,0.3,3169.65
1599258900000,10565.5,10565.5,10563,10563,1.042,11006.646
1599258960000,10563,10563,10561,10561,0.004,42.244
1599259020000,10561,10563.5,10554,10554,2.26,23852.04
1599259080000,10554,10554,10553,10553.5,1.47,15513.645
1599259140000,10553.5,10553.5,10542,10542,1.282,13514.844
1599259200000,10542,10542,10535.5,10536,1.48,15593.28
1599259260000,10536,10536,10535.5,10536,0.615,6479.64
1599259320000,10536,10546,10529.5,10546,5.373,56663.658
1599259380000,10546,10546,10546,10546,0.007,73.822
1599259440000,10546,10546,10541,10542,1.422,14990.724
1599259500000,10542,10544,10518,10518,11.079,116528.922
1599259560000,10518,10527.5,10516.5,10521,2.125,22357.125
1599259620000,10521,10521,10512,10512,2.838,29833.056
1599259680000,10512,10512,10505.5,10505.5,1.182,12417.501
1599259740000,10505.5,10513.5,10505.5,10513.5,0.013,136.6755
1599259800000,10513.5,10513.5,10495.5,10495.5,9.667,101459.9985
1599259860000,10495.5,10496,10480,10480.5,3.266,34229.313
1599259920000,10480.5,10488.5,10447,10457,22.956,240050.892
1599259980000,10457,10484,10457,10471,5.111,53517.281
1599260040000,10471,10471.5,10464.5,10469.5,1.127,11799.1265
1599260100000,10469.5,10471.5,10457,10463.5,19.28,201736.28
1599260160000,10463.5,10472.5,10463.5,10472.5,12.924,135346.59
1599260220000,10472.5,10473,10472.5,10472.5,0.077,806.3825
1599260280000,10472.5,10472.5,10462.5,10462.5,2.088,21845.7
1599260340000,10462.5,10471.5,10461.5,10467,2.306,24136.902
1599260400000,10467,10471,10454,10471,3.302,34575.242
1599260460000,10471,10471,10471,10471,0,0
1599260520000,10471,10473,10471,10473,0.003,31.419
1599260580000,10473,10476.5,10473,10476.5,0.275,2881.0375
1599260640000,10476.5,10479,10476.5,10479,0.049,513.471
1599260700000,10479,10479,10471,10471,2.272,23790.112
1599260760000,10471,10471,10457.5,10457.5,1.046,10938.545
1599260820000,10457.5,10458,10449.5,10451.5,2.495,26076.4925
1599260880000,10451.5,10457.5,10443,10443,7.616,79533.888
1599260940000,10443,10450,10443,10450,1.19,12435.5
1599261000000,10450,10455.5,10448.5,10448.5,0.38,3970.43
1599261060000,10448.5,10470.5,10448.5,10467.5,5.541,58000.4175
1599261120000,10467.5,10467.5,10465.5,10465.5,0.1,1046.55
1599261180000,10465.5,10465.5,10464.5,10464.5,4.559,47707.6555
1599261240000,10464.5,10467,10458.5,10467,0.735,7693.245
1599261300000,10467,10469.5,10465.5,10465.5,2.172,22731.066
1599261360000,10465.5,10465.5,10459,10461,0.576,6025.536
1599261420000,10461,10461,10453.5,10459.5,1.788,18701.586
1599261480000,10459.5,10459.5,10458,10458,0.001,10.458
1599261540000,10458,10458,10451.5,10451.5,1.11,11601.165
1599261600000,10451.5,10457,10450,10457,2.184,22838.088
1599261660000,10457,10457.5,10453.5,10457.5,0.544,5688.88
1599261720000,10457.5,10457.5,10440.5,10446.5,12.896,134718.064
1599261780000,10446.5,10446.5,10446,10446,0.2,2089.2
1599261840000,10446,10446,10440,10440,2.134,22278.96
1599261900000,10440,10440,10440,10440,0,0
1599261960000,10440,10442.5,10440,10442.5,0.266,2777.705
1599262020000,10442.5,10442.5,10441.5,10441.5,2.13,22240.395
1599262080000,10441.5,10447,10441.5,10443.5,6.346,66274.451
1599262140000,10443.5,10464.5,10443.5,10464.5,13.067,136739.6215
1599262200000,10464.5,10465,10459.5,10465,1.904,19925.36
1599262260000,10465,10465,10455,10455,0.649,6785.295
1599262320000,10455,10455.5,10455,10455.5,0.01,104.555
1599262380000,10455.5,10462.5,10455.5,10460,0.264,2761.44
1599262440000,10460,10465.5,10459,10465.5,1.835,19204.1925
1599262500000,10465.5,10465.5,10465,10465,3.416,35748.44
1599262560000,10465,10465,10465,10465,0,0
1599262620000,10465,10465.5,10461,10463,11.287,118095.881
1599262680000,10463,10463,10458.5,10458.5,0.228,2384.538
1599262740000,10458.5,10458.5,10457,10457,0.151,1579.007
1599262800000,10457,10457,10453,10453.5,0.193,2017.5255
1599262860000,10453.5,10458,10452,10458,3.386,35410.788
1599262920000,10458,10468,10458,10464.5,5.988,62661.426
1599262980000,10464.5,10475,10464.5,10475,6.761,70821.475
1599263040000,10475,10487,10474.5,10487,4.339,45503.093
1599263100000,10487,10487,10478.5,10478.5,3.034,31791.769
1599263160000,10478.5,10481.5,10478.5,10481.5,2.552,26748.788
1599263220000,10481.5,10481.5,10465,10465,2.363,24728.795
1599263280000,10465,10465.5,10465,10465.5,0.01,104.655
1599263340000,10465.5,10465.5,10465.5,10465.5,1,10465.5
1599263400000,10465.5,10471,10465.5,10471,0.206,2157.026
1599263460000,10471,10474,10471,10474,0.042,439.908
1599263520000,10474,10474,10473.5,10473.5,0.5,5236.75
1599263580000,10473.5,10473.5,10473,10473,0.013,136.149
1599263640000,10473,10473,10473,10473,0,0
1599263700000,10473,10473,10470.5,10470.5,0.015,157.0575
1599263760000,10470.5,10470.5,10470.5,10470.5,0,0
1599263820000,10470.5,10470.5,10460.5,10460.5,1.502,15711.671
1599263880000,10460.5,10461,10453,10453,4.069,42533.257
1599263940000,10453,10453,10448.5,10448.5,2.619,27364.6215
1599264000000,10448.5,10463.5,10448.5,10463.5,5.726,59914.001
1599264060000,10463.5,10463.5,10450,10450,1.544,16134.8
1599264120000,10450,10461.5,10450,10461.5,2.433,25452.8295
1599264180000,10461.5,10461.5,10454.5,10456.5,1.466,15329.229
1599264240000,10456.5,10463.5,10456.5,10463,0.314,3285.382
1599264300000,10463,10467,10463,10467,1.5,15700.5
1599264360000,10467,10475.5,10467,10475.5,0.416,4357.808
1599264420000,10475.5,10476,10475.5,10475.5,2.002,20971.951
1599264480000,10475.5,10525,10475.5,10518.5,34.201,359743.2185
1599264540000,10518.5,10529,10507,10526,13.946,146795.596
1599264600000,10526,10526,10508,10508,2.902,30494.216
1599264660000,10508,10512,10508,10512,4.249,44665.488
1599264720000,10512,10517,10512,10515,0.148,1556.22
1599264780000,10515,10515,10510,10510,0.53,5570.3
1599264840000,10510,10514.5,10510,10514.5,0.713,7496.8385
1599264900000,10514.5,10515.5,10514.5,10515.5,0.096,1009.488
1599264960000,10515.5,10515.5,10501,10501,5.086,53408.086
1599265020000,10501,10508.5,10501,10507,2.319,24365.733
1599265080000,10507,10509,10507,10509,1.399,14702.091
1599265140000,10509,10509.5,10509,10509.5,0.1,1050.95
1599265200000,10509.5,10509.5,10508,10508,1.632,17149.056
1599265260000,10508,10508.5,10508,10508.5,0.584,6136.964
1599265320000,10508.5,10522,10508,10515.5,7.751,81505.6405
1599265380000,10515.5,10515.5,10514.5,10515.5,0.31,3259.805
1599265440000,10515.5,10519.5,10515.5,10519.5,1.086,11424.177
1599265500000,10519.5,10519.5,10509.5,10511.5,0.466,4898.359
1599265560000,10511.5,10511.5,10508.5,10510,0.142,1492.42
1599265620000,10510,10510,10509.5,10509.5,0.062,651.589
1599265680000,10509.5,10535,10509.5,10535,8.359,88062.065
1599265740000,10535,10537,10531,10536,1.586,16710.096
1599265800000,10536,10566.5,10536,10549.5,26.029,274592.9355
1599265860000,10549.5,10551.5,10544.5,10547,3.275,34541.425
1599265920000,10547,10553.5,10547,10553.5,0.948,10004.718
1599265980000,10553.5,10555.5,10553.5,10553.5,0.326,3440.441
1599266040000,10553.5,10553.5,10545,10545,0.326,3437.67
1599266100000,10545,10545,10538.5,10543,3.891,41022.813
1599266160000,10543,10543,10543,10543,1,10543
1599266220000,10543,10543.5,10541.5,10541.5,2.504,26395.916
1599266280000,10541.5,10541.5,10541.5,10541.5,0,0
1599266340000,10541.5,10544.5,10541,10544,2.558,26971.552
1599266400000,10544,10544,10509.5,10510,15.325,161065.75
1599266460000,10510,10510,10490.5,10490.5,18.134,190234.727
1599266520000,10490.5,10495.5,10490.5,10493.5,1.276,13389.706
1599266580000,10493.5,10493.5,10490,10492.5,1.777,18645.1725
1599266640000,10492.5,10492.5,10492.5,10492.5,0,0
1599266700000,10492.5,10492.5,10479.5,10480,16.96,177740.8
1599266760000,10480,10483,10480,10483,6.126,64218.858
1599266820000,10483,10489.5,10483,10486.5,7.986,83745.189
1599266880000,10486.5,10486.5,10486,10486,1,10486
1599266940000,10486,10486,10480.5,10480.5,0.838,8782.659
1599267000000,10480.5,10482,10480.5,10481,0.716,7504.396
1599267060000,10481,10481,10472.5,10472.5,1.654,17321.515
1599267120000,10472.5,10472.5,10471.5,10471.5,1.544,16167.996
1599267180000,10471.5,10471.5,10470,10470,0.199,2083.53
1599267240000,10470,10470.5,10469.5,10469.5,1.849,19358.1055
1599267300000,10469.5,10469.5,10469,10469,0.24,2512.56
1599267360000,10469,10469,10467,10467,0.355,3715.785
1599267420000,10467,10467.5,10460,10460,13.005,136032.3
1599267480000,10460,10474,10459.5,10474,13.487,141262.838
1599267540000,10474,10475,10474,10475,0.113,1183.675
1599267600000,10475,10475,10458.5,10458.5,9.082,94984.097
1599267660000,10458.5,10458.5,10458.5,10458.5,0.1,1045.85
1599267720000,10458.5,10458.5,10458.5,10458.5,0.104,1087.684
1599267780000,10458.5,10458.5,10447,10447,7.188,75093.036
1599267840000,10447,10455,10447,10455,1.843,19268.565
1599267900000,10455,10455.5,10444.5,10454,5.993,62650.822
1599267960000,10454,10454,10444.5,10450,3.703,38696.35
1599268020000,10450,10450,10440,10440,3.894,40653.36
1599268080000,10440,10440.5,10426,10426,9.712,101257.312
1599268140000,10426,10426,10414.5,10418,7.605,79228.89
1599268200000,10418,10418.5,10415,10415,0.46,4790.9
1599268260000,10415,10429,10414,10425.5,9.965,103890.1075
1599268320000,10425.5,10425.5,10420.5,10422,0.816,8504.352
1599268380000,10422,10428,10422,10428,0.562,5860.536
1599268440000,10428,10437.5,10428,10435.5,7.053,73601.5815
1599268500000,10435.5,10435.5,10421.5,10421.5,6.097,63539.8855
1599268560000,10421.5,10430,10421.5,10430,1.831,19097.33
1599268620000,10430,10436,10430,10436,0.697,7273.892
1599268680000,10436,10443.5,10436,10442,11.145,116376.09
1599268740000,10442,10447,10442,10447,0.265,2768.455
1599268800000,10447,10447.5,10436,10436,2.231,23282.716
1599268860000,10436,10436,10424,10424,0.73,7609.52
1599268920000,10424,10424,10422,10422,0.239,2490.858
1599268980000,10422,10424,10421,10421.5,0.44,4585.46
1599269040000,10421.5,10438,10421.5,10438,5.58,58244.04
1599269100000,10438,10455,10438,10454.5,7.176,75021.492
1599269160000,10454.5,10454.5,10448,10448,4.599,48050.352
1599269220000,10448,10448.5,10447.5,10447.5,0.033,344.7675
1599269280000,10447.5,10455,10447,10455,5.424,56707.92
1599269340000,10455,10470,10455,10470,4.353,45575.91
1599269400000,10470,10470,10470,10470,0,0
1599269460000,10470,10471,10470,10470.5,0.485,5078.1925
1599269520000,10470.5,10470.5,10465.5,10465.5,2.251,23557.8405
1599269580000,10465.5,10465.5,10465.5,10465.5,0.588,6153.714
1599269640000,10465.5,10465.5,10465.5,10465.5,0,0
1599269700000,10465.5,10465.5,10464.5,10464.5,0.905,9470.3725
1599269760000,10464.5,10468,10463.5,10468,1.992,20852.256
1599269820000,10468,10470,10468,10469.5,0.716,7496.162
1599269880000,10469.5,10469.5,10469.5,10469.5,0,0
1599269940000,10469.5,10469.5,10467.5,10467.5,0.1,1046.75
1599270000000,10467.5,10468,10467.5,10468,0.24,2512.32
1599270060000,10468,10468,10468,10468,0,0
1599270120000,10468,10470,10468,10470,1.5,15705
1599270180000,10470,10470,10470,10470,2.35,24604.5
1599270240000,10470,10470,10470,10470,0.008,83.76
1599270300000,10470,10478.5,10463.5,10478.5,10.251,107415.1035
1599270360000,10478.5,10480,10478.5,10480,0.386,4045.28
1599270420000,10480,10485.5,10480,10485.5,0.341,3575.5555
1599270480000,10485.5,10500,10485.5,10499.5,3.917,41126.5415
1599270540000,10499.5,10508,10499.5,10502,4.001,42018.502
1599270600000,10502,10502,10500.5,10500.5,0.594,6237.297
1599270660000,10500.5,10500.5,10491,10493.5,1.992,20903.052
1599270720000,10493.5,10494,10493.5,10494,0.071,745.074
1599270780000,10494,10494,10494,10494,0,0
1599270840000,10494,10494,10494,10494,0,0
1599270900000,10494,10494,10491,10493.5,0.079,828.9865
1599270960000,10493.5,10495,10493,10493,2.9,30429.7
1599271020000,10493,10495,10493,10493,0.081,849.933
1599271080000,10493,10494.5,10493,10494.5,0.926,9717.907
1599271140000,10494.5,10494.5,10488,10488,0.209,2191.992
1599271200000,10488,10490,10486,10490,0.304,3188.96
1599271260000,10490,10492,10490,10491,0.221,2318.511
1599271320000,10491,10491,10482,10482,2.487,26068.734
1599271380000,10482,10482,10473.5,10473.5,4.405,46135.7675
1599271440000,10473.5,10473.5,10473.5,10473.5,0,0
1599271500000,10473.5,10473.5,10470.5,10472.5,0.622,6513.895
1599271560000,10472.5,10472.5,10470.5,10470.5,0.47,4921.135
1599271620000,10470.5,10470.5,10469,10469,1.101,11526.369
1599271680000,10469,10488,10469,10488,4.289,44983.032
1599271740000,10488,10490,10488,10490,0.198,2077.02
1599271800000,10490,10495,10490,10495,3.377,35441.615
1599271860000,10495,10495,10493,10493,0.1,1049.3
1599271920000,10493,10493,10487,10487,0.349,3659.963
1599271980000,10487,10490,10487,10490,0.695,7290.55
1599272040000,10490,10490.5,10486,10488,1.311,13749.768
1599272100000,10488,10488,10487.5,10487.5,1,10487.5
1599272160000,10487.5,10488,10487.5,10487.5,5.458,57240.775
1599272220000,10487.5,10488,10476.5,10477,7.938,83166.426
1599272280000,10477,10478,10477,10478,1,10478
1599272340000,10478,10478,10471.5,10475,4.194,43932.15
1599272400000,10475,10481,10473,10473.5,4.353,45591.1455
1599272460000,10473.5,10474.5,10470,10470.5,0.43,4502.315
1599272520000,10470.5,10470.5,10450,10450,21.819,228008.55
1599272580000,10450,10460,10450,10460,1.455,15219.3
1599272640000,10460,10460,10457.5,10457.5,0.24,2509.8
1599272700000,10457.5,10459,10457.5,10459,0.021,219.639
1599272760000,10459,10459,10457,10457,0.24,2509.68
1599272820000,10457,10457.5,10457,10457,0.242,2530.594
1599272880000,10457,10458.5,10457,10458.5,1.297,13564.6745
1599272940000,10458.5,10458.5,10442,10442,4.014,41914.188
1599273000000,10442,10444,10433.5,10444,5.045,52689.98
1599273060000,10444,10444,10444,10444,0,0
1599273120000,10444,10444,10435.5,10435.5,0.614,6407.397
1599273180000,10435.5,10437,10435.5,10437,7.476,78027.012
1599273240000,10437,10437.5,10437,10437,0.941,9821.217
1599273300000,10437,10437,10432,10432,1.208,12601.856
1599273360000,10432,10450,10432,10450,11.114,116141.3
1599273420000,10450,10452.5,10441.5,10443.5,3.519,36750.6765
1599273480000,10443.5,10443.5,10435,10435,6.717,70091.895
1599273540000,10435,10435,10432.5,10435,3.984,41573.04
1599273600000,10435,10435,10428,10428.5,1.119,11669.4915
1599273660000,10428.5,10428.5,10428.5,10428.5,0,0
1599273720000,10428.5,10428.5,10428,10428,1.24,12930.72
1599273780000,10428,10428,10416,10426,2.753,28702.778
1599273840000,10426,10427,10426,10426,2.376,24772.176
1599273900000,10426,10440,10426,10440,12.081,126125.64
1599273960000,10440,10440,10439.5,10440,0.023,240.12
1599274020000,10440,10440,10436,10436,0.38,3965.68
1599274080000,10436,10436,10418.5,10418.5,6.928,72179.368
1599274140000,10418.5,10437,10418.5,10437,5.42,56568.54
1599274200000,10437,10437.5,10437,10437.5,0.029,302.6875
1599274260000,10437.5,10437.5,10435.5,10435.5,0.11,1147.905
1599274320000,10435.5,10435.5,10435.5,10435.5,0,0
1599274380000,10435.5,10435.5,10435.5,10435.5,0,0
1599274440000,10435.5,10435.5,10427,10427,0.913,9519.851
1599274500000,10427,10427,10422.5,10422.5,0.436,4544.21
1599274560000,10422.5,10426,10422.5,10424,0.118,1230.032
1599274620000,10424,10426,10424,10425.5,0.002,20.851
1599274680000,10425.5,10438,10425.5,10437.5,4.733,49400.6875
1599274740000,10437.5,10437.5,10429.5,10431,3.225,33639.975
1599274800000,10431,10437.5,10431,10437.5,1.228,12817.25
1599274860000,10437.5,10441.5,10437.5,10441.5,0.235,2453.7525
1599274920000,10441.5,10442,10441.5,10441.5,0.358,3738.057
1599274980000,10441.5,10446,10441.5,10445.5,0.239,2496.4745
1599275040000,10445.5,10446,10445.5,10446,0.018,188.028
1599275100000,10446,10446,10446,10446,0,0
1599275160000,10446,10446,10445.5,10445.5,0.005,52.2275
1599275220000,10445.5,10448.5,10445.5,10448.5,0.268,2800.198
1599275280000,10448.5,10462,10448.5,10454,13.507,141202.178
1599275340000,10454,10454,10454,10454,0,0
1599275400000,10454,10457,10453.5,10455,3.103,32441.865
1599275460000,10455,10457,10448,10448,0.414,4325.472
1599275520000,10448,10454,10446,10450,7.626,79691.7
1599275580000,10450,10450,10447,10447,0.087,908.889
1599275640000,10447,10447.5,10440,10440,3.402,35516.88
1599275700000,10440,10440,10430,10430,3.31,34523.3
1599275760000,10430,10433.5,10423.5,10423.5,1.002,10444.347
1599275820000,10423.5,10424.5,10419,10419,1.716,17879.004
1599275880000,10419,10422.5,10415,10418.5,5.154,53696.949
1599275940000,10418.5,10418.5,10418.5,10418.5,0,0
1599276000000,10418.5,10418.5,10415.5,10415.5,1.812,18872.886
1599276060000,10415.5,10419,10415.5,10419,0.144,1500.336
1599276120000,10419,10419,10409,10411,1.843,19187.473
1599276180000,10411,10420,10406.5,10420,9.067,94478.14
1599276240000,10420,10422,10411.5,10411.5,4.324,45019.326
1599276300000,10411.5,10411.5,10402,10402.5,3.098,32226.945
1599276360000,10402.5,10403,10397.5,10403,12.856,133740.968
1599276420000,10403,10405,10402.5,10405,2.65,27573.25
1599276480000,10405,10405,10399.5,10399.5,2.105,21890.9475
1599276540000,10399.5,10401.5,10399,10401.5,5.573,57967.5595
1599276600000,10401.5,10416,10401.5,10416,4.952,51580.032
1599276660000,10416,10416,10414,10414,1.793,18672.302
1599276720000,10414,10414,10412,10412,0.098,1020.376
1599276780000,10412,10412,10410,10410.5,0.172,1790.606
1599276840000,10410.5,10414.5,10410.5,10414.5,0.232,2416.164
1599276900000,10414.5,10414.5,10402.5,10402.5,3.348,34827.57
1599276960000,10402.5,10402.5,10397,10397,2.743,28518.971
1599277020000,10397,10397.5,10397,10397,0.002,20.794
1599277080000,10397,10397,10384.5,10395.5,9.218,95825.719
1599277140000,10395.5,10409,10395.5,10409,4.712,49047.208
1599277200000,10409,10412.5,10409,10412.5,2.248,23407.3
1599277260000,10412.5,10416,10412.5,10416,5.668,59037.888
1599277320000,10416,10416,10416,10416,0,0
1599277380000,10416,10422,10416,10419,0.413,4303.047
1599277440000,10419,10419,10418,10418.5,1.467,15283.9395
1599277500000,10418.5,10418.5,10418.5,10418.5,0.287,2990.1095
1599277560000,10418.5,10423.5,10418.5,10423.5,0.531,5534.8785
1599277620000,10423.5,10429.5,10423.5,10429.5,0.722,7530.099
1599277680000,10429.5,10429.5,10429.5,10429.5,0.574,5986.533
1599277740000,10429.5,10429.5,10429.5,10429.5,0.2,2085.9
1599277800000,10429.5,10429.5,10427,10427,0.325,3388.775
1599277860000,10427,10428,10427,10428,0.033,344.124
1599277920000,10428,10428,10428,10428,0.001,10.428
1599277980000,10428,10428,10428,10428,0,0
1599278040000,10428,10428,10427.5,10427.5,0.05,521.375
1599278100000,10427.5,10427.5,10420,10420,1.752,18255.84
1599278160000,10420,10420,10417.5,10417.5,0.268,2791.89
1599278220000,10417.5,10417.5,10417,10417,0.002,20.834
1599278280000,10417,10417.5,10412.5,10412.5,0.827,8611.1375
1599278340000,10412.5,10412.5,10405,10405,1.415,14723.075
1599278400000,10405,10405,10399.5,10400,1.03,10712
1599278460000,10400,10400,10392,10392,0.679,7056.168
1599278520000,10392,10398.5,10391.5,10393,4.475,46508.675
1599278580000,10393,10393,10391.5,10391.5,1.123,11669.6545
1599278640000,10391.5,10391.5,10390,10390,1.013,10525.07
1599278700000,10390,10395,10372,10395,13.508,140415.66
1599278760000,10395,10408,10395,10408,5.098,53059.984
1599278820000,10408,10419,10407.5,10418.5,5.132,53467.742
1599278880000,10418.5,10418.5,10414.5,10416.5,0.543,5656.1595
1599278940000,10416.5,10420,10416.5,10420,0.457,4761.94
1599279000000,10420,10420,10419.5,10419.5,0.071,739.7845
1599279060000,10419.5,10419.5,10412,10413.5,4.1,42695.35
1599279120000,10413.5,10414,10413.5,10413.5,0.785,8174.5975
1599279180000,10413.5,10415.5,10408,10412.5,7.821,81436.1625
1599279240000,10412.5,10412.5,10407,10407,1.157,12040.899
1599279300000,10407,10407,10395.5,10396,2.584,26863.264
1599279360000,10396,10405,10396,10402.5,2.833,29470.2825
1599279420000,10402.5,10402.5,10402,10402,0.002,20.804
1599279480000,10402,10411.5,10402,10406,1.613,16784.878
1599279540000,10406,10406.5,10406,10406.5,0.552,5744.388
1599279600000,10406.5,10420.5,10406.5,10420.5,26.925,280571.9625
1599279660000,10420.5,10434,10420.5,10434,5.487,57251.358
1599279720000,10434,10465.5,10433.5,10459.5,28.121,294131.5995
1599279780000,10459.5,10459.5,10458,10458,1.543,16136.694
1599279840000,10458,10458,10455,10455,1.8,18819
1599279900000,10455,10455,10454.5,10454.5,1.824,19069.008
1599279960000,10454.5,10454.5,10450.5,10454,3.03,31675.62
1599280020000,10454,10454.5,10449,10449,3.21,33541.29
1599280080000,10449,10449,10446.5,10446.5,2.103,21968.9895
1599280140000,10446.5,10450,10446.5,10449.5,1.409,14723.3455
1599280200000,10449.5,10449.5,10449.5,10449.5,0,0
1599280260000,10449.5,10450,10449.5,10450,0.012,125.4
1599280320000,10450,10450,10450,10450,0.049,512.05
1599280380000,10450,10450,10444.5,10445.5,2.403,25100.5365
1599280440000,10445.5,10446.5,10445.5,10446.5,1.15,12013.475
1599280500000,10446.5,10450,10446.5,10450,0.622,6499.9
1599280560000,10450,10450,10446.5,10446.5,2.04,21310.86
1599280620000,10446.5,10446.5,10439,10439,0.528,5511.792
1599280680000,10439,10439,10437,10437,1.005,10489.185
1599280740000,10437,10437,10437,10437,0.058,605.346
1599280800000,10437,10437,10436.5,10436.5,0.116,1210.634
1599280860000,10436.5,10436.5,10436.5,10436.5,0.054,563.571
1599280920000,10436.5,10437,10436.5,10437,0.058,605.346
1599280980000,10437,10437,10437,10437,0.2,2087.4
1599281040000,10437,10437,10437,10437,0,0
1599281100000,10437,10443,10437,10442.5,0.555,5795.5875
1599281160000,10442.5,10443,10442.5,10443,0.038,396.834
1599281220000,10443,10446,10443,10446,0.331,3457.626
1599281280000,10446,10449.5,10445.5,10449.5,10,104495
1599281340000,10449.5,10449.5,10431.5,10431.5,4.519,47139.9485
1599281400000,10431.5,10431.5,10422.5,10422.5,3.191,33258.1975
1599281460000,10422.5,10422.5,10422.5,10422.5,1,10422.5
1599281520000,10422.5,10422.5,10420,10420,2.426,25278.92
1599281580000,10420,10420,10417,10417,1.36,14167.12
1599281640000,10417,10417,10417,10417,0,0
1599281700000,10417,10417,10408,10408.5,8.189,85235.2065
1599281760000,10408.5,10408.5,10408,10408,0.199,2071.192
1599281820000,10408,10408,10407,10407.5,0.06,624.45
1599281880000,10407.5,10409.5,10407.5,10409.5,1.6,16655.2
1599281940000,10409.5,10410,10409.5,10409.5,5.006,52109.957
1599282000000,10409.5,10409.5,10397,10400,4.435,46124
1599282060000,10400,10406,10400,10405,1.746,18167.13
1599282120000,10405,10409,10405,10409,0.23,2394.07
1599282180000,10409,10445,10409,10444,21.016,219491.104
1599282240000,10444,10452,10444,10451.5,14.417,150679.2755
1599282300000,10451.5,10451.5,10441,10441,1.958,20443.478
1599282360000,10441,10441,10439,10439,10.595,110601.205
1599282420000,10439,10439.5,10436,10436,7.424,77476.864
1599282480000,10436,10436,10430,10430,1.637,17073.91
1599282540000,10430,10434.5,10429.5,10434,0.449,4684.866
1599282600000,10434,10434,10434,10434,0.016,166.944
1599282660000,10434,10434,10434,10434,0,0
1599282720000,10434,10434,10430,10430,1.581,16489.83
1599282780000,10430,10430,10430,10430,0,0
1599282840000,10430,10430,10430,10430,0,0
1599282900000,10430,10431,10430,10431,0.23,2399.13
1599282960000,10431,10431,10431,10431,0,0
1599283020000,10431,10431,10430.5,10430.5,0.002,20.861
1599283080000,10430.5,10430.5,10424,10424,3.357,34993.368
1599283140000,10424,10424,10410,10410.5,3.304,34396.292
1599283200000,10410.5,10410.5,10410.5,10410.5,0,0
1599283260000,10410.5,10424.5,10410.5,10420.5,4.782,49830.831
1599283320000,10420.5,10422.5,10416.5,10416.5,1.21,12603.965
1599283380000,10416.5,10416.5,10416.5,10416.5,0,0
1599283440000,10416.5,10416.5,10416.5,10416.5,0,0
1599283500000,10416.5,10420.5,10416.5,10420.5,0.157,1636.0185
1599283560000,10420.5,10423.5,10420.5,10423,1.601,16687.223
1599283620000,10423,10428.5,10423,10428.5,1.517,15820.0345
1599283680000,10428.5,10435.5,10428.5,10435.5,18.099,188872.1145
1599283740000,10435.5,10435.5,10435.5,10435.5,0.2,2087.1
1599283800000,10435.5,10436,10426,10426,4.133,43090.658
1599283860000,10426,10426,10420,10421,0.299,3115.879
1599283920000,10421,10429.5,10421,10429.5,2.327,24269.4465
1599283980000,10429.5,10429.5,10419,10419,3.744,39008.736
1599284040000,10419,10423,10419,10422.5,2.636,27473.71
1599284100000,10422.5,10422.5,10422.5,10422.5,0.8,8338
1599284160000,10422.5,10422.5,10416,10416,0.454,4728.864
1599284220000,10416,10416,10415,10415,0.002,20.83
1599284280000,10415,10415,10415,10415,4.028,41951.62
1599284340000,10415,10415,10414.5,10414.5,0.001,10.4145
1599284400000,10414.5,10414.5,10408.5,10408.5,1.669,17371.7865
1599284460000,10408.5,10411,10408.5,10410.5,0.31,3227.255
1599284520000,10410.5,10415,10410.5,10415,1.386,14435.19
1599284580000,10415,10415,10412.5,10412.5,2.242,23344.825
1599284640000,10412.5,10412.5,10407.5,10407.5,0.416,4329.52
1599284700000,10407.5,10407.5,10406,10406,0.261,2715.966
1599284760000,10406,10408,10405.5,10408,1.704,17735.232
1599284820000,10408,10415,10408,10415,0.503,5238.745
1599284880000,10415,10415,10415,10415,0.221,2301.715
1599284940000,10415,10415,10415,10415,0,0
1599285000000,10415,10425,10415,10425,3.962,41303.85
1599285060000,10425,10425.5,10420.5,10420.5,0.448,4668.384
1599285120000,10420.5,10420.5,10420.5,10420.5,0,0
1599285180000,10420.5,10420.5,10420,10420,0.002,20.84
1599285240000,10420,10421,10420,10421,0.012,125.052
1599285300000,10421,10422.5,10420.5,10420.5,1.024,10670.592
1599285360000,10420.5,10420.5,10409,10409,2.012,20942.908
1599285420000,10409,10409,10408,10409,0.006,62.454
1599285480000,10409,10409,10409,10409,0.001,10.409
1599285540000,10409,10409,10407,10407,0.189,1966.923
1599285600000,10407,10407,10402,10402,1.969,20481.538
1599285660000,10402,10404,10402,10404,0.158,1643.832
1599285720000,10404,10406,10404,10405.5,1.918,19957.749
1599285780000,10405.5,10420,10405.5,10420,5.911,61592.62
1599285840000,10420,10420,10412,10412,2.945,30663.34
1599285900000,10412,10413.5,10412,10413.5,0.434,4519.459
1599285960000,10413.5,10415,10413.5,10415,0.298,3103.67
1599286020000,10415,10416,10415,10415.5,0.002,20.831
1599286080000,10415.5,10418.5,10415.5,10418.5,0.304,3167.224
1599286140000,10418.5,10423,10418.5,10423,1.569,16353.687
1599286200000,10423,10423,10412.5,10412.5,2.46,25614.75
1599286260000,10412.5,10412.5,10412.5,10412.5,0,0
1599286320000,10412.5,10412.5,10402,10402,3.503,36438.206
1599286380000,10402,10402,10400,10400,0.826,8590.4
1599286440000,10400,10400,10400,10400,0.03,312
1599286500000,10400,10400,10400,10400,0.04,416
1599286560000,10400,10400,10398,10398,0.252,2620.296
1599286620000,10398,10407,10397.5,10407,2.807,29212.449
1599286680000,10407,10408,10407,10408,0.15,1561.2
1599286740000,10408,10408,10402,10402,2.01,20908.02
1599286800000,10402,10402,10400,10400,0.112,1164.8
1599286860000,10400,10400.5,10393,10393,2.609,27115.337
1599286920000,10393,10406,10393,10406,0.896,9323.776
1599286980000,10406,10406,10406,10406,0.517,5379.902
1599287040000,10406,10406,10406,10406,0.1,1040.6
1599287100000,10406,10407,10406,10407,0.3,3122.1
1599287160000,10407,10423.5,10407,10423.5,3.854,40172.169
1599287220000,10423.5,10426.5,10422,10422.5,3.899,40637.3275
1599287280000,10422.5,10423,10422.5,10423,0.204,2126.292
1599287340000,10423,10423,10422.5,10422.5,0.3,3126.75
1599287400000,10422.5,10447,10412,10447,16.244,169701.068
1599287460000,10447,10447,10443.5,10443.5,0.135,1409.8725
1599287520000,10443.5,10443.5,10442,10442,2.332,24350.744
1599287580000,10442,10446,10442,10446,0.269,2809.974
1599287640000,10446,10457,10446,10455,13.987,146234.085
1599287700000,10455,10468.5,10454.5,10466,11.407,119385.662
1599287760000,10466,10469,10461,10469,5.658,59233.602
1599287820000,10469,10488,10468.5,10487.5,14.699,154155.7625
1599287880000,10487.5,10487.5,10482.5,10482.5,1.363,14287.6475
1599287940000,10482.5,10491,10482,10488.5,2.568,26934.468
1599288000000,10488.5,10488.5,10483,10483,4.69,49165.27
1599288060000,10483,10486,10483,10486,1.53,16043.58
1599288120000,10486,10486,10484.5,10484.5,2.535,26578.2075
1599288180000,10484.5,10485.5,10484.5,10485,2.261,23706.585
1599288240000,10485,10487.5,10485,10487.5,0.856,8977.3
1599288300000,10487.5,10487.5,10484.5,10484.5,6.92,72552.74
1599288360000,10484.5,10484.5,10483,10483,0.168,1761.144
1599288420000,10483,10483.5,10477.5,10477.5,2.429,25449.8475
1599288480000,10477.5,10477.5,10476.5,10476.5,2.117,22178.7505
1599288540000,10476.5,10476.5,10476.5,10476.5,0,0
1599288600000,10476.5,10476.5,10476,10476,1.45,15190.2
1599288660000,10476,10476,10476,10476,2,20952
1599288720000,10476,10476.5,10476,10476,2.432,25477.632
1599288780000,10476,10476.5,10476,10476.5,2.353,24651.2045
1599288840000,10476.5,10485,10476.5,10485,0.749,7853.265
1599288900000,10485,10485,10482,10482,1.257,13175.874
1599288960000,10482,10482,10481,10481,0.06,628.86
1599289020000,10481,10481.5,10481,10481,0.102,1069.062
1599289080000,10481,10481,10480.5,10480.5,0.502,5261.211
1599289140000,10480.5,10480.5,10479,10479.5,3.952,41414.984
1599289200000,10479.5,10479.5,10468,10468,1.983,20758.044
1599289260000,10468,10469.5,10468,10469.5,0.303,3172.2585
1599289320000,10469.5,10469.5,10469.5,10469.5,0.48,5025.36
1599289380000,10469.5,10469.5,10467,10467.5,1.139,11922.4825
1599289440000,10467.5,10483,10467.5,10483,1.593,16699.419
1599289500000,10483,10483.5,10471,10478.5,13.469,141134.9165
1599289560000,10478.5,10478.5,10477.5,10477.5,0.043,450.5325
1599289620000,10477.5,10477.5,10475,10475,0.167,1749.325
1599289680000,10475,10475,10469.5,10475,1.992,20866.2
1599289740000,10475,10476.5,10475,10476.5,0.501,5248.7265
1599289800000,10476.5,10476.5,10466,10466,0.459,4803.894
1599289860000,10466,10468,10466,10468,0.183,1915.644
1599289920000,10468,10468,10468,10468,0.239,2501.852
1599289980000,10468,10468.5,10468,10468.5,0.5,5234.25
1599290040000,10468.5,10468.5,10468,10468,0.186,1947.048
1599290100000,10468,10468,10467.5,10467.5,0.02,209.35
1599290160000,10467.5,10467.5,10465,10465.5,0.158,1653.549
1599290220000,10465.5,10465.5,10461,10461,1.447,15137.067
1599290280000,10461,10461,10461,10461,0,0
1599290340000,10461,10461,10461,10461,0,0
1599290400000,10461,10461,10461,10461,0.002,20.922
1599290460000,10461,10461.5,10461,10461.5,0.002,20.923
1599290520000,10461.5,10486,10461.5,10486,6.903,72384.858
1599290580000,10486,10486,10479,10479,0.675,7073.325
1599290640000,10479,10482,10479,10482,0.332,3480.024
1599290700000,10482,10482,10482,10482,0,0
1599290760000,10482,10482,10482,10482,0,0
1599290820000,10482,10483,10481.5,10483,0.333,3490.839
1599290880000,10483,10483,10433,10436,24.846,259292.856
1599290940000,10436,10439,10417.5,10437.5,17.943,187280.0625
1599291000000,10437.5,10437.5,10406,10411,10.08,104942.88
1599291060000,10411,10411,10394,10394,3.748,38956.712
1599291120000,10394,10404,10392.5,10404,1.295,13473.18
1599291180000,10404,10404,10394,10394,4.254,44216.076
1599291240000,10394,10403,10390.5,10403,1.895,19713.685
1599291300000,10403,10408,10403,10408,3.178,33076.624
1599291360000,10408,10414,10395,10395,10.67,110914.65
1599291420000,10395,10395,10364.5,10370,40.429,419248.73
1599291480000,10370,10376.5,10369.5,10376,60.283,625496.408
1599291540000,10376,10379,10376,10379,0.354,3674.166
1599291600000,10379,10390,10379,10390,19.365,201202.35
1599291660000,10390,10397,10390,10397,9.08,94404.76
1599291720000,10397,10398.5,10389,10390.5,26.182,272044.071
1599291780000,10390.5,10391,10390.5,10390.5,2.051,21310.9155
1599291840000,10390.5,10394.5,10390.5,10394,1.564,16256.216
1599291900000,10394,10394,10390,10393,1.29,13406.97
1599291960000,10393,10393,10392,10392.5,0.118,1226.315
1599292020000,10392.5,10396,10392.5,10396,1.954,20313.784
1599292080000,10396,10396,10391.5,10391.5,2.268,23567.922
1599292140000,10391.5,10391.5,10386.5,10387,2.58,26798.46
1599292200000,10387,10387,10374,10374,2.179,22604.946
1599292260000,10374,10387,10374,10387,2.695,27992.965
1599292320000,10387,10387.5,10387,10387,0.231,2399.397
1599292380000,10387,10390,10387,10390,1.632,16956.48
1599292440000,10390,10392,10390,10391.5,0.816,8479.464
1599292500000,10391.5,10392,10391.5,10392,0.252,2618.784
1599292560000,10392,10411,10392,10411,8.534,88847.474
1599292620000,10411,10417.5,10410.5,10417.5,17.035,177462.1125
1599292680000,10417.5,10417.5,10414,10414,2.037,21213.318
1599292740000,10414,10414,10405,10408,21.262,221294.896
1599292800000,10408,10408,10393,10393.5,7.285,75716.6475
1599292860000,10393.5,10393.5,10384.5,10387,3.827,39751.049
1599292920000,10387,10387.5,10383.5,10383.5,2.098,21784.583
1599292980000,10383.5,10383.5,10379.5,10379.5,22.167,230082.3765
1599293040000,10379.5,10379.5,10379.5,10379.5,0.642,6663.639
1599293100000,10379.5,10379.5,10371,10373,6.01,62341.73
1599293160000,10373,10384,10373,10383.5,2.867,29769.4945
1599293220000,10383.5,10384,10366.5,10371,7.383,76569.093
1599293280000,10371,10372.5,10371,10372.5,1.263,13100.4675
1599293340000,10372.5,10372.5,10371,10371,0.551,5714.421
1599293400000,10371,10371.5,10368,10368,0.9,9331.2
1599293460000,10368,10368.5,10368,10368.5,2.287,23712.7595
1599293520000,10368.5,10373.5,10368,10368,4.671,48428.928
1599293580000,10368,10368,10368,10368,0.235,2436.48
1599293640000,10368,10368.5,10368,10368,0.5,5184
1599293700000,10368,10369,10368,10369,0.75,7776.75
1599293760000,10369,10383,10369,10380.5,1.913,19857.8965
1599293820000,10380.5,10382.5,10380.5,10382.5,0.102,1059.015
1599293880000,10382.5,10382.5,10382,10382,0.482,5004.124
1599293940000,10382,10387,10381.5,10387,3.121,32417.827
1599294000000,10387,10387,10377.5,10377.5,0.604,6268.01
1599294060000,10377.5,10377.5,10376.5,10376.5,0.102,1058.403
1599294120000,10376.5,10376.5,10340,10351,25.502,263971.202
1599294180000,10351,10351,10341.5,10342.5,3.295,34078.5375
1599294240000,10342.5,10348,10342.5,10348,4.956,51284.688
1599294300000,10348,10351,10348,10351,2.921,30235.271
1599294360000,10351,10357,10349,10349,1.194,12356.706
1599294420000,10349,10353,10349,10353,0.337,3488.961
1599294480000,10353,10357.5,10353,10357.5,0.485,5023.3875
1599294540000,10357.5,10363,10357,10357,1.872,19388.304
1599294600000,10357,10357,10346,10350,3.896,40323.6
1599294660000,10350,10350,10341.5,10341.5,1.728,17870.112
1599294720000,10341.5,10371.5,10340,10371.5,10.644,110394.246
1599294780000,10371.5,10371.5,10367.5,10367.5,2.386,24736.855
1599294840000,10367.5,10370.5,10367,10370.5,0.903,9364.5615
1599294900000,10370.5,10370.5,10370,10370,3.101,32157.37
1599294960000,10370,10370.5,10370,10370.5,0.2,2074.1
1599295020000,10370.5,10370.5,10370,10370,0.002,20.74
1599295080000,10370,10370,10370,10370,0,0
1599295140000,10370,10370.5,10370,10370.5,0.123,1275.5715
1599295200000,10370.5,10370.5,10370.5,10370.5,0,0
1599295260000,10370.5,10370.5,10370,10370,1,10370
1599295320000,10370,10370,10370,10370,0,0
1599295380000,10370,10389,10370,10383,7.254,75318.282
1599295440000,10383,10385,10383,10384.5,1.959,20343.2355
1599295500000,10384.5,10389,10384.5,10389,7.25,75320.25
1599295560000,10389,10389,10389,10389,0,0
1599295620000,10389,10389,10387,10387,0.592,6149.104
1599295680000,10387,10387,10380.5,10380.5,0.455,4723.1275
1599295740000,10380.5,10380.5,10380.5,10380.5,0,0
1599295800000,10380.5,10380.5,10376,10376,0.369,3828.744
1599295860000,10376,10376,10362.5,10362.5,4.375,45335.9375
1599295920000,10362.5,10362.5,10357,10357,6.131,63498.767
1599295980000,10357,10357,10357,10357,0.137,1418.909
1599296040000,10357,10357,10351,10351.5,0.675,6987.2625
1599296100000,10351.5,10351.5,10348.5,10351,2.004,20743.404
1599296160000,10351,10351,10349,10349.5,7,72446.5
1599296220000,10349.5,10349.5,10337,10337,16.987,175594.619
1599296280000,10337,10348,10337,10348,1.709,17684.732
1599296340000,10348,10348.5,10324,10330,11.029,113929.57
1599296400000,10330,10342,10328.5,10340,7.604,78625.36
1599296460000,10340,10340,10324,10328,2.413,24921.464
1599296520000,10328,10328,10327,10328,2.073,21409.944
1599296580000,10328,10328,10320.5,10322.5,9.76,100747.6
1599296640000,10322.5,10337.5,10322.5,10337.5,4.522,46746.175
1599296700000,10337.5,10348,10337.5,10345.5,8.599,88960.9545
1599296760000,10345.5,10345.5,10325.5,10326,7.274,75111.324
1599296820000,10326,10329.5,10320,10320,10.54,108772.8
1599296880000,10320,10320,10317,10319.5,0.457,4716.0115
1599296940000,10319.5,10319.5,10311,10311.5,2.476,25531.274
1599297000000,10311.5,10331.5,10311.5,10331.5,5.564,57484.466
1599297060000,10331.5,10331.5,10305,10308.5,48.774,502786.779
1599297120000,10308.5,10309,10308.5,10309,5.495,56647.955
1599297180000,10309,10321,10309,10320.5,3.728,38474.824
1599297240000,10320.5,10320.5,10310.5,10312.5,2.547,26265.9375
1599297300000,10312.5,10312.5,10286,10286,17.991,185055.426
1599297360000,10286,10298,10282,10295,13.391,137860.345
1599297420000,10295,10319,10295,10319,8.778,90580.182
1599297480000,10319,10333,10319,10332.5,9.399,97115.1675
1599297540000,10332.5,10339,10332.5,10339,4.59,47456.01
1599297600000,10339,10349,10338.5,10348.5,5.67,58675.995
1599297660000,10348.5,10372,10348.5,10371.5,6.045,62695.7175
1599297720000,10371.5,10371.5,10352,10358.5,11.084,114813.614
1599297780000,10358.5,10362.5,10357,10357,2.643,27373.551
1599297840000,10357,10357.5,10357,10357,3.208,33225.256
1599297900000,10357,10367.5,10357,10367.5,5.578,57829.915
1599297960000,10367.5,10367.5,10367.5,10367.5,0,0
1599298020000,10367.5,10368,10367.5,10367.5,0.102,1057.485
1599298080000,10367.5,10367.5,10367.5,10367.5,0.16,1658.8
1599298140000,10367.5,10368,10361,10361,1.198,12412.478
1599298200000,10361,10361,10348,10350.5,4.123,42675.1115
1599298260000,10350.5,10370,10350.5,10370,2.444,25344.28
1599298320000,10370,10370,10369.5,10369.5,1.912,19826.484
1599298380000,10369.5,10371.5,10369.5,10371.5,1.586,16449.199
1599298440000,10371.5,10372,10371.5,10372,0.526,5455.672
1599298500000,10372,10372,10372,10372,0,0
1599298560000,10372,10372,10368.5,10368.5,1.481,15355.7485
1599298620000,10368.5,10369,10368.5,10369,7.786,80733.034
1599298680000,10369,10369,10368.5,10368.5,2.65,27476.525
1599298740000,10368.5,10368.5,10366,10366,0.237,2456.742
1599298800000,10366,10366,10362,10362,1.605,16631.01
1599298860000,10362,10362,10361.5,10361.5,0.326,3377.849
1599298920000,10361.5,10364,10361.5,10364,1.501,15556.364
1599298980000,10364,10368,10364,10364,5.067,52514.388
1599299040000,10364,10364,10364,10364,0,0
1599299100000,10364,10365,10358.5,10358.5,1.286,13321.031
1599299160000,10358.5,10358.5,10349,10349,5.22,54021.78
1599299220000,10349,10349,10348,10348,0.78,8071.44
1599299280000,10348,10348,10327.5,10327.5,3.064,31643.46
1599299340000,10327.5,10327.5,10315.5,10315.5,1.282,13224.471
1599299400000,10315.5,10319,10315,10319,2.022,20865.018
1599299460000,10319,10320,10306,10306,4.572,47119.032
1599299520000,10306,10310,10306,10310,2.14,22063.4
1599299580000,10310,10313.5,10303.5,10313.5,3.784,39026.284
1599299640000,10313.5,10324.5,10310.5,10315,5.431,56020.765
1599299700000,10315,10315,10307,10311.5,2.747,28325.6905
1599299760000,10311.5,10319.5,10311.5,10318.5,1.874,19336.869
1599299820000,10318.5,10318.5,10307.5,10307.5,0.647,6668.9525
1599299880000,10307.5,10312,10299,10300,3.499,36039.7
1599299940000,10300,10300,10298,10298.5,1.204,12399.394
1599300000000,10298.5,10317.5,10288,10317,8.124,83815.308
1599300060000,10317,10331,10317,10331,5.633,58194.523
1599300120000,10331,10331,10308,10308,8.417,86762.436
1599300180000,10308,10308,10286.5,10291.5,3.891,40044.2265
1599300240000,10291.5,10315,10291.5,10315,4.642,47882.23
1599300300000,10315,10315.5,10300.5,10305,0.503,5183.415
1599300360000,10305,10305,10286,10286,2.61,26846.46
1599300420000,10286,10305,10286,10305,5.478,56450.79
1599300480000,10305,10308,10299.5,10299.5,3.133,32268.3335
1599300540000,10299.5,10303,10299.5,10303,0.723,7449.069
1599300600000,10303,10303,10290,10294.5,0.628,6464.946
1599300660000,10294.5,10306.5,10294.5,10306.5,1.591,16397.6415
1599300720000,10306.5,10322.5,10306.5,10316.5,6.62,68295.23
1599300780000,10316.5,10316.5,10316,10316,2.257,23283.212
1599300840000,10316,10316,10309,10309,4.502,46411.118
1599300900000,10309,10314.5,10309,10314.5,0.097,1000.5065
1599300960000,10314.5,10317,10314.5,10317,0.877,9048.009
1599301020000,10317,10327,10317,10326.5,7.252,74887.778
1599301080000,10326.5,10326.5,10320.5,10320.5,0.359,3705.0595
1599301140000,10320.5,10320.5,10310.5,10319,22.684,234076.196
1599301200000,10319,10319,10313,10313,1.5,15469.5
1599301260000,10313,10313,10305,10305,0.824,8491.32
1599301320000,10305,10305,10291,10301,9.472,97571.072
1599301380000,10301,10301.5,10296,10296,2.081,21425.976
1599301440000,10296,10299.5,10295,10299.5,1.05,10814.475
1599301500000,10299.5,10310,10299.5,10310,2.735,28197.85
1599301560000,10310,10315.5,10310,10315.5,3.288,33917.364
1599301620000,10315.5,10315.5,10303,10303,1.553,16000.559
1599301680000,10303,10311.5,10300,10300,1.88,19364
1599301740000,10300,10304.5,10299.5,10303,3.788,39027.764
1599301800000,10303,10303,10290,10290,5.707,58725.03
1599301860000,10290,10290.5,10279,10285,49.334,507400.19
1599301920000,10285,10289,10280,10282,3.304,33971.728
1599301980000,10282,10284,10262,10283.5,17.574,180722.229
1599302040000,10283.5,10291,10281,10281,13.068,134352.108
1599302100000,10281,10290,10281,10290,3.656,37620.24
1599302160000,10290,10300,10289.5,10300,10.973,113021.9
1599302220000,10300,10300,10294.5,10294.5,13.019,134024.0955
1599302280000,10294.5,10294.5,10283.5,10284,3.031,31170.804
1599302340000,10284,10300,10282.5,10300,3.794,39078.2
1599302400000,10300,10315,10300,10314.5,13.132,135450.014
1599302460000,10314.5,10314.5,10306.5,10312.5,2.687,27709.6875
1599302520000,10312.5,10315,10305,10305.5,0.24,2473.32
1599302580000,10305.5,10305.5,10305,10305.5,0.272,2803.096
1599302640000,10305.5,10309,10305.5,10308.5,0.208,2144.168
1599302700000,10308.5,10309,10308.5,10308.5,2.305,23761.0925
1599302760000,10308.5,10323.5,10308.5,10323,3.056,31547.088
1599302820000,10323,10337.5,10323,10337.5,18.676,193063.15
1599302880000,10337.5,10339.5,10331.5,10331.5,6.779,70037.2385
1599302940000,10331.5,10331.5,10324,10324,3.802,39251.848
1599303000000,10324,10324,10321,10321,0.04,412.84
1599303060000,10321,10321,10317,10317,0.213,2197.521
1599303120000,10317,10317,10307,10312,4.004,41289.248
1599303180000,10312,10312,10305,10306.5,0.456,4699.764
1599303240000,10306.5,10312,10304.5,10312,1.409,14529.608
1599303300000,10312,10313,10312,10313,0.1,1031.3
1599303360000,10313,10313.5,10298,10298,2.797,28803.506
1599303420000,10298,10298,10291.5,10294.5,2.234,22997.913
1599303480000,10294.5,10295,10292,10294,0.701,7216.094
1599303540000,10294,10294,10286,10286,3.697,38027.342
1599303600000,10286,10286,10277,10277,1.83,18806.91
1599303660000,10277,10278.5,10272.5,10277.5,6.493,66731.8075
1599303720000,10277.5,10293,10277,10293,3.505,36076.965
1599303780000,10293,10293.5,10293,10293.5,0.854,8790.649
1599303840000,10293.5,10294,10293.5,10294,0.23,2367.62
1599303900000,10294,10294,10288,10288,0.094,967.072
1599303960000,10288,10288,10286,10288,0.148,1522.624
1599304020000,10288,10290.5,10288,10290.5,4.853,49939.7965
1599304080000,10290.5,10291,10290.5,10291,0.136,1399.576
1599304140000,10291,10297.5,10291,10297.5,5,51487.5
1599304200000,10297.5,10298,10295.5,10295.5,0.224,2306.192
1599304260000,10295.5,10295.5,10283,10283,4.176,42941.808
1599304320000,10283,10283,10266,10266,3.368,34575.888
1599304380000,10266,10266,10239,10241.5,17.659,180854.6485
1599304440000,10241.5,10260.5,10241,10252.5,8.921,91462.5525
1599304500000,10252.5,10252.5,10240,10252,8.399,86106.548
1599304560000,10252,10271,10252,10266,36.584,375571.344
1599304620000,10266,10266,10239,10241.5,3.566,36521.189
1599304680000,10241.5,10248,10233,10235,8.3,84950.5
1599304740000,10235,10244,10203.5,10244,55.025,563676.1
1599304800000,10244,10257.5,10244,10248,3.075,31512.6
1599304860000,10248,10248,10205,10207,22.257,227177.199
1599304920000,10207,10222,10206.5,10207,12.055,123045.385
1599304980000,10207,10207,10190,10192.5,18.33,186828.525
1599305040000,10192.5,10204,10190,10204,6.124,62489.296
1599305100000,10204,10209,10197,10199,2.254,22988.546
1599305160000,10199,10199,10190,10197,5.902,60182.694
1599305220000,10197,10202,10197,10198,2.141,21833.918
1599305280000,10198,10198,10170,10177,14.333,145866.941
1599305340000,10177,10205,10177,10201.5,9.812,100097.118
1599305400000,10201.5,10201.5,10175.5,10180.5,13.002,132366.861
1599305460000,10180.5,10219.5,10180.5,10219,27.083,276761.177
1599305520000,10219,10236.5,10219,10227,35.831,366443.637
1599305580000,10227,10227,10220.5,10220.5,3.163,32327.4415
1599305640000,10220.5,10224.5,10220.5,10224.5,7.818,79935.141
1599305700000,10224.5,10224.5,10206.5,10206.5,11.655,118956.7575
1599305760000,10206.5,10206.5,10194.5,10200,7.5,76500
1599305820000,10200,10225,10200,10220.5,13.567,138661.5235
1599305880000,10220.5,10220.5,10210,10213,8.923,91130.599
1599305940000,10213,10213,10212,10212.5,35.345,360960.8125
1599306000000,10212.5,10225.5,10212,10225.5,13.859,141715.2045
1599306060000,10225.5,10226.5,10211,10218,53.168,543270.624
1599306120000,10218,10219,10210.5,10213.5,12.642,129119.067
1599306180000,10213.5,10213.5,10199,10199,8.692,88649.708
1599306240000,10199,10211,10196,10199.5,11.748,119823.726
1599306300000,10199.5,10206.5,10198.5,10206.5,2.048,20902.912
1599306360000,10206.5,10207,10200,10202,0.693,7069.986
1599306420000,10202,10204,10201.5,10201.5,0.195,1989.2925
1599306480000,10201.5,10201.5,10195,10195,5.039,51372.605
1599306540000,10195,10195.5,10165.5,10165.5,14.909,151557.4395
1599306600000,10165.5,10189,10164,10183,11.935,121534.105
1599306660000,10183,10183,10170,10170,6.88,69969.6
1599306720000,10170,10170,10147,10156.5,11.833,120181.8645
1599306780000,10156.5,10160.5,10136,10141,9.703,98398.123
1599306840000,10141,10182.5,10140.5,10182.5,29.639,301799.1175
1599306900000,10182.5,10210,10177,10208,44.926,458604.608
1599306960000,10208,10234,10208,10228,21.065,215452.82
1599307020000,10228,10234,10221,10228,7.718,78939.704
1599307080000,10228,10235.5,10228,10235,1.167,11944.245
1599307140000,10235,10235,10230,10232,5.907,60440.424
1599307200000,10232,10232,10194.5,10207,37.971,387569.997
1599307260000,10207,10226,10207,10222.5,8.006,81841.335
1599307320000,10222.5,10266.5,10222.5,10252,53.982,553423.464
1599307380000,10252,10252.5,10246.5,10246.5,12.34,126441.81
1599307440000,10246.5,10258,10246,10255,6.478,66431.89
1599307500000,10255,10255,10241.5,10241.5,3.539,36244.6685
1599307560000,10241.5,10242,10226.5,10230,6.144,62853.12
1599307620000,10230,10242,10229,10229,5.734,58653.086
1599307680000,10229,10233,10228,10233,1.137,11634.921
1599307740000,10233,10233,10224,10224,3.244,33166.656
1599307800000,10224,10224,10187,10195.5,13.698,139657.959
1599307860000,10195.5,10197,10156.5,10169,24.822,252414.918
1599307920000,10169,10169,10147.5,10157,9.981,101377.017
1599307980000,10157,10157,10116,10150,28.142,285641.3
1599308040000,10150,10153,10125,10125,20.925,211865.625
1599308100000,10125,10148,10118.5,10141.5,29.162,295746.423
1599308160000,10141.5,10179.5,10141.5,10176,28.252,287492.352
1599308220000,10176,10178,10158,10158,6.112,62085.696
1599308280000,10158,10167.5,10154,10154,3.54,35945.16
1599308340000,10154,10154,10122,10135,19.473,197358.855
1599308400000,10135,10149.5,10118.5,10128,65.437,662745.936
1599308460000,10128,10143,10127.5,10142,6.808,69046.736
1599308520000,10142,10152,10136,10144,5.867,59514.848
1599308580000,10144,10144,10129.5,10138.5,4.588,46515.438
1599308640000,10138.5,10160,10135.5,10153.5,4.051,41131.8285
1599308700000,10153.5,10165,10138,10143.5,5.778,58609.143
1599308760000,10143.5,10143.5,10136,10138.5,2.954,29949.129
1599308820000,10138.5,10144,10121.5,10125,7.452,75451.5
1599308880000,10125,10125,10081,10096,43.529,439468.784
1599308940000,10096,10110,10078,10078,33.564,338257.992
1599309000000,10078,10106,10076,10094.5,27.514,277740.073
1599309060000,10094.5,10101,10077.5,10077.5,11.951,120436.2025
1599309120000,10077.5,10099,10077.5,10094,7.392,74614.848
1599309180000,10094,10094,10056,10066,33.555,337764.63
1599309240000,10066,10074,10045.5,10074,32.822,330648.828
1599309300000,10074,10100.5,10074,10084.5,20.946,211229.937
1599309360000,10084.5,10094,10070.5,10073.5,24.724,249057.214
1599309420000,10073.5,10073.5,10033,10043,80.887,812348.141
1599309480000,10043,10048,10015,10019.5,41.543,416240.0885
1599309540000,10019.5,10027.5,9999,10010.5,98.474,985773.977
1599309600000,10010.5,10087.5,10010.5,10083.5,77.151,777952.1085
1599309660000,10083.5,10098,10078,10080,35.819,361055.52
1599309720000,10080,10080.5,10053.5,10053.5,20.285,203935.2475
1599309780000,10053.5,10060,10050,10052,5.475,55034.7
1599309840000,10052,10052,9982.5,9982.5,43.901,438241.7325
1599309900000,9982.5,10065.5,9980,10065.5,73.986,744706.083
1599309960000,10065.5,10066,10040,10049.5,56.603,568831.8485
1599310020000,10049.5,10049.5,9991.5,10009.5,42.223,422631.1185
1599310080000,10009.5,10042,9988,10042,41.193,413660.106
1599310140000,10042,10094.5,10042,10082,52.493,529234.426
1599310200000,10082,10083,10041.5,10041.5,25.936,260436.344
1599310260000,10041.5,10060.5,10026.5,10060.5,33.661,338646.4905
1599310320000,10060.5,10080.5,10044,10044,23.93,240352.92
1599310380000,10044,10050.5,10009,10023.5,30.526,305977.361
1599310440000,10023.5,10023.5,9988,10003.5,36.883,368959.0905
1599310500000,10003.5,10047.5,10003.5,10012.5,25.488,255198.6
1599310560000,10012.5,10023.5,10010,10023.5,4.493,45035.5855
1599310620000,10023.5,10041,10017.5,10024.5,12.716,127471.542
1599310680000,10024.5,10028,10007,10015,7.977,79889.655
1599310740000,10015,10017.5,10006,10007,4.104,41068.728
1599310800000,10007,10020,10004.5,10020,10.719,107404.38
1599310860000,10020,10071.5,10020,10056,80.696,811478.976
1599310920000,10056,10072,10040.5,10072,39.304,395869.888
1599310980000,10072,10081,10068,10075.5,16.896,170235.648
1599311040000,10075.5,10075.5,10055.5,10060,11.258,113255.48
1599311100000,10060,10241.5,10059.5,10198.5,266.943,2722418.1855
1599311160000,10198.5,10242,10187,10218.5,109.242,1116289.377
1599311220000,10218.5,10218.5,10172.5,10175,42.338,430789.15
1599311280000,10175,10195.5,10144,10158,38.694,393053.652
1599311340000,10158,10174,10158,10165.5,12.635,128441.0925
1599311400000,10165.5,10195,10165.5,10176,23.662,240784.512
1599311460000,10176,10191,10176,10186,14.673,149459.178
1599311520000,10186,10186,10163.5,10168,114.391,1163127.688
1599311580000,10168,10172,10158.5,10162.5,12.375,125760.9375
1599311640000,10162.5,10162.5,10150,10151,28.367,287953.417
1599311700000,10151,10151,10147,10147,3.253,33008.191
1599311760000,10147,10178,10147,10175.5,17.85,181632.675
1599311820000,10175.5,10180.5,10169,10169,7.61,77386.09
1599311880000,10169,10176,10161.5,10174.5,6.34,64506.33
1599311940000,10174.5,10176.5,10174,10176.5,0.073,742.8845
1599312000000,10176.5,10208.5,10176.5,10206,15.39,157070.34
1599312060000,10206,10206,10196,10196,6.269,63918.724
1599312120000,10196,10199,10187.5,10187.5,3.289,33506.6875
1599312180000,10187.5,10187.5,10164,10176.5,22.183,225745.2995
1599312240000,10176.5,10176.5,10159.5,10162,4.379,44499.398
1599312300000,10162,10172,10162,10170,3.402,34598.34
1599312360000,10170,10190,10170,10184.5,5.091,51849.2895
1599312420000,10184.5,10185.5,10183,10185.5,1.257,12803.1735
1599312480000,10185.5,10187,10185.5,10187,0.03,305.61
1599312540000,10187,10187,10183,10184.5,1.566,15948.927
1599312600000,10184.5,10190,10179.5,10189,14.288,145580.432
1599312660000,10189,10203,10189,10203,12.676,129333.228
1599312720000,10203,10206,10200,10206,23.738,242270.028
1599312780000,10206,10214,10203.5,10205.5,24.656,251626.808
1599312840000,10205.5,10207.5,10202,10202,1.217,12415.834
1599312900000,10202,10202,10186.5,10186.5,12.223,124509.5895
1599312960000,10186.5,10186.5,10186,10186,0.5,5093
1599313020000,10186,10186.5,10175,10175,5.598,56959.65
1599313080000,10175,10182,10175,10181.5,0.667,6791.0605
1599313140000,10181.5,10181.5,10181,10181,0.109,1109.729
1599313200000,10181,10181,10168.5,10168.5,5.104,51900.024
1599313260000,10168.5,10204.5,10166,10204.5,15.595,159139.1775
1599313320000,10204.5,10204.5,10194.5,10198,4.39,44769.22
1599313380000,10198,10198,10192,10193,2.06,20997.58
1599313440000,10193,10250,10193,10238.5,49.311,504870.6735
1599313500000,10238.5,10313,10234.5,10296.5,54.939,565679.4135
1599313560000,10296.5,10302,10286,10286,18.581,191124.166
1599313620000,10286,10299.5,10286,10297,7.536,77598.192
1599313680000,10297,10306,10294.5,10294.5,18.585,191323.2825
1599313740000,10294.5,10295,10287,10289,7.274,74842.186
1599313800000,10289,10289,10278.5,10283,12.385,127354.955
1599313860000,10283,10287.5,10282.5,10282.5,1.662,17089.515
1599313920000,10282.5,10282.5,10265.5,10279.5,8.832,90788.544
1599313980000,10279.5,10280.5,10277,10280.5,2.367,24333.9435
1599314040000,10280.5,10280.5,10275.5,10276,0.023,236.348
1599314100000,10276,10279,10276,10279,3.197,32861.963
1599314160000,10279,10280.5,10277,10279.5,1.483,15244.4985
1599314220000,10279.5,10280,10279,10280,1.103,11338.84
1599314280000,10280,10283,10280,10283,1.136,11681.488
1599314340000,10283,10298,10283,10298,4.314,44425.572
1599314400000,10298,10342.5,10298,10337,128.189,1325089.693
1599314460000,10337,10337,10319,10319,8.683,89599.877
1599314520000,10319,10320,10305,10310.5,9.766,100692.343
1599314580000,10310.5,10310.5,10280.5,10293,14.217,146335.581
1599314640000,10293,10294,10269,10277.5,15.557,159887.0675
1599314700000,10277.5,10287,10277,10280,5.522,56766.16
1599314760000,10280,10286,10280,10286,0.419,4309.834
1599314820000,10286,10286,10268.5,10273.5,3.448,35423.028
1599314880000,10273.5,10276.5,10269,10276.5,0.346,3555.669
1599314940000,10276.5,10279,10270.5,10275,1.737,17847.675
1599315000000,10275,10275,10270.5,10270.5,0.943,9685.0815
1599315060000,10270.5,10288,10270.5,10288,6.788,69834.944
1599315120000,10288,10293,10286.5,10286.5,0.444,4567.206
1599315180000,10286.5,10286.5,10271,10271,5.889,60485.919
1599315240000,10271,10279,10257,10257,9.303,95420.871
1599315300000,10257,10274,10257,10274,6.774,69596.076
1599315360000,10274,10274,10269,10272,9.236,94872.192
1599315420000,10272,10272.5,10263.5,10267.5,18.401,188932.2675
1599315480000,10267.5,10267.5,10256.5,10259,5.427,55675.593
1599315540000,10259,10259.5,10246.5,10246.5,8.762,89779.833
1599315600000,10246.5,10259.5,10243,10258.5,6.499,66669.9915
1599315660000,10258.5,10258.5,10245,10245,0.54,5532.3
1599315720000,10245,10245,10226.5,10232.5,18.993,194345.8725
1599315780000,10232.5,10233.5,10229,10229,5.912,60473.848
1599315840000,10229,10231.5,10229,10231.5,1.369,14006.9235
1599315900000,10231.5,10250,10231.5,10238,10.874,111328.012
1599315960000,10238,10245,10237.5,10245,13.237,135613.065
1599316020000,10245,10246,10245,10245,12.987,133051.815
1599316080000,10245,10251.5,10245,10251.5,2.027,20779.7905
1599316140000,10251.5,10262,10251.5,10262,4.17,42792.54
1599316200000,10262,10268,10261.5,10263.5,4.74,48648.99
1599316260000,10263.5,10268,10262,10267.5,0.302,3100.785
1599316320000,10267.5,10277,10267.5,10277,4.364,44848.828
1599316380000,10277,10277,10276.5,10276.5,0.06,616.59
1599316440000,10276.5,10277,10267,10277,2.011,20667.047
1599316500000,10277,10277,10266.5,10266.5,4.787,49145.7355
1599316560000,10266.5,10266.5,10255.5,10255.5,2.654,27218.097
1599316620000,10255.5,10266,10255,10266,2.551,26188.566
1599316680000,10266,10268,10263.5,10263.5,2.062,21163.337
1599316740000,10263.5,10276,10262.5,10276,2.195,22555.82
1599316800000,10276,10276,10274.5,10274.5,0.437,4489.9565
1599316860000,10274.5,10285,10274.5,10285,0.805,8279.425
1599316920000,10285,10288.5,10280.5,10288.5,6.817,70136.7045
1599316980000,10288.5,10288.5,10278,10278,2.578,26496.684
1599317040000,10278,10301.5,10278,10300.5,5.149,53037.2745
1599317100000,10300.5,10309.5,10290,10290,8.107,83421.03
1599317160000,10290,10301.5,10288,10288,5.448,56049.024
1599317220000,10288,10288,10273.5,10273.5,6.275,64466.2125
1599317280000,10273.5,10277,10273,10277,0.316,3247.532
1599317340000,10277,10279,10277,10279,0.78,8017.62
1599317400000,10279,10300,10279,10300,5.074,52262.2
1599317460000,10300,10316.5,10300,10314.5,8.074,83279.273
1599317520000,10314.5,10328.5,10312.5,10328.5,11.343,117156.1755
1599317580000,10328.5,10334,10318,10318,5.515,56903.77
1599317640000,10318,10330,10318,10330,3.918,40472.94
1599317700000,10330,10332.5,10316,10322,6.263,64646.686
1599317760000,10322,10326,10322,10323,0.373,3850.479
1599317820000,10323,10323.5,10306.5,10306.5,4.13,42565.845
1599317880000,10306.5,10311,10306,10306,12.644,130309.064
1599317940000,10306,10318,10306,10318,2.743,28302.274
1599318000000,10318,10332.5,10317.5,10326,3.624,37421.424
1599318060000,10326,10326,10297.5,10297.5,15.342,157984.245
1599318120000,10297.5,10309.5,10297.5,10305.5,0.406,4184.033
1599318180000,10305.5,10305.5,10303,10303,0.011,113.333
1599318240000,10303,10309.5,10295,10295,0.435,4478.325
1599318300000,10295,10295,10289.5,10293.5,1.217,12527.1895
1599318360000,10293.5,10293.5,10293.5,10293.5,0.504,5187.924
1599318420000,10293.5,10294,10293.5,10293.5,0.026,267.631
1599318480000,10293.5,10295,10289.5,10295,0.46,4735.7
1599318540000,10295,10300,10295,10300,3.86,39758
1599318600000,10300,10320.5,10300,10320,4.702,48524.64
1599318660000,10320,10324,10320,10323,1.586,16372.278
1599318720000,10323,10332.5,10319.5,10332.5,9.794,101196.505
1599318780000,10332.5,10337,10331,10337,3.179,32861.323
1599318840000,10337,10340,10335.5,10335.5,8.488,87727.724
1599318900000,10335.5,10336,10322.5,10322.5,6.718,69346.555
1599318960000,10322.5,10322.5,10322,10322.5,0.259,2673.5275
1599319020000,10322.5,10322.5,10322,10322,0.026,268.372
1599319080000,10322,10322,10307,10311.5,4.991,51464.6965
1599319140000,10311.5,10313.5,10311,10311,1.565,16136.715
1599319200000,10311,10314.5,10304.5,10314.5,1.72,17740.94
1599319260000,10314.5,10314.5,10299.5,10303,4.507,46435.621
1599319320000,10303,10317,10303,10317,1.658,17105.586
1599319380000,10317,10319,10316.5,10319,0.938,9679.222
1599319440000,10319,10320,10314.5,10314.5,1.207,12449.6015
1599319500000,10314.5,10314.5,10285,10298,13.389,137879.922
1599319560000,10298,10298,10298,10298,0.394,4057.412
1599319620000,10298,10298.5,10298,10298,0.002,20.596
1599319680000,10298,10316.5,10298,10316.5,3.573,36860.8545
1599319740000,10316.5,10316.5,10312.5,10312.5,0.059,608.4375
1599319800000,10312.5,10312.5,10295,10295,4.191,43146.345
1599319860000,10295,10297,10293,10297,2.85,29346.45
1599319920000,10297,10297.5,10291.5,10291.5,10.502,108081.333
1599319980000,10291.5,10291.5,10289.5,10289.5,4.145,42649.9775
1599320040000,10289.5,10289.5,10282,10287.5,5.41,55655.375
1599320100000,10287.5,10290,10285.5,10289.5,0.165,1697.7675
1599320160000,10289.5,10290,10287.5,10288,1.661,17088.368
1599320220000,10288,10289.5,10288,10289.5,0.289,2973.6655
1599320280000,10289.5,10289.5,10285,10285,1.209,12434.565
1599320340000,10285,10292,10285,10292,3.539,36423.388
1599320400000,10292,10292,10287,10288,1.438,14794.144
1599320460000,10288,10305.5,10288,10305.5,3.825,39418.5375
1599320520000,10305.5,10309,10252.5,10279.5,28.489,292852.6755
1599320580000,10279.5,10279.5,10267,10272.5,3.423,35162.7675
1599320640000,10272.5,10272.5,10266.5,10271,0.9,9243.9
1599320700000,10271,10272.5,10268.5,10268.5,0.705,7239.2925
1599320760000,10268.5,10268.5,10265,10266,2.866,29422.356
1599320820000,10266,10266,10265.5,10266,0.004,41.064
1599320880000,10266,10268,10265,10265,1.154,11845.81
1599320940000,10265,10272,10258,10272,1.352,13887.744
1599321000000,10272,10286,10272,10274.5,3.462,35570.319
1599321060000,10274.5,10280,10274.5,10279,3.656,37580.024
1599321120000,10279,10279,10275,10275.5,0.597,6134.4735
1599321180000,10275.5,10280.5,10275.5,10280,2.169,22297.32
1599321240000,10280,10280.5,10280,10280,0.13,1336.4
1599321300000,10280,10280,10253,10265.5,19.839,203657.2545
1599321360000,10265.5,10272.5,10265,10265,3.387,34767.555
1599321420000,10265,10265.5,10253.5,10255.5,3.176,32571.468
1599321480000,10255.5,10263,10255.5,10263,1.904,19540.752
1599321540000,10263,10269.5,10263,10269.5,3.519,36138.3705
1599321600000,10269.5,10272.5,10254,10261,5.114,52474.754
1599321660000,10261,10273,10258.5,10264.5,1.147,11773.3815
1599321720000,10264.5,10268.5,10264.5,10268.5,2.776,28505.356
1599321780000,10268.5,10278.5,10268.5,10278.5,1.948,20022.518
1599321840000,10278.5,10278.5,10275.5,10276.5,0.409,4203.0885
1599321900000,10276.5,10294.5,10276.5,10294.5,2.555,26302.4475
1599321960000,10294.5,10294.5,10290,10290,1.054,10845.66
1599322020000,10290,10290.5,10290,10290,0.14,1440.6
1599322080000,10290,10293,10289,10293,2.874,29582.082
1599322140000,10293,10297.5,10288,10288,2.908,29917.504
1599322200000,10288,10288,10278,10278,0.665,6834.87
1599322260000,10278,10278,10273.5,10273.5,2.228,22889.358
1599322320000,10273.5,10273.5,10268,10268,1.557,15987.276
1599322380000,10268,10268,10262,10262,0.364,3735.368
1599322440000,10262,10262,10258.5,10259,10.262,105277.858
1599322500000,10259,10264.5,10259,10262,0.032,328.384
1599322560000,10262,10262,10243.5,10243.5,6.043,61901.4705
1599322620000,10243.5,10251,10243.5,10251,1.001,10261.251
1599322680000,10251,10253,10249,10253,1.371,14056.863
1599322740000,10253,10257,10250,10257,10.714,109893.498
1599322800000,10257,10262.5,10257,10262.5,2.773,28457.9125
1599322860000,10262.5,10262.5,10257,10257.5,0.557,5713.4275
1599322920000,10257.5,10267.5,10257.5,10267.5,2.605,26746.8375
1599322980000,10267.5,10268,10262,10262,0.032,328.384
1599323040000,10262,10262,10243,10245.5,7.472,76554.376
1599323100000,10245.5,10245.5,10211.5,10220,32.476,331904.72
1599323160000,10220,10233.5,10219.5,10233.5,7.402,75748.367
1599323220000,10233.5,10241,10233.5,10241,7.463,76428.583
1599323280000,10241,10244.5,10241,10244.5,1.525,15622.8625
1599323340000,10244.5,10249,10244.5,10248.5,0.797,8168.0545
1599323400000,10248.5,10250.5,10243,10247,3.814,39082.058
1599323460000,10247,10250,10247,10249.5,0.211,2162.6445
1599323520000,10249.5,10249.5,10238,10239.5,2.854,29223.533
1599323580000,10239.5,10239.5,10225.5,10227.5,7.341,75080.0775
1599323640000,10227.5,10230,10225,10230,3.45,35293.5
1599323700000,10230,10236,10230,10236,5.451,55796.436
1599323760000,10236,10236,10226.5,10226.5,1.333,13631.9245
1599323820000,10226.5,10226.5,10214.5,10214.5,2.581,26363.6245
1599323880000,10214.5,10214.5,10189,10194.5,30.33,309199.185
1599323940000,10194.5,10194.5,10189,10189,6.352,64720.528
1599324000000,10189,10194,10169.5,10193.5,18.603,189629.6805
1599324060000,10193.5,10193.5,10166,10177.5,13.751,139950.8025
1599324120000,10177.5,10180.5,10167,10172,6.492,66036.624
1599324180000,10172,10172,10149.5,10164,22.812,231861.168
1599324240000,10164,10164.5,10141.5,10160,13.852,140736.32
1599324300000,10160,10185,10154,10166.5,20.011,203441.8315
1599324360000,10166.5,10192,10166.5,10189,22.972,234061.708
1599324420000,10189,10191.5,10162,10168.5,9.244,93997.614
1599324480000,10168.5,10168.5,10150,10161,6.015,61118.415
1599324540000,10161,10162,10149,10149,2.573,26113.377
1599324600000,10149,10150.5,10112.5,10120.5,37.807,382625.7435
1599324660000,10120.5,10127,10092,10092,114.513,1155665.196
1599324720000,10092,10135.5,10032,10135.5,152.142,1542035.241
1599324780000,10135.5,10180,10133,10159.5,34.195,347404.1025
1599324840000,10159.5,10210,10154.5,10210,19.75,201647.5
1599324900000,10210,10210,10186.5,10189.5,24.22,246789.69
1599324960000,10189.5,10250,10189.5,10245,53.282,545874.09
1599325020000,10245,10268.5,10234.5,10236.5,42.232,432307.868
1599325080000,10236.5,10250,10236.5,10245,4.264,43684.68
1599325140000,10245,10247.5,10237,10245,2.958,30304.71
1599325200000,10245,10249,10237.5,10249,2.865,29363.385
1599325260000,10249,10269,10249,10267,6.501,66745.767
1599325320000,10267,10267,10238,10238,8.659,88650.842
1599325380000,10238,10238,10212,10213,11.832,120840.216
1599325440000,10213,10213,10186.5,10186.5,6.433,65529.7545
1599325500000,10186.5,10218,10186.5,10218,7.897,80691.546
1599325560000,10218,10233,10218,10225,8.083,82648.675
1599325620000,10225,10227.5,10215,10227.5,3.52,36000.8
1599325680000,10227.5,10227.5,10213,10217,8.232,84106.344
1599325740000,10217,10217,10205,10205,1.777,18134.285
1599325800000,10205,10225,10205,10225,3.907,39949.075
1599325860000,10225,10227,10216,10221,7.922,80970.762
1599325920000,10221,10221,10218.5,10218.5,0.423,4322.4255
1599325980000,10218.5,10218.5,10184,10192.5,33.105,337422.7125
1599326040000,10192.5,10221,10192.5,10221,7.631,77996.451
1599326100000,10221,10221,10199,10199,3.357,34238.043
1599326160000,10199,10199,10171.5,10180,17.839,181601.02
1599326220000,10180,10180,10136,10150,47.601,483150.15
1599326280000,10150,10169,10145.5,10150.5,9.42,95617.71
1599326340000,10150.5,10166,10132.5,10161,37.356,379574.316
1599326400000,10161,10161,10136.5,10141.5,11.508,116708.382
1599326460000,10141.5,10141.5,10130,10140,16.197,164237.58
1599326520000,10140,10173.5,10140,10163,27.463,279106.469
1599326580000,10163,10163,10129,10140,8.48,85987.2
1599326640000,10140,10143,10135,10136.5,32.582,330267.443
1599326700000,10136.5,10157.5,10136,10147.5,8.28,84021.3
1599326760000,10147.5,10148,10132.5,10143.5,2.328,23614.068
1599326820000,10143.5,10144,10115.5,10126.5,3.052,30906.078
1599326880000,10126.5,10152.5,10126.5,10140.5,8.034,81468.777
1599326940000,10140.5,10152.5,10134.5,10135,31.829,322586.915
1599327000000,10135,10135.5,10113.5,10121.5,3.5,35425.25
1599327060000,10121.5,10148,10110,10136,20.007,202790.952
1599327120000,10136,10136,10121,10130,9.06,91777.8
1599327180000,10130,10151.5,10130,10151.5,12.556,127462.234
1599327240000,10151.5,10151.5,10127,10132.5,8.291,84008.5575
1599327300000,10132.5,10140,10132.5,10136,1.596,16177.056
1599327360000,10136,10136,10126,10130.5,2.811,28476.8355
1599327420000,10130.5,10132,10114,10114,4.038,40840.332
1599327480000,10114,10124.5,10114,10115,8.233,83276.795
1599327540000,10115,10118.5,10098.5,10098.5,8.926,90139.211
1599327600000,10098.5,10113,10090,10092.5,31.38,316702.65
1599327660000,10092.5,10103.5,10086,10088,7.593,76598.184
1599327720000,10088,10088,10056,10056,15.103,151875.768
1599327780000,10056,10108.5,10056,10106.5,36.703,370938.8695
1599327840000,10106.5,10126,10106.5,10109,23.214,234670.326
1599327900000,10109,10109.5,10092,10103.5,13.755,138973.6425
1599327960000,10103.5,10153.5,10103.5,10140,39.292,398420.88
1599328020000,10140,10140,10120,10120,5.665,57329.8
1599328080000,10120,10135,10119,10135,5.893,59725.555
1599328140000,10135,10135,10122,10130,18.483,187232.79
1599328200000,10130,10141.5,10130,10130,4.246,43011.98
1599328260000,10130,10130,10111,10115,2.297,23234.155
1599328320000,10115,10126,10112,10116.5,5.62,56854.73
1599328380000,10116.5,10121.5,10113.5,10113.5,1.729,17486.2415
1599328440000,10113.5,10120,10113,10120,1.789,18104.68
1599328500000,10120,10121,10116,10119.5,2.767,28000.6565
1599328560000,10119.5,10134,10114.5,10134,3.098,31395.132
1599328620000,10134,10150,10134,10142.5,5.949,60337.7325
1599328680000,10142.5,10145,10135,10135,1.127,11422.145
1599328740000,10135,10135,10125,10128.5,4.998,50622.243
1599328800000,10128.5,10136.5,10128.5,10130.5,1.448,14668.964
1599328860000,10130.5,10161,10130,10160.5,21.791,221407.4555
1599328920000,10160.5,10172.5,10156.5,10156.5,13.277,134847.8505
1599328980000,10156.5,10157,10144,10144,3.251,32978.144
1599329040000,10144,10144,10125.5,10126,7.473,75671.598
1599329100000,10126,10134,10126,10134,1.804,18281.736
1599329160000,10134,10134,10095.5,10108.5,20.597,208204.7745
1599329220000,10108.5,10112.5,10095,10102,6.548,66147.896
1599329280000,10102,10119.5,10102,10107,6.582,66524.274
1599329340000,10107,10107,10075.5,10095,20.552,207472.44
1599329400000,10095,10097.5,10085.5,10095.5,22.609,228249.1595
1599329460000,10095.5,10116,10095.5,10100,6.466,65306.6
1599329520000,10100,10100,10086.5,10087,3.782,38149.034
1599329580000,10087,10092,10073.5,10082,5.747,57941.254
1599329640000,10082,10082.5,10069,10075,5.142,51805.65
1599329700000,10075,10075,10047,10059.5,75.603,760528.3785
1599329760000,10059.5,10107,10059.5,10107,25.242,255120.894
1599329820000,10107,10122,10101,10110,13.52,136687.2
1599329880000,10110,10119,10103,10115,3.841,38851.715
1599329940000,10115,10119.5,10108,10108,1.728,17466.624
1599330000000,10108,10113.5,10096,10113.5,3.109,31442.8715
1599330060000,10113.5,10116.5,10096,10102,14.348,144943.496
1599330120000,10102,10106.5,10093.5,10093.5,6.35,64093.725
1599330180000,10093.5,10093.5,10068,10088,4.995,50389.56
1599330240000,10088,10109.5,10076,10104,12.485,126148.44
1599330300000,10104,10104,10091,10091,4.11,41474.01
1599330360000,10091,10093,10079,10084,15.131,152581.004
1599330420000,10084,10092.5,10078,10088.5,17.681,178374.7685
1599330480000,10088.5,10088.5,10078,10081.5,18.364,185136.666
1599330540000,10081.5,10102.5,10073.5,10099.5,15.483,156370.5585
1599330600000,10099.5,10103.5,10096,10103.5,3.181,32139.2335
1599330660000,10103.5,10126,10103.5,10114,35.337,357398.418
1599330720000,10114,10114,10090.5,10091.5,18.382,185501.953
1599330780000,10091.5,10106,10069,10083.5,25.237,254477.2895
1599330840000,10083.5,10094.5,10072,10094.5,6.058,61152.481
1599330900000,10094.5,10094.5,10075,10081,3.592,36210.952
1599330960000,10081,10085.5,10074.5,10085.5,2.56,25818.88
1599331020000,10085.5,10092.5,10081.5,10087,8.524,85981.588
1599331080000,10087,10087,10078,10081,9.173,92473.013
1599331140000,10081,10081,10075,10075,3.744,37720.8
1599331200000,10075,10081.5,10075,10081.5,1.068,10767.042
1599331260000,10081.5,10081.5,10052.5,10058.5,11.32,113862.22
1599331320000,10058.5,10075,10057.5,10067,4.985,50183.995
1599331380000,10067,10067,10051,10063.5,12.964,130463.214
1599331440000,10063.5,10063.5,10036.5,10039.5,24.946,250445.367
1599331500000,10039.5,10069,10039.5,10052,13.066,131339.432
1599331560000,10052,10056,10035,10036.5,9.556,95908.794
1599331620000,10036.5,10051.5,10036,10045.5,11.355,114066.6525
1599331680000,10045.5,10045.5,10035,10035,5.68,56998.8
1599331740000,10035,10041,10035,10035,11.614,116546.49
1599331800000,10035,10038,10020,10023,24.312,243679.176
1599331860000,10023,10030.5,10006,10006,15.196,152051.176
1599331920000,10006,10014.5,10006,10007.5,17.408,174210.56
1599331980000,10007.5,10011,9895.5,9911,293.574,2909611.914
1599332040000,9911,9960,9834,9880,265.826,2626360.88
1599332100000,9880,10110,9880,10110,384.21,3884363.1
1599332160000,10110,10133.5,10059,10126,165.258,1673402.508
1599332220000,10126,10190,10113,10159.5,136.208,1383805.176
1599332280000,10159.5,10188.5,10155,10169,108.041,1098668.929
1599332340000,10169,10185,10150,10158.5,99.759,1013401.8015
1599332400000,10158.5,10189.5,10157.5,10189.5,44.127,449632.0665
1599332460000,10189.5,10190,10161,10175.5,27.998,284893.649
1599332520000,10175.5,10175.5,10146.5,10157,57.946,588557.522
1599332580000,10157,10162,10133,10135,20.967,212500.545
1599332640000,10135,10145.5,10133,10133,81.977,830672.941
1599332700000,10133,10133.5,10073,10095,110.407,1114558.665
1599332760000,10095,10107,10057,10084,69.647,702320.348
1599332820000,10084,10104,10073.5,10092,24.538,247637.496
1599332880000,10092,10099.5,10078.5,10091.5,28.657,289192.1155
1599332940000,10091.5,10095.5,10086,10086.5,2.93,29553.445
1599333000000,10086.5,10086.5,10069,10069,30.314,305231.666
1599333060000,10069,10082,10020,10028,100.065,1003451.82
1599333120000,10028,10046,9946,9978,89.547,893499.966
1599333180000,9978,10027.5,9974.5,9990,61.809,617471.91
1599333240000,9990,10010.5,9977,10005.5,75.134,751753.237
1599333300000,10005.5,10032,9998.5,10027.5,16.222,162666.105
1599333360000,10027.5,10048,10015,10034.5,18.375,184383.9375
1599333420000,10034.5,10035.5,10021,10031,8.44,84661.64
1599333480000,10031,10041,10006,10014,52.759,528328.626
1599333540000,10014,10021,10003,10004.5,17.166,171737.247
1599333600000,10004.5,10004.5,9991,9991.5,16.053,160393.5495
1599333660000,9991.5,9999.5,9971,9983,23.709,236686.947
1599333720000,9983,9983,9961,9961,19.254,191789.094
1599333780000,9961,9990.5,9961,9973.5,32.406,323201.241
1599333840000,9973.5,10000,9973.5,10000,8.334,83340
1599333900000,10000,10008,9996.5,9996.5,24.847,248383.0355
1599333960000,9996.5,9996.5,9963,9974.5,21.436,213813.382
1599334020000,9974.5,9974.5,9963,9966.5,4.302,42875.883
1599334080000,9966.5,9966.5,9916,9934.5,92.233,916288.7385
1599334140000,9934.5,9939.5,9888,9910,69.674,690469.34
1599334200000,9910,9910,9888,9904.5,61.771,611810.8695
1599334260000,9904.5,9944,9895,9895,40.648,402211.96
1599334320000,9895,9918.5,9888,9915,18.572,184141.38
1599334380000,9915,9950.5,9915,9948,16.491,164052.468
1599334440000,9948,9955,9933,9933,15.929,158222.757
1599334500000,9933,9939,9910.5,9923.5,6.873,68204.2155
1599334560000,9923.5,9944,9923.5,9932,22.865,227095.18
1599334620000,9932,9934,9920,9922,11.198,111106.556
1599334680000,9922,9944,9911,9937.5,11.203,111329.8125
1599334740000,9937.5,9944,9912.5,9934.5,13.13,130439.985
1599334800000,9934.5,9934.5,9927,9932.5,3.744,37187.28
1599334860000,9932.5,9957,9932.5,9957,14.724,146606.868
1599334920000,9957,10003,9957,10003,24.398,244053.194
1599334980000,10003,10004,9983,10003.5,18.486,184924.701
1599335040000,10003.5,10035.5,10003.5,10035.5,32.569,326846.1995
1599335100000,10035.5,10036,10020,10031,6.768,67889.808
1599335160000,10031,10031,9984,10000,14.908,149080
1599335220000,10000,10000,9953.5,9973.5,23.914,238506.279
1599335280000,9973.5,9990,9942,9980.5,41.522,414410.321
1599335340000,9980.5,9980.5,9953.5,9962.5,11.861,118165.2125
1599335400000,9962.5,9962.5,9953.5,9953.5,4.748,47259.218
1599335460000,9953.5,9953.5,9916,9917.5,26.644,264241.87
1599335520000,9917.5,9931,9917.5,9931,10.877,108019.487
1599335580000,9931,9931,9915,9928,3.78,37527.84
1599335640000,9928,9928,9915,9915,7.823,77565.045
1599335700000,9915,9940.5,9906.5,9940.5,15.757,156632.4585
1599335760000,9940.5,9966,9940.5,9956.5,20.865,207742.3725
1599335820000,9956.5,9956.5,9936.5,9941,6.318,62807.238
1599335880000,9941,9946,9941,9943.5,6.207,61719.3045
1599335940000,9943.5,9962,9938,9961,16.425,163609.425
1599336000000,9961,9961,9946.5,9946.5,39.077,388679.3805
1599336060000,9946.5,9946.5,9926.5,9926.5,3.868,38395.702
1599336120000,9926.5,9930,9920,9930,8.426,83670.18
1599336180000,9930,9934,9903,9917.5,39.607,392802.4225
1599336240000,9917.5,9918.5,9909,9909,1.011,10017.999
1599336300000,9909,9922,9909,9917.5,1.178,11682.815
1599336360000,9917.5,9920,9904,9905,5.673,56191.065
1599336420000,9905,9914.5,9900,9910,5.398,53494.18
1599336480000,9910,9911.5,9896.5,9911,5.244,51973.284
1599336540000,9911,9950,9905.5,9938,24.895,247406.51
1599336600000,9938,9938,9916,9916,3.376,33476.416
1599336660000,9916,9949,9916,9948.5,3.296,32790.256
1599336720000,9948.5,9948.5,9944.5,9944.5,1.234,12271.513
1599336780000,9944.5,9949.5,9942,9949,18.703,186076.147
1599336840000,9949,9982,9949,9975,42.794,426870.15
1599336900000,9975,9998,9972,9998,29.804,297980.392
1599336960000,9998,10061,9998,10035,41.019,411625.665
1599337020000,10035,10043,10026,10026,8.522,85441.572
1599337080000,10026,10032,10016,10031,25.41,254887.71
1599337140000,10031,10063.5,10031,10046,23.655,237638.13
1599337200000,10046,10056,10044.5,10056,17.839,179388.984
1599337260000,10056,10056,10040.5,10053,11.408,114684.624
1599337320000,10053,10059,10050,10051,4.357,43792.207
1599337380000,10051,10051,10041,10041.5,5.254,52758.041
1599337440000,10041.5,10059,10041.5,10058,9.901,99584.258
1599337500000,10058,10058,10043,10043,11.497,115464.371
1599337560000,10043,10043,10025,10025,8.126,81463.15
1599337620000,10025,10030.5,10022.5,10024,5.057,50691.368
1599337680000,10024,10038.5,10024,10029,3.688,36986.952
1599337740000,10029,10031,10029,10031,0.029,290.899
1599337800000,10031,10037.5,10023,10023,4.366,43760.418
1599337860000,10023,10025,10010.5,10015.5,9.036,90500.058
1599337920000,10015.5,10015.5,9996,10000.5,9.02,90204.51
1599337980000,10000.5,10000.5,9989.5,9991.5,6.643,66373.5345
1599338040000,9991.5,9991.5,9978,9978,3.565,35571.57
1599338100000,9978,10024.5,9977,10010.5,23.978,240031.769
1599338160000,10010.5,10027,10010,10026,2.776,27832.176
1599338220000,10026,10039.5,10026,10039.5,4.965,49846.1175
1599338280000,10039.5,10048.5,10037,10037,13.178,132267.586
1599338340000,10037,10041,10028,10032.5,9.529,95599.6925
1599338400000,10032.5,10032.5,10031.5,10031.5,0.349,3500.9935
1599338460000,10031.5,10090,10031.5,10065.5,21.128,212663.884
1599338520000,10065.5,10107.5,10065.5,10082,17.218,173591.876
1599338580000,10082,10090,10073,10088,13.233,133494.504
1599338640000,10088,10092,10070.5,10084.5,7.216,72769.752
1599338700000,10084.5,10102,10084.5,10097,1.426,14398.322
1599338760000,10097,10097.5,10088.5,10088.5,16.638,167852.463
1599338820000,10088.5,10088.5,10071,10082,6.822,68779.404
1599338880000,10082,10082,10079.5,10079.5,2.055,20713.3725
1599338940000,10079.5,10082,10079,10082,1.699,17129.318
1599339000000,10082,10091,10080.5,10080.5,4.717,47549.7185
1599339060000,10080.5,10080.5,10060.5,10062.5,5.97,60073.125
1599339120000,10062.5,10067.5,10060,10065.5,2.125,21389.1875
1599339180000,10065.5,10065.5,10065,10065,0.045,452.925
1599339240000,10065,10065,10050,10058.5,5.226,52565.721
1599339300000,10058.5,10060.5,10058.5,10060.5,0.1,1006.05
1599339360000,10060.5,10072.5,10060.5,10072.5,5.632,56728.32
1599339420000,10072.5,10105,10072,10105,5.632,56911.36
1599339480000,10105,10105,10093,10093,13.964,140938.652
1599339540000,10093,10093.5,10093,10093,2.185,22053.205
1599339600000,10093,10093,10047,10054.5,11.183,112439.4735
1599339660000,10054.5,10061,10044.5,10044.5,3.291,33056.4495
1599339720000,10044.5,10051.5,10043.5,10043.5,3.491,35061.8585
1599339780000,10043.5,10043.5,10036,10037,6.227,62500.399
1599339840000,10037,10037,10032.5,10033,9.378,94089.474
1599339900000,10033,10047.5,10032.5,10036.5,49.406,495863.319
1599339960000,10036.5,10043,10036.5,10043,0.01,100.43
1599340020000,10043,10046,10019,10019,11.099,111200.881
1599340080000,10019,10021.5,9990,9996,15.816,158096.736
1599340140000,9996,10040,9996,10040,3.058,30702.32
1599340200000,10040,10040,10014.5,10014.5,0.8,8011.6
1599340260000,10014.5,10024,10014.5,10024,3.527,35354.648
1599340320000,10024,10032,10024,10032,1.558,15629.856
1599340380000,10032,10032.5,10029,10029,1.23,12335.67
1599340440000,10029,10029,10015,10019,5.253,52629.807
1599340500000,10019,10024.5,10019,10024.5,0.039,390.9555
1599340560000,10024.5,10042,10024.5,10042,1.169,11739.098
1599340620000,10042,10043,10042,10042.5,0.002,20.085
1599340680000,10042.5,10042.5,10035.5,10038.5,1.313,13180.5505
1599340740000,10038.5,10038.5,10038.5,10038.5,0.2,2007.7
1599340800000,10038.5,10047,10038.5,10047,0.252,2531.844
1599340860000,10047,10051,10047,10051,0.214,2150.914
1599340920000,10051,10055,10051,10055,0.302,3036.61
1599340980000,10055,10060.5,10055,10060.5,1.43,14386.515
1599341040000,10060.5,10064.5,10060.5,10064.5,1.12,11272.24
1599341100000,10064.5,10064.5,10056,10056,0.778,7823.568
1599341160000,10056,10056,10049.5,10049.5,5,50247.5
1599341220000,10049.5,10050,10049,10049,0.274,2753.426
1599341280000,10049,10054.5,10042.5,10054.5,2.531,25447.9395
1599341340000,10054.5,10076.5,10054.5,10076.5,4.603,46382.1295
1599341400000,10076.5,10083,10076.5,10083,1.161,11706.363
1599341460000,10083,10095,10082.5,10094.5,10.889,109919.0105
1599341520000,10094.5,10103.5,10091.5,10103.5,2.913,29431.4955
1599341580000,10103.5,10135,10103.5,10126.5,6.937,70247.5305
1599341640000,10126.5,10126.5,10110,10110,1.372,13870.92
1599341700000,10110,10110,10093,10093,0.226,2281.018
1599341760000,10093,10093,10062,10076,15.256,153719.456
1599341820000,10076,10081,10074,10081,1.7,17137.7
1599341880000,10081,10081,10078,10078,0.682,6873.196
1599341940000,10078,10078,10061,10061,5.881,59168.741
1599342000000,10061,10061,10059,10059,0.984,9898.056
1599342060000,10059,10062.5,10058.5,10062.5,1.013,10193.3125
1599342120000,10062.5,10062.5,10048,10054.5,6.467,65022.4515
1599342180000,10054.5,10055.5,10052,10055.5,2.715,27300.6825
1599342240000,10055.5,10066,10055.5,10066,6.276,63174.216
1599342300000,10066,10066,10035,10047.5,8.382,84218.145
1599342360000,10047.5,10055,10047.5,10055,6.296,63306.28
1599342420000,10055,10055,10054.5,10055,0.792,7963.56
1599342480000,10055,10055.5,10053,10053,0.045,452.385
1599342540000,10053,10053,10037,10037,0.759,7618.083
1599342600000,10037,10087.5,10036.5,10087.5,12.596,127062.15
1599342660000,10087.5,10087.5,10074,10074,0.621,6255.954
1599342720000,10074,10098.5,10065.5,10098.5,5.783,58399.6255
1599342780000,10098.5,10098.5,10084,10084,2.187,22053.708
1599342840000,10084,10094,10084,10089,3.84,38741.76
1599342900000,10089,10093,10089,10093,0.5,5046.5
1599342960000,10093,10093,10070,10080.5,3.868,38991.374
1599343020000,10080.5,10087,10080.5,10087,0.887,8947.169
1599343080000,10087,10087,10082,10082,0.092,927.544
1599343140000,10082,10082.5,10082,10082.5,0.178,1794.685
1599343200000,10082.5,10083,10082.5,10083,39.741,400708.503
1599343260000,10083,10100,10077.5,10100,39.171,395627.1
1599343320000,10100,10127,10100,10116,9.799,99126.684
1599343380000,10116,10119.5,10112,10112,2.247,22721.664
1599343440000,10112,10112,10109.5,10109.5,0.516,5216.502
1599343500000,10109.5,10121,10109.5,10121,0.568,5748.728
1599343560000,10121,10137,10117.5,10120.5,49.461,500570.0505
1599343620000,10120.5,10122.5,10120,10120.5,85.154,861801.057
1599343680000,10120.5,10121,10118.5,10118.5,19.548,197796.438
1599343740000,10118.5,10136,10100,10126.5,20.37,206276.805
1599343800000,10126.5,10136,10124.5,10128,1.853,18767.184
1599343860000,10128,10128,10128,10128,0,0
1599343920000,10128,10137,10128,10129.5,3.836,38856.762
1599343980000,10129.5,10129.5,10129.5,10129.5,0,0
1599344040000,10129.5,10129.5,10116,10116,0.524,5300.784
1599344100000,10116,10127,10116,10127,2.754,27889.758
1599344160000,10127,10135,10127,10130.5,1.299,13159.5195
1599344220000,10130.5,10130.5,10078,10091.5,36.804,371407.566
1599344280000,10091.5,10091.5,10084,10084,1.226,12362.984
1599344340000,10084,10084,10075,10080,5.824,58705.92
1599344400000,10080,10090,10080,10090,4.832,48754.88
1599344460000,10090,10101.5,10090,10101.5,5.776,58346.264
1599344520000,10101.5,10101.5,10090.5,10090.5,0.485,4893.8925
1599344580000,10090.5,10101,10090.5,10101,5.708,57656.508
1599344640000,10101,10101.5,10098,10098,2.01,20296.98
1599344700000,10098,10098,10088,10093.5,13.435,135606.1725
1599344760000,10093.5,10098,10088,10091.5,7.511,75797.2565
1599344820000,10091.5,10106.5,10091.5,10104.5,4.327,43722.1715
1599344880000,10104.5,10107,10101.5,10107,1.732,17505.324
1599344940000,10107,10110,10104,10104.5,2.282,23058.469
1599345000000,10104.5,10105,10094,10094,1.645,16604.63
1599345060000,10094,10099,10093,10093.5,3.218,32480.883
1599345120000,10093.5,10098.5,10093.5,10098.5,0.02,201.97
1599345180000,10098.5,10098.5,10095,10095,0.295,2978.025
1599345240000,10095,10095,10074.5,10074.5,6.002,60467.149
1599345300000,10074.5,10079.5,10043,10052.5,29.683,298388.3575
1599345360000,10052.5,10054,10036.5,10052,8.565,86095.38
1599345420000,10052,10052,10040,10040,2.468,24778.72
1599345480000,10040,10043.5,10040,10043.5,16.827,169001.9745
1599345540000,10043.5,10048,10041,10048,15.754,158296.192
1599345600000,10048,10048,10043,10046,5.249,52731.454
1599345660000,10046,10051.5,10042.5,10048,3.614,36313.472
1599345720000,10048,10048,10045,10047.5,2.643,26555.5425
1599345780000,10047.5,10047.5,10036,10040.5,18.732,188078.646
1599345840000,10040.5,10040.5,10024,10026.5,7.366,73855.199
1599345900000,10026.5,10032,10026.5,10032,3.461,34720.752
1599345960000,10032,10043,10032,10043,2.204,22134.772
1599346020000,10043,10050,10043,10050,0.573,5758.65
1599346080000,10050,10050,10044.5,10044.5,1.436,14423.902
1599346140000,10044.5,10044.5,10024,10024,8.559,85795.416
1599346200000,10024,10024.5,10002.5,10014,6.127,61355.778
1599346260000,10014,10014.5,10002,10008,2.902,29043.216
1599346320000,10008,10012,10000,10012,4.435,44403.22
1599346380000,10012,10014,10001.5,10004,2.281,22819.124
1599346440000,10004,10009,10004,10007.5,2.011,20125.0825
1599346500000,10007.5,10019.5,10007.5,10019,4.441,44494.379
1599346560000,10019,10019,10000,10000,9.093,90930
1599346620000,10000,10000.5,9979.5,9983.5,16.881,168531.4635
1599346680000,9983.5,10001.5,9979,10001.5,4.248,42486.372
1599346740000,10001.5,10002,9985,9987.5,1.065,10636.6875
1599346800000,9987.5,9987.5,9967.5,9974.5,18.241,181944.8545
1599346860000,9974.5,9974.5,9958.5,9973.5,4.835,48221.8725
1599346920000,9973.5,10008,9973.5,10008,13.681,136919.448
1599346980000,10008,10060,10003.5,10049,59.568,598598.832
1599347040000,10049,10072,10046,10070,12.713,128019.91
1599347100000,10070,10075,10065.5,10070,2.842,28618.94
1599347160000,10070,10083,10069,10071,9.57,96379.47
1599347220000,10071,10071,10064,10064,2.755,27726.32
1599347280000,10064,10065.5,10064,10065.5,0.15,1509.825
1599347340000,10065.5,10081,10065.5,10073,2.296,23127.608
1599347400000,10073,10081,10073,10081,3.078,31029.318
1599347460000,10081,10096,10081,10093.5,5.083,51305.2605
1599347520000,10093.5,10096,10093.5,10094,0.8,8075.2
1599347580000,10094,10094,10089,10089,1.037,10462.293
1599347640000,10089,10089,10089,10089,0,0
1599347700000,10089,10089,10068,10068,5.903,59431.404
1599347760000,10068,10092,10068,10092,4.206,42446.952
1599347820000,10092,10097.5,10092,10095,3.108,31375.26
1599347880000,10095,10095,10095,10095,0,0
1599347940000,10095,10095,10089.5,10093,0.647,6530.171
1599348000000,10093,10093,10088,10088,0.074,746.512
1599348060000,10088,10088,10084,10084.5,1.07,10790.415
1599348120000,10084.5,10091.5,10084,10091.5,2.232,22524.228
1599348180000,10091.5,10093.5,10090,10090,0.513,5176.17
1599348240000,10090,10090.5,10090,10090.5,0.055,554.9775
1599348300000,10090.5,10090.5,10078,10078,1.431,14421.618
1599348360000,10078,10083,10078,10079.5,1.093,11016.8935
1599348420000,10079.5,10079.5,10079,10079,0.014,141.106
1599348480000,10079,10083,10078.5,10083,0.197,1986.351
1599348540000,10083,10086,10083,10086,0.205,2067.63
1599348600000,10086,10090.5,10086,10089.5,0.827,8344.0165
1599348660000,10089.5,10089.5,10087.5,10087.5,0.027,272.3625
1599348720000,10087.5,10089.5,10087.5,10089,0.62,6255.18
1599348780000,10089,10093,10089,10093,2.056,20751.208
1599348840000,10093,10131.5,10093,10128,24.703,250191.984
1599348900000,10128,10135,10125,10125,3.78,38272.5
1599348960000,10125,10125,10119.5,10120,0.86,8703.2
1599349020000,10120,10131.5,10119.5,10128,2.36,23902.08
1599349080000,10128,10148,10128,10148,9.052,91859.696
1599349140000,10148,10152,10144.5,10152,1.297,13167.144
1599349200000,10152,10184,10152,10183.5,20.585,209627.3475
1599349260000,10183.5,10183.5,10152,10167,25.345,257682.615
1599349320000,10167,10167,10158,10158,1.569,15937.902
1599349380000,10158,10161,10158,10160.5,1.097,11146.0685
1599349440000,10160.5,10160.5,10147,10147,2.424,24596.328
1599349500000,10147,10149,10147,10149,0.045,456.705
1599349560000,10149,10149,10142,10142,3.019,30618.698
1599349620000,10142,10142.5,10141,10141,86.759,879823.019
1599349680000,10141,10141,10130,10130,28.234,286010.42
1599349740000,10130,10130,10123.5,10124,62.456,632304.544
1599349800000,10124,10144.5,10124,10139,52.982,537184.498
1599349860000,10139,10139,10135.5,10136,19.072,193313.792
1599349920000,10136,10136,10115,10115,31.669,320331.935
1599349980000,10115,10119,10114,10119,5.103,51637.257
1599350040000,10119,10132,10118.5,10131.5,8.587,86999.1905
1599350100000,10131.5,10131.5,10129.5,10129.5,0.009,91.1655
1599350160000,10129.5,10144.5,10129.5,10144.5,4.994,50661.633
1599350220000,10144.5,10155,10144.5,10155,3.181,32303.055
1599350280000,10155,10161.5,10155,10157,5.489,55751.773
1599350340000,10157,10161,10157,10161,5.786,58791.546
1599350400000,10161,10161,10153,10153,1.392,14132.976
1599350460000,10153,10153,10139.5,10139.5,6.002,60857.279
1599350520000,10139.5,10139.5,10121,10128,21.194,214652.832
1599350580000,10128,10139,10127,10139,4.267,43263.113
1599350640000,10139,10141.5,10134.5,10139,1.416,14356.824
1599350700000,10139,10139,10134,10134,2.558,25922.772
1599350760000,10134,10144.5,10132.5,10144.5,1.327,13461.7515
1599350820000,10144.5,10159,10144.5,10159,3.396,34499.964
1599350880000,10159,10165,10159,10165,1.08,10978.2
1599350940000,10165,10181,10165,10180.5,16.871,171755.2155
1599351000000,10180.5,10190,10171,10171,8.431,85751.701
1599351060000,10171,10190,10170,10190,13.952,142170.88
1599351120000,10190,10190,10185,10187,2.964,30194.268
1599351180000,10187,10192,10183,10186,6.832,69590.752
1599351240000,10186,10194,10186,10190,0.841,8569.79
1599351300000,10190,10225,10190,10222,17.408,177944.576
1599351360000,10222,10240,10222,10231,14.379,147111.549
1599351420000,10231,10231.5,10229,10229,0.302,3089.158
1599351480000,10229,10231.5,10221,10221,2.182,22302.222
1599351540000,10221,10221,10209,10209,2.193,22388.337
1599351600000,10209,10211.5,10209,10211.5,0.221,2256.7415
1599351660000,10211.5,10211.5,10207.5,10209.5,0.436,4451.342
1599351720000,10209.5,10209.5,10209.5,10209.5,2.439,24900.9705
1599351780000,10209.5,10225,10209.5,10225,3.546,36257.85
1599351840000,10225,10225,10220,10225,0.57,5828.25
1599351900000,10225,10225.5,10214,10214,6.647,67892.458
1599351960000,10214,10216.5,10213,10216.5,0.122,1246.413
1599352020000,10216.5,10218,10207,10211.5,1.313,13407.6995
1599352080000,10211.5,10211.5,10200.5,10204.5,3.867,39460.8015
1599352140000,10204.5,10204.5,10198.5,10198.5,2.498,25475.853
1599352200000,10198.5,10220,10190,10220,7.204,73624.88
1599352260000,10220,10240,10220,10240,2.457,25159.68
1599352320000,10240,10240,10231,10231,1.727,17668.937
1599352380000,10231,10231,10222,10222,5.134,52479.748
1599352440000,10222,10222,10194.5,10194.5,7.465,76101.9425
1599352500000,10194.5,10205,10194.5,10201,6.304,64307.104
1599352560000,10201,10201,10194,10196.5,11.364,115873.026
1599352620000,10196.5,10197,10196,10197,3.02,30794.94
1599352680000,10197,10197,10163.5,10184,10.678,108744.752
1599352740000,10184,10189,10153,10167,22.172,225422.724
1599352800000,10167,10168.5,10149,10160,13.409,136235.44
1599352860000,10160,10178,10160,10160,6.915,70256.4
1599352920000,10160,10164,10160,10164,0.825,8385.3
1599352980000,10164,10170,10161.5,10170,1.143,11624.31
1599353040000,10170,10176,10169.5,10176,0.722,7347.072
1599353100000,10176,10177,10169,10169,0.731,7433.539
1599353160000,10169,10176,10169,10176,0.928,9443.328
1599353220000,10176,10176,10172,10172,1.075,10934.9
1599353280000,10172,10173.5,10172,10172.5,9.113,92701.9925
1599353340000,10172.5,10181,10172.5,10181,1.597,16259.057
1599353400000,10181,10185.5,10181,10185.5,1.792,18252.416
1599353460000,10185.5,10197,10185.5,10189,8.077,82296.553
1599353520000,10189,10189,10185,10186,1.452,14790.072
1599353580000,10186,10186,10179.5,10182,1.928,19630.896
1599353640000,10182,10191,10182,10191,1.133,11546.403
1599353700000,10191,10200,10191,10196.5,1.019,10390.2335
1599353760000,10196.5,10197,10194,10197,1.195,12185.415
1599353820000,10197,10200,10195,10197,0.202,2059.794
1599353880000,10197,10214,10197,10214,9.679,98861.306
1599353940000,10214,10214.5,10210.5,10210.5,3.518,35920.539
1599354000000,10210.5,10217.5,10210.5,10217.5,3.16,32287.3
1599354060000,10217.5,10219,10216,10219,1.05,10729.95
1599354120000,10219,10225,10216.5,10225,3.186,32576.85
1599354180000,10225,10225,10215,10215,0.772,7885.98
1599354240000,10215,10216.5,10205,10205,2.859,29176.095
1599354300000,10205,10208.5,10205,10206.5,0.159,1622.8335
1599354360000,10206.5,10209,10201,10208.5,0.542,5533.007
1599354420000,10208.5,10208.5,10203,10203,1.03,10509.09
1599354480000,10203,10203,10187.5,10190.5,13.978,142442.809
1599354540000,10190.5,10194.5,10186.5,10194.5,1.159,11815.4255
1599354600000,10194.5,10202,10194,10200,4.022,41024.4
1599354660000,10200,10200,10194,10194,0.636,6483.384
1599354720000,10194,10212.5,10194,10212.5,2.301,23498.9625
1599354780000,10212.5,10212.5,10206.5,10212,1.289,13163.268
1599354840000,10212,10217,10212,10213,1.109,11326.217
1599354900000,10213,10214,10213,10214,0.004,40.856
1599354960000,10214,10214,10210.5,10210.5,1.341,13692.2805
1599355020000,10210.5,10210.5,10203.5,10203.5,0.571,5826.1985
1599355080000,10203.5,10203.5,10191.5,10191.5,4.949,50437.7335
1599355140000,10191.5,10193.5,10183.5,10183.5,0.7,7128.45
1599355200000,10183.5,10184,10178,10178,1.465,14910.77
1599355260000,10178,10180.5,10177.5,10177.5,0.105,1068.6375
1599355320000,10177.5,10180.5,10177,10177,0.762,7754.874
1599355380000,10177,10184.5,10176.5,10184.5,1.238,12608.411
1599355440000,10184.5,10185,10182.5,10185,1.118,11386.83
1599355500000,10185,10185,10183,10183,0.038,386.954
1599355560000,10183,10185,10183,10185,0.213,2169.405
1599355620000,10185,10191,10185,10191,1.558,15877.578
1599355680000,10191,10191,10188.5,10188.5,0.789,8038.7265
1599355740000,10188.5,10188.5,10179.5,10181,1.719,17501.139
1599355800000,10181,10195,10181,10195,0.796,8115.22
1599355860000,10195,10195,10181,10181,0.54,5497.74
1599355920000,10181,10181,10162,10170.5,7.9,80346.95
1599355980000,10170.5,10170.5,10148,10157.5,6.731,68370.1325
1599356040000,10157.5,10158,10157.5,10158,0.366,3717.828
1599356100000,10158,10161,10158,10158.5,0.544,5526.224
1599356160000,10158.5,10158.5,10158,10158,3.023,30707.634
1599356220000,10158,10158,10146,10148,2.969,30129.412
1599356280000,10148,10148,10145.5,10145.5,2.375,24095.5625
1599356340000,10145.5,10145.5,10145,10145.5,0.121,1227.6055
1599356400000,10145.5,10153,10145.5,10153,2.751,27930.903
1599356460000,10153,10153,10153,10153,1.1,11168.3
1599356520000,10153,10153,10153,10153,0,0
1599356580000,10153,10154,10149,10153.5,1.671,16966.4985
1599356640000,10153.5,10153.5,10153.5,10153.5,0.002,20.307
1599356700000,10153.5,10154,10153.5,10154,1.645,16703.33
1599356760000,10154,10154,10154,10154,0,0
1599356820000,10154,10154,10153.5,10154,0.49,4975.46
1599356880000,10154,10154,10154,10154,10.082,102372.628
1599356940000,10154,10154,10149.5,10149.5,1.226,12443.287
1599357000000,10149.5,10149.5,10142,10142,2.638,26754.596
1599357060000,10142,10146,10131,10131,7.983,80875.773
1599357120000,10131,10132.5,10131,10132,1.594,16150.408
1599357180000,10132,10132,10132,10132,0,0
1599357240000,10132,10132.5,10121,10129,5.877,59528.133
1599357300000,10129,10129,10112,10116,5.189,52491.924
1599357360000,10116,10120,10116,10120,0.451,4564.12
1599357420000,10120,10124,10119.5,10124,9.058,91703.192
1599357480000,10124,10130,10124,10130,3.361,34046.93
1599357540000,10130,10130,10127.5,10127.5,0.428,4334.57
1599357600000,10127.5,10148,10124.5,10148,2.209,22416.932
1599357660000,10148,10149.5,10145.5,10146,0.421,4271.466
1599357720000,10146,10146,10145,10145,0.369,3743.505
1599357780000,10145,10152,10145,10152,0.116,1177.632
1599357840000,10152,10153,10145,10150.5,1.947,19763.0235
1599357900000,10150.5,10150.5,10138.5,10138.5,1.817,18421.6545
1599357960000,10138.5,10146,10138.5,10143.5,1.389,14089.3215
1599358020000,10143.5,10143.5,10131.5,10131.5,0.941,9533.7415
1599358080000,10131.5,10131.5,10120,10122.5,0.877,8877.4325
1599358140000,10122.5,10123.5,10110,10110.5,3.74,37813.27
1599358200000,10110.5,10116,10109,10116,2.696,27272.736
1599358260000,10116,10116,10116,10116,0.15,1517.4
1599358320000,10116,10123,10115.5,10123,1.386,14030.478
1599358380000,10123,10123,10107,10112,2.873,29051.776
1599358440000,10112,10112,10107.5,10107.5,0.063,636.7725
1599358500000,10107.5,10108,10107,10107.5,1.977,19982.5275
1599358560000,10107.5,10108,10107,10107.5,1.3,13139.75
1599358620000,10107.5,10112,10104.5,10112,6.066,61339.392
1599358680000,10112,10116.5,10111.5,10111.5,1.171,11840.5665
1599358740000,10111.5,10111.5,10098,10098,5.162,52125.876
1599358800000,10098,10098,10084,10087.5,9.184,92643.6
1599358860000,10087.5,10088,10087.5,10087.5,1.356,13678.65
1599358920000,10087.5,10087.5,10083.5,10083.5,3.242,32690.707
1599358980000,10083.5,10083.5,10081,10082.5,3.572,36014.69
1599359040000,10082.5,10084,10080,10084,6.276,63287.184
1599359100000,10084,10084,10080.5,10080.5,0.653,6582.5665
1599359160000,10080.5,10081,10057,10057.5,16.611,167065.1325
1599359220000,10057.5,10076,10057.5,10068,12.389,124732.452
1599359280000,10068,10076,10065.5,10075,1.36,13702
1599359340000,10075,10089,10075,10089,4.958,50021.262
1599359400000,10089,10090,10089,10090,2.971,29977.39
1599359460000,10090,10090,10088,10088,0.705,7112.04
1599359520000,10088,10088,10076,10076,3.848,38772.448
1599359580000,10076,10077.5,10068,10068,5.994,60347.592
1599359640000,10068,10075.5,10068,10075.5,3.38,34055.19
1599359700000,10075.5,10078,10071,10078,1.281,12909.918
1599359760000,10078,10103,10078,10103,11.136,112507.008
1599359820000,10103,10125.5,10098.5,10125.5,7.583,76781.6665
1599359880000,10125.5,10132,10112,10118,4.141,41898.638
1599359940000,10118,10134.5,10118,10134.5,6.036,61171.842
1599360000000,10134.5,10134.5,10134.5,10134.5,4.019,40730.5555
1599360060000,10134.5,10134.5,10134.5,10134.5,0.2,2026.9
1599360120000,10134.5,10150,10134.5,10150,7.174,72816.1
1599360180000,10150,10152,10150,10150.5,1.297,13165.1985
1599360240000,10150.5,10150.5,10150.5,10150.5,0.17,1725.585
1599360300000,10150.5,10165.5,10150.5,10156,16.715,169757.54
1599360360000,10156,10156,10124.5,10126.5,6.809,68951.3385
1599360420000,10126.5,10135,10126.5,10135,0.462,4682.37
1599360480000,10135,10136,10135,10136,0.423,4287.528
1599360540000,10136,10140,10136,10140,0.83,8416.2
1599360600000,10140,10140,10140,10140,0,0
1599360660000,10140,10148,10140,10140.5,2.163,21933.9015
1599360720000,10140.5,10140.5,10140,10140,0.11,1115.4
1599360780000,10140,10147.5,10140,10147.5,0.853,8655.8175
1599360840000,10147.5,10147.5,10147.5,10147.5,0,0
1599360900000,10147.5,10159,10147.5,10159,2.084,21171.356
1599360960000,10159,10159,10149,10153,2.547,25859.691
1599361020000,10153,10157.5,10153,10157.5,0.965,9801.9875
1599361080000,10157.5,10159,10156,10156,0.021,213.276
1599361140000,10156,10156,10153,10153,0.2,2030.6
1599361200000,10153,10179.5,10153,10173,12.293,125056.689
1599361260000,10173,10173.5,10170,10170,0.982,9986.94
1599361320000,10170,10178.5,10164,10178.5,12.085,123007.1725
1599361380000,10178.5,10178.5,10175,10175.5,1.357,13808.1535
1599361440000,10175.5,10175.5,10175,10175.5,0.938,9544.619
1599361500000,10175.5,10175.5,10168.5,10168.5,3.041,30922.4085
1599361560000,10168.5,10170,10167.5,10170,0.1,1017
1599361620000,10170,10170,10169.5,10169.5,0.617,6274.5815
1599361680000,10169.5,10172.5,10169.5,10172.5,1.46,14851.85
1599361740000,10172.5,10187,10172.5,10179,3.777,38446.083
1599361800000,10179,10179,10168.5,10168.5,2.153,21892.7805
1599361860000,10168.5,10180.5,10168.5,10178.5,0.746,7593.161
1599361920000,10178.5,10178.5,10178.5,10178.5,0.312,3175.692
1599361980000,10178.5,10178.5,10171,10171,1.772,18023.012
1599362040000,10171,10171,10171,10171,0,0
1599362100000,10171,10172,10171,10172,0.004,40.688
1599362160000,10172,10172,10152.5,10152.5,4.889,49635.5725
1599362220000,10152.5,10152.5,10140.5,10140.5,5.455,55316.4275
1599362280000,10140.5,10147,10137,10147,1.701,17260.047
1599362340000,10147,10147,10141.5,10141.5,0.822,8336.313
1599362400000,10141.5,10141.5,10138,10138,3.957,40116.066
1599362460000,10138,10144,10138,10143.5,0.334,3387.929
1599362520000,10143.5,10143.5,10131.5,10131.5,1.478,14974.357
1599362580000,10131.5,10132,10114,10125.5,18.96,191979.48
1599362640000,10125.5,10129.5,10125.5,10129.5,0.027,273.4965
1599362700000,10129.5,10129.5,10129.5,10129.5,0,0
1599362760000,10129.5,10129.5,10124,10124,0.283,2865.092
1599362820000,10124,10131.5,10124,10131.5,3.561,36078.2715
1599362880000,10131.5,10131.5,10124,10124,1.105,11187.02
1599362940000,10124,10124,10117.5,10117.5,6.894,69750.045
1599363000000,10117.5,10120,10117.5,10120,0.741,7498.92
1599363060000,10120,10152.5,10120,10148,7.706,78200.488
1599363120000,10148,10156.5,10148,10156.5,2.627,26681.1255
1599363180000,10156.5,10156.5,10147,10153,2.351,23869.703
1599363240000,10153,10155,10153,10153.5,1.701,17271.1035
1599363300000,10153.5,10153.5,10151.5,10151.5,10.386,105433.479
1599363360000,10151.5,10171.5,10151.5,10165.5,4.338,44097.939
1599363420000,10165.5,10165.5,10165,10165,0.07,711.55
1599363480000,10165,10170,10165,10170,0.398,4047.66
1599363540000,10170,10170,10165.5,10167,1.021,10380.507
1599363600000,10167,10170,10167,10170,2.231,22689.27
1599363660000,10170,10175.5,10157,10167.5,3.144,31966.62
1599363720000,10167.5,10167.5,10153,10153,7.662,77792.286
1599363780000,10153,10153,10153,10153,1,10153
1599363840000,10153,10153,10151,10151,0.2,2030.2
1599363900000,10151,10151,10151,10151,0,0
1599363960000,10151,10151,10151,10151,0,0
1599364020000,10151,10151,10147.5,10148,0.67,6799.16
1599364080000,10148,10148,10141.5,10142,2.375,24087.25
1599364140000,10142,10142,10142,10142,0.012,121.704
