timestamp,open,high,low,close,volume,turnover
2024-02-08 00:00:00,43596.3,43664.6,43596.3,43662.1,268.213,11704593.4389
2024-02-08 00:01:00,43662.1,43662.1,43576.8,43580.6,216.456,9441254.942
2024-02-08 00:02:00,43580.6,43584.1,43562.5,43562.5,95.019,4140157.275
2024-02-08 00:03:00,43562.5,43565.9,43500.0,43516.1,255.316,11112752.2883
2024-02-08 00:04:00,43516.1,43546.0,43516.1,43534.6,24.176,1052477.9901
2024-02-08 00:05:00,43534.6,43560.6,43534.6,43560.6,43.834,1909019.7425
2024-02-08 00:06:00,43560.6,43575.0,43552.4,43557.6,26.564,1157203.3451
2024-02-08 00:07:00,43557.6,43576.3,43557.6,43574.7,18.088,788025.69
2024-02-08 00:08:00,43574.7,43596.0,43555.0,43562.4,37.471,1632805.7301
2024-02-08 00:09:00,43562.4,43572.0,43550.1,43567.6,32.048,1395929.1162
2024-02-08 00:10:00,43567.6,43570.0,43532.0,43532.0,51.811,2256356.7653
2024-02-08 00:11:00,43532.0,43537.6,43506.1,43511.3,54.026,2351154.7347
2024-02-08 00:12:00,43511.3,43523.9,43501.4,43507.8,50.734,2207350.3585
2024-02-08 00:13:00,43507.8,43524.4,43507.4,43518.4,17.827,775701.7935
2024-02-08 00:14:00,43518.4,43540.0,43514.7,43539.9,15.105,657426.1408
2024-02-08 00:15:00,43539.9,43545.0,43527.7,43527.7,31.888,1388451.4713
2024-02-08 00:16:00,43527.7,43534.4,43515.9,43525.4,27.556,1199318.0891
2024-02-08 00:17:00,43525.4,43557.2,43520.0,43540.7,25.733,1120469.1358
2024-02-08 00:18:00,43540.7,43619.9,43540.7,43619.8,103.896,4529435.5434
2024-02-08 00:19:00,43619.8,43625.0,43588.5,43589.8,46.454,2025951.7054
2024-02-08 00:20:00,43589.8,43615.0,43588.0,43615.0,23.835,1039072.1525
2024-02-08 00:21:00,43615.0,43654.7,43614.9,43634.8,126.73,5529893.8861
2024-02-08 00:22:00,43634.8,43659.1,43626.7,43642.4,124.439,5430734.2235
2024-02-08 00:23:00,43642.4,43650.0,43618.6,43641.5,265.683,11592355.2899
2024-02-08 00:24:00,43641.5,43658.9,43641.5,43651.7,45.846,2001336.9512
2024-02-08 00:25:00,43651.7,43652.0,43618.0,43618.6,62.199,2714125.0952
2024-02-08 00:26:00,43618.6,43649.9,43618.6,43638.3,38.907,1697809.2766
2024-02-08 00:27:00,43638.3,43644.6,43625.4,43626.1,45.873,2001555.718
2024-02-08 00:28:00,43626.1,43631.7,43626.1,43630.0,10.033,437730.5938
2024-02-08 00:29:00,43630.0,43644.7,43630.0,43642.2,38.002,1658309.2746
2024-02-08 00:30:00,43642.2,43680.0,43642.2,43664.7,140.898,6152472.1148
2024-02-08 00:31:00,43664.7,43689.4,43664.0,43664.8,66.735,2914829.5181
2024-02-08 00:32:00,43664.8,43667.4,43650.0,43651.4,32.959,1438879.8562
2024-02-08 00:33:00,43651.4,43653.2,43632.0,43651.6,28.715,1253250.1702
2024-02-08 00:34:00,43651.6,43651.6,43637.6,43637.7,31.303,1366141.0845
2024-02-08 00:35:00,43637.7,43637.7,43599.3,43599.3,111.533,4865211.6361
2024-02-08 00:36:00,43599.3,43599.3,43563.9,43587.5,83.231,3627331.3063
2024-02-08 00:37:00,43587.5,43612.6,43570.0,43612.6,55.24,2407850.107
2024-02-08 00:38:00,43612.6,43665.7,43612.6,43642.9,92.84,4052270.2695
2024-02-08 00:39:00,43642.9,43645.1,43631.8,43633.9,24.616,1074168.8634
2024-02-08 00:40:00,43633.9,43638.5,43608.2,43610.7,54.385,2372606.1913
2024-02-08 00:41:00,43610.7,43616.2,43600.0,43602.9,38.483,1678177.7143
2024-02-08 00:42:00,43602.9,43611.0,43594.9,43610.9,23.943,1044044.424
2024-02-08 00:43:00,43610.9,43617.5,43580.9,43588.4,54.121,2359560.0257
2024-02-08 00:44:00,43588.4,43600.0,43588.4,43591.8,28.189,1228863.29
2024-02-08 00:45:00,43591.8,43632.0,43591.8,43631.5,60.554,2640501.9983
2024-02-08 00:46:00,43631.5,43631.6,43598.1,43621.4,31.006,1352557.2549
2024-02-08 00:47:00,43621.4,43623.5,43603.1,43603.1,12.734,555371.1538
2024-02-08 00:48:00,43603.1,43603.2,43580.0,43580.4,58.948,2569344.2023
2024-02-08 00:49:00,43580.4,43580.4,43556.0,43560.4,63.469,2765366.9858
2024-02-08 00:50:00,43560.4,43560.4,43501.7,43504.0,104.584,4553047.251
2024-02-08 00:51:00,43504.0,43518.1,43467.1,43487.5,199.091,8659117.5439
2024-02-08 00:52:00,43487.5,43500.0,43455.5,43463.1,139.727,6075693.5745
2024-02-08 00:53:00,43463.1,43468.1,43420.0,43466.1,273.415,11878279.4492
2024-02-08 00:54:00,43466.1,43496.4,43464.0,43485.2,87.851,3819672.7289
2024-02-08 00:55:00,43485.2,43513.8,43477.1,43513.8,59.943,2607118.3977
2024-02-08 00:56:00,43513.8,43553.6,43513.8,43546.1,118.951,5178490.1945
2024-02-08 00:57:00,43546.1,43546.1,43521.0,43521.1,60.207,2620957.5246
2024-02-08 00:58:00,43521.1,43521.1,43502.0,43513.9,45.571,1982698.1723
2024-02-08 00:59:00,43513.9,43513.9,43477.4,43479.6,29.11,1265859.9382
2024-02-08 01:00:00,43479.6,43496.4,43479.6,43482.1,31.043,1350053.7667
2024-02-08 01:01:00,43482.1,43482.1,43473.7,43473.7,23.017,1000698.9311
2024-02-08 01:02:00,43473.7,43475.3,43434.0,43459.9,73.332,3186619.7101
2024-02-08 01:03:00,43459.9,43468.9,43429.5,43429.5,56.455,2453323.2823
2024-02-08 01:04:00,43429.5,43446.6,43407.9,43440.0,150.172,6521829.386
2024-02-08 01:05:00,43440.0,43445.0,43420.0,43424.2,23.328,1013186.2118
2024-02-08 01:06:00,43424.2,43463.3,43424.2,43448.1,69.451,3017594.9205
2024-02-08 01:07:00,43448.1,43467.1,43448.0,43467.1,40.715,1769381.7884
2024-02-08 01:08:00,43467.1,43477.9,43467.1,43473.4,18.38,799025.0842
2024-02-08 01:09:00,43473.4,43485.0,43470.9,43485.0,28.227,1227294.3551
2024-02-08 01:10:00,43485.0,43513.9,43484.9,43513.9,20.163,877027.2861
2024-02-08 01:11:00,43513.9,43528.1,43503.3,43507.7,46.635,2029387.171
2024-02-08 01:12:00,43507.7,43528.2,43507.7,43528.2,13.766,599066.7816
2024-02-08 01:13:00,43528.2,43549.0,43528.1,43549.0,37.724,1642317.9212
2024-02-08 01:14:00,43549.0,43575.2,43546.3,43561.8,70.43,3068322.5169
2024-02-08 01:15:00,43561.8,43570.7,43543.8,43550.6,28.899,1258662.5041
2024-02-08 01:16:00,43550.6,43553.1,43540.0,43548.1,23.665,1030559.897
2024-02-08 01:17:00,43548.1,43566.0,43529.0,43553.8,82.566,3595951.5288
2024-02-08 01:18:00,43553.8,43575.3,43553.7,43573.2,45.684,1990483.649
2024-02-08 01:19:00,43573.2,43575.0,43563.1,43574.9,17.794,775255.0901
2024-02-08 01:20:00,43574.9,43575.0,43562.5,43573.8,18.032,785665.0944
2024-02-08 01:21:00,43573.8,43574.8,43562.1,43562.2,11.549,503192.95
2024-02-08 01:22:00,43562.2,43563.5,43547.2,43562.7,50.653,2206367.4301
2024-02-08 01:23:00,43562.7,43574.4,43562.6,43574.0,10.07,438735.6864
2024-02-08 01:24:00,43574.0,43588.6,43569.9,43585.1,34.372,1498096.3166
2024-02-08 01:25:00,43585.1,43592.0,43578.0,43589.0,23.586,1028029.9932
2024-02-08 01:26:00,43589.0,43591.8,43565.9,43589.9,24.705,1076683.0785
2024-02-08 01:27:00,43589.9,43611.7,43588.9,43611.7,50.992,2223054.4126
2024-02-08 01:28:00,43611.7,43620.0,43600.0,43600.0,73.692,3213731.9307
2024-02-08 01:29:00,43600.0,43600.0,43592.2,43595.2,17.913,780935.8608
2024-02-08 01:30:00,43595.2,43638.4,43595.2,43631.0,101.226,4416188.4306
2024-02-08 01:31:00,43631.0,43657.3,43630.9,43641.3,93.196,4067743.2244
2024-02-08 01:32:00,43641.3,43664.0,43637.6,43658.5,93.317,4073162.4529
2024-02-08 01:33:00,43658.5,43744.0,43658.4,43722.1,573.783,25078635.0459
2024-02-08 01:34:00,43722.1,43748.3,43711.5,43724.9,345.069,15089551.419
2024-02-08 01:35:00,43724.9,43825.0,43724.9,43771.9,848.803,37166748.9787
2024-02-08 01:36:00,43771.9,43813.1,43770.2,43793.9,288.814,12646169.1067
2024-02-08 01:37:00,43793.9,43798.8,43743.0,43797.8,182.45,7985677.1048
2024-02-08 01:38:00,43797.8,43850.0,43795.0,43803.3,400.068,17535207.019
2024-02-08 01:39:00,43803.3,43826.9,43801.6,43810.1,131.58,5764688.9362
2024-02-08 01:40:00,43810.1,43875.0,43810.0,43829.0,353.412,15495401.0252
2024-02-08 01:41:00,43829.0,43859.2,43826.4,43850.3,150.746,6609056.5456
2024-02-08 01:42:00,43850.3,43851.0,43826.0,43831.2,148.82,6524342.6014
2024-02-08 01:43:00,43831.2,43840.1,43820.1,43826.9,100.357,4398379.0386
2024-02-08 01:44:00,43826.9,43827.0,43796.4,43815.9,149.458,6547632.1695
2024-02-08 01:45:00,43815.9,43880.0,43815.9,43867.4,280.278,12292769.4763
2024-02-08 01:46:00,43867.4,44030.7,43858.1,43950.5,1636.396,71927885.1109
2024-02-08 01:47:00,43950.5,44200.0,43944.8,44074.0,2736.312,120666840.1599
2024-02-08 01:48:00,44074.0,44139.4,44009.2,44110.8,665.551,29332691.0594
2024-02-08 01:49:00,44110.8,44149.8,44066.8,44114.0,498.77,21996806.9877
2024-02-08 01:50:00,44114.0,44116.0,44011.0,44085.7,340.565,15005222.5949
2024-02-08 01:51:00,44085.7,44102.0,44056.1,44101.9,170.13,7500788.1676
2024-02-08 01:52:00,44101.9,44162.7,44100.0,44144.0,441.469,19482474.4223
2024-02-08 01:53:00,44144.0,44174.5,44099.3,44137.1,471.975,20832998.0058
2024-02-08 01:54:00,44137.1,44167.7,44106.3,44127.4,185.305,8179441.9214
2024-02-08 01:55:00,44127.4,44151.0,44114.4,44146.7,122.189,5393554.1694
2024-02-08 01:56:00,44146.7,44146.7,44064.5,44064.5,229.198,10107884.084
2024-02-08 01:57:00,44064.5,44076.0,44030.0,44030.0,158.217,6969869.5072
2024-02-08 01:58:00,44030.0,44042.4,43920.9,43978.8,654.452,28785387.8462
2024-02-08 01:59:00,43978.8,44052.2,43978.8,44033.2,165.748,7297213.0256
2024-02-08 02:00:00,44033.2,44125.0,44033.1,44118.7,204.265,9006560.4777
2024-02-08 02:01:00,44118.7,44118.7,44045.3,44065.6,198.72,8760088.5321
2024-02-08 02:02:00,44065.6,44085.8,44060.1,44068.4,61.903,2728249.1997
2024-02-08 02:03:00,44068.4,44078.9,44040.0,44078.8,148.769,6554615.9627
2024-02-08 02:04:00,44078.8,44082.7,44028.5,44049.1,78.245,3446217.7161
2024-02-08 02:05:00,44049.1,44086.9,44024.2,44086.9,66.619,2934426.4635
2024-02-08 02:06:00,44086.9,44131.1,44086.9,44114.3,187.171,8257526.2444
2024-02-08 02:07:00,44114.3,44122.3,44096.2,44103.0,101.36,4471067.3093
2024-02-08 02:08:00,44103.0,44129.6,44096.1,44124.0,50.391,2223044.2521
2024-02-08 02:09:00,44124.0,44124.0,44109.6,44117.9,51.448,2269793.353
2024-02-08 02:10:00,44117.9,44224.5,44115.6,44174.8,659.755,29149688.409
2024-02-08 02:11:00,44174.8,44229.8,44111.6,44124.0,474.458,20966565.8264
2024-02-08 02:12:00,44124.0,44171.2,44116.5,44117.6,151.281,6676835.9417
2024-02-08 02:13:00,44117.6,44143.4,44088.0,44092.3,140.441,6195384.588
2024-02-08 02:14:00,44092.3,44105.0,44068.0,44089.9,107.479,4738609.173
2024-02-08 02:15:00,44089.9,44097.1,44076.0,44092.6,63.742,2810274.2133
2024-02-08 02:16:00,44092.6,44169.0,44078.0,44123.7,215.895,9528241.741
2024-02-08 02:17:00,44123.7,44127.7,44069.5,44089.7,54.599,2407780.5733
2024-02-08 02:18:00,44089.7,44159.6,44089.6,44157.7,82.711,3650468.6041
2024-02-08 02:19:00,44157.7,44239.9,44157.7,44215.9,460.288,20345674.6086
2024-02-08 02:20:00,44215.9,44223.7,44154.8,44195.5,126.218,5577519.0231
2024-02-08 02:21:00,44195.5,44203.8,44183.1,44190.1,141.829,6267951.1045
2024-02-08 02:22:00,44190.1,44200.0,44177.0,44181.0,70.239,3103339.7896
2024-02-08 02:23:00,44181.0,44181.0,44067.5,44079.9,207.684,9158905.2952
2024-02-08 02:24:00,44079.9,44121.6,44079.9,44089.9,112.347,4953968.8534
2024-02-08 02:25:00,44089.9,44099.7,44036.9,44056.1,191.997,8459510.8551
2024-02-08 02:26:00,44056.1,44109.9,44056.1,44109.9,79.6,3509134.2182
2024-02-08 02:27:00,44109.9,44134.2,44089.1,44100.0,63.31,2792882.8525
2024-02-08 02:28:00,44100.0,44100.0,44068.9,44083.9,80.416,3544822.7774
2024-02-08 02:29:00,44083.9,44125.0,44059.8,44108.9,155.489,6854972.147
2024-02-08 02:30:00,44108.9,44165.2,44088.1,44144.0,171.001,7548222.7859
2024-02-08 02:31:00,44144.0,44189.6,44140.5,44178.0,128.271,5666374.3985
2024-02-08 02:32:00,44178.0,44184.8,44124.9,44132.3,94.385,4166460.5569
2024-02-08 02:33:00,44132.3,44159.5,44110.5,44159.4,161.279,7118897.0697
2024-02-08 02:34:00,44159.4,44181.3,44155.1,44179.9,69.281,3060356.9861
2024-02-08 02:35:00,44179.9,44198.5,44134.1,44147.7,170.707,7541926.1751
2024-02-08 02:36:00,44147.7,44200.0,44147.7,44189.6,115.072,5084749.3508
2024-02-08 02:37:00,44189.6,44224.6,44189.6,44202.6,172.879,7642817.0891
2024-02-08 02:38:00,44202.6,44229.1,44168.8,44222.0,96.789,4279144.1588
2024-02-08 02:39:00,44222.0,44249.3,44208.9,44212.8,523.014,23134056.6191
2024-02-08 02:40:00,44212.8,44229.1,44166.2,44180.8,108.996,4817685.2932
2024-02-08 02:41:00,44180.8,44209.0,44180.7,44199.3,48.599,2148085.1668
2024-02-08 02:42:00,44199.3,44228.3,44198.6,44205.5,141.015,6235067.8235
2024-02-08 02:43:00,44205.5,44205.5,44153.8,44179.4,241.378,10664215.7069
2024-02-08 02:44:00,44179.4,44179.4,44126.4,44129.9,155.071,6846487.4432
2024-02-08 02:45:00,44129.9,44146.5,44118.1,44137.1,68.032,3001989.5679
2024-02-08 02:46:00,44137.1,44152.5,44103.0,44114.0,146.173,6449591.1788
2024-02-08 02:47:00,44114.0,44143.9,44112.2,44135.9,72.158,3184671.3094
2024-02-08 02:48:00,44135.9,44135.9,44115.0,44122.0,64.092,2828129.3669
2024-02-08 02:49:00,44122.0,44198.0,44121.9,44176.2,202.604,8947299.4897
2024-02-08 02:50:00,44176.2,44220.0,44162.6,44189.0,189.333,8366763.8201
2024-02-08 02:51:00,44189.0,44230.0,44189.0,44192.5,159.72,7061350.606
2024-02-08 02:52:00,44192.5,44192.5,44173.4,44182.5,48.226,2130799.5988
2024-02-08 02:53:00,44182.5,44216.2,44182.5,44208.2,103.021,4553996.4192
2024-02-08 02:54:00,44208.2,44230.0,44200.1,44221.3,113.726,5028690.4712
2024-02-08 02:55:00,44221.3,44235.0,44211.9,44234.9,137.501,6081067.2046
2024-02-08 02:56:00,44234.9,44269.9,44216.1,44220.0,355.383,15725874.8477
2024-02-08 02:57:00,44220.0,44249.9,44216.8,44249.5,66.139,2925801.3607
2024-02-08 02:58:00,44249.5,44290.0,44249.5,44285.2,538.493,23843949.3565
2024-02-08 02:59:00,44285.2,44319.9,44280.0,44305.4,488.257,21632334.485
2024-02-08 03:00:00,44305.4,44326.6,44298.3,44317.9,410.368,18184095.1068
2024-02-08 03:01:00,44317.9,44379.1,44310.7,44362.6,455.052,20180764.6752
2024-02-08 03:02:00,44362.6,44368.2,44254.1,44281.9,469.926,20817794.3569
2024-02-08 03:03:00,44281.9,44308.8,44251.5,44257.9,207.121,9169793.1188
2024-02-08 03:04:00,44257.9,44270.0,44252.3,44252.3,126.084,5580517.4275
2024-02-08 03:05:00,44252.3,44279.9,44250.0,44279.8,55.818,2470846.3806
2024-02-08 03:06:00,44279.8,44303.0,44252.8,44260.5,92.062,4077168.4384
2024-02-08 03:07:00,44260.5,44260.5,44147.2,44158.0,481.954,21306526.0579
2024-02-08 03:08:00,44158.0,44190.2,44153.8,44160.8,155.273,6858080.014
2024-02-08 03:09:00,44160.8,44177.0,44150.6,44163.4,60.607,2676518.5345
2024-02-08 03:10:00,44163.4,44175.1,44134.4,44163.3,109.062,4815882.5366
2024-02-08 03:11:00,44163.3,44177.3,44150.1,44157.9,73.246,3234719.5981
2024-02-08 03:12:00,44157.9,44159.3,44138.0,44144.5,88.188,3893358.4285
2024-02-08 03:13:00,44144.5,44180.0,44140.4,44180.0,54.457,2405037.7265
2024-02-08 03:14:00,44180.0,44227.4,44175.8,44221.7,53.832,2379201.8012
2024-02-08 03:15:00,44221.7,44221.7,44180.0,44195.2,91.957,4063997.0424
2024-02-08 03:16:00,44195.2,44195.2,44153.4,44156.4,53.295,2354131.4552
2024-02-08 03:17:00,44156.4,44156.5,44134.6,44134.7,40.272,1777885.3395
2024-02-08 03:18:00,44134.7,44150.0,44132.5,44133.9,38.888,1716369.4676
2024-02-08 03:19:00,44133.9,44134.0,44078.0,44113.3,333.969,14729679.0551
2024-02-08 03:20:00,44113.3,44123.5,44095.9,44105.4,166.164,7329467.8726
2024-02-08 03:21:00,44105.4,44123.4,44100.6,44120.1,66.58,2937129.843
2024-02-08 03:22:00,44120.1,44127.0,44106.9,44127.0,39.856,1758275.8684
2024-02-08 03:23:00,44127.0,44127.0,44119.8,44125.1,42.699,1884099.3341
2024-02-08 03:24:00,44125.1,44125.2,44106.9,44111.6,31.946,1409366.1748
2024-02-08 03:25:00,44111.6,44158.2,44111.5,44154.1,94.561,4173399.9838
2024-02-08 03:26:00,44154.1,44165.5,44151.9,44154.1,55.419,2447147.5515
2024-02-08 03:27:00,44154.1,44165.4,44140.3,44140.3,36.359,1605477.5028
2024-02-08 03:28:00,44140.3,44159.7,44137.1,44149.4,34.524,1524033.2388
2024-02-08 03:29:00,44149.4,44159.7,44147.5,44157.4,41.575,1835860.9895
2024-02-08 03:30:00,44157.4,44174.6,44139.7,44146.5,52.911,2336322.9272
2024-02-08 03:31:00,44146.5,44162.4,44146.4,44155.0,17.19,758983.2369
2024-02-08 03:32:00,44155.0,44155.1,44118.2,44124.2,97.941,4323440.6254
2024-02-08 03:33:00,44124.2,44155.4,44118.4,44155.4,79.036,3488256.0014
2024-02-08 03:34:00,44155.4,44164.4,44148.0,44164.2,16.461,726837.9613
2024-02-08 03:35:00,44164.2,44164.3,44151.5,44155.2,26.412,1166269.9936
2024-02-08 03:36:00,44155.2,44160.0,44150.0,44150.1,16.834,743290.2635
2024-02-08 03:37:00,44150.1,44150.1,44128.6,44130.7,25.907,1143530.0349
2024-02-08 03:38:00,44130.7,44130.8,44111.0,44112.1,39.082,1724258.2641
2024-02-08 03:39:00,44112.1,44121.2,44111.7,44111.7,52.003,2294291.3338
2024-02-08 03:40:00,44111.7,44134.0,44111.7,44121.9,25.9,1142815.7632
2024-02-08 03:41:00,44121.9,44155.0,44121.9,44154.9,41.414,1828078.9325
2024-02-08 03:42:00,44154.9,44162.5,44140.8,44150.0,23.062,1018285.6315
2024-02-08 03:43:00,44150.0,44180.0,44150.0,44177.9,66.071,2918396.498
2024-02-08 03:44:00,44177.9,44181.5,44163.5,44163.6,26.038,1150262.1348
2024-02-08 03:45:00,44163.6,44219.9,44163.5,44188.9,92.808,4102088.5412
2024-02-08 03:46:00,44188.9,44195.6,44182.4,44190.2,24.065,1063439.4229
2024-02-08 03:47:00,44190.2,44209.6,44188.5,44195.9,32.327,1428724.5244
2024-02-08 03:48:00,44195.9,44202.3,44195.4,44195.4,21.344,943363.4305
2024-02-08 03:49:00,44195.4,44219.9,44195.3,44211.5,46.922,2074274.5386
2024-02-08 03:50:00,44211.5,44211.5,44185.2,44185.2,56.483,2496441.4267
2024-02-08 03:51:00,44185.2,44195.1,44184.4,44184.5,63.627,2811686.62
2024-02-08 03:52:00,44184.5,44210.0,44184.4,44209.9,60.421,2670255.9195
2024-02-08 03:53:00,44209.9,44209.9,44207.5,44207.9,18.495,817631.9559
2024-02-08 03:54:00,44207.9,44239.9,44191.9,44192.5,163.711,7239204.174
2024-02-08 03:55:00,44192.5,44210.0,44192.5,44204.1,18.828,832164.7193
2024-02-08 03:56:00,44204.1,44230.0,44204.1,44224.7,16.052,709854.5081
2024-02-08 03:57:00,44224.7,44250.0,44224.7,44250.0,112.333,4969212.2541
2024-02-08 03:58:00,44250.0,44255.0,44220.6,44239.7,98.275,4348049.285
2024-02-08 03:59:00,44239.7,44257.0,44239.6,44256.1,65.136,2882113.9248
2024-02-08 04:00:00,44256.1,44294.3,44256.0,44294.2,155.53,6886936.3986
2024-02-08 04:01:00,44294.2,44295.8,44286.6,44291.7,122.271,5415536.4967
2024-02-08 04:02:00,44291.7,44295.0,44225.8,44231.9,127.072,5625312.0345
2024-02-08 04:03:00,44231.9,44232.0,44226.0,44226.0,33.349,1474922.6121
2024-02-08 04:04:00,44226.0,44246.1,44226.0,44246.0,44.424,1964859.7122
2024-02-08 04:05:00,44246.0,44246.2,44236.1,44246.1,46.873,2073675.8342
2024-02-08 04:06:00,44246.1,44254.1,44239.9,44239.9,18.642,824847.8795
2024-02-08 04:07:00,44239.9,44318.9,44234.7,44299.1,250.412,11090612.2194
2024-02-08 04:08:00,44299.1,44299.1,44225.1,44228.6,101.056,4471925.0008
2024-02-08 04:09:00,44228.6,44253.9,44228.6,44243.7,50.797,2247298.1488
2024-02-08 04:10:00,44243.7,44244.0,44240.9,44243.9,14.086,623202.3658
2024-02-08 04:11:00,44243.9,44244.0,44236.2,44240.1,34.321,1518423.028
2024-02-08 04:12:00,44240.1,44240.1,44225.2,44225.2,25.228,1115886.4813
2024-02-08 04:13:00,44225.2,44225.2,44193.6,44196.0,79.849,3530282.1051
2024-02-08 04:14:00,44196.0,44196.1,44155.0,44160.0,148.575,6563415.9282
2024-02-08 04:15:00,44160.0,44163.3,44160.0,44161.9,35.404,1563518.2081
2024-02-08 04:16:00,44161.9,44162.0,44151.8,44156.9,40.482,1787597.2745
2024-02-08 04:17:00,44156.9,44160.0,44145.0,44145.0,40.65,1794809.5024
2024-02-08 04:18:00,44145.0,44145.1,44131.1,44132.0,30.115,1329163.1174
2024-02-08 04:19:00,44132.0,44132.0,44131.1,44131.4,17.509,772693.4676
2024-02-08 04:20:00,44131.4,44134.9,44131.2,44134.8,26.285,1160061.4132
2024-02-08 04:21:00,44134.8,44178.5,44134.8,44178.5,52.544,2319876.818
2024-02-08 04:22:00,44178.5,44199.1,44178.4,44180.5,81.922,3620557.4983
2024-02-08 04:23:00,44180.5,44185.3,44180.5,44185.3,22.16,979081.6745
2024-02-08 04:24:00,44185.3,44185.3,44176.9,44177.7,17.689,781501.2048
2024-02-08 04:25:00,44177.7,44177.7,44177.6,44177.7,3.573,157846.6282
2024-02-08 04:26:00,44177.7,44177.7,44164.2,44164.9,22.931,1012894.2658
2024-02-08 04:27:00,44164.9,44164.9,44153.2,44153.2,17.472,771601.9713
2024-02-08 04:28:00,44153.2,44153.3,44088.0,44101.9,150.669,6646088.3633
2024-02-08 04:29:00,44101.9,44137.8,44100.0,44137.8,26.085,1150843.3026
2024-02-08 04:30:00,44137.8,44151.9,44137.7,44151.9,35.805,1580566.8051
2024-02-08 04:31:00,44151.9,44178.8,44151.9,44158.7,49.854,2202077.2031
2024-02-08 04:32:00,44158.7,44173.0,44158.7,44173.0,23.269,1027635.5922
2024-02-08 04:33:00,44173.0,44173.0,44172.5,44172.5,6.992,308856.7558
2024-02-08 04:34:00,44172.5,44174.6,44162.6,44172.8,22.521,994782.3196
2024-02-08 04:35:00,44172.8,44183.8,44171.6,44177.8,65.351,2887038.4384
2024-02-08 04:36:00,44177.8,44177.8,44165.6,44165.6,37.366,1650501.3795
2024-02-08 04:37:00,44165.6,44179.9,44162.2,44163.8,29.891,1320353.8416
2024-02-08 04:38:00,44163.8,44166.4,44158.0,44162.4,19.17,846612.6246
2024-02-08 04:39:00,44162.4,44165.5,44162.4,44165.4,14.402,636061.313
2024-02-08 04:40:00,44165.4,44192.6,44165.4,44177.7,55.944,2471404.8639
2024-02-08 04:41:00,44177.7,44177.8,44158.0,44164.5,35.647,1574497.6552
2024-02-08 04:42:00,44164.5,44164.6,44131.0,44131.3,23.686,1045598.4669
2024-02-08 04:43:00,44131.3,44144.8,44131.2,44144.8,9.189,405603.8219
2024-02-08 04:44:00,44144.8,44159.8,44144.7,44159.7,20.33,897574.3523
2024-02-08 04:45:00,44159.7,44173.0,44159.7,44173.0,32.893,1452812.4041
2024-02-08 04:46:00,44173.0,44181.4,44161.7,44174.4,22.449,991700.6472
2024-02-08 04:47:00,44174.4,44174.4,44162.1,44165.9,18.009,795469.7891
2024-02-08 04:48:00,44165.9,44179.4,44150.2,44176.9,59.508,2628193.1749
2024-02-08 04:49:00,44176.9,44199.1,44169.5,44177.8,62.918,2779896.7956
2024-02-08 04:50:00,44177.8,44190.0,44168.1,44183.7,20.324,897909.6023
2024-02-08 04:51:00,44183.7,44219.3,44183.6,44211.5,65.972,2916354.9293
2024-02-08 04:52:00,44211.5,44225.0,44198.3,44201.5,50.458,2231042.0891
2024-02-08 04:53:00,44201.5,44202.2,44188.1,44192.0,51.554,2278467.64
2024-02-08 04:54:00,44192.0,44193.3,44175.3,44175.3,14.959,660988.8489
2024-02-08 04:55:00,44175.3,44177.4,44146.3,44155.9,70.798,3126072.7613
2024-02-08 04:56:00,44155.9,44169.0,44155.9,44167.7,14.655,647195.139
2024-02-08 04:57:00,44167.7,44172.5,44163.5,44172.5,7.104,313775.3025
2024-02-08 04:58:00,44172.5,44183.4,44172.4,44177.4,12.065,533020.6489
2024-02-08 04:59:00,44177.4,44183.4,44177.3,44183.0,32.201,1422702.6021
2024-02-08 05:00:00,44183.0,44183.4,44183.0,44183.4,6.449,284937.7674
2024-02-08 05:01:00,44183.4,44183.4,44159.7,44159.7,15.909,702839.058
2024-02-08 05:02:00,44159.7,44159.7,44144.1,44155.1,37.106,1638379.0384
2024-02-08 05:03:00,44155.1,44171.5,44155.1,44160.9,10.325,455958.8559
2024-02-08 05:04:00,44160.9,44161.0,44158.6,44159.7,5.338,235726.4798
2024-02-08 05:05:00,44159.7,44159.8,44147.5,44147.5,19.522,861943.3753
2024-02-08 05:06:00,44147.5,44190.0,44147.5,44189.9,55.92,2469447.2711
2024-02-08 05:07:00,44189.9,44204.6,44183.0,44194.6,75.843,3351712.1806
2024-02-08 05:08:00,44194.6,44213.8,44194.5,44198.6,27.846,1230938.8219
2024-02-08 05:09:00,44198.6,44202.2,44194.9,44198.0,14.729,651007.5104
2024-02-08 05:10:00,44198.0,44202.0,44197.9,44201.9,11.249,497209.6439
2024-02-08 05:11:00,44201.9,44229.4,44200.9,44223.6,88.777,3925732.2408
2024-02-08 05:12:00,44223.6,44230.2,44220.4,44230.2,63.281,2798765.8636
2024-02-08 05:13:00,44230.2,44230.2,44210.5,44210.5,39.195,1733159.7209
2024-02-08 05:14:00,44210.5,44225.3,44210.5,44225.3,11.347,501707.545
2024-02-08 05:15:00,44225.3,44236.7,44217.8,44217.8,53.007,2344501.5935
2024-02-08 05:16:00,44217.8,44234.7,44212.1,44227.8,34.276,1515676.5637
2024-02-08 05:17:00,44227.8,44266.0,44227.8,44261.0,226.524,10023927.1531
2024-02-08 05:18:00,44261.0,44274.2,44245.3,44245.3,113.908,5042307.3939
2024-02-08 05:19:00,44245.3,44251.9,44239.1,44249.2,70.564,3122272.7306
2024-02-08 05:20:00,44249.2,44251.4,44234.6,44242.8,31.703,1402782.3666
2024-02-08 05:21:00,44242.8,44242.8,44224.9,44226.0,31.408,1389210.43
2024-02-08 05:22:00,44226.0,44236.4,44226.0,44233.5,56.547,2501192.9348
2024-02-08 05:23:00,44233.5,44263.9,44233.5,44263.9,125.548,5554785.2891
2024-02-08 05:24:00,44263.9,44300.0,44263.9,44295.8,107.24,4749128.9639
2024-02-08 05:25:00,44295.8,44295.8,44272.5,44275.6,46.67,2066766.041
2024-02-08 05:26:00,44275.6,44287.4,44271.8,44287.3,31.628,1400391.414
2024-02-08 05:27:00,44287.3,44330.0,44287.3,44300.7,226.964,10058361.0882
2024-02-08 05:28:00,44300.7,44319.4,44288.1,44296.5,148.754,6590521.4796
2024-02-08 05:29:00,44296.5,44329.2,44296.4,44318.0,72.471,3211807.766
2024-02-08 05:30:00,44318.0,44379.9,44318.0,44366.6,483.706,21457164.8185
2024-02-08 05:31:00,44366.6,44443.5,44360.2,44381.9,1064.049,47243616.1318
2024-02-08 05:32:00,44381.9,44381.9,44309.5,44315.9,197.748,8768130.8506
2024-02-08 05:33:00,44315.9,44332.7,44300.1,44332.7,298.867,13245582.9044
2024-02-08 05:34:00,44332.7,44415.5,44332.6,44389.7,256.313,11372114.2271
2024-02-08 05:35:00,44389.7,44407.5,44365.9,44366.0,134.464,5968314.6327
2024-02-08 05:36:00,44366.0,44375.0,44347.8,44355.7,100.911,4475939.8079
2024-02-08 05:37:00,44355.7,44364.0,44351.9,44361.7,17.943,795879.432
2024-02-08 05:38:00,44361.7,44369.0,44360.0,44360.0,37.477,1662710.2637
2024-02-08 05:39:00,44360.0,44360.1,44321.8,44321.8,94.975,4211669.2926
2024-02-08 05:40:00,44321.8,44355.0,44315.7,44320.1,49.878,2211171.7638
2024-02-08 05:41:00,44320.1,44337.3,44305.7,44334.3,58.205,2579496.636
2024-02-08 05:42:00,44334.3,44363.4,44334.2,44360.3,42.673,1892638.3252
2024-02-08 05:43:00,44360.3,44360.4,44340.5,44340.6,30.407,1348739.7213
2024-02-08 05:44:00,44340.6,44351.7,44310.9,44315.8,75.81,3360057.1963
2024-02-08 05:45:00,44315.8,44345.8,44315.8,44345.7,62.357,2764139.5507
2024-02-08 05:46:00,44345.7,44373.1,44334.7,44364.0,44.712,1983124.2617
2024-02-08 05:47:00,44364.0,44385.4,44354.9,44369.5,118.986,5279208.7056
2024-02-08 05:48:00,44369.5,44400.0,44369.5,44398.4,106.583,4730847.9646
2024-02-08 05:49:00,44398.4,44399.9,44372.6,44376.2,35.964,1596324.7608
2024-02-08 05:50:00,44376.2,44386.7,44371.7,44385.1,21.576,957567.8002
2024-02-08 05:51:00,44385.1,44477.0,44385.0,44442.0,653.793,29056991.5649
2024-02-08 05:52:00,44442.0,44468.7,44423.7,44438.3,185.254,8234066.7291
2024-02-08 05:53:00,44438.3,44452.5,44421.4,44421.5,154.957,6885982.0069
2024-02-08 05:54:00,44421.5,44476.9,44421.4,44462.3,120.661,5363512.1712
2024-02-08 05:55:00,44462.3,44718.7,44458.4,44548.6,2615.389,116634844.6404
2024-02-08 05:56:00,44548.6,44634.5,44516.8,44533.3,616.172,27461037.2893
2024-02-08 05:57:00,44533.3,44548.9,44477.8,44502.5,190.86,8496542.2099
2024-02-08 05:58:00,44502.5,44527.3,44478.1,44517.1,179.53,7990874.9511
2024-02-08 05:59:00,44517.1,44517.1,44464.1,44471.9,141.354,6288792.3819
2024-02-08 06:00:00,44471.9,44498.0,44450.0,44453.3,206.313,9175374.9104
2024-02-08 06:01:00,44453.3,44470.0,44446.5,44470.0,83.39,3707515.2774
2024-02-08 06:02:00,44470.0,44540.0,44470.0,44528.9,169.451,7542607.2265
2024-02-08 06:03:00,44528.9,44536.0,44501.0,44523.6,102.784,4575954.5924
2024-02-08 06:04:00,44523.6,44536.0,44514.0,44536.0,93.243,4151909.5637
2024-02-08 06:05:00,44536.0,44591.8,44530.0,44562.1,372.231,16589070.4934
2024-02-08 06:06:00,44562.1,44562.1,44465.4,44494.7,553.773,24641600.7354
2024-02-08 06:07:00,44494.7,44527.5,44467.1,44512.7,176.014,7830305.9314
2024-02-08 06:08:00,44512.7,44523.6,44504.2,44514.0,43.737,1946794.4929
2024-02-08 06:09:00,44514.0,44550.0,44508.0,44550.0,45.888,2043394.2982
2024-02-08 06:10:00,44550.0,44635.4,44534.6,44635.2,311.676,13897250.7147
2024-02-08 06:11:00,44635.2,44635.2,44553.9,44558.1,144.271,6432084.1584
2024-02-08 06:12:00,44558.1,44598.5,44551.5,44551.5,127.072,5664196.3588
2024-02-08 06:13:00,44551.5,44579.0,44531.9,44579.0,96.818,4313323.5759
2024-02-08 06:14:00,44579.0,44612.4,44533.5,44543.2,290.072,12927770.0796
2024-02-08 06:15:00,44543.2,44543.3,44490.0,44500.8,137.988,6142601.0307
2024-02-08 06:16:00,44500.8,44519.9,44491.2,44502.5,56.955,2534557.9739
2024-02-08 06:17:00,44502.5,44502.5,44470.1,44470.9,111.643,4966257.7888
2024-02-08 06:18:00,44470.9,44502.5,44467.8,44499.4,68.477,3045804.9087
2024-02-08 06:19:00,44499.4,44521.9,44499.3,44504.0,100.585,4476730.9074
2024-02-08 06:20:00,44504.0,44506.0,44490.8,44498.6,52.521,2337095.8298
2024-02-08 06:21:00,44498.6,44500.0,44477.0,44495.0,37.988,1690044.2335
2024-02-08 06:22:00,44495.0,44524.0,44492.1,44523.9,168.098,7480950.2646
2024-02-08 06:23:00,44523.9,44530.2,44516.3,44526.1,26.606,1184663.899
2024-02-08 06:24:00,44526.1,44580.0,44524.3,44567.2,180.582,8045672.1038
2024-02-08 06:25:00,44567.2,44567.2,44543.3,44560.0,67.369,3001768.3669
2024-02-08 06:26:00,44560.0,44611.0,44540.0,44610.9,135.261,6028250.2272
2024-02-08 06:27:00,44610.9,44649.1,44594.0,44628.8,491.572,21934837.8854
2024-02-08 06:28:00,44628.8,44678.0,44609.3,44635.8,568.401,25373497.2182
2024-02-08 06:29:00,44635.8,44660.0,44622.4,44652.2,84.442,3769592.1432
2024-02-08 06:30:00,44652.2,44678.5,44630.0,44630.0,176.225,7868606.0102
2024-02-08 06:31:00,44630.0,44640.0,44575.4,44575.4,113.43,5059631.2398
2024-02-08 06:32:00,44575.4,44601.2,44555.0,44595.9,105.4,4698305.9815
2024-02-08 06:33:00,44595.9,44612.7,44585.0,44601.7,76.211,3398890.3012
2024-02-08 06:34:00,44601.7,44607.6,44550.0,44550.0,135.72,6050367.0502
2024-02-08 06:35:00,44550.0,44560.3,44528.3,44538.0,59.329,2642947.7725
2024-02-08 06:36:00,44538.0,44578.4,44530.2,44578.4,47.307,2106878.3091
2024-02-08 06:37:00,44578.4,44639.6,44576.0,44597.4,107.726,4806033.0881
2024-02-08 06:38:00,44597.4,44618.6,44597.4,44609.8,91.348,4075274.8507
2024-02-08 06:39:00,44609.8,44635.0,44608.2,44631.0,122.334,5458750.2354
2024-02-08 06:40:00,44631.0,44638.0,44602.9,44602.9,89.561,3996351.9876
2024-02-08 06:41:00,44602.9,44616.7,44551.0,44566.7,87.165,3886187.6939
2024-02-08 06:42:00,44566.7,44566.8,44540.1,44540.5,31.579,1406880.3958
2024-02-08 06:43:00,44540.5,44541.4,44528.9,44539.8,33.666,1499270.8362
2024-02-08 06:44:00,44539.8,44546.6,44526.3,44545.2,35.413,1577267.7919
2024-02-08 06:45:00,44545.2,44553.8,44511.2,44513.3,109.497,4875772.0976
2024-02-08 06:46:00,44513.3,44544.6,44499.3,44499.3,124.161,5526730.8289
2024-02-08 06:47:00,44499.3,44499.4,44453.8,44486.1,161.448,7181162.6025
2024-02-08 06:48:00,44486.1,44548.9,44472.4,44548.9,125.598,5592210.0684
2024-02-08 06:49:00,44548.9,44570.0,44548.9,44559.7,105.235,4688791.4318
2024-02-08 06:50:00,44559.7,44577.0,44550.5,44568.2,54.556,2431255.1863
2024-02-08 06:51:00,44568.2,44572.9,44516.2,44529.0,39.707,1768540.4026
2024-02-08 06:52:00,44529.0,44549.8,44529.0,44540.3,27.094,1206757.1656
2024-02-08 06:53:00,44540.3,44574.0,44526.9,44571.2,17.263,769212.0444
2024-02-08 06:54:00,44571.2,44636.1,44571.2,44617.1,96.91,4323390.9155
2024-02-08 06:55:00,44617.1,44619.5,44589.4,44609.1,60.277,2688465.9647
2024-02-08 06:56:00,44609.1,44617.0,44571.2,44576.2,77.794,3469530.1449
2024-02-08 06:57:00,44576.2,44600.0,44552.4,44600.0,52.396,2334977.7013
2024-02-08 06:58:00,44600.0,44601.5,44578.5,44578.5,11.036,492182.6849
2024-02-08 06:59:00,44578.5,44594.3,44550.0,44550.1,13.237,589957.0101
2024-02-08 07:00:00,44550.1,44560.5,44538.6,44544.4,19.023,847368.7208
2024-02-08 07:01:00,44544.4,44544.5,44500.7,44513.1,48.894,2176803.5031
2024-02-08 07:02:00,44513.1,44517.9,44483.0,44483.0,52.19,2322423.2015
2024-02-08 07:03:00,44483.0,44501.7,44483.0,44493.2,42.982,1912366.43
2024-02-08 07:04:00,44493.2,44506.8,44485.4,44505.3,34.778,1547456.8948
2024-02-08 07:05:00,44505.3,44539.9,44505.3,44519.9,32.76,1458560.2319
2024-02-08 07:06:00,44519.9,44520.1,44501.0,44507.8,16.059,714875.1546
2024-02-08 07:07:00,44507.8,44519.7,44490.0,44494.9,38.165,1698250.4856
2024-02-08 07:08:00,44494.9,44527.9,44494.9,44527.9,37.962,1689744.0971
2024-02-08 07:09:00,44527.9,44527.9,44494.6,44496.3,24.992,1112420.436
2024-02-08 07:10:00,44496.3,44498.3,44446.9,44493.6,265.879,11824096.9342
2024-02-08 07:11:00,44493.6,44514.4,44493.6,44514.2,33.384,1485872.4343
2024-02-08 07:12:00,44514.2,44529.9,44509.8,44527.0,61.718,2747781.2136
2024-02-08 07:13:00,44527.0,44544.0,44526.0,44536.9,17.382,774119.9707
2024-02-08 07:14:00,44536.9,44541.3,44515.2,44522.2,57.206,2547238.6904
2024-02-08 07:15:00,44522.2,44524.5,44510.0,44510.0,11.437,509136.073
2024-02-08 07:16:00,44510.0,44525.0,44500.8,44512.4,24.479,1089639.5124
2024-02-08 07:17:00,44512.4,44526.0,44506.0,44515.8,13.889,618310.3374
2024-02-08 07:18:00,44515.8,44576.7,44515.8,44576.6,44.978,2004172.3384
2024-02-08 07:19:00,44576.6,44610.5,44574.0,44579.8,124.306,5542512.2913
2024-02-08 07:20:00,44579.8,44579.8,44550.0,44550.1,38.772,1727757.6686
2024-02-08 07:21:00,44550.1,44572.3,44545.7,44572.3,22.872,1019088.328
2024-02-08 07:22:00,44572.3,44640.0,44530.0,44637.8,404.3,18023861.9711
2024-02-08 07:23:00,44637.8,44650.0,44622.3,44625.3,156.994,7007889.7922
2024-02-08 07:24:00,44625.3,44625.3,44598.0,44614.3,47.536,2120701.8379
2024-02-08 07:25:00,44614.3,44648.0,44590.2,44647.9,52.462,2340840.9614
2024-02-08 07:26:00,44647.9,44664.2,44645.4,44647.1,97.303,4344842.9956
2024-02-08 07:27:00,44647.1,44653.9,44637.4,44647.2,36.245,1618257.523
2024-02-08 07:28:00,44647.2,44647.9,44630.1,44630.1,40.498,1807856.5386
2024-02-08 07:29:00,44630.1,44641.4,44630.0,44630.0,18.863,841983.4554
2024-02-08 07:30:00,44630.0,44650.0,44622.0,44635.5,40.353,1801283.5801
2024-02-08 07:31:00,44635.5,44635.6,44621.8,44625.0,51.596,2302633.2715
2024-02-08 07:32:00,44625.0,44649.9,44625.0,44634.9,32.353,1444353.5043
2024-02-08 07:33:00,44634.9,44648.7,44634.3,44648.1,18.827,840525.7686
2024-02-08 07:34:00,44648.1,44670.0,44648.1,44670.0,84.351,3767176.2498
2024-02-08 07:35:00,44670.0,44793.2,44667.9,44732.7,1957.261,87570069.2396
2024-02-08 07:36:00,44732.7,44770.0,44694.7,44694.7,289.917,12970735.622
2024-02-08 07:37:00,44694.7,44709.3,44650.0,44650.0,144.991,6477357.2818
2024-02-08 07:38:00,44650.0,44650.1,44595.9,44597.5,239.8,10698107.1845
2024-02-08 07:39:00,44597.5,44618.3,44570.0,44570.1,122.161,5447332.6748
2024-02-08 07:40:00,44570.1,44577.1,44555.1,44557.7,111.702,4978156.0099
2024-02-08 07:41:00,44557.7,44568.7,44550.0,44559.5,65.119,2901457.3642
2024-02-08 07:42:00,44559.5,44582.4,44550.3,44581.7,91.089,4059600.6218
2024-02-08 07:43:00,44581.7,44606.8,44581.7,44606.6,39.761,1773283.3511
2024-02-08 07:44:00,44606.6,44606.7,44595.0,44600.9,23.759,1059605.9254
2024-02-08 07:45:00,44600.9,44608.0,44570.6,44570.6,34.599,1542638.9828
2024-02-08 07:46:00,44570.6,44618.8,44570.6,44583.3,44.426,1981336.2213
2024-02-08 07:47:00,44583.3,44613.8,44570.0,44599.9,97.378,4342031.5554
2024-02-08 07:48:00,44599.9,44600.0,44592.3,44599.9,9.97,444624.8798
2024-02-08 07:49:00,44599.9,44620.0,44596.1,44598.2,60.118,2681857.297
2024-02-08 07:50:00,44598.2,44609.2,44598.2,44604.0,19.177,855404.7503
2024-02-08 07:51:00,44604.0,44605.6,44591.7,44591.8,14.893,664198.536
2024-02-08 07:52:00,44591.8,44610.0,44591.7,44599.3,19.653,876558.2769
2024-02-08 07:53:00,44599.3,44628.3,44595.4,44623.8,21.198,945627.5715
2024-02-08 07:54:00,44623.8,44623.9,44607.2,44612.6,19.557,872638.4039
2024-02-08 07:55:00,44612.6,44612.9,44590.8,44590.8,41.871,1867355.7735
2024-02-08 07:56:00,44590.8,44597.0,44573.1,44575.2,51.724,2306254.6139
2024-02-08 07:57:00,44575.2,44575.2,44505.2,44508.3,205.98,9173326.1464
2024-02-08 07:58:00,44508.3,44533.4,44506.6,44533.3,94.449,4204562.5113
2024-02-08 07:59:00,44533.3,44540.2,44526.7,44533.4,49.878,2221321.097
2024-02-08 08:00:00,44533.4,44556.9,44525.6,44540.4,52.69,2346729.0196
2024-02-08 08:01:00,44540.4,44552.9,44534.0,44552.9,10.357,461277.9713
2024-02-08 08:02:00,44552.9,44553.0,44536.1,44538.6,12.884,573872.944
2024-02-08 08:03:00,44538.6,44561.7,44538.6,44553.6,18.67,831804.5179
2024-02-08 08:04:00,44553.6,44553.6,44538.8,44540.9,28.42,1266000.9389
2024-02-08 08:05:00,44540.9,44558.8,44528.2,44558.7,29.25,1302604.8573
2024-02-08 08:06:00,44558.7,44572.0,44533.7,44533.7,98.753,4400100.8433
2024-02-08 08:07:00,44533.7,44546.5,44520.9,44546.4,47.503,2115278.1439
2024-02-08 08:08:00,44546.4,44582.1,44540.1,44582.0,33.198,1479345.9086
2024-02-08 08:09:00,44582.0,44592.9,44575.6,44578.4,23.711,1057142.0779
2024-02-08 08:10:00,44578.4,44580.0,44578.0,44578.0,8.985,400543.1531
2024-02-08 08:11:00,44578.0,44614.2,44575.3,44597.8,89.011,3969531.4935
2024-02-08 08:12:00,44597.8,44610.0,44580.5,44608.2,36.281,1617878.7679
2024-02-08 08:13:00,44608.2,44634.3,44608.1,44622.0,59.475,2653755.0164
2024-02-08 08:14:00,44622.0,44622.0,44608.4,44614.8,27.185,1212889.2377
2024-02-08 08:15:00,44614.8,44634.9,44614.7,44621.1,20.442,912302.0009
2024-02-08 08:16:00,44621.1,44627.3,44578.2,44579.5,83.058,3703468.501
2024-02-08 08:17:00,44579.5,44581.9,44572.4,44572.4,17.681,788183.7936
2024-02-08 08:18:00,44572.4,44572.5,44560.3,44560.3,11.587,516384.9826
2024-02-08 08:19:00,44560.3,44567.0,44557.7,44557.7,20.82,927804.847
2024-02-08 08:20:00,44557.7,44562.0,44551.1,44555.0,40.292,1795167.1626
2024-02-08 08:21:00,44555.0,44585.6,44551.0,44571.3,56.048,2497554.3092
2024-02-08 08:22:00,44571.3,44575.4,44550.0,44550.0,12.359,550672.4472
2024-02-08 08:23:00,44550.0,44550.1,44547.9,44548.0,9.9,441037.3856
2024-02-08 08:24:00,44548.0,44560.4,44525.6,44560.3,117.453,5231710.7805
2024-02-08 08:25:00,44560.3,44583.9,44551.9,44583.8,71.289,3177540.3017
2024-02-08 08:26:00,44583.8,44591.2,44582.0,44588.9,30.548,1362011.1682
2024-02-08 08:27:00,44588.9,44589.5,44579.9,44589.4,34.818,1552389.6156
2024-02-08 08:28:00,44589.4,44649.7,44589.4,44648.6,159.439,7113146.3094
2024-02-08 08:29:00,44648.6,44648.7,44620.0,44624.7,32.384,1445302.6235
2024-02-08 08:30:00,44624.7,44662.1,44624.6,44649.9,88.076,3932847.72
2024-02-08 08:31:00,44649.9,44654.9,44648.9,44648.9,18.16,810903.2585
2024-02-08 08:32:00,44648.9,44682.0,44638.8,44681.3,83.148,3713544.1934
2024-02-08 08:33:00,44681.3,44681.3,44653.8,44667.8,34.122,1524133.0469
2024-02-08 08:34:00,44667.8,44670.7,44652.0,44661.1,46.288,2067406.5315
2024-02-08 08:35:00,44661.1,44661.1,44632.7,44649.8,61.192,2732132.2512
2024-02-08 08:36:00,44649.8,44649.8,44600.0,44602.7,98.2,4381421.0611
2024-02-08 08:37:00,44602.7,44617.8,44600.0,44606.8,47.332,2111381.4447
2024-02-08 08:38:00,44606.8,44643.7,44606.7,44643.2,103.564,4622306.3313
2024-02-08 08:39:00,44643.2,44650.0,44639.5,44649.9,23.674,1056888.1144
2024-02-08 08:40:00,44649.9,44670.0,44624.2,44632.5,105.484,4709833.5693
2024-02-08 08:41:00,44632.5,44639.9,44612.4,44631.5,40.661,1814554.8598
2024-02-08 08:42:00,44631.5,44647.4,44618.4,44647.4,14.651,653881.7193
2024-02-08 08:43:00,44647.4,44654.9,44641.7,44641.8,25.864,1154840.387
2024-02-08 08:44:00,44641.8,44644.1,44626.7,44628.1,16.252,725494.8054
2024-02-08 08:45:00,44628.1,44650.0,44628.0,44631.5,11.314,505079.4026
2024-02-08 08:46:00,44631.5,44640.7,44631.5,44636.5,16.358,730139.3412
2024-02-08 08:47:00,44636.5,44654.0,44636.0,44654.0,18.991,847826.9081
2024-02-08 08:48:00,44654.0,44657.0,44642.6,44657.0,26.223,1170981.4206
2024-02-08 08:49:00,44657.0,44674.0,44657.0,44674.0,57.582,2571857.045
2024-02-08 08:50:00,44674.0,44691.9,44664.8,44666.0,124.146,5547306.7897
2024-02-08 08:51:00,44666.0,44690.6,44666.0,44679.2,72.62,3244587.3815
2024-02-08 08:52:00,44679.2,44710.7,44679.1,44683.2,323.071,14439993.0024
2024-02-08 08:53:00,44683.2,44683.2,44651.1,44662.4,30.514,1362884.2874
2024-02-08 08:54:00,44662.4,44669.8,44657.5,44657.5,9.239,412633.121
2024-02-08 08:55:00,44657.5,44671.6,44657.1,44659.4,28.382,1267537.0349
2024-02-08 08:56:00,44659.4,44666.5,44650.9,44650.9,18.708,835473.3976
2024-02-08 08:57:00,44650.9,44650.9,44616.6,44616.6,27.585,1231197.1153
2024-02-08 08:58:00,44616.6,44619.5,44600.5,44604.0,51.527,2298518.6692
2024-02-08 08:59:00,44604.0,44607.0,44602.7,44606.1,17.866,796892.4813
2024-02-08 09:00:00,44606.1,44606.2,44585.2,44585.3,34.063,1519085.055
2024-02-08 09:01:00,44585.3,44592.3,44582.0,44584.0,25.816,1151015.0244
2024-02-08 09:02:00,44584.0,44598.0,44570.3,44596.0,38.915,1734878.1512
2024-02-08 09:03:00,44596.0,44625.5,44596.0,44616.8,33.607,1499384.2807
2024-02-08 09:04:00,44616.8,44616.9,44602.3,44615.1,14.991,668735.8566
2024-02-08 09:05:00,44615.1,44615.1,44600.0,44600.3,13.319,594105.4212
2024-02-08 09:06:00,44600.3,44606.4,44584.6,44597.0,19.69,878086.9983
2024-02-08 09:07:00,44597.0,44597.0,44583.2,44591.9,9.976,444847.3865
2024-02-08 09:08:00,44591.9,44597.0,44588.9,44589.0,13.84,617169.2517
2024-02-08 09:09:00,44589.0,44589.0,44588.0,44588.0,8.954,399248.09
2024-02-08 09:10:00,44588.0,44596.3,44579.9,44587.1,14.725,656568.1707
2024-02-08 09:11:00,44587.1,44590.0,44587.1,44589.9,8.95,399079.3079
2024-02-08 09:12:00,44589.9,44590.0,44570.5,44570.5,18.964,845436.4066
2024-02-08 09:13:00,44570.5,44585.8,44570.5,44573.5,12.008,535283.7511
2024-02-08 09:14:00,44573.5,44573.6,44557.0,44557.0,48.85,2176906.098
2024-02-08 09:15:00,44557.0,44579.9,44546.6,44557.6,65.308,2909999.9236
2024-02-08 09:16:00,44557.6,44568.1,44546.6,44553.2,25.956,1156493.8558
2024-02-08 09:17:00,44553.2,44562.1,44547.2,44562.1,32.112,1430682.4494
2024-02-08 09:18:00,44562.1,44576.2,44550.0,44576.2,26.014,1159348.6924
2024-02-08 09:19:00,44576.2,44612.0,44576.1,44612.0,38.723,1726833.2762
2024-02-08 09:20:00,44612.0,44612.0,44557.9,44557.9,22.153,987945.0744
2024-02-08 09:21:00,44557.9,44565.3,44536.8,44564.8,122.594,5461727.4251
2024-02-08 09:22:00,44564.8,44577.4,44559.0,44577.3,83.575,3724905.8409
2024-02-08 09:23:00,44577.3,44577.4,44550.0,44573.8,98.754,4400591.517
2024-02-08 09:24:00,44573.8,44584.0,44562.1,44563.6,26.904,1199244.8398
2024-02-08 09:25:00,44563.6,44563.7,44532.0,44537.2,47.309,2107407.0414
2024-02-08 09:26:00,44537.2,44544.9,44530.6,44537.1,34.822,1550865.6828
2024-02-08 09:27:00,44537.1,44537.1,44506.9,44513.5,340.249,15146138.9345
2024-02-08 09:28:00,44513.5,44520.0,44500.0,44516.2,67.255,2993386.5312
2024-02-08 09:29:00,44516.2,44516.3,44506.0,44513.7,21.152,941544.3695
2024-02-08 09:30:00,44513.7,44547.1,44513.6,44538.0,44.785,1994560.3693
2024-02-08 09:31:00,44538.0,44548.1,44523.8,44539.2,24.867,1107479.6853
2024-02-08 09:32:00,44539.2,44547.1,44522.0,44542.6,77.818,3465638.514
2024-02-08 09:33:00,44542.6,44546.0,44533.0,44541.8,21.825,972095.0328
2024-02-08 09:34:00,44541.8,44547.2,44540.1,44540.1,6.469,288163.1329
2024-02-08 09:35:00,44540.1,44549.3,44540.0,44549.2,7.923,352931.4961
2024-02-08 09:36:00,44549.2,44549.3,44536.2,44546.8,16.979,756311.2707
2024-02-08 09:37:00,44546.8,44546.8,44542.4,44545.2,16.486,734339.8516
2024-02-08 09:38:00,44545.2,44545.3,44536.1,44536.1,8.608,383424.2493
2024-02-08 09:39:00,44536.1,44538.3,44530.0,44530.0,24.52,1091980.1976
2024-02-08 09:40:00,44530.0,44546.8,44530.0,44544.8,48.056,2140488.0271
2024-02-08 09:41:00,44544.8,44544.8,44530.0,44530.0,14.025,624629.9376
2024-02-08 09:42:00,44530.0,44539.9,44530.0,44539.9,14.903,663680.5113
2024-02-08 09:43:00,44539.9,44543.9,44539.9,44543.8,13.968,622134.524
2024-02-08 09:44:00,44543.8,44547.5,44542.0,44547.4,11.946,532125.4617
2024-02-08 09:45:00,44547.4,44547.5,44530.0,44530.0,20.855,928903.102
2024-02-08 09:46:00,44530.0,44530.1,44527.2,44527.3,16.194,721115.6844
2024-02-08 09:47:00,44527.3,44527.3,44515.3,44515.3,49.679,2211719.161
2024-02-08 09:48:00,44515.3,44515.4,44502.9,44508.7,36.238,1612901.5953
2024-02-08 09:49:00,44508.7,44512.1,44508.7,44512.1,11.2,498526.7178
2024-02-08 09:50:00,44512.1,44523.5,44512.1,44523.5,43.853,1952288.8842
2024-02-08 09:51:00,44523.5,44534.8,44523.5,44534.8,11.017,490526.3847
2024-02-08 09:52:00,44534.8,44542.2,44521.8,44521.9,22.3,993124.5735
2024-02-08 09:53:00,44521.9,44530.6,44521.8,44530.5,15.991,712011.5031
2024-02-08 09:54:00,44530.5,44555.6,44530.5,44552.5,44.711,1991782.5435
2024-02-08 09:55:00,44552.5,44557.9,44548.1,44552.9,26.436,1177857.0122
2024-02-08 09:56:00,44552.9,44564.5,44552.9,44564.5,31.389,1398718.0481
2024-02-08 09:57:00,44564.5,44564.5,44564.4,44564.4,6.885,306826.3792
2024-02-08 09:58:00,44564.4,44564.5,44560.1,44560.2,4.766,212385.483
2024-02-08 09:59:00,44560.2,44572.0,44560.1,44566.7,38.712,1725334.5838
2024-02-08 10:00:00,44566.7,44566.8,44541.2,44543.5,24.122,1074677.817
2024-02-08 10:01:00,44543.5,44556.5,44543.5,44556.4,3.758,167404.475
2024-02-08 10:02:00,44556.4,44571.0,44556.4,44571.0,8.332,371287.9072
2024-02-08 10:03:00,44571.0,44571.0,44562.0,44564.0,18.654,831413.4168
2024-02-08 10:04:00,44564.0,44586.5,44563.9,44566.3,21.461,956634.3456
2024-02-08 10:05:00,44566.3,44566.6,44560.1,44560.1,4.852,216225.681
2024-02-08 10:06:00,44560.1,44560.1,44524.1,44537.6,55.154,2456285.2244
2024-02-08 10:07:00,44537.6,44537.6,44522.2,44523.5,12.582,560224.1286
2024-02-08 10:08:00,44523.5,44530.0,44516.1,44516.1,19.755,879511.386
2024-02-08 10:09:00,44516.1,44516.2,44508.1,44510.0,22.718,1011240.1359
2024-02-08 10:10:00,44510.0,44510.0,44500.1,44508.1,34.209,1522480.037
2024-02-08 10:11:00,44508.1,44517.7,44508.1,44517.7,13.859,616872.1581
2024-02-08 10:12:00,44517.7,44518.0,44507.4,44507.4,7.886,351041.2382
2024-02-08 10:13:00,44507.4,44510.0,44503.1,44503.9,20.682,920430.8627
2024-02-08 10:14:00,44503.9,44504.0,44492.3,44492.3,73.943,3290316.2749
2024-02-08 10:15:00,44492.3,44492.3,44480.9,44483.4,36.426,1620494.1243
2024-02-08 10:16:00,44483.4,44527.2,44483.4,44527.2,43.685,1944312.9138
2024-02-08 10:17:00,44527.2,44538.3,44515.5,44529.0,44.359,1975267.3396
2024-02-08 10:18:00,44529.0,44529.0,44509.2,44514.0,11.086,493511.2264
2024-02-08 10:19:00,44514.0,44530.0,44514.0,44522.9,9.029,401993.6269
2024-02-08 10:20:00,44522.9,44523.6,44504.0,44504.1,14.803,658967.1176
2024-02-08 10:21:00,44504.1,44504.1,44480.7,44480.7,23.651,1052229.4825
2024-02-08 10:22:00,44480.7,44484.4,44480.1,44484.4,28.401,1263315.2737
2024-02-08 10:23:00,44484.4,44484.4,44480.5,44480.6,22.736,1011363.8442
2024-02-08 10:24:00,44480.6,44482.0,44463.6,44469.9,120.77,5370740.1558
2024-02-08 10:25:00,44469.9,44484.7,44469.8,44484.6,17.218,765863.692
2024-02-08 10:26:00,44484.6,44484.7,44465.8,44468.1,61.112,2717853.5497
2024-02-08 10:27:00,44468.1,44468.2,44451.8,44460.7,98.809,4392972.8376
2024-02-08 10:28:00,44460.7,44460.7,44450.8,44450.8,39.546,1757976.7661
2024-02-08 10:29:00,44450.8,44462.6,44450.3,44462.6,28.796,1280155.8184
2024-02-08 10:30:00,44462.6,44473.6,44462.5,44464.5,24.855,1105306.071
2024-02-08 10:31:00,44464.5,44475.0,44464.5,44475.0,17.545,780157.2736
2024-02-08 10:32:00,44475.0,44481.8,44463.5,44463.5,28.511,1268026.7174
2024-02-08 10:33:00,44463.5,44468.4,44463.0,44468.4,13.081,581646.9031
2024-02-08 10:34:00,44468.4,44481.6,44468.4,44475.0,29.895,1329616.4823
2024-02-08 10:35:00,44475.0,44479.2,44468.9,44472.2,46.307,2059536.816
2024-02-08 10:36:00,44472.2,44472.2,44466.0,44469.1,15.324,681447.0457
2024-02-08 10:37:00,44469.1,44477.8,44466.0,44477.8,15.787,702063.2773
2024-02-08 10:38:00,44477.8,44488.0,44475.7,44482.0,23.74,1056052.4329
2024-02-08 10:39:00,44482.0,44484.2,44479.4,44484.2,10.753,478301.2966
2024-02-08 10:40:00,44484.2,44495.0,44484.1,44494.9,19.29,858202.7032
2024-02-08 10:41:00,44494.9,44508.0,44494.9,44507.9,31.206,1388729.9508
2024-02-08 10:42:00,44507.9,44524.5,44502.7,44502.7,83.556,3719742.1924
2024-02-08 10:43:00,44502.7,44510.6,44500.0,44500.0,27.367,1217971.4046
2024-02-08 10:44:00,44500.0,44521.9,44499.8,44505.8,55.996,2492428.8523
2024-02-08 10:45:00,44505.8,44524.8,44503.3,44503.3,30.935,1377062.2515
2024-02-08 10:46:00,44503.3,44503.3,44493.5,44495.6,29.579,1316242.4341
2024-02-08 10:47:00,44495.6,44498.0,44493.5,44497.5,10.899,484959.5554
2024-02-08 10:48:00,44497.5,44497.5,44485.9,44488.7,17.898,796262.3643
2024-02-08 10:49:00,44488.7,44495.8,44476.4,44488.8,34.108,1517188.0185
2024-02-08 10:50:00,44488.8,44498.0,44488.8,44498.0,4.745,211123.9276
2024-02-08 10:51:00,44498.0,44507.0,44497.2,44506.9,24.081,1071600.0059
2024-02-08 10:52:00,44506.9,44545.7,44506.9,44538.4,55.857,2487599.1459
2024-02-08 10:53:00,44538.4,44568.9,44538.4,44555.9,99.54,4435331.1529
2024-02-08 10:54:00,44555.9,44575.5,44555.9,44569.0,36.342,1619675.326
2024-02-08 10:55:00,44569.0,44569.0,44530.2,44530.3,25.093,1117823.8183
2024-02-08 10:56:00,44530.3,44559.8,44530.2,44559.7,21.695,966314.3501
2024-02-08 10:57:00,44559.7,44570.5,44559.7,44560.0,26.982,1202465.7085
2024-02-08 10:58:00,44560.0,44581.3,44559.9,44581.3,33.247,1481753.546
2024-02-08 10:59:00,44581.3,44584.3,44574.8,44584.2,44.577,1987246.9927
2024-02-08 11:00:00,44584.2,44598.6,44540.3,44540.3,87.428,3897483.6795
2024-02-08 11:01:00,44540.3,44560.0,44534.1,44560.0,24.651,1097973.7161
2024-02-08 11:02:00,44560.0,44578.0,44559.9,44576.9,52.94,2359619.8705
2024-02-08 11:03:00,44576.9,44579.2,44570.6,44570.6,18.013,802937.7939
2024-02-08 11:04:00,44570.6,44577.7,44570.0,44572.3,26.905,1199273.3044
2024-02-08 11:05:00,44572.3,44572.3,44548.0,44548.1,5.656,252014.8748
2024-02-08 11:06:00,44548.1,44555.0,44545.5,44545.6,14.932,665228.2398
2024-02-08 11:07:00,44545.6,44552.0,44545.5,44551.9,8.643,385036.3358
2024-02-08 11:08:00,44551.9,44555.0,44547.7,44555.0,14.653,652805.316
2024-02-08 11:09:00,44555.0,44562.3,44549.3,44562.2,15.383,685376.2483
2024-02-08 11:10:00,44562.2,44562.3,44547.6,44547.7,11.707,521627.2576
2024-02-08 11:11:00,44547.7,44556.0,44532.0,44551.1,71.727,3194774.0346
2024-02-08 11:12:00,44551.1,44562.5,44551.1,44554.5,45.832,2042140.3417
2024-02-08 11:13:00,44554.5,44570.0,44552.4,44558.2,38.199,1702206.4013
2024-02-08 11:14:00,44558.2,44560.0,44553.2,44559.9,8.084,360179.5112
2024-02-08 11:15:00,44559.9,44575.4,44559.9,44573.2,38.53,1717283.4776
2024-02-08 11:16:00,44573.2,44573.3,44561.3,44563.4,12.27,546829.1285
2024-02-08 11:17:00,44563.4,44580.0,44563.4,44580.0,9.876,440161.7067
2024-02-08 11:18:00,44580.0,44608.9,44573.5,44591.5,113.859,5077263.0221
2024-02-08 11:19:00,44591.5,44591.5,44570.7,44570.9,20.18,899640.6172
2024-02-08 11:20:00,44570.9,44570.9,44558.2,44558.2,31.541,1405636.1884
2024-02-08 11:21:00,44558.2,44558.9,44532.2,44532.2,16.25,723914.0245
2024-02-08 11:22:00,44532.2,44535.9,44517.9,44522.4,51.287,2283487.208
2024-02-08 11:23:00,44522.4,44522.4,44513.1,44513.3,14.671,653092.3886
2024-02-08 11:24:00,44513.3,44522.2,44513.3,44515.4,14.784,658159.8322
2024-02-08 11:25:00,44515.4,44536.0,44515.1,44515.2,35.083,1562038.8107
2024-02-08 11:26:00,44515.2,44516.0,44509.4,44511.9,10.786,480108.521
2024-02-08 11:27:00,44511.9,44517.5,44511.8,44516.8,8.903,396329.967
2024-02-08 11:28:00,44516.8,44532.1,44516.8,44526.2,14.183,631466.6548
2024-02-08 11:29:00,44526.2,44532.1,44526.1,44527.6,19.322,860395.3719
2024-02-08 11:30:00,44527.6,44533.1,44513.4,44513.4,14.932,664837.9376
2024-02-08 11:31:00,44513.4,44514.5,44504.5,44514.4,16.423,730948.6257
2024-02-08 11:32:00,44514.4,44514.5,44508.9,44511.6,18.034,802720.3175
2024-02-08 11:33:00,44511.6,44529.3,44511.6,44529.3,8.064,358989.2268
2024-02-08 11:34:00,44529.3,44542.0,44524.7,44527.5,19.298,859417.3483
2024-02-08 11:35:00,44527.5,44527.5,44515.0,44515.1,7.794,346998.9296
2024-02-08 11:36:00,44515.1,44515.1,44503.3,44503.3,17.964,799570.8957
2024-02-08 11:37:00,44503.3,44509.6,44500.0,44500.0,11.154,496397.9078
2024-02-08 11:38:00,44500.0,44500.0,44488.4,44496.8,45.078,2005665.6213
2024-02-08 11:39:00,44496.8,44503.0,44491.3,44501.8,24.916,1108707.1495
2024-02-08 11:40:00,44501.8,44509.9,44494.3,44500.0,15.482,688960.9385
2024-02-08 11:41:00,44500.0,44500.0,44485.6,44485.7,9.804,436208.3741
2024-02-08 11:42:00,44485.7,44485.7,44469.5,44473.4,53.877,2396136.7299
2024-02-08 11:43:00,44473.4,44480.0,44471.6,44474.3,26.521,1179528.4498
2024-02-08 11:44:00,44474.3,44474.4,44472.1,44472.2,12.381,550620.4055
2024-02-08 11:45:00,44472.2,44483.6,44472.1,44479.1,11.562,514280.3074
2024-02-08 11:46:00,44479.1,44488.6,44479.0,44488.6,12.908,574150.8135
2024-02-08 11:47:00,44488.6,44503.9,44488.5,44503.8,18.716,832781.3209
2024-02-08 11:48:00,44503.8,44507.7,44503.8,44507.6,11.485,511128.264
2024-02-08 11:49:00,44507.6,44509.1,44490.1,44499.0,50.574,2250673.2843
2024-02-08 11:50:00,44499.0,44499.1,44488.0,44488.1,23.582,1049277.9142
2024-02-08 11:51:00,44488.1,44500.0,44486.0,44494.1,15.191,675880.5102
2024-02-08 11:52:00,44494.1,44504.3,44490.0,44500.7,13.88,617591.4185
2024-02-08 11:53:00,44500.7,44510.0,44491.5,44491.5,14.744,656196.3933
2024-02-08 11:54:00,44491.5,44502.4,44491.5,44502.3,8.032,357396.0572
2024-02-08 11:55:00,44502.3,44502.4,44490.0,44493.9,9.048,402588.4693
2024-02-08 11:56:00,44493.9,44493.9,44491.1,44491.7,6.355,282749.3129
2024-02-08 11:57:00,44491.7,44496.4,44490.1,44490.1,12.426,552851.0248
2024-02-08 11:58:00,44490.1,44531.9,44490.1,44531.8,33.814,1505120.1211
2024-02-08 11:59:00,44531.8,44540.3,44529.8,44538.1,18.134,807602.63
2024-02-08 12:00:00,44538.1,44556.6,44522.1,44522.1,42.779,1905478.235
2024-02-08 12:01:00,44522.1,44522.2,44498.0,44503.2,31.807,1415656.073
2024-02-08 12:02:00,44503.2,44503.3,44489.6,44494.5,72.901,3243941.0303
2024-02-08 12:03:00,44494.5,44504.8,44494.5,44500.0,7.957,354103.3617
2024-02-08 12:04:00,44500.0,44503.8,44498.8,44503.5,13.601,605272.1174
2024-02-08 12:05:00,44503.5,44503.5,44479.3,44492.5,83.33,3707596.8169
2024-02-08 12:06:00,44492.5,44500.0,44488.1,44490.8,12.044,535867.0059
2024-02-08 12:07:00,44490.8,44505.0,44490.8,44501.8,9.575,426075.3462
2024-02-08 12:08:00,44501.8,44513.7,44496.1,44513.6,10.709,476606.3274
2024-02-08 12:09:00,44513.6,44513.7,44500.7,44500.7,10.326,459568.2988
2024-02-08 12:10:00,44500.7,44510.0,44481.6,44481.6,24.332,1082761.8253
2024-02-08 12:11:00,44481.6,44494.8,44480.0,44480.0,22.604,1005562.4928
2024-02-08 12:12:00,44480.0,44480.1,44471.3,44478.7,35.705,1587905.0174
2024-02-08 12:13:00,44478.7,44478.7,44471.5,44471.5,8.74,388705.3569
2024-02-08 12:14:00,44471.5,44478.8,44471.5,44475.8,11.41,507465.6926
2024-02-08 12:15:00,44475.8,44496.5,44475.0,44496.4,12.951,576134.9438
2024-02-08 12:16:00,44496.4,44496.4,44480.0,44480.2,14.575,648359.2731
2024-02-08 12:17:00,44480.2,44480.9,44465.4,44465.4,29.58,1315473.9924
2024-02-08 12:18:00,44465.4,44465.4,44419.9,44441.2,253.868,11282286.3919
2024-02-08 12:19:00,44441.2,44454.6,44441.2,44449.9,54.565,2425284.2607
2024-02-08 12:20:00,44449.9,44477.6,44449.9,44460.9,51.034,2269246.8417
2024-02-08 12:21:00,44460.9,44467.1,44450.0,44459.9,16.206,720532.7892
2024-02-08 12:22:00,44459.9,44459.9,44446.2,44451.7,25.03,1112624.048
2024-02-08 12:23:00,44451.7,44475.9,44451.6,44466.5,28.528,1268319.1178
2024-02-08 12:24:00,44466.5,44473.9,44460.8,44464.9,39.719,1766183.9835
2024-02-08 12:25:00,44464.9,44474.8,44458.0,44458.0,24.791,1102461.7102
2024-02-08 12:26:00,44458.0,44458.1,44443.9,44445.9,26.186,1163969.2903
2024-02-08 12:27:00,44445.9,44453.2,44441.0,44446.0,19.504,866914.1072
2024-02-08 12:28:00,44446.0,44458.0,44445.9,44457.9,18.89,839695.1757
2024-02-08 12:29:00,44457.9,44458.0,44435.3,44446.1,68.473,3042974.0563
2024-02-08 12:30:00,44446.1,44453.7,44435.3,44438.2,30.081,1336813.8099
2024-02-08 12:31:00,44438.2,44441.5,44425.0,44441.4,24.959,1108974.3975
2024-02-08 12:32:00,44441.4,44453.0,44425.0,44438.0,45.198,2008491.8051
2024-02-08 12:33:00,44438.0,44440.6,44426.7,44440.6,17.52,778430.7193
2024-02-08 12:34:00,44440.6,44440.7,44425.2,44425.2,17.725,787545.2946
2024-02-08 12:35:00,44425.2,44449.1,44410.8,44449.1,94.513,4198249.2314
2024-02-08 12:36:00,44449.1,44481.1,44449.1,44472.2,56.974,2533698.9092
2024-02-08 12:37:00,44472.2,44475.2,44464.9,44465.0,24.671,1097124.1017
2024-02-08 12:38:00,44465.0,44465.0,44436.0,44436.0,23.272,1034289.3051
2024-02-08 12:39:00,44436.0,44449.1,44401.0,44440.0,168.395,7480668.0742
2024-02-08 12:40:00,44440.0,44445.7,44436.9,44443.3,32.486,1443692.0627
2024-02-08 12:41:00,44443.3,44463.5,44440.2,44460.1,18.288,812913.8618
2024-02-08 12:42:00,44460.1,44471.1,44445.2,44445.2,22.77,1012330.2296
2024-02-08 12:43:00,44445.2,44465.8,44445.1,44459.7,28.889,1284257.7522
2024-02-08 12:44:00,44459.7,44459.8,44454.4,44459.8,18.885,839604.6731
2024-02-08 12:45:00,44459.8,44481.4,44459.8,44481.4,37.474,1666572.9696
2024-02-08 12:46:00,44481.4,44492.4,44471.4,44476.6,90.434,4022615.4378
2024-02-08 12:47:00,44476.6,44513.7,44476.5,44509.7,90.49,4026692.3893
2024-02-08 12:48:00,44509.7,44521.0,44506.0,44510.0,89.035,3963163.0772
2024-02-08 12:49:00,44510.0,44520.0,44503.0,44503.0,30.503,1357747.2026
2024-02-08 12:50:00,44503.0,44506.0,44473.1,44478.5,68.052,3027418.4274
2024-02-08 12:51:00,44478.5,44506.1,44474.6,44506.0,54.018,2402964.5803
2024-02-08 12:52:00,44506.0,44508.0,44494.4,44495.7,26.125,1162631.6519
2024-02-08 12:53:00,44495.7,44498.0,44495.7,44498.0,9.244,411328.8044
2024-02-08 12:54:00,44498.0,44498.0,44477.6,44477.7,27.278,1213611.3835
2024-02-08 12:55:00,44477.7,44502.1,44477.7,44502.1,33.662,1497620.4739
2024-02-08 12:56:00,44502.1,44503.0,44484.1,44486.1,6.024,268035.2374
2024-02-08 12:57:00,44486.1,44497.5,44486.0,44493.4,15.338,682441.5802
2024-02-08 12:58:00,44493.4,44493.8,44489.6,44489.6,12.269,545860.6067
2024-02-08 12:59:00,44489.6,44489.7,44485.0,44485.0,5.643,251046.2995
2024-02-08 13:00:00,44485.0,44487.1,44484.9,44487.0,12.142,540143.1968
2024-02-08 13:01:00,44487.0,44499.5,44480.8,44480.9,61.118,2719197.3456
2024-02-08 13:02:00,44480.9,44486.9,44480.8,44486.9,4.433,197189.7231
2024-02-08 13:03:00,44486.9,44502.9,44486.8,44502.9,6.834,304093.3062
2024-02-08 13:04:00,44502.9,44504.8,44495.5,44504.5,13.046,580569.5643
2024-02-08 13:05:00,44504.5,44521.4,44504.5,44521.2,40.763,1814450.8645
2024-02-08 13:06:00,44521.2,44521.2,44503.3,44508.6,46.095,2051881.1807
2024-02-08 13:07:00,44508.6,44508.6,44496.8,44508.1,24.634,1096317.3847
2024-02-08 13:08:00,44508.1,44515.1,44505.9,44509.1,22.477,1000483.9633
2024-02-08 13:09:00,44509.1,44522.9,44509.1,44519.1,22.96,1022080.3508
2024-02-08 13:10:00,44519.1,44519.1,44510.9,44510.9,16.552,736846.2806
2024-02-08 13:11:00,44510.9,44519.0,44510.9,44518.9,20.422,909093.5323
2024-02-08 13:12:00,44518.9,44530.0,44514.6,44514.6,45.221,2013536.5306
2024-02-08 13:13:00,44514.6,44515.0,44509.5,44510.1,20.409,908466.0621
2024-02-08 13:14:00,44510.1,44525.7,44506.2,44525.7,18.87,839968.3766
2024-02-08 13:15:00,44525.7,44525.7,44502.0,44502.1,15.753,701216.6674
2024-02-08 13:16:00,44502.1,44502.1,44480.2,44493.5,39.992,1779248.7912
2024-02-08 13:17:00,44493.5,44493.6,44487.0,44490.0,14.399,640631.4704
2024-02-08 13:18:00,44490.0,44503.8,44488.1,44503.8,11.033,490894.9546
2024-02-08 13:19:00,44503.8,44506.0,44498.7,44498.8,8.645,384726.8253
2024-02-08 13:20:00,44498.8,44515.0,44498.7,44510.1,17.523,779912.1735
2024-02-08 13:21:00,44510.1,44510.1,44500.0,44500.1,11.093,493702.4354
2024-02-08 13:22:00,44500.1,44500.1,44496.0,44496.1,5.012,223029.7764
2024-02-08 13:23:00,44496.1,44496.1,44490.1,44490.1,12.081,537528.5185
2024-02-08 13:24:00,44490.1,44500.0,44480.9,44499.9,37.194,1654641.7455
2024-02-08 13:25:00,44499.9,44504.6,44490.9,44495.4,20.51,912684.135
2024-02-08 13:26:00,44495.4,44496.0,44495.0,44495.1,27.427,1220388.2694
2024-02-08 13:27:00,44495.1,44495.1,44492.5,44492.6,8.152,362704.2804
2024-02-08 13:28:00,44492.6,44493.2,44492.6,44493.2,16.345,727236.1853
2024-02-08 13:29:00,44493.2,44496.8,44490.0,44496.8,17.419,775001.5599
2024-02-08 13:30:00,44496.8,44534.7,44493.6,44533.1,62.983,2803730.6966
2024-02-08 13:31:00,44533.1,44548.1,44530.0,44547.8,60.092,2676505.1012
2024-02-08 13:32:00,44547.8,44555.0,44540.0,44550.0,66.069,2943296.7246
2024-02-08 13:33:00,44550.0,44574.0,44549.9,44560.2,83.02,3699691.0495
2024-02-08 13:34:00,44560.2,44560.3,44542.6,44553.0,38.996,1737393.9959
2024-02-08 13:35:00,44553.0,44553.0,44550.0,44550.1,14.89,663374.0928
2024-02-08 13:36:00,44550.1,44550.1,44544.0,44544.0,18.195,810544.7464
2024-02-08 13:37:00,44544.0,44573.7,44544.0,44573.7,30.807,1372799.0671
2024-02-08 13:38:00,44573.7,44582.7,44573.6,44582.5,57.005,2541219.3438
2024-02-08 13:39:00,44582.5,44596.1,44580.9,44591.4,163.494,7290165.2662
2024-02-08 13:40:00,44591.4,44608.4,44591.3,44603.0,126.865,5658173.717
2024-02-08 13:41:00,44603.0,44603.1,44575.1,44575.1,49.957,2227557.559
2024-02-08 13:42:00,44575.1,44604.3,44567.2,44592.9,97.935,4366328.2404
2024-02-08 13:43:00,44592.9,44619.5,44592.9,44607.0,118.92,5305201.2456
2024-02-08 13:44:00,44607.0,44619.4,44593.9,44600.8,55.747,2486564.4128
2024-02-08 13:45:00,44600.8,44619.5,44594.3,44597.6,117.369,5235009.6569
2024-02-08 13:46:00,44597.6,44602.9,44585.3,44585.8,56.62,2524969.4874
2024-02-08 13:47:00,44585.8,44599.3,44560.0,44560.0,62.106,2768586.5957
2024-02-08 13:48:00,44560.0,44574.7,44544.3,44574.7,54.363,2422256.3423
2024-02-08 13:49:00,44574.7,44584.8,44568.7,44574.0,17.892,797615.1115
2024-02-08 13:50:00,44574.0,44574.1,44567.3,44567.3,18.584,828340.4186
2024-02-08 13:51:00,44567.3,44640.0,44567.3,44629.7,103.577,4621423.4375
2024-02-08 13:52:00,44629.7,44632.0,44615.9,44615.9,32.87,1466841.7237
2024-02-08 13:53:00,44615.9,44650.0,44606.2,44645.6,113.012,5044155.7578
2024-02-08 13:54:00,44645.6,44659.1,44632.8,44638.5,149.009,6653426.4841
2024-02-08 13:55:00,44638.5,44643.5,44606.4,44606.5,108.136,4825791.6296
2024-02-08 13:56:00,44606.5,44606.5,44600.0,44600.1,15.65,698077.2278
2024-02-08 13:57:00,44600.1,44616.3,44592.3,44606.0,72.951,3254010.2879
2024-02-08 13:58:00,44606.0,44615.9,44606.0,44614.0,16.913,754525.6491
2024-02-08 13:59:00,44614.0,44614.0,44600.0,44601.3,57.73,2574984.6776
2024-02-08 14:00:00,44601.3,44602.5,44586.1,44600.9,51.525,2297789.5614
2024-02-08 14:01:00,44600.9,44610.0,44600.8,44610.0,11.28,503119.2933
2024-02-08 14:02:00,44610.0,44624.6,44609.9,44621.9,24.059,1073521.047
2024-02-08 14:03:00,44621.9,44643.2,44621.8,44640.8,57.183,2552442.8612
2024-02-08 14:04:00,44640.8,44644.4,44631.0,44631.0,38.463,1717021.1159
2024-02-08 14:05:00,44631.0,44660.0,44626.0,44647.0,67.761,3025490.921
2024-02-08 14:06:00,44647.0,44648.0,44644.0,44648.0,19.539,872354.3368
2024-02-08 14:07:00,44648.0,44658.3,44641.0,44658.3,123.188,5500043.999
2024-02-08 14:08:00,44658.3,44664.9,44645.6,44649.9,25.413,1134836.0518
2024-02-08 14:09:00,44649.9,44655.3,44649.9,44649.9,29.737,1327797.0239
2024-02-08 14:10:00,44649.9,44656.9,44637.5,44656.9,39.184,1749457.8807
2024-02-08 14:11:00,44656.9,44681.9,44654.7,44668.5,142.79,6377353.6533
2024-02-08 14:12:00,44668.5,44696.1,44667.5,44674.1,146.841,6561266.3121
2024-02-08 14:13:00,44674.1,44682.0,44671.0,44680.7,67.689,3024091.0498
2024-02-08 14:14:00,44680.7,44686.5,44666.0,44677.0,44.99,2009981.5185
2024-02-08 14:15:00,44677.0,44696.9,44677.0,44685.2,78.826,3522590.2871
2024-02-08 14:16:00,44685.2,44709.5,44685.2,44697.7,151.957,6792391.5755
2024-02-08 14:17:00,44697.7,44706.0,44692.3,44699.9,34.149,1526386.5601
2024-02-08 14:18:00,44699.9,44726.4,44699.9,44724.0,99.414,4445420.9029
2024-02-08 14:19:00,44724.0,44724.1,44687.0,44687.0,93.229,4167373.3987
2024-02-08 14:20:00,44687.0,44692.5,44680.3,44680.3,29.896,1335922.6087
2024-02-08 14:21:00,44680.3,44685.0,44680.3,44681.9,27.127,1212111.8242
2024-02-08 14:22:00,44681.9,44695.4,44681.8,44688.2,36.317,1622959.766
2024-02-08 14:23:00,44688.2,44688.3,44680.0,44680.1,68.567,3063660.0749
2024-02-08 14:24:00,44680.1,44718.0,44665.0,44703.9,168.207,7516753.692
2024-02-08 14:25:00,44703.9,44703.9,44688.1,44699.0,32.407,1448383.882
2024-02-08 14:26:00,44699.0,44730.2,44694.5,44720.0,107.173,4792363.5453
2024-02-08 14:27:00,44720.0,44720.0,44690.6,44699.9,28.2,1260705.5712
2024-02-08 14:28:00,44699.9,44700.0,44688.7,44690.9,28.777,1286136.2631
2024-02-08 14:29:00,44690.9,44692.5,44686.6,44692.5,77.708,3472714.9697
2024-02-08 14:30:00,44692.5,44717.3,44663.2,44677.2,116.572,5209755.5925
2024-02-08 14:31:00,44677.2,44699.8,44677.2,44699.6,14.137,631868.5829
2024-02-08 14:32:00,44699.6,44699.6,44682.9,44690.9,42.998,1921750.641
2024-02-08 14:33:00,44690.9,44690.9,44679.1,44688.9,23.018,1028611.1469
2024-02-08 14:34:00,44688.9,44696.4,44688.8,44696.3,10.353,462726.2072
2024-02-08 14:35:00,44696.3,44700.0,44684.2,44700.0,21.03,939903.2417
2024-02-08 14:36:00,44700.0,44720.0,44699.9,44718.2,34.904,1560630.6973
2024-02-08 14:37:00,44718.2,44724.3,44697.3,44706.0,41.802,1868991.3674
2024-02-08 14:38:00,44706.0,44706.1,44641.1,44641.1,80.973,3616987.3906
2024-02-08 14:39:00,44641.1,44680.9,44641.1,44679.4,53.372,2383871.3965
2024-02-08 14:40:00,44679.4,44679.4,44626.0,44632.6,76.009,3393599.6367
2024-02-08 14:41:00,44632.6,44634.5,44588.9,44617.4,149.693,6677979.3433
2024-02-08 14:42:00,44617.4,44617.4,44594.4,44610.3,47.081,2100052.1831
2024-02-08 14:43:00,44610.3,44610.4,44598.4,44602.5,71.67,3196699.5995
2024-02-08 14:44:00,44602.5,44604.5,44602.2,44602.4,22.061,983981.405
2024-02-08 14:45:00,44602.4,44630.2,44590.0,44630.2,119.801,5344433.3274
2024-02-08 14:46:00,44630.2,44637.8,44607.0,44607.0,45.722,2040527.1361
2024-02-08 14:47:00,44607.0,44622.7,44607.0,44621.7,7.042,314215.3382
2024-02-08 14:48:00,44621.7,44623.9,44616.0,44623.9,19.237,858373.9049
2024-02-08 14:49:00,44623.9,44630.0,44623.8,44629.9,12.403,553498.5405
2024-02-08 14:50:00,44629.9,44659.6,44629.9,44659.6,88.181,3937247.9498
2024-02-08 14:51:00,44659.6,44659.6,44637.0,44637.2,22.264,994048.0929
2024-02-08 14:52:00,44637.2,44637.2,44615.2,44615.2,30.005,1338917.8387
2024-02-08 14:53:00,44615.2,44620.0,44612.1,44614.4,26.184,1168248.3195
2024-02-08 14:54:00,44614.4,44614.4,44591.7,44595.8,59.477,2652613.0579
2024-02-08 14:55:00,44595.8,44617.6,44595.8,44617.6,12.638,563746.0197
2024-02-08 14:56:00,44617.6,44629.3,44611.5,44616.9,37.261,1662575.7317
2024-02-08 14:57:00,44616.9,44628.7,44616.9,44628.7,15.514,692273.8181
2024-02-08 14:58:00,44628.7,44628.7,44628.6,44628.7,4.28,191010.6263
2024-02-08 14:59:00,44628.7,44644.0,44628.6,44636.0,28.611,1277075.0271
2024-02-08 15:00:00,44636.0,44645.2,44628.6,44645.1,13.045,582279.0529
2024-02-08 15:01:00,44645.1,44662.9,44638.3,44638.3,31.388,1401494.6346
2024-02-08 15:02:00,44638.3,44662.9,44638.3,44662.9,30.467,1360495.8677
2024-02-08 15:03:00,44662.9,44675.6,44653.5,44653.7,29.141,1301594.2255
2024-02-08 15:04:00,44653.7,44672.8,44653.7,44672.8,9.66,431434.9979
2024-02-08 15:05:00,44672.8,44685.2,44660.9,44683.4,34.126,1524594.986
2024-02-08 15:06:00,44683.4,44689.1,44672.0,44689.0,14.527,649123.1853
2024-02-08 15:07:00,44689.0,44705.4,44689.0,44705.4,54.328,2428310.4914
2024-02-08 15:08:00,44705.4,44740.0,44704.5,44725.1,193.661,8661333.0073
2024-02-08 15:09:00,44725.1,44766.1,44695.8,44744.8,397.382,17774860.5389
2024-02-08 15:10:00,44744.8,44750.0,44731.2,44740.1,66.861,2991529.1923
2024-02-08 15:11:00,44740.1,44740.1,44716.6,44720.7,87.749,3924718.1177
2024-02-08 15:12:00,44720.7,44720.7,44676.4,44685.1,210.491,9407099.0097
2024-02-08 15:13:00,44685.1,44707.6,44676.7,44698.2,42.916,1918007.006
2024-02-08 15:14:00,44698.2,44708.3,44695.2,44696.5,28.715,1283657.694
2024-02-08 15:15:00,44696.5,44703.1,44666.6,44674.9,39.543,1766748.6238
2024-02-08 15:16:00,44674.9,44674.9,44660.4,44666.8,20.42,912079.0646
2024-02-08 15:17:00,44666.8,44685.1,44666.8,44681.6,14.488,647278.0815
2024-02-08 15:18:00,44681.6,44683.0,44676.7,44683.0,12.547,560601.856
2024-02-08 15:19:00,44683.0,44685.3,44674.0,44674.2,38.33,1712618.8646
2024-02-08 15:20:00,44674.2,44676.0,44672.0,44676.0,14.719,657552.7293
2024-02-08 15:21:00,44676.0,44707.3,44676.0,44700.7,24.778,1107515.2346
2024-02-08 15:22:00,44700.7,44716.4,44690.4,44712.6,35.732,1597312.6589
2024-02-08 15:23:00,44712.6,44712.7,44682.0,44682.0,30.727,1373369.0286
2024-02-08 15:24:00,44682.0,44682.0,44675.0,44677.2,36.514,1631394.3164
2024-02-08 15:25:00,44677.2,44686.5,44677.2,44686.5,14.427,644625.1796
2024-02-08 15:26:00,44686.5,44689.8,44675.7,44677.1,6.924,309379.2666
2024-02-08 15:27:00,44677.1,44697.9,44667.5,44687.7,35.02,1564587.6688
2024-02-08 15:28:00,44687.7,44687.7,44660.4,44670.9,50.213,2242932.7199
2024-02-08 15:29:00,44670.9,44674.4,44659.9,44659.9,38.643,1726069.5072
2024-02-08 15:30:00,44659.9,44665.7,44657.0,44658.0,29.828,1332158.4303
2024-02-08 15:31:00,44658.0,44658.1,44657.0,44658.0,24.94,1113766.3739
2024-02-08 15:32:00,44658.0,44666.9,44657.0,44666.0,26.12,1166536.6555
2024-02-08 15:33:00,44666.0,44670.0,44666.0,44669.9,9.767,436256.4885
2024-02-08 15:34:00,44669.9,44670.0,44660.9,44668.9,27.128,1211633.4996
2024-02-08 15:35:00,44668.9,44685.7,44668.9,44685.6,14.996,670025.7665
2024-02-08 15:36:00,44685.6,44690.7,44674.6,44675.9,21.545,962671.9469
2024-02-08 15:37:00,44675.9,44676.0,44669.8,44675.9,11.279,503884.886
2024-02-08 15:38:00,44675.9,44677.3,44669.8,44669.8,11.324,505867.6541
2024-02-08 15:39:00,44669.8,44671.7,44669.8,44671.5,15.55,694634.492
2024-02-08 15:40:00,44671.5,44689.9,44671.4,44683.5,23.04,1029453.4707
2024-02-08 15:41:00,44683.5,44690.7,44683.4,44690.7,7.435,332241.693
2024-02-08 15:42:00,44690.7,44693.0,44688.0,44693.0,22.013,983748.2362
2024-02-08 15:43:00,44693.0,44712.0,44692.9,44712.0,20.182,902217.3145
2024-02-08 15:44:00,44712.0,44889.0,44710.0,44755.7,1581.034,70823280.6473
2024-02-08 15:45:00,44755.7,44757.1,44706.6,44717.7,359.992,16100722.3442
2024-02-08 15:46:00,44717.7,44771.2,44711.7,44771.2,198.458,8879287.3827
2024-02-08 15:47:00,44771.2,44846.3,44771.1,44813.1,810.108,36307253.6179
2024-02-08 15:48:00,44813.1,44823.5,44781.9,44782.1,170.858,7655198.6306
2024-02-08 15:49:00,44782.1,44797.0,44765.5,44765.5,65.305,2924377.359
2024-02-08 15:50:00,44765.5,44766.0,44690.8,44690.8,199.517,8922671.567
2024-02-08 15:51:00,44690.8,44713.8,44669.5,44682.1,193.66,8654376.3455
2024-02-08 15:52:00,44682.1,44693.7,44668.2,44670.2,126.582,5655831.7986
2024-02-08 15:53:00,44670.2,44689.0,44657.1,44684.9,80.074,3577186.7844
2024-02-08 15:54:00,44684.9,44714.0,44684.9,44709.9,49.767,2224765.7766
2024-02-08 15:55:00,44709.9,44720.0,44700.0,44700.1,101.625,4543866.8957
2024-02-08 15:56:00,44700.1,44704.0,44673.2,44693.3,53.544,2392800.9634
2024-02-08 15:57:00,44693.3,44720.0,44689.7,44716.8,55.977,2502362.8325
2024-02-08 15:58:00,44716.8,44716.9,44710.0,44710.0,23.629,1056598.8776
2024-02-08 15:59:00,44710.0,44710.1,44695.1,44703.1,44.214,1976453.3804
2024-02-08 16:00:00,44703.1,44810.8,44682.8,44798.1,516.085,23098894.6379
2024-02-08 16:01:00,44798.1,44837.7,44770.1,44775.7,302.03,13535112.554
2024-02-08 16:02:00,44775.7,44799.5,44754.9,44758.5,116.471,5215690.6301
2024-02-08 16:03:00,44758.5,44779.9,44758.4,44769.1,34.067,1525185.7729
2024-02-08 16:04:00,44769.1,44792.1,44769.1,44787.7,91.005,4074995.1093
2024-02-08 16:05:00,44787.7,44800.0,44787.6,44795.0,88.79,3977556.0657
2024-02-08 16:06:00,44795.0,44795.0,44764.0,44773.7,65.694,2941561.9406
2024-02-08 16:07:00,44773.7,44773.8,44738.0,44738.0,33.576,1502568.406
2024-02-08 16:08:00,44738.0,44786.7,44736.8,44786.7,63.521,2843247.2377
2024-02-08 16:09:00,44786.7,44799.2,44773.1,44789.5,50.017,2240255.5106
2024-02-08 16:10:00,44789.5,44811.0,44789.5,44802.6,63.129,2828197.6942
2024-02-08 16:11:00,44802.6,44802.6,44764.1,44776.3,46.524,2083437.9319
2024-02-08 16:12:00,44776.3,44800.0,44776.2,44798.6,17.806,797579.6324
2024-02-08 16:13:00,44798.6,44798.7,44782.8,44788.1,43.899,1966396.4109
2024-02-08 16:14:00,44788.1,44788.1,44780.0,44781.0,11.11,497525.1258
2024-02-08 16:15:00,44781.0,44781.0,44764.2,44773.8,27.709,1240614.3093
2024-02-08 16:16:00,44773.8,44796.1,44773.8,44796.1,53.924,2415071.7589
2024-02-08 16:17:00,44796.1,44818.9,44792.0,44805.2,105.968,4747788.9716
2024-02-08 16:18:00,44805.2,44805.3,44780.7,44788.2,47.727,2137828.7105
2024-02-08 16:19:00,44788.2,44803.3,44788.2,44803.2,19.098,855419.5584
2024-02-08 16:20:00,44803.2,44833.0,44800.1,44815.1,140.947,6317522.1565
2024-02-08 16:21:00,44815.1,44825.0,44801.0,44801.0,39.179,1755652.2121
2024-02-08 16:22:00,44801.0,44827.6,44800.0,44820.8,22.984,1029953.6591
2024-02-08 16:23:00,44820.8,44820.9,44813.0,44813.1,26.863,1203864.3267
2024-02-08 16:24:00,44813.1,44815.3,44785.5,44785.5,177.973,7973441.0793
2024-02-08 16:25:00,44785.5,44785.6,44762.3,44774.5,62.0,2776049.0515
2024-02-08 16:26:00,44774.5,44799.9,44774.4,44782.0,34.606,1549694.1966
2024-02-08 16:27:00,44782.0,44794.4,44782.0,44789.2,11.646,521615.6227
2024-02-08 16:28:00,44789.2,44789.3,44788.1,44789.2,9.375,419898.7266
2024-02-08 16:29:00,44789.2,44800.0,44789.2,44799.9,40.618,1819445.9039
2024-02-08 16:30:00,44799.9,44800.0,44788.0,44792.8,48.003,2150202.905
2024-02-08 16:31:00,44792.8,44793.3,44770.0,44770.9,40.465,1812178.0772
2024-02-08 16:32:00,44770.9,44775.8,44754.3,44764.1,54.681,2447719.5143
2024-02-08 16:33:00,44764.1,44800.0,44764.1,44800.0,40.501,1813846.3288
2024-02-08 16:34:00,44800.0,44800.0,44790.6,44797.6,14.537,651228.5011
2024-02-08 16:35:00,44797.6,44797.6,44766.6,44772.0,29.054,1301046.8657
2024-02-08 16:36:00,44772.0,44772.0,44751.6,44759.6,48.93,2190022.2255
2024-02-08 16:37:00,44759.6,44776.0,44759.5,44769.6,30.387,1360346.758
2024-02-08 16:38:00,44769.6,44796.1,44769.5,44796.1,24.832,1112149.3697
2024-02-08 16:39:00,44796.1,44808.5,44796.0,44808.5,46.62,2088697.732
2024-02-08 16:40:00,44808.5,44827.3,44808.5,44820.0,74.617,3344457.2889
2024-02-08 16:41:00,44820.0,44829.0,44819.7,44829.0,25.312,1134664.1767
2024-02-08 16:42:00,44829.0,44874.9,44828.1,44851.9,561.477,25180903.9899
2024-02-08 16:43:00,44851.9,44859.4,44845.4,44850.0,46.535,2087359.411
2024-02-08 16:44:00,44850.0,44859.4,44847.4,44859.4,65.587,2941750.2749
2024-02-08 16:45:00,44859.4,44859.4,44842.9,44852.9,57.418,2575230.7111
2024-02-08 16:46:00,44852.9,44852.9,44832.0,44832.1,75.209,3372529.0405
2024-02-08 16:47:00,44832.1,44832.1,44800.7,44812.3,178.703,8008385.8435
2024-02-08 16:48:00,44812.3,44821.6,44808.3,44817.3,47.543,2130655.4699
2024-02-08 16:49:00,44817.3,44849.7,44810.0,44824.7,53.355,2392147.57
2024-02-08 16:50:00,44824.7,44824.7,44810.3,44810.4,18.332,821580.1521
2024-02-08 16:51:00,44810.4,44815.6,44810.2,44812.8,33.147,1485437.998
2024-02-08 16:52:00,44812.8,44819.0,44807.0,44807.0,28.11,1259703.6442
2024-02-08 16:53:00,44807.0,44828.5,44803.0,44828.5,44.578,1997508.9554
2024-02-08 16:54:00,44828.5,44828.5,44807.6,44818.1,23.747,1064132.8023
2024-02-08 16:55:00,44818.1,44825.9,44800.0,44800.1,27.812,1246101.8768
2024-02-08 16:56:00,44800.1,44800.1,44799.0,44799.0,22.421,1004461.0253
2024-02-08 16:57:00,44799.0,44799.0,44780.1,44786.1,77.34,3463774.5908
2024-02-08 16:58:00,44786.1,44786.1,44776.1,44776.1,50.035,2240589.3235
2024-02-08 16:59:00,44776.1,44776.2,44756.1,44770.0,69.687,3119630.7596
2024-02-08 17:00:00,44770.0,44770.0,44722.4,44742.8,228.556,10226783.5345
2024-02-08 17:01:00,44742.8,44742.9,44669.7,44693.6,337.033,15065562.1303
2024-02-08 17:02:00,44693.6,44700.0,44669.0,44682.0,137.551,6147215.4797
2024-02-08 17:03:00,44682.0,44713.1,44661.9,44709.9,165.856,7411591.0372
2024-02-08 17:04:00,44709.9,44741.3,44695.0,44728.1,71.106,3179640.8555
2024-02-08 17:05:00,44728.1,44728.1,44696.8,44705.8,49.174,2198475.3654
2024-02-08 17:06:00,44705.8,44734.0,44705.8,44733.9,60.46,2703931.0572
2024-02-08 17:07:00,44733.9,44774.4,44733.0,44763.0,161.151,7211844.3793
2024-02-08 17:08:00,44763.0,44771.3,44756.8,44765.7,25.368,1135644.1056
2024-02-08 17:09:00,44765.7,44770.8,44751.5,44763.8,35.966,1609934.18
2024-02-08 17:10:00,44763.8,44763.8,44752.1,44756.8,9.42,421611.4965
2024-02-08 17:11:00,44756.8,44756.9,44753.7,44755.5,7.227,323447.1499
2024-02-08 17:12:00,44755.5,44765.8,44737.9,44737.9,17.259,772429.1369
2024-02-08 17:13:00,44737.9,44742.0,44725.7,44738.0,32.453,1451704.1595
2024-02-08 17:14:00,44738.0,44759.9,44717.6,44749.9,52.712,2358123.5556
2024-02-08 17:15:00,44749.9,44750.0,44728.0,44728.1,35.332,1580869.6832
2024-02-08 17:16:00,44728.1,44728.1,44710.1,44711.7,20.733,927148.8065
2024-02-08 17:17:00,44711.7,44735.0,44711.6,44731.3,26.69,1193680.2923
2024-02-08 17:18:00,44731.3,44731.4,44713.1,44720.6,23.606,1055688.8643
2024-02-08 17:19:00,44720.6,44736.9,44720.3,44733.5,12.455,557120.6383
2024-02-08 17:20:00,44733.5,44749.4,44733.4,44748.6,13.978,625390.8602
2024-02-08 17:21:00,44748.6,44748.7,44723.0,44734.5,32.937,1473483.94
2024-02-08 17:22:00,44734.5,44734.5,44713.3,44713.3,52.185,2334087.0195
2024-02-08 17:23:00,44713.3,44713.6,44681.1,44687.9,134.146,5995679.1531
2024-02-08 17:24:00,44687.9,44712.6,44687.9,44712.6,26.28,1174816.3119
2024-02-08 17:25:00,44712.6,44726.0,44683.4,44683.4,35.43,1583824.5267
2024-02-08 17:26:00,44683.4,44689.2,44666.6,44683.8,53.295,2381108.8502
2024-02-08 17:27:00,44683.8,44688.0,44676.0,44682.7,63.391,2832312.4121
2024-02-08 17:28:00,44682.7,44682.8,44650.9,44662.2,121.555,5428815.6601
2024-02-08 17:29:00,44662.2,44681.0,44662.2,44678.0,69.844,3120260.855
2024-02-08 17:30:00,44678.0,44700.0,44675.4,44700.0,59.343,2651730.724
2024-02-08 17:31:00,44700.0,44717.3,44699.9,44702.5,53.088,2373417.5146
2024-02-08 17:32:00,44702.5,44702.6,44683.9,44695.7,32.659,1459559.0913
2024-02-08 17:33:00,44695.7,44707.6,44695.7,44707.6,21.589,965052.3101
2024-02-08 17:34:00,44707.6,44707.6,44690.1,44695.8,27.274,1219104.3177
2024-02-08 17:35:00,44695.8,44759.2,44695.7,44758.6,77.68,3475791.8439
2024-02-08 17:36:00,44758.6,44777.6,44751.9,44777.5,107.946,4832263.9733
2024-02-08 17:37:00,44777.5,44777.6,44753.4,44770.2,26.351,1179646.6652
2024-02-08 17:38:00,44770.2,44807.3,44770.2,44793.5,231.937,10389438.7736
2024-02-08 17:39:00,44793.5,44793.6,44761.3,44761.3,56.696,2538774.3843
2024-02-08 17:40:00,44761.3,44795.7,44761.3,44793.9,65.707,2942557.11
2024-02-08 17:41:00,44793.9,44795.0,44774.5,44790.7,20.332,910609.2858
2024-02-08 17:42:00,44790.7,44794.0,44774.0,44792.4,12.651,566613.7588
2024-02-08 17:43:00,44792.4,44797.5,44791.1,44791.2,28.726,1286799.7121
2024-02-08 17:44:00,44791.2,44819.3,44790.5,44816.8,66.825,2994054.8653
2024-02-08 17:45:00,44816.8,44816.8,44801.0,44801.0,56.571,2535012.0064
2024-02-08 17:46:00,44801.0,44801.1,44789.3,44789.4,32.238,1444192.4042
2024-02-08 17:47:00,44789.4,44802.5,44786.9,44802.5,54.084,2422710.7327
2024-02-08 17:48:00,44802.5,44810.9,44795.3,44795.4,61.114,2738096.6559
2024-02-08 17:49:00,44795.4,44796.1,44786.9,44794.8,19.909,891781.2176
2024-02-08 17:50:00,44794.8,44807.0,44790.7,44796.8,45.59,2042477.3457
2024-02-08 17:51:00,44796.8,44810.0,44796.8,44809.5,48.734,2183548.2159
2024-02-08 17:52:00,44809.5,44809.6,44761.3,44766.7,29.462,1319505.4498
2024-02-08 17:53:00,44766.7,44780.9,44750.0,44751.9,37.148,1662745.0105
2024-02-08 17:54:00,44751.9,44764.7,44747.3,44747.3,33.145,1483530.7866
2024-02-08 17:55:00,44747.3,44750.8,44736.8,44736.8,39.355,1760928.6388
2024-02-08 17:56:00,44736.8,44740.7,44711.7,44711.7,28.419,1271028.333
2024-02-08 17:57:00,44711.7,44717.4,44702.8,44717.4,35.657,1594143.6071
2024-02-08 17:58:00,44717.4,44717.4,44713.0,44713.0,19.135,855631.5941
2024-02-08 17:59:00,44713.0,44713.1,44700.0,44700.0,20.573,919668.7555
2024-02-08 18:00:00,44700.0,44701.7,44680.0,44680.0,52.914,2364862.6521
2024-02-08 18:01:00,44680.0,44692.7,44650.7,44650.9,90.216,4030191.8882
2024-02-08 18:02:00,44650.9,44668.1,44628.0,44668.0,203.39,9079764.2651
2024-02-08 18:03:00,44668.0,44688.0,44668.0,44678.5,94.559,4224596.2287
2024-02-08 18:04:00,44678.5,44684.6,44662.0,44680.2,66.578,2974193.3499
2024-02-08 18:05:00,44680.2,44690.0,44675.2,44675.2,51.726,2311423.7556
2024-02-08 18:06:00,44675.2,44675.2,44650.8,44659.3,47.823,2135839.243
2024-02-08 18:07:00,44659.3,44659.4,44600.1,44604.0,197.257,8802042.3167
2024-02-08 18:08:00,44604.0,44620.0,44564.8,44593.4,359.174,16016013.4326
2024-02-08 18:09:00,44593.4,44640.4,44593.3,44640.3,76.481,3412277.4302
2024-02-08 18:10:00,44640.3,44640.7,44597.0,44598.6,177.364,7913158.8614
2024-02-08 18:11:00,44598.6,44637.6,44598.6,44637.6,149.181,6654296.6068
2024-02-08 18:12:00,44637.6,44639.5,44623.5,44639.4,49.528,2210540.3879
2024-02-08 18:13:00,44639.4,44639.5,44630.4,44639.4,36.252,1618203.4748
2024-02-08 18:14:00,44639.4,44641.4,44635.9,44641.4,14.305,638557.5781
2024-02-08 18:15:00,44641.4,44658.8,44626.6,44655.0,50.483,2253720.3819
2024-02-08 18:16:00,44655.0,44655.1,44609.0,44630.0,77.739,3469312.63
2024-02-08 18:17:00,44630.0,44640.0,44627.9,44636.5,25.785,1150816.2799
2024-02-08 18:18:00,44636.5,44654.1,44636.5,44643.5,39.816,1777724.2798
2024-02-08 18:19:00,44643.5,44648.0,44626.2,44631.8,16.067,717199.7491
2024-02-08 18:20:00,44631.8,44631.9,44597.1,44599.0,135.055,6024616.9502
2024-02-08 18:21:00,44599.0,44624.3,44599.0,44624.3,41.171,1836817.1388
2024-02-08 18:22:00,44624.3,44648.3,44624.2,44648.2,77.761,3471281.8038
2024-02-08 18:23:00,44648.2,44648.2,44639.8,44639.9,46.043,2055511.8655
2024-02-08 18:24:00,44639.9,44644.7,44639.9,44644.6,22.412,1000518.2394
2024-02-08 18:25:00,44644.6,44666.1,44644.6,44665.8,78.69,3514147.6819
2024-02-08 18:26:00,44665.8,44670.0,44646.6,44646.6,25.785,1151575.1243
2024-02-08 18:27:00,44646.6,44654.3,44645.2,44654.2,29.825,1331639.8107
2024-02-08 18:28:00,44654.2,44660.0,44654.2,44660.0,10.005,446774.9391
2024-02-08 18:29:00,44660.0,44662.9,44654.9,44662.8,29.567,1320359.8528
2024-02-08 18:30:00,44662.8,44668.0,44654.9,44667.9,19.559,873535.2454
2024-02-08 18:31:00,44667.9,44695.0,44667.9,44695.0,79.005,3529649.2051
2024-02-08 18:32:00,44695.0,44700.0,44694.9,44700.0,44.378,1983609.9724
2024-02-08 18:33:00,44700.0,44700.0,44684.0,44687.4,38.973,1741809.2143
2024-02-08 18:34:00,44687.4,44722.7,44687.3,44707.7,98.929,4423199.5711
2024-02-08 18:35:00,44707.7,44714.8,44697.9,44712.9,30.49,1363075.0967
2024-02-08 18:36:00,44712.9,44725.3,44712.7,44715.7,27.461,1228008.2184
2024-02-08 18:37:00,44715.7,44723.9,44713.0,44718.2,16.038,717150.585
2024-02-08 18:38:00,44718.2,44720.7,44685.9,44695.0,69.234,3094486.7965
2024-02-08 18:39:00,44695.0,44705.1,44676.2,44683.9,48.756,2178907.9242
2024-02-08 18:40:00,44683.9,44703.9,44683.0,44701.3,18.148,811062.6925
2024-02-08 18:41:00,44701.3,44723.4,44701.3,44718.2,32.379,1447929.7659
2024-02-08 18:42:00,44718.2,44743.2,44717.8,44743.2,47.816,2138795.3166
2024-02-08 18:43:00,44743.2,44753.0,44735.5,44750.0,73.669,3296565.1291
2024-02-08 18:44:00,44750.0,44766.0,44749.9,44764.0,108.709,4865608.2869
2024-02-08 18:45:00,44764.0,44766.0,44755.5,44765.9,72.311,3236720.3704
2024-02-08 18:46:00,44765.9,44777.1,44760.8,44774.0,59.53,2665307.3711
2024-02-08 18:47:00,44774.0,44774.1,44743.3,44750.4,72.467,3243021.6071
2024-02-08 18:48:00,44750.4,44750.5,44719.7,44719.7,69.053,3089048.0204
2024-02-08 18:49:00,44719.7,44728.6,44680.9,44694.1,120.094,5368512.8938
2024-02-08 18:50:00,44694.1,44700.0,44672.1,44679.9,51.979,2322505.6393
2024-02-08 18:51:00,44679.9,44709.6,44679.9,44705.4,22.075,986712.3079
2024-02-08 18:52:00,44705.4,44710.0,44705.3,44709.9,8.817,394200.0849
2024-02-08 18:53:00,44709.9,44717.1,44708.6,44709.4,40.261,1800181.8503
2024-02-08 18:54:00,44709.4,44726.1,44709.3,44722.6,16.818,752078.6273
2024-02-08 18:55:00,44722.6,44722.6,44671.9,44681.0,36.989,1652903.6204
2024-02-08 18:56:00,44681.0,44715.7,44681.0,44713.4,20.183,902079.4005
2024-02-08 18:57:00,44713.4,44720.0,44711.1,44716.1,32.224,1440907.4365
2024-02-08 18:58:00,44716.1,44727.4,44715.9,44719.9,27.186,1215827.1598
2024-02-08 18:59:00,44719.9,44719.9,44712.8,44712.8,18.071,808082.3758
2024-02-08 19:00:00,44712.8,44712.8,44671.2,44690.0,68.156,3045739.8304
2024-02-08 19:01:00,44690.0,44698.6,44686.6,44686.7,28.435,1270741.6577
2024-02-08 19:02:00,44686.7,44686.7,44662.4,44668.2,56.45,2521645.1017
2024-02-08 19:03:00,44668.2,44696.3,44652.2,44696.2,90.139,4026290.6309
2024-02-08 19:04:00,44696.2,44696.3,44670.2,44684.9,49.953,2232227.1081
2024-02-08 19:05:00,44684.9,44685.0,44664.9,44676.0,26.951,1204048.3805
2024-02-08 19:06:00,44676.0,44700.0,44675.9,44699.9,38.62,1725943.1323
2024-02-08 19:07:00,44699.9,44741.8,44699.9,44735.7,67.501,3019325.9337
2024-02-08 19:08:00,44735.7,44769.0,44735.7,44764.0,170.857,7647710.6056
2024-02-08 19:09:00,44764.0,44764.0,44751.7,44757.3,39.403,1763662.7854
2024-02-08 19:10:00,44757.3,44770.0,44757.2,44769.9,31.328,1402308.4782
2024-02-08 19:11:00,44769.9,44821.2,44769.9,44798.4,322.114,14430026.6854
2024-02-08 19:12:00,44798.4,44800.4,44762.7,44762.7,55.404,2481119.6357
2024-02-08 19:13:00,44762.7,44777.0,44760.5,44768.0,57.617,2579325.2078
2024-02-08 19:14:00,44768.0,44782.5,44767.2,44782.4,12.245,548235.8166
2024-02-08 19:15:00,44782.4,44787.2,44767.9,44786.6,21.953,983002.7321
2024-02-08 19:16:00,44786.6,44834.8,44786.6,44822.9,156.587,7018367.7469
2024-02-08 19:17:00,44822.9,44849.8,44814.2,44833.2,261.968,11745364.2071
2024-02-08 19:18:00,44833.2,44839.8,44812.4,44817.5,67.185,3011806.0161
2024-02-08 19:19:00,44817.5,44842.1,44817.4,44841.8,66.513,2981992.6238
2024-02-08 19:20:00,44841.8,44856.2,44835.2,44839.3,112.403,5040981.9569
2024-02-08 19:21:00,44839.3,44977.7,44836.0,44892.0,1316.068,59107296.6495
2024-02-08 19:22:00,44892.0,44892.0,44833.6,44890.7,218.529,9805050.0742
2024-02-08 19:23:00,44890.7,44921.6,44890.7,44895.4,215.995,9700729.7159
2024-02-08 19:24:00,44895.4,44927.6,44893.6,44906.7,128.022,5749322.8462
2024-02-08 19:25:00,44906.7,44906.7,44838.9,44900.0,242.073,10862225.1176
2024-02-08 19:26:00,44900.0,44935.6,44876.2,44887.4,371.278,16673649.084
2024-02-08 19:27:00,44887.4,44946.1,44887.4,44923.0,446.228,20043659.7768
2024-02-08 19:28:00,44923.0,44990.2,44922.2,44938.0,1097.833,49353474.6407
2024-02-08 19:29:00,44938.0,44964.6,44937.9,44959.1,217.764,9789295.5133
2024-02-08 19:30:00,44959.1,44959.3,44903.1,44919.4,282.015,12669582.4216
2024-02-08 19:31:00,44919.4,44937.0,44916.3,44936.9,110.532,4965595.2727
2024-02-08 19:32:00,44936.9,44984.2,44936.0,44974.0,304.377,13687945.1374
2024-02-08 19:33:00,44974.0,44974.1,44920.0,44964.6,239.39,10760264.5825
2024-02-08 19:34:00,44964.6,45177.0,44945.4,45026.8,2964.584,133608481.9129
2024-02-08 19:35:00,45026.8,45099.7,45026.8,45072.3,523.828,23604061.694
2024-02-08 19:36:00,45072.3,45127.2,45065.7,45112.0,537.531,24241975.9819
2024-02-08 19:37:00,45112.0,45125.1,45040.0,45048.3,480.126,21645203.2199
2024-02-08 19:38:00,45048.3,45064.7,45009.3,45016.8,387.91,17472192.5501
2024-02-08 19:39:00,45016.8,45048.6,45007.1,45039.9,302.324,13611054.569
2024-02-08 19:40:00,45039.9,45059.7,45031.0,45034.8,149.969,6755348.6358
2024-02-08 19:41:00,45034.8,45155.6,45034.7,45102.4,443.074,19987165.5135
2024-02-08 19:42:00,45102.4,45176.9,45099.1,45137.9,603.597,27247315.7513
2024-02-08 19:43:00,45137.9,45153.4,45094.0,45130.3,227.748,10277974.7653
2024-02-08 19:44:00,45130.3,45164.3,45130.0,45156.0,313.299,14145491.3963
2024-02-08 19:45:00,45156.0,45164.3,45090.0,45105.1,381.181,17203053.6344
2024-02-08 19:46:00,45105.1,45150.0,45104.8,45120.0,116.745,5268656.3376
2024-02-08 19:47:00,45120.0,45130.0,45093.9,45111.1,108.621,4900461.458
2024-02-08 19:48:00,45111.1,45119.1,45034.0,45043.2,266.053,11990898.8711
2024-02-08 19:49:00,45043.2,45046.2,45009.5,45039.3,179.584,8086277.8354
2024-02-08 19:50:00,45039.3,45100.0,45039.3,45100.0,92.577,4172244.0774
2024-02-08 19:51:00,45100.0,45150.0,45100.0,45134.4,191.097,8623620.2134
2024-02-08 19:52:00,45134.4,45149.7,45114.9,45140.0,186.25,8406217.9702
2024-02-08 19:53:00,45140.0,45144.0,45089.2,45089.2,71.551,3228569.3627
2024-02-08 19:54:00,45089.2,45117.9,45089.2,45095.7,66.877,3016255.2041
2024-02-08 19:55:00,45095.7,45099.5,45056.7,45060.7,96.909,4367414.4725
2024-02-08 19:56:00,45060.7,45075.0,45049.9,45056.8,117.261,5283899.0548
2024-02-08 19:57:00,45056.8,45070.3,45041.3,45069.9,68.731,3096924.9467
2024-02-08 19:58:00,45069.9,45084.4,45040.0,45040.0,87.728,3952662.5222
2024-02-08 19:59:00,45040.0,45040.1,45003.3,45010.1,220.476,9926906.2994
2024-02-08 20:00:00,45010.1,45040.0,44940.3,44947.9,429.087,19297935.7078
2024-02-08 20:01:00,44947.9,44975.7,44842.5,44867.7,702.574,31544899.0057
2024-02-08 20:02:00,44867.7,44921.5,44832.0,44915.5,602.888,27053686.3483
2024-02-08 20:03:00,44915.5,44946.3,44872.0,44927.3,349.565,15696589.6231
2024-02-08 20:04:00,44927.3,44955.3,44925.5,44936.5,113.715,5110778.7666
2024-02-08 20:05:00,44936.5,44945.0,44913.1,44944.9,108.088,4856629.4698
2024-02-08 20:06:00,44944.9,45022.5,44944.9,44990.0,261.358,11758651.1286
2024-02-08 20:07:00,44990.0,44992.3,44952.8,44983.9,124.357,5592256.1329
2024-02-08 20:08:00,44983.9,44983.9,44948.1,44972.9,73.162,3289899.7602
2024-02-08 20:09:00,44972.9,45009.7,44972.9,45001.9,85.233,3835166.8118
2024-02-08 20:10:00,45001.9,45003.8,44960.6,44964.4,54.62,2456954.4625
2024-02-08 20:11:00,44964.4,44987.8,44960.7,44964.4,70.932,3189985.7557
2024-02-08 20:12:00,44964.4,45016.0,44964.4,45011.4,51.802,2330819.8943
2024-02-08 20:13:00,45011.4,45011.5,44984.1,44987.4,37.794,1700519.9703
2024-02-08 20:14:00,44987.4,44999.7,44966.8,44983.0,45.479,2045877.4605
2024-02-08 20:15:00,44983.0,45046.8,44973.5,44988.3,112.772,5075803.569
2024-02-08 20:16:00,44988.3,45040.0,44988.3,45027.5,75.882,3416115.1971
2024-02-08 20:17:00,45027.5,45099.1,45018.3,45091.2,209.827,9456001.5858
2024-02-08 20:18:00,45091.2,45131.1,45085.7,45105.4,352.677,15909969.3179
2024-02-08 20:19:00,45105.4,45105.5,45068.4,45085.9,124.068,5594201.8624
2024-02-08 20:20:00,45085.9,45086.5,45060.9,45085.0,69.873,3149556.0666
2024-02-08 20:21:00,45085.0,45099.6,45080.1,45099.6,48.226,2174437.48
2024-02-08 20:22:00,45099.6,45099.6,45074.4,45088.9,48.983,2208347.0371
2024-02-08 20:23:00,45088.9,45098.6,45075.0,45078.9,69.162,3118146.2037
2024-02-08 20:24:00,45078.9,45125.0,45078.8,45107.3,130.257,5875578.0684
2024-02-08 20:25:00,45107.3,45146.5,45089.7,45133.4,206.473,9315763.2113
2024-02-08 20:26:00,45133.4,45286.0,45078.0,45087.1,1718.334,77658443.8907
2024-02-08 20:27:00,45087.1,45096.4,44960.0,44995.9,665.014,29943555.9661
2024-02-08 20:28:00,44995.9,45044.0,44989.6,45039.9,289.551,13034560.4332
2024-02-08 20:29:00,45039.9,45083.0,45009.0,45048.7,349.17,15725078.9842
2024-02-08 20:30:00,45048.7,45107.4,45048.5,45107.3,145.311,6551338.827
2024-02-08 20:31:00,45107.3,45130.0,45087.8,45087.8,169.434,7644279.9972
2024-02-08 20:32:00,45087.8,45131.6,45082.0,45131.5,133.198,6010179.2865
2024-02-08 20:33:00,45131.5,45131.6,45083.3,45090.0,125.069,5640858.9654
2024-02-08 20:34:00,45090.0,45098.6,45036.0,45040.7,156.167,7036761.2057
2024-02-08 20:35:00,45040.7,45048.0,45018.5,45035.9,148.622,6692756.9757
2024-02-08 20:36:00,45035.9,45042.0,44989.0,45004.1,132.744,5974415.5754
2024-02-08 20:37:00,45004.1,45029.5,44994.9,44999.1,198.186,8918908.0417
2024-02-08 20:38:00,44999.1,45018.0,44996.0,45002.6,39.425,1774366.0644
2024-02-08 20:39:00,45002.6,45008.2,44969.1,44970.4,194.108,8733200.0471
2024-02-08 20:40:00,44970.4,44970.5,44910.8,44935.0,366.81,16483518.8515
2024-02-08 20:41:00,44935.0,44961.1,44900.8,44945.0,174.582,7844102.0273
2024-02-08 20:42:00,44945.0,45010.0,44944.9,45002.6,86.68,3898994.604
2024-02-08 20:43:00,45002.6,45019.8,44971.3,44991.1,66.511,2992766.084
2024-02-08 20:44:00,44991.1,45021.2,44980.0,44980.0,106.679,4800791.6537
2024-02-08 20:45:00,44980.0,44990.0,44971.2,44984.6,32.891,1479414.2836
2024-02-08 20:46:00,44984.6,45013.8,44965.9,45013.8,71.552,3218157.7368
2024-02-08 20:47:00,45013.8,45075.6,45013.7,45064.1,123.344,5556440.663
2024-02-08 20:48:00,45064.1,45122.3,45059.0,45120.0,249.351,11245394.1159
2024-02-08 20:49:00,45120.0,45203.4,45111.1,45155.8,683.999,30893610.7776
2024-02-08 20:50:00,45155.8,45228.0,45153.0,45210.9,463.52,20955367.2014
2024-02-08 20:51:00,45210.9,45326.0,45192.3,45305.2,1218.455,55162630.3088
2024-02-08 20:52:00,45305.2,45458.3,45298.7,45314.7,2153.593,97710856.54
2024-02-08 20:53:00,45314.7,45358.2,45244.2,45268.0,528.266,23924653.1281
2024-02-08 20:54:00,45268.0,45300.0,45245.4,45285.0,251.517,11386446.172
2024-02-08 20:55:00,45285.0,45327.4,45277.2,45305.1,182.022,8246360.8723
2024-02-08 20:56:00,45305.1,45373.7,45297.6,45352.0,261.238,11844320.4163
2024-02-08 20:57:00,45352.0,45394.0,45292.8,45334.5,341.718,15495456.9488
2024-02-08 20:58:00,45334.5,45341.9,45292.8,45308.0,233.209,10565847.0689
2024-02-08 20:59:00,45308.0,45354.9,45293.9,45343.0,144.402,6546371.7523
2024-02-08 21:00:00,45343.0,45424.9,45342.9,45396.6,356.105,16162372.8627
2024-02-08 21:01:00,45396.6,45440.0,45376.8,45412.2,418.179,18993503.1067
2024-02-08 21:02:00,45412.2,45447.9,45394.9,45402.4,360.403,16369425.1189
2024-02-08 21:03:00,45402.4,45442.3,45376.4,45376.4,263.834,11981397.0187
2024-02-08 21:04:00,45376.4,45412.6,45370.4,45404.9,99.498,4516305.7278
2024-02-08 21:05:00,45404.9,45410.0,45319.1,45346.4,374.528,16986815.1773
2024-02-08 21:06:00,45346.4,45377.4,45334.2,45340.0,183.181,8307876.5208
2024-02-08 21:07:00,45340.0,45372.3,45329.1,45354.6,91.143,4133382.8834
2024-02-08 21:08:00,45354.6,45387.5,45340.0,45362.5,161.745,7336997.2818
2024-02-08 21:09:00,45362.5,45371.5,45324.5,45337.0,69.724,3161810.4313
2024-02-08 21:10:00,45337.0,45337.0,45280.1,45314.0,223.445,10121404.8295
2024-02-08 21:11:00,45314.0,45315.9,45272.0,45277.5,101.178,4582007.7261
2024-02-08 21:12:00,45277.5,45383.1,45271.6,45347.9,398.452,18067384.4493
2024-02-08 21:13:00,45347.9,45366.8,45320.2,45320.2,81.556,3698529.4798
2024-02-08 21:14:00,45320.2,45340.0,45313.1,45337.7,103.042,4670623.0141
2024-02-08 21:15:00,45337.7,45337.8,45279.9,45279.9,125.196,5671436.3632
2024-02-08 21:16:00,45279.9,45281.5,45233.5,45248.4,202.966,9185812.6861
2024-02-08 21:17:00,45248.4,45256.2,45233.2,45250.0,142.191,6433122.5501
2024-02-08 21:18:00,45250.0,45325.0,45250.0,45281.1,117.596,5325731.6677
2024-02-08 21:19:00,45281.1,45299.9,45271.7,45298.9,39.934,1808383.8483
2024-02-08 21:20:00,45298.9,45369.0,45298.9,45367.9,146.442,6640800.4561
2024-02-08 21:21:00,45367.9,45417.5,45364.1,45389.5,309.945,14069459.9057
2024-02-08 21:22:00,45389.5,45399.7,45348.7,45348.8,79.288,3598125.8047
2024-02-08 21:23:00,45348.8,45404.5,45333.9,45399.5,103.032,4674949.345
2024-02-08 21:24:00,45399.5,45414.9,45395.4,45414.9,190.835,8664209.97
2024-02-08 21:25:00,45414.9,45414.9,45395.4,45400.0,125.672,5706019.9943
2024-02-08 21:26:00,45400.0,45401.7,45355.1,45372.4,62.198,2822541.9463
2024-02-08 21:27:00,45372.4,45434.7,45372.4,45411.6,128.105,5817740.3501
2024-02-08 21:28:00,45411.6,45423.0,45406.0,45415.3,49.199,2234216.0637
2024-02-08 21:29:00,45415.3,45415.3,45405.3,45409.4,106.782,4849186.428
2024-02-08 21:30:00,45409.4,45438.0,45409.3,45438.0,148.957,6766520.6874
2024-02-08 21:31:00,45438.0,45438.0,45402.4,45402.9,227.509,10333672.6714
2024-02-08 21:32:00,45402.9,45427.0,45375.9,45427.0,115.353,5236627.986
2024-02-08 21:33:00,45427.0,45479.0,45360.6,45389.9,558.788,25391965.6193
2024-02-08 21:34:00,45389.9,45390.0,45340.3,45365.5,315.729,14321342.3487
2024-02-08 21:35:00,45365.5,45365.6,45315.3,45351.7,162.598,7371623.542
2024-02-08 21:36:00,45351.7,45351.7,45277.9,45277.9,131.742,5969195.5194
2024-02-08 21:37:00,45277.9,45327.0,45277.9,45289.0,166.972,7562777.4145
2024-02-08 21:38:00,45289.0,45322.8,45288.5,45304.2,80.237,3634908.0206
2024-02-08 21:39:00,45304.2,45334.4,45304.1,45327.7,108.314,4908604.287
2024-02-08 21:40:00,45327.7,45338.4,45313.7,45338.2,90.588,4106191.5098
2024-02-08 21:41:00,45338.2,45340.3,45272.6,45285.5,120.174,5443467.2585
2024-02-08 21:42:00,45285.5,45304.7,45267.4,45272.2,71.395,3232790.0211
2024-02-08 21:43:00,45272.2,45292.9,45272.2,45292.9,40.249,1822441.8696
2024-02-08 21:44:00,45292.9,45309.1,45290.1,45297.3,58.452,2647725.3311
2024-02-08 21:45:00,45297.3,45350.8,45275.5,45349.1,102.759,4655706.0296
2024-02-08 21:46:00,45349.1,45349.1,45260.0,45260.0,141.839,6423418.7627
2024-02-08 21:47:00,45260.0,45262.8,45240.0,45250.0,92.572,4188751.123
2024-02-08 21:48:00,45250.0,45252.3,45182.9,45219.2,438.856,19839857.0055
2024-02-08 21:49:00,45219.2,45219.2,45183.4,45204.9,145.656,6584090.5401
2024-02-08 21:50:00,45204.9,45232.7,45188.0,45232.7,176.858,7996392.6857
2024-02-08 21:51:00,45232.7,45270.1,45232.7,45248.2,86.994,3936382.397
2024-02-08 21:52:00,45248.2,45248.3,45205.9,45213.6,85.581,3870638.2374
2024-02-08 21:53:00,45213.6,45219.9,45185.0,45201.1,74.487,3367141.5766
2024-02-08 21:54:00,45201.1,45206.1,45172.3,45198.0,89.53,4045879.0694
2024-02-08 21:55:00,45198.0,45243.4,45190.1,45243.1,68.225,3085406.7148
2024-02-08 21:56:00,45243.1,45248.7,45179.9,45213.8,333.426,15074144.4847
2024-02-08 21:57:00,45213.8,45237.6,45201.4,45232.9,66.401,3002450.7962
2024-02-08 21:58:00,45232.9,45248.0,45229.3,45234.5,84.626,3828628.8268
2024-02-08 21:59:00,45234.5,45264.8,45227.0,45235.9,54.05,2445572.5725
2024-02-08 22:00:00,45235.9,45235.9,45197.5,45227.3,89.775,4058593.2143
2024-02-08 22:01:00,45227.3,45298.9,45227.3,45284.1,169.753,7686111.9368
2024-02-08 22:02:00,45284.1,45295.1,45275.9,45295.1,143.396,6494445.9836
2024-02-08 22:03:00,45295.1,45297.0,45209.7,45217.6,219.978,9953532.0631
2024-02-08 22:04:00,45217.6,45217.6,45148.8,45171.2,351.51,15878671.2243
2024-02-08 22:05:00,45171.2,45171.3,45111.0,45147.4,260.583,11760793.7429
2024-02-08 22:06:00,45147.4,45226.5,45138.6,45202.7,163.095,7368191.5881
2024-02-08 22:07:00,45202.7,45255.1,45188.0,45253.9,163.396,7387961.0018
2024-02-08 22:08:00,45253.9,45254.0,45203.4,45223.0,65.697,2970885.0242
2024-02-08 22:09:00,45223.0,45223.0,45203.9,45203.9,69.264,3131626.1876
2024-02-08 22:10:00,45203.9,45217.9,45203.9,45215.6,24.701,1116747.0395
2024-02-08 22:11:00,45215.6,45215.6,45172.3,45179.4,47.479,2145661.6327
2024-02-08 22:12:00,45179.4,45217.0,45170.0,45202.0,51.356,2321030.4086
2024-02-08 22:13:00,45202.0,45202.1,45174.3,45195.8,38.077,1720605.5632
2024-02-08 22:14:00,45195.8,45200.0,45178.0,45178.0,28.799,1301359.5219
2024-02-08 22:15:00,45178.0,45186.0,45155.4,45158.1,63.799,2881728.8778
2024-02-08 22:16:00,45158.1,45165.8,45113.5,45120.6,154.39,6968153.5975
2024-02-08 22:17:00,45120.6,45135.9,45050.0,45083.8,515.463,23237408.3615
2024-02-08 22:18:00,45083.8,45108.8,45074.7,45080.0,199.378,8989618.1552
2024-02-08 22:19:00,45080.0,45097.5,45057.4,45059.1,117.082,5278036.7351
2024-02-08 22:20:00,45059.1,45083.9,45003.0,45013.5,335.251,15097569.8841
2024-02-08 22:21:00,45013.5,45027.6,44933.0,44951.9,552.441,24846586.1757
2024-02-08 22:22:00,44951.9,44957.2,44873.3,44897.2,498.54,22390745.4674
2024-02-08 22:23:00,44897.2,44982.7,44861.7,44962.9,330.095,14829965.9071
2024-02-08 22:24:00,44962.9,45017.5,44938.8,44995.8,236.385,10634481.1293
2024-02-08 22:25:00,44995.8,45041.5,44995.8,45036.0,171.929,7741945.0009
2024-02-08 22:26:00,45036.0,45070.8,45030.9,45035.1,174.953,7882770.2964
2024-02-08 22:27:00,45035.1,45067.2,45015.5,45040.1,75.013,3378461.5389
2024-02-08 22:28:00,45040.1,45069.1,45040.1,45063.7,42.882,1932287.583
2024-02-08 22:29:00,45063.7,45063.7,45020.3,45037.0,64.927,2924580.2799
2024-02-08 22:30:00,45037.0,45054.7,44990.3,45021.9,122.791,5527857.8886
2024-02-08 22:31:00,45021.9,45030.0,44980.5,45011.9,99.376,4472425.3588
2024-02-08 22:32:00,45011.9,45032.4,44993.0,45002.0,100.66,4531212.6728
2024-02-08 22:33:00,45002.0,45039.0,44970.0,45035.0,220.896,9942479.6725
2024-02-08 22:34:00,45035.0,45035.0,45004.0,45017.9,50.237,2261681.3764
2024-02-08 22:35:00,45017.9,45030.0,44981.0,44984.5,69.908,3146893.8364
2024-02-08 22:36:00,44984.5,44984.5,44941.4,44946.9,152.791,6869617.6439
2024-02-08 22:37:00,44946.9,44947.0,44901.1,44909.1,257.751,11577455.8087
2024-02-08 22:38:00,44909.1,44932.5,44870.9,44932.5,218.627,9816637.7308
2024-02-08 22:39:00,44932.5,44952.8,44925.5,44948.4,155.821,7002152.4969
2024-02-08 22:40:00,44948.4,44964.1,44927.1,44942.6,110.677,4974189.0139
2024-02-08 22:41:00,44942.6,44990.3,44935.5,44986.8,80.249,3608777.4315
2024-02-08 22:42:00,44986.8,44999.0,44935.5,44939.8,121.794,5477793.6139
2024-02-08 22:43:00,44939.8,44964.0,44935.5,44953.5,50.21,2256766.4951
2024-02-08 22:44:00,44953.5,44980.0,44953.5,44971.2,89.069,4004802.4386
2024-02-08 22:45:00,44971.2,44979.8,44945.9,44978.1,86.581,3892977.5733
2024-02-08 22:46:00,44978.1,44978.1,44950.0,44965.3,61.032,2744106.9465
2024-02-08 22:47:00,44965.3,44965.3,44927.8,44951.0,61.098,2745882.8693
2024-02-08 22:48:00,44951.0,44951.0,44896.2,44896.2,126.946,5701955.9527
2024-02-08 22:49:00,44896.2,44926.0,44896.2,44919.1,48.142,2162285.8608
2024-02-08 22:50:00,44919.1,44980.0,44916.0,44974.0,234.845,10553400.0816
2024-02-08 22:51:00,44974.0,44977.7,44928.2,44933.7,68.129,3062522.6472
2024-02-08 22:52:00,44933.7,44980.0,44930.0,44979.4,45.863,2061922.466
2024-02-08 22:53:00,44979.4,45019.2,44972.6,45018.7,160.468,7220728.331
2024-02-08 22:54:00,45018.7,45024.4,44984.0,45000.0,106.414,4789477.3181
2024-02-08 22:55:00,45000.0,45092.5,44985.3,45084.1,271.498,12231575.254
2024-02-08 22:56:00,45084.1,45120.0,45066.0,45107.5,147.695,6660443.8378
2024-02-08 22:57:00,45107.5,45107.6,45060.0,45071.6,70.852,3194139.3833
2024-02-08 22:58:00,45071.6,45086.5,45057.6,45072.0,70.07,3158179.9715
2024-02-08 22:59:00,45072.0,45110.0,45065.7,45103.9,108.631,4898245.0735
2024-02-08 23:00:00,45103.9,45103.9,45080.0,45102.5,73.589,3318207.1144
2024-02-08 23:01:00,45102.5,45102.6,45071.4,45071.4,28.057,1264995.1089
2024-02-08 23:02:00,45071.4,45103.0,45043.1,45102.9,138.531,6242677.7644
2024-02-08 23:03:00,45102.9,45154.0,45102.9,45150.1,190.608,8603391.4522
2024-02-08 23:04:00,45150.1,45162.0,45120.0,45129.8,124.529,5622024.7497
2024-02-08 23:05:00,45129.8,45152.4,45126.4,45133.2,38.381,1732519.7114
2024-02-08 23:06:00,45133.2,45159.8,45133.2,45154.1,33.749,1523700.7362
2024-02-08 23:07:00,45154.1,45216.6,45148.0,45196.7,152.355,6884077.7883
2024-02-08 23:08:00,45196.7,45200.5,45169.9,45170.0,76.66,3463767.1842
2024-02-08 23:09:00,45170.0,45196.0,45170.0,45189.9,48.071,2171824.0284
2024-02-08 23:10:00,45189.9,45190.4,45154.8,45177.9,69.823,3153490.9542
2024-02-08 23:11:00,45177.9,45177.9,45142.0,45148.4,49.205,2221866.0122
2024-02-08 23:12:00,45148.4,45149.2,45100.1,45102.6,50.873,2295737.6969
2024-02-08 23:13:00,45102.6,45130.0,45102.6,45128.2,64.935,2929824.8934
2024-02-08 23:14:00,45128.2,45129.9,45113.7,45129.8,21.534,971657.7779
2024-02-08 23:15:00,45129.8,45129.9,45094.0,45098.1,100.313,4525099.5973
2024-02-08 23:16:00,45098.1,45106.4,45060.0,45100.1,112.939,5092098.427
2024-02-08 23:17:00,45100.1,45100.1,45070.4,45071.2,24.001,1081973.106
2024-02-08 23:18:00,45071.2,45071.3,45060.0,45060.0,43.105,1942614.5438
2024-02-08 23:19:00,45060.0,45060.1,45021.7,45047.8,99.178,4467020.8815
2024-02-08 23:20:00,45047.8,45087.2,45041.2,45075.7,62.405,2812410.1038
2024-02-08 23:21:00,45075.7,45124.3,45062.1,45121.9,19.876,896444.0912
2024-02-08 23:22:00,45121.9,45129.2,45108.5,45129.2,36.605,1651505.4842
2024-02-08 23:23:00,45129.2,45130.0,45111.3,45115.5,38.177,1722742.7577
2024-02-08 23:24:00,45115.5,45128.1,45115.5,45128.0,16.967,765590.8071
2024-02-08 23:25:00,45128.0,45128.0,45072.4,45078.4,70.064,3159826.1844
2024-02-08 23:26:00,45078.4,45078.5,45058.4,45060.3,35.283,1589993.5155
2024-02-08 23:27:00,45060.3,45060.4,44975.5,45022.6,230.6,10379196.0439
2024-02-08 23:28:00,45022.6,45022.6,45000.0,45010.7,39.778,1790345.1336
2024-02-08 23:29:00,45010.7,45032.0,45010.7,45020.1,28.109,1265539.9276
2024-02-08 23:30:00,45020.1,45037.6,45005.0,45037.5,31.352,1411502.7315
2024-02-08 23:31:00,45037.5,45037.5,44975.7,45032.3,99.295,4467555.237
2024-02-08 23:32:00,45032.3,45081.3,45014.8,45076.9,90.886,4094766.0123
2024-02-08 23:33:00,45076.9,45076.9,45042.1,45055.7,73.198,3297930.055
2024-02-08 23:34:00,45055.7,45055.7,44999.9,44999.9,265.561,11953657.762
2024-02-08 23:35:00,44999.9,45017.4,44952.4,45017.3,153.89,6921340.0195
2024-02-08 23:36:00,45017.3,45049.5,45012.7,45040.6,66.838,3010041.4131
2024-02-08 23:37:00,45040.6,45075.8,45028.7,45069.6,91.903,4141538.652
2024-02-08 23:38:00,45069.6,45103.7,45060.0,45102.0,87.459,3943788.5644
2024-02-08 23:39:00,45102.0,45102.1,45075.9,45076.0,41.187,1857322.9314
2024-02-08 23:40:00,45076.0,45085.5,45051.1,45066.0,40.323,1817317.1469
2024-02-08 23:41:00,45066.0,45072.7,45055.2,45062.8,17.39,783640.756
2024-02-08 23:42:00,45062.8,45085.9,45060.1,45085.9,16.113,726189.4108
2024-02-08 23:43:00,45085.9,45113.6,45085.9,45089.0,64.983,2931044.7395
2024-02-08 23:44:00,45089.0,45092.8,45078.0,45088.3,32.599,1469683.9252
2024-02-08 23:45:00,45088.3,45090.0,45050.1,45064.8,43.672,1968041.8253
2024-02-08 23:46:00,45064.8,45070.8,45041.2,45046.2,27.842,1254302.5965
2024-02-08 23:47:00,45046.2,45049.2,45032.1,45049.2,31.399,1414176.5075
2024-02-08 23:48:00,45049.2,45112.0,45046.1,45094.4,73.471,3312979.8022
2024-02-08 23:49:00,45094.4,45106.4,45069.3,45069.6,11.993,540678.3696
2024-02-08 23:50:00,45069.6,45080.8,45069.6,45076.6,15.939,718442.2091
2024-02-08 23:51:00,45076.6,45107.8,45076.6,45107.8,33.185,1496417.7299
2024-02-08 23:52:00,45107.8,45115.2,45094.0,45100.4,25.309,1141499.8284
2024-02-08 23:53:00,45100.4,45145.9,45099.9,45138.1,144.839,6536574.7982
2024-02-08 23:54:00,45138.1,45149.0,45136.0,45148.9,47.854,2160238.8001
2024-02-08 23:55:00,45148.9,45166.5,45146.1,45160.6,50.396,2275727.9033
2024-02-08 23:56:00,45160.6,45160.7,45145.0,45149.9,24.617,1111490.9188
2024-02-08 23:57:00,45149.9,45150.0,45123.0,45150.0,57.152,2579520.2726
2024-02-08 23:58:00,45150.0,45150.0,45141.3,45146.8,37.814,1707125.3806
2024-02-08 23:59:00,45146.8,45173.0,45138.8,45173.0,72.692,3282172.5467
2024-02-09 00:00:00,45173.0,45176.5,45107.6,45131.9,54.26,2449548.234
2024-02-09 00:01:00,45131.9,45134.4,45120.1,45134.3,27.714,1250705.5442
2024-02-09 00:02:00,45134.3,45145.9,45127.3,45131.8,21.295,961166.5667
2024-02-09 00:03:00,45131.8,45152.7,45131.7,45150.2,58.423,2637177.7608
2024-02-09 00:04:00,45150.2,45157.6,45144.0,45151.6,32.057,1447442.4788
2024-02-09 00:05:00,45151.6,45159.7,45135.1,45144.4,30.139,1360655.6646
2024-02-09 00:06:00,45144.4,45154.8,45138.3,45150.4,21.711,980236.741
2024-02-09 00:07:00,45150.4,45167.0,45150.3,45156.5,11.04,498542.3314
2024-02-09 00:08:00,45156.5,45175.0,45150.0,45162.1,33.294,1503599.2869
2024-02-09 00:09:00,45162.1,45180.0,45148.0,45179.8,82.955,3746734.7601
2024-02-09 00:10:00,45179.8,45185.9,45137.0,45137.0,34.139,1542169.4785
2024-02-09 00:11:00,45137.0,45161.6,45120.4,45161.6,20.23,913106.7167
2024-02-09 00:12:00,45161.6,45161.7,45147.8,45151.7,19.459,878650.935
2024-02-09 00:13:00,45151.7,45154.3,45139.8,45139.9,7.406,334366.4739
2024-02-09 00:14:00,45139.9,45149.5,45133.1,45149.5,30.524,1377839.4932
2024-02-09 00:15:00,45149.5,45156.5,45132.8,45151.7,36.679,1655826.746
2024-02-09 00:16:00,45151.7,45175.0,45144.3,45171.8,30.245,1366062.7756
2024-02-09 00:17:00,45171.8,45207.9,45171.8,45192.6,167.674,7577900.1607
2024-02-09 00:18:00,45192.6,45204.4,45176.5,45179.9,14.269,644776.8979
2024-02-09 00:19:00,45179.9,45226.6,45174.6,45215.5,108.526,4906033.7778
2024-02-09 00:20:00,45215.5,45215.6,45187.0,45203.1,34.32,1551247.0648
2024-02-09 00:21:00,45203.1,45210.8,45183.5,45205.0,29.693,1342042.446
2024-02-09 00:22:00,45205.0,45217.2,45200.0,45217.1,16.849,761714.5027
2024-02-09 00:23:00,45217.1,45229.5,45213.6,45225.9,54.251,2453278.7181
2024-02-09 00:24:00,45225.9,45282.0,45225.8,45271.6,580.435,26271364.5218
2024-02-09 00:25:00,45271.6,45272.1,45250.0,45251.0,65.882,2981942.5713
2024-02-09 00:26:00,45251.0,45268.5,45242.9,45266.0,46.621,2109999.5866
2024-02-09 00:27:00,45266.0,45293.6,45251.0,45289.1,75.347,3410934.473
2024-02-09 00:28:00,45289.1,45300.0,45256.2,45256.3,121.672,5510714.7545
2024-02-09 00:29:00,45256.3,45291.0,45255.7,45282.0,63.108,2857465.7931
2024-02-09 00:30:00,45282.0,45316.9,45281.9,45302.8,125.083,5666524.4522
2024-02-09 00:31:00,45302.8,45308.1,45296.5,45304.1,57.019,2583020.6489
2024-02-09 00:32:00,45304.1,45304.2,45247.0,45266.5,357.598,16185982.7041
2024-02-09 00:33:00,45266.5,45275.6,45247.5,45252.4,35.731,1617074.9921
2024-02-09 00:34:00,45252.4,45252.5,45220.3,45220.4,97.19,4396574.7611
2024-02-09 00:35:00,45220.4,45250.5,45220.4,45245.3,45.814,2072559.071
2024-02-09 00:36:00,45245.3,45260.1,45245.3,45260.0,27.311,1235962.5989
2024-02-09 00:37:00,45260.0,45277.2,45260.0,45272.8,23.47,1062504.5378
2024-02-09 00:38:00,45272.8,45275.0,45259.6,45274.9,14.797,669840.2723
2024-02-09 00:39:00,45274.9,45335.4,45264.6,45296.3,201.654,9136689.7508
2024-02-09 00:40:00,45296.3,45314.4,45290.5,45297.3,34.551,1565302.4052
2024-02-09 00:41:00,45297.3,45297.3,45256.9,45258.7,33.818,1531071.8976
2024-02-09 00:42:00,45258.7,45261.3,45230.0,45231.3,54.892,2483358.8214
2024-02-09 00:43:00,45231.3,45231.4,45207.5,45226.4,48.481,2192325.5675
2024-02-09 00:44:00,45226.4,45232.0,45218.0,45220.4,32.449,1467425.2531
2024-02-09 00:45:00,45220.4,45256.0,45220.4,45256.0,25.482,1152738.0766
2024-02-09 00:46:00,45256.0,45278.0,45255.9,45261.5,32.431,1468072.938
2024-02-09 00:47:00,45261.5,45295.2,45261.5,45289.9,37.963,1719352.7917
2024-02-09 00:48:00,45289.9,45297.3,45276.4,45285.1,36.453,1650958.8213
2024-02-09 00:49:00,45285.1,45310.0,45285.1,45306.4,140.342,6357503.1863
2024-02-09 00:50:00,45306.4,45349.8,45306.4,45335.6,149.961,6798448.6765
2024-02-09 00:51:00,45335.6,45335.6,45305.0,45307.0,82.525,3740115.4792
2024-02-09 00:52:00,45307.0,45320.0,45305.0,45319.9,22.654,1026500.1856
2024-02-09 00:53:00,45319.9,45338.0,45319.9,45320.1,41.905,1899509.0784
2024-02-09 00:54:00,45320.1,45321.9,45307.4,45307.4,18.057,818267.5965
2024-02-09 00:55:00,45307.4,45326.5,45300.0,45324.3,50.992,2310468.308
2024-02-09 00:56:00,45324.3,45348.0,45324.3,45346.1,71.346,3234752.9146
2024-02-09 00:57:00,45346.1,45349.8,45334.8,45334.8,27.606,1251764.5585
2024-02-09 00:58:00,45334.8,45339.1,45334.0,45334.0,20.58,933011.0336
2024-02-09 00:59:00,45334.0,45354.7,45332.0,45353.7,111.658,5062621.0183
2024-02-09 01:00:00,45353.7,45360.0,45324.8,45352.0,100.484,4556309.3067
2024-02-09 01:01:00,45352.0,45405.1,45346.0,45398.1,331.061,15026074.3986
2024-02-09 01:02:00,45398.1,45429.9,45325.4,45331.2,618.348,28075673.3479
2024-02-09 01:03:00,45331.2,45331.2,45250.1,45262.0,196.139,8881610.9642
2024-02-09 01:04:00,45262.0,45347.3,45262.0,45342.5,88.529,4012069.3021
2024-02-09 01:05:00,45342.5,45357.0,45303.0,45312.7,77.538,3515210.035
2024-02-09 01:06:00,45312.7,45316.9,45302.0,45302.0,14.321,648834.5195
2024-02-09 01:07:00,45302.0,45305.4,45281.3,45289.8,44.742,2026526.2888
2024-02-09 01:08:00,45289.8,45303.3,45289.8,45295.1,38.27,1733482.9575
2024-02-09 01:09:00,45295.1,45310.0,45295.1,45304.7,13.467,610142.1472
2024-02-09 01:10:00,45304.7,45340.0,45304.7,45340.0,40.692,1843901.3875
2024-02-09 01:11:00,45340.0,45365.9,45333.0,45356.3,44.395,2013491.8189
2024-02-09 01:12:00,45356.3,45375.3,45350.6,45359.7,73.637,3340086.7817
2024-02-09 01:13:00,45359.7,45376.6,45354.0,45376.5,23.368,1060128.1926
2024-02-09 01:14:00,45376.5,45389.2,45354.0,45354.0,82.696,3752120.8084
2024-02-09 01:15:00,45354.0,45376.1,45354.0,45368.5,25.669,1164483.3111
2024-02-09 01:16:00,45368.5,45384.6,45368.5,45371.0,46.393,2105106.3408
2024-02-09 01:17:00,45371.0,45385.2,45367.7,45367.7,11.008,499498.3434
2024-02-09 01:18:00,45367.7,45369.9,45341.5,45345.8,51.523,2337129.8317
2024-02-09 01:19:00,45345.8,45345.8,45300.1,45301.3,34.336,1555888.4506
2024-02-09 01:20:00,45301.3,45312.6,45282.2,45290.6,73.924,3348358.492
2024-02-09 01:21:00,45290.6,45308.0,45276.8,45306.2,52.096,2359361.7176
2024-02-09 01:22:00,45306.2,45310.0,45284.3,45306.0,43.704,1979970.5724
2024-02-09 01:23:00,45306.0,45306.1,45291.0,45300.0,19.358,876841.8977
2024-02-09 01:24:00,45300.0,45320.4,45300.0,45320.4,69.522,3150054.6764
2024-02-09 01:25:00,45320.4,45321.7,45301.8,45301.9,67.134,3042028.9702
2024-02-09 01:26:00,45301.9,45304.0,45276.1,45288.7,22.537,1020702.2859
2024-02-09 01:27:00,45288.7,45288.7,45259.2,45263.3,42.417,1920067.0884
2024-02-09 01:28:00,45263.3,45295.3,45263.1,45278.1,44.383,2009676.6469
2024-02-09 01:29:00,45278.1,45278.1,45247.4,45249.1,81.825,3703111.8661
2024-02-09 01:30:00,45249.1,45284.4,45236.9,45284.4,96.24,4356115.1383
2024-02-09 01:31:00,45284.4,45294.2,45272.8,45294.2,41.3,1870138.4948
2024-02-09 01:32:00,45294.2,45299.0,45285.0,45299.0,38.019,1721860.9262
2024-02-09 01:33:00,45299.0,45299.9,45278.0,45299.9,23.56,1067006.6764
2024-02-09 01:34:00,45299.9,45303.0,45278.0,45278.0,29.344,1328934.9549
2024-02-09 01:35:00,45278.0,45322.0,45278.0,45291.2,42.053,1905183.0524
2024-02-09 01:36:00,45291.2,45350.0,45291.2,45342.8,215.013,9747032.4887
2024-02-09 01:37:00,45342.8,45361.3,45320.0,45332.0,64.877,2942067.8245
2024-02-09 01:38:00,45332.0,45333.6,45311.0,45313.3,17.257,782147.3362
2024-02-09 01:39:00,45313.3,45348.0,45313.2,45329.0,35.375,1603599.9856
2024-02-09 01:40:00,45329.0,45362.6,45329.0,45358.2,38.295,1736879.8982
2024-02-09 01:41:00,45358.2,45378.2,45354.1,45377.0,83.204,3774713.9033
2024-02-09 01:42:00,45377.0,45427.0,45372.0,45407.9,190.534,8652234.4892
2024-02-09 01:43:00,45407.9,45436.9,45396.7,45423.1,175.958,7992466.5472
2024-02-09 01:44:00,45423.1,45493.7,45419.6,45466.1,948.244,43105719.7844
2024-02-09 01:45:00,45466.1,45560.0,45439.2,45469.3,1029.588,46853514.8877
2024-02-09 01:46:00,45469.3,45580.0,45469.3,45545.3,512.829,23353333.7036
2024-02-09 01:47:00,45545.3,45628.2,45525.8,45551.0,898.452,40950583.617
2024-02-09 01:48:00,45551.0,45566.2,45475.4,45478.1,439.578,20012296.7786
2024-02-09 01:49:00,45478.1,45512.4,45472.2,45480.9,178.181,8106842.3395
2024-02-09 01:50:00,45480.9,45508.0,45460.0,45495.3,155.118,7053623.0763
2024-02-09 01:51:00,45495.3,45504.0,45461.0,45461.0,107.444,4886713.5532
2024-02-09 01:52:00,45461.0,45494.0,45460.3,45460.4,84.939,3862532.1885
2024-02-09 01:53:00,45460.4,45465.5,45358.0,45368.1,453.592,20592835.6727
2024-02-09 01:54:00,45368.1,45368.1,45332.3,45348.2,151.024,6848846.0723
2024-02-09 01:55:00,45348.2,45348.2,45280.7,45299.6,274.15,12422583.3631
2024-02-09 01:56:00,45299.6,45334.0,45299.6,45322.8,137.69,6239984.2081
2024-02-09 01:57:00,45322.8,45334.0,45309.4,45323.1,37.543,1701499.5008
2024-02-09 01:58:00,45323.1,45336.0,45323.1,45324.9,62.577,2836613.3041
2024-02-09 01:59:00,45324.9,45350.0,45319.9,45350.0,82.572,3742835.0101
2024-02-09 02:00:00,45350.0,45384.7,45336.0,45346.9,134.116,6084248.9607
2024-02-09 02:01:00,45346.9,45360.0,45342.1,45342.1,44.904,2036437.3971
2024-02-09 02:02:00,45342.1,45410.1,45338.9,45400.1,93.086,4224536.0248
2024-02-09 02:03:00,45400.1,45450.0,45392.3,45437.7,101.172,4595996.592
2024-02-09 02:04:00,45437.7,45534.6,45437.7,45505.2,220.817,10048466.818
2024-02-09 02:05:00,45505.2,45538.4,45462.8,45468.7,164.034,7465193.5652
2024-02-09 02:06:00,45468.7,45497.2,45447.9,45463.8,60.664,2758826.4583
2024-02-09 02:07:00,45463.8,45463.8,45414.9,45428.3,59.365,2697402.0976
2024-02-09 02:08:00,45428.3,45460.0,45428.2,45454.0,32.822,1491453.5564
2024-02-09 02:09:00,45454.0,45463.8,45438.1,45460.0,55.871,2539464.1716
2024-02-09 02:10:00,45460.0,45463.9,45393.2,45403.4,78.398,3560897.9865
2024-02-09 02:11:00,45403.4,45403.5,45374.1,45393.5,55.609,2523689.5725
2024-02-09 02:12:00,45393.5,45413.6,45370.0,45410.0,63.798,2895352.2379
2024-02-09 02:13:00,45410.0,45419.6,45374.8,45374.9,64.663,2935946.7533
2024-02-09 02:14:00,45374.9,45388.1,45357.8,45373.3,37.268,1690937.6864
2024-02-09 02:15:00,45373.3,45387.9,45345.0,45385.4,77.1,3497754.918
2024-02-09 02:16:00,45385.4,45504.1,45369.0,45504.0,185.983,8454282.1584
2024-02-09 02:17:00,45504.0,45515.0,45465.1,45507.8,92.575,4211076.1809
2024-02-09 02:18:00,45507.8,45507.8,45478.3,45493.6,29.185,1327646.1867
2024-02-09 02:19:00,45493.6,45516.7,45485.7,45514.9,95.062,4325708.4735
2024-02-09 02:20:00,45514.9,45547.2,45475.0,45475.1,142.458,6485255.0742
2024-02-09 02:21:00,45475.1,45481.9,45448.3,45448.3,43.782,1990578.0587
2024-02-09 02:22:00,45448.3,45465.1,45435.0,45443.9,37.689,1712970.6807
2024-02-09 02:23:00,45443.9,45459.8,45431.6,45434.1,75.306,3422346.6837
2024-02-09 02:24:00,45434.1,45441.8,45413.1,45416.3,54.867,2492412.1969
2024-02-09 02:25:00,45416.3,45502.5,45400.0,45462.8,99.889,4539850.4447
2024-02-09 02:26:00,45462.8,45486.5,45434.2,45470.8,41.973,1907875.8227
2024-02-09 02:27:00,45470.8,45491.4,45448.0,45448.0,29.441,1338715.9787
2024-02-09 02:28:00,45448.0,45460.4,45429.4,45444.2,34.214,1554861.5335
2024-02-09 02:29:00,45444.2,45484.0,45414.0,45467.2,99.423,4518178.386
2024-02-09 02:30:00,45467.2,45467.2,45409.0,45409.0,46.064,2092427.7899
2024-02-09 02:31:00,45409.0,45413.9,45377.7,45395.3,72.243,3279536.7486
2024-02-09 02:32:00,45395.3,45419.1,45379.2,45392.1,56.285,2555339.9994
2024-02-09 02:33:00,45392.1,45416.6,45381.6,45414.8,43.567,1977821.9694
2024-02-09 02:34:00,45414.8,45419.0,45400.0,45400.1,17.009,772397.0788
2024-02-09 02:35:00,45400.1,45400.1,45370.7,45391.2,29.769,1350951.1919
2024-02-09 02:36:00,45391.2,45391.3,45360.0,45363.2,54.092,2454144.0141
2024-02-09 02:37:00,45363.2,45373.2,45357.0,45362.0,67.471,3060644.2683
2024-02-09 02:38:00,45362.0,45371.1,45360.0,45367.1,15.831,718162.2212
2024-02-09 02:39:00,45367.1,45371.8,45354.3,45354.4,39.386,1786690.4314
2024-02-09 02:40:00,45354.4,45359.5,45325.5,45350.0,79.145,3588305.0716
2024-02-09 02:41:00,45350.0,45350.0,45322.9,45323.0,29.66,1344663.4924
2024-02-09 02:42:00,45323.0,45346.5,45303.4,45333.9,88.713,4021317.7463
2024-02-09 02:43:00,45333.9,45355.2,45331.0,45352.0,22.442,1017571.7844
2024-02-09 02:44:00,45352.0,45356.4,45341.0,45355.3,30.001,1360522.1539
2024-02-09 02:45:00,45355.3,45373.2,45330.8,45359.9,24.528,1112500.3611
2024-02-09 02:46:00,45359.9,45379.9,45348.0,45379.9,43.066,1953821.8208
2024-02-09 02:47:00,45379.9,45408.3,45379.9,45394.6,47.942,2176372.3707
2024-02-09 02:48:00,45394.6,45446.0,45394.6,45420.1,41.814,1899216.6094
2024-02-09 02:49:00,45420.1,45429.3,45386.5,45386.6,27.792,1262195.2321
2024-02-09 02:50:00,45386.6,45401.1,45376.4,45382.2,17.163,779084.9157
2024-02-09 02:51:00,45382.2,45398.0,45382.2,45395.4,16.13,732156.0306
2024-02-09 02:52:00,45395.4,45395.8,45372.2,45372.2,18.456,837455.6392
2024-02-09 02:53:00,45372.2,45379.2,45351.9,45351.9,12.124,550016.8052
2024-02-09 02:54:00,45351.9,45387.8,45351.9,45387.8,14.331,650157.0876
2024-02-09 02:55:00,45387.8,45391.4,45382.8,45387.6,11.729,532350.7143
2024-02-09 02:56:00,45387.6,45416.8,45387.6,45407.2,12.877,584660.6723
2024-02-09 02:57:00,45407.2,45416.0,45407.2,45408.9,8.252,374755.8311
2024-02-09 02:58:00,45408.9,45432.1,45408.8,45429.3,22.435,1018983.8726
2024-02-09 02:59:00,45429.3,45438.8,45428.8,45434.7,52.268,2374773.7213
2024-02-09 03:00:00,45434.7,45448.2,45432.5,45434.0,28.529,1296412.9014
2024-02-09 03:01:00,45434.0,45434.1,45400.8,45417.5,51.742,2349816.7902
2024-02-09 03:02:00,45417.5,45448.0,45417.5,45447.9,11.523,523498.5648
2024-02-09 03:03:00,45447.9,45450.0,45435.2,45441.4,18.928,860215.6019
2024-02-09 03:04:00,45441.4,45450.0,45441.4,45449.9,10.311,468558.9564
2024-02-09 03:05:00,45449.9,45461.9,45432.1,45432.1,32.083,1457982.6546
2024-02-09 03:06:00,45432.1,45450.0,45432.1,45449.9,21.001,954362.2429
2024-02-09 03:07:00,45449.9,45474.0,45449.9,45453.1,30.132,1369854.4482
2024-02-09 03:08:00,45453.1,45453.1,45436.5,45437.8,103.934,4723135.0524
2024-02-09 03:09:00,45437.8,45443.8,45406.0,45406.0,35.204,1599377.6587
2024-02-09 03:10:00,45406.0,45438.3,45406.0,45436.0,23.46,1065601.9733
2024-02-09 03:11:00,45436.0,45463.6,45436.0,45456.2,34.181,1553669.4544
2024-02-09 03:12:00,45456.2,45456.2,45421.3,45428.8,12.604,572665.4166
2024-02-09 03:13:00,45428.8,45438.4,45414.2,45414.7,15.206,690773.6048
2024-02-09 03:14:00,45414.7,45426.3,45401.5,45401.6,12.061,547757.8847
2024-02-09 03:15:00,45401.6,45409.7,45382.1,45383.7,27.349,1241455.6833
2024-02-09 03:16:00,45383.7,45392.1,45370.0,45370.0,20.575,933618.88
2024-02-09 03:17:00,45370.0,45377.8,45356.0,45377.8,54.451,2470094.4712
2024-02-09 03:18:00,45377.8,45408.1,45377.7,45389.6,23.419,1063174.8885
2024-02-09 03:19:00,45389.6,45402.1,45382.1,45382.1,22.362,1015112.2265
2024-02-09 03:20:00,45382.1,45382.1,45374.4,45376.6,14.087,639236.3304
2024-02-09 03:21:00,45376.6,45376.6,45369.0,45369.0,8.868,402352.9534
2024-02-09 03:22:00,45369.0,45374.9,45354.8,45364.3,31.382,1423461.7345
2024-02-09 03:23:00,45364.3,45364.3,45322.1,45329.8,63.339,2872083.4598
2024-02-09 03:24:00,45329.8,45329.9,45265.5,45287.8,408.678,18508261.8809
2024-02-09 03:25:00,45287.8,45293.9,45238.5,45276.2,258.008,11678821.7928
2024-02-09 03:26:00,45276.2,45333.9,45276.1,45333.8,147.406,6678444.4112
2024-02-09 03:27:00,45333.8,45341.8,45302.4,45326.2,48.927,2217283.9117
2024-02-09 03:28:00,45326.2,45335.0,45302.7,45309.1,38.219,1732145.102
2024-02-09 03:29:00,45309.1,45309.2,45276.5,45282.4,199.246,9024093.8815
2024-02-09 03:30:00,45282.4,45313.5,45282.4,45313.5,113.165,5125732.2675
2024-02-09 03:31:00,45313.5,45340.0,45313.5,45336.5,38.181,1730767.9033
2024-02-09 03:32:00,45336.5,45347.7,45330.1,45343.7,24.912,1129523.729
2024-02-09 03:33:00,45343.7,45377.0,45343.7,45366.1,30.468,1381918.9873
2024-02-09 03:34:00,45366.1,45366.1,45340.0,45351.8,15.769,715144.86
2024-02-09 03:35:00,45351.8,45351.9,45310.3,45310.4,30.521,1383453.6697
2024-02-09 03:36:00,45310.4,45315.6,45288.8,45288.8,40.436,1831939.2619
2024-02-09 03:37:00,45288.8,45288.8,45258.1,45259.1,82.341,3727831.7231
2024-02-09 03:38:00,45259.1,45303.3,45259.1,45284.5,42.261,1913645.9577
2024-02-09 03:39:00,45284.5,45284.5,45266.0,45279.9,94.247,4266468.8511
2024-02-09 03:40:00,45279.9,45300.0,45279.9,45289.3,37.187,1684038.3191
2024-02-09 03:41:00,45289.3,45289.4,45253.5,45258.3,64.577,2923347.9324
2024-02-09 03:42:00,45258.3,45284.8,45255.5,45284.8,31.284,1416096.9656
2024-02-09 03:43:00,45284.8,45302.8,45284.8,45288.0,21.997,996376.6822
2024-02-09 03:44:00,45288.0,45307.2,45287.2,45294.8,15.901,720256.5087
2024-02-09 03:45:00,45294.8,45299.7,45287.1,45287.2,18.006,815611.0081
2024-02-09 03:46:00,45287.2,45305.5,45284.5,45294.8,5.861,265463.4437
2024-02-09 03:47:00,45294.8,45310.0,45294.7,45309.9,10.126,458742.0444
2024-02-09 03:48:00,45309.9,45330.7,45309.9,45322.4,47.527,2154060.5511
2024-02-09 03:49:00,45322.4,45358.7,45322.3,45348.7,78.594,3563722.9961
2024-02-09 03:50:00,45348.7,45348.7,45305.4,45322.6,36.562,1657073.4201
2024-02-09 03:51:00,45322.6,45322.6,45308.0,45308.0,9.077,411285.7553
2024-02-09 03:52:00,45308.0,45316.7,45286.5,45315.5,58.879,2667440.4968
2024-02-09 03:53:00,45315.5,45320.1,45306.4,45306.4,18.376,832623.6148
2024-02-09 03:54:00,45306.4,45306.5,45303.6,45303.7,7.236,327828.9222
2024-02-09 03:55:00,45303.7,45323.2,45303.7,45323.2,6.112,276965.1201
2024-02-09 03:56:00,45323.2,45323.2,45305.8,45305.8,12.032,545303.6985
2024-02-09 03:57:00,45305.8,45323.0,45305.8,45319.7,10.305,466923.4759
2024-02-09 03:58:00,45319.7,45319.8,45312.6,45312.7,6.722,304610.5325
2024-02-09 03:59:00,45312.7,45312.7,45300.0,45300.0,84.085,3809707.9933
2024-02-09 04:00:00,45300.0,45300.0,45279.5,45281.9,39.567,1791930.0981
2024-02-09 04:01:00,45281.9,45282.0,45260.5,45261.5,78.132,3536757.3971
2024-02-09 04:02:00,45261.5,45266.0,45261.5,45263.6,17.316,783781.8011
2024-02-09 04:03:00,45263.6,45278.0,45262.0,45278.0,38.502,1742780.0514
2024-02-09 04:04:00,45278.0,45278.0,45277.9,45277.9,7.859,355839.4181
2024-02-09 04:05:00,45277.9,45279.9,45265.1,45265.1,12.663,573287.539
2024-02-09 04:06:00,45265.1,45265.2,45255.9,45256.0,13.993,633294.5036
2024-02-09 04:07:00,45256.0,45256.0,45180.1,45225.2,271.097,12257258.071
2024-02-09 04:08:00,45225.2,45225.2,45213.9,45216.9,45.089,2038870.7111
2024-02-09 04:09:00,45216.9,45230.1,45216.9,45226.2,17.13,774746.6397
2024-02-09 04:10:00,45226.2,45231.5,45226.2,45231.4,12.926,584637.7149
2024-02-09 04:11:00,45231.4,45251.6,45231.4,45251.5,80.666,3649447.7746
2024-02-09 04:12:00,45251.5,45255.3,45251.5,45255.2,14.917,675054.3186
2024-02-09 04:13:00,45255.2,45255.3,45249.9,45250.9,15.612,706473.9727
2024-02-09 04:14:00,45250.9,45250.9,45233.4,45236.4,27.819,1258580.797
2024-02-09 04:15:00,45236.4,45236.4,45231.1,45231.1,16.616,751635.2527
2024-02-09 04:16:00,45231.1,45235.7,45230.4,45235.6,11.624,525779.1663
2024-02-09 04:17:00,45235.6,45255.0,45235.6,45255.0,23.233,1051094.876
2024-02-09 04:18:00,45255.0,45279.3,45254.9,45277.6,40.114,1815613.9486
2024-02-09 04:19:00,45277.6,45282.0,45277.6,45280.1,37.818,1712404.4927
2024-02-09 04:20:00,45280.1,45280.1,45252.6,45252.6,43.658,1976511.8111
2024-02-09 04:21:00,45252.6,45265.8,45252.2,45265.7,4.669,211327.9572
2024-02-09 04:22:00,45265.7,45276.0,45265.6,45276.0,12.016,543972.7036
2024-02-09 04:23:00,45276.0,45278.4,45275.9,45278.4,13.398,606632.2384
2024-02-09 04:24:00,45278.4,45303.0,45278.3,45302.7,32.873,1489025.8025
2024-02-09 04:25:00,45302.7,45328.4,45302.7,45324.1,52.855,2395252.5011
2024-02-09 04:26:00,45324.1,45326.7,45306.0,45306.0,38.575,1748412.1155
2024-02-09 04:27:00,45306.0,45306.0,45288.1,45290.7,15.733,712616.4211
2024-02-09 04:28:00,45290.7,45290.7,45264.4,45264.5,10.643,481951.2252
2024-02-09 04:29:00,45264.5,45264.5,45222.6,45244.5,48.535,2195712.7985
2024-02-09 04:30:00,45244.5,45273.8,45231.9,45260.0,39.752,1799073.9862
2024-02-09 04:31:00,45260.0,45285.0,45244.8,45280.7,23.748,1075051.9315
2024-02-09 04:32:00,45280.7,45292.2,45274.9,45292.2,20.433,925302.2922
2024-02-09 04:33:00,45292.2,45342.7,45292.1,45337.6,69.64,3155931.7061
2024-02-09 04:34:00,45337.6,45380.0,45309.9,45320.9,109.156,4950163.0195
2024-02-09 04:35:00,45320.9,45363.9,45319.7,45346.0,59.675,2706091.5883
2024-02-09 04:36:00,45346.0,45346.0,45325.0,45325.1,20.761,941247.7706
2024-02-09 04:37:00,45325.1,45353.8,45323.0,45326.0,29.941,1357393.1302
2024-02-09 04:38:00,45326.0,45326.1,45298.1,45298.1,19.936,903286.007
2024-02-09 04:39:00,45298.1,45317.3,45291.1,45312.2,31.994,1449297.3781
2024-02-09 04:40:00,45312.2,45330.9,45301.5,45304.0,24.616,1115480.572
2024-02-09 04:41:00,45304.0,45316.0,45304.0,45316.0,8.847,400851.6044
2024-02-09 04:42:00,45316.0,45316.0,45302.5,45312.4,14.133,640388.8245
2024-02-09 04:43:00,45312.4,45341.3,45300.7,45331.1,21.946,994544.1419
2024-02-09 04:44:00,45331.1,45331.1,45318.8,45327.1,26.542,1203036.9449
2024-02-09 04:45:00,45327.1,45359.4,45325.6,45351.5,49.058,2224714.5621
2024-02-09 04:46:00,45351.5,45367.6,45331.7,45350.2,22.133,1003796.948
2024-02-09 04:47:00,45350.2,45359.9,45344.4,45347.7,17.837,808895.2687
2024-02-09 04:48:00,45347.7,45347.8,45334.5,45341.9,16.19,734109.9148
2024-02-09 04:49:00,45341.9,45350.2,45317.7,45324.0,23.2,1051824.4468
2024-02-09 04:50:00,45324.0,45324.1,45290.0,45301.9,54.272,2458346.5227
2024-02-09 04:51:00,45301.9,45331.5,45301.9,45308.3,27.862,1262707.0147
2024-02-09 04:52:00,45308.3,45309.7,45287.5,45287.5,15.21,689038.7861
2024-02-09 04:53:00,45287.5,45296.0,45284.2,45284.2,9.987,452277.6621
2024-02-09 04:54:00,45284.2,45297.7,45280.0,45280.0,16.592,751320.2381
2024-02-09 04:55:00,45280.0,45289.6,45278.9,45278.9,18.097,819438.9355
2024-02-09 04:56:00,45278.9,45285.1,45276.1,45276.2,6.931,313821.0717
2024-02-09 04:57:00,45276.2,45276.2,45269.3,45275.8,15.403,697309.0149
2024-02-09 04:58:00,45275.8,45278.0,45225.6,45256.6,47.125,2132208.7814
2024-02-09 04:59:00,45256.6,45258.0,45227.9,45228.6,41.058,1857722.4414
2024-02-09 05:00:00,45228.6,45253.4,45228.6,45253.2,18.464,835347.109
2024-02-09 05:01:00,45253.2,45285.0,45250.8,45271.2,143.74,6507252.4575
2024-02-09 05:02:00,45271.2,45271.2,45241.4,45241.4,12.745,576754.0994
2024-02-09 05:03:00,45241.4,45260.1,45234.9,45246.4,120.732,5463533.1662
2024-02-09 05:04:00,45246.4,45252.0,45241.3,45252.0,15.143,685138.4302
2024-02-09 05:05:00,45252.0,45271.3,45252.0,45271.3,20.879,945024.8169
2024-02-09 05:06:00,45271.3,45279.4,45262.5,45266.5,15.272,691349.2769
2024-02-09 05:07:00,45266.5,45282.0,45263.9,45281.6,9.414,426194.5648
2024-02-09 05:08:00,45281.6,45284.5,45280.0,45280.0,36.876,1669813.1898
2024-02-09 05:09:00,45280.0,45296.8,45280.0,45290.0,57.82,2618756.719
2024-02-09 05:10:00,45290.0,45306.1,45288.0,45306.0,19.526,884496.8713
2024-02-09 05:11:00,45306.0,45312.3,45300.7,45300.8,17.348,786012.9492
2024-02-09 05:12:00,45300.8,45300.8,45281.9,45281.9,27.473,1244179.5131
2024-02-09 05:13:00,45281.9,45290.2,45271.4,45285.0,14.97,677830.5521
2024-02-09 05:14:00,45285.0,45292.0,45282.0,45282.0,4.975,225293.2043
2024-02-09 05:15:00,45282.0,45310.6,45282.0,45304.6,31.774,1439570.6269
2024-02-09 05:16:00,45304.6,45322.7,45304.5,45322.7,15.541,704315.887
2024-02-09 05:17:00,45322.7,45330.0,45320.3,45329.9,10.683,484220.4526
2024-02-09 05:18:00,45329.9,45330.0,45326.9,45327.0,8.436,382399.9538
2024-02-09 05:19:00,45327.0,45338.4,45304.7,45315.9,30.259,1371366.3398
2024-02-09 05:20:00,45315.9,45315.9,45294.3,45294.7,12.152,550532.5152
2024-02-09 05:21:00,45294.7,45294.7,45286.4,45286.5,3.479,157553.2048
2024-02-09 05:22:00,45286.5,45296.8,45275.0,45281.6,21.76,985321.4974
2024-02-09 05:23:00,45281.6,45297.3,45281.5,45291.0,3.712,168123.4577
2024-02-09 05:24:00,45291.0,45291.0,45276.0,45276.0,4.646,210393.1747
2024-02-09 05:25:00,45276.0,45279.1,45271.5,45271.6,5.425,245610.6934
2024-02-09 05:26:00,45271.6,45272.3,45259.4,45272.3,17.193,778264.5832
2024-02-09 05:27:00,45272.3,45272.5,45259.0,45263.0,11.619,525967.9997
2024-02-09 05:28:00,45263.0,45263.0,45248.1,45262.0,48.193,2180890.5244
2024-02-09 05:29:00,45262.0,45262.0,45257.1,45260.5,8.421,381131.6769
2024-02-09 05:30:00,45260.5,45295.6,45260.5,45295.5,44.58,2018305.3372
2024-02-09 05:31:00,45295.5,45295.6,45280.2,45295.6,23.88,1081374.8985
2024-02-09 05:32:00,45295.6,45295.6,45283.0,45283.1,5.491,248698.4744
2024-02-09 05:33:00,45283.1,45315.8,45283.0,45295.4,68.683,3111698.0149
2024-02-09 05:34:00,45295.4,45336.6,45284.9,45318.5,97.703,4427477.4282
2024-02-09 05:35:00,45318.5,45354.6,45318.5,45341.4,70.822,3211072.7079
2024-02-09 05:36:00,45341.4,45345.5,45325.3,45325.4,30.093,1364373.4985
2024-02-09 05:37:00,45325.4,45325.4,45313.1,45313.2,11.539,522945.9853
2024-02-09 05:38:00,45313.2,45322.2,45304.5,45304.5,22.73,1029913.283
2024-02-09 05:39:00,45304.5,45304.5,45289.3,45289.3,24.674,1117697.0502
2024-02-09 05:40:00,45289.3,45301.7,45289.3,45297.6,18.799,851537.3969
2024-02-09 05:41:00,45297.6,45303.8,45290.1,45296.4,54.273,2458348.8468
2024-02-09 05:42:00,45296.4,45300.4,45290.0,45295.0,8.53,386376.4883
2024-02-09 05:43:00,45295.0,45306.4,45295.0,45306.3,22.507,1019627.8836
2024-02-09 05:44:00,45306.3,45306.4,45303.5,45306.4,7.461,338029.8335
2024-02-09 05:45:00,45306.4,45313.8,45306.3,45313.5,33.74,1528786.314
2024-02-09 05:46:00,45313.5,45326.9,45313.1,45316.4,17.285,783372.3572
2024-02-09 05:47:00,45316.4,45320.0,45316.3,45320.0,8.291,375738.8963
2024-02-09 05:48:00,45320.0,45372.8,45320.0,45372.8,55.08,2498050.2714
2024-02-09 05:49:00,45372.8,45372.8,45347.1,45359.5,36.055,1635594.6133
2024-02-09 05:50:00,45359.5,45359.5,45338.8,45338.8,13.926,631582.0835
2024-02-09 05:51:00,45338.8,45357.9,45338.8,45349.7,30.612,1388279.2573
2024-02-09 05:52:00,45349.7,45371.8,45349.7,45371.7,25.782,1169368.9197
2024-02-09 05:53:00,45371.7,45372.0,45352.4,45366.9,66.364,3010620.4111
2024-02-09 05:54:00,45366.9,45366.9,45358.4,45358.5,9.017,409030.6822
2024-02-09 05:55:00,45358.5,45360.0,45354.6,45359.9,25.871,1173457.7008
2024-02-09 05:56:00,45359.9,45360.0,45337.9,45337.9,67.963,3082274.4721
2024-02-09 05:57:00,45337.9,45338.0,45325.9,45325.9,15.512,703186.4734
2024-02-09 05:58:00,45325.9,45325.9,45311.9,45311.9,18.763,850365.9076
2024-02-09 05:59:00,45311.9,45324.5,45311.8,45323.8,19.325,875800.9807
2024-02-09 06:00:00,45323.8,45337.8,45323.8,45327.5,39.763,1802366.7941
2024-02-09 06:01:00,45327.5,45357.4,45327.5,45357.4,25.504,1156631.4078
2024-02-09 06:02:00,45357.4,45372.2,45357.4,45372.2,31.241,1417227.6735
2024-02-09 06:03:00,45372.2,45379.1,45343.6,45343.6,37.907,1719624.6705
2024-02-09 06:04:00,45343.6,45345.8,45336.0,45337.3,18.666,846353.2957
2024-02-09 06:05:00,45337.3,45346.1,45333.8,45333.8,7.118,322738.81
2024-02-09 06:06:00,45333.8,45346.0,45330.0,45346.0,12.085,547884.9984
2024-02-09 06:07:00,45346.0,45346.0,45341.5,45341.5,6.566,297733.8931
2024-02-09 06:08:00,45341.5,45341.5,45287.5,45287.6,53.844,2439411.856
2024-02-09 06:09:00,45287.6,45299.5,45285.0,45285.0,35.914,1626442.4245
2024-02-09 06:10:00,45285.0,45285.1,45257.0,45273.5,46.359,2098579.8546
2024-02-09 06:11:00,45273.5,45290.8,45273.5,45282.3,26.624,1205577.8448
2024-02-09 06:12:00,45282.3,45282.4,45259.0,45261.8,29.093,1316762.664
2024-02-09 06:13:00,45261.8,45261.9,45210.2,45210.6,111.273,5033370.5639
2024-02-09 06:14:00,45210.6,45230.8,45210.0,45228.3,51.119,2311743.1567
2024-02-09 06:15:00,45228.3,45282.5,45224.1,45264.6,149.792,6778868.1774
2024-02-09 06:16:00,45264.6,45264.6,45233.9,45245.6,24.143,1092399.2937
2024-02-09 06:17:00,45245.6,45247.1,45232.8,45239.4,20.806,941222.8197
2024-02-09 06:18:00,45239.4,45239.5,45214.0,45230.7,54.104,2446883.1374
2024-02-09 06:19:00,45230.7,45240.0,45217.0,45221.0,77.241,3493828.0383
2024-02-09 06:20:00,45221.0,45267.0,45220.0,45262.2,165.882,7505037.1311
2024-02-09 06:21:00,45262.2,45272.0,45256.6,45272.0,16.034,725799.0106
2024-02-09 06:22:00,45272.0,45279.3,45263.0,45268.1,35.043,1586430.8142
2024-02-09 06:23:00,45268.1,45271.4,45259.3,45259.3,9.59,434106.6193
2024-02-09 06:24:00,45259.3,45259.4,45242.0,45247.6,11.483,519576.6119
2024-02-09 06:25:00,45247.6,45257.8,45238.5,45257.8,10.364,468938.2924
2024-02-09 06:26:00,45257.8,45272.8,45255.8,45272.8,23.7,1072669.5604
2024-02-09 06:27:00,45272.8,45272.8,45265.7,45265.8,20.299,918914.1098
2024-02-09 06:28:00,45265.8,45273.2,45265.7,45273.2,10.457,473373.0951
2024-02-09 06:29:00,45273.2,45273.2,45262.7,45262.7,12.807,579785.9285
2024-02-09 06:30:00,45262.7,45272.0,45262.1,45272.0,23.683,1072111.9234
2024-02-09 06:31:00,45272.0,45272.0,45256.7,45271.3,31.386,1420769.6198
2024-02-09 06:32:00,45271.3,45276.0,45262.6,45275.9,29.257,1324521.503
2024-02-09 06:33:00,45275.9,45276.0,45238.5,45248.5,20.513,928363.6822
2024-02-09 06:34:00,45248.5,45250.0,45246.4,45249.9,9.376,424259.561
2024-02-09 06:35:00,45249.9,45272.6,45249.9,45272.5,15.336,694225.796
2024-02-09 06:36:00,45272.5,45287.8,45272.5,45287.8,10.95,495812.0791
2024-02-09 06:37:00,45287.8,45288.2,45274.3,45287.7,26.993,1222373.8427
2024-02-09 06:38:00,45287.7,45292.0,45287.6,45291.9,10.32,467385.0644
2024-02-09 06:39:00,45291.9,45292.3,45274.1,45275.9,15.726,712239.8133
2024-02-09 06:40:00,45275.9,45275.9,45265.4,45265.5,4.573,207019.787
2024-02-09 06:41:00,45265.5,45300.1,45265.3,45300.1,34.409,1558121.773
2024-02-09 06:42:00,45300.1,45317.4,45300.1,45317.4,43.617,1976135.3493
2024-02-09 06:43:00,45317.4,45317.4,45303.0,45305.3,14.862,673395.6399
2024-02-09 06:44:00,45305.3,45313.6,45305.3,45313.2,22.754,1030996.341
2024-02-09 06:45:00,45313.2,45321.2,45310.0,45316.1,20.536,930626.3885
2024-02-09 06:46:00,45316.1,45321.1,45310.0,45318.0,10.266,465206.407
2024-02-09 06:47:00,45318.0,45329.5,45318.0,45329.4,10.168,460833.1905
2024-02-09 06:48:00,45329.4,45329.5,45312.0,45325.0,46.901,2125498.8737
2024-02-09 06:49:00,45325.0,45346.8,45324.9,45337.1,63.802,2892654.617
2024-02-09 06:50:00,45337.1,45346.6,45295.0,45297.0,188.918,8561813.4153
2024-02-09 06:51:00,45297.0,45307.9,45287.5,45302.3,21.679,982065.2832
2024-02-09 06:52:00,45302.3,45302.3,45293.7,45301.9,10.898,493661.506
2024-02-09 06:53:00,45301.9,45322.6,45301.9,45322.5,37.956,1719717.304
2024-02-09 06:54:00,45322.5,45326.0,45311.8,45314.8,12.951,586968.6916
2024-02-09 06:55:00,45314.8,45322.8,45311.9,45311.9,5.257,238254.5702
2024-02-09 06:56:00,45311.9,45312.0,45300.0,45300.1,3.837,173821.5102
2024-02-09 06:57:00,45300.1,45301.4,45300.0,45301.3,3.323,150533.6346
2024-02-09 06:58:00,45301.3,45322.0,45294.9,45304.7,25.196,1141501.3911
2024-02-09 06:59:00,45304.7,45304.7,45299.7,45299.8,1.629,73795.3602
2024-02-09 07:00:00,45299.8,45304.6,45299.8,45301.8,7.366,333687.9621
2024-02-09 07:01:00,45301.8,45301.8,45289.9,45289.9,17.219,779929.5709
2024-02-09 07:02:00,45289.9,45303.6,45289.9,45292.1,6.558,297050.4456
2024-02-09 07:03:00,45292.1,45294.3,45287.5,45287.5,6.715,304139.1944
2024-02-09 07:04:00,45287.5,45287.5,45284.4,45284.4,6.69,302969.8112
2024-02-09 07:05:00,45284.4,45322.0,45267.6,45316.0,93.99,4257464.4681
2024-02-09 07:06:00,45316.0,45316.0,45300.9,45300.9,6.865,311052.3522
2024-02-09 07:07:00,45300.9,45319.7,45300.9,45319.7,16.218,734800.5537
2024-02-09 07:08:00,45319.7,45326.9,45316.2,45320.8,35.57,1612143.5848
2024-02-09 07:09:00,45320.8,45324.4,45312.0,45316.0,4.778,216545.8119
2024-02-09 07:10:00,45316.0,45318.0,45305.6,45312.1,51.889,2351112.0264
2024-02-09 07:11:00,45312.1,45318.0,45312.1,45313.8,13.278,601691.8918
2024-02-09 07:12:00,45313.8,45332.6,45313.8,45326.4,19.3,874793.2606
2024-02-09 07:13:00,45326.4,45345.0,45323.8,45342.5,45.524,2063978.6124
2024-02-09 07:14:00,45342.5,45342.6,45337.6,45337.6,21.388,969780.1973
2024-02-09 07:15:00,45337.6,45338.0,45322.4,45322.4,34.819,1578502.112
2024-02-09 07:16:00,45322.4,45322.5,45311.4,45322.1,6.333,286982.7295
2024-02-09 07:17:00,45322.1,45330.8,45316.3,45330.7,10.859,492188.2214
2024-02-09 07:18:00,45330.7,45330.8,45323.2,45323.3,2.865,129858.7572
2024-02-09 07:19:00,45323.3,45339.0,45323.2,45339.0,7.883,357348.4817
2024-02-09 07:20:00,45339.0,45369.0,45338.9,45357.3,82.081,3722661.6021
2024-02-09 07:21:00,45357.3,45370.0,45357.0,45357.1,33.733,1530319.2477
2024-02-09 07:22:00,45357.1,45385.0,45352.0,45385.0,55.553,2520420.7804
2024-02-09 07:23:00,45385.0,45426.8,45384.8,45420.5,205.299,9322642.3142
2024-02-09 07:24:00,45420.5,45429.8,45411.1,45424.7,83.221,3780048.3628
2024-02-09 07:25:00,45424.7,45429.9,45415.2,45419.6,58.307,2648470.9261
2024-02-09 07:26:00,45419.6,45490.3,45419.6,45468.1,350.864,15949772.0078
2024-02-09 07:27:00,45468.1,45472.5,45456.1,45470.2,44.081,2004168.7373
2024-02-09 07:28:00,45470.2,45470.2,45445.5,45447.9,38.734,1760590.0641
2024-02-09 07:29:00,45447.9,45471.0,45447.9,45466.5,54.004,2455213.1656
2024-02-09 07:30:00,45466.5,45469.8,45445.1,45447.8,53.909,2450663.0692
2024-02-09 07:31:00,45447.8,45450.0,45410.7,45417.6,78.976,3587684.6286
2024-02-09 07:32:00,45417.6,45437.8,45413.1,45437.8,34.172,1552186.303
2024-02-09 07:33:00,45437.8,45450.1,45434.4,45450.1,50.751,2306226.4875
2024-02-09 07:34:00,45450.1,45470.0,45450.0,45469.9,49.324,2242646.8302
2024-02-09 07:35:00,45469.9,45524.5,45469.9,45499.9,206.349,9388762.4932
2024-02-09 07:36:00,45499.9,45500.0,45473.5,45474.0,52.291,2378597.7688
2024-02-09 07:37:00,45474.0,45509.0,45474.0,45499.9,120.322,5474138.003
2024-02-09 07:38:00,45499.9,45500.0,45447.0,45447.1,146.146,6646626.1949
2024-02-09 07:39:00,45447.1,45456.8,45441.8,45443.1,121.715,5531705.8856
2024-02-09 07:40:00,45443.1,45496.0,45443.0,45496.0,53.115,2414842.6212
2024-02-09 07:41:00,45496.0,45496.0,45444.0,45455.9,109.523,4980403.546
2024-02-09 07:42:00,45455.9,45493.6,45455.9,45493.5,32.011,1456030.0362
2024-02-09 07:43:00,45493.5,45499.0,45493.5,45498.9,13.856,630420.6198
2024-02-09 07:44:00,45498.9,45509.0,45488.1,45489.9,75.251,3424106.8844
2024-02-09 07:45:00,45489.9,45490.0,45462.7,45487.9,67.36,3063660.0058
2024-02-09 07:46:00,45487.9,45499.0,45487.8,45494.0,24.837,1129888.4105
2024-02-09 07:47:00,45494.0,45530.2,45494.0,45520.0,139.412,6346073.4592
2024-02-09 07:48:00,45520.0,45926.4,45513.1,45822.7,3523.241,161115403.1621
2024-02-09 07:49:00,45822.7,45864.1,45681.8,45701.8,1032.943,47258317.1321
2024-02-09 07:50:00,45701.8,45729.9,45658.8,45665.9,232.788,10636268.4927
2024-02-09 07:51:00,45665.9,45727.5,45657.0,45716.0,349.697,15980176.6138
2024-02-09 07:52:00,45716.0,45723.6,45698.1,45718.5,97.731,4467357.6012
2024-02-09 07:53:00,45718.5,45750.0,45714.4,45730.1,122.191,5588554.2826
2024-02-09 07:54:00,45730.1,45745.6,45712.9,45739.4,178.787,8175817.6373
2024-02-09 07:55:00,45739.4,45745.6,45694.2,45694.3,142.851,6531252.7253
2024-02-09 07:56:00,45694.3,45738.7,45692.7,45732.5,74.667,3413451.8804
2024-02-09 07:57:00,45732.5,45745.9,45705.0,45745.9,103.75,4743845.2322
2024-02-09 07:58:00,45745.9,45745.9,45718.0,45736.8,59.39,2716244.3505
2024-02-09 07:59:00,45736.8,45770.0,45720.0,45770.0,72.563,3319374.6361
2024-02-09 08:00:00,45770.0,45770.0,45705.4,45705.4,69.889,3196662.541
2024-02-09 08:01:00,45705.4,45716.2,45667.9,45672.3,152.951,6988928.1849
2024-02-09 08:02:00,45672.3,45679.0,45630.6,45652.9,259.474,11846671.5327
2024-02-09 08:03:00,45652.9,45719.1,45650.0,45709.7,112.566,5141816.1284
2024-02-09 08:04:00,45709.7,45732.0,45705.4,45709.5,32.865,1502535.6586
2024-02-09 08:05:00,45709.5,45750.0,45709.5,45750.0,54.815,2506587.8738
2024-02-09 08:06:00,45750.0,45840.4,45717.6,45835.0,290.703,13311592.199
2024-02-09 08:07:00,45835.0,45850.0,45756.8,45779.4,458.242,20983544.4598
2024-02-09 08:08:00,45779.4,45818.9,45764.8,45764.8,167.578,7674241.4767
2024-02-09 08:09:00,45764.8,45839.7,45764.8,45837.4,88.859,4070439.1816
2024-02-09 08:10:00,45837.4,45874.9,45794.9,45835.0,285.498,13086464.3706
2024-02-09 08:11:00,45835.0,45860.0,45819.9,45845.0,202.924,9302040.1415
2024-02-09 08:12:00,45845.0,45940.0,45845.0,45879.0,693.84,31844371.7969
2024-02-09 08:13:00,45879.0,45934.7,45879.0,45915.4,229.611,10542393.2763
2024-02-09 08:14:00,45915.4,45976.8,45910.0,45932.9,656.901,30180157.8562
2024-02-09 08:15:00,45932.9,46285.5,45932.9,46074.8,2761.344,127273217.8202
2024-02-09 08:16:00,46074.8,46088.0,46010.1,46049.6,573.864,26425222.9251
2024-02-09 08:17:00,46049.6,46110.0,46031.6,46078.3,314.817,14506400.8078
2024-02-09 08:18:00,46078.3,46078.4,46017.4,46029.4,184.209,8481261.6535
2024-02-09 08:19:00,46029.4,46036.3,46000.0,46000.0,201.616,9276117.5657
2024-02-09 08:20:00,46000.0,46029.6,46000.0,46022.1,167.588,7710574.3664
2024-02-09 08:21:00,46022.1,46070.9,46015.6,46070.8,211.796,9751307.7126
2024-02-09 08:22:00,46070.8,46130.5,46070.8,46104.7,187.299,8635623.3395
2024-02-09 08:23:00,46104.7,46200.0,46104.6,46148.3,500.222,23093326.0569
2024-02-09 08:24:00,46148.3,46182.7,46124.3,46182.7,296.734,13693622.2411
2024-02-09 08:25:00,46182.7,46382.0,46178.8,46306.6,2265.762,104926401.1422
2024-02-09 08:26:00,46306.6,46306.6,46217.1,46257.4,490.241,22677211.5906
2024-02-09 08:27:00,46257.4,46370.3,46248.0,46280.0,300.13,13898622.0614
2024-02-09 08:28:00,46280.0,46295.0,46250.0,46250.1,187.662,8684082.5607
2024-02-09 08:29:00,46250.1,46290.0,46232.4,46271.5,385.904,17850940.4019
2024-02-09 08:30:00,46271.5,46316.3,46251.0,46273.2,301.512,13954388.069
2024-02-09 08:31:00,46273.2,46294.0,46242.0,46242.0,220.984,10223717.9066
2024-02-09 08:32:00,46242.0,46242.1,46146.4,46175.3,353.849,16341123.8422
2024-02-09 08:33:00,46175.3,46276.0,46175.2,46268.3,175.445,8112952.0215
2024-02-09 08:34:00,46268.3,46268.3,46206.0,46234.6,146.825,6789862.9913
2024-02-09 08:35:00,46234.6,46234.6,46142.3,46142.4,178.576,8246513.5026
2024-02-09 08:36:00,46142.4,46174.8,46136.7,46161.0,144.308,6660967.4339
2024-02-09 08:37:00,46161.0,46180.0,46102.6,46117.8,155.203,7160627.4365
2024-02-09 08:38:00,46117.8,46125.0,46106.6,46109.8,115.46,5324319.2832
2024-02-09 08:39:00,46109.8,46157.1,46100.1,46123.8,251.331,11589245.0256
2024-02-09 08:40:00,46123.8,46172.8,46112.9,46148.7,132.353,6105925.1409
2024-02-09 08:41:00,46148.7,46148.7,46110.6,46118.0,59.37,2738373.1558
2024-02-09 08:42:00,46118.0,46118.0,46087.0,46111.7,148.039,6825169.3749
2024-02-09 08:43:00,46111.7,46306.3,46100.0,46239.0,804.887,37207401.5575
2024-02-09 08:44:00,46239.0,46343.5,46237.2,46277.1,331.861,15363565.9094
2024-02-09 08:45:00,46277.1,46279.8,46168.2,46170.3,160.301,7407035.817
2024-02-09 08:46:00,46170.3,46229.8,46164.5,46184.2,158.791,7335119.8776
2024-02-09 08:47:00,46184.2,46206.0,46179.9,46180.8,64.926,2998874.6388
2024-02-09 08:48:00,46180.8,46193.3,46150.0,46166.1,103.44,4775929.4072
2024-02-09 08:49:00,46166.1,46224.4,46163.1,46183.6,56.608,2614807.0839
2024-02-09 08:50:00,46183.6,46203.9,46147.7,46147.8,100.85,4655902.5619
2024-02-09 08:51:00,46147.8,46184.4,46134.1,46170.6,103.984,4799284.5586
2024-02-09 08:52:00,46170.6,46170.6,46135.7,46139.7,50.033,2309165.3693
2024-02-09 08:53:00,46139.7,46184.2,46132.2,46184.2,76.037,3509316.0852
2024-02-09 08:54:00,46184.2,46184.2,46140.0,46141.5,39.355,1816128.4932
2024-02-09 08:55:00,46141.5,46150.0,46110.9,46115.4,117.249,5409588.6715
2024-02-09 08:56:00,46115.4,46132.2,46100.0,46106.9,103.478,4771256.0197
2024-02-09 08:57:00,46106.9,46107.0,46057.2,46063.6,239.462,11034029.4271
2024-02-09 08:58:00,46063.6,46078.0,46042.5,46051.9,185.945,8565171.3372
2024-02-09 08:59:00,46051.9,46086.4,46040.0,46046.2,130.72,6020757.9026
2024-02-09 09:00:00,46046.2,46082.3,46028.6,46040.0,139.204,6409854.2561
2024-02-09 09:01:00,46040.0,46096.0,46040.0,46089.0,46.395,2137081.938
2024-02-09 09:02:00,46089.0,46132.0,46076.6,46120.3,75.076,3461134.306
2024-02-09 09:03:00,46120.3,46149.0,46120.3,46149.0,52.253,2410750.9063
2024-02-09 09:04:00,46149.0,46149.0,46068.5,46079.9,92.468,4264120.433
2024-02-09 09:05:00,46079.9,46114.7,46074.3,46100.0,109.491,5047432.2215
2024-02-09 09:06:00,46100.0,46135.5,46078.1,46078.2,79.357,3659175.9484
2024-02-09 09:07:00,46078.2,46095.4,46078.0,46085.8,49.664,2288835.1046
2024-02-09 09:08:00,46085.8,46108.0,46069.7,46074.0,31.954,1472754.2086
2024-02-09 09:09:00,46074.0,46078.8,46065.1,46067.3,51.135,2355908.0769
2024-02-09 09:10:00,46067.3,46067.3,46022.3,46029.0,106.542,4905530.3764
2024-02-09 09:11:00,46029.0,46069.0,46026.6,46059.3,62.297,2868568.511
2024-02-09 09:12:00,46059.3,46079.9,46054.0,46070.1,32.999,1520207.0072
2024-02-09 09:13:00,46070.1,46084.5,46070.1,46083.1,19.322,890369.8579
2024-02-09 09:14:00,46083.1,46083.1,46060.2,46060.2,56.041,2582030.3438
2024-02-09 09:15:00,46060.2,46080.0,46060.0,46060.2,24.04,1107506.3626
2024-02-09 09:16:00,46060.2,46081.8,46060.2,46065.5,18.144,835844.3765
2024-02-09 09:17:00,46065.5,46088.0,46065.5,46085.2,32.854,1513841.1947
2024-02-09 09:18:00,46085.2,46085.2,46058.0,46064.3,59.359,2734540.6726
2024-02-09 09:19:00,46064.3,46077.8,46058.1,46074.8,33.376,1537605.5275
