startTime,openPrice,highPrice,lowPrice,closePrice,volume,turnover
1696617000000,27971.7,27971.8,27960.4,27960.4,37.111,1037890.3728
1696617060000,27960.4,27960.4,27942.9,27943,101.031,2823994.5997
1696617120000,27943,27943,27930.9,27935.5,18.861,526901.749
1696617180000,27935.5,27938.1,27925.8,27936.1,62.107,1734667.8509
1696617240000,27936.1,27936.2,27922.1,27922.2,35.856,1001413.9335
1696617300000,27922.2,27925.7,27922.1,27925.6,18.85,526378.9851
1696617360000,27925.6,27937.1,27925,27925.1,36.707,1025300.1751
1696617420000,27925.1,27925.1,27907.9,27908,45.303,1264555.8554
1696617480000,27908,27908,27891.2,27891.2,94.448,2635217.9583
1696617540000,27891.2,27901.3,27891.2,27896.9,28.092,783653.7914
1696617600000,27896.9,27909.7,27896.8,27909.7,24.241,676386.7125
1696617660000,27909.7,27914.2,27909.7,27910.2,41.159,1148839.5386
1696617720000,27910.2,27914.5,27907.7,27909,27.207,759332.1214
1696617780000,27909,27911.2,27897.5,27897.6,34.777,970417.1144
1696617840000,27897.6,27908.2,27897.5,27908.1,30.419,848730.3073
1696617900000,27908.1,27908.2,27893.9,27894,22.364,623936.4548
1696617960000,27894,27906.7,27893.9,27895.6,96.928,2703812.0404
1696618020000,27895.6,27895.6,27883.1,27883.1,34.431,960222.0733
1696618080000,27883.1,27883.2,27855.6,27857.8,97.332,2712686.0831
1696618140000,27857.8,27872.1,27856.9,27868.3,212.011,5906526.4429
1696618200000,27868.3,27868.3,27851.4,27853.7,94.492,2632409.0447
1696618260000,27853.7,27853.8,27851.8,27853.7,53.556,1491720.8053
1696618320000,27853.7,27867.7,27853.7,27867.6,85.598,2384375.2033
1696618380000,27867.6,27881.5,27867.6,27878.4,19.156,534020.3659
1696618440000,27878.4,27878.5,27857.1,27857.1,66.777,1861303.9952
1696618500000,27857.1,27878.5,27857.1,27878.4,84.112,2343373.6376
1696618560000,27878.4,27895.3,27870.4,27892.1,146.67,4089084.6985
1696618620000,27892.1,27892.1,27878.5,27878.5,13.386,373294.4163
1696618680000,27878.5,27889.7,27878.5,27889.7,30.44,848772.5798
1696618740000,27889.7,27889.7,27889.6,27889.6,8.215,229113.8068
1696618800000,27889.6,27889.7,27869.4,27881.3,53.498,1491431.5318
1696618860000,27881.3,27881.4,27869.9,27881.3,75.4,2101685.8101
1696618920000,27881.3,27881.4,27876.7,27876.7,40.561,1130860.1322
1696618980000,27876.7,27876.7,27863.1,27863.2,26,724650.9754
1696619040000,27863.2,27872.9,27860.3,27863.9,14.782,411907.6303
1696619100000,27863.9,27872.7,27860.1,27872.6,23.039,642010.2185
1696619160000,27872.6,27872.7,27872.6,27872.6,10.645,296704.6973
1696619220000,27872.6,27897.3,27872.6,27897.3,74.401,2074746.7704
1696619280000,27897.3,27907.2,27897.2,27900.7,71.375,1991600.8211
1696619340000,27900.7,27900.7,27892.9,27892.9,22.483,627234.1317
1696619400000,27892.9,27892.9,27892.7,27892.7,8.433,235219.6843
1696619460000,27892.7,27899.3,27887,27887.1,26.99,752866.9232
1696619520000,27887.1,27887.1,27881.5,27881.5,14.55,405699.3784
1696619580000,27881.5,27899.8,27881.5,27899.8,33.824,943262.7732
1696619640000,27899.8,27916.7,27899.8,27911.2,58.194,1624264.068
1696619700000,27911.2,27911.2,27895.2,27895.2,39.806,1110695.9303
1696619760000,27895.2,27908.4,27892.7,27901,31.264,872315.2517
1696619820000,27901,27907.8,27893.3,27893.3,12.611,351850.2925
1696619880000,27893.3,27906.6,27893.2,27902.7,12.862,358846.732
1696619940000,27902.7,27909.6,27902.7,27908.3,15.667,437223.3204
1696620000000,27908.3,27922.2,27905.2,27922.1,70.622,1971097.8146
1696620060000,27922.1,27922.7,27914.2,27922.7,29.316,818517.55
1696620120000,27922.7,27938,27922.6,27930.5,62.77,1753156.8224
1696620180000,27930.5,27932.1,27928,27932.1,34.71,969453.4478
1696620240000,27932.1,27937,27929.2,27937,24.058,672016.9105
1696620300000,27937,27974.9,27936.9,27973.3,366.677,10252255.4072
1696620360000,27973.3,27973.5,27948.8,27950.6,88.95,2487536.7084
1696620420000,27950.6,27972.3,27950.5,27972.2,59.745,1670713.5414
1696620480000,27972.2,28018.5,27972.1,27999.4,693.336,19412191.6851
1696620540000,27999.4,28029.8,27999.4,28010,289.875,8122076.6024
1696620600000,28010,28023.6,27990,28023.5,205.843,5765224.4886
1696620660000,28023.5,28023.6,28000,28000,126.073,3531127.4819
1696620720000,28000,28017.2,27987.6,28017.2,148.321,4152691.2336
1696620780000,28017.2,28017.2,27991.1,27998.2,123.262,3451538.2802
1696620840000,27998.2,28012.4,27989.4,28011.5,138.791,3886665.5613
1696620900000,28011.5,28019,28008.4,28009.1,43.537,1219618.9106
1696620960000,28009.1,28013.4,28007.4,28013.3,44.286,1240508.2457
1696621020000,28013.3,28013.4,28006.2,28008.2,28.796,806582.1195
1696621080000,28008.2,28011.2,28005.1,28010,64.28,1800441.2602
1696621140000,28010,28010,27990.8,27991.7,47.073,1317842.5466
1696621200000,27991.7,27995.9,27950.3,27954.7,292.848,8188573.7166
1696621260000,27954.7,27961.5,27941.2,27941.2,79.774,2229952.7644
1696621320000,27941.2,27941.2,27918.1,27920,185.546,5182060.108
1696621380000,27920,27920.9,27920,27920.1,63.422,1770750.3389
1696621440000,27920.1,27935.9,27910.2,27910.3,126.765,3539608.5338
1696621500000,27910.3,27926.1,27907.6,27920.6,97.975,2735027.3824
1696621560000,27920.6,27920.7,27899.3,27907.1,94.872,2647502.8953
1696621620000,27907.1,27922,27903.6,27912.1,40.136,1120380.9146
1696621680000,27912.1,27915.5,27892.2,27899.9,185.601,5178751.2824
1696621740000,27899.9,27910.6,27895.2,27899.8,48.681,1358089.6783
1696621800000,27899.8,27912.6,27894.4,27912.6,35.751,997633.6601
1696621860000,27912.6,27923.6,27912.5,27919.9,38.365,1071148.0722
1696621920000,27919.9,27926.2,27919,27919,37.076,1035324.8985
1696621980000,27919,27919.1,27905.7,27912.1,18.231,508835.0037
1696622040000,27912.1,27923.2,27912.1,27912.1,31.677,884349.0983
1696622100000,27912.1,27948.8,27912.1,27941.4,131.261,3666840.7238
1696622160000,27941.4,27953.2,27941.4,27953.1,60.208,1682831.9416
1696622220000,27953.1,27953.2,27941.4,27941.4,20.585,575312.9472
1696622280000,27941.4,27953.1,27935.1,27950.8,58.853,1644631.1563
1696622340000,27950.8,27964.4,27933.4,27936.9,113.057,3160134.9932
1696622400000,27936.9,27958.2,27930.8,27933.2,76.335,2133319.7488
1696622460000,27933.2,27935,27914.9,27914.9,53.145,1484141.8259
1696622520000,27914.9,27916.2,27902.2,27916.1,35.009,976947.8123
1696622580000,27916.1,27924.8,27916.1,27920.6,18.902,527742.5619
1696622640000,27920.6,27923.7,27914.4,27914.4,23.476,655450.9774
1696622700000,27914.4,27917.9,27906.9,27917.8,18.403,513645.9372
1696622760000,27917.8,27922.5,27902.4,27902.8,79.621,2222407.1963
1696622820000,27902.8,27906.5,27891.5,27895.9,59.069,1647940.3117
1696622880000,27895.9,27896,27876.4,27878.8,191.798,5348575.5744
1696622940000,27878.8,27891.7,27878.8,27891.7,41.841,1166631.1131
1696623000000,27891.7,27914.6,27891.7,27910.2,176.841,4934189.9935
1696623060000,27910.2,27918.1,27910.2,27917.6,30.766,858898.7438
1696623120000,27917.6,27934.5,27916.4,27917.4,105.043,2933826.3149
1696623180000,27917.4,27940.9,27916.2,27940.9,21.94,612727.59
1696623240000,27940.9,27964.8,27940.9,27950.1,92.644,2589858.5327
1696623300000,27950.1,27965.1,27950,27962.8,39.971,1117596.0678
1696623360000,27962.8,27962.8,27934.9,27956.9,104.754,2927580.2252
1696623420000,27956.9,27962.5,27952,27954.7,28.885,807543.4455
1696623480000,27954.7,27954.8,27948.2,27953.5,28.842,806127.2341
1696623540000,27953.5,27953.6,27942,27942,28.929,808588.7768
1696623600000,27942,27950,27938.5,27949.9,25.394,709562.5985
1696623660000,27949.9,27952.8,27942,27942.9,19.428,543001.5357
1696623720000,27942.9,27948.3,27942.4,27948.3,56.944,1591342.5136
1696623780000,27948.3,27960,27948.3,27960,46.057,1287477.9737
1696623840000,27960,27986.8,27959.9,27983.8,82.823,2317025.3877
1696623900000,27983.8,28003.8,27983.8,27994,151.197,4232857.5967
1696623960000,27994,27994.8,27986.8,27989.3,56.886,1592362.8691
1696624020000,27989.3,27989.4,27986.8,27988,24.905,697032.6931
1696624080000,27988,27988.1,27964.9,27971.8,69.059,1932166.839
1696624140000,27971.8,27973.8,27966,27966,22.208,621142.1225
1696624200000,27966,27974,27966,27974,12.96,362504.1471
1696624260000,27974,27974,27966.1,27973,19.504,545560.5511
1696624320000,27973,27979,27968.4,27978.9,35.238,985613.2817
1696624380000,27978.9,27979.4,27974.5,27974.5,18.527,518346.336
1696624440000,27974.5,27986.9,27974.5,27986.9,16.487,461330.2075
1696624500000,27986.9,27986.9,27971.8,27974.4,28.312,792308.9521
1696624560000,27974.4,27983,27971.1,27983,25.901,724618.2454
1696624620000,27983,27983,27973,27979.9,13.269,371247.7735
1696624680000,27979.9,27980,27979.9,27980,10.798,302127.4321
1696624740000,27980,27980,27978,27978.1,8.787,245847.9012
1696624800000,27978.1,27990.9,27978,27990.8,74.263,2077853.5188
1696624860000,27990.8,28002,27989.5,27996.7,59.287,1659910.3486
1696624920000,27996.7,27997,27994,27996.9,26.726,748230.2371
1696624980000,27996.9,28003.6,27987.1,27990,50.83,1423035.1526
1696625040000,27990,27990.3,27985.6,27985.7,23.558,659293.8609
1696625100000,27985.7,27985.7,27975,27985.4,77.268,2162055.5694
1696625160000,27985.4,27986,27978,27978,7.436,208096.4609
1696625220000,27978,27978,27950.6,27950.6,91.926,2570797.0331
1696625280000,27950.6,27960.3,27950.6,27960.1,53.172,1486345.7567
1696625340000,27960.1,27960.1,27947.4,27947.4,32.137,898263.5086
1696625400000,27947.4,27959.4,27947.4,27959.3,25.168,703506.0351
1696625460000,27959.3,27959.4,27950.2,27950.2,13.729,383800.9602
1696625520000,27950.2,27962.9,27950.2,27962.9,17.064,477088.1069
1696625580000,27962.9,27963,27952.5,27952.6,13.252,370537.1014
1696625640000,27952.6,27961.1,27952.6,27961.1,36.742,1027142.9449
1696625700000,27961.1,27967.4,27961,27967.4,18.381,513996.455
1696625760000,27967.4,27967.4,27959.5,27959.5,19.784,553291.3869
1696625820000,27959.5,27972,27959.5,27969.2,13.211,369494.9589
1696625880000,27969.2,27969.2,27965.5,27965.5,9.319,260641.6635
1696625940000,27965.5,27966.8,27961.6,27966.8,12.31,344221.576
1696626000000,27966.8,27967.7,27955,27967.7,27.996,782818.6134
1696626060000,27967.7,27967.8,27957.3,27958.4,17.995,503248.6371
1696626120000,27958.4,27958.9,27955.1,27955.2,9.834,274935.1023
1696626180000,27955.2,27961.2,27955.1,27961.1,24.837,694343.7891
1696626240000,27961.1,27961.5,27960.6,27960.6,14.564,407227.1701
1696626300000,27960.6,27960.7,27960,27960.1,13.955,390188.1925
1696626360000,27960.1,27960.1,27950,27950,36.047,1007697.5776
1696626420000,27950,27950.1,27939,27939.1,59.292,1656718.0971
1696626480000,27939.1,27939.1,27935.8,27935.8,38.529,1076401.942
1696626540000,27935.8,27935.9,27935.8,27935.8,13.381,373809.4545
1696626600000,27935.8,27941.1,27935.8,27941.1,36.523,1020319.8387
1696626660000,27941.1,27946.9,27941,27946.9,28.751,803434.6356
1696626720000,27946.9,27946.9,27922.2,27923.7,177.939,4969908.9281
1696626780000,27923.7,27925.8,27923.7,27925.7,28.271,789454.5204
1696626840000,27925.7,27930.2,27913.9,27915.6,73.544,2053469.1447
1696626900000,27915.6,27931.5,27915,27931.5,52.338,1461194.1397
1696626960000,27931.5,27943.5,27931.4,27939.6,24.018,671038.7556
1696627020000,27939.6,27942,27939.5,27941.9,9.072,253481.4302
1696627080000,27941.9,27941.9,27941.5,27941.5,10.249,286373.5461
1696627140000,27941.5,27941.9,27941.5,27941.9,12.024,335972.7925
1696627200000,27941.9,27946.7,27941.8,27946.7,18.087,505424.6479
1696627260000,27946.7,27964.9,27946.6,27961.7,73.628,2058622.7753
1696627320000,27961.7,27965.4,27961.6,27965.4,15.858,443425.0917
1696627380000,27965.4,27976.8,27965.3,27976.7,35.251,986049.3193
1696627440000,27976.7,27976.9,27968.6,27968.7,60.183,1683625.5336
1696627500000,27968.7,27968.7,27963.2,27963.5,46.334,1295682.0116
1696627560000,27963.5,27975.8,27963.4,27975,59.413,1661520.5681
1696627620000,27975,27976.9,27975,27975.2,28.339,792809.8336
1696627680000,27975.2,27985.2,27975.2,27985.2,147.059,4114759.2855
1696627740000,27985.2,27987.6,27985.1,27987.6,44.458,1244197.6314
1696627800000,27987.6,27997.4,27987.6,27997.4,47.666,1334424.9322
1696627860000,27997.4,27997.4,27996.8,27996.9,43.742,1224655.3824
1696627920000,27996.9,27996.9,27995.8,27995.8,16.812,470669.94
1696627980000,27995.8,27995.9,27995.7,27995.7,13.978,391325.3244
1696628040000,27995.7,27995.8,27980,27980,113.607,3179326.9622
1696628100000,27980,27988.4,27980,27988.4,21.008,587884.1642
1696628160000,27988.4,27994.3,27988.3,27994.3,22.572,631795.2239
1696628220000,27994.3,27997.7,27994.2,27997.7,38.614,1080979.3403
1696628280000,27997.7,28285,27997.6,28228.7,5112.719,144026144.8777
1696628340000,28228.7,28230.1,28144.3,28220.1,1228.954,34644368.8363
1696628400000,28220.1,28220.1,28079,28079,765.977,21563029.0352
1696628460000,28079,28159.5,28066.7,28158.1,690.302,19411614.9835
1696628520000,28158.1,28168.2,28129,28148,394.205,11096822.6506
1696628580000,28148,28148.1,28131.3,28132,182.92,5147059.7031
1696628640000,28132,28132.1,28091.3,28091.3,121.08,3404584.8539
1696628700000,28091.3,28139.9,28074.9,28139.8,201.277,5656879.9363
1696628760000,28139.8,28145,28114.6,28145,86.93,2445281.3405
1696628820000,28145,28162.5,28138.9,28150.1,193.053,5434883.6817
1696628880000,28150.1,28150.1,28084.5,28095.7,187.783,5277810.348
1696628940000,28095.7,28154.5,28095.6,28144.7,127.76,3594072.9997
1696629000000,28144.7,28144.7,28102.4,28105.4,146,4105864.2605
1696629060000,28105.4,28105.4,28074.2,28082.2,118.736,3335141.8466
1696629120000,28082.2,28117.3,28076.1,28113.6,171.972,4831253.7434
1696629180000,28113.6,28113.6,28066.7,28069.5,88.315,2479909.0308
1696629240000,28069.5,28100,28055,28099.9,199.453,5599952.856
1696629300000,28099.9,28102.1,28061.2,28078.4,138.001,3875654.4936
1696629360000,28078.4,28078.4,28050,28057.1,113.025,3171599.8329
1696629420000,28057.1,28079.7,28050,28050,135.523,3802797.9416
1696629480000,28050,28064.7,28038.5,28044.9,188.11,5276033.953
1696629540000,28044.9,28045,28023.5,28023.6,115.21,3229900.9704
1696629600000,28023.6,28062.8,28023.6,28038.8,161.607,4531837.8528
1696629660000,28038.8,28038.8,28030.7,28038,70.872,1986962.0883
1696629720000,28038,28038,28008.1,28011.9,117.756,3299723.1705
1696629780000,28011.9,28030,27990.4,28014.4,303.164,8490687.3252
1696629840000,28014.4,28017.9,28005.2,28008.8,79.676,2231789.1147
1696629900000,28008.8,28033.3,28008.8,28033.3,96.578,2706631.0251
1696629960000,28033.3,28034.1,28016.5,28018.9,122.252,3426150.8747
1696630020000,28018.9,28049.7,28018.8,28044,145.422,4077424.9971
1696630080000,28044,28081.8,28043.9,28074.9,225.067,6316614.9897
1696630140000,28074.9,28084,28068.5,28076,128.493,3607861.204
1696630200000,28076,28083.5,28067,28080,71.316,2002385.2631
1696630260000,28080,28110,28079.9,28097.3,245.892,6909488.1108
1696630320000,28097.3,28097.3,28091.4,28094.7,37.496,1053406.2567
1696630380000,28094.7,28102.3,28080.3,28101.9,76.369,2145658.7527
1696630440000,28101.9,28115.5,28096.1,28115.5,65.919,1852841.5903
1696630500000,28115.5,28120,28098,28098,93.784,2636280.8851
1696630560000,28098,28100.4,28081.7,28081.7,100.264,2816441.5269
1696630620000,28081.7,28083.3,28068,28068,51.467,1445108.2299
1696630680000,28068,28079.6,28068,28078,27.956,784878.3935
1696630740000,28078,28078,28056.5,28064.2,81.712,2293060.6376
1696630800000,28064.2,28069.1,28058,28062.5,37.533,1053366.1156
1696630860000,28062.5,28066.4,28060,28065.1,31.541,885145.5641
1696630920000,28065.1,28082.2,28062.5,28070.7,65.223,1831206.3129
1696630980000,28070.7,28083.6,28070.7,28072.5,22.923,643654.0179
1696631040000,28072.5,28078.7,28070.7,28078.6,24.286,681781.5909
1696631100000,28078.6,28078.7,28054.8,28054.8,25.447,714252.6141
1696631160000,28054.8,28054.9,28038.1,28038.2,67.098,1881626.111
1696631220000,28038.2,28042.3,28026,28026,76.463,2143540.2699
1696631280000,28026,28026.1,28016.5,28016.5,23.159,648951.5538
1696631340000,28016.5,28037.7,28016.5,28024.2,94.331,2643590.2947
1696631400000,28024.2,28026,28019.5,28019.5,17.984,503957.6215
1696631460000,28019.5,28019.6,28000.2,28000.2,119.585,3349207.6049
1696631520000,28000.2,28019.2,27995.2,27995.9,137.269,3843855.7097
1696631580000,27995.9,28017.6,27994.9,28003.6,50.84,1423679.2995
1696631640000,28003.6,28008.4,27987.8,27993.8,78.01,2183883.5181
1696631700000,27993.8,27995.1,27980.2,27990,99.464,2783607.3487
1696631760000,27990,28000,27985.2,28000,24.162,676361.1322
1696631820000,28000,28020,27993.9,28018.6,59.894,1677313.6602
1696631880000,28018.6,28018.6,27998.7,27998.8,27.418,767994.4624
1696631940000,27998.8,28018,27992.8,28015.1,45.076,1262313.6005
1696632000000,28015.1,28019.3,28004.5,28004.5,23.064,646021.9249
1696632060000,28004.5,28018.8,28004,28004.1,26.686,747414.5514
1696632120000,28004.1,28017,28004,28009.5,32.15,900645.6148
1696632180000,28009.5,28014,28006,28010.7,60.715,1700669.0117
1696632240000,28010.7,28013.3,28010.6,28011.1,12.571,352134.7047
1696632300000,28011.1,28026.1,28008.5,28024.9,39.638,1110602.9151
1696632360000,28024.9,28044.1,28024.8,28032.8,86.153,2415580.522
1696632420000,28032.8,28048,28032,28047.9,55.009,1542588.061
1696632480000,28047.9,28071.8,28046.1,28049.7,451.614,12672535.7087
1696632540000,28049.7,28049.7,28032,28038.2,60.413,1693777.9214
1696632600000,28038.2,28040.3,28036.1,28038.6,31.231,875663.2923
1696632660000,28038.6,28038.6,28026.4,28027.8,62.694,1757371.3412
1696632720000,28027.8,28027.8,28015,28015,79.813,2236616.5235
1696632780000,28015,28015,27995.2,27995.2,54.669,1530879.0082
1696632840000,27995.2,28009.6,27995.2,28001.5,41.362,1158167.5841
1696632900000,28001.5,28002.2,27990,27990,24.28,679683.2798
1696632960000,27990,27992.3,27986.5,27989.8,30.297,847997.5803
1696633020000,27989.8,27990.8,27981.1,27982.1,40.244,1126258.0291
1696633080000,27982.1,27982.2,27953.1,27979.6,326.288,9124997.1606
1696633140000,27979.6,27986.8,27957.3,27957.3,88.135,2465729.4769
1696633200000,27957.3,27968.5,27942.4,27950.9,166.143,4644223.253
1696633260000,27950.9,27962,27932.3,27954.4,201.321,5626210.1797
1696633320000,27954.4,27969.8,27951,27951,44.437,1242427.8307
1696633380000,27951,27951.1,27937.1,27937.9,72.459,2024811.5705
1696633440000,27937.9,27949.2,27924.4,27943.5,139.711,3902964.5927
1696633500000,27943.5,27945.6,27932.1,27932.1,41.448,1158073.7487
1696633560000,27932.1,27932.2,27900.2,27901.9,528.387,14749558.9098
1696633620000,27901.9,27916.4,27901.9,27911.3,62.689,1749524.3829
1696633680000,27911.3,27920,27905.9,27905.9,51.324,1432661.5886
1696633740000,27905.9,27906,27901.5,27906,55.991,1562383.8502
1696633800000,27906,27922.3,27905.9,27922.3,108.291,3022208.0133
1696633860000,27922.3,27940,27916.9,27916.9,84.788,2368229.8215
1696633920000,27916.9,27916.9,27905.7,27905.7,43.076,1202287.1396
1696633980000,27905.7,27919.2,27905.7,27907,41.917,1170018.3582
1696634040000,27907,27912.9,27907,27912.9,17.133,478172.0655
1696634100000,27912.9,27921.6,27903.2,27921.6,46.578,1300111.3887
1696634160000,27921.6,27935,27914.1,27916.4,68.017,1899462.0726
1696634220000,27916.4,27922.7,27888,27894.8,287.93,8031506.0296
1696634280000,27894.8,27899.7,27875.2,27888,310.25,8651867.8589
1696634340000,27888,27895.9,27868.4,27879.9,319.476,8907825.1919
1696634400000,27879.9,27889.2,27869.5,27870.2,163.999,4572438.4175
1696634460000,27870.2,27883.1,27860.4,27866.7,212.457,5921041.5207
1696634520000,27866.7,27870,27858.6,27861.4,187.226,5216874.144
1696634580000,27861.4,27885.9,27859.5,27885.9,59.404,1655745.0634
1696634640000,27885.9,27885.9,27876,27883.8,149.07,4156536.4973
1696634700000,27883.8,27913.1,27883.7,27907.7,50.443,1407300.0561
1696634760000,27907.7,27907.7,27892.3,27892.4,45.232,1261954.1036
1696634820000,27892.4,27892.4,27881,27881,87.59,2442343.3497
1696634880000,27881,27893.3,27881,27893.3,46.402,1293828.6902
1696634940000,27893.3,27898.3,27893.2,27893.2,23.118,644895.2982
1696635000000,27893.2,27899.8,27884.1,27886.7,71.82,2003172.3187
1696635060000,27886.7,27905.3,27886.7,27900.9,28.059,782781.7718
1696635120000,27900.9,27906,27900,27905.9,103.934,2899915.0382
1696635180000,27905.9,27910,27900.1,27910,117.872,3289301.4234
1696635240000,27910,27910,27903,27905.9,9.9,276266.6875
1696635300000,27905.9,27919.9,27905,27919.9,48.59,1356254.7622
1696635360000,27919.9,27919.9,27909.9,27910,129.446,3613645.1975
1696635420000,27910,27928.7,27909.9,27918.3,152.602,4261416.5222
1696635480000,27918.3,27926.4,27918.2,27926.4,115.558,3226317.9483
1696635540000,27926.4,27926.4,27926.3,27926.4,11.287,315205.2425
1696635600000,27926.4,27926.4,27920.5,27920.5,38.679,1080104.7867
1696635660000,27920.5,27920.6,27910.8,27910.9,18.299,510848.5865
1696635720000,27910.9,27910.9,27910.8,27910.8,4.233,118146.6332
1696635780000,27910.8,27920,27910.8,27920,134.522,3754675.9764
1696635840000,27920,27920,27910,27911.9,9.666,269827.2097
1696635900000,27911.9,27920,27911.9,27914.2,110.648,3088466.346
1696635960000,27914.2,27914.2,27914.1,27914.2,2.542,70957.8487
1696636020000,27914.2,27915,27914.1,27914.9,9.314,259996.9072
1696636080000,27914.9,27915,27911.3,27914.9,52.708,1471246.9029
1696636140000,27914.9,27915,27914.9,27914.9,29.49,823213.194
1696636200000,27914.9,27915,27911.1,27911.1,47.688,1331157.5649
1696636260000,27911.1,27911.2,27911.1,27911.1,4.083,113961.3364
1696636320000,27911.1,27918.8,27910,27916.8,67.944,1896530.7457
1696636380000,27916.8,27916.8,27916.2,27916.3,9.036,252255.7023
1696636440000,27916.3,27916.3,27911.9,27912,19.796,552578.5888
1696636500000,27912,27921.4,27911.9,27921.4,26.604,742668.2619
1696636560000,27921.4,27923.5,27921.3,27923.5,4.617,128920.4821
1696636620000,27923.5,27931.6,27921.7,27930.8,32.952,920280.8838
1696636680000,27930.8,27930.8,27913.6,27913.7,17.546,489911.2438
1696636740000,27913.7,27917.7,27912.4,27912.5,10.516,293549.9872
1696636800000,27912.5,27919.4,27910.4,27917.3,50.224,1401963.643
1696636860000,27917.3,27917.3,27891.1,27891.1,89.669,2501874.73
1696636920000,27891.1,27891.2,27888.6,27888.7,24.868,693571.7303
1696636980000,27888.7,27902,27888.7,27901.9,37.273,1039745.1103
1696637040000,27901.9,27924.7,27901.9,27924.5,71.93,2008331.7296
1696637100000,27924.5,27924.5,27914.7,27916.9,58.323,1628305.8223
1696637160000,27916.9,27943,27914.3,27933.6,190.407,5318757.0461
1696637220000,27933.6,27939.4,27933.2,27934.4,34.916,975393.572
1696637280000,27934.4,27936.8,27930.7,27936.8,22.09,617058.6929
1696637340000,27936.8,27937,27908.2,27908.2,40.746,1138004.4493
1696637400000,27908.2,27909.6,27904.4,27908.5,29.847,832947.014
1696637460000,27908.5,27910,27908.5,27910,13.545,378037.6762
1696637520000,27910,27923,27910,27922.9,27.711,773587.8115
1696637580000,27922.9,27932.4,27922.9,27932.4,10.173,284102.9194
1696637640000,27932.4,27932.4,27902.2,27902.2,33.673,939865.0744
1696637700000,27902.2,27902.2,27872.6,27872.7,126.068,3515434.3551
1696637760000,27872.7,27892.9,27872.6,27886.8,65.95,1838736.5248
1696637820000,27886.8,27889.4,27870,27873.3,35.535,990655.9641
1696637880000,27873.3,27890.7,27873.2,27884.1,28.506,794741.077
1696637940000,27884.1,27896.4,27880.4,27888.9,27.398,764073.9321
1696638000000,27888.9,27888.9,27860,27860.9,92.181,2568695.0706
1696638060000,27860.9,27879.1,27860.9,27868.5,61.224,1706311.4822
1696638120000,27868.5,27875.1,27868.4,27868.4,21,585329.2641
1696638180000,27868.4,27868.5,27844,27855.9,224.054,6241267.17
1696638240000,27855.9,27874.9,27840,27845.2,215.395,6000123.2724
1696638300000,27845.2,27859.4,27817.5,27859.4,405.082,11275099.2793
1696638360000,27859.4,27882.7,27859.3,27882.7,65.379,1822056.7716
1696638420000,27882.7,27913.7,27882.6,27904.4,436.349,12176048.708
1696638480000,27904.4,27913.1,27903,27911.3,99.648,2781168.7237
1696638540000,27911.3,27919.5,27901.3,27909.2,70.554,1969248.7504
1696638600000,27909.2,27909.3,27891.8,27891.8,54.095,1509104.8651
1696638660000,27891.8,27891.9,27890.2,27890.2,12.185,339847.1566
1696638720000,27890.2,27892.8,27883.5,27883.5,44.521,1241710.7964
1696638780000,27883.5,27890,27880.1,27880.2,115.77,3228275.7898
1696638840000,27880.2,27892.3,27880.1,27892.2,30.53,851276.9164
1696638900000,27892.2,27896.1,27889.8,27889.8,35.625,993660.9047
1696638960000,27889.8,27895.2,27884.1,27889.8,32.457,905238.6131
1696639020000,27889.8,27896,27889.7,27895.9,5.719,159512.2494
1696639080000,27895.9,27900,27895,27895.1,16.27,453925.4636
1696639140000,27895.1,27900,27892.2,27892.2,18.004,502249.908
1696639200000,27892.2,27899.1,27892.2,27896.5,11.562,322535.2456
1696639260000,27896.5,27903.1,27896.5,27896.8,67.064,1871111.3114
1696639320000,27896.8,27902.5,27896.7,27902.4,8.149,227347.9304
1696639380000,27902.4,27903,27902.4,27903,9.783,272971.6606
1696639440000,27903,27903,27902.9,27903,4.149,115769.4106
1696639500000,27903,27904.7,27894,27900.7,49.771,1388701.454
1696639560000,27900.7,27903.3,27895.8,27903.2,19.077,532218.4382
1696639620000,27903.2,27903.3,27896.3,27903.2,34.978,975870.9339
1696639680000,27903.2,27903.2,27898.5,27898.5,7.058,196928.6629
1696639740000,27898.5,27898.5,27890.3,27890.4,10.246,285791.2243
1696639800000,27890.4,27890.4,27882.5,27888.7,31.264,871801.787
1696639860000,27888.7,27898.7,27888.7,27898.6,22.499,627611.6303
1696639920000,27898.6,27902.6,27898.6,27902.6,14.722,410754.8759
1696639980000,27902.6,27916,27902.5,27916,41.627,1161803.3385
1696640040000,27916,27916.1,27913.3,27916,61.761,1723983.5706
1696640100000,27916,27916.1,27915.4,27915.5,7.149,199570.1563
1696640160000,27915.5,27915.5,27909.8,27909.8,20.189,563538.5751
1696640220000,27909.8,27913.2,27901.6,27913.2,36.125,1008070.2259
1696640280000,27913.2,27915.5,27900.6,27900.6,32.802,915545.8981
1696640340000,27900.6,27900.6,27890,27899.8,44.067,1229243.4802
1696640400000,27899.8,27922.1,27899.7,27914,224.408,6264333.9971
1696640460000,27914,27914.1,27914,27914,6.338,176919.3901
1696640520000,27914,27923,27914,27923,21.54,601323.3765
1696640580000,27923,27931.4,27922.9,27931.4,65.954,1842104.6354
1696640640000,27931.4,27941.7,27931.3,27941.3,70.569,1971705.5776
1696640700000,27941.3,27941.4,27929.7,27931.5,103.621,2894731.9568
1696640760000,27931.5,27931.6,27923.6,27923.6,22.108,617432.4053
1696640820000,27923.6,27923.6,27915,27915.1,11.756,328225.218
1696640880000,27915.1,27924.7,27915,27924.6,24.299,678335.1227
1696640940000,27924.6,27924.6,27923.4,27923.4,3.393,94744.3447
1696641000000,27923.4,27923.4,27917,27922.4,15.667,437443.247
1696641060000,27922.4,27930,27922.3,27930,15.387,429707.1002
1696641120000,27930,27930,27918.6,27918.6,13.836,386369.2929
1696641180000,27918.6,27921.5,27918.6,27921.5,4.72,131777.155
1696641240000,27921.5,27925,27921.5,27925,6.35,177315.5603
1696641300000,27925,27925,27920,27920.1,6.117,170815.4355
1696641360000,27920.1,27920.1,27911.1,27911.2,15.871,442992.5278
1696641420000,27911.2,27911.2,27911.1,27911.2,6.224,173718.6955
1696641480000,27911.2,27921.7,27911.1,27921.7,22.192,619429.5332
1696641540000,27921.7,27921.7,27915.6,27915.7,9.907,276562.728
1696641600000,27915.7,27922.4,27915.6,27920,23.861,666199.8819
1696641660000,27920,27920.1,27890.1,27890.1,78.924,2202161.4331
1696641720000,27890.1,27890.2,27886.2,27886.3,23.018,641905.057
1696641780000,27886.3,27887,27883.3,27886.9,32.008,892507.9779
1696641840000,27886.9,27891.7,27886.9,27888.6,18.318,510883.0101
1696641900000,27888.6,27888.7,27871.9,27874.8,121.873,3397665.7364
1696641960000,27874.8,27889.3,27874.8,27889.3,31.741,884945.3602
1696642020000,27889.3,27889.3,27870.4,27870.5,31.789,886199.2041
1696642080000,27870.5,27873.2,27870.4,27873,12.523,349035.7994
1696642140000,27873,27878.9,27872.9,27878.9,21.261,592645.536
1696642200000,27878.9,27878.9,27870.4,27870.4,19,529571.3041
1696642260000,27870.4,27870.7,27864,27870.6,39.496,1100695.4904
1696642320000,27870.6,27870.7,27866.6,27866.6,10.975,305871.3777
1696642380000,27866.6,27873.6,27866.6,27867.1,30.63,853597.4398
1696642440000,27867.1,27867.2,27862,27866.3,22.081,615252.9458
1696642500000,27866.3,27873.7,27866.3,27872.6,18.873,526023.1038
1696642560000,27872.6,27875.8,27871.1,27871.2,11.435,318739.3604
1696642620000,27871.2,27885.5,27871.1,27885.5,24.987,696595.8315
1696642680000,27885.5,27891.9,27885.5,27887.6,13.284,370489.545
1696642740000,27887.6,27891.5,27887.3,27887.5,16.343,455805.9764
1696642800000,27887.5,27891.5,27887.2,27890.9,16.445,458631.7369
1696642860000,27890.9,27890.9,27875,27875,30.94,862739.5163
1696642920000,27875,27875.1,27871.9,27871.9,6.675,186050.0089
1696642980000,27871.9,27871.9,27868,27868,10.731,299059.0368
1696643040000,27868,27872.5,27862.7,27872.5,27.936,778499.6693
1696643100000,27872.5,27881.2,27872.5,27877,36.196,1009011.4993
1696643160000,27877,27880.8,27872.1,27872.1,9.814,273585.8948
1696643220000,27872.1,27876.2,27870.3,27870.3,22.807,635708.6092
1696643280000,27870.3,27880.3,27870.3,27878.8,9.689,270086.6073
1696643340000,27878.8,27878.9,27878.8,27878.8,1.139,31753.988
1696643400000,27878.8,27892.7,27878.8,27892.7,11.436,318906.0572
1696643460000,27892.7,27892.8,27892.7,27892.8,5.342,149003.3054
1696643520000,27892.8,27894.1,27892.7,27894,5.336,148840.775
1696643580000,27894,27894.1,27894,27894.1,2.928,81673.8713
1696643640000,27894.1,27896.8,27890,27896.8,23.018,642065.8891
1696643700000,27896.8,27896.8,27896.7,27896.7,7.592,211792.3851
1696643760000,27896.7,27896.8,27884.5,27886.7,29.26,816006.3719
1696643820000,27886.7,27893.9,27886.6,27886.6,17.112,477265.981
1696643880000,27886.6,27888.9,27884,27884,6.579,183466.9005
1696643940000,27884,27891.9,27884,27891.8,10.887,303624.7965
1696644000000,27891.8,27896.5,27891.8,27896.4,17.703,493806.5273
1696644060000,27896.4,27896.5,27889.1,27895.3,12.543,349827.4465
1696644120000,27895.3,27897.4,27895.2,27897.4,5.413,150999.7318
1696644180000,27897.4,27903.8,27897.4,27901.2,30.829,860131.6879
1696644240000,27901.2,27901.3,27892.3,27892.3,6.614,184519.9633
1696644300000,27892.3,27894.1,27891.1,27894.1,1.493,41642.982
1696644360000,27894.1,27898.2,27894,27898.2,11.802,329212.5365
1696644420000,27898.2,27898.2,27898.1,27898.1,2.164,60371.6674
1696644480000,27898.1,27898.3,27895.3,27898.2,5.292,147631.6138
1696644540000,27898.2,27910,27898.2,27909.6,42.442,1184392.0613
1696644600000,27909.6,27909.7,27900.5,27900.5,12.545,350068.5818
1696644660000,27900.5,27900.6,27876.7,27876.7,47.546,1325990.6297
1696644720000,27876.7,27876.8,27869.9,27869.9,7.889,219891.5082
1696644780000,27869.9,27869.9,27863.9,27864,11.629,324059.8704
1696644840000,27864,27864.1,27858.4,27858.4,18.774,523059.531
1696644900000,27858.4,27871.1,27858.4,27871.1,21.821,608024.8621
1696644960000,27871.1,27871.1,27869.3,27869.3,13.862,386345.2022
1696645020000,27869.3,27872.8,27869.3,27872.8,11.637,324335.8618
1696645080000,27872.8,27883.6,27872.7,27883.6,18.961,528604.3528
1696645140000,27883.6,27883.6,27880.9,27880.9,7.117,198442.7457
1696645200000,27880.9,27881,27880.9,27881,5.822,162322.6755
1696645260000,27881,27883,27880.9,27883,6.81,189880.8851
1696645320000,27883,27883.2,27882.9,27883.2,2.135,59530.24
1696645380000,27883.2,27883.3,27871.3,27871.4,36.607,1020668.6757
1696645440000,27871.4,27871.5,27871.3,27871.5,12.097,337159.5871
1696645500000,27871.5,27871.5,27871.4,27871.4,1.104,30770.0603
1696645560000,27871.4,27873.1,27871.4,27873.1,7.032,195998.3468
1696645620000,27873.1,27888.5,27873,27888.5,36.028,1004457.6048
1696645680000,27888.5,27894.1,27888.4,27894.1,5.103,142330.9952
1696645740000,27894.1,27896.3,27894,27896.3,13.4,373804.0652
1696645800000,27896.3,27896.3,27896.2,27896.2,3.892,108572.3142
1696645860000,27896.2,27896.3,27896.2,27896.3,3.909,109046.5224
1696645920000,27896.3,27896.3,27896.2,27896.3,4.673,130359.2706
1696645980000,27896.3,27896.3,27890.7,27890.8,18.824,525104.2987
1696646040000,27890.8,27899,27889.6,27899,12.234,341245.6634
1696646100000,27899,27899,27892,27892.1,5.324,148512.3714
1696646160000,27892.1,27892.1,27889.9,27890,2.898,80826.3295
1696646220000,27890,27890,27880.1,27880.2,23.667,660015.4649
1696646280000,27880.2,27880.2,27872.9,27872.9,9.422,262679.4798
1696646340000,27872.9,27873,27872.9,27873,2.071,57724.7778
1696646400000,27873,27876.1,27872.9,27873,9.341,260367.4814
1696646460000,27873,27876.9,27872.9,27876.9,1.149,32029.1745
1696646520000,27876.9,27877.2,27876.8,27877.2,8.091,225552.7374
1696646580000,27877.2,27877.3,27877.1,27877.2,2.482,69191.2401
1696646640000,27877.2,27877.3,27877.2,27877.3,2.071,57733.7673
1696646700000,27877.3,27877.3,27877.2,27877.3,2.292,63894.5997
1696646760000,27877.3,27888,27877.2,27888,18.577,517922.0482
1696646820000,27888,27894,27888,27894,3.289,91736.4319
1696646880000,27894,27894,27893.9,27894,5.656,157768.0817
1696646940000,27894,27894,27883.4,27885.7,21.962,612525.2207
1696647000000,27885.7,27893.6,27885.6,27893.5,23.441,653774.5775
1696647060000,27893.5,27896,27893.5,27896,9.92,276717.9228
1696647120000,27896,27896,27892,27892,5.999,167332.8855
1696647180000,27892,27892.1,27888.7,27888.7,19.591,546419.7307
1696647240000,27888.7,27888.8,27884,27885.2,80.916,2256429.6854
1696647300000,27885.2,27885.3,27876.8,27876.8,42.167,1175622.8253
1696647360000,27876.8,27876.8,27868.8,27868.8,90.369,2518844.0643
1696647420000,27868.8,27870.7,27853.8,27858.9,164.716,4589201.1731
1696647480000,27858.9,27867.3,27858.9,27866.6,89.668,2498481.3271
1696647540000,27866.6,27866.6,27858.6,27858.6,61.528,1714283.7171
1696647600000,27858.6,27865.7,27853.3,27860.7,116.765,3252967.1726
1696647660000,27860.7,27860.7,27855,27855,44.662,1244275.5152
1696647720000,27855,27871.3,27855,27865.2,122.967,3426493.0072
1696647780000,27865.2,27865.3,27859.5,27865.1,84.144,2344423.8359
1696647840000,27865.1,27865.2,27865.1,27865.1,5.435,151446.8746
1696647900000,27865.1,27879.9,27865,27874,99.773,2781306.0561
1696647960000,27874,27879.7,27874,27876.9,13.315,371175.3917
1696648020000,27876.9,27888.7,27876.9,27888.7,75.536,2106434.9407
1696648080000,27888.7,27889.8,27888.6,27889.8,8.953,249687.8629
1696648140000,27889.8,27889.8,27888.1,27888.2,13.843,386068.935
1696648200000,27888.2,27890,27888.1,27890,77.835,2170782.2684
1696648260000,27890,27897.4,27885,27885.1,100.658,2807675.5358
1696648320000,27885.1,27885.1,27875.6,27878.5,105.835,2950530.7693
1696648380000,27878.5,27878.6,27878.5,27878.5,10.888,303541.3981
1696648440000,27878.5,27878.5,27871.5,27876.5,106.361,2964877.0042
1696648500000,27876.5,27884.6,27872.3,27883.2,101.574,2831657.4521
1696648560000,27883.2,27889.4,27883.1,27889.3,42.133,1174982.6203
1696648620000,27889.3,27896.8,27889.2,27894.1,65.22,1819242.0074
1696648680000,27894.1,27899.8,27893.4,27899.8,23.526,656243.4586
1696648740000,27899.8,27899.9,27890.3,27890.3,56.941,1588578.4444
1696648800000,27890.3,27890.4,27888.9,27888.9,51.137,1426198.7058
1696648860000,27888.9,27897,27888.9,27896.9,52.953,1477060.9615
1696648920000,27896.9,27897,27892.8,27892.8,15.57,434330.5045
1696648980000,27892.8,27892.8,27888.4,27888.5,37.834,1055179.1379
1696649040000,27888.5,27900,27888.5,27899.9,111.065,3098198.7308
1696649100000,27899.9,27900,27898,27898.1,7.396,206340.0703
1696649160000,27898.1,27898.2,27898,27898.2,18.802,524541.3353
1696649220000,27898.2,27905.2,27898.1,27905.2,28.17,786056.9606
1696649280000,27905.2,27905.2,27894.4,27894.5,101.695,2837068.4178
1696649340000,27894.5,27895.8,27894.4,27895.8,85.819,2393959.7224
1696649400000,27895.8,27907.7,27895.7,27907.7,106.978,2984899.3542
1696649460000,27907.7,27913.1,27907.6,27908.9,48.365,1349836.8835
1696649520000,27908.9,27914.4,27908.8,27914.4,23.254,649072.1856
1696649580000,27914.4,27924.4,27909.1,27924.3,116.939,3264777.8362
1696649640000,27924.3,27929.9,27912.7,27917.7,200.722,5604431.6548
1696649700000,27917.7,27917.7,27908.6,27908.7,25.271,705418.8163
1696649760000,27908.7,27908.7,27906.3,27906.3,6.231,173886.2399
1696649820000,27906.3,27909,27906.3,27909,27.663,772008.0729
1696649880000,27909,27909,27898.3,27900,57.649,1608647.7892
1696649940000,27900,27907.1,27899.9,27900.1,28.528,796037.3713
1696650000000,27900.1,27910,27900,27907.4,64.983,1813426.7417
1696650060000,27907.4,27907.5,27900.9,27900.9,8.856,247121.4117
1696650120000,27900.9,27906.5,27900.9,27901.6,70.661,1971653.5626
1696650180000,27901.6,27905.4,27901.5,27905.4,24.792,691811.2515
1696650240000,27905.4,27905.5,27904.7,27904.7,70.094,1956001.8981
1696650300000,27904.7,27904.8,27902,27902,6.35,177183.4022
1696650360000,27902,27902,27897.6,27897.6,28.201,786765.0621
1696650420000,27897.6,27897.8,27894.8,27894.8,70.169,1957461.0508
1696650480000,27894.8,27905.1,27894.8,27903,75.543,2107854.641
1696650540000,27903,27903,27896.6,27896.7,57.112,1593437.415
1696650600000,27896.7,27896.7,27896.6,27896.6,16.435,458481.3714
1696650660000,27896.6,27896.7,27896.6,27896.7,3.743,104417.231
1696650720000,27896.7,27904.1,27896.6,27904.1,25.872,721823.4919
1696650780000,27904.1,27904.1,27893.6,27893.6,101.618,2835008.2628
1696650840000,27893.6,27893.6,27889.4,27889.4,160.34,4472108.509
1696650900000,27889.4,27892.7,27889.3,27890.3,83.935,2341027.5316
1696650960000,27890.3,27900,27890.3,27899.9,37.687,1051272.9358
1696651020000,27899.9,27900,27888.8,27888.9,14.943,416869.4128
1696651080000,27888.9,27891.4,27888.6,27888.7,4.525,126200.974
1696651140000,27888.7,27888.7,27887.7,27887.7,13.66,380952.6993
1696651200000,27887.7,27892.8,27887.7,27888.2,10.985,306364.674
1696651260000,27888.2,27888.3,27888.2,27888.2,3.45,96214.4593
1696651320000,27888.2,27896,27888.2,27895.9,43.027,1200253.7213
1696651380000,27895.9,27896.3,27895.9,27896.2,11.678,325769.713
1696651440000,27896.2,27896.3,27896.2,27896.2,0.745,20782.7144
1696651500000,27896.2,27896.3,27896.2,27896.3,6.459,180181.6118
1696651560000,27896.3,27896.3,27896.2,27896.2,2.131,59446.8653
1696651620000,27896.2,27898,27896.2,27897.9,6.428,179318.859
1696651680000,27897.9,27899.7,27897.9,27899.6,11.807,329396.4218
1696651740000,27899.6,27901.4,27899.6,27901.3,20.669,576682.8241
1696651800000,27901.3,27901.4,27901.3,27901.3,1.61,44921.1944
1696651860000,27901.3,27903.5,27901.3,27903.4,26.89,750283.8295
1696651920000,27903.4,27904.6,27903.4,27904.6,6.67,186119.3358
1696651980000,27904.6,27905.2,27904.5,27905.2,7.878,219832.7825
1696652040000,27905.2,27907.5,27905.1,27907.5,25.648,715733.1965
1696652100000,27907.5,27911,27907.4,27911,29.192,814720.2843
1696652160000,27911,27914.2,27911,27914.2,31.37,875620.5049
1696652220000,27914.2,27915,27910.8,27914.9,16.956,473306.504
1696652280000,27914.9,27915,27914.9,27914.9,12.856,358875.1886
1696652340000,27914.9,27915,27911.2,27913.5,5.757,160696.9529
1696652400000,27913.5,27919,27913.5,27917.8,38.968,1087890.4262
1696652460000,27917.8,27917.8,27912.8,27912.8,9.175,256114.6592
1696652520000,27912.8,27912.9,27901,27901,21.491,599761.2142
1696652580000,27901,27901.1,27901,27901,2.485,69334.0516
1696652640000,27901,27905.4,27901,27905.4,12.385,345574.1929
1696652700000,27905.4,27909.4,27901.5,27909.4,22.971,641015.0578
1696652760000,27909.4,27913.9,27909.3,27913.9,26.322,734703.3627
1696652820000,27913.9,27914,27905.5,27905.5,4.812,134307.197
1696652880000,27905.5,27905.6,27905.5,27905.6,9.001,251178.0409
1696652940000,27905.6,27905.6,27904.6,27904.6,9.053,252625.4942
1696653000000,27904.6,27904.7,27902.5,27902.6,12.867,359039.9425
1696653060000,27902.6,27909.7,27901.5,27909.6,7.13,198958.2543
1696653120000,27909.6,27913.9,27909.6,27913.9,6.641,185359.2237
1696653180000,27913.9,27913.9,27913.8,27913.8,6.632,185124.4316
1696653240000,27913.8,27913.9,27913.8,27913.9,7.85,219123.4391
1696653300000,27913.9,27915.3,27913.8,27915.3,11.104,309962.9632
1696653360000,27915.3,27915.3,27911.3,27911.4,10.093,281726.2987
1696653420000,27911.4,27915.7,27909.4,27915.7,17.851,498250.5752
1696653480000,27915.7,27916,27915.7,27915.9,3.566,99548.0365
1696653540000,27915.9,27916.2,27915.9,27916.2,2.949,82324.6884
1696653600000,27916.2,27916.2,27916.1,27916.2,7.733,215875.9417
1696653660000,27916.2,27916.2,27914,27914.1,15.448,431228.3615
1696653720000,27914.1,27915.8,27914,27915.8,10.297,287434.488
1696653780000,27915.8,27916.3,27915.7,27916.3,6.572,183463.2577
1696653840000,27916.3,27916.7,27916.3,27916.6,5.653,157811.9452
1696653900000,27916.6,27920.8,27916.6,27920.2,23.798,664423.9376
1696653960000,27920.2,27920.3,27918.3,27918.4,9.925,277101.2296
1696654020000,27918.4,27918.4,27914,27914.1,9.13,254869.7741
1696654080000,27914.1,27914.1,27914,27914.1,0.859,23978.1629
1696654140000,27914.1,27914.1,27914,27914,0.77,21493.8188
1696654200000,27914,27914.1,27914,27914.1,7.083,197714.9127
1696654260000,27914.1,27914.1,27908.9,27908.9,12.274,342591.7401
1696654320000,27908.9,27908.9,27908.8,27908.9,2.511,70079.1503
1696654380000,27908.9,27908.9,27902.2,27902.2,20.753,579120.1204
1696654440000,27902.2,27902.3,27902.2,27902.3,5.648,157591.9138
1696654500000,27902.3,27902.9,27902.3,27902.8,8.958,249950.9029
1696654560000,27902.8,27902.9,27902.8,27902.8,4.411,123079.2628
1696654620000,27902.8,27902.9,27901.2,27901.3,4.376,122099.3954
1696654680000,27901.3,27901.3,27901.2,27901.3,10.367,289251.8092
1696654740000,27901.3,27901.3,27901.2,27901.3,1.475,41154.3251
1696654800000,27901.3,27901.3,27900.2,27900.3,10.973,306150.684
1696654860000,27900.3,27909.6,27900.2,27909.6,28.671,799994.0059
1696654920000,27909.6,27909.6,27900.7,27900.7,12.172,339659.1578
1696654980000,27900.7,27900.8,27900.1,27900.2,19.106,533061.156
1696655040000,27900.2,27900.2,27900.1,27900.2,1.072,29908.9656
1696655100000,27900.2,27900.2,27900.1,27900.1,3.789,105713.5921
1696655160000,27900.1,27900.2,27892.8,27892.9,40.13,1119566.8026
1696655220000,27892.9,27892.9,27890.5,27890.5,7.396,206280.194
1696655280000,27890.5,27890.6,27889.1,27889.2,8.547,238376.014
1696655340000,27889.2,27889.2,27888,27888,22.459,626354.2938
1696655400000,27888,27888.1,27888,27888,11.681,325759.9541
1696655460000,27888,27888.1,27888,27888.1,2.232,62246.1364
1696655520000,27888.1,27888.1,27888,27888,8.467,236128.3393
1696655580000,27888,27888.1,27888,27888.1,1.301,36282.3343
1696655640000,27888.1,27888.1,27888,27888.1,3.92,109321.0654
1696655700000,27888.1,27888.1,27888,27888.1,8.789,245108.1458
1696655760000,27888.1,27888.1,27888,27888.1,1.9,52987.3004
1696655820000,27888.1,27892.9,27888,27892.8,27.282,760896.5005
1696655880000,27892.8,27897.7,27892.8,27897.7,17.922,499906.0436
1696655940000,27897.7,27897.7,27897.6,27897.6,5.974,166660.7152
1696656000000,27897.6,27897.7,27893,27893,10.6,295693.622
1696656060000,27893,27893.1,27892,27892.1,6.787,189306.7064
1696656120000,27892.1,27892.1,27891.2,27891.3,10.847,302542.9936
1696656180000,27891.3,27891.3,27887,27887,21.733,606099.6912
1696656240000,27887,27887.1,27887,27887.1,10.001,278897.9071
1696656300000,27887.1,27887.1,27887,27887.1,2.319,64669.9753
1696656360000,27887.1,27896.4,27887,27896.3,32.381,903087.8909
1696656420000,27896.3,27897,27896.3,27897,7.617,212489.6305
1696656480000,27897,27898.7,27896.9,27898.7,6.467,180413.1518
1696656540000,27898.7,27905.7,27898.6,27905.7,13.849,386411.0637
1696656600000,27905.7,27905.7,27905.6,27905.7,8.432,235300.6552
1696656660000,27905.7,27905.7,27901.8,27903.8,14.53,405452.2007
1696656720000,27903.8,27908.9,27903.7,27908.9,5.901,164667.5653
1696656780000,27908.9,27910,27908.8,27910,3.333,93020.702
1696656840000,27910,27910,27909.9,27910,8.752,244268.3052
1696656900000,27910,27910,27909.9,27910,6.242,174214.0219
1696656960000,27910,27912,27909.9,27912,5.137,143374.9575
1696657020000,27912,27916,27911.9,27916,11.759,328247.9123
1696657080000,27916,27916,27915.9,27916,5.675,158423.0382
1696657140000,27916,27920,27916,27920,20.327,567519.1451
1696657200000,27920,27924.3,27920,27923.4,26.171,730769.4505
1696657260000,27923.4,27927,27923.3,27927,21.542,601530.0192
1696657320000,27927,27931,27905.9,27906.5,47.774,1333996.762
1696657380000,27906.5,27906.5,27892.9,27898,22.008,613979.5549
1696657440000,27898,27898,27891.6,27896.3,16.336,455696.0287
1696657500000,27896.3,27896.3,27892.1,27896.2,26.884,749917.1441
1696657560000,27896.2,27896.2,27896.1,27896.2,6.206,173123.4574
1696657620000,27896.2,27897.8,27896.1,27897.7,8.061,224873.6968
1696657680000,27897.7,27897.8,27896.1,27896.2,4.423,123390.4773
1696657740000,27896.2,27896.2,27888,27888.1,35.617,993486.1778
1696657800000,27888.1,27888.1,27881.9,27881.9,37.994,1059454.4648
1696657860000,27881.9,27885.5,27881.9,27885.5,17.616,491172.2246
1696657920000,27885.5,27888.3,27877.4,27877.4,37.938,1057768.6512
1696657980000,27877.4,27877.5,27874.5,27877,16.65,464127.9004
1696658040000,27877,27883.6,27876.9,27883.6,16.42,457790.6474
1696658100000,27883.6,27883.6,27881.1,27881.2,6.776,188934.1156
1696658160000,27881.2,27881.9,27881.1,27881.9,3.065,85455.7474
1696658220000,27881.9,27882,27881.9,27881.9,3.581,99845.2036
1696658280000,27881.9,27885.3,27881.9,27885.3,14.665,408908.8964
1696658340000,27885.3,27887.7,27885.2,27887.6,19.394,540832.3557
1696658400000,27887.6,27887.7,27881.1,27881.1,9.326,260055.0936
1696658460000,27881.1,27881.2,27880.4,27880.4,5.703,159004.7732
1696658520000,27880.4,27880.5,27880.4,27880.4,2.064,57545.1896
1696658580000,27880.4,27880.5,27877.5,27877.5,14.028,391099.4554
1696658640000,27877.5,27877.5,27865.9,27866,84.238,2347653.2802
1696658700000,27866,27870,27865.9,27869.9,60.486,1685659.7817
1696658760000,27869.9,27870,27865.9,27866,12.012,334767.1442
1696658820000,27866,27868.5,27865.9,27868.5,16.379,456427.3476
1696658880000,27868.5,27871.3,27868.4,27871.3,9.838,274181.8684
1696658940000,27871.3,27879.9,27871.2,27878,8.609,239985.0517
1696659000000,27878,27878,27876.1,27876.1,18.92,527443.8052
1696659060000,27876.1,27876.1,27870,27870,12.515,348813.6621
1696659120000,27870,27870.1,27867.3,27867.4,26.196,730038.9041
1696659180000,27867.4,27867.4,27867.3,27867.3,3.795,105756.418
1696659240000,27867.3,27868,27862,27862,36.494,1016901.1043
1696659300000,27862,27862.1,27862,27862,6.18,172187.3673
1696659360000,27862,27871,27862,27871,37.134,1034708.2625
1696659420000,27871,27882.8,27870.9,27882.8,48.594,1354560.6683
1696659480000,27882.8,27885.3,27882.3,27884.9,13.615,379645.3327
1696659540000,27884.9,27887,27884.8,27887,2.655,74038.6198
1696659600000,27887,27887,27885.1,27885.2,4.312,120244.373
1696659660000,27885.2,27885.2,27875,27880.3,16.688,465288.902
1696659720000,27880.3,27889.9,27880.3,27886.1,14.237,397016.6478
1696659780000,27886.1,27888.6,27886.1,27888.6,3.921,109347.3201
1696659840000,27888.6,27888.6,27886.4,27886.5,8.695,242481.6792
1696659900000,27886.5,27886.5,27879.2,27879.3,7.902,220353.7776
1696659960000,27879.3,27879.3,27867.7,27867.7,54.27,1512567.834
1696660020000,27867.7,27874.5,27867.7,27871,26.027,725357.8253
1696660080000,27871,27875,27870.9,27875,8.395,234000.8546
1696660140000,27875,27881.8,27874.9,27881.8,28.647,798554.8157
1696660200000,27881.8,27882,27880,27881.9,37.974,1058767.2064
1696660260000,27881.9,27882,27881.9,27881.9,2.898,80801.7795
1696660320000,27881.9,27882,27874.4,27876.9,25.665,715456.3169
1696660380000,27876.9,27877,27876.9,27877,3.296,91882.5171
1696660440000,27877,27877,27876.9,27877,7.888,219893.1431
1696660500000,27877,27877,27876.9,27877,1.516,42261.4691
1696660560000,27877,27885.1,27876.9,27885.1,19.442,542050.9857
1696660620000,27885.1,27885.1,27885,27885.1,2.775,77380.9456
1696660680000,27885.1,27898,27885.1,27898,23.75,662452.0369
1696660740000,27898,27898.6,27894.5,27894.5,9.86,275072.3655
1696660800000,27894.5,27894.6,27894.5,27894.6,4.056,113140.2545
1696660860000,27894.6,27896.9,27894.5,27896.9,9.893,275975.8836
1696660920000,27896.9,27896.9,27896.8,27896.8,10.996,306753.504
1696660980000,27896.8,27896.9,27896.8,27896.8,12.344,344358.1911
1696661040000,27896.8,27896.9,27896.8,27896.9,8.739,243790.9271
1696661100000,27896.9,27896.9,27886.8,27886.9,20.188,563112.6856
1696661160000,27886.9,27890.4,27886.8,27890.4,8.807,245612.0875
1696661220000,27890.4,27894,27890.3,27894,8.074,225196.1709
1696661280000,27894,27894,27885.6,27885.6,4.935,137642.5421
1696661340000,27885.6,27885.6,27884,27884.1,2.114,58946.9914
1696661400000,27884.1,27889.3,27884.1,27889.3,2.19,61073.5413
1696661460000,27889.3,27889.3,27889.2,27889.3,3.576,99732.0888
1696661520000,27889.3,27889.3,27889.2,27889.2,3.03,84504.5284
1696661580000,27889.2,27889.3,27889.2,27889.3,3.932,109660.5289
1696661640000,27889.3,27893.9,27889.2,27893.9,8.575,239165.0562
1696661700000,27893.9,27894.2,27893.8,27894.2,2.184,60920.6959
1696661760000,27894.2,27894.2,27880.3,27880.4,18.468,515082.9831
1696661820000,27880.4,27880.4,27880,27880,5.292,147542.1216
1696661880000,27880,27880.5,27880,27880.5,18.188,507085.7665
1696661940000,27880.5,27880.5,27874.9,27875,17.859,497881.1285
1696662000000,27875,27876.6,27873.9,27876.6,4.709,131259.7474
1696662060000,27876.6,27880.7,27876.6,27880.7,42.307,1179514.5946
1696662120000,27880.7,27880.7,27876.5,27876.5,31.707,883998.0637
1696662180000,27876.5,27878.7,27876.5,27878.7,16.042,447199.8477
1696662240000,27878.7,27883.6,27878.7,27883.5,10.202,284437.1872
1696662300000,27883.5,27883.6,27879.5,27879.5,5.835,162691.4731
1696662360000,27879.5,27879.6,27873.9,27873.9,17.475,487141.0914
1696662420000,27873.9,27877,27873.9,27877,16.334,455298.0691
1696662480000,27877,27880.2,27877,27880.2,8.199,228576.636
1696662540000,27880.2,27880.2,27876,27876,3.636,101358.418
1696662600000,27876,27876.1,27876,27876.1,10.644,296712.1801
1696662660000,27876.1,27887.1,27876,27887,67.296,1876344.0955
1696662720000,27887,27887.1,27887,27887.1,1.93,53822.0405
1696662780000,27887.1,27890.3,27887,27890.3,7.732,215636.8596
1696662840000,27890.3,27895.5,27890.2,27895.5,16.345,455913.1231
1696662900000,27895.5,27895.5,27893.2,27893.2,18.059,503752.2712
1696662960000,27893.2,27893.3,27893.2,27893.3,3.316,92494.0119
1696663020000,27893.3,27893.3,27893.2,27893.3,3.163,88226.2237
1696663080000,27893.3,27893.3,27882.6,27882.6,25.566,713010.1386
1696663140000,27882.6,27882.6,27880.8,27880.8,8.318,231912.6901
1696663200000,27880.8,27890.5,27880.8,27890.5,26.528,739755.6019
1696663260000,27890.5,27890.5,27890.4,27890.5,5.046,140735.1137
1696663320000,27890.5,27891,27890.4,27890.9,13.482,376019.5846
1696663380000,27890.9,27895.3,27890.9,27895.2,10.468,291988.8658
1696663440000,27895.2,27895.3,27895.2,27895.2,3.376,94174.2317
1696663500000,27895.2,27896.8,27894.1,27894.2,9.181,256116.7801
1696663560000,27894.2,27894.2,27890.8,27893.3,6.593,183896.148
1696663620000,27893.3,27893.9,27893.2,27893.9,5.564,155199.3677
1696663680000,27893.9,27897.8,27893.8,27897.8,5.043,140678.8142
1696663740000,27897.8,27900,27897.8,27899.9,9.367,261335.5553
1696663800000,27899.9,27900,27899.9,27900,6.327,176523.0444
1696663860000,27900,27900,27899.9,27900,2.805,78259.4234
1696663920000,27900,27905.3,27899.9,27905.3,27.402,764540.1655
1696663980000,27905.3,27909,27905.2,27909,52.864,1475268.5474
1696664040000,27909,27909,27904.5,27904.6,20.365,568324.5393
1696664100000,27904.6,27904.6,27896.9,27896.9,58.085,1620700.1113
1696664160000,27896.9,27898.9,27896.9,27898.9,4.624,128998.0465
1696664220000,27898.9,27899.8,27896.5,27896.5,9.128,254663.2453
1696664280000,27896.5,27896.5,27891.7,27891.8,11.303,315282.0493
1696664340000,27891.8,27894.8,27891.7,27892.6,10.949,305398.4654
1696664400000,27892.6,27892.7,27892.6,27892.7,3.808,106215.2423
1696664460000,27892.7,27892.7,27887.4,27887.4,57.183,1594823.9237
1696664520000,27887.4,27887.5,27887.4,27887.5,9.191,256313.3118
1696664580000,27887.5,27887.5,27887.4,27887.4,2.376,66260.6845
1696664640000,27887.4,27887.5,27887.4,27887.5,1.388,38707.7354
1696664700000,27887.5,27890,27887.4,27889.9,20.847,581391.7679
1696664760000,27889.9,27890,27886.3,27886.4,16.847,469837.842
1696664820000,27886.4,27886.4,27881.4,27881.4,4.644,129494.4379
1696664880000,27881.4,27881.5,27880,27880,11.256,313821.8349
1696664940000,27880,27880.1,27880,27880,0.483,13466.0672
1696665000000,27880,27880.1,27879.5,27879.5,4.292,119660.3354
1696665060000,27879.5,27879.5,27876.1,27876.1,38.335,1068645.4947
1696665120000,27876.1,27878.2,27874.9,27878.1,24.5,682957.6508
1696665180000,27878.1,27878.2,27878,27878.1,6.515,181625.8297
1696665240000,27878.1,27878.1,27877.9,27877.9,4.065,113324.0799
1696665300000,27877.9,27878,27874.9,27874.9,6.833,190472.2091
1696665360000,27874.9,27878,27874.9,27878,13.173,367206.7627
1696665420000,27878,27878,27876,27876,7.569,211002.5581
1696665480000,27876,27876,27875.7,27875.7,4.987,139016.2701
1696665540000,27875.7,27875.8,27875.7,27875.7,2.493,69494.1864
1696665600000,27875.7,27875.8,27875.6,27875.7,23.998,668962.7225
1696665660000,27875.7,27879,27875.6,27878.9,24.215,675053.5826
1696665720000,27878.9,27879,27875.5,27875.5,9.715,270836.2348
1696665780000,27875.5,27875.5,27866,27866,40.839,1138193.8681
1696665840000,27866,27866.9,27866,27866.8,10.743,299368.8652
1696665900000,27866.8,27873.8,27866.8,27868.3,59.376,1654705.9575
1696665960000,27868.3,27869.8,27868,27869.8,13.308,370874.1436
1696666020000,27869.8,27876.9,27869.8,27876.9,9.055,252396.9588
1696666080000,27876.9,27876.9,27876,27876.1,9.997,278682.033
1696666140000,27876.1,27876.1,27876,27876.1,12.541,349594.043
1696666200000,27876.1,27876.1,27875.9,27875.9,5.765,160705.1293
1696666260000,27875.9,27878.7,27875.9,27878.7,7.649,213235.8405
1696666320000,27878.7,27879.3,27878.6,27879.3,4.023,112157.5784
1696666380000,27879.3,27882.9,27879.2,27882.9,35.192,981145.5391
1696666440000,27882.9,27887.9,27882.9,27887.9,28.741,801448.7619
1696666500000,27887.9,27887.9,27887.8,27887.9,15.682,437337.865
1696666560000,27887.9,27888,27880,27880,35.38,986630.1841
1696666620000,27880,27882.3,27880,27882.2,7.788,217134.6372
1696666680000,27882.2,27888.2,27882.2,27888.2,8.908,248399.6738
1696666740000,27888.2,27890,27884.3,27884.4,24.508,683477.8558
1696666800000,27884.4,27884.4,27884.3,27884.3,1.683,46929.3028
1696666860000,27884.3,27888.6,27884.3,27888.5,8.48,236475.0082
1696666920000,27888.5,27897.7,27888.5,27897.7,9.539,266073.4561
1696666980000,27897.7,27903,27897.7,27903,22.67,632529.8606
1696667040000,27903,27906.4,27903,27906.3,10.278,286803.0359
1696667100000,27906.3,27906.4,27906.3,27906.4,15.853,442399.9891
1696667160000,27906.4,27906.4,27900,27900.1,24.532,684519.6155
1696667220000,27900.1,27900.1,27895.6,27895.6,9.611,268130.6717
1696667280000,27895.6,27901.6,27895.6,27901.6,5.878,163993.051
1696667340000,27901.6,27904.8,27901.5,27904.8,10.599,295748.792
1696667400000,27904.8,27905,27904.8,27905,6.236,174014.7234
1696667460000,27905,27912.5,27904.9,27911.9,63.32,1767250.575
1696667520000,27911.9,27920.4,27911.9,27914.5,87.248,2435759.2735
1696667580000,27914.5,27917.1,27914,27917.1,34.457,961851.7843
1696667640000,27917.1,27924.8,27917,27924.8,29.032,810580.7961
1696667700000,27924.8,27924.8,27918.1,27922.9,38.814,1083726.6612
1696667760000,27922.9,27930,27922.9,27930,74.185,2071746.9135
1696667820000,27930,27930,27924,27924.1,17.897,499809.178
1696667880000,27924.1,27928.3,27924,27928.3,20.826,581591.7607
1696667940000,27928.3,27938.4,27928.2,27931.7,87.997,2458132.7136
1696668000000,27931.7,27934.9,27931.7,27934.9,35.676,996528.9995
1696668060000,27934.9,27960.4,27934.8,27957.3,373.981,10454109.1385
1696668120000,27957.3,28020.8,27957.2,27982.1,776.558,21737170.6432
1696668180000,27982.1,27982.1,27968,27968.1,87.935,2459774.6969
1696668240000,27968.1,27998.1,27968,27989.6,116.097,3248997.9996
1696668300000,27989.6,27989.7,27970.1,27970.2,66.561,1862585.7359
1696668360000,27970.2,27972.4,27955.6,27972.4,109.653,3066182.8197
1696668420000,27972.4,27975.7,27959.5,27959.5,29.54,826150.4285
1696668480000,27959.5,27965,27950.8,27959.1,42.595,1190808.7293
1696668540000,27959.1,27970,27959.1,27969.9,25.88,723810.1872
1696668600000,27969.9,27975,27969.9,27972,61.581,1722504.9385
1696668660000,27972,27972,27967,27967,24.776,692952.066
1696668720000,27967,27980,27967,27979.8,28.86,807319.6547
1696668780000,27979.8,27992,27979.8,27992,42.523,1190043.0109
1696668840000,27992,28000,27991.3,27995.2,122.596,3432268.6535
1696668900000,27995.2,27995.2,27984.8,27987.4,45.168,1264146.1408
1696668960000,27987.4,27987.4,27976.9,27977,19.997,559533.7393
1696669020000,27977,27992.6,27977,27992.6,30.486,853224.626
1696669080000,27992.6,27996.8,27987.7,27995.4,88.5,2477523.2938
1696669140000,27995.4,27995.4,27992.2,27993.9,22.762,637199.9437
1696669200000,27993.9,28011.9,27993.8,28011.2,158.08,4426901.6624
1696669260000,28011.2,28011.2,27999.9,28006.4,71.374,1998647.291
1696669320000,28006.4,28007.3,27994.2,27994.2,35.82,1003002.8018
1696669380000,27994.2,28001.2,27994.2,27995.9,82.944,2322145.8572
1696669440000,27995.9,27997.9,27993.9,27997.8,18.885,528710.5845
1696669500000,27997.8,27997.9,27997.7,27997.7,13.888,388833.5447
1696669560000,27997.7,27997.7,27980.3,27980.3,38.052,1065010.1439
1696669620000,27980.3,27980.4,27964.1,27964.6,93.996,2629020.0876
1696669680000,27964.6,27969.1,27964.5,27969.1,29.454,823747.4817
1696669740000,27969.1,27969.1,27962.1,27963.2,29.252,817986.8386
1696669800000,27963.2,27970,27963.2,27965,36.917,1032471.4303
1696669860000,27965,27973.6,27965,27973.6,29.286,819104.0726
1696669920000,27973.6,27974.8,27971,27971.9,12.382,346374.5923
1696669980000,27971.9,27974.9,27971.9,27974.8,12.965,362684.5264
1696670040000,27974.8,27974.9,27965.2,27965.2,82.866,2317654.4745
1696670100000,27965.2,27971.9,27965.2,27968.4,48.827,1365580.247
1696670160000,27968.4,27968.5,27954.4,27954.4,67.567,1889185.1995
1696670220000,27954.4,27956.9,27954.4,27954.7,32.272,902162.5679
1696670280000,27954.7,27956.1,27947.1,27954,45.243,1264688.3443
1696670340000,27954,27954.1,27951,27951.1,17.226,481523.0245
1696670400000,27951.1,27951.1,27939.6,27939.6,81.19,2268710.461
1696670460000,27939.6,27944.5,27936.3,27944,49.411,1380475.8119
1696670520000,27944,27964.2,27944,27964.1,60.661,1695771.4596
1696670580000,27964.1,27964.2,27955.1,27955.2,15.078,421576
1696670640000,27955.2,27960,27955.1,27956.1,21.707,606875.8077
1696670700000,27956.1,27962.9,27956,27957.3,28.031,783776.0378
1696670760000,27957.3,27958.8,27956,27956,22.502,629100.0076
1696670820000,27956,27956.1,27956,27956.1,2.103,58791.5507
1696670880000,27956.1,27958.4,27955.3,27955.3,19.518,545667.7953
1696670940000,27955.3,27955.3,27954.8,27954.9,3.084,86212.7732
1696671000000,27954.9,27954.9,27951.7,27951.8,21.929,612979.0326
1696671060000,27951.8,27956.1,27951.7,27954.1,10.309,288190.6525
1696671120000,27954.1,27954.1,27944.9,27945,15.048,420589.8473
1696671180000,27945,27945,27943.5,27943.5,10.299,287800.2406
1696671240000,27943.5,27943.5,27942.8,27942.9,7.985,223125.0541
1696671300000,27942.9,27942.9,27936.8,27936.8,17.017,475438.671
1696671360000,27936.8,27948.4,27936.8,27948.4,30.975,865504.1914
1696671420000,27948.4,27948.4,27941.4,27941.4,10.512,293769.3023
1696671480000,27941.4,27941.5,27937.9,27937.9,15.653,437340.2108
1696671540000,27937.9,27938,27934.7,27934.7,37.342,1043228.1457
1696671600000,27934.7,27934.9,27934.7,27934.9,17.3,483272.5447
1696671660000,27934.9,27935,27934.8,27935,15.341,428549.0008
1696671720000,27935,27938.5,27935,27938.4,37.202,1039299.6861
1696671780000,27938.4,27938.5,27934.7,27934.8,12.73,355643.1386
1696671840000,27934.8,27934.8,27934.1,27934.1,6.181,172662.207
1696671900000,27934.1,27948,27931,27948,29.137,814040.7427
1696671960000,27948,27950,27947.9,27950,19.533,545926.9838
1696672020000,27950,27950,27947.8,27947.8,13.306,371887.9672
1696672080000,27947.8,27947.9,27947.8,27947.9,4.886,136553.2707
1696672140000,27947.9,27950,27947.9,27949.9,21.716,606961.2357
1696672200000,27949.9,27950,27942.1,27942.1,13.17,368051.1031
1696672260000,27942.1,27942.1,27932.8,27932.8,37.138,1037594.2385
1696672320000,27932.8,27933,27932.8,27933,8.116,226703.3606
1696672380000,27933,27941.6,27932.9,27939.2,23.978,669872.063
1696672440000,27939.2,27939.3,27929.5,27929.5,27.911,779676.1285
1696672500000,27929.5,27929.5,27922,27928.7,30.392,848688.5383
1696672560000,27928.7,27929.8,27926.5,27927.4,16.552,462259.5851
1696672620000,27927.4,27945.8,27927.4,27945.3,47.511,1327240.5319
1696672680000,27945.3,27945.3,27936.1,27936.2,34.422,961832.5778
1696672740000,27936.2,27938.7,27936.1,27938.7,6.396,178694.6391
1696672800000,27938.7,27948,27938.6,27948,70.955,1982636.8365
1696672860000,27948,27948,27937.3,27937.4,26.792,748640.9324
1696672920000,27937.4,27937.4,27937.3,27937.3,4.188,117001.5843
1696672980000,27937.3,27937.4,27937,27937,2.63,73475.0087
1696673040000,27937,27937.1,27936.2,27936.2,9.246,258299.3126
1696673100000,27936.2,27936.3,27935.5,27935.5,16.441,459296.2013
1696673160000,27935.5,27945.8,27935.4,27945.8,102.741,2870257.7292
1696673220000,27945.8,27945.8,27939.8,27939.8,18.511,517252.88
1696673280000,27939.8,27939.9,27931.4,27931.5,31.529,880735.2771
1696673340000,27931.5,27931.5,27931.4,27931.5,5.742,160382.1347
1696673400000,27931.5,27936,27931.5,27934.6,29.302,818521.3671
1696673460000,27934.6,27936.1,27934.5,27934.6,7.014,195938.6275
1696673520000,27934.6,27935.8,27934.5,27935.7,1.419,39640.0182
1696673580000,27935.7,27935.8,27931.9,27931.9,31.778,887728.5317
1696673640000,27931.9,27932,27931.6,27931.6,23.678,661372.1292
1696673700000,27931.6,27931.8,27931.2,27931.2,15.117,422242.7702
1696673760000,27931.2,27938.7,27931,27938.7,60.088,1678340.8637
1696673820000,27938.7,27939.5,27931.1,27931.2,19.429,542773.0733
1696673880000,27931.2,27931.2,27930.3,27930.4,14.155,395361.6779
1696673940000,27930.4,27930.4,27924.6,27924.7,47.415,1324154.5387
1696674000000,27924.7,27924.7,27919.3,27919.4,56.862,1587684.0707
1696674060000,27919.4,27919.4,27918.8,27919,70.396,1965393.6822
1696674120000,27919,27919,27918.9,27918.9,8.416,234966.017
1696674180000,27918.9,27919,27918.9,27919,74.847,2089652.3218
1696674240000,27919,27919,27918.4,27918.4,16.234,453231.1044
1696674300000,27918.4,27918.6,27918.4,27918.6,14.231,397307.8291
1696674360000,27918.6,27919.4,27918.5,27919.4,29.02,810214.9592
1696674420000,27919.4,27919.4,27919.3,27919.4,6.942,193816.3274
1696674480000,27919.4,27919.4,27917.2,27917.3,15.517,433208.1049
1696674540000,27917.3,27917.3,27915.5,27915.5,17.538,489599.8418
1696674600000,27915.5,27916.5,27913.2,27916.4,34.106,952034.701
1696674660000,27916.4,27928,27916.4,27928,75.014,2094628.2951
1696674720000,27928,27928,27927.9,27927.9,13.466,376078.3034
1696674780000,27927.9,27928,27926.5,27926.5,27.945,780437.6627
1696674840000,27926.5,27926.6,27926.4,27926.6,2.55,71212.494
1696674900000,27926.6,27926.8,27926.5,27926.7,9.132,255025.8114
1696674960000,27926.7,27926.8,27926.7,27926.8,28.367,792196.9498
1696675020000,27926.8,27926.8,27924.2,27925.9,9.496,265176.47
1696675080000,27925.9,27926,27925.9,27925.9,1.934,54008.7708
1696675140000,27925.9,27926,27925.9,27926,6.703,187187.7068
1696675200000,27926,27926,27925.9,27926,2.886,80594.3347
1696675260000,27926,27926,27925.9,27926,2.638,73668.7575
1696675320000,27926,27926,27924.3,27924.4,9.604,268194.5104
1696675380000,27924.4,27924.4,27921.3,27921.4,26.724,746185.2118
1696675440000,27921.4,27921.4,27916,27916.1,12.706,354722.1905
1696675500000,27916.1,27916.8,27916,27916.8,9.021,251834.8185
1696675560000,27916.8,27921,27916.7,27921,13.407,374300.4275
1696675620000,27921,27921,27920.9,27921,19.361,540578.3212
1696675680000,27921,27921,27920.9,27920.9,16.738,467340.4213
1696675740000,27920.9,27925,27920.9,27925,17.287,482678.0707
1696675800000,27925,27925.9,27924.9,27925.9,7.858,219436.8841
1696675860000,27925.9,27926.1,27925.9,27926.1,6.418,179229.296
1696675920000,27926.1,27926.1,27926,27926.1,10.785,301182.8232
1696675980000,27926.1,27926.1,27923.8,27923.8,23.411,653755.3779
1696676040000,27923.8,27923.8,27923.7,27923.8,7.496,209316.5786
1696676100000,27923.8,27926.4,27923.7,27926.4,13.518,377474.9893
1696676160000,27926.4,27932.2,27926.3,27932.2,14.067,392869.2505
1696676220000,27932.2,27943,27932.1,27943,30.042,839281.6654
1696676280000,27943,27943,27939.2,27939.2,25.681,717548.38
1696676340000,27939.2,27939.3,27934.3,27934.4,22.674,633438.3799
1696676400000,27934.4,27934.4,27932.7,27932.8,6.441,179915.5919
1696676460000,27932.8,27932.9,27932.7,27932.9,9.222,257596.5714
1696676520000,27932.9,27936.7,27932.8,27936.7,20.748,579566.0469
1696676580000,27936.7,27940,27936.6,27940,20.688,577984.3112
1696676640000,27940,27945.7,27939.9,27945.7,11.609,324376.4442
1696676700000,27945.7,27946.8,27944.3,27944.4,20.704,578598.9526
1696676760000,27944.4,27944.4,27942.3,27942.4,7.314,204374.0225
1696676820000,27942.4,27942.4,27942.3,27942.3,5.864,163854.1952
1696676880000,27942.3,27942.4,27940.6,27940.7,15.658,437517.2939
1696676940000,27940.7,27940.7,27938.1,27938.1,24.09,673037.9929
1696677000000,27938.1,27940.4,27938.1,27940.3,35.127,981430.7057
1696677060000,27940.3,27947.6,27940.3,27947.6,36.559,1021634.4258
1696677120000,27947.6,27952.5,27947.5,27952.5,45.456,1270481.3421
1696677180000,27952.5,27963.5,27952.5,27963.5,41.829,1169467.8587
1696677240000,27963.5,27963.5,27960.1,27960.2,16.442,459725.9561
1696677300000,27960.2,27962.6,27960.1,27962.5,16.065,449182.9715
1696677360000,27962.5,27962.6,27956.2,27956.2,34.3,958999.9824
1696677420000,27956.2,27958,27956.2,27958,12.561,351172.3431
1696677480000,27958,27964.9,27957.9,27964.9,25.289,707148.7587
1696677540000,27964.9,27965.7,27962.2,27962.2,45.292,1266596.6052
1696677600000,27962.2,27962.2,27960,27960,16.227,453723.4746
1696677660000,27960,27966.4,27960,27966.3,32.646,912924.5301
1696677720000,27966.3,27974,27966.3,27974,26.431,739274.692
1696677780000,27974,27974,27973,27973.9,31.281,875026.8947
1696677840000,27973.9,27987.6,27973.9,27984.9,66.31,1855449.8
1696677900000,27984.9,27984.9,27979.7,27979.8,14.911,417237.9468
1696677960000,27979.8,27984.5,27979.7,27983.4,26.928,753493.4581
1696678020000,27983.4,27985.9,27983.4,27985.2,10.466,292895.8748
1696678080000,27985.2,27985.8,27982.2,27982.3,30.461,852436.4228
1696678140000,27982.3,27982.3,27982.2,27982.3,20.31,568320.0353
1696678200000,27982.3,27986,27982.2,27985.9,28.243,790357.6442
1696678260000,27985.9,27986,27985.9,27985.9,5.953,166600.5127
1696678320000,27985.9,27997.2,27985.9,27997,69.486,1945015.5602
1696678380000,27997,27997.1,27979.6,27979.6,70.684,1978279.9323
1696678440000,27979.6,27979.7,27973.9,27973.9,31.168,871919.7763
1696678500000,27973.9,27974,27965.1,27965.1,53.271,1490083.9946
1696678560000,27965.1,27965.2,27965.1,27965.1,6.866,192008.9011
1696678620000,27965.1,27965.2,27960.6,27960.6,16.624,464880.5503
1696678680000,27960.6,27960.7,27951.5,27957.9,87.382,2442722.5709
1696678740000,27957.9,27958,27955.1,27955.1,59.612,1666611.4227
1696678800000,27955.1,27955.1,27947.8,27947.8,30.291,846684.9298
1696678860000,27947.8,27955,27947.8,27955,16.349,456956.9422
1696678920000,27955,27955,27950,27950,28.78,804498.7689
1696678980000,27950,27950.1,27949,27949,25.632,716413.9403
1696679040000,27949,27949.1,27945,27945,17.642,493019.6939
1696679100000,27945,27957,27945,27957,42.424,1185672.0787
1696679160000,27957,27959.8,27957,27959.8,6.746,188615.8381
1696679220000,27959.8,27959.8,27954.1,27954.1,29.621,828163.4688
1696679280000,27954.1,27954.1,27950,27950,37.276,1042000.233
1696679340000,27950,27951.1,27950,27951,13.15,367550.6685
1696679400000,27951,27951,27940.2,27940.2,23.432,654818.3112
1696679460000,27940.2,27940.3,27930.6,27930.6,47.392,1323894.4137
1696679520000,27930.6,27930.7,27927,27930.3,32.361,903824.7678
1696679580000,27930.3,27930.3,27929,27929.1,16.848,470551.8149
1696679640000,27929.1,27930.5,27924,27930.5,40.808,1139646.2921
1696679700000,27930.5,27940.5,27930.5,27937.1,27.104,757193.1899
1696679760000,27937.1,27937.1,27927.7,27927.8,8.543,238642.8536
1696679820000,27927.8,27927.8,27920.5,27920.5,35.695,996752.0629
1696679880000,27920.5,27920.6,27919,27919.1,26.843,749462.6498
1696679940000,27919.1,27926.2,27919,27926.1,11.451,319741.4124
1696680000000,27926.1,27927,27923.1,27927,8.635,241134.0425
1696680060000,27927,27936.1,27926.9,27936.1,25.909,723708.8106
1696680120000,27936.1,27936.1,27929.2,27929.2,9.11,254493.3655
1696680180000,27929.2,27936.2,27928.3,27936.2,12.93,361182.1798
1696680240000,27936.2,27936.2,27931,27931,10.283,287264.7164
1696680300000,27931,27935.2,27930.8,27935.2,2.87,80167.8782
1696680360000,27935.2,27939,27935.1,27939,8.803,245929.1434
1696680420000,27939,27941.7,27938.9,27941.7,10.32,288352.7734
1696680480000,27941.7,27941.7,27935.1,27935.2,18.959,529709.4014
1696680540000,27935.2,27938.6,27935.1,27938.5,11.811,329969.7024
1696680600000,27938.5,27938.6,27938.5,27938.6,8.655,241808.4314
1696680660000,27938.6,27938.6,27935.8,27935.8,12.073,337276.9618
1696680720000,27935.8,27935.8,27935.4,27935.5,2.833,79141.654
1696680780000,27935.5,27940,27935.4,27939.9,7.742,216279.1209
1696680840000,27939.9,27940,27939.9,27940,5.513,154033.0408
1696680900000,27940,27940,27939.9,27940,5.701,159285.7777
1696680960000,27940,27943.7,27939.9,27943.7,24.271,678160.6654
1696681020000,27943.7,27954.1,27943.7,27954.1,92.345,2581031.9714
1696681080000,27954.1,27962.7,27954,27959.8,51.234,1432405.8884
1696681140000,27959.8,27961.2,27959.8,27961.2,8.177,228637.9445
1696681200000,27961.2,27962.5,27961.1,27962.5,13.705,383209.5568
1696681260000,27962.5,27967.6,27962.5,27967.6,14.175,396412.5501
1696681320000,27967.6,27967.6,27961.2,27961.2,17.803,497834.8594
1696681380000,27961.2,27966.4,27961.2,27966.4,10.651,297846.6562
1696681440000,27966.4,27968.6,27966.3,27968.6,19.652,549614.0697
1696681500000,27968.6,27968.6,27966.2,27966.3,11.967,334694.8111
1696681560000,27966.3,27966.3,27955.1,27955.1,30.259,846054.5123
1696681620000,27955.1,27955.2,27953.1,27953.1,4.325,120902.2675
1696681680000,27953.1,27953.1,27953,27953,2.652,74131.4064
1696681740000,27953,27953.1,27948,27948.1,14.522,405885.3102
1696681800000,27948.1,27948.1,27938.2,27938.2,45.695,1276945.8467
1696681860000,27938.2,27943.3,27936.2,27943.3,18.508,517104.635
1696681920000,27943.3,27946.4,27943.3,27946.3,9.602,268331.5036
1696681980000,27946.3,27947.8,27946.3,27947.8,5.497,153625.1438
1696682040000,27947.8,27957.6,27947.7,27957.6,22.018,615455.7028
1696682100000,27957.6,27957.6,27950.6,27950.7,21.826,610131.7706
1696682160000,27950.7,27950.7,27950.6,27950.7,10.887,304299.1273
1696682220000,27950.7,27958,27950.6,27958,10.676,298426.4967
1696682280000,27958,27958,27954.9,27955,20.434,571265.1354
1696682340000,27955,27955,27951.1,27951.1,18.583,519461.8902
1696682400000,27951.1,27951.4,27951.1,27951.3,1.908,53330.9554
1696682460000,27951.3,27956,27951.3,27956,17.433,487311.2853
1696682520000,27956,27956,27955,27955.1,5.393,150764.2307
1696682580000,27955.1,27955.1,27935.4,27935.4,196.814,5499386.8769
1696682640000,27935.4,27935.5,27931,27931,16.399,458057.212
1696682700000,27931,27931.1,27926.9,27928,31.302,874216.8572
1696682760000,27928,27930.5,27928,27930.5,14.549,406344.1111
1696682820000,27930.5,27936.7,27930.4,27936.7,13.148,367243.2509
1696682880000,27936.7,27940,27936.7,27940,7.768,217023.3922
1696682940000,27940,27940,27932,27932,32.014,894351.7456
1696683000000,27932,27935.5,27931,27935.5,19.432,542765.0072
1696683060000,27935.5,27937.5,27935.4,27937.4,2.155,60201.7018
1696683120000,27937.4,27937.5,27937.4,27937.5,1.4,39112.4868
1696683180000,27937.5,27938.3,27937.4,27938.3,7.699,215092.115
1696683240000,27938.3,27939.3,27938.3,27939.3,4.504,125836.5266
1696683300000,27939.3,27940.8,27939.2,27940.8,2.555,71386.0835
1696683360000,27940.8,27941.9,27940.8,27941.9,3.791,105924.2552
1696683420000,27941.9,27951.8,27941.6,27941.6,17.666,493723.3063
1696683480000,27941.6,27941.7,27941.3,27941.5,6.822,190616.2235
1696683540000,27941.5,27941.5,27941.4,27941.4,11.339,316827.9997
1696683600000,27941.4,27941.5,27939.4,27939.5,9.584,267779.5041
1696683660000,27939.5,27939.5,27939.4,27939.5,2.381,66523.7417
1696683720000,27939.5,27939.5,27935.1,27936.9,65.027,1816638.9649
1696683780000,27936.9,27937.3,27936.9,27937.2,53.579,1496840.7233
1696683840000,27937.2,27937.6,27937.2,27937.6,15.878,443589.5443
1696683900000,27937.6,27944,27937.5,27944,17.843,498535.139
1696683960000,27944,27944,27943.9,27944,7.058,197228.5483
1696684020000,27944,27949.3,27943.9,27949.3,9.645,269539.0163
1696684080000,27949.3,27954,27949.2,27954,10.805,302017.8068
1696684140000,27954,27954,27950.9,27951,20.948,585547.9747
1696684200000,27951,27951,27948.4,27948.4,14.785,413247.4788
1696684260000,27948.4,27948.5,27948.4,27948.5,3.097,86556.3946
1696684320000,27948.5,27952.7,27948.4,27952.7,9.739,272216.4529
1696684380000,27952.7,27958.2,27952.6,27958.1,14.886,416167.8589
1696684440000,27958.1,27958.3,27958.1,27958.2,4.485,125392.5516
1696684500000,27958.2,27958.3,27951.1,27951.2,24.776,692656.4281
1696684560000,27951.2,27951.2,27951.1,27951.1,3.215,89863.0549
1696684620000,27951.1,27951.2,27942.4,27943.3,74.616,2085260.1793
1696684680000,27943.3,27946.4,27943.3,27946.3,8.681,242580.1316
1696684740000,27946.3,27946.4,27941.8,27941.8,52.678,1471997.8647
1696684800000,27941.8,27941.9,27941.8,27941.8,5.129,143313.5689
1696684860000,27941.8,27941.9,27941.8,27941.9,4.913,137278.5284
1696684920000,27941.9,27941.9,27941.8,27941.8,2.704,75554.8571
1696684980000,27941.8,27942.2,27941.8,27942.2,3.216,89861.3669
1696685040000,27942.2,27942.4,27942.1,27942.4,6.829,190817.3953
1696685100000,27942.4,27942.4,27942.3,27942.3,2.135,59656.9854
1696685160000,27942.3,27942.3,27927.5,27936,176.273,4923705.5437
1696685220000,27936,27940.2,27930.2,27930.2,12.474,348466.0627
1696685280000,27930.2,27930.3,27923.9,27926.4,62.891,1756265.6095
1696685340000,27926.4,27928.1,27925.7,27928,20.536,573516.6123
1696685400000,27928,27938.5,27928,27938.5,21.249,593503.7379
1696685460000,27938.5,27938.5,27928.2,27928.2,16.631,464539.2044
1696685520000,27928.2,27928.3,27922.5,27922.5,43.521,1215334.7697
1696685580000,27922.5,27922.6,27921.2,27921.2,15.211,424720.9922
1696685640000,27921.2,27921.6,27921.2,27921.5,16.45,459305.4275
1696685700000,27921.5,27926.6,27921.5,27926.5,10.28,287061.6968
1696685760000,27926.5,27928.8,27926.5,27928.7,5.641,157544.2386
1696685820000,27928.7,27928.7,27923.7,27923.7,14.166,395609.8589
1696685880000,27923.7,27923.8,27923.6,27923.6,8.609,240395.0673
1696685940000,27923.6,27923.6,27923.5,27923.5,16.974,473974.2422
1696686000000,27923.5,27923.6,27921.4,27921.4,6.246,174406.0973
1696686060000,27921.4,27921.4,27919.6,27919.6,15.81,441423.3751
1696686120000,27919.6,27919.6,27902.7,27908.4,150.779,4208572.3865
1696686180000,27908.4,27908.4,27901.6,27901.7,89.222,2489825.0429
1696686240000,27901.7,27901.7,27883.4,27883.6,318.488,8882635.3666
1696686300000,27883.6,27900.2,27881,27899.9,73.32,2044908.2829
1696686360000,27899.9,27903.6,27899.1,27900.4,36.418,1016119.9596
1696686420000,27900.4,27913.1,27896.9,27899.1,81.033,2261374.5233
1696686480000,27899.1,27899.1,27893.9,27897,25.441,709705.2127
1696686540000,27897,27898.9,27896.9,27898.9,31.669,883498.9567
1696686600000,27898.9,27899.1,27898.8,27899,30.527,851672.6002
1696686660000,27899,27902.9,27899,27902.9,23.376,652211.9637
1696686720000,27902.9,27924.3,27902.9,27924.3,69.658,1944244.4447
1696686780000,27924.3,27924.3,27913.1,27913.1,35.907,1002529.4163
1696686840000,27913.1,27916.3,27910.2,27910.2,33.243,927881.4052
1696686900000,27910.2,27913.3,27910.2,27913.3,17.294,482686.4708
1696686960000,27913.3,27916,27913.2,27916,6.049,168853.997
1696687020000,27916,27916,27915.9,27915.9,5.838,162973.4398
1696687080000,27915.9,27922,27915.9,27920,33.401,932491.7781
1696687140000,27920,27920,27918.8,27919.1,2.103,58713.9196
1696687200000,27919.1,27919.2,27911.6,27911.6,27.698,773196.2656
1696687260000,27911.6,27911.7,27901.4,27901.5,29.403,820578.9377
1696687320000,27901.5,27901.5,27898.9,27899,9.535,266028.0271
1696687380000,27899,27899.2,27898.9,27899.1,11.253,313947.4954
1696687440000,27899.1,27899.2,27899,27899,9.635,268807.7124
1696687500000,27899,27899.1,27895,27895.1,6.162,171899.0232
1696687560000,27895.1,27906.6,27895,27906.6,55.91,1560055.5449
1696687620000,27906.6,27911.7,27906.6,27911.6,11.065,308825.3861
1696687680000,27911.6,27911.7,27908.1,27910,20.081,560475.3561
1696687740000,27910,27913,27910,27912.9,11.437,319222.799
1696687800000,27912.9,27913,27907.5,27907.5,15.909,444037.5392
1696687860000,27907.5,27907.5,27902.7,27905,23.776,663473.2006
1696687920000,27905,27905.1,27904,27904,5.26,146778.4796
1696687980000,27904,27904.1,27898.1,27898.1,22.606,630740.5654
1696688040000,27898.1,27901,27898.1,27901,6.848,191054.837
1696688100000,27901,27901,27900.9,27901,3.25,90678.1463
1696688160000,27901,27903.2,27900.9,27903.2,10.12,282360.9822
1696688220000,27903.2,27918.9,27903.1,27918.9,35.777,998628.3678
1696688280000,27918.9,27918.9,27914.1,27914.2,27.734,774239.0216
1696688340000,27914.2,27914.2,27914.1,27914.2,2.732,76261.4927
1696688400000,27914.2,27914.2,27900.5,27900.5,109.918,3067580.0968
1696688460000,27900.5,27900.6,27900,27900.1,17.151,478513.747
1696688520000,27900.1,27900.1,27900,27900.1,10.706,298697.9748
1696688580000,27900.1,27908,27900,27908,24.452,682268.7156
1696688640000,27908,27916.9,27908,27916.9,35.806,999411.7035
1696688700000,27916.9,27918,27916.8,27917.3,12.955,361675.0931
1696688760000,27917.3,27917.3,27913.8,27913.8,15.023,419380.6603
1696688820000,27913.8,27917.3,27910,27917.1,6.915,193013.754
1696688880000,27917.1,27917.2,27916.6,27917,5.095,142236.606
1696688940000,27917,27917.1,27917,27917,5.296,147848.8642
1696689000000,27917,27917.1,27911.2,27911.2,15.806,441226.3401
1696689060000,27911.2,27912.5,27911,27912.4,6.102,170315.9518
1696689120000,27912.4,27912.5,27910.3,27910.4,6.529,182231.7101
1696689180000,27910.4,27911.4,27910,27910.1,12.776,356582.0829
1696689240000,27910.1,27910.1,27906.6,27906.6,16.262,453861.4478
1696689300000,27906.6,27910,27906.6,27909.9,14.448,403222.9841
1696689360000,27909.9,27913.7,27909.9,27913.7,9.235,257750.7049
1696689420000,27913.7,27916.7,27913.4,27916.7,22.63,631738.0302
1696689480000,27916.7,27925.6,27916.6,27924.8,59.508,1661461.5335
1696689540000,27924.8,27933.7,27924.7,27933.7,14.544,406201.5421
1696689600000,27933.7,27933.7,27928.7,27928.7,17.411,486332.3721
1696689660000,27928.7,27928.8,27920.8,27928.3,17.852,498527.2954
1696689720000,27928.3,27933,27928.3,27931.2,24.444,682755.6196
1696689780000,27931.2,27931.3,27922.2,27923.1,45.533,1271499.9473
1696689840000,27923.1,27932.7,27923,27932.6,25.848,721897.4653
1696689900000,27932.6,27932.7,27925.8,27925.8,10.117,282562.016
1696689960000,27925.8,27930.3,27925.8,27930.2,8.316,232237.2443
1696690020000,27930.2,27931.9,27930.2,27931.9,4.326,120829.1695
1696690080000,27931.9,27933.6,27931.8,27933.6,11.49,320950.5903
1696690140000,27933.6,27935.5,27933.6,27935.4,6.144,171634.1011
1696690200000,27935.4,27937.3,27935.1,27935.1,58.488,1633918.5904
1696690260000,27935.1,27935.1,27934.7,27934.8,8.731,243901.136
1696690320000,27934.8,27934.8,27929.9,27929.9,13.829,386289.3251
1696690380000,27929.9,27931.6,27929.9,27931.5,5.964,166577.7797
1696690440000,27931.5,27931.6,27928.3,27928.3,4.782,133563.3697
1696690500000,27928.3,27929.2,27928.2,27928.3,1.956,54627.961
1696690560000,27928.3,27932,27928.2,27932,11.203,312899.2137
1696690620000,27932,27933.5,27931.9,27933.5,7.088,197985.8585
1696690680000,27933.5,27935,27933.5,27935,5.17,144420.2536
1696690740000,27935,27935,27934.9,27934.9,1.643,45897.1352
1696690800000,27934.9,27936.3,27934.9,27936.3,34.989,977459.7038
1696690860000,27936.3,27936.3,27928.7,27930.1,11.621,324599.0001
1696690920000,27930.1,27931.3,27930,27931.2,2.842,79378.0554
1696690980000,27931.2,27936,27931.2,27936,7.36,205585.1163
1696691040000,27936,27948.8,27935.9,27948.8,51.655,1443485.8001
1696691100000,27948.8,27948.8,27938.6,27938.6,36.269,1013435.9975
1696691160000,27938.6,27942.3,27938.6,27942.2,19.294,539065.5686
1696691220000,27942.2,27942.3,27938.5,27938.6,12.994,363070.4604
1696691280000,27938.6,27938.6,27932.5,27932.5,4.061,113444.7746
1696691340000,27932.5,27936.2,27932.5,27936.1,16.168,451647.6616
1696691400000,27936.1,27936.2,27933.4,27933.4,8.525,238145.5266
1696691460000,27933.4,27935.9,27933.4,27935.9,7.18,200572.8642
1696691520000,27935.9,27936,27935.8,27935.9,5.694,159067.2728
1696691580000,27935.9,27935.9,27931.7,27931.7,17.637,492658.6331
1696691640000,27931.7,27931.8,27930.6,27930.6,2.742,76586.9033
1696691700000,27930.6,27930.7,27930.5,27930.6,5.964,166578.0599
1696691760000,27930.6,27933.9,27930.6,27933.8,7.564,211280.4965
1696691820000,27933.8,27942.1,27933.8,27942.1,50.54,1411965.5991
1696691880000,27942.1,27942.1,27942,27942,17.367,485268.901
1696691940000,27942,27946,27942,27946,20.034,559830.3553
1696692000000,27946,27946,27943,27943,25.855,722532.1191
1696692060000,27943,27948.7,27942.9,27948.7,13.169,368007.4265
1696692120000,27948.7,27955.6,27948.7,27950.4,40.303,1126590.8965
1696692180000,27950.4,27950.4,27948.8,27948.8,6.479,181081.8141
1696692240000,27948.8,27948.9,27948.8,27948.8,2.592,72443.3319
1696692300000,27948.8,27948.9,27943.1,27943.1,28.538,797537.0495
1696692360000,27943.1,27943.1,27940.2,27941.8,18.62,520255.9057
1696692420000,27941.8,27941.9,27941.7,27941.8,1.092,30512.4426
1696692480000,27941.8,27942,27941.8,27942,4.583,128057.8372
1696692540000,27942,27942,27940,27940.1,12.477,348626.1676
1696692600000,27940.1,27940.1,27939.6,27939.6,5.442,152048.2517
1696692660000,27939.6,27939.7,27939.2,27939.2,46.719,1305300.6422
1696692720000,27939.2,27942.1,27939.2,27942,23.002,642670.1491
1696692780000,27942,27942.1,27936.6,27936.6,6.115,170852.6195
1696692840000,27936.6,27936.7,27933.9,27933.9,9.69,270690.5857
1696692900000,27933.9,27933.9,27915,27915,32.724,913793.27
1696692960000,27915,27915.1,27906.6,27906.6,16.922,472315.8984
1696693020000,27906.6,27906.7,27903.8,27906,27.179,758442.0755
1696693080000,27906,27907,27906,27906.9,22.69,633204.3249
1696693140000,27906.9,27907,27902.1,27902.1,33.43,932860.7385
1696693200000,27902.1,27902.2,27884,27884,111.807,3118679.7988
1696693260000,27884,27891.7,27883.7,27885,119.427,3330561.8865
1696693320000,27885,27902,27885,27898.2,50.957,1421519.9909
1696693380000,27898.2,27909.4,27898.2,27909.4,24.941,695949.8758
1696693440000,27909.4,27909.4,27897.4,27897.5,35.05,978034.9138
1696693500000,27897.5,27909.4,27897.3,27906.8,23.658,660144.2386
1696693560000,27906.8,27920.1,27906.7,27920,24.86,693980.494
1696693620000,27920,27920.4,27914.9,27919.4,11.478,320458.7349
1696693680000,27919.4,27921.1,27918.4,27921.1,16.856,470613.2749
1696693740000,27921.1,27926,27921.1,27925.9,39.314,1097843.8833
1696693800000,27925.9,27926,27920.2,27920.2,20.008,558726.6063
1696693860000,27920.2,27926,27918.1,27926,10.279,287016.7018
1696693920000,27926,27926,27923.6,27923.6,3.545,98996.2853
1696693980000,27923.6,27923.7,27923.5,27923.5,5.564,155366.7005
1696694040000,27923.5,27923.5,27912.7,27912.7,6.648,185596.5647
1696694100000,27912.7,27916,27912.7,27916,13.785,384802.9408
1696694160000,27916,27928.6,27915.9,27928.6,7.432,207514.1998
1696694220000,27928.6,27928.6,27921.6,27921.6,13.221,369199.1675
1696694280000,27921.6,27921.7,27921.6,27921.7,2.039,56932.188
1696694340000,27921.7,27925.2,27921.6,27925.2,19.391,541474.7618
1696694400000,27925.2,27930.9,27924.2,27927.5,45.762,1278008.3123
1696694460000,27927.5,27927.5,27918.9,27919,37.803,1055567.4669
1696694520000,27919,27922.5,27918.9,27922.5,35.217,983233.2866
1696694580000,27922.5,27922.5,27920.1,27920.2,2.676,74714.7767
1696694640000,27920.2,27920.2,27916.1,27916.1,5.019,140121.7521
1696694700000,27916.1,27916.1,27914,27914.1,2.385,66576.5816
1696694760000,27914.1,27920.9,27914,27920.9,22.29,622224.7397
1696694820000,27920.9,27920.9,27916.5,27916.5,7.474,208676.714
1696694880000,27916.5,27917.7,27916,27917.7,9.668,269904.9955
1696694940000,27917.7,27924.2,27917.7,27924.1,9.153,255573.6268
1696695000000,27924.1,27924.2,27921.1,27921.1,3.502,97787.2468
1696695060000,27921.1,27921.2,27918,27918,8.779,245104.3224
1696695120000,27918,27929.2,27918,27929.1,10.797,301483.0069
1696695180000,27929.1,27933.3,27929.1,27933.2,7.869,219786.1781
1696695240000,27933.2,27933.3,27924.5,27924.5,16.927,472774.9133
1696695300000,27924.5,27928.6,27923.3,27928.6,9.04,252431.3027
1696695360000,27928.6,27933.1,27928.5,27933.1,12.184,340304.4198
1696695420000,27933.1,27934.9,27933.1,27934.8,16.111,450052.1682
1696695480000,27934.8,27934.9,27934.8,27934.9,2.997,83720.8488
1696695540000,27934.9,27934.9,27934.8,27934.8,2.577,71988.1857
1696695600000,27934.8,27934.9,27930.4,27930.4,14.265,398450.5268
1696695660000,27930.4,27930.4,27930,27930.1,10.693,298658.1646
1696695720000,27930.1,27930.1,27926,27926,6.613,184685.7456
1696695780000,27926,27930.1,27926,27930.1,11.834,330486.9833
1696695840000,27930.1,27931.6,27930,27931.6,5.38,150266.9355
1696695900000,27931.6,27931.6,27926.6,27926.7,9.853,275198.7289
1696695960000,27926.7,27927.6,27926.6,27927.6,8.684,242516.4215
1696696020000,27927.6,27929.5,27927.6,27929.5,2.171,60634.9133
1696696080000,27929.5,27929.5,27929.4,27929.5,2.395,66891.1284
1696696140000,27929.5,27931.9,27929.4,27931.9,4.108,114736.9175
1696696200000,27931.9,27938.7,27931.9,27938.7,29.86,834171.0581
1696696260000,27938.7,27938.7,27938.1,27938.2,17.671,493701.6145
1696696320000,27938.2,27938.2,27936.2,27936.2,10.304,287862.2209
1696696380000,27936.2,27941.4,27936.2,27941.3,33.052,923475.8454
1696696440000,27941.3,27941.4,27941.3,27941.3,2.747,76754.8772
1696696500000,27941.3,27941.4,27939.3,27939.4,12.88,359878.7188
1696696560000,27939.4,27939.4,27938.6,27938.7,3.229,90214.1222
1696696620000,27938.7,27942.9,27938.7,27942.9,22.128,618300.4965
1696696680000,27942.9,27942.9,27942.8,27942.9,8.632,241203.0711
1696696740000,27942.9,27942.9,27942.8,27942.9,4.306,120322.0605
1696696800000,27942.9,27944.4,27942.8,27944.4,17.41,486502.0031
1696696860000,27944.4,27944.8,27944.3,27944.7,4.363,121922.6955
1696696920000,27944.7,27944.8,27943.3,27943.3,20.16,563364.565
1696696980000,27943.3,27943.3,27926,27926,27.3,762620.8583
1696697040000,27926,27928.3,27926,27928.2,3.443,96153.2435
1696697100000,27928.2,27928.3,27928.2,27928.3,8.44,235714.7158
1696697160000,27928.3,27928.3,27928.2,27928.2,2.599,72585.501
1696697220000,27928.2,27928.3,27926.4,27926.4,6.616,184772.8356
1696697280000,27926.4,27926.5,27926.4,27926.4,1.761,49178.4918
1696697340000,27926.4,27934.7,27926.4,27934.7,43.157,1205403.0798
1696697400000,27934.7,27944.3,27934.6,27939.7,43.148,1205654.9412
1696697460000,27939.7,27939.8,27935.5,27935.5,34.066,951701.6208
1696697520000,27935.5,27935.6,27935.2,27935.2,0.594,16593.6525
1696697580000,27935.2,27935.2,27928,27928.1,10.014,279721.9834
1696697640000,27928.1,27928.1,27928,27928,8.123,226859.188
1696697700000,27928,27928.1,27928,27928,2.033,56777.6507
1696697760000,27928,27931.8,27928,27931.8,13.642,381001.5491
1696697820000,27931.8,27931.8,27928.2,27928.3,4.633,129397.312
1696697880000,27928.3,27928.3,27928,27928.1,2.231,62307.6692
1696697940000,27928.1,27928.1,27922,27922,6.794,189727.2405
1696698000000,27922,27927.7,27921.8,27927.7,24.713,690071.3815
1696698060000,27927.7,27928,27927.6,27927.9,12.421,346890.8227
1696698120000,27927.9,27928,27923.3,27923.4,7.112,198611.3087
1696698180000,27923.4,27923.4,27915.3,27915.4,10.78,300979.3368
1696698240000,27915.4,27915.4,27914.1,27914.1,26.927,751645.9256
1696698300000,27914.1,27914.1,27912.1,27912.1,8.751,244261.8999
1696698360000,27912.1,27912.2,27911.3,27911.4,14.786,412705.5694
1696698420000,27911.4,27918.2,27911.3,27913.4,13.026,363613.2966
1696698480000,27913.4,27918.8,27913.4,27918.8,14.794,413009.4158
1696698540000,27918.8,27919.4,27918.7,27919.4,10.575,295246.202
1696698600000,27919.4,27919.5,27919.3,27919.5,6.61,184547.2764
1696698660000,27919.5,27919.5,27918.3,27918.3,3.259,90987.7511
1696698720000,27918.3,27918.4,27912.4,27912.5,17.308,483138.1616
1696698780000,27912.5,27918.7,27912.4,27918.6,31.88,889972.7684
1696698840000,27918.6,27918.7,27912,27912.1,26.525,740414.4239
1696698900000,27912.1,27912.1,27911.2,27911.3,11.656,325336.3325
1696698960000,27911.3,27911.4,27911.3,27911.3,5.462,152451.5974
1696699020000,27911.3,27911.4,27899.2,27899.9,76.23,2127224.9122
1696699080000,27899.9,27900.6,27891.3,27891.9,51.575,1438684.1274
1696699140000,27891.9,27892,27890,27890.1,30.415,848289.2955
1696699200000,27890.1,27890.1,27883.7,27885,91.02,2538139.2415
1696699260000,27885,27890.1,27885,27890,34.917,973772.6547
1696699320000,27890,27890.4,27880.5,27886.8,165.865,4625343.3758
1696699380000,27886.8,27899.5,27886.8,27899.4,64.465,1798312.2758
1696699440000,27899.4,27920,27899.4,27903.3,101.642,2837097.6671
1696699500000,27903.3,27912,27900.1,27911,35.358,986603.5423
1696699560000,27911,27911.1,27905,27905,24.435,681973.4355
1696699620000,27905,27917.5,27905,27917.5,18.68,521380.8967
1696699680000,27917.5,27918.8,27914,27914,9.648,269354.9946
1696699740000,27914,27916.2,27914,27916.1,2.694,75204.5564
1696699800000,27916.1,27916.1,27912.5,27915.6,13.378,373432.0272
1696699860000,27915.6,27917.2,27915.5,27917.2,5.622,156942.6986
1696699920000,27917.2,27930.1,27917.2,27930.1,41.25,1151892.7855
1696699980000,27930.1,27934.9,27930,27934.9,37.188,1038781.6401
1696700040000,27934.9,27943,27934.8,27943,37.307,1042323.3399
1696700100000,27943,27943,27937.3,27938,39.799,1111970.5845
1696700160000,27938,27938,27929,27929,7.794,217701.9261
1696700220000,27929,27929,27926,27926,7.085,197859.5573
1696700280000,27926,27927.9,27926,27927.9,32.123,897079.2118
1696700340000,27927.9,27927.9,27920.6,27920.6,20.754,579559.9244
1696700400000,27920.6,27920.7,27919.4,27919.5,3.796,105982.9617
1696700460000,27919.5,27930.3,27919.4,27930.3,8.581,239619.7462
1696700520000,27930.3,27937.1,27930.2,27937.1,12.036,336204.6791
1696700580000,27937.1,27940,27937.1,27939.9,8.986,251057.6245
1696700640000,27939.9,27940,27939.9,27940,4.711,131625.2047
1696700700000,27940,27940,27939.9,27939.9,5.028,140482.0051
1696700760000,27939.9,27940,27927.5,27927.6,16.463,459911.6074
1696700820000,27927.6,27930,27927,27927,8.484,236941.1501
1696700880000,27927,27930,27927,27929.9,17.025,475475.8595
1696700940000,27929.9,27930,27926.7,27926.8,9.948,277844.5232
1696701000000,27926.8,27928.8,27926.7,27928.8,5.452,152260.5584
1696701060000,27928.8,27928.8,27928.7,27928.8,0.757,21142.0943
1696701120000,27928.8,27928.8,27928.7,27928.7,1.855,51807.9148
1696701180000,27928.7,27928.8,27920.9,27920.9,4.604,128577.8416
1696701240000,27920.9,27921,27920.8,27920.9,2.589,72287.1663
1696701300000,27920.9,27925.1,27919.8,27919.8,7.904,220705.9302
1696701360000,27919.8,27919.8,27914.1,27914.1,32.701,912880.2046
1696701420000,27914.1,27914.2,27914.1,27914.2,4.693,131001.0953
1696701480000,27914.2,27914.2,27914.1,27914.1,1.9,53036.8134
1696701540000,27914.1,27914.2,27914.1,27914.1,2.503,69869.0677
1696701600000,27914.1,27914.2,27913.7,27913.8,15.559,434314.5628
1696701660000,27913.8,27917.9,27913.7,27917.8,9.347,260920.2445
1696701720000,27917.8,27919.5,27917.8,27919.5,3.43,95759.5164
1696701780000,27919.5,27922.9,27919.4,27922.9,3.238,90404.4244
1696701840000,27922.9,27925.3,27922.9,27925.2,15.568,434729.5165
1696701900000,27925.2,27925.3,27921,27921,7.402,206691.251
1696701960000,27921,27921,27911.9,27912,70.166,1958665.0538
1696702020000,27912,27912,27910.3,27910.3,2.461,68690.3215
1696702080000,27910.3,27910.4,27908.7,27908.7,6.393,178427.9865
1696702140000,27908.7,27908.8,27906.9,27907,36.599,1021421.1793
1696702200000,27907,27909.6,27906.9,27909.6,12.258,342086.8021
1696702260000,27909.6,27915.7,27909.6,27915.7,4.819,134509.3599
1696702320000,27915.7,27915.7,27915.6,27915.7,0.506,14125.3024
1696702380000,27915.7,27918.3,27915.6,27918.2,4.818,134501.5089
1696702440000,27918.2,27921,27918.2,27921,5.289,147663.288
1696702500000,27921,27925.6,27920.9,27925.6,11.849,330881.1777
1696702560000,27925.6,27925.6,27925.5,27925.5,3.969,110836.4325
1696702620000,27925.5,27925.6,27925.5,27925.5,1.64,45797.9744
1696702680000,27925.5,27925.6,27924.8,27924.8,12.631,352727.2395
1696702740000,27924.8,27924.8,27920.7,27920.7,13.17,367733.6445
1696702800000,27920.7,27920.8,27910.4,27910.5,24.384,680736.1779
1696702860000,27910.5,27910.5,27907.5,27907.5,13.508,376981.4999
1696702920000,27907.5,27907.6,27900.1,27900.1,7.135,199104.4221
1696702980000,27900.1,27900.1,27895,27899.9,29.744,829774.5304
1696703040000,27899.9,27909,27899.9,27909,12.239,341534.3077
1696703100000,27909,27909,27898.8,27898.8,13.763,384024.9995
1696703160000,27898.8,27904,27898.8,27904,7.605,212194.4573
1696703220000,27904,27904,27893.6,27900.3,59.186,1651116.0167
1696703280000,27900.3,27900.3,27898.5,27898.5,8.619,240459.3965
1696703340000,27898.5,27903.6,27898.5,27899.5,24.985,697088.1092
1696703400000,27899.5,27903.3,27899.3,27903.3,6.733,187847.8774
1696703460000,27903.3,27905,27893.1,27893.1,24.938,695776.8741
1696703520000,27893.1,27895.3,27891,27892.4,60.673,1692407.396
1696703580000,27892.4,27892.5,27891.8,27891.8,38.964,1086795.5231
1696703640000,27891.8,27891.9,27889.3,27889.3,19.394,540896.1737
1696703700000,27889.3,27890,27889.3,27890,18.562,517693.0915
1696703760000,27890,27890,27889,27889,6.423,179135.1182
1696703820000,27889,27890,27889,27889.4,14.703,410059.6618
1696703880000,27889.4,27889.4,27884.5,27884.6,42.27,1178747.3282
1696703940000,27884.6,27890,27884.5,27890,75.285,2099631.4047
1696704000000,27890,27890,27870,27873.2,223.033,6218274.8084
1696704060000,27873.2,27881.1,27872.7,27872.8,19.265,537045.0013
1696704120000,27872.8,27883.8,27872.7,27876.5,51.889,1446496.4027
1696704180000,27876.5,27879.9,27876,27876.2,24.297,677310.9335
1696704240000,27876.2,27876.2,27873.1,27873.1,19.31,538275.3965
1696704300000,27873.1,27888.2,27873.1,27886.7,45.174,1259494.4313
1696704360000,27886.7,27889.7,27882.9,27882.9,10.202,284499.5354
1696704420000,27882.9,27882.9,27868.4,27868.4,79.647,2219874.8613
1696704480000,27868.4,27874,27868.4,27871.1,72.841,2030110.2428
1696704540000,27871.1,27871.2,27865.6,27865.9,84.778,2362604.7669
1696704600000,27865.9,27868.3,27850.3,27861.7,482.842,13451569.0445
1696704660000,27861.7,27861.8,27838.4,27839.9,497.535,13854034.5605
1696704720000,27839.9,27863.4,27839.9,27858.8,232.271,6469578.9503
1696704780000,27858.8,27872.7,27853.1,27872.6,70.368,1960820.1655
1696704840000,27872.6,27872.7,27858.2,27863.1,69.724,1942732.7441
1696704900000,27863.1,27866.5,27860.7,27860.7,37.533,1045811.9243
1696704960000,27860.7,27883,27860.7,27879.5,87.897,2450312.3614
1696705020000,27879.5,27879.6,27872.6,27872.7,20.832,580748.0916
1696705080000,27872.7,27872.7,27860.7,27860.7,51.002,1421424.5829
1696705140000,27860.7,27871.6,27860.7,27871.6,15.588,434336.6315
1696705200000,27871.6,27877.8,27868.6,27877.8,59.526,1659167.7362
1696705260000,27877.8,27877.8,27863.9,27870.4,56.484,1574206.5912
1696705320000,27870.4,27870.5,27863,27863.1,28.898,805309.7273
1696705380000,27863.1,27863.1,27859,27859,16.686,464893.9728
1696705440000,27859,27859.1,27853.4,27853.4,44.791,1247726.7885
1696705500000,27853.4,27853.5,27846.7,27846.7,24.058,669966.0276
1696705560000,27846.7,27858.8,27846.7,27858.8,60.804,1693729.0853
1696705620000,27858.8,27858.8,27849.5,27849.5,35.206,980636.0288
1696705680000,27849.5,27859,27849.4,27852.9,39.532,1101202.8185
1696705740000,27852.9,27854,27850,27850.1,28.267,787317.2462
1696705800000,27850.1,27850.6,27850,27850.6,11.286,314317.8607
1696705860000,27850.6,27867.8,27850.6,27865.1,127.549,3553821.5815
1696705920000,27865.1,27880.6,27865.1,27880.5,18.609,518716.9254
1696705980000,27880.5,27880.6,27874.1,27874.1,31.872,888508.3518
1696706040000,27874.1,27888,27874.1,27888,28.218,786815.0713
1696706100000,27888,27888,27876.8,27876.9,20.488,571306.7167
1696706160000,27876.9,27876.9,27869.9,27875.5,23.911,666459.3219
1696706220000,27875.5,27875.6,27868.8,27868.8,5.203,145027.6676
1696706280000,27868.8,27871.6,27868,27868.9,41.99,1170220.246
1696706340000,27868.9,27869,27868,27868.1,7.631,212665.0069
1696706400000,27868.1,27868.1,27863.3,27863.3,9.309,259410.7226
1696706460000,27863.3,27863.3,27862,27862,19.027,530130.777
1696706520000,27862,27868.3,27862,27868.3,38.315,1067592.3651
1696706580000,27868.3,27868.3,27864,27865.2,11.41,317937.6116
1696706640000,27865.2,27868,27865.1,27868,6.467,180211.1222
1696706700000,27868,27874.8,27867.9,27871.4,21.21,591151.485
1696706760000,27871.4,27871.4,27871.3,27871.3,7.025,195796.2847
1696706820000,27871.3,27871.4,27866,27868.7,23.931,666917.607
1696706880000,27868.7,27871.9,27868.6,27871.8,15.528,432752.609
1696706940000,27871.8,27871.9,27868.3,27868.3,19.17,534275.531
1696707000000,27868.3,27874.6,27867.7,27873.8,38.168,1063864.0283
1696707060000,27873.8,27880,27873.8,27880,10.975,305945.895
1696707120000,27880,27880,27879.9,27880,3.491,97329.0676
1696707180000,27880,27888.3,27880,27888.3,64.944,1811027.3882
1696707240000,27888.3,27888.3,27888.2,27888.3,10.848,302531.9162
1696707300000,27888.3,27888.3,27885,27885,42.93,1197179.4854
1696707360000,27885,27885.1,27885,27885.1,8.409,234485.4916
1696707420000,27885.1,27899,27885,27899,125.738,3507184.9834
1696707480000,27899,27901.7,27895.6,27895.7,93.758,2615774.9398
1696707540000,27895.7,27895.7,27895.6,27895.7,9.288,259095.179
1696707600000,27895.7,27901,27895.6,27901,34.504,962598.5162
1696707660000,27901,27901.9,27900.9,27901.8,18.705,521891.0182
1696707720000,27901.8,27901.9,27894.8,27894.8,28.898,806229.4864
1696707780000,27894.8,27894.9,27893,27893,14.632,408139.3137
1696707840000,27893,27894.5,27893,27894.5,14.744,411260.4794
1696707900000,27894.5,27901.5,27894.5,27901.4,8.618,240429.8669
1696707960000,27901.4,27901.5,27894,27894,11.114,310070.3253
1696708020000,27894,27894.1,27894,27894,3.313,92412.899
1696708080000,27894,27894.1,27891.7,27891.7,4.076,113693.5768
1696708140000,27891.7,27891.7,27887.6,27887.6,15.327,427479.6654
1696708200000,27887.6,27889,27882.4,27882.5,9.56,266601.3474
1696708260000,27882.5,27882.5,27866.6,27866.6,15.641,435994.023
1696708320000,27866.6,27866.7,27857,27857,16.486,459315.2442
1696708380000,27857,27857.1,27852.6,27854,21.025,585648.9639
1696708440000,27854,27858,27850,27858,35.981,1002187.0224
1696708500000,27858,27858,27840,27845.9,74.795,2082772.3631
1696708560000,27845.9,27846,27844,27844,23.058,642061.9608
1696708620000,27844,27844.1,27843,27843,42.057,1171001.7292
1696708680000,27843,27843.1,27840.1,27840.2,59.373,1652992.864
1696708740000,27840.2,27848.3,27829,27848.3,215.272,5992538.6353
1696708800000,27848.3,27848.3,27837.7,27837.7,27.109,754782.3583
1696708860000,27837.7,27858.1,27837.7,27855.2,101.743,2833743.9142
1696708920000,27855.2,27858.9,27855.2,27858.6,39.063,1088128.7835
1696708980000,27858.6,27858.6,27857.6,27857.7,7.103,197873.819
1696709040000,27857.7,27867.3,27857.6,27867.3,38.863,1082855.0473
1696709100000,27867.3,27867.3,27861.5,27861.5,33.46,932352.0447
1696709160000,27861.5,27865,27861.5,27865,43.224,1204315.1299
1696709220000,27865,27865,27859.1,27861.5,9.244,257560.3759
1696709280000,27861.5,27861.6,27861.5,27861.5,4.408,122813.7808
1696709340000,27861.5,27861.6,27861.5,27861.6,3.955,110192.3459
1696709400000,27861.6,27873.7,27861.5,27873.7,44.109,1229225.839
1696709460000,27873.7,27873.7,27873.6,27873.7,1.939,54047.0708
1696709520000,27873.7,27873.7,27873.6,27873.7,3.325,92680.0362
1696709580000,27873.7,27873.7,27873.6,27873.7,7.49,208773.5665
1696709640000,27873.7,27873.7,27873.6,27873.6,1.468,40918.5877
1696709700000,27873.6,27873.7,27873.6,27873.7,7.646,213122.2781
1696709760000,27873.7,27874.7,27873.6,27874.7,19.466,542590.4222
1696709820000,27874.7,27876.3,27874.6,27876.2,8.661,241430.4605
1696709880000,27876.2,27876.3,27868,27868,55.817,1555799.6689
1696709940000,27868,27868.1,27867.5,27867.6,8.126,226451.3808
1696710000000,27867.6,27867.6,27867,27867.1,11.171,311307.2429
1696710060000,27867.1,27872.3,27867,27868.2,14.487,403736.0392
1696710120000,27868.2,27868.3,27867.5,27867.6,6.061,168909.2061
1696710180000,27867.6,27867.6,27865.2,27865.6,7.1,197847.057
1696710240000,27865.6,27867.7,27865.6,27867.7,2.292,63869.126
1696710300000,27867.7,27867.7,27859,27859.1,7.747,215863.8819
1696710360000,27859.1,27859.1,27859,27859.1,6.071,169132.3064
1696710420000,27859.1,27867.7,27859,27867.7,19.918,554950.353
1696710480000,27867.7,27867.7,27867.6,27867.6,1.911,53255.1419
1696710540000,27867.6,27867.7,27857.5,27857.6,8.915,248416.1715
1696710600000,27857.6,27864.8,27857.5,27864.7,15.719,437914.7972
1696710660000,27864.7,27874.5,27864.7,27874.5,9.336,260176.0979
1696710720000,27874.5,27875.1,27874.4,27875.1,2.637,73506.1716
1696710780000,27875.1,27875.8,27875,27875.8,4.689,130708.7406
1696710840000,27875.8,27875.8,27870,27870.1,43.368,1208753.5486
1696710900000,27870.1,27870.1,27864.7,27865.6,59.077,1646215.8685
1696710960000,27865.6,27871.7,27865.6,27871.7,11.109,309573.138
1696711020000,27871.7,27876.8,27871.6,27876.8,7.192,200475.1179
1696711080000,27876.8,27881,27876.8,27878.6,19.06,531391.42
1696711140000,27878.6,27878.7,27878.3,27878.4,4.745,132283.3749
1696711200000,27878.4,27878.4,27878.3,27878.4,1.542,42988.4713
1696711260000,27878.4,27878.4,27878.3,27878.4,2.082,58042.8159
1696711320000,27878.4,27878.4,27878.3,27878.3,4.65,129634.3456
1696711380000,27878.3,27878.4,27877.8,27877.8,7.251,202144.221
1696711440000,27877.8,27877.9,27877.8,27877.9,0.732,20406.5639
1696711500000,27877.9,27877.9,27877.7,27877.8,5.106,142343.767
1696711560000,27877.8,27877.8,27872.1,27872.1,21.346,595052.1449
1696711620000,27872.1,27877,27872,27877,21.254,592422.1442
1696711680000,27877,27877.1,27876.9,27877,20.29,565624.242
1696711740000,27877,27878.1,27877,27878.1,18.683,520831.055
1696711800000,27878.1,27878.3,27878.1,27878.2,6.452,179870.7826
1696711860000,27878.2,27883.6,27878.2,27883.6,17.338,483404.7004
1696711920000,27883.6,27897.5,27883.6,27897.5,57.555,1605303.6513
1696711980000,27897.5,27897.9,27892.4,27897.9,13.273,370269.6216
1696712040000,27897.9,27906.8,27896.3,27906.8,39.896,1113182.9949
1696712100000,27906.8,27908.1,27903.2,27903.2,47.979,1338914.845
1696712160000,27903.2,27903.3,27900.9,27900.9,8.183,228323.9206
1696712220000,27900.9,27901,27900.9,27900.9,6.334,176724.8203
1696712280000,27900.9,27902.9,27900.9,27902.9,6.854,191237.6733
1696712340000,27902.9,27906.4,27902.9,27906.3,7.953,221936.7574
1696712400000,27906.3,27908.1,27895,27895,46.261,1290898.785
1696712460000,27895,27895.1,27894.8,27895,2.843,79305.2204
1696712520000,27895,27901.8,27895,27901.8,15.069,420382.2628
1696712580000,27901.8,27902,27897.2,27897.2,6.873,191750.4169
1696712640000,27897.2,27897.3,27897.2,27897.3,1.045,29152.622
1696712700000,27897.3,27897.3,27897.2,27897.2,8.215,229175.6623
1696712760000,27897.2,27897.3,27897.2,27897.2,8.588,239581.6809
1696712820000,27897.2,27897.3,27897.2,27897.2,5.454,152151.4233
1696712880000,27897.2,27904.6,27897.2,27904.6,20.196,563454.7886
1696712940000,27904.6,27904.6,27904.5,27904.5,16.266,453896.0913
1696713000000,27904.5,27904.6,27904.5,27904.6,10.653,297267.6523
1696713060000,27904.6,27913.7,27904.5,27913.6,41.777,1165956.2188
1696713120000,27913.6,27913.9,27913.6,27913.8,26.845,749344.2454
1696713180000,27913.8,27913.9,27903.6,27903.6,49.242,1374379.414
1696713240000,27903.6,27908,27903.6,27908,14.953,417279.5789
1696713300000,27908,27916.1,27908,27913.9,73.242,2044412.5821
1696713360000,27913.9,27914,27913.9,27913.9,15.046,419993.8429
1696713420000,27913.9,27918.3,27913.9,27918.3,46.353,1294013.5902
1696713480000,27918.3,27918.3,27918.2,27918.3,17.221,480779.5719
1696713540000,27918.3,27918.3,27918.2,27918.3,11.962,333957.7003
1696713600000,27918.3,27918.3,27916.7,27916.7,29.224,815874.0795
1696713660000,27916.7,27916.8,27915.3,27915.4,24.675,688830.0205
1696713720000,27915.4,27915.4,27915.3,27915.4,3.676,102616.7495
1696713780000,27915.4,27918.1,27915.3,27918.1,14.3,399195.223
1696713840000,27918.1,27920,27918,27919.9,25.51,712208.506
1696713900000,27919.9,27921.6,27919.9,27921.6,13.188,368227.6823
1696713960000,27921.6,27928,27921.5,27928,58.136,1623472.3756
1696714020000,27928,27928,27927.9,27927.9,5.06,141315.5551
1696714080000,27927.9,27928,27927.7,27927.8,11.376,317707.0948
1696714140000,27927.8,27927.8,27927.7,27927.7,7.871,219819.5003
1696714200000,27927.7,27930,27927.7,27930,16.102,449701.5214
1696714260000,27930,27930.5,27929.9,27930.4,4.276,119430.7376
1696714320000,27930.4,27933,27930.4,27933,6.225,173874.0754
1696714380000,27933,27936.8,27932.9,27936.8,7.846,219174.0234
1696714440000,27936.8,27936.8,27936.7,27936.8,3.615,100991.4758
1696714500000,27936.8,27937,27936.7,27936.9,12.033,336164.7418
1696714560000,27936.9,27937,27923.5,27923.5,43.416,1212529.1672
1696714620000,27923.5,27925.3,27923.5,27923.9,48.21,1346205.8997
1696714680000,27923.9,27923.9,27916.5,27916.6,10.613,296304.7563
1696714740000,27916.6,27916.6,27913.8,27913.8,25.765,719203.6852
1696714800000,27913.8,27914.7,27913.8,27914.7,12.427,346887.8505
1696714860000,27914.7,27925.5,27914.6,27925.5,12.173,339867.6405
1696714920000,27925.5,27929.5,27925.4,27929.5,3.993,111515.3855
1696714980000,27929.5,27938.1,27929.5,27938.1,41.624,1162609.3512
1696715040000,27938.1,27939,27938,27939,21.366,596938.613
1696715100000,27939,27939,27938.9,27939,4.267,119215.4482
1696715160000,27939,27939,27938.4,27938.4,15.958,445846.5662
1696715220000,27938.4,27938.5,27938.2,27938.2,7.229,201966.3858
1696715280000,27938.2,27938.3,27938.2,27938.2,3.147,87921.5571
1696715340000,27938.2,27938.3,27935.2,27935.2,20.867,582964.206
1696715400000,27935.2,27935.3,27935.2,27935.2,5.563,155403.555
1696715460000,27935.2,27935.3,27935.2,27935.2,3.23,90230.823
1696715520000,27935.2,27935.3,27935.2,27935.2,6.657,185964.8434
1696715580000,27935.2,27935.3,27922.6,27922.6,25.279,706079.1926
1696715640000,27922.6,27922.6,27919.9,27919.9,10.112,282350.7394
1696715700000,27919.9,27920,27919.9,27920,1.169,32638.4183
1696715760000,27920,27920,27917.4,27917.5,22.756,635304.663
1696715820000,27917.5,27917.5,27917.4,27917.5,6.546,182747.37
1696715880000,27917.5,27917.5,27917.4,27917.5,9.103,254132.2842
1696715940000,27917.5,27917.5,27917.4,27917.5,1.054,29424.9815
1696716000000,27917.5,27922.8,27917.4,27922.8,28.361,791835.4229
1696716060000,27922.8,27922.8,27922.7,27922.8,8.855,247256.3273
1696716120000,27922.8,27924.5,27922.7,27924.5,15.133,422562.8485
1696716180000,27924.5,27924.8,27924.4,27924.8,4.972,138840.968
1696716240000,27924.8,27929,27924.7,27928.9,13.752,384049.681
1696716300000,27928.9,27929,27928.9,27928.9,1.392,38877.1359
1696716360000,27928.9,27930,27928.9,27929.9,8.93,249413.2242
1696716420000,27929.9,27930,27929.9,27930,2.635,73595.4487
1696716480000,27930,27934.7,27929.9,27934.5,14.216,397088.3101
1696716540000,27934.5,27934.5,27934.4,27934.4,0.429,11983.8973
1696716600000,27934.4,27934.5,27934.4,27934.5,1.113,31091.0524
1696716660000,27934.5,27934.5,27934.4,27934.5,6.309,176238.6667
1696716720000,27934.5,27934.5,27934.4,27934.4,3.497,97686.6917
1696716780000,27934.4,27934.5,27934.4,27934.5,3.163,88356.6973
1696716840000,27934.5,27934.5,27934.4,27934.4,0.916,25587.9858
1696716900000,27934.4,27934.5,27930,27930,34.995,977519.6869
1696716960000,27930,27930.1,27930,27930,3.86,107810.1437
1696717020000,27930,27936.5,27927.4,27927.4,37.029,1034357.0402
1696717080000,27927.4,27927.4,27926.5,27926.6,10.445,291696.2306
1696717140000,27926.6,27926.6,27910,27910.9,46.666,1302834.8188
1696717200000,27910.9,27912.9,27910.3,27910.4,21.929,612089.773
1696717260000,27910.4,27910.4,27910.3,27910.3,5.164,144128.8028
1696717320000,27910.3,27912.9,27910.3,27912.8,6.88,192027.4283
1696717380000,27912.8,27928.4,27912.8,27928.4,47.48,1325558.6022
1696717440000,27928.4,27928.5,27926,27926.1,10.212,285203.718
1696717500000,27926.1,27930,27926,27929.9,19.009,530847.7998
1696717560000,27929.9,27930,27929.9,27930,3.985,111300.792
1696717620000,27930,27930,27929.9,27930,1.58,44129.2859
1696717680000,27930,27930,27922.7,27922.8,36.673,1024267.2994
1696717740000,27922.8,27922.8,27922.7,27922.7,2.113,59000.7151
1696717800000,27922.7,27926,27922.7,27926,10.871,303569.0542
1696717860000,27926,27928.3,27925.9,27928.3,5.571,155576.3571
1696717920000,27928.3,27935.6,27928.3,27932.6,90.9,2539130.8945
1696717980000,27932.6,27932.6,27932.5,27932.5,1.243,34720.1065
1696718040000,27932.5,27932.6,27932.4,27932.4,4.796,133964.3803
1696718100000,27932.4,27932.5,27932.2,27932.2,13.829,386276.2742
1696718160000,27932.2,27932.3,27932.1,27932.1,10.305,287840.9985
1696718220000,27932.1,27932.2,27924.7,27924.7,25.996,726053.5914
1696718280000,27924.7,27924.8,27924,27924,4.698,131187.6581
1696718340000,27924,27924.1,27924,27924.1,5.115,142831.6099
1696718400000,27924.1,27924.1,27924,27924,2.842,79360.1985
1696718460000,27924,27927.1,27924,27927,13.631,380639.7164
1696718520000,27927,27929.8,27927,27929.8,8.264,230793.6443
1696718580000,27929.8,27934.9,27929.7,27934.9,22.235,621064.8009
1696718640000,27934.9,27934.9,27934.8,27934.8,10.153,283622.9892
1696718700000,27934.8,27934.9,27934.8,27934.9,7.89,220406.3349
1696718760000,27934.9,27934.9,27934.8,27934.9,2.349,65619.0725
1696718820000,27934.9,27934.9,27930.6,27930.7,22.092,617113.6331
1696718880000,27930.7,27930.7,27929.3,27929.4,8.332,232711.511
1696718940000,27929.4,27931.4,27929.3,27931.4,6.104,170483.9969
1696719000000,27931.4,27934.6,27931.4,27934.6,15.768,440434.4334
1696719060000,27934.6,27938,27934.5,27938,18.358,512845.2278
1696719120000,27938,27938.1,27934.1,27934.2,23.478,655916.2588
1696719180000,27934.2,27936.1,27934.1,27936.1,6.384,178334.8189
1696719240000,27936.1,27938.2,27936.1,27938.2,14.006,391289.7889
1696719300000,27938.2,27939.4,27938.1,27939.4,11.784,329229.6389
1696719360000,27939.4,27939.4,27939.3,27939.3,4.352,121592.2418
1696719420000,27939.3,27939.4,27939.3,27939.4,0.315,8800.8964
1696719480000,27939.4,27939.4,27939,27939.1,17.166,479603.8042
1696719540000,27939.1,27939.1,27939,27939.1,8.176,228429.3392
1696719600000,27939.1,27939.1,27933.1,27933.1,23.48,655960.3016
1696719660000,27933.1,27933.2,27933.1,27933.2,5.345,149302.7279
1696719720000,27933.2,27933.2,27933.1,27933.2,1.24,34637.1459
1696719780000,27933.2,27933.2,27933.1,27933.2,0.724,20223.5898
1696719840000,27933.2,27933.2,27933.1,27933.2,2.868,80112.1451
1696719900000,27933.2,27933.2,27933.1,27933.1,3.305,92318.9311
1696719960000,27933.1,27933.2,27930,27930,12.795,357395.0805
1696720020000,27930,27930.1,27929.6,27929.7,15.171,423725.2439
1696720080000,27929.7,27929.7,27929.5,27929.6,2.306,64405.5882
1696720140000,27929.6,27933.5,27929.5,27933.5,63.115,1762944.762
1696720200000,27933.5,27936,27933.4,27936,10.569,295240.8701
1696720260000,27936,27940,27935.9,27940,9.941,277730.2778
1696720320000,27940,27940,27939.9,27940,4.08,113994.9492
1696720380000,27940,27940,27939.9,27940,3.988,111424.5531
1696720440000,27940,27940,27935.6,27935.6,20.231,565231.9361
1696720500000,27935.6,27935.7,27935.1,27935.1,23.904,667769.8899
1696720560000,27935.1,27935.7,27935.1,27935.7,7.091,198091.6352
1696720620000,27935.7,27939,27935.6,27939,9.377,261960.4854
1696720680000,27939,27939,27938.9,27939,1.293,36125.1122
1696720740000,27939,27939,27938.9,27939,0.542,15142.9368
1696720800000,27939,27939,27933.1,27933.1,14.164,395711.2206
1696720860000,27933.1,27933.1,27932.1,27932.2,8.467,236502.9543
1696720920000,27932.2,27935.5,27932.1,27935.5,3.06,85473.7999
1696720980000,27935.5,27936.5,27935.5,27936.4,14.205,396830.9014
1696721040000,27936.4,27936.5,27936.4,27936.4,1.012,28271.6404
1696721100000,27936.4,27936.5,27936.4,27936.4,0.195,5447.5987
1696721160000,27936.4,27936.5,27935.4,27935.5,10.483,292854.8317
1696721220000,27935.5,27935.5,27935.4,27935.4,1.471,41092.9983
1696721280000,27935.4,27935.5,27935.4,27935.4,0.581,16230.4831
1696721340000,27935.4,27935.5,27935.4,27935.4,1.818,50786.6516
1696721400000,27935.4,27940.7,27935.4,27940.7,20.747,579638.8558
1696721460000,27940.7,27940.8,27940.6,27940.7,10.57,295333.1374
1696721520000,27940.7,27941.1,27940.7,27941.1,3.692,103157.7567
1696721580000,27941.1,27946.5,27941,27946.5,29.069,812314.004
1696721640000,27946.5,27950.8,27929.3,27929.3,121.475,3394809.466
1696721700000,27929.3,27934.4,27929.2,27934.4,16.02,447491.8669
1696721760000,27934.4,27936.9,27934.3,27936.9,8.863,247591.7412
1696721820000,27936.9,27936.9,27936.8,27936.8,1.514,42296.3235
1696721880000,27936.8,27936.9,27936.8,27936.9,1.595,44559.2378
1696721940000,27936.9,27936.9,27936.8,27936.9,2.943,82218.0038
1696722000000,27936.9,27936.9,27936.8,27936.9,9.334,260762.8458
1696722060000,27936.9,27936.9,27936.8,27936.9,1.319,36848.7242
1696722120000,27936.9,27936.9,27936.8,27936.9,7.105,198491.0917
1696722180000,27936.9,27936.9,27932.2,27935.3,23.995,670298.0924
1696722240000,27935.3,27939.3,27935.3,27939.3,9.076,253558.6249
1696722300000,27939.3,27939.8,27939.3,27939.8,7.066,197422.3876
1696722360000,27939.8,27939.8,27939.7,27939.8,1.382,38612.7591
1696722420000,27939.8,27939.8,27939.7,27939.8,2.219,61998.3264
1696722480000,27939.8,27939.8,27939.7,27939.8,0.194,5420.3134
1696722540000,27939.8,27939.8,27939.7,27939.7,9.84,274927.4884
1696722600000,27939.7,27939.8,27939.7,27939.8,5.835,163028.2575
1696722660000,27939.8,27941.9,27939.8,27941.9,2.676,74768.2627
1696722720000,27941.9,27942.6,27941.8,27942.6,1.005,28081.7347
1696722780000,27942.6,27944.8,27942.6,27944.7,4.881,136390.2273
1696722840000,27944.7,27944.8,27944.7,27944.7,5.423,151544.5376
1696722900000,27944.7,27944.8,27938.9,27939,23.202,648318.5676
1696722960000,27939,27939,27938.9,27939,1.621,45289.0003
1696723020000,27939,27939,27938.9,27939,3.122,87225.5052
1696723080000,27939,27939,27938.9,27939,4.166,116393.7273
1696723140000,27939,27942.3,27939,27942.3,24.87,694894.7783
1696723200000,27942.3,27942.3,27942.2,27942.3,40.735,1138226.5136
1696723260000,27942.3,27942.3,27942.1,27942.2,9.327,260616.8331
1696723320000,27942.2,27944,27942.2,27944,12.99,362981.3725
1696723380000,27944,27944,27938.9,27938.9,20.361,568916.5891
1696723440000,27938.9,27939,27938.9,27938.9,7.24,202277.7676
1696723500000,27938.9,27942.4,27938.9,27942.4,10.638,297219.17
1696723560000,27942.4,27944.7,27942.4,27944.6,4.344,121391.0515
1696723620000,27944.6,27944.7,27944.6,27944.6,1.265,35350.0259
1696723680000,27944.6,27947.8,27944.6,27947.7,13.889,388146.1884
1696723740000,27947.7,27950.6,27947.7,27950.5,22.7,634438.9851
1696723800000,27950.5,27951.9,27950.5,27951.9,24.09,673344.9972
1696723860000,27951.9,27952.3,27949.8,27949.8,17.355,485101.0088
1696723920000,27949.8,27949.9,27949.8,27949.8,0.818,22862.9771
1696723980000,27949.8,27949.9,27949.8,27949.8,3.138,87706.7059
1696724040000,27949.8,27949.9,27949.8,27949.9,0.827,23114.5644
1696724100000,27949.9,27949.9,27949.2,27949.2,8.158,228013.6853
1696724160000,27949.2,27949.3,27948.9,27949,5.77,161265.9297
1696724220000,27949,27949,27940.8,27940.9,25.203,704317.2589
1696724280000,27940.9,27940.9,27940.8,27940.9,1.875,52389.0468
1696724340000,27940.9,27943.4,27940.8,27943.4,13.409,374669.7167
1696724400000,27943.4,27952.6,27943.3,27950.5,137.755,3850158.8611
1696724460000,27950.5,27950.5,27950.4,27950.5,3.874,108280.2314
1696724520000,27950.5,27950.5,27948.6,27948.6,14.199,396865.074
1696724580000,27948.6,27948.6,27947.1,27947.2,20.824,581983.8271
1696724640000,27947.2,27951,27947.1,27951,7.06,197316.0536
1696724700000,27951,27951,27947,27947.1,25.995,726573.8823
1696724760000,27947.1,27947.1,27947,27947,9.518,266000.1847
1696724820000,27947,27947.4,27947,27947.3,7.261,202925.8213
1696724880000,27947.3,27947.4,27947.3,27947.3,6.395,178723.5677
1696724940000,27947.3,27947.4,27947,27947,14.861,415324.735
1696725000000,27947,27947.1,27947,27947,3.339,93315.1544
1696725060000,27947,27948.1,27947,27948,31.403,877644.0902
1696725120000,27948,27950.3,27948,27950.2,10.222,285697.2319
1696725180000,27950.2,27958.3,27950.2,27958.3,55.357,1547443.2825
1696725240000,27958.3,27959.9,27958.3,27959.9,18.155,507607.5545
1696725300000,27959.9,27959.9,27952.5,27952.5,17.558,490892.8952
1696725360000,27952.5,27952.6,27952.2,27952.3,5.547,155051.9925
1696725420000,27952.3,27953.7,27952.2,27953.7,12.014,335831.4255
1696725480000,27953.7,27958.2,27953.6,27958.1,5.034,140733.2532
1696725540000,27958.1,27958.3,27958.1,27958.3,5.808,162381.1695
1696725600000,27958.3,27958.3,27958.2,27958.2,3.455,96595.7089
1696725660000,27958.2,27958.3,27958.2,27958.3,6.902,192968.0037
1696725720000,27958.3,27959.9,27958.2,27959.8,11.626,325049.085
1696725780000,27959.8,27960,27959.8,27960,16.223,453593.8356
1696725840000,27960,27961.9,27959.9,27961.8,19.587,547664.0942
1696725900000,27961.8,27962.1,27961.7,27961.8,28.872,807316.9922
1696725960000,27961.8,27961.8,27961.7,27961.8,5.453,152475.5367
1696726020000,27961.8,27964,27961.7,27964,30.562,854594.3928
1696726080000,27964,27964,27963.9,27964,2.403,67197.4223
1696726140000,27964,27964,27963.9,27964,2.692,75278.9021
1696726200000,27964,27964,27963.9,27964,1.36,38031.0009
1696726260000,27964,27964,27963.9,27964,21.162,591772.3511
1696726320000,27964,27964,27963.9,27964,33.015,923231.2507
1696726380000,27964,27964.1,27963.9,27964.1,4.109,114904.0788
1696726440000,27964.1,27964.3,27964,27964.2,82.982,2320512.9463
1696726500000,27964.2,27964.8,27964.2,27964.8,34.579,966975.4568
1696726560000,27964.8,27967.5,27964.7,27967.4,89.663,2507460.0747
1696726620000,27967.4,27967.4,27967.3,27967.3,9.751,272709.7801
1696726680000,27967.3,27967.4,27961.2,27961.2,41.933,1172723.2711
1696726740000,27961.2,27961.2,27954.6,27954.6,23.059,644698.404
1696726800000,27954.6,27959.8,27954.5,27957.6,93.707,2619781.8889
1696726860000,27957.6,27958.1,27957.6,27958,3.655,102186.6003
1696726920000,27958,27958.2,27958,27958.2,11.112,310670.4386
1696726980000,27958.2,27958.2,27956.6,27956.6,15.662,437866.2389
1696727040000,27956.6,27956.7,27953.3,27953.3,16.492,461038.3921
1696727100000,27953.3,27953.3,27945,27945,10.126,283010.0672
1696727160000,27945,27946.8,27945,27946.7,1.864,52091.5863
1696727220000,27946.7,27946.8,27946.7,27946.7,4.411,123272.9346
1696727280000,27946.7,27950.4,27946.7,27950.1,28.27,790098.2252
1696727340000,27950.1,27950.1,27944.6,27944.6,12.776,357047.2673
1696727400000,27944.6,27944.7,27944.6,27944.7,4.524,126421.5408
1696727460000,27944.7,27947.1,27944.6,27947.1,11.642,325346.3216
1696727520000,27947.1,27947.1,27947,27947.1,1.363,38091.8616
1696727580000,27947.1,27947.1,27947,27947,0.434,12129.0256
1696727640000,27947,27947.1,27943.8,27943.8,12.149,339497.6482
1696727700000,27943.8,27943.8,27942.6,27942.6,17.164,479615.3559
1696727760000,27942.6,27942.7,27942.6,27942.6,1.395,38979.9274
1696727820000,27942.6,27942.6,27942,27942,7.324,204648.8566
1696727880000,27942,27942.1,27940.4,27940.4,21.751,607748.8378
1696727940000,27940.4,27940.5,27940.4,27940.5,2.323,64905.5665
1696728000000,27940.5,27940.5,27940.3,27940.3,5.592,156242.2826
1696728060000,27940.3,27940.3,27939.1,27939.1,7.567,211419.3237
1696728120000,27939.1,27939.2,27937.6,27937.6,9.218,257537.6526
1696728180000,27937.6,27937.6,27937.1,27937.2,4.886,136502.6243
1696728240000,27937.2,27937.2,27937,27937,21.221,592853.1735
1696728300000,27937,27937.1,27932.5,27932.6,31.299,874326.5961
1696728360000,27932.6,27935.2,27932.5,27935.2,25.051,699763.8952
1696728420000,27935.2,27935.2,27935.1,27935.1,3.924,109617.6651
1696728480000,27935.1,27935.2,27935.1,27935.2,4.24,118445.1886
1696728540000,27935.2,27935.2,27933.5,27933.6,2.982,83299.6774
1696728600000,27933.6,27933.6,27930,27930.1,13.318,371997.4685
1696728660000,27930.1,27930.2,27930,27930.1,32.431,905798.4166
1696728720000,27930.1,27933.2,27930.1,27933.2,9.572,267353.3682
1696728780000,27933.2,27934.8,27933.1,27934.8,6.334,176935.3592
1696728840000,27934.8,27936.5,27934.7,27936.5,9.45,263989.1251
1696728900000,27936.5,27944,27936.4,27944,22.227,621019.6091
1696728960000,27944,27944.1,27943.9,27944,1.691,47253.3635
1696729020000,27944,27945,27944,27945,7.614,212766.578
1696729080000,27945,27961.3,27945,27961.3,10.968,306590.225
1696729140000,27961.3,27979.7,27961.3,27978.3,100.614,2814233.7074
1696729200000,27978.3,27978.4,27969.8,27975.4,28.695,802766.0266
1696729260000,27975.4,27975.5,27975.3,27975.5,14.536,406650.9176
1696729320000,27975.5,27978.4,27975.4,27978.4,14.628,409246.775
1696729380000,27978.4,27989.7,27978.4,27986,122.883,3438873.9424
1696729440000,27986,28011.9,27984.6,28000,276.246,7735089.5393
1696729500000,28000,28001.9,27981.8,27981.8,55.029,1540547.4346
1696729560000,27981.8,27993.8,27973.5,27993.8,29.576,827535.8522
1696729620000,27993.8,27993.9,27985.1,27988.3,46.67,1306233.3567
1696729680000,27988.3,28005.9,27988.3,28005.8,44.759,1253089.5383
1696729740000,28005.8,28005.9,27994.9,28000.5,30.308,848601.1767
1696729800000,28000.5,28000.5,27996.2,27996.2,20.669,578662.9943
1696729860000,27996.2,28003.2,27996.2,28003.2,46.076,1290097.5166
1696729920000,28003.2,28003.2,27993.4,27993.4,16.371,458358.9959
1696729980000,27993.4,27993.4,27982,27991.2,31.255,874747.2819
1696730040000,27991.2,27991.3,27986.8,27986.8,21.284,595714.1326
1696730100000,27986.8,27986.9,27978.9,27981.9,9.719,271957.2776
1696730160000,27981.9,27992.8,27981.9,27992.8,26.422,739478.8335
1696730220000,27992.8,27992.8,27989.9,27990,38.485,1077200.617
1696730280000,27990,27993.8,27989.9,27993.8,17.874,500295.1922
1696730340000,27993.8,28002,27993.7,28000.7,21.528,602750.136
1696730400000,28000.7,28003.6,28000.7,28002.7,36.479,1021509.4608
1696730460000,28002.7,28002.7,27993,27993.1,33.755,945114.2194
1696730520000,27993.1,27993.1,27989.7,27991.3,44.474,1244876.0468
1696730580000,27991.3,27999.3,27991.2,27995.3,24.621,689234.2669
1696730640000,27995.3,27995.4,27991,27991.1,23.219,649954.4664
1696730700000,27991.1,27994.8,27991,27994.8,16.215,453888.9634
1696730760000,27994.8,28000,27992,27992,27.266,763348.1361
1696730820000,27992,27992.1,27991.7,27991.7,12.88,360535.6136
1696730880000,27991.7,27991.8,27991.6,27991.7,1.326,37117.0038
1696730940000,27991.7,27991.8,27990,27990,3.807,106561.0895
1696731000000,27990,27990.1,27990,27990,1.55,43384.5634
1696731060000,27990,28003.9,27990,28003.9,69.457,1944662.0739
1696731120000,28003.9,28003.9,28001.9,28001.9,7.518,210528.8074
1696731180000,28001.9,28001.9,27994.7,27994.8,16.961,474895.8145
1696731240000,27994.8,28000,27994.7,28000,12.081,338236.869
1696731300000,28000,28005,28000,28005,14.437,404295.5203
1696731360000,28005,28076,28004.9,28029.4,1032.906,28969310.1632
1696731420000,28029.4,28043.1,28024.7,28024.7,85.024,2383806.8204
1696731480000,28024.7,28030.9,28019,28029.1,44.206,1238818.0764
1696731540000,28029.1,28040,28029,28035.2,36.08,1011469.4217
1696731600000,28035.2,28035.3,28034.6,28034.6,24.428,684838.4047
1696731660000,28034.6,28039.9,28034.5,28039.9,58.816,1648901.1003
1696731720000,28039.9,28040,28039.6,28039.9,20.119,564131.679
1696731780000,28039.9,28043.8,28035.6,28043.7,38.823,1088546.5069
1696731840000,28043.7,28055.2,28043.7,28053.9,65.626,1840879.2593
1696731900000,28053.9,28070.8,28053.9,28070.7,70.583,1980733.6739
1696731960000,28070.7,28077.7,28060.8,28060.8,92.083,2584744.6502
1696732020000,28060.8,28060.9,28052.4,28054.3,52.97,1486142.3227
1696732080000,28054.3,28054.3,28049,28049,33.079,927893.2973
1696732140000,28049,28049,28042.3,28042.4,38.411,1077168.0638
1696732200000,28042.4,28052.2,28042.3,28052.1,28.93,811359.135
1696732260000,28052.1,28052.1,28046.8,28046.8,16.101,451620.2125
1696732320000,28046.8,28049.2,28046.4,28049.2,12.445,349041.4731
1696732380000,28049.2,28049.4,28040.1,28042,29.536,828331.4643
1696732440000,28042,28042.1,28042,28042,7.832,219625.0977
1696732500000,28042,28042,28037.2,28037.2,27.245,763889.8223
1696732560000,28037.2,28037.3,28031.2,28031.2,13.861,388582.9205
1696732620000,28031.2,28033.4,28031.2,28033,19.232,539107.3624
1696732680000,28033,28033.4,28030.1,28030.2,10.008,280550.4761
1696732740000,28030.2,28030.2,28024.1,28024.4,29.378,823355.6952
1696732800000,28024.4,28025,28023.8,28023.9,11.282,316172.5846
1696732860000,28023.9,28028.2,28023.8,28026,13.353,374227.3044
1696732920000,28026,28026,28022,28022.1,15.803,442868.8203
1696732980000,28022.1,28022.1,28010,28010,30.035,841489.4202
1696733040000,28010,28010.1,27983.3,27983.4,169.819,4753885.2609
1696733100000,27983.4,27994.2,27983.3,27994.1,31.967,894684.0966
1696733160000,27994.1,27994.2,27975,27975,82.358,2304503.3889
1696733220000,27975,27975.1,27968.6,27971.2,48.598,1359348.6592
1696733280000,27971.2,27978.7,27971.2,27972.2,144.843,4052200.7981
1696733340000,27972.2,27983.9,27972.1,27983.8,24.19,676775.7452
1696733400000,27983.8,27987,27981.3,27987,17.132,479422.2612
1696733460000,27987,27995.9,27986.9,27995.9,45.728,1279856.4487
1696733520000,27995.9,27995.9,27992,27992,16.813,470659.1073
1696733580000,27992,28006,27992,28006,44.148,1236204.6303
1696733640000,28006,28006,28001.2,28001.4,20.443,572490.1047
1696733700000,28001.4,28001.5,28001.4,28001.5,5.093,142611.498
1696733760000,28001.5,28001.5,27999.6,27999.7,6.317,176879.3074
1696733820000,27999.7,28000.6,27999.5,27999.9,12.892,360974.631
1696733880000,27999.9,28000,27999.9,27999.9,9.411,263507.491
1696733940000,27999.9,28000,27998.3,27998.3,6.296,176281.5108
1696734000000,27998.3,27998.4,27998.3,27998.3,7.929,221999.0933
1696734060000,27998.3,27998.4,27998.3,27998.3,15.697,439490.255
1696734120000,27998.3,28002,27998.3,28002,14.508,406213.863
1696734180000,28002,28005.4,28001.9,28005.4,12.687,355283.7065
1696734240000,28005.4,28005.4,28002.2,28002.2,15.223,426307.1202
1696734300000,28002.2,28002.3,27997.9,27998,17.708,495836.0717
1696734360000,27998,27998,27987.3,27987.4,28.136,787600.7909
1696734420000,27987.4,27987.4,27984.8,27984.8,8.451,236516.7714
1696734480000,27984.8,27985.2,27982.5,27985.2,17.038,476784.1338
1696734540000,27985.2,28004.8,27985.1,28004.8,47.295,1323982.1786
1696734600000,28004.8,28017.6,28004.7,28017.6,17.837,499618.4289
1696734660000,28017.6,28022.7,28017.5,28022.7,19.302,540853.1724
1696734720000,28022.7,28028,28018.1,28028,37.827,1059977.2692
1696734780000,28028,28029.7,28018.3,28018.3,22.047,617862.8083
1696734840000,28018.3,28018.4,28018.1,28018.1,4.18,117116.1689
1696734900000,28018.1,28022.8,28018,28022.7,8.917,249846.0819
1696734960000,28022.7,28022.8,28018.2,28018.2,23.638,662342.9978
1696735020000,28018.2,28019.3,28018.2,28019.3,5.399,151272.0829
1696735080000,28019.3,28019.3,28018.3,28018.4,10.475,293493.0453
1696735140000,28018.4,28038,28018.3,28037,50.627,1419065.6979
1696735200000,28037,28043.7,28037,28042.8,26.512,743418.1955
1696735260000,28042.8,28043.9,28042.8,28043.8,7.896,221430.1788
1696735320000,28043.8,28043.8,28038.7,28043,16.937,474931.9545
1696735380000,28043,28045.9,28042.9,28045.9,14.447,405144.6423
1696735440000,28045.9,28059.3,28045.8,28056.9,68.34,1916954.7
1696735500000,28056.9,28059.8,28053.8,28053.8,57.404,1610527.0511
1696735560000,28053.8,28053.8,28050.3,28053.7,24.387,684087.4892
1696735620000,28053.7,28057.3,28044.8,28044.8,41.306,1158789.5548
1696735680000,28044.8,28058,28042.7,28058,31.547,884808.2399
1696735740000,28058,28058,28055.9,28056,13.106,367710.5705
1696735800000,28056,28060,28055.9,28060,10.722,300843.3974
1696735860000,28060,28060,28059.9,28060,5.591,156883.3329
1696735920000,28060,28065.8,28059.9,28065.7,53.082,1489517.2316
1696735980000,28065.7,28073.2,28063.4,28067,73.373,2059489.2116
1696736040000,28067,28071.4,28066.9,28071.4,14.504,407100.5099
1696736100000,28071.4,28073,28071.4,28072.1,30.853,866119.8478
1696736160000,28072.1,28072.1,28054.7,28054.7,31.181,875102.61
1696736220000,28054.7,28054.8,28054.7,28054.7,10.409,292021.4544
1696736280000,28054.7,28054.8,28051.4,28051.4,11.427,320574.7257
1696736340000,28051.4,28051.5,28037.8,28049.4,44.519,1248389.4702
1696736400000,28049.4,28054.8,28049.4,28054.8,48.376,1356944.1316
1696736460000,28054.8,28059,28054.7,28059,5.689,159612.7744
1696736520000,28059,28060.5,28059,28060.4,8.65,242721.4871
1696736580000,28060.4,28060.5,28055.8,28059.3,22.647,635427.087
1696736640000,28059.3,28068,28059.3,28068,26.962,756649.0038
1696736700000,28068,28070.4,28059.7,28059.8,17.905,502566.014
1696736760000,28059.8,28059.8,28050.4,28053.2,49.781,1396589.9655
1696736820000,28053.2,28053.2,28049.8,28050.4,87.185,2445646.0191
1696736880000,28050.4,28052.4,28042,28042,24.72,693424.1868
1696736940000,28042,28042.1,28042,28042,7.791,218475.3192
