timestamp,open,high,low,close,volume,turnover
2022-02-06 00:00:00,41663.5,41719.0,41663.5,41707.0,88.861,3704396.568
2022-02-06 00:01:00,41707.0,41707.5,41671.0,41673.0,36.703,1530347.2135
2022-02-06 00:02:00,41673.0,41700.0,41672.5,41699.5,26.607,1109351.795
2022-02-06 00:03:00,41699.5,41707.5,41699.5,41700.0,16.36,682300.9665
2022-02-06 00:04:00,41700.0,41700.0,41699.5,41699.5,14.374,599391.332
2022-02-06 00:05:00,41699.5,41700.0,41684.0,41684.0,21.44,893957.3365
2022-02-06 00:06:00,41684.0,41684.5,41605.0,41610.0,38.112,1587136.242
2022-02-06 00:07:00,41610.0,41610.5,41577.0,41594.0,73.279,3048185.7005
2022-02-06 00:08:00,41594.0,41627.5,41594.0,41617.5,34.09,1418660.3265
2022-02-06 00:09:00,41617.5,41643.0,41617.0,41623.5,12.177,506903.2025
2022-02-06 00:10:00,41623.5,41627.5,41600.5,41627.0,41.501,1727031.3205
2022-02-06 00:11:00,41627.0,41627.5,41627.0,41627.5,9.533,396832.671
2022-02-06 00:12:00,41627.5,41660.0,41627.0,41659.5,26.062,1085587.205
2022-02-06 00:13:00,41659.5,41660.0,41659.5,41659.5,3.233,134685.393
2022-02-06 00:14:00,41659.5,41660.0,41659.5,41659.5,6.713,279660.699
2022-02-06 00:15:00,41659.5,41660.0,41625.0,41625.0,16.373,681770.3105
2022-02-06 00:16:00,41625.0,41625.5,41592.0,41592.5,22.803,948719.1155
2022-02-06 00:17:00,41592.5,41604.5,41592.0,41604.5,23.586,981142.581
2022-02-06 00:18:00,41604.5,41604.5,41598.0,41598.5,16.71,695156.4465
2022-02-06 00:19:00,41598.5,41598.5,41584.0,41584.0,7.841,326123.3625
2022-02-06 00:20:00,41584.0,41584.5,41579.5,41580.0,9.256,384881.6985
2022-02-06 00:21:00,41580.0,41584.0,41579.5,41583.5,29.549,1228668.447
2022-02-06 00:22:00,41583.5,41590.0,41583.5,41590.0,15.223,633107.4485
2022-02-06 00:23:00,41590.0,41590.0,41589.5,41589.5,12.774,531267.076
2022-02-06 00:24:00,41589.5,41605.0,41589.5,41605.0,6.463,268818.3735
2022-02-06 00:25:00,41605.0,41605.0,41604.5,41604.5,21.388,889839.1655
2022-02-06 00:26:00,41604.5,41631.5,41604.5,41627.5,22.767,947685.331
2022-02-06 00:27:00,41627.5,41640.0,41619.5,41626.0,27.435,1142192.2655
2022-02-06 00:28:00,41626.0,41638.0,41625.5,41638.0,11.41,474989.61
2022-02-06 00:29:00,41638.0,41640.5,41637.5,41640.5,6.701,279017.92
2022-02-06 00:30:00,41640.5,41641.5,41606.5,41616.0,33.82,1407483.685
2022-02-06 00:31:00,41616.0,41640.5,41614.0,41614.0,28.067,1168289.7755
2022-02-06 00:32:00,41614.0,41618.5,41614.0,41618.0,10.319,429434.99
2022-02-06 00:33:00,41618.0,41618.5,41593.5,41600.5,21.681,902015.9325
2022-02-06 00:34:00,41600.5,41632.5,41600.5,41624.0,11.677,485895.1135
2022-02-06 00:35:00,41624.0,41642.0,41623.5,41642.0,6.656,277123.8505
2022-02-06 00:36:00,41642.0,41642.0,41626.0,41626.5,6.553,272861.9485
2022-02-06 00:37:00,41626.5,41642.0,41626.0,41642.0,1.914,79696.209
2022-02-06 00:38:00,41642.0,41645.0,41619.0,41619.0,21.158,881047.8055
2022-02-06 00:39:00,41619.0,41619.5,41602.5,41602.5,7.282,303043.812
2022-02-06 00:40:00,41602.5,41612.5,41602.5,41612.5,4.596,191227.645
2022-02-06 00:41:00,41612.5,41612.5,41604.0,41604.0,14.874,618898.9625
2022-02-06 00:42:00,41604.0,41604.5,41593.0,41593.0,16.08,668874.0535
2022-02-06 00:43:00,41593.0,41625.0,41593.0,41624.5,19.676,818579.0995
2022-02-06 00:44:00,41624.5,41625.0,41624.5,41625.0,2.291,95362.3235
2022-02-06 00:45:00,41625.0,41625.0,41604.5,41619.5,3.131,130285.861
2022-02-06 00:46:00,41619.5,41629.0,41619.5,41629.0,4.54,188954.7825
2022-02-06 00:47:00,41629.0,41642.5,41628.5,41642.5,20.795,865755.2085
2022-02-06 00:48:00,41642.5,41642.5,41625.5,41626.0,18.988,790667.5075
2022-02-06 00:49:00,41626.0,41626.0,41617.0,41617.5,3.101,129064.0105
2022-02-06 00:50:00,41617.5,41617.5,41605.0,41605.0,6.902,287189.847
2022-02-06 00:51:00,41605.0,41605.5,41598.0,41598.0,12.787,531928.581
2022-02-06 00:52:00,41598.0,41598.5,41598.0,41598.5,2.037,84735.292
2022-02-06 00:53:00,41598.5,41598.5,41595.0,41595.0,10.378,431701.994
2022-02-06 00:54:00,41595.0,41595.0,41585.0,41585.0,11.087,461069.9665
2022-02-06 00:55:00,41585.0,41585.5,41585.0,41585.0,1.782,74104.7915
2022-02-06 00:56:00,41585.0,41593.5,41585.0,41593.0,13.143,546610.8585
2022-02-06 00:57:00,41593.0,41593.5,41583.0,41583.0,34.991,1455330.6275
2022-02-06 00:58:00,41583.0,41583.5,41580.0,41580.0,36.884,1533744.7915
2022-02-06 00:59:00,41580.0,41580.0,41518.5,41530.5,54.376,2259117.9775
2022-02-06 01:00:00,41530.5,41530.5,41453.5,41468.5,117.939,4892939.4755
2022-02-06 01:01:00,41468.5,41519.0,41468.0,41518.5,42.996,1784209.3515
2022-02-06 01:02:00,41518.5,41532.5,41518.5,41532.5,19.216,798074.124
2022-02-06 01:03:00,41532.5,41567.5,41532.0,41567.5,19.972,829962.813
2022-02-06 01:04:00,41567.5,41589.0,41567.0,41575.0,38.55,1602903.106
2022-02-06 01:05:00,41575.0,41575.5,41575.0,41575.5,6.318,262672.7035
2022-02-06 01:06:00,41575.5,41578.0,41575.0,41578.0,16.783,697783.443
2022-02-06 01:07:00,41578.0,41590.0,41525.5,41589.5,61.444,2554007.3765
2022-02-06 01:08:00,41589.5,41600.0,41589.5,41591.0,9.363,389444.988
2022-02-06 01:09:00,41591.0,41591.5,41587.0,41587.0,13.147,546748.1385
2022-02-06 01:10:00,41587.0,41587.5,41571.0,41571.5,31.027,1289860.148
2022-02-06 01:11:00,41571.5,41571.5,41571.0,41571.0,3.176,132030.2455
2022-02-06 01:12:00,41571.0,41571.5,41571.0,41571.5,1.065,44273.267
2022-02-06 01:13:00,41571.5,41571.5,41557.5,41558.0,5.718,237696.296
2022-02-06 01:14:00,41558.0,41558.0,41557.5,41558.0,5.359,222708.834
2022-02-06 01:15:00,41558.0,41558.0,41557.5,41558.0,2.284,94917.8265
2022-02-06 01:16:00,41558.0,41558.0,41557.5,41557.5,1.932,80289.8865
2022-02-06 01:17:00,41557.5,41565.0,41557.5,41564.5,3.392,140979.0105
2022-02-06 01:18:00,41564.5,41565.0,41550.5,41550.5,7.237,300786.781
2022-02-06 01:19:00,41550.5,41550.5,41533.0,41533.5,4.839,201012.8465
2022-02-06 01:20:00,41533.5,41533.5,41517.0,41517.0,18.13,752922.3555
2022-02-06 01:21:00,41517.0,41517.5,41506.0,41506.0,6.23,258600.308
2022-02-06 01:22:00,41506.0,41506.5,41506.0,41506.0,69.992,2905091.1195
2022-02-06 01:23:00,41506.0,41526.5,41506.0,41526.0,7.513,311897.426
2022-02-06 01:24:00,41526.0,41536.5,41526.0,41536.5,13.05,541943.3815
2022-02-06 01:25:00,41536.5,41536.5,41536.0,41536.5,12.561,521739.6535
2022-02-06 01:26:00,41536.5,41536.5,41526.5,41526.5,7.803,324082.708
2022-02-06 01:27:00,41526.5,41527.0,41503.0,41503.5,5.857,243154.4835
2022-02-06 01:28:00,41503.5,41522.0,41487.0,41521.5,24.194,1003932.755
2022-02-06 01:29:00,41521.5,41522.0,41499.5,41518.0,9.134,379115.02
2022-02-06 01:30:00,41518.0,41562.5,41518.0,41562.5,18.932,786658.409
2022-02-06 01:31:00,41562.5,41562.5,41499.5,41500.5,29.458,1223666.7965
2022-02-06 01:32:00,41500.5,41500.5,41413.5,41427.5,119.803,4965162.2745
2022-02-06 01:33:00,41427.5,41443.5,41427.0,41443.5,20.244,838686.353
2022-02-06 01:34:00,41443.5,41457.0,41415.5,41415.5,27.135,1124427.075
2022-02-06 01:35:00,41415.5,41416.0,41406.5,41406.5,28.246,1169744.3295
2022-02-06 01:36:00,41406.5,41440.0,41381.5,41440.0,57.421,2377145.0755
2022-02-06 01:37:00,41440.0,41458.0,41439.5,41457.5,27.492,1139694.0875
2022-02-06 01:38:00,41457.5,41458.0,41387.5,41388.0,53.195,2204091.4655
2022-02-06 01:39:00,41388.0,41388.0,41363.0,41377.5,33.969,1405446.6115
2022-02-06 01:40:00,41377.5,41377.5,41377.0,41377.5,5.245,217024.761
2022-02-06 01:41:00,41377.5,41383.5,41369.0,41383.5,16.014,662571.8475
2022-02-06 01:42:00,41383.5,41435.0,41383.5,41416.0,44.751,1853498.2705
2022-02-06 01:43:00,41416.0,41435.0,41416.0,41421.0,25.007,1035992.1965
2022-02-06 01:44:00,41421.0,41432.0,41420.5,41432.0,6.308,261295.8825
2022-02-06 01:45:00,41432.0,41444.0,41431.5,41443.5,10.994,455588.254
2022-02-06 01:46:00,41443.5,41444.0,41415.0,41415.0,20.716,858341.198
2022-02-06 01:47:00,41415.0,41415.5,41382.5,41383.0,21.142,875068.4485
2022-02-06 01:48:00,41383.0,41403.0,41382.5,41402.5,24.903,1030954.402
2022-02-06 01:49:00,41402.5,41412.5,41402.5,41412.5,3.876,160484.3495
2022-02-06 01:50:00,41412.5,41427.0,41412.0,41427.0,3.527,146104.0755
2022-02-06 01:51:00,41427.0,41427.0,41426.5,41426.5,13.749,569579.1145
2022-02-06 01:52:00,41426.5,41427.0,41426.5,41427.0,0.77,31898.6715
2022-02-06 01:53:00,41427.0,41427.0,41426.5,41427.0,3.993,165417.4255
2022-02-06 01:54:00,41427.0,41437.0,41426.5,41437.0,7.392,306279.888
2022-02-06 01:55:00,41437.0,41466.0,41436.5,41466.0,14.647,607097.184
2022-02-06 01:56:00,41466.0,41537.5,41466.0,41479.0,37.315,1548735.134
2022-02-06 01:57:00,41479.0,41488.0,41478.5,41488.0,6.964,288912.525
2022-02-06 01:58:00,41488.0,41488.0,41466.0,41466.5,13.496,559674.206
2022-02-06 01:59:00,41466.5,41466.5,41437.5,41437.5,6.59,273153.174
2022-02-06 02:00:00,41437.5,41438.0,41433.0,41433.0,10.712,443866.903
2022-02-06 02:01:00,41433.0,41447.5,41433.0,41447.0,8.736,361961.0735
2022-02-06 02:02:00,41447.0,41483.0,41447.0,41480.5,6.172,255971.969
2022-02-06 02:03:00,41480.5,41481.0,41480.0,41480.0,4.892,202922.784
2022-02-06 02:04:00,41480.0,41480.5,41480.0,41480.5,2.262,93828.577
2022-02-06 02:05:00,41480.5,41480.5,41480.0,41480.5,4.124,171064.9015
2022-02-06 02:06:00,41480.5,41511.0,41480.0,41506.0,9.19,381311.879
2022-02-06 02:07:00,41506.0,41506.0,41496.5,41497.0,3.361,139495.88
2022-02-06 02:08:00,41497.0,41497.0,41496.5,41496.5,6.446,267488.73
2022-02-06 02:09:00,41496.5,41500.0,41496.5,41500.0,7.662,317955.1125
2022-02-06 02:10:00,41500.0,41500.0,41499.5,41500.0,5.866,243437.5025
2022-02-06 02:11:00,41500.0,41530.0,41499.5,41530.0,30.942,1284428.9485
2022-02-06 02:12:00,41530.0,41530.0,41529.5,41530.0,2.851,118401.257
2022-02-06 02:13:00,41530.0,41530.0,41529.5,41530.0,2.591,107603.383
2022-02-06 02:14:00,41530.0,41543.0,41529.5,41542.5,8.834,366947.507
2022-02-06 02:15:00,41542.5,41570.0,41542.5,41570.0,34.603,1437877.859
2022-02-06 02:16:00,41570.0,41570.0,41560.5,41561.0,6.576,273311.106
2022-02-06 02:17:00,41561.0,41563.5,41560.5,41563.5,9.447,392624.013
2022-02-06 02:18:00,41563.5,41580.0,41563.5,41579.5,19.227,799422.8855
2022-02-06 02:19:00,41579.5,41580.0,41574.5,41574.5,3.772,156835.5995
2022-02-06 02:20:00,41574.5,41582.0,41574.5,41582.0,9.173,381368.6465
2022-02-06 02:21:00,41582.0,41582.0,41581.5,41582.0,10.738,446507.304
2022-02-06 02:22:00,41582.0,41582.0,41565.0,41570.0,12.239,508901.056
2022-02-06 02:23:00,41570.0,41577.0,41570.0,41577.0,5.5,228645.2165
2022-02-06 02:24:00,41577.0,41577.0,41576.5,41576.5,2.603,108224.7495
2022-02-06 02:25:00,41576.5,41577.0,41576.5,41576.5,2.353,97830.0265
2022-02-06 02:26:00,41576.5,41577.0,41576.5,41577.0,3.676,152835.8485
2022-02-06 02:27:00,41577.0,41577.0,41576.5,41576.5,1.479,61492.1285
2022-02-06 02:28:00,41576.5,41577.0,41576.5,41576.5,1.221,50765.338
2022-02-06 02:29:00,41576.5,41665.0,41576.5,41634.5,190.553,7930597.651
2022-02-06 02:30:00,41634.5,41634.5,41608.5,41608.5,8.809,366641.4325
2022-02-06 02:31:00,41608.5,41608.5,41590.5,41590.5,15.967,664133.5145
2022-02-06 02:32:00,41590.5,41591.0,41561.0,41561.5,14.434,600167.133
2022-02-06 02:33:00,41561.5,41561.5,41561.0,41561.0,6.172,256514.8415
2022-02-06 02:34:00,41561.0,41561.5,41561.0,41561.0,4.241,176261.1885
2022-02-06 02:35:00,41561.0,41561.5,41561.0,41561.0,1.576,65500.3215
2022-02-06 02:36:00,41561.0,41561.5,41561.0,41561.0,12.516,520182.663
2022-02-06 02:37:00,41561.0,41584.5,41561.0,41584.5,7.52,312610.52
2022-02-06 02:38:00,41584.5,41607.5,41584.0,41607.0,6.929,288190.7495
2022-02-06 02:39:00,41607.0,41663.5,41607.0,41663.5,93.566,3895253.1675
2022-02-06 02:40:00,41663.5,41664.0,41659.5,41664.0,14.772,615423.7215
2022-02-06 02:41:00,41664.0,41678.0,41663.5,41672.5,33.253,1385601.3545
2022-02-06 02:42:00,41672.5,41673.0,41643.5,41647.0,16.748,697768.497
2022-02-06 02:43:00,41647.0,41695.0,41647.0,41695.0,20.43,851207.3945
2022-02-06 02:44:00,41695.0,41700.0,41692.0,41692.5,38.21,1593097.536
2022-02-06 02:45:00,41692.5,41692.5,41692.0,41692.5,13.81,575772.096
2022-02-06 02:46:00,41692.5,41730.0,41692.0,41705.5,40.114,1673309.9835
2022-02-06 02:47:00,41705.5,41706.0,41678.5,41678.5,15.321,638702.809
2022-02-06 02:48:00,41678.5,41679.0,41678.5,41678.5,3.712,154710.746
2022-02-06 02:49:00,41678.5,41679.0,41668.0,41668.5,8.588,357890.016
2022-02-06 02:50:00,41668.5,41675.0,41668.0,41672.0,2.361,98387.37
2022-02-06 02:51:00,41672.0,41672.5,41672.0,41672.0,1.28,53340.2625
2022-02-06 02:52:00,41672.0,41672.5,41672.0,41672.0,7.64,318374.8885
2022-02-06 02:53:00,41672.0,41672.5,41672.0,41672.0,2.033,84719.5785
2022-02-06 02:54:00,41672.0,41672.5,41672.0,41672.5,2.056,85677.7915
2022-02-06 02:55:00,41672.5,41672.5,41672.0,41672.5,1.535,63966.735
2022-02-06 02:56:00,41672.5,41672.5,41672.0,41672.0,4.363,181816.114
2022-02-06 02:57:00,41672.0,41672.5,41672.0,41672.0,6.984,291039.2635
2022-02-06 02:58:00,41672.0,41672.5,41672.0,41672.0,2.456,102346.7625
2022-02-06 02:59:00,41672.0,41695.0,41672.0,41695.0,30.791,1283345.598
2022-02-06 03:00:00,41695.0,41695.0,41604.0,41630.5,67.01,2790389.4085
2022-02-06 03:01:00,41630.5,41645.0,41622.0,41622.5,15.282,636298.69
2022-02-06 03:02:00,41622.5,41622.5,41577.0,41577.5,35.807,1489459.875
2022-02-06 03:03:00,41577.5,41612.5,41577.0,41612.0,29.794,1239275.681
2022-02-06 03:04:00,41612.0,41620.0,41612.0,41620.0,3.209,133537.089
2022-02-06 03:05:00,41620.0,41627.5,41619.5,41627.0,10.94,455387.7785
2022-02-06 03:06:00,41627.0,41645.0,41627.0,41644.5,4.195,174634.627
2022-02-06 03:07:00,41644.5,41645.0,41644.5,41645.0,7.743,322453.8885
2022-02-06 03:08:00,41645.0,41645.0,41630.0,41630.5,2.852,118748.684
2022-02-06 03:09:00,41630.5,41638.0,41630.0,41638.0,1.473,61327.8435
2022-02-06 03:10:00,41638.0,41646.0,41637.5,41646.0,3.21,133675.4625
2022-02-06 03:11:00,41646.0,41648.0,41645.5,41648.0,12.166,506665.5275
2022-02-06 03:12:00,41648.0,41668.5,41647.5,41668.5,11.087,461865.185
2022-02-06 03:13:00,41668.5,41668.5,41668.0,41668.5,2.939,122462.599
2022-02-06 03:14:00,41668.5,41668.5,41668.0,41668.0,2.405,100211.862
2022-02-06 03:15:00,41668.0,41668.5,41668.0,41668.5,1.157,48210.2085
2022-02-06 03:16:00,41668.5,41668.5,41622.0,41622.5,17.556,731215.541
2022-02-06 03:17:00,41622.5,41622.5,41606.5,41606.5,5.996,249543.8485
2022-02-06 03:18:00,41606.5,41607.0,41606.5,41606.5,5.452,226840.1445
2022-02-06 03:19:00,41606.5,41620.0,41606.5,41620.0,5.65,235106.2265
2022-02-06 03:20:00,41620.0,41620.0,41619.5,41620.0,4.13,171890.257
2022-02-06 03:21:00,41620.0,41620.0,41611.0,41611.5,22.686,944077.663
2022-02-06 03:22:00,41611.5,41611.5,41611.0,41611.0,0.552,22969.366
2022-02-06 03:23:00,41611.0,41611.5,41611.0,41611.5,1.191,49559.118
2022-02-06 03:24:00,41611.5,41611.5,41611.0,41611.5,0.478,19890.2385
2022-02-06 03:25:00,41611.5,41611.5,41611.0,41611.0,1.564,65079.873
2022-02-06 03:26:00,41611.0,41650.0,41611.0,41631.0,24.715,1029019.8375
2022-02-06 03:27:00,41631.0,41631.0,41630.5,41630.5,1.019,42421.627
2022-02-06 03:28:00,41630.5,41631.5,41630.5,41631.5,1.809,75310.564
2022-02-06 03:29:00,41631.5,41631.5,41611.5,41611.5,15.772,656595.4625
2022-02-06 03:30:00,41611.5,41612.0,41610.0,41610.0,21.498,894566.261
2022-02-06 03:31:00,41610.0,41610.0,41606.5,41606.5,4.916,204539.6495
2022-02-06 03:32:00,41606.5,41657.5,41606.5,41657.5,32.669,1359998.2905
2022-02-06 03:33:00,41657.5,41688.0,41657.0,41667.0,45.799,1908453.558
2022-02-06 03:34:00,41667.0,41667.0,41666.5,41666.5,1.075,44791.9395
2022-02-06 03:35:00,41666.5,41689.0,41666.5,41689.0,12.378,515981.4425
2022-02-06 03:36:00,41689.0,41689.0,41688.5,41689.0,2.012,83878.1
2022-02-06 03:37:00,41689.0,41721.5,41688.5,41712.0,36.139,1507187.3435
2022-02-06 03:38:00,41712.0,41725.5,41700.0,41700.5,13.192,550357.1235
2022-02-06 03:39:00,41700.5,41700.5,41655.0,41655.0,24.722,1030613.1795
2022-02-06 03:40:00,41655.0,41672.0,41655.0,41671.5,13.031,542892.7925
2022-02-06 03:41:00,41671.5,41682.0,41671.5,41681.5,11.304,471141.3255
2022-02-06 03:42:00,41681.5,41682.0,41681.5,41682.0,12.969,540567.7285
2022-02-06 03:43:00,41682.0,41682.0,41681.5,41681.5,0.927,38639.082
2022-02-06 03:44:00,41681.5,41693.5,41681.5,41693.5,2.671,111336.5195
2022-02-06 03:45:00,41693.5,41698.0,41693.0,41697.5,5.291,220600.361
2022-02-06 03:46:00,41697.5,41698.0,41697.5,41697.5,1.374,57292.927
2022-02-06 03:47:00,41697.5,41698.0,41697.5,41697.5,2.788,116253.3865
2022-02-06 03:48:00,41697.5,41698.0,41676.0,41676.0,9.413,392383.171
2022-02-06 03:49:00,41676.0,41676.5,41676.0,41676.0,1.314,54762.5495
2022-02-06 03:50:00,41676.0,41676.5,41676.0,41676.0,0.635,26464.291
2022-02-06 03:51:00,41676.0,41676.5,41676.0,41676.5,2.579,107482.499
2022-02-06 03:52:00,41676.5,41676.5,41676.0,41676.5,5.827,242847.5145
2022-02-06 03:53:00,41676.5,41676.5,41676.0,41676.0,5.152,214715.9885
2022-02-06 03:54:00,41676.0,41676.5,41676.0,41676.5,1.395,58138.1915
2022-02-06 03:55:00,41676.5,41676.5,41676.0,41676.0,1.062,44260.4175
2022-02-06 03:56:00,41676.0,41676.5,41656.0,41656.0,19.448,810212.109
2022-02-06 03:57:00,41656.0,41656.5,41656.0,41656.0,15.918,663080.266
2022-02-06 03:58:00,41656.0,41667.5,41650.0,41667.5,39.866,1660666.1215
2022-02-06 03:59:00,41667.5,41667.5,41667.0,41667.5,22.114,921429.161
2022-02-06 04:00:00,41667.5,41667.5,41667.0,41667.0,1.851,77125.995
2022-02-06 04:01:00,41667.0,41667.5,41667.0,41667.5,16.241,676714.0005
2022-02-06 04:02:00,41667.5,41667.5,41667.0,41667.5,1.497,62375.682
2022-02-06 04:03:00,41667.5,41667.5,41667.0,41667.0,2.067,86125.7835
2022-02-06 04:04:00,41667.0,41667.5,41667.0,41667.5,2.684,111834.6885
2022-02-06 04:05:00,41667.5,41667.5,41667.0,41667.0,0.845,35208.66
2022-02-06 04:06:00,41667.0,41667.5,41650.0,41650.0,3.994,166393.79
2022-02-06 04:07:00,41650.0,41650.5,41643.0,41644.0,5.698,237306.7885
2022-02-06 04:08:00,41644.0,41644.0,41625.0,41627.0,9.256,385321.676
2022-02-06 04:09:00,41627.0,41627.5,41625.0,41625.0,13.34,555296.673
2022-02-06 04:10:00,41625.0,41625.5,41617.5,41618.0,11.868,493968.703
2022-02-06 04:11:00,41618.0,41618.0,41615.0,41615.0,4.24,176448.4565
2022-02-06 04:12:00,41615.0,41615.5,41614.5,41614.5,7.761,322971.5385
2022-02-06 04:13:00,41614.5,41615.0,41614.5,41614.5,4.007,166749.885
2022-02-06 04:14:00,41614.5,41614.5,41612.0,41612.0,2.463,102492.136
2022-02-06 04:15:00,41612.0,41614.0,41536.5,41614.0,54.224,2254121.5555
2022-02-06 04:16:00,41614.0,41656.5,41614.0,41656.5,12.066,502396.9935
2022-02-06 04:17:00,41656.5,41656.5,41656.0,41656.0,2.483,103432.1925
2022-02-06 04:18:00,41656.0,41656.5,41656.0,41656.0,6.238,259850.7865
2022-02-06 04:19:00,41656.0,41656.5,41605.0,41605.0,28.834,1200805.744
2022-02-06 04:20:00,41605.0,41605.5,41568.0,41568.0,4.342,180576.309
2022-02-06 04:21:00,41568.0,41568.5,41560.0,41560.5,6.685,277865.201
2022-02-06 04:22:00,41560.5,41560.5,41540.0,41540.0,34.143,1418508.3915
2022-02-06 04:23:00,41540.0,41540.5,41540.0,41540.5,4.12,171146.127
2022-02-06 04:24:00,41540.5,41540.5,41540.0,41540.5,4.902,203631.4895
2022-02-06 04:25:00,41540.5,41540.5,41540.0,41540.5,5.918,245836.522
2022-02-06 04:26:00,41540.5,41540.5,41540.0,41540.0,2.052,85240.815
2022-02-06 04:27:00,41540.0,41540.5,41540.0,41540.0,4.893,203256.8915
2022-02-06 04:28:00,41540.0,41540.5,41540.0,41540.5,2.136,88730.2355
2022-02-06 04:29:00,41540.5,41549.5,41540.0,41549.5,10.41,432479.033
2022-02-06 04:30:00,41549.5,41562.0,41549.0,41559.0,16.514,686235.978
2022-02-06 04:31:00,41559.0,41610.0,41558.5,41590.5,47.252,1965343.045
2022-02-06 04:32:00,41590.5,41595.0,41590.0,41594.5,3.145,130808.3835
2022-02-06 04:33:00,41594.5,41595.0,41593.0,41593.0,9.213,383209.2125
2022-02-06 04:34:00,41593.0,41593.5,41593.0,41593.5,5.152,214289.143
2022-02-06 04:35:00,41593.5,41593.5,41572.0,41572.0,8.101,336871.3485
2022-02-06 04:36:00,41572.0,41572.5,41508.0,41545.0,21.053,874387.531
2022-02-06 04:37:00,41545.0,41568.5,41544.5,41560.0,7.52,312494.8565
2022-02-06 04:38:00,41560.0,41560.5,41560.0,41560.5,5.518,229330.4995
2022-02-06 04:39:00,41560.5,41572.0,41560.0,41572.0,13.657,567735.5435
2022-02-06 04:40:00,41572.0,41572.0,41562.0,41562.5,5.262,218736.6415
2022-02-06 04:41:00,41562.5,41562.5,41562.0,41562.0,1.513,62883.4105
2022-02-06 04:42:00,41562.0,41562.5,41552.0,41552.0,3.464,143946.835
2022-02-06 04:43:00,41552.0,41552.5,41552.0,41552.0,5.277,219270.459
2022-02-06 04:44:00,41552.0,41559.5,41552.0,41559.0,5.366,222980.971
2022-02-06 04:45:00,41559.0,41559.5,41559.0,41559.5,2.902,120605.344
2022-02-06 04:46:00,41559.5,41559.5,41559.0,41559.0,4.411,183318.519
2022-02-06 04:47:00,41559.0,41559.5,41559.0,41559.0,0.808,33580.0525
2022-02-06 04:48:00,41559.0,41559.5,41527.0,41527.0,6.44,267580.267
2022-02-06 04:49:00,41527.0,41527.5,41507.5,41526.5,14.207,589838.1
2022-02-06 04:50:00,41526.5,41539.5,41526.5,41536.5,8.072,335243.3615
2022-02-06 04:51:00,41536.5,41537.0,41501.0,41501.5,16.018,664973.133
2022-02-06 04:52:00,41501.5,41503.5,41501.0,41503.0,13.297,551846.4505
2022-02-06 04:53:00,41503.0,41503.5,41503.0,41503.5,6.53,271017.7765
2022-02-06 04:54:00,41503.5,41516.0,41503.0,41515.5,3.41,141536.733
2022-02-06 04:55:00,41515.5,41535.0,41515.5,41534.5,3.237,134425.5775
2022-02-06 04:56:00,41534.5,41545.0,41519.0,41520.0,14.459,600625.657
2022-02-06 04:57:00,41520.0,41520.5,41510.0,41510.0,9.095,377585.22
2022-02-06 04:58:00,41510.0,41510.5,41479.0,41494.0,29.915,1241273.271
2022-02-06 04:59:00,41494.0,41494.0,41476.5,41477.0,7.167,297299.3355
2022-02-06 05:00:00,41477.0,41477.0,41463.5,41463.5,15.176,629410.5395
2022-02-06 05:01:00,41463.5,41464.0,41441.0,41441.0,28.095,1164547.588
2022-02-06 05:02:00,41441.0,41441.5,41402.5,41441.5,59.013,2444232.7995
2022-02-06 05:03:00,41441.5,41441.5,41441.0,41441.0,9.183,380557.089
2022-02-06 05:04:00,41441.0,41441.5,41441.0,41441.0,2.068,85700.809
2022-02-06 05:05:00,41441.0,41441.5,41441.0,41441.5,2.396,99293.014
2022-02-06 05:06:00,41441.5,41441.5,41432.5,41432.5,13.655,565838.083
2022-02-06 05:07:00,41432.5,41433.0,41429.5,41429.5,4.577,189631.2025
2022-02-06 05:08:00,41429.5,41430.0,41429.5,41430.0,9.069,375725.5445
2022-02-06 05:09:00,41430.0,41430.0,41411.0,41416.0,36.057,1493477.6515
2022-02-06 05:10:00,41416.0,41445.0,41416.0,41445.0,12.025,498235.0215
2022-02-06 05:11:00,41445.0,41464.0,41444.5,41463.5,12.1,501541.1505
2022-02-06 05:12:00,41463.5,41481.5,41463.5,41481.0,10.964,454730.2845
2022-02-06 05:13:00,41481.0,41481.5,41481.0,41481.5,3.647,151282.834
2022-02-06 05:14:00,41481.5,41500.0,41481.0,41485.0,11.735,486950.3505
2022-02-06 05:15:00,41485.0,41513.0,41485.0,41513.0,9.884,410249.9205
2022-02-06 05:16:00,41513.0,41530.0,41512.5,41530.0,44.838,1861942.9355
2022-02-06 05:17:00,41530.0,41530.0,41529.5,41530.0,17.595,730718.474
2022-02-06 05:18:00,41530.0,41543.5,41529.5,41543.5,48.3,2006264.232
2022-02-06 05:19:00,41543.5,41543.5,41429.5,41439.0,65.079,2698776.614
2022-02-06 05:20:00,41439.0,41462.5,41438.5,41462.0,12.59,521843.134
2022-02-06 05:21:00,41462.0,41462.5,41383.0,41404.0,64.207,2659440.302
2022-02-06 05:22:00,41404.0,41404.5,41385.5,41385.5,9.529,394434.979
2022-02-06 05:23:00,41385.5,41386.0,41320.0,41338.0,117.723,4867823.8875
2022-02-06 05:24:00,41338.0,41392.5,41338.0,41388.5,33.573,1388750.689
2022-02-06 05:25:00,41388.5,41389.0,41387.0,41387.0,14.637,605804.398
2022-02-06 05:26:00,41387.0,41387.5,41387.0,41387.5,21.057,871495.2785
2022-02-06 05:27:00,41387.5,41387.5,41387.0,41387.0,1.971,81574.0485
2022-02-06 05:28:00,41387.0,41427.5,41387.0,41417.0,26.87,1112736.037
2022-02-06 05:29:00,41417.0,41417.5,41380.0,41380.0,22.789,943469.35
2022-02-06 05:30:00,41380.0,41420.0,41380.0,41409.0,54.062,2237770.1445
2022-02-06 05:31:00,41409.0,41409.5,41409.0,41409.5,8.844,366225.055
2022-02-06 05:32:00,41409.5,41410.0,41400.0,41409.5,17.103,708201.3095
2022-02-06 05:33:00,41409.5,41410.0,41401.0,41410.0,11.171,462575.059
2022-02-06 05:34:00,41410.0,41429.5,41409.5,41429.0,14.474,599572.5575
2022-02-06 05:35:00,41429.0,41438.5,41429.0,41438.0,6.451,267305.085
2022-02-06 05:36:00,41438.0,41438.5,41438.0,41438.5,6.549,271380.4365
2022-02-06 05:37:00,41438.5,41438.5,41412.0,41412.0,17.284,716175.4545
2022-02-06 05:38:00,41412.0,41412.0,41383.5,41409.5,13.035,539580.6685
2022-02-06 05:39:00,41409.5,41418.0,41409.0,41418.0,6.15,254716.0485
2022-02-06 05:40:00,41418.0,41418.0,41398.0,41398.5,33.562,1389431.346
2022-02-06 05:41:00,41398.5,41416.0,41398.0,41416.0,7.4,306413.79
2022-02-06 05:42:00,41416.0,41429.5,41415.5,41416.0,6.465,267779.6705
2022-02-06 05:43:00,41416.0,41416.0,41415.5,41415.5,4.504,186535.8795
2022-02-06 05:44:00,41415.5,41434.5,41415.5,41434.5,22.437,929525.4575
2022-02-06 05:45:00,41434.5,41464.5,41434.0,41464.5,36.222,1501349.693
2022-02-06 05:46:00,41464.5,41477.0,41464.5,41477.0,22.463,931649.304
2022-02-06 05:47:00,41477.0,41477.0,41476.5,41477.0,3.582,148570.0585
2022-02-06 05:48:00,41477.0,41477.0,41469.5,41470.0,13.16,545772.5165
2022-02-06 05:49:00,41470.0,41470.0,41410.0,41410.0,24.787,1027085.0275
2022-02-06 05:50:00,41410.0,41410.5,41410.0,41410.0,4.65,192556.713
2022-02-06 05:51:00,41410.0,41410.5,41410.0,41410.5,7.57,313476.9095
2022-02-06 05:52:00,41410.5,41417.5,41410.0,41417.5,5.038,208637.3955
2022-02-06 05:53:00,41417.5,41447.0,41417.0,41446.5,11.922,493901.1385
2022-02-06 05:54:00,41446.5,41457.5,41446.5,41457.0,18.168,753128.891
2022-02-06 05:55:00,41457.0,41470.0,41457.0,41469.5,9.675,401157.249
2022-02-06 05:56:00,41469.5,41470.0,41452.5,41452.5,14.963,620404.4115
2022-02-06 05:57:00,41452.5,41453.0,41424.0,41424.5,10.761,445950.4125
2022-02-06 05:58:00,41424.5,41424.5,41424.0,41424.0,7.248,300243.755
2022-02-06 05:59:00,41424.0,41424.5,41400.0,41410.0,31.574,1307297.2395
2022-02-06 06:00:00,41410.0,41410.0,41409.5,41409.5,1.109,45923.588
2022-02-06 06:01:00,41409.5,41410.0,41380.0,41385.5,16.304,675001.965
2022-02-06 06:02:00,41385.5,41386.0,41350.0,41350.5,68.924,2851532.7755
2022-02-06 06:03:00,41350.5,41362.0,41350.0,41362.0,16.264,672577.8215
2022-02-06 06:04:00,41362.0,41382.0,41361.5,41382.0,32.277,1335055.961
2022-02-06 06:05:00,41382.0,41382.0,41381.5,41382.0,7.032,290996.158
2022-02-06 06:06:00,41382.0,41382.0,41381.5,41382.0,5.346,221227.422
2022-02-06 06:07:00,41382.0,41416.5,41381.5,41416.0,17.737,734306.6065
2022-02-06 06:08:00,41416.0,41416.5,41416.0,41416.0,4.949,204969.954
2022-02-06 06:09:00,41416.0,41420.0,41416.0,41419.5,7.348,304336.791
2022-02-06 06:10:00,41419.5,41428.5,41419.5,41428.5,8.899,368613.8165
2022-02-06 06:11:00,41428.5,41428.5,41428.0,41428.5,4.32,178969.7985
2022-02-06 06:12:00,41428.5,41428.5,41418.5,41419.0,5.395,223483.1115
2022-02-06 06:13:00,41419.0,41419.0,41415.5,41415.5,3.895,161318.29
2022-02-06 06:14:00,41415.5,41416.0,41400.0,41400.5,14.315,592733.4615
2022-02-06 06:15:00,41400.5,41400.5,41400.0,41400.0,2.93,121302.6925
2022-02-06 06:16:00,41400.0,41400.5,41400.0,41400.0,4.008,165932.015
2022-02-06 06:17:00,41400.0,41409.5,41400.0,41409.5,6.746,279291.0835
2022-02-06 06:18:00,41409.5,41429.0,41409.5,41428.5,7.325,303435.383
2022-02-06 06:19:00,41428.5,41445.5,41428.5,41428.5,27.884,1155389.997
2022-02-06 06:20:00,41428.5,41466.0,41428.5,41449.0,37.693,1562519.3125
2022-02-06 06:21:00,41449.0,41449.0,41448.5,41449.0,1.548,64162.508
2022-02-06 06:22:00,41449.0,41449.0,41448.5,41448.5,26.725,1107724.3365
2022-02-06 06:23:00,41448.5,41492.0,41448.5,41492.0,25.524,1058562.8465
2022-02-06 06:24:00,41492.0,41492.0,41491.5,41492.0,14.52,602459.7155
2022-02-06 06:25:00,41492.0,41493.5,41491.5,41493.5,13.699,568408.667
2022-02-06 06:26:00,41493.5,41493.5,41493.0,41493.5,5.089,211158.5955
2022-02-06 06:27:00,41493.5,41493.5,41493.0,41493.0,1.176,48795.8805
2022-02-06 06:28:00,41493.0,41493.5,41493.0,41493.5,3.389,140620.6665
2022-02-06 06:29:00,41493.5,41493.5,41480.0,41480.0,30.133,1250216.639
2022-02-06 06:30:00,41480.0,41491.0,41480.0,41491.0,24.073,998689.4425
2022-02-06 06:31:00,41491.0,41543.5,41491.0,41539.5,51.747,2148318.3
2022-02-06 06:32:00,41539.5,41539.5,41514.5,41515.0,25.921,1076179.329
2022-02-06 06:33:00,41515.0,41515.0,41514.5,41515.0,16.883,700897.417
2022-02-06 06:34:00,41515.0,41530.0,41514.5,41530.0,15.928,661382.2015
2022-02-06 06:35:00,41530.0,41545.0,41529.5,41545.0,55.877,2320766.709
2022-02-06 06:36:00,41545.0,41545.0,41544.5,41545.0,8.707,361730.897
2022-02-06 06:37:00,41545.0,41545.0,41544.5,41545.0,2.399,99666.295
2022-02-06 06:38:00,41545.0,41549.0,41544.5,41549.0,18.298,760227.4155
2022-02-06 06:39:00,41549.0,41549.0,41548.5,41549.0,6.348,263752.597
2022-02-06 06:40:00,41549.0,41549.0,41548.5,41548.5,2.611,108484.163
2022-02-06 06:41:00,41548.5,41549.0,41548.5,41548.5,2.411,100174.388
2022-02-06 06:42:00,41548.5,41549.0,41548.5,41548.5,2.71,112597.488
2022-02-06 06:43:00,41548.5,41565.0,41548.5,41565.0,71.61,2975834.6645
2022-02-06 06:44:00,41565.0,41565.0,41564.5,41564.5,7.168,297937.2015
2022-02-06 06:45:00,41564.5,41565.0,41564.5,41564.5,10.111,420259.641
2022-02-06 06:46:00,41564.5,41565.0,41500.0,41500.0,57.596,2392260.147
2022-02-06 06:47:00,41500.0,41509.5,41500.0,41509.0,7.158,297097.539
2022-02-06 06:48:00,41509.0,41509.5,41468.0,41468.0,31.963,1326365.083
2022-02-06 06:49:00,41468.0,41481.0,41468.0,41480.5,7.396,306720.216
2022-02-06 06:50:00,41480.5,41498.5,41480.5,41493.5,6.97,289158.1725
2022-02-06 06:51:00,41493.5,41493.5,41493.0,41493.0,2.335,96886.9495
2022-02-06 06:52:00,41493.0,41516.5,41493.0,41516.5,5.112,212156.712
2022-02-06 06:53:00,41516.5,41516.5,41516.0,41516.5,2.98,123718.8835
2022-02-06 06:54:00,41516.5,41516.5,41516.0,41516.5,6.671,276954.447
2022-02-06 06:55:00,41516.5,41516.5,41501.0,41505.5,9.15,379755.112
2022-02-06 06:56:00,41505.5,41505.5,41505.0,41505.0,1.264,52462.8855
2022-02-06 06:57:00,41505.0,41508.0,41505.0,41507.5,5.283,219283.731
2022-02-06 06:58:00,41507.5,41508.0,41507.5,41507.5,3.668,152249.999
2022-02-06 06:59:00,41507.5,41522.0,41507.5,41521.5,7.491,310965.061
2022-02-06 07:00:00,41521.5,41545.0,41521.5,41544.5,12.886,535144.4045
2022-02-06 07:01:00,41544.5,41545.0,41540.0,41540.0,2.302,95630.954
2022-02-06 07:02:00,41540.0,41545.0,41540.0,41544.5,6.143,255203.5605
2022-02-06 07:03:00,41544.5,41545.0,41515.0,41515.0,13.027,541009.5595
2022-02-06 07:04:00,41515.0,41515.5,41515.0,41515.5,9.245,383806.43
2022-02-06 07:05:00,41515.5,41515.5,41515.0,41515.5,1.454,60362.941
2022-02-06 07:06:00,41515.5,41515.5,41515.0,41515.5,11.397,473149.382
2022-02-06 07:07:00,41515.5,41515.5,41505.0,41505.5,10.819,449103.3785
2022-02-06 07:08:00,41505.5,41505.5,41497.5,41497.5,10.971,455301.1415
2022-02-06 07:09:00,41497.5,41498.0,41497.5,41498.0,3.449,143125.141
2022-02-06 07:10:00,41498.0,41498.0,41497.5,41498.0,5.526,229315.498
2022-02-06 07:11:00,41498.0,41498.0,41495.0,41495.0,3.022,125402.4875
2022-02-06 07:12:00,41495.0,41495.5,41495.0,41495.0,1.064,44150.9395
2022-02-06 07:13:00,41495.0,41495.5,41495.0,41495.0,1.157,48010.2715
2022-02-06 07:14:00,41495.0,41506.5,41495.0,41506.0,7.674,318470.074
2022-02-06 07:15:00,41506.0,41506.5,41506.0,41506.5,2.228,92475.8265
2022-02-06 07:16:00,41506.5,41515.5,41506.0,41515.0,5.336,221522.7195
2022-02-06 07:17:00,41515.0,41515.5,41515.0,41515.0,7.97,330878.193
2022-02-06 07:18:00,41515.0,41515.5,41515.0,41515.5,3.922,162823.6305
2022-02-06 07:19:00,41515.5,41515.5,41515.0,41515.5,4.089,169755.8365
2022-02-06 07:20:00,41515.5,41515.5,41515.0,41515.5,4.826,200353.764
2022-02-06 07:21:00,41515.5,41515.5,41515.0,41515.0,2.025,84068.142
2022-02-06 07:22:00,41515.0,41539.0,41515.0,41538.5,14.615,606850.506
2022-02-06 07:23:00,41538.5,41556.5,41538.5,41556.0,11.938,495989.2975
2022-02-06 07:24:00,41556.0,41606.0,41556.0,41587.5,39.623,1647889.0635
2022-02-06 07:25:00,41587.5,41587.5,41587.0,41587.5,8.387,348793.994
2022-02-06 07:26:00,41587.5,41591.5,41587.0,41591.5,6.544,272150.09
2022-02-06 07:27:00,41591.5,41591.5,41572.5,41573.5,23.487,976707.717
2022-02-06 07:28:00,41573.5,41573.5,41573.0,41573.5,9.63,400348.402
2022-02-06 07:29:00,41573.5,41573.5,41571.5,41572.0,4.148,172442.983
2022-02-06 07:30:00,41572.0,41572.0,41571.5,41571.5,9.679,402372.6825
2022-02-06 07:31:00,41571.5,41572.0,41555.5,41556.0,13.79,573071.133
2022-02-06 07:32:00,41556.0,41556.0,41555.5,41556.0,0.456,18949.478
2022-02-06 07:33:00,41556.0,41556.0,41555.5,41555.5,2.076,86269.409
2022-02-06 07:34:00,41555.5,41568.5,41555.5,41568.5,4.795,199280.385
2022-02-06 07:35:00,41568.5,41568.5,41568.0,41568.5,2.536,105417.6635
2022-02-06 07:36:00,41568.5,41571.0,41568.0,41571.0,9.9,411543.743
2022-02-06 07:37:00,41571.0,41571.0,41570.5,41571.0,2.37,98522.7675
2022-02-06 07:38:00,41571.0,41571.0,41570.5,41571.0,3.883,161419.7875
2022-02-06 07:39:00,41571.0,41571.0,41570.5,41570.5,3.608,149986.7215
2022-02-06 07:40:00,41570.5,41571.0,41570.5,41571.0,8.095,336516.9485
2022-02-06 07:41:00,41571.0,41571.0,41570.5,41570.5,1.862,77405.1015
2022-02-06 07:42:00,41570.5,41571.0,41570.5,41571.0,1.927,80107.0295
2022-02-06 07:43:00,41571.0,41571.0,41570.5,41571.0,2.075,86259.602
2022-02-06 07:44:00,41571.0,41571.0,41570.5,41570.5,1.616,67178.4505
2022-02-06 07:45:00,41570.5,41571.0,41570.5,41570.5,0.85,35335.141
2022-02-06 07:46:00,41570.5,41571.0,41550.0,41550.0,13.073,543388.0705
2022-02-06 07:47:00,41550.0,41550.5,41550.0,41550.5,10.693,444296.5195
2022-02-06 07:48:00,41550.5,41550.5,41550.0,41550.0,9.919,412134.542
2022-02-06 07:49:00,41550.0,41550.5,41537.5,41537.5,5.501,228534.907
2022-02-06 07:50:00,41537.5,41538.0,41515.0,41515.0,22.703,942756.6325
2022-02-06 07:51:00,41515.0,41548.5,41515.0,41548.5,7.338,304823.462
2022-02-06 07:52:00,41548.5,41548.5,41548.0,41548.0,30.565,1269914.8195
2022-02-06 07:53:00,41548.0,41567.5,41548.0,41567.0,4.814,200069.074
2022-02-06 07:54:00,41567.0,41567.5,41550.0,41550.0,36.29,1508393.9605
2022-02-06 07:55:00,41550.0,41550.5,41550.0,41550.5,1.228,51023.419
2022-02-06 07:56:00,41550.5,41550.5,41550.0,41550.0,5.648,234674.592
2022-02-06 07:57:00,41550.0,41550.5,41550.0,41550.0,3.853,160093.3235
2022-02-06 07:58:00,41550.0,41550.5,41547.0,41547.0,3.575,148533.754
2022-02-06 07:59:00,41547.0,41547.5,41536.0,41536.5,2.919,121268.3865
2022-02-06 08:00:00,41536.5,41536.5,41536.0,41536.5,3.631,150817.6255
2022-02-06 08:01:00,41536.5,41536.5,41509.0,41509.5,5.648,234532.8485
2022-02-06 08:02:00,41509.5,41509.5,41505.0,41505.0,9.896,410762.0875
2022-02-06 08:03:00,41505.0,41505.0,41480.0,41480.0,17.556,728382.392
2022-02-06 08:04:00,41480.0,41509.0,41480.0,41509.0,8.433,349951.192
2022-02-06 08:05:00,41509.0,41509.5,41509.0,41509.5,7.296,302850.558
2022-02-06 08:06:00,41509.5,41519.0,41509.0,41519.0,4.248,176345.046
2022-02-06 08:07:00,41519.0,41519.0,41518.5,41519.0,2.171,90137.6225
2022-02-06 08:08:00,41519.0,41519.0,41518.5,41519.0,1.548,64270.901
2022-02-06 08:09:00,41519.0,41519.0,41518.5,41518.5,0.833,34585.1035
2022-02-06 08:10:00,41518.5,41519.0,41518.5,41519.0,1.572,65267.676
2022-02-06 08:11:00,41519.0,41519.0,41491.0,41500.0,21.525,893368.017
2022-02-06 08:12:00,41500.0,41500.5,41485.0,41485.0,2.852,118334.133
2022-02-06 08:13:00,41485.0,41485.5,41476.5,41477.0,9.078,376585.933
2022-02-06 08:14:00,41477.0,41477.0,41470.5,41470.5,11.584,480427.2635
2022-02-06 08:15:00,41470.5,41471.0,41470.5,41470.5,4.025,166919.1215
2022-02-06 08:16:00,41470.5,41471.0,41470.5,41470.5,0.953,39521.698
2022-02-06 08:17:00,41470.5,41471.0,41470.5,41471.0,7.323,303689.281
2022-02-06 08:18:00,41471.0,41471.0,41470.5,41471.0,1.087,45078.7015
2022-02-06 08:19:00,41471.0,41471.0,41442.5,41443.0,30.912,1281555.045
2022-02-06 08:20:00,41443.0,41443.5,41443.0,41443.5,10.58,438471.3455
2022-02-06 08:21:00,41443.5,41443.5,41443.0,41443.0,12.915,535242.6915
2022-02-06 08:22:00,41443.0,41443.5,41443.0,41443.0,12.151,503579.838
2022-02-06 08:23:00,41443.0,41443.5,41443.0,41443.5,2.091,86658.1505
2022-02-06 08:24:00,41443.5,41443.5,41443.0,41443.5,3.201,132659.6325
2022-02-06 08:25:00,41443.5,41443.5,41443.0,41443.0,3.691,152967.757
2022-02-06 08:26:00,41443.0,41443.5,41443.0,41443.5,12.192,505278.5015
2022-02-06 08:27:00,41443.5,41443.5,41443.0,41443.5,3.842,159225.747
2022-02-06 08:28:00,41443.5,41455.0,41443.0,41455.0,12.646,524123.3765
2022-02-06 08:29:00,41455.0,41498.0,41454.5,41498.0,74.087,3072953.6125
2022-02-06 08:30:00,41498.0,41512.5,41498.0,41505.0,47.058,1953007.6965
2022-02-06 08:31:00,41505.0,41505.5,41505.0,41505.0,4.888,202877.682
2022-02-06 08:32:00,41505.0,41505.5,41505.0,41505.0,2.707,112355.004
2022-02-06 08:33:00,41505.0,41505.5,41505.0,41505.5,3.221,133688.892
2022-02-06 08:34:00,41505.5,41505.5,41505.0,41505.5,1.798,74626.883
2022-02-06 08:35:00,41505.5,41507.5,41505.0,41507.5,5.129,212882.5645
2022-02-06 08:36:00,41507.5,41507.5,41507.0,41507.5,3.795,157520.8375
2022-02-06 08:37:00,41507.5,41507.5,41495.0,41495.0,13.844,574569.2545
2022-02-06 08:38:00,41495.0,41495.5,41495.0,41495.0,4.611,191333.7945
2022-02-06 08:39:00,41495.0,41495.5,41495.0,41495.0,3.247,134734.8405
2022-02-06 08:40:00,41495.0,41495.5,41477.5,41477.5,12.099,501960.349
2022-02-06 08:41:00,41477.5,41478.0,41477.5,41477.5,3.701,153508.332
2022-02-06 08:42:00,41477.5,41478.0,41477.5,41477.5,1.946,80715.2425
2022-02-06 08:43:00,41477.5,41478.0,41461.5,41461.5,7.353,304931.712
2022-02-06 08:44:00,41461.5,41462.0,41461.5,41461.5,9.859,408769.264
2022-02-06 08:45:00,41461.5,41462.0,41441.0,41460.0,47.02,1948876.9095
2022-02-06 08:46:00,41460.0,41460.0,41459.5,41460.0,10.256,425212.645
2022-02-06 08:47:00,41460.0,41476.0,41459.5,41459.5,11.641,482738.57
2022-02-06 08:48:00,41459.5,41460.0,41445.0,41445.0,7.169,297197.2145
2022-02-06 08:49:00,41445.0,41445.5,41445.0,41445.0,4.707,195083.809
2022-02-06 08:50:00,41445.0,41459.0,41445.0,41458.5,4.166,172694.0995
2022-02-06 08:51:00,41458.5,41463.0,41458.5,41463.0,4.631,192006.6045
2022-02-06 08:52:00,41463.0,41463.0,41462.5,41463.0,4.447,184385.5
2022-02-06 08:53:00,41463.0,41463.0,41462.5,41463.0,16.227,672819.9265
2022-02-06 08:54:00,41463.0,41463.0,41462.5,41463.0,1.478,61282.162
2022-02-06 08:55:00,41463.0,41469.0,41462.5,41469.0,6.422,266287.0575
2022-02-06 08:56:00,41469.0,41469.0,41468.5,41469.0,2.659,110264.859
2022-02-06 08:57:00,41469.0,41469.0,41468.5,41469.0,6.981,289494.249
2022-02-06 08:58:00,41469.0,41495.0,41469.0,41495.0,7.397,306853.086
2022-02-06 08:59:00,41495.0,41495.0,41494.5,41495.0,3.531,146517.9055
2022-02-06 09:00:00,41495.0,41498.5,41494.5,41498.5,4.096,169967.068
2022-02-06 09:01:00,41498.5,41500.0,41498.0,41499.5,2.442,101341.173
2022-02-06 09:02:00,41499.5,41504.5,41499.5,41504.5,3.431,142392.3825
2022-02-06 09:03:00,41504.5,41518.0,41504.0,41518.0,32.473,1347881.4315
2022-02-06 09:04:00,41518.0,41518.0,41517.5,41517.5,1.31,54388.4345
2022-02-06 09:05:00,41517.5,41518.0,41517.5,41518.0,4.627,192103.6365
2022-02-06 09:06:00,41518.0,41518.0,41517.5,41518.0,1.666,69168.937
2022-02-06 09:07:00,41518.0,41520.0,41518.0,41519.5,1.321,54846.8045
2022-02-06 09:08:00,41519.5,41520.0,41519.5,41520.0,2.845,118123.318
2022-02-06 09:09:00,41520.0,41520.0,41519.5,41520.0,1.181,49034.606
2022-02-06 09:10:00,41520.0,41520.0,41519.5,41519.5,0.658,27320.008
2022-02-06 09:11:00,41519.5,41520.0,41519.5,41519.5,1.293,53685.2805
2022-02-06 09:12:00,41519.5,41520.0,41519.5,41519.5,2.218,92091.06
2022-02-06 09:13:00,41519.5,41520.0,41519.5,41519.5,4.125,171269.8495
2022-02-06 09:14:00,41519.5,41520.0,41519.5,41519.5,1.605,66639.2315
2022-02-06 09:15:00,41519.5,41520.0,41519.5,41520.0,1.386,57546.545
2022-02-06 09:16:00,41520.0,41520.0,41487.0,41487.0,18.983,788053.3805
2022-02-06 09:17:00,41487.0,41487.5,41469.0,41469.0,18.314,759759.7275
2022-02-06 09:18:00,41469.0,41469.5,41469.0,41469.0,8.977,372268.531
2022-02-06 09:19:00,41469.0,41469.5,41469.0,41469.0,3.692,153103.6665
2022-02-06 09:20:00,41469.0,41469.5,41469.0,41469.0,2.484,103009.213
2022-02-06 09:21:00,41469.0,41469.5,41468.0,41468.0,3.723,154387.904
2022-02-06 09:22:00,41468.0,41468.5,41468.0,41468.5,9.123,378312.737
2022-02-06 09:23:00,41468.5,41468.5,41465.5,41465.5,29.683,1230889.4015
2022-02-06 09:24:00,41465.5,41466.0,41465.5,41466.0,1.504,62364.5055
2022-02-06 09:25:00,41466.0,41466.0,41454.0,41454.0,5.994,248522.8495
2022-02-06 09:26:00,41454.0,41454.5,41454.0,41454.0,0.978,40542.032
2022-02-06 09:27:00,41454.0,41454.5,41454.0,41454.5,1.431,59321.2095
2022-02-06 09:28:00,41454.5,41454.5,41442.0,41442.0,19.476,807258.791
2022-02-06 09:29:00,41442.0,41442.5,41442.0,41442.5,2.362,97887.0025
2022-02-06 09:30:00,41442.5,41442.5,41442.0,41442.0,5.222,216410.873
2022-02-06 09:31:00,41442.0,41472.0,41442.0,41472.0,53.089,2200829.503
2022-02-06 09:32:00,41472.0,41472.0,41462.5,41462.5,19.394,804239.714
2022-02-06 09:33:00,41462.5,41462.5,41452.0,41454.0,6.723,278697.5325
2022-02-06 09:34:00,41454.0,41454.0,41442.5,41442.5,3.129,129697.973
2022-02-06 09:35:00,41442.5,41443.0,41411.5,41412.0,54.994,2278150.0775
2022-02-06 09:36:00,41412.0,41412.0,41382.0,41382.5,39.187,1622179.0665
2022-02-06 09:37:00,41382.5,41382.5,41382.0,41382.0,25.285,1046349.6815
2022-02-06 09:38:00,41382.0,41382.5,41330.0,41342.0,81.374,3365486.75
2022-02-06 09:39:00,41342.0,41342.0,41341.5,41341.5,15.192,628062.3825
2022-02-06 09:40:00,41341.5,41342.0,41341.5,41342.0,21.713,897655.1605
2022-02-06 09:41:00,41342.0,41376.0,41341.5,41361.5,50.968,2107828.763
2022-02-06 09:42:00,41361.5,41362.0,41361.5,41362.0,10.396,429998.7445
2022-02-06 09:43:00,41362.0,41362.0,41361.5,41362.0,15.133,625928.1835
2022-02-06 09:44:00,41362.0,41362.0,41361.5,41362.0,11.235,464700.1775
2022-02-06 09:45:00,41362.0,41362.0,41361.5,41362.0,5.495,227283.1005
2022-02-06 09:46:00,41362.0,41362.0,41340.0,41340.0,25.883,1070389.65
2022-02-06 09:47:00,41340.0,41340.5,41320.5,41320.5,42.106,1740235.502
2022-02-06 09:48:00,41320.5,41352.0,41320.5,41351.5,41.872,1730809.6805
2022-02-06 09:49:00,41351.5,41419.5,41351.5,41419.5,51.599,2135891.1775
2022-02-06 09:50:00,41419.5,41419.5,41416.0,41416.0,22.293,923349.9965
2022-02-06 09:51:00,41416.0,41453.5,41416.0,41450.0,47.886,1984349.664
2022-02-06 09:52:00,41450.0,41450.5,41440.0,41440.5,27.897,1156332.7285
2022-02-06 09:53:00,41440.5,41447.5,41440.0,41440.0,43.437,1800164.5655
2022-02-06 09:54:00,41440.0,41440.5,41420.0,41420.0,15.664,649049.3455
2022-02-06 09:55:00,41420.0,41420.0,41414.5,41415.0,6.083,251927.7215
2022-02-06 09:56:00,41415.0,41415.0,41414.5,41414.5,3.579,148222.693
2022-02-06 09:57:00,41414.5,41415.0,41382.5,41382.5,23.595,976933.798
2022-02-06 09:58:00,41382.5,41446.5,41382.5,41446.5,121.649,5037547.487
2022-02-06 09:59:00,41446.5,41464.5,41446.5,41464.5,34.089,1413220.838
2022-02-06 10:00:00,41464.5,41464.5,41462.5,41464.0,17.678,732998.0845
2022-02-06 10:01:00,41464.0,41464.5,41464.0,41464.5,3.261,135214.517
2022-02-06 10:02:00,41464.5,41464.5,41464.0,41464.0,4.264,176803.0675
2022-02-06 10:03:00,41464.0,41466.0,41464.0,41465.5,12.075,500685.615
2022-02-06 10:04:00,41465.5,41466.0,41465.5,41466.0,8.14,337529.452
2022-02-06 10:05:00,41466.0,41466.0,41465.5,41465.5,6.48,268696.547
2022-02-06 10:06:00,41465.5,41466.0,41465.5,41466.0,3.871,160513.9115
2022-02-06 10:07:00,41466.0,41466.0,41465.5,41465.5,3.524,146125.0925
2022-02-06 10:08:00,41465.5,41466.0,41465.0,41465.5,17.239,714823.708
2022-02-06 10:09:00,41465.5,41495.0,41465.5,41494.5,43.754,1814964.2055
2022-02-06 10:10:00,41494.5,41495.0,41494.5,41495.0,9.674,401421.2565
2022-02-06 10:11:00,41495.0,41495.0,41494.5,41495.0,6.85,284237.37
2022-02-06 10:12:00,41495.0,41495.0,41494.5,41495.0,3.004,124650.714
2022-02-06 10:13:00,41495.0,41495.0,41494.5,41495.0,8.291,344031.905
2022-02-06 10:14:00,41495.0,41495.0,41494.5,41494.5,2.691,111661.7915
2022-02-06 10:15:00,41494.5,41495.0,41488.0,41488.0,9.166,380310.089
2022-02-06 10:16:00,41488.0,41488.5,41488.0,41488.0,1.996,82810.164
2022-02-06 10:17:00,41488.0,41488.5,41488.0,41488.0,2.468,102392.4335
2022-02-06 10:18:00,41488.0,41488.5,41488.0,41488.5,2.758,114424.676
2022-02-06 10:19:00,41488.5,41488.5,41488.0,41488.5,1.807,74969.4255
2022-02-06 10:20:00,41488.5,41488.5,41488.0,41488.0,6.824,283116.564
2022-02-06 10:21:00,41488.0,41488.5,41488.0,41488.0,1.37,56838.991
2022-02-06 10:22:00,41488.0,41488.5,41488.0,41488.0,11.801,489605.664
2022-02-06 10:23:00,41488.0,41491.5,41488.0,41491.5,4.65,192926.948
2022-02-06 10:24:00,41491.5,41491.5,41491.0,41491.5,1.366,56677.303
2022-02-06 10:25:00,41491.5,41491.5,41491.0,41491.5,3.61,149783.519
2022-02-06 10:26:00,41491.5,41491.5,41491.0,41491.0,1.172,48627.7595
2022-02-06 10:27:00,41491.0,41491.5,41491.0,41491.0,3.313,137461.109
2022-02-06 10:28:00,41491.0,41491.5,41491.0,41491.5,6.286,260814.9805
2022-02-06 10:29:00,41491.5,41505.0,41491.5,41505.0,19.089,792178.3805
2022-02-06 10:30:00,41505.0,41505.0,41504.5,41504.5,3.781,156928.6625
2022-02-06 10:31:00,41504.5,41505.0,41504.5,41505.0,10.479,434928.532
2022-02-06 10:32:00,41505.0,41505.0,41504.5,41504.5,5.821,241597.7295
2022-02-06 10:33:00,41504.5,41505.0,41504.5,41504.5,2.207,91600.55
2022-02-06 10:34:00,41504.5,41505.0,41496.0,41496.0,15.262,633391.224
2022-02-06 10:35:00,41496.0,41496.5,41496.0,41496.0,15.046,624349.0645
2022-02-06 10:36:00,41496.0,41496.5,41496.0,41496.5,1.776,73696.9155
2022-02-06 10:37:00,41496.5,41496.5,41496.0,41496.0,1.2,49795.301
2022-02-06 10:38:00,41496.0,41496.5,41496.0,41496.5,7.187,298232.036
2022-02-06 10:39:00,41496.5,41496.5,41496.0,41496.0,2.254,93532.066
2022-02-06 10:40:00,41496.0,41496.5,41496.0,41496.0,5.092,211297.698
2022-02-06 10:41:00,41496.0,41496.5,41462.0,41467.5,24.691,1024226.228
2022-02-06 10:42:00,41467.5,41468.0,41467.5,41468.0,4.594,190502.347
2022-02-06 10:43:00,41468.0,41480.0,41467.5,41479.5,10.678,442820.5445
2022-02-06 10:44:00,41479.5,41480.0,41479.5,41479.5,3.811,158078.5145
2022-02-06 10:45:00,41479.5,41480.0,41479.5,41480.0,3.077,127633.1455
2022-02-06 10:46:00,41480.0,41505.0,41480.0,41505.0,26.306,1091499.8205
2022-02-06 10:47:00,41505.0,41505.0,41504.5,41505.0,26.996,1120456.346
2022-02-06 10:48:00,41505.0,41505.0,41504.5,41505.0,1.637,67943.538
2022-02-06 10:49:00,41505.0,41505.0,41504.5,41505.0,0.798,33120.6425
2022-02-06 10:50:00,41505.0,41505.0,41504.5,41505.0,3.089,128208.8775
2022-02-06 10:51:00,41505.0,41520.0,41504.5,41520.0,32.713,1358014.383
2022-02-06 10:52:00,41520.0,41533.5,41519.5,41533.0,12.254,508919.4625
2022-02-06 10:53:00,41533.0,41533.0,41532.5,41533.0,10.209,424006.2405
2022-02-06 10:54:00,41533.0,41533.0,41532.5,41532.5,7.371,306136.366
2022-02-06 10:55:00,41532.5,41533.0,41510.0,41510.0,15.749,653947.6715
2022-02-06 10:56:00,41510.0,41510.5,41510.0,41510.0,3.658,151844.898
2022-02-06 10:57:00,41510.0,41521.0,41510.0,41520.5,3.147,130640.4205
2022-02-06 10:58:00,41520.5,41531.0,41520.5,41531.0,27.665,1148820.5375
2022-02-06 10:59:00,41531.0,41531.0,41530.5,41531.0,13.323,553313.815
2022-02-06 11:00:00,41531.0,41531.0,41530.5,41530.5,4.949,205534.8815
2022-02-06 11:01:00,41530.5,41531.0,41530.5,41531.0,9.57,397449.9685
2022-02-06 11:02:00,41531.0,41533.0,41530.5,41533.0,13.875,576249.836
2022-02-06 11:03:00,41533.0,41561.5,41533.0,41545.0,52.563,2183937.6135
2022-02-06 11:04:00,41545.0,41545.0,41544.5,41544.5,2.874,119399.54
2022-02-06 11:05:00,41544.5,41545.0,41544.5,41545.0,3.219,133732.278
2022-02-06 11:06:00,41545.0,41545.0,41544.5,41544.5,9.365,389064.7445
2022-02-06 11:07:00,41544.5,41545.0,41544.5,41544.5,4.477,185995.9475
2022-02-06 11:08:00,41544.5,41545.0,41544.5,41545.0,0.974,40464.4775
2022-02-06 11:09:00,41545.0,41545.0,41523.0,41523.5,17.987,747001.63
2022-02-06 11:10:00,41523.5,41524.0,41523.5,41523.5,10.789,447997.1135
2022-02-06 11:11:00,41523.5,41524.0,41523.5,41523.5,2.263,93967.881
2022-02-06 11:12:00,41523.5,41524.0,41523.5,41524.0,0.601,24955.7195
2022-02-06 11:13:00,41524.0,41524.0,41523.5,41523.5,0.9,37371.2145
2022-02-06 11:14:00,41523.5,41545.0,41523.5,41544.5,40.458,1680219.952
2022-02-06 11:15:00,41544.5,41545.0,41544.5,41544.5,4.818,200163.238
2022-02-06 11:16:00,41544.5,41545.0,41544.5,41544.5,0.598,24843.8055
2022-02-06 11:17:00,41544.5,41545.0,41544.5,41545.0,1.795,74573.11
2022-02-06 11:18:00,41545.0,41545.0,41544.5,41545.0,0.507,21063.1165
2022-02-06 11:19:00,41545.0,41545.0,41544.5,41545.0,0.457,18985.989
2022-02-06 11:20:00,41545.0,41545.0,41529.5,41529.5,7.889,327712.978
2022-02-06 11:21:00,41529.5,41530.0,41520.0,41520.0,12.085,501838.3195
2022-02-06 11:22:00,41520.0,41520.5,41510.0,41510.5,10.84,450026.2105
2022-02-06 11:23:00,41510.5,41510.5,41506.0,41506.0,8.307,344808.8795
2022-02-06 11:24:00,41506.0,41520.0,41506.0,41520.0,9.688,402151.1565
2022-02-06 11:25:00,41520.0,41520.0,41519.5,41520.0,2.612,108449.419
2022-02-06 11:26:00,41520.0,41526.0,41519.5,41525.5,4.953,205670.418
2022-02-06 11:27:00,41525.5,41535.0,41525.5,41534.5,3.649,151545.338
2022-02-06 11:28:00,41534.5,41535.0,41534.5,41534.5,17.432,724037.431
2022-02-06 11:29:00,41534.5,41545.0,41534.5,41545.0,4.214,175060.5995
2022-02-06 11:30:00,41545.0,41545.0,41539.0,41539.5,3.804,158027.3545
2022-02-06 11:31:00,41539.5,41539.5,41539.0,41539.5,26.202,1088404.9855
2022-02-06 11:32:00,41539.5,41539.5,41539.0,41539.5,3.562,147962.075
2022-02-06 11:33:00,41539.5,41539.5,41539.0,41539.5,2.856,118635.576
2022-02-06 11:34:00,41539.5,41539.5,41539.0,41539.5,1.759,73067.5585
2022-02-06 11:35:00,41539.5,41539.5,41513.0,41513.0,17.27,717278.955
2022-02-06 11:36:00,41513.0,41513.5,41482.5,41499.5,85.839,3562266.7745
2022-02-06 11:37:00,41499.5,41507.5,41499.5,41507.5,2.575,106864.2735
2022-02-06 11:38:00,41507.5,41525.5,41507.0,41525.0,14.267,592370.546
2022-02-06 11:39:00,41525.0,41525.5,41525.0,41525.5,0.488,20264.3875
2022-02-06 11:40:00,41525.5,41525.5,41508.0,41510.5,16.077,667434.1565
2022-02-06 11:41:00,41510.5,41510.5,41480.0,41487.5,34.401,1427418.0155
2022-02-06 11:42:00,41487.5,41500.0,41487.0,41499.5,7.074,293531.2905
2022-02-06 11:43:00,41499.5,41500.0,41496.0,41496.0,2.602,107977.4535
2022-02-06 11:44:00,41496.0,41496.5,41478.5,41478.5,23.386,970229.1455
2022-02-06 11:45:00,41478.5,41479.0,41463.0,41463.0,22.134,917896.635
2022-02-06 11:46:00,41463.0,41463.5,41463.0,41463.5,11.686,484536.6715
2022-02-06 11:47:00,41463.5,41488.0,41463.0,41487.0,26.746,1109106.569
2022-02-06 11:48:00,41487.0,41487.5,41466.0,41466.0,11.184,463979.5295
2022-02-06 11:49:00,41466.0,41466.5,41466.0,41466.5,4.6,190744.3315
2022-02-06 11:50:00,41466.5,41466.5,41458.0,41458.0,4.714,195447.0205
2022-02-06 11:51:00,41458.0,41458.5,41458.0,41458.0,4.592,190375.498
2022-02-06 11:52:00,41458.0,41458.5,41458.0,41458.0,3.076,127525.214
2022-02-06 11:53:00,41458.0,41458.5,41458.0,41458.5,1.598,66250.0355
2022-02-06 11:54:00,41458.5,41458.5,41453.5,41454.0,3.366,139545.852
2022-02-06 11:55:00,41454.0,41454.0,41452.5,41453.0,6.577,272636.453
2022-02-06 11:56:00,41453.0,41515.5,41452.5,41502.0,46.074,1911088.1765
2022-02-06 11:57:00,41502.0,41520.0,41502.0,41519.5,20.807,863760.158
2022-02-06 11:58:00,41519.5,41520.0,41519.5,41519.5,5.765,239361.561
2022-02-06 11:59:00,41519.5,41520.0,41519.5,41519.5,3.959,164376.549
2022-02-06 12:00:00,41519.5,41520.0,41491.5,41492.0,15.607,647694.1045
2022-02-06 12:01:00,41492.0,41511.5,41491.5,41511.0,2.961,122881.244
2022-02-06 12:02:00,41511.0,41511.5,41511.0,41511.5,3.65,151515.628
2022-02-06 12:03:00,41511.5,41511.5,41511.0,41511.0,1.228,50975.692
2022-02-06 12:04:00,41511.0,41511.5,41511.0,41511.5,0.828,34371.244
2022-02-06 12:05:00,41511.5,41524.5,41511.0,41524.5,16.609,689510.935
2022-02-06 12:06:00,41524.5,41524.5,41524.0,41524.5,6.189,256994.764
2022-02-06 12:07:00,41524.5,41524.5,41520.0,41520.5,7.328,304277.209
2022-02-06 12:08:00,41520.5,41520.5,41520.0,41520.5,7.415,307871.742
2022-02-06 12:09:00,41520.5,41520.5,41499.0,41499.5,20.904,867647.011
2022-02-06 12:10:00,41499.5,41499.5,41492.0,41492.0,9.022,374344.607
2022-02-06 12:11:00,41492.0,41492.5,41475.0,41475.0,11.485,476463.7095
2022-02-06 12:12:00,41475.0,41475.5,41475.0,41475.5,4.973,206256.4585
2022-02-06 12:13:00,41475.5,41475.5,41472.5,41472.5,6.192,256811.353
2022-02-06 12:14:00,41472.5,41472.5,41471.0,41471.5,26.346,1092595.8445
2022-02-06 12:15:00,41471.5,41471.5,41467.0,41467.5,5.624,233217.2705
2022-02-06 12:16:00,41467.5,41467.5,41466.0,41466.5,1.054,43705.8385
2022-02-06 12:17:00,41466.5,41466.5,41466.0,41466.5,1.809,75012.6635
2022-02-06 12:18:00,41466.5,41466.5,41465.0,41465.0,4.247,176106.227
2022-02-06 12:19:00,41465.0,41465.5,41464.5,41465.0,1.948,80773.625
2022-02-06 12:20:00,41465.0,41465.0,41456.5,41456.5,18.439,764483.435
2022-02-06 12:21:00,41456.5,41457.0,41450.0,41450.0,9.514,394398.37
2022-02-06 12:22:00,41450.0,41450.5,41430.5,41430.5,13.286,550613.2775
2022-02-06 12:23:00,41430.5,41460.0,41430.0,41437.5,71.106,2947102.8885
2022-02-06 12:24:00,41437.5,41437.5,41434.0,41434.5,9.714,402518.0875
2022-02-06 12:25:00,41434.5,41434.5,41405.5,41405.5,42.688,1767770.222
2022-02-06 12:26:00,41405.5,41406.0,41405.5,41406.0,9.593,397207.0655
2022-02-06 12:27:00,41406.0,41406.0,41405.5,41405.5,20.981,868738.1135
2022-02-06 12:28:00,41405.5,41428.0,41405.5,41428.0,19.96,826535.2115
2022-02-06 12:29:00,41428.0,41428.0,41427.5,41428.0,15.835,656011.92
2022-02-06 12:30:00,41428.0,41435.5,41427.5,41435.0,22.963,951426.3435
2022-02-06 12:31:00,41435.0,41435.5,41435.0,41435.5,10.356,429103.028
2022-02-06 12:32:00,41435.5,41435.5,41415.0,41417.0,10.642,440836.38
2022-02-06 12:33:00,41417.0,41417.0,41414.5,41414.5,6.958,288173.963
2022-02-06 12:34:00,41414.5,41415.0,41414.5,41415.0,6.22,257600.679
2022-02-06 12:35:00,41415.0,41415.0,41414.5,41415.0,6.421,265925.144
2022-02-06 12:36:00,41415.0,41436.0,41414.5,41436.0,6.582,272670.2265
2022-02-06 12:37:00,41436.0,41448.5,41435.5,41448.5,10.693,443102.1505
2022-02-06 12:38:00,41448.5,41448.5,41448.0,41448.5,17.171,711705.215
2022-02-06 12:39:00,41448.5,41448.5,41429.0,41429.5,6.381,264414.0665
2022-02-06 12:40:00,41429.5,41429.5,41426.5,41426.5,11.715,485335.8515
2022-02-06 12:41:00,41426.5,41427.0,41426.5,41427.0,2.633,109076.351
2022-02-06 12:42:00,41427.0,41449.0,41426.5,41448.0,9.492,393334.8385
2022-02-06 12:43:00,41448.0,41448.5,41448.0,41448.5,8.63,357700.418
2022-02-06 12:44:00,41448.5,41458.0,41448.0,41458.0,9.845,408101.1515
2022-02-06 12:45:00,41458.0,41458.0,41457.5,41458.0,4.77,197752.8635
2022-02-06 12:46:00,41458.0,41458.0,41431.0,41437.0,18.328,759525.489
2022-02-06 12:47:00,41437.0,41437.5,41417.5,41417.5,8.217,340422.696
2022-02-06 12:48:00,41417.5,41418.0,41417.5,41417.5,10.244,424285.2365
2022-02-06 12:49:00,41417.5,41448.5,41417.5,41439.5,12.645,523978.5235
2022-02-06 12:50:00,41439.5,41439.5,41439.0,41439.5,1.579,65432.863
2022-02-06 12:51:00,41439.5,41439.5,41439.0,41439.5,1.028,42599.6165
2022-02-06 12:52:00,41439.5,41450.0,41439.0,41450.0,25.278,1047543.3985
2022-02-06 12:53:00,41450.0,41458.0,41423.0,41428.0,19.054,789673.7975
2022-02-06 12:54:00,41428.0,41428.5,41418.5,41418.5,13.092,542337.461
2022-02-06 12:55:00,41418.5,41426.0,41418.5,41426.0,1.206,49951.773
2022-02-06 12:56:00,41426.0,41426.0,41425.5,41426.0,4.485,185794.214
2022-02-06 12:57:00,41426.0,41426.0,41425.5,41425.5,3.936,163050.8705
2022-02-06 12:58:00,41425.5,41426.0,41425.5,41426.0,0.292,12096.3035
2022-02-06 12:59:00,41426.0,41426.0,41414.5,41414.5,8.299,343760.2035
2022-02-06 13:00:00,41414.5,41426.0,41412.5,41425.5,28.04,1161442.311
2022-02-06 13:01:00,41425.5,41429.5,41425.5,41429.5,3.031,125562.561
2022-02-06 13:02:00,41429.5,41431.0,41429.0,41431.0,3.214,133158.3755
2022-02-06 13:03:00,41431.0,41431.0,41430.5,41431.0,6.717,278291.756
2022-02-06 13:04:00,41431.0,41450.0,41431.0,41449.5,9.734,403402.5915
2022-02-06 13:05:00,41449.5,41450.0,41439.0,41439.5,13.852,574157.262
2022-02-06 13:06:00,41439.5,41439.5,41430.0,41430.5,2.812,116511.9675
2022-02-06 13:07:00,41430.5,41430.5,41430.0,41430.5,0.703,29125.33
2022-02-06 13:08:00,41430.5,41430.5,41430.0,41430.0,1.914,79297.425
2022-02-06 13:09:00,41430.0,41449.0,41430.0,41449.0,3.162,131039.455
2022-02-06 13:10:00,41449.0,41449.0,41448.5,41449.0,1.015,42070.6145
2022-02-06 13:11:00,41449.0,41462.5,41448.5,41462.5,10.58,438568.5795
2022-02-06 13:12:00,41462.5,41462.5,41462.0,41462.0,21.687,899196.8805
2022-02-06 13:13:00,41462.0,41490.0,41462.0,41489.5,28.027,1162477.2905
2022-02-06 13:14:00,41489.5,41522.0,41489.5,41521.5,67.064,2783379.731
2022-02-06 13:15:00,41521.5,41619.0,41521.5,41616.5,204.398,8494989.4245
2022-02-06 13:16:00,41616.5,41616.5,41575.0,41590.5,77.135,3208283.4225
2022-02-06 13:17:00,41590.5,41621.5,41590.0,41619.5,83.535,3475427.339
2022-02-06 13:18:00,41619.5,41682.0,41619.5,41673.0,185.836,7739576.115
2022-02-06 13:19:00,41673.0,41673.0,41650.0,41659.0,53.734,2238493.9135
2022-02-06 13:20:00,41659.0,41670.5,41642.5,41670.5,52.268,2177120.972
2022-02-06 13:21:00,41670.5,41670.5,41640.5,41640.5,38.652,1610057.8385
2022-02-06 13:22:00,41640.5,41641.0,41640.5,41640.5,12.191,507640.9875
2022-02-06 13:23:00,41640.5,41641.0,41640.5,41640.5,10.689,445096.595
2022-02-06 13:24:00,41640.5,41641.0,41638.5,41638.5,55.543,2312810.921
2022-02-06 13:25:00,41638.5,41652.0,41634.0,41652.0,77.869,3242401.617
2022-02-06 13:26:00,41652.0,41652.0,41632.5,41633.0,38.771,1614576.0265
2022-02-06 13:27:00,41633.0,41633.0,41568.0,41585.5,69.127,2875234.9215
2022-02-06 13:28:00,41585.5,41586.0,41585.5,41585.5,25.272,1050960.5895
2022-02-06 13:29:00,41585.5,41586.0,41585.5,41586.0,7.071,294054.0685
2022-02-06 13:30:00,41586.0,41600.0,41585.5,41599.5,21.465,892754.2195
2022-02-06 13:31:00,41599.5,41601.5,41569.5,41573.5,35.934,1494463.8625
2022-02-06 13:32:00,41573.5,41600.5,41573.5,41588.0,14.836,616915.5315
2022-02-06 13:33:00,41588.0,41588.0,41563.0,41563.5,13.898,577899.553
2022-02-06 13:34:00,41563.5,41563.5,41554.0,41559.5,45.783,1902659.499
2022-02-06 13:35:00,41559.5,41560.0,41559.5,41560.0,6.599,274253.7065
2022-02-06 13:36:00,41560.0,41560.0,41559.5,41559.5,6.742,280196.779
2022-02-06 13:37:00,41559.5,41580.0,41559.5,41579.0,14.934,620889.9115
2022-02-06 13:38:00,41579.0,41581.5,41579.0,41581.5,14.852,617564.3605
2022-02-06 13:39:00,41581.5,41581.5,41581.0,41581.5,14.659,609542.989
2022-02-06 13:40:00,41581.5,41619.5,41581.0,41619.0,32.379,1347181.7755
2022-02-06 13:41:00,41619.0,41619.5,41589.0,41589.5,13.33,554516.6505
2022-02-06 13:42:00,41589.5,41589.5,41589.0,41589.5,1.667,69329.005
2022-02-06 13:43:00,41589.5,41589.5,41589.0,41589.5,1.071,44541.9465
2022-02-06 13:44:00,41589.5,41589.5,41568.5,41572.5,25.038,1041099.1
2022-02-06 13:45:00,41572.5,41573.0,41562.0,41562.5,6.55,272256.57
2022-02-06 13:46:00,41562.5,41562.5,41550.0,41550.0,25.218,1047970.7865
2022-02-06 13:47:00,41550.0,41550.5,41530.0,41530.0,55.378,2300545.0755
2022-02-06 13:48:00,41530.0,41530.5,41530.0,41530.0,11.987,497825.0085
2022-02-06 13:49:00,41530.0,41530.5,41530.0,41530.5,3.658,151917.546
2022-02-06 13:50:00,41530.5,41530.5,41489.5,41489.5,47.125,1955781.1235
2022-02-06 13:51:00,41489.5,41501.0,41489.5,41501.0,24.692,1024608.528
2022-02-06 13:52:00,41501.0,41501.0,41500.5,41501.0,6.092,252823.658
2022-02-06 13:53:00,41501.0,41503.0,41500.5,41503.0,27.232,1130171.89
2022-02-06 13:54:00,41503.0,41503.0,41502.5,41503.0,6.621,274791.3425
2022-02-06 13:55:00,41503.0,41503.0,41502.5,41503.0,4.501,186803.891
2022-02-06 13:56:00,41503.0,41503.0,41502.5,41503.0,1.308,54285.9025
2022-02-06 13:57:00,41503.0,41503.0,41502.5,41503.0,0.138,5727.3815
2022-02-06 13:58:00,41503.0,41503.0,41502.5,41503.0,3.302,137042.6405
2022-02-06 13:59:00,41503.0,41503.0,41502.5,41502.5,0.275,11413.269
2022-02-06 14:00:00,41502.5,41503.0,41502.5,41503.0,2.437,101142.11
2022-02-06 14:01:00,41503.0,41503.0,41502.5,41503.0,2.969,123221.951
2022-02-06 14:02:00,41503.0,41503.0,41500.5,41500.5,29.571,1227269.9805
2022-02-06 14:03:00,41500.5,41501.0,41496.0,41496.0,11.19,464381.283
2022-02-06 14:04:00,41496.0,41496.5,41496.0,41496.5,5.045,209347.6375
2022-02-06 14:05:00,41496.5,41496.5,41496.0,41496.5,1.599,66352.423
2022-02-06 14:06:00,41496.5,41496.5,41496.0,41496.0,2.68,111209.881
2022-02-06 14:07:00,41496.0,41496.5,41496.0,41496.5,14.244,591076.08
2022-02-06 14:08:00,41496.5,41540.5,41496.5,41533.5,57.047,2368348.1345
2022-02-06 14:09:00,41533.5,41635.5,41533.5,41598.0,82.914,3446648.724
2022-02-06 14:10:00,41598.0,41598.0,41597.5,41598.0,23.38,972552.5905
2022-02-06 14:11:00,41598.0,41598.0,41575.0,41575.5,25.338,1053673.101
2022-02-06 14:12:00,41575.5,41575.5,41565.5,41565.5,4.737,196916.322
2022-02-06 14:13:00,41565.5,41566.0,41565.5,41566.0,2.038,84710.701
2022-02-06 14:14:00,41566.0,41574.0,41565.5,41573.5,28.08,1167199.548
2022-02-06 14:15:00,41573.5,41574.0,41566.0,41566.0,7.284,302803.5455
2022-02-06 14:16:00,41566.0,41566.5,41565.0,41565.0,4.43,184134.0125
2022-02-06 14:17:00,41565.0,41565.5,41562.0,41562.0,12.638,525282.015
2022-02-06 14:18:00,41562.0,41562.5,41546.5,41546.5,5.782,240292.5875
2022-02-06 14:19:00,41546.5,41550.0,41538.5,41550.0,7.93,329435.0005
2022-02-06 14:20:00,41550.0,41565.5,41549.5,41565.5,21.978,913291.342
2022-02-06 14:21:00,41565.5,41566.0,41565.5,41566.0,5.971,248189.965
2022-02-06 14:22:00,41566.0,41569.5,41565.5,41569.5,3.061,127241.198
2022-02-06 14:23:00,41569.5,41569.5,41569.0,41569.5,1.025,42608.4135
2022-02-06 14:24:00,41569.5,41570.0,41569.0,41569.5,0.981,40779.551
2022-02-06 14:25:00,41569.5,41580.0,41569.5,41580.0,48.99,2036646.216
2022-02-06 14:26:00,41580.0,41595.5,41580.0,41595.5,25.464,1059151.08
2022-02-06 14:27:00,41595.5,41610.0,41595.0,41610.0,9.723,404466.9885
2022-02-06 14:28:00,41610.0,41612.5,41609.5,41612.5,17.249,717768.63
2022-02-06 14:29:00,41612.5,41612.5,41612.0,41612.0,5.045,209933.4935
2022-02-06 14:30:00,41612.0,41612.5,41604.0,41604.0,18.053,751225.8685
2022-02-06 14:31:00,41604.0,41604.0,41600.5,41601.0,21.559,896875.824
2022-02-06 14:32:00,41601.0,41601.0,41600.0,41600.0,26.701,1110776.3325
2022-02-06 14:33:00,41600.0,41601.0,41597.0,41600.5,12.315,512274.7555
2022-02-06 14:34:00,41600.5,41602.0,41600.5,41602.0,24.707,1027858.5535
2022-02-06 14:35:00,41602.0,41612.5,41601.5,41612.5,9.519,396057.0005
2022-02-06 14:36:00,41612.5,41612.5,41612.0,41612.5,3.713,154507.1
2022-02-06 14:37:00,41612.5,41612.5,41612.0,41612.5,6.654,276886.6755
2022-02-06 14:38:00,41612.5,41612.5,41612.0,41612.0,1.367,56884.0285
2022-02-06 14:39:00,41612.0,41612.5,41600.0,41600.5,5.219,217158.6465
2022-02-06 14:40:00,41600.5,41600.5,41575.5,41576.0,13.814,574542.3015
2022-02-06 14:41:00,41576.0,41576.0,41575.5,41575.5,4.463,185551.623
2022-02-06 14:42:00,41575.5,41576.0,41575.5,41575.5,2.833,117783.6395
2022-02-06 14:43:00,41575.5,41592.5,41575.5,41592.0,24.082,1001594.781
2022-02-06 14:44:00,41592.0,41592.5,41592.0,41592.5,0.296,12311.312
2022-02-06 14:45:00,41592.5,41600.0,41592.0,41600.0,25.049,1041846.2575
2022-02-06 14:46:00,41600.0,41619.0,41599.5,41618.5,24.35,1013060.6305
2022-02-06 14:47:00,41618.5,41620.0,41600.0,41600.5,28.56,1188626.1835
2022-02-06 14:48:00,41600.5,41609.0,41600.0,41609.0,14.934,621278.8025
2022-02-06 14:49:00,41609.0,41609.0,41608.5,41609.0,8.74,363662.564
2022-02-06 14:50:00,41609.0,41610.0,41608.5,41609.5,20.305,844882.5145
2022-02-06 14:51:00,41609.5,41610.0,41609.5,41610.0,3.066,127575.3675
2022-02-06 14:52:00,41610.0,41610.0,41608.5,41608.5,17.308,720176.871
2022-02-06 14:53:00,41608.5,41609.0,41595.0,41595.0,11.283,469407.0605
2022-02-06 14:54:00,41595.0,41595.5,41588.0,41588.0,35.686,1484238.7765
2022-02-06 14:55:00,41588.0,41588.5,41577.0,41577.5,5.342,222121.193
2022-02-06 14:56:00,41577.5,41577.5,41575.5,41575.5,9.513,395512.588
2022-02-06 14:57:00,41575.5,41576.0,41575.5,41576.0,1.399,58164.296
2022-02-06 14:58:00,41576.0,41576.0,41570.5,41570.5,3.23,134284.3975
2022-02-06 14:59:00,41570.5,41571.0,41570.5,41570.5,8.215,341504.828
2022-02-06 15:00:00,41570.5,41571.0,41570.5,41571.0,2.875,119516.0595
2022-02-06 15:01:00,41571.0,41583.5,41570.5,41583.5,9.608,399488.5155
2022-02-06 15:02:00,41583.5,41583.5,41583.0,41583.5,3.431,142672.947
2022-02-06 15:03:00,41583.5,41583.5,41583.0,41583.5,2.048,85162.857
2022-02-06 15:04:00,41583.5,41583.5,41583.0,41583.5,1.666,69277.9035
2022-02-06 15:05:00,41583.5,41583.5,41579.0,41579.0,4.556,189450.253
2022-02-06 15:06:00,41579.0,41579.5,41579.0,41579.5,6.686,278000.219
2022-02-06 15:07:00,41579.5,41579.5,41579.0,41579.0,1.489,61911.697
2022-02-06 15:08:00,41579.0,41579.5,41579.0,41579.0,4.173,173509.4105
2022-02-06 15:09:00,41579.0,41583.5,41579.0,41583.0,18.811,782188.474
2022-02-06 15:10:00,41583.0,41584.0,41583.0,41584.0,21.977,913884.434
2022-02-06 15:11:00,41584.0,41584.5,41583.5,41584.5,7.233,300779.809
2022-02-06 15:12:00,41584.5,41584.5,41584.0,41584.0,0.425,17673.2085
2022-02-06 15:13:00,41584.0,41584.5,41554.5,41562.0,39.805,1654677.126
2022-02-06 15:14:00,41562.0,41562.5,41562.0,41562.5,6.439,267618.0185
2022-02-06 15:15:00,41562.5,41562.5,41562.0,41562.0,6.152,255690.7135
2022-02-06 15:16:00,41562.0,41562.5,41562.0,41562.5,3.36,139649.77
2022-02-06 15:17:00,41562.5,41580.0,41562.0,41580.0,18.686,776791.479
2022-02-06 15:18:00,41580.0,41580.0,41579.5,41580.0,2.871,119376.177
2022-02-06 15:19:00,41580.0,41595.5,41580.0,41595.0,11.84,492423.3265
2022-02-06 15:20:00,41595.0,41595.5,41595.0,41595.5,3.061,127323.806
2022-02-06 15:21:00,41595.5,41595.5,41579.5,41580.0,15.418,641202.324
2022-02-06 15:22:00,41580.0,41580.0,41579.5,41579.5,2.538,105529.2755
2022-02-06 15:23:00,41579.5,41580.0,41579.5,41580.0,0.218,9064.3865
2022-02-06 15:24:00,41580.0,41580.0,41579.5,41580.0,2.253,93679.5905
2022-02-06 15:25:00,41580.0,41580.0,41579.5,41580.0,0.671,27900.1305
2022-02-06 15:26:00,41580.0,41580.0,41579.5,41580.0,9.521,395882.653
2022-02-06 15:27:00,41580.0,41580.0,41579.5,41580.0,1.42,59042.962
2022-02-06 15:28:00,41580.0,41595.5,41580.0,41595.0,32.576,1354631.739
2022-02-06 15:29:00,41595.0,41607.0,41595.0,41607.0,18.886,785640.5675
2022-02-06 15:30:00,41607.0,41624.5,41606.5,41622.0,8.961,372913.437
2022-02-06 15:31:00,41622.0,41633.5,41621.5,41632.5,43.386,1805963.5955
2022-02-06 15:32:00,41632.5,41633.0,41632.5,41632.5,6.892,286932.3115
2022-02-06 15:33:00,41632.5,41633.0,41632.5,41633.0,5.069,211036.798
2022-02-06 15:34:00,41633.0,41635.0,41632.5,41634.5,10.868,452473.249
2022-02-06 15:35:00,41634.5,41638.0,41634.5,41637.5,28.039,1167442.4315
2022-02-06 15:36:00,41637.5,41638.0,41637.5,41638.0,2.7,112421.4745
2022-02-06 15:37:00,41638.0,41638.0,41637.5,41638.0,4.686,195113.7535
2022-02-06 15:38:00,41638.0,41638.0,41621.5,41621.5,51.923,2161465.594
2022-02-06 15:39:00,41621.5,41622.0,41608.0,41608.5,15.766,656138.193
2022-02-06 15:40:00,41608.5,41608.5,41605.0,41605.0,5.634,234406.398
2022-02-06 15:41:00,41605.0,41610.0,41600.0,41609.5,28.448,1183467.5505
2022-02-06 15:42:00,41609.5,41631.0,41609.5,41630.5,8.546,355691.0295
2022-02-06 15:43:00,41630.5,41631.0,41630.5,41630.5,5.075,211276.4025
2022-02-06 15:44:00,41630.5,41634.0,41630.5,41633.5,8.631,359321.987
2022-02-06 15:45:00,41633.5,41634.0,41627.5,41627.5,35.948,1496573.44
2022-02-06 15:46:00,41627.5,41628.0,41627.5,41628.0,3.907,162638.766
2022-02-06 15:47:00,41628.0,41628.0,41613.0,41613.0,22.396,931966.6635
2022-02-06 15:48:00,41613.0,41613.5,41613.0,41613.0,6.408,266658.7065
2022-02-06 15:49:00,41613.0,41619.0,41613.0,41619.0,5.101,212286.2625
2022-02-06 15:50:00,41619.0,41625.0,41618.5,41625.0,9.089,378288.9375
2022-02-06 15:51:00,41625.0,41625.0,41624.5,41625.0,11.818,491924.157
2022-02-06 15:52:00,41625.0,41640.0,41624.5,41640.0,28.32,1179044.551
2022-02-06 15:53:00,41640.0,41640.0,41634.5,41634.5,16.782,698770.6855
2022-02-06 15:54:00,41634.5,41634.5,41604.0,41604.0,15.107,628682.0845
2022-02-06 15:55:00,41604.0,41604.5,41604.0,41604.0,2.558,106423.33
2022-02-06 15:56:00,41604.0,41604.5,41604.0,41604.0,5.314,221085.9195
2022-02-06 15:57:00,41604.0,41620.0,41604.0,41620.0,9.082,377906.702
2022-02-06 15:58:00,41620.0,41620.0,41619.5,41619.5,11.513,479170.1435
2022-02-06 15:59:00,41619.5,41620.0,41605.5,41605.5,12.22,508544.648
2022-02-06 16:00:00,41605.5,41606.0,41597.0,41597.0,16.013,666157.259
2022-02-06 16:01:00,41597.0,41597.5,41566.5,41566.5,32.824,1364878.6745
2022-02-06 16:02:00,41566.5,41567.0,41553.5,41553.5,24.287,1009475.2145
2022-02-06 16:03:00,41553.5,41553.5,41548.5,41549.0,23.352,970274.7595
2022-02-06 16:04:00,41549.0,41549.0,41533.5,41533.5,17.468,725613.812
2022-02-06 16:05:00,41533.5,41548.0,41533.5,41548.0,17.817,740182.6605
2022-02-06 16:06:00,41548.0,41548.0,41547.5,41548.0,7.109,295364.182
2022-02-06 16:07:00,41548.0,41548.0,41547.5,41548.0,12.552,521509.3525
2022-02-06 16:08:00,41548.0,41548.0,41547.5,41548.0,10.267,426573.143
2022-02-06 16:09:00,41548.0,41570.0,41547.5,41557.0,21.597,897552.12
2022-02-06 16:10:00,41557.0,41557.0,41556.5,41556.5,3.668,152430.3055
2022-02-06 16:11:00,41556.5,41557.0,41556.5,41557.0,0.843,35032.493
2022-02-06 16:12:00,41557.0,41563.5,41556.5,41563.0,4.323,179654.761
2022-02-06 16:13:00,41563.0,41563.5,41563.0,41563.5,6.005,249588.79
2022-02-06 16:14:00,41563.5,41563.5,41563.0,41563.0,3.893,161805.4485
2022-02-06 16:15:00,41563.0,41563.5,41563.0,41563.0,1.809,75187.5815
2022-02-06 16:16:00,41563.0,41563.5,41563.0,41563.5,6.831,283918.3525
2022-02-06 16:17:00,41563.5,41563.5,41563.0,41563.5,5.537,230135.8615
2022-02-06 16:18:00,41563.5,41563.5,41514.0,41521.5,76.004,3157172.708
2022-02-06 16:19:00,41521.5,41532.0,41521.0,41531.5,25.045,1039957.1805
2022-02-06 16:20:00,41531.5,41532.5,41531.5,41532.5,17.057,708411.1005
2022-02-06 16:21:00,41532.5,41533.0,41532.0,41533.0,6.276,260658.894
2022-02-06 16:22:00,41533.0,41533.0,41532.5,41533.0,5.251,218089.049
2022-02-06 16:23:00,41533.0,41545.0,41532.5,41545.0,12.392,514737.45
2022-02-06 16:24:00,41545.0,41545.0,41544.5,41544.5,1.511,62774.0555
2022-02-06 16:25:00,41544.5,41545.0,41544.5,41545.0,1.64,68133.4395
2022-02-06 16:26:00,41545.0,41545.0,41544.5,41545.0,3.904,162191.609
2022-02-06 16:27:00,41545.0,41545.0,41544.5,41545.0,2.949,122516.167
2022-02-06 16:28:00,41545.0,41545.0,41544.5,41545.0,5.411,224799.5085
2022-02-06 16:29:00,41545.0,41545.0,41544.5,41545.0,1.451,60281.3555
2022-02-06 16:30:00,41545.0,41545.0,41544.5,41545.0,4.137,171871.352
2022-02-06 16:31:00,41545.0,41545.0,41544.5,41544.5,12.636,524962.427
2022-02-06 16:32:00,41544.5,41582.0,41544.5,41581.5,29.995,1246611.5995
2022-02-06 16:33:00,41581.5,41581.5,41537.0,41537.0,9.608,399294.8655
2022-02-06 16:34:00,41537.0,41537.5,41537.0,41537.0,6.842,284196.8505
2022-02-06 16:35:00,41537.0,41537.5,41525.5,41525.5,16.078,667808.1585
2022-02-06 16:36:00,41525.5,41526.0,41525.5,41526.0,6.977,289723.632
2022-02-06 16:37:00,41526.0,41526.0,41525.5,41525.5,4.202,174491.016
2022-02-06 16:38:00,41525.5,41526.0,41525.5,41525.5,6.498,269834.2115
2022-02-06 16:39:00,41525.5,41526.0,41500.5,41500.5,37.462,1555026.6625
2022-02-06 16:40:00,41500.5,41506.5,41500.0,41506.5,24.749,1027192.747
2022-02-06 16:41:00,41506.5,41506.5,41506.0,41506.5,14.653,608189.598
2022-02-06 16:42:00,41506.5,41506.5,41506.0,41506.5,3.985,165402.91
2022-02-06 16:43:00,41506.5,41506.5,41506.0,41506.5,29.383,1219573.582
2022-02-06 16:44:00,41506.5,41506.5,41506.0,41506.5,4.911,203837.8155
2022-02-06 16:45:00,41506.5,41506.5,41506.0,41506.5,16.018,664844.8565
2022-02-06 16:46:00,41506.5,41506.5,41506.0,41506.5,15.759,654100.9015
2022-02-06 16:47:00,41506.5,41506.5,41506.0,41506.5,2.479,102894.5605
2022-02-06 16:48:00,41506.5,41506.5,41506.0,41506.5,2.961,122899.9535
2022-02-06 16:49:00,41506.5,41506.5,41506.0,41506.0,2.677,111112.3175
2022-02-06 16:50:00,41506.0,41506.5,41506.0,41506.5,1.246,51716.641
2022-02-06 16:51:00,41506.5,41506.5,41506.0,41506.0,3.965,164572.2385
2022-02-06 16:52:00,41506.0,41506.5,41506.0,41506.0,0.738,30631.6495
2022-02-06 16:53:00,41506.0,41506.5,41506.0,41506.5,3.628,150585.542
2022-02-06 16:54:00,41506.5,41506.5,41506.0,41506.5,6.363,264105.786
2022-02-06 16:55:00,41506.5,41506.5,41506.0,41506.5,2.169,90027.3355
2022-02-06 16:56:00,41506.5,41506.5,41506.0,41506.0,1.172,48645.483
2022-02-06 16:57:00,41506.0,41506.5,41506.0,41506.5,1.93,80106.882
2022-02-06 16:58:00,41506.5,41506.5,41506.0,41506.5,1.266,52547.1525
2022-02-06 16:59:00,41506.5,41506.5,41506.0,41506.5,3.011,124975.864
2022-02-06 17:00:00,41506.5,41506.5,41506.0,41506.5,6.718,278839.633
2022-02-06 17:01:00,41506.5,41506.5,41506.0,41506.5,2.088,86665.5355
2022-02-06 17:02:00,41506.5,41506.5,41506.0,41506.5,18.469,766576.9465
2022-02-06 17:03:00,41506.5,41506.5,41506.0,41506.0,2.192,90981.4185
2022-02-06 17:04:00,41506.0,41506.5,41506.0,41506.0,3.691,153198.7505
2022-02-06 17:05:00,41506.0,41506.5,41506.0,41506.5,1.047,43457.042
2022-02-06 17:06:00,41506.5,41506.5,41506.0,41506.0,10.979,455697.5935
2022-02-06 17:07:00,41506.0,41543.5,41506.0,41543.0,59.29,2461581.884
2022-02-06 17:08:00,41543.0,41543.0,41542.5,41543.0,9.894,411022.808
2022-02-06 17:09:00,41543.0,41543.0,41542.5,41543.0,3.976,165174.466
2022-02-06 17:10:00,41543.0,41543.0,41542.5,41543.0,3.406,141495.3255
2022-02-06 17:11:00,41543.0,41543.0,41542.5,41543.0,13.107,544503.4405
2022-02-06 17:12:00,41543.0,41543.0,41526.0,41526.5,10.844,450436.3615
2022-02-06 17:13:00,41526.5,41526.5,41526.0,41526.5,0.84,34881.972
2022-02-06 17:14:00,41526.5,41526.5,41500.0,41502.5,32.316,1341529.9195
2022-02-06 17:15:00,41502.5,41502.5,41460.0,41460.0,62.319,2585121.6235
2022-02-06 17:16:00,41460.0,41465.0,41460.0,41465.0,20.563,852564.9665
2022-02-06 17:17:00,41465.0,41465.0,41462.0,41462.0,12.024,498568.5215
2022-02-06 17:18:00,41462.0,41462.5,41455.5,41456.0,23.597,978265.5875
2022-02-06 17:19:00,41456.0,41465.0,41455.5,41465.0,14.425,598009.9245
2022-02-06 17:20:00,41465.0,41465.0,41464.5,41465.0,21.385,886728.4165
2022-02-06 17:21:00,41465.0,41465.0,41464.5,41465.0,11.141,461960.684
2022-02-06 17:22:00,41465.0,41501.0,41464.5,41500.5,17.703,734440.3645
2022-02-06 17:23:00,41500.5,41501.0,41490.0,41500.0,10.807,448431.537
2022-02-06 17:24:00,41500.0,41505.0,41496.0,41505.0,71.614,2971991.012
2022-02-06 17:25:00,41505.0,41505.5,41504.5,41505.5,16.849,699323.9015
2022-02-06 17:26:00,41505.5,41505.5,41505.0,41505.0,6.268,260153.3945
2022-02-06 17:27:00,41505.0,41505.5,41505.0,41505.0,4.167,172951.8855
2022-02-06 17:28:00,41505.0,41505.5,41495.0,41495.5,8.979,372640.5835
2022-02-06 17:29:00,41495.5,41503.5,41495.0,41503.5,12.58,522013.72
2022-02-06 17:30:00,41503.5,41521.5,41503.0,41521.5,21.563,895131.8295
2022-02-06 17:31:00,41521.5,41523.5,41521.0,41523.5,5.803,240948.9915
2022-02-06 17:32:00,41523.5,41526.5,41523.0,41526.5,5.512,228882.5915
2022-02-06 17:33:00,41526.5,41526.5,41526.0,41526.0,3.462,143763.7065
2022-02-06 17:34:00,41526.0,41526.5,41526.0,41526.0,11.611,482158.553
2022-02-06 17:35:00,41526.0,41553.5,41526.0,41553.5,24.849,1032157.3915
2022-02-06 17:36:00,41553.5,41581.0,41553.0,41580.5,56.446,2345968.4495
2022-02-06 17:37:00,41580.5,41610.0,41580.5,41609.5,50.967,2119664.8915
2022-02-06 17:38:00,41609.5,41610.0,41604.0,41604.0,41.296,1718113.343
2022-02-06 17:39:00,41604.0,41604.5,41587.0,41599.5,37.161,1545671.2885
2022-02-06 17:40:00,41599.5,41600.0,41599.5,41599.5,11.777,489920.8035
2022-02-06 17:41:00,41599.5,41600.0,41584.0,41584.5,11.675,485647.67
2022-02-06 17:42:00,41584.5,41584.5,41584.0,41584.5,7.831,325645.4905
2022-02-06 17:43:00,41584.5,41584.5,41583.0,41583.5,8.267,343773.772
2022-02-06 17:44:00,41583.5,41583.5,41579.0,41579.0,9.669,402035.4945
2022-02-06 17:45:00,41579.0,41600.0,41579.0,41600.0,29.16,1212724.971
2022-02-06 17:46:00,41600.0,41600.0,41599.5,41599.5,4.511,187655.946
2022-02-06 17:47:00,41599.5,41600.0,41582.0,41582.0,13.612,566211.297
2022-02-06 17:48:00,41582.0,41596.5,41582.0,41596.5,20.234,841439.195
2022-02-06 17:49:00,41596.5,41596.5,41596.0,41596.0,12.384,515125.349
2022-02-06 17:50:00,41596.0,41596.5,41596.0,41596.5,2.436,101327.9765
2022-02-06 17:51:00,41596.5,41596.5,41596.0,41596.0,2.425,100870.784
2022-02-06 17:52:00,41596.0,41596.5,41583.5,41583.5,3.11,129339.8945
2022-02-06 17:53:00,41583.5,41584.0,41558.0,41558.5,14.506,603032.5985
2022-02-06 17:54:00,41558.5,41558.5,41557.0,41557.0,3.997,166105.239
2022-02-06 17:55:00,41557.0,41557.5,41557.0,41557.0,4.371,181647.584
2022-02-06 17:56:00,41557.0,41557.5,41557.0,41557.5,4.857,201844.4745
2022-02-06 17:57:00,41557.5,41557.5,41557.0,41557.0,3.412,141793.4105
2022-02-06 17:58:00,41557.0,41557.5,41557.0,41557.5,7.217,299918.745
2022-02-06 17:59:00,41557.5,41575.5,41557.0,41573.0,11.914,495215.045
2022-02-06 18:00:00,41573.0,41573.0,41572.5,41572.5,1.41,58617.4125
2022-02-06 18:01:00,41572.5,41573.0,41572.5,41573.0,0.986,40990.637
2022-02-06 18:02:00,41573.0,41580.0,41572.5,41580.0,12.468,518343.8195
2022-02-06 18:03:00,41580.0,41580.0,41579.5,41579.5,2.221,92348.532
2022-02-06 18:04:00,41579.5,41580.0,41579.5,41580.0,1.456,60539.9115
2022-02-06 18:05:00,41580.0,41580.0,41572.5,41573.0,9.138,379940.9125
2022-02-06 18:06:00,41573.0,41573.0,41572.5,41572.5,7.51,312209.6055
2022-02-06 18:07:00,41572.5,41573.0,41565.0,41565.5,2.588,107573.439
2022-02-06 18:08:00,41565.5,41565.5,41565.0,41565.0,2.232,92773.4585
2022-02-06 18:09:00,41565.0,41565.5,41565.0,41565.0,5.671,235717.2725
2022-02-06 18:10:00,41565.0,41565.5,41565.0,41565.0,2.483,103206.949
2022-02-06 18:11:00,41565.0,41565.5,41565.0,41565.5,1.26,52372.032
2022-02-06 18:12:00,41565.5,41565.5,41565.0,41565.0,0.692,28763.051
2022-02-06 18:13:00,41565.0,41565.5,41565.0,41565.0,0.958,39819.375
2022-02-06 18:14:00,41565.0,41565.5,41565.0,41565.5,8.255,343119.5095
2022-02-06 18:15:00,41565.5,41565.5,41542.0,41542.0,30.421,1263973.1205
2022-02-06 18:16:00,41542.0,41542.0,41511.5,41512.0,30.015,1246387.7625
2022-02-06 18:17:00,41512.0,41512.0,41511.5,41512.0,11.59,481122.094
2022-02-06 18:18:00,41512.0,41512.0,41511.0,41511.0,26.998,1120726.6295
2022-02-06 18:19:00,41511.0,41511.5,41495.0,41495.5,45.669,1895391.5245
2022-02-06 18:20:00,41495.5,41499.0,41491.0,41493.5,42.548,1765524.505
2022-02-06 18:21:00,41493.5,41496.0,41490.5,41495.5,36.399,1510296.8915
2022-02-06 18:22:00,41495.5,41496.0,41495.5,41495.5,15.184,630073.1785
2022-02-06 18:23:00,41495.5,41510.0,41495.5,41510.0,15.767,654298.8435
2022-02-06 18:24:00,41510.0,41510.0,41509.5,41510.0,3.275,135944.984
2022-02-06 18:25:00,41510.0,41510.0,41509.5,41510.0,4.423,183596.933
2022-02-06 18:26:00,41510.0,41510.0,41509.5,41510.0,4.029,167242.028
2022-02-06 18:27:00,41510.0,41550.0,41509.5,41549.5,52.268,2170482.6035
2022-02-06 18:28:00,41549.5,41550.0,41549.5,41550.0,5.328,221377.325
2022-02-06 18:29:00,41550.0,41591.0,41549.5,41580.5,91.108,3787099.9555
2022-02-06 18:30:00,41580.5,41581.0,41580.5,41581.0,6.371,264911.249
2022-02-06 18:31:00,41581.0,41597.5,41580.5,41597.0,54.542,2268264.72
2022-02-06 18:32:00,41597.0,41624.0,41597.0,41624.0,142.44,5928185.4595
2022-02-06 18:33:00,41624.0,41632.5,41622.0,41622.5,76.038,3165299.4835
2022-02-06 18:34:00,41622.5,41622.5,41581.5,41581.5,33.717,1402389.4645
2022-02-06 18:35:00,41581.5,41582.0,41580.5,41580.5,33.82,1406278.09
2022-02-06 18:36:00,41580.5,41640.0,41571.0,41640.0,103.338,4297836.346
2022-02-06 18:37:00,41640.0,41700.0,41639.5,41699.5,206.479,8603864.476
2022-02-06 18:38:00,41699.5,41712.0,41664.0,41665.5,156.55,6527208.9675
2022-02-06 18:39:00,41665.5,41748.5,41665.0,41735.0,218.251,9102118.225
2022-02-06 18:40:00,41735.0,41787.5,41696.5,41714.0,221.134,9230718.8565
2022-02-06 18:41:00,41714.0,41737.0,41703.5,41721.0,75.98,3169801.6035
2022-02-06 18:42:00,41721.0,41774.0,41721.0,41734.0,55.406,2312554.047
2022-02-06 18:43:00,41734.0,41734.5,41575.0,41600.0,306.706,12772903.892
2022-02-06 18:44:00,41600.0,41620.5,41505.0,41541.5,238.241,9901588.4545
2022-02-06 18:45:00,41541.5,41580.0,41476.0,41500.0,182.71,7582723.653
2022-02-06 18:46:00,41500.0,41546.5,41492.0,41492.0,142.914,5932838.306
2022-02-06 18:47:00,41492.0,41524.0,41492.0,41523.5,44.296,1838935.655
2022-02-06 18:48:00,41523.5,41583.0,41523.5,41550.0,66.646,2769004.5145
2022-02-06 18:49:00,41550.0,41552.5,41550.0,41552.0,20.629,857173.985
2022-02-06 18:50:00,41552.0,41552.5,41523.5,41524.0,26.386,1095866.183
2022-02-06 18:51:00,41524.0,41524.0,41510.0,41518.5,34.031,1412789.3695
2022-02-06 18:52:00,41518.5,41538.0,41518.5,41538.0,15.764,654627.632
2022-02-06 18:53:00,41538.0,41549.0,41537.5,41549.0,22.854,949412.157
2022-02-06 18:54:00,41549.0,41629.5,41548.5,41607.5,56.735,2360375.5415
2022-02-06 18:55:00,41607.5,41607.5,41607.0,41607.0,20.729,862474.138
2022-02-06 18:56:00,41607.0,41646.5,41607.0,41641.0,50.43,2099129.231
2022-02-06 18:57:00,41641.0,41641.5,41641.0,41641.5,15.457,643647.135
2022-02-06 18:58:00,41641.5,41641.5,41630.0,41639.0,30.757,1280634.3205
2022-02-06 18:59:00,41639.0,41656.0,41639.0,41655.5,41.852,1743131.4755
2022-02-06 19:00:00,41655.5,41691.5,41621.0,41628.0,101.984,4249418.959
2022-02-06 19:01:00,41628.0,41665.5,41628.0,41665.0,22.436,934572.4545
2022-02-06 19:02:00,41665.0,41665.5,41654.0,41654.0,35.947,1497583.517
2022-02-06 19:03:00,41654.0,41654.5,41654.0,41654.5,4.681,194982.5865
2022-02-06 19:04:00,41654.5,41654.5,41654.0,41654.5,12.065,502558.898
2022-02-06 19:05:00,41654.5,41710.0,41654.0,41707.5,52.572,2191645.4155
2022-02-06 19:06:00,41707.5,41708.0,41668.5,41669.5,36.566,1524744.399
2022-02-06 19:07:00,41669.5,41669.5,41616.0,41616.0,42.544,1771740.4525
2022-02-06 19:08:00,41616.0,41625.0,41616.0,41625.0,20.265,843432.327
2022-02-06 19:09:00,41625.0,41669.0,41624.5,41668.0,16.068,669220.085
2022-02-06 19:10:00,41668.0,41668.0,41667.5,41667.5,9.248,385342.7285
2022-02-06 19:11:00,41667.5,41668.0,41663.0,41663.0,6.782,282582.963
2022-02-06 19:12:00,41663.0,41663.5,41637.5,41638.0,27.425,1142295.3625
2022-02-06 19:13:00,41638.0,41638.0,41637.5,41638.0,5.195,216307.9395
2022-02-06 19:14:00,41638.0,41650.0,41637.5,41650.0,15.369,640089.1565
2022-02-06 19:15:00,41650.0,41650.0,41649.5,41650.0,2.888,120284.3425
2022-02-06 19:16:00,41650.0,41650.0,41637.5,41637.5,7.497,312243.69
2022-02-06 19:17:00,41637.5,41642.0,41630.5,41642.0,10.936,455329.03
2022-02-06 19:18:00,41642.0,41642.0,41641.5,41641.5,8.377,348834.5725
2022-02-06 19:19:00,41641.5,41664.5,41641.5,41664.5,20.817,867021.4965
2022-02-06 19:20:00,41664.5,41670.0,41664.5,41670.0,13.234,551455.7595
2022-02-06 19:21:00,41670.0,41670.0,41669.5,41669.5,5.049,210389.6305
2022-02-06 19:22:00,41669.5,41670.0,41661.5,41661.5,17.818,742339.0985
2022-02-06 19:23:00,41661.5,41662.0,41652.0,41652.5,7.522,313356.408
2022-02-06 19:24:00,41652.5,41652.5,41652.0,41652.5,2.016,83970.988
2022-02-06 19:25:00,41652.5,41652.5,41652.0,41652.5,2.635,109753.7295
2022-02-06 19:26:00,41652.5,41652.5,41652.0,41652.0,12.256,510491.46
2022-02-06 19:27:00,41652.0,41652.5,41652.0,41652.5,3.814,158862.0535
2022-02-06 19:28:00,41652.5,41652.5,41631.0,41631.0,30.09,1253159.0955
2022-02-06 19:29:00,41631.0,41662.5,41631.0,41662.5,16.666,694031.702
2022-02-06 19:30:00,41662.5,41700.0,41662.0,41700.0,28.864,1202953.8045
2022-02-06 19:31:00,41700.0,41700.0,41634.5,41637.5,45.034,1876215.5205
2022-02-06 19:32:00,41637.5,41638.0,41610.5,41618.0,22.072,918772.89
2022-02-06 19:33:00,41618.0,41618.5,41618.0,41618.0,3.679,153113.992
2022-02-06 19:34:00,41618.0,41618.5,41618.0,41618.0,9.863,410481.911
2022-02-06 19:35:00,41618.0,41618.5,41618.0,41618.0,16.749,697067.823
2022-02-06 19:36:00,41618.0,41664.5,41618.0,41664.5,41.342,1721061.6125
2022-02-06 19:37:00,41664.5,41679.5,41664.0,41665.0,18.776,782474.6015
2022-02-06 19:38:00,41665.0,41665.5,41665.0,41665.0,3.033,126370.606
2022-02-06 19:39:00,41665.0,41665.5,41665.0,41665.0,3.416,142328.301
2022-02-06 19:40:00,41665.0,41682.5,41665.0,41682.0,21.465,894504.3455
2022-02-06 19:41:00,41682.0,41682.5,41682.0,41682.0,5.284,220248.87
2022-02-06 19:42:00,41682.0,41682.5,41656.0,41656.0,10.423,434344.541
2022-02-06 19:43:00,41656.0,41656.5,41651.0,41651.0,14.658,610526.2325
2022-02-06 19:44:00,41651.0,41651.5,41640.5,41640.5,29.363,1222740.877
2022-02-06 19:45:00,41640.5,41665.0,41640.5,41665.0,8.857,368882.158
2022-02-06 19:46:00,41665.0,41665.0,41664.5,41665.0,5.906,246071.1775
2022-02-06 19:47:00,41665.0,41665.0,41664.5,41665.0,2.473,103037.0825
2022-02-06 19:48:00,41665.0,41676.0,41664.5,41676.0,11.784,491009.8355
2022-02-06 19:49:00,41676.0,41676.0,41675.5,41676.0,7.634,318153.778
2022-02-06 19:50:00,41676.0,41680.0,41675.5,41679.5,16.993,708218.3525
2022-02-06 19:51:00,41679.5,41680.0,41679.5,41680.0,10.884,453643.984
2022-02-06 19:52:00,41680.0,41700.0,41679.5,41700.0,53.531,2231487.6685
2022-02-06 19:53:00,41700.0,41700.0,41699.5,41700.0,10.91,454944.652
2022-02-06 19:54:00,41700.0,41700.0,41699.5,41700.0,9.542,397901.011
2022-02-06 19:55:00,41700.0,41717.0,41699.5,41716.5,35.361,1474919.083
2022-02-06 19:56:00,41716.5,41734.5,41716.5,41719.0,66.552,2777184.3495
2022-02-06 19:57:00,41719.0,41719.5,41714.5,41714.5,34.682,1446826.3795
2022-02-06 19:58:00,41714.5,41715.0,41714.5,41714.5,7.929,330755.7125
2022-02-06 19:59:00,41714.5,41720.5,41713.0,41720.5,45.547,1899966.155
2022-02-06 20:00:00,41720.5,41745.0,41720.5,41745.0,73.576,3070822.0965
2022-02-06 20:01:00,41745.0,42200.0,41744.5,42041.0,1186.975,49830917.2165
2022-02-06 20:02:00,42041.0,42240.0,41940.0,42060.0,1312.483,55239955.79
2022-02-06 20:03:00,42060.0,42060.0,41725.0,41725.0,601.966,25209265.939
2022-02-06 20:04:00,41725.0,41818.0,41657.0,41791.0,341.637,14263061.821
2022-02-06 20:05:00,41791.0,41791.5,41690.5,41709.5,162.757,6791094.0815
2022-02-06 20:06:00,41709.5,41710.0,41560.0,41600.0,395.733,16467472.615
2022-02-06 20:07:00,41600.0,41600.5,41500.0,41555.5,338.615,14067581.1675
2022-02-06 20:08:00,41555.5,41569.0,41475.0,41569.0,244.605,10153454.7755
2022-02-06 20:09:00,41569.0,41685.5,41568.5,41652.0,194.154,8083443.318
2022-02-06 20:10:00,41652.0,41652.5,41515.5,41527.0,114.358,4754164.1865
2022-02-06 20:11:00,41527.0,41527.0,41512.5,41513.0,58.342,2422491.948
2022-02-06 20:12:00,41513.0,41513.0,41410.0,41430.0,339.009,14052382.133
2022-02-06 20:13:00,41430.0,41450.0,41363.0,41450.0,256.388,10613849.823
2022-02-06 20:14:00,41450.0,41479.0,41428.0,41468.5,115.99,4808804.2515
2022-02-06 20:15:00,41468.5,41468.5,41388.0,41415.0,110.6,4580937.1955
2022-02-06 20:16:00,41415.0,41509.0,41414.5,41504.0,105.761,4385625.5175
2022-02-06 20:17:00,41504.0,41561.5,41485.5,41502.5,178.348,7405593.6955
2022-02-06 20:18:00,41502.5,41502.5,41224.0,41228.5,403.473,16674931.539
2022-02-06 20:19:00,41228.5,41295.0,41211.0,41283.0,298.758,12322449.753
2022-02-06 20:20:00,41283.0,41318.0,41253.0,41253.0,135.56,5596519.3405
2022-02-06 20:21:00,41253.0,41318.0,41250.0,41318.0,145.152,5989728.049
2022-02-06 20:22:00,41318.0,41340.0,41292.5,41339.0,75.293,3110374.611
2022-02-06 20:23:00,41339.0,41367.0,41338.5,41365.5,130.19,5384263.481
2022-02-06 20:24:00,41365.5,41366.0,41344.0,41344.0,63.824,2638985.0
2022-02-06 20:25:00,41344.0,41344.5,41264.0,41270.0,95.501,3943808.587
2022-02-06 20:26:00,41270.0,41270.0,41207.0,41208.0,133.611,5509277.834
2022-02-06 20:27:00,41208.0,41270.0,41208.0,41269.0,92.151,3800204.9635
2022-02-06 20:28:00,41269.0,41269.0,41250.0,41258.0,46.394,1913891.9395
2022-02-06 20:29:00,41258.0,41283.0,41257.5,41283.0,48.751,2012015.2475
2022-02-06 20:30:00,41283.0,41283.0,41240.0,41240.5,65.877,2718136.5995
2022-02-06 20:31:00,41240.5,41240.5,41145.0,41159.5,229.704,9461620.747
2022-02-06 20:32:00,41159.5,41250.0,41110.0,41250.0,214.228,8820496.9445
2022-02-06 20:33:00,41250.0,41250.0,41116.0,41217.5,324.017,13350898.9245
2022-02-06 20:34:00,41217.5,41217.5,41170.0,41209.5,82.515,3399334.5175
2022-02-06 20:35:00,41209.5,41226.0,41170.5,41226.0,98.54,4060140.526
2022-02-06 20:36:00,41226.0,41325.0,41226.0,41325.0,163.926,6767488.8825
2022-02-06 20:37:00,41325.0,41450.0,41325.0,41393.0,351.566,14553936.4685
2022-02-06 20:38:00,41393.0,41393.5,41344.0,41345.5,123.788,5119947.6785
2022-02-06 20:39:00,41345.5,41345.5,41303.0,41342.5,61.631,2547083.5155
2022-02-06 20:40:00,41342.5,41343.0,41283.5,41283.5,49.482,2044453.521
2022-02-06 20:41:00,41283.5,41300.0,41279.0,41300.0,72.752,3003540.8805
2022-02-06 20:42:00,41300.0,41370.0,41299.5,41370.0,71.872,2970691.0785
2022-02-06 20:43:00,41370.0,41370.0,41350.0,41351.5,70.841,2930161.484
2022-02-06 20:44:00,41351.5,41351.5,41315.0,41341.5,23.367,965962.1185
2022-02-06 20:45:00,41341.5,41408.0,41322.5,41397.5,61.993,2564935.36
2022-02-06 20:46:00,41397.5,41397.5,41368.5,41369.0,29.897,1237340.0375
2022-02-06 20:47:00,41369.0,41391.0,41350.0,41350.5,43.697,1807862.883
2022-02-06 20:48:00,41350.5,41350.5,41335.5,41335.5,23.868,986836.121
2022-02-06 20:49:00,41335.5,41336.0,41326.0,41332.0,31.9,1318428.3995
2022-02-06 20:50:00,41332.0,41355.0,41328.5,41332.5,35.317,1459961.8275
2022-02-06 20:51:00,41332.5,41360.0,41332.5,41359.5,18.03,745538.837
2022-02-06 20:52:00,41359.5,41360.0,41333.0,41333.0,23.7,980155.006
2022-02-06 20:53:00,41333.0,41333.5,41320.0,41330.0,17.693,731187.164
2022-02-06 20:54:00,41330.0,41330.5,41326.0,41330.0,20.589,850910.013
2022-02-06 20:55:00,41330.0,41330.0,41327.0,41327.0,7.807,322650.8695
2022-02-06 20:56:00,41327.0,41350.0,41327.0,41350.0,32.767,1354544.6285
2022-02-06 20:57:00,41350.0,41397.5,41349.5,41387.5,44.007,1820838.894
2022-02-06 20:58:00,41387.5,41388.0,41382.0,41382.5,6.672,276126.2765
2022-02-06 20:59:00,41382.5,41439.5,41382.0,41434.0,119.137,4933857.2855
2022-02-06 21:00:00,41434.0,41434.0,41409.0,41415.5,37.574,1556158.3635
2022-02-06 21:01:00,41415.5,41476.0,41415.0,41475.5,87.089,3610104.141
2022-02-06 21:02:00,41475.5,41513.0,41465.0,41496.0,115.873,4807048.308
2022-02-06 21:03:00,41496.0,41496.5,41443.0,41467.5,104.876,4348397.238
2022-02-06 21:04:00,41467.5,41467.5,41445.0,41446.5,73.47,3045590.5065
2022-02-06 21:05:00,41446.5,41446.5,41428.0,41428.0,28.574,1184149.288
2022-02-06 21:06:00,41428.0,41428.5,41422.5,41422.5,28.629,1185999.6535
2022-02-06 21:07:00,41422.5,41423.0,41422.5,41423.0,8.499,352051.3805
2022-02-06 21:08:00,41423.0,41423.0,41384.0,41400.5,59.063,2444905.683
2022-02-06 21:09:00,41400.5,41401.0,41382.0,41382.5,18.451,763647.115
2022-02-06 21:10:00,41382.5,41382.5,41380.0,41382.5,120.469,4985102.16
2022-02-06 21:11:00,41382.5,41399.0,41382.0,41399.0,18.312,757992.6735
2022-02-06 21:12:00,41399.0,41422.0,41398.5,41422.0,19.95,826088.229
2022-02-06 21:13:00,41422.0,41422.0,41400.0,41400.5,16.825,696815.153
2022-02-06 21:14:00,41400.5,41400.5,41352.0,41352.0,42.939,1776774.961
2022-02-06 21:15:00,41352.0,41393.0,41352.0,41393.0,34.911,1444519.1675
2022-02-06 21:16:00,41393.0,41405.0,41392.5,41405.0,12.663,524203.774
2022-02-06 21:17:00,41405.0,41448.0,41404.5,41448.0,92.992,3852094.831
2022-02-06 21:18:00,41448.0,41484.0,41448.0,41484.0,120.151,4981748.3855
2022-02-06 21:19:00,41484.0,41505.0,41483.5,41490.0,126.523,5250350.254
2022-02-06 21:20:00,41490.0,41505.0,41489.5,41504.5,32.742,1358758.091
2022-02-06 21:21:00,41504.5,41505.0,41499.0,41499.5,17.878,741996.0285
2022-02-06 21:22:00,41499.5,41499.5,41499.0,41499.0,23.415,971703.876
2022-02-06 21:23:00,41499.0,41499.5,41475.0,41475.5,71.803,2978761.641
2022-02-06 21:24:00,41475.5,41483.0,41475.0,41482.5,17.798,738289.598
2022-02-06 21:25:00,41482.5,41485.0,41478.0,41484.5,10.76,446321.3425
2022-02-06 21:26:00,41484.5,41485.0,41484.5,41485.0,13.204,547764.9635
2022-02-06 21:27:00,41485.0,41485.0,41484.5,41485.0,3.386,140467.809
2022-02-06 21:28:00,41485.0,41485.0,41484.5,41484.5,13.305,551951.843
2022-02-06 21:29:00,41484.5,41485.0,41484.5,41485.0,6.169,255919.5395
2022-02-06 21:30:00,41485.0,41512.0,41484.5,41484.5,61.668,2559017.6115
2022-02-06 21:31:00,41484.5,41485.0,41446.0,41470.0,46.502,1928393.909
2022-02-06 21:32:00,41470.0,41562.0,41446.0,41534.0,135.14,5612148.0795
2022-02-06 21:33:00,41534.0,41534.0,41460.5,41460.5,43.815,1817668.0855
2022-02-06 21:34:00,41460.5,41461.0,41436.0,41436.5,36.163,1499039.051
2022-02-06 21:35:00,41436.5,41436.5,41432.0,41432.0,12.849,532403.426
2022-02-06 21:36:00,41432.0,41432.5,41432.0,41432.5,5.044,208984.0135
2022-02-06 21:37:00,41432.5,41432.5,41432.0,41432.5,5.238,217021.4725
2022-02-06 21:38:00,41432.5,41432.5,41431.5,41431.5,17.209,713003.8725
2022-02-06 21:39:00,41431.5,41450.0,41415.0,41450.0,28.48,1179788.192
2022-02-06 21:40:00,41450.0,41485.0,41444.5,41479.5,27.032,1120775.43
2022-02-06 21:41:00,41479.5,41497.0,41468.0,41468.0,25.891,1074171.081
2022-02-06 21:42:00,41468.0,41468.5,41450.5,41451.0,10.897,451807.749
2022-02-06 21:43:00,41451.0,41451.0,41450.5,41450.5,6.591,273200.9745
2022-02-06 21:44:00,41450.5,41479.0,41450.5,41468.0,21.897,907836.7315
2022-02-06 21:45:00,41468.0,41493.5,41468.0,41491.0,6.243,258938.9895
2022-02-06 21:46:00,41491.0,41491.0,41490.5,41490.5,5.483,227494.747
2022-02-06 21:47:00,41490.5,41491.0,41490.5,41490.5,7.74,321139.1065
2022-02-06 21:48:00,41490.5,41520.0,41490.5,41520.0,25.693,1066391.725
2022-02-06 21:49:00,41520.0,41520.0,41519.5,41520.0,15.495,643349.4405
2022-02-06 21:50:00,41520.0,41535.0,41519.5,41535.0,23.462,974341.0745
2022-02-06 21:51:00,41535.0,41545.0,41534.5,41545.0,22.227,923393.367
2022-02-06 21:52:00,41545.0,41545.0,41540.5,41540.5,25.637,1065067.58
2022-02-06 21:53:00,41540.5,41541.0,41540.5,41541.0,8.677,360447.744
2022-02-06 21:54:00,41541.0,41550.0,41541.0,41542.5,21.927,911020.989
2022-02-06 21:55:00,41542.5,41558.0,41542.5,41557.5,18.37,763301.1085
2022-02-06 21:56:00,41557.5,41559.5,41557.5,41559.0,5.11,212366.6775
2022-02-06 21:57:00,41559.0,41559.5,41535.0,41546.0,20.375,846573.35
2022-02-06 21:58:00,41546.0,41546.5,41536.0,41536.0,6.835,283919.5085
2022-02-06 21:59:00,41536.0,41536.5,41536.0,41536.0,3.155,131046.834
2022-02-06 22:00:00,41536.0,41536.5,41536.0,41536.5,5.679,235884.753
2022-02-06 22:01:00,41536.5,41536.5,41536.0,41536.5,1.707,70902.6435
2022-02-06 22:02:00,41536.5,41536.5,41536.0,41536.0,6.503,270111.012
2022-02-06 22:03:00,41536.0,41607.0,41536.0,41607.0,166.541,6924528.29
2022-02-06 22:04:00,41607.0,41623.0,41606.5,41619.0,92.348,3843542.408
2022-02-06 22:05:00,41619.0,41674.5,41619.0,41674.0,167.251,6964612.0235
2022-02-06 22:06:00,41674.0,41674.5,41651.0,41651.0,90.736,3779739.5095
2022-02-06 22:07:00,41651.0,41651.5,41589.5,41589.5,60.415,2515319.4125
2022-02-06 22:08:00,41589.5,41625.0,41575.0,41611.0,37.705,1568308.2175
2022-02-06 22:09:00,41611.0,41611.5,41600.0,41600.0,11.076,460812.4445
2022-02-06 22:10:00,41600.0,41620.5,41577.5,41601.0,27.914,1161044.574
2022-02-06 22:11:00,41601.0,41601.5,41581.0,41599.5,8.729,363052.4065
2022-02-06 22:12:00,41599.5,41599.5,41580.0,41580.0,9.473,393996.475
2022-02-06 22:13:00,41580.0,41580.5,41570.0,41570.0,21.218,882053.6735
2022-02-06 22:14:00,41570.0,41570.0,41468.5,41490.0,132.326,5492607.93
2022-02-06 22:15:00,41490.0,41546.5,41489.5,41532.5,29.879,1240610.6425
2022-02-06 22:16:00,41532.5,41554.5,41532.5,41550.5,20.952,870540.187
2022-02-06 22:17:00,41550.5,41550.5,41538.0,41538.0,10.936,454299.9475
2022-02-06 22:18:00,41538.0,41556.0,41538.0,41555.5,4.623,192062.468
2022-02-06 22:19:00,41555.5,41556.0,41555.5,41555.5,3.926,163148.5495
2022-02-06 22:20:00,41555.5,41570.5,41555.5,41570.5,12.711,528335.7135
2022-02-06 22:21:00,41570.5,41570.5,41561.5,41561.5,12.869,534947.4195
2022-02-06 22:22:00,41561.5,41562.0,41555.5,41555.5,7.437,309073.8205
2022-02-06 22:23:00,41555.5,41556.0,41555.5,41555.5,3.353,139335.935
2022-02-06 22:24:00,41555.5,41589.5,41555.5,41589.0,24.512,1018875.6175
2022-02-06 22:25:00,41589.0,41600.0,41589.0,41599.5,7.396,307636.555
2022-02-06 22:26:00,41599.5,41644.0,41599.5,41643.5,82.675,3441526.922
2022-02-06 22:27:00,41643.5,41644.0,41625.5,41625.5,15.543,647167.7875
2022-02-06 22:28:00,41625.5,41626.0,41625.5,41625.5,11.971,498301.4795
2022-02-06 22:29:00,41625.5,41626.0,41618.5,41618.5,17.839,742532.8285
2022-02-06 22:30:00,41618.5,41619.0,41595.5,41619.0,36.451,1516557.1215
2022-02-06 22:31:00,41619.0,41619.0,41618.5,41619.0,40.818,1698801.6845
2022-02-06 22:32:00,41619.0,41631.0,41618.5,41630.5,23.797,990610.9425
2022-02-06 22:33:00,41630.5,41631.0,41630.5,41630.5,6.112,254446.859
2022-02-06 22:34:00,41630.5,41631.0,41630.5,41630.5,9.364,389832.4085
2022-02-06 22:35:00,41630.5,41631.0,41593.0,41595.0,19.501,811448.9825
2022-02-06 22:36:00,41595.0,41606.0,41594.5,41606.0,8.858,368460.6845
2022-02-06 22:37:00,41606.0,41616.5,41605.5,41616.5,12.981,540109.237
2022-02-06 22:38:00,41616.5,41628.0,41616.0,41628.0,11.092,461665.1175
2022-02-06 22:39:00,41628.0,41643.0,41627.5,41643.0,17.537,730242.2685
2022-02-06 22:40:00,41643.0,41644.5,41642.5,41644.5,12.676,527867.2785
2022-02-06 22:41:00,41644.5,41650.0,41644.0,41649.5,7.23,301104.775
2022-02-06 22:42:00,41649.5,41650.0,41649.5,41650.0,5.158,214828.4245
2022-02-06 22:43:00,41650.0,41650.0,41633.0,41633.0,22.469,935722.044
2022-02-06 22:44:00,41633.0,41633.5,41593.0,41593.5,20.699,861358.3285
2022-02-06 22:45:00,41593.5,41600.0,41593.5,41600.0,8.184,340435.848
2022-02-06 22:46:00,41600.0,41620.0,41599.5,41619.5,10.019,416921.8355
2022-02-06 22:47:00,41619.5,41632.0,41610.0,41629.5,11.045,459644.774
2022-02-06 22:48:00,41629.5,41639.0,41629.5,41639.0,8.912,371016.1605
2022-02-06 22:49:00,41639.0,41639.0,41638.5,41639.0,5.257,218893.794
2022-02-06 22:50:00,41639.0,41639.0,41638.5,41638.5,6.117,254702.8955
2022-02-06 22:51:00,41638.5,41639.0,41638.5,41639.0,3.561,148275.7725
2022-02-06 22:52:00,41639.0,41639.0,41638.5,41638.5,4.043,168345.9625
2022-02-06 22:53:00,41638.5,41649.0,41638.5,41648.5,11.016,458713.715
2022-02-06 22:54:00,41648.5,41650.0,41648.5,41650.0,25.187,1049020.3025
2022-02-06 22:55:00,41650.0,41668.5,41649.5,41650.0,40.473,1686082.539
2022-02-06 22:56:00,41650.0,41650.0,41630.0,41630.0,12.816,533657.675
2022-02-06 22:57:00,41630.0,41640.0,41630.0,41639.5,9.103,378976.5885
2022-02-06 22:58:00,41639.5,41661.5,41639.5,41660.5,9.816,408829.532
2022-02-06 22:59:00,41660.5,41661.0,41660.5,41661.0,4.263,177600.31
2022-02-06 23:00:00,41661.0,41661.0,41660.5,41661.0,9.786,407690.8465
2022-02-06 23:01:00,41661.0,41661.0,41650.0,41650.0,5.143,214244.887
2022-02-06 23:02:00,41650.0,41650.5,41650.0,41650.0,1.63,67889.9445
2022-02-06 23:03:00,41650.0,41650.5,41650.0,41650.5,1.29,53728.623
2022-02-06 23:04:00,41650.5,41650.5,41643.5,41643.5,10.763,448234.663
2022-02-06 23:05:00,41643.5,41643.5,41618.0,41643.0,16.268,677188.3635
2022-02-06 23:06:00,41643.0,41643.5,41643.0,41643.5,5.527,230161.008
2022-02-06 23:07:00,41643.5,41650.0,41643.0,41649.5,7.252,302028.61
2022-02-06 23:08:00,41649.5,41650.0,41649.5,41649.5,7.007,291840.8725
2022-02-06 23:09:00,41649.5,41650.0,41649.5,41650.0,6.338,263977.459
2022-02-06 23:10:00,41650.0,41662.0,41649.5,41662.0,13.026,542567.446
2022-02-06 23:11:00,41662.0,41699.5,41625.0,41625.0,82.143,3423266.1155
2022-02-06 23:12:00,41625.0,41625.5,41603.0,41608.0,28.209,1174069.831
2022-02-06 23:13:00,41608.0,41608.0,41512.5,41567.0,101.362,4212579.0845
2022-02-06 23:14:00,41567.0,41602.5,41567.0,41590.5,21.153,879501.7
2022-02-06 23:15:00,41590.5,41604.0,41590.0,41603.5,26.173,1088561.3225
2022-02-06 23:16:00,41603.5,41604.0,41578.5,41578.5,11.759,489192.8955
2022-02-06 23:17:00,41578.5,41579.0,41578.5,41579.0,7.651,318120.3515
2022-02-06 23:18:00,41579.0,41579.0,41578.5,41578.5,3.19,132636.4715
2022-02-06 23:19:00,41578.5,41579.0,41578.5,41578.5,2.102,87398.5225
2022-02-06 23:20:00,41578.5,41588.0,41578.5,41587.5,8.647,359555.0325
2022-02-06 23:21:00,41587.5,41615.0,41587.5,41614.5,17.207,715896.293
2022-02-06 23:22:00,41614.5,41625.5,41614.5,41625.0,3.621,150699.1175
2022-02-06 23:23:00,41625.0,41640.0,41625.0,41639.5,34.436,1433568.88
2022-02-06 23:24:00,41639.5,41640.0,41639.5,41639.5,1.262,52549.1655
2022-02-06 23:25:00,41639.5,41640.0,41633.0,41633.5,18.21,758151.4645
2022-02-06 23:26:00,41633.5,41633.5,41633.0,41633.5,2.858,118987.199
2022-02-06 23:27:00,41633.5,41633.5,41600.0,41600.5,8.911,370844.6975
2022-02-06 23:28:00,41600.5,41600.5,41582.0,41582.0,9.858,409997.558
2022-02-06 23:29:00,41582.0,41600.0,41582.0,41600.0,3.205,133283.8125
2022-02-06 23:30:00,41600.0,41600.0,41587.5,41587.5,11.329,471248.364
2022-02-06 23:31:00,41587.5,41624.0,41587.5,41624.0,8.599,357785.6645
2022-02-06 23:32:00,41624.0,41624.0,41623.5,41624.0,1.908,79418.4425
2022-02-06 23:33:00,41624.0,41624.0,41623.5,41624.0,2.692,112051.5995
2022-02-06 23:34:00,41624.0,41624.0,41623.5,41623.5,1.793,74631.4585
2022-02-06 23:35:00,41623.5,41624.0,41623.5,41623.5,3.898,162248.907
2022-02-06 23:36:00,41623.5,41624.0,41610.0,41612.5,5.326,221652.1955
2022-02-06 23:37:00,41612.5,41613.0,41612.5,41612.5,1.659,69035.36
2022-02-06 23:38:00,41612.5,41613.0,41587.0,41587.0,3.392,141104.8975
2022-02-06 23:39:00,41587.0,41598.0,41560.0,41597.5,20.883,868141.096
2022-02-06 23:40:00,41597.5,41600.0,41597.5,41599.5,10.623,441895.302
2022-02-06 23:41:00,41599.5,41610.0,41599.5,41609.5,4.215,175367.7435
2022-02-06 23:42:00,41609.5,41610.0,41609.5,41610.0,2.15,89461.3675
2022-02-06 23:43:00,41610.0,41610.0,41609.5,41610.0,10.588,440561.6445
2022-02-06 23:44:00,41610.0,41610.0,41595.0,41595.0,10.472,435730.357
2022-02-06 23:45:00,41595.0,41595.5,41587.5,41588.0,5.617,233604.943
2022-02-06 23:46:00,41588.0,41603.0,41587.5,41603.0,2.43,101079.041
2022-02-06 23:47:00,41603.0,41603.0,41602.5,41602.5,4.209,175105.0205
2022-02-06 23:48:00,41602.5,41603.0,41570.0,41570.0,10.008,416156.7885
2022-02-06 23:49:00,41570.0,41570.5,41548.5,41560.5,32.457,1349053.9545
2022-02-06 23:50:00,41560.5,41560.5,41560.0,41560.0,4.023,167196.809
2022-02-06 23:51:00,41560.0,41560.5,41528.5,41534.5,33.046,1372698.345
2022-02-06 23:52:00,41534.5,41534.5,41534.0,41534.5,4.159,172741.189
2022-02-06 23:53:00,41534.5,41534.5,41495.0,41500.0,46.825,1943674.023
2022-02-06 23:54:00,41500.0,41500.5,41500.0,41500.0,10.712,444551.3635
2022-02-06 23:55:00,41500.0,41525.0,41481.0,41500.5,37.422,1553091.6435
2022-02-06 23:56:00,41500.5,41500.5,41493.0,41493.5,11.62,482149.947
2022-02-06 23:57:00,41493.5,41493.5,41493.0,41493.0,10.182,422483.452
2022-02-06 23:58:00,41493.0,41493.5,41493.0,41493.5,4.822,200081.2975
2022-02-06 23:59:00,41493.5,41500.0,41460.0,41500.0,48.553,2013443.3545
2022-02-07 00:00:00,41500.0,41500.0,41472.0,41472.5,8.763,363482.994
2022-02-07 00:01:00,41472.5,41487.5,41472.0,41487.0,9.626,399267.375
2022-02-07 00:02:00,41487.0,41487.5,41487.0,41487.5,9.498,394045.9635
2022-02-07 00:03:00,41487.5,41487.5,41487.0,41487.0,8.469,351354.5895
2022-02-07 00:04:00,41487.0,41487.5,41483.5,41483.5,9.529,395328.568
2022-02-07 00:05:00,41483.5,41491.0,41483.5,41491.0,6.827,283224.748
2022-02-07 00:06:00,41491.0,41491.0,41490.5,41491.0,29.022,1204151.742
2022-02-07 00:07:00,41491.0,41511.5,41490.5,41511.0,13.693,568278.6465
2022-02-07 00:08:00,41511.0,41511.5,41511.0,41511.0,6.951,288546.24
2022-02-07 00:09:00,41511.0,41511.5,41511.0,41511.0,4.54,188460.6825
2022-02-07 00:10:00,41511.0,41511.5,41511.0,41511.0,4.621,191823.913
2022-02-07 00:11:00,41511.0,41523.0,41511.0,41523.0,21.961,911654.7905
2022-02-07 00:12:00,41523.0,41532.0,41522.5,41531.5,6.525,270988.1875
2022-02-07 00:13:00,41531.5,41550.0,41531.5,41550.0,9.805,407335.7515
2022-02-07 00:14:00,41550.0,41550.0,41531.5,41531.5,18.659,775015.876
2022-02-07 00:15:00,41531.5,41538.0,41531.5,41538.0,17.171,713140.2215
2022-02-07 00:16:00,41538.0,41538.0,41537.5,41537.5,0.998,41454.8775
2022-02-07 00:17:00,41537.5,41538.0,41522.0,41522.5,11.944,496106.114
2022-02-07 00:18:00,41522.5,41522.5,41520.0,41520.5,11.152,463036.3925
2022-02-07 00:19:00,41520.5,41526.0,41520.5,41526.0,32.198,1337041.386
2022-02-07 00:20:00,41526.0,41534.5,41526.0,41534.5,24.218,1005823.075
2022-02-07 00:21:00,41534.5,41534.5,41504.5,41504.5,13.638,566252.92
2022-02-07 00:22:00,41504.5,41505.0,41504.5,41504.5,10.006,415294.6485
2022-02-07 00:23:00,41504.5,41505.0,41479.5,41482.5,34.018,1411384.246
2022-02-07 00:24:00,41482.5,41483.0,41410.5,41450.5,78.481,3252215.3225
2022-02-07 00:25:00,41450.5,41466.5,41430.5,41445.0,38.791,1607572.7145
2022-02-07 00:26:00,41445.0,41445.0,41419.0,41440.0,39.869,1651953.5245
2022-02-07 00:27:00,41440.0,41445.0,41439.5,41444.5,9.581,397078.6165
2022-02-07 00:28:00,41444.5,41451.5,41444.0,41450.0,5.92,245366.9815
2022-02-07 00:29:00,41450.0,41481.5,41449.5,41481.5,44.832,1858872.6015
2022-02-07 00:30:00,41481.5,41481.5,41481.0,41481.5,12.527,519635.994
2022-02-07 00:31:00,41481.5,41481.5,41481.0,41481.0,3.595,149125.6275
2022-02-07 00:32:00,41481.0,41482.0,41481.0,41482.0,9.696,402205.032
2022-02-07 00:33:00,41482.0,41500.0,41481.5,41499.5,11.532,478463.64
2022-02-07 00:34:00,41499.5,41500.0,41497.0,41497.0,4.701,195086.2415
2022-02-07 00:35:00,41497.0,41520.5,41488.5,41520.0,6.208,257701.4655
2022-02-07 00:36:00,41520.0,41520.5,41520.0,41520.0,4.236,175880.1255
2022-02-07 00:37:00,41520.0,41523.0,41520.0,41523.0,3.639,151094.917
2022-02-07 00:38:00,41523.0,41523.0,41507.0,41513.5,28.397,1178720.2295
2022-02-07 00:39:00,41513.5,41513.5,41513.0,41513.0,2.376,98635.5035
2022-02-07 00:40:00,41513.0,41513.5,41512.5,41513.0,2.247,93279.671
2022-02-07 00:41:00,41513.0,41513.5,41512.5,41513.0,4.92,204245.39
2022-02-07 00:42:00,41513.0,41513.5,41513.0,41513.5,1.861,77256.0455
2022-02-07 00:43:00,41513.5,41523.0,41513.0,41523.0,11.93,495296.724
2022-02-07 00:44:00,41523.0,41523.0,41522.5,41522.5,4.562,189426.5795
2022-02-07 00:45:00,41522.5,41531.0,41522.5,41531.0,28.531,1184714.76
2022-02-07 00:46:00,41531.0,41571.5,41530.5,41567.0,27.716,1151549.481
2022-02-07 00:47:00,41567.0,41567.5,41555.0,41555.0,3.515,146081.6715
2022-02-07 00:48:00,41555.0,41555.5,41555.0,41555.0,0.817,33950.789
2022-02-07 00:49:00,41555.0,41556.0,41555.0,41555.5,3.692,153423.811
2022-02-07 00:50:00,41555.5,41556.0,41555.5,41556.0,2.743,113987.978
2022-02-07 00:51:00,41556.0,41577.5,41555.5,41577.5,15.603,648671.9615
2022-02-07 00:52:00,41577.5,41577.5,41577.0,41577.0,36.827,1531160.1525
2022-02-07 00:53:00,41577.0,41592.5,41577.0,41592.5,19.557,813240.976
2022-02-07 00:54:00,41592.5,41593.0,41592.5,41592.5,6.01,249972.9615
2022-02-07 00:55:00,41592.5,41600.0,41592.5,41599.5,26.721,1111479.188
2022-02-07 00:56:00,41599.5,41600.0,41559.5,41575.5,14.563,605452.0275
2022-02-07 00:57:00,41575.5,41594.0,41575.0,41594.0,14.473,601736.7345
2022-02-07 00:58:00,41594.0,41594.0,41593.5,41594.0,2.036,84685.0165
2022-02-07 00:59:00,41594.0,41630.0,41593.5,41629.5,35.198,1464642.8705
2022-02-07 01:00:00,41629.5,41640.5,41629.0,41640.5,19.846,826277.308
2022-02-07 01:01:00,41640.5,41640.5,41640.0,41640.5,9.233,384464.8085
2022-02-07 01:02:00,41640.5,41640.5,41640.0,41640.0,5.722,238265.7435
2022-02-07 01:03:00,41640.0,41655.0,41639.0,41639.5,45.245,1884281.175
2022-02-07 01:04:00,41639.5,41639.5,41620.0,41620.0,26.963,1122382.97
2022-02-07 01:05:00,41620.0,41620.5,41618.0,41618.5,4.628,192609.1125
2022-02-07 01:06:00,41618.5,41618.5,41618.0,41618.0,10.858,451888.68
2022-02-07 01:07:00,41618.0,41618.5,41618.0,41618.0,4.347,180913.5045
2022-02-07 01:08:00,41618.0,41618.5,41618.0,41618.0,3.199,133136.9945
2022-02-07 01:09:00,41618.0,41618.5,41618.0,41618.5,3.643,151614.7695
2022-02-07 01:10:00,41618.5,41650.0,41618.0,41649.0,34.56,1438807.423
2022-02-07 01:11:00,41649.0,41649.5,41649.0,41649.5,40.068,1668802.606
2022-02-07 01:12:00,41649.5,41649.5,41628.0,41628.5,14.072,585887.48
2022-02-07 01:13:00,41628.5,41628.5,41587.0,41599.5,29.19,1214307.572
2022-02-07 01:14:00,41599.5,41603.0,41599.0,41603.0,2.308,96015.1505
2022-02-07 01:15:00,41603.0,41603.0,41602.5,41603.0,6.194,257686.036
2022-02-07 01:16:00,41603.0,41603.0,41602.5,41602.5,1.823,75841.634
2022-02-07 01:17:00,41602.5,41603.0,41602.5,41603.0,2.672,111162.467
2022-02-07 01:18:00,41603.0,41616.5,41602.5,41616.5,6.27,260852.954
2022-02-07 01:19:00,41616.5,41616.5,41616.0,41616.5,5.241,218111.0975
2022-02-07 01:20:00,41616.5,41616.5,41616.0,41616.0,2.959,123142.892
2022-02-07 01:21:00,41616.0,41616.5,41616.0,41616.0,4.07,169377.609
2022-02-07 01:22:00,41616.0,41616.5,41616.0,41616.0,3.211,133629.0755
2022-02-07 01:23:00,41616.0,41616.5,41616.0,41616.5,1.404,58429.344
2022-02-07 01:24:00,41616.5,41616.5,41616.0,41616.0,2.309,96092.147
2022-02-07 01:25:00,41616.0,41662.0,41616.0,41658.5,24.621,1025098.1905
2022-02-07 01:26:00,41658.5,41693.5,41658.0,41675.5,44.922,1872409.9925
2022-02-07 01:27:00,41675.5,41676.0,41675.5,41675.5,29.529,1230636.5035
2022-02-07 01:28:00,41675.5,41688.5,41675.5,41675.5,34.153,1423525.846
2022-02-07 01:29:00,41675.5,41676.0,41675.5,41676.0,4.561,190082.4485
2022-02-07 01:30:00,41676.0,41676.0,41651.0,41651.0,23.542,980966.6845
2022-02-07 01:31:00,41651.0,41663.5,41651.0,41663.5,6.186,257682.719
2022-02-07 01:32:00,41663.5,41663.5,41663.0,41663.0,10.998,458213.8885
2022-02-07 01:33:00,41663.0,41667.5,41663.0,41667.5,9.563,398430.9885
2022-02-07 01:34:00,41667.5,41667.5,41667.0,41667.0,4.017,167377.0395
2022-02-07 01:35:00,41667.0,41667.5,41667.0,41667.0,3.46,144168.6825
2022-02-07 01:36:00,41667.0,41667.5,41667.0,41667.5,13.819,575802.246
2022-02-07 01:37:00,41667.5,41699.0,41667.0,41698.0,29.619,1234932.5105
2022-02-07 01:38:00,41698.0,41698.5,41698.0,41698.0,15.099,629602.206
2022-02-07 01:39:00,41698.0,41698.5,41698.0,41698.0,2.092,87233.0335
2022-02-07 01:40:00,41698.0,41698.5,41698.0,41698.5,6.518,271790.3855
2022-02-07 01:41:00,41698.5,41698.5,41698.0,41698.5,3.81,158870.235
2022-02-07 01:42:00,41698.5,41698.5,41695.5,41695.5,28.345,1181906.851
2022-02-07 01:43:00,41695.5,41696.0,41695.5,41696.0,6.192,258180.231
2022-02-07 01:44:00,41696.0,41696.0,41678.0,41678.0,53.242,2219893.5015
2022-02-07 01:45:00,41678.0,41678.5,41644.0,41645.5,25.255,1052073.4975
2022-02-07 01:46:00,41645.5,41668.0,41645.0,41668.0,27.503,1145537.7055
2022-02-07 01:47:00,41668.0,41668.0,41651.0,41654.5,13.348,556115.7775
2022-02-07 01:48:00,41654.5,41668.0,41654.0,41667.5,18.451,768746.3995
2022-02-07 01:49:00,41667.5,41668.0,41667.5,41667.5,1.475,61459.7065
2022-02-07 01:50:00,41667.5,41668.0,41616.0,41655.5,35.286,1469113.5445
2022-02-07 01:51:00,41655.5,41664.5,41655.0,41664.0,1.985,82696.043
2022-02-07 01:52:00,41664.0,41664.5,41664.0,41664.5,0.945,39372.7465
2022-02-07 01:53:00,41664.5,41664.5,41664.0,41664.0,2.943,122617.7115
2022-02-07 01:54:00,41664.0,41679.0,41664.0,41678.5,9.854,410643.2755
2022-02-07 01:55:00,41678.5,41679.0,41665.5,41666.0,23.395,974985.945
2022-02-07 01:56:00,41666.0,41666.0,41653.0,41653.5,22.538,938874.123
2022-02-07 01:57:00,41653.5,41653.5,41653.0,41653.0,5.725,238464.3345
2022-02-07 01:58:00,41653.0,41673.0,41653.0,41671.5,23.917,996315.505
2022-02-07 01:59:00,41671.5,41671.5,41671.0,41671.0,7.924,330201.4155
2022-02-07 02:00:00,41671.0,41671.5,41671.0,41671.5,7.347,306157.1925
2022-02-07 02:01:00,41671.5,41671.5,41671.0,41671.0,5.023,209315.49
2022-02-07 02:02:00,41671.0,41671.5,41671.0,41671.5,16.39,682995.286
2022-02-07 02:03:00,41671.5,41671.5,41671.0,41671.5,6.642,276781.7935
2022-02-07 02:04:00,41671.5,41690.0,41671.5,41689.5,12.973,540687.2115
2022-02-07 02:05:00,41689.5,41690.0,41687.5,41688.0,12.086,503861.0505
2022-02-07 02:06:00,41688.0,41688.0,41687.5,41688.0,3.189,132941.7555
2022-02-07 02:07:00,41688.0,41688.0,41687.5,41687.5,10.374,432466.679
2022-02-07 02:08:00,41687.5,41688.0,41668.0,41668.0,8.325,346950.0935
2022-02-07 02:09:00,41668.0,41668.5,41668.0,41668.0,6.962,290092.7425
2022-02-07 02:10:00,41668.0,41668.5,41641.0,41641.5,7.434,309629.056
2022-02-07 02:11:00,41641.5,41641.5,41641.0,41641.0,6.115,254637.695
2022-02-07 02:12:00,41641.0,41641.5,41627.0,41628.5,15.384,640526.333
2022-02-07 02:13:00,41628.5,41628.5,41623.0,41623.0,4.086,170081.062
2022-02-07 02:14:00,41623.0,41623.5,41620.5,41620.5,7.316,304500.341
2022-02-07 02:15:00,41620.5,41634.0,41620.5,41621.0,14.083,586207.2445
2022-02-07 02:16:00,41621.0,41621.5,41621.0,41621.5,6.196,257884.529
2022-02-07 02:17:00,41621.5,41621.5,41590.5,41590.5,31.899,1327443.5465
2022-02-07 02:18:00,41590.5,41590.5,41570.0,41570.5,17.373,722303.487
2022-02-07 02:19:00,41570.5,41570.5,41530.0,41545.0,40.243,1671793.1505
2022-02-07 02:20:00,41545.0,41545.5,41545.0,41545.0,11.213,465848.056
2022-02-07 02:21:00,41545.0,41545.5,41545.0,41545.0,8.469,351847.425
2022-02-07 02:22:00,41545.0,41545.5,41520.0,41520.0,32.199,1337265.7865
2022-02-07 02:23:00,41520.0,41520.5,41500.0,41500.5,20.625,856019.318
2022-02-07 02:24:00,41500.5,41511.5,41500.0,41511.0,14.492,601536.5875
2022-02-07 02:25:00,41511.0,41551.0,41511.0,41547.5,28.904,1200279.595
2022-02-07 02:26:00,41547.5,41547.5,41547.0,41547.5,6.954,288920.881
2022-02-07 02:27:00,41547.5,41547.5,41547.0,41547.5,4.451,184927.725
2022-02-07 02:28:00,41547.5,41562.0,41547.0,41561.5,15.627,649315.556
2022-02-07 02:29:00,41561.5,41570.0,41560.0,41560.0,14.802,615299.8825
2022-02-07 02:30:00,41560.0,41573.0,41560.0,41573.0,12.91,536635.5985
2022-02-07 02:31:00,41573.0,41573.0,41572.5,41572.5,3.386,140766.1125
2022-02-07 02:32:00,41572.5,41577.5,41572.5,41577.5,4.672,194247.138
2022-02-07 02:33:00,41577.5,41577.5,41577.0,41577.0,3.811,158451.3435
2022-02-07 02:34:00,41577.0,41577.5,41577.0,41577.0,4.661,193790.61
2022-02-07 02:35:00,41577.0,41577.5,41575.0,41575.0,8.676,360722.3755
2022-02-07 02:36:00,41575.0,41575.5,41550.5,41550.5,8.435,350575.055
2022-02-07 02:37:00,41550.5,41551.0,41536.0,41536.5,5.958,247501.5155
2022-02-07 02:38:00,41536.5,41550.0,41536.0,41549.5,7.078,294043.64
2022-02-07 02:39:00,41549.5,41560.0,41549.5,41560.0,4.252,176683.6185
2022-02-07 02:40:00,41560.0,41560.0,41559.5,41560.0,3.052,126840.3615
2022-02-07 02:41:00,41560.0,41560.0,41559.5,41560.0,5.744,238718.42
2022-02-07 02:42:00,41560.0,41560.0,41559.5,41559.5,1.983,82412.911
2022-02-07 02:43:00,41559.5,41560.0,41550.0,41550.0,5.998,249248.792
2022-02-07 02:44:00,41550.0,41550.5,41535.0,41535.5,5.891,244699.913
2022-02-07 02:45:00,41535.5,41535.5,41535.0,41535.5,5.588,232097.9655
2022-02-07 02:46:00,41535.5,41535.5,41535.0,41535.5,1.674,69530.142
2022-02-07 02:47:00,41535.5,41535.5,41535.0,41535.5,1.747,72562.0205
2022-02-07 02:48:00,41535.5,41556.5,41535.0,41556.5,8.114,337123.0055
2022-02-07 02:49:00,41556.5,41565.0,41556.0,41565.0,3.432,142630.761
2022-02-07 02:50:00,41565.0,41565.0,41564.5,41564.5,3.271,135958.83
2022-02-07 02:51:00,41564.5,41580.0,41564.5,41580.0,7.544,313662.7855
2022-02-07 02:52:00,41580.0,41580.0,41579.5,41580.0,6.864,285404.903
2022-02-07 02:53:00,41580.0,41580.0,41579.5,41579.5,2.341,97338.71
2022-02-07 02:54:00,41579.5,41580.0,41579.5,41580.0,4.216,175300.7285
2022-02-07 02:55:00,41580.0,41580.0,41579.5,41580.0,0.598,24864.7745
2022-02-07 02:56:00,41580.0,41580.0,41579.5,41580.0,1.005,41787.755
2022-02-07 02:57:00,41580.0,41643.0,41579.5,41635.5,36.982,1539122.177
2022-02-07 02:58:00,41635.5,41636.0,41635.5,41636.0,10.319,429639.5115
2022-02-07 02:59:00,41636.0,41636.0,41628.0,41628.5,10.986,457345.491
2022-02-07 03:00:00,41628.5,41649.5,41625.0,41649.5,12.162,506409.242
2022-02-07 03:01:00,41649.5,41649.5,41644.0,41644.0,24.623,1025491.746
2022-02-07 03:02:00,41644.0,41644.5,41644.0,41644.0,0.933,38854.082
2022-02-07 03:03:00,41644.0,41644.5,41644.0,41644.0,1.681,70003.587
2022-02-07 03:04:00,41644.0,41677.0,41644.0,41677.0,48.765,2031591.7175
2022-02-07 03:05:00,41677.0,41677.0,41662.5,41663.0,18.751,781271.369
2022-02-07 03:06:00,41663.0,41670.0,41662.5,41669.5,7.727,321973.3925
2022-02-07 03:07:00,41669.5,41670.0,41669.5,41669.5,3.674,153094.234
2022-02-07 03:08:00,41669.5,41670.0,41669.5,41669.5,0.476,19834.79
2022-02-07 03:09:00,41669.5,41670.0,41669.5,41669.5,35.428,1476268.6355
2022-02-07 03:10:00,41669.5,41670.0,41643.5,41643.5,44.599,1857357.6985
2022-02-07 03:11:00,41643.5,41644.0,41643.5,41643.5,2.536,105608.26
2022-02-07 03:12:00,41643.5,41644.0,41643.5,41643.5,1.302,54219.962
2022-02-07 03:13:00,41643.5,41644.0,41643.5,41644.0,1.533,63840.0905
2022-02-07 03:14:00,41644.0,41644.0,41643.5,41644.0,3.375,140547.8155
2022-02-07 03:15:00,41644.0,41644.0,41634.5,41634.5,10.831,450970.5435
2022-02-07 03:16:00,41634.5,41635.0,41634.5,41635.0,3.303,137519.0925
2022-02-07 03:17:00,41635.0,41635.0,41634.5,41635.0,1.435,59745.97
2022-02-07 03:18:00,41635.0,41643.0,41634.5,41642.5,17.81,741647.2815
2022-02-07 03:19:00,41642.5,41643.0,41642.5,41643.0,1.103,45932.0745
2022-02-07 03:20:00,41643.0,41643.0,41642.5,41643.0,3.965,165113.232
2022-02-07 03:21:00,41643.0,41651.5,41642.5,41651.5,13.604,566566.0145
2022-02-07 03:22:00,41651.5,41652.0,41651.5,41652.0,16.888,703414.5535
2022-02-07 03:23:00,41652.0,41652.0,41651.5,41651.5,4.49,187017.214
2022-02-07 03:24:00,41651.5,41666.5,41651.5,41666.5,17.704,737537.353
2022-02-07 03:25:00,41666.5,41666.5,41650.0,41650.5,17.837,743187.4425
2022-02-07 03:26:00,41650.5,41650.5,41650.0,41650.0,0.999,41608.406
2022-02-07 03:27:00,41650.0,41650.5,41634.5,41635.0,5.857,243881.651
2022-02-07 03:28:00,41635.0,41635.0,41634.5,41634.5,3.858,160626.1255
2022-02-07 03:29:00,41634.5,41635.0,41634.5,41634.5,0.498,20734.055
2022-02-07 03:30:00,41634.5,41649.0,41634.5,41649.0,19.437,809269.389
2022-02-07 03:31:00,41649.0,41660.0,41648.5,41659.5,1.798,74898.9535
2022-02-07 03:32:00,41659.5,41660.0,41659.5,41659.5,3.91,162890.019
2022-02-07 03:33:00,41659.5,41660.0,41638.0,41660.0,12.31,512720.053
2022-02-07 03:34:00,41660.0,41660.0,41659.5,41660.0,2.126,88568.449
2022-02-07 03:35:00,41660.0,41660.0,41648.0,41648.5,11.073,461240.6135
2022-02-07 03:36:00,41648.5,41648.5,41648.0,41648.5,5.208,216902.909
2022-02-07 03:37:00,41648.5,41648.5,41648.0,41648.0,0.285,11869.716
2022-02-07 03:38:00,41648.0,41660.0,41648.0,41660.0,3.573,148823.09
2022-02-07 03:39:00,41660.0,41660.0,41659.5,41660.0,2.471,102941.381
2022-02-07 03:40:00,41660.0,41660.0,41659.5,41659.5,1.623,67613.64
2022-02-07 03:41:00,41659.5,41660.0,41659.5,41660.0,1.663,69279.8495
2022-02-07 03:42:00,41660.0,41660.0,41659.5,41659.5,2.248,93651.2495
2022-02-07 03:43:00,41659.5,41660.0,41659.5,41659.5,0.347,14455.946
2022-02-07 03:44:00,41659.5,41660.0,41659.5,41659.5,26.813,1117024.237
2022-02-07 03:45:00,41659.5,41660.0,41650.0,41650.5,5.15,214528.1075
2022-02-07 03:46:00,41650.5,41650.5,41650.0,41650.5,2.631,109581.5585
2022-02-07 03:47:00,41650.5,41650.5,41650.0,41650.5,0.945,39359.279
2022-02-07 03:48:00,41650.5,41650.5,41650.0,41650.0,3.152,131280.918
2022-02-07 03:49:00,41650.0,41650.5,41650.0,41650.0,3.443,143402.173
2022-02-07 03:50:00,41650.0,41650.5,41650.0,41650.0,2.255,93921.0945
2022-02-07 03:51:00,41650.0,41659.5,41650.0,41659.0,1.712,71319.621
2022-02-07 03:52:00,41659.0,41659.5,41659.0,41659.5,2.701,112522.084
2022-02-07 03:53:00,41659.5,41659.5,41659.0,41659.0,25.68,1069803.4765
2022-02-07 03:54:00,41659.0,41659.5,41659.0,41659.0,1.135,47283.021
2022-02-07 03:55:00,41659.0,41659.5,41650.0,41650.5,4.968,206935.512
2022-02-07 03:56:00,41650.5,41650.5,41641.5,41641.5,2.465,102648.336
2022-02-07 03:57:00,41641.5,41642.0,41630.0,41630.0,4.82,200679.982
2022-02-07 03:58:00,41630.0,41630.5,41616.0,41616.0,26.78,1114526.1035
2022-02-07 03:59:00,41616.0,41616.5,41601.5,41601.5,22.546,938072.7975
2022-02-07 04:00:00,41601.5,41602.0,41601.5,41601.5,8.625,358814.1735
2022-02-07 04:01:00,41601.5,41602.0,41601.5,41601.5,7.604,316339.4315
2022-02-07 04:02:00,41601.5,41602.0,41601.5,41602.0,4.261,177265.398
2022-02-07 04:03:00,41602.0,41617.0,41601.5,41617.0,13.226,550290.3535
2022-02-07 04:04:00,41617.0,41617.0,41616.5,41616.5,5.355,222858.806
2022-02-07 04:05:00,41616.5,41617.0,41616.5,41617.0,3.141,130718.839
2022-02-07 04:06:00,41617.0,41617.0,41616.5,41616.5,3.396,141331.224
2022-02-07 04:07:00,41616.5,41617.0,41616.5,41617.0,4.692,195266.8825
2022-02-07 04:08:00,41617.0,41619.5,41616.5,41619.5,4.244,176626.08
2022-02-07 04:09:00,41619.5,41621.0,41619.0,41621.0,5.114,212845.574
2022-02-07 04:10:00,41621.0,41625.5,41620.5,41625.0,5.275,219552.449
2022-02-07 04:11:00,41625.0,41637.5,41625.0,41637.5,12.087,503209.219
2022-02-07 04:12:00,41637.5,41640.5,41637.0,41640.0,6.228,259318.685
2022-02-07 04:13:00,41640.0,41668.5,41640.0,41668.5,11.147,464356.0755
2022-02-07 04:14:00,41668.5,41668.5,41668.0,41668.0,2.998,124922.069
2022-02-07 04:15:00,41668.0,41668.5,41668.0,41668.0,4.169,173714.5155
2022-02-07 04:16:00,41668.0,41668.5,41666.0,41666.0,31.066,1294419.1345
2022-02-07 04:17:00,41666.0,41666.5,41662.5,41662.5,5.765,240190.738
2022-02-07 04:18:00,41662.5,41663.0,41640.5,41640.5,7.445,310157.6745
2022-02-07 04:19:00,41640.5,41641.0,41640.5,41640.5,1.145,47678.4225
2022-02-07 04:20:00,41640.5,41641.0,41550.5,41552.5,43.244,1798371.9865
2022-02-07 04:21:00,41552.5,41552.5,41514.5,41540.0,43.618,1811420.017
2022-02-07 04:22:00,41540.0,41581.0,41539.5,41567.0,14.592,606591.001
2022-02-07 04:23:00,41567.0,41590.0,41566.5,41590.0,6.027,250593.5195
2022-02-07 04:24:00,41590.0,41598.0,41589.5,41597.5,2.779,115596.2165
2022-02-07 04:25:00,41597.5,41598.0,41576.0,41576.0,14.854,617695.6845
2022-02-07 04:26:00,41576.0,41576.5,41566.0,41566.5,5.476,227637.1365
2022-02-07 04:27:00,41566.5,41566.5,41557.0,41557.0,4.099,170368.759
2022-02-07 04:28:00,41557.0,41557.5,41550.0,41550.0,8.311,345339.2715
2022-02-07 04:29:00,41550.0,41571.0,41550.0,41570.5,8.579,356468.0055
2022-02-07 04:30:00,41570.5,41571.0,41470.0,41551.0,112.428,4666895.268
2022-02-07 04:31:00,41551.0,41662.0,41551.0,41662.0,76.033,3165085.265
2022-02-07 04:32:00,41662.0,41662.0,41637.5,41654.0,19.132,796856.851
2022-02-07 04:33:00,41654.0,41654.0,41540.0,41602.5,51.45,2139490.397
2022-02-07 04:34:00,41602.5,41602.5,41577.5,41588.0,4.527,188284.6575
2022-02-07 04:35:00,41588.0,41600.0,41577.5,41599.5,3.792,157701.0545
2022-02-07 04:36:00,41599.5,41638.5,41599.5,41638.5,14.679,610954.6595
2022-02-07 04:37:00,41638.5,42045.0,41630.0,41895.5,646.672,27054097.5045
2022-02-07 04:38:00,41895.5,42100.0,41731.5,41763.5,554.253,23217478.4485
2022-02-07 04:39:00,41763.5,41898.0,41763.5,41898.0,95.924,4012142.198
2022-02-07 04:40:00,41898.0,42080.0,41897.5,41915.5,304.416,12781388.9205
2022-02-07 04:41:00,41915.5,41915.5,41757.0,41757.0,101.602,4249602.4585
2022-02-07 04:42:00,41757.0,41794.5,41691.0,41691.0,97.49,4069788.961
2022-02-07 04:43:00,41691.0,41740.0,41654.5,41675.0,89.999,3752062.3255
2022-02-07 04:44:00,41675.0,41711.0,41674.5,41693.0,35.189,1467387.417
2022-02-07 04:45:00,41693.0,41824.0,41693.0,41804.5,80.834,3378241.4375
2022-02-07 04:46:00,41804.5,41928.0,41804.5,41918.0,67.037,2806939.2355
2022-02-07 04:47:00,41918.0,42033.5,41907.0,42018.0,134.023,5623773.9955
2022-02-07 04:48:00,42018.0,42160.0,42008.5,42056.0,406.478,17105534.283
2022-02-07 04:49:00,42056.0,42120.0,42047.0,42100.5,146.686,6173181.1765
2022-02-07 04:50:00,42100.5,42450.0,42100.5,42334.0,1256.229,53137413.1645
2022-02-07 04:51:00,42334.0,42388.0,42300.0,42346.5,164.756,6975870.5155
2022-02-07 04:52:00,42346.5,42450.0,42273.0,42426.0,190.719,8075886.593
2022-02-07 04:53:00,42426.0,42426.5,42291.0,42310.5,111.143,4707042.7235
2022-02-07 04:54:00,42310.5,42385.0,42310.5,42364.0,58.794,2489651.9985
2022-02-07 04:55:00,42364.0,42437.5,42360.0,42360.5,64.555,2736734.5055
2022-02-07 04:56:00,42360.5,42360.5,42227.0,42239.0,97.28,4113251.95
2022-02-07 04:57:00,42239.0,42239.0,42215.0,42215.0,73.675,3111872.3225
2022-02-07 04:58:00,42215.0,42215.5,42100.0,42129.5,195.862,8255802.8595
2022-02-07 04:59:00,42129.5,42135.0,42115.0,42119.5,57.344,2415546.055
2022-02-07 05:00:00,42119.5,42191.5,42119.5,42177.0,88.924,3749301.1235
2022-02-07 05:01:00,42177.0,42194.0,42161.0,42161.0,51.637,2177333.2795
2022-02-07 05:02:00,42161.0,42225.0,42161.0,42224.0,47.523,2005046.3515
2022-02-07 05:03:00,42224.0,42296.0,42224.0,42276.5,70.39,2974616.3345
2022-02-07 05:04:00,42276.5,42290.0,42250.0,42250.0,55.755,2356437.853
2022-02-07 05:05:00,42250.0,42258.5,42240.0,42258.0,20.035,846462.508
2022-02-07 05:06:00,42258.0,42297.0,42258.0,42297.0,33.366,1410593.7505
2022-02-07 05:07:00,42297.0,42300.0,42268.0,42268.5,58.28,2464969.732
2022-02-07 05:08:00,42268.5,42268.5,42212.0,42225.5,50.155,2118100.7585
2022-02-07 05:09:00,42225.5,42264.5,42225.0,42264.5,20.754,876794.794
2022-02-07 05:10:00,42264.5,42300.0,42264.0,42268.0,43.932,1857800.1505
2022-02-07 05:11:00,42268.0,42270.5,42268.0,42270.0,32.174,1359972.7355
2022-02-07 05:12:00,42270.0,42341.0,42270.0,42340.0,52.425,2218541.0555
2022-02-07 05:13:00,42340.0,42400.0,42339.5,42400.0,122.856,5205763.82
2022-02-07 05:14:00,42400.0,42549.0,42399.5,42520.5,393.723,16722234.0725
2022-02-07 05:15:00,42520.5,42638.5,42435.5,42435.5,473.027,20127179.147
2022-02-07 05:16:00,42435.5,42500.0,42435.5,42477.5,94.874,4029273.666
2022-02-07 05:17:00,42477.5,42477.5,42380.0,42380.0,207.572,8809332.9365
2022-02-07 05:18:00,42380.0,42413.0,42370.0,42413.0,54.071,2292071.8105
2022-02-07 05:19:00,42413.0,42435.0,42413.0,42426.0,45.864,1945939.108
2022-02-07 05:20:00,42426.0,42426.5,42409.0,42409.0,19.1,810142.777
2022-02-07 05:21:00,42409.0,42420.5,42352.0,42384.0,51.554,2184943.356
2022-02-07 05:22:00,42384.0,42409.0,42350.5,42359.5,55.387,2346970.8955
2022-02-07 05:23:00,42359.5,42380.0,42350.5,42366.0,49.619,2102013.8105
2022-02-07 05:24:00,42366.0,42377.0,42358.5,42377.0,17.914,758871.9455
2022-02-07 05:25:00,42377.0,42377.0,42321.0,42325.5,33.164,1404820.813
2022-02-07 05:26:00,42325.5,42351.0,42310.0,42350.0,37.987,1608070.5605
2022-02-07 05:27:00,42350.0,42383.0,42349.5,42383.0,22.395,948663.185
2022-02-07 05:28:00,42383.0,42400.0,42356.5,42368.5,40.84,1731287.857
2022-02-07 05:29:00,42368.5,42391.5,42350.0,42350.0,52.129,2208098.809
2022-02-07 05:30:00,42350.0,42440.0,42350.0,42435.0,51.091,2166034.7675
2022-02-07 05:31:00,42435.0,42435.0,42350.0,42350.5,105.291,4464898.921
2022-02-07 05:32:00,42350.5,42350.5,42267.5,42282.0,156.967,6638036.3185
2022-02-07 05:33:00,42282.0,42282.0,42237.5,42238.0,78.106,3300055.6905
2022-02-07 05:34:00,42238.0,42337.5,42237.5,42295.0,75.887,3210100.312
2022-02-07 05:35:00,42295.0,42295.0,42224.0,42240.0,144.028,6086628.451
2022-02-07 05:36:00,42240.0,42240.5,42228.0,42228.5,48.56,2050656.0985
2022-02-07 05:37:00,42228.5,42261.5,42228.0,42261.5,18.005,760521.729
2022-02-07 05:38:00,42261.5,42261.5,42240.0,42240.5,17.9,756420.608
2022-02-07 05:39:00,42240.5,42240.5,42222.0,42222.5,22.619,955136.7855
2022-02-07 05:40:00,42222.5,42222.5,42147.5,42147.5,84.521,3565083.1685
2022-02-07 05:41:00,42147.5,42148.0,42056.0,42115.0,198.72,8363689.6035
2022-02-07 05:42:00,42115.0,42167.0,42107.0,42166.0,55.527,2340016.0055
2022-02-07 05:43:00,42166.0,42166.5,42106.0,42106.5,62.324,2625979.072
2022-02-07 05:44:00,42106.5,42107.0,42033.0,42058.0,123.386,5189302.191
2022-02-07 05:45:00,42058.0,42125.0,42057.5,42084.5,57.687,2428276.517
2022-02-07 05:46:00,42084.5,42084.5,42050.0,42050.0,21.657,911071.9255
2022-02-07 05:47:00,42050.0,42099.5,42028.0,42028.5,38.732,1629352.5775
2022-02-07 05:48:00,42028.5,42029.0,41968.5,41968.5,86.961,3652028.7495
2022-02-07 05:49:00,41968.5,41983.5,41935.0,41935.5,70.383,2953658.888
2022-02-07 05:50:00,41935.5,41962.5,41925.0,41962.5,75.143,3151749.995
2022-02-07 05:51:00,41962.5,41981.0,41946.0,41980.5,105.778,4439575.2945
2022-02-07 05:52:00,41980.5,41999.0,41980.0,41999.0,48.725,2046106.1535
2022-02-07 05:53:00,41999.0,42040.0,41998.5,42040.0,69.443,2917691.328
2022-02-07 05:54:00,42040.0,42061.0,41880.0,41914.0,273.967,11503410.845
2022-02-07 05:55:00,41914.0,41914.0,41665.0,41734.0,424.971,17748523.26
2022-02-07 05:56:00,41734.0,41772.0,41601.0,41617.0,327.483,13663316.2185
2022-02-07 05:57:00,41617.0,41695.5,41595.0,41695.5,151.76,6319800.5385
2022-02-07 05:58:00,41695.5,41774.5,41695.5,41730.5,127.125,5305655.388
2022-02-07 05:59:00,41730.5,41769.5,41720.5,41752.0,85.284,3560314.914
2022-02-07 06:00:00,41752.0,41787.0,41717.5,41785.0,70.234,2931552.4165
2022-02-07 06:01:00,41785.0,41810.5,41784.5,41810.5,74.642,3119768.2575
2022-02-07 06:02:00,41810.5,41810.5,41785.0,41800.0,38.209,1597143.782
2022-02-07 06:03:00,41800.0,41813.5,41799.5,41810.0,50.141,2096350.454
2022-02-07 06:04:00,41810.0,41810.5,41762.5,41767.5,78.329,3272553.171
2022-02-07 06:05:00,41767.5,41786.0,41758.5,41786.0,53.024,2214615.6
2022-02-07 06:06:00,41786.0,41786.0,41765.0,41765.5,30.711,1282979.851
2022-02-07 06:07:00,41765.5,41780.0,41764.0,41779.5,15.395,642981.5275
2022-02-07 06:08:00,41779.5,41780.0,41727.0,41727.0,33.557,1400894.227
2022-02-07 06:09:00,41727.0,41743.0,41650.0,41684.0,65.713,2738934.3025
2022-02-07 06:10:00,41684.0,41709.0,41684.0,41709.0,58.332,2432491.465
2022-02-07 06:11:00,41709.0,41750.5,41700.0,41707.5,54.443,2271576.223
2022-02-07 06:12:00,41707.5,41727.0,41707.5,41714.5,10.243,427359.866
2022-02-07 06:13:00,41714.5,41721.5,41711.0,41711.5,29.8,1243152.4205
2022-02-07 06:14:00,41711.5,41729.5,41711.0,41729.5,29.272,1221296.1925
2022-02-07 06:15:00,41729.5,41745.0,41722.5,41722.5,12.002,500884.737
2022-02-07 06:16:00,41722.5,41722.5,41675.0,41700.0,49.843,2078190.398
2022-02-07 06:17:00,41700.0,41703.5,41674.0,41674.0,33.237,1385555.7785
2022-02-07 06:18:00,41674.0,41696.0,41674.0,41686.5,25.723,1072236.2015
2022-02-07 06:19:00,41686.5,41686.5,41660.0,41684.5,27.099,1129196.961
2022-02-07 06:20:00,41684.5,41690.0,41684.5,41690.0,27.349,1140173.984
2022-02-07 06:21:00,41690.0,41767.0,41689.5,41766.5,42.411,1769747.624
2022-02-07 06:22:00,41766.5,41767.0,41749.0,41749.5,66.652,2783470.885
2022-02-07 06:23:00,41749.5,41788.0,41749.0,41788.0,53.607,2238574.2255
2022-02-07 06:24:00,41788.0,41810.0,41779.5,41809.5,51.026,2132468.137
2022-02-07 06:25:00,41809.5,41813.5,41801.0,41813.5,70.603,2951563.6575
2022-02-07 06:26:00,41813.5,41820.0,41813.0,41819.0,37.503,1568300.1035
2022-02-07 06:27:00,41819.0,41819.5,41779.5,41779.5,31.289,1307796.4005
2022-02-07 06:28:00,41779.5,41801.0,41779.5,41794.5,28.024,1171251.4685
2022-02-07 06:29:00,41794.5,41795.0,41782.0,41782.5,8.057,336659.636
2022-02-07 06:30:00,41782.5,41800.0,41760.0,41760.0,31.727,1325741.584
2022-02-07 06:31:00,41760.0,41778.5,41760.0,41765.5,9.02,376818.0305
2022-02-07 06:32:00,41765.5,41766.0,41746.5,41747.0,14.034,585943.4335
2022-02-07 06:33:00,41747.0,41765.0,41746.5,41750.0,29.67,1238808.877
2022-02-07 06:34:00,41750.0,41750.5,41701.0,41707.0,44.299,1848038.5275
2022-02-07 06:35:00,41707.0,41717.0,41707.0,41714.5,15.524,647552.767
2022-02-07 06:36:00,41714.5,41725.0,41710.0,41710.0,17.506,730256.9855
2022-02-07 06:37:00,41710.0,41720.5,41710.0,41720.0,21.714,905848.5375
2022-02-07 06:38:00,41720.0,41720.5,41700.0,41700.0,14.051,586076.773
2022-02-07 06:39:00,41700.0,41710.0,41700.0,41709.5,10.66,444585.761
2022-02-07 06:40:00,41709.5,41710.0,41688.0,41698.5,25.751,1073746.923
2022-02-07 06:41:00,41698.5,41720.0,41698.0,41720.0,8.512,354988.397
2022-02-07 06:42:00,41720.0,41755.5,41719.5,41741.5,17.639,736218.543
2022-02-07 06:43:00,41741.5,41741.5,41741.0,41741.5,6.017,251157.889
2022-02-07 06:44:00,41741.5,41787.0,41741.0,41787.0,39.841,1664076.891
2022-02-07 06:45:00,41787.0,41824.0,41786.5,41824.0,26.627,1113138.44
2022-02-07 06:46:00,41824.0,41824.5,41782.0,41803.5,30.505,1275476.914
2022-02-07 06:47:00,41803.5,41803.5,41779.0,41787.0,19.119,798949.81
2022-02-07 06:48:00,41787.0,41803.5,41787.0,41800.0,19.693,823044.45
2022-02-07 06:49:00,41800.0,41800.0,41799.5,41800.0,5.434,227140.903
2022-02-07 06:50:00,41800.0,41823.0,41794.0,41794.0,26.033,1088385.175
2022-02-07 06:51:00,41794.0,41808.0,41791.5,41791.5,7.382,308553.031
2022-02-07 06:52:00,41791.5,41793.0,41757.5,41758.0,16.512,689902.38
2022-02-07 06:53:00,41758.0,41820.0,41758.0,41819.5,14.278,596817.935
2022-02-07 06:54:00,41819.5,41830.0,41775.0,41811.5,71.946,3008281.337
2022-02-07 06:55:00,41811.5,41860.0,41811.0,41850.5,44.885,1878398.857
2022-02-07 06:56:00,41850.5,41905.0,41850.0,41890.5,107.283,4494097.0465
2022-02-07 06:57:00,41890.5,41911.5,41890.5,41911.5,47.175,1976802.6835
2022-02-07 06:58:00,41911.5,41920.0,41911.0,41920.0,26.112,1094495.306
2022-02-07 06:59:00,41920.0,41920.0,41862.5,41862.5,70.364,2946869.668
2022-02-07 07:00:00,41862.5,41911.0,41862.5,41895.0,52.076,2181869.0715
2022-02-07 07:01:00,41895.0,41915.0,41895.0,41915.0,23.83,998590.6385
2022-02-07 07:02:00,41915.0,41959.5,41914.5,41959.5,62.012,2600872.576
2022-02-07 07:03:00,41959.5,41967.0,41959.0,41966.5,29.37,1232454.6695
2022-02-07 07:04:00,41966.5,41967.0,41937.5,41967.0,68.622,2879243.7615
2022-02-07 07:05:00,41967.0,41967.0,41966.5,41967.0,20.605,864723.9785
2022-02-07 07:06:00,41967.0,41995.0,41967.0,41995.0,79.626,3343546.139
2022-02-07 07:07:00,41995.0,42095.5,41994.5,42095.5,188.209,7913223.1655
2022-02-07 07:08:00,42095.5,42162.5,42095.0,42102.5,179.616,7567905.5135
2022-02-07 07:09:00,42102.5,42162.0,42102.5,42161.0,63.67,2683717.0245
2022-02-07 07:10:00,42161.0,42161.5,42103.5,42110.0,68.95,2905523.8175
2022-02-07 07:11:00,42110.0,42123.0,42038.0,42099.5,89.058,3747548.551
2022-02-07 07:12:00,42099.5,42117.5,42088.5,42105.5,40.926,1722895.5665
2022-02-07 07:13:00,42105.5,42125.0,42105.5,42121.5,22.964,967157.438
2022-02-07 07:14:00,42121.5,42137.0,42112.5,42117.5,18.425,776212.4155
2022-02-07 07:15:00,42117.5,42185.0,42117.5,42184.0,70.32,2964258.825
2022-02-07 07:16:00,42184.0,42184.5,42083.0,42095.5,70.028,2950350.222
2022-02-07 07:17:00,42095.5,42165.5,42095.5,42165.5,27.266,1148605.942
2022-02-07 07:18:00,42165.5,42223.5,42165.0,42176.5,92.343,3896769.109
2022-02-07 07:19:00,42176.5,42184.0,42176.5,42183.5,20.668,871797.3125
2022-02-07 07:20:00,42183.5,42184.0,42162.5,42172.5,22.869,964565.079
2022-02-07 07:21:00,42172.5,42184.0,42163.0,42174.5,12.502,527239.742
2022-02-07 07:22:00,42174.5,42174.5,42174.0,42174.0,6.751,284717.7995
2022-02-07 07:23:00,42174.0,42174.5,42140.0,42140.5,29.302,1235301.0285
2022-02-07 07:24:00,42140.5,42140.5,42114.0,42140.0,40.514,1706597.952
2022-02-07 07:25:00,42140.0,42140.0,42126.0,42126.0,48.399,2038960.4005
2022-02-07 07:26:00,42126.0,42126.5,42112.5,42112.5,12.733,536356.463
2022-02-07 07:27:00,42112.5,42112.5,42037.5,42051.0,58.063,2442378.6755
2022-02-07 07:28:00,42051.0,42051.5,42008.0,42023.5,57.002,2395533.1955
2022-02-07 07:29:00,42023.5,42071.5,42023.5,42071.0,45.202,1900494.2145
2022-02-07 07:30:00,42071.0,42139.5,42063.0,42139.5,35.952,1513284.698
2022-02-07 07:31:00,42139.5,42158.5,42131.5,42132.5,27.893,1175547.709
2022-02-07 07:32:00,42132.5,42150.5,42132.0,42150.5,33.639,1417796.5965
2022-02-07 07:33:00,42150.5,42150.5,42140.0,42150.0,9.935,418726.2215
2022-02-07 07:34:00,42150.0,42150.0,42149.5,42149.5,11.898,501496.3185
2022-02-07 07:35:00,42149.5,42167.0,42149.5,42165.5,24.413,1029289.2585
2022-02-07 07:36:00,42165.5,42166.0,42162.0,42162.0,18.037,760534.0815
2022-02-07 07:37:00,42162.0,42162.5,42149.5,42149.5,10.663,449486.1895
2022-02-07 07:38:00,42149.5,42162.0,42149.5,42161.5,29.759,1254357.3995
2022-02-07 07:39:00,42161.5,42162.0,42161.5,42162.0,8.239,347370.9045
2022-02-07 07:40:00,42162.0,42162.0,42100.5,42136.5,22.028,928115.2155
2022-02-07 07:41:00,42136.5,42162.0,42136.5,42150.0,39.084,1647677.5645
2022-02-07 07:42:00,42150.0,42150.5,42145.0,42149.0,26.595,1120888.385
2022-02-07 07:43:00,42149.0,42149.0,42148.5,42148.5,3.638,153337.262
2022-02-07 07:44:00,42148.5,42170.0,42148.5,42169.5,41.384,1744805.039
2022-02-07 07:45:00,42169.5,42220.0,42169.5,42190.5,42.317,1785590.782
2022-02-07 07:46:00,42190.5,42190.5,42174.0,42174.0,8.715,367653.0895
2022-02-07 07:47:00,42174.0,42185.0,42170.0,42185.0,34.602,1459193.5345
2022-02-07 07:48:00,42185.0,42198.5,42184.5,42198.5,12.487,526857.9055
2022-02-07 07:49:00,42198.5,42198.5,42187.0,42189.0,55.846,2356270.855
2022-02-07 07:50:00,42189.0,42220.0,42189.0,42219.5,21.615,912206.1325
2022-02-07 07:51:00,42219.5,42266.5,42216.5,42216.5,88.615,3743345.192
2022-02-07 07:52:00,42216.5,42264.5,42211.5,42251.0,25.132,1061533.407
2022-02-07 07:53:00,42251.0,42280.0,42250.5,42275.5,46.483,1964890.314
2022-02-07 07:54:00,42275.5,42333.0,42275.5,42323.0,104.383,4415105.3165
2022-02-07 07:55:00,42323.0,42329.5,42283.5,42283.5,41.969,1775256.2175
2022-02-07 07:56:00,42283.5,42300.0,42281.0,42299.5,16.671,705020.7895
2022-02-07 07:57:00,42299.5,42325.0,42299.5,42310.5,28.368,1200258.5045
2022-02-07 07:58:00,42310.5,42361.0,42310.5,42361.0,63.633,2694171.608
2022-02-07 07:59:00,42361.0,42361.0,42360.5,42360.5,25.494,1079940.5105
2022-02-07 08:00:00,42360.5,42434.5,42360.5,42420.5,147.202,6240378.0075
2022-02-07 08:01:00,42420.5,42420.5,42375.0,42385.5,61.586,2610798.056
2022-02-07 08:02:00,42385.5,42385.5,42358.0,42385.0,36.058,1527831.1425
2022-02-07 08:03:00,42385.0,42395.0,42362.5,42362.5,60.743,2574936.8475
2022-02-07 08:04:00,42362.5,42384.0,42362.5,42384.0,26.502,1123004.4745
2022-02-07 08:05:00,42384.0,42396.0,42384.0,42396.0,14.888,631101.6115
2022-02-07 08:06:00,42396.0,42400.0,42395.5,42399.5,20.165,854946.111
2022-02-07 08:07:00,42399.5,42400.0,42369.0,42385.5,20.683,876705.9965
2022-02-07 08:08:00,42385.5,42400.0,42385.5,42399.5,22.802,966544.755
2022-02-07 08:09:00,42399.5,42450.0,42399.5,42449.5,100.907,4281815.294
2022-02-07 08:10:00,42449.5,42457.5,42412.0,42443.0,62.109,2635510.349
2022-02-07 08:11:00,42443.0,42453.0,42442.5,42452.5,49.554,2103467.335
2022-02-07 08:12:00,42452.5,42457.0,42440.0,42457.0,30.14,1279371.9345
2022-02-07 08:13:00,42457.0,42457.5,42456.5,42457.0,16.543,702370.5015
2022-02-07 08:14:00,42457.0,42540.0,42457.0,42518.5,172.254,7322972.514
2022-02-07 08:15:00,42518.5,42569.5,42518.0,42550.0,120.754,5137761.9125
2022-02-07 08:16:00,42550.0,42600.0,42549.5,42600.0,147.557,6283525.057
2022-02-07 08:17:00,42600.0,42600.0,42538.0,42555.0,123.29,5246922.05
2022-02-07 08:18:00,42555.0,42559.0,42483.5,42499.5,100.747,4284736.7025
2022-02-07 08:19:00,42499.5,42500.0,42473.5,42473.5,80.608,3424970.625
2022-02-07 08:20:00,42473.5,42486.0,42443.5,42443.5,94.022,3991911.276
2022-02-07 08:21:00,42443.5,42445.5,42412.5,42445.0,55.99,2375994.646
2022-02-07 08:22:00,42445.0,42445.5,42422.5,42422.5,52.256,2217742.9585
2022-02-07 08:23:00,42422.5,42428.5,42422.5,42423.0,27.847,1181397.0295
2022-02-07 08:24:00,42423.0,42461.0,42422.5,42440.0,51.093,2168615.2235
2022-02-07 08:25:00,42440.0,42440.5,42370.0,42391.0,121.273,5140978.6115
2022-02-07 08:26:00,42391.0,42391.0,42343.5,42379.5,98.214,4160957.733
2022-02-07 08:27:00,42379.5,42380.0,42379.5,42380.0,25.131,1065044.9655
2022-02-07 08:28:00,42380.0,42380.0,42306.0,42306.0,125.112,5296674.085
2022-02-07 08:29:00,42306.0,42315.0,42301.0,42301.5,54.845,2320238.873
2022-02-07 08:30:00,42301.5,42302.0,42288.0,42302.0,65.195,2757214.513
2022-02-07 08:31:00,42302.0,42382.0,42301.5,42325.0,93.299,3949786.61
2022-02-07 08:32:00,42325.0,42369.0,42324.5,42369.0,48.419,2050668.33
2022-02-07 08:33:00,42369.0,42369.0,42350.0,42350.0,17.359,735301.682
2022-02-07 08:34:00,42350.0,42353.5,42350.0,42353.5,32.436,1373697.4765
2022-02-07 08:35:00,42353.5,42407.0,42353.0,42406.0,68.091,2886225.86
2022-02-07 08:36:00,42406.0,42440.5,42405.5,42425.5,53.548,2271948.552
2022-02-07 08:37:00,42425.5,42435.0,42425.0,42434.5,23.753,1007895.606
2022-02-07 08:38:00,42434.5,42460.0,42434.0,42459.5,26.681,1132526.809
2022-02-07 08:39:00,42459.5,42558.5,42459.5,42516.5,114.827,4881856.7155
2022-02-07 08:40:00,42516.5,42550.0,42516.0,42547.0,59.327,2523993.5385
2022-02-07 08:41:00,42547.0,42566.5,42513.5,42536.5,87.769,3733838.6995
2022-02-07 08:42:00,42536.5,42537.0,42486.0,42495.5,71.292,3030215.096
2022-02-07 08:43:00,42495.5,42525.5,42490.0,42490.5,56.398,2397348.538
2022-02-07 08:44:00,42490.5,42490.5,42445.5,42479.5,38.305,1626713.6
2022-02-07 08:45:00,42479.5,42500.0,42479.5,42500.0,28.986,1231606.787
2022-02-07 08:46:00,42500.0,42533.0,42499.5,42533.0,32.655,1388510.725
2022-02-07 08:47:00,42533.0,42533.0,42487.5,42487.5,17.809,757041.248
2022-02-07 08:48:00,42487.5,42497.5,42487.5,42491.0,13.889,590242.399
2022-02-07 08:49:00,42491.0,42491.5,42483.0,42483.5,16.736,711041.2895
2022-02-07 08:50:00,42483.5,42483.5,42415.0,42430.5,48.382,2053245.1855
2022-02-07 08:51:00,42430.5,42457.5,42430.0,42449.0,27.208,1154698.6765
2022-02-07 08:52:00,42449.0,42449.0,42445.0,42445.5,13.379,567890.1345
2022-02-07 08:53:00,42445.5,42445.5,42445.0,42445.0,7.325,310911.077
2022-02-07 08:54:00,42445.0,42500.5,42445.0,42500.0,37.101,1575661.886
2022-02-07 08:55:00,42500.0,42517.0,42500.0,42510.0,38.012,1616067.8635
2022-02-07 08:56:00,42510.0,42519.0,42509.5,42518.5,31.123,1323158.5545
2022-02-07 08:57:00,42518.5,42586.0,42518.5,42563.0,110.469,4700474.4585
2022-02-07 08:58:00,42563.0,42589.0,42561.5,42589.0,41.743,1777305.623
2022-02-07 08:59:00,42589.0,42850.0,42588.5,42710.0,1072.09,45824554.308
2022-02-07 09:00:00,42710.0,42710.0,42550.0,42585.0,226.924,9670518.59
2022-02-07 09:01:00,42585.0,42586.5,42564.0,42586.5,42.637,1815382.326
2022-02-07 09:02:00,42586.5,42669.5,42569.0,42645.5,106.191,4524695.6645
2022-02-07 09:03:00,42645.5,42723.5,42645.5,42670.0,109.689,4683243.4785
2022-02-07 09:04:00,42670.0,42691.0,42670.0,42683.5,49.326,2105320.1755
2022-02-07 09:05:00,42683.5,42763.5,42683.5,42743.5,109.332,4671650.7445
2022-02-07 09:06:00,42743.5,42792.5,42726.0,42792.0,85.528,3656556.5435
2022-02-07 09:07:00,42792.0,42809.0,42765.0,42783.5,103.016,4407464.585
2022-02-07 09:08:00,42783.5,42890.0,42783.5,42890.0,248.713,10653079.3345
2022-02-07 09:09:00,42890.0,42900.0,42783.0,42783.0,195.47,8374397.951
2022-02-07 09:10:00,42783.0,42821.0,42783.0,42800.0,45.456,1945364.149
2022-02-07 09:11:00,42800.0,42870.0,42799.5,42823.0,115.297,4937878.6595
2022-02-07 09:12:00,42823.0,42827.0,42761.5,42768.0,96.548,4132604.0
2022-02-07 09:13:00,42768.0,42768.5,42754.5,42759.0,75.852,3243869.07
2022-02-07 09:14:00,42759.0,42768.5,42685.0,42696.0,92.179,3938613.5205
2022-02-07 09:15:00,42696.0,42745.5,42690.5,42690.5,63.388,2707244.473
2022-02-07 09:16:00,42690.5,42691.5,42690.5,42691.5,31.552,1346989.797
2022-02-07 09:17:00,42691.5,42691.5,42658.0,42658.0,45.733,1951834.1935
2022-02-07 09:18:00,42658.0,42670.0,42630.5,42670.0,59.787,2550282.7935
2022-02-07 09:19:00,42670.0,42694.0,42669.5,42693.5,37.745,1611333.536
