timestamp,open,high,low,close,volume,turnover
2021-09-18 00:00:00,46966.0,46966.0,46917.5,46965.5,18.018,846224.379
2021-09-18 00:01:00,46965.5,47015.5,46965.0,47003.5,30.128,1416121.448
2021-09-18 00:02:00,47003.5,47003.5,46981.0,46981.5,8.062,378764.853
2021-09-18 00:03:00,46981.5,47020.0,46981.0,47020.0,7.495,352414.9
2021-09-18 00:04:00,47020.0,47027.0,47004.5,47025.0,6.809,320193.225
2021-09-18 00:05:00,47025.0,47025.0,47006.0,47024.5,23.717,1115280.0665
2021-09-18 00:06:00,47024.5,47028.0,46996.5,47009.0,30.461,1431941.149
2021-09-18 00:07:00,47009.0,47010.0,46985.5,46985.5,7.886,370527.653
2021-09-18 00:08:00,46985.5,46986.0,46985.5,46986.0,3.051,143354.286
2021-09-18 00:09:00,46986.0,47050.0,46985.5,47050.0,19.657,924861.85
2021-09-18 00:10:00,47050.0,47050.0,47013.5,47013.5,17.679,831151.6665
2021-09-18 00:11:00,47013.5,47013.5,46994.0,46994.0,6.253,293853.482
2021-09-18 00:12:00,46994.0,46994.5,46983.5,46984.0,5.906,277487.504
2021-09-18 00:13:00,46984.0,46984.0,46970.0,46973.5,9.663,453904.9305
2021-09-18 00:14:00,46973.5,46983.5,46970.5,46971.0,11.166,524478.186
2021-09-18 00:15:00,46971.0,46971.0,46970.0,46970.5,11.949,561250.5045
2021-09-18 00:16:00,46970.5,47042.5,46970.0,47042.5,27.436,1290658.03
2021-09-18 00:17:00,47042.5,47042.5,47042.0,47042.0,5.951,279946.942
2021-09-18 00:18:00,47042.0,47042.5,47020.0,47042.5,12.704,597627.92
2021-09-18 00:19:00,47042.5,47114.0,47042.0,47114.0,45.949,2164841.186
2021-09-18 00:20:00,47114.0,47123.0,47100.0,47123.0,35.076,1652886.348
2021-09-18 00:21:00,47123.0,47129.0,47122.5,47128.5,26.679,1257341.2515
2021-09-18 00:22:00,47128.5,47139.0,47128.5,47139.0,23.792,1121531.088
2021-09-18 00:23:00,47139.0,47139.0,47080.0,47094.0,26.65,1255055.1
2021-09-18 00:24:00,47094.0,47143.5,47093.5,47143.5,18.281,861830.3235
2021-09-18 00:25:00,47143.5,47143.5,47143.0,47143.5,10.136,477846.516
2021-09-18 00:26:00,47143.5,47149.0,47143.0,47149.0,24.677,1163495.873
2021-09-18 00:27:00,47149.0,47188.0,47149.0,47165.0,84.666,3993271.89
2021-09-18 00:28:00,47165.0,47170.0,47165.0,47170.0,7.53,355190.1
2021-09-18 00:29:00,47170.0,47195.5,47169.5,47195.0,17.422,822231.29
2021-09-18 00:30:00,47195.0,47229.0,47165.0,47229.0,35.778,1689759.162
2021-09-18 00:31:00,47229.0,47229.0,47200.0,47200.5,21.124,997063.362
2021-09-18 00:32:00,47200.5,47200.5,47200.0,47200.5,13.296,627577.848
2021-09-18 00:33:00,47200.5,47200.5,47188.5,47188.5,9.418,444421.293
2021-09-18 00:34:00,47188.5,47189.0,47188.5,47188.5,4.298,202816.173
2021-09-18 00:35:00,47188.5,47189.0,47157.5,47158.0,18.045,850966.11
2021-09-18 00:36:00,47158.0,47158.0,47143.0,47143.5,21.532,1015093.842
2021-09-18 00:37:00,47143.5,47143.5,47108.5,47115.5,26.881,1266511.7555
2021-09-18 00:38:00,47115.5,47161.0,47115.0,47160.5,17.015,802435.9075
2021-09-18 00:39:00,47160.5,47161.0,47115.0,47115.0,12.265,577865.475
2021-09-18 00:40:00,47115.0,47144.0,47115.0,47144.0,14.25,671802.0
2021-09-18 00:41:00,47144.0,47144.0,47134.0,47144.0,6.555,309028.92
2021-09-18 00:42:00,47144.0,47144.0,47143.5,47143.5,16.518,778716.333
2021-09-18 00:43:00,47143.5,47144.0,47141.0,47141.5,1.993,93953.0095
2021-09-18 00:44:00,47141.5,47150.5,47141.5,47150.5,6.525,307657.0125
2021-09-18 00:45:00,47150.5,47208.0,47136.0,47208.0,13.643,644058.744
2021-09-18 00:46:00,47208.0,47208.0,47207.5,47208.0,6.61,312044.88
2021-09-18 00:47:00,47208.0,47208.0,47207.5,47207.5,12.495,589857.7125
2021-09-18 00:48:00,47207.5,47207.5,47179.0,47179.5,6.426,303175.467
2021-09-18 00:49:00,47179.5,47188.5,47179.0,47188.5,10.251,483729.3135
2021-09-18 00:50:00,47188.5,47188.5,47188.0,47188.0,11.028,520389.264
2021-09-18 00:51:00,47188.0,47189.0,47188.0,47188.5,2.433,114809.6205
2021-09-18 00:52:00,47188.5,47218.5,47188.5,47218.0,7.148,337514.264
2021-09-18 00:53:00,47218.0,47228.0,47218.0,47227.5,13.431,634312.5525
2021-09-18 00:54:00,47227.5,47227.5,47204.0,47221.0,5.185,244840.885
2021-09-18 00:55:00,47221.0,47264.0,47221.0,47263.5,24.587,1162067.6745
2021-09-18 00:56:00,47263.5,47264.0,47242.0,47261.0,18.438,871398.318
2021-09-18 00:57:00,47261.0,47264.0,47260.5,47264.0,5.48,259006.72
2021-09-18 00:58:00,47264.0,47291.5,47263.5,47282.0,31.372,1483330.904
2021-09-18 00:59:00,47282.0,47295.0,47281.5,47294.5,10.969,518773.3705
2021-09-18 01:00:00,47294.5,47295.0,47279.0,47279.0,7.237,342158.123
2021-09-18 01:01:00,47279.0,47279.5,47258.0,47259.5,9.4,444239.3
2021-09-18 01:02:00,47259.5,47280.0,47259.5,47280.0,6.362,300795.36
2021-09-18 01:03:00,47280.0,47280.0,47264.5,47277.0,8.937,422514.549
2021-09-18 01:04:00,47277.0,47288.0,47276.5,47287.5,3.909,184846.8375
2021-09-18 01:05:00,47287.5,47288.0,47287.5,47287.5,2.587,122332.7625
2021-09-18 01:06:00,47287.5,47288.0,47287.5,47288.0,16.044,758688.672
2021-09-18 01:07:00,47288.0,47292.5,47287.5,47292.0,9.114,431019.288
2021-09-18 01:08:00,47292.0,47292.5,47292.0,47292.0,3.362,158995.704
2021-09-18 01:09:00,47292.0,47322.0,47292.0,47321.0,24.663,1167077.823
2021-09-18 01:10:00,47321.0,47321.0,47320.5,47320.5,10.401,492180.5205
2021-09-18 01:11:00,47320.5,47321.0,47317.5,47318.0,8.531,403669.858
2021-09-18 01:12:00,47318.0,47321.0,47317.5,47321.0,3.048,144234.408
2021-09-18 01:13:00,47321.0,47321.0,47320.5,47321.0,2.974,140732.654
2021-09-18 01:14:00,47321.0,47321.0,47320.5,47321.0,1.422,67290.462
2021-09-18 01:15:00,47321.0,47321.0,47300.5,47300.5,15.594,737603.997
2021-09-18 01:16:00,47300.5,47324.5,47300.5,47324.5,18.591,879809.7795
2021-09-18 01:17:00,47324.5,47348.0,47324.5,47344.5,20.621,976290.9345
2021-09-18 01:18:00,47344.5,47344.5,47306.0,47322.0,9.003,426039.966
2021-09-18 01:19:00,47322.0,47322.0,47321.5,47322.0,3.591,169933.302
2021-09-18 01:20:00,47322.0,47322.0,47321.5,47321.5,4.972,235282.498
2021-09-18 01:21:00,47321.5,47330.0,47321.5,47330.0,3.09,146249.7
2021-09-18 01:22:00,47330.0,47338.0,47330.0,47338.0,7.005,331602.69
2021-09-18 01:23:00,47338.0,47342.5,47338.0,47342.5,6.943,328698.9775
2021-09-18 01:24:00,47342.5,47343.5,47342.5,47343.0,7.401,350385.543
2021-09-18 01:25:00,47343.0,47348.0,47343.0,47348.0,14.057,665570.836
2021-09-18 01:26:00,47348.0,47482.5,47348.0,47480.0,175.644,8339577.12
2021-09-18 01:27:00,47480.0,47524.5,47461.5,47469.0,107.947,5124136.143
2021-09-18 01:28:00,47469.0,47474.5,47468.5,47474.0,15.406,731384.444
2021-09-18 01:29:00,47474.0,47540.0,47474.0,47489.0,66.659,3165569.251
2021-09-18 01:30:00,47489.0,47570.0,47489.0,47503.5,73.56,3494357.46
2021-09-18 01:31:00,47503.5,47525.0,47499.0,47499.0,24.043,1142018.457
2021-09-18 01:32:00,47499.0,47499.0,47382.0,47388.5,79.909,3786767.6465
2021-09-18 01:33:00,47388.5,47435.0,47388.0,47398.5,48.734,2309918.499
2021-09-18 01:34:00,47398.5,47405.0,47398.0,47404.5,7.791,369328.4595
2021-09-18 01:35:00,47404.5,47405.0,47404.0,47404.5,11.684,553874.178
2021-09-18 01:36:00,47404.5,47419.5,47398.0,47419.0,10.519,498800.461
2021-09-18 01:37:00,47419.0,47419.5,47419.0,47419.5,10.358,491171.181
2021-09-18 01:38:00,47419.5,47419.5,47419.0,47419.5,3.014,142922.373
2021-09-18 01:39:00,47419.5,47419.5,47419.0,47419.0,2.991,141830.229
2021-09-18 01:40:00,47419.0,47419.5,47419.0,47419.5,9.978,473151.771
2021-09-18 01:41:00,47419.5,47419.5,47419.0,47419.5,6.884,326435.838
2021-09-18 01:42:00,47419.5,47419.5,47419.0,47419.0,6.089,288734.291
2021-09-18 01:43:00,47419.0,47419.5,47380.0,47380.0,9.031,427888.78
2021-09-18 01:44:00,47380.0,47386.5,47364.5,47377.5,14.304,677687.76
2021-09-18 01:45:00,47377.5,47378.0,47365.5,47365.5,7.914,374850.567
2021-09-18 01:46:00,47365.5,47378.0,47365.5,47377.5,3.743,177333.9825
2021-09-18 01:47:00,47377.5,47384.0,47351.5,47351.5,30.02,1421492.03
2021-09-18 01:48:00,47351.5,47351.5,47269.5,47292.5,55.538,2626530.865
2021-09-18 01:49:00,47292.5,47339.0,47292.5,47338.5,23.656,1119839.556
2021-09-18 01:50:00,47338.5,47339.0,47338.5,47338.5,1.646,77919.171
2021-09-18 01:51:00,47338.5,47339.0,47326.0,47327.5,16.883,799030.1825
2021-09-18 01:52:00,47327.5,47332.5,47327.0,47332.0,8.305,393092.26
2021-09-18 01:53:00,47332.0,47332.5,47332.0,47332.5,2.732,129312.39
2021-09-18 01:54:00,47332.5,47332.5,47332.0,47332.0,2.965,140339.38
2021-09-18 01:55:00,47332.0,47332.5,47308.5,47308.5,6.445,304903.2825
2021-09-18 01:56:00,47308.5,47309.0,47305.0,47305.0,12.419,587480.795
2021-09-18 01:57:00,47305.0,47305.0,47300.0,47300.5,12.45,588891.225
2021-09-18 01:58:00,47300.5,47300.5,47238.0,47238.0,36.581,1728013.278
2021-09-18 01:59:00,47238.0,47238.5,47187.0,47187.0,31.944,1507341.528
2021-09-18 02:00:00,47187.0,47222.0,47087.0,47118.0,77.503,3651786.354
2021-09-18 02:01:00,47118.0,47194.0,47117.5,47181.5,27.819,1312542.1485
2021-09-18 02:02:00,47181.5,47227.0,47181.5,47222.5,47.443,2240377.0675
2021-09-18 02:03:00,47222.5,47267.5,47222.5,47267.5,24.428,1154650.49
2021-09-18 02:04:00,47267.5,47267.5,47245.5,47245.5,11.855,560095.4025
2021-09-18 02:05:00,47245.5,47246.0,47205.5,47205.5,3.359,158563.2745
2021-09-18 02:06:00,47205.5,47218.5,47205.0,47218.5,11.701,552503.6685
2021-09-18 02:07:00,47218.5,47218.5,47161.5,47177.0,20.556,969770.412
2021-09-18 02:08:00,47177.0,47194.0,47176.5,47194.0,8.74,412475.56
2021-09-18 02:09:00,47194.0,47194.0,47193.5,47194.0,7.868,371322.392
2021-09-18 02:10:00,47194.0,47194.0,47165.0,47165.0,3.122,147249.13
2021-09-18 02:11:00,47165.0,47165.5,47165.0,47165.0,4.662,219883.23
2021-09-18 02:12:00,47165.0,47165.5,47165.0,47165.5,6.747,318225.6285
2021-09-18 02:13:00,47165.5,47165.5,47165.0,47165.5,4.428,208848.834
2021-09-18 02:14:00,47165.5,47208.0,47165.0,47208.0,12.302,580752.816
2021-09-18 02:15:00,47208.0,47208.0,47186.0,47186.5,7.101,335071.3365
2021-09-18 02:16:00,47186.5,47186.5,47186.0,47186.0,1.146,54075.156
2021-09-18 02:17:00,47186.0,47186.5,47170.0,47170.0,11.305,533256.85
2021-09-18 02:18:00,47170.0,47170.5,47170.0,47170.0,1.81,85377.7
2021-09-18 02:19:00,47170.0,47170.5,47148.0,47148.5,8.342,393312.787
2021-09-18 02:20:00,47148.5,47148.5,47148.0,47148.0,2.753,129798.444
2021-09-18 02:21:00,47148.0,47148.5,47148.0,47148.5,1.414,66667.979
2021-09-18 02:22:00,47148.5,47148.5,47115.5,47115.5,8.441,397701.9355
2021-09-18 02:23:00,47115.5,47175.5,47115.5,47161.5,24.056,1134517.044
2021-09-18 02:24:00,47161.5,47181.0,47161.5,47181.0,17.692,834726.252
2021-09-18 02:25:00,47181.0,47200.0,47180.5,47200.0,14.722,694878.4
2021-09-18 02:26:00,47200.0,47200.0,47138.5,47138.5,12.409,584941.6465
2021-09-18 02:27:00,47138.5,47139.0,47100.0,47100.0,32.98,1553358.0
2021-09-18 02:28:00,47100.0,47100.5,47019.5,47045.0,53.711,2526833.995
2021-09-18 02:29:00,47045.0,47045.5,46994.0,46994.5,56.341,2647717.1245
2021-09-18 02:30:00,46994.5,47022.0,46941.0,47022.0,55.906,2628811.932
2021-09-18 02:31:00,47022.0,47022.0,46965.0,46965.0,23.993,1126831.245
2021-09-18 02:32:00,46965.0,46965.0,46918.0,46921.5,37.129,1742148.3735
2021-09-18 02:33:00,46921.5,46921.5,46900.0,46900.0,23.779,1115235.1
2021-09-18 02:34:00,46900.0,46928.0,46900.0,46928.0,24.924,1169633.472
2021-09-18 02:35:00,46928.0,46928.0,46852.0,46852.5,74.127,3473035.2675
2021-09-18 02:36:00,46852.5,46878.0,46821.5,46878.0,154.87,7259995.86
2021-09-18 02:37:00,46878.0,46924.0,46877.5,46888.5,97.855,4588274.1675
2021-09-18 02:38:00,46888.5,46889.0,46853.5,46854.0,43.235,2025732.69
2021-09-18 02:39:00,46854.0,46916.5,46853.5,46916.5,22.796,1069508.534
2021-09-18 02:40:00,46916.5,47052.0,46916.0,47052.0,88.182,4149139.464
2021-09-18 02:41:00,47052.0,47109.5,46997.5,46997.5,93.91,4413535.225
2021-09-18 02:42:00,46997.5,47104.5,46983.0,47069.0,45.588,2145781.572
2021-09-18 02:43:00,47069.0,47125.0,47069.0,47110.0,27.768,1308150.48
2021-09-18 02:44:00,47110.0,47110.5,47090.0,47090.0,14.834,698533.06
2021-09-18 02:45:00,47090.0,47090.5,47055.0,47055.5,18.195,856174.8225
2021-09-18 02:46:00,47055.5,47055.5,47001.5,47032.0,25.934,1219727.888
2021-09-18 02:47:00,47032.0,47032.0,46991.0,46991.5,23.92,1124036.68
2021-09-18 02:48:00,46991.5,47035.5,46991.0,47035.5,13.229,622232.6295
2021-09-18 02:49:00,47035.5,47035.5,47003.5,47003.5,6.493,305193.7255
2021-09-18 02:50:00,47003.5,47004.0,46987.0,46987.0,12.261,576107.607
2021-09-18 02:51:00,46987.0,47056.5,46987.0,47034.0,23.968,1127310.912
2021-09-18 02:52:00,47034.0,47046.0,46988.0,47029.5,30.296,1424805.732
2021-09-18 02:53:00,47029.5,47030.0,47009.0,47009.0,5.431,255305.879
2021-09-18 02:54:00,47009.0,47009.5,47009.0,47009.0,6.321,297143.889
2021-09-18 02:55:00,47009.0,47009.5,46990.0,46991.0,12.505,587622.455
2021-09-18 02:56:00,46991.0,47073.5,46991.0,47073.5,11.782,554619.977
2021-09-18 02:57:00,47073.5,47073.5,47057.0,47057.5,11.426,537678.995
2021-09-18 02:58:00,47057.5,47057.5,47041.0,47041.5,9.785,460301.0775
2021-09-18 02:59:00,47041.5,47057.0,47041.0,47057.0,30.196,1420933.172
2021-09-18 03:00:00,47057.0,47117.5,47057.0,47117.5,41.786,1968851.855
2021-09-18 03:01:00,47117.5,47123.5,47117.0,47123.5,7.966,375385.801
2021-09-18 03:02:00,47123.5,47185.0,47123.0,47185.0,65.164,3074763.34
2021-09-18 03:03:00,47185.0,47215.5,47184.5,47215.5,35.445,1673553.3975
2021-09-18 03:04:00,47215.5,47218.0,47215.5,47217.5,4.432,209267.96
2021-09-18 03:05:00,47217.5,47218.0,47164.0,47164.5,37.453,1766452.0185
2021-09-18 03:06:00,47164.5,47179.5,47164.0,47179.5,10.708,505198.086
2021-09-18 03:07:00,47179.5,47179.5,47179.0,47179.5,4.122,194473.899
2021-09-18 03:08:00,47179.5,47179.5,47179.0,47179.0,1.521,71759.259
2021-09-18 03:09:00,47179.0,47179.5,47179.0,47179.5,2.762,130309.779
2021-09-18 03:10:00,47179.5,47179.5,47170.5,47171.0,11.766,555013.986
2021-09-18 03:11:00,47171.0,47171.0,47170.5,47170.5,4.475,211087.9875
2021-09-18 03:12:00,47170.5,47171.0,47155.0,47155.5,7.151,337208.9805
2021-09-18 03:13:00,47155.5,47155.5,47119.5,47119.5,13.571,639458.7345
2021-09-18 03:14:00,47119.5,47120.0,47119.5,47120.0,19.262,907625.44
2021-09-18 03:15:00,47120.0,47120.0,47119.5,47120.0,3.519,165815.28
2021-09-18 03:16:00,47120.0,47120.0,47119.5,47119.5,2.297,108233.4915
2021-09-18 03:17:00,47119.5,47120.0,47119.5,47120.0,0.895,42172.4
2021-09-18 03:18:00,47120.0,47120.0,47119.5,47119.5,1.88,88584.66
2021-09-18 03:19:00,47119.5,47120.0,47119.5,47119.5,3.894,183483.333
2021-09-18 03:20:00,47119.5,47152.0,47119.5,47145.5,27.05,1275285.775
2021-09-18 03:21:00,47145.5,47148.0,47145.0,47148.0,12.331,581381.988
2021-09-18 03:22:00,47148.0,47184.0,47147.5,47184.0,9.927,468395.568
2021-09-18 03:23:00,47184.0,47210.0,47183.5,47210.0,7.26,342744.6
2021-09-18 03:24:00,47210.0,47210.0,47209.5,47209.5,8.394,396276.543
2021-09-18 03:25:00,47209.5,47219.5,47209.5,47219.0,12.803,604544.857
2021-09-18 03:26:00,47219.0,47262.5,47219.0,47262.5,14.305,676090.0625
2021-09-18 03:27:00,47262.5,47262.5,47262.0,47262.5,24.693,1167052.9125
2021-09-18 03:28:00,47262.5,47293.5,47262.0,47289.5,17.234,814987.243
2021-09-18 03:29:00,47289.5,47294.5,47253.5,47270.0,19.82,936891.4
2021-09-18 03:30:00,47270.0,47327.0,47270.0,47280.5,33.546,1586071.653
2021-09-18 03:31:00,47280.5,47331.5,47280.5,47331.5,12.511,592164.3965
2021-09-18 03:32:00,47331.5,47399.0,47331.0,47399.0,50.475,2392464.525
2021-09-18 03:33:00,47399.0,47437.5,47368.5,47422.0,41.416,1964029.552
2021-09-18 03:34:00,47422.0,47436.0,47402.5,47402.5,61.335,2907432.3375
2021-09-18 03:35:00,47402.5,47402.5,47322.5,47400.0,32.846,1556900.4
2021-09-18 03:36:00,47400.0,47402.0,47333.0,47333.5,19.343,915571.8905
2021-09-18 03:37:00,47333.5,47387.0,47300.0,47359.0,59.562,2820796.758
2021-09-18 03:38:00,47359.0,47359.5,47340.0,47340.0,8.191,387761.94
2021-09-18 03:39:00,47340.0,47340.5,47292.5,47292.5,9.614,454670.095
2021-09-18 03:40:00,47292.5,47327.5,47292.5,47297.0,20.921,989500.537
2021-09-18 03:41:00,47297.0,47373.0,47297.0,47332.0,22.332,1057018.224
2021-09-18 03:42:00,47332.0,47332.5,47320.0,47320.5,9.303,440222.6115
2021-09-18 03:43:00,47320.5,47402.0,47313.5,47401.5,38.264,1813770.996
2021-09-18 03:44:00,47401.5,47402.0,47389.5,47389.5,58.092,2752950.834
2021-09-18 03:45:00,47389.5,47398.5,47389.5,47398.0,7.541,357428.318
2021-09-18 03:46:00,47398.0,47420.0,47398.0,47401.0,34.135,1618033.135
2021-09-18 03:47:00,47401.0,47401.0,47399.5,47399.5,34.37,1629120.815
2021-09-18 03:48:00,47399.5,47399.5,47333.5,47333.5,7.939,375780.6565
2021-09-18 03:49:00,47333.5,47334.0,47332.0,47332.0,8.978,424946.696
2021-09-18 03:50:00,47332.0,47335.5,47324.5,47335.5,13.847,655454.6685
2021-09-18 03:51:00,47335.5,47350.0,47335.0,47335.5,3.41,161414.055
2021-09-18 03:52:00,47335.5,47339.5,47335.0,47339.5,8.274,391687.023
2021-09-18 03:53:00,47339.5,47340.0,47339.5,47339.5,2.448,115887.096
2021-09-18 03:54:00,47339.5,47340.0,47339.5,47339.5,3.927,185902.2165
2021-09-18 03:55:00,47339.5,47340.0,47330.5,47330.5,16.545,783083.1225
2021-09-18 03:56:00,47330.5,47332.5,47330.5,47332.0,19.761,935327.652
2021-09-18 03:57:00,47332.0,47340.0,47332.0,47339.5,6.309,298664.9055
2021-09-18 03:58:00,47339.5,47340.0,47332.0,47332.0,1.822,86238.904
2021-09-18 03:59:00,47332.0,47332.5,47332.0,47332.0,13.079,619055.228
2021-09-18 04:00:00,47332.0,47332.0,47308.0,47329.5,27.241,1289302.9095
2021-09-18 04:01:00,47329.5,47330.0,47329.5,47330.0,2.179,103132.07
2021-09-18 04:02:00,47330.0,47330.0,47329.5,47329.5,1.084,51305.178
2021-09-18 04:03:00,47329.5,47330.0,47328.5,47328.5,24.868,1176965.138
2021-09-18 04:04:00,47328.5,47329.0,47328.5,47328.5,1.682,79606.537
2021-09-18 04:05:00,47328.5,47329.0,47325.0,47325.0,3.418,161756.85
2021-09-18 04:06:00,47325.0,47325.5,47268.0,47268.5,41.016,1938764.796
2021-09-18 04:07:00,47268.5,47268.5,47268.0,47268.5,13.384,632641.604
2021-09-18 04:08:00,47268.5,47288.5,47268.0,47288.5,21.808,1031267.608
2021-09-18 04:09:00,47288.5,47312.5,47288.0,47312.5,9.198,435180.375
2021-09-18 04:10:00,47312.5,47312.5,47312.0,47312.0,5.898,279046.176
2021-09-18 04:11:00,47312.0,47312.0,47270.5,47271.0,16.184,765033.864
2021-09-18 04:12:00,47271.0,47284.5,47270.5,47284.0,16.265,769074.26
2021-09-18 04:13:00,47284.0,47284.5,47284.0,47284.5,2.745,129795.9525
2021-09-18 04:14:00,47284.5,47284.5,47277.5,47277.5,2.32,109683.8
2021-09-18 04:15:00,47277.5,47277.5,47277.0,47277.5,2.623,124008.8825
2021-09-18 04:16:00,47277.5,47277.5,47277.0,47277.0,10.297,486811.269
2021-09-18 04:17:00,47277.0,47277.5,47179.5,47181.5,31.101,1467391.8315
2021-09-18 04:18:00,47181.5,47182.0,46995.0,47075.0,136.869,6443108.175
2021-09-18 04:19:00,47075.0,47157.5,47075.0,47157.5,57.652,2718724.19
2021-09-18 04:20:00,47157.5,47157.5,47059.5,47060.0,37.271,1753973.26
2021-09-18 04:21:00,47060.0,47125.5,47041.5,47125.5,28.132,1325734.566
2021-09-18 04:22:00,47125.5,47125.5,47100.5,47124.0,6.347,299096.028
2021-09-18 04:23:00,47124.0,47124.5,47081.5,47100.0,9.873,465018.3
2021-09-18 04:24:00,47100.0,47100.0,47029.5,47030.0,26.614,1251656.42
2021-09-18 04:25:00,47030.0,47030.0,47029.5,47030.0,21.626,1017070.78
2021-09-18 04:26:00,47030.0,47030.0,47006.0,47006.5,18.736,880713.784
2021-09-18 04:27:00,47006.5,47050.0,46967.0,46967.5,47.822,2246079.785
2021-09-18 04:28:00,46967.5,47008.5,46966.0,46977.0,25.531,1199369.787
2021-09-18 04:29:00,46977.0,46977.5,46944.5,46977.0,21.836,1025789.772
2021-09-18 04:30:00,46977.0,46977.5,46875.5,46925.5,146.534,6876181.217
2021-09-18 04:31:00,46925.5,46994.0,46925.0,46994.0,56.887,2673347.678
2021-09-18 04:32:00,46994.0,47031.0,46993.5,47017.5,58.615,2755930.7625
2021-09-18 04:33:00,47017.5,47029.5,46974.5,47005.0,35.947,1689688.735
2021-09-18 04:34:00,47005.0,47005.0,46997.0,46997.0,8.194,385093.418
2021-09-18 04:35:00,46997.0,47030.0,46997.0,47005.0,16.665,783338.325
2021-09-18 04:36:00,47005.0,47005.0,46955.0,46967.5,19.661,923428.0175
2021-09-18 04:37:00,46967.5,47014.0,46967.5,47014.0,16.852,792279.928
2021-09-18 04:38:00,47014.0,47014.0,47010.0,47010.5,15.475,727487.4875
2021-09-18 04:39:00,47010.5,47010.5,47010.0,47010.5,7.744,364049.312
2021-09-18 04:40:00,47010.5,47019.0,47010.0,47019.0,34.185,1607344.515
2021-09-18 04:41:00,47019.0,47049.5,47018.5,47049.5,13.609,640296.6455
2021-09-18 04:42:00,47049.5,47057.0,47049.0,47057.0,10.18,479040.26
2021-09-18 04:43:00,47057.0,47100.0,47057.0,47099.5,55.956,2635499.622
2021-09-18 04:44:00,47099.5,47116.5,47099.0,47116.5,21.791,1026715.6515
2021-09-18 04:45:00,47116.5,47160.0,47116.0,47160.0,45.803,2160069.48
2021-09-18 04:46:00,47160.0,47271.0,47160.0,47249.0,115.616,5462740.384
2021-09-18 04:47:00,47249.0,47249.0,47218.0,47229.5,44.56,2104546.52
2021-09-18 04:48:00,47229.5,47229.5,47220.0,47220.0,13.393,632417.46
2021-09-18 04:49:00,47220.0,47255.0,47220.0,47235.5,40.168,1897355.564
2021-09-18 04:50:00,47235.5,47275.0,47235.5,47264.5,21.263,1004985.0635
2021-09-18 04:51:00,47264.5,47265.0,47196.0,47198.5,25.966,1225556.251
2021-09-18 04:52:00,47198.5,47198.5,47175.5,47179.5,47.616,2246499.072
2021-09-18 04:53:00,47179.5,47180.0,47160.0,47163.5,110.46,5209680.21
2021-09-18 04:54:00,47163.5,47164.0,47163.5,47163.5,9.535,449703.9725
2021-09-18 04:55:00,47163.5,47164.0,47159.0,47159.0,4.073,192078.607
2021-09-18 04:56:00,47159.0,47159.0,47111.5,47111.5,37.304,1757447.396
2021-09-18 04:57:00,47111.5,47111.5,47055.0,47094.5,42.055,1980559.1975
2021-09-18 04:58:00,47094.5,47094.5,47094.0,47094.5,5.807,273477.7615
2021-09-18 04:59:00,47094.5,47094.5,47093.0,47093.0,14.428,679457.804
2021-09-18 05:00:00,47093.0,47108.5,47093.0,47108.5,10.967,516638.9195
2021-09-18 05:01:00,47108.5,47145.0,47108.5,47130.5,35.282,1662858.301
2021-09-18 05:02:00,47130.5,47130.5,47130.0,47130.5,44.355,2090473.3275
2021-09-18 05:03:00,47130.5,47147.0,47130.0,47147.0,6.671,314517.637
2021-09-18 05:04:00,47147.0,47174.5,47146.5,47174.0,17.829,841065.246
2021-09-18 05:05:00,47174.0,47205.5,47174.0,47195.5,15.031,709395.5605
2021-09-18 05:06:00,47195.5,47234.5,47195.5,47202.5,25.18,1188558.95
2021-09-18 05:07:00,47202.5,47203.0,47202.5,47203.0,7.79,367711.37
2021-09-18 05:08:00,47203.0,47203.0,47165.5,47165.5,22.697,1070515.3535
2021-09-18 05:09:00,47165.5,47222.5,47165.5,47222.5,17.644,833193.79
2021-09-18 05:10:00,47222.5,47222.5,47199.0,47199.0,13.376,631333.824
2021-09-18 05:11:00,47199.0,47221.5,47199.0,47221.5,7.222,341033.673
2021-09-18 05:12:00,47221.5,47255.0,47221.0,47254.5,18.075,854125.0875
2021-09-18 05:13:00,47254.5,47255.0,47245.0,47245.0,12.053,569443.985
2021-09-18 05:14:00,47245.0,47245.5,47236.0,47236.0,10.6,500701.6
2021-09-18 05:15:00,47236.0,47250.0,47236.0,47249.5,5.03,237664.985
2021-09-18 05:16:00,47249.5,47250.0,47249.5,47250.0,5.293,250094.25
2021-09-18 05:17:00,47250.0,47291.0,47249.5,47291.0,41.969,1984755.979
2021-09-18 05:18:00,47291.0,47291.0,47278.0,47278.0,23.448,1108574.544
2021-09-18 05:19:00,47278.0,47278.5,47278.0,47278.0,2.078,98243.684
2021-09-18 05:20:00,47278.0,47278.5,47231.5,47231.5,12.885,608577.8775
2021-09-18 05:21:00,47231.5,47248.0,47221.0,47221.5,14.572,688111.698
2021-09-18 05:22:00,47221.5,47221.5,47140.5,47184.0,52.742,2488578.528
2021-09-18 05:23:00,47184.0,47201.0,47184.0,47198.0,20.868,984927.864
2021-09-18 05:24:00,47198.0,47217.0,47198.0,47217.0,7.536,355827.312
2021-09-18 05:25:00,47217.0,47250.0,47216.5,47250.0,4.932,233037.0
2021-09-18 05:26:00,47250.0,47250.0,47224.5,47225.0,19.34,913331.5
2021-09-18 05:27:00,47225.0,47234.5,47224.5,47234.5,5.761,272117.9545
2021-09-18 05:28:00,47234.5,47276.0,47234.5,47275.5,23.601,1115749.0755
2021-09-18 05:29:00,47275.5,47276.0,47275.5,47276.0,2.883,136296.708
2021-09-18 05:30:00,47276.0,47318.0,47276.0,47313.5,62.004,2933626.254
2021-09-18 05:31:00,47313.5,47322.0,47313.0,47322.0,22.491,1064319.102
2021-09-18 05:32:00,47322.0,47329.0,47245.5,47246.0,61.007,2882336.722
2021-09-18 05:33:00,47246.0,47340.0,47229.0,47312.5,82.203,3889229.4375
2021-09-18 05:34:00,47312.5,47360.5,47264.5,47264.5,74.88,3539165.76
2021-09-18 05:35:00,47264.5,47298.0,47241.0,47241.0,29.569,1396869.129
2021-09-18 05:36:00,47241.0,47241.5,47208.0,47208.0,33.5,1581468.0
2021-09-18 05:37:00,47208.0,47208.5,47180.0,47180.0,14.702,693640.36
2021-09-18 05:38:00,47180.0,47189.5,47174.5,47175.0,36.298,1712358.15
2021-09-18 05:39:00,47175.0,47194.0,47173.0,47185.0,24.427,1152587.995
2021-09-18 05:40:00,47185.0,47245.0,47175.5,47234.0,29.28,1383011.52
2021-09-18 05:41:00,47234.0,47250.0,47233.5,47250.0,22.228,1050273.0
2021-09-18 05:42:00,47250.0,47315.5,47249.5,47315.5,26.997,1277376.5535
2021-09-18 05:43:00,47315.5,47331.5,47315.0,47331.5,17.674,836536.931
2021-09-18 05:44:00,47331.5,47331.5,47331.0,47331.0,16.324,772631.244
2021-09-18 05:45:00,47331.0,47331.5,47287.5,47316.0,24.906,1178452.296
2021-09-18 05:46:00,47316.0,47316.0,47308.5,47308.5,3.819,180671.1615
2021-09-18 05:47:00,47308.5,47310.5,47271.0,47271.0,34.96,1652594.16
2021-09-18 05:48:00,47271.0,47281.5,47264.0,47281.5,5.528,261372.132
2021-09-18 05:49:00,47281.5,47283.0,47270.5,47271.0,6.979,329904.309
2021-09-18 05:50:00,47271.0,47300.0,47265.0,47300.0,3.228,152684.4
2021-09-18 05:51:00,47300.0,47300.0,47265.0,47265.0,10.14,479267.1
2021-09-18 05:52:00,47265.0,47265.5,47228.5,47239.5,31.718,1498342.461
2021-09-18 05:53:00,47239.5,47240.0,47239.5,47239.5,0.987,46625.3865
2021-09-18 05:54:00,47239.5,47240.0,47231.0,47231.5,7.643,360990.3545
2021-09-18 05:55:00,47231.5,47231.5,47215.5,47218.5,8.665,409148.3025
2021-09-18 05:56:00,47218.5,47219.0,47199.0,47199.0,17.125,808282.875
2021-09-18 05:57:00,47199.0,47199.0,47193.5,47193.5,14.163,668401.5405
2021-09-18 05:58:00,47193.5,47194.0,47193.5,47194.0,4.27,201518.38
2021-09-18 05:59:00,47194.0,47194.0,47193.5,47194.0,13.579,640847.326
2021-09-18 06:00:00,47194.0,47195.0,47193.5,47195.0,6.177,291523.515
2021-09-18 06:01:00,47195.0,47217.0,47195.0,47217.0,17.274,815626.458
2021-09-18 06:02:00,47217.0,47229.0,47195.5,47195.5,8.938,421833.379
2021-09-18 06:03:00,47195.5,47195.5,47170.0,47189.0,18.472,871675.208
2021-09-18 06:04:00,47189.0,47207.0,47188.5,47206.5,10.02,473009.13
2021-09-18 06:05:00,47206.5,47207.0,47206.5,47206.5,0.254,11990.451
2021-09-18 06:06:00,47206.5,47207.0,47180.0,47180.5,11.902,561542.311
2021-09-18 06:07:00,47180.5,47180.5,47151.0,47151.0,18.151,855837.801
2021-09-18 06:08:00,47151.0,47151.5,47135.0,47135.5,19.412,914994.326
2021-09-18 06:09:00,47135.5,47135.5,47135.0,47135.0,10.04,473235.4
2021-09-18 06:10:00,47135.0,47135.5,47130.5,47131.0,7.125,335808.375
2021-09-18 06:11:00,47131.0,47131.0,47125.5,47125.5,32.369,1525405.3095
2021-09-18 06:12:00,47125.5,47147.5,47125.5,47137.0,17.844,841112.628
2021-09-18 06:13:00,47137.0,47137.0,47116.5,47116.5,8.966,422446.539
2021-09-18 06:14:00,47116.5,47123.5,47114.0,47123.5,8.557,403235.7895
2021-09-18 06:15:00,47123.5,47174.0,47123.0,47174.0,33.891,1598774.034
2021-09-18 06:16:00,47174.0,47184.0,47115.5,47115.5,23.138,1090158.439
2021-09-18 06:17:00,47115.5,47116.0,47061.0,47073.5,35.732,1682030.302
2021-09-18 06:18:00,47073.5,47157.0,47073.5,47157.0,22.036,1039151.652
2021-09-18 06:19:00,47157.0,47157.0,47156.5,47157.0,2.371,111809.247
2021-09-18 06:20:00,47157.0,47180.5,47156.5,47180.5,15.305,722097.5525
2021-09-18 06:21:00,47180.5,47180.5,47180.0,47180.0,11.249,530727.82
2021-09-18 06:22:00,47180.0,47217.5,47180.0,47203.5,29.436,1389482.226
2021-09-18 06:23:00,47203.5,47204.0,47203.5,47204.0,8.656,408597.824
2021-09-18 06:24:00,47204.0,47210.0,47203.5,47209.5,32.534,1535913.873
2021-09-18 06:25:00,47209.5,47216.5,47209.5,47216.5,8.758,413522.107
2021-09-18 06:26:00,47216.5,47285.0,47216.5,47280.0,20.163,953306.64
2021-09-18 06:27:00,47280.0,47310.0,47279.5,47290.5,48.289,2283610.9545
2021-09-18 06:28:00,47290.5,47323.0,47290.5,47323.0,28.306,1339524.838
2021-09-18 06:29:00,47323.0,47360.0,47322.5,47359.5,31.815,1506742.4925
2021-09-18 06:30:00,47359.5,47400.0,47359.5,47399.5,70.345,3334317.8275
2021-09-18 06:31:00,47399.5,47400.0,47332.5,47332.5,49.675,2351241.9375
2021-09-18 06:32:00,47332.5,47400.0,47332.5,47399.5,87.749,4159258.7255
2021-09-18 06:33:00,47399.5,47400.0,47399.5,47399.5,32.631,1546693.0845
2021-09-18 06:34:00,47399.5,47400.0,47363.5,47397.5,86.916,4119601.11
2021-09-18 06:35:00,47397.5,47398.0,47397.0,47398.0,26.234,1243439.132
2021-09-18 06:36:00,47398.0,47400.0,47397.5,47399.5,19.535,925949.2325
2021-09-18 06:37:00,47399.5,47435.0,47399.5,47427.0,26.499,1256768.073
2021-09-18 06:38:00,47427.0,47433.0,47424.0,47424.0,69.393,3290893.632
2021-09-18 06:39:00,47424.0,47433.5,47424.0,47425.5,8.947,424315.9485
2021-09-18 06:40:00,47425.5,47450.0,47425.0,47450.0,19.298,915690.1
2021-09-18 06:41:00,47450.0,47490.0,47450.0,47490.0,37.31,1771851.9
2021-09-18 06:42:00,47490.0,47490.0,47489.5,47489.5,19.05,904674.975
2021-09-18 06:43:00,47489.5,47497.0,47489.5,47490.0,17.967,853252.83
2021-09-18 06:44:00,47490.0,47526.0,47490.0,47523.0,74.813,3555338.199
2021-09-18 06:45:00,47523.0,47551.0,47522.5,47533.5,94.049,4470478.1415
2021-09-18 06:46:00,47533.5,47534.0,47522.0,47522.0,60.059,2854123.798
2021-09-18 06:47:00,47522.0,47522.5,47496.0,47496.0,39.668,1884071.328
2021-09-18 06:48:00,47496.0,47496.5,47462.0,47473.5,32.378,1537096.983
2021-09-18 06:49:00,47473.5,47473.5,47462.5,47462.5,13.726,651470.275
2021-09-18 06:50:00,47462.5,47463.0,47424.5,47424.5,33.676,1597067.462
2021-09-18 06:51:00,47424.5,47425.0,47417.0,47417.0,36.963,1752674.571
2021-09-18 06:52:00,47417.0,47417.5,47406.0,47406.0,20.374,965849.844
2021-09-18 06:53:00,47406.0,47420.0,47406.0,47420.0,17.686,838670.12
2021-09-18 06:54:00,47420.0,47448.5,47420.0,47429.0,27.273,1293531.117
2021-09-18 06:55:00,47429.0,47429.5,47429.0,47429.5,1.072,50844.424
2021-09-18 06:56:00,47429.5,47454.5,47429.0,47454.5,12.855,610027.5975
2021-09-18 06:57:00,47454.5,47454.5,47454.0,47454.0,6.127,290750.658
2021-09-18 06:58:00,47454.0,47470.0,47454.0,47470.0,29.29,1390396.3
2021-09-18 06:59:00,47470.0,47470.0,47469.5,47470.0,2.392,113548.24
2021-09-18 07:00:00,47470.0,47480.0,47469.5,47480.0,14.73,699380.4
2021-09-18 07:01:00,47480.0,47495.0,47479.5,47494.5,13.4,636426.3
2021-09-18 07:02:00,47494.5,47495.0,47494.5,47494.5,7.314,347374.773
2021-09-18 07:03:00,47494.5,47494.5,47433.0,47451.5,33.36,1582982.04
2021-09-18 07:04:00,47451.5,47492.0,47451.5,47486.5,7.801,370442.1865
2021-09-18 07:05:00,47486.5,47486.5,47486.0,47486.0,2.358,111971.988
2021-09-18 07:06:00,47486.0,47486.5,47486.0,47486.5,6.031,286391.0815
2021-09-18 07:07:00,47486.5,47510.0,47486.0,47506.5,23.771,1129277.0115
2021-09-18 07:08:00,47506.5,47513.0,47506.5,47513.0,5.287,251201.231
2021-09-18 07:09:00,47513.0,47587.0,47513.0,47583.5,82.076,3905463.346
2021-09-18 07:10:00,47583.5,47635.0,47550.0,47550.0,92.912,4417965.6
2021-09-18 07:11:00,47550.0,47550.5,47550.0,47550.0,7.506,356910.3
2021-09-18 07:12:00,47550.0,47594.0,47550.0,47594.0,28.623,1362283.062
2021-09-18 07:13:00,47594.0,47617.0,47590.0,47617.0,39.691,1889966.347
2021-09-18 07:14:00,47617.0,47635.0,47614.5,47614.5,66.772,3179315.394
2021-09-18 07:15:00,47614.5,47640.0,47614.5,47616.0,24.573,1170067.968
2021-09-18 07:16:00,47616.0,47616.0,47615.5,47615.5,11.335,539721.6925
2021-09-18 07:17:00,47615.5,47615.5,47585.0,47585.5,49.794,2369472.387
2021-09-18 07:18:00,47585.5,47585.5,47570.0,47570.5,12.776,607760.708
2021-09-18 07:19:00,47570.5,47570.5,47563.0,47563.0,32.553,1548318.339
2021-09-18 07:20:00,47563.0,47577.5,47563.0,47577.0,10.545,501699.465
2021-09-18 07:21:00,47577.0,47577.5,47563.5,47563.5,5.871,279245.3085
2021-09-18 07:22:00,47563.5,47564.0,47563.5,47563.5,3.904,185687.904
2021-09-18 07:23:00,47563.5,47564.0,47553.0,47553.0,14.887,707921.511
2021-09-18 07:24:00,47553.0,47554.0,47553.0,47554.0,5.956,283231.624
2021-09-18 07:25:00,47554.0,47554.0,47553.5,47553.5,5.618,267155.563
2021-09-18 07:26:00,47553.5,47554.0,47553.5,47554.0,9.629,457897.466
2021-09-18 07:27:00,47554.0,47561.5,47554.0,47555.5,14.516,690315.638
2021-09-18 07:28:00,47555.5,47556.0,47554.0,47554.0,25.606,1217667.724
2021-09-18 07:29:00,47554.0,47554.5,47554.0,47554.0,3.577,170100.658
2021-09-18 07:30:00,47554.0,47590.0,47554.0,47578.5,16.293,775196.5005
2021-09-18 07:31:00,47578.5,47578.5,47566.0,47566.0,8.305,395035.63
2021-09-18 07:32:00,47566.0,47566.5,47543.0,47543.0,12.248,582306.664
2021-09-18 07:33:00,47543.0,47543.5,47521.5,47521.5,13.322,633081.423
2021-09-18 07:34:00,47521.5,47543.5,47521.5,47543.5,23.854,1134102.649
2021-09-18 07:35:00,47543.5,47543.5,47543.0,47543.0,1.54,73216.22
2021-09-18 07:36:00,47543.0,47543.5,47543.0,47543.5,1.205,57289.9175
2021-09-18 07:37:00,47543.5,47543.5,47529.0,47529.0,10.661,506706.669
2021-09-18 07:38:00,47529.0,47529.0,47514.5,47516.5,26.57,1262513.405
2021-09-18 07:39:00,47516.5,47516.5,47516.0,47516.0,4.879,231830.564
2021-09-18 07:40:00,47516.0,47552.5,47516.0,47544.5,50.347,2393722.9415
2021-09-18 07:41:00,47544.5,47545.0,47535.5,47535.5,5.986,284547.503
2021-09-18 07:42:00,47535.5,47536.0,47535.5,47535.5,3.567,169559.1285
2021-09-18 07:43:00,47535.5,47536.0,47535.5,47535.5,5.04,239578.92
2021-09-18 07:44:00,47535.5,47536.0,47535.5,47536.0,7.121,338503.856
2021-09-18 07:45:00,47536.0,47539.5,47536.0,47539.0,3.924,186543.036
2021-09-18 07:46:00,47539.0,47554.5,47539.0,47554.0,13.118,623813.372
2021-09-18 07:47:00,47554.0,47575.0,47554.0,47574.5,16.012,761762.894
2021-09-18 07:48:00,47574.5,47596.5,47574.0,47594.5,7.858,373997.581
2021-09-18 07:49:00,47594.5,47600.0,47594.0,47600.0,13.541,644551.6
2021-09-18 07:50:00,47600.0,47629.0,47599.5,47628.5,25.767,1227243.5595
2021-09-18 07:51:00,47628.5,47629.0,47628.5,47629.0,7.545,359360.805
2021-09-18 07:52:00,47629.0,47629.0,47628.5,47629.0,11.396,542780.084
2021-09-18 07:53:00,47629.0,47639.0,47589.5,47590.5,66.718,3175142.979
2021-09-18 07:54:00,47590.5,47600.0,47590.5,47599.5,11.864,564720.468
2021-09-18 07:55:00,47599.5,47600.0,47569.0,47569.0,30.294,1441055.286
2021-09-18 07:56:00,47569.0,47569.5,47569.0,47569.5,2.393,113833.8135
2021-09-18 07:57:00,47569.5,47569.5,47569.0,47569.5,6.806,323758.017
2021-09-18 07:58:00,47569.5,47569.5,47569.0,47569.0,3.37,160307.53
2021-09-18 07:59:00,47569.0,47569.5,47569.0,47569.5,1.078,51279.921
2021-09-18 08:00:00,47569.5,47569.5,47569.0,47569.0,1.897,90238.393
2021-09-18 08:01:00,47569.0,47600.0,47569.0,47600.0,9.794,466194.4
2021-09-18 08:02:00,47600.0,47606.0,47600.0,47606.0,5.163,245789.778
2021-09-18 08:03:00,47606.0,47615.0,47605.5,47614.5,5.06,240929.37
2021-09-18 08:04:00,47614.5,47615.0,47614.5,47615.0,2.745,130703.175
2021-09-18 08:05:00,47615.0,47615.0,47614.5,47615.0,2.822,134369.53
2021-09-18 08:06:00,47615.0,47615.0,47614.5,47615.0,5.641,268596.215
2021-09-18 08:07:00,47615.0,47615.0,47605.5,47605.5,18.193,866086.8615
2021-09-18 08:08:00,47605.5,47606.0,47605.5,47605.5,2.971,141435.9405
2021-09-18 08:09:00,47605.5,47606.0,47605.5,47605.5,4.397,209321.3835
2021-09-18 08:10:00,47605.5,47606.0,47605.5,47605.5,1.377,65552.7735
2021-09-18 08:11:00,47605.5,47606.0,47605.5,47606.0,2.24,106637.44
2021-09-18 08:12:00,47606.0,47606.0,47605.5,47605.5,10.496,499667.328
2021-09-18 08:13:00,47605.5,47606.0,47588.5,47589.0,7.956,378618.084
2021-09-18 08:14:00,47589.0,47603.0,47589.0,47602.5,2.988,142236.27
2021-09-18 08:15:00,47602.5,47603.0,47602.5,47603.0,3.228,153662.484
2021-09-18 08:16:00,47603.0,47603.0,47599.0,47599.0,13.243,630353.557
2021-09-18 08:17:00,47599.0,47599.5,47599.0,47599.0,3.495,166358.505
2021-09-18 08:18:00,47599.0,47599.5,47599.0,47599.5,2.052,97674.174
2021-09-18 08:19:00,47599.5,47599.5,47599.0,47599.5,1.53,72827.235
2021-09-18 08:20:00,47599.5,47599.5,47599.0,47599.5,3.64,173262.18
2021-09-18 08:21:00,47599.5,47620.0,47599.0,47619.5,13.952,664387.264
2021-09-18 08:22:00,47619.5,47620.0,47619.5,47620.0,3.711,176717.82
2021-09-18 08:23:00,47620.0,47620.0,47619.5,47619.5,4.151,197668.5445
2021-09-18 08:24:00,47619.5,47620.0,47619.5,47620.0,0.61,29048.2
2021-09-18 08:25:00,47620.0,47620.0,47619.5,47620.0,2.029,96620.98
2021-09-18 08:26:00,47620.0,47620.0,47619.5,47620.0,2.732,130097.84
2021-09-18 08:27:00,47620.0,47620.0,47619.5,47620.0,2.472,117716.64
2021-09-18 08:28:00,47620.0,47620.0,47619.5,47620.0,4.235,201670.7
2021-09-18 08:29:00,47620.0,47620.0,47619.5,47619.5,3.501,166715.8695
2021-09-18 08:30:00,47619.5,47622.0,47619.5,47622.0,13.114,624514.908
2021-09-18 08:31:00,47622.0,47625.0,47621.5,47624.5,8.514,405474.993
2021-09-18 08:32:00,47624.5,47650.0,47624.5,47649.5,34.218,1630470.591
2021-09-18 08:33:00,47649.5,47650.0,47631.0,47650.0,30.396,1448369.4
2021-09-18 08:34:00,47650.0,47657.5,47650.0,47657.5,40.029,1907682.0675
2021-09-18 08:35:00,47657.5,47659.5,47657.0,47659.5,9.192,438086.124
2021-09-18 08:36:00,47659.5,47693.5,47659.0,47678.5,60.794,2898566.729
2021-09-18 08:37:00,47678.5,47679.0,47668.0,47668.0,15.173,723266.564
2021-09-18 08:38:00,47668.0,47668.5,47668.0,47668.0,5.483,261363.644
2021-09-18 08:39:00,47668.0,47668.5,47665.5,47665.5,19.858,946541.499
2021-09-18 08:40:00,47665.5,47666.0,47665.5,47665.5,4.486,213827.433
2021-09-18 08:41:00,47665.5,47666.0,47665.5,47665.5,13.194,628898.607
2021-09-18 08:42:00,47665.5,47686.5,47665.5,47686.5,27.672,1319580.828
2021-09-18 08:43:00,47686.5,47720.0,47686.5,47699.0,62.362,2974605.038
2021-09-18 08:44:00,47699.0,47699.5,47668.0,47682.5,17.262,823095.315
2021-09-18 08:45:00,47682.5,47710.0,47682.5,47710.0,9.087,433540.77
2021-09-18 08:46:00,47710.0,47810.0,47709.5,47769.0,299.554,14309395.026
2021-09-18 08:47:00,47769.0,47828.0,47768.5,47793.0,101.315,4842147.795
2021-09-18 08:48:00,47793.0,47819.5,47793.0,47819.0,18.519,885560.061
2021-09-18 08:49:00,47819.0,47831.0,47819.0,47831.0,27.853,1332236.843
2021-09-18 08:50:00,47831.0,47844.5,47830.5,47844.5,38.531,1843496.4295
2021-09-18 08:51:00,47844.5,47880.0,47830.5,47830.5,112.034,5358642.237
2021-09-18 08:52:00,47830.5,47831.0,47788.0,47789.0,66.858,3195076.962
2021-09-18 08:53:00,47789.0,47789.0,47784.0,47784.0,22.477,1074040.968
2021-09-18 08:54:00,47784.0,47784.5,47756.5,47756.5,25.293,1207905.1545
2021-09-18 08:55:00,47756.5,47756.5,47755.0,47755.0,21.973,1049320.615
2021-09-18 08:56:00,47755.0,47793.0,47755.0,47792.0,21.533,1029105.136
2021-09-18 08:57:00,47792.0,47810.0,47792.0,47807.5,28.746,1374274.395
2021-09-18 08:58:00,47807.5,47808.0,47807.0,47807.0,21.562,1030814.534
2021-09-18 08:59:00,47807.0,47807.5,47796.5,47796.5,14.219,679618.4335
2021-09-18 09:00:00,47796.5,47830.0,47796.5,47829.5,15.234,728634.603
2021-09-18 09:01:00,47829.5,47830.0,47829.5,47830.0,12.513,598496.79
2021-09-18 09:02:00,47830.0,47848.0,47830.0,47848.0,14.218,680302.864
2021-09-18 09:03:00,47848.0,47850.0,47848.0,47850.0,15.788,755455.8
2021-09-18 09:04:00,47850.0,47850.0,47816.5,47816.5,30.581,1462276.3865
2021-09-18 09:05:00,47816.5,47817.0,47793.0,47793.0,27.342,1306756.206
2021-09-18 09:06:00,47793.0,47793.5,47765.0,47765.0,15.719,750818.035
2021-09-18 09:07:00,47765.0,47768.5,47760.0,47768.5,16.262,776811.347
2021-09-18 09:08:00,47768.5,47779.0,47768.0,47779.0,15.415,736513.285
2021-09-18 09:09:00,47779.0,47779.0,47778.5,47778.5,3.637,173770.4045
2021-09-18 09:10:00,47778.5,47779.0,47778.5,47778.5,2.559,122265.1815
2021-09-18 09:11:00,47778.5,47779.0,47778.5,47778.5,6.081,290541.0585
2021-09-18 09:12:00,47778.5,47779.0,47775.5,47776.0,7.601,363145.376
2021-09-18 09:13:00,47776.0,47776.0,47775.5,47775.5,2.242,107112.671
2021-09-18 09:14:00,47775.5,47776.0,47775.5,47775.5,5.249,250773.5995
2021-09-18 09:15:00,47775.5,47776.0,47775.5,47776.0,3.654,174573.504
2021-09-18 09:16:00,47776.0,47776.0,47775.5,47775.5,4.23,202090.365
2021-09-18 09:17:00,47775.5,47800.0,47775.5,47800.0,50.768,2426710.4
2021-09-18 09:18:00,47800.0,47840.0,47799.5,47840.0,26.897,1286752.48
2021-09-18 09:19:00,47840.0,47860.0,47839.5,47858.0,26.102,1249189.516
2021-09-18 09:20:00,47858.0,47870.0,47858.0,47870.0,17.481,836815.47
2021-09-18 09:21:00,47870.0,47889.0,47869.5,47888.5,43.764,2095792.314
2021-09-18 09:22:00,47888.5,47895.0,47888.5,47895.0,25.296,1211551.92
2021-09-18 09:23:00,47895.0,47895.0,47889.5,47889.5,36.599,1752707.8105
2021-09-18 09:24:00,47889.5,47897.0,47889.5,47897.0,75.433,3613014.401
2021-09-18 09:25:00,47897.0,47897.0,47876.5,47877.0,32.759,1568402.643
2021-09-18 09:26:00,47877.0,47877.5,47875.5,47875.5,16.372,783817.686
2021-09-18 09:27:00,47875.5,47876.0,47875.5,47875.5,4.452,213141.726
2021-09-18 09:28:00,47875.5,47885.0,47875.5,47885.0,11.566,553837.91
2021-09-18 09:29:00,47885.0,47929.5,47884.5,47895.0,55.115,2639732.925
2021-09-18 09:30:00,47895.0,47964.5,47895.0,47951.0,89.451,4289264.901
2021-09-18 09:31:00,47951.0,47951.0,47924.5,47924.5,21.724,1041111.838
2021-09-18 09:32:00,47924.5,47932.5,47907.0,47932.5,44.316,2124176.67
2021-09-18 09:33:00,47932.5,47932.5,47932.0,47932.0,9.305,446007.26
2021-09-18 09:34:00,47932.0,47932.5,47932.0,47932.0,5.298,253943.736
2021-09-18 09:35:00,47932.0,47932.5,47900.0,47900.0,11.28,540312.0
2021-09-18 09:36:00,47900.0,47932.5,47898.0,47911.5,57.78,2768326.47
2021-09-18 09:37:00,47911.5,47911.5,47911.0,47911.0,7.763,371933.093
2021-09-18 09:38:00,47911.0,47915.0,47911.0,47914.5,10.005,479384.5725
2021-09-18 09:39:00,47914.5,47916.0,47914.5,47915.5,14.735,706034.8925
2021-09-18 09:40:00,47915.5,47916.0,47915.5,47916.0,2.63,126019.08
2021-09-18 09:41:00,47916.0,47916.0,47915.5,47916.0,2.234,107044.344
2021-09-18 09:42:00,47916.0,47916.0,47915.5,47916.0,10.647,510161.652
2021-09-18 09:43:00,47916.0,47979.5,47915.5,47960.5,85.807,4115346.6235
2021-09-18 09:44:00,47960.5,48000.0,47928.0,47928.0,66.637,3193778.136
2021-09-18 09:45:00,47928.0,48000.0,47928.0,47984.5,30.709,1473556.0105
2021-09-18 09:46:00,47984.5,48000.0,47984.0,47999.5,40.607,1949115.6965
2021-09-18 09:47:00,47999.5,48000.0,47987.0,47997.5,11.188,536996.03
2021-09-18 09:48:00,47997.5,47997.5,47946.5,47946.5,20.135,965402.7775
2021-09-18 09:49:00,47946.5,47947.0,47946.5,47946.5,5.487,263082.4455
2021-09-18 09:50:00,47946.5,47964.5,47946.5,47964.5,11.993,575238.2485
2021-09-18 09:51:00,47964.5,47973.0,47964.0,47972.5,14.614,701070.115
2021-09-18 09:52:00,47972.5,47973.0,47963.0,47963.0,15.384,737862.792
2021-09-18 09:53:00,47963.0,47970.0,47963.0,47970.0,11.97,574200.9
2021-09-18 09:54:00,47970.0,47977.5,47970.0,47977.5,4.07,195268.425
2021-09-18 09:55:00,47977.5,47986.5,47977.0,47986.0,9.786,469590.996
2021-09-18 09:56:00,47986.0,48022.0,47986.0,48021.5,35.077,1684450.1555
2021-09-18 09:57:00,48021.5,48025.5,48021.5,48025.5,31.965,1535135.1075
2021-09-18 09:58:00,48025.5,48029.0,48025.5,48028.5,19.792,950580.072
2021-09-18 09:59:00,48028.5,48050.0,48028.5,48050.0,52.981,2545737.05
2021-09-18 10:00:00,48050.0,48077.5,48049.5,48077.0,53.068,2551350.236
2021-09-18 10:01:00,48077.0,48112.0,48077.0,48111.0,110.81,5331179.91
2021-09-18 10:02:00,48111.0,48177.0,48111.0,48140.5,137.798,6633664.619
2021-09-18 10:03:00,48140.5,48200.0,48140.5,48199.5,103.14,4971296.43
2021-09-18 10:04:00,48199.5,48243.0,48199.5,48220.0,109.766,5292916.52
2021-09-18 10:05:00,48220.0,48239.0,48217.5,48238.5,46.823,2258671.2855
2021-09-18 10:06:00,48238.5,48300.0,48238.0,48238.0,188.722,9103571.836
2021-09-18 10:07:00,48238.0,48238.0,48164.0,48164.5,69.69,3356584.005
2021-09-18 10:08:00,48164.5,48189.5,48152.0,48166.5,72.928,3512686.512
2021-09-18 10:09:00,48166.5,48213.0,48162.0,48162.0,44.498,2143112.676
2021-09-18 10:10:00,48162.0,48175.0,48147.0,48163.0,25.093,1208554.159
2021-09-18 10:11:00,48163.0,48163.5,48162.5,48163.0,29.123,1402651.049
2021-09-18 10:12:00,48163.0,48163.5,48163.0,48163.5,6.317,304248.8295
2021-09-18 10:13:00,48163.5,48163.5,48163.0,48163.5,9.503,457697.7405
2021-09-18 10:14:00,48163.5,48214.0,48163.0,48213.5,45.944,2215121.044
2021-09-18 10:15:00,48213.5,48214.0,48213.5,48214.0,15.162,731020.668
2021-09-18 10:16:00,48214.0,48214.0,48213.5,48213.5,20.071,967693.1585
2021-09-18 10:17:00,48213.5,48228.0,48183.0,48183.0,48.321,2328250.743
2021-09-18 10:18:00,48183.0,48183.5,48170.0,48170.5,21.06,1014470.73
2021-09-18 10:19:00,48170.5,48170.5,48162.5,48162.5,28.494,1372342.275
2021-09-18 10:20:00,48162.5,48163.0,48148.5,48148.5,17.99,866191.515
2021-09-18 10:21:00,48148.5,48148.5,48125.0,48125.5,23.143,1113768.4465
2021-09-18 10:22:00,48125.5,48125.5,48125.0,48125.0,25.054,1205723.75
2021-09-18 10:23:00,48125.0,48125.5,48125.0,48125.0,10.91,525043.75
2021-09-18 10:24:00,48125.0,48125.5,48125.0,48125.0,16.288,783860.0
2021-09-18 10:25:00,48125.0,48125.5,48125.0,48125.5,12.381,595841.8155
2021-09-18 10:26:00,48125.5,48135.0,48125.0,48135.0,30.836,1484290.86
2021-09-18 10:27:00,48135.0,48184.0,48134.5,48184.0,45.208,2178302.272
2021-09-18 10:28:00,48184.0,48204.5,48183.5,48204.0,20.96,1010355.84
2021-09-18 10:29:00,48204.0,48300.0,48204.0,48281.5,147.528,7122873.132
2021-09-18 10:30:00,48281.5,48350.0,48281.5,48338.5,135.766,6562724.791
2021-09-18 10:31:00,48338.5,48339.0,48269.5,48269.5,131.237,6334744.3715
2021-09-18 10:32:00,48269.5,48314.5,48269.5,48302.5,48.696,2352138.54
2021-09-18 10:33:00,48302.5,48302.5,48302.0,48302.5,15.92,768975.8
2021-09-18 10:34:00,48302.5,48400.0,48293.5,48294.0,138.242,6676259.148
2021-09-18 10:35:00,48294.0,48334.5,48274.5,48274.5,50.005,2413966.3725
2021-09-18 10:36:00,48274.5,48294.5,48270.5,48270.5,28.805,1390431.7525
2021-09-18 10:37:00,48270.5,48270.5,48258.0,48258.0,24.082,1162149.156
2021-09-18 10:38:00,48258.0,48260.5,48258.0,48260.0,9.12,440131.2
2021-09-18 10:39:00,48260.0,48260.5,48260.0,48260.0,6.453,311421.78
2021-09-18 10:40:00,48260.0,48260.5,48260.0,48260.0,9.564,461558.64
2021-09-18 10:41:00,48260.0,48260.5,48260.0,48260.0,13.912,671393.12
2021-09-18 10:42:00,48260.0,48285.5,48260.0,48283.5,26.565,1282651.1775
2021-09-18 10:43:00,48283.5,48284.0,48260.0,48260.0,22.4,1081024.0
2021-09-18 10:44:00,48260.0,48260.5,48250.5,48250.5,9.223,445014.3615
2021-09-18 10:45:00,48250.5,48285.0,48250.5,48284.5,16.841,813159.2645
2021-09-18 10:46:00,48284.5,48285.5,48284.5,48285.5,18.41,888936.055
2021-09-18 10:47:00,48285.5,48285.5,48285.0,48285.0,8.324,401924.34
2021-09-18 10:48:00,48285.0,48328.0,48285.0,48326.0,39.212,1894959.112
2021-09-18 10:49:00,48326.0,48326.5,48306.5,48306.5,11.796,569823.474
2021-09-18 10:50:00,48306.5,48313.0,48306.5,48313.0,12.968,626522.984
2021-09-18 10:51:00,48313.0,48350.0,48313.0,48349.5,33.837,1636002.0315
2021-09-18 10:52:00,48349.5,48350.0,48349.5,48350.0,8.94,432249.0
2021-09-18 10:53:00,48350.0,48350.0,48330.0,48330.0,27.392,1323855.36
2021-09-18 10:54:00,48330.0,48330.5,48300.0,48306.5,28.135,1359103.3775
2021-09-18 10:55:00,48306.5,48307.0,48282.0,48282.0,18.334,885202.188
2021-09-18 10:56:00,48282.0,48282.0,48279.5,48280.0,22.082,1066118.96
2021-09-18 10:57:00,48280.0,48285.0,48280.0,48285.0,7.774,375367.59
2021-09-18 10:58:00,48285.0,48285.0,48284.5,48285.0,5.062,244418.67
2021-09-18 10:59:00,48285.0,48285.0,48280.0,48280.0,11.972,578008.16
2021-09-18 11:00:00,48280.0,48280.5,48280.0,48280.0,5.409,261146.52
2021-09-18 11:01:00,48280.0,48280.5,48280.0,48280.5,9.793,472810.9365
2021-09-18 11:02:00,48280.5,48280.5,48279.5,48279.5,14.118,681609.981
2021-09-18 11:03:00,48279.5,48279.5,48273.5,48273.5,12.161,587054.0335
2021-09-18 11:04:00,48273.5,48274.0,48267.5,48267.5,18.919,913172.8325
2021-09-18 11:05:00,48267.5,48267.5,48266.5,48267.5,14.19,684915.825
2021-09-18 11:06:00,48267.5,48324.0,48267.0,48324.0,126.081,6092738.244
2021-09-18 11:07:00,48324.0,48324.0,48323.5,48323.5,19.698,951876.303
2021-09-18 11:08:00,48323.5,48324.0,48318.5,48319.0,17.368,839204.392
2021-09-18 11:09:00,48319.0,48319.0,48318.5,48318.5,6.588,318322.278
2021-09-18 11:10:00,48318.5,48319.0,48318.5,48318.5,15.943,770341.8455
2021-09-18 11:11:00,48318.5,48319.0,48318.5,48318.5,10.841,523820.8585
2021-09-18 11:12:00,48318.5,48322.5,48318.5,48322.5,19.395,937214.8875
2021-09-18 11:13:00,48322.5,48324.0,48322.5,48323.5,20.448,988118.928
2021-09-18 11:14:00,48323.5,48324.0,48323.5,48323.5,11.591,560117.6885
2021-09-18 11:15:00,48323.5,48324.0,48323.5,48324.0,54.068,2612782.032
2021-09-18 11:16:00,48324.0,48400.0,48323.5,48391.0,145.895,7060004.945
2021-09-18 11:17:00,48391.0,48800.0,48391.0,48593.5,873.253,42434419.6555
2021-09-18 11:18:00,48593.5,48630.0,48533.5,48558.0,85.802,4166373.516
2021-09-18 11:19:00,48558.0,48558.0,48534.0,48534.0,35.27,1711794.18
2021-09-18 11:20:00,48534.0,48639.0,48534.0,48638.5,75.031,3649395.2935
2021-09-18 11:21:00,48638.5,48639.0,48576.0,48620.0,53.969,2623972.78
2021-09-18 11:22:00,48620.0,48695.0,48620.0,48673.5,68.442,3331311.687
2021-09-18 11:23:00,48673.5,48673.5,48650.5,48673.0,45.052,2192815.996
2021-09-18 11:24:00,48673.0,48686.0,48650.5,48650.5,56.936,2769964.868
2021-09-18 11:25:00,48650.5,48651.0,48633.0,48633.0,36.706,1785122.898
2021-09-18 11:26:00,48633.0,48685.5,48633.0,48685.5,38.879,1892843.5545
2021-09-18 11:27:00,48685.5,48685.5,48643.0,48643.5,28.072,1365520.332
2021-09-18 11:28:00,48643.5,48643.5,48620.0,48620.0,48.186,2342803.32
2021-09-18 11:29:00,48620.0,48676.5,48620.0,48623.0,31.176,1515870.648
2021-09-18 11:30:00,48623.0,48685.5,48623.0,48654.0,101.651,4945727.754
2021-09-18 11:31:00,48654.0,48654.0,48637.0,48637.5,20.074,976349.175
2021-09-18 11:32:00,48637.5,48637.5,48579.0,48604.0,99.415,4831966.66
2021-09-18 11:33:00,48604.0,48645.0,48595.5,48645.0,27.712,1348050.24
2021-09-18 11:34:00,48645.0,48650.0,48637.5,48637.5,99.157,4822748.5875
2021-09-18 11:35:00,48637.5,48680.0,48617.0,48661.5,44.075,2144755.6125
2021-09-18 11:36:00,48661.5,48661.5,48636.0,48636.0,14.459,703227.924
2021-09-18 11:37:00,48636.0,48660.0,48636.0,48659.5,17.986,875189.767
2021-09-18 11:38:00,48659.5,48659.5,48659.0,48659.0,11.833,575781.947
2021-09-18 11:39:00,48659.0,48659.5,48647.0,48647.0,16.501,802724.147
2021-09-18 11:40:00,48647.0,48670.0,48647.0,48669.5,121.165,5897039.9675
2021-09-18 11:41:00,48669.5,48669.5,48662.0,48662.0,14.172,689637.864
2021-09-18 11:42:00,48662.0,48662.5,48657.5,48658.0,21.305,1036658.69
2021-09-18 11:43:00,48658.0,48658.0,48610.0,48610.0,25.881,1258075.41
2021-09-18 11:44:00,48610.0,48617.0,48590.0,48617.0,25.055,1218098.935
2021-09-18 11:45:00,48617.0,48617.0,48571.0,48571.0,23.644,1148412.724
2021-09-18 11:46:00,48571.0,48600.0,48571.0,48600.0,24.676,1199253.6
2021-09-18 11:47:00,48600.0,48604.0,48599.5,48603.5,27.07,1315696.745
2021-09-18 11:48:00,48603.5,48604.0,48589.5,48589.5,12.454,605133.633
2021-09-18 11:49:00,48589.5,48590.0,48589.5,48589.5,15.548,755469.546
2021-09-18 11:50:00,48589.5,48590.0,48578.0,48578.0,23.1,1122151.8
2021-09-18 11:51:00,48578.0,48590.0,48578.0,48589.5,15.436,750027.522
2021-09-18 11:52:00,48589.5,48590.0,48589.5,48589.5,7.802,379095.279
2021-09-18 11:53:00,48589.5,48590.0,48571.0,48571.5,31.987,1553656.5705
2021-09-18 11:54:00,48571.5,48571.5,48571.0,48571.0,16.966,824055.586
2021-09-18 11:55:00,48571.0,48571.5,48571.0,48571.5,16.461,799535.4615
2021-09-18 11:56:00,48571.5,48615.5,48571.5,48612.5,34.767,1690110.7875
2021-09-18 11:57:00,48612.5,48615.5,48585.5,48585.5,30.793,1496093.3015
2021-09-18 11:58:00,48585.5,48586.0,48575.0,48575.0,13.042,633515.15
2021-09-18 11:59:00,48575.0,48575.5,48572.0,48572.5,10.528,511371.28
2021-09-18 12:00:00,48572.5,48572.5,48522.0,48522.0,63.411,3076828.542
2021-09-18 12:01:00,48522.0,48522.0,48520.0,48520.0,19.925,966761.0
2021-09-18 12:02:00,48520.0,48520.5,48501.0,48501.5,18.52,898247.78
2021-09-18 12:03:00,48501.5,48501.5,48484.0,48484.0,51.603,2501919.852
2021-09-18 12:04:00,48484.0,48484.0,48464.0,48464.0,34.068,1651071.552
2021-09-18 12:05:00,48464.0,48478.5,48462.0,48478.5,63.726,3089340.891
2021-09-18 12:06:00,48478.5,48500.0,48478.0,48500.0,60.507,2934589.5
2021-09-18 12:07:00,48500.0,48500.0,48499.5,48500.0,11.635,564297.5
2021-09-18 12:08:00,48500.0,48500.0,48499.5,48500.0,6.263,303755.5
2021-09-18 12:09:00,48500.0,48500.0,48499.5,48499.5,8.385,406668.3075
2021-09-18 12:10:00,48499.5,48521.5,48499.5,48521.5,48.35,2346014.525
2021-09-18 12:11:00,48521.5,48592.0,48521.5,48580.5,42.605,2069772.2025
2021-09-18 12:12:00,48580.5,48580.5,48580.0,48580.5,10.719,520734.3795
2021-09-18 12:13:00,48580.5,48599.5,48580.0,48599.5,19.09,927764.455
2021-09-18 12:14:00,48599.5,48599.5,48599.0,48599.0,9.932,482685.268
2021-09-18 12:15:00,48599.0,48630.0,48599.0,48630.0,19.186,933015.18
2021-09-18 12:16:00,48630.0,48644.5,48629.5,48644.5,31.245,1519897.4025
2021-09-18 12:17:00,48644.5,48665.0,48644.5,48665.0,33.817,1645704.305
2021-09-18 12:18:00,48665.0,48669.0,48655.5,48656.0,36.545,1778133.52
2021-09-18 12:19:00,48656.0,48656.0,48634.0,48634.0,28.928,1406884.352
2021-09-18 12:20:00,48634.0,48634.5,48634.0,48634.0,15.531,755334.654
2021-09-18 12:21:00,48634.0,48634.5,48634.0,48634.0,19.133,930514.322
2021-09-18 12:22:00,48634.0,48634.5,48634.0,48634.5,14.229,692020.3005
2021-09-18 12:23:00,48634.5,48634.5,48600.0,48604.0,22.665,1101609.66
2021-09-18 12:24:00,48604.0,48604.5,48535.0,48547.0,48.531,2356034.457
2021-09-18 12:25:00,48547.0,48576.5,48547.0,48576.5,22.288,1082673.032
2021-09-18 12:26:00,48576.5,48576.5,48558.0,48558.0,13.003,631399.674
2021-09-18 12:27:00,48558.0,48558.5,48515.0,48515.0,37.839,1835759.085
2021-09-18 12:28:00,48515.0,48536.0,48515.0,48535.5,18.147,880773.7185
2021-09-18 12:29:00,48535.5,48536.0,48535.5,48535.5,5.025,243890.8875
2021-09-18 12:30:00,48535.5,48579.0,48535.5,48578.5,18.509,899139.4565
2021-09-18 12:31:00,48578.5,48588.0,48578.5,48587.5,17.054,828611.225
2021-09-18 12:32:00,48587.5,48588.0,48553.5,48580.0,25.88,1257250.4
2021-09-18 12:33:00,48580.0,48580.5,48580.0,48580.5,6.447,313198.4835
2021-09-18 12:34:00,48580.5,48580.5,48580.0,48580.0,3.362,163325.96
2021-09-18 12:35:00,48580.0,48605.0,48580.0,48605.0,13.63,662486.15
2021-09-18 12:36:00,48605.0,48625.0,48605.0,48625.0,21.681,1054238.625
2021-09-18 12:37:00,48625.0,48626.0,48624.5,48626.0,6.348,308677.848
2021-09-18 12:38:00,48626.0,48626.0,48625.5,48625.5,3.168,154045.584
2021-09-18 12:39:00,48625.5,48626.5,48625.5,48626.5,49.943,2428553.2895
2021-09-18 12:40:00,48626.5,48626.5,48626.0,48626.5,7.442,361878.413
2021-09-18 12:41:00,48626.5,48640.0,48626.0,48640.0,11.828,575313.92
2021-09-18 12:42:00,48640.0,48649.5,48640.0,48649.5,8.005,389439.2475
2021-09-18 12:43:00,48649.5,48672.0,48649.0,48671.5,26.107,1270666.8505
2021-09-18 12:44:00,48671.5,48672.0,48670.0,48670.0,23.67,1152018.9
2021-09-18 12:45:00,48670.0,48670.5,48650.0,48650.5,22.159,1078046.4295
2021-09-18 12:46:00,48650.5,48650.5,48650.0,48650.0,34.417,1674387.05
2021-09-18 12:47:00,48650.0,48650.5,48600.0,48614.0,27.27,1325703.78
2021-09-18 12:48:00,48614.0,48614.0,48610.0,48610.0,9.669,470010.09
2021-09-18 12:49:00,48610.0,48610.5,48599.5,48599.5,11.847,575758.2765
2021-09-18 12:50:00,48599.5,48600.0,48592.0,48592.0,19.741,959254.672
2021-09-18 12:51:00,48592.0,48620.0,48580.0,48619.5,60.946,2963164.047
2021-09-18 12:52:00,48619.5,48640.0,48619.5,48640.0,21.416,1041674.24
2021-09-18 12:53:00,48640.0,48671.5,48640.0,48641.5,38.234,1859759.111
2021-09-18 12:54:00,48641.5,48641.5,48616.5,48616.5,17.132,832897.878
2021-09-18 12:55:00,48616.5,48617.0,48616.5,48616.5,5.764,280225.506
2021-09-18 12:56:00,48616.5,48617.0,48616.5,48617.0,2.313,112451.121
2021-09-18 12:57:00,48617.0,48617.0,48616.5,48616.5,3.922,190673.913
2021-09-18 12:58:00,48616.5,48617.0,48616.5,48616.5,8.507,413580.5655
2021-09-18 12:59:00,48616.5,48617.0,48595.0,48595.0,22.206,1079100.57
2021-09-18 13:00:00,48595.0,48595.5,48595.0,48595.5,4.84,235202.22
2021-09-18 13:01:00,48595.5,48595.5,48571.0,48571.5,22.322,1084213.023
2021-09-18 13:02:00,48571.5,48582.0,48571.0,48581.5,9.977,484697.6255
2021-09-18 13:03:00,48581.5,48582.0,48581.5,48581.5,3.725,180966.0875
2021-09-18 13:04:00,48581.5,48581.5,48571.0,48571.0,18.084,878357.964
2021-09-18 13:05:00,48571.0,48571.5,48563.0,48563.0,19.914,967083.582
2021-09-18 13:06:00,48563.0,48563.0,48540.5,48541.0,38.608,1874070.928
2021-09-18 13:07:00,48541.0,48558.0,48541.0,48558.0,16.713,811549.854
2021-09-18 13:08:00,48558.0,48558.0,48541.0,48541.5,7.899,383429.3085
2021-09-18 13:09:00,48541.5,48541.5,48541.0,48541.5,8.882,431145.603
2021-09-18 13:10:00,48541.5,48541.5,48541.0,48541.0,7.827,379930.407
2021-09-18 13:11:00,48541.0,48541.5,48541.0,48541.5,8.336,404641.944
2021-09-18 13:12:00,48541.5,48541.5,48495.0,48506.5,43.602,2114980.413
2021-09-18 13:13:00,48506.5,48528.5,48506.5,48509.5,19.433,942685.1135
2021-09-18 13:14:00,48509.5,48510.0,48504.0,48504.0,19.79,959894.16
2021-09-18 13:15:00,48504.0,48518.0,48495.0,48518.0,49.197,2386940.046
2021-09-18 13:16:00,48518.0,48534.0,48517.5,48531.5,10.687,518656.1405
2021-09-18 13:17:00,48531.5,48531.5,48531.0,48531.0,11.057,536607.267
2021-09-18 13:18:00,48531.0,48531.5,48531.0,48531.0,11.071,537286.701
2021-09-18 13:19:00,48531.0,48531.5,48531.0,48531.5,3.764,182672.566
2021-09-18 13:20:00,48531.5,48546.0,48531.0,48545.0,20.796,1009541.82
2021-09-18 13:21:00,48545.0,48545.5,48545.0,48545.5,2.017,97916.2735
2021-09-18 13:22:00,48545.5,48545.5,48545.0,48545.5,2.39,116023.745
2021-09-18 13:23:00,48545.5,48545.5,48531.0,48531.0,10.401,504770.931
2021-09-18 13:24:00,48531.0,48531.5,48504.5,48504.5,31.87,1545838.415
2021-09-18 13:25:00,48504.5,48506.0,48504.5,48505.5,34.951,1695315.7305
2021-09-18 13:26:00,48505.5,48541.0,48505.5,48540.5,19.537,948335.7485
2021-09-18 13:27:00,48540.5,48558.5,48540.5,48558.0,14.551,706567.458
2021-09-18 13:28:00,48558.0,48586.0,48558.0,48586.0,13.281,645270.666
2021-09-18 13:29:00,48586.0,48588.0,48585.5,48588.0,14.868,722406.384
2021-09-18 13:30:00,48588.0,48598.5,48587.5,48598.5,11.5,558882.75
2021-09-18 13:31:00,48598.5,48600.0,48598.0,48600.0,14.622,710629.2
2021-09-18 13:32:00,48600.0,48646.5,48599.5,48646.5,43.634,2122641.381
2021-09-18 13:33:00,48646.5,48647.0,48613.0,48647.0,38.349,1865563.803
2021-09-18 13:34:00,48647.0,48647.0,48608.5,48637.5,28.941,1407617.8875
2021-09-18 13:35:00,48637.5,48650.0,48637.5,48649.5,10.578,514614.411
2021-09-18 13:36:00,48649.5,48653.0,48649.5,48653.0,10.738,522435.914
2021-09-18 13:37:00,48653.0,48670.0,48653.0,48656.5,25.886,1259522.159
2021-09-18 13:38:00,48656.5,48657.0,48656.5,48656.5,7.939,386283.9535
2021-09-18 13:39:00,48656.5,48670.0,48656.5,48670.0,12.588,612657.96
2021-09-18 13:40:00,48670.0,48670.0,48616.0,48625.0,39.784,1934497.0
2021-09-18 13:41:00,48625.0,48625.5,48625.0,48625.5,14.096,685425.048
2021-09-18 13:42:00,48625.5,48625.5,48625.0,48625.5,19.481,947273.3655
2021-09-18 13:43:00,48625.5,48625.5,48625.0,48625.5,4.748,230873.874
2021-09-18 13:44:00,48625.5,48625.5,48625.0,48625.0,3.569,173542.625
2021-09-18 13:45:00,48625.0,48625.5,48624.5,48624.5,6.692,325395.154
2021-09-18 13:46:00,48624.5,48625.0,48624.5,48624.5,6.007,292087.3715
2021-09-18 13:47:00,48624.5,48625.0,48624.5,48624.5,23.142,1125268.179
2021-09-18 13:48:00,48624.5,48625.0,48624.5,48624.5,1.289,62676.9805
2021-09-18 13:49:00,48624.5,48625.0,48601.0,48601.0,16.872,819996.072
2021-09-18 13:50:00,48601.0,48601.5,48601.0,48601.5,1.831,88989.3465
2021-09-18 13:51:00,48601.5,48601.5,48601.0,48601.0,23.417,1138089.617
2021-09-18 13:52:00,48601.0,48601.5,48601.0,48601.0,4.994,242713.394
2021-09-18 13:53:00,48601.0,48601.5,48601.0,48601.0,10.861,527855.461
2021-09-18 13:54:00,48601.0,48619.5,48601.0,48619.0,13.561,659322.259
2021-09-18 13:55:00,48619.0,48619.5,48619.0,48619.0,8.136,395564.184
2021-09-18 13:56:00,48619.0,48619.5,48616.5,48616.5,19.0,923713.5
2021-09-18 13:57:00,48616.5,48617.0,48616.5,48616.5,6.433,312749.9445
2021-09-18 13:58:00,48616.5,48617.0,48610.0,48610.0,8.978,436420.58
2021-09-18 13:59:00,48610.0,48610.5,48605.0,48605.5,11.145,541708.2975
2021-09-18 14:00:00,48605.5,48605.5,48605.0,48605.5,4.269,207496.8795
2021-09-18 14:01:00,48605.5,48605.5,48605.0,48605.0,2.313,112423.365
2021-09-18 14:02:00,48605.0,48605.5,48605.0,48605.5,2.139,103967.1645
2021-09-18 14:03:00,48605.5,48605.5,48605.0,48605.5,9.677,470355.4235
2021-09-18 14:04:00,48605.5,48613.0,48605.0,48613.0,7.962,387056.706
2021-09-18 14:05:00,48613.0,48670.0,48612.5,48649.0,48.016,2335930.384
2021-09-18 14:06:00,48649.0,48661.5,48649.0,48661.0,10.488,510356.568
2021-09-18 14:07:00,48661.0,48661.5,48661.0,48661.0,4.726,229971.886
2021-09-18 14:08:00,48661.0,48661.5,48661.0,48661.5,8.68,422381.82
2021-09-18 14:09:00,48661.5,48661.5,48655.0,48655.0,18.349,892770.595
2021-09-18 14:10:00,48655.0,48671.5,48655.0,48671.5,117.083,5698605.2345
2021-09-18 14:11:00,48671.5,48671.5,48656.0,48656.0,24.31,1182827.36
2021-09-18 14:12:00,48656.0,48656.5,48625.0,48625.5,19.013,924516.6315
2021-09-18 14:13:00,48625.5,48625.5,48625.0,48625.0,4.799,233351.375
2021-09-18 14:14:00,48625.0,48625.5,48623.5,48623.5,17.183,835497.6005
2021-09-18 14:15:00,48623.5,48624.0,48591.5,48591.5,34.788,1690401.102
2021-09-18 14:16:00,48591.5,48591.5,48564.0,48564.0,35.696,1733540.544
2021-09-18 14:17:00,48564.0,48564.0,48541.0,48541.5,28.344,1375860.276
2021-09-18 14:18:00,48541.5,48541.5,48541.0,48541.0,36.933,1792764.753
2021-09-18 14:19:00,48541.0,48541.5,48541.0,48541.0,14.245,691466.545
2021-09-18 14:20:00,48541.0,48541.5,48541.0,48541.0,24.139,1171731.199
2021-09-18 14:21:00,48541.0,48557.0,48541.0,48557.0,16.433,797937.181
2021-09-18 14:22:00,48557.0,48557.0,48555.0,48555.5,4.772,231706.846
2021-09-18 14:23:00,48555.5,48555.5,48555.0,48555.5,9.809,476280.8995
2021-09-18 14:24:00,48555.5,48555.5,48555.0,48555.5,3.05,148094.275
2021-09-18 14:25:00,48555.5,48562.5,48555.0,48562.5,5.839,283556.4375
2021-09-18 14:26:00,48562.5,48572.0,48562.0,48571.5,15.422,749069.673
2021-09-18 14:27:00,48571.5,48572.0,48571.5,48571.5,1.972,95782.998
2021-09-18 14:28:00,48571.5,48572.0,48571.5,48572.0,8.058,391393.176
2021-09-18 14:29:00,48572.0,48600.0,48572.0,48599.5,5.868,285181.866
2021-09-18 14:30:00,48599.5,48670.0,48599.5,48670.0,22.751,1107291.17
2021-09-18 14:31:00,48670.0,48670.0,48669.5,48669.5,33.007,1606434.1865
2021-09-18 14:32:00,48669.5,48669.5,48647.0,48647.0,18.151,882991.697
2021-09-18 14:33:00,48647.0,48647.5,48647.0,48647.5,17.898,870692.955
2021-09-18 14:34:00,48647.5,48647.5,48636.5,48637.0,12.919,628341.403
2021-09-18 14:35:00,48637.0,48637.0,48636.5,48636.5,5.675,276012.1375
2021-09-18 14:36:00,48636.5,48647.5,48636.5,48647.0,7.537,366652.439
2021-09-18 14:37:00,48647.0,48647.5,48647.0,48647.0,3.384,164621.448
2021-09-18 14:38:00,48647.0,48647.5,48647.0,48647.5,2.051,99776.0225
2021-09-18 14:39:00,48647.5,48663.0,48647.0,48662.5,12.846,625118.475
2021-09-18 14:40:00,48662.5,48665.0,48662.5,48665.0,23.956,1165818.74
2021-09-18 14:41:00,48665.0,48670.0,48640.0,48669.5,18.261,888753.7395
2021-09-18 14:42:00,48669.5,48670.0,48668.0,48668.0,5.083,247379.444
2021-09-18 14:43:00,48668.0,48668.0,48653.0,48653.0,4.011,195147.183
2021-09-18 14:44:00,48653.0,48653.5,48639.0,48639.5,22.257,1082569.3515
2021-09-18 14:45:00,48639.5,48640.0,48639.5,48640.0,3.073,149470.72
2021-09-18 14:46:00,48640.0,48640.0,48639.5,48640.0,4.054,197186.56
2021-09-18 14:47:00,48640.0,48660.0,48639.5,48659.5,16.174,787018.753
2021-09-18 14:48:00,48659.5,48669.0,48659.5,48668.5,18.466,898712.521
2021-09-18 14:49:00,48668.5,48730.0,48668.5,48725.5,248.311,12099077.6305
2021-09-18 14:50:00,48725.5,48725.5,48625.0,48625.0,73.446,3571311.75
2021-09-18 14:51:00,48625.0,48625.0,48580.0,48581.0,43.65,2120560.65
2021-09-18 14:52:00,48581.0,48581.0,48580.5,48581.0,11.292,548576.652
2021-09-18 14:53:00,48581.0,48581.0,48560.0,48560.0,46.057,2236527.92
2021-09-18 14:54:00,48560.0,48560.5,48560.0,48560.0,11.766,571356.96
2021-09-18 14:55:00,48560.0,48560.5,48560.0,48560.5,6.832,331765.336
2021-09-18 14:56:00,48560.5,48560.5,48560.0,48560.5,12.75,619146.375
2021-09-18 14:57:00,48560.5,48560.5,48560.0,48560.5,7.928,384987.644
2021-09-18 14:58:00,48560.5,48560.5,48560.0,48560.5,20.148,978396.954
2021-09-18 14:59:00,48560.5,48560.5,48547.0,48547.0,26.875,1304700.625
2021-09-18 15:00:00,48547.0,48547.0,48523.5,48531.0,46.08,2236308.48
2021-09-18 15:01:00,48531.0,48537.0,48530.5,48537.0,18.754,910262.898
2021-09-18 15:02:00,48537.0,48540.0,48536.5,48540.0,9.052,439384.08
2021-09-18 15:03:00,48540.0,48577.5,48540.0,48568.0,29.645,1439798.36
2021-09-18 15:04:00,48568.0,48568.5,48568.0,48568.5,5.032,244396.692
2021-09-18 15:05:00,48568.5,48568.5,48568.0,48568.5,3.856,187280.136
2021-09-18 15:06:00,48568.5,48568.5,48568.0,48568.5,1.983,96311.3355
2021-09-18 15:07:00,48568.5,48568.5,48568.0,48568.0,2.535,123119.88
2021-09-18 15:08:00,48568.0,48568.5,48538.5,48538.5,59.14,2870566.89
2021-09-18 15:09:00,48538.5,48538.5,48466.0,48470.5,70.132,3399333.106
2021-09-18 15:10:00,48470.5,48488.0,48470.0,48487.5,39.059,1893873.2625
2021-09-18 15:11:00,48487.5,48505.5,48487.5,48505.0,14.21,689256.05
2021-09-18 15:12:00,48505.0,48505.5,48505.0,48505.0,13.201,640314.505
2021-09-18 15:13:00,48505.0,48505.5,48477.0,48500.0,51.862,2515307.0
2021-09-18 15:14:00,48500.0,48510.0,48500.0,48505.0,19.746,957779.73
2021-09-18 15:15:00,48505.0,48505.0,48490.0,48499.5,12.71,616428.645
2021-09-18 15:16:00,48499.5,48512.0,48499.5,48512.0,11.191,542897.792
2021-09-18 15:17:00,48512.0,48512.0,48511.5,48512.0,4.976,241395.712
2021-09-18 15:18:00,48512.0,48520.0,48511.5,48520.0,21.791,1057299.32
2021-09-18 15:19:00,48520.0,48524.5,48520.0,48524.0,21.725,1054183.9
2021-09-18 15:20:00,48524.0,48524.5,48524.0,48524.5,4.251,206277.6495
2021-09-18 15:21:00,48524.5,48524.5,48524.0,48524.0,3.076,149259.824
2021-09-18 15:22:00,48524.0,48540.0,48524.0,48540.0,57.755,2803427.7
2021-09-18 15:23:00,48540.0,48550.0,48539.5,48550.0,9.602,466177.1
2021-09-18 15:24:00,48550.0,48550.0,48549.5,48550.0,4.974,241487.7
2021-09-18 15:25:00,48550.0,48550.0,48549.5,48550.0,2.852,138464.6
2021-09-18 15:26:00,48550.0,48550.0,48549.5,48549.5,1.5,72824.25
2021-09-18 15:27:00,48549.5,48550.0,48549.5,48549.5,7.912,384123.644
2021-09-18 15:28:00,48549.5,48550.5,48549.5,48550.5,2.833,137543.5665
2021-09-18 15:29:00,48550.5,48550.5,48550.0,48550.0,1.712,83117.6
2021-09-18 15:30:00,48550.0,48569.5,48550.0,48566.5,10.191,494941.2015
2021-09-18 15:31:00,48566.5,48589.5,48566.5,48589.5,11.106,539634.987
2021-09-18 15:32:00,48589.5,48601.5,48589.0,48601.0,32.485,1578803.485
2021-09-18 15:33:00,48601.0,48601.0,48600.5,48601.0,9.651,469048.251
2021-09-18 15:34:00,48601.0,48601.0,48600.5,48601.0,26.182,1272471.382
2021-09-18 15:35:00,48601.0,48601.0,48600.5,48601.0,3.155,153336.155
2021-09-18 15:36:00,48601.0,48601.0,48570.0,48570.0,15.301,743169.57
2021-09-18 15:37:00,48570.0,48570.0,48535.0,48535.5,13.82,670760.61
2021-09-18 15:38:00,48535.5,48535.5,48535.0,48535.5,5.774,280243.977
2021-09-18 15:39:00,48535.5,48535.5,48510.0,48511.5,12.188,591258.162
2021-09-18 15:40:00,48511.5,48511.5,48511.0,48511.0,11.546,560108.006
2021-09-18 15:41:00,48511.0,48515.5,48511.0,48515.5,4.421,214487.0255
2021-09-18 15:42:00,48515.5,48542.5,48515.0,48542.0,9.407,456634.594
2021-09-18 15:43:00,48542.0,48542.5,48542.0,48542.5,2.328,113006.94
2021-09-18 15:44:00,48542.5,48542.5,48542.0,48542.5,5.976,290089.98
2021-09-18 15:45:00,48542.5,48554.5,48542.0,48554.0,13.879,673880.966
2021-09-18 15:46:00,48554.0,48596.0,48554.0,48596.0,10.456,508119.776
2021-09-18 15:47:00,48596.0,48596.0,48595.5,48596.0,8.064,391878.144
2021-09-18 15:48:00,48596.0,48599.0,48595.5,48599.0,10.895,529486.105
2021-09-18 15:49:00,48599.0,48600.0,48599.0,48600.0,23.012,1118383.2
2021-09-18 15:50:00,48600.0,48600.0,48599.5,48599.5,1.281,62255.9595
2021-09-18 15:51:00,48599.5,48600.0,48599.5,48600.0,5.345,259767.0
2021-09-18 15:52:00,48600.0,48600.0,48599.5,48600.0,4.118,200134.8
2021-09-18 15:53:00,48600.0,48600.0,48599.5,48599.5,0.587,28527.9065
2021-09-18 15:54:00,48599.5,48600.0,48599.5,48600.0,8.912,433123.2
2021-09-18 15:55:00,48600.0,48623.0,48599.5,48623.0,33.978,1652112.294
2021-09-18 15:56:00,48623.0,48623.0,48588.5,48588.5,25.168,1222875.368
2021-09-18 15:57:00,48588.5,48589.0,48561.0,48579.5,11.989,582419.6255
2021-09-18 15:58:00,48579.5,48579.5,48579.0,48579.0,2.957,143648.103
2021-09-18 15:59:00,48579.0,48580.0,48579.0,48580.0,14.621,710288.18
2021-09-18 16:00:00,48580.0,48580.0,48579.5,48580.0,1.498,72772.84
2021-09-18 16:01:00,48580.0,48580.0,48579.5,48579.5,3.644,177023.698
2021-09-18 16:02:00,48579.5,48580.0,48579.5,48579.5,7.416,360265.572
2021-09-18 16:03:00,48579.5,48580.0,48579.5,48580.0,1.58,76756.4
2021-09-18 16:04:00,48580.0,48580.0,48578.0,48578.0,73.764,3583307.592
2021-09-18 16:05:00,48578.0,48625.0,48578.0,48625.0,30.061,1461716.125
2021-09-18 16:06:00,48625.0,48628.5,48608.0,48608.0,16.075,781373.6
2021-09-18 16:07:00,48608.0,48608.5,48584.5,48585.0,9.79,475647.15
2021-09-18 16:08:00,48585.0,48585.0,48584.5,48585.0,4.021,195360.285
2021-09-18 16:09:00,48585.0,48585.0,48584.5,48584.5,3.976,193171.972
2021-09-18 16:10:00,48584.5,48585.0,48565.5,48566.0,17.594,854470.204
2021-09-18 16:11:00,48566.0,48576.0,48565.5,48575.5,2.331,113229.4905
2021-09-18 16:12:00,48575.5,48576.0,48575.5,48576.0,2.31,112210.56
2021-09-18 16:13:00,48576.0,48576.0,48574.0,48574.0,6.177,300041.598
2021-09-18 16:14:00,48574.0,48574.5,48574.0,48574.0,0.996,48379.704
2021-09-18 16:15:00,48574.0,48574.5,48574.0,48574.0,0.902,43813.748
2021-09-18 16:16:00,48574.0,48574.5,48574.0,48574.0,3.007,146062.018
2021-09-18 16:17:00,48574.0,48574.5,48568.0,48568.0,7.542,366299.856
2021-09-18 16:18:00,48568.0,48568.5,48568.0,48568.0,1.938,94124.784
2021-09-18 16:19:00,48568.0,48568.0,48555.0,48555.5,7.062,342898.941
2021-09-18 16:20:00,48555.5,48555.5,48555.0,48555.0,4.025,195433.875
2021-09-18 16:21:00,48555.0,48555.5,48553.5,48554.0,9.969,484034.826
2021-09-18 16:22:00,48554.0,48554.0,48552.0,48552.0,4.489,217949.928
2021-09-18 16:23:00,48552.0,48552.0,48544.0,48544.0,4.36,211651.84
2021-09-18 16:24:00,48544.0,48544.0,48542.5,48543.0,3.697,179463.471
2021-09-18 16:25:00,48543.0,48543.0,48521.0,48521.5,19.899,965529.3285
2021-09-18 16:26:00,48521.5,48522.0,48521.5,48521.5,9.677,469542.5555
2021-09-18 16:27:00,48521.5,48522.0,48521.5,48521.5,7.914,383999.151
2021-09-18 16:28:00,48521.5,48522.0,48521.5,48521.5,4.843,234989.6245
2021-09-18 16:29:00,48521.5,48530.0,48521.5,48530.0,7.542,366013.26
2021-09-18 16:30:00,48530.0,48530.0,48529.5,48530.0,10.56,512476.8
2021-09-18 16:31:00,48530.0,48566.0,48529.5,48566.0,12.135,589348.41
2021-09-18 16:32:00,48566.0,48566.0,48565.5,48566.0,3.394,164833.004
2021-09-18 16:33:00,48566.0,48566.0,48565.5,48566.0,4.41,214176.06
2021-09-18 16:34:00,48566.0,48566.0,48565.5,48566.0,4.965,241130.19
2021-09-18 16:35:00,48566.0,48577.5,48566.0,48577.5,17.02,826789.05
2021-09-18 16:36:00,48577.5,48588.0,48577.5,48587.5,5.834,283459.475
2021-09-18 16:37:00,48587.5,48588.0,48587.5,48588.0,4.023,195469.524
2021-09-18 16:38:00,48588.0,48588.0,48565.5,48565.5,10.768,522953.304
2021-09-18 16:39:00,48565.5,48566.0,48565.5,48565.5,9.789,475407.6795
2021-09-18 16:40:00,48565.5,48566.0,48565.5,48565.5,1.833,89020.5615
2021-09-18 16:41:00,48565.5,48566.0,48565.5,48566.0,3.055,148369.13
2021-09-18 16:42:00,48566.0,48566.0,48565.5,48566.0,5.053,245403.998
2021-09-18 16:43:00,48566.0,48566.0,48540.5,48540.5,22.198,1077502.019
2021-09-18 16:44:00,48540.5,48541.0,48540.5,48540.5,1.068,51841.254
2021-09-18 16:45:00,48540.5,48541.0,48540.5,48540.5,5.225,253624.1125
2021-09-18 16:46:00,48540.5,48541.0,48540.5,48541.0,5.111,248093.051
2021-09-18 16:47:00,48541.0,48541.0,48540.5,48540.5,2.864,139019.992
2021-09-18 16:48:00,48540.5,48541.0,48540.5,48540.5,1.077,52278.1185
2021-09-18 16:49:00,48540.5,48541.0,48540.5,48541.0,0.739,35871.799
2021-09-18 16:50:00,48541.0,48541.0,48540.5,48541.0,23.912,1160712.392
2021-09-18 16:51:00,48541.0,48541.0,48540.5,48541.0,16.779,814469.439
2021-09-18 16:52:00,48541.0,48544.5,48540.5,48544.0,16.902,820490.688
2021-09-18 16:53:00,48544.0,48544.5,48544.0,48544.5,2.487,120730.1715
2021-09-18 16:54:00,48544.5,48545.0,48544.0,48545.0,2.292,111265.14
2021-09-18 16:55:00,48545.0,48545.0,48544.5,48545.0,4.154,201655.93
2021-09-18 16:56:00,48545.0,48556.0,48544.5,48556.0,9.524,462447.344
2021-09-18 16:57:00,48556.0,48556.0,48555.5,48555.5,5.577,270794.0235
2021-09-18 16:58:00,48555.5,48556.0,48544.5,48545.0,6.406,310979.27
2021-09-18 16:59:00,48545.0,48545.0,48544.5,48545.0,2.893,140440.685
2021-09-18 17:00:00,48545.0,48545.0,48544.5,48545.0,2.063,100148.335
2021-09-18 17:01:00,48545.0,48560.0,48544.5,48560.0,15.299,742919.44
2021-09-18 17:02:00,48560.0,48564.5,48559.5,48564.0,7.959,386520.876
2021-09-18 17:03:00,48564.0,48564.0,48563.5,48564.0,10.415,505794.06
2021-09-18 17:04:00,48564.0,48564.0,48563.5,48563.5,3.744,181821.744
2021-09-18 17:05:00,48563.5,48564.0,48563.5,48564.0,4.191,203531.724
2021-09-18 17:06:00,48564.0,48574.5,48563.5,48574.5,5.622,273085.839
2021-09-18 17:07:00,48574.5,48574.5,48563.5,48564.0,14.576,707868.864
2021-09-18 17:08:00,48564.0,48564.0,48563.5,48564.0,4.814,233787.096
2021-09-18 17:09:00,48564.0,48564.0,48563.5,48564.0,25.607,1243578.348
2021-09-18 17:10:00,48564.0,48564.0,48563.5,48563.5,1.721,83577.7835
2021-09-18 17:11:00,48563.5,48564.0,48563.5,48564.0,7.049,342327.636
2021-09-18 17:12:00,48564.0,48564.0,48563.5,48564.0,3.189,154870.596
2021-09-18 17:13:00,48564.0,48564.0,48563.5,48563.5,0.458,22242.083
2021-09-18 17:14:00,48563.5,48564.0,48563.5,48563.5,1.137,55216.6995
2021-09-18 17:15:00,48563.5,48564.0,48563.5,48564.0,4.905,238206.42
2021-09-18 17:16:00,48564.0,48564.0,48563.5,48563.5,7.422,360438.297
2021-09-18 17:17:00,48563.5,48564.0,48563.5,48563.5,4.668,226694.418
2021-09-18 17:18:00,48563.5,48564.0,48563.5,48563.5,12.84,623555.34
2021-09-18 17:19:00,48563.5,48564.0,48563.5,48563.5,1.598,77604.473
2021-09-18 17:20:00,48563.5,48564.0,48556.0,48556.0,9.012,437586.672
2021-09-18 17:21:00,48556.0,48556.5,48553.5,48553.5,7.537,365947.7295
2021-09-18 17:22:00,48553.5,48553.5,48530.0,48530.0,6.621,321317.13
2021-09-18 17:23:00,48530.0,48530.0,48514.5,48514.5,9.958,483107.391
2021-09-18 17:24:00,48514.5,48515.0,48408.0,48414.0,207.509,10046340.726
2021-09-18 17:25:00,48414.0,48466.0,48318.5,48354.5,395.425,19120578.1625
2021-09-18 17:26:00,48354.5,48395.0,48354.5,48395.0,63.407,3068581.765
2021-09-18 17:27:00,48395.0,48438.5,48394.5,48438.5,56.855,2753970.9175
2021-09-18 17:28:00,48438.5,48438.5,48407.0,48407.0,34.249,1657891.343
2021-09-18 17:29:00,48407.0,48407.5,48305.0,48321.0,133.613,6456313.773
2021-09-18 17:30:00,48321.0,48409.5,48321.0,48359.0,79.18,3829065.62
2021-09-18 17:31:00,48359.0,48359.5,48247.5,48247.5,159.43,7692098.925
2021-09-18 17:32:00,48247.5,48260.0,48220.0,48254.0,115.942,5594665.268
2021-09-18 17:33:00,48254.0,48273.5,48253.5,48265.0,49.078,2368749.67
2021-09-18 17:34:00,48265.0,48273.5,48265.0,48273.5,64.933,3134543.1755
2021-09-18 17:35:00,48273.5,48349.5,48273.0,48349.5,65.044,3144844.878
2021-09-18 17:36:00,48349.5,48375.0,48321.0,48365.0,87.088,4212011.12
2021-09-18 17:37:00,48365.0,48444.0,48364.5,48434.0,115.69,5603329.46
2021-09-18 17:38:00,48434.0,48473.5,48433.0,48464.5,66.02,3199626.29
2021-09-18 17:39:00,48464.5,48592.0,48464.5,48509.5,133.865,6493724.2175
2021-09-18 17:40:00,48509.5,48639.5,48509.5,48639.5,114.354,5562121.383
2021-09-18 17:41:00,48639.5,48639.5,48561.5,48570.0,138.598,6731704.86
2021-09-18 17:42:00,48570.0,48570.5,48544.0,48570.5,38.86,1887449.63
2021-09-18 17:43:00,48570.5,48570.5,48529.0,48560.0,47.017,2283145.52
2021-09-18 17:44:00,48560.0,48560.0,48559.5,48560.0,21.627,1050207.12
2021-09-18 17:45:00,48560.0,48560.0,48543.0,48543.5,18.373,891889.7255
2021-09-18 17:46:00,48543.5,48626.5,48543.0,48604.0,80.44,3909705.76
2021-09-18 17:47:00,48604.0,48629.0,48603.5,48628.5,31.968,1554555.888
2021-09-18 17:48:00,48628.5,48629.0,48628.5,48628.5,15.383,748052.2155
2021-09-18 17:49:00,48628.5,48629.0,48628.5,48628.5,11.447,556650.4395
2021-09-18 17:50:00,48628.5,48648.5,48628.5,48648.0,26.481,1288247.688
2021-09-18 17:51:00,48648.0,48648.5,48581.0,48610.5,69.174,3362582.727
2021-09-18 17:52:00,48610.5,48611.0,48596.5,48611.0,20.733,1007851.863
2021-09-18 17:53:00,48611.0,48611.0,48610.5,48610.5,5.289,257100.9345
2021-09-18 17:54:00,48610.5,48611.0,48582.5,48583.0,14.431,701101.273
2021-09-18 17:55:00,48583.0,48583.0,48582.5,48582.5,7.27,353194.775
2021-09-18 17:56:00,48582.5,48583.0,48582.5,48582.5,5.595,271819.0875
2021-09-18 17:57:00,48582.5,48583.0,48568.0,48568.0,15.251,740710.568
2021-09-18 17:58:00,48568.0,48568.0,48555.0,48555.0,14.694,713467.17
2021-09-18 17:59:00,48555.0,48555.5,48444.5,48475.0,75.552,3662383.2
2021-09-18 18:00:00,48475.0,48523.5,48475.0,48523.5,59.173,2871281.0655
2021-09-18 18:01:00,48523.5,48523.5,48488.5,48500.0,43.821,2125318.5
2021-09-18 18:02:00,48500.0,48553.5,48500.0,48553.5,27.357,1328278.0995
2021-09-18 18:03:00,48553.5,48553.5,48506.0,48506.0,17.359,842015.654
2021-09-18 18:04:00,48506.0,48510.0,48506.0,48510.0,15.035,729347.85
2021-09-18 18:05:00,48510.0,48510.0,48453.5,48457.0,23.639,1145475.023
2021-09-18 18:06:00,48457.0,48457.5,48401.0,48402.5,39.547,1914173.6675
2021-09-18 18:07:00,48402.5,48403.0,48402.5,48403.0,32.168,1557027.704
2021-09-18 18:08:00,48403.0,48411.0,48329.5,48358.5,90.578,4380216.213
2021-09-18 18:09:00,48358.5,48384.0,48343.5,48343.5,34.308,1658568.798
2021-09-18 18:10:00,48343.5,48385.0,48339.5,48353.5,73.024,3530965.984
2021-09-18 18:11:00,48353.5,48365.5,48325.0,48325.0,37.838,1828521.35
2021-09-18 18:12:00,48325.0,48342.0,48325.0,48342.0,54.742,2646337.764
2021-09-18 18:13:00,48342.0,48399.0,48340.0,48399.0,26.381,1276814.019
2021-09-18 18:14:00,48399.0,48406.5,48398.5,48406.5,20.207,978150.1455
2021-09-18 18:15:00,48406.5,48406.5,48406.0,48406.0,8.246,399155.876
2021-09-18 18:16:00,48406.0,48417.0,48406.0,48417.0,12.524,606374.508
2021-09-18 18:17:00,48417.0,48437.0,48417.0,48437.0,22.397,1084843.489
2021-09-18 18:18:00,48437.0,48437.0,48360.5,48370.5,51.122,2472796.701
2021-09-18 18:19:00,48370.5,48371.0,48351.0,48360.5,19.945,964550.1725
2021-09-18 18:20:00,48360.5,48361.0,48360.5,48360.5,12.912,624430.776
2021-09-18 18:21:00,48360.5,48385.5,48360.5,48385.0,13.964,675648.14
2021-09-18 18:22:00,48385.0,48385.5,48385.0,48385.0,5.963,288519.755
2021-09-18 18:23:00,48385.0,48385.5,48370.0,48370.5,62.983,3046519.2015
2021-09-18 18:24:00,48370.5,48370.5,48337.0,48337.0,28.222,1364166.814
2021-09-18 18:25:00,48337.0,48337.0,48332.5,48333.0,14.515,701553.495
2021-09-18 18:26:00,48333.0,48350.0,48332.5,48349.0,8.338,403133.962
2021-09-18 18:27:00,48349.0,48360.0,48342.0,48350.5,13.26,641127.63
2021-09-18 18:28:00,48350.5,48350.5,48350.0,48350.5,33.664,1627671.232
2021-09-18 18:29:00,48350.5,48350.5,48350.0,48350.0,6.923,334727.05
2021-09-18 18:30:00,48350.0,48394.5,48350.0,48394.5,29.995,1451593.0275
2021-09-18 18:31:00,48394.5,48394.5,48365.5,48365.5,12.021,581401.6755
2021-09-18 18:32:00,48365.5,48397.5,48365.5,48397.5,15.821,765696.8475
2021-09-18 18:33:00,48397.5,48398.5,48397.0,48398.5,10.615,513750.0775
2021-09-18 18:34:00,48398.5,48399.0,48398.0,48398.5,8.648,418550.228
2021-09-18 18:35:00,48398.5,48401.5,48398.5,48401.5,15.117,731685.4755
2021-09-18 18:36:00,48401.5,48425.0,48401.0,48424.5,18.007,871979.9715
2021-09-18 18:37:00,48424.5,48425.0,48424.5,48424.5,10.606,513590.247
2021-09-18 18:38:00,48424.5,48425.0,48401.0,48401.0,28.688,1388527.888
2021-09-18 18:39:00,48401.0,48402.0,48400.0,48401.5,16.613,804094.1195
2021-09-18 18:40:00,48401.5,48402.0,48366.0,48366.0,25.078,1212922.548
2021-09-18 18:41:00,48366.0,48366.5,48355.0,48355.0,12.473,603131.915
2021-09-18 18:42:00,48355.0,48398.0,48354.0,48397.5,15.386,744643.935
2021-09-18 18:43:00,48397.5,48441.0,48397.5,48430.0,35.981,1742559.83
2021-09-18 18:44:00,48430.0,48430.5,48417.5,48417.5,10.31,499184.425
2021-09-18 18:45:00,48417.5,48440.0,48417.5,48440.0,11.823,572706.12
2021-09-18 18:46:00,48440.0,48440.0,48439.5,48440.0,8.645,418763.8
2021-09-18 18:47:00,48440.0,48455.0,48439.5,48455.0,18.571,899857.805
2021-09-18 18:48:00,48455.0,48477.5,48455.0,48477.5,28.373,1375452.1075
2021-09-18 18:49:00,48477.5,48479.0,48477.0,48479.0,7.211,349582.069
2021-09-18 18:50:00,48479.0,48479.0,48478.5,48479.0,7.999,387783.521
2021-09-18 18:51:00,48479.0,48481.0,48478.5,48480.5,23.585,1143412.5925
2021-09-18 18:52:00,48480.5,48481.0,48460.5,48475.5,31.403,1522276.1265
2021-09-18 18:53:00,48475.5,48475.5,48475.0,48475.0,9.095,440880.125
2021-09-18 18:54:00,48475.0,48475.5,48438.5,48438.5,18.085,876010.2725
2021-09-18 18:55:00,48438.5,48438.5,48430.0,48430.0,17.594,852077.42
2021-09-18 18:56:00,48430.0,48453.5,48430.0,48453.5,7.599,368198.1465
2021-09-18 18:57:00,48453.5,48453.5,48453.0,48453.5,10.566,511959.681
2021-09-18 18:58:00,48453.5,48453.5,48453.0,48453.0,6.165,298712.745
2021-09-18 18:59:00,48453.0,48453.5,48453.0,48453.0,6.793,329141.229
2021-09-18 19:00:00,48453.0,48453.5,48430.0,48430.0,13.265,642423.95
2021-09-18 19:01:00,48430.0,48430.5,48430.0,48430.0,4.128,199919.04
2021-09-18 19:02:00,48430.0,48430.5,48430.0,48430.5,21.857,1058545.4385
2021-09-18 19:03:00,48430.5,48430.5,48420.5,48421.0,21.425,1037419.925
2021-09-18 19:04:00,48421.0,48421.0,48404.0,48404.0,16.359,791841.036
2021-09-18 19:05:00,48404.0,48404.5,48404.0,48404.0,5.861,283695.844
2021-09-18 19:06:00,48404.0,48404.5,48361.0,48363.5,43.657,2111405.3195
2021-09-18 19:07:00,48363.5,48364.0,48363.5,48364.0,11.163,539887.332
2021-09-18 19:08:00,48364.0,48364.0,48359.5,48359.5,56.119,2713886.7805
2021-09-18 19:09:00,48359.5,48360.0,48359.5,48360.0,5.057,244556.52
2021-09-18 19:10:00,48360.0,48374.0,48359.5,48374.0,33.675,1628994.45
2021-09-18 19:11:00,48374.0,48378.5,48374.0,48378.5,13.413,648900.8205
2021-09-18 19:12:00,48378.5,48378.5,48373.5,48373.5,20.43,988270.605
2021-09-18 19:13:00,48373.5,48374.0,48373.5,48374.0,2.277,110147.598
2021-09-18 19:14:00,48374.0,48374.0,48373.5,48374.0,2.517,121757.358
2021-09-18 19:15:00,48374.0,48374.0,48362.0,48362.0,10.14,490390.68
2021-09-18 19:16:00,48362.0,48362.5,48362.0,48362.0,3.898,188515.076
2021-09-18 19:17:00,48362.0,48362.0,48300.0,48335.5,130.89,6326633.595
2021-09-18 19:18:00,48335.5,48335.5,48330.5,48330.5,11.342,548164.531
2021-09-18 19:19:00,48330.5,48331.0,48330.5,48330.5,10.039,485189.8895
2021-09-18 19:20:00,48330.5,48339.0,48330.5,48338.5,9.741,470865.3285
2021-09-18 19:21:00,48338.5,48364.5,48338.5,48364.0,8.982,434405.448
2021-09-18 19:22:00,48364.0,48384.5,48364.0,48384.5,15.249,737815.2405
2021-09-18 19:23:00,48384.5,48399.0,48384.0,48399.0,6.618,320304.582
2021-09-18 19:24:00,48399.0,48400.0,48399.0,48400.0,12.45,602580.0
2021-09-18 19:25:00,48400.0,48400.0,48399.5,48399.5,6.272,303561.664
2021-09-18 19:26:00,48399.5,48400.0,48399.5,48400.0,14.964,724257.6
2021-09-18 19:27:00,48400.0,48402.0,48399.5,48401.5,5.195,251445.7925
2021-09-18 19:28:00,48401.5,48401.5,48400.0,48400.5,3.214,155559.207
2021-09-18 19:29:00,48400.5,48400.5,48400.0,48400.5,2.608,126228.504
2021-09-18 19:30:00,48400.5,48412.0,48400.0,48401.0,20.52,993188.52
2021-09-18 19:31:00,48401.0,48436.5,48400.5,48436.5,36.317,1759068.3705
2021-09-18 19:32:00,48436.5,48459.0,48436.5,48459.0,45.286,2194514.274
2021-09-18 19:33:00,48459.0,48492.5,48458.5,48483.5,45.245,2193635.9575
2021-09-18 19:34:00,48483.5,48484.0,48483.5,48483.5,14.822,718622.437
2021-09-18 19:35:00,48483.5,48483.5,48448.5,48448.5,32.03,1551805.455
2021-09-18 19:36:00,48448.5,48458.5,48448.5,48458.5,12.86,623176.31
2021-09-18 19:37:00,48458.5,48458.5,48447.5,48447.5,23.254,1126598.165
2021-09-18 19:38:00,48447.5,48448.0,48444.0,48444.0,5.888,285238.272
2021-09-18 19:39:00,48444.0,48444.0,48423.5,48424.0,9.132,442207.968
2021-09-18 19:40:00,48424.0,48424.0,48405.0,48405.0,10.54,510188.7
2021-09-18 19:41:00,48405.0,48415.5,48405.0,48415.0,4.851,234861.165
2021-09-18 19:42:00,48415.0,48415.5,48408.0,48408.5,7.486,362386.031
2021-09-18 19:43:00,48408.5,48408.5,48375.0,48393.0,16.153,781692.129
2021-09-18 19:44:00,48393.0,48399.5,48388.0,48399.5,5.971,288993.4145
2021-09-18 19:45:00,48399.5,48440.0,48399.0,48440.0,12.519,606420.36
2021-09-18 19:46:00,48440.0,48446.5,48439.5,48446.5,22.309,1080792.9685
2021-09-18 19:47:00,48446.5,48472.0,48446.0,48472.0,17.913,868278.936
2021-09-18 19:48:00,48472.0,48472.0,48446.5,48452.0,19.716,955279.632
2021-09-18 19:49:00,48452.0,48452.5,48452.0,48452.0,4.772,231212.944
2021-09-18 19:50:00,48452.0,48455.0,48452.0,48455.0,11.785,571042.175
2021-09-18 19:51:00,48455.0,48475.5,48455.0,48475.0,18.818,912202.55
2021-09-18 19:52:00,48475.0,48475.5,48451.5,48451.5,16.518,800321.877
2021-09-18 19:53:00,48451.5,48452.0,48451.5,48452.0,12.586,609816.872
2021-09-18 19:54:00,48452.0,48452.0,48451.5,48452.0,3.037,147148.724
2021-09-18 19:55:00,48452.0,48452.0,48451.5,48452.0,0.905,43849.06
2021-09-18 19:56:00,48452.0,48453.0,48451.5,48453.0,4.473,216730.269
2021-09-18 19:57:00,48453.0,48453.0,48452.5,48453.0,18.229,883249.737
2021-09-18 19:58:00,48453.0,48455.0,48452.5,48454.5,13.848,670997.916
2021-09-18 19:59:00,48454.5,48455.0,48454.5,48455.0,4.102,198762.41
2021-09-18 20:00:00,48455.0,48455.0,48454.5,48455.0,5.146,249349.43
2021-09-18 20:01:00,48455.0,48455.0,48454.5,48455.0,2.847,137951.385
2021-09-18 20:02:00,48455.0,48455.0,48454.5,48455.0,1.34,64929.7
2021-09-18 20:03:00,48455.0,48455.0,48421.5,48421.5,52.653,2549537.2395
2021-09-18 20:04:00,48421.5,48422.0,48421.5,48421.5,9.723,470802.2445
2021-09-18 20:05:00,48421.5,48422.0,48421.5,48421.5,1.933,93598.7595
2021-09-18 20:06:00,48421.5,48422.0,48362.0,48363.5,34.57,1671926.195
2021-09-18 20:07:00,48363.5,48369.5,48363.0,48369.5,6.711,324607.7145
2021-09-18 20:08:00,48369.5,48369.5,48368.5,48369.0,7.515,363493.035
2021-09-18 20:09:00,48369.0,48393.0,48367.0,48393.0,18.427,891737.811
2021-09-18 20:10:00,48393.0,48393.0,48392.5,48393.0,10.748,520127.964
2021-09-18 20:11:00,48393.0,48393.0,48392.5,48392.5,4.226,204506.705
2021-09-18 20:12:00,48392.5,48393.0,48392.5,48393.0,2.407,116481.951
2021-09-18 20:13:00,48393.0,48393.5,48385.5,48385.5,16.394,793231.887
2021-09-18 20:14:00,48385.5,48396.0,48385.5,48396.0,4.389,212410.044
2021-09-18 20:15:00,48396.0,48396.0,48395.5,48396.0,3.424,165707.904
2021-09-18 20:16:00,48396.0,48414.0,48395.5,48414.0,9.755,472278.57
2021-09-18 20:17:00,48414.0,48414.0,48413.5,48413.5,6.934,335699.209
2021-09-18 20:18:00,48413.5,48414.0,48413.5,48414.0,4.543,219944.802
2021-09-18 20:19:00,48414.0,48414.0,48400.0,48400.5,7.067,342046.3335
2021-09-18 20:20:00,48400.5,48421.5,48400.0,48421.5,21.014,1017529.401
2021-09-18 20:21:00,48421.5,48421.5,48421.0,48421.0,1.804,87351.484
2021-09-18 20:22:00,48421.0,48421.5,48421.0,48421.0,4.49,217410.29
2021-09-18 20:23:00,48421.0,48433.5,48421.0,48433.5,9.357,453192.2595
2021-09-18 20:24:00,48433.5,48443.0,48433.0,48442.5,4.053,196337.4525
2021-09-18 20:25:00,48442.5,48443.0,48442.5,48443.0,4.772,231169.996
2021-09-18 20:26:00,48443.0,48451.0,48443.0,48450.5,3.45,167154.225
2021-09-18 20:27:00,48450.5,48451.0,48450.5,48450.5,4.671,226312.2855
2021-09-18 20:28:00,48450.5,48451.0,48450.5,48450.5,8.112,393030.456
2021-09-18 20:29:00,48450.5,48451.0,48450.5,48451.0,2.284,110662.084
2021-09-18 20:30:00,48451.0,48451.0,48450.5,48451.0,4.849,234938.899
2021-09-18 20:31:00,48451.0,48451.5,48450.5,48451.5,18.07,875518.605
2021-09-18 20:32:00,48451.5,48459.5,48451.5,48459.5,19.018,921602.771
2021-09-18 20:33:00,48459.5,48470.5,48459.5,48470.5,23.386,1133531.113
2021-09-18 20:34:00,48470.5,48470.5,48470.0,48470.5,9.019,437155.4395
2021-09-18 20:35:00,48470.5,48470.5,48470.0,48470.0,4.224,204737.28
2021-09-18 20:36:00,48470.0,48470.5,48469.0,48469.5,12.803,620555.0085
2021-09-18 20:37:00,48469.5,48469.5,48459.5,48459.5,4.444,215354.018
2021-09-18 20:38:00,48459.5,48459.5,48439.5,48439.5,6.992,338688.984
2021-09-18 20:39:00,48439.5,48440.0,48421.0,48421.5,15.392,745303.728
2021-09-18 20:40:00,48421.5,48421.5,48406.0,48418.5,8.338,403713.453
2021-09-18 20:41:00,48418.5,48418.5,48418.0,48418.5,2.597,125742.8445
2021-09-18 20:42:00,48418.5,48418.5,48418.0,48418.0,1.264,61200.352
2021-09-18 20:43:00,48418.0,48437.5,48418.0,48437.5,47.742,2312503.125
2021-09-18 20:44:00,48437.5,48437.5,48437.0,48437.0,3.05,147732.85
2021-09-18 20:45:00,48437.0,48437.5,48437.0,48437.5,2.585,125210.9375
2021-09-18 20:46:00,48437.5,48448.5,48437.5,48448.5,5.213,252562.0305
2021-09-18 20:47:00,48448.5,48448.5,48448.0,48448.5,1.663,80569.8555
2021-09-18 20:48:00,48448.5,48464.5,48448.5,48464.0,20.126,975386.464
2021-09-18 20:49:00,48464.0,48464.5,48464.0,48464.5,8.724,422804.298
2021-09-18 20:50:00,48464.5,48464.5,48464.0,48464.5,2.769,134198.2005
2021-09-18 20:51:00,48464.5,48464.5,48464.0,48464.0,1.355,65668.72
2021-09-18 20:52:00,48464.0,48464.5,48464.0,48464.0,16.226,786376.864
2021-09-18 20:53:00,48464.0,48464.5,48448.5,48448.5,43.464,2105765.604
2021-09-18 20:54:00,48448.5,48449.0,48448.5,48449.0,1.001,48497.449
2021-09-18 20:55:00,48449.0,48449.0,48448.0,48448.5,2.848,137981.328
2021-09-18 20:56:00,48448.5,48448.5,48444.5,48444.5,21.797,1055944.7665
2021-09-18 20:57:00,48444.5,48445.0,48444.5,48445.0,1.356,65691.42
2021-09-18 20:58:00,48445.0,48445.0,48444.5,48445.0,1.293,62639.385
2021-09-18 20:59:00,48445.0,48445.0,48444.5,48444.5,3.375,163500.1875
2021-09-18 21:00:00,48444.5,48445.0,48444.5,48445.0,1.641,79498.245
2021-09-18 21:01:00,48445.0,48445.0,48444.5,48444.5,0.508,24609.806
2021-09-18 21:02:00,48444.5,48445.0,48444.5,48444.5,1.447,70099.1915
2021-09-18 21:03:00,48444.5,48528.5,48444.5,48503.5,87.984,4267531.944
2021-09-18 21:04:00,48503.5,48504.0,48503.5,48504.0,6.084,295098.336
2021-09-18 21:05:00,48504.0,48504.0,48482.5,48482.5,13.128,636478.26
2021-09-18 21:06:00,48482.5,48483.0,48482.5,48483.0,1.849,89645.067
2021-09-18 21:07:00,48483.0,48483.0,48482.5,48483.0,6.671,323430.093
2021-09-18 21:08:00,48483.0,48483.0,48482.5,48482.5,6.758,327644.735
2021-09-18 21:09:00,48482.5,48483.0,48482.5,48483.0,4.072,197422.776
2021-09-18 21:10:00,48483.0,48483.0,48482.5,48483.0,2.831,137255.373
2021-09-18 21:11:00,48483.0,48483.0,48450.0,48450.5,13.378,648170.789
2021-09-18 21:12:00,48450.5,48450.5,48422.0,48422.0,11.985,580337.67
2021-09-18 21:13:00,48422.0,48422.5,48388.0,48388.0,49.78,2408754.64
2021-09-18 21:14:00,48388.0,48388.5,48362.0,48379.5,64.426,3116897.667
2021-09-18 21:15:00,48379.5,48379.5,48353.0,48353.0,27.535,1331399.855
2021-09-18 21:16:00,48353.0,48353.0,48350.0,48350.5,23.304,1126760.052
2021-09-18 21:17:00,48350.5,48350.5,48350.0,48350.5,13.262,641224.331
2021-09-18 21:18:00,48350.5,48371.0,48350.0,48360.0,29.165,1410419.4
2021-09-18 21:19:00,48360.0,48360.0,48359.5,48360.0,12.834,620652.24
2021-09-18 21:20:00,48360.0,48371.0,48360.0,48369.5,11.839,572646.5105
2021-09-18 21:21:00,48369.5,48389.5,48369.5,48380.5,24.467,1183725.6935
2021-09-18 21:22:00,48380.5,48381.0,48380.5,48380.5,1.364,65991.002
2021-09-18 21:23:00,48380.5,48381.0,48250.0,48251.0,195.624,9439053.624
2021-09-18 21:24:00,48251.0,48276.5,48251.0,48276.0,59.756,2884780.656
2021-09-18 21:25:00,48276.0,48303.0,48276.0,48303.0,26.629,1286260.587
2021-09-18 21:26:00,48303.0,48306.0,48302.5,48306.0,19.655,949454.43
2021-09-18 21:27:00,48306.0,48342.0,48305.5,48342.0,23.74,1147639.08
2021-09-18 21:28:00,48342.0,48359.5,48342.0,48359.5,15.099,730180.0905
2021-09-18 21:29:00,48359.5,48429.0,48359.0,48409.5,35.978,1741676.991
2021-09-18 21:30:00,48409.5,48409.5,48383.5,48385.5,41.077,1987531.1835
2021-09-18 21:31:00,48385.5,48386.0,48382.0,48382.0,24.105,1166248.11
2021-09-18 21:32:00,48382.0,48420.0,48382.0,48420.0,28.893,1398999.06
2021-09-18 21:33:00,48420.0,48475.0,48419.5,48470.5,92.138,4465974.929
2021-09-18 21:34:00,48470.5,48471.0,48462.0,48462.0,24.969,1210047.678
2021-09-18 21:35:00,48462.0,48462.5,48455.0,48455.0,16.725,810409.875
2021-09-18 21:36:00,48455.0,48455.5,48439.5,48439.5,13.009,630149.4555
2021-09-18 21:37:00,48439.5,48450.0,48439.5,48449.5,6.934,335948.833
2021-09-18 21:38:00,48449.5,48449.5,48428.5,48428.5,5.889,285195.4365
2021-09-18 21:39:00,48428.5,48428.5,48358.0,48358.0,47.279,2286317.882
2021-09-18 21:40:00,48358.0,48358.5,48329.0,48332.0,19.353,935369.196
2021-09-18 21:41:00,48332.0,48332.0,48331.5,48332.0,19.128,924494.496
2021-09-18 21:42:00,48332.0,48372.5,48331.5,48372.5,11.052,534612.87
2021-09-18 21:43:00,48372.5,48372.5,48368.0,48368.0,8.756,423510.208
2021-09-18 21:44:00,48368.0,48368.5,48368.0,48368.0,4.184,202371.712
2021-09-18 21:45:00,48368.0,48368.5,48368.0,48368.0,4.718,228200.224
2021-09-18 21:46:00,48368.0,48368.0,48347.0,48347.5,5.545,268086.8875
2021-09-18 21:47:00,48347.5,48347.5,48347.0,48347.5,2.615,126428.7125
2021-09-18 21:48:00,48347.5,48347.5,48347.0,48347.0,1.211,58548.217
2021-09-18 21:49:00,48347.0,48347.5,48331.5,48331.5,11.854,572921.601
2021-09-18 21:50:00,48331.5,48332.0,48301.0,48301.5,32.433,1566562.5495
2021-09-18 21:51:00,48301.5,48301.5,48301.0,48301.0,20.388,984760.788
2021-09-18 21:52:00,48301.0,48301.5,48297.0,48301.5,46.262,2234523.993
2021-09-18 21:53:00,48301.5,48301.5,48301.0,48301.5,3.49,168572.235
2021-09-18 21:54:00,48301.5,48369.0,48301.0,48356.5,57.391,2775227.8915
2021-09-18 21:55:00,48356.5,48357.0,48341.5,48341.5,9.242,446772.143
2021-09-18 21:56:00,48341.5,48341.5,48332.0,48332.5,4.691,226727.7575
2021-09-18 21:57:00,48332.5,48342.0,48332.0,48341.5,3.63,175479.645
2021-09-18 21:58:00,48341.5,48342.0,48341.5,48341.5,4.38,211735.77
2021-09-18 21:59:00,48341.5,48341.5,48300.0,48300.0,69.15,3339945.0
2021-09-18 22:00:00,48300.0,48300.5,48225.0,48256.0,131.587,6349862.272
2021-09-18 22:01:00,48256.0,48290.5,48255.5,48290.5,55.238,2667470.639
2021-09-18 22:02:00,48290.5,48290.5,48290.0,48290.5,55.652,2687462.906
2021-09-18 22:03:00,48290.5,48290.5,48245.0,48245.0,56.747,2737759.015
2021-09-18 22:04:00,48245.0,48245.5,48245.0,48245.0,27.038,1304448.31
2021-09-18 22:05:00,48245.0,48245.5,48245.0,48245.5,4.851,234038.9205
2021-09-18 22:06:00,48245.5,48281.0,48245.0,48278.5,18.299,883448.2715
2021-09-18 22:07:00,48278.5,48279.0,48263.5,48263.5,8.406,405702.981
2021-09-18 22:08:00,48263.5,48264.0,48250.5,48251.0,14.512,700218.512
2021-09-18 22:09:00,48251.0,48251.0,48250.5,48251.0,7.637,368492.887
2021-09-18 22:10:00,48251.0,48251.0,48220.0,48220.5,28.398,1369365.759
2021-09-18 22:11:00,48220.5,48248.0,48117.5,48248.0,229.225,11059647.8
2021-09-18 22:12:00,48248.0,48276.0,48247.5,48276.0,43.137,2082481.812
2021-09-18 22:13:00,48276.0,48276.0,48252.0,48252.0,13.03,628723.56
2021-09-18 22:14:00,48252.0,48252.5,48250.0,48250.5,15.528,749233.764
2021-09-18 22:15:00,48250.5,48289.0,48250.0,48289.0,43.6,2105400.4
2021-09-18 22:16:00,48289.0,48300.0,48289.0,48295.5,17.686,854154.213
2021-09-18 22:17:00,48295.5,48295.5,48273.0,48273.0,12.418,599454.114
2021-09-18 22:18:00,48273.0,48298.0,48257.5,48298.0,20.631,996436.038
2021-09-18 22:19:00,48298.0,48298.0,48290.0,48298.0,16.48,795951.04
2021-09-18 22:20:00,48298.0,48298.0,48297.5,48297.5,7.201,347790.2975
2021-09-18 22:21:00,48297.5,48298.0,48259.5,48282.5,14.054,678562.255
2021-09-18 22:22:00,48282.5,48283.0,48255.0,48255.0,6.469,312161.595
2021-09-18 22:23:00,48255.0,48255.5,48248.5,48248.5,8.798,424490.303
2021-09-18 22:24:00,48248.5,48248.5,48235.0,48235.5,10.594,511006.887
2021-09-18 22:25:00,48235.5,48250.5,48235.0,48250.0,13.763,664064.75
2021-09-18 22:26:00,48250.0,48259.0,48238.0,48238.0,10.963,528833.194
2021-09-18 22:27:00,48238.0,48238.5,48172.5,48180.0,53.37,2571366.6
2021-09-18 22:28:00,48180.0,48200.0,48180.0,48195.0,28.345,1366087.275
2021-09-18 22:29:00,48195.0,48219.5,48194.5,48211.5,17.467,842110.2705
2021-09-18 22:30:00,48211.5,48212.0,48180.5,48204.5,26.609,1282673.5405
2021-09-18 22:31:00,48204.5,48220.0,48204.0,48219.5,13.584,655013.688
2021-09-18 22:32:00,48219.5,48220.0,48206.0,48214.0,7.522,362665.708
2021-09-18 22:33:00,48214.0,48220.0,48213.5,48219.0,6.635,319933.065
2021-09-18 22:34:00,48219.0,48219.0,48214.0,48214.0,5.267,253943.138
2021-09-18 22:35:00,48214.0,48214.0,48187.0,48211.5,50.509,2435114.6535
2021-09-18 22:36:00,48211.5,48212.0,48201.5,48201.5,8.28,399108.42
2021-09-18 22:37:00,48201.5,48202.0,48201.5,48201.5,6.501,313357.9515
2021-09-18 22:38:00,48201.5,48208.0,48201.5,48207.5,15.336,739310.22
2021-09-18 22:39:00,48207.5,48208.0,48187.0,48187.0,4.502,216937.874
2021-09-18 22:40:00,48187.0,48187.0,48180.5,48181.0,14.266,687350.146
2021-09-18 22:41:00,48181.0,48181.0,48180.0,48180.0,6.617,318807.06
2021-09-18 22:42:00,48180.0,48180.5,48180.0,48180.5,5.757,277375.1385
2021-09-18 22:43:00,48180.5,48180.5,48160.0,48160.5,7.993,384946.8765
2021-09-18 22:44:00,48160.5,48160.5,48145.5,48145.5,21.457,1033057.9935
2021-09-18 22:45:00,48145.5,48149.5,48111.0,48149.5,55.561,2675234.3695
2021-09-18 22:46:00,48149.5,48165.5,48140.0,48165.0,31.065,1496245.725
2021-09-18 22:47:00,48165.0,48187.5,48165.0,48170.0,29.519,1421930.23
2021-09-18 22:48:00,48170.0,48170.5,48170.0,48170.5,7.793,375392.7065
2021-09-18 22:49:00,48170.5,48170.5,48170.0,48170.5,3.487,167970.5335
2021-09-18 22:50:00,48170.5,48170.5,48118.5,48119.0,17.671,850310.849
2021-09-18 22:51:00,48119.0,48128.5,48118.5,48118.5,26.914,1295061.309
2021-09-18 22:52:00,48118.5,48134.5,48118.5,48134.5,18.712,900692.764
2021-09-18 22:53:00,48134.5,48142.0,48134.0,48142.0,12.866,619394.972
2021-09-18 22:54:00,48142.0,48169.0,48142.0,48169.0,15.984,769933.296
2021-09-18 22:55:00,48169.0,48190.0,48168.5,48189.5,19.193,924901.0735
2021-09-18 22:56:00,48189.5,48235.0,48189.5,48235.0,45.385,2189145.475
2021-09-18 22:57:00,48235.0,48246.0,48234.5,48246.0,24.292,1171991.832
2021-09-18 22:58:00,48246.0,48249.5,48246.0,48249.0,13.344,643834.656
2021-09-18 22:59:00,48249.0,48249.5,48234.5,48235.0,7.45,359350.75
2021-09-18 23:00:00,48235.0,48240.0,48234.5,48240.0,11.24,542217.6
2021-09-18 23:01:00,48240.0,48242.0,48240.0,48241.5,3.116,150320.514
2021-09-18 23:02:00,48241.5,48242.0,48241.5,48241.5,5.673,273674.0295
2021-09-18 23:03:00,48241.5,48242.0,48241.5,48242.0,4.27,205993.34
2021-09-18 23:04:00,48242.0,48261.5,48241.5,48261.5,13.222,638113.553
2021-09-18 23:05:00,48261.5,48261.5,48261.0,48261.5,11.269,543858.8435
2021-09-18 23:06:00,48261.5,48261.5,48261.0,48261.0,6.092,294006.012
2021-09-18 23:07:00,48261.0,48274.5,48261.0,48274.0,8.532,411873.768
2021-09-18 23:08:00,48274.0,48274.5,48242.0,48242.0,15.247,735545.774
2021-09-18 23:09:00,48242.0,48250.0,48242.0,48250.0,13.784,665078.0
2021-09-18 23:10:00,48250.0,48276.0,48250.0,48276.0,17.534,846471.384
2021-09-18 23:11:00,48276.0,48276.5,48276.0,48276.0,4.789,231193.764
2021-09-18 23:12:00,48276.0,48300.0,48276.0,48300.0,13.674,660454.2
2021-09-18 23:13:00,48300.0,48308.0,48300.0,48307.0,13.257,640405.899
2021-09-18 23:14:00,48307.0,48320.0,48307.0,48307.5,14.205,686208.0375
2021-09-18 23:15:00,48307.5,48340.0,48307.5,48340.0,32.848,1587872.32
2021-09-18 23:16:00,48340.0,48349.0,48339.5,48349.0,32.598,1576080.702
2021-09-18 23:17:00,48349.0,48361.0,48348.5,48360.5,13.632,659250.336
2021-09-18 23:18:00,48360.5,48361.0,48350.0,48350.0,23.262,1124717.7
2021-09-18 23:19:00,48350.0,48350.5,48315.5,48315.5,52.5,2536563.75
2021-09-18 23:20:00,48315.5,48330.0,48307.0,48329.5,6.012,290556.954
2021-09-18 23:21:00,48329.5,48330.0,48329.5,48330.0,21.905,1058668.65
2021-09-18 23:22:00,48330.0,48336.5,48329.5,48336.5,8.228,397712.722
2021-09-18 23:23:00,48336.5,48348.0,48335.5,48335.5,15.132,731412.786
2021-09-18 23:24:00,48335.5,48336.0,48320.0,48320.0,5.089,245900.48
2021-09-18 23:25:00,48320.0,48320.5,48320.0,48320.0,4.425,213816.0
2021-09-18 23:26:00,48320.0,48320.5,48309.0,48309.5,14.881,718893.6695
2021-09-18 23:27:00,48309.5,48316.0,48309.5,48315.5,6.091,294289.7105
2021-09-18 23:28:00,48315.5,48333.0,48315.5,48333.0,7.169,346499.277
2021-09-18 23:29:00,48333.0,48333.0,48332.5,48333.0,3.094,149542.302
2021-09-18 23:30:00,48333.0,48333.0,48332.5,48333.0,9.571,462595.143
2021-09-18 23:31:00,48333.0,48333.0,48323.0,48323.0,13.349,645063.727
2021-09-18 23:32:00,48323.0,48323.5,48323.0,48323.0,4.91,237265.93
2021-09-18 23:33:00,48323.0,48323.5,48323.0,48323.0,4.098,198027.654
2021-09-18 23:34:00,48323.0,48323.0,48270.5,48270.5,31.395,1515452.3475
2021-09-18 23:35:00,48270.5,48271.0,48270.5,48271.0,3.534,170589.714
2021-09-18 23:36:00,48271.0,48271.0,48270.5,48271.0,2.0,96542.0
2021-09-18 23:37:00,48271.0,48299.0,48270.5,48299.0,13.104,632910.096
2021-09-18 23:38:00,48299.0,48306.0,48291.0,48291.0,6.259,302253.369
2021-09-18 23:39:00,48291.0,48291.5,48290.5,48290.5,1.57,75816.085
2021-09-18 23:40:00,48290.5,48291.0,48290.5,48290.5,2.439,117780.5295
2021-09-18 23:41:00,48290.5,48291.0,48290.0,48290.5,4.68,225999.54
2021-09-18 23:42:00,48290.5,48290.5,48290.0,48290.0,0.323,15597.67
2021-09-18 23:43:00,48290.0,48290.0,48259.0,48259.5,9.102,439257.969
2021-09-18 23:44:00,48259.5,48259.5,48250.0,48259.5,8.869,428013.5055
2021-09-18 23:45:00,48259.5,48259.5,48259.0,48259.5,1.291,62303.0145
2021-09-18 23:46:00,48259.5,48306.5,48259.0,48296.5,35.139,1697090.7135
2021-09-18 23:47:00,48296.5,48309.5,48296.5,48309.5,16.607,802275.8665
2021-09-18 23:48:00,48309.5,48320.0,48309.5,48320.0,7.633,368826.56
2021-09-18 23:49:00,48320.0,48320.0,48319.5,48320.0,5.141,248413.12
2021-09-18 23:50:00,48320.0,48320.0,48319.5,48320.0,2.864,138388.48
2021-09-18 23:51:00,48320.0,48320.0,48319.5,48320.0,2.24,108236.8
2021-09-18 23:52:00,48320.0,48329.5,48320.0,48329.5,5.868,283597.506
2021-09-18 23:53:00,48329.5,48329.5,48329.0,48329.5,3.638,175822.721
2021-09-18 23:54:00,48329.5,48357.0,48329.0,48350.5,10.408,503232.004
2021-09-18 23:55:00,48350.5,48356.5,48350.0,48356.5,7.428,359192.082
2021-09-18 23:56:00,48356.5,48356.5,48356.0,48356.5,4.338,209770.497
2021-09-18 23:57:00,48356.5,48388.0,48356.5,48388.0,35.192,1702870.496
2021-09-18 23:58:00,48388.0,48400.0,48388.0,48400.0,20.946,1013786.4
2021-09-18 23:59:00,48400.0,48400.0,48392.0,48392.0,16.197,783805.224
2021-09-19 00:00:00,48392.0,48392.5,48362.0,48362.0,17.108,827377.096
2021-09-19 00:01:00,48362.0,48362.5,48362.0,48362.5,31.722,1534155.225
2021-09-19 00:02:00,48362.5,48362.5,48356.0,48356.0,22.46,1086075.76
2021-09-19 00:03:00,48356.0,48356.5,48356.0,48356.5,8.515,411755.5975
2021-09-19 00:04:00,48356.5,48360.0,48356.0,48360.0,3.814,184445.04
2021-09-19 00:05:00,48360.0,48360.0,48355.0,48355.0,10.598,512466.29
2021-09-19 00:06:00,48355.0,48355.5,48355.0,48355.5,2.247,108654.8085
2021-09-19 00:07:00,48355.5,48355.5,48355.0,48355.0,4.234,204735.07
2021-09-19 00:08:00,48355.0,48355.0,48355.0,48355.0,0.307,14844.985
2021-09-19 00:09:00,48355.0,48355.5,48355.0,48355.0,2.163,104591.865
2021-09-19 00:10:00,48355.0,48355.5,48355.0,48355.5,1.459,70550.6745
2021-09-19 00:11:00,48355.5,48355.5,48342.5,48342.5,2.003,96830.0275
2021-09-19 00:12:00,48342.5,48343.0,48330.0,48330.0,10.076,486973.08
2021-09-19 00:13:00,48330.0,48330.5,48330.0,48330.0,4.624,223477.92
2021-09-19 00:14:00,48330.0,48330.5,48330.0,48330.5,0.579,27983.3595
2021-09-19 00:15:00,48330.5,48330.5,48311.0,48311.5,28.902,1396298.973
2021-09-19 00:16:00,48311.5,48311.5,48272.0,48272.0,14.646,706991.712
2021-09-19 00:17:00,48272.0,48272.0,48237.0,48259.5,24.938,1203495.411
2021-09-19 00:18:00,48259.5,48277.5,48259.0,48277.5,10.284,496485.81
2021-09-19 00:19:00,48277.5,48280.0,48277.0,48280.0,3.931,189788.68
2021-09-19 00:20:00,48280.0,48280.0,48241.0,48263.5,40.184,1939420.484
2021-09-19 00:21:00,48263.5,48263.5,48263.0,48263.0,1.596,77027.748
2021-09-19 00:22:00,48263.0,48263.5,48263.0,48263.5,1.48,71429.98
2021-09-19 00:23:00,48263.5,48263.5,48263.0,48263.5,0.812,39189.962
2021-09-19 00:24:00,48263.5,48263.5,48263.0,48263.5,1.558,75194.533
2021-09-19 00:25:00,48263.5,48275.0,48263.0,48275.0,6.062,292643.05
2021-09-19 00:26:00,48275.0,48275.0,48274.5,48274.5,0.281,13565.1345
2021-09-19 00:27:00,48274.5,48275.0,48274.5,48275.0,0.654,31571.85
2021-09-19 00:28:00,48275.0,48275.0,48274.5,48274.5,0.266,12841.017
2021-09-19 00:29:00,48274.5,48290.0,48274.5,48290.0,3.271,157956.59
2021-09-19 00:30:00,48290.0,48290.0,48274.5,48275.0,5.212,251609.3
2021-09-19 00:31:00,48275.0,48275.0,48274.5,48275.0,1.28,61792.0
2021-09-19 00:32:00,48275.0,48275.0,48265.0,48265.5,1.961,94648.6455
2021-09-19 00:33:00,48265.5,48285.0,48265.5,48285.0,21.086,1018137.51
2021-09-19 00:34:00,48285.0,48285.0,48284.5,48284.5,0.043,2076.2335
2021-09-19 00:35:00,48284.5,48285.0,48284.5,48285.0,0.365,17624.025
2021-09-19 00:36:00,48285.0,48285.0,48268.5,48268.5,8.58,414143.73
2021-09-19 00:37:00,48268.5,48269.0,48251.5,48251.5,8.019,386928.7785
2021-09-19 00:38:00,48251.5,48251.5,48249.0,48249.0,2.266,109332.234
2021-09-19 00:39:00,48249.0,48258.0,48249.0,48258.0,8.749,422209.242
2021-09-19 00:40:00,48258.0,48258.0,48200.0,48205.0,45.892,2212223.86
2021-09-19 00:41:00,48205.0,48205.5,48190.5,48191.0,14.795,712985.845
2021-09-19 00:42:00,48191.0,48191.0,48102.5,48102.5,74.337,3575795.5425
2021-09-19 00:43:00,48102.5,48157.5,48051.0,48157.5,97.141,4678067.7075
2021-09-19 00:44:00,48157.5,48171.0,48157.0,48171.0,63.542,3060881.682
2021-09-19 00:45:00,48171.0,48180.0,48170.0,48170.0,15.971,769323.07
2021-09-19 00:46:00,48170.0,48213.5,48150.0,48213.5,39.709,1914509.8715
2021-09-19 00:47:00,48213.5,48213.5,48144.5,48150.5,7.261,349620.7805
2021-09-19 00:48:00,48150.5,48178.0,48150.5,48178.0,1.599,77036.622
2021-09-19 00:49:00,48178.0,48194.0,48178.0,48194.0,2.056,99086.864
2021-09-19 00:50:00,48194.0,48194.0,48193.5,48194.0,2.427,116966.838
2021-09-19 00:51:00,48194.0,48194.0,48181.0,48181.0,6.675,321608.175
2021-09-19 00:52:00,48181.0,48181.5,48181.0,48181.0,1.995,96121.095
2021-09-19 00:53:00,48181.0,48181.5,48181.0,48181.5,1.278,61575.957
2021-09-19 00:54:00,48181.5,48190.5,48181.0,48190.5,6.604,318250.062
2021-09-19 00:55:00,48190.5,48190.5,48190.0,48190.0,1.436,69200.84
2021-09-19 00:56:00,48190.0,48190.5,48190.0,48190.0,7.567,364653.73
2021-09-19 00:57:00,48190.0,48190.5,48190.0,48190.5,0.563,27131.2515
2021-09-19 00:58:00,48190.5,48190.5,48190.0,48190.5,2.265,109151.4825
2021-09-19 00:59:00,48190.5,48194.0,48190.0,48194.0,7.14,344105.16
2021-09-19 01:00:00,48194.0,48194.0,48194.0,48194.0,0.69,33253.86
2021-09-19 01:01:00,48194.0,48194.0,48150.0,48150.0,37.709,1815688.35
2021-09-19 01:02:00,48150.0,48150.5,48140.0,48140.5,8.131,391430.4055
2021-09-19 01:03:00,48140.5,48162.0,48140.5,48142.0,3.933,189342.486
2021-09-19 01:04:00,48142.0,48146.5,48142.0,48146.0,3.831,184447.326
2021-09-19 01:05:00,48146.0,48146.5,48146.0,48146.0,5.387,259362.502
2021-09-19 01:06:00,48146.0,48146.5,48146.0,48146.0,3.957,190513.722
2021-09-19 01:07:00,48146.0,48146.5,48146.0,48146.5,1.054,50746.411
2021-09-19 01:08:00,48146.5,48146.5,48146.0,48146.5,10.342,497931.103
2021-09-19 01:09:00,48146.5,48146.5,48146.0,48146.0,2.201,105969.346
2021-09-19 01:10:00,48146.0,48146.5,48146.0,48146.5,0.284,13673.606
2021-09-19 01:11:00,48146.5,48146.5,48146.0,48146.5,0.375,18054.9375
2021-09-19 01:12:00,48146.5,48167.0,48146.5,48154.0,10.988,529116.152
2021-09-19 01:13:00,48154.0,48154.5,48154.0,48154.5,1.711,82392.3495
2021-09-19 01:14:00,48154.5,48154.5,48154.0,48154.5,2.848,137144.016
2021-09-19 01:15:00,48154.5,48154.5,48154.0,48154.5,5.68,273517.56
2021-09-19 01:16:00,48154.5,48154.5,48154.0,48154.5,6.611,318349.3995
2021-09-19 01:17:00,48154.5,48154.5,48154.0,48154.5,0.159,7656.5655
2021-09-19 01:18:00,48154.5,48154.5,48154.0,48154.0,1.57,75601.78
2021-09-19 01:19:00,48154.0,48154.5,48144.0,48144.0,6.478,311876.832
2021-09-19 01:20:00,48144.0,48144.5,48144.0,48144.0,2.546,122574.624
2021-09-19 01:21:00,48144.0,48144.5,48144.0,48144.5,0.671,32304.9595
2021-09-19 01:22:00,48144.5,48144.5,48144.0,48144.5,1.875,90270.9375
2021-09-19 01:23:00,48144.5,48144.5,48144.0,48144.5,4.823,232200.9235
2021-09-19 01:24:00,48144.5,48144.5,48144.0,48144.5,1.332,64128.474
2021-09-19 01:25:00,48144.5,48144.5,48144.0,48144.0,5.721,275431.824
2021-09-19 01:26:00,48144.0,48144.5,48144.0,48144.5,1.61,77512.645
2021-09-19 01:27:00,48144.5,48206.5,48144.0,48196.5,30.65,1477222.725
2021-09-19 01:28:00,48196.5,48240.0,48196.0,48240.0,41.744,2013730.56
2021-09-19 01:29:00,48240.0,48246.5,48239.5,48246.5,5.911,285185.0615
2021-09-19 01:30:00,48246.5,48247.0,48211.5,48212.0,10.789,520159.268
2021-09-19 01:31:00,48212.0,48212.0,48175.0,48175.0,7.35,354086.25
2021-09-19 01:32:00,48175.0,48175.5,48114.0,48117.0,27.29,1313112.93
2021-09-19 01:33:00,48117.0,48117.5,48085.0,48101.5,24.877,1196621.0155
2021-09-19 01:34:00,48101.5,48101.5,48058.5,48058.5,30.575,1469388.6375
2021-09-19 01:35:00,48058.5,48059.0,47928.5,47999.5,310.657,14911380.6715
2021-09-19 01:36:00,47999.5,48005.0,47933.5,47949.0,43.148,2068903.452
2021-09-19 01:37:00,47949.0,47999.5,47949.0,47999.5,13.206,633881.397
2021-09-19 01:38:00,47999.5,48051.0,47999.0,48051.0,33.338,1601924.238
2021-09-19 01:39:00,48051.0,48051.0,48000.0,48000.5,22.341,1072379.1705
2021-09-19 01:40:00,48000.5,48012.0,47961.0,47961.5,19.864,952707.236
2021-09-19 01:41:00,47961.5,47973.0,47961.5,47973.0,15.505,743821.365
2021-09-19 01:42:00,47973.0,47973.0,47960.0,47960.0,20.781,996656.76
2021-09-19 01:43:00,47960.0,47960.5,47860.0,47915.5,240.223,11510405.1565
2021-09-19 01:44:00,47915.5,47919.5,47869.5,47919.5,23.328,1117866.096
2021-09-19 01:45:00,47919.5,47922.0,47850.5,47922.0,56.397,2702657.034
2021-09-19 01:46:00,47922.0,47922.0,47883.5,47898.0,19.639,940668.822
2021-09-19 01:47:00,47898.0,47898.0,47887.0,47897.0,16.922,810513.034
2021-09-19 01:48:00,47897.0,47922.0,47897.0,47922.0,12.443,596293.446
2021-09-19 01:49:00,47922.0,47951.5,47921.5,47951.0,23.341,1119224.291
2021-09-19 01:50:00,47951.0,47951.5,47911.0,47911.5,39.204,1878322.446
2021-09-19 01:51:00,47911.5,47917.5,47900.0,47917.5,8.518,408161.265
2021-09-19 01:52:00,47917.5,47917.5,47910.0,47917.0,5.762,276097.754
2021-09-19 01:53:00,47917.0,47923.5,47893.0,47893.5,13.74,658056.69
2021-09-19 01:54:00,47893.5,47902.0,47881.5,47901.5,23.902,1144941.653
2021-09-19 01:55:00,47901.5,47902.0,47886.0,47890.0,9.449,452512.61
2021-09-19 01:56:00,47890.0,47890.5,47866.0,47867.5,13.708,656167.69
2021-09-19 01:57:00,47867.5,47876.0,47867.5,47876.0,9.658,462386.408
2021-09-19 01:58:00,47876.0,47876.0,47875.5,47876.0,13.05,624781.8
2021-09-19 01:59:00,47876.0,47876.0,47875.5,47876.0,4.183,200265.308
2021-09-19 02:00:00,47876.0,47876.0,47810.5,47841.0,69.758,3337292.478
2021-09-19 02:01:00,47841.0,47911.5,47811.0,47911.5,53.162,2547071.163
2021-09-19 02:02:00,47911.5,47950.0,47911.5,47950.0,34.074,1633848.3
2021-09-19 02:03:00,47950.0,47950.0,47915.0,47947.0,31.027,1487651.569
2021-09-19 02:04:00,47947.0,47947.0,47946.5,47947.0,6.627,317744.769
2021-09-19 02:05:00,47947.0,47947.0,47946.5,47946.5,3.399,162970.1535
2021-09-19 02:06:00,47946.5,47947.0,47940.0,47940.5,8.443,404761.6415
2021-09-19 02:07:00,47940.5,47940.5,47918.0,47918.0,7.499,359337.082
2021-09-19 02:08:00,47918.0,47918.5,47917.0,47917.5,2.034,97464.195
2021-09-19 02:09:00,47917.5,47917.5,47900.0,47900.0,9.035,432776.5
2021-09-19 02:10:00,47900.0,47900.5,47900.0,47900.5,12.204,584577.702
2021-09-19 02:11:00,47900.5,47900.5,47900.0,47900.5,1.715,82149.3575
2021-09-19 02:12:00,47900.5,47924.0,47900.5,47924.0,21.018,1007266.632
2021-09-19 02:13:00,47924.0,47924.0,47923.5,47924.0,12.374,593011.576
2021-09-19 02:14:00,47924.0,47924.0,47923.5,47924.0,0.608,29137.792
2021-09-19 02:15:00,47924.0,47924.0,47923.5,47924.0,8.598,412050.552
2021-09-19 02:16:00,47924.0,47978.0,47924.0,47978.0,18.818,902850.004
2021-09-19 02:17:00,47978.0,48025.5,47978.0,48024.0,43.011,2065560.264
2021-09-19 02:18:00,48024.0,48024.0,48023.0,48023.0,16.284,782006.532
2021-09-19 02:19:00,48023.0,48023.5,48023.0,48023.5,46.79,2247019.565
2021-09-19 02:20:00,48023.5,48023.5,48023.0,48023.5,16.093,772842.1855
2021-09-19 02:21:00,48023.5,48023.5,48019.0,48019.5,5.942,285331.869
2021-09-19 02:22:00,48019.5,48019.5,48019.0,48019.5,21.563,1035444.4785
2021-09-19 02:23:00,48019.5,48019.5,47994.5,47994.5,7.931,380644.3795
2021-09-19 02:24:00,47994.5,47995.0,47994.5,47994.5,3.919,188090.4455
2021-09-19 02:25:00,47994.5,47995.0,47994.5,47994.5,4.987,239348.5715
2021-09-19 02:26:00,47994.5,47995.0,47994.5,47995.0,1.983,95174.085
2021-09-19 02:27:00,47995.0,47995.0,47994.5,47995.0,9.73,466991.35
2021-09-19 02:28:00,47995.0,47995.0,47994.5,47995.0,4.716,226344.42
2021-09-19 02:29:00,47995.0,48008.0,47994.5,48007.0,23.326,1119811.282
2021-09-19 02:30:00,48007.0,48007.0,47951.0,47951.0,12.497,599243.647
2021-09-19 02:31:00,47951.0,47961.0,47951.0,47961.0,3.93,188486.73
2021-09-19 02:32:00,47961.0,47961.0,47947.5,47947.5,7.909,379216.7775
2021-09-19 02:33:00,47947.5,47955.5,47947.5,47955.5,2.44,117011.42
2021-09-19 02:34:00,47955.5,47955.5,47955.0,47955.0,4.567,219010.485
2021-09-19 02:35:00,47955.0,47957.5,47955.0,47957.5,4.005,192069.7875
2021-09-19 02:36:00,47957.5,47957.5,47957.0,47957.0,3.142,150680.894
2021-09-19 02:37:00,47957.0,47957.5,47957.0,47957.0,0.374,17935.918
2021-09-19 02:38:00,47957.0,48000.0,47957.0,48000.0,11.338,544224.0
2021-09-19 02:39:00,48000.0,48034.0,47999.5,48031.5,17.178,825085.107
2021-09-19 02:40:00,48031.5,48032.0,48031.5,48031.5,4.39,210858.285
2021-09-19 02:41:00,48031.5,48086.0,48031.5,48086.0,28.926,1390935.636
2021-09-19 02:42:00,48086.0,48086.5,48086.0,48086.5,17.853,858488.2845
2021-09-19 02:43:00,48086.5,48097.5,48086.0,48086.0,11.435,549863.41
2021-09-19 02:44:00,48086.0,48092.0,48086.0,48092.0,7.871,378532.132
2021-09-19 02:45:00,48092.0,48095.5,48092.0,48095.0,5.361,257837.295
2021-09-19 02:46:00,48095.0,48095.5,48091.0,48091.5,1.132,54439.578
2021-09-19 02:47:00,48091.5,48091.5,48080.0,48080.5,13.451,646730.8055
2021-09-19 02:48:00,48080.5,48080.5,48080.0,48080.0,8.462,406852.96
2021-09-19 02:49:00,48080.0,48080.5,48080.0,48080.5,2.761,132750.2605
2021-09-19 02:50:00,48080.5,48087.0,48080.5,48087.0,11.627,559107.549
2021-09-19 02:51:00,48087.0,48087.0,48086.5,48087.0,1.73,83190.51
2021-09-19 02:52:00,48087.0,48087.0,48086.5,48087.0,10.362,498277.494
2021-09-19 02:53:00,48087.0,48087.0,48086.5,48087.0,3.149,151425.963
2021-09-19 02:54:00,48087.0,48087.0,48086.5,48086.5,7.54,362572.21
2021-09-19 02:55:00,48086.5,48087.0,48040.0,48042.5,50.035,2403806.4875
2021-09-19 02:56:00,48042.5,48042.5,48042.0,48042.5,2.77,133077.725
2021-09-19 02:57:00,48042.5,48050.0,48042.0,48050.0,2.921,140354.05
2021-09-19 02:58:00,48050.0,48056.5,48049.5,48056.5,23.835,1145426.6775
2021-09-19 02:59:00,48056.5,48100.0,48056.5,48100.0,59.568,2865220.8
2021-09-19 03:00:00,48100.0,48100.0,48099.5,48099.5,13.216,635682.992
2021-09-19 03:01:00,48099.5,48100.0,48099.5,48100.0,2.467,118662.7
2021-09-19 03:02:00,48100.0,48100.0,48099.5,48100.0,3.415,164261.5
2021-09-19 03:03:00,48100.0,48100.0,48099.5,48100.0,2.631,126551.1
2021-09-19 03:04:00,48100.0,48100.0,48099.5,48099.5,6.281,302112.9595
2021-09-19 03:05:00,48099.5,48099.5,48080.0,48080.0,15.192,730431.36
2021-09-19 03:06:00,48080.0,48080.0,48073.5,48073.5,6.022,289498.617
2021-09-19 03:07:00,48073.5,48073.5,48019.5,48022.0,12.707,610215.554
2021-09-19 03:08:00,48022.0,48022.0,48006.0,48006.0,18.561,891039.366
2021-09-19 03:09:00,48006.0,48006.0,48003.5,48003.5,3.206,153899.221
2021-09-19 03:10:00,48003.5,48004.0,48003.5,48003.5,1.816,87174.356
2021-09-19 03:11:00,48003.5,48004.0,48003.5,48003.5,6.196,297429.686
2021-09-19 03:12:00,48003.5,48004.5,48003.5,48004.5,17.239,827549.5755
2021-09-19 03:13:00,48004.5,48030.0,48004.0,48030.0,11.601,557196.03
2021-09-19 03:14:00,48030.0,48030.0,48029.5,48029.5,4.074,195672.183
2021-09-19 03:15:00,48029.5,48030.0,48029.5,48029.5,9.039,434138.6505
2021-09-19 03:16:00,48029.5,48029.5,48024.5,48024.5,8.995,431980.3775
2021-09-19 03:17:00,48024.5,48025.0,48024.5,48024.5,1.305,62671.9725
2021-09-19 03:18:00,48024.5,48025.0,48024.5,48024.5,8.515,408928.6175
2021-09-19 03:19:00,48024.5,48025.0,48024.5,48025.0,0.134,6435.35
2021-09-19 03:20:00,48025.0,48025.0,48024.5,48024.5,0.874,41973.413
2021-09-19 03:21:00,48024.5,48025.0,48010.5,48010.5,6.959,334105.0695
2021-09-19 03:22:00,48010.5,48011.0,48005.5,48005.5,3.862,185397.241
2021-09-19 03:23:00,48005.5,48006.0,47993.0,47993.0,7.718,370409.974
2021-09-19 03:24:00,47993.0,47993.5,47914.5,47932.0,41.816,2004324.512
2021-09-19 03:25:00,47932.0,47932.0,47922.0,47929.5,11.549,553537.7955
2021-09-19 03:26:00,47929.5,47930.0,47890.0,47890.0,21.652,1036914.28
2021-09-19 03:27:00,47890.0,47916.5,47890.0,47916.5,22.624,1084062.896
2021-09-19 03:28:00,47916.5,47916.5,47916.0,47916.0,16.816,805755.456
2021-09-19 03:29:00,47916.0,47916.5,47907.5,47907.5,5.393,258365.1475
2021-09-19 03:30:00,47907.5,47907.5,47879.5,47880.0,31.436,1505155.68
2021-09-19 03:31:00,47880.0,47880.0,47879.5,47880.0,5.459,261376.92
2021-09-19 03:32:00,47880.0,47880.0,47879.5,47879.5,7.715,369390.3425
2021-09-19 03:33:00,47879.5,47898.5,47879.5,47898.5,23.502,1125710.547
2021-09-19 03:34:00,47898.5,47924.5,47898.0,47924.5,10.234,490459.333
2021-09-19 03:35:00,47924.5,47932.0,47908.0,47932.0,26.617,1275806.044
2021-09-19 03:36:00,47932.0,47983.0,47932.0,47983.0,12.329,591582.407
2021-09-19 03:37:00,47983.0,48000.0,47970.0,48000.0,24.522,1177056.0
2021-09-19 03:38:00,48000.0,48025.0,48000.0,48024.5,9.743,467902.7035
2021-09-19 03:39:00,48024.5,48043.0,48024.5,48043.0,16.016,769456.688
2021-09-19 03:40:00,48043.0,48043.0,48019.5,48019.5,8.684,417001.338
2021-09-19 03:41:00,48019.5,48020.0,48014.0,48014.5,9.582,460074.939
2021-09-19 03:42:00,48014.5,48020.0,48014.0,48019.0,12.474,598989.006
2021-09-19 03:43:00,48019.0,48019.5,48019.0,48019.5,1.104,53013.528
2021-09-19 03:44:00,48019.5,48027.0,48019.0,48027.0,2.317,111278.559
2021-09-19 03:45:00,48027.0,48036.0,48027.0,48035.0,4.783,229751.405
2021-09-19 03:46:00,48035.0,48035.5,48020.5,48020.5,13.476,647124.258
2021-09-19 03:47:00,48020.5,48020.5,48000.0,48000.5,8.735,419284.3675
2021-09-19 03:48:00,48000.5,48000.5,48000.0,48000.0,18.316,879168.0
2021-09-19 03:49:00,48000.0,48000.5,48000.0,48000.0,11.712,562176.0
2021-09-19 03:50:00,48000.0,48000.0,47995.5,47995.5,2.112,101366.496
2021-09-19 03:51:00,47995.5,47996.0,47995.5,47995.5,2.295,110149.6725
2021-09-19 03:52:00,47995.5,48008.5,47995.5,48008.5,5.67,272208.195
2021-09-19 03:53:00,48008.5,48008.5,48008.0,48008.5,1.772,85071.062
2021-09-19 03:54:00,48008.5,48045.0,48008.0,48045.0,9.068,435672.06
2021-09-19 03:55:00,48045.0,48066.5,48045.0,48066.0,14.13,679172.58
2021-09-19 03:56:00,48066.0,48066.0,48065.0,48065.5,9.765,469359.6075
2021-09-19 03:57:00,48065.5,48065.5,48065.0,48065.0,1.85,88920.25
2021-09-19 03:58:00,48065.0,48065.5,48065.0,48065.5,1.476,70944.678
2021-09-19 03:59:00,48065.5,48076.5,48065.0,48076.5,4.439,213411.5835
2021-09-19 04:00:00,48076.5,48076.5,48060.0,48060.5,13.377,642905.3085
2021-09-19 04:01:00,48060.5,48060.5,48060.0,48060.5,3.778,181572.569
2021-09-19 04:02:00,48060.5,48060.5,48036.0,48036.0,7.551,362719.836
2021-09-19 04:03:00,48036.0,48070.0,48036.0,48070.0,8.625,414603.75
2021-09-19 04:04:00,48070.0,48070.0,48050.0,48050.5,2.985,143430.7425
2021-09-19 04:05:00,48050.5,48050.5,48014.0,48027.0,3.721,178708.467
2021-09-19 04:06:00,48027.0,48027.0,48026.5,48026.5,6.196,297572.194
2021-09-19 04:07:00,48026.5,48027.0,48026.5,48027.0,2.775,133274.925
2021-09-19 04:08:00,48027.0,48027.0,48026.5,48027.0,0.992,47642.784
2021-09-19 04:09:00,48027.0,48027.0,48026.5,48027.0,3.184,152917.968
2021-09-19 04:10:00,48027.0,48027.0,48026.5,48026.5,9.604,461246.506
2021-09-19 04:11:00,48026.5,48027.0,48014.5,48015.0,5.612,269460.18
2021-09-19 04:12:00,48015.0,48015.5,48015.0,48015.5,2.433,116821.7115
2021-09-19 04:13:00,48015.5,48015.5,48015.0,48015.5,0.889,42685.7795
2021-09-19 04:14:00,48015.5,48015.5,48015.0,48015.0,8.533,409711.995
2021-09-19 04:15:00,48015.0,48015.5,47999.0,47999.0,12.564,603059.436
2021-09-19 04:16:00,47999.0,47999.5,47998.0,47998.5,12.736,611308.896
2021-09-19 04:17:00,47998.5,47998.5,47980.0,47980.0,7.446,357259.08
2021-09-19 04:18:00,47980.0,47980.5,47980.0,47980.5,1.351,64821.6555
2021-09-19 04:19:00,47980.5,47981.0,47980.0,47981.0,3.119,149652.739
2021-09-19 04:20:00,47981.0,47988.0,47981.0,47987.5,1.896,90984.3
2021-09-19 04:21:00,47987.5,47988.0,47987.5,47987.5,9.545,458040.6875
2021-09-19 04:22:00,47987.5,47987.5,47950.0,47955.0,38.189,1831353.495
2021-09-19 04:23:00,47955.0,47955.0,47950.0,47950.0,3.127,149939.65
2021-09-19 04:24:00,47950.0,47950.5,47945.0,47950.0,13.399,642482.05
2021-09-19 04:25:00,47950.0,47962.5,47950.0,47962.0,7.119,341441.478
2021-09-19 04:26:00,47962.0,47962.5,47962.0,47962.0,1.302,62446.524
2021-09-19 04:27:00,47962.0,47988.0,47962.0,47988.0,7.419,356022.972
2021-09-19 04:28:00,47988.0,48025.0,47987.5,48025.0,13.758,660727.95
2021-09-19 04:29:00,48025.0,48052.0,48025.0,48045.0,10.083,484437.735
2021-09-19 04:30:00,48045.0,48070.0,48044.5,48070.0,19.153,920684.71
2021-09-19 04:31:00,48070.0,48075.0,48064.5,48064.5,10.84,521019.18
2021-09-19 04:32:00,48064.5,48065.0,48055.0,48055.0,4.946,237680.03
2021-09-19 04:33:00,48055.0,48055.5,48055.0,48055.0,4.14,198947.7
2021-09-19 04:34:00,48055.0,48055.5,48055.0,48055.0,0.873,41952.015
2021-09-19 04:35:00,48055.0,48055.5,48036.0,48036.0,8.482,407441.352
2021-09-19 04:36:00,48036.0,48036.0,48027.0,48027.0,2.253,108204.831
2021-09-19 04:37:00,48027.0,48027.0,48000.0,48000.5,6.995,335763.4975
2021-09-19 04:38:00,48000.5,48000.5,48000.0,48000.0,1.557,74736.0
2021-09-19 04:39:00,48000.0,48000.5,48000.0,48000.5,2.558,122785.279
2021-09-19 04:40:00,48000.5,48255.0,48000.0,48255.0,236.418,11408350.59
2021-09-19 04:41:00,48255.0,48279.0,48179.0,48251.0,72.314,3489222.814
2021-09-19 04:42:00,48251.0,48350.0,48174.5,48188.0,154.308,7435793.904
2021-09-19 04:43:00,48188.0,48258.5,48170.0,48258.5,65.565,3164068.5525
2021-09-19 04:44:00,48258.5,48274.0,48258.0,48273.5,19.707,951325.8645
2021-09-19 04:45:00,48273.5,48350.5,48273.5,48350.0,34.77,1681129.5
2021-09-19 04:46:00,48350.0,48350.0,48284.0,48284.0,42.238,2039419.592
2021-09-19 04:47:00,48284.0,48327.0,48284.0,48322.0,16.632,803691.504
2021-09-19 04:48:00,48322.0,48322.5,48290.5,48320.5,6.827,329884.0535
2021-09-19 04:49:00,48320.5,48321.0,48300.0,48300.5,17.504,845451.952
2021-09-19 04:50:00,48300.5,48300.5,48278.5,48278.5,16.373,790463.8805
2021-09-19 04:51:00,48278.5,48278.5,48242.0,48250.0,33.617,1622020.25
2021-09-19 04:52:00,48250.0,48250.5,48243.0,48243.0,8.6,414889.8
2021-09-19 04:53:00,48243.0,48243.5,48213.5,48213.5,17.695,853137.8825
2021-09-19 04:54:00,48213.5,48214.0,48213.5,48214.0,16.253,783622.142
2021-09-19 04:55:00,48214.0,48214.0,48178.5,48179.0,21.804,1050494.916
2021-09-19 04:56:00,48179.0,48179.0,48157.0,48157.0,14.788,712145.716
2021-09-19 04:57:00,48157.0,48157.5,48157.0,48157.5,9.923,477866.8725
2021-09-19 04:58:00,48157.5,48157.5,48153.5,48154.0,8.062,388217.548
2021-09-19 04:59:00,48154.0,48189.0,48134.0,48188.0,119.187,5743383.156
2021-09-19 05:00:00,48188.0,48188.0,48129.0,48129.5,36.887,1775352.8665
2021-09-19 05:01:00,48129.5,48165.5,48129.5,48150.5,131.933,6352639.9165
2021-09-19 05:02:00,48150.5,48150.5,48129.5,48130.0,34.702,1670207.26
2021-09-19 05:03:00,48130.0,48158.0,48129.5,48158.0,42.507,2047052.106
2021-09-19 05:04:00,48158.0,48169.0,48157.5,48169.0,15.429,743199.501
2021-09-19 05:05:00,48169.0,48169.0,48165.0,48165.0,11.659,561555.735
2021-09-19 05:06:00,48165.0,48165.0,48135.0,48135.0,13.177,634274.895
2021-09-19 05:07:00,48135.0,48135.5,48135.0,48135.5,15.531,747592.4505
2021-09-19 05:08:00,48135.5,48135.5,48106.5,48108.5,13.619,655189.6615
2021-09-19 05:09:00,48108.5,48109.0,48108.5,48108.5,3.407,163905.6595
2021-09-19 05:10:00,48108.5,48109.0,48108.5,48108.5,1.62,77935.77
2021-09-19 05:11:00,48108.5,48109.0,48108.5,48108.5,5.816,279799.036
2021-09-19 05:12:00,48108.5,48129.0,48108.5,48129.0,7.267,349753.443
2021-09-19 05:13:00,48129.0,48129.0,48128.5,48129.0,13.638,656383.302
2021-09-19 05:14:00,48129.0,48129.0,48128.5,48128.5,8.02,385990.57
2021-09-19 05:15:00,48128.5,48143.0,48128.5,48140.0,8.104,390126.56
2021-09-19 05:16:00,48140.0,48140.0,48139.5,48140.0,5.235,252012.9
2021-09-19 05:17:00,48140.0,48157.0,48139.5,48157.0,5.431,261540.667
2021-09-19 05:18:00,48157.0,48182.0,48156.5,48169.0,4.255,204959.095
2021-09-19 05:19:00,48169.0,48169.5,48169.0,48169.5,3.436,165510.402
2021-09-19 05:20:00,48169.5,48172.0,48169.0,48172.0,7.895,380317.94
2021-09-19 05:21:00,48172.0,48172.0,48171.5,48171.5,4.696,226213.364
2021-09-19 05:22:00,48171.5,48172.0,48171.5,48171.5,5.014,241531.901
2021-09-19 05:23:00,48171.5,48172.0,48171.5,48172.0,3.125,150537.5
2021-09-19 05:24:00,48172.0,48197.5,48172.0,48197.5,11.244,541932.69
2021-09-19 05:25:00,48197.5,48200.0,48197.5,48200.0,5.756,277439.2
2021-09-19 05:26:00,48200.0,48271.0,48200.0,48271.0,28.284,1365296.964
2021-09-19 05:27:00,48271.0,48271.0,48270.5,48270.5,4.019,193999.1395
2021-09-19 05:28:00,48270.5,48298.5,48270.5,48298.0,42.438,2049670.524
2021-09-19 05:29:00,48298.0,48320.0,48298.0,48300.0,72.355,3494746.5
2021-09-19 05:30:00,48300.0,48300.5,48294.0,48294.0,28.563,1379421.522
2021-09-19 05:31:00,48294.0,48294.5,48260.0,48260.0,38.946,1879533.96
2021-09-19 05:32:00,48260.0,48272.0,48214.0,48268.0,31.728,1531447.104
2021-09-19 05:33:00,48268.0,48317.5,48268.0,48294.5,36.819,1778155.1955
2021-09-19 05:34:00,48294.5,48340.5,48294.0,48340.5,23.139,1118550.8295
2021-09-19 05:35:00,48340.5,48340.5,48287.0,48287.0,23.406,1130205.522
2021-09-19 05:36:00,48287.0,48300.0,48287.0,48300.0,5.272,254637.6
2021-09-19 05:37:00,48300.0,48300.0,48299.5,48299.5,1.679,81094.8605
2021-09-19 05:38:00,48299.5,48300.0,48275.0,48275.0,7.547,364331.425
2021-09-19 05:39:00,48275.0,48288.5,48274.0,48288.5,15.746,760350.721
2021-09-19 05:40:00,48288.5,48288.5,48256.0,48256.5,5.493,265072.9545
2021-09-19 05:41:00,48256.5,48256.5,48248.0,48250.0,16.863,813639.75
2021-09-19 05:42:00,48250.0,48250.0,48185.0,48215.0,33.7,1624845.5
2021-09-19 05:43:00,48215.0,48215.5,48215.0,48215.0,9.599,462815.785
2021-09-19 05:44:00,48215.0,48226.0,48215.0,48226.0,20.662,996445.612
2021-09-19 05:45:00,48226.0,48226.0,48215.0,48215.0,3.489,168222.135
2021-09-19 05:46:00,48215.0,48215.5,48200.0,48200.0,12.988,626021.6
2021-09-19 05:47:00,48200.0,48200.5,48200.0,48200.0,3.54,170628.0
2021-09-19 05:48:00,48200.0,48200.5,48200.0,48200.0,4.071,196222.2
2021-09-19 05:49:00,48200.0,48200.5,48200.0,48200.0,5.74,276668.0
2021-09-19 05:50:00,48200.0,48200.5,48200.0,48200.5,1.54,74228.77
2021-09-19 05:51:00,48200.5,48200.5,48189.0,48189.0,26.861,1294404.729
2021-09-19 05:52:00,48189.0,48189.5,48189.0,48189.0,2.391,115219.899
2021-09-19 05:53:00,48189.0,48189.5,48189.0,48189.0,21.451,1033702.239
2021-09-19 05:54:00,48189.0,48189.5,48170.0,48170.0,8.441,406602.97
2021-09-19 05:55:00,48170.0,48170.0,48143.0,48143.0,13.539,651808.077
2021-09-19 05:56:00,48143.0,48143.5,48100.0,48100.5,48.314,2323927.557
2021-09-19 05:57:00,48100.5,48100.5,48050.0,48052.5,74.04,3557807.1
2021-09-19 05:58:00,48052.5,48087.0,48052.5,48087.0,24.242,1165725.054
2021-09-19 05:59:00,48087.0,48087.0,48001.5,48041.5,45.688,2194920.052
2021-09-19 06:00:00,48041.5,48079.0,48041.5,48079.0,26.613,1279526.427
2021-09-19 06:01:00,48079.0,48086.0,48078.5,48086.0,15.302,735811.972
2021-09-19 06:02:00,48086.0,48105.0,48084.5,48084.5,24.492,1177685.574
2021-09-19 06:03:00,48084.5,48099.5,48080.5,48099.0,9.231,444001.869
2021-09-19 06:04:00,48099.0,48100.0,48099.0,48100.0,41.63,2002403.0
2021-09-19 06:05:00,48100.0,48100.0,48080.5,48080.5,7.49,360122.945
2021-09-19 06:06:00,48080.5,48099.5,48080.5,48099.0,10.981,528175.119
2021-09-19 06:07:00,48099.0,48099.5,48075.0,48075.5,7.103,341480.2765
2021-09-19 06:08:00,48075.5,48075.5,48003.5,48037.5,42.018,2018439.675
2021-09-19 06:09:00,48037.5,48039.0,48002.5,48003.0,24.179,1160664.537
2021-09-19 06:10:00,48003.0,48003.0,47950.0,47975.0,69.444,3331575.9
2021-09-19 06:11:00,47975.0,47975.0,47971.0,47971.0,15.492,743166.732
2021-09-19 06:12:00,47971.0,47971.5,47950.0,47950.0,19.276,924284.2
2021-09-19 06:13:00,47950.0,47950.5,47950.0,47950.0,37.089,1778417.55
2021-09-19 06:14:00,47950.0,47950.5,47950.0,47950.5,36.707,1760119.0035
2021-09-19 06:15:00,47950.5,47950.5,47950.0,47950.0,5.318,254998.1
2021-09-19 06:16:00,47950.0,47960.0,47950.0,47960.0,87.833,4212470.68
2021-09-19 06:17:00,47960.0,47988.0,47960.0,47988.0,40.187,1928493.756
2021-09-19 06:18:00,47988.0,47999.0,47973.5,47973.5,16.136,774100.396
2021-09-19 06:19:00,47973.5,47974.0,47969.0,47969.5,10.047,481949.5665
2021-09-19 06:20:00,47969.5,47986.0,47969.0,47985.5,9.484,455094.482
2021-09-19 06:21:00,47985.5,47985.5,47985.0,47985.5,9.637,462436.2635
2021-09-19 06:22:00,47985.5,47985.5,47985.0,47985.0,15.429,740360.565
2021-09-19 06:23:00,47985.0,47985.5,47984.5,47984.5,5.596,268521.262
2021-09-19 06:24:00,47984.5,47985.0,47984.5,47985.0,1.94,93090.9
2021-09-19 06:25:00,47985.0,47985.0,47984.5,47984.5,4.328,207676.916
2021-09-19 06:26:00,47984.5,47985.0,47984.5,47984.5,2.688,128982.336
2021-09-19 06:27:00,47984.5,47985.0,47946.5,47953.0,29.639,1421278.967
2021-09-19 06:28:00,47953.0,47953.5,47945.0,47945.5,12.168,583400.844
2021-09-19 06:29:00,47945.5,47945.5,47945.0,47945.5,3.555,170446.2525
2021-09-19 06:30:00,47945.5,47945.5,47916.0,47916.0,30.097,1442127.852
2021-09-19 06:31:00,47916.0,47916.5,47850.0,47880.0,137.261,6572056.68
2021-09-19 06:32:00,47880.0,47880.0,47859.5,47880.0,45.426,2174996.88
2021-09-19 06:33:00,47880.0,47880.0,47696.0,47855.5,369.149,17665809.9695
2021-09-19 06:34:00,47855.5,47881.5,47855.5,47880.0,49.803,2384567.64
2021-09-19 06:35:00,47880.0,47880.0,47803.5,47804.0,42.546,2033868.984
2021-09-19 06:36:00,47804.0,47863.5,47803.5,47862.0,29.786,1425617.532
2021-09-19 06:37:00,47862.0,47890.5,47862.0,47890.5,22.402,1072842.981
2021-09-19 06:38:00,47890.5,47915.5,47879.5,47880.0,40.867,1956711.96
2021-09-19 06:39:00,47880.0,47880.0,47851.0,47851.5,11.274,539477.811
2021-09-19 06:40:00,47851.5,47851.5,47841.0,47841.0,12.473,596720.793
2021-09-19 06:41:00,47841.0,47853.5,47841.0,47853.5,13.306,636738.671
2021-09-19 06:42:00,47853.5,47853.5,47850.0,47850.0,25.624,1226108.4
2021-09-19 06:43:00,47850.0,47850.0,47842.5,47842.5,5.93,283706.025
2021-09-19 06:44:00,47842.5,47872.5,47842.5,47872.5,30.15,1443355.875
2021-09-19 06:45:00,47872.5,47872.5,47851.0,47852.5,7.694,368177.135
2021-09-19 06:46:00,47852.5,47852.5,47805.0,47805.5,30.571,1461461.9405
2021-09-19 06:47:00,47805.5,47806.0,47805.5,47805.5,13.031,622953.4705
2021-09-19 06:48:00,47805.5,47806.0,47750.0,47790.5,74.688,3569376.864
2021-09-19 06:49:00,47790.5,47790.5,47790.0,47790.5,24.417,1166900.6385
2021-09-19 06:50:00,47790.5,47790.5,47727.5,47770.0,44.62,2131497.4
2021-09-19 06:51:00,47770.0,47781.0,47770.0,47770.5,11.926,569710.983
2021-09-19 06:52:00,47770.5,47794.0,47770.5,47794.0,19.511,932508.734
2021-09-19 06:53:00,47794.0,47815.5,47794.0,47815.5,10.557,504788.2335
2021-09-19 06:54:00,47815.5,47815.5,47777.0,47777.0,19.885,950045.645
2021-09-19 06:55:00,47777.0,47795.0,47777.0,47794.5,4.382,209435.499
2021-09-19 06:56:00,47794.5,47795.0,47785.5,47785.5,7.2,344055.6
2021-09-19 06:57:00,47785.5,47785.5,47744.5,47744.5,19.451,928678.2695
2021-09-19 06:58:00,47744.5,47755.0,47700.0,47755.0,61.811,2951784.305
2021-09-19 06:59:00,47755.0,47755.0,47750.0,47750.0,27.97,1335567.5
2021-09-19 07:00:00,47750.0,47750.0,47651.0,47653.0,122.101,5818478.953
2021-09-19 07:01:00,47653.0,47689.0,47610.0,47688.5,134.071,6393644.8835
2021-09-19 07:02:00,47688.5,47722.0,47647.0,47721.5,37.678,1798050.677
2021-09-19 07:03:00,47721.5,47722.0,47692.0,47692.0,23.314,1111891.288
2021-09-19 07:04:00,47692.0,47709.5,47691.0,47709.5,35.784,1707236.748
2021-09-19 07:05:00,47709.5,47709.5,47709.0,47709.5,18.129,864925.5255
2021-09-19 07:06:00,47709.5,47710.0,47709.0,47710.0,16.368,780917.28
2021-09-19 07:07:00,47710.0,47710.0,47705.0,47705.0,19.988,953527.54
2021-09-19 07:08:00,47705.0,47705.5,47691.5,47705.5,37.579,1792724.9845
2021-09-19 07:09:00,47705.5,47705.5,47705.0,47705.5,16.127,769346.5985
2021-09-19 07:10:00,47705.5,47705.5,47705.0,47705.5,5.049,240865.0695
2021-09-19 07:11:00,47705.5,47752.0,47705.0,47752.0,44.914,2144733.328
2021-09-19 07:12:00,47752.0,47777.5,47751.5,47777.5,41.836,1998819.49
2021-09-19 07:13:00,47777.5,47777.5,47770.0,47770.5,25.492,1217765.586
2021-09-19 07:14:00,47770.5,47789.0,47770.0,47789.0,36.901,1763461.889
2021-09-19 07:15:00,47789.0,47835.0,47789.0,47835.0,49.82,2383139.7
2021-09-19 07:16:00,47835.0,47850.0,47835.0,47850.0,49.093,2349100.05
2021-09-19 07:17:00,47850.0,47869.0,47849.5,47866.0,66.192,3168346.272
2021-09-19 07:18:00,47866.0,47884.5,47866.0,47884.5,27.396,1311843.762
2021-09-19 07:19:00,47884.5,47885.0,47854.5,47856.5,50.858,2433885.877
2021-09-19 07:20:00,47856.5,47856.5,47842.5,47842.5,42.671,2041487.3175
2021-09-19 07:21:00,47842.5,47843.0,47842.5,47842.5,22.455,1074303.3375
2021-09-19 07:22:00,47842.5,47870.5,47842.5,47870.5,14.42,690292.61
2021-09-19 07:23:00,47870.5,47882.0,47870.0,47882.0,13.349,639176.818
2021-09-19 07:24:00,47882.0,47896.5,47882.0,47896.0,11.972,573410.912
2021-09-19 07:25:00,47896.0,47904.0,47880.0,47880.0,39.357,1884413.16
2021-09-19 07:26:00,47880.0,47882.5,47870.0,47882.5,21.609,1034692.9425
2021-09-19 07:27:00,47882.5,47882.5,47868.5,47879.5,13.728,657289.776
2021-09-19 07:28:00,47879.5,47882.5,47871.5,47882.5,3.37,161364.025
2021-09-19 07:29:00,47882.5,47882.5,47872.5,47873.0,8.465,405244.945
2021-09-19 07:30:00,47873.0,47873.0,47824.0,47825.0,27.135,1297731.375
2021-09-19 07:31:00,47825.0,47835.5,47824.5,47835.0,10.444,499588.74
2021-09-19 07:32:00,47835.0,47835.5,47835.0,47835.5,8.641,413346.5555
2021-09-19 07:33:00,47835.5,47835.5,47824.0,47825.5,12.002,574001.651
2021-09-19 07:34:00,47825.5,47825.5,47825.0,47825.5,1.689,80777.2695
2021-09-19 07:35:00,47825.5,47825.5,47825.0,47825.0,4.356,208325.7
2021-09-19 07:36:00,47825.0,47825.5,47825.0,47825.0,3.12,149214.0
2021-09-19 07:37:00,47825.0,47825.5,47825.0,47825.5,1.889,90342.3695
2021-09-19 07:38:00,47825.5,47825.5,47825.0,47825.5,6.276,300152.838
2021-09-19 07:39:00,47825.5,47825.5,47825.0,47825.5,1.495,71499.1225
2021-09-19 07:40:00,47825.5,47825.5,47825.0,47825.0,2.843,135966.475
2021-09-19 07:41:00,47825.0,47825.0,47807.5,47807.5,24.902,1190502.365
2021-09-19 07:42:00,47807.5,47808.0,47807.5,47808.0,8.185,391308.48
2021-09-19 07:43:00,47808.0,47859.0,47790.0,47859.0,68.241,3265946.019
2021-09-19 07:44:00,47859.0,47859.0,47858.5,47859.0,8.852,423647.868
2021-09-19 07:45:00,47859.0,47926.0,47858.5,47926.0,76.771,3679326.946
2021-09-19 07:46:00,47926.0,47949.5,47923.5,47939.5,58.929,2825026.7955
2021-09-19 07:47:00,47939.5,47960.0,47939.5,47959.5,32.82,1574030.79
2021-09-19 07:48:00,47959.5,47972.0,47947.0,47971.5,33.85,1623835.275
2021-09-19 07:49:00,47971.5,47973.0,47971.0,47973.0,31.03,1488602.19
2021-09-19 07:50:00,47973.0,47978.0,47970.0,47978.0,25.103,1204391.734
2021-09-19 07:51:00,47978.0,47980.5,47977.5,47980.5,11.053,530328.4665
2021-09-19 07:52:00,47980.5,47980.5,47962.5,47965.5,26.407,1266624.9585
2021-09-19 07:53:00,47965.5,47966.0,47965.5,47965.5,13.153,630890.2215
2021-09-19 07:54:00,47965.5,47966.0,47965.5,47965.5,13.409,643169.3895
2021-09-19 07:55:00,47965.5,47966.0,47965.5,47965.5,5.947,285250.8285
2021-09-19 07:56:00,47965.5,47966.0,47965.5,47965.5,4.168,199920.204
2021-09-19 07:57:00,47965.5,47966.0,47965.5,47966.0,11.304,542207.664
2021-09-19 07:58:00,47966.0,47984.0,47965.5,47984.0,15.579,747542.736
2021-09-19 07:59:00,47984.0,47984.0,47983.5,47984.0,5.503,264055.952
2021-09-19 08:00:00,47984.0,47984.0,47962.0,47962.5,7.958,381685.575
2021-09-19 08:01:00,47962.5,47962.5,47962.0,47962.5,2.028,97267.95
2021-09-19 08:02:00,47962.5,47962.5,47935.5,47940.0,10.274,492535.56
2021-09-19 08:03:00,47940.0,47940.5,47940.0,47940.0,1.953,93626.82
2021-09-19 08:04:00,47940.0,47940.5,47935.5,47936.0,9.397,450454.592
2021-09-19 08:05:00,47936.0,47936.0,47935.5,47935.5,24.824,1189950.852
2021-09-19 08:06:00,47935.5,47936.0,47917.0,47919.0,17.699,848118.381
2021-09-19 08:07:00,47919.0,47933.0,47918.5,47933.0,8.778,420755.874
2021-09-19 08:08:00,47933.0,47933.0,47932.5,47932.5,5.969,286109.0925
2021-09-19 08:09:00,47932.5,47933.0,47932.5,47932.5,9.76,467821.2
2021-09-19 08:10:00,47932.5,47933.0,47932.5,47932.5,5.683,272400.3975
2021-09-19 08:11:00,47932.5,47932.5,47921.0,47921.0,12.642,605817.282
2021-09-19 08:12:00,47921.0,47921.5,47884.0,47889.5,43.809,2097991.1055
2021-09-19 08:13:00,47889.5,47890.0,47889.5,47890.0,12.704,608394.56
2021-09-19 08:14:00,47890.0,47890.0,47889.5,47889.5,3.854,184566.133
2021-09-19 08:15:00,47889.5,47890.0,47889.5,47889.5,1.563,74851.2885
2021-09-19 08:16:00,47889.5,47890.0,47855.0,47855.5,14.82,709218.51
2021-09-19 08:17:00,47855.5,47891.0,47855.0,47878.5,13.17,630559.845
2021-09-19 08:18:00,47878.5,47886.0,47878.0,47886.0,7.694,368434.884
2021-09-19 08:19:00,47886.0,47942.5,47886.0,47933.0,27.272,1307228.776
2021-09-19 08:20:00,47933.0,47941.5,47933.0,47941.0,14.991,718683.531
2021-09-19 08:21:00,47941.0,47949.0,47941.0,47949.0,4.364,209249.436
2021-09-19 08:22:00,47949.0,47949.0,47948.5,47949.0,5.494,263431.806
2021-09-19 08:23:00,47949.0,47950.0,47948.5,47950.0,7.991,383168.45
2021-09-19 08:24:00,47950.0,47966.0,47950.0,47965.5,13.248,635446.944
2021-09-19 08:25:00,47965.5,47966.0,47965.5,47966.0,19.678,943874.948
2021-09-19 08:26:00,47966.0,47976.0,47965.5,47976.0,9.509,456203.784
2021-09-19 08:27:00,47976.0,47982.5,47975.5,47982.0,16.512,792278.784
2021-09-19 08:28:00,47982.0,47982.0,47981.5,47981.5,10.67,511962.605
2021-09-19 08:29:00,47981.5,47982.0,47981.5,47982.0,6.871,329684.322
2021-09-19 08:30:00,47982.0,47990.0,47981.5,47990.0,9.814,470973.86
2021-09-19 08:31:00,47990.0,48020.5,47990.0,48020.5,84.413,4053554.4665
2021-09-19 08:32:00,48020.5,48020.5,48020.0,48020.0,22.693,1089717.86
2021-09-19 08:33:00,48020.0,48020.5,47982.0,47982.0,25.316,1214712.312
2021-09-19 08:34:00,47982.0,47982.5,47982.0,47982.5,12.469,598293.7925
2021-09-19 08:35:00,47982.5,47982.5,47982.0,47982.0,14.154,679137.228
2021-09-19 08:36:00,47982.0,47982.5,47965.5,47965.5,14.796,709697.538
2021-09-19 08:37:00,47965.5,47966.0,47962.5,47963.0,8.192,392912.896
2021-09-19 08:38:00,47963.0,47963.0,47962.5,47963.0,2.046,98132.298
2021-09-19 08:39:00,47963.0,47963.0,47962.5,47963.0,5.875,281782.625
2021-09-19 08:40:00,47963.0,47979.5,47962.5,47979.5,23.613,1132939.9335
2021-09-19 08:41:00,47979.5,47979.5,47979.0,47979.5,5.737,275258.3915
2021-09-19 08:42:00,47979.5,47979.5,47979.0,47979.0,0.876,42029.604
2021-09-19 08:43:00,47979.0,47979.5,47979.0,47979.5,3.108,149120.286
2021-09-19 08:44:00,47979.5,47979.5,47979.0,47979.0,7.624,365791.896
2021-09-19 08:45:00,47979.0,47979.5,47949.0,47949.0,17.131,821414.319
2021-09-19 08:46:00,47949.0,47949.5,47900.0,47900.0,59.862,2867389.8
2021-09-19 08:47:00,47900.0,47900.0,47820.5,47820.5,70.659,3378948.7095
2021-09-19 08:48:00,47820.5,47821.0,47796.0,47796.5,42.5,2031351.25
2021-09-19 08:49:00,47796.5,47838.5,47796.0,47800.5,36.103,1725741.4515
2021-09-19 08:50:00,47800.5,47822.5,47800.0,47822.5,19.653,939855.5925
2021-09-19 08:51:00,47822.5,47834.5,47822.5,47834.0,13.251,633848.334
2021-09-19 08:52:00,47834.0,47834.0,47800.5,47811.5,20.904,999451.596
2021-09-19 08:53:00,47811.5,47830.0,47811.0,47829.5,14.725,704289.3875
2021-09-19 08:54:00,47829.5,47837.5,47829.5,47837.5,11.476,548983.15
2021-09-19 08:55:00,47837.5,47839.0,47833.0,47833.0,5.81,277909.73
2021-09-19 08:56:00,47833.0,47833.0,47824.5,47825.0,5.9,282167.5
2021-09-19 08:57:00,47825.0,47838.5,47825.0,47838.5,19.937,953756.1745
2021-09-19 08:58:00,47838.5,47840.0,47838.0,47840.0,16.105,770463.2
2021-09-19 08:59:00,47840.0,47854.0,47839.5,47854.0,13.714,656269.756
2021-09-19 09:00:00,47854.0,47868.0,47853.5,47853.5,14.648,700958.068
2021-09-19 09:01:00,47853.5,47854.0,47850.0,47850.0,18.747,897043.95
2021-09-19 09:02:00,47850.0,47850.5,47831.0,47831.5,8.091,387004.6665
2021-09-19 09:03:00,47831.5,47831.5,47798.5,47799.0,47.846,2286990.954
2021-09-19 09:04:00,47799.0,47829.0,47798.5,47829.0,10.696,511578.984
2021-09-19 09:05:00,47829.0,47830.0,47828.5,47830.0,7.02,335766.6
2021-09-19 09:06:00,47830.0,47878.0,47830.0,47877.5,43.898,2101726.495
2021-09-19 09:07:00,47877.5,47888.0,47877.5,47888.0,30.811,1475477.168
2021-09-19 09:08:00,47888.0,47896.0,47888.0,47896.0,6.638,317933.648
2021-09-19 09:09:00,47896.0,47896.0,47895.5,47895.5,2.095,100341.0725
2021-09-19 09:10:00,47895.5,47896.0,47895.5,47895.5,1.529,73232.2195
2021-09-19 09:11:00,47895.5,47896.0,47895.5,47896.0,1.705,81662.68
2021-09-19 09:12:00,47896.0,47896.0,47895.5,47896.0,1.607,76968.872
2021-09-19 09:13:00,47896.0,47896.0,47895.5,47896.0,11.7,560383.2
2021-09-19 09:14:00,47896.0,47896.0,47895.5,47896.0,6.616,316879.936
2021-09-19 09:15:00,47896.0,47902.0,47895.5,47902.0,17.373,832201.446
2021-09-19 09:16:00,47902.0,47919.0,47902.0,47919.0,19.517,935235.123
2021-09-19 09:17:00,47919.0,47919.0,47918.5,47919.0,1.372,65744.868
2021-09-19 09:18:00,47919.0,47919.0,47918.5,47918.5,4.337,207822.5345
2021-09-19 09:19:00,47918.5,47919.0,47900.5,47900.5,22.244,1065498.722
