timestamp,open,high,low,close,volume,turnover
2023-09-02 00:00:00,25463.9,25463.9,25441.0,25461.4,128.944,3281580.2519
2023-09-02 00:01:00,25461.4,25474.8,25461.3,25465.7,21.338,543462.3594
2023-09-02 00:02:00,25465.7,25496.9,25465.7,25494.9,61.441,1566186.3392
2023-09-02 00:03:00,25494.9,25496.4,25481.6,25481.7,35.114,895112.2039
2023-09-02 00:04:00,25481.7,25483.8,25462.4,25462.4,25.83,658034.8134
2023-09-02 00:05:00,25462.4,25479.1,25462.4,25471.9,27.677,704911.2897
2023-09-02 00:06:00,25471.9,25484.6,25468.0,25468.0,20.074,511445.0658
2023-09-02 00:07:00,25468.0,25483.6,25467.0,25481.4,16.85,429316.6004
2023-09-02 00:08:00,25481.4,25500.1,25481.4,25495.2,29.982,764391.7625
2023-09-02 00:09:00,25495.2,25533.2,25495.1,25533.2,73.681,1880281.2119
2023-09-02 00:10:00,25533.2,25606.1,25533.2,25599.9,963.202,24638178.1678
2023-09-02 00:11:00,25599.9,25671.8,25575.9,25623.3,1530.038,39208655.6103
2023-09-02 00:12:00,25623.3,25650.0,25609.2,25621.3,632.605,16213645.0593
2023-09-02 00:13:00,25621.3,25634.3,25590.8,25628.1,371.841,9522918.7383
2023-09-02 00:14:00,25628.1,25631.1,25614.9,25622.7,133.335,3416547.7385
2023-09-02 00:15:00,25622.7,25645.6,25622.6,25640.9,255.054,6538391.2909
2023-09-02 00:16:00,25640.9,25735.8,25640.9,25715.8,1492.953,38369508.4909
2023-09-02 00:17:00,25715.8,25826.9,25696.2,25796.4,1669.807,43016768.4499
2023-09-02 00:18:00,25796.4,25804.8,25748.1,25748.1,675.746,17416837.3956
2023-09-02 00:19:00,25748.1,25764.0,25730.0,25732.0,455.966,11738923.3484
2023-09-02 00:20:00,25732.0,25732.0,25678.6,25687.4,726.939,18683693.0564
2023-09-02 00:21:00,25687.4,25696.5,25677.0,25687.8,221.73,5694756.6096
2023-09-02 00:22:00,25687.8,25694.3,25667.1,25667.2,139.545,3583628.492
2023-09-02 00:23:00,25667.2,25713.2,25666.9,25712.2,218.547,5615412.8841
2023-09-02 00:24:00,25712.2,25712.2,25683.3,25683.3,115.304,2962762.0782
2023-09-02 00:25:00,25683.3,25700.0,25679.0,25689.8,105.059,2699201.4132
2023-09-02 00:26:00,25689.8,25701.5,25685.0,25701.5,40.258,1034355.4272
2023-09-02 00:27:00,25701.5,25704.0,25653.1,25657.3,259.167,6653802.1481
2023-09-02 00:28:00,25657.3,25670.0,25650.1,25650.7,265.207,6805218.3321
2023-09-02 00:29:00,25650.7,25650.8,25630.4,25638.0,224.978,5768764.8756
2023-09-02 00:30:00,25638.0,25654.4,25636.0,25649.9,252.591,6478227.3757
2023-09-02 00:31:00,25649.9,25650.0,25637.0,25649.9,42.285,1084353.4938
2023-09-02 00:32:00,25649.9,25668.1,25649.9,25656.8,117.655,3019385.5177
2023-09-02 00:33:00,25656.8,25656.9,25637.0,25637.0,31.925,818772.5564
2023-09-02 00:34:00,25637.0,25653.8,25637.0,25649.9,33.82,867322.7025
2023-09-02 00:35:00,25649.9,25663.8,25640.8,25640.8,78.204,2006353.7461
2023-09-02 00:36:00,25640.8,25642.8,25633.0,25635.0,29.198,748611.3361
2023-09-02 00:37:00,25635.0,25635.1,25621.2,25621.2,49.047,1256746.2787
2023-09-02 00:38:00,25621.2,25628.8,25606.2,25607.6,100.597,2576715.1125
2023-09-02 00:39:00,25607.6,25614.4,25601.9,25614.4,109.813,2812040.2243
2023-09-02 00:40:00,25614.4,25621.4,25603.2,25603.2,51.264,1313058.9643
2023-09-02 00:41:00,25603.2,25612.0,25591.0,25596.7,87.141,2230807.3009
2023-09-02 00:42:00,25596.7,25627.3,25596.6,25627.3,29.907,765910.9112
2023-09-02 00:43:00,25627.3,25629.0,25627.3,25629.0,41.471,1062833.1087
2023-09-02 00:44:00,25629.0,25629.0,25610.6,25610.6,50.799,1301599.2236
2023-09-02 00:45:00,25610.6,25610.7,25591.0,25591.0,43.902,1123879.4687
2023-09-02 00:46:00,25591.0,25616.0,25591.0,25615.9,85.217,2181466.0245
2023-09-02 00:47:00,25615.9,25616.5,25610.2,25610.3,27.007,691767.0349
2023-09-02 00:48:00,25610.3,25627.1,25606.4,25623.3,92.287,2364353.6743
2023-09-02 00:49:00,25623.3,25623.3,25610.0,25610.1,23.331,597772.4304
2023-09-02 00:50:00,25610.1,25613.0,25600.1,25600.2,44.798,1147269.0964
2023-09-02 00:51:00,25600.2,25604.1,25585.8,25590.7,78.119,1999315.8175
2023-09-02 00:52:00,25590.7,25597.1,25575.9,25597.0,78.981,2020650.4769
2023-09-02 00:53:00,25597.0,25618.7,25597.0,25618.7,63.885,1635898.4219
2023-09-02 00:54:00,25618.7,25632.0,25615.9,25632.0,44.958,1152004.6641
2023-09-02 00:55:00,25632.0,25646.0,25631.9,25644.1,123.407,3163751.3047
2023-09-02 00:56:00,25644.1,25644.1,25632.0,25632.0,34.922,895360.0953
2023-09-02 00:57:00,25632.0,25632.1,25622.0,25622.1,124.594,3193456.0121
2023-09-02 00:58:00,25622.1,25639.5,25622.0,25639.4,93.402,2393709.0389
2023-09-02 00:59:00,25639.4,25666.7,25639.4,25655.0,109.937,2820300.7478
2023-09-02 01:00:00,25655.0,25662.4,25648.0,25654.1,36.373,933267.8281
2023-09-02 01:01:00,25654.1,25654.1,25648.0,25648.1,17.95,460436.7825
2023-09-02 01:02:00,25648.1,25657.8,25645.2,25657.8,45.721,1172710.2408
2023-09-02 01:03:00,25657.8,25663.9,25641.6,25641.6,61.722,1583314.1893
2023-09-02 01:04:00,25641.6,25641.7,25635.6,25635.7,28.126,721104.279
2023-09-02 01:05:00,25635.7,25635.7,25622.8,25630.0,45.874,1175570.5667
2023-09-02 01:06:00,25630.0,25630.0,25616.3,25616.3,25.056,642091.1629
2023-09-02 01:07:00,25616.3,25629.7,25616.3,25628.3,36.277,929590.8445
2023-09-02 01:08:00,25628.3,25628.3,25622.7,25628.1,47.184,1209090.2914
2023-09-02 01:09:00,25628.1,25629.5,25619.9,25619.9,56.429,1445790.8365
2023-09-02 01:10:00,25619.9,25626.8,25612.5,25612.5,33.585,860466.4046
2023-09-02 01:11:00,25612.5,25618.0,25612.2,25612.2,20.247,518602.2743
2023-09-02 01:12:00,25612.2,25620.9,25611.6,25620.9,19.325,495007.2609
2023-09-02 01:13:00,25620.9,25625.0,25620.8,25622.0,3.275,83915.3751
2023-09-02 01:14:00,25622.0,25628.0,25622.0,25628.0,9.115,233574.4451
2023-09-02 01:15:00,25628.0,25628.0,25622.1,25622.2,18.883,483858.2733
2023-09-02 01:16:00,25622.2,25622.2,25600.7,25600.8,31.965,818646.9534
2023-09-02 01:17:00,25600.8,25600.8,25597.0,25597.0,27.196,696206.2967
2023-09-02 01:18:00,25597.0,25617.9,25597.0,25614.4,60.788,1556286.8618
2023-09-02 01:19:00,25614.4,25614.4,25613.5,25613.5,5.409,138545.3843
2023-09-02 01:20:00,25613.5,25613.5,25599.9,25600.0,44.529,1140208.7485
2023-09-02 01:21:00,25600.0,25600.0,25576.5,25576.6,252.393,6457544.5673
2023-09-02 01:22:00,25576.6,25587.2,25571.3,25571.4,86.543,2213837.0934
2023-09-02 01:23:00,25571.4,25586.7,25565.0,25586.7,118.735,3037136.3571
2023-09-02 01:24:00,25586.7,25586.9,25578.9,25586.8,18.881,483042.4616
2023-09-02 01:25:00,25586.8,25596.3,25586.8,25593.5,50.389,1289631.8898
2023-09-02 01:26:00,25593.5,25619.5,25593.5,25614.6,50.161,1284395.6521
2023-09-02 01:27:00,25614.6,25635.1,25614.6,25635.1,83.278,2133834.4898
2023-09-02 01:28:00,25635.1,25636.0,25626.5,25626.6,25.195,645789.6327
2023-09-02 01:29:00,25626.6,25635.7,25626.5,25635.6,30.48,781214.975
2023-09-02 01:30:00,25635.6,25639.9,25624.3,25638.2,41.653,1067629.6902
2023-09-02 01:31:00,25638.2,25641.8,25620.9,25620.9,31.513,807861.1387
2023-09-02 01:32:00,25620.9,25621.0,25607.3,25610.3,31.577,808727.7069
2023-09-02 01:33:00,25610.3,25620.5,25610.3,25620.4,37.313,955791.9326
2023-09-02 01:34:00,25620.4,25620.5,25614.3,25619.2,13.127,336282.2944
2023-09-02 01:35:00,25619.2,25619.2,25598.4,25598.4,79.336,2032008.8624
2023-09-02 01:36:00,25598.4,25598.5,25573.9,25573.9,29.131,745376.935
2023-09-02 01:37:00,25573.9,25579.0,25573.9,25576.3,30.469,779316.2982
2023-09-02 01:38:00,25576.3,25578.1,25550.1,25578.0,118.976,3040965.2608
2023-09-02 01:39:00,25578.0,25584.0,25578.0,25584.0,25.794,659799.3278
2023-09-02 01:40:00,25584.0,25612.0,25584.0,25611.9,212.491,5438904.8459
2023-09-02 01:41:00,25611.9,25612.0,25602.1,25605.9,31.064,795525.7281
2023-09-02 01:42:00,25605.9,25606.0,25600.5,25605.9,7.382,188996.595
2023-09-02 01:43:00,25605.9,25617.9,25605.9,25617.6,11.114,284613.3889
2023-09-02 01:44:00,25617.6,25628.5,25615.4,25628.5,31.995,819726.0339
2023-09-02 01:45:00,25628.5,25632.3,25618.5,25632.3,63.232,1620480.4381
2023-09-02 01:46:00,25632.3,25632.5,25630.1,25630.2,32.885,842882.6379
2023-09-02 01:47:00,25630.2,25640.0,25626.0,25640.0,131.74,3376777.4519
2023-09-02 01:48:00,25640.0,25686.2,25639.9,25671.3,314.402,8069251.6571
2023-09-02 01:49:00,25671.3,25696.9,25671.2,25694.9,115.356,2963367.3108
2023-09-02 01:50:00,25694.9,25707.5,25692.3,25705.6,156.461,4021211.2779
2023-09-02 01:51:00,25705.6,25733.8,25705.5,25713.8,360.5,9272120.7495
2023-09-02 01:52:00,25713.8,25720.1,25707.8,25715.9,100.266,2578404.1803
2023-09-02 01:53:00,25715.9,25716.8,25690.0,25691.2,64.161,1648714.6939
2023-09-02 01:54:00,25691.2,25692.7,25679.8,25680.1,137.617,3534778.5503
2023-09-02 01:55:00,25680.1,25694.4,25675.8,25694.4,110.089,2827181.3727
2023-09-02 01:56:00,25694.4,25694.4,25673.8,25675.2,79.41,2039353.6559
2023-09-02 01:57:00,25675.2,25694.1,25672.9,25694.0,38.224,981676.5078
2023-09-02 01:58:00,25694.0,25728.0,25692.0,25724.0,140.286,3607237.2815
2023-09-02 01:59:00,25724.0,25731.2,25722.2,25728.1,157.005,4039062.713
2023-09-02 02:00:00,25728.1,25747.6,25723.6,25736.5,143.933,3704918.6642
2023-09-02 02:01:00,25736.5,25794.6,25736.3,25787.4,723.932,18655729.3696
2023-09-02 02:02:00,25787.4,25878.7,25778.4,25846.0,1538.624,39748116.8921
2023-09-02 02:03:00,25846.0,25923.5,25845.4,25858.8,1062.107,27495615.8357
2023-09-02 02:04:00,25858.8,25868.6,25811.0,25812.9,197.307,5099046.7028
2023-09-02 02:05:00,25812.9,25817.1,25780.0,25781.5,336.871,8690103.2126
2023-09-02 02:06:00,25781.5,25792.9,25748.5,25767.5,362.572,9343541.0659
2023-09-02 02:07:00,25767.5,25810.0,25762.0,25809.9,143.126,3691841.3481
2023-09-02 02:08:00,25809.9,25812.5,25794.5,25799.2,160.377,4137805.9721
2023-09-02 02:09:00,25799.2,25816.2,25790.7,25816.2,89.997,2322026.7722
2023-09-02 02:10:00,25816.2,25828.9,25798.7,25798.7,156.864,4049768.0816
2023-09-02 02:11:00,25798.7,25798.7,25769.6,25771.9,204.846,5280590.979
2023-09-02 02:12:00,25771.9,25778.6,25764.8,25778.6,84.826,2186104.159
2023-09-02 02:13:00,25778.6,25782.0,25771.9,25782.0,43.4,1118785.9151
2023-09-02 02:14:00,25782.0,25782.0,25766.7,25771.7,72.225,1861329.817
2023-09-02 02:15:00,25771.7,25771.7,25750.0,25756.4,99.254,2556520.2875
2023-09-02 02:16:00,25756.4,25762.4,25754.1,25758.1,19.67,506681.6499
2023-09-02 02:17:00,25758.1,25767.0,25736.6,25754.6,124.226,3198475.9004
2023-09-02 02:18:00,25754.6,25781.0,25754.5,25780.9,52.422,1350880.759
2023-09-02 02:19:00,25780.9,25781.5,25767.7,25767.7,93.508,2410418.0867
2023-09-02 02:20:00,25767.7,25767.8,25753.2,25757.3,27.699,713527.369
2023-09-02 02:21:00,25757.3,25774.1,25757.3,25764.7,15.762,406152.8305
2023-09-02 02:22:00,25764.7,25767.4,25750.0,25750.0,41.11,1058952.1934
2023-09-02 02:23:00,25750.0,25763.5,25750.0,25760.0,64.066,1650091.1407
2023-09-02 02:24:00,25760.0,25762.0,25753.3,25753.3,24.439,629475.2726
2023-09-02 02:25:00,25753.3,25774.6,25753.3,25774.6,14.702,378762.9876
2023-09-02 02:26:00,25774.6,25774.6,25764.8,25769.6,32.526,838271.5292
2023-09-02 02:27:00,25769.6,25769.6,25759.7,25767.0,85.75,2209161.0163
2023-09-02 02:28:00,25767.0,25770.0,25766.2,25770.0,19.181,494257.3939
2023-09-02 02:29:00,25770.0,25775.2,25763.6,25763.6,41.712,1074966.3494
2023-09-02 02:30:00,25763.6,25763.6,25754.7,25761.0,38.119,981880.9917
2023-09-02 02:31:00,25761.0,25772.1,25757.0,25758.0,42.612,1097903.0151
2023-09-02 02:32:00,25758.0,25764.3,25758.0,25758.9,17.25,444364.7519
2023-09-02 02:33:00,25758.9,25764.9,25750.0,25750.0,25.971,669020.3279
2023-09-02 02:34:00,25750.0,25750.1,25733.4,25741.8,222.294,5722203.7724
2023-09-02 02:35:00,25741.8,25751.4,25741.7,25748.1,117.082,3014407.8945
2023-09-02 02:36:00,25748.1,25767.7,25748.0,25764.9,29.058,748588.8339
2023-09-02 02:37:00,25764.9,25764.9,25757.3,25757.4,13.987,360345.9028
2023-09-02 02:38:00,25757.4,25766.4,25757.3,25766.4,12.185,313885.5095
2023-09-02 02:39:00,25766.4,25810.0,25766.3,25796.1,206.182,5317731.5766
2023-09-02 02:40:00,25796.1,25809.6,25796.0,25802.8,59.219,1527992.4225
2023-09-02 02:41:00,25802.8,25802.8,25796.5,25796.5,71.647,1848528.5636
2023-09-02 02:42:00,25796.5,25817.5,25796.5,25814.8,74.804,1930533.6091
2023-09-02 02:43:00,25814.8,25814.8,25797.7,25797.7,29.596,763808.609
2023-09-02 02:44:00,25797.7,25797.7,25789.7,25789.7,21.201,546831.9
2023-09-02 02:45:00,25789.7,25833.3,25785.7,25826.3,191.877,4952554.7486
2023-09-02 02:46:00,25826.3,25848.8,25826.3,25843.9,134.857,3484933.3746
2023-09-02 02:47:00,25843.9,25844.0,25816.1,25816.1,44.124,1139874.0679
2023-09-02 02:48:00,25816.1,25816.1,25799.4,25799.5,18.441,475929.9015
2023-09-02 02:49:00,25799.5,25799.5,25767.0,25767.2,71.027,1831433.8345
2023-09-02 02:50:00,25767.2,25768.8,25755.1,25766.0,89.314,2300991.1106
2023-09-02 02:51:00,25766.0,25777.4,25766.0,25777.4,40.827,1052115.5212
2023-09-02 02:52:00,25777.4,25777.5,25777.3,25777.5,8.562,220705.6382
2023-09-02 02:53:00,25777.5,25787.9,25777.4,25787.9,13.203,340384.9561
2023-09-02 02:54:00,25787.9,25807.4,25787.9,25791.3,96.68,2494196.9959
2023-09-02 02:55:00,25791.3,25794.8,25775.0,25775.0,54.914,1416206.7929
2023-09-02 02:56:00,25775.0,25775.0,25760.0,25767.5,60.145,1549615.1946
2023-09-02 02:57:00,25767.5,25767.5,25743.7,25743.7,56.102,1444940.7326
2023-09-02 02:58:00,25743.7,25755.3,25737.7,25753.2,106.769,2748792.0564
2023-09-02 02:59:00,25753.2,25753.3,25736.5,25736.6,104.457,2689226.3526
2023-09-02 03:00:00,25736.6,25740.6,25725.8,25740.6,56.853,1462880.0122
2023-09-02 03:01:00,25740.6,25757.1,25740.5,25742.5,71.921,1851933.9664
2023-09-02 03:02:00,25742.5,25742.5,25727.8,25727.8,33.272,856183.3237
2023-09-02 03:03:00,25727.8,25735.4,25717.6,25735.3,194.012,4990451.9167
2023-09-02 03:04:00,25735.3,25760.0,25735.3,25759.9,26.671,686665.7146
2023-09-02 03:05:00,25759.9,25764.9,25759.8,25759.8,16.586,427293.0895
2023-09-02 03:06:00,25759.8,25759.8,25754.0,25754.0,8.085,208242.3312
2023-09-02 03:07:00,25754.0,25754.1,25743.0,25743.0,5.276,135858.931
2023-09-02 03:08:00,25743.0,25755.6,25743.0,25755.6,15.391,396301.8003
2023-09-02 03:09:00,25755.6,25773.5,25755.5,25773.4,39.048,1005859.7457
2023-09-02 03:10:00,25773.4,25774.3,25773.4,25774.2,32.758,844294.2586
2023-09-02 03:11:00,25774.2,25774.3,25759.9,25760.0,76.412,1969119.0185
2023-09-02 03:12:00,25760.0,25760.9,25759.9,25760.8,3.974,102372.0264
2023-09-02 03:13:00,25760.8,25761.1,25759.9,25760.3,25.788,664321.6661
2023-09-02 03:14:00,25760.3,25760.3,25758.2,25758.2,21.386,550877.9402
2023-09-02 03:15:00,25758.2,25758.3,25746.9,25747.0,27.616,711097.6051
2023-09-02 03:16:00,25747.0,25747.0,25743.8,25743.8,10.848,279295.0341
2023-09-02 03:17:00,25743.8,25751.5,25739.0,25751.5,32.331,832253.8256
2023-09-02 03:18:00,25751.5,25764.9,25751.5,25764.8,35.891,924656.5219
2023-09-02 03:19:00,25764.8,25775.4,25764.8,25775.4,15.445,398020.9083
2023-09-02 03:20:00,25775.4,25787.6,25770.9,25770.9,44.518,1147931.0135
2023-09-02 03:21:00,25770.9,25771.0,25759.2,25759.2,19.624,505613.8893
2023-09-02 03:22:00,25759.2,25759.3,25748.0,25748.1,17.42,448585.0103
2023-09-02 03:23:00,25748.1,25758.7,25748.0,25752.5,16.695,429946.8307
2023-09-02 03:24:00,25752.5,25753.8,25748.4,25748.4,9.904,255059.288
2023-09-02 03:25:00,25748.4,25786.6,25741.5,25786.6,55.51,1429436.2977
2023-09-02 03:26:00,25786.6,25791.5,25786.6,25791.4,7.153,184471.053
2023-09-02 03:27:00,25791.4,25811.7,25791.4,25809.3,88.785,2290988.5513
2023-09-02 03:28:00,25809.3,25809.3,25808.6,25808.6,7.615,196535.6778
2023-09-02 03:29:00,25808.6,25808.7,25793.7,25793.8,17.088,440870.147
2023-09-02 03:30:00,25793.8,25803.3,25790.1,25803.3,82.495,2127790.4931
2023-09-02 03:31:00,25803.3,25805.1,25796.1,25799.4,21.658,558807.673
2023-09-02 03:32:00,25799.4,25801.5,25795.5,25795.5,21.522,555210.6341
2023-09-02 03:33:00,25795.5,25795.6,25787.8,25794.6,52.044,1342271.1377
2023-09-02 03:34:00,25794.6,25794.7,25789.7,25789.7,11.194,288735.0821
2023-09-02 03:35:00,25789.7,25789.8,25789.7,25789.7,19.087,492248.5113
2023-09-02 03:36:00,25789.7,25794.9,25789.7,25794.9,15.003,386996.1028
2023-09-02 03:37:00,25794.9,25795.0,25794.9,25795.0,2.097,54092.0956
2023-09-02 03:38:00,25795.0,25795.0,25794.9,25795.0,10.313,266023.1476
2023-09-02 03:39:00,25795.0,25795.0,25781.9,25782.0,12.163,313670.0818
2023-09-02 03:40:00,25782.0,25782.0,25775.3,25775.3,8.485,218740.402
2023-09-02 03:41:00,25775.3,25775.4,25770.3,25770.3,8.9,229386.542
2023-09-02 03:42:00,25770.3,25770.4,25767.6,25767.7,17.057,439556.6654
2023-09-02 03:43:00,25767.7,25767.7,25767.6,25767.6,16.877,434880.4205
2023-09-02 03:44:00,25767.6,25779.8,25767.6,25776.8,34.753,895600.7653
2023-09-02 03:45:00,25776.8,25779.9,25776.8,25779.9,3.728,96107.4344
2023-09-02 03:46:00,25779.9,25786.7,25779.8,25786.6,16.505,425555.9063
2023-09-02 03:47:00,25786.6,25788.7,25786.6,25788.7,3.194,82363.3141
2023-09-02 03:48:00,25788.7,25790.0,25786.0,25789.9,6.882,177470.9005
2023-09-02 03:49:00,25789.9,25798.0,25789.9,25798.0,14.205,366414.3761
2023-09-02 03:50:00,25798.0,25812.8,25797.9,25812.7,66.88,1726024.6715
2023-09-02 03:51:00,25812.7,25812.7,25804.0,25809.9,43.034,1110681.0991
2023-09-02 03:52:00,25809.9,25810.1,25806.0,25806.0,76.624,1977656.8925
2023-09-02 03:53:00,25806.0,25806.1,25802.7,25802.7,18.068,466244.4882
2023-09-02 03:54:00,25802.7,25802.8,25802.7,25802.7,2.892,74621.5828
2023-09-02 03:55:00,25802.7,25802.7,25788.9,25788.9,26.258,677393.8074
2023-09-02 03:56:00,25788.9,25794.7,25788.9,25794.7,38.748,999289.7474
2023-09-02 03:57:00,25794.7,25805.9,25794.7,25805.9,17.283,445886.748
2023-09-02 03:58:00,25805.9,25805.9,25805.8,25805.9,5.679,146551.5601
2023-09-02 03:59:00,25805.9,25805.9,25798.9,25798.9,123.999,3199356.514
2023-09-02 04:00:00,25798.9,25798.9,25786.0,25786.0,14.453,372756.806
2023-09-02 04:01:00,25786.0,25786.1,25783.8,25783.8,6.066,156417.578
2023-09-02 04:02:00,25783.8,25783.8,25777.1,25777.1,10.231,263778.883
2023-09-02 04:03:00,25777.1,25777.2,25776.0,25776.1,10.434,268954.5432
2023-09-02 04:04:00,25776.1,25783.4,25776.0,25783.4,21.768,561151.0712
2023-09-02 04:05:00,25783.4,25790.9,25783.3,25790.8,26.269,677323.108
2023-09-02 04:06:00,25790.8,25794.0,25788.0,25793.9,33.776,871154.9423
2023-09-02 04:07:00,25793.9,25794.0,25793.9,25794.0,6.943,179087.1696
2023-09-02 04:08:00,25794.0,25800.0,25793.9,25799.9,24.929,643113.4566
2023-09-02 04:09:00,25799.9,25804.9,25799.9,25804.9,7.459,192454.3732
2023-09-02 04:10:00,25804.9,25805.9,25802.4,25802.5,19.543,504314.7073
2023-09-02 04:11:00,25802.5,25802.5,25799.0,25802.3,31.312,807868.606
2023-09-02 04:12:00,25802.3,25802.4,25802.2,25802.3,8.306,214314.4935
2023-09-02 04:13:00,25802.3,25805.6,25802.3,25805.5,18.422,475364.254
2023-09-02 04:14:00,25805.5,25807.5,25801.4,25801.5,19.132,493724.8772
2023-09-02 04:15:00,25801.5,25806.8,25801.4,25806.8,25.429,656113.7432
2023-09-02 04:16:00,25806.8,25809.0,25806.8,25809.0,17.207,444063.3642
2023-09-02 04:17:00,25809.0,25809.0,25808.9,25809.0,3.047,78639.9562
2023-09-02 04:18:00,25809.0,25809.0,25802.2,25803.5,48.075,1240661.1251
2023-09-02 04:19:00,25803.5,25803.5,25803.4,25803.4,3.179,82029.0305
2023-09-02 04:20:00,25803.4,25803.4,25802.6,25802.6,7.574,195429.1811
2023-09-02 04:21:00,25802.6,25802.7,25795.3,25799.8,17.849,460518.6554
2023-09-02 04:22:00,25799.8,25799.8,25792.7,25792.7,5.949,153453.5135
2023-09-02 04:23:00,25792.7,25792.8,25790.0,25790.0,4.916,126795.6401
2023-09-02 04:24:00,25790.0,25790.1,25785.6,25785.7,14.996,386689.6404
2023-09-02 04:25:00,25785.7,25785.7,25762.8,25762.8,34.285,883574.0839
2023-09-02 04:26:00,25762.8,25769.9,25762.8,25769.9,24.297,626061.7129
2023-09-02 04:27:00,25769.9,25769.9,25768.0,25768.0,4.982,128382.5678
2023-09-02 04:28:00,25768.0,25768.1,25760.4,25762.9,46.365,1194458.0514
2023-09-02 04:29:00,25762.9,25763.0,25753.2,25753.3,69.438,1788638.205
2023-09-02 04:30:00,25753.3,25753.3,25738.5,25749.9,184.354,4745976.619
2023-09-02 04:31:00,25749.9,25753.7,25749.9,25753.6,45.984,1184173.5049
2023-09-02 04:32:00,25753.6,25762.5,25753.6,25762.5,24.599,633609.039
2023-09-02 04:33:00,25762.5,25767.5,25762.5,25767.4,8.127,209406.74
2023-09-02 04:34:00,25767.4,25767.5,25767.4,25767.5,2.945,75885.1504
2023-09-02 04:35:00,25767.5,25769.7,25767.4,25769.7,7.865,202668.5764
2023-09-02 04:36:00,25769.7,25779.5,25769.7,25774.4,56.205,1448905.2559
2023-09-02 04:37:00,25774.4,25777.9,25773.1,25777.9,14.744,380018.4014
2023-09-02 04:38:00,25777.9,25778.0,25769.6,25769.6,29.87,769978.5336
2023-09-02 04:39:00,25769.6,25769.7,25768.0,25768.0,8.177,210709.1094
2023-09-02 04:40:00,25768.0,25768.1,25762.2,25765.4,13.699,352953.068
2023-09-02 04:41:00,25765.4,25770.0,25765.0,25769.9,3.943,101601.6214
2023-09-02 04:42:00,25769.9,25770.2,25769.9,25770.1,1.643,42340.1174
2023-09-02 04:43:00,25770.1,25770.2,25770.0,25770.1,2.791,71924.3561
2023-09-02 04:44:00,25770.1,25770.1,25770.0,25770.0,2.088,53807.8121
2023-09-02 04:45:00,25770.0,25775.1,25765.2,25771.1,25.968,669207.1457
2023-09-02 04:46:00,25771.1,25771.1,25766.2,25766.3,7.614,196198.948
2023-09-02 04:47:00,25766.3,25772.5,25765.0,25772.5,20.043,516429.1329
2023-09-02 04:48:00,25772.5,25776.7,25772.5,25776.7,4.01,103361.6859
2023-09-02 04:49:00,25776.7,25785.2,25776.6,25785.2,9.416,242741.6356
2023-09-02 04:50:00,25785.2,25800.0,25785.2,25800.0,24.975,644247.4474
2023-09-02 04:51:00,25800.0,25800.0,25785.5,25785.6,133.481,3442364.1452
2023-09-02 04:52:00,25785.6,25785.6,25781.4,25781.4,71.813,1851535.158
2023-09-02 04:53:00,25781.4,25781.4,25780.0,25780.7,5.805,149656.7178
2023-09-02 04:54:00,25780.7,25783.6,25780.7,25783.6,5.299,136617.6495
2023-09-02 04:55:00,25783.6,25783.6,25779.1,25779.8,9.372,241633.1181
2023-09-02 04:56:00,25779.8,25779.9,25777.6,25777.6,54.638,1408505.9583
2023-09-02 04:57:00,25777.6,25784.9,25777.6,25784.9,14.309,368867.5815
2023-09-02 04:58:00,25784.9,25791.0,25784.8,25788.3,8.857,228421.3732
2023-09-02 04:59:00,25788.3,25790.3,25788.2,25790.3,1.625,41906.5507
2023-09-02 05:00:00,25790.3,25793.0,25788.2,25793.0,6.135,158227.2729
2023-09-02 05:01:00,25793.0,25794.0,25793.0,25793.9,2.194,56590.102
2023-09-02 05:02:00,25793.9,25794.0,25787.1,25787.1,16.343,421531.4841
2023-09-02 05:03:00,25787.1,25794.7,25787.0,25794.7,3.276,84480.6837
2023-09-02 05:04:00,25794.7,25796.9,25794.7,25796.9,8.14,209974.0809
2023-09-02 05:05:00,25796.9,25800.0,25796.9,25799.9,66.64,1719308.401
2023-09-02 05:06:00,25799.9,25800.0,25799.9,25800.0,23.287,600804.4425
2023-09-02 05:07:00,25800.0,25809.0,25799.9,25809.0,14.101,363892.9447
2023-09-02 05:08:00,25809.0,25812.9,25808.9,25812.8,29.382,758364.535
2023-09-02 05:09:00,25812.8,25812.9,25812.8,25812.9,1.957,50515.804
2023-09-02 05:10:00,25812.9,25815.0,25812.8,25814.9,20.173,520739.7537
2023-09-02 05:11:00,25814.9,25819.7,25814.9,25819.7,16.697,431092.0787
2023-09-02 05:12:00,25819.7,25819.7,25819.6,25819.6,11.705,302218.5155
2023-09-02 05:13:00,25819.6,25819.7,25814.9,25815.0,67.088,1732126.5644
2023-09-02 05:14:00,25815.0,25815.0,25809.0,25809.0,18.793,485076.9232
2023-09-02 05:15:00,25809.0,25810.1,25807.0,25808.6,17.598,454159.7506
2023-09-02 05:16:00,25808.6,25812.2,25808.5,25812.2,5.691,146886.5748
2023-09-02 05:17:00,25812.2,25812.2,25812.1,25812.1,0.842,21733.8366
2023-09-02 05:18:00,25812.1,25812.9,25812.1,25812.8,7.795,201210.6301
2023-09-02 05:19:00,25812.8,25823.2,25812.8,25823.2,21.151,546060.0733
2023-09-02 05:20:00,25823.2,25824.9,25819.1,25824.7,76.736,1981364.6521
2023-09-02 05:21:00,25824.7,25824.7,25823.9,25824.0,7.394,190945.7187
2023-09-02 05:22:00,25824.0,25824.0,25818.2,25818.2,16.565,427746.7886
2023-09-02 05:23:00,25818.2,25818.3,25814.5,25814.5,7.683,198352.4496
2023-09-02 05:24:00,25814.5,25814.6,25807.2,25807.5,21.776,562015.9902
2023-09-02 05:25:00,25807.5,25807.6,25803.4,25803.5,7.433,191808.7444
2023-09-02 05:26:00,25803.5,25803.5,25796.8,25796.8,39.023,1006748.4291
2023-09-02 05:27:00,25796.8,25796.8,25792.0,25792.1,7.323,188886.9745
2023-09-02 05:28:00,25792.1,25792.1,25792.0,25792.0,9.232,238112.5106
2023-09-02 05:29:00,25792.0,25793.8,25792.0,25793.7,11.873,306240.9955
2023-09-02 05:30:00,25793.7,25800.0,25793.7,25800.0,20.156,519966.5548
2023-09-02 05:31:00,25800.0,25800.0,25796.0,25796.0,20.027,516671.3048
2023-09-02 05:32:00,25796.0,25796.1,25793.7,25793.8,7.63,196817.552
2023-09-02 05:33:00,25793.8,25793.8,25792.0,25792.0,6.628,170949.9225
2023-09-02 05:34:00,25792.0,25792.1,25792.0,25792.1,11.54,297639.9681
2023-09-02 05:35:00,25792.1,25792.1,25790.0,25790.0,38.106,982819.6557
2023-09-02 05:36:00,25790.0,25790.1,25777.5,25784.7,108.272,2791507.5929
2023-09-02 05:37:00,25784.7,25791.6,25784.7,25790.7,5.475,141192.4852
2023-09-02 05:38:00,25790.7,25790.7,25790.6,25790.6,2.924,75411.859
2023-09-02 05:39:00,25790.6,25790.7,25790.6,25790.6,6.925,178599.9776
2023-09-02 05:40:00,25790.6,25790.7,25790.6,25790.6,6.019,155233.681
2023-09-02 05:41:00,25790.6,25790.6,25786.8,25786.8,13.779,355350.5908
2023-09-02 05:42:00,25786.8,25796.0,25786.8,25796.0,30.318,781904.2201
2023-09-02 05:43:00,25796.0,25797.8,25796.0,25797.8,3.209,82784.6425
2023-09-02 05:44:00,25797.8,25797.8,25797.7,25797.8,7.564,195134.5554
2023-09-02 05:45:00,25797.8,25797.8,25797.7,25797.8,4.414,113871.3746
2023-09-02 05:46:00,25797.8,25797.8,25795.9,25795.9,11.839,305418.8988
2023-09-02 05:47:00,25795.9,25796.0,25794.0,25794.0,7.748,199857.4365
2023-09-02 05:48:00,25794.0,25794.1,25791.8,25791.8,13.946,359705.8987
2023-09-02 05:49:00,25791.8,25797.1,25791.7,25797.1,17.472,450693.2751
2023-09-02 05:50:00,25797.1,25799.3,25797.0,25799.2,7.239,186746.5608
2023-09-02 05:51:00,25799.2,25799.3,25799.2,25799.3,4.146,106963.8641
2023-09-02 05:52:00,25799.3,25810.0,25799.2,25809.9,118.71,3062806.2989
2023-09-02 05:53:00,25809.9,25818.1,25809.9,25818.1,28.17,727145.8645
2023-09-02 05:54:00,25818.1,25818.4,25812.4,25813.5,44.636,1152374.5765
2023-09-02 05:55:00,25813.5,25813.5,25804.0,25804.0,22.699,585852.0096
2023-09-02 05:56:00,25804.0,25811.2,25804.0,25811.1,24.313,627511.5284
2023-09-02 05:57:00,25811.1,25811.2,25811.1,25811.2,3.191,82363.4248
2023-09-02 05:58:00,25811.2,25814.2,25811.1,25814.2,7.113,183606.4087
2023-09-02 05:59:00,25814.2,25824.0,25814.2,25821.3,14.981,386823.2034
2023-09-02 06:00:00,25821.3,25824.0,25818.2,25818.4,12.314,317977.1287
2023-09-02 06:01:00,25818.4,25818.4,25812.0,25812.0,24.457,631369.4596
2023-09-02 06:02:00,25812.0,25817.6,25811.3,25817.6,13.431,346680.7366
2023-09-02 06:03:00,25817.6,25817.7,25805.3,25806.8,55.204,1424987.3372
2023-09-02 06:04:00,25806.8,25806.9,25803.6,25803.7,5.995,154702.7064
2023-09-02 06:05:00,25803.7,25805.6,25800.5,25805.6,9.978,257450.6882
2023-09-02 06:06:00,25805.6,25811.9,25805.6,25811.9,6.982,180190.3729
2023-09-02 06:07:00,25811.9,25819.1,25811.8,25819.1,12.345,318695.5057
2023-09-02 06:08:00,25819.1,25823.8,25819.0,25823.8,12.499,322723.1371
2023-09-02 06:09:00,25823.8,25829.0,25823.7,25827.1,74.061,1912788.7639
2023-09-02 06:10:00,25827.1,25828.2,25822.8,25822.9,34.449,889733.6012
2023-09-02 06:11:00,25822.9,25822.9,25814.4,25814.4,13.225,341447.3296
2023-09-02 06:12:00,25814.4,25814.4,25812.3,25812.4,2.676,69074.6172
2023-09-02 06:13:00,25812.4,25812.4,25812.3,25812.3,3.395,87632.8146
2023-09-02 06:14:00,25812.3,25812.4,25812.3,25812.4,4.178,107844.0634
2023-09-02 06:15:00,25812.4,25812.4,25804.1,25805.6,16.954,437538.3108
2023-09-02 06:16:00,25805.6,25805.7,25804.1,25804.1,4.627,119401.1396
2023-09-02 06:17:00,25804.1,25804.1,25798.6,25798.6,8.666,223591.9053
2023-09-02 06:18:00,25798.6,25798.6,25798.1,25798.1,5.014,129351.7375
2023-09-02 06:19:00,25798.1,25798.1,25786.8,25786.8,31.462,811421.5571
2023-09-02 06:20:00,25786.8,25786.9,25768.6,25772.0,49.685,1280486.2876
2023-09-02 06:21:00,25772.0,25774.2,25772.0,25774.1,34.215,881833.9314
2023-09-02 06:22:00,25774.1,25775.0,25774.1,25774.9,3.679,94825.3977
2023-09-02 06:23:00,25774.9,25775.0,25772.3,25772.4,3.204,82578.3764
2023-09-02 06:24:00,25772.4,25772.4,25772.3,25772.3,6.622,170664.5937
2023-09-02 06:25:00,25772.3,25775.0,25772.3,25775.0,14.552,375039.2305
2023-09-02 06:26:00,25775.0,25776.8,25774.9,25776.8,11.934,307618.3863
2023-09-02 06:27:00,25776.8,25779.6,25776.7,25779.6,4.378,112852.4748
2023-09-02 06:28:00,25779.6,25779.6,25779.5,25779.6,0.847,21835.3071
2023-09-02 06:29:00,25779.6,25779.6,25772.2,25776.1,13.143,338796.0354
2023-09-02 06:30:00,25776.1,25776.1,25772.0,25772.0,4.225,108888.2081
2023-09-02 06:31:00,25772.0,25772.1,25762.5,25762.5,24.051,619649.0241
2023-09-02 06:32:00,25762.5,25775.2,25760.0,25775.2,67.008,1726257.6232
2023-09-02 06:33:00,25775.2,25778.2,25772.0,25772.0,14.336,369543.9583
2023-09-02 06:34:00,25772.0,25775.6,25767.9,25773.9,12.575,324088.0539
2023-09-02 06:35:00,25773.9,25778.1,25773.9,25778.0,5.637,145300.5539
2023-09-02 06:36:00,25778.0,25778.2,25778.0,25778.2,1.517,39105.4207
2023-09-02 06:37:00,25778.2,25778.2,25772.9,25772.9,8.309,214181.5869
2023-09-02 06:38:00,25772.9,25776.6,25772.9,25775.6,6.511,167818.6748
2023-09-02 06:39:00,25775.6,25780.0,25775.6,25779.4,10.291,265275.951
2023-09-02 06:40:00,25779.4,25779.4,25770.3,25770.3,8.87,228620.7128
2023-09-02 06:41:00,25770.3,25774.0,25770.3,25773.9,0.855,22035.5031
2023-09-02 06:42:00,25773.9,25784.3,25773.9,25784.3,29.451,759304.396
2023-09-02 06:43:00,25784.3,25785.7,25784.3,25785.6,9.248,238465.8521
2023-09-02 06:44:00,25785.6,25794.9,25785.6,25794.8,12.735,328448.7171
2023-09-02 06:45:00,25794.8,25794.8,25785.6,25792.7,20.088,518068.5331
2023-09-02 06:46:00,25792.7,25798.0,25792.6,25798.0,20.555,530231.3723
2023-09-02 06:47:00,25798.0,25801.0,25797.9,25801.0,7.586,195711.1921
2023-09-02 06:48:00,25801.0,25802.0,25791.3,25794.8,20.97,540979.2629
2023-09-02 06:49:00,25794.8,25794.9,25794.8,25794.8,2.706,69800.9542
2023-09-02 06:50:00,25794.8,25797.3,25794.8,25797.2,1.153,29742.2609
2023-09-02 06:51:00,25797.2,25797.3,25791.1,25791.1,3.905,100734.4022
2023-09-02 06:52:00,25791.1,25791.1,25787.6,25787.7,2.79,71951.9207
2023-09-02 06:53:00,25787.7,25787.7,25784.1,25784.1,4.036,104066.8784
2023-09-02 06:54:00,25784.1,25785.9,25784.1,25785.9,7.563,195006.7888
2023-09-02 06:55:00,25785.9,25785.9,25784.1,25784.1,1.78,45897.5178
2023-09-02 06:56:00,25784.1,25784.2,25784.1,25784.2,11.378,293372.0274
2023-09-02 06:57:00,25784.2,25784.2,25779.9,25781.8,10.536,271645.9956
2023-09-02 06:58:00,25781.8,25787.8,25781.2,25781.2,10.206,263143.5108
2023-09-02 06:59:00,25781.2,25787.1,25780.0,25787.1,5.42,139759.8948
2023-09-02 07:00:00,25787.1,25790.0,25779.5,25779.5,27.271,703101.7464
2023-09-02 07:01:00,25779.5,25779.5,25777.8,25777.9,5.681,146445.3335
2023-09-02 07:02:00,25777.9,25783.6,25777.8,25780.8,19.964,514672.3056
2023-09-02 07:03:00,25780.8,25780.8,25780.2,25780.3,2.007,51741.7193
2023-09-02 07:04:00,25780.3,25780.3,25779.0,25779.0,11.228,289458.6722
2023-09-02 07:05:00,25779.0,25783.2,25779.0,25783.2,16.369,422022.2654
2023-09-02 07:06:00,25783.2,25791.9,25783.2,25791.9,2.61,67308.7855
2023-09-02 07:07:00,25791.9,25791.9,25791.8,25791.9,2.974,76705.0752
2023-09-02 07:08:00,25791.9,25793.4,25791.8,25793.4,9.296,239761.5333
2023-09-02 07:09:00,25793.4,25799.0,25793.4,25799.0,14.585,376265.2407
2023-09-02 07:10:00,25799.0,25799.0,25798.9,25799.0,3.924,101235.1436
2023-09-02 07:11:00,25799.0,25805.0,25799.0,25805.0,16.117,415865.4798
2023-09-02 07:12:00,25805.0,25805.0,25799.4,25799.5,39.18,1010990.4452
2023-09-02 07:13:00,25799.5,25799.5,25795.7,25795.8,8.953,230964.3551
2023-09-02 07:14:00,25795.8,25795.8,25791.3,25791.4,4.226,109009.3759
2023-09-02 07:15:00,25791.4,25791.4,25790.0,25790.0,5.497,141768.2536
2023-09-02 07:16:00,25790.0,25790.1,25769.4,25769.4,46.798,1206338.6215
2023-09-02 07:17:00,25769.4,25769.5,25768.1,25768.1,11.853,305435.5504
2023-09-02 07:18:00,25768.1,25768.2,25768.1,25768.1,3.126,80551.2034
2023-09-02 07:19:00,25768.1,25773.5,25768.1,25768.1,43.003,1108211.3532
2023-09-02 07:20:00,25768.1,25769.9,25768.1,25769.9,9.06,233459.2062
2023-09-02 07:21:00,25769.9,25773.5,25769.9,25773.5,10.686,275383.8789
2023-09-02 07:22:00,25773.5,25773.5,25770.9,25770.9,7.263,187180.8181
2023-09-02 07:23:00,25770.9,25771.0,25770.9,25770.9,2.294,59118.4659
2023-09-02 07:24:00,25770.9,25771.0,25766.3,25766.3,12.069,311006.9678
2023-09-02 07:25:00,25766.3,25766.3,25764.5,25764.5,3.718,95794.9905
2023-09-02 07:26:00,25764.5,25766.1,25764.0,25766.0,52.294,1347310.4455
2023-09-02 07:27:00,25766.0,25769.5,25763.7,25763.7,7.462,192276.5303
2023-09-02 07:28:00,25763.7,25763.8,25761.8,25761.8,15.53,400091.3439
2023-09-02 07:29:00,25761.8,25761.8,25757.8,25757.8,48.433,1247614.0952
2023-09-02 07:30:00,25757.8,25766.8,25755.0,25765.6,10.579,272504.7161
2023-09-02 07:31:00,25765.6,25766.0,25764.8,25766.0,4.875,125604.8801
2023-09-02 07:32:00,25766.0,25767.3,25765.9,25767.2,3.524,90801.5342
2023-09-02 07:33:00,25767.2,25777.3,25767.2,25777.3,24.677,635958.4294
2023-09-02 07:34:00,25777.3,25777.3,25777.2,25777.2,2.964,76403.7894
2023-09-02 07:35:00,25777.2,25777.3,25777.2,25777.3,1.294,33355.8107
2023-09-02 07:36:00,25777.3,25777.3,25773.2,25773.2,48.089,1239574.5604
2023-09-02 07:37:00,25773.2,25773.3,25765.1,25765.1,13.474,347238.8525
2023-09-02 07:38:00,25765.1,25765.1,25755.0,25761.9,51.339,1322462.6256
2023-09-02 07:39:00,25761.9,25762.0,25761.9,25761.9,1.693,43614.9249
2023-09-02 07:40:00,25761.9,25767.8,25761.9,25767.8,6.318,162773.9569
2023-09-02 07:41:00,25767.8,25770.0,25760.7,25763.1,20.996,541008.6186
2023-09-02 07:42:00,25763.1,25764.7,25763.1,25764.6,3.067,79017.2453
2023-09-02 07:43:00,25764.6,25764.7,25764.6,25764.7,3.712,95638.4256
2023-09-02 07:44:00,25764.7,25767.7,25764.6,25767.7,14.437,371990.3206
2023-09-02 07:45:00,25767.7,25767.7,25760.1,25766.5,24.384,628233.1178
2023-09-02 07:46:00,25766.5,25767.7,25766.5,25767.6,5.97,153832.4988
2023-09-02 07:47:00,25767.6,25767.7,25767.6,25767.6,0.79,20356.4465
2023-09-02 07:48:00,25767.6,25767.7,25765.5,25765.5,13.478,347290.4127
2023-09-02 07:49:00,25765.5,25765.6,25765.5,25765.6,4.566,117645.7143
2023-09-02 07:50:00,25765.6,25765.6,25752.3,25752.3,71.624,1844924.8765
2023-09-02 07:51:00,25752.3,25752.4,25752.3,25752.4,3.214,82767.9096
2023-09-02 07:52:00,25752.4,25757.9,25752.3,25757.9,17.116,440810.8195
2023-09-02 07:53:00,25757.9,25757.9,25757.8,25757.9,2.32,59758.2889
2023-09-02 07:54:00,25757.9,25759.7,25757.8,25759.7,7.448,191848.4572
2023-09-02 07:55:00,25759.7,25765.0,25759.6,25765.0,31.423,809468.8609
2023-09-02 07:56:00,25765.0,25770.0,25761.4,25770.0,18.954,488360.4495
2023-09-02 07:57:00,25770.0,25778.2,25769.9,25778.2,13.679,352562.5421
2023-09-02 07:58:00,25778.2,25779.8,25778.2,25779.8,9.201,237185.7526
2023-09-02 07:59:00,25779.8,25780.0,25779.7,25780.0,16.46,424335.4938
2023-09-02 08:00:00,25780.0,25782.0,25779.9,25782.0,7.426,191455.9847
2023-09-02 08:01:00,25782.0,25782.0,25774.1,25774.1,26.278,677415.2767
2023-09-02 08:02:00,25774.1,25774.2,25774.1,25774.2,8.638,222636.7754
2023-09-02 08:03:00,25774.2,25774.2,25770.0,25770.1,20.73,534287.4077
2023-09-02 08:04:00,25770.1,25770.1,25770.0,25770.1,1.326,34171.1264
2023-09-02 08:05:00,25770.1,25770.1,25766.5,25766.5,46.105,1188106.7965
2023-09-02 08:06:00,25766.5,25766.6,25759.9,25760.0,11.386,293340.6885
2023-09-02 08:07:00,25760.0,25763.1,25759.9,25763.1,4.142,106701.5656
2023-09-02 08:08:00,25763.1,25763.3,25759.9,25760.0,14.998,386390.4288
2023-09-02 08:09:00,25760.0,25763.1,25759.9,25763.1,15.351,395442.2893
2023-09-02 08:10:00,25763.1,25763.1,25763.0,25763.0,3.084,79453.1319
2023-09-02 08:11:00,25763.0,25763.3,25763.0,25763.2,0.588,15148.7058
2023-09-02 08:12:00,25763.2,25763.3,25763.2,25763.2,2.738,70539.8102
2023-09-02 08:13:00,25763.2,25769.7,25763.2,25769.7,18.297,471427.8752
2023-09-02 08:14:00,25769.7,25774.0,25769.7,25774.0,2.445,63013.8624
2023-09-02 08:15:00,25774.0,25780.0,25774.0,25780.0,7.413,191085.8391
2023-09-02 08:16:00,25780.0,25780.0,25779.9,25780.0,9.452,243672.4412
2023-09-02 08:17:00,25780.0,25782.8,25780.0,25782.8,2.375,61233.6228
2023-09-02 08:18:00,25782.8,25782.8,25774.7,25774.7,12.091,311689.0766
2023-09-02 08:19:00,25774.7,25774.8,25770.4,25770.5,59.347,1529586.2007
2023-09-02 08:20:00,25770.5,25773.1,25770.4,25773.1,28.432,732732.9031
2023-09-02 08:21:00,25773.1,25773.1,25773.0,25773.0,3.608,92989.0393
2023-09-02 08:22:00,25773.0,25773.0,25761.9,25761.9,40.453,1042427.13
2023-09-02 08:23:00,25761.9,25762.0,25746.4,25746.4,116.535,3001348.5648
2023-09-02 08:24:00,25746.4,25752.3,25745.2,25748.0,44.444,1144344.708
2023-09-02 08:25:00,25748.0,25748.1,25742.5,25743.4,32.089,826162.4638
2023-09-02 08:26:00,25743.4,25750.0,25743.3,25749.9,49.602,1276951.4365
2023-09-02 08:27:00,25749.9,25750.0,25749.9,25749.9,18.668,480700.8883
2023-09-02 08:28:00,25749.9,25750.0,25749.9,25749.9,7.779,200308.8475
2023-09-02 08:29:00,25749.9,25750.0,25749.9,25749.9,1.548,39860.9261
2023-09-02 08:30:00,25749.9,25761.4,25749.9,25761.4,33.065,851642.8107
2023-09-02 08:31:00,25761.4,25761.5,25761.3,25761.4,5.541,142744.2949
2023-09-02 08:32:00,25761.4,25767.0,25761.4,25766.9,9.086,234099.7298
2023-09-02 08:33:00,25766.9,25767.7,25766.9,25767.7,0.324,8348.5201
2023-09-02 08:34:00,25767.7,25769.5,25767.7,25769.5,5.15,132710.6042
2023-09-02 08:35:00,25769.5,25782.5,25769.5,25780.7,88.646,2285259.8137
2023-09-02 08:36:00,25780.7,25780.7,25757.3,25757.4,65.338,1683623.4861
2023-09-02 08:37:00,25757.4,25757.4,25757.3,25757.3,2.462,63414.4953
2023-09-02 08:38:00,25757.3,25757.4,25757.3,25757.3,3.034,78147.8922
2023-09-02 08:39:00,25757.3,25763.3,25757.3,25763.3,10.958,282286.9058
2023-09-02 08:40:00,25763.3,25769.8,25763.2,25769.7,10.629,273876.4901
2023-09-02 08:41:00,25769.7,25769.8,25769.7,25769.8,4.32,111325.4949
2023-09-02 08:42:00,25769.8,25769.8,25758.9,25759.0,25.697,662055.6341
2023-09-02 08:43:00,25759.0,25762.5,25759.0,25762.5,5.271,135793.9637
2023-09-02 08:44:00,25762.5,25766.3,25762.5,25766.3,4.034,103935.4148
2023-09-02 08:45:00,25766.3,25766.6,25766.3,25766.5,0.839,21618.1576
2023-09-02 08:46:00,25766.5,25766.6,25766.5,25766.6,1.004,25869.6444
2023-09-02 08:47:00,25766.6,25766.6,25766.5,25766.6,0.493,12702.8883
2023-09-02 08:48:00,25766.6,25766.6,25766.5,25766.6,0.748,19273.4001
2023-09-02 08:49:00,25766.6,25766.6,25757.2,25757.3,6.645,171184.7944
2023-09-02 08:50:00,25757.3,25758.0,25751.2,25751.2,16.716,430515.3187
2023-09-02 08:51:00,25751.2,25751.3,25751.2,25751.3,0.9,23176.0975
2023-09-02 08:52:00,25751.3,25754.1,25751.1,25754.1,5.315,136868.5547
2023-09-02 08:53:00,25754.1,25755.2,25754.0,25755.2,4.144,106728.5007
2023-09-02 08:54:00,25755.2,25759.1,25755.0,25755.0,11.056,284756.1704
2023-09-02 08:55:00,25755.0,25760.7,25755.0,25760.6,20.329,523611.9431
2023-09-02 08:56:00,25760.6,25761.5,25760.6,25761.4,3.931,101265.5694
2023-09-02 08:57:00,25761.4,25761.5,25761.4,25761.5,0.972,25040.142
2023-09-02 08:58:00,25761.5,25761.5,25761.4,25761.4,1.092,28131.4589
2023-09-02 08:59:00,25761.4,25761.5,25758.8,25758.9,5.023,129394.1392
2023-09-02 09:00:00,25758.9,25758.9,25758.8,25758.9,1.29,33228.8897
2023-09-02 09:01:00,25758.9,25760.8,25758.8,25760.8,7.172,184743.193
2023-09-02 09:02:00,25760.8,25760.8,25760.7,25760.8,1.159,29856.733
2023-09-02 09:03:00,25760.8,25760.8,25760.7,25760.8,0.752,19372.1177
2023-09-02 09:04:00,25760.8,25767.1,25760.7,25767.1,12.458,320962.2356
2023-09-02 09:05:00,25767.1,25769.0,25767.0,25769.0,8.363,215502.4599
2023-09-02 09:06:00,25769.0,25769.0,25768.9,25769.0,1.619,41719.882
2023-09-02 09:07:00,25769.0,25769.0,25768.9,25769.0,10.537,271527.4375
2023-09-02 09:08:00,25769.0,25775.9,25768.9,25775.9,17.555,452439.7622
2023-09-02 09:09:00,25775.9,25779.8,25775.8,25779.8,10.966,282676.5464
2023-09-02 09:10:00,25779.8,25781.2,25779.7,25781.1,24.022,619296.4983
2023-09-02 09:11:00,25781.1,25782.0,25781.0,25781.9,8.754,225687.8164
2023-09-02 09:12:00,25781.9,25782.2,25781.9,25782.1,4.317,111301.1507
2023-09-02 09:13:00,25782.1,25785.7,25782.1,25782.9,31.517,812627.8108
2023-09-02 09:14:00,25782.9,25785.7,25778.2,25785.7,19.709,508138.1443
2023-09-02 09:15:00,25785.7,25785.7,25785.6,25785.7,13.992,360792.9387
2023-09-02 09:16:00,25785.7,25786.2,25785.6,25786.2,4.402,113508.9119
2023-09-02 09:17:00,25786.2,25786.2,25786.1,25786.2,3.529,90999.4342
2023-09-02 09:18:00,25786.2,25788.9,25786.1,25788.9,11.215,289207.1054
2023-09-02 09:19:00,25788.9,25788.9,25788.8,25788.9,1.98,51061.97
2023-09-02 09:20:00,25788.9,25788.9,25788.8,25788.9,1.236,31875.0681
2023-09-02 09:21:00,25788.9,25788.9,25788.8,25788.9,0.985,25402.0564
2023-09-02 09:22:00,25788.9,25794.9,25788.8,25794.9,41.433,1068550.3115
2023-09-02 09:23:00,25794.9,25798.4,25794.8,25798.4,12.448,321110.2483
2023-09-02 09:24:00,25798.4,25799.3,25798.4,25799.3,9.201,237375.554
2023-09-02 09:25:00,25799.3,25799.3,25788.2,25788.2,32.711,843781.552
2023-09-02 09:26:00,25788.2,25788.3,25788.2,25788.2,44.238,1140822.4543
2023-09-02 09:27:00,25788.2,25788.3,25788.2,25788.3,7.682,198105.5327
2023-09-02 09:28:00,25788.3,25791.6,25788.2,25791.5,3.091,79712.9195
2023-09-02 09:29:00,25791.5,25791.6,25788.4,25788.4,3.836,98926.0464
2023-09-02 09:30:00,25788.4,25792.5,25788.4,25792.4,11.362,293035.4992
2023-09-02 09:31:00,25792.4,25792.6,25792.4,25792.6,8.02,206856.3045
2023-09-02 09:32:00,25792.6,25792.7,25790.0,25790.1,6.059,156277.2147
2023-09-02 09:33:00,25790.1,25790.1,25785.2,25785.3,19.352,499032.8772
2023-09-02 09:34:00,25785.3,25785.3,25785.2,25785.3,2.438,62864.3884
2023-09-02 09:35:00,25785.3,25785.3,25785.0,25785.1,14.331,369526.3154
2023-09-02 09:36:00,25785.1,25785.1,25785.0,25785.1,1.35,34809.7532
2023-09-02 09:37:00,25785.1,25785.1,25785.0,25785.1,1.338,34500.3633
2023-09-02 09:38:00,25785.1,25785.1,25781.8,25781.8,8.476,218549.4669
2023-09-02 09:39:00,25781.8,25785.1,25781.0,25785.1,12.098,311906.4332
2023-09-02 09:40:00,25785.1,25792.9,25785.1,25792.9,15.577,401679.2439
2023-09-02 09:41:00,25792.9,25793.8,25792.8,25793.8,9.653,248983.752
2023-09-02 09:42:00,25793.8,25793.8,25793.7,25793.8,4.581,118161.3893
2023-09-02 09:43:00,25793.8,25793.8,25788.5,25789.5,3.769,97212.3029
2023-09-02 09:44:00,25789.5,25793.2,25789.4,25793.2,11.305,291566.4303
2023-09-02 09:45:00,25793.2,25793.2,25793.1,25793.2,1.349,34795.0109
2023-09-02 09:46:00,25793.2,25793.2,25793.1,25793.2,3.161,81532.2319
2023-09-02 09:47:00,25793.2,25793.2,25793.1,25793.2,1.457,37580.6325
2023-09-02 09:48:00,25793.2,25793.2,25779.6,25780.1,81.458,2100473.4997
2023-09-02 09:49:00,25780.1,25780.2,25774.6,25778.0,56.279,1450786.6873
2023-09-02 09:50:00,25778.0,25778.1,25776.0,25776.1,8.045,207377.2254
2023-09-02 09:51:00,25776.1,25782.0,25776.0,25782.0,16.163,416654.7821
2023-09-02 09:52:00,25782.0,25782.5,25782.0,25782.5,2.286,58938.7336
2023-09-02 09:53:00,25782.5,25782.5,25782.4,25782.5,9.057,233511.3724
2023-09-02 09:54:00,25782.5,25782.5,25780.0,25780.0,4.046,104310.1205
2023-09-02 09:55:00,25780.0,25780.1,25772.0,25776.1,31.514,812344.7221
2023-09-02 09:56:00,25776.1,25778.1,25763.0,25763.1,117.819,3036644.8094
2023-09-02 09:57:00,25763.1,25763.9,25760.3,25763.8,21.88,563657.5983
2023-09-02 09:58:00,25763.8,25764.1,25757.2,25757.2,5.589,143966.4739
2023-09-02 09:59:00,25757.2,25757.3,25757.2,25757.2,10.211,263007.4257
2023-09-02 10:00:00,25757.2,25757.3,25757.2,25757.3,4.82,124149.8293
2023-09-02 10:01:00,25757.3,25759.4,25757.2,25757.3,28.118,724272.2968
2023-09-02 10:02:00,25757.3,25757.3,25757.2,25757.2,5.249,135200.011
2023-09-02 10:03:00,25757.2,25757.3,25757.2,25757.3,4.256,109622.8742
2023-09-02 10:04:00,25757.3,25757.3,25757.2,25757.2,0.777,20013.3547
2023-09-02 10:05:00,25757.2,25757.3,25757.2,25757.2,1.306,33639.0081
2023-09-02 10:06:00,25757.2,25757.3,25757.2,25757.2,0.378,9736.2345
2023-09-02 10:07:00,25757.2,25764.9,25757.2,25764.8,63.28,1630042.5274
2023-09-02 10:08:00,25764.8,25764.9,25764.8,25764.8,4.168,107388.0938
2023-09-02 10:09:00,25764.8,25764.9,25761.1,25761.1,8.028,206830.8522
2023-09-02 10:10:00,25761.1,25761.2,25761.1,25761.1,3.874,99798.7434
2023-09-02 10:11:00,25761.1,25761.2,25757.3,25757.3,5.91,152246.8261
2023-09-02 10:12:00,25757.3,25757.3,25757.2,25757.3,4.298,110704.5251
2023-09-02 10:13:00,25757.3,25763.5,25757.2,25763.5,7.454,192028.4565
2023-09-02 10:14:00,25763.5,25763.5,25763.4,25763.5,5.471,140951.5807
2023-09-02 10:15:00,25763.5,25767.9,25763.4,25767.9,27.701,713741.3682
2023-09-02 10:16:00,25767.9,25767.9,25766.0,25766.1,0.754,19427.7719
2023-09-02 10:17:00,25766.1,25766.1,25759.5,25759.6,6.627,170740.6584
2023-09-02 10:18:00,25759.6,25759.6,25759.5,25759.6,3.284,84594.2859
2023-09-02 10:19:00,25759.6,25764.7,25759.5,25764.7,9.709,250124.888
2023-09-02 10:20:00,25764.7,25764.7,25760.2,25760.3,7.445,191788.8124
2023-09-02 10:21:00,25760.3,25760.3,25760.2,25760.2,5.105,131506.1827
2023-09-02 10:22:00,25760.2,25765.5,25757.0,25765.5,16.442,423544.0313
2023-09-02 10:23:00,25765.5,25765.5,25765.4,25765.5,8.534,219881.966
2023-09-02 10:24:00,25765.5,25765.5,25765.4,25765.5,11.233,289423.5087
2023-09-02 10:25:00,25765.5,25765.5,25755.6,25755.7,28.484,733771.8109
2023-09-02 10:26:00,25755.7,25755.7,25755.6,25755.6,15.714,404723.5007
2023-09-02 10:27:00,25755.6,25763.5,25755.6,25763.4,21.277,548068.9991
2023-09-02 10:28:00,25763.4,25763.5,25763.4,25763.5,0.99,25505.8065
2023-09-02 10:29:00,25763.5,25767.0,25763.4,25767.0,5.517,142140.7019
2023-09-02 10:30:00,25767.0,25792.5,25766.9,25783.8,446.8,11518966.5881
2023-09-02 10:31:00,25783.8,25783.9,25780.0,25780.1,11.347,292554.2112
2023-09-02 10:32:00,25780.1,25780.1,25771.3,25771.9,12.917,332971.703
2023-09-02 10:33:00,25771.9,25772.0,25770.0,25770.1,7.468,192457.1518
2023-09-02 10:34:00,25770.1,25772.0,25770.0,25772.0,2.691,69349.4609
2023-09-02 10:35:00,25772.0,25772.0,25771.8,25771.8,8.504,219164.307
2023-09-02 10:36:00,25771.8,25775.8,25771.1,25775.2,9.944,256283.9146
2023-09-02 10:37:00,25775.2,25782.5,25775.1,25782.5,10.865,280072.3642
2023-09-02 10:38:00,25782.5,25793.2,25782.4,25793.2,31.591,814610.8396
2023-09-02 10:39:00,25793.2,25797.2,25793.1,25797.2,12.054,310914.4971
2023-09-02 10:40:00,25797.2,25797.2,25797.1,25797.1,13.685,353034.3051
2023-09-02 10:41:00,25797.1,25797.2,25795.1,25795.1,12.038,310543.1646
2023-09-02 10:42:00,25795.1,25795.2,25793.2,25793.3,2.118,54631.6713
2023-09-02 10:43:00,25793.3,25800.0,25793.2,25800.0,26.121,673815.611
2023-09-02 10:44:00,25800.0,25800.0,25799.9,25800.0,16.158,416875.2976
2023-09-02 10:45:00,25800.0,25803.2,25799.9,25803.2,14.076,363181.7084
2023-09-02 10:46:00,25803.2,25803.2,25803.1,25803.1,10.979,283293.2621
2023-09-02 10:47:00,25803.1,25803.2,25799.3,25799.3,51.0,1315862.4469
2023-09-02 10:48:00,25799.3,25799.4,25799.3,25799.4,10.036,258921.8353
2023-09-02 10:49:00,25799.4,25799.4,25797.6,25797.6,2.457,63387.9686
2023-09-02 10:50:00,25797.6,25797.6,25795.2,25795.2,3.985,102796.8674
2023-09-02 10:51:00,25795.2,25795.3,25793.6,25793.6,10.083,260085.5949
2023-09-02 10:52:00,25793.6,25803.6,25793.6,25803.6,59.593,1537242.3935
2023-09-02 10:53:00,25803.6,25804.9,25803.5,25804.8,4.935,127342.3441
2023-09-02 10:54:00,25804.8,25824.0,25804.8,25824.0,114.018,2943777.8222
2023-09-02 10:55:00,25824.0,25824.0,25813.0,25813.0,44.492,1148856.7877
2023-09-02 10:56:00,25813.0,25813.1,25805.9,25806.0,25.931,669337.5433
2023-09-02 10:57:00,25806.0,25812.9,25805.1,25812.9,44.482,1147942.1383
2023-09-02 10:58:00,25812.9,25825.0,25812.8,25824.7,20.988,541822.0728
2023-09-02 10:59:00,25824.7,25828.0,25820.0,25823.9,98.312,2538645.8529
2023-09-02 11:00:00,25823.9,25838.0,25823.8,25830.2,81.262,2099277.5666
2023-09-02 11:01:00,25830.2,25830.3,25825.0,25825.1,30.168,779181.5336
2023-09-02 11:02:00,25825.1,25825.1,25812.7,25812.7,50.346,1299722.9571
2023-09-02 11:03:00,25812.7,25812.8,25812.7,25812.7,4.623,119332.1547
2023-09-02 11:04:00,25812.7,25817.7,25812.7,25817.7,21.638,558548.6484
2023-09-02 11:05:00,25817.7,25817.7,25817.6,25817.6,8.863,228821.8349
2023-09-02 11:06:00,25817.6,25817.7,25810.0,25810.0,29.838,770247.4535
2023-09-02 11:07:00,25810.0,25810.1,25806.4,25806.5,3.798,98024.8926
2023-09-02 11:08:00,25806.5,25806.5,25801.6,25802.4,7.725,199329.655
2023-09-02 11:09:00,25802.4,25802.5,25802.4,25802.4,3.533,91159.8963
2023-09-02 11:10:00,25802.4,25802.5,25802.4,25802.4,0.722,18629.3606
2023-09-02 11:11:00,25802.4,25802.5,25802.4,25802.4,2.26,58313.5477
2023-09-02 11:12:00,25802.4,25802.5,25802.4,25802.5,3.751,96785.1228
2023-09-02 11:13:00,25802.5,25802.5,25802.4,25802.4,1.786,46083.2082
2023-09-02 11:14:00,25802.4,25802.5,25793.5,25793.6,19.332,498763.2863
2023-09-02 11:15:00,25793.6,25796.9,25791.1,25796.9,9.137,235663.407
2023-09-02 11:16:00,25796.9,25797.0,25794.4,25794.4,3.39,87445.6441
2023-09-02 11:17:00,25794.4,25794.5,25789.6,25789.7,6.253,161275.3896
2023-09-02 11:18:00,25789.7,25789.7,25784.9,25785.0,12.594,324751.9604
2023-09-02 11:19:00,25785.0,25785.0,25784.9,25784.9,38.272,986842.8758
2023-09-02 11:20:00,25784.9,25785.0,25784.9,25784.9,2.42,62399.5953
2023-09-02 11:21:00,25784.9,25787.4,25784.9,25787.4,4.803,123845.9137
2023-09-02 11:22:00,25787.4,25787.4,25787.3,25787.3,1.153,29732.8061
2023-09-02 11:23:00,25787.3,25787.4,25787.3,25787.3,5.903,152222.9953
2023-09-02 11:24:00,25787.3,25787.4,25782.0,25784.0,31.02,799896.2997
2023-09-02 11:25:00,25784.0,25812.0,25784.0,25798.6,34.284,884419.854
2023-09-02 11:26:00,25798.6,25804.3,25797.9,25804.3,14.263,367968.8977
2023-09-02 11:27:00,25804.3,25804.3,25802.9,25804.0,49.043,1265510.0894
2023-09-02 11:28:00,25804.0,25810.0,25803.9,25810.0,34.836,898992.0588
2023-09-02 11:29:00,25810.0,25810.0,25809.3,25809.4,33.475,863983.2896
2023-09-02 11:30:00,25809.4,25819.3,25809.3,25817.0,16.508,426161.4706
2023-09-02 11:31:00,25817.0,25817.1,25817.0,25817.0,1.62,41823.6768
2023-09-02 11:32:00,25817.0,25817.1,25817.0,25817.1,0.599,15464.4199
2023-09-02 11:33:00,25817.1,25817.1,25817.0,25817.1,3.033,78303.1558
2023-09-02 11:34:00,25817.1,25819.4,25817.0,25819.4,24.756,639133.2021
2023-09-02 11:35:00,25819.4,25819.5,25819.4,25819.5,8.379,216341.4275
2023-09-02 11:36:00,25819.5,25819.5,25812.3,25812.3,27.922,720847.1115
2023-09-02 11:37:00,25812.3,25813.0,25812.2,25813.0,6.022,155444.1244
2023-09-02 11:38:00,25813.0,25813.0,25812.9,25813.0,4.536,117087.4011
2023-09-02 11:39:00,25813.0,25813.0,25811.5,25811.5,6.993,180505.0767
2023-09-02 11:40:00,25811.5,25811.6,25811.5,25811.6,1.868,48215.9779
2023-09-02 11:41:00,25811.6,25817.3,25811.5,25817.3,45.356,1170782.3359
2023-09-02 11:42:00,25817.3,25817.3,25817.2,25817.3,10.442,269583.9098
2023-09-02 11:43:00,25817.3,25817.3,25815.1,25815.2,1.8,46467.3661
2023-09-02 11:44:00,25815.2,25815.2,25815.1,25815.1,2.522,65105.6983
2023-09-02 11:45:00,25815.1,25815.2,25812.5,25812.6,48.299,1246823.7368
2023-09-02 11:46:00,25812.6,25812.6,25803.5,25803.5,4.583,118283.0725
2023-09-02 11:47:00,25803.5,25803.6,25800.2,25800.3,4.994,128855.429
2023-09-02 11:48:00,25800.3,25800.3,25798.9,25799.0,45.158,1165067.4154
2023-09-02 11:49:00,25799.0,25799.0,25797.8,25797.8,1.367,35267.0657
2023-09-02 11:50:00,25797.8,25797.8,25794.3,25794.3,29.944,772423.465
2023-09-02 11:51:00,25794.3,25794.4,25792.7,25792.7,22.416,578182.9118
2023-09-02 11:52:00,25792.7,25792.8,25790.0,25790.0,13.336,343948.9247
2023-09-02 11:53:00,25790.0,25790.1,25790.0,25790.1,4.954,127763.86
2023-09-02 11:54:00,25790.1,25790.1,25790.0,25790.1,1.705,43972.064
2023-09-02 11:55:00,25790.1,25790.1,25788.0,25788.0,4.701,121233.6927
2023-09-02 11:56:00,25788.0,25790.5,25786.0,25790.5,36.094,930779.6199
2023-09-02 11:57:00,25790.5,25793.9,25790.4,25793.9,5.724,147632.3886
2023-09-02 11:58:00,25793.9,25793.9,25788.4,25788.4,13.326,343691.4439
2023-09-02 11:59:00,25788.4,25788.4,25785.6,25785.7,11.977,308849.1184
2023-09-02 12:00:00,25785.7,25791.9,25785.6,25791.8,12.024,310085.9506
2023-09-02 12:01:00,25791.8,25793.1,25791.8,25793.1,2.987,77042.5531
2023-09-02 12:02:00,25793.1,25793.2,25793.1,25793.2,6.058,156255.0001
2023-09-02 12:03:00,25793.2,25793.2,25793.1,25793.1,3.715,95821.5247
2023-09-02 12:04:00,25793.1,25793.2,25790.2,25790.3,8.109,209154.1425
2023-09-02 12:05:00,25790.3,25790.3,25785.0,25785.0,9.285,239439.3546
2023-09-02 12:06:00,25785.0,25785.1,25782.0,25782.1,7.485,192981.8838
2023-09-02 12:07:00,25782.1,25787.3,25782.0,25787.3,6.648,171409.0377
2023-09-02 12:08:00,25787.3,25791.9,25787.2,25791.9,9.837,253679.9392
2023-09-02 12:09:00,25791.9,25800.0,25791.8,25800.0,10.422,268854.6469
2023-09-02 12:10:00,25800.0,25800.0,25799.9,25799.9,13.855,357458.8885
2023-09-02 12:11:00,25799.9,25800.0,25796.7,25796.7,17.301,446328.8143
2023-09-02 12:12:00,25796.7,25796.8,25796.7,25796.8,2.604,67174.7237
2023-09-02 12:13:00,25796.8,25796.8,25796.7,25796.8,14.255,367733.2707
2023-09-02 12:14:00,25796.8,25796.8,25795.2,25795.3,3.996,103081.8879
2023-09-02 12:15:00,25795.3,25795.3,25792.0,25792.2,8.563,220873.8057
2023-09-02 12:16:00,25792.2,25792.2,25787.5,25787.5,4.113,106071.4566
2023-09-02 12:17:00,25787.5,25787.6,25787.5,25787.6,0.496,12790.6049
2023-09-02 12:18:00,25787.6,25787.6,25782.3,25782.4,34.044,877769.5735
2023-09-02 12:19:00,25782.4,25782.4,25782.3,25782.4,3.114,80286.1459
2023-09-02 12:20:00,25782.4,25789.3,25782.3,25789.3,7.488,193070.3794
2023-09-02 12:21:00,25789.3,25789.3,25789.2,25789.2,13.563,349779.9331
2023-09-02 12:22:00,25789.2,25789.3,25789.2,25789.3,6.885,177558.84
2023-09-02 12:23:00,25789.3,25789.3,25789.2,25789.2,2.898,74737.1965
2023-09-02 12:24:00,25789.2,25789.3,25789.2,25789.2,8.863,228570.1605
2023-09-02 12:25:00,25789.2,25789.3,25789.2,25789.3,2.396,61791.0699
2023-09-02 12:26:00,25789.3,25789.3,25786.0,25786.1,24.392,629039.8932
2023-09-02 12:27:00,25786.1,25789.9,25786.0,25789.9,5.939,153143.9364
2023-09-02 12:28:00,25789.9,25791.8,25783.5,25788.4,45.482,1172946.4655
2023-09-02 12:29:00,25788.4,25788.5,25788.4,25788.4,8.402,216674.7743
2023-09-02 12:30:00,25788.4,25823.8,25788.4,25823.7,124.754,3219434.7809
2023-09-02 12:31:00,25823.7,25823.8,25794.4,25794.4,62.982,1625487.2154
2023-09-02 12:32:00,25794.4,25794.5,25766.8,25767.4,84.263,2172374.3364
2023-09-02 12:33:00,25767.4,25771.6,25766.6,25771.5,32.191,829539.7255
2023-09-02 12:34:00,25771.5,25772.0,25770.0,25771.9,5.64,145349.1664
2023-09-02 12:35:00,25771.9,25784.1,25771.9,25784.0,27.662,713080.8574
2023-09-02 12:36:00,25784.0,25784.1,25784.0,25784.0,10.068,259593.3995
2023-09-02 12:37:00,25784.0,25784.1,25780.6,25784.1,14.426,371949.1579
2023-09-02 12:38:00,25784.1,25784.1,25784.0,25784.1,2.856,73639.2615
2023-09-02 12:39:00,25784.1,25784.1,25780.5,25780.5,8.45,217871.7366
2023-09-02 12:40:00,25780.5,25780.6,25778.3,25780.5,4.483,115568.3811
2023-09-02 12:41:00,25780.5,25780.6,25779.7,25779.7,1.188,30626.9386
2023-09-02 12:42:00,25779.7,25779.8,25778.5,25778.5,2.911,75041.7452
2023-09-02 12:43:00,25778.5,25778.6,25778.5,25778.5,2.339,60295.9236
2023-09-02 12:44:00,25778.5,25778.6,25778.5,25778.6,0.792,20416.5962
2023-09-02 12:45:00,25778.6,25778.6,25778.5,25778.5,1.685,43436.861
2023-09-02 12:46:00,25778.5,25778.5,25778.4,25778.5,16.284,419776.6176
2023-09-02 12:47:00,25778.5,25778.5,25772.7,25772.8,39.308,1013264.9275
2023-09-02 12:48:00,25772.8,25772.8,25772.7,25772.7,3.384,87214.8989
2023-09-02 12:49:00,25772.7,25779.4,25772.7,25779.3,19.634,506032.1354
2023-09-02 12:50:00,25779.3,25783.7,25779.3,25783.7,39.949,1029884.1116
2023-09-02 12:51:00,25783.7,25783.7,25783.6,25783.6,1.277,32925.6876
2023-09-02 12:52:00,25783.6,25783.7,25782.2,25782.2,1.747,45042.3892
2023-09-02 12:53:00,25782.2,25782.3,25782.2,25782.2,2.389,61593.9136
2023-09-02 12:54:00,25782.2,25782.3,25782.2,25782.2,0.728,18769.5022
2023-09-02 12:55:00,25782.2,25782.3,25782.2,25782.2,2.651,68348.7843
2023-09-02 12:56:00,25782.2,25782.3,25782.2,25782.3,20.251,522116.2938
2023-09-02 12:57:00,25782.3,25782.4,25782.2,25782.4,5.449,140487.7697
2023-09-02 12:58:00,25782.4,25782.4,25782.3,25782.3,3.865,99648.7074
2023-09-02 12:59:00,25782.3,25782.3,25780.7,25780.7,11.231,289549.0006
2023-09-02 13:00:00,25780.7,25782.4,25780.7,25782.4,7.252,186963.4587
2023-09-02 13:01:00,25782.4,25782.4,25782.3,25782.3,6.57,169389.8152
2023-09-02 13:02:00,25782.3,25782.4,25782.3,25782.4,3.711,95678.3056
2023-09-02 13:03:00,25782.4,25782.4,25782.3,25782.3,1.116,28773.1348
2023-09-02 13:04:00,25782.3,25782.4,25782.3,25782.3,4.817,124193.3943
2023-09-02 13:05:00,25782.3,25785.5,25782.3,25785.5,15.824,407988.9745
2023-09-02 13:06:00,25785.5,25785.5,25785.4,25785.5,1.049,27048.9742
2023-09-02 13:07:00,25785.5,25785.5,25785.4,25785.4,1.563,40302.6986
2023-09-02 13:08:00,25785.4,25785.5,25785.4,25785.4,1.652,42597.5645
2023-09-02 13:09:00,25785.4,25785.5,25785.4,25785.5,2.759,71142.0632
2023-09-02 13:10:00,25785.5,25785.5,25785.4,25785.5,6.75,174051.9497
2023-09-02 13:11:00,25785.5,25785.5,25785.4,25785.5,1.995,51442.0527
2023-09-02 13:12:00,25785.5,25785.5,25785.4,25785.5,3.563,91873.5408
2023-09-02 13:13:00,25785.5,25785.5,25785.4,25785.5,0.936,24135.2261
2023-09-02 13:14:00,25785.5,25789.0,25785.4,25789.0,13.547,349317.144
2023-09-02 13:15:00,25789.0,25793.5,25788.9,25793.5,16.071,414506.5143
2023-09-02 13:16:00,25793.5,25793.5,25793.4,25793.5,4.306,111066.756
2023-09-02 13:17:00,25793.5,25794.8,25793.4,25794.8,11.006,283884.6544
2023-09-02 13:18:00,25794.8,25796.0,25794.8,25796.0,6.223,160527.4912
2023-09-02 13:19:00,25796.0,25796.0,25795.9,25796.0,3.73,96218.8057
2023-09-02 13:20:00,25796.0,25796.0,25795.9,25796.0,2.164,55822.3906
2023-09-02 13:21:00,25796.0,25796.0,25790.3,25794.0,56.512,1457627.864
2023-09-02 13:22:00,25794.0,25794.0,25792.5,25792.5,2.644,68196.8948
2023-09-02 13:23:00,25792.5,25792.5,25792.3,25792.3,14.775,381082.5232
2023-09-02 13:24:00,25792.3,25792.4,25787.9,25787.9,37.78,974318.9316
2023-09-02 13:25:00,25787.9,25788.0,25787.9,25787.9,2.686,69266.4892
2023-09-02 13:26:00,25787.9,25788.0,25784.0,25784.0,11.411,294244.7893
2023-09-02 13:27:00,25784.0,25784.1,25784.0,25784.0,2.587,66703.2624
2023-09-02 13:28:00,25784.0,25784.1,25780.3,25780.3,12.872,331885.2459
2023-09-02 13:29:00,25780.3,25780.4,25780.3,25780.4,1.499,38644.7221
2023-09-02 13:30:00,25780.4,25780.4,25780.3,25780.3,4.795,123616.6276
2023-09-02 13:31:00,25780.3,25780.4,25780.1,25780.2,5.946,153289.9707
2023-09-02 13:32:00,25780.2,25780.2,25780.1,25780.2,4.304,110957.8496
2023-09-02 13:33:00,25780.2,25780.2,25770.2,25770.3,34.791,896725.6722
2023-09-02 13:34:00,25770.3,25770.3,25769.5,25769.6,64.278,1656430.4773
2023-09-02 13:35:00,25769.6,25771.0,25763.9,25771.0,147.439,3799104.0959
2023-09-02 13:36:00,25771.0,25771.0,25770.9,25771.0,8.03,206940.4888
2023-09-02 13:37:00,25771.0,25771.0,25770.9,25770.9,5.298,136534.6104
2023-09-02 13:38:00,25770.9,25772.0,25770.9,25772.0,7.432,191535.9462
2023-09-02 13:39:00,25772.0,25772.0,25770.0,25770.0,9.447,243461.4268
2023-09-02 13:40:00,25770.0,25770.1,25768.5,25768.5,18.374,473492.1631
2023-09-02 13:41:00,25768.5,25776.1,25768.5,25776.1,10.549,271865.7334
2023-09-02 13:42:00,25776.1,25781.0,25776.1,25781.0,8.025,206876.8325
2023-09-02 13:43:00,25781.0,25781.0,25780.9,25780.9,12.822,330563.4438
2023-09-02 13:44:00,25780.9,25781.0,25777.4,25777.4,15.698,404656.2397
2023-09-02 13:45:00,25777.4,25777.5,25771.0,25771.0,17.235,444240.8988
2023-09-02 13:46:00,25771.0,25771.0,25763.9,25767.0,22.432,577965.9184
2023-09-02 13:47:00,25767.0,25769.0,25767.0,25768.9,4.315,111193.0523
2023-09-02 13:48:00,25768.9,25769.0,25768.9,25768.9,3.18,81945.1662
2023-09-02 13:49:00,25768.9,25769.0,25763.2,25763.2,11.107,286177.7488
2023-09-02 13:50:00,25763.2,25767.3,25763.2,25763.4,11.863,305659.5797
2023-09-02 13:51:00,25763.4,25770.0,25763.4,25769.9,10.753,277084.3013
2023-09-02 13:52:00,25769.9,25769.9,25765.9,25765.9,18.377,473530.7882
2023-09-02 13:53:00,25765.9,25766.0,25762.9,25762.9,6.162,158757.2476
2023-09-02 13:54:00,25762.9,25763.0,25762.9,25762.9,6.414,165243.3461
2023-09-02 13:55:00,25762.9,25770.0,25762.9,25770.0,20.477,527639.7284
2023-09-02 13:56:00,25770.0,25770.0,25764.0,25764.1,75.105,1935267.1777
2023-09-02 13:57:00,25764.1,25764.1,25764.0,25764.1,11.122,286547.4839
2023-09-02 13:58:00,25764.1,25764.1,25764.0,25764.0,3.348,86257.8971
2023-09-02 13:59:00,25764.0,25764.1,25764.0,25764.1,2.48,63894.9213
2023-09-02 14:00:00,25764.1,25775.5,25764.0,25770.1,66.919,1724565.4078
2023-09-02 14:01:00,25770.1,25770.1,25770.0,25770.1,1.051,27084.3391
2023-09-02 14:02:00,25770.1,25770.1,25770.0,25770.0,3.098,79835.6383
2023-09-02 14:03:00,25770.0,25774.7,25770.0,25773.2,21.586,556306.2454
2023-09-02 14:04:00,25773.2,25773.2,25764.1,25764.1,8.202,211376.4677
2023-09-02 14:05:00,25764.1,25775.2,25764.0,25775.1,46.148,1189152.3933
2023-09-02 14:06:00,25775.1,25775.2,25772.2,25772.3,6.31,162639.4878
2023-09-02 14:07:00,25772.3,25772.3,25768.4,25768.4,10.114,260643.16
2023-09-02 14:08:00,25768.4,25768.5,25768.4,25768.4,3.237,83412.3525
2023-09-02 14:09:00,25768.4,25768.5,25768.4,25768.4,3.291,84803.9923
2023-09-02 14:10:00,25768.4,25774.7,25768.4,25774.6,9.134,235406.1835
2023-09-02 14:11:00,25774.6,25779.0,25772.9,25778.9,56.069,1445131.9086
2023-09-02 14:12:00,25778.9,25779.0,25778.9,25778.9,6.407,165165.6973
2023-09-02 14:13:00,25778.9,25779.0,25773.6,25773.6,11.484,296033.3252
2023-09-02 14:14:00,25773.6,25773.7,25773.6,25773.7,4.338,111806.1667
2023-09-02 14:15:00,25773.7,25773.7,25773.6,25773.6,2.24,57732.9807
2023-09-02 14:16:00,25773.6,25773.7,25766.0,25771.9,19.41,500156.7944
2023-09-02 14:17:00,25771.9,25779.0,25771.9,25779.0,7.144,184142.5162
2023-09-02 14:18:00,25779.0,25785.0,25779.0,25784.0,30.426,784488.2128
2023-09-02 14:19:00,25784.0,25784.1,25781.4,25782.2,29.207,753038.3215
2023-09-02 14:20:00,25782.2,25790.6,25782.1,25790.5,16.929,436573.8537
2023-09-02 14:21:00,25790.5,25791.8,25784.1,25784.2,21.047,542816.517
2023-09-02 14:22:00,25784.2,25784.2,25784.1,25784.1,9.997,257764.1585
2023-09-02 14:23:00,25784.1,25787.8,25784.1,25787.8,3.316,85507.0047
2023-09-02 14:24:00,25787.8,25787.8,25786.1,25786.2,20.253,522265.6705
2023-09-02 14:25:00,25786.2,25786.2,25781.8,25781.8,10.755,277316.1576
2023-09-02 14:26:00,25781.8,25781.9,25780.6,25780.6,9.844,253795.6032
2023-09-02 14:27:00,25780.6,25780.6,25771.6,25771.7,51.833,1336209.2498
2023-09-02 14:28:00,25771.7,25771.7,25767.8,25767.8,16.831,433730.0506
2023-09-02 14:29:00,25767.8,25767.9,25765.9,25766.0,14.634,377063.6813
2023-09-02 14:30:00,25766.0,25766.0,25765.9,25765.9,12.515,322461.0526
2023-09-02 14:31:00,25765.9,25766.0,25765.9,25765.9,36.739,946614.6652
2023-09-02 14:32:00,25765.9,25766.0,25765.9,25766.0,15.234,392519.0224
2023-09-02 14:33:00,25766.0,25766.0,25765.9,25765.9,2.719,70057.5826
2023-09-02 14:34:00,25765.9,25766.0,25765.9,25766.0,5.232,134807.4375
2023-09-02 14:35:00,25766.0,25766.0,25765.9,25765.9,8.178,210713.9229
2023-09-02 14:36:00,25765.9,25766.0,25765.9,25766.0,2.442,62920.4352
2023-09-02 14:37:00,25766.0,25766.0,25765.9,25765.9,13.828,356291.5212
2023-09-02 14:38:00,25765.9,25766.0,25765.9,25765.9,3.056,78740.853
2023-09-02 14:39:00,25765.9,25768.3,25765.9,25768.3,6.748,173881.055
2023-09-02 14:40:00,25768.3,25772.9,25768.2,25772.9,23.769,612512.7804
2023-09-02 14:41:00,25772.9,25779.0,25772.8,25779.0,30.865,795624.0137
2023-09-02 14:42:00,25779.0,25782.0,25778.9,25782.0,6.286,162064.5034
2023-09-02 14:43:00,25782.0,25782.0,25781.9,25781.9,6.023,155284.7569
2023-09-02 14:44:00,25781.9,25782.0,25781.9,25782.0,8.706,224457.4959
2023-09-02 14:45:00,25782.0,25782.0,25781.9,25782.0,4.246,109470.1049
2023-09-02 14:46:00,25782.0,25782.0,25781.9,25782.0,3.566,91938.3927
2023-09-02 14:47:00,25782.0,25783.9,25781.9,25783.8,3.973,102433.3236
2023-09-02 14:48:00,25783.8,25791.1,25783.8,25791.1,41.674,1074669.0899
2023-09-02 14:49:00,25791.1,25791.1,25791.0,25791.1,3.749,96690.5408
2023-09-02 14:50:00,25791.1,25796.4,25791.0,25796.3,26.171,675019.8441
2023-09-02 14:51:00,25796.3,25802.9,25795.3,25801.6,83.826,2162639.0538
2023-09-02 14:52:00,25801.6,25806.0,25801.6,25805.9,48.51,1251757.9186
2023-09-02 14:53:00,25805.9,25806.6,25800.0,25806.6,77.894,2009749.5809
2023-09-02 14:54:00,25806.6,25806.6,25801.2,25801.2,12.896,332756.7923
2023-09-02 14:55:00,25801.2,25801.2,25792.5,25793.2,64.892,1673968.2041
2023-09-02 14:56:00,25793.2,25796.2,25793.2,25794.6,58.643,1512719.2132
2023-09-02 14:57:00,25794.6,25794.6,25793.2,25793.2,4.119,106243.9755
2023-09-02 14:58:00,25793.2,25793.2,25787.9,25790.5,11.051,285012.267
2023-09-02 14:59:00,25790.5,25791.8,25790.5,25791.7,3.69,95167.9676
2023-09-02 15:00:00,25791.7,25796.3,25791.7,25796.2,12.003,309618.0942
2023-09-02 15:01:00,25796.2,25796.4,25796.2,25796.4,3.163,81593.9449
2023-09-02 15:02:00,25796.4,25796.4,25788.5,25788.6,8.847,228186.0324
2023-09-02 15:03:00,25788.6,25788.6,25788.5,25788.6,4.578,118059.9178
2023-09-02 15:04:00,25788.6,25788.6,25787.9,25788.0,9.651,248883.8231
2023-09-02 15:05:00,25788.0,25788.0,25787.5,25787.6,2.037,52529.3443
2023-09-02 15:06:00,25787.6,25793.7,25786.2,25793.7,39.95,1030174.366
2023-09-02 15:07:00,25793.7,25793.8,25789.6,25789.6,2.633,67911.9062
2023-09-02 15:08:00,25789.6,25789.7,25789.6,25789.6,2.478,63906.671
2023-09-02 15:09:00,25789.6,25798.2,25789.6,25795.0,35.431,913996.0371
2023-09-02 15:10:00,25795.0,25797.0,25793.3,25796.9,2.184,56334.6861
2023-09-02 15:11:00,25796.9,25797.0,25796.9,25797.0,7.385,190510.7762
2023-09-02 15:12:00,25797.0,25800.0,25796.9,25800.0,6.526,168364.0435
2023-09-02 15:13:00,25800.0,25805.7,25799.9,25805.7,7.063,182257.5437
2023-09-02 15:14:00,25805.7,25805.7,25805.6,25805.7,7.943,204974.4314
2023-09-02 15:15:00,25805.7,25809.0,25805.6,25808.9,9.96,257041.0827
2023-09-02 15:16:00,25808.9,25809.0,25805.5,25805.5,25.936,669343.007
2023-09-02 15:17:00,25805.5,25811.6,25805.5,25811.5,15.57,401854.2016
2023-09-02 15:18:00,25811.5,25811.6,25797.1,25800.0,45.545,1175300.2071
2023-09-02 15:19:00,25800.0,25800.1,25800.0,25800.0,20.095,518451.4784
2023-09-02 15:20:00,25800.0,25803.9,25800.0,25803.9,6.113,157732.4887
2023-09-02 15:21:00,25803.9,25803.9,25794.7,25794.7,49.742,1283456.7777
2023-09-02 15:22:00,25794.7,25800.8,25794.7,25798.5,6.724,173456.2682
2023-09-02 15:23:00,25798.5,25808.2,25794.4,25808.2,9.897,255340.1443
2023-09-02 15:24:00,25808.2,25813.0,25808.2,25813.0,3.298,85124.5972
2023-09-02 15:25:00,25813.0,25813.0,25800.9,25801.0,17.718,457225.4156
2023-09-02 15:26:00,25801.0,25801.0,25800.7,25800.7,3.43,88497.0061
2023-09-02 15:27:00,25800.7,25800.8,25800.7,25800.7,2.356,60786.4941
2023-09-02 15:28:00,25800.7,25800.8,25800.7,25800.7,2.172,56039.2413
2023-09-02 15:29:00,25800.7,25800.8,25800.7,25800.7,6.186,159603.1587
2023-09-02 15:30:00,25800.7,25801.0,25800.7,25801.0,21.728,560601.2865
2023-09-02 15:31:00,25801.0,25801.0,25800.9,25801.0,10.034,258886.4205
2023-09-02 15:32:00,25801.0,25801.0,25800.9,25800.9,5.273,136048.5284
2023-09-02 15:33:00,25800.9,25810.0,25800.9,25809.9,32.964,850642.0011
2023-09-02 15:34:00,25809.9,25810.0,25808.0,25808.0,23.071,595441.6808
2023-09-02 15:35:00,25808.0,25808.1,25806.9,25806.9,4.582,118248.7333
2023-09-02 15:36:00,25806.9,25807.0,25804.0,25804.0,10.438,269366.5004
2023-09-02 15:37:00,25804.0,25804.1,25801.5,25801.5,4.163,107421.0606
2023-09-02 15:38:00,25801.5,25801.5,25799.9,25800.0,3.935,101524.045
2023-09-02 15:39:00,25800.0,25800.0,25799.9,25800.0,11.321,292080.8824
2023-09-02 15:40:00,25800.0,25809.2,25799.9,25809.2,6.082,156938.056
2023-09-02 15:41:00,25809.2,25811.0,25809.1,25811.0,4.671,120555.2353
2023-09-02 15:42:00,25811.0,25821.0,25811.0,25817.6,73.292,1892260.8191
2023-09-02 15:43:00,25817.6,25828.0,25817.0,25827.9,74.222,1916623.6549
2023-09-02 15:44:00,25827.9,25828.0,25824.9,25825.0,16.575,428070.1368
2023-09-02 15:45:00,25825.0,25825.0,25816.7,25816.7,13.066,337372.3081
2023-09-02 15:46:00,25816.7,25828.7,25816.7,25828.7,71.736,1852360.5479
2023-09-02 15:47:00,25828.7,25828.7,25823.0,25823.0,22.761,587838.4438
2023-09-02 15:48:00,25823.0,25823.1,25821.3,25821.3,4.851,125264.0611
2023-09-02 15:49:00,25821.3,25821.4,25821.2,25821.2,16.189,418021.2466
2023-09-02 15:50:00,25821.2,25821.3,25815.0,25815.0,16.179,417714.8268
2023-09-02 15:51:00,25815.0,25815.1,25814.0,25814.1,6.404,165314.9776
2023-09-02 15:52:00,25814.1,25819.3,25814.1,25819.2,12.593,325121.3769
2023-09-02 15:53:00,25819.2,25819.3,25818.5,25818.6,8.191,211482.1405
2023-09-02 15:54:00,25818.6,25818.6,25818.5,25818.5,3.033,78307.6664
2023-09-02 15:55:00,25818.5,25818.6,25815.4,25815.4,11.431,295111.768
2023-09-02 15:56:00,25815.4,25815.5,25813.8,25813.8,13.378,345346.7257
2023-09-02 15:57:00,25813.8,25813.9,25804.5,25811.1,27.599,712328.4433
2023-09-02 15:58:00,25811.1,25811.2,25811.1,25811.1,0.825,21294.1934
2023-09-02 15:59:00,25811.1,25811.1,25809.3,25809.3,7.629,196900.9575
2023-09-02 16:00:00,25809.3,25809.4,25809.3,25809.4,2.335,60264.8916
2023-09-02 16:01:00,25809.4,25810.7,25809.3,25810.7,6.989,180383.0292
2023-09-02 16:02:00,25810.7,25818.4,25810.7,25817.2,16.382,422906.8399
2023-09-02 16:03:00,25817.2,25817.3,25810.9,25811.0,7.549,194872.988
2023-09-02 16:04:00,25811.0,25818.3,25810.9,25818.3,9.812,253281.3536
2023-09-02 16:05:00,25818.3,25818.6,25818.2,25818.6,7.857,202854.1246
2023-09-02 16:06:00,25818.6,25818.6,25818.5,25818.6,6.003,154988.9511
2023-09-02 16:07:00,25818.6,25818.6,25818.5,25818.6,7.482,193174.2643
2023-09-02 16:08:00,25818.6,25818.6,25818.5,25818.5,2.196,56697.5366
2023-09-02 16:09:00,25818.5,25824.9,25818.5,25824.9,28.465,734970.4633
2023-09-02 16:10:00,25824.9,25825.8,25824.8,25825.8,48.457,1251398.7925
2023-09-02 16:11:00,25825.8,25828.6,25825.7,25828.6,11.668,301345.5715
2023-09-02 16:12:00,25828.6,25828.6,25828.5,25828.5,7.994,206473.6505
2023-09-02 16:13:00,25828.5,25830.0,25828.5,25830.0,51.636,1333750.1399
2023-09-02 16:14:00,25830.0,25830.0,25826.0,25826.1,17.794,459606.4408
2023-09-02 16:15:00,25826.1,25829.3,25825.9,25829.2,78.772,2034437.915
2023-09-02 16:16:00,25829.2,25846.5,25829.2,25837.6,93.337,2411802.1024
2023-09-02 16:17:00,25837.6,25838.0,25837.6,25838.0,26.216,677367.0403
2023-09-02 16:18:00,25838.0,25838.0,25837.8,25837.8,19.802,511642.671
2023-09-02 16:19:00,25837.8,25837.9,25828.9,25829.0,27.99,723138.5583
2023-09-02 16:20:00,25829.0,25829.0,25828.9,25828.9,13.466,347812.4283
2023-09-02 16:21:00,25828.9,25829.0,25828.9,25828.9,7.296,188447.712
2023-09-02 16:22:00,25828.9,25829.0,25810.9,25811.0,92.718,2393616.7692
2023-09-02 16:23:00,25811.0,25812.9,25806.0,25812.9,82.537,2130136.7505
2023-09-02 16:24:00,25812.9,25815.1,25812.8,25813.2,6.618,170833.6647
2023-09-02 16:25:00,25813.2,25813.2,25813.1,25813.1,14.39,371450.6931
2023-09-02 16:26:00,25813.1,25821.6,25813.1,25821.5,15.341,396049.6599
2023-09-02 16:27:00,25821.5,25821.6,25821.5,25821.5,7.257,187387.0483
2023-09-02 16:28:00,25821.5,25821.6,25817.4,25817.5,14.431,372591.5059
2023-09-02 16:29:00,25817.5,25817.5,25815.0,25815.9,33.183,856665.989
2023-09-02 16:30:00,25815.9,25824.4,25815.9,25824.0,30.518,788069.2744
2023-09-02 16:31:00,25824.0,25824.1,25824.0,25824.1,6.063,156571.0604
2023-09-02 16:32:00,25824.1,25824.1,25823.4,25823.4,27.995,722933.3103
2023-09-02 16:33:00,25823.4,25823.5,25823.4,25823.4,16.147,416971.2171
2023-09-02 16:34:00,25823.4,25829.9,25823.4,25829.9,32.677,843904.1701
2023-09-02 16:35:00,25829.9,25831.6,25829.9,25831.5,3.943,101849.5442
2023-09-02 16:36:00,25831.5,25835.0,25827.0,25827.1,33.452,864127.1414
2023-09-02 16:37:00,25827.1,25834.0,25827.0,25834.0,10.217,263893.3162
2023-09-02 16:38:00,25834.0,25834.5,25833.9,25833.9,25.52,659293.2168
2023-09-02 16:39:00,25833.9,25834.0,25833.9,25834.0,11.171,288591.4888
2023-09-02 16:40:00,25834.0,25842.9,25833.9,25842.9,139.455,3603389.5881
2023-09-02 16:41:00,25842.9,25842.9,25834.9,25840.1,159.526,4122374.479
2023-09-02 16:42:00,25840.1,25840.1,25832.2,25832.2,28.256,729967.3542
2023-09-02 16:43:00,25832.2,25836.3,25832.2,25836.3,3.705,95720.3314
2023-09-02 16:44:00,25836.3,25837.5,25832.5,25837.4,12.603,325598.3239
2023-09-02 16:45:00,25837.4,25837.5,25832.4,25832.5,8.636,223112.4492
2023-09-02 16:46:00,25832.5,25832.5,25831.5,25831.6,8.825,227966.498
2023-09-02 16:47:00,25831.6,25836.9,25831.5,25836.8,11.514,297449.6186
2023-09-02 16:48:00,25836.8,25836.9,25836.8,25836.8,11.073,286090.9873
2023-09-02 16:49:00,25836.8,25840.3,25836.8,25840.2,7.277,188036.8659
2023-09-02 16:50:00,25840.2,25840.3,25840.2,25840.3,6.112,157935.6028
2023-09-02 16:51:00,25840.3,25840.3,25840.2,25840.3,17.504,452308.3389
2023-09-02 16:52:00,25840.3,25845.0,25840.2,25845.0,125.787,3250452.6981
2023-09-02 16:53:00,25845.0,25845.0,25840.2,25840.3,39.692,1025781.2783
2023-09-02 16:54:00,25840.3,25840.3,25839.7,25839.8,13.589,351141.3893
2023-09-02 16:55:00,25839.8,25839.8,25832.4,25832.4,19.797,511486.7917
2023-09-02 16:56:00,25832.4,25832.4,25828.1,25828.7,66.349,1713723.2806
2023-09-02 16:57:00,25828.7,25828.8,25804.3,25804.3,219.341,5663212.7099
2023-09-02 16:58:00,25804.3,25809.3,25800.9,25808.8,108.422,2797658.7353
2023-09-02 16:59:00,25808.8,25813.6,25804.4,25812.6,153.168,3952730.5722
2023-09-02 17:00:00,25812.6,25820.0,25812.4,25820.0,11.89,306964.1515
2023-09-02 17:01:00,25820.0,25820.0,25818.4,25818.4,7.617,196670.2365
2023-09-02 17:02:00,25818.4,25818.5,25810.9,25817.1,38.864,1003239.4213
2023-09-02 17:03:00,25817.1,25817.2,25817.1,25817.1,2.184,56384.6047
2023-09-02 17:04:00,25817.1,25823.2,25817.1,25822.9,33.154,856013.1089
2023-09-02 17:05:00,25822.9,25827.7,25822.9,25827.7,7.368,190284.4014
2023-09-02 17:06:00,25827.7,25837.8,25827.6,25829.6,11.557,298555.7295
2023-09-02 17:07:00,25829.6,25829.6,25821.3,25821.3,5.163,133336.7605
2023-09-02 17:08:00,25821.3,25821.4,25819.5,25819.6,2.151,55539.0552
2023-09-02 17:09:00,25819.6,25819.6,25819.5,25819.6,6.982,180271.963
2023-09-02 17:10:00,25819.6,25821.0,25816.1,25816.1,7.685,198420.3973
2023-09-02 17:11:00,25816.1,25816.2,25803.3,25806.0,33.059,853228.1911
2023-09-02 17:12:00,25806.0,25807.2,25773.0,25780.0,317.247,8181038.8949
2023-09-02 17:13:00,25780.0,25795.4,25780.0,25795.3,60.127,1550701.2208
2023-09-02 17:14:00,25795.3,25795.4,25795.3,25795.3,3.465,89380.788
2023-09-02 17:15:00,25795.3,25795.5,25795.3,25795.4,29.061,749640.2444
2023-09-02 17:16:00,25795.4,25795.5,25794.9,25794.9,35.161,906993.898
2023-09-02 17:17:00,25794.9,25795.0,25791.9,25793.3,28.181,726847.5901
2023-09-02 17:18:00,25793.3,25797.7,25789.3,25789.4,77.729,2005160.6308
2023-09-02 17:19:00,25789.4,25790.0,25789.3,25789.9,35.836,924190.9107
2023-09-02 17:20:00,25789.9,25815.9,25789.9,25815.6,299.562,7730067.8324
2023-09-02 17:21:00,25815.6,25815.7,25815.5,25815.6,7.983,206085.8428
2023-09-02 17:22:00,25815.6,25815.6,25806.3,25806.4,22.527,581471.4377
2023-09-02 17:23:00,25806.4,25806.5,25806.3,25806.5,36.542,943015.3653
2023-09-02 17:24:00,25806.5,25806.5,25806.4,25806.5,1.239,31974.1948
2023-09-02 17:25:00,25806.5,25811.9,25806.4,25807.2,9.261,239019.6735
2023-09-02 17:26:00,25807.2,25807.3,25805.7,25805.7,7.652,197476.3703
2023-09-02 17:27:00,25805.7,25805.7,25802.2,25802.2,46.799,1207621.8247
2023-09-02 17:28:00,25802.2,25802.3,25802.2,25802.2,4.476,115490.7801
2023-09-02 17:29:00,25802.2,25802.3,25802.2,25802.3,4.139,106795.4403
2023-09-02 17:30:00,25802.3,25804.6,25802.2,25804.5,16.819,433989.7687
2023-09-02 17:31:00,25804.5,25818.5,25804.5,25814.2,64.328,1660478.6179
2023-09-02 17:32:00,25814.2,25828.4,25814.2,25822.7,59.56,1538172.8576
2023-09-02 17:33:00,25822.7,25823.7,25817.7,25817.7,10.446,269730.2536
2023-09-02 17:34:00,25817.7,25817.8,25811.1,25814.3,28.485,735371.5219
2023-09-02 17:35:00,25814.3,25818.2,25814.2,25818.2,15.284,394582.9257
2023-09-02 17:36:00,25818.2,25818.2,25812.4,25812.4,3.342,86275.7192
2023-09-02 17:37:00,25812.4,25818.1,25812.4,25818.1,8.041,207580.9947
2023-09-02 17:38:00,25818.1,25818.1,25812.5,25812.5,9.231,238278.4851
2023-09-02 17:39:00,25812.5,25812.6,25809.5,25809.5,43.381,1119689.0054
2023-09-02 17:40:00,25809.5,25815.5,25809.2,25815.5,20.963,541063.8442
2023-09-02 17:41:00,25815.5,25815.5,25815.4,25815.4,7.26,187419.9814
2023-09-02 17:42:00,25815.4,25815.5,25811.5,25811.6,16.776,433065.8467
2023-09-02 17:43:00,25811.6,25811.6,25811.5,25811.6,1.347,34768.1368
2023-09-02 17:44:00,25811.6,25815.5,25811.5,25815.5,9.316,240471.7773
2023-09-02 17:45:00,25815.5,25815.5,25815.0,25815.0,7.42,191550.161
2023-09-02 17:46:00,25815.0,25815.1,25815.0,25815.0,4.715,121717.8001
2023-09-02 17:47:00,25815.0,25815.1,25814.8,25814.8,2.221,57335.201
2023-09-02 17:48:00,25814.8,25814.8,25813.4,25813.5,1.759,45406.6582
2023-09-02 17:49:00,25813.5,25813.5,25805.5,25805.5,37.417,965739.0684
2023-09-02 17:50:00,25805.5,25805.6,25805.5,25805.5,1.672,43146.8841
2023-09-02 17:51:00,25805.5,25813.5,25805.5,25813.4,22.495,580579.1523
2023-09-02 17:52:00,25813.4,25813.5,25813.4,25813.5,8.537,220369.2282
2023-09-02 17:53:00,25813.5,25813.5,25813.4,25813.5,1.801,46490.088
2023-09-02 17:54:00,25813.5,25819.9,25813.5,25819.8,10.389,268211.9092
2023-09-02 17:55:00,25819.8,25819.9,25816.0,25816.0,5.051,130407.9921
2023-09-02 17:56:00,25816.0,25816.0,25815.6,25815.6,10.083,260299.7054
2023-09-02 17:57:00,25815.6,25815.7,25806.9,25807.0,22.317,576032.3249
2023-09-02 17:58:00,25807.0,25807.0,25806.0,25806.0,4.714,121649.7194
2023-09-02 17:59:00,25806.0,25806.8,25806.0,25806.7,5.367,138501.7719
2023-09-02 18:00:00,25806.7,25808.5,25806.7,25808.5,2.68,69163.6436
2023-09-02 18:01:00,25808.5,25808.5,25808.4,25808.4,3.277,84574.363
2023-09-02 18:02:00,25808.4,25808.6,25808.4,25808.6,2.572,66379.4173
2023-09-02 18:03:00,25808.6,25808.6,25808.5,25808.5,1.847,47668.355
2023-09-02 18:04:00,25808.5,25808.6,25800.0,25800.0,24.88,642045.5521
2023-09-02 18:05:00,25800.0,25800.1,25800.0,25800.0,4.45,114810.1361
2023-09-02 18:06:00,25800.0,25807.3,25800.0,25802.2,42.269,1090657.8584
2023-09-02 18:07:00,25802.2,25802.2,25802.0,25802.0,13.83,356841.7331
2023-09-02 18:08:00,25802.0,25804.9,25797.0,25797.0,7.268,187526.1863
2023-09-02 18:09:00,25797.0,25797.1,25797.0,25797.0,4.107,105948.3206
2023-09-02 18:10:00,25797.0,25797.1,25797.0,25797.0,2.441,62970.6702
2023-09-02 18:11:00,25797.0,25797.1,25797.0,25797.0,1.555,40114.37
2023-09-02 18:12:00,25797.0,25797.1,25797.0,25797.1,5.893,152022.0401
2023-09-02 18:13:00,25797.1,25797.1,25797.0,25797.1,2.845,73392.6752
2023-09-02 18:14:00,25797.1,25797.1,25797.0,25797.0,4.927,127101.8376
2023-09-02 18:15:00,25797.0,25797.9,25797.0,25797.9,3.804,98133.5015
2023-09-02 18:16:00,25797.9,25798.8,25797.2,25797.3,36.235,934806.5363
2023-09-02 18:17:00,25797.3,25797.4,25797.3,25797.4,3.212,82861.2181
2023-09-02 18:18:00,25797.4,25797.4,25797.3,25797.4,15.897,410100.9074
2023-09-02 18:19:00,25797.4,25797.4,25797.3,25797.3,10.057,259443.9648
2023-09-02 18:20:00,25797.3,25797.4,25797.3,25797.4,0.666,17181.0517
2023-09-02 18:21:00,25797.4,25797.4,25790.3,25790.3,36.505,941566.5937
2023-09-02 18:22:00,25790.3,25790.4,25790.3,25790.3,8.787,226619.5911
2023-09-02 18:23:00,25790.3,25790.4,25790.3,25790.3,3.573,92148.744
2023-09-02 18:24:00,25790.3,25790.4,25790.3,25790.3,10.278,265073.2629
2023-09-02 18:25:00,25790.3,25790.4,25790.3,25790.4,6.225,160544.7528
2023-09-02 18:26:00,25790.4,25790.4,25790.3,25790.4,2.571,66307.0483
2023-09-02 18:27:00,25790.4,25790.4,25790.3,25790.3,10.835,279438.0406
2023-09-02 18:28:00,25790.3,25790.4,25790.3,25790.4,2.318,59782.0468
2023-09-02 18:29:00,25790.4,25795.3,25790.3,25795.3,16.715,431106.5115
2023-09-02 18:30:00,25795.3,25798.2,25795.2,25798.1,12.279,316755.7545
2023-09-02 18:31:00,25798.1,25798.2,25798.1,25798.2,4.125,106417.4452
2023-09-02 18:32:00,25798.2,25798.2,25798.1,25798.2,6.47,166913.9414
2023-09-02 18:33:00,25798.2,25798.2,25798.0,25798.1,3.095,79845.1551
2023-09-02 18:34:00,25798.1,25798.1,25793.3,25793.4,8.662,223430.9888
2023-09-02 18:35:00,25793.4,25793.4,25793.3,25793.3,1.977,50993.4505
2023-09-02 18:36:00,25793.3,25793.4,25793.3,25793.3,11.598,299151.1876
2023-09-02 18:37:00,25793.3,25793.4,25793.3,25793.3,3.21,82796.6907
2023-09-02 18:38:00,25793.3,25793.4,25793.3,25793.4,2.175,56100.5102
2023-09-02 18:39:00,25793.4,25793.4,25793.3,25793.4,1.845,47588.7187
2023-09-02 18:40:00,25793.4,25793.4,25793.3,25793.3,0.748,19293.4008
2023-09-02 18:41:00,25793.3,25793.4,25792.6,25792.7,11.76,303328.4314
2023-09-02 18:42:00,25792.7,25792.7,25786.1,25786.1,10.996,283586.0648
2023-09-02 18:43:00,25786.1,25786.1,25782.4,25782.4,14.84,382621.0075
2023-09-02 18:44:00,25782.4,25787.0,25782.4,25782.5,15.668,403965.778
2023-09-02 18:45:00,25782.5,25782.6,25782.5,25782.5,10.917,281468.3787
2023-09-02 18:46:00,25782.5,25782.6,25780.0,25780.0,23.06,594503.7996
2023-09-02 18:47:00,25780.0,25780.1,25772.2,25772.2,186.814,4815231.464
2023-09-02 18:48:00,25772.2,25785.2,25772.2,25775.7,289.741,7469766.0396
2023-09-02 18:49:00,25775.7,25776.9,25775.7,25776.9,4.165,107359.5413
2023-09-02 18:50:00,25776.9,25778.2,25775.8,25778.2,12.156,313336.7751
2023-09-02 18:51:00,25778.2,25780.2,25778.1,25778.4,31.968,824113.6602
2023-09-02 18:52:00,25778.4,25790.0,25778.4,25790.0,26.568,684991.0711
2023-09-02 18:53:00,25790.0,25790.0,25786.6,25786.7,7.107,183268.4277
2023-09-02 18:54:00,25786.7,25796.2,25786.6,25796.2,104.102,2685023.8795
2023-09-02 18:55:00,25796.2,25798.2,25796.1,25798.2,18.985,489757.2994
2023-09-02 18:56:00,25798.2,25800.3,25798.1,25800.1,27.417,707338.6295
2023-09-02 18:57:00,25800.1,25800.1,25800.0,25800.0,3.575,92235.2778
2023-09-02 18:58:00,25800.0,25800.1,25798.0,25799.4,8.03,207165.1258
2023-09-02 18:59:00,25799.4,25799.4,25799.3,25799.3,20.296,523623.805
2023-09-02 19:00:00,25799.3,25811.3,25799.3,25811.3,55.663,1436479.5488
2023-09-02 19:01:00,25811.3,25813.5,25811.2,25813.5,22.627,584045.8087
2023-09-02 19:02:00,25813.5,25813.5,25810.0,25810.0,37.472,967262.1054
2023-09-02 19:03:00,25810.0,25810.1,25810.0,25810.0,7.039,181676.9097
2023-09-02 19:04:00,25810.0,25813.6,25810.0,25813.6,22.133,571264.9584
2023-09-02 19:05:00,25813.6,25817.4,25813.6,25817.3,13.514,348870.5091
2023-09-02 19:06:00,25817.3,25817.4,25817.3,25817.4,2.462,63562.3904
2023-09-02 19:07:00,25817.4,25817.4,25817.3,25817.4,2.653,68493.5061
2023-09-02 19:08:00,25817.4,25823.8,25817.3,25823.7,15.363,396675.9872
2023-09-02 19:09:00,25823.7,25836.1,25823.7,25835.1,84.141,2173565.2009
2023-09-02 19:10:00,25835.1,25835.2,25824.8,25829.7,32.949,851094.1189
2023-09-02 19:11:00,25829.7,25834.8,25829.7,25834.7,22.359,577565.9618
2023-09-02 19:12:00,25834.7,25840.0,25834.7,25840.0,62.515,1615264.6231
2023-09-02 19:13:00,25840.0,25840.0,25823.8,25823.8,34.986,903802.7008
2023-09-02 19:14:00,25823.8,25828.0,25823.8,25828.0,20.474,528754.277
2023-09-02 19:15:00,25828.0,25829.8,25823.7,25823.7,38.854,1003490.9704
2023-09-02 19:16:00,25823.7,25823.8,25820.1,25820.1,18.867,487208.5697
2023-09-02 19:17:00,25820.1,25820.1,25813.3,25818.0,79.356,2048642.2519
2023-09-02 19:18:00,25818.0,25819.7,25817.9,25818.0,3.053,78826.2218
2023-09-02 19:19:00,25818.0,25818.1,25818.0,25818.1,2.552,65887.7217
2023-09-02 19:20:00,25818.1,25818.1,25813.7,25813.7,8.838,228168.0264
2023-09-02 19:21:00,25813.7,25813.8,25813.7,25813.8,3.748,96749.8608
2023-09-02 19:22:00,25813.8,25813.8,25802.4,25802.4,25.644,661818.2934
2023-09-02 19:23:00,25802.4,25808.0,25802.4,25808.0,10.948,282528.0752
2023-09-02 19:24:00,25808.0,25810.1,25808.0,25810.0,13.007,335700.7073
2023-09-02 19:25:00,25810.0,25815.0,25810.0,25814.9,15.955,411810.9401
2023-09-02 19:26:00,25814.9,25816.2,25814.9,25816.2,25.362,654741.2668
2023-09-02 19:27:00,25816.2,25819.1,25816.2,25819.1,25.04,646483.8672
2023-09-02 19:28:00,25819.1,25819.1,25814.4,25814.4,53.221,1374083.6231
2023-09-02 19:29:00,25814.4,25814.5,25814.4,25814.4,0.565,14585.1499
2023-09-02 19:30:00,25814.4,25823.2,25814.4,25822.8,36.973,954675.2139
2023-09-02 19:31:00,25822.8,25822.9,25822.8,25822.9,1.816,46894.3226
2023-09-02 19:32:00,25822.9,25822.9,25822.8,25822.9,3.854,99521.3843
2023-09-02 19:33:00,25822.9,25822.9,25822.8,25822.8,1.971,50896.8595
2023-09-02 19:34:00,25822.8,25822.9,25822.0,25822.1,3.807,98307.349
2023-09-02 19:35:00,25822.1,25827.1,25822.0,25827.1,39.485,1019672.1862
2023-09-02 19:36:00,25827.1,25830.0,25827.1,25830.0,9.17,236848.8306
2023-09-02 19:37:00,25830.0,25835.0,25829.9,25835.0,10.183,263043.0026
2023-09-02 19:38:00,25835.0,25835.0,25834.4,25834.5,12.215,315571.7591
2023-09-02 19:39:00,25834.5,25835.0,25834.4,25834.9,4.318,111554.7669
2023-09-02 19:40:00,25834.9,25840.0,25834.9,25840.0,81.115,2095746.8951
2023-09-02 19:41:00,25840.0,25840.0,25831.0,25831.0,56.768,1466620.7609
2023-09-02 19:42:00,25831.0,25832.0,25829.9,25830.0,31.926,824703.9521
2023-09-02 19:43:00,25830.0,25830.0,25829.7,25829.8,8.724,225339.1237
2023-09-02 19:44:00,25829.8,25829.9,25829.8,25829.8,3.671,94821.3114
2023-09-02 19:45:00,25829.8,25831.1,25829.8,25831.1,11.159,288237.7632
2023-09-02 19:46:00,25831.1,25833.2,25830.6,25830.6,8.464,218637.8737
2023-09-02 19:47:00,25830.6,25830.7,25823.6,25823.7,48.237,1245794.3756
2023-09-02 19:48:00,25823.7,25823.7,25823.6,25823.6,13.299,343428.0665
2023-09-02 19:49:00,25823.6,25824.4,25820.8,25824.4,27.703,715350.351
2023-09-02 19:50:00,25824.4,25824.5,25823.9,25824.4,8.62,222603.8931
2023-09-02 19:51:00,25824.4,25824.4,25820.0,25820.0,11.404,294477.9495
2023-09-02 19:52:00,25820.0,25820.0,25819.6,25819.6,4.249,109707.684
2023-09-02 19:53:00,25819.6,25819.6,25811.7,25811.7,49.976,1290236.1535
2023-09-02 19:54:00,25811.7,25811.8,25801.0,25801.0,42.443,1095338.4092
2023-09-02 19:55:00,25801.0,25801.1,25800.1,25800.1,28.207,727747.4875
2023-09-02 19:56:00,25800.1,25805.5,25800.1,25805.5,21.198,546925.9358
2023-09-02 19:57:00,25805.5,25807.1,25804.7,25804.7,7.125,183871.9876
2023-09-02 19:58:00,25804.7,25804.8,25800.6,25800.7,2.709,69895.4488
2023-09-02 19:59:00,25800.7,25800.7,25800.6,25800.6,9.259,238888.4101
2023-09-02 20:00:00,25800.6,25806.5,25800.6,25806.4,13.592,350712.5462
2023-09-02 20:01:00,25806.4,25811.8,25806.4,25811.8,31.033,800908.6595
2023-09-02 20:02:00,25811.8,25815.0,25811.7,25812.8,10.804,278883.5212
2023-09-02 20:03:00,25812.8,25812.8,25812.7,25812.7,2.094,54051.9906
2023-09-02 20:04:00,25812.7,25813.4,25812.7,25813.4,1.756,45327.2723
2023-09-02 20:05:00,25813.4,25813.4,25813.3,25813.4,2.982,76975.4233
2023-09-02 20:06:00,25813.4,25813.4,25813.3,25813.3,3.317,85622.9483
2023-09-02 20:07:00,25813.3,25825.0,25813.3,25825.0,10.189,263062.2156
2023-09-02 20:08:00,25825.0,25825.0,25821.3,25821.4,28.666,740290.9882
2023-09-02 20:09:00,25821.4,25825.0,25818.3,25818.3,5.545,143185.0706
2023-09-02 20:10:00,25818.3,25819.5,25818.3,25819.5,8.629,222787.4216
2023-09-02 20:11:00,25819.5,25822.9,25819.5,25822.8,11.748,303365.1942
2023-09-02 20:12:00,25822.8,25822.9,25820.3,25820.3,19.66,507636.9945
2023-09-02 20:13:00,25820.3,25824.4,25820.3,25824.3,7.16,184877.1395
2023-09-02 20:14:00,25824.3,25873.1,25824.3,25861.6,443.106,11455928.8701
2023-09-02 20:15:00,25861.6,25861.6,25855.5,25858.1,68.387,1768385.575
2023-09-02 20:16:00,25858.1,25867.0,25856.0,25867.0,57.729,1492765.6806
2023-09-02 20:17:00,25867.0,25886.3,25863.8,25882.5,222.116,5747291.0843
2023-09-02 20:18:00,25882.5,25882.5,25870.1,25872.7,70.061,1812653.659
2023-09-02 20:19:00,25872.7,25872.7,25868.7,25872.6,39.927,1032900.8886
2023-09-02 20:20:00,25872.6,25872.7,25852.7,25852.7,60.4,1561765.1374
2023-09-02 20:21:00,25852.7,25852.8,25849.7,25851.4,37.572,971279.8828
2023-09-02 20:22:00,25851.4,25852.0,25849.4,25850.0,103.556,2676980.9153
2023-09-02 20:23:00,25850.0,25850.0,25849.9,25850.0,3.55,91767.3229
2023-09-02 20:24:00,25850.0,25850.0,25849.9,25849.9,8.272,213830.5455
2023-09-02 20:25:00,25849.9,25850.0,25848.3,25848.3,20.325,525396.9883
2023-09-02 20:26:00,25848.3,25848.9,25847.9,25848.8,53.579,1384911.9562
2023-09-02 20:27:00,25848.8,25866.2,25847.1,25859.7,52.794,1365038.9761
2023-09-02 20:28:00,25859.7,25859.7,25853.0,25853.1,27.792,718641.2049
2023-09-02 20:29:00,25853.1,25853.1,25850.9,25851.0,10.161,262687.5738
2023-09-02 20:30:00,25851.0,25860.9,25851.0,25860.9,30.079,777710.9302
2023-09-02 20:31:00,25860.9,25863.2,25860.8,25863.2,10.799,279272.5813
2023-09-02 20:32:00,25863.2,25866.8,25855.1,25855.1,46.186,1194470.3371
2023-09-02 20:33:00,25855.1,25859.3,25855.1,25859.3,19.716,509814.6325
2023-09-02 20:34:00,25859.3,25872.7,25855.4,25872.7,105.59,2731241.0987
2023-09-02 20:35:00,25872.7,25876.4,25872.6,25876.4,13.992,362023.4099
2023-09-02 20:36:00,25876.4,25924.8,25876.4,25906.5,662.192,17153479.4791
2023-09-02 20:37:00,25906.5,25908.4,25887.0,25908.3,159.486,4130230.8497
2023-09-02 20:38:00,25908.3,25919.4,25907.1,25919.4,119.813,3104431.8191
2023-09-02 20:39:00,25919.4,25936.9,25911.0,25925.3,246.95,6403091.1439
2023-09-02 20:40:00,25925.3,25927.0,25908.0,25908.0,148.946,3859776.4556
2023-09-02 20:41:00,25908.0,25927.5,25908.0,25921.3,71.536,1854220.9944
2023-09-02 20:42:00,25921.3,25921.3,25910.0,25914.3,90.528,2345712.6978
2023-09-02 20:43:00,25914.3,25916.0,25906.1,25906.1,20.677,535708.7102
2023-09-02 20:44:00,25906.1,25906.2,25900.7,25906.0,79.453,2058122.4006
2023-09-02 20:45:00,25906.0,25913.9,25900.9,25902.5,48.572,1258337.3918
2023-09-02 20:46:00,25902.5,25911.1,25898.8,25901.0,133.514,3458776.6152
2023-09-02 20:47:00,25901.0,25919.0,25901.0,25918.9,93.794,2429638.3623
2023-09-02 20:48:00,25918.9,25944.9,25917.2,25926.0,243.584,6316779.0614
2023-09-02 20:49:00,25926.0,25932.9,25924.5,25931.4,32.136,833223.2203
2023-09-02 20:50:00,25931.4,25932.4,25929.4,25930.3,29.003,752053.5847
2023-09-02 20:51:00,25930.3,25930.3,25919.7,25925.0,64.744,1678370.5138
2023-09-02 20:52:00,25925.0,25927.2,25924.9,25925.2,27.373,709654.7073
2023-09-02 20:53:00,25925.2,25928.6,25925.1,25926.0,28.918,749751.6203
2023-09-02 20:54:00,25926.0,25926.1,25914.0,25914.1,65.808,1705933.861
2023-09-02 20:55:00,25914.1,25940.5,25914.1,25938.7,122.56,3177763.9215
2023-09-02 20:56:00,25938.7,25947.9,25937.6,25937.9,137.847,3576088.7421
2023-09-02 20:57:00,25937.9,25938.0,25925.5,25928.2,80.422,2085497.1653
2023-09-02 20:58:00,25928.2,25928.2,25923.8,25927.7,48.719,1263151.0534
2023-09-02 20:59:00,25927.7,25934.9,25927.7,25934.8,25.639,664867.6603
2023-09-02 21:00:00,25934.8,25936.8,25934.7,25935.4,53.936,1398863.2078
2023-09-02 21:01:00,25935.4,25935.5,25920.0,25920.0,99.505,2579760.7351
2023-09-02 21:02:00,25920.0,25928.5,25920.0,25922.0,50.561,1310831.1588
2023-09-02 21:03:00,25922.0,25923.4,25917.5,25917.6,18.273,473650.378
2023-09-02 21:04:00,25917.6,25929.0,25917.6,25928.5,96.35,2497796.7836
2023-09-02 21:05:00,25928.5,25928.5,25920.6,25926.9,53.253,1380609.5393
2023-09-02 21:06:00,25926.9,25928.0,25922.7,25925.5,32.603,845280.9483
2023-09-02 21:07:00,25925.5,25926.0,25925.4,25926.0,8.229,213342.6715
2023-09-02 21:08:00,25926.0,25933.0,25925.9,25933.0,74.04,1919836.2871
2023-09-02 21:09:00,25933.0,25933.0,25932.9,25932.9,5.764,149477.5253
2023-09-02 21:10:00,25932.9,25975.0,25932.9,25972.7,376.595,9775684.4423
2023-09-02 21:11:00,25972.7,25972.8,25939.1,25939.2,177.263,4602467.4657
2023-09-02 21:12:00,25939.2,25939.2,25919.9,25927.9,149.408,3873646.9477
2023-09-02 21:13:00,25927.9,25939.7,25924.5,25931.3,98.044,2542216.3005
2023-09-02 21:14:00,25931.3,25931.3,25923.4,25923.4,17.01,441042.7027
2023-09-02 21:15:00,25923.4,25930.0,25914.9,25914.9,59.474,1541780.8168
2023-09-02 21:16:00,25914.9,25914.9,25900.0,25900.0,120.246,3115136.5587
2023-09-02 21:17:00,25900.0,25903.9,25900.0,25900.9,33.748,874192.4325
2023-09-02 21:18:00,25900.9,25901.0,25886.3,25886.3,82.059,2124787.3938
2023-09-02 21:19:00,25886.3,25886.4,25866.8,25885.5,207.886,5378987.1309
2023-09-02 21:20:00,25885.5,25898.1,25885.4,25895.9,56.269,1456911.5077
2023-09-02 21:21:00,25895.9,25896.0,25885.8,25888.3,40.832,1057200.121
2023-09-02 21:22:00,25888.3,25888.4,25883.6,25887.3,53.051,1373282.0834
2023-09-02 21:23:00,25887.3,25896.4,25887.2,25891.1,19.128,495290.9354
2023-09-02 21:24:00,25891.1,25891.1,25888.5,25888.5,7.856,203386.9689
2023-09-02 21:25:00,25888.5,25891.7,25888.4,25891.7,6.246,161709.5618
2023-09-02 21:26:00,25891.7,25891.7,25891.6,25891.6,10.861,281209.335
2023-09-02 21:27:00,25891.6,25891.7,25891.6,25891.6,13.748,355958.655
2023-09-02 21:28:00,25891.6,25891.7,25886.0,25886.0,22.166,573864.0503
2023-09-02 21:29:00,25886.0,25886.1,25880.1,25880.1,12.61,326385.7208
2023-09-02 21:30:00,25880.1,25883.2,25880.1,25883.2,25.572,661852.9144
2023-09-02 21:31:00,25883.2,25883.4,25883.1,25883.3,18.822,487173.3472
2023-09-02 21:32:00,25883.3,25891.2,25883.3,25891.1,17.728,458941.8096
2023-09-02 21:33:00,25891.1,25894.4,25885.6,25885.6,39.458,1021583.6386
2023-09-02 21:34:00,25885.6,25889.6,25885.6,25889.6,7.141,184856.5621
2023-09-02 21:35:00,25889.6,25908.4,25889.5,25908.3,93.413,2419217.6808
2023-09-02 21:36:00,25908.3,25911.7,25908.3,25911.6,41.022,1062924.7507
2023-09-02 21:37:00,25911.6,25912.5,25897.0,25912.4,131.757,3413144.2629
2023-09-02 21:38:00,25912.4,25912.5,25912.4,25912.5,9.776,253320.3118
2023-09-02 21:39:00,25912.5,25912.5,25912.4,25912.5,18.52,479897.9639
2023-09-02 21:40:00,25912.5,25913.6,25912.4,25913.6,19.176,496908.9451
2023-09-02 21:41:00,25913.6,25915.1,25913.5,25915.1,10.975,284404.9939
2023-09-02 21:42:00,25915.1,25921.1,25915.0,25921.1,17.568,455301.2339
2023-09-02 21:43:00,25921.1,25924.4,25921.1,25924.4,51.521,1335595.9518
2023-09-02 21:44:00,25924.4,25924.4,25924.3,25924.3,6.107,158320.0026
2023-09-02 21:45:00,25924.3,25924.9,25914.9,25915.9,60.359,1564663.317
2023-09-02 21:46:00,25915.9,25915.9,25907.2,25907.2,27.958,724476.7034
2023-09-02 21:47:00,25907.2,25912.3,25902.0,25902.2,15.041,389675.88
2023-09-02 21:48:00,25902.2,25906.0,25900.0,25900.1,41.679,1079536.8606
2023-09-02 21:49:00,25900.1,25900.1,25897.9,25897.9,28.092,727527.3838
2023-09-02 21:50:00,25897.9,25899.1,25897.9,25899.1,9.177,237670.3605
2023-09-02 21:51:00,25899.1,25903.2,25899.0,25903.1,7.651,198181.9022
2023-09-02 21:52:00,25903.1,25903.2,25903.1,25903.2,4.312,111694.2556
2023-09-02 21:53:00,25903.2,25903.2,25896.0,25896.0,5.568,144224.9186
2023-09-02 21:54:00,25896.0,25896.1,25890.5,25890.5,20.353,526986.0749
2023-09-02 21:55:00,25890.5,25890.6,25882.7,25882.7,25.233,653188.1832
2023-09-02 21:56:00,25882.7,25882.8,25870.0,25875.1,83.27,2154603.1176
2023-09-02 21:57:00,25875.1,25881.1,25873.1,25873.2,39.269,1016121.8789
2023-09-02 21:58:00,25873.2,25875.0,25873.1,25874.8,12.87,332992.8178
2023-09-02 21:59:00,25874.8,25874.9,25861.9,25861.9,55.07,1424643.2671
2023-09-02 22:00:00,25861.9,25862.0,25851.0,25851.1,235.977,6101218.7445
2023-09-02 22:01:00,25851.1,25854.0,25851.0,25853.5,69.338,1792634.1644
2023-09-02 22:02:00,25853.5,25868.4,25853.5,25868.4,31.785,822056.9937
2023-09-02 22:03:00,25868.4,25868.4,25860.0,25860.1,74.927,1938161.7363
2023-09-02 22:04:00,25860.1,25864.0,25857.5,25863.9,23.647,611493.1779
2023-09-02 22:05:00,25863.9,25868.9,25863.9,25868.9,12.69,328255.1714
2023-09-02 22:06:00,25868.9,25868.9,25861.7,25861.7,32.843,849536.4087
2023-09-02 22:07:00,25861.7,25861.8,25854.9,25854.9,74.893,1936718.5991
2023-09-02 22:08:00,25854.9,25857.0,25853.0,25856.9,14.691,379841.0233
2023-09-02 22:09:00,25856.9,25856.9,25830.0,25852.1,188.415,4869169.8811
2023-09-02 22:10:00,25852.1,25860.0,25852.0,25860.0,42.967,1110933.41
2023-09-02 22:11:00,25860.0,25865.2,25859.9,25861.9,11.996,310243.2462
2023-09-02 22:12:00,25861.9,25861.9,25852.0,25852.7,57.068,1475491.0552
2023-09-02 22:13:00,25852.7,25852.8,25851.7,25851.8,11.289,291851.3352
2023-09-02 22:14:00,25851.8,25851.8,25850.2,25850.2,13.071,337891.6556
2023-09-02 22:15:00,25850.2,25850.3,25850.2,25850.2,5.891,152283.811
2023-09-02 22:16:00,25850.2,25864.8,25850.2,25856.8,27.625,714313.0036
2023-09-02 22:17:00,25856.8,25856.9,25851.0,25851.0,8.184,211607.1062
2023-09-02 22:18:00,25851.0,25853.2,25843.4,25853.1,22.232,574620.3454
2023-09-02 22:19:00,25853.1,25856.7,25853.1,25856.7,12.082,312371.7545
2023-09-02 22:20:00,25856.7,25861.7,25847.7,25861.7,63.843,1650779.6071
2023-09-02 22:21:00,25861.7,25867.9,25857.4,25857.5,41.472,1072539.6231
2023-09-02 22:22:00,25857.5,25857.5,25855.0,25855.0,5.117,132307.4111
2023-09-02 22:23:00,25855.0,25855.1,25855.0,25855.1,4.931,127491.2991
2023-09-02 22:24:00,25855.1,25855.1,25851.0,25851.0,3.415,88282.5932
2023-09-02 22:25:00,25851.0,25855.1,25851.0,25855.0,11.768,304226.3016
2023-09-02 22:26:00,25855.0,25855.1,25847.1,25851.9,20.205,522311.5443
2023-09-02 22:27:00,25851.9,25851.9,25845.0,25845.1,12.67,327511.5335
2023-09-02 22:28:00,25845.1,25853.4,25845.0,25853.4,8.812,227762.602
2023-09-02 22:29:00,25853.4,25853.4,25850.4,25850.5,14.653,378799.8718
2023-09-02 22:30:00,25850.5,25850.6,25850.4,25850.5,10.142,262175.518
2023-09-02 22:31:00,25850.5,25856.0,25850.5,25854.9,6.305,163006.4185
2023-09-02 22:32:00,25854.9,25855.0,25854.9,25855.0,4.672,120794.1515
2023-09-02 22:33:00,25855.0,25855.0,25854.9,25854.9,20.735,536102.3074
2023-09-02 22:34:00,25854.9,25860.4,25854.9,25860.4,14.17,366369.8814
2023-09-02 22:35:00,25860.4,25865.4,25854.9,25855.0,41.081,1062482.7884
2023-09-02 22:36:00,25855.0,25855.0,25850.2,25850.2,6.473,167338.0288
2023-09-02 22:37:00,25850.2,25850.3,25850.2,25850.2,2.845,73543.9403
2023-09-02 22:38:00,25850.2,25851.0,25850.2,25851.0,5.407,139772.7248
2023-09-02 22:39:00,25851.0,25851.0,25842.5,25842.5,15.557,402126.9253
2023-09-02 22:40:00,25842.5,25843.5,25842.0,25843.5,8.95,231296.4981
2023-09-02 22:41:00,25843.5,25845.0,25843.4,25844.9,7.909,204398.0175
2023-09-02 22:42:00,25844.9,25856.0,25844.9,25855.9,12.089,312477.0865
2023-09-02 22:43:00,25855.9,25856.0,25855.9,25855.9,2.438,63036.845
2023-09-02 22:44:00,25855.9,25856.0,25840.3,25840.3,23.323,602828.8872
2023-09-02 22:45:00,25840.3,25856.0,25840.3,25856.0,26.021,672570.1216
2023-09-02 22:46:00,25856.0,25858.4,25855.9,25858.4,3.509,90734.3115
2023-09-02 22:47:00,25858.4,25858.4,25852.2,25852.3,8.729,225682.0418
2023-09-02 22:48:00,25852.3,25859.9,25852.2,25859.9,7.495,193785.9225
2023-09-02 22:49:00,25859.9,25859.9,25859.8,25859.8,5.478,141660.0587
2023-09-02 22:50:00,25859.8,25859.9,25852.8,25852.9,7.952,205609.9114
2023-09-02 22:51:00,25852.9,25852.9,25850.0,25850.1,5.586,144410.4415
2023-09-02 22:52:00,25850.1,25856.1,25850.0,25856.1,12.424,321166.0837
2023-09-02 22:53:00,25856.1,25856.1,25851.3,25851.3,0.73,18873.3616
2023-09-02 22:54:00,25851.3,25851.4,25843.8,25843.8,24.392,630418.1617
2023-09-02 22:55:00,25843.8,25843.9,25843.2,25843.3,5.068,130973.7817
2023-09-02 22:56:00,25843.3,25853.1,25843.2,25853.1,75.228,1944616.2559
2023-09-02 22:57:00,25853.1,25854.4,25853.1,25854.4,5.947,153755.1951
2023-09-02 22:58:00,25854.4,25854.4,25849.9,25849.9,14.432,373100.9357
2023-09-02 22:59:00,25849.9,25850.0,25848.7,25850.0,9.805,253456.4974
2023-09-02 23:00:00,25850.0,25850.0,25849.9,25849.9,4.437,114696.3912
2023-09-02 23:01:00,25849.9,25858.9,25849.9,25858.8,17.368,449038.8173
2023-09-02 23:02:00,25858.8,25858.8,25842.1,25842.1,19.601,506650.8686
2023-09-02 23:03:00,25842.1,25843.6,25842.1,25843.5,3.825,98847.0616
2023-09-02 23:04:00,25843.5,25843.6,25836.1,25841.2,111.478,2880861.6102
2023-09-02 23:05:00,25841.2,25841.3,25820.4,25827.9,171.744,4435336.1206
2023-09-02 23:06:00,25827.9,25828.0,25827.9,25828.0,8.061,208198.9876
2023-09-02 23:07:00,25828.0,25828.0,25827.8,25827.9,30.757,794388.6002
2023-09-02 23:08:00,25827.9,25827.9,25825.1,25825.1,15.589,402615.7602
2023-09-02 23:09:00,25825.1,25825.2,25822.6,25825.1,16.352,422267.8038
2023-09-02 23:10:00,25825.1,25827.2,25825.0,25827.2,8.071,208439.9869
2023-09-02 23:11:00,25827.2,25834.7,25827.1,25830.1,36.974,955049.329
2023-09-02 23:12:00,25830.1,25830.1,25828.0,25828.0,14.831,383067.2639
2023-09-02 23:13:00,25828.0,25828.1,25827.0,25827.0,50.286,1298758.8144
2023-09-02 23:14:00,25827.0,25827.1,25827.0,25827.1,3.118,80528.8787
2023-09-02 23:15:00,25827.1,25827.1,25827.0,25827.0,1.808,46695.3097
2023-09-02 23:16:00,25827.0,25827.1,25827.0,25827.0,14.904,384925.684
2023-09-02 23:17:00,25827.0,25827.0,25805.3,25811.8,202.229,5220710.2624
2023-09-02 23:18:00,25811.8,25818.6,25811.8,25818.5,17.155,442821.4593
2023-09-02 23:19:00,25818.5,25828.2,25818.5,25820.4,21.57,556998.3213
2023-09-02 23:20:00,25820.4,25820.4,25814.1,25814.1,9.917,256037.2025
2023-09-02 23:21:00,25814.1,25814.1,25805.0,25808.1,69.429,1792047.7013
2023-09-02 23:22:00,25808.1,25811.3,25808.0,25810.0,15.584,402227.2994
2023-09-02 23:23:00,25810.0,25810.0,25805.0,25805.0,43.035,1110575.3364
2023-09-02 23:24:00,25805.0,25808.9,25803.4,25808.9,33.067,853285.4746
2023-09-02 23:25:00,25808.9,25811.4,25808.8,25811.3,30.547,788451.7243
2023-09-02 23:26:00,25811.3,25811.4,25810.0,25810.0,8.449,218074.0922
2023-09-02 23:27:00,25810.0,25812.3,25810.0,25812.3,5.609,144778.0851
2023-09-02 23:28:00,25812.3,25812.3,25810.1,25810.2,29.606,764186.0285
2023-09-02 23:29:00,25810.2,25810.2,25801.0,25801.1,20.795,536623.5464
2023-09-02 23:30:00,25801.1,25801.1,25786.0,25793.8,243.171,6272392.8221
2023-09-02 23:31:00,25793.8,25793.9,25788.7,25788.7,38.768,999923.093
2023-09-02 23:32:00,25788.7,25792.0,25785.7,25791.9,35.524,916134.9718
2023-09-02 23:33:00,25791.9,25810.0,25791.9,25809.9,104.953,2707974.9054
2023-09-02 23:34:00,25809.9,25810.0,25798.6,25798.7,74.637,1925936.7564
2023-09-02 23:35:00,25798.7,25800.0,25798.7,25800.0,6.974,179926.6228
2023-09-02 23:36:00,25800.0,25800.0,25781.5,25781.6,25.219,650396.6338
2023-09-02 23:37:00,25781.6,25786.9,25780.7,25786.8,59.473,1533312.9847
2023-09-02 23:38:00,25786.8,25786.9,25775.0,25777.0,120.675,3110836.5575
2023-09-02 23:39:00,25777.0,25777.1,25771.0,25772.5,78.929,2034326.2786
2023-09-02 23:40:00,25772.5,25792.0,25772.4,25784.9,193.619,4992569.8479
2023-09-02 23:41:00,25784.9,25784.9,25775.4,25775.6,15.007,386824.0715
2023-09-02 23:42:00,25775.6,25775.7,25775.5,25775.5,36.296,935547.7297
2023-09-02 23:43:00,25775.5,25780.2,25775.5,25780.2,37.06,955306.3012
2023-09-02 23:44:00,25780.2,25785.2,25780.1,25785.2,11.696,301550.6797
2023-09-02 23:45:00,25785.2,25785.2,25777.5,25777.5,43.224,1114391.6796
2023-09-02 23:46:00,25777.5,25778.8,25775.6,25775.6,34.672,893749.436
2023-09-02 23:47:00,25775.6,25775.7,25775.4,25775.4,11.353,292630.394
2023-09-02 23:48:00,25775.4,25775.5,25749.0,25765.3,328.463,8461042.2784
2023-09-02 23:49:00,25765.3,25765.3,25762.7,25763.7,38.96,1003787.1458
2023-09-02 23:50:00,25763.7,25769.7,25758.0,25765.7,35.767,921600.1974
2023-09-02 23:51:00,25765.7,25772.3,25765.6,25772.3,14.472,372885.8851
2023-09-02 23:52:00,25772.3,25773.3,25760.1,25762.8,24.618,634375.5516
2023-09-02 23:53:00,25762.8,25762.8,25760.1,25760.2,5.276,135912.8096
2023-09-02 23:54:00,25760.2,25768.6,25760.1,25768.6,19.362,498848.6234
2023-09-02 23:55:00,25768.6,25778.6,25768.6,25778.6,34.804,897056.9942
2023-09-02 23:56:00,25778.6,25778.6,25766.2,25772.5,73.853,1903509.3158
2023-09-02 23:57:00,25772.5,25772.9,25765.1,25765.1,16.845,434044.908
2023-09-02 23:58:00,25765.1,25765.1,25753.8,25754.4,48.85,1258382.4688
2023-09-02 23:59:00,25754.4,25760.0,25754.3,25758.1,113.394,2920786.9553
2023-09-03 00:00:00,25758.1,25765.2,25752.1,25765.2,50.474,1300123.3766
2023-09-03 00:01:00,25765.2,25765.6,25760.7,25765.6,11.559,297789.5608
2023-09-03 00:02:00,25765.6,25769.9,25765.5,25769.9,4.883,125817.0587
2023-09-03 00:03:00,25769.9,25780.0,25769.9,25776.8,21.097,543813.1025
2023-09-03 00:04:00,25776.8,25787.0,25776.8,25787.0,101.604,2619644.9944
2023-09-03 00:05:00,25787.0,25791.5,25786.9,25790.1,51.812,1336216.0468
2023-09-03 00:06:00,25790.1,25790.1,25785.9,25786.3,158.079,4076727.2659
2023-09-03 00:07:00,25786.3,25810.3,25786.3,25808.4,93.892,2422262.2523
2023-09-03 00:08:00,25808.4,25810.8,25806.4,25806.5,134.463,3470325.1613
2023-09-03 00:09:00,25806.5,25817.2,25802.3,25817.1,99.992,2580836.0497
2023-09-03 00:10:00,25817.1,25817.1,25793.1,25793.1,117.908,3042094.2014
2023-09-03 00:11:00,25793.1,25793.1,25788.4,25788.4,7.15,184396.9756
2023-09-03 00:12:00,25788.4,25788.5,25788.4,25788.4,34.046,877992.5346
2023-09-03 00:13:00,25788.4,25788.5,25788.4,25788.4,4.473,115351.7988
2023-09-03 00:14:00,25788.4,25788.5,25785.0,25785.1,21.999,567263.158
2023-09-03 00:15:00,25785.1,25785.1,25785.0,25785.1,17.888,461242.3444
2023-09-03 00:16:00,25785.1,25785.1,25785.0,25785.1,10.37,267390.5198
2023-09-03 00:17:00,25785.1,25797.7,25785.0,25797.7,46.018,1186802.3369
2023-09-03 00:18:00,25797.7,25799.1,25797.6,25799.1,21.222,547489.8539
2023-09-03 00:19:00,25799.1,25799.1,25799.0,25799.0,13.829,356775.3285
2023-09-03 00:20:00,25799.0,25799.1,25793.6,25793.6,17.632,454823.8328
2023-09-03 00:21:00,25793.6,25793.7,25791.5,25791.6,21.14,545245.3686
2023-09-03 00:22:00,25791.6,25791.6,25781.2,25781.3,16.441,423950.9174
2023-09-03 00:23:00,25781.3,25785.6,25781.2,25785.6,28.297,729533.8863
2023-09-03 00:24:00,25785.6,25798.6,25785.6,25798.6,30.698,791762.1104
2023-09-03 00:25:00,25798.6,25805.9,25798.6,25803.9,28.136,725974.5847
2023-09-03 00:26:00,25803.9,25804.0,25800.5,25800.5,17.153,442585.0231
2023-09-03 00:27:00,25800.5,25800.6,25800.5,25800.6,3.678,94894.572
2023-09-03 00:28:00,25800.6,25800.6,25796.0,25796.0,2.465,63590.5261
2023-09-03 00:29:00,25796.0,25796.1,25796.0,25796.1,13.719,353896.5636
2023-09-03 00:30:00,25796.1,25796.1,25795.1,25795.1,1.559,40214.9069
2023-09-03 00:31:00,25795.1,25795.2,25788.2,25788.3,10.595,273255.1408
2023-09-03 00:32:00,25788.3,25789.0,25788.2,25789.0,10.175,262395.658
2023-09-03 00:33:00,25789.0,25789.0,25788.2,25788.3,1.284,33112.8715
2023-09-03 00:34:00,25788.3,25791.4,25788.2,25791.4,20.791,536168.8554
2023-09-03 00:35:00,25791.4,25800.5,25791.3,25800.4,22.631,583744.9556
2023-09-03 00:36:00,25800.4,25800.5,25800.0,25800.0,16.316,420958.3505
2023-09-03 00:37:00,25800.0,25800.1,25800.0,25800.1,6.995,180471.5215
2023-09-03 00:38:00,25800.1,25800.1,25800.0,25800.1,1.718,44324.4851
2023-09-03 00:39:00,25800.1,25800.1,25800.0,25800.0,3.475,89655.2313
2023-09-03 00:40:00,25800.0,25800.1,25800.0,25800.1,2.585,66693.1813
2023-09-03 00:41:00,25800.1,25800.1,25800.0,25800.0,6.007,154981.0287
2023-09-03 00:42:00,25800.0,25800.1,25800.0,25800.0,0.56,14448.0409
2023-09-03 00:43:00,25800.0,25800.1,25800.0,25800.1,3.754,96853.4681
2023-09-03 00:44:00,25800.1,25808.1,25800.0,25808.1,42.571,1098609.6962
2023-09-03 00:45:00,25808.1,25808.1,25804.2,25804.3,20.261,522833.0974
2023-09-03 00:46:00,25804.3,25804.5,25804.2,25804.5,22.869,590118.6992
2023-09-03 00:47:00,25804.5,25804.5,25804.4,25804.4,0.408,10528.2236
2023-09-03 00:48:00,25804.4,25808.8,25804.4,25808.8,10.09,260380.3781
2023-09-03 00:49:00,25808.8,25812.2,25808.7,25812.2,8.101,209092.6775
2023-09-03 00:50:00,25812.2,25812.2,25812.1,25812.2,9.322,240620.9436
2023-09-03 00:51:00,25812.2,25812.2,25812.1,25812.1,9.591,247564.6786
2023-09-03 00:52:00,25812.1,25812.2,25812.1,25812.2,2.858,73771.2503
2023-09-03 00:53:00,25812.2,25820.9,25812.1,25820.9,26.63,687493.933
2023-09-03 00:54:00,25820.9,25829.4,25820.9,25823.8,57.475,1484271.4219
2023-09-03 00:55:00,25823.8,25823.8,25804.4,25804.4,22.865,590377.1982
2023-09-03 00:56:00,25804.4,25804.5,25804.4,25804.4,28.091,724873.3962
2023-09-03 00:57:00,25804.4,25804.5,25804.4,25804.4,6.363,164193.4322
2023-09-03 00:58:00,25804.4,25804.5,25804.4,25804.5,9.007,232421.0578
2023-09-03 00:59:00,25804.5,25804.5,25802.6,25802.6,5.437,140297.0984
2023-09-03 01:00:00,25802.6,25802.6,25800.0,25800.0,7.465,192600.2503
2023-09-03 01:01:00,25800.0,25804.2,25800.0,25804.2,11.436,295064.7626
2023-09-03 01:02:00,25804.2,25810.5,25804.1,25810.5,4.1,105813.0277
2023-09-03 01:03:00,25810.5,25817.0,25810.5,25817.0,10.5,271029.2825
2023-09-03 01:04:00,25817.0,25817.0,25816.9,25817.0,9.294,239942.6421
2023-09-03 01:05:00,25817.0,25823.5,25816.9,25823.4,50.901,1314152.0624
2023-09-03 01:06:00,25823.4,25823.5,25817.6,25817.6,7.724,199426.1106
2023-09-03 01:07:00,25817.6,25818.4,25815.0,25815.1,38.905,1004398.8338
2023-09-03 01:08:00,25815.1,25815.1,25815.0,25815.0,0.988,25505.2483
2023-09-03 01:09:00,25815.0,25819.0,25815.0,25818.9,7.946,205147.8206
2023-09-03 01:10:00,25818.9,25819.0,25816.3,25817.3,3.365,86872.5887
2023-09-03 01:11:00,25817.3,25820.0,25817.3,25819.9,4.21,108696.6689
2023-09-03 01:12:00,25819.9,25822.0,25819.9,25821.9,2.109,54456.8958
2023-09-03 01:13:00,25821.9,25822.0,25821.9,25821.9,25.211,650996.1902
2023-09-03 01:14:00,25821.9,25822.0,25821.9,25821.9,7.986,206214.4481
2023-09-03 01:15:00,25821.9,25822.0,25817.8,25817.8,22.599,583521.6681
2023-09-03 01:16:00,25817.8,25817.9,25817.8,25817.9,2.628,67849.2807
2023-09-03 01:17:00,25817.9,25822.1,25817.8,25822.0,15.983,412667.995
2023-09-03 01:18:00,25822.0,25834.2,25822.0,25834.1,55.458,1432345.9645
2023-09-03 01:19:00,25834.1,25834.2,25828.8,25828.9,22.51,581506.8698
2023-09-03 01:20:00,25828.9,25828.9,25828.8,25828.8,1.564,40396.2561
2023-09-03 01:21:00,25828.8,25831.4,25828.8,25831.3,7.517,194160.6238
2023-09-03 01:22:00,25831.3,25833.8,25831.3,25833.8,4.379,113120.8478
2023-09-03 01:23:00,25833.8,25833.8,25833.7,25833.8,3.521,90960.7488
2023-09-03 01:24:00,25833.8,25833.8,25825.7,25825.7,9.186,237303.2994
2023-09-03 01:25:00,25825.7,25825.8,25820.1,25820.1,3.425,88444.2178
2023-09-03 01:26:00,25820.1,25820.2,25820.1,25820.1,1.278,32998.1364
2023-09-03 01:27:00,25820.1,25830.0,25820.1,25830.0,74.721,1929816.3692
2023-09-03 01:28:00,25830.0,25830.0,25822.4,25822.4,13.81,356628.8167
2023-09-03 01:29:00,25822.4,25822.5,25822.4,25822.4,1.997,51567.3893
2023-09-03 01:30:00,25822.4,25822.5,25814.7,25814.7,16.567,427724.1992
2023-09-03 01:31:00,25814.7,25814.8,25809.5,25809.5,2.33,60139.6629
2023-09-03 01:32:00,25809.5,25816.9,25809.5,25816.9,8.233,212496.0692
2023-09-03 01:33:00,25816.9,25816.9,25813.9,25813.9,3.91,100935.9587
2023-09-03 01:34:00,25813.9,25813.9,25810.1,25810.2,26.286,678475.0818
2023-09-03 01:35:00,25810.2,25810.6,25810.1,25810.5,2.961,76424.7972
2023-09-03 01:36:00,25810.5,25815.6,25810.5,25815.6,7.022,181251.7348
2023-09-03 01:37:00,25815.6,25815.6,25815.5,25815.5,0.787,20316.8156
2023-09-03 01:38:00,25815.5,25815.6,25815.5,25815.5,1.259,32501.7205
2023-09-03 01:39:00,25815.5,25826.1,25815.5,25820.8,46.057,1189309.9472
2023-09-03 01:40:00,25820.8,25824.0,25820.8,25823.9,2.925,75532.5518
2023-09-03 01:41:00,25823.9,25825.8,25823.9,25825.8,3.254,84033.3047
2023-09-03 01:42:00,25825.8,25825.8,25825.7,25825.8,4.151,107202.7949
2023-09-03 01:43:00,25825.8,25825.8,25825.7,25825.8,7.462,192712.0945
2023-09-03 01:44:00,25825.8,25825.8,25825.7,25825.8,3.492,90183.4598
2023-09-03 01:45:00,25825.8,25827.9,25825.7,25826.9,9.605,248071.5172
2023-09-03 01:46:00,25826.9,25827.0,25826.1,25826.1,0.672,17355.3752
2023-09-03 01:47:00,25826.1,25826.2,25826.1,25826.1,2.045,52814.4957
2023-09-03 01:48:00,25826.1,25826.2,25826.1,25826.1,0.776,20041.1262
2023-09-03 01:49:00,25826.1,25827.0,25826.1,25826.9,11.366,293545.4745
2023-09-03 01:50:00,25826.9,25830.8,25826.9,25830.8,18.065,466595.4084
2023-09-03 01:51:00,25830.8,25836.6,25830.7,25836.5,8.897,229849.1078
2023-09-03 01:52:00,25836.5,25836.6,25836.5,25836.5,7.738,199923.2904
2023-09-03 01:53:00,25836.5,25836.6,25836.5,25836.5,0.933,24105.5447
2023-09-03 01:54:00,25836.5,25836.5,25825.5,25825.6,33.152,856285.3311
2023-09-03 01:55:00,25825.6,25825.6,25819.0,25819.0,6.697,172931.8808
2023-09-03 01:56:00,25819.0,25819.1,25815.4,25815.4,7.177,185300.997
2023-09-03 01:57:00,25815.4,25815.5,25815.4,25815.5,3.896,100576.8288
2023-09-03 01:58:00,25815.5,25815.5,25815.4,25815.4,0.371,9577.5406
2023-09-03 01:59:00,25815.4,25815.5,25815.4,25815.5,7.183,185432.0347
2023-09-03 02:00:00,25815.5,25815.5,25815.4,25815.4,1.512,39032.9137
2023-09-03 02:01:00,25815.4,25815.5,25815.4,25815.4,4.185,108037.5652
2023-09-03 02:02:00,25815.4,25818.3,25815.4,25818.2,4.327,111712.2541
2023-09-03 02:03:00,25818.2,25818.3,25818.2,25818.2,3.12,80552.8472
2023-09-03 02:04:00,25818.2,25818.3,25818.2,25818.3,1.468,37901.166
2023-09-03 02:05:00,25818.3,25818.3,25805.9,25809.3,21.994,567810.9631
2023-09-03 02:06:00,25809.3,25809.7,25809.3,25809.7,1.065,27487.0897
2023-09-03 02:07:00,25809.7,25823.3,25809.7,25823.3,12.86,332028.5828
2023-09-03 02:08:00,25823.3,25823.3,25823.2,25823.3,3.138,81033.2646
2023-09-03 02:09:00,25823.3,25830.0,25823.2,25830.0,12.61,325652.2914
2023-09-03 02:10:00,25830.0,25830.0,25826.1,25826.1,4.998,129095.1018
2023-09-03 02:11:00,25826.1,25826.2,25826.1,25826.2,2.377,61388.6518
2023-09-03 02:12:00,25826.2,25826.2,25826.1,25826.1,1.313,33909.6711
2023-09-03 02:13:00,25826.1,25826.2,25826.1,25826.2,0.612,15805.6309
2023-09-03 02:14:00,25826.2,25826.2,25826.1,25826.1,1.976,51032.4877
2023-09-03 02:15:00,25826.1,25826.2,25822.7,25822.8,4.702,121430.344
2023-09-03 02:16:00,25822.8,25822.8,25822.7,25822.7,1.414,36513.392
2023-09-03 02:17:00,25822.7,25822.8,25822.7,25822.7,3.281,84724.4771
2023-09-03 02:18:00,25822.7,25830.0,25822.7,25830.0,6.875,177553.1941
2023-09-03 02:19:00,25830.0,25830.0,25829.9,25829.9,2.544,65711.5144
2023-09-03 02:20:00,25829.9,25831.2,25829.9,25831.2,22.671,585601.0837
2023-09-03 02:21:00,25831.2,25834.0,25831.2,25834.0,3.445,88991.8959
2023-09-03 02:22:00,25834.0,25837.0,25833.9,25836.9,13.259,342569.138
2023-09-03 02:23:00,25836.9,25837.7,25832.0,25832.0,9.345,241443.931
2023-09-03 02:24:00,25832.0,25832.1,25832.0,25832.0,4.044,104464.6182
2023-09-03 02:25:00,25832.0,25838.0,25832.0,25837.9,58.118,1501318.2434
2023-09-03 02:26:00,25837.9,25838.0,25837.9,25837.9,1.134,29300.2144
2023-09-03 02:27:00,25837.9,25838.0,25837.0,25837.0,13.555,350224.467
2023-09-03 02:28:00,25837.0,25837.1,25835.6,25836.0,95.181,2459074.863
2023-09-03 02:29:00,25836.0,25844.9,25836.0,25843.0,86.069,2224168.0026
2023-09-03 02:30:00,25843.0,25843.0,25833.3,25833.3,18.858,487277.0551
2023-09-03 02:31:00,25833.3,25833.4,25833.3,25833.3,2.165,55929.159
2023-09-03 02:32:00,25833.3,25833.4,25833.3,25833.3,0.479,12374.1795
2023-09-03 02:33:00,25833.3,25833.4,25833.3,25833.3,3.379,87291.0428
2023-09-03 02:34:00,25833.3,25833.4,25833.3,25833.3,0.183,4727.502
2023-09-03 02:35:00,25833.3,25833.4,25833.2,25833.2,1.361,35159.0971
2023-09-03 02:36:00,25833.2,25833.2,25831.2,25831.2,4.156,107355.7535
2023-09-03 02:37:00,25831.2,25838.1,25831.2,25838.1,34.224,884175.4517
2023-09-03 02:38:00,25838.1,25843.1,25838.0,25839.8,7.247,187272.4893
2023-09-03 02:39:00,25839.8,25839.8,25838.0,25838.1,4.614,119216.8846
2023-09-03 02:40:00,25838.1,25838.1,25838.0,25838.0,3.389,87565.0117
2023-09-03 02:41:00,25838.0,25838.1,25838.0,25838.0,3.816,98597.9168
2023-09-03 02:42:00,25838.0,25838.9,25838.0,25838.7,7.449,192469.9667
2023-09-03 02:43:00,25838.7,25840.7,25838.7,25840.6,14.695,379708.2586
2023-09-03 02:44:00,25840.6,25858.0,25840.6,25851.6,169.477,4381576.192
2023-09-03 02:45:00,25851.6,25851.7,25851.6,25851.6,0.627,16208.9789
2023-09-03 02:46:00,25851.6,25851.7,25851.6,25851.7,31.076,803364.4227
2023-09-03 02:47:00,25851.7,25858.6,25851.6,25858.6,21.669,560196.568
2023-09-03 02:48:00,25858.6,25858.6,25858.1,25858.2,1.799,46519.4354
2023-09-03 02:49:00,25858.2,25872.7,25858.2,25867.0,104.012,2690510.2346
2023-09-03 02:50:00,25867.0,25867.1,25856.2,25857.4,10.869,281072.4539
2023-09-03 02:51:00,25857.4,25857.4,25854.4,25854.4,4.834,124989.56
2023-09-03 02:52:00,25854.4,25854.4,25845.0,25845.1,23.189,599430.1019
2023-09-03 02:53:00,25845.1,25845.1,25845.0,25845.0,2.91,75209.0282
2023-09-03 02:54:00,25845.0,25845.0,25836.6,25836.6,14.706,380038.0782
2023-09-03 02:55:00,25836.6,25853.1,25836.6,25853.0,18.373,474836.5012
2023-09-03 02:56:00,25853.0,25853.1,25852.0,25852.1,9.708,250976.6309
2023-09-03 02:57:00,25852.1,25856.8,25852.0,25856.7,8.195,211865.7373
2023-09-03 02:58:00,25856.7,25895.1,25851.1,25858.4,289.294,7485068.3722
2023-09-03 02:59:00,25858.4,25859.6,25858.4,25859.6,7.951,205604.8921
2023-09-03 03:00:00,25859.6,25859.6,25859.5,25859.5,3.218,83215.991
2023-09-03 03:01:00,25859.5,25859.6,25859.5,25859.6,3.079,79621.5994
2023-09-03 03:02:00,25859.6,25859.6,25859.5,25859.6,7.298,188722.7154
2023-09-03 03:03:00,25859.6,25859.6,25855.3,25855.3,13.323,344524.3676
2023-09-03 03:04:00,25855.3,25855.3,25852.0,25852.0,15.235,393864.7401
2023-09-03 03:05:00,25852.0,25852.0,25839.1,25845.9,35.598,920036.7076
2023-09-03 03:06:00,25845.9,25859.9,25845.9,25859.9,27.8,718647.3855
2023-09-03 03:07:00,25859.9,25859.9,25859.8,25859.9,4.288,110887.0729
2023-09-03 03:08:00,25859.9,25859.9,25859.8,25859.8,7.355,190199.5559
2023-09-03 03:09:00,25859.8,25859.9,25859.8,25859.9,2.579,66692.6275
2023-09-03 03:10:00,25859.9,25876.7,25859.9,25871.0,63.248,1636405.5107
2023-09-03 03:11:00,25871.0,25874.0,25870.9,25872.6,49.248,1274155.858
2023-09-03 03:12:00,25872.6,25872.6,25870.0,25870.0,4.734,122473.7145
2023-09-03 03:13:00,25870.0,25870.0,25869.4,25869.5,4.026,104151.6161
2023-09-03 03:14:00,25869.5,25869.5,25863.7,25863.8,36.793,951716.5676
2023-09-03 03:15:00,25863.8,25863.8,25863.0,25863.7,26.16,676584.4276
2023-09-03 03:16:00,25863.7,25863.8,25856.2,25856.2,12.883,333189.2866
2023-09-03 03:17:00,25856.2,25856.3,25856.2,25856.2,0.759,19624.8594
2023-09-03 03:18:00,25856.2,25859.2,25856.2,25859.2,3.845,99418.9569
2023-09-03 03:19:00,25859.2,25859.7,25859.2,25859.7,1.303,33695.1059
2023-09-03 03:20:00,25859.7,25859.7,25859.0,25859.0,7.594,196377.3605
2023-09-03 03:21:00,25859.0,25859.0,25847.1,25847.1,11.43,295506.9812
2023-09-03 03:22:00,25847.1,25847.1,25839.7,25839.7,101.045,2611295.5834
2023-09-03 03:23:00,25839.7,25839.8,25839.7,25839.7,3.316,85684.4473
2023-09-03 03:24:00,25839.7,25839.8,25839.7,25839.8,1.313,33927.637
2023-09-03 03:25:00,25839.8,25839.9,25839.7,25839.9,0.358,9250.633
2023-09-03 03:26:00,25839.9,25844.0,25839.9,25843.9,10.652,275251.7417
2023-09-03 03:27:00,25843.9,25844.0,25843.9,25843.9,2.531,65410.9124
2023-09-03 03:28:00,25843.9,25848.0,25843.9,25848.0,8.908,230229.6132
2023-09-03 03:29:00,25848.0,25848.0,25847.9,25848.0,1.916,49524.6599
2023-09-03 03:30:00,25848.0,25848.0,25841.3,25841.3,96.23,2487159.4702
2023-09-03 03:31:00,25841.3,25841.3,25837.9,25837.9,11.935,308388.9369
2023-09-03 03:32:00,25837.9,25845.3,25837.9,25839.4,10.093,260815.3548
2023-09-03 03:33:00,25839.4,25839.5,25838.6,25838.6,3.027,78213.6172
2023-09-03 03:34:00,25838.6,25838.7,25838.6,25838.6,3.696,95499.6678
2023-09-03 03:35:00,25838.6,25838.6,25837.9,25838.0,11.295,291842.0022
2023-09-03 03:36:00,25838.0,25838.0,25837.9,25837.9,5.494,141953.434
2023-09-03 03:37:00,25837.9,25838.0,25837.9,25837.9,1.487,38420.96
2023-09-03 03:38:00,25837.9,25838.0,25837.9,25837.9,1.205,31134.6697
2023-09-03 03:39:00,25837.9,25838.0,25837.9,25838.0,1.811,46792.5745
2023-09-03 03:40:00,25838.0,25845.0,25837.9,25845.0,27.987,723176.7451
2023-09-03 03:41:00,25845.0,25845.0,25841.5,25841.5,24.08,622328.4494
2023-09-03 03:42:00,25841.5,25841.6,25841.5,25841.6,0.434,11215.2391
2023-09-03 03:43:00,25841.6,25841.6,25841.5,25841.5,0.144,3721.1789
2023-09-03 03:44:00,25841.5,25841.6,25841.5,25841.5,0.728,18812.6397
2023-09-03 03:45:00,25841.5,25844.7,25841.5,25844.6,3.527,91144.1483
2023-09-03 03:46:00,25844.6,25845.0,25844.6,25845.0,2.227,57556.7455
2023-09-03 03:47:00,25845.0,25845.0,25844.9,25844.9,0.668,17264.4082
2023-09-03 03:48:00,25844.9,25845.0,25844.9,25844.9,0.906,23415.5502
2023-09-03 03:49:00,25844.9,25844.9,25843.5,25843.6,10.351,267518.4555
2023-09-03 03:50:00,25843.6,25843.6,25841.4,25841.4,4.193,108361.2386
2023-09-03 03:51:00,25841.4,25841.4,25836.0,25836.0,24.919,643858.4121
2023-09-03 03:52:00,25836.0,25836.1,25836.0,25836.0,2.189,56555.0394
2023-09-03 03:53:00,25836.0,25836.1,25836.0,25836.0,6.862,177286.6683
2023-09-03 03:54:00,25836.0,25836.1,25836.0,25836.0,3.566,92131.1849
2023-09-03 03:55:00,25836.0,25836.1,25836.0,25836.0,0.89,22994.0564
2023-09-03 03:56:00,25836.0,25836.1,25836.0,25836.1,6.011,155300.2872
2023-09-03 03:57:00,25836.1,25836.1,25836.0,25836.0,4.683,120990.0024
2023-09-03 03:58:00,25836.0,25836.1,25836.0,25836.0,0.833,21521.4132
2023-09-03 03:59:00,25836.0,25836.1,25836.0,25836.0,2.843,73451.8909
2023-09-03 04:00:00,25836.0,25836.1,25836.0,25836.1,0.401,10360.2664
2023-09-03 04:01:00,25836.1,25836.1,25836.0,25836.0,1.326,34258.5961
2023-09-03 04:02:00,25836.0,25840.9,25836.0,25840.9,4.555,117687.3226
2023-09-03 04:03:00,25840.9,25840.9,25840.8,25840.9,2.017,52121.092
2023-09-03 04:04:00,25840.9,25840.9,25840.8,25840.9,2.525,65248.2656
2023-09-03 04:05:00,25840.9,25840.9,25840.8,25840.8,0.35,9044.3058
2023-09-03 04:06:00,25840.8,25840.9,25840.8,25840.9,0.5,12920.4334
2023-09-03 04:07:00,25840.9,25840.9,25833.0,25833.0,40.037,1034415.7989
2023-09-03 04:08:00,25833.0,25837.3,25833.0,25837.3,1.692,43710.0434
2023-09-03 04:09:00,25837.3,25838.4,25837.2,25838.3,3.601,93042.884
2023-09-03 04:10:00,25838.3,25838.4,25838.3,25838.4,6.245,161360.7822
2023-09-03 04:11:00,25838.4,25838.4,25838.3,25838.3,2.925,75577.0836
2023-09-03 04:12:00,25838.3,25838.4,25838.1,25838.1,8.804,227480.2541
2023-09-03 04:13:00,25838.1,25838.2,25837.8,25837.9,5.217,134797.3207
2023-09-03 04:14:00,25837.9,25837.9,25834.8,25834.9,3.08,79579.1458
2023-09-03 04:15:00,25834.9,25837.9,25834.8,25837.9,6.966,179982.177
2023-09-03 04:16:00,25837.9,25837.9,25837.8,25837.8,2.171,56093.8724
2023-09-03 04:17:00,25837.8,25837.9,25837.8,25837.8,2.562,66196.5555
2023-09-03 04:18:00,25837.8,25837.9,25837.8,25837.8,0.577,14908.4155
2023-09-03 04:19:00,25837.8,25837.9,25837.8,25837.9,1.811,46792.4367
2023-09-03 04:20:00,25837.9,25837.9,25837.8,25837.9,0.14,3617.3049
2023-09-03 04:21:00,25837.9,25837.9,25837.8,25837.8,0.315,8138.9077
2023-09-03 04:22:00,25837.8,25839.7,25837.8,25839.6,4.463,115315.3278
2023-09-03 04:23:00,25839.6,25839.8,25839.6,25839.8,3.797,98113.4217
2023-09-03 04:24:00,25839.8,25840.3,25839.8,25840.2,1.773,45814.3044
2023-09-03 04:25:00,25840.2,25841.9,25840.2,25841.9,3.705,95742.4839
2023-09-03 04:26:00,25841.9,25841.9,25841.8,25841.9,0.508,13127.685
2023-09-03 04:27:00,25841.9,25851.8,25841.8,25851.8,15.73,406582.7403
2023-09-03 04:28:00,25851.8,25851.8,25851.7,25851.8,0.259,6695.6046
2023-09-03 04:29:00,25851.8,25851.8,25851.7,25851.8,3.407,88076.8385
2023-09-03 04:30:00,25851.8,25851.8,25851.7,25851.8,1.571,40613.1746
2023-09-03 04:31:00,25851.8,25851.8,25851.7,25851.7,1.7,43947.9823
2023-09-03 04:32:00,25851.7,25851.7,25845.7,25845.8,8.784,227075.7474
2023-09-03 04:33:00,25845.8,25845.8,25844.1,25844.1,5.087,131476.6008
2023-09-03 04:34:00,25844.1,25844.2,25843.1,25843.2,24.214,625767.7705
2023-09-03 04:35:00,25843.2,25843.2,25843.1,25843.1,1.077,27833.0194
2023-09-03 04:36:00,25843.1,25843.2,25843.1,25843.2,2.823,72955.3524
2023-09-03 04:37:00,25843.2,25843.2,25843.1,25843.1,1.159,29952.1538
2023-09-03 04:38:00,25843.1,25843.2,25843.1,25843.2,0.239,6176.5142
2023-09-03 04:39:00,25843.2,25849.7,25843.1,25849.6,4.195,108414.5487
2023-09-03 04:40:00,25849.6,25849.7,25849.6,25849.6,5.686,146981.0578
2023-09-03 04:41:00,25849.6,25849.7,25849.6,25849.6,2.457,63512.4814
2023-09-03 04:42:00,25849.6,25850.9,25849.6,25850.9,6.708,173400.2937
2023-09-03 04:43:00,25850.9,25852.9,25850.9,25852.8,1.994,51549.3776
2023-09-03 04:44:00,25852.8,25853.0,25852.8,25853.0,1.036,26783.5856
2023-09-03 04:45:00,25853.0,25858.2,25852.9,25858.1,4.096,105896.763
2023-09-03 04:46:00,25858.1,25877.1,25858.1,25877.0,39.615,1024774.2555
2023-09-03 04:47:00,25877.0,25877.1,25867.1,25874.3,135.634,3509207.5673
2023-09-03 04:48:00,25874.3,25874.3,25869.6,25869.6,11.066,286309.6807
2023-09-03 04:49:00,25869.6,25869.7,25867.1,25867.1,14.475,374440.6887
2023-09-03 04:50:00,25867.1,25867.5,25867.1,25867.5,7.153,185028.1718
2023-09-03 04:51:00,25867.5,25872.3,25867.4,25872.3,19.735,510564.1952
2023-09-03 04:52:00,25872.3,25878.0,25870.6,25878.0,15.947,412583.6723
2023-09-03 04:53:00,25878.0,25892.0,25878.0,25886.1,56.429,1460773.7557
2023-09-03 04:54:00,25886.1,25886.1,25884.7,25884.7,11.059,286269.7085
2023-09-03 04:55:00,25884.7,25884.8,25880.8,25880.8,4.735,122551.5368
2023-09-03 04:56:00,25880.8,25880.8,25875.5,25875.5,9.071,234747.9267
2023-09-03 04:57:00,25875.5,25875.6,25873.2,25873.2,3.564,92216.2534
2023-09-03 04:58:00,25873.2,25876.3,25873.2,25876.2,8.853,229058.9685
2023-09-03 04:59:00,25876.2,25876.3,25876.2,25876.3,0.516,13352.1547
2023-09-03 05:00:00,25876.3,25876.3,25868.5,25868.5,19.644,508235.5616
2023-09-03 05:01:00,25868.5,25868.6,25866.7,25866.7,5.371,138934.6518
2023-09-03 05:02:00,25866.7,25866.8,25865.4,25865.4,7.673,198472.8434
2023-09-03 05:03:00,25865.4,25866.6,25864.9,25866.6,9.786,253115.8533
2023-09-03 05:04:00,25866.6,25866.7,25866.6,25866.6,5.958,154113.3494
2023-09-03 05:05:00,25866.6,25866.7,25862.5,25862.5,20.26,524022.4104
2023-09-03 05:06:00,25862.5,25862.5,25852.7,25852.7,11.322,292739.9824
2023-09-03 05:07:00,25852.7,25852.8,25850.8,25850.9,8.271,213817.1135
2023-09-03 05:08:00,25850.9,25853.7,25850.8,25853.7,2.256,58323.3121
2023-09-03 05:09:00,25853.7,25853.7,25853.6,25853.7,0.51,13185.3527
2023-09-03 05:10:00,25853.7,25854.1,25853.6,25854.0,5.225,135085.9982
2023-09-03 05:11:00,25854.0,25854.1,25854.0,25854.1,0.783,20243.7144
2023-09-03 05:12:00,25854.1,25854.1,25853.3,25853.4,3.686,95297.9778
2023-09-03 05:13:00,25853.4,25853.4,25853.3,25853.4,2.335,60367.5623
2023-09-03 05:14:00,25853.4,25854.5,25853.3,25854.5,2.562,66237.2896
2023-09-03 05:15:00,25854.5,25854.5,25854.4,25854.5,0.35,9049.0555
2023-09-03 05:16:00,25854.5,25854.5,25854.4,25854.5,3.353,86689.9205
2023-09-03 05:17:00,25854.5,25854.5,25851.0,25851.0,13.625,352262.8524
2023-09-03 05:18:00,25851.0,25851.1,25850.0,25850.0,3.161,81714.093
2023-09-03 05:19:00,25850.0,25850.1,25848.2,25848.3,4.307,111330.6636
2023-09-03 05:20:00,25848.3,25849.8,25848.2,25849.7,2.881,74470.5943
2023-09-03 05:21:00,25849.7,25849.8,25849.7,25849.8,3.299,85278.2942
2023-09-03 05:22:00,25849.8,25849.8,25849.7,25849.8,0.497,12847.3063
2023-09-03 05:23:00,25849.8,25849.8,25846.8,25846.8,32.903,850517.8281
2023-09-03 05:24:00,25846.8,25846.9,25845.9,25846.0,39.316,1016164.0677
2023-09-03 05:25:00,25846.0,25846.0,25845.9,25845.9,4.232,109379.9147
2023-09-03 05:26:00,25845.9,25845.9,25845.7,25845.8,35.973,929753.2315
2023-09-03 05:27:00,25845.8,25851.6,25845.7,25851.6,25.492,658883.4404
2023-09-03 05:28:00,25851.6,25854.0,25851.5,25854.0,3.2,82727.6052
2023-09-03 05:29:00,25854.0,25857.7,25854.0,25857.7,8.395,217074.5466
2023-09-03 05:30:00,25857.7,25860.0,25857.6,25860.0,6.441,166559.3097
2023-09-03 05:31:00,25860.0,25860.2,25847.2,25847.2,37.019,957052.3078
2023-09-03 05:32:00,25847.2,25851.4,25847.2,25851.3,16.772,433559.5398
2023-09-03 05:33:00,25851.3,25851.4,25845.2,25845.2,35.72,923262.4243
2023-09-03 05:34:00,25845.2,25849.9,25845.2,25847.9,16.583,428632.4383
2023-09-03 05:35:00,25847.9,25852.6,25847.9,25852.6,28.667,741002.915
2023-09-03 05:36:00,25852.6,25852.6,25852.5,25852.5,1.505,38908.1598
2023-09-03 05:37:00,25852.5,25852.6,25845.8,25850.4,23.785,614859.3098
2023-09-03 05:38:00,25850.4,25858.0,25850.4,25858.0,43.706,1129896.8746
2023-09-03 05:39:00,25858.0,25858.0,25857.9,25857.9,5.566,143925.6155
2023-09-03 05:40:00,25857.9,25858.0,25857.9,25857.9,9.359,242004.9802
2023-09-03 05:41:00,25857.9,25858.0,25855.4,25855.4,6.648,171902.5824
2023-09-03 05:42:00,25855.4,25855.5,25852.4,25852.4,5.044,130413.6763
2023-09-03 05:43:00,25852.4,25854.4,25852.4,25854.4,2.571,66470.2236
2023-09-03 05:44:00,25854.4,25855.2,25854.3,25855.1,4.723,122113.2102
2023-09-03 05:45:00,25855.1,25857.9,25855.1,25857.9,9.361,242051.3907
2023-09-03 05:46:00,25857.9,25857.9,25857.8,25857.8,1.88,48612.6956
2023-09-03 05:47:00,25857.8,25857.9,25857.8,25857.9,0.198,5119.849
2023-09-03 05:48:00,25857.9,25857.9,25857.8,25857.8,0.61,15773.3182
2023-09-03 05:49:00,25857.8,25857.9,25857.8,25857.9,0.234,6050.7378
2023-09-03 05:50:00,25857.9,25857.9,25857.8,25857.8,0.188,4861.2731
2023-09-03 05:51:00,25857.8,25857.9,25840.0,25841.6,56.048,1448800.7807
2023-09-03 05:52:00,25841.6,25844.0,25841.6,25843.6,13.607,351656.0917
2023-09-03 05:53:00,25843.6,25843.7,25841.0,25841.0,9.371,242169.3533
2023-09-03 05:54:00,25841.0,25849.2,25841.0,25849.1,23.571,609261.0499
2023-09-03 05:55:00,25849.1,25849.2,25848.0,25848.0,3.433,88736.8115
2023-09-03 05:56:00,25848.0,25848.1,25848.0,25848.0,5.289,136710.3023
2023-09-03 05:57:00,25848.0,25848.1,25848.0,25848.1,0.699,18067.764
2023-09-03 05:58:00,25848.1,25848.1,25848.0,25848.1,0.734,18972.4601
2023-09-03 05:59:00,25848.1,25848.1,25848.0,25848.1,1.01,26106.5781
2023-09-03 06:00:00,25848.1,25848.1,25841.6,25841.6,19.34,499880.7727
2023-09-03 06:01:00,25841.6,25841.7,25826.4,25826.4,73.198,1891087.9332
2023-09-03 06:02:00,25826.4,25826.5,25812.0,25816.7,61.603,1590430.6292
2023-09-03 06:03:00,25816.7,25831.5,25816.7,25828.7,71.814,1854583.0235
2023-09-03 06:04:00,25828.7,25828.7,25828.6,25828.7,6.014,155333.6537
2023-09-03 06:05:00,25828.7,25833.7,25828.6,25833.7,19.447,502331.8188
2023-09-03 06:06:00,25833.7,25836.8,25833.6,25836.8,5.97,154242.3306
2023-09-03 06:07:00,25836.8,25836.8,25836.7,25836.7,2.589,66891.268
2023-09-03 06:08:00,25836.7,25836.8,25836.7,25836.8,3.241,83736.8983
2023-09-03 06:09:00,25836.8,25836.8,25836.7,25836.7,0.67,17310.6287
2023-09-03 06:10:00,25836.7,25836.8,25836.7,25836.7,1.707,44103.4085
2023-09-03 06:11:00,25836.7,25838.9,25836.7,25838.9,3.408,88051.8347
2023-09-03 06:12:00,25838.9,25842.2,25838.8,25842.2,7.933,205000.4497
2023-09-03 06:13:00,25842.2,25842.2,25834.2,25834.2,35.539,918286.0276
2023-09-03 06:14:00,25834.2,25834.2,25834.1,25834.1,1.091,28185.0049
2023-09-03 06:15:00,25834.1,25838.0,25834.1,25838.0,4.216,108922.5413
2023-09-03 06:16:00,25838.0,25838.0,25837.9,25837.9,0.964,24907.7402
2023-09-03 06:17:00,25837.9,25838.0,25837.9,25837.9,3.391,87616.3227
2023-09-03 06:18:00,25837.9,25838.0,25837.9,25837.9,3.149,81363.8598
2023-09-03 06:19:00,25837.9,25843.5,25837.9,25843.4,4.424,114315.3494
2023-09-03 06:20:00,25843.4,25843.9,25843.4,25843.9,1.048,27084.3946
2023-09-03 06:21:00,25843.9,25843.9,25843.8,25843.9,1.447,37396.0277
2023-09-03 06:22:00,25843.9,25843.9,25843.8,25843.9,0.462,11939.8774
2023-09-03 06:23:00,25843.9,25843.9,25843.8,25843.9,2.233,57709.4279
2023-09-03 06:24:00,25843.9,25843.9,25843.8,25843.9,0.709,18323.3214
2023-09-03 06:25:00,25843.9,25852.7,25843.9,25851.1,47.236,1221010.0898
2023-09-03 06:26:00,25851.1,25851.5,25851.1,25851.5,3.043,78665.0518
2023-09-03 06:27:00,25851.5,25856.9,25851.4,25856.8,7.929,204994.702
2023-09-03 06:28:00,25856.8,25857.9,25856.8,25857.9,1.259,32554.4047
2023-09-03 06:29:00,25857.9,25858.1,25857.9,25858.1,1.329,34365.3482
2023-09-03 06:30:00,25858.1,25859.6,25858.0,25858.2,6.239,161334.3381
2023-09-03 06:31:00,25858.2,25858.7,25858.2,25858.7,0.673,17402.7975
2023-09-03 06:32:00,25858.7,25863.8,25858.6,25863.8,6.752,174610.6871
2023-09-03 06:33:00,25863.8,25865.3,25863.7,25865.3,7.485,193597.73
2023-09-03 06:34:00,25865.3,25878.6,25865.2,25878.6,57.489,1487415.5464
2023-09-03 06:35:00,25878.6,25884.7,25871.2,25871.3,48.601,1257851.7674
2023-09-03 06:36:00,25871.3,25875.2,25867.7,25875.2,28.422,735262.8608
2023-09-03 06:37:00,25875.2,25875.2,25874.0,25874.1,4.068,105255.9038
2023-09-03 06:38:00,25874.1,25874.1,25872.2,25872.2,5.895,152523.3251
2023-09-03 06:39:00,25872.2,25872.3,25872.2,25872.3,4.277,110655.4974
2023-09-03 06:40:00,25872.3,25872.3,25872.2,25872.3,5.262,136139.8831
2023-09-03 06:41:00,25872.3,25882.0,25872.3,25882.0,15.346,397102.3943
2023-09-03 06:42:00,25882.0,25895.1,25881.9,25895.1,31.292,810178.0711
2023-09-03 06:43:00,25895.1,25895.1,25885.1,25886.4,25.061,648907.9857
2023-09-03 06:44:00,25886.4,25886.4,25885.3,25885.4,4.282,110842.5818
2023-09-03 06:45:00,25885.4,25887.0,25885.3,25887.0,4.863,125881.4458
2023-09-03 06:46:00,25887.0,25888.0,25872.7,25872.7,35.013,906152.4143
2023-09-03 06:47:00,25872.7,25876.3,25872.7,25876.2,2.092,54132.374
2023-09-03 06:48:00,25876.2,25876.3,25876.2,25876.2,1.506,38969.5908
2023-09-03 06:49:00,25876.2,25876.3,25876.2,25876.2,3.31,85650.2359
2023-09-03 06:50:00,25876.2,25876.3,25876.2,25876.2,2.905,75170.3789
2023-09-03 06:51:00,25876.2,25876.3,25876.1,25876.1,3.834,99209.3666
2023-09-03 06:52:00,25876.1,25876.2,25876.1,25876.2,0.178,4605.9526
2023-09-03 06:53:00,25876.2,25876.2,25876.1,25876.1,1.86,48129.605
2023-09-03 06:54:00,25876.1,25879.3,25876.1,25879.2,3.129,80971.029
2023-09-03 06:55:00,25879.2,25879.3,25879.2,25879.3,0.488,12629.0718
2023-09-03 06:56:00,25879.3,25879.3,25876.0,25876.0,11.979,310005.3944
2023-09-03 06:57:00,25876.0,25876.1,25876.0,25876.0,1.357,35113.7584
2023-09-03 06:58:00,25876.0,25876.1,25861.6,25862.2,23.059,596515.1395
2023-09-03 06:59:00,25862.2,25865.5,25862.1,25865.5,32.757,847181.1173
2023-09-03 07:00:00,25865.5,25865.5,25865.4,25865.4,20.943,541700.9406
2023-09-03 07:01:00,25865.4,25865.5,25865.4,25865.4,0.431,11148.0055
2023-09-03 07:02:00,25865.4,25865.5,25865.4,25865.4,9.756,252343.0214
2023-09-03 07:03:00,25865.4,25865.5,25865.4,25865.4,0.991,25632.6605
2023-09-03 07:04:00,25865.4,25865.5,25865.4,25865.5,2.207,57085.0392
2023-09-03 07:05:00,25865.5,25865.5,25865.4,25865.4,0.905,23408.238
2023-09-03 07:06:00,25865.4,25865.5,25860.1,25860.1,39.093,1011135.2149
2023-09-03 07:07:00,25860.1,25860.1,25855.0,25855.0,9.948,257225.9174
2023-09-03 07:08:00,25855.0,25856.0,25850.1,25850.1,5.434,140480.8965
2023-09-03 07:09:00,25850.1,25854.6,25849.4,25854.6,9.998,258462.1576
2023-09-03 07:10:00,25854.6,25858.4,25854.6,25858.4,3.282,84860.5233
2023-09-03 07:11:00,25858.4,25858.4,25850.7,25850.8,3.938,101806.3407
2023-09-03 07:12:00,25850.8,25850.8,25844.6,25846.0,6.679,172631.527
2023-09-03 07:13:00,25846.0,25846.1,25846.0,25846.1,3.271,84542.5111
2023-09-03 07:14:00,25846.1,25850.2,25846.0,25850.2,6.099,157648.7737
2023-09-03 07:15:00,25850.2,25850.2,25843.7,25843.8,7.783,201148.8077
2023-09-03 07:16:00,25843.8,25843.8,25843.6,25843.7,1.542,39850.8554
2023-09-03 07:17:00,25843.7,25843.7,25843.6,25843.7,2.092,54065.0191
2023-09-03 07:18:00,25843.7,25843.7,25843.6,25843.6,2.945,76109.4384
2023-09-03 07:19:00,25843.6,25843.9,25843.6,25843.7,5.302,137023.9157
2023-09-03 07:20:00,25843.7,25845.1,25843.7,25845.0,34.783,898922.6915
2023-09-03 07:21:00,25845.0,25850.0,25845.0,25845.5,6.637,171555.1286
2023-09-03 07:22:00,25845.5,25849.7,25845.5,25849.6,1.36,35153.4399
2023-09-03 07:23:00,25849.6,25850.0,25848.7,25849.8,5.788,149617.5749
2023-09-03 07:24:00,25849.8,25849.9,25849.8,25849.8,0.242,6255.6704
2023-09-03 07:25:00,25849.8,25850.2,25849.8,25850.2,6.125,158330.9559
2023-09-03 07:26:00,25850.2,25850.9,25850.2,25850.9,1.627,42058.5049
2023-09-03 07:27:00,25850.9,25850.9,25850.8,25850.9,2.469,63825.8482
2023-09-03 07:28:00,25850.9,25852.0,25850.9,25852.0,1.966,50823.2712
2023-09-03 07:29:00,25852.0,25852.0,25851.9,25852.0,0.884,22853.121
2023-09-03 07:30:00,25852.0,25852.0,25843.6,25847.8,22.16,572801.7021
2023-09-03 07:31:00,25847.8,25847.9,25847.8,25847.9,0.18,4652.6205
2023-09-03 07:32:00,25847.9,25847.9,25847.8,25847.9,0.612,15818.9041
2023-09-03 07:33:00,25847.9,25847.9,25847.8,25847.9,0.73,18868.9452
2023-09-03 07:34:00,25847.9,25847.9,25843.6,25847.8,11.733,303250.7637
2023-09-03 07:35:00,25847.8,25850.5,25847.8,25848.7,4.892,126455.5484
2023-09-03 07:36:00,25848.7,25848.8,25845.6,25845.6,7.482,193394.126
2023-09-03 07:37:00,25845.6,25845.6,25843.3,25844.2,20.356,526097.1943
2023-09-03 07:38:00,25844.2,25846.1,25844.1,25846.1,1.239,32022.2957
2023-09-03 07:39:00,25846.1,25850.4,25846.1,25850.4,2.35,60742.2851
2023-09-03 07:40:00,25850.4,25851.3,25850.3,25851.3,5.391,139361.981
2023-09-03 07:41:00,25851.3,25851.3,25851.2,25851.2,6.314,163224.5851
2023-09-03 07:42:00,25851.2,25851.3,25851.2,25851.2,0.672,17372.0683
2023-09-03 07:43:00,25851.2,25855.2,25851.2,25855.2,5.516,142608.1181
2023-09-03 07:44:00,25855.2,25856.0,25855.2,25856.0,4.13,106785.1492
2023-09-03 07:45:00,25856.0,25856.1,25855.9,25856.1,0.816,21098.4685
2023-09-03 07:46:00,25856.1,25860.0,25856.1,25860.0,8.616,222806.4304
2023-09-03 07:47:00,25860.0,25860.0,25859.9,25859.9,1.047,27075.418
2023-09-03 07:48:00,25859.9,25860.0,25859.9,25859.9,10.432,269770.4973
2023-09-03 07:49:00,25859.9,25861.2,25859.9,25861.2,3.516,90926.1958
2023-09-03 07:50:00,25861.2,25861.2,25861.1,25861.2,0.038,982.7251
2023-09-03 07:51:00,25861.2,25862.9,25861.1,25862.8,2.68,69311.2019
2023-09-03 07:52:00,25862.8,25862.9,25862.8,25862.9,1.815,46941.163
2023-09-03 07:53:00,25862.9,25862.9,25862.8,25862.8,0.856,22138.6401
2023-09-03 07:54:00,25862.8,25864.5,25862.8,25864.5,3.453,89306.0433
2023-09-03 07:55:00,25864.5,25864.6,25864.5,25864.6,1.148,29692.4611
2023-09-03 07:56:00,25864.6,25872.0,25864.5,25870.9,25.31,654742.3733
2023-09-03 07:57:00,25870.9,25870.9,25870.8,25870.9,0.303,7838.8698
2023-09-03 07:58:00,25870.9,25870.9,25870.8,25870.9,3.766,97429.7616
2023-09-03 07:59:00,25870.9,25870.9,25870.8,25870.9,1.281,33140.5578
2023-09-03 08:00:00,25870.9,25870.9,25870.8,25870.9,1.596,41289.8395
2023-09-03 08:01:00,25870.9,25870.9,25870.8,25870.8,7.579,196074.8144
2023-09-03 08:02:00,25870.8,25870.8,25864.0,25864.1,7.819,202268.5814
2023-09-03 08:03:00,25864.1,25864.1,25864.0,25864.0,1.006,26019.2081
2023-09-03 08:04:00,25864.0,25864.1,25864.0,25864.1,0.426,11018.0649
2023-09-03 08:05:00,25864.1,25867.9,25864.0,25867.9,5.04,130356.8022
2023-09-03 08:06:00,25867.9,25867.9,25867.8,25867.9,0.457,11821.5943
2023-09-03 08:07:00,25867.9,25867.9,25867.8,25867.8,0.519,13425.3955
2023-09-03 08:08:00,25867.8,25867.9,25867.8,25867.9,0.352,9105.4823
2023-09-03 08:09:00,25867.9,25867.9,25861.2,25861.2,13.861,358508.531
2023-09-03 08:10:00,25861.2,25861.3,25861.2,25861.3,0.402,10396.2247
2023-09-03 08:11:00,25861.3,25863.1,25861.2,25863.1,6.518,168570.3063
2023-09-03 08:12:00,25863.1,25863.1,25863.0,25863.0,0.335,8664.135
2023-09-03 08:13:00,25863.0,25863.1,25863.0,25863.0,0.003,77.5891
2023-09-03 08:14:00,25863.0,25866.2,25858.0,25866.1,52.125,1347953.7158
2023-09-03 08:15:00,25866.1,25866.2,25866.1,25866.1,1.09,28194.0918
2023-09-03 08:16:00,25866.1,25866.1,25854.0,25854.0,18.657,482459.2861
2023-09-03 08:17:00,25854.0,25854.0,25846.7,25849.9,28.3,731480.2688
2023-09-03 08:18:00,25849.9,25854.0,25849.9,25854.0,1.379,35648.5812
2023-09-03 08:19:00,25854.0,25855.3,25854.0,25855.2,1.97,50933.6618
2023-09-03 08:20:00,25855.2,25855.3,25855.2,25855.3,2.918,75445.4899
2023-09-03 08:21:00,25855.3,25855.3,25850.0,25850.0,10.873,281094.9767
2023-09-03 08:22:00,25850.0,25850.1,25850.0,25850.0,0.327,8452.9508
2023-09-03 08:23:00,25850.0,25850.1,25850.0,25850.0,1.476,38154.6167
2023-09-03 08:24:00,25850.0,25850.1,25850.0,25850.0,1.482,38309.7399
2023-09-03 08:25:00,25850.0,25850.1,25850.0,25850.0,1.004,25953.4416
2023-09-03 08:26:00,25850.0,25850.1,25850.0,25850.0,1.17,30244.601
2023-09-03 08:27:00,25850.0,25850.1,25850.0,25850.0,1.389,35905.7211
2023-09-03 08:28:00,25850.0,25850.1,25850.0,25850.0,1.917,49554.4865
2023-09-03 08:29:00,25850.0,25850.0,25841.4,25845.2,44.325,1145574.5099
2023-09-03 08:30:00,25845.2,25845.3,25845.2,25845.3,1.723,44531.4047
2023-09-03 08:31:00,25845.3,25845.3,25845.2,25845.2,5.703,147395.504
2023-09-03 08:32:00,25845.2,25849.8,25845.2,25849.6,13.549,350187.161
2023-09-03 08:33:00,25849.6,25852.7,25849.5,25852.7,4.013,103736.7421
2023-09-03 08:34:00,25852.7,25858.6,25852.6,25858.6,1.576,40745.083
2023-09-03 08:35:00,25858.6,25859.9,25858.6,25859.9,0.677,17506.8523
2023-09-03 08:36:00,25859.9,25859.9,25859.8,25859.9,1.545,39953.5415
2023-09-03 08:37:00,25859.9,25859.9,25859.8,25859.9,0.509,13162.6666
2023-09-03 08:38:00,25859.9,25859.9,25859.8,25859.9,0.506,13085.1069
2023-09-03 08:39:00,25859.9,25859.9,25859.8,25859.9,6.824,176467.9448
2023-09-03 08:40:00,25859.9,25859.9,25859.8,25859.9,0.532,13757.4365
2023-09-03 08:41:00,25859.9,25859.9,25859.8,25859.9,0.141,3646.2338
2023-09-03 08:42:00,25859.9,25859.9,25858.2,25858.2,10.22,264283.4797
2023-09-03 08:43:00,25858.2,25858.3,25858.2,25858.2,0.478,12360.2197
2023-09-03 08:44:00,25858.2,25858.2,25858.2,25858.2,0.266,6878.2812
2023-09-03 08:45:00,25858.2,25858.3,25851.2,25851.3,19.662,508368.0974
2023-09-03 08:46:00,25851.3,25851.3,25851.2,25851.3,1.108,28643.1297
2023-09-03 08:47:00,25851.3,25851.3,25851.2,25851.2,3.72,96166.7663
2023-09-03 08:48:00,25851.2,25851.3,25841.8,25841.8,18.858,487425.1199
2023-09-03 08:49:00,25841.8,25841.9,25841.8,25841.9,2.133,55120.6964
2023-09-03 08:50:00,25841.9,25841.9,25841.8,25841.9,2.788,72046.9656
2023-09-03 08:51:00,25841.9,25845.7,25841.9,25845.7,3.06,79077.7409
2023-09-03 08:52:00,25845.7,25845.7,25845.6,25845.6,19.38,500887.7321
2023-09-03 08:53:00,25845.6,25845.7,25845.6,25845.6,4.269,110334.8916
2023-09-03 08:54:00,25845.6,25845.7,25845.6,25845.7,0.537,13879.1314
2023-09-03 08:55:00,25845.7,25845.7,25843.1,25843.1,3.027,78232.1163
2023-09-03 08:56:00,25843.1,25843.1,25840.1,25840.1,10.881,281177.5827
2023-09-03 08:57:00,25840.1,25844.4,25840.1,25843.2,13.484,348479.1047
2023-09-03 08:58:00,25843.2,25843.2,25841.2,25841.2,2.333,60288.4837
2023-09-03 08:59:00,25841.2,25841.3,25841.1,25841.2,2.211,57134.9178
2023-09-03 09:00:00,25841.2,25841.2,25840.0,25840.0,4.915,127005.2864
2023-09-03 09:01:00,25840.0,25840.1,25840.0,25840.0,2.889,74651.7944
2023-09-03 09:02:00,25840.0,25843.8,25840.0,25843.8,8.956,231432.9053
2023-09-03 09:03:00,25843.8,25843.8,25843.7,25843.7,4.075,105313.4745
2023-09-03 09:04:00,25843.7,25843.8,25840.1,25840.1,2.389,61737.7033
2023-09-03 09:05:00,25840.1,25843.9,25840.1,25843.9,8.04,207768.0475
2023-09-03 09:06:00,25843.9,25843.9,25843.8,25843.8,1.641,42409.803
2023-09-03 09:07:00,25843.8,25843.9,25843.8,25843.9,1.221,31555.2871
2023-09-03 09:08:00,25843.9,25843.9,25843.8,25843.9,0.233,6021.6227
2023-09-03 09:09:00,25843.9,25843.9,25843.8,25843.9,3.592,92831.0618
2023-09-03 09:10:00,25843.9,25843.9,25843.9,25843.9,0.0,0.0
2023-09-03 09:11:00,25843.9,25843.9,25843.8,25843.8,1.552,40109.5826
2023-09-03 09:12:00,25843.8,25843.9,25843.8,25843.9,7.654,197809.2093
2023-09-03 09:13:00,25843.9,25843.9,25843.8,25843.9,3.461,89445.7276
2023-09-03 09:14:00,25843.9,25844.6,25843.9,25844.6,7.15,184786.0123
2023-09-03 09:15:00,25844.6,25844.6,25843.8,25843.8,6.273,162121.0719
2023-09-03 09:16:00,25843.8,25843.9,25843.8,25843.8,0.659,17031.102
2023-09-03 09:17:00,25843.8,25843.9,25843.8,25843.8,3.107,80296.7186
2023-09-03 09:18:00,25843.8,25843.8,25843.7,25843.7,11.84,305989.8147
2023-09-03 09:19:00,25843.7,25843.8,25840.0,25840.0,3.435,88764.6691
