startTime,openPrice,highPrice,lowPrice,closePrice,volume,turnover
1717180200000,67338.4,67360.9,67338.4,67341.3,15.993,1077087.3851
1717180260000,67341.3,67350.9,67290,67290.1,94.478,6359551.0155
1717180320000,67290.1,67314,67200,67264.6,233.264,15684774.7968
1717180380000,67264.6,67284.3,67206.1,67206.1,115.411,7759828.247
1717180440000,67206.1,67221.4,67202.3,67219.4,75.957,5105106.8087
1717180500000,67219.4,67278.8,67219.4,67278.8,73.085,4914870.0128
1717180560000,67278.8,67402.8,67278.7,67364.6,200.612,13509254.4114
1717180620000,67364.6,67379.1,67356.1,67366,47.825,3221947.3528
1717180680000,67366,67390.5,67365.9,67378.2,19.746,1330463.626
1717180740000,67378.2,67429,67378.1,67404.5,41.451,2794206.8463
1717180800000,67404.5,67430,67372.5,67385,51.711,3485342.7496
1717180860000,67385,67424.2,67384.9,67400.7,23.607,1591337.8231
1717180920000,67400.7,67400.8,67392.7,67392.7,14.139,952954.8733
1717180980000,67392.7,67437.5,67377,67414.1,32.383,2183190.6803
1717181040000,67414.1,67460.9,67414,67460.8,51.738,3489001.0243
1717181100000,67460.8,67463.4,67416.2,67436.3,28.585,1927927.3986
1717181160000,67436.3,67450,67421,67442.6,24.927,1681198.8544
1717181220000,67442.6,67445.6,67422.2,67422.3,20.665,1393564.6586
1717181280000,67422.3,67438.8,67405.3,67413.4,7.958,536494.5085
1717181340000,67413.4,67452.4,67413.3,67429.7,12.613,850505.4201
1717181400000,67429.7,67432.4,67418.2,67418.2,6.19,417368.1529
1717181460000,67418.2,67429.5,67388,67388.1,22.319,1504454.1275
1717181520000,67388.1,67400,67388,67388,6.485,437028.512
1717181580000,67388,67388.1,67371.6,67371.7,23.643,1593098.5846
1717181640000,67371.7,67386.3,67359,67386.2,19.06,1284075.9722
1717181700000,67386.2,67387.8,67367.6,67381.9,4.462,300635.2351
1717181760000,67381.9,67400.1,67381.9,67395.1,8.195,552297.8285
1717181820000,67395.1,67447.9,67395.1,67447.9,21.67,1461137.0254
1717181880000,67447.9,67464,67445.3,67448.3,27.899,1881912.2995
1717181940000,67448.3,67448.3,67432,67443.9,14.351,967821.831
1717182000000,67443.9,67450.9,67416.5,67422.8,12.566,847255.302
1717182060000,67422.8,67455.7,67407.8,67450.2,18.67,1259045.3246
1717182120000,67450.2,67450.2,67405.1,67405.2,9.21,620959.8825
1717182180000,67405.2,67409.4,67384.1,67384.2,12.597,848982.6294
1717182240000,67384.2,67393.6,67384.1,67386.5,30.076,2026705.2968
1717182300000,67386.5,67415.5,67384.1,67384.2,26.28,1771374.8885
1717182360000,67384.2,67403.3,67371.3,67403.2,27.277,1837942.3993
1717182420000,67403.2,67420.6,67396,67414.8,12.357,832916.9207
1717182480000,67414.8,67444.2,67397.1,67444.2,17.25,1162913.4989
1717182540000,67444.2,67447.8,67415.2,67425.6,24.755,1669184.8885
1717182600000,67425.6,67425.6,67415.1,67419.8,5.965,402143.4724
1717182660000,67419.8,67428.9,67416.1,67416.1,10.334,696751.4913
1717182720000,67416.1,67416.1,67415.2,67415.3,2.883,194358.2102
1717182780000,67415.3,67435.7,67415.2,67435.7,11.098,748242.9611
1717182840000,67435.7,67469.2,67435.7,67469.2,29.402,1983474.1643
1717182900000,67469.2,67469.2,67415.1,67415.1,82.061,5536264.1968
1717182960000,67415.1,67415.2,67415.1,67415.2,7.023,473456.5517
1717183020000,67415.2,67443.1,67413.8,67413.9,88.132,5942883.9495
1717183080000,67413.9,67442.8,67413.8,67428.4,125.955,8493138.2321
1717183140000,67428.4,67457.2,67428.4,67457.2,33.812,2280042.5745
1717183200000,67457.2,67464.2,67408.1,67408.2,50.441,3401031.9008
1717183260000,67408.2,67410.3,67389.1,67403.2,41.771,2815315.5718
1717183320000,67403.2,67427.7,67403.2,67424.8,20.175,1360178.9919
1717183380000,67424.8,67434.1,67421.5,67434,4.505,303761.6199
1717183440000,67434,67469,67434,67469,34.218,2308272.9649
1717183500000,67469,67532.5,67468.9,67510,107.624,7264843.7208
1717183560000,67510,67532.8,67494.5,67532.8,35.249,2379948.7876
1717183620000,67532.8,67598.9,67532.2,67577.1,360.187,24336655.3731
1717183680000,67577.1,67639.9,67577,67603.1,235.642,15934271.0386
1717183740000,67603.1,67624.6,67567.9,67579.3,140.299,9484239.2015
1717183800000,67579.3,67608.4,67568.1,67575.8,65.161,4404003.921
1717183860000,67575.8,67575.8,67536.1,67536.9,38.705,2614623.1279
1717183920000,67536.9,67609.2,67536.8,67588,68.847,4652867.6795
1717183980000,67588,67648,67587.9,67616.7,58.217,3936822.9117
1717184040000,67616.7,67616.7,67566.4,67577.5,40.264,2721537.6904
1717184100000,67577.5,67627.9,67577.3,67627.8,106.222,7180639.7221
1717184160000,67627.8,67636.2,67600.4,67627.7,46.508,3144605.634
1717184220000,67627.7,67629.1,67605.8,67605.9,83.339,5635369.1518
1717184280000,67605.9,67609.9,67586.2,67586.3,13.321,900434.1554
1717184340000,67586.3,67633.9,67585,67625.5,41.058,2775796.4369
1717184400000,67625.5,67800,67625.5,67776.5,447.691,30318234.6303
1717184460000,67776.5,67776.9,67742.8,67771.7,170.85,11577683.0351
1717184520000,67771.7,67796.6,67746.7,67754.9,132.012,8946327.7075
1717184580000,67754.9,67913.9,67754.9,67895.2,362.256,24578838.2134
1717184640000,67895.2,67900,67808.3,67871.9,100.432,6815328.9692
1717184700000,67871.9,67956.2,67802.4,67928.2,320.065,21727672.1304
1717184760000,67928.2,67950,67812.8,67825.7,183.729,12471973.0579
1717184820000,67825.7,67848.9,67811.4,67814.4,40.814,2768274.1239
1717184880000,67814.4,67829.9,67787.2,67814.4,39.303,2664883.6707
1717184940000,67814.4,67850,67808.8,67833.1,36.43,2471284.1283
1717185000000,67833.1,67899,67825.1,67874.8,50.622,3435965.1511
1717185060000,67874.8,67999.8,67874.8,67910.1,143.433,9746354.2399
1717185120000,67910.1,67927.8,67902.9,67903,45.174,3067884.4841
1717185180000,67903,68072.5,67903,67998.8,358.01,24351445.7798
1717185240000,67998.8,68020,67950,67950,102.765,6986371.5732
1717185300000,67950,67979.2,67926.7,67942,60.517,4112410.0549
1717185360000,67942,67950,67902.7,67905.4,95.138,6461889.2375
1717185420000,67905.4,67942.7,67863.7,67863.7,60.358,4098169.2478
1717185480000,67863.7,67874.7,67830.2,67830.2,38.409,2606332.8957
1717185540000,67830.2,67830.2,67638,67705.9,294.301,19925776.4469
1717185600000,67705.9,67779.9,67692,67776.1,113.838,7712119.5552
1717185660000,67776.1,67827.2,67776.1,67808.2,49.085,3328065.245
1717185720000,67808.2,67808.2,67709.4,67742.1,82.744,5605968.2992
1717185780000,67742.1,67742.2,67694.7,67703.2,37.569,2543607.4897
1717185840000,67703.2,67810,67691.4,67803.5,71.344,4833235.2264
1717185900000,67803.5,67803.5,67750.2,67750.2,29.716,2014008.4006
1717185960000,67750.2,67750.3,67700.4,67700.5,21.565,1460661.4232
1717186020000,67700.5,67731.7,67700.5,67721.5,14.907,1009560.1624
1717186080000,67721.5,67733.2,67721.5,67726.1,38.977,2639888.8611
1717186140000,67726.1,67731.9,67703.9,67703.9,7.182,486355.7546
1717186200000,67703.9,67729.3,67663.6,67663.6,21.832,1477958.3227
1717186260000,67663.6,67666.7,67640,67665.8,24.483,1656416.7087
1717186320000,67665.8,67725.9,67665.8,67715.4,21.987,1488431.9224
1717186380000,67715.4,67732,67710,67732,8.585,581341.2118
1717186440000,67732,67732,67713.3,67719.2,13.48,912885.7723
1717186500000,67719.2,67740,67719.1,67739.9,18.784,1272304.266
1717186560000,67739.9,67740,67719.2,67719.2,13.786,933770.8398
1717186620000,67719.2,67731.4,67713.3,67719.9,9.867,668190.0646
1717186680000,67719.9,67736,67719.9,67731.7,5.788,392003.7057
1717186740000,67731.7,67731.7,67683,67685.1,16.82,1138799.9414
1717186800000,67685.1,67731,67685,67722.5,15.246,1032335.9484
1717186860000,67722.5,67735.2,67700.6,67709.3,14.339,970987.2745
1717186920000,67709.3,67723.5,67709.3,67717.6,10.963,742441.9403
1717186980000,67717.6,67717.6,67697.6,67697.6,8.523,577087.0833
1717187040000,67697.6,67697.7,67651.1,67651.1,26.546,1796599.5313
1717187100000,67651.1,67651.1,67621.2,67621.2,32.196,2177469.8677
1717187160000,67621.2,67700,67621.2,67694,22.529,1524524.097
1717187220000,67694,67700,67684.2,67691.6,8.511,576113.377
1717187280000,67691.6,67691.6,67660.7,67672.8,28.346,1918308.735
1717187340000,67672.8,67699,67672.8,67698.9,8.995,608851.8134
1717187400000,67698.9,67700,67663.5,67680.1,25.849,1749631.4178
1717187460000,67680.1,67688.3,67662.6,67675.1,10.371,701882.6271
1717187520000,67675.1,67715,67675.1,67714.1,15.369,1040490.5949
1717187580000,67714.1,67714.1,67684.4,67709.9,10.502,710980.8332
1717187640000,67709.9,67726.2,67680.1,67688.7,22.969,1555196.1166
1717187700000,67688.7,67688.7,67675,67675,4.464,302133.3805
1717187760000,67675,67692.3,67667.5,67692.3,6.805,460518.6351
1717187820000,67692.3,67692.3,67684.4,67684.4,9.709,657191.4365
1717187880000,67684.4,67690.9,67684.4,67684.5,3.594,243265.8956
1717187940000,67684.5,67716.6,67684.4,67697,13.844,937275.7419
1717188000000,67697,67705.9,67692.8,67705.8,10.161,687905.8682
1717188060000,67705.8,67705.9,67690,67690.1,3.918,265237.3339
1717188120000,67690.1,67702.4,67690,67702.4,4.427,299678.4002
1717188180000,67702.4,67738.7,67702.4,67735.6,40.494,2742529.0702
1717188240000,67735.6,67740,67730,67730.1,41.688,2823820.7901
1717188300000,67730.1,67781.1,67730,67763.7,31.658,2145100.594
1717188360000,67763.7,67763.7,67725.3,67737.5,8.796,595819.3303
1717188420000,67737.5,67737.5,67711.1,67711.1,16.001,1083663.2128
1717188480000,67711.1,67747.3,67711.1,67738.6,13.945,944519.0964
1717188540000,67738.6,67761.9,67730.3,67761.8,17.032,1153764.3137
1717188600000,67761.8,67761.9,67734,67734,3.584,242818.5258
1717188660000,67734,67735.4,67732,67735.3,6.787,459709.6026
1717188720000,67735.3,67740.9,67735.3,67740.9,3.669,248530.6363
1717188780000,67740.9,67740.9,67700.2,67700.2,16.583,1122945.3425
1717188840000,67700.2,67700.2,67645.3,67645.3,26.727,1808476.7589
1717188900000,67645.3,67661.9,67644.6,67655.6,18.654,1261969.0501
1717188960000,67655.6,67661.8,67646.6,67659.2,32.492,2198264.975
1717189020000,67659.2,67661.4,67650.4,67650.5,10.494,710015.3336
1717189080000,67650.5,67770,67650.5,67729.8,109.543,7418620.2813
1717189140000,67729.8,67740,67712,67740,56.526,3828399.8221
1717189200000,67740,67741.1,67739.9,67740.1,8.915,603905.9626
1717189260000,67740.1,67740.1,67740,67740,3.599,243796.4874
1717189320000,67740,67740.1,67696.6,67696.7,19.988,1353710.4708
1717189380000,67696.7,67696.7,67688.3,67688.4,31.681,2144607.8016
1717189440000,67688.4,67720,67667.5,67714.1,46.381,3139529.6864
1717189500000,67714.1,67714.1,67703.2,67703.2,11.799,798843.5382
1717189560000,67703.2,67703.3,67692.4,67702.6,18.516,1253516.6024
1717189620000,67702.6,67702.6,67693.8,67693.9,5.263,356289.0627
1717189680000,67693.9,67700,67691.6,67691.7,6.47,437986.1311
1717189740000,67691.7,67691.7,67691.6,67691.7,11.828,800656.6877
1717189800000,67691.7,67691.7,67691.6,67691.6,5.496,372033.2881
1717189860000,67691.6,67699.2,67691.6,67692.6,20.077,1359096.7696
1717189920000,67692.6,67694.6,67692.5,67694.6,8.355,565574.7393
1717189980000,67694.6,67719.6,67694.5,67716.8,35.51,2404178.4062
1717190040000,67716.8,67740,67716.8,67740,13.449,910856.5653
1717190100000,67740,67740,67712.7,67712.8,9.702,657133.5978
1717190160000,67712.8,67712.8,67695.3,67695.3,14.06,951864.8518
1717190220000,67695.3,67695.4,67676.8,67676.8,4.025,272444.6373
1717190280000,67676.8,67695,67676.8,67694.9,12.992,879331.8219
1717190340000,67694.9,67695,67683.1,67693.2,4.86,328972.3456
1717190400000,67693.2,67693.3,67676.8,67676.8,29.045,1965849.7506
1717190460000,67676.8,67676.9,67676.8,67676.9,10.483,709455.9222
1717190520000,67676.9,67676.9,67667.3,67667.4,19.141,1295365.555
1717190580000,67667.4,67667.4,67650,67650,22.525,1524048.1777
1717190640000,67650,67650,67635.1,67635.1,26.897,1819499.8373
1717190700000,67635.1,67635.2,67602.2,67602.6,57.016,3855656.0402
1717190760000,67602.6,67602.7,67550,67593.5,122.594,8284033.315
1717190820000,67593.5,67607.8,67593.5,67593.7,30.356,2052123.7501
1717190880000,67593.7,67627.4,67593.6,67627.4,21.879,1479202.039
1717190940000,67627.4,67651.8,67627.3,67651.8,16.476,1114371.1015
1717191000000,67651.8,67680,67651.7,67679.9,18.358,1242237.8919
1717191060000,67679.9,67698.7,67679.9,67698.7,6.003,406344.8773
1717191120000,67698.7,67700,67698.6,67699.9,3.425,231869.4928
1717191180000,67699.9,67701.8,67644,67644,40.889,2767229.0692
1717191240000,67644,67644.1,67591.9,67607.9,32.032,2165745.9133
1717191300000,67607.9,67619.9,67607.8,67619.9,8.661,585556.7214
1717191360000,67619.9,67633.9,67619.8,67633.7,31.78,2148968.735
1717191420000,67633.7,67645,67625,67636,12.342,834749.0551
1717191480000,67636,67636.1,67625,67631.4,15.086,1020249.3084
1717191540000,67631.4,67631.5,67630,67630,2.327,157377.4363
1717191600000,67630,67630.1,67605,67619.2,16.652,1125933.1881
1717191660000,67619.2,67619.8,67602,67602.1,28.007,1893614.2988
1717191720000,67602.1,67602.1,67590,67590.1,3.516,237679.992
1717191780000,67590.1,67590.1,67571.5,67573.3,32.979,2228558.532
1717191840000,67573.3,67573.3,67559.8,67569.3,12.686,857168.251
1717191900000,67569.3,67569.4,67536,67565.2,72.389,4889770.7026
1717191960000,67565.2,67568.8,67565.1,67565.1,7.08,478365.6422
1717192020000,67565.1,67565.2,67565.1,67565.1,6.256,422687.3144
1717192080000,67565.1,67568.8,67565.1,67568.7,4.906,331488.4522
1717192140000,67568.7,67576,67568.7,67576,6.54,441920.5014
1717192200000,67576,67661.6,67576,67657.9,18.842,1274206.988
1717192260000,67657.9,67657.9,67623.1,67627,9.798,662651.4159
1717192320000,67627,67637.5,67624.8,67624.9,5.845,395316.571
1717192380000,67624.9,67624.9,67624.8,67624.8,7.761,524836.6707
1717192440000,67624.8,67670.8,67624.8,67670.7,10.136,685688.8008
1717192500000,67670.7,67721.2,67658,67658.1,47.959,3246681.1414
1717192560000,67658.1,67658.1,67621.1,67645,25.759,1742240.4024
1717192620000,67645,67645,67641.2,67641.3,5.418,366498.715
1717192680000,67641.3,67641.3,67611.6,67611.6,13.134,888385.6839
1717192740000,67611.6,67611.6,67585,67585.1,7.779,525838.2957
1717192800000,67585.1,67607.2,67585.1,67604.3,15.889,1074046.8934
1717192860000,67604.3,67687.9,67604.2,67674.3,25.82,1746809.586
1717192920000,67674.3,67674.4,67605.9,67606,17.914,1211636.7315
1717192980000,67606,67638.9,67592.9,67638.9,13.207,892910.1115
1717193040000,67638.9,67646,67610.7,67617.3,65.609,4437111.3759
1717193100000,67617.3,67627.4,67596.7,67605.8,12.636,854397.0938
1717193160000,67605.8,67614.6,67600.8,67613.9,7.087,479154.353
1717193220000,67613.9,67630.7,67612.2,67612.2,10.89,736383.9754
1717193280000,67612.2,67627.8,67612.2,67622.1,6.14,415184.008
1717193340000,67622.1,67659.2,67622.1,67659.2,12.8,865769.5827
1717193400000,67659.2,67659.4,67647.1,67647.1,16.035,1084818.3791
1717193460000,67647.1,67658.5,67642.9,67647.7,13.039,882078.4967
1717193520000,67647.7,67658.2,67647.7,67651.9,4.82,326102.8936
1717193580000,67651.9,67659.9,67649.3,67650.2,8.081,546718.131
1717193640000,67650.2,67650.2,67650.1,67650.1,1.911,129279.4703
1717193700000,67650.1,67650.2,67646,67646.1,4.482,303204.9157
1717193760000,67646.1,67646.1,67625,67636.8,22.259,1505561.3929
1717193820000,67636.8,67673.7,67636.7,67666,33.986,2299540.9993
1717193880000,67666,67674.4,67665.9,67674.4,10.372,701855.0918
1717193940000,67674.4,67679.3,67662.2,67679.2,29.768,2014476.9089
1717194000000,67679.2,67679.3,67666,67666,6.396,432859.7128
1717194060000,67666,67666.1,67650,67650,3.837,259607.7076
1717194120000,67650,67660,67650,67660,5.683,384480.4807
1717194180000,67660,67660,67659.9,67660,1.121,75846.7898
1717194240000,67660,67667.9,67658.6,67667.6,8.605,582248.6145
1717194300000,67667.6,67667.6,67651.1,67651.2,7.773,525962.6265
1717194360000,67651.2,67651.2,67651.1,67651.1,1.395,94373.3473
1717194420000,67651.1,67662.2,67651.1,67662.2,6.359,430234.685
1717194480000,67662.2,67662.3,67657,67657.1,4.875,329842.9346
1717194540000,67657.1,67673.8,67650,67665.8,28.662,1939437.4999
1717194600000,67665.8,67665.8,67643.5,67643.6,1.97,133277.9017
1717194660000,67643.6,67655.2,67643.5,67643.8,10.465,707916.1454
1717194720000,67643.8,67643.8,67629.2,67629.4,9.187,621355.5762
1717194780000,67629.4,67629.5,67629.4,67629.4,7.075,478478.0421
1717194840000,67629.4,67629.5,67628.5,67628.6,10.19,689143.5599
1717194900000,67628.6,67653.7,67625,67653.7,34.62,2341801.4529
1717194960000,67653.7,67653.7,67650.1,67650.1,2.158,145992.0615
1717195020000,67650.1,67650.1,67633.4,67633.5,73.435,4967871.5833
1717195080000,67633.5,67633.5,67625.3,67625.3,11.853,801591.7393
1717195140000,67625.3,67625.3,67621.2,67621.2,12.339,834389.4453
1717195200000,67621.2,67621.3,67613.8,67613.8,32.982,2230132.0807
1717195260000,67613.8,67641.7,67613.8,67641.7,9.768,660623.1183
1717195320000,67641.7,67648.7,67635.6,67648.7,4.888,330641.0664
1717195380000,67648.7,67648.7,67645,67645.1,0.839,56754.9835
1717195440000,67645.1,67645.1,67639.9,67641,5.921,400497.7108
1717195500000,67641,67641,67640.9,67641,1.535,103828.8525
1717195560000,67641,67641,67631,67631.1,3.488,235921.0434
1717195620000,67631.1,67631.1,67630,67630,6.84,462589.2229
1717195680000,67630,67630.1,67595,67599.9,46.543,3146583.7523
1717195740000,67599.9,67599.9,67592.9,67593,9.009,608971.6802
1717195800000,67593,67618.3,67592.9,67614.9,5.304,358563.2627
1717195860000,67614.9,67628.8,67605,67605,9.391,634965.4363
1717195920000,67605,67605.1,67602.8,67602.9,5.271,356345.3077
1717195980000,67602.9,67607.9,67583.8,67607.8,25.829,1745832.3136
1717196040000,67607.8,67623,67603.4,67603.4,28.802,1947404.5263
1717196100000,67603.4,67603.4,67588,67588.1,13.813,933691.3666
1717196160000,67588.1,67605.8,67588,67605.7,4.665,315346.0745
1717196220000,67605.7,67605.8,67594.9,67595,4.696,317443.262
1717196280000,67595,67595,67570,67570,13.237,894599.536
1717196340000,67570,67570.1,67520.5,67522.5,84.725,5722695.9621
1717196400000,67522.5,67567.5,67517.6,67567.5,91.083,6150997.82
1717196460000,67567.5,67579.9,67546.9,67550.2,107.883,7288957.3033
1717196520000,67550.2,67573.4,67550.2,67569.9,32.625,2204144.6814
1717196580000,67569.9,67579.1,67555.6,67555.6,15.956,1078059.6571
1717196640000,67555.6,67574.7,67555.2,67560,35.531,2400641.0743
1717196700000,67560,67567,67559.9,67567,10.142,685197.5111
1717196760000,67567,67567,67566.9,67566.9,2.941,198714.4787
1717196820000,67566.9,67568.6,67566.9,67568.6,10.786,728780.0801
1717196880000,67568.6,67568.6,67323.5,67390.9,818.827,55196760.9304
1717196940000,67390.9,67475,67384.1,67445,51.479,3471479.9253
1717197000000,67445,67480,67445,67472.1,27.257,1839067.3744
1717197060000,67472.1,67472.1,67433.7,67453.1,35.361,2385080.5889
1717197120000,67453.1,67453.1,67428.3,67438.5,31.472,2122421.8815
1717197180000,67438.5,67438.6,67409.4,67428.8,21.259,1433286.5242
1717197240000,67428.8,67468.1,67428.8,67461.5,26.809,1808214.9309
1717197300000,67461.5,67465,67300,67345.2,129.087,8695296.4182
1717197360000,67345.2,67461.5,67337.4,67455.9,63.553,4283646.9524
1717197420000,67455.9,67475.5,67432.2,67475.4,33.152,2236063.8377
1717197480000,67475.4,67499.9,67475.4,67499.9,12.849,867183.6588
1717197540000,67499.9,67499.9,67401.9,67401.9,22.54,1520762.6388
1717197600000,67401.9,67401.9,67258.2,67342.1,125.122,8422076.5169
1717197660000,67342.1,67361.5,67306.8,67346.5,33.702,2269131.0655
1717197720000,67346.5,67352.1,67260,67301.9,135.234,9101933.3045
1717197780000,67301.9,67302,67286,67290,29.157,1962111.2983
1717197840000,67290,67333.9,67290,67333.9,39.305,2646114.3328
1717197900000,67333.9,67333.9,67250,67256.6,67.41,4534556.7778
1717197960000,67256.6,67319.6,67256.6,67319.6,27.856,1874492.5993
1717198020000,67319.6,67320,67291.1,67309.9,21.519,1448365.1453
1717198080000,67309.9,67309.9,67256.6,67256.6,33.129,2228980.5733
1717198140000,67256.6,67278.5,67246,67249.3,43.891,2951887.0423
1717198200000,67249.3,67314.1,67249.3,67312.7,30.913,2080202.1796
1717198260000,67312.7,67321.4,67283.5,67311.7,32.483,2186450.4872
1717198320000,67311.7,67340,67311.6,67340,19.923,1341371.4694
1717198380000,67340,67352.9,67334.8,67346,16.616,1118974.4331
1717198440000,67346,67349,67316.6,67327.7,17.391,1170963.2976
1717198500000,67327.7,67375,67327.7,67375,12.283,827271.4339
1717198560000,67375,67375.2,67352,67360.8,19.687,1326129.1715
1717198620000,67360.8,67360.8,67338.8,67355.9,5.218,351439.5482
1717198680000,67355.9,67376.3,67355.9,67363.9,27.362,1843336.0448
1717198740000,67363.9,67381,67358.6,67358.7,10.645,717211.8551
1717198800000,67358.7,67366,67340.1,67347.1,12.657,852473.8943
1717198860000,67347.1,67371,67347.1,67371,22.381,1507514.113
1717198920000,67371,67399.9,67368.7,67399.9,25.763,1735922.0327
1717198980000,67399.9,67409.4,67382.4,67394.8,12.325,830674.3417
1717199040000,67394.8,67599.7,67394.8,67521.4,478.37,32290838.6094
1717199100000,67521.4,67566.8,67490,67549,84.571,5711196.4157
1717199160000,67549,67610.5,67548.5,67573,57.883,3911985.816
1717199220000,67573,67590,67548.4,67563.1,29.967,2024932.7021
1717199280000,67563.1,67572,67542.3,67563.6,16.396,1107590.7054
1717199340000,67563.6,67563.6,67546.1,67546.2,3.992,269676.2177
1717199400000,67546.2,67566.4,67540,67549,12.056,814449.0722
1717199460000,67549,67553.5,67534.2,67534.2,21.531,1454302.8857
1717199520000,67534.2,67550,67530,67549.9,19.602,1323869.696
1717199580000,67549.9,67588.4,67549.9,67583.6,28.109,1899154.3397
1717199640000,67583.6,67620,67583.6,67590.5,63.386,4285265.0658
1717199700000,67590.5,67590.6,67567,67577.4,21.918,1481159.7987
1717199760000,67577.4,67582.8,67570.1,67570.1,8.038,543179.625
1717199820000,67570.1,67586,67570,67586,4.147,280260.4783
1717199880000,67586,67586,67566.3,67570,13.711,926551.576
1717199940000,67570,67571.7,67537.3,67555.8,86.245,5826318.187
1717200000000,67555.8,67605.7,67555.8,67591.2,28.715,1940756.5831
1717200060000,67591.2,67603.6,67572.8,67580.1,11.659,788014.2974
1717200120000,67580.1,67600,67569,67599.9,7.96,537997.9159
1717200180000,67599.9,67635.4,67590,67628.5,91.815,6208572.5887
1717200240000,67628.5,67659.6,67618.3,67659.5,42.345,2864439.711
1717200300000,67659.5,67735.6,67650,67663.2,242.751,16434292.02
1717200360000,67663.2,67666.1,67648.7,67666,30.151,2039957.5705
1717200420000,67666,67720.1,67666,67679.2,38.665,2617304.7019
1717200480000,67679.2,67689.4,67661.9,67662,40.275,2725709.1727
1717200540000,67662,67662,67624.8,67624.8,42.685,2887342.9937
1717200600000,67624.8,67644,67624.7,67638.6,14.503,980912.927
1717200660000,67638.6,67657,67624.4,67626.5,30.733,2078544.4617
1717200720000,67626.5,67626.5,67593.4,67593.4,19.362,1309027.1597
1717200780000,67593.4,67598.4,67572.7,67572.8,28.142,1901810.5586
1717200840000,67572.8,67600,67572.8,67596.4,5.749,388565.4244
1717200900000,67596.4,67596.5,67563.5,67569.4,11.691,789967.7143
1717200960000,67569.4,67569.5,67541.4,67549.1,24.391,1647704.5211
1717201020000,67549.1,67549.1,67520.8,67520.8,29.037,1961055.338
1717201080000,67520.8,67538.7,67520,67532,9.332,630150.1514
1717201140000,67532,67542.8,67526.9,67542.7,20.694,1397557.3731
1717201200000,67542.7,67542.8,67515.7,67515.7,11.938,806140.6127
1717201260000,67515.7,67540.3,67513.9,67540.3,12.167,821511.971
1717201320000,67540.3,67540.3,67518.4,67519.9,6.351,428859.4998
1717201380000,67519.9,67520,67518.7,67520,9.221,622591.1846
1717201440000,67520,67525,67520,67524.9,11.126,751258.676
1717201500000,67524.9,67540,67524.3,67540,17.844,1204968.353
1717201560000,67540,67558.7,67539.9,67557.4,15.216,1027839.3937
1717201620000,67557.4,67557.4,67553.6,67553.6,3.464,234016.2885
1717201680000,67553.6,67574.1,67550.1,67574,16.453,1111597.4733
1717201740000,67574,67577,67563,67577,10.454,706404.8461
1717201800000,67577,67629.6,67576.9,67606.9,48.523,3280583.9367
1717201860000,67606.9,67639.9,67606.5,67637.8,8.765,592788.2805
1717201920000,67637.8,67646.4,67631,67631,17.923,1212247.3823
1717201980000,67631,67648.9,67617.5,67648.9,9.762,660236.5173
1717202040000,67648.9,67652.4,67619.9,67620,16.469,1113977.6478
1717202100000,67620,67620,67582.8,67594.4,12.174,822860.3064
1717202160000,67594.4,67594.4,67560.7,67561.2,33.105,2237031.0903
1717202220000,67561.2,67593.4,67561.1,67590,8.6,581235.0096
1717202280000,67590,67609.6,67589.9,67600,20.711,1400075.7885
1717202340000,67600,67600.1,67591.8,67599.7,10.086,681791.8333
1717202400000,67599.7,67609.2,67592.4,67609.2,5.436,367492.5104
1717202460000,67609.2,67643.9,67609.2,67643.9,36.879,2494029.0206
1717202520000,67643.9,67643.9,67621.4,67629.5,9.749,659411.0449
1717202580000,67629.5,67629.6,67607.9,67609.8,5.56,375958.9479
1717202640000,67609.8,67623.9,67607.7,67623.8,3.954,267332.3707
1717202700000,67623.8,67631.5,67613.2,67613.3,7.609,514512.5737
1717202760000,67613.3,67688.7,67613.3,67675.6,50.017,3384047.3493
1717202820000,67675.6,67675.6,67654.6,67660.1,17.82,1205825.7541
1717202880000,67660.1,67660.1,67642.3,67642.3,19.2,1299012.2781
1717202940000,67642.3,67672.1,67635.4,67661.7,19.998,1353013.0176
1717203000000,67661.7,67687.5,67661.7,67682.2,10.231,692383.2997
1717203060000,67682.2,67702.6,67682.2,67698.5,18.132,1227392.8115
1717203120000,67698.5,67698.5,67682.9,67682.9,8.236,557522.0269
1717203180000,67682.9,67696.2,67682.9,67691.8,7.042,476680.2997
1717203240000,67691.8,67691.8,67685.7,67685.8,2.905,196630.6898
1717203300000,67685.8,67685.8,67665.7,67665.9,8.588,581214.0839
1717203360000,67665.9,67666,67660,67660.1,4.018,271871.4709
1717203420000,67660.1,67660.1,67660,67660.1,2.29,154941.5085
1717203480000,67660.1,67660.1,67660,67660,4.161,281533.5917
1717203540000,67660,67670,67660,67668.7,11.4,771359.4387
1717203600000,67668.7,67673.1,67663.1,67664,6.79,459462.6976
1717203660000,67664,67681.1,67660,67675.2,12.159,822858.7136
1717203720000,67675.2,67683,67672,67682.9,5.749,389087.2706
1717203780000,67682.9,67698.8,67682.9,67698.7,6.619,448050.7313
1717203840000,67698.7,67728.9,67692,67694.7,38.763,2624607.7974
1717203900000,67694.7,67711.4,67690.5,67690.6,12.708,860314.0565
1717203960000,67690.6,67700.1,67672.1,67672.2,15.383,1041216.8054
1717204020000,67672.2,67672.2,67636,67636.1,17.729,1199361.4443
1717204080000,67636.1,67636.1,67606.5,67606.5,17.031,1151627.3679
1717204140000,67606.5,67654.1,67606.5,67654.1,8.128,549707.0185
1717204200000,67654.1,67680,67654.1,67668.2,17.797,1204373.4822
1717204260000,67668.2,67668.2,67633.6,67633.7,25.823,1747034.0756
1717204320000,67633.7,67633.7,67624.7,67624.7,12.384,837551.9652
1717204380000,67624.7,67641,67624.7,67640.9,11.252,760967.0207
1717204440000,67640.9,67641,67625.7,67625.8,10.574,715207.9174
1717204500000,67625.8,67649.9,67618.4,67618.4,16.738,1132008.2439
1717204560000,67618.4,67618.5,67612.5,67612.6,7.351,497042.1437
1717204620000,67612.6,67612.6,67603,67603,9.108,615745.0902
1717204680000,67603,67608,67603,67604.7,10.878,735399.697
1717204740000,67604.7,67612.6,67569.4,67569.4,44.594,3014239.7108
1717204800000,67569.4,67584.5,67565.3,67565.3,13.609,919651.7749
1717204860000,67565.3,67579.6,67550.1,67550.2,41.132,2779219.1953
1717204920000,67550.2,67568.1,67530,67540.8,64.871,4381742.8113
1717204980000,67540.8,67574.7,67540.8,67558.8,22.782,1539118.5569
1717205040000,67558.8,67583.1,67548.9,67570.5,15.519,1048586.3819
1717205100000,67570.5,67570.6,67561.6,67561.9,13.701,925708.0534
1717205160000,67561.9,67600,67561.9,67587.4,18.884,1276342.1553
1717205220000,67587.4,67587.5,67577.3,67586.1,12.327,833043.6456
1717205280000,67586.1,67599.7,67586.1,67588.6,18.416,1244824.6893
1717205340000,67588.6,67588.6,67588.5,67588.5,0.967,65358.1113
1717205400000,67588.5,67612.6,67588.5,67612.6,4.498,304093.5913
1717205460000,67612.6,67612.6,67588.7,67588.7,34.068,2303178.8771
1717205520000,67588.7,67593.1,67581.2,67590.8,3.407,230267.4689
1717205580000,67590.8,67610.3,67590.8,67610.2,4.62,312319.6233
1717205640000,67610.2,67610.3,67596.9,67596.9,16.646,1125376.084
1717205700000,67596.9,67597.2,67590,67597.1,2.567,173514.8686
1717205760000,67597.1,67597.2,67584,67584,2.884,194923.9376
1717205820000,67584,67586.4,67577.2,67586.4,9.165,619371.5074
1717205880000,67586.4,67587.3,67462.1,67466,140.936,9516497.9962
1717205940000,67466,67519.2,67466,67484.9,38.253,2581512.44
1717206000000,67484.9,67504.1,67456.9,67499.8,53.598,3616908.2078
1717206060000,67499.8,67511.9,67487,67504.4,19.143,1292100.9971
1717206120000,67504.4,67504.5,67488.9,67489,10.557,712599.5715
1717206180000,67489,67505.9,67476,67495.4,18.906,1275921.7344
1717206240000,67495.4,67531.4,67494.3,67523.1,28.978,1956412.3927
1717206300000,67523.1,67547.7,67523,67547.7,12.313,831586.6648
1717206360000,67547.7,67560.5,67537.7,67554.5,34.763,2348383.2073
1717206420000,67554.5,67554.5,67554.4,67554.4,0.691,46680.1271
1717206480000,67554.4,67574.3,67554.4,67564.6,13.736,927995.1823
1717206540000,67564.6,67564.6,67546.7,67549.7,9.058,611906.9417
1717206600000,67549.7,67549.7,67538.3,67542,8.815,595403.1656
1717206660000,67542,67559.9,67542,67559.9,4.963,335224.7042
1717206720000,67559.9,67559.9,67544.6,67550.1,6.691,451988.145
1717206780000,67550.1,67573.1,67550,67573.1,5.843,394766.3382
1717206840000,67573.1,67573.1,67573,67573.1,1.795,121293.6362
1717206900000,67573.1,67574.4,67573,67574.4,3.413,230626.9836
1717206960000,67574.4,67575,67574.3,67575,0.643,43450.4485
1717207020000,67575,67582.9,67556.1,67565.2,14.94,1009631.3095
1717207080000,67565.2,67581.9,67544.4,67581.9,10.095,681898.6009
1717207140000,67581.9,67581.9,67575.1,67579.7,1.13,76363.7132
1717207200000,67579.7,67606.4,67560.2,67606.3,38.212,2582584.4091
1717207260000,67606.3,67615.3,67606.3,67609.8,3.269,221017.9219
1717207320000,67609.8,67632.1,67600.9,67614.6,28.694,1940241.8195
1717207380000,67614.6,67620.7,67611.6,67611.7,3.389,229153.7373
1717207440000,67611.7,67624.2,67611.7,67624.2,2.506,169457.6207
1717207500000,67624.2,67633.8,67624.1,67631.2,17.338,1172564.3061
1717207560000,67631.2,67677,67631.1,67670.7,48.347,3270992.9893
1717207620000,67670.7,67728.9,67665.3,67676.5,85.268,5772894.3624
1717207680000,67676.5,67678.8,67656.5,67665.9,16.375,1108153.3924
1717207740000,67665.9,67691.7,67665.9,67682.2,17.628,1193054.7404
1717207800000,67682.2,67682.2,67677.4,67677.5,3.98,269364.2911
1717207860000,67677.5,67677.5,67658.2,67658.7,11.473,776335.6749
1717207920000,67658.7,67658.7,67653.9,67654,5.026,340037.9292
1717207980000,67654,67654,67652,67652,8.007,541696.8608
1717208040000,67652,67652.1,67652,67652.1,6.18,418089.4261
1717208100000,67652.1,67652.1,67630.6,67630.6,41.544,2810182.7418
1717208160000,67630.6,67655.1,67629.2,67650.4,20.552,1390077.9461
1717208220000,67650.4,67685.9,67648.7,67667.5,37.191,2516759.2544
1717208280000,67667.5,67667.5,67657,67657,2.316,156699.4933
1717208340000,67657,67659.5,67657,67659.5,5.157,348907.6885
1717208400000,67659.5,67678.2,67659.5,67672.4,3.586,242662.2755
1717208460000,67672.4,67681,67669.2,67669.3,2.747,185903.3391
1717208520000,67669.3,67679.5,67669.3,67674.1,6.888,466156.9151
1717208580000,67674.1,67674.1,67656.5,67656.5,7.411,501479.9653
1717208640000,67656.5,67656.6,67651,67651.1,1.671,113049.1716
1717208700000,67651.1,67678,67651.1,67674.8,6.268,424096.1721
1717208760000,67674.8,67680,67663,67679.9,7.289,493245.9599
1717208820000,67679.9,67680,67679.8,67679.9,2.14,144834.9277
1717208880000,67679.9,67679.9,67667,67667.1,7.857,531733.3855
1717208940000,67667.1,67684,67667.1,67682,5.442,368266.496
1717209000000,67682,67690.4,67682,67690.4,19.243,1302493.6581
1717209060000,67690.4,67709.8,67690.3,67709.8,9.419,637666.2103
1717209120000,67709.8,67766,67709.7,67752.1,73.257,4962993.5984
1717209180000,67752.1,67766.6,67711.8,67711.8,19.533,1323163.0126
1717209240000,67711.8,67711.8,67692.2,67692.5,5.342,361626.8055
1717209300000,67692.5,67701.9,67691.1,67697.7,3.733,252711.3714
1717209360000,67697.7,67704.9,67690,67690.2,6.66,450871.9035
1717209420000,67690.2,67701.9,67690.2,67694.4,3.671,248507.9143
1717209480000,67694.4,67696.8,67691.7,67691.7,2.963,200581.0677
1717209540000,67691.7,67691.8,67691.7,67691.7,0.749,50701.1022
1717209600000,67691.7,67694.7,67691.7,67694.6,18.808,1273179.4423
1717209660000,67694.6,67694.7,67694.6,67694.7,1.577,106754.5088
1717209720000,67694.7,67714.9,67694.6,67714.9,7.074,478906.0113
1717209780000,67714.9,67729.2,67703.9,67703.9,14.785,1001255.3112
1717209840000,67703.9,67710.2,67703.9,67710.1,7.527,509620.5046
1717209900000,67710.1,67723.2,67710.1,67717.6,3.872,262191.6201
1717209960000,67717.6,67725.8,67707.5,67707.5,4.624,313123.4906
1717210020000,67707.5,67707.5,67700.2,67702.3,8.23,557195.6124
1717210080000,67702.3,67725,67702.3,67724.9,16.68,1129513.1734
1717210140000,67724.9,67736.3,67716.5,67731.9,26.637,1804161.9395
1717210200000,67731.9,67751.8,67731.8,67750.3,27.079,1834484.5867
1717210260000,67750.3,67750.3,67740,67740.8,4.276,289670.8086
1717210320000,67740.8,67751.8,67740.7,67751.8,4.953,335556.7468
1717210380000,67751.8,67751.8,67724.1,67724.1,7.631,516910.3118
1717210440000,67724.1,67733.9,67723.5,67733.9,4.271,289252.5118
1717210500000,67733.9,67735.1,67729.8,67735,4.869,329790.1007
1717210560000,67735,67756.5,67735,67756.4,4.046,274084.1004
1717210620000,67756.4,67756.5,67742.2,67756,23.142,1567747.5118
1717210680000,67756,67757,67742.5,67757,14.345,971884.8843
1717210740000,67757,67757,67752.7,67752.8,7.728,523593.5359
1717210800000,67752.8,67752.8,67732.5,67737.6,23.459,1589114.2931
1717210860000,67737.6,67746.6,67737.6,67746.6,4.226,286264.9728
1717210920000,67746.6,67759.5,67746.5,67759.4,3.364,227928.7511
1717210980000,67759.4,67775.5,67750,67750.1,18.36,1244202.9687
1717211040000,67750.1,67750.1,67745.3,67745.4,2.39,161916.1
1717211100000,67745.4,67757.1,67745.3,67757.1,11.836,801890.1214
1717211160000,67757.1,67757.1,67750.6,67755.9,3.384,229279.4561
1717211220000,67755.9,67764.9,67755.9,67764.8,4.135,280189.9775
1717211280000,67764.8,67770,67764.8,67766.4,3.454,234067.3347
1717211340000,67766.4,67766.5,67739.3,67739.3,16.234,1099919.0882
1717211400000,67739.3,67748.4,67719.5,67723.1,20.981,1421160.4201
1717211460000,67723.1,67734.4,67709.3,67714.7,24.311,1646293.9696
1717211520000,67714.7,67715.3,67682,67692.2,20.494,1387285.0143
1717211580000,67692.2,67711.2,67692.2,67711.1,9.679,655309.6301
1717211640000,67711.1,67717.3,67707.3,67717.2,4.992,338004.902
1717211700000,67717.2,67726,67686.2,67686.2,7.835,530538.4736
1717211760000,67686.2,67686.2,67662.5,67662.5,10.814,731827.1208
1717211820000,67662.5,67673.4,67653.9,67669.5,26.166,1770377.632
1717211880000,67669.5,67669.5,67645.6,67658.6,27.269,1844910.2495
1717211940000,67658.6,67667.2,67657,67657.1,7.486,506493.8707
1717212000000,67657.1,67673.6,67657,67673.6,5.187,351000.479
1717212060000,67673.6,67673.6,67656.6,67656.6,18.369,1242901.5233
1717212120000,67656.6,67656.7,67656.6,67656.6,1.767,119549.2956
1717212180000,67656.6,67656.7,67656.6,67656.7,2.601,175974.9627
1717212240000,67656.7,67656.7,67642.6,67642.6,35.049,2370978.4773
1717212300000,67642.6,67668.7,67642.6,67666.7,12.119,819875.6491
1717212360000,67666.7,67669.4,67666.6,67669.4,7.739,523683.9737
1717212420000,67669.4,67672.6,67669.3,67672.5,3.418,231303.8685
1717212480000,67672.5,67685.1,67672.5,67685,6.127,414677.5742
1717212540000,67685,67685.1,67684.1,67684.2,9.232,624868.1932
1717212600000,67684.2,67684.2,67677.7,67677.8,11.824,800242.4534
1717212660000,67677.8,67677.9,67677.7,67677.8,2.021,136776.8448
1717212720000,67677.8,67699.9,67677.8,67699.8,4.056,274537.0935
1717212780000,67699.8,67717.4,67695,67717.4,6.743,456500.694
1717212840000,67717.4,67725.1,67714.7,67714.7,3.432,232407.8389
1717212900000,67714.7,67750,67714.7,67750,21.6,1463179.2793
1717212960000,67750,67755.1,67745.2,67754.7,15.435,1045749.9865
1717213020000,67754.7,67754.7,67751.6,67751.6,3.504,237404.2858
1717213080000,67751.6,67751.7,67738.5,67750,4.371,296110.2269
1717213140000,67750,67763.5,67746.4,67746.5,17.281,1170859.2763
1717213200000,67746.5,67746.5,67733.1,67733.2,17.342,1174769.0273
1717213260000,67733.2,67756,67733.1,67756,18.032,1221664.7718
1717213320000,67756,67763.9,67755.9,67763.9,5.601,379531.8116
1717213380000,67763.9,67769,67763.8,67768.9,3.501,237250.1292
1717213440000,67768.9,67775.7,67768.9,67769,9.433,639287.8145
1717213500000,67769,67780,67768.9,67780,46.323,3139447.6009
1717213560000,67780,67780.2,67769.1,67773.9,20.406,1383029.884
1717213620000,67773.9,67773.9,67766.6,67767.4,5.126,347377.8127
1717213680000,67767.4,67767.4,67757.9,67758,9.768,661878.0695
1717213740000,67758,67758,67743.8,67743.8,16.016,1085089.5906
1717213800000,67743.8,67743.9,67731.2,67739.2,8.336,564661.2899
1717213860000,67739.2,67751.9,67739.2,67749.7,11.467,776884.2453
1717213920000,67749.7,67749.8,67731.2,67746,11.091,751267.2546
1717213980000,67746,67753.9,67746,67753.9,5.573,377556.8442
1717214040000,67753.9,67753.9,67753.8,67753.8,2.326,157595.3639
1717214100000,67753.8,67753.9,67702,67702,48.517,3286042.8467
1717214160000,67702,67736.1,67696,67736,19.138,1295767.2751
1717214220000,67736,67739.8,67736,67739.7,1.408,95376.839
1717214280000,67739.7,67742.2,67739.7,67742.1,0.518,35090.3001
1717214340000,67742.1,67742.7,67742.1,67742.7,3.841,260198.5725
1717214400000,67742.7,67760.7,67742.7,67755,19.591,1327373.269
1717214460000,67755,67780.3,67754.9,67780.2,16.404,1111699.3518
1717214520000,67780.2,67780.3,67740,67754.5,24.872,1685107.3261
1717214580000,67754.5,67782,67750.3,67781.9,12.566,851515.5283
1717214640000,67781.9,67783.8,67781.9,67783.2,7.826,530464.7476
1717214700000,67783.2,67783.3,67750.7,67754,26.611,1803182.6436
1717214760000,67754,67758.8,67752.2,67758.8,7.48,506794.793
1717214820000,67758.8,67758.8,67750.2,67750.2,1.865,126360.1302
1717214880000,67750.2,67752.5,67742,67752.4,6.206,420415.3843
1717214940000,67752.4,67782.9,67752.4,67782.9,24.074,1631405.5832
1717215000000,67782.9,67782.9,67757.6,67757.6,12.61,854653.2875
1717215060000,67757.6,67767.6,67751.2,67751.2,7.318,495875.6439
1717215120000,67751.2,67752.7,67731.3,67746.7,10.706,725217.1156
1717215180000,67746.7,67746.7,67731.8,67731.8,3.518,238312.9818
1717215240000,67731.8,67731.8,67730.7,67730.8,3.796,257106.0689
1717215300000,67730.8,67748.4,67730.8,67748.3,8.73,591341.0671
1717215360000,67748.3,67748.3,67719.6,67719.7,5.143,348349.0651
1717215420000,67719.7,67719.7,67700,67701.6,17.437,1180524.4313
1717215480000,67701.6,67701.7,67683,67688.9,15.446,1045574.8284
1717215540000,67688.9,67711.4,67681.3,67711.2,10.167,688253.7469
1717215600000,67711.2,67711.2,67706.2,67706.2,2.427,164330.861
1717215660000,67706.2,67706.3,67698.1,67698.1,3.367,227953.5475
1717215720000,67698.1,67706.3,67694.2,67706.2,3.122,211351.0132
1717215780000,67706.2,67712.7,67706.2,67712.6,1.865,126277.9054
1717215840000,67712.6,67723.9,67702.5,67714.1,17.799,1205196.1796
1717215900000,67714.1,67714.1,67695.5,67695.5,4.172,282455.4495
1717215960000,67695.5,67695.6,67695.5,67695.6,3.679,249051.8651
1717216020000,67695.6,67702.5,67695.5,67702.5,2.034,137697.2887
1717216080000,67702.5,67709.3,67702.4,67702.5,4.499,304607.076
1717216140000,67702.5,67716.3,67695.4,67715.5,22.073,1494555.5722
1717216200000,67715.5,67715.6,67701.5,67701.5,2.825,191277.8402
1717216260000,67701.5,67710,67701.5,67709.9,4.161,281715.4599
1717216320000,67709.9,67719.6,67709.9,67719.6,2.992,202600.9753
1717216380000,67719.6,67730,67719.6,67729.9,5.411,366471.316
1717216440000,67729.9,67733,67729.9,67732.7,8.509,576338.3459
1717216500000,67732.7,67737.1,67732.6,67737,4.107,278181.7907
1717216560000,67737,67747.4,67737,67747.3,2.348,159062.0602
1717216620000,67747.3,67747.4,67740,67740,4.682,317174.0738
1717216680000,67740,67750,67740,67750,2.825,191375.8096
1717216740000,67750,67754.4,67749.9,67754.4,5.089,344784.6112
1717216800000,67754.4,67754.7,67740,67740,11.985,812008.5246
1717216860000,67740,67740.1,67736.2,67736.2,1.841,124706.213
1717216920000,67736.2,67736.2,67736.1,67736.1,5.242,355072.7299
1717216980000,67736.1,67745.2,67736.1,67744,10.657,721934.5884
1717217040000,67744,67744.1,67715,67715,17.146,1161362.2862
1717217100000,67715,67724.2,67715,67724.1,2.169,146881.409
1717217160000,67724.1,67731.8,67724.1,67731.7,2.279,154348.1786
1717217220000,67731.7,67734.8,67718,67722.2,8.392,568377.331
1717217280000,67722.2,67735.1,67722.1,67735,2.443,165470.1723
1717217340000,67735,67755,67735,67751.4,5.396,365564.12
1717217400000,67751.4,67754,67751.3,67753.5,5.216,353401.8984
1717217460000,67753.5,67753.6,67753.5,67753.6,6.151,416752.3451
1717217520000,67753.6,67765.9,67742.5,67742.6,6.223,421665.2938
1717217580000,67742.6,67742.6,67720.9,67721,4.472,302881.0989
1717217640000,67721,67735.5,67720.6,67735.4,5.9,399591.8016
1717217700000,67735.4,67735.5,67725.6,67725.7,2.788,188838.1465
1717217760000,67725.7,67745.7,67719.8,67739.8,11.797,799072.4643
1717217820000,67739.8,67739.8,67733,67733,2.352,159322.7341
1717217880000,67733,67733,67702.5,67702.5,5.704,386253.3676
1717217940000,67702.5,67712.7,67702.5,67704.7,7.741,524106.5411
1717218000000,67704.7,67719.2,67704.7,67709.4,28.227,1911296.6296
1717218060000,67709.4,67709.4,67676.5,67676.5,15.978,1081615.5379
1717218120000,67676.5,67686.4,67665.8,67666.1,22.614,1530408.9663
1717218180000,67666.1,67667.4,67665,67665.1,17.961,1215354.1461
1717218240000,67665.1,67672.8,67664.1,67664.2,33.746,2283468.9451
1717218300000,67664.2,67667.7,67664.1,67664.1,23.48,1588787.5511
1717218360000,67664.1,67669,67664,67668.9,9.441,638830.2947
1717218420000,67668.9,67668.9,67656,67656.1,31.677,2143315.5869
1717218480000,67656.1,67662.3,67656,67662,6.992,473076.4646
1717218540000,67662,67662.1,67659.4,67659.4,2.744,185661.8077
1717218600000,67659.4,67659.5,67659.4,67659.4,2.495,168810.2964
1717218660000,67659.4,67659.5,67653,67659.1,16.549,1119676.7141
1717218720000,67659.1,67659.1,67653,67653.1,2.761,186800.2289
1717218780000,67653.1,67659.1,67653,67659.1,15.128,1023491.1091
1717218840000,67659.1,67694.4,67659.1,67694.4,11.964,809676.5956
1717218900000,67694.4,67720,67694.4,67700.6,18.723,1267636.218
1717218960000,67700.6,67700.6,67700.5,67700.5,1.589,107576.1994
1717219020000,67700.5,67704.1,67700.5,67704,11.272,763156.8554
1717219080000,67704,67704.1,67694.9,67694.9,3.651,247182.6518
1717219140000,67694.9,67694.9,67673,67673,5.709,386390.2586
1717219200000,67673,67673,67659.1,67659.2,2.695,182347.6728
1717219260000,67659.2,67667.6,67653.5,67667.6,15.855,1072739.6649
1717219320000,67667.6,67667.6,67653.9,67654,5.552,375627.8341
1717219380000,67654,67654.2,67653.9,67654.2,5.23,353830.6889
1717219440000,67654.2,67654.2,67654.1,67654.2,2.286,154657.3195
1717219500000,67654.2,67654.2,67650,67650,10.891,736806.4377
1717219560000,67650,67650.1,67650,67650,1.731,117102.2873
1717219620000,67650,67650.1,67650,67650,1.975,133608.7938
1717219680000,67650,67650.1,67650,67650,2.235,151197.7534
1717219740000,67650,67650.1,67629,67629.1,27.621,1868271.2608
1717219800000,67629.1,67648.3,67629,67647.9,18.399,1244382.6487
1717219860000,67647.9,67657.8,67647.8,67657.8,5.968,403752.4297
1717219920000,67657.8,67657.8,67649.2,67649.2,12.984,878383.4866
1717219980000,67649.2,67660.1,67649.2,67655.8,18.47,1249596.2012
1717220040000,67655.8,67666,67655.8,67665.9,3.154,213390.283
1717220100000,67665.9,67698,67665.9,67688.5,34.666,2346266.3493
1717220160000,67688.5,67700,67688.5,67694,8.467,573198.2488
1717220220000,67694,67703.9,67686,67703.6,11.171,756257.1466
1717220280000,67703.6,67727.4,67703.5,67726.3,13.076,885491.7555
1717220340000,67726.3,67748.5,67726.3,67748.4,32.202,2181197.1664
1717220400000,67748.4,67748.4,67736.2,67747.3,19.138,1296446.9714
1717220460000,67747.3,67777.5,67747.3,67777.4,23.812,1613679.4217
1717220520000,67777.4,67778,67770.7,67770.7,18.336,1242734.1616
1717220580000,67770.7,67778,67746.9,67753.4,44.999,3049225.3442
1717220640000,67753.4,67763.1,67753.4,67763,3.366,228077.7683
1717220700000,67763,67826,67763,67826,153.19,10384485.0139
1717220760000,67826,67845,67802.8,67805.1,119.077,8076904.0896
1717220820000,67805.1,67805.1,67788.1,67788.1,23.256,1576731.7872
1717220880000,67788.1,67789.2,67747.2,67747.3,34.535,2340379.5392
1717220940000,67747.3,67776.9,67742.8,67776.9,10.377,703066.7554
1717221000000,67776.9,67776.9,67758.5,67758.5,9.05,613279.5068
1717221060000,67758.5,67766,67746,67766,20.233,1370856.1432
1717221120000,67766,67766,67740,67740,6.42,434957.5015
1717221180000,67740,67740.1,67727.8,67728.1,3.412,231103.0839
1717221240000,67728.1,67742.3,67728,67729,4.939,334547.8311
1717221300000,67729,67730.3,67729,67730.3,7.396,500931.2104
1717221360000,67730.3,67730.3,67727,67727,4.609,312162.9785
1717221420000,67727,67727.1,67707.1,67707.1,7.387,500182.9255
1717221480000,67707.1,67721.4,67707,67721.3,21.388,1448251.1904
1717221540000,67721.3,67721.9,67708,67721.9,2.936,198811.3
1717221600000,67721.9,67766.8,67721.8,67750.7,14.863,1006917.0666
1717221660000,67750.7,67767.9,67744.5,67759.3,22.218,1505298.0312
1717221720000,67759.3,67764.5,67738.4,67747.9,14.768,1000540.9838
1717221780000,67747.9,67748,67731,67733.7,7.055,477913.756
1717221840000,67733.7,67733.7,67710.6,67723.9,12.413,840625.8913
1717221900000,67723.9,67736.4,67718.2,67736.4,8.913,603593.6387
1717221960000,67736.4,67743.8,67727.6,67733.8,10.501,711357.7305
1717222020000,67733.8,67733.8,67707.2,67707.2,3.44,232969.511
1717222080000,67707.2,67707.2,67687.2,67702.4,13.227,895382.5115
1717222140000,67702.4,67702.4,67681.1,67688.6,23.097,1563402.9122
1717222200000,67688.6,67704.1,67688.5,67704.1,36.172,2448655.7371
1717222260000,67704.1,67721,67704.1,67713.3,15.238,1031805.3347
1717222320000,67713.3,67713.4,67696,67696.1,3.954,267686.7155
1717222380000,67696.1,67696.1,67692.6,67692.6,2.525,170930.9242
1717222440000,67692.6,67692.7,67692.6,67692.6,3.35,226770.253
1717222500000,67692.6,67692.7,67669.5,67673,17.801,1204736.8147
1717222560000,67673,67686.9,67672.9,67686.8,5.438,368053.1905
1717222620000,67686.8,67686.9,67678.6,67678.6,10.838,733509.5167
1717222680000,67678.6,67685,67678.6,67685,3.307,223824.576
1717222740000,67685,67697.8,67685,67692.9,5.821,394041.3545
1717222800000,67692.9,67693.1,67686.8,67693.1,3.723,252007.7409
1717222860000,67693.1,67694.3,67693.1,67694.3,3.029,205045.1061
1717222920000,67694.3,67694.3,67688,67688,4.431,299943.4335
1717222980000,67688,67688.1,67688,67688.1,3.403,230342.4827
1717223040000,67688.1,67688.1,67688,67688.1,1.922,130096.3656
1717223100000,67688.1,67694.4,67682.7,67694.4,7.753,524782.0347
1717223160000,67694.4,67695.5,67694.3,67695.5,2.911,197060.4831
1717223220000,67695.5,67695.5,67680,67680,3.085,208816.2921
1717223280000,67680,67718.8,67680,67689.5,108.094,7318085.3359
1717223340000,67689.5,67697.8,67689.5,67697.8,4.856,328724.8812
1717223400000,67697.8,67708.6,67697.7,67708.6,4.093,277091.9318
1717223460000,67708.6,67722.2,67708.5,67720.7,16.619,1125369.5944
1717223520000,67720.7,67731.3,67720.6,67721.2,16.302,1104108.9515
1717223580000,67721.2,67721.3,67721.2,67721.3,3.879,262690.8001
1717223640000,67721.3,67721.3,67721.2,67721.3,0.727,49233.3636
1717223700000,67721.3,67721.3,67669.5,67669.6,27.917,1890127.4439
1717223760000,67669.6,67669.6,67662.5,67662.5,4.904,331832.0835
1717223820000,67662.5,67662.6,67652.5,67652.6,14.551,984459.0997
1717223880000,67652.6,67658.6,67642,67642.1,33.937,2295845.1563
1717223940000,67642.1,67658.6,67642,67657.7,2.6,175890.1609
1717224000000,67657.7,67673,67657.7,67672.9,7.228,489082.4143
1717224060000,67672.9,67673,67657.7,67669,7.056,477417.126
1717224120000,67669,67695.4,67669,67695.4,34.127,2309854.4637
1717224180000,67695.4,67699.2,67695.2,67699.2,13.041,882825.3783
1717224240000,67699.2,67701.9,67699.1,67701.8,5.435,367954.2017
1717224300000,67701.8,67709.9,67685,67685,6.76,457635.5162
1717224360000,67685,67700,67684.7,67684.8,7.843,530880.2498
1717224420000,67684.8,67684.9,67684.7,67684.7,2.376,160819.0212
1717224480000,67684.7,67718.6,67684.7,67706.3,32,2166389.7502
1717224540000,67706.3,67715.8,67706.2,67715.7,2.344,158721.6838
1717224600000,67715.7,67718.5,67702.6,67702.7,7.536,510287.47
1717224660000,67702.7,67705,67695.8,67704.9,3.796,256982.5328
1717224720000,67704.9,67724.8,67704.9,67724.7,7.254,491172.7616
1717224780000,67724.7,67724.8,67718.8,67724.7,2.654,179739.4287
1717224840000,67724.7,67729.6,67721.3,67721.4,2.867,194165.6927
1717224900000,67721.4,67721.4,67712,67712,4.52,306068.7425
1717224960000,67712,67712.1,67702.1,67702.1,4.879,330339.5194
1717225020000,67702.1,67715.8,67702.1,67714.1,3.829,259272.1009
1717225080000,67714.1,67731.6,67714.1,67731.5,6.166,417599.4653
1717225140000,67731.5,67731.6,67725.3,67725.3,7.143,483785.7974
1717225200000,67725.3,67744.3,67725.3,67736,6.826,462365.3935
1717225260000,67736,67736.1,67727.8,67727.8,7.851,531774.4177
1717225320000,67727.8,67736,67720,67720.1,7.704,521738.2625
1717225380000,67720.1,67720.1,67700,67700,5.502,372547.705
1717225440000,67700,67705.6,67687.4,67699,8.708,589530.1415
1717225500000,67699,67705.9,67699,67705.8,11.446,774898.4586
1717225560000,67705.8,67705.9,67705.8,67705.9,0.847,57346.8582
1717225620000,67705.9,67705.9,67705.8,67705.9,1.493,101084.8793
1717225680000,67705.9,67718.7,67705.3,67705.3,16.188,1096162.8535
1717225740000,67705.3,67705.3,67696.1,67696.2,1.585,107303.2473
1717225800000,67696.2,67696.2,67696.1,67696.2,1.389,94029.9743
1717225860000,67696.2,67707.2,67696.1,67707.2,15.982,1082013.1865
1717225920000,67707.2,67707.2,67701.7,67701.8,1.778,120380.7421
1717225980000,67701.8,67701.8,67700.1,67700.2,1.075,72778.3702
1717226040000,67700.2,67700.2,67696.1,67696.1,3.606,244119.745
1717226100000,67696.1,67696.2,67696.1,67696.1,0.532,36014.3372
1717226160000,67696.1,67696.2,67686.8,67686.8,3.127,211672.863
1717226220000,67686.8,67686.9,67676.9,67679.4,7.326,495808.5256
1717226280000,67679.4,67679.5,67672,67672,4.78,323488.8424
1717226340000,67672,67672.1,67650,67650.1,56.756,3839637.0973
1717226400000,67650.1,67653.1,67650,67651.5,12.026,813565.3192
1717226460000,67651.5,67651.6,67650,67650.1,2.489,168384.5134
1717226520000,67650.1,67671.4,67650,67671.3,9.914,670784.5911
1717226580000,67671.3,67671.4,67671.3,67671.3,3.965,268317.0343
1717226640000,67671.3,67671.4,67670.7,67670.8,1.74,117747.8156
1717226700000,67670.8,67670.8,67638,67641.7,32.095,2171305.418
1717226760000,67641.7,67646.2,67641.6,67646.2,4.803,324896.1999
1717226820000,67646.2,67646.2,67646.1,67646.1,3.171,214505.9512
1717226880000,67646.1,67646.2,67643,67643,4.58,309811.8165
1717226940000,67643,67647.7,67643,67647.7,11.45,774528.6717
1717227000000,67647.7,67648.4,67626.8,67634.8,46.718,3159972.1616
1717227060000,67634.8,67634.8,67600.2,67615.5,53.575,3622628.9516
1717227120000,67615.5,67631.5,67614.6,67614.6,15.734,1064059.2326
1717227180000,67614.6,67614.6,67600,67600.1,52.209,3529459.0216
1717227240000,67600.1,67623.4,67600,67623.3,12.685,857677.471
1717227300000,67623.3,67642,67623.3,67642,9.924,671239.9091
1717227360000,67642,67650,67620,67620.1,10.28,695340.7719
1717227420000,67620.1,67654.9,67620,67654.9,14.567,985396.7784
1717227480000,67654.9,67654.9,67644,67651.8,3.023,204506.8545
1717227540000,67651.8,67652,67651.7,67652,2.528,171023.8514
1717227600000,67652,67665.5,67651.9,67665.5,4.178,282678.105
1717227660000,67665.5,67685.4,67665.4,67678.8,34.212,2315311.869
1717227720000,67678.8,67678.9,67668.2,67668.3,12.262,829766.819
1717227780000,67668.3,67725.2,67668.2,67709.3,110.334,7469654.1171
1717227840000,67709.3,67721.3,67694.4,67694.5,22.512,1524282.5108
1717227900000,67694.5,67694.5,67673.8,67678.1,15.31,1036156.8133
1717227960000,67678.1,67689.7,67678.1,67679.6,7.767,525704.383
1717228020000,67679.6,67685.7,67675.3,67675.3,4.631,313429.4357
1717228080000,67675.3,67758.8,67675.3,67758.7,222.483,15068432.4206
1717228140000,67758.7,67758.8,67748.1,67750.5,24.413,1654117.4141
1717228200000,67750.5,67750.5,67714.8,67714.8,29.03,1966262.1651
1717228260000,67714.8,67714.9,67701.6,67701.7,20.157,1364763.236
1717228320000,67701.7,67724,67701.6,67714.7,36.056,2441565.5495
1717228380000,67714.7,67716.7,67714.6,67716.7,3.658,247706.1863
1717228440000,67716.7,67716.7,67710.5,67710.6,9.072,614307.1564
1717228500000,67710.6,67710.6,67640.6,67661.2,81.955,5545612.1206
1717228560000,67661.2,67683.1,67661.2,67683.1,9.37,634090.4081
1717228620000,67683.1,67683.6,67655.5,67660.4,22.156,1499388.1353
1717228680000,67660.4,67660.4,67658.6,67658.6,5.952,402713.8044
1717228740000,67658.6,67662.9,67651.4,67656,21.773,1473081.916
1717228800000,67656,67669.4,67653.2,67669.4,11.263,762084.6343
1717228860000,67669.4,67681.7,67669.3,67678.8,22.357,1513029.6544
1717228920000,67678.8,67700.2,67678.8,67700.1,9.239,625392.2988
1717228980000,67700.1,67702.2,67690.1,67690.1,7.049,477195.0837
1717229040000,67690.1,67690.1,67661.4,67672.3,12.303,832480.7347
1717229100000,67672.3,67672.3,67655.8,67670.7,14.024,948902.587
1717229160000,67670.7,67671.2,67666.6,67671.1,4.523,306060.9411
1717229220000,67671.1,67680.7,67671.1,67680.7,13.949,944043.3278
1717229280000,67680.7,67680.7,67656.7,67656.8,4.328,292859.6082
1717229340000,67656.8,67659.7,67656.7,67656.7,5.023,339847.2053
1717229400000,67656.7,67660.6,67650,67660.6,22.072,1493257.3062
1717229460000,67660.6,67671.3,67660.6,67671.3,3.875,262206.7299
1717229520000,67671.3,67671.3,67660.6,67660.6,15.275,1033562.1698
1717229580000,67660.6,67669.7,67659.2,67660.6,8.703,588907.7933
1717229640000,67660.6,67669.4,67660.6,67669.4,5.159,349073.992
1717229700000,67669.4,67669.4,67657.5,67657.6,6.052,409486.3885
1717229760000,67657.6,67671.2,67653.2,67671.2,12.342,835080.5017
1717229820000,67671.2,67685.7,67671.1,67685.6,4.067,275242.5869
1717229880000,67685.6,67690.1,67665.2,67665.8,31.198,2111522.316
1717229940000,67665.8,67670.4,67647.2,67647.3,17.925,1212840.8947
1717230000000,67647.3,67655.2,67647.3,67655.2,8.391,567646.8845
1717230060000,67655.2,67666.9,67655.2,67666.8,8.061,545434.9074
1717230120000,67666.8,67669.2,67666.8,67669.2,3.419,231359.149
1717230180000,67669.2,67669.2,67663.6,67665.3,5.904,399497.2217
1717230240000,67665.3,67666.9,67665.3,67666.8,2.829,191428.697
1717230300000,67666.8,67668.7,67666.8,67668.7,7.567,512048.3215
1717230360000,67668.7,67668.7,67668.6,67668.6,1.852,125322.3498
1717230420000,67668.6,67668.7,67668.6,67668.7,1.331,90066.9527
1717230480000,67668.7,67677.7,67668.6,67673,9.592,649107.3622
1717230540000,67673,67673.1,67666.5,67668.3,9.659,653603.1794
1717230600000,67668.3,67668.4,67665.2,67665.6,6.52,441182.1315
1717230660000,67665.6,67671.6,67665.6,67671.6,15.398,1041961.9815
1717230720000,67671.6,67680.2,67671.6,67680.2,8.182,553730.6507
1717230780000,67680.2,67680.2,67680.1,67680.1,1.479,100098.9651
1717230840000,67680.1,67690.4,67680.1,67680.1,16.067,1087499.6722
1717230900000,67680.1,67680.2,67680.1,67680.1,1.583,107137.6421
1717230960000,67680.1,67682.7,67680.1,67682.6,3.203,216781.0054
1717231020000,67682.6,67682.7,67682.6,67682.6,4.075,275806.7162
1717231080000,67682.6,67682.7,67682,67682.7,5.793,392083.7726
1717231140000,67682.7,67690.4,67682.6,67690.4,12.319,833816.3646
1717231200000,67690.4,67692.7,67690.3,67692.7,2.403,162661.1957
1717231260000,67692.7,67723.7,67692.6,67723.7,23.693,1604172.5579
1717231320000,67723.7,67741.1,67723.6,67741,25.288,1712839.4427
1717231380000,67741,67756.1,67741,67756.1,23.454,1589018.3205
1717231440000,67756.1,67784.8,67756.1,67760.8,64.565,4375473.4592
1717231500000,67760.8,67780,67756.6,67779.9,20.008,1355826.5029
1717231560000,67779.9,67779.9,67759.9,67770.2,22.184,1503337.1815
1717231620000,67770.2,67770.2,67734.8,67738.2,16.68,1130094.6376
1717231680000,67738.2,67740.2,67737,67740.1,4.112,278538.3034
1717231740000,67740.1,67749.9,67732.6,67749.9,17.16,1162429.0107
1717231800000,67749.9,67749.9,67704.4,67708.9,26.16,1771641.0578
1717231860000,67708.9,67732.9,67708.8,67728.4,22.16,1500649.8054
1717231920000,67728.4,67728.4,67717.3,67717.4,2.338,158336.2803
1717231980000,67717.4,67717.4,67690.1,67690.2,20.889,1414186.1995
1717232040000,67690.2,67722.8,67690.1,67722.8,15.467,1047100.7486
1717232100000,67722.8,67728.2,67722.8,67728.2,2.433,164778.7463
1717232160000,67728.2,67746.8,67728.1,67746.8,9.957,674451.7582
1717232220000,67746.8,67755.4,67734.5,67748.4,15.303,1036679.7658
1717232280000,67748.4,67777.7,67748.3,67775,22.186,1503536.704
1717232340000,67775,67775.1,67738.3,67744.8,40.06,2714121.4646
1717232400000,67744.8,67786.7,67744.8,67786.7,20.908,1417017.7141
1717232460000,67786.7,67796,67771.9,67787.7,47.937,3249455.0095
1717232520000,67787.7,67787.7,67762.1,67762.2,7.301,494842.336
1717232580000,67762.2,67762.2,67752.1,67752.1,9.891,670168.1009
1717232640000,67752.1,67773.2,67751.9,67763.4,29.984,2031883.5031
1717232700000,67763.4,67773.7,67762.5,67773.6,13.719,929691.5888
1717232760000,67773.6,67774,67771.6,67773.9,16.702,1131925.1959
1717232820000,67773.9,67774,67753,67753.1,12.044,816171.0712
1717232880000,67753.1,67753.1,67746.6,67746.7,8.228,557440.2864
1717232940000,67746.7,67758.7,67746.6,67758.1,12.283,832214.3586
1717233000000,67758.1,67768.6,67758,67762.1,9.074,614899.9785
1717233060000,67762.1,67774.2,67759.9,67774.1,9.083,615498.0374
1717233120000,67774.1,67774.2,67762,67762.1,4.569,309623.8134
1717233180000,67762.1,67762.1,67750.2,67751.9,11.661,790066.8716
1717233240000,67751.9,67751.9,67740,67740,8.837,598644.1939
1717233300000,67740,67740.1,67719.3,67719.4,19.238,1303012.6553
1717233360000,67719.4,67725,67714.3,67724.6,11.283,764084.9484
1717233420000,67724.6,67724.6,67723.9,67723.9,3.163,214212.7228
1717233480000,67723.9,67723.9,67714.3,67714.4,4.1,277640.1935
1717233540000,67714.4,67714.4,67710,67710.1,7.043,476888.6887
1717233600000,67710.1,67714.9,67706.6,67714.9,7.937,537420.7329
1717233660000,67714.9,67723.7,67714.8,67723.7,4.427,299802.3248
1717233720000,67723.7,67727.5,67723.6,67727.5,2.848,192880.5496
1717233780000,67727.5,67727.5,67714,67720.1,16.613,1125042.6792
1717233840000,67720.1,67720.2,67720.1,67720.1,3.399,230180.7136
1717233900000,67720.1,67720.2,67720.1,67720.1,1.485,100564.4126
1717233960000,67720.1,67743.5,67720.1,67743.5,6.591,446386.9119
1717234020000,67743.5,67743.5,67729.9,67729.9,1.708,115699.6638
1717234080000,67729.9,67730,67703.8,67703.9,7.5,507834.6455
1717234140000,67703.9,67708.9,67701.7,67701.8,4.165,281999.6713
1717234200000,67701.8,67701.8,67668,67669.4,13.576,918821.9598
1717234260000,67669.4,67704.3,67669.3,67704.1,5.993,405674.6789
1717234320000,67704.1,67704.1,67704,67704.1,2.525,170952.7025
1717234380000,67704.1,67714.1,67704.1,67714.1,2.765,187224.2188
1717234440000,67714.1,67723.1,67714,67723.1,1.51,102256.7583
1717234500000,67723.1,67723.1,67710,67720.2,16.57,1122078.2357
1717234560000,67720.2,67723.3,67713,67719.6,8.244,558276.7056
1717234620000,67719.6,67722.8,67719.6,67722.8,1.612,109168.8689
1717234680000,67722.8,67722.8,67722.6,67722.7,3.443,233169.4637
1717234740000,67722.7,67722.7,67713.4,67713.5,2.358,159678.0141
1717234800000,67713.5,67740.5,67713.4,67740.5,7.599,514636.1921
1717234860000,67740.5,67753.6,67740.5,67748.3,15.771,1068473.2369
1717234920000,67748.3,67748.4,67748.3,67748.4,4.61,312320.0967
1717234980000,67748.4,67748.4,67740.6,67740.7,6.195,419691.7774
1717235040000,67740.7,67740.7,67735.5,67735.6,1.228,83181.538
1717235100000,67735.6,67735.6,67713.1,67722.1,20.142,1364048.1389
1717235160000,67722.1,67722.1,67719.5,67722,13.584,919934.8827
1717235220000,67722,67722,67715.8,67715.8,4.499,304679.4228
1717235280000,67715.8,67715.8,67704,67704,6.896,466926.5565
1717235340000,67704,67704,67700,67700.1,3.994,270395.0685
1717235400000,67700.1,67716.1,67700.1,67716.1,5.964,403769.2962
1717235460000,67716.1,67716.1,67696.5,67704.1,33.443,2264241.1901
1717235520000,67704.1,67707.5,67704.1,67707.5,6.343,429459.9693
1717235580000,67707.5,67735.7,67707.4,67735.7,31.369,2124447.0613
1717235640000,67735.7,67751.9,67735.6,67751.9,17.09,1157745.3767
1717235700000,67751.9,67751.9,67749,67749,3.347,226763.3181
1717235760000,67749,67749.1,67745,67745,8.729,591370.7264
1717235820000,67745,67745.1,67731.9,67741.2,6.584,446000.5548
1717235880000,67741.2,67745.1,67741.2,67745.1,4.805,325506.1325
1717235940000,67745.1,67747.9,67745,67747.8,4.064,275318.1144
1717236000000,67747.8,67747.9,67747.8,67747.9,2.347,159004.1584
1717236060000,67747.9,67769.9,67747.8,67769.9,22.737,1540682.7828
1717236120000,67769.9,67784,67769.9,67783,22.734,1540808.721
1717236180000,67783,67785.1,67772.4,67772.8,27.647,1873848.6538
1717236240000,67772.8,67772.9,67749.5,67749.5,8.456,572991.7336
1717236300000,67749.5,67772.9,67749.5,67771.3,22.336,1513673.6519
1717236360000,67771.3,67771.4,67755.5,67755.5,2.384,161559.7426
1717236420000,67755.5,67762.6,67755.5,67762.6,2.809,190341.5291
1717236480000,67762.6,67762.6,67749.5,67749.6,10.662,722394.908
1717236540000,67749.6,67749.6,67737.4,67737.5,3.5,237096.7702
1717236600000,67737.5,67737.6,67728.3,67728.3,4.612,312391.4348
1717236660000,67728.3,67728.4,67720.1,67720.2,3.504,237296.8251
1717236720000,67720.2,67775,67720.1,67774.9,18.413,1247318.7161
1717236780000,67774.9,67775,67751.7,67764.8,18.762,1271305.7858
1717236840000,67764.8,67774.3,67764.7,67768.3,5.909,400461.5922
1717236900000,67768.3,67768.3,67756,67756,6.009,407197.9686
1717236960000,67756,67756,67744,67744.1,3.024,204863.6019
1717237020000,67744.1,67759,67744,67749.9,9.322,631579.2605
1717237080000,67749.9,67779.9,67749.9,67779.9,11.247,762143.9819
1717237140000,67779.9,67780.3,67779.8,67780.2,2.587,175347.1228
1717237200000,67780.2,67797.7,67780.2,67780.9,34.828,2360858.704
1717237260000,67780.9,67780.9,67776.1,67776.1,4.713,319432.4151
1717237320000,67776.1,67776.2,67762.5,67762.5,8.16,553021.9572
1717237380000,67762.5,67762.6,67753.4,67753.4,1.39,94182.2985
1717237440000,67753.4,67753.5,67750,67750.1,3.805,257789.0742
1717237500000,67750.1,67750.1,67726,67726,3.079,208577.2019
1717237560000,67726,67726.1,67712.1,67712.1,8.566,580094.4234
1717237620000,67712.1,67712.2,67711.4,67711.5,4.434,300234.7232
1717237680000,67711.5,67711.5,67710,67710.1,2.858,193516.7545
1717237740000,67710.1,67710.1,67706.6,67706.6,3.455,233932.0062
1717237800000,67706.6,67706.6,67699.9,67699.9,10.11,684461.8893
1717237860000,67699.9,67705.3,67699.9,67705.3,19.627,1328833.0161
1717237920000,67705.3,67728.7,67705.3,67728.6,5.379,364249.1385
1717237980000,67728.6,67728.7,67728.6,67728.6,0.818,55402.0477
1717238040000,67728.6,67735.1,67728.6,67735,11.68,791116.4203
1717238100000,67735,67746.1,67735,67745.7,3.096,209730.8586
1717238160000,67745.7,67745.7,67737.9,67737.9,3.107,210469.3658
1717238220000,67737.9,67739.1,67737.9,67739.1,10.746,727918.306
1717238280000,67739.1,67739.1,67725,67725,11.339,768036.5517
1717238340000,67725,67725.1,67715.7,67721.8,7.563,512144.7983
1717238400000,67721.8,67721.8,67721.7,67721.8,1.938,131244.7999
1717238460000,67721.8,67721.8,67707.1,67711.3,9.846,666741.353
1717238520000,67711.3,67711.4,67701.9,67706.5,9.825,665236.537
1717238580000,67706.5,67709.3,67705,67707.9,3.584,242661.4247
1717238640000,67707.9,67727,67707.9,67726.9,3.389,229517.0814
1717238700000,67726.9,67727,67726.9,67727,2.593,175615.985
1717238760000,67727,67727,67707.4,67713.8,21.851,1479614.7423
1717238820000,67713.8,67713.8,67680.4,67684.8,25.403,1719643.1245
1717238880000,67684.8,67706.6,67684.7,67706.6,33.373,2259014.2009
1717238940000,67706.6,67715,67688.2,67701.5,28.757,1946830.7993
1717239000000,67701.5,67701.6,67689,67698.9,7.212,488192.0205
1717239060000,67698.9,67705,67698.9,67704.9,2.172,147050.0887
1717239120000,67704.9,67709.3,67704.9,67709.3,5.801,392762.5961
1717239180000,67709.3,67709.3,67696.4,67708,17.911,1212655.6506
1717239240000,67708,67708.1,67670.9,67681.6,48.43,3277705.3076
1717239300000,67681.6,67681.6,67672.9,67680.7,6.372,431254.077
1717239360000,67680.7,67680.7,67672.1,67672.2,33.332,2255825.0458
1717239420000,67672.2,67673,67672.2,67672.9,3.364,227650.597
1717239480000,67672.9,67673,67672.9,67673,3.978,269203.1035
1717239540000,67673,67673,67660,67660.1,22.207,1502602.1954
1717239600000,67660.1,67673,67660,67673,10.204,690471.7087
1717239660000,67673,67673,67672.9,67673,1.755,118766.0594
1717239720000,67673,67679.5,67672.9,67679.5,10.829,732890.1605
1717239780000,67679.5,67693,67679.4,67692.9,4.104,277798.4104
1717239840000,67692.9,67693,67680,67684.9,5.602,379179.2838
1717239900000,67684.9,67692.4,67684.9,67692.4,11.512,779201.9959
1717239960000,67692.4,67692.4,67685.2,67685.3,2.328,157583.177
1717240020000,67685.3,67711,67685.2,67711,14.815,1002884.9352
1717240080000,67711,67711,67695.8,67700.5,4.012,271618.7819
1717240140000,67700.5,67707.2,67700.4,67707.1,2.04,138109.7894
1717240200000,67707.1,67708.2,67699.3,67702.7,2.528,171157.6223
1717240260000,67702.7,67715.4,67702.6,67715.4,3.497,236786.3693
1717240320000,67715.4,67715.4,67715.3,67715.3,0.499,33789.9676
1717240380000,67715.3,67718.9,67715.3,67718.9,7.306,494732.1637
1717240440000,67718.9,67719,67718.8,67719,0.672,45507.1111
1717240500000,67719,67719,67718.9,67718.9,1.151,77944.5284
1717240560000,67718.9,67719,67718.9,67718.9,1.366,92504.0939
1717240620000,67718.9,67719,67718.9,67718.9,3.691,249950.4943
1717240680000,67718.9,67719,67718.9,67718.9,0.602,40766.8027
1717240740000,67718.9,67719,67714.1,67714.1,13.799,934409.7307
1717240800000,67714.1,67714.2,67714.1,67714.1,0.899,60875.005
1717240860000,67714.1,67714.2,67714.1,67714.2,0.943,63854.4274
1717240920000,67714.2,67714.2,67699,67699,9.012,610189.9622
1717240980000,67699,67699.1,67693,67693,5.384,364482.6354
1717241040000,67693,67693,67690.4,67690.5,3.579,242264.2266
1717241100000,67690.5,67701.2,67690.4,67701.1,4.236,286744.2969
1717241160000,67701.1,67701.2,67701.1,67701.2,1.103,74674.3745
1717241220000,67701.2,67710,67701.1,67709.9,1.158,78400.5198
1717241280000,67709.9,67710,67709.9,67709.9,1.841,124654.0382
1717241340000,67709.9,67710,67709.9,67709.9,10.886,737091.0125
1717241400000,67709.9,67714.1,67709.9,67714,9.197,622754.297
1717241460000,67714,67718.7,67714,67718.6,8.341,564830.3194
1717241520000,67718.6,67719,67718.6,67719,13.828,936417.3108
1717241580000,67719,67719,67718.9,67718.9,1.856,125686.3612
1717241640000,67718.9,67719,67718.9,67718.9,3.748,253810.7534
1717241700000,67718.9,67719,67710.7,67710.7,8.97,607397.9803
1717241760000,67710.7,67712,67708.1,67711.9,2.411,163246.0263
1717241820000,67711.9,67718.6,67711.9,67718.6,10.901,738176.1547
1717241880000,67718.6,67718.6,67718.5,67718.5,0.853,57763.9144
1717241940000,67718.5,67719,67718.5,67719,0.951,64400.5438
1717242000000,67719,67719,67718.9,67718.9,1.154,78147.6246
1717242060000,67718.9,67719,67718.9,67718.9,1.098,74355.3963
1717242120000,67718.9,67719,67718.9,67718.9,2.468,167130.2867
1717242180000,67718.9,67719,67718.9,67719,1.789,121149.2174
1717242240000,67719,67719,67718.9,67718.9,6.55,443559.4084
1717242300000,67718.9,67719,67718.9,67719,0.789,53430.2309
1717242360000,67719,67730.2,67718.9,67730.2,48.841,3307635.6345
1717242420000,67730.2,67734.4,67730.1,67734.3,8.031,543955.1135
1717242480000,67734.3,67734.4,67702,67702.1,10.487,710210.7736
1717242540000,67702.1,67703.1,67696.2,67697.5,11.02,746064.2308
1717242600000,67697.5,67704.6,67697.5,67700.2,2.862,193760.2649
1717242660000,67700.2,67718.2,67700.1,67718.1,6.335,428896.7205
1717242720000,67718.1,67718.2,67714.1,67714.1,3.381,228954.5705
1717242780000,67714.1,67714.2,67707.6,67707.6,2.07,140158.6682
1717242840000,67707.6,67707.6,67700,67700.1,4.589,310677.5358
1717242900000,67700.1,67704.5,67700,67704.4,3.217,217798.718
1717242960000,67704.4,67704.5,67704.4,67704.5,1.969,133310.028
1717243020000,67704.5,67704.5,67704.4,67704.4,3.18,215300.2303
1717243080000,67704.4,67704.5,67704.4,67704.4,1.427,96614.1956
1717243140000,67704.4,67704.5,67697.7,67697.7,16.545,1120136.1033
1717243200000,67697.7,67697.8,67690.9,67690.9,6.049,409500.5343
1717243260000,67690.9,67690.9,67673.5,67680,32.848,2223129.7565
1717243320000,67680,67680,67679.5,67679.6,2.067,139893.8544
1717243380000,67679.6,67699.2,67679.5,67699.2,10.513,711567.1911
1717243440000,67699.2,67733,67699.1,67733,30.173,2043496.1165
1717243500000,67733,67749.3,67732,67749.3,14.96,1013347.792
1717243560000,67749.3,67761.5,67749.2,67761.4,51.352,3479377.1848
1717243620000,67761.4,67761.5,67736.3,67736.3,11.701,792768.1822
1717243680000,67736.3,67736.4,67736.3,67736.4,4.085,276703.0354
1717243740000,67736.4,67736.6,67736.3,67736.5,10.461,708591.3083
1717243800000,67736.5,67736.6,67730,67730.1,3.151,213428.6206
1717243860000,67730.1,67730.1,67730,67730.1,2.702,183006.6599
1717243920000,67730.1,67735.2,67730,67735.2,2.13,144266.3376
1717243980000,67735.2,67735.2,67735.1,67735.1,4.365,295664.117
1717244040000,67735.1,67735.2,67734.7,67734.7,12.728,862132.3237
1717244100000,67734.7,67734.8,67729.9,67729.9,4.619,312846.8892
1717244160000,67729.9,67729.9,67719.5,67719.6,6.584,445893.1152
1717244220000,67719.6,67719.6,67719.5,67719.5,2.658,179998.4841
1717244280000,67719.5,67719.6,67719.5,67719.5,0.852,57697.0392
1717244340000,67719.5,67719.6,67719.5,67719.6,2.1,142211.0124
1717244400000,67719.6,67745.5,67719.5,67745.4,7.313,495333.6973
1717244460000,67745.4,67745.5,67735.7,67740.7,4.996,338443.8436
1717244520000,67740.7,67740.7,67736.2,67736.2,2.709,183508.8176
1717244580000,67736.2,67736.3,67731.2,67731.2,2.673,181049.2228
1717244640000,67731.2,67745.3,67726.9,67740.4,23.562,1595945.752
1717244700000,67740.4,67743,67740.4,67743,3.391,229708.849
1717244760000,67743,67744.4,67742.9,67744.3,2.548,172611.9701
1717244820000,67744.3,67744.5,67744.3,67744.5,4.367,295840.0761
1717244880000,67744.5,67744.5,67744.4,67744.4,4.115,278768.462
1717244940000,67744.4,67758.8,67744.4,67758.8,7.005,474578.385
1717245000000,67758.8,67758.8,67745.4,67745.5,9.069,614479.3421
1717245060000,67745.5,67745.5,67740,67740,5.084,344397.0203
1717245120000,67740,67740.1,67740,67740,2.107,142728.3417
1717245180000,67740,67740.1,67740,67740.1,3.42,231670.9916
1717245240000,67740.1,67740.1,67740,67740.1,3.598,243728.5646
1717245300000,67740.1,67740.1,67732.6,67732.6,7.857,532217.5174
1717245360000,67732.6,67735.5,67732.6,67735.4,4.096,277435.9471
1717245420000,67735.4,67741.6,67735.4,67741.6,4.428,299940.8477
1717245480000,67741.6,67741.6,67741.5,67741.6,1.151,77970.5405
1717245540000,67741.6,67750,67741.5,67749.9,3.291,222943.319
1717245600000,67749.9,67754.5,67749.5,67749.6,4.613,312540.9761
1717245660000,67749.6,67773.9,67749.5,67770.3,15.68,1062531.1715
1717245720000,67770.3,67773.8,67764.1,67764.2,10.388,704005.8256
1717245780000,67764.2,67764.2,67762.3,67762.4,2.237,151585.3522
1717245840000,67762.4,67773,67762.3,67772.9,20.574,1394233.6389
1717245900000,67772.9,67780.3,67772.9,67780.2,40.669,2756359.3407
1717245960000,67780.2,67845,67780.2,67845,69.883,4738857.6377
1717246020000,67845,67913.5,67845,67867.7,179.993,12218307.8543
1717246080000,67867.7,67873.3,67827.1,67873.3,45.967,3119121.4049
1717246140000,67873.3,67873.3,67826.4,67849.4,28.691,1946630.0399
1717246200000,67849.4,67849.5,67810.2,67826.5,18.439,1250685.1494
1717246260000,67826.5,67833.4,67814.5,67814.5,7.564,513062.1437
1717246320000,67814.5,67814.6,67801,67801.1,9.663,655232.7784
1717246380000,67801.1,67814.5,67800,67800.1,22.253,1508862.0907
1717246440000,67800.1,67829.1,67800,67813.1,18.056,1224497.2944
1717246500000,67813.1,67813.1,67794.7,67799.1,10.714,726381.3889
1717246560000,67799.1,67799.1,67799,67799,4.515,306112.6495
1717246620000,67799,67799.1,67780,67780.1,7.874,533774.9644
1717246680000,67780.1,67781.2,67759.4,67778.5,49.849,3378219.1897
1717246740000,67778.5,67778.5,67738.7,67747.6,45.031,3050958.0097
1717246800000,67747.6,67798.4,67740.9,67798.1,150.668,10212756.8297
1717246860000,67798.1,67816,67794.4,67794.4,16.61,1126293.4002
1717246920000,67794.4,67830,67794.4,67825,42.284,2867745.4645
1717246980000,67825,67825.1,67821.8,67821.8,2.356,159793.4318
1717247040000,67821.8,67840.2,67819.1,67820.5,34.934,2369562.1523
1717247100000,67820.5,67830.8,67816.1,67824.1,39.527,2680663.6219
1717247160000,67824.1,67824.2,67809.8,67811.1,13.234,897472.3008
1717247220000,67811.1,67827.9,67811.1,67827.8,9.187,623072.3626
1717247280000,67827.8,67848.7,67827.8,67848.6,8.319,564345.9726
1717247340000,67848.6,67865.9,67848.6,67865.8,23.25,1577694.9774
1717247400000,67865.8,67865.9,67836.2,67841.5,40.378,2739728.6052
1717247460000,67841.5,67841.5,67822.8,67822.8,6.317,428458.3908
1717247520000,67822.8,67822.9,67811,67811.1,16.09,1091253.4675
1717247580000,67811.1,67811.1,67810.5,67810.5,6.846,464234.0642
1717247640000,67810.5,67828.7,67810.5,67828.7,8.791,596202.1554
1717247700000,67828.7,67853.1,67828.6,67852.9,18.21,1235410.4491
1717247760000,67852.9,67852.9,67830.4,67830.5,8.465,574261.5827
1717247820000,67830.5,67832.7,67830.4,67832.7,5.809,394028.9496
1717247880000,67832.7,67832.7,67832.6,67832.6,2.457,166664.8183
1717247940000,67832.6,67869.6,67832.6,67869.5,6.495,440745.3876
1717248000000,67869.5,67869.6,67863.3,67863.3,16.708,1133888.1472
1717248060000,67863.3,67863.4,67843.4,67843.5,13.622,924183.1827
1717248120000,67843.5,67849.3,67843.4,67849.3,10.181,690744.326
1717248180000,67849.3,67849.3,67842.4,67842.5,7.213,489360.2784
1717248240000,67842.5,67842.5,67835.1,67835.1,4.028,273253.791
1717248300000,67835.1,67862.2,67835.1,67851,52.799,3582500.3853
1717248360000,67851,67855.2,67850.9,67855.1,2.399,162783.187
1717248420000,67855.1,67859.2,67844.9,67851,7.097,481534.9947
1717248480000,67851,67863,67832.6,67840.5,54.632,3706707.536
1717248540000,67840.5,67840.6,67800,67808.2,27.04,1833638.0516
1717248600000,67808.2,67844.6,67808.2,67844.5,16.384,1111264.2037
1717248660000,67844.5,67844.6,67804.4,67804.5,29.274,1985643.0257
1717248720000,67804.5,67810,67804.4,67809.9,4.172,282888.8393
1717248780000,67809.9,67829.9,67809.8,67829.9,13.227,897082.0859
1717248840000,67829.9,67829.9,67822,67822.1,3.341,226616.18
1717248900000,67822.1,67822.1,67811.7,67811.7,1.857,125943.6814
1717248960000,67811.7,67844.5,67811.6,67844.4,16.924,1148019.5249
1717249020000,67844.4,67844.5,67827.7,67827.8,4.043,274289.9312
1717249080000,67827.8,67827.8,67817.7,67823.2,1.43,96987.2869
1717249140000,67823.2,67840,67823.2,67839.9,3.359,227832.1012
1717249200000,67839.9,67848,67830.6,67848,15.626,1060138.4497
1717249260000,67848,67858.4,67841.4,67841.5,22.827,1548820.5877
1717249320000,67841.5,67841.5,67814.5,67832.3,39.564,2683591.7163
1717249380000,67832.3,67832.4,67786.1,67791.8,24.345,1650476.0501
1717249440000,67791.8,67804.3,67772.3,67785.4,92.196,6249786.8219
1717249500000,67785.4,67807.9,67785.4,67803.8,7.092,480803.9368
1717249560000,67803.8,67815.9,67799.4,67815.9,6.444,436968.3407
1717249620000,67815.9,67815.9,67801.4,67802.8,12.428,842746.5234
1717249680000,67802.8,67811,67802.8,67810.9,2.646,179407.4027
1717249740000,67810.9,67848.7,67810.9,67841.9,40.374,2738950.5005
1717249800000,67841.9,67841.9,67812.1,67817.2,6.158,417678.6117
1717249860000,67817.2,67817.3,67802.6,67812.4,3.101,210280.9159
1717249920000,67812.4,67816.4,67802,67802,3.178,215504.4424
1717249980000,67802,67826.8,67802,67823.5,30.773,2086952.5586
1717250040000,67823.5,67826.8,67810,67810,6.755,458132.1518
1717250100000,67810,67810.1,67800,67800,3.177,215404.3887
1717250160000,67800,67800.1,67788.6,67788.6,9.798,664256.9893
1717250220000,67788.6,67788.7,67782.3,67782.3,5.319,360559.9987
1717250280000,67782.3,67782.4,67745.4,67758.6,58.661,3975140.4188
1717250340000,67758.6,67768.8,67750,67750,12.327,835283.9891
1717250400000,67750,67756.5,67746.2,67746.2,17.484,1184590.1214
1717250460000,67746.2,67746.3,67731.5,67738.7,38.968,2639613.3769
1717250520000,67738.7,67738.7,67703.7,67719.9,47.004,3182991.6754
1717250580000,67719.9,67737.7,67702.1,67702.2,77.987,5281593.8829
1717250640000,67702.2,67725.2,67693,67725,84.388,5713215.7072
1717250700000,67725,67754.3,67721.6,67750.2,34.391,2329545.5337
1717250760000,67750.2,67773.7,67750.1,67773.6,18.156,1230303.8617
1717250820000,67773.6,67783,67769.7,67769.7,14.396,975718.5342
1717250880000,67769.7,67783,67769.7,67782.9,8.828,598363.1016
1717250940000,67782.9,67787.1,67782.9,67787,5.11,346371.4449
1717251000000,67787,67813.3,67781.6,67804.7,37.511,2543338.9382
1717251060000,67804.7,67804.8,67804.7,67804.8,4.254,288441.4685
1717251120000,67804.8,67804.8,67790,67798.5,9.912,671987.409
1717251180000,67798.5,67798.6,67780,67780,3.775,255900.9598
1717251240000,67780,67782.5,67780,67782.4,2.361,160032.2965
1717251300000,67782.4,67796.8,67782.4,67795.2,17.666,1197618.7709
1717251360000,67795.2,67795.3,67785.6,67792.8,2.757,186895.5305
1717251420000,67792.8,67799.2,67792.8,67799.1,1.608,109012.4199
1717251480000,67799.1,67800,67799.1,67799.9,3.79,256961.397
1717251540000,67799.9,67807.1,67799.9,67802.7,4.897,332043.8404
1717251600000,67802.7,67812.2,67802.6,67812.2,3.505,237651.8485
1717251660000,67812.2,67816.2,67805.9,67816.2,3.909,265065.5434
1717251720000,67816.2,67827.2,67816.1,67827.1,4.222,286337.3836
1717251780000,67827.1,67852.8,67827,67838,37.919,2572426.3716
1717251840000,67838,67838,67837.9,67838,3.876,262939.8418
1717251900000,67838,67838,67837.6,67837.7,3.012,204327.0937
1717251960000,67837.7,67848.2,67822.4,67822.4,41.44,2811125.3979
1717252020000,67822.4,67833.2,67814.3,67821.1,6.924,469579.3926
1717252080000,67821.1,67836,67821,67835.9,2.534,171873.1484
1717252140000,67835.9,67840.8,67828.9,67829,17.83,1209521.8192
1717252200000,67829,67829,67815.5,67827.3,8.203,556305.3835
1717252260000,67827.3,67830.7,67813.7,67830.7,1.267,85924.8897
1717252320000,67830.7,67843.1,67830.6,67840.5,12.785,867309.1326
1717252380000,67840.5,67888.7,67840.5,67888.6,65.249,4428454.2261
1717252440000,67888.6,67900,67879.6,67884,38.832,2636290.2248
1717252500000,67884,67893,67883.9,67892.9,18.471,1254003.5924
1717252560000,67892.9,67893,67865.4,67883.6,66.682,4525963.9175
1717252620000,67883.6,67899.6,67880,67899.4,83.412,5662826.6016
1717252680000,67899.4,67899.6,67881.1,67889.4,13.392,909181.7692
1717252740000,67889.4,67889.5,67840,67849.6,27.6,1873343.9847
1717252800000,67849.6,67870,67849.6,67858.9,7.194,488203.8357
1717252860000,67858.9,67859,67858.9,67858.9,1.535,104163.5119
1717252920000,67858.9,67859,67834.9,67837.4,17.034,1155621.4942
1717252980000,67837.4,67849.6,67827.6,67839.9,57.893,3927530.5425
1717253040000,67839.9,67858.5,67836.2,67858.5,67.438,4575607.393
1717253100000,67858.5,67858.5,67841.1,67841.1,25.514,1731102.2266
1717253160000,67841.1,67841.1,67820,67820.1,11.603,786988.1681
1717253220000,67820.1,67820.1,67794.6,67794.8,31.138,2111284.3151
1717253280000,67794.8,67794.8,67788.5,67788.6,17.559,1190351.9352
1717253340000,67788.6,67797.4,67788.5,67797.3,15.874,1076132.8399
1717253400000,67797.3,67810,67797.3,67809.9,8.851,600142.0684
1717253460000,67809.9,67846,67809.9,67845.9,9.509,645001.5159
1717253520000,67845.9,67849.1,67834.2,67834.3,13.922,944565.0413
1717253580000,67834.3,67834.3,67813.2,67821.4,8.765,594449.0691
1717253640000,67821.4,67821.5,67811.3,67820.1,4.002,271408.3422
1717253700000,67820.1,67826.8,67820.1,67824.2,2.195,148875.2116
1717253760000,67824.2,67837.6,67824.1,67837.6,3.361,227992.7544
1717253820000,67837.6,67837.6,67837.5,67837.5,1.693,114849.0253
1717253880000,67837.5,67837.6,67837.5,67837.6,0.88,59697.0461
1717253940000,67837.6,67837.6,67837.5,67837.5,1.529,103723.6092
1717254000000,67837.5,67856.4,67837.5,67840.2,12.671,859648.9364
1717254060000,67840.2,67840.2,67825.5,67832.6,13.364,906545.7542
1717254120000,67832.6,67845.7,67832.6,67841.8,3.42,232023.8258
1717254180000,67841.8,67845.3,67841.8,67845.3,1.982,134463.0422
1717254240000,67845.3,67845.3,67845.2,67845.3,1.817,123274.8195
1717254300000,67845.3,67846.9,67836.7,67836.7,8.624,585098.7555
1717254360000,67836.7,67836.8,67820.5,67831.8,7.436,504350.7871
1717254420000,67831.8,67841,67825.2,67825.2,20.951,1421274.9735
1717254480000,67825.2,67825.2,67802.9,67805,25.335,1717972.8172
1717254540000,67805,67809.8,67793.5,67796.7,13.303,901955.4642
1717254600000,67796.7,67808.2,67796.6,67808.2,5.249,355891.4217
1717254660000,67808.2,67828.4,67808.1,67828.4,4.669,316648.3572
1717254720000,67828.4,67834,67816.7,67816.7,6.298,427197.2893
1717254780000,67816.7,67816.8,67796.6,67796.7,3.977,269654.0421
1717254840000,67796.7,67796.7,67777.1,67792.4,30.535,2069888.0386
1717254900000,67792.4,67800.1,67792.3,67800.1,10.558,715803.8653
1717254960000,67800.1,67800.1,67799,67799.1,2.822,191331.6665
1717255020000,67799.1,67799.1,67786.7,67790.1,14.125,957505.2858
1717255080000,67790.1,67802.6,67785.4,67802.5,5.112,346554.1287
1717255140000,67802.5,67811.6,67802.5,67811.6,10.598,718588.8573
1717255200000,67811.6,67843.7,67811.6,67843.7,12.116,821746.8959
1717255260000,67843.7,67849.5,67843.6,67849.5,7.284,494194.5942
1717255320000,67849.5,67849.5,67849.4,67849.5,2.735,185568.27
1717255380000,67849.5,67849.5,67849.4,67849.5,3.5,237473.0149
1717255440000,67849.5,67854.8,67849.4,67854.8,15.841,1074847.7795
1717255500000,67854.8,67854.8,67780,67796,28.728,1947887.6843
1717255560000,67796,67814.4,67794.3,67814.4,17.208,1166719.3946
1717255620000,67814.4,67826,67814.3,67826,7.059,478749.7423
1717255680000,67826,67826,67816.4,67816.5,4.107,278546.4247
1717255740000,67816.5,67816.5,67804.9,67804.9,2.116,143482.9642
1717255800000,67804.9,67824.6,67804.9,67822.3,5.17,350587.6164
1717255860000,67822.3,67822.4,67822.2,67822.3,2,135644.514
1717255920000,67822.3,67825.4,67822.2,67825.4,4.268,289467.8899
1717255980000,67825.4,67825.4,67825.3,67825.4,1.554,105400.5593
1717256040000,67825.4,67825.4,67810,67810.1,3.483,236217.1879
1717256100000,67810.1,67813.7,67810,67813.7,2.504,169801.5017
1717256160000,67813.7,67813.7,67802.8,67802.8,5.137,348331.6742
1717256220000,67802.8,67802.9,67798,67798.1,4.654,315542.8437
1717256280000,67798.1,67814.3,67798,67814.3,3.225,218663.277
1717256340000,67814.3,67818.5,67814.2,67818.4,2.321,157402.8069
1717256400000,67818.4,67821.5,67808.9,67815.4,4.802,325658.0966
1717256460000,67815.4,67834.9,67815.3,67834.8,6.716,455533.4569
1717256520000,67834.8,67834.9,67825.3,67825.4,4.665,316412.4343
1717256580000,67825.4,67825.4,67825.1,67825.1,4.186,283916.96
1717256640000,67825.1,67825.2,67825.1,67825.2,2.673,181296.6964
1717256700000,67825.2,67825.2,67797.9,67798,7.07,479434.9069
1717256760000,67798,67798,67790,67790,2.188,148334.4153
1717256820000,67790,67806,67790,67806,15.337,1039752.3256
1717256880000,67806,67810.2,67805.9,67810.1,5.256,356390.1111
1717256940000,67810.1,67810.2,67798.2,67804.9,5.231,354703.6608
1717257000000,67804.9,67805,67798.3,67798.4,4.172,282866.8797
1717257060000,67798.4,67822.1,67798.3,67808,25.6,1735948.5824
1717257120000,67808,67808.1,67804.5,67804.6,1.371,92961.5597
1717257180000,67804.6,67825.3,67804.6,67824.9,11.98,812425.417
1717257240000,67824.9,67825,67810.2,67810.2,7.117,482690.301
1717257300000,67810.2,67810.3,67800,67800.1,6.896,467592.8922
1717257360000,67800.1,67800.1,67776.3,67776.4,18.125,1228761.7001
1717257420000,67776.4,67776.4,67747.9,67747.9,34.724,2352774.5698
1717257480000,67747.9,67748,67710.6,67710.6,63.747,4317464.4174
1717257540000,67710.6,67727.4,67698,67708.9,128.37,8692080.3088
1717257600000,67708.9,67745.9,67708.9,67742.8,30.38,2057692.6919
1717257660000,67742.8,67755.8,67734.8,67735.2,17.957,1216467.4294
1717257720000,67735.2,67761.5,67735.2,67746.5,9.576,648754.2186
1717257780000,67746.5,67754.7,67739.2,67745.5,15.239,1032356.9011
1717257840000,67745.5,67745.5,67715.3,67718.6,13.931,943497.569
1717257900000,67718.6,67718.6,67705.8,67717.8,29.867,2022213.8783
1717257960000,67717.8,67737.7,67717.8,67737.6,7.229,489592.138
1717258020000,67737.6,67747.9,67737.6,67745.5,7.74,524340.0687
1717258080000,67745.5,67750,67745.5,67749.9,3.385,229326.1965
1717258140000,67749.9,67750,67737.8,67737.8,5.57,377358.2365
1717258200000,67737.8,67737.8,67728.3,67728.4,3.836,259828.3441
1717258260000,67728.4,67728.8,67721.5,67721.6,13.316,901865.7997
1717258320000,67721.6,67721.6,67707.6,67719.6,11.29,764513.0656
1717258380000,67719.6,67719.6,67710.9,67710.9,12.294,832498.1685
1717258440000,67710.9,67711,67709.3,67709.3,6.004,406527.0327
1717258500000,67709.3,67722.5,67705.6,67705.7,24.701,1672601.2036
1717258560000,67705.7,67705.7,67651.1,67651.1,82.048,5552900.295
1717258620000,67651.1,67707.7,67635,67699.3,57.886,3916682.2632
1717258680000,67699.3,67699.3,67670.9,67671,19.669,1331118.0154
1717258740000,67671,67675.9,67648.5,67675.8,18.823,1273602.1914
1717258800000,67675.8,67685,67675.8,67684.8,4.292,290493.281
1717258860000,67684.8,67710.1,67684.8,67710.1,23.226,1572438.4779
1717258920000,67710.1,67726.2,67710,67726.1,12.983,879130.8119
1717258980000,67726.1,67735.7,67706.1,67724.5,20.239,1370572.2548
1717259040000,67724.5,67724.5,67707.2,67719.8,18.006,1219311.2503
1717259100000,67719.8,67719.9,67719.8,67719.9,1.407,95281.8659
1717259160000,67719.9,67745.1,67719.9,67742.8,4.115,278723.9138
1717259220000,67742.8,67742.9,67739,67739,3.976,269341.2196
1717259280000,67739,67742.9,67739,67742.8,3.929,266157.3091
1717259340000,67742.8,67742.9,67742.8,67742.8,1.851,125392.0171
1717259400000,67742.8,67754,67740,67750,22.822,1546091.2862
1717259460000,67750,67750,67730.6,67730.7,3.204,217036.3113
1717259520000,67730.7,67730.7,67706.2,67706.2,9.021,610868.6699
1717259580000,67706.2,67707.8,67691.8,67703.2,9.659,653927.3552
1717259640000,67703.2,67703.3,67693.3,67702.4,2.7,182786.1795
1717259700000,67702.4,67718.5,67702.4,67718.4,3.773,255469.7981
1717259760000,67718.4,67718.5,67710,67710.1,3.963,268357.1689
1717259820000,67710.1,67716.4,67710,67716.4,1.001,67782.2212
1717259880000,67716.4,67716.4,67716.3,67716.4,0.45,30472.359
1717259940000,67716.4,67716.4,67702.5,67702.6,5.719,387258.975
1717260000000,67702.6,67714.8,67695.6,67714.8,3.805,257630.5966
1717260060000,67714.8,67716.4,67714.7,67716.4,2.632,178225.8801
1717260120000,67716.4,67716.4,67716.3,67716.3,2.479,167868.7896
1717260180000,67716.3,67716.4,67716.3,67716.3,0.719,48688.0389
1717260240000,67716.3,67716.4,67708,67716.3,13.867,938965.8581
1717260300000,67716.3,67716.4,67695.1,67695.1,4.28,289785.177
1717260360000,67695.1,67695.2,67695,67695,2.024,137014.8779
1717260420000,67695,67699,67684,67699,9.25,626154.0467
1717260480000,67699,67699,67685.8,67685.9,3.71,251146.3893
1717260540000,67685.9,67685.9,67672,67672.1,6.418,434333.5362
1717260600000,67672.1,67689.2,67672,67689.1,3.642,246491.1555
1717260660000,67689.1,67708.7,67689.1,67708.7,10.556,714647.1927
1717260720000,67708.7,67708.7,67708.6,67708.7,2.152,145709.0449
1717260780000,67708.7,67708.7,67708.6,67708.6,0.951,64390.9148
1717260840000,67708.6,67730,67708.6,67730,9.761,661026.3638
1717260900000,67730,67730,67729.9,67729.9,13.923,943004.3005
1717260960000,67729.9,67739.8,67726.7,67726.7,8.701,589360.64
1717261020000,67726.7,67726.8,67726.2,67726.3,1.464,99151.6691
1717261080000,67726.3,67726.3,67726.2,67726.3,1.752,118656.3824
1717261140000,67726.3,67726.3,67722.6,67722.7,6.004,406622.9294
1717261200000,67722.7,67722.7,67702.2,67702.3,11.047,748022.6477
1717261260000,67702.3,67702.3,67697.3,67697.3,1.433,97011.5843
1717261320000,67697.3,67697.4,67680,67688.2,23.492,1590071.5432
1717261380000,67688.2,67688.9,67681.6,67681.6,2.739,185392.9067
1717261440000,67681.6,67681.7,67680,67680.1,3.295,223008.093
1717261500000,67680.1,67680.1,67661.3,67661.4,14.692,994258.6333
1717261560000,67661.4,67661.4,67650,67650.1,6.844,463023.4318
1717261620000,67650.1,67694.3,67641.4,67691,43.356,2933860.0595
1717261680000,67691,67702.1,67691,67702,7.437,503438.4451
1717261740000,67702,67702.1,67702,67702,3.923,265595.2983
1717261800000,67702,67702.1,67702,67702,1.093,73998.3347
1717261860000,67702,67702.1,67690,67690,11.035,747046.1401
1717261920000,67690,67690.1,67690,67690,2.11,142825.9794
1717261980000,67690,67690.1,67690,67690,1.607,108777.9109
1717262040000,67690,67690.1,67674.3,67674.4,9.035,611490.1605
1717262100000,67674.4,67690,67639.2,67667.5,146.417,9906953.3811
1717262160000,67667.5,67676.7,67667.5,67674.2,10.175,688599.0733
1717262220000,67674.2,67694,67674.1,67693.9,13.409,907617.0127
1717262280000,67693.9,67694,67693.9,67694,7.092,480085.603
1717262340000,67694,67694,67682.3,67682.3,6.689,452779.437
1717262400000,67682.3,67693.8,67682.3,67693.8,1.798,121706.2383
1717262460000,67693.8,67695.9,67685.7,67695.9,11.421,773122.7935
1717262520000,67695.9,67705.6,67695.8,67705.6,4.716,319294.0175
1717262580000,67705.6,67705.6,67705.5,67705.6,3.904,264322.5975
1717262640000,67705.6,67705.6,67690.1,67690.1,7.884,533715.8845
1717262700000,67690.1,67690.2,67689.1,67689.2,5.683,384681.4184
1717262760000,67689.2,67689.2,67689.1,67689.2,2.433,164687.6514
1717262820000,67689.2,67689.2,67689.1,67689.1,2.115,143162.4909
1717262880000,67689.1,67698,67689.1,67697.9,3.971,268805.3436
1717262940000,67697.9,67702.6,67697.9,67702.5,1.839,124503.6478
1717263000000,67702.5,67713.7,67702.5,67713.7,8.268,559817.8798
1717263060000,67713.7,67713.7,67705.9,67705.9,3.468,234825.9771
1717263120000,67705.9,67706,67687.4,67687.4,5.548,375575.041
1717263180000,67687.4,67687.5,67682.6,67683.9,5.511,373010.1369
1717263240000,67683.9,67684,67683.9,67683.9,0.74,50086.1455
1717263300000,67683.9,67701.9,67683.9,67701.9,2.797,189321.536
1717263360000,67701.9,67701.9,67701.8,67701.9,0.717,48542.2504
1717263420000,67701.9,67701.9,67698,67698,2.598,175886.9672
1717263480000,67698,67698.1,67682.2,67682.2,3.746,253570.8242
1717263540000,67682.2,67682.3,67681.6,67681.6,1.987,134484.5371
1717263600000,67681.6,67681.6,67677.3,67677.4,2.477,167640.1263
1717263660000,67677.4,67690.7,67677.4,67690.7,1.62,109645.7697
1717263720000,67690.7,67690.9,67690.4,67690.5,1.825,123535.6737
1717263780000,67690.5,67690.5,67687.3,67687.3,3.934,266294.1172
1717263840000,67687.3,67687.3,67681.2,67681.3,0.805,54486.5034
1717263900000,67681.3,67681.3,67563.9,67619.1,191.806,12968492.4147
1717263960000,67619.1,67627.7,67590.1,67590.2,131.991,8924702.9379
1717264020000,67590.2,67627.5,67589.6,67589.6,91.888,6212318.1994
1717264080000,67589.6,67647.7,67589.6,67597.8,115.525,7810661.6436
1717264140000,67597.8,67660.7,67585.6,67630.1,140.904,9527304.1936
1717264200000,67630.1,67664.1,67630,67664,23.452,1586407.2367
1717264260000,67664,67696.8,67664,67696.8,18.577,1257346.4506
1717264320000,67696.8,67708.6,67696.8,67701.1,14.404,975192.3253
1717264380000,67701.1,67711.3,67701.1,67711.3,2.238,151523.864
1717264440000,67711.3,67714,67711.2,67714,3.41,230899.714
1717264500000,67714,67719.9,67714,67719.9,4.578,309999.8761
1717264560000,67719.9,67725,67719.8,67725,6.333,428881.4048
1717264620000,67725,67800,67724.9,67800,137.233,9298600.6968
1717264680000,67800,67828.3,67761,67825.8,82.486,5591930.2313
1717264740000,67825.8,67851,67809.3,67809.3,106.416,7218952.1261
1717264800000,67809.3,67850,67809.3,67842.6,95.423,6471745.843
1717264860000,67842.6,67842.6,67803.5,67830.2,23.81,1614885.6492
1717264920000,67830.2,67830.2,67808.2,67823.5,31.993,2169599.5441
1717264980000,67823.5,67823.5,67793.7,67793.7,9.423,638960.9464
1717265040000,67793.7,67798.4,67781,67781,14.033,951271.0811
1717265100000,67781,67787.2,67781,67781,20.143,1365323.226
1717265160000,67781,67794.4,67776.7,67776.7,10.526,713517.7738
1717265220000,67776.7,67776.7,67767.4,67767.5,6.325,428663.4543
1717265280000,67767.5,67767.5,67767.4,67767.4,1.6,108427.9409
1717265340000,67767.4,67773.5,67759.9,67773.5,6.41,434367.0674
1717265400000,67773.5,67777.6,67773.4,67777.6,1.689,114469.9562
1717265460000,67777.6,67794.2,67777.5,67794.2,3.074,208367.3346
1717265520000,67794.2,67794.2,67777.7,67777.7,5.706,386799.529
1717265580000,67777.7,67778.5,67777.7,67778.5,1.533,103904.0746
1717265640000,67778.5,67787.1,67778.5,67780.5,2.921,197992.6112
1717265700000,67780.5,67780.6,67778.8,67778.9,3.625,245698.5087
1717265760000,67778.9,67778.9,67750.5,67750.6,7.984,541070.3237
1717265820000,67750.6,67759.9,67750.5,67759.9,2.412,163418.4942
1717265880000,67759.9,67773.6,67759.9,67771.9,4.797,325070.9242
1717265940000,67771.9,67771.9,67759.2,67759.2,1.483,100496.9076
1717266000000,67759.2,67777.3,67759.2,67777.3,8.156,552720.5609
1717266060000,67777.3,67787.6,67777.3,67787.5,2.546,172584.9121
1717266120000,67787.5,67787.6,67780.4,67780.4,6.942,470559.9353
1717266180000,67780.4,67780.5,67780.4,67780.5,2.209,149727.0886
1717266240000,67780.5,67792.5,67780.5,67787.5,4.718,319806.8879
1717266300000,67787.5,67787.5,67784.5,67784.6,0.898,60872.5898
1717266360000,67784.6,67784.6,67782.5,67782.6,0.96,65072.9802
1717266420000,67782.6,67782.6,67762,67762,6.457,437647.1292
1717266480000,67762,67762.1,67762,67762.1,0.598,40521.7155
1717266540000,67762.1,67762.1,67750.9,67750.9,1.646,111529.9306
1717266600000,67750.9,67751,67750.9,67750.9,1.193,80826.8769
1717266660000,67750.9,67751,67750.9,67750.9,2.695,182588.6871
1717266720000,67750.9,67751,67750.9,67751,0.453,30691.1643
1717266780000,67751,67774.6,67750.5,67774.6,11.811,800226.6362
1717266840000,67774.6,67774.6,67766.4,67766.5,2.839,192398.201
1717266900000,67766.5,67766.5,67766.4,67766.5,1.037,70273.8355
1717266960000,67766.5,67766.5,67750.2,67750.3,3.385,229353.2367
1717267020000,67750.3,67750.3,67745.5,67745.6,4.654,315292.3266
1717267080000,67745.6,67763.2,67745.5,67751,1.804,122221.7869
1717267140000,67751,67767.7,67750.9,67767.1,4.162,282043.8328
1717267200000,67767.1,67767.1,67767,67767,0.868,58821.8052
1717267260000,67767,67767.1,67767,67767,0.467,31647.2249
1717267320000,67767,67774.6,67751.3,67774.6,4.704,318746.076
1717267380000,67774.6,67780.4,67774.5,67780.4,2.945,199611.0158
1717267440000,67780.4,67785,67776.6,67785,5.189,351709.8596
1717267500000,67785,67800.8,67784.9,67800.8,9.41,637928.5077
1717267560000,67800.8,67800.8,67790.1,67790.2,1.577,106915.7431
1717267620000,67790.2,67792.8,67783,67783.1,2.757,186900.6202
1717267680000,67783.1,67783.1,67775,67775,2.84,192484.7804
1717267740000,67775,67775.1,67775,67775.1,0.916,62081.9393
1717267800000,67775.1,67775.1,67760.1,67760.1,3.577,242419.3886
1717267860000,67760.1,67780.1,67758.8,67780.1,3.72,252106.6154
1717267920000,67780.1,67780.1,67770.4,67770.5,0.969,65677.6146
1717267980000,67770.5,67770.5,67767.8,67767.8,1.159,78544.591
1717268040000,67767.8,67767.9,67760.4,67760.4,0.746,50551.3582
1717268100000,67760.4,67772.2,67760.4,67772.2,3.233,219078.4299
1717268160000,67772.2,67772.2,67772.1,67772.1,0.457,30971.8699
1717268220000,67772.1,67772.2,67767.7,67767.8,0.817,55367.9605
1717268280000,67767.8,67777.8,67767.7,67777.8,3.131,212185.1581
1717268340000,67777.8,67777.8,67777.7,67777.8,1.37,92855.5761
1717268400000,67777.8,67788.8,67777.7,67786,4.8,325370.7002
1717268460000,67786,67786,67781.8,67781.9,1.216,82424.4561
1717268520000,67781.9,67782.3,67777.8,67782.3,4.278,289955.5198
1717268580000,67782.3,67786.3,67782.2,67786.2,0.815,55242.7252
1717268640000,67786.2,67786.3,67778.4,67778.5,1.873,126961.1757
1717268700000,67778.5,67778.5,67778.4,67778.4,9.654,654333.1235
1717268760000,67778.4,67778.4,67764.7,67766.8,1.28,86746.1835
1717268820000,67766.8,67766.9,67762.1,67762.2,0.456,30901.5912
1717268880000,67762.2,67762.2,67757,67757.1,7.222,489376.1081
1717268940000,67757.1,67757.1,67741.9,67741.9,1.818,123166.7987
1717269000000,67741.9,67742,67741.9,67741.9,6.435,435919.6333
1717269060000,67741.9,67742,67741.9,67742,4.094,277335.733
1717269120000,67742,67762.7,67741.9,67751.1,6.546,443498.9477
1717269180000,67751.1,67751.2,67751.1,67751.1,0.209,14159.9898
1717269240000,67751.1,67751.2,67737.6,67741.7,13.219,895468.5869
1717269300000,67741.7,67751.6,67741.7,67751.6,1.925,130405.6101
1717269360000,67751.6,67751.6,67741.3,67741.3,1.752,118690.7733
1717269420000,67741.3,67741.4,67722.9,67728.9,6.244,422920.135
1717269480000,67728.9,67728.9,67721,67721,2.888,195594.3533
1717269540000,67721,67721.1,67716.5,67716.5,3.638,246354.7916
1717269600000,67716.5,67716.6,67707,67707.1,3.304,223723.1569
1717269660000,67707.1,67739.1,67707.1,67739.1,11.664,789844.3775
1717269720000,67739.1,67739.1,67734.3,67734.3,5.041,341472.5886
1717269780000,67734.3,67734.4,67709.5,67709.6,20.768,1406366.9595
1717269840000,67709.6,67746,67709.6,67746,3.975,269188.7255
1717269900000,67746,67746,67745.9,67745.9,2.462,166790.4325
1717269960000,67745.9,67746,67731.4,67739.9,9.589,649531.5734
1717270020000,67739.9,67758.8,67739.8,67758.8,5.474,370816.869
1717270080000,67758.8,67758.8,67752,67752,1.685,114170.9458
1717270140000,67752,67752.1,67752,67752,0.388,26287.8016
1717270200000,67752,67761.5,67752,67761.4,3.122,211544.6745
1717270260000,67761.4,67761.5,67761.4,67761.5,1.587,107537.4923
1717270320000,67761.5,67768.4,67736.5,67736.5,13.382,906720.7398
1717270380000,67736.5,67739.1,67730,67739.1,5.379,364342.6349
1717270440000,67739.1,67739.1,67739,67739,0.495,33530.8365
1717270500000,67739,67739.1,67731.1,67731.2,1.639,111020.2716
1717270560000,67731.2,67756.6,67731.1,67756.5,1.861,126079.5606
1717270620000,67756.5,67756.6,67749.8,67749.8,0.626,42414.7748
1717270680000,67749.8,67773,67743,67763.5,28.064,1901731.5356
1717270740000,67763.5,67763.6,67750.5,67755.9,3.745,253750.1974
1717270800000,67755.9,67767.6,67749.6,67767.4,4.375,296431.6906
1717270860000,67767.4,67798.2,67767.4,67798.2,12.376,838876.0078
1717270920000,67798.2,67810,67798.2,67809.9,6.577,445933.4457
1717270980000,67809.9,67810,67800.8,67808.8,2.195,148839.6011
1717271040000,67808.8,67810,67808.5,67808.5,4.414,299312.0964
1717271100000,67808.5,67808.5,67799.4,67799.4,1.719,116550.5876
1717271160000,67799.4,67799.5,67789.6,67789.6,5.241,355311.6723
1717271220000,67789.6,67789.7,67787.3,67787.3,1.724,116867.8896
1717271280000,67787.3,67787.3,67775,67775,2.962,200770.6658
1717271340000,67775,67775,67770,67770,2.831,191867.9725
1717271400000,67770,67770.1,67768.4,67768.5,0.532,36053.0674
1717271460000,67768.5,67786.2,67768.4,67786.1,6.122,414908.2908
1717271520000,67786.1,67789.5,67786.1,67789.5,10.929,740837.5548
1717271580000,67789.5,67794.9,67789.4,67794.9,2.531,171578.1172
1717271640000,67794.9,67794.9,67790,67790,0.975,66098.4058
1717271700000,67790,67790,67782.2,67782.2,4.692,318043.6646
1717271760000,67782.2,67782.3,67782.2,67782.2,0.454,30773.142
1717271820000,67782.2,67789.9,67782.2,67789.9,1.277,86560.616
1717271880000,67789.9,67795.8,67789.9,67795.7,2.025,137284.2206
1717271940000,67795.7,67795.8,67777.7,67777.7,2.109,142965.936
1717272000000,67777.7,67777.8,67752.6,67769.8,10.961,742725.1624
1717272060000,67769.8,67772.6,67768.2,67768.3,5.94,402556.5549
1717272120000,67768.3,67768.3,67748.5,67755.3,6.749,457298.2612
1717272180000,67755.3,67765.1,67751.8,67765.1,16.821,1139805.6887
1717272240000,67765.1,67765.1,67748.1,67748.1,9.911,671579.9148
1717272300000,67748.1,67774,67747.4,67774,41.068,2782795.0618
1717272360000,67774,67814.9,67773,67810.1,31.742,2152232.7132
1717272420000,67810.1,67810.1,67796.8,67796.8,2.765,187474.6638
1717272480000,67796.8,67796.9,67778.9,67779,1.507,102165.3073
1717272540000,67779,67779,67778.9,67778.9,1.736,117664.195
1717272600000,67778.9,67779,67778.9,67778.9,0.675,45750.7963
1717272660000,67778.9,67793.8,67778.9,67793.7,5.946,403044.0409
1717272720000,67793.7,67793.8,67788.6,67788.6,1.59,107791.9722
1717272780000,67788.6,67788.6,67783.2,67783.2,0.69,46771.8403
1717272840000,67783.2,67783.3,67736.8,67736.8,27.378,1855021.2246
1717272900000,67736.8,67753.9,67736.8,67753.8,9.929,672600.5129
1717272960000,67753.8,67757.2,67743.2,67757.2,5.764,390516.5631
1717273020000,67757.2,67757.2,67757.1,67757.2,1.106,74939.4591
1717273080000,67757.2,67757.2,67750,67750,4.693,317980.6201
1717273140000,67750,67750.1,67742.7,67742.7,2.28,154457.9963
1717273200000,67742.7,67750,67742.7,67749.9,5.721,387590.9417
1717273260000,67749.9,67752.6,67749.9,67752.5,1.61,109078.5542
1717273320000,67752.5,67752.6,67752.5,67752.5,0.744,50407.8878
1717273380000,67752.5,67752.6,67746.9,67746.9,2.553,172970.7339
1717273440000,67746.9,67764.6,67746.9,67764.5,8.223,557109.355
1717273500000,67764.5,67772.2,67764.5,67772.1,5.073,343800.2767
1717273560000,67772.1,67772.2,67764,67764,0.692,46896.0608
1717273620000,67764,67764.1,67756.7,67756.8,2.655,179894.7858
1717273680000,67756.8,67770.9,67756.7,67770.9,2.996,203014.5665
1717273740000,67770.9,67777.9,67770.8,67777.8,5.608,380066.5707
1717273800000,67777.8,67777.9,67777.1,67777.2,1.643,111358.4881
1717273860000,67777.2,67777.2,67774.7,67775.6,5.068,343483.5308
1717273920000,67775.6,67783.1,67775.5,67783.1,13.885,941070.1462
1717273980000,67783.1,67792.7,67782,67785.8,13.254,898463.002
1717274040000,67785.8,67785.9,67785.8,67785.8,2.341,158686.6366
1717274100000,67785.8,67785.9,67775.6,67775.6,2.365,160308.5812
1717274160000,67775.6,67775.7,67775.6,67775.6,0.786,53271.6269
1717274220000,67775.6,67779.7,67774.8,67779.6,6.021,408074.0771
1717274280000,67779.6,67789,67779.6,67789,2.075,140654.6857
1717274340000,67789,67789,67786.6,67786.6,1.264,85684.8729
1717274400000,67786.6,67795,67786.6,67795,1.561,105821.3393
1717274460000,67795,67795.3,67794.9,67795.2,4.48,303722.0521
1717274520000,67795.2,67795.2,67795.1,67795.2,0.367,24880.83
1717274580000,67795.2,67795.2,67795.1,67795.1,1.643,111387.4536
1717274640000,67795.1,67803.1,67795.1,67803,2.441,165496.4844
1717274700000,67803,67810.4,67803,67810.3,3.983,270077.9332
1717274760000,67810.3,67810.4,67784.3,67784.3,3.776,256022.6111
1717274820000,67784.3,67784.4,67779.1,67779.2,1.392,94352.1525
1717274880000,67779.2,67779.2,67773.4,67773.5,4.88,330741.8393
1717274940000,67773.5,67773.5,67765.6,67765.7,0.896,60722.4564
1717275000000,67765.7,67777.1,67765.6,67772.3,4.264,288978.9364
1717275060000,67772.3,67775.6,67772.3,67775.5,1.459,98882.0451
1717275120000,67775.5,67777.1,67775.5,67777.1,0.75,50832.0071
1717275180000,67777.1,67777.1,67777,67777.1,0.297,20129.7881
1717275240000,67777.1,67777.1,67777,67777,0.406,27517.4835
1717275300000,67777,67777.1,67777,67777.1,0.354,23993.0844
1717275360000,67777.1,67812.3,67777,67812.3,3.907,264884.0536
1717275420000,67812.3,67829.7,67812.3,67829.6,5.844,396340.4039
1717275480000,67829.6,67832,67829.6,67831.9,14.383,975621.1184
1717275540000,67831.9,67832,67831.9,67832,2.422,164288.9994
1717275600000,67832,67832,67823.4,67823.4,5.501,373138.744
1717275660000,67823.4,67823.5,67800,67800.1,7.624,516965.2187
1717275720000,67800.1,67800.1,67786.5,67786.5,7.179,486714.6918
1717275780000,67786.5,67786.7,67786.5,67786.6,6.794,460542.1635
1717275840000,67786.6,67786.7,67786.6,67786.6,1.302,88258.1657
1717275900000,67786.6,67786.7,67782.1,67782.2,5.592,379057.7136
1717275960000,67782.2,67790.1,67781,67790,2.946,199684.8881
1717276020000,67790,67790.1,67790,67790.1,0.583,39521.5792
1717276080000,67790.1,67790.1,67790,67790.1,1.929,130767.0868
1717276140000,67790.1,67790.1,67782.8,67782.9,2.408,163237.525
1717276200000,67782.9,67787.7,67782.8,67787.6,6.313,427914.7132
1717276260000,67787.6,67787.7,67787.6,67787.6,1.003,67991.0528
1717276320000,67787.6,67787.7,67770.7,67770.7,3.793,257087.2337
1717276380000,67770.7,67770.8,67744.8,67744.9,20.576,1394116.9666
1717276440000,67744.9,67757,67744.8,67752.3,9.463,641098.1905
1717276500000,67752.3,67764.2,67752.3,67764.1,2.275,154139.662
1717276560000,67764.1,67768.9,67764.1,67768.9,1.705,115543.4974
1717276620000,67768.9,67775.2,67768.8,67769.2,2.56,173499.2124
1717276680000,67769.2,67769.3,67769.2,67769.3,1.073,72716.3946
1717276740000,67769.3,67776.9,67769.2,67776.9,6.193,419709.342
1717276800000,67776.9,67777,67776.9,67777,0.545,36938.4583
1717276860000,67777,67777,67776.9,67776.9,1.062,71979.092
1717276920000,67776.9,67779,67776.9,67779,2.171,147143.9023
1717276980000,67779,67792.6,67778.9,67792.6,1.074,72795.7051
1717277040000,67792.6,67813.3,67792.6,67813.3,5.474,371164.722
1717277100000,67813.3,67832.2,67808,67832.1,13.119,889728.886
1717277160000,67832.1,67833.2,67832.1,67833.2,2.538,172158.2717
1717277220000,67833.2,67833.2,67819.3,67819.3,7.114,482535.7471
1717277280000,67819.3,67819.3,67811.7,67811.8,1.766,119765.5066
1717277340000,67811.8,67820.4,67789.3,67789.3,29.676,2012341.0756
1717277400000,67789.3,67789.3,67785.2,67785.3,2.166,146824.7217
1717277460000,67785.3,67785.3,67781.4,67781.5,1.053,71375.2958
1717277520000,67781.5,67781.5,67781.1,67781.2,2.531,171554.5438
1717277580000,67781.2,67804.3,67781.1,67804.3,10.224,693057.7018
1717277640000,67804.3,67804.3,67804.2,67804.2,1.212,82178.7091
1717277700000,67804.2,67804.3,67804.2,67804.2,0.21,14238.895
1717277760000,67804.2,67805,67804.2,67805,2.288,155136.4222
1717277820000,67805,67833.1,67804.9,67829,11.32,767773.4126
1717277880000,67829,67850.8,67828.9,67850.8,12.192,827116.9053
1717277940000,67850.8,67850.9,67850.8,67850.8,2.509,170237.7463
1717278000000,67850.8,67850.8,67842.2,67842.2,11.632,789226.4795
1717278060000,67842.2,67842.3,67840,67840,8.589,582681.6726
1717278120000,67840,67840.1,67840,67840.1,1.039,70485.7952
1717278180000,67840.1,67840.1,67840,67840.1,3.098,210168.4904
1717278240000,67840.1,67844.2,67840,67844.2,6.241,423411.2581
1717278300000,67844.2,67849.3,67844.1,67849.3,8.52,578047.1894
1717278360000,67849.3,67849.7,67849,67849,12.175,826067.8275
1717278420000,67849,67849.1,67847.7,67847.8,1.66,112628.6122
1717278480000,67847.8,67847.8,67845,67847.6,6.36,431504.4661
1717278540000,67847.6,67858.7,67841.7,67846.7,25.275,1714903.1388
1717278600000,67846.7,67850.2,67839,67842.3,14.693,996834.5638
1717278660000,67842.3,67846.9,67840.7,67840.7,3.446,233786.869
1717278720000,67840.7,67840.8,67806.8,67806.9,8.414,570695.6838
1717278780000,67806.9,67806.9,67783.9,67784,6.764,458589.5535
1717278840000,67784,67784,67770,67770.1,8.634,585150.7743
1717278900000,67770.1,67770.1,67764.2,67764.2,3.894,263884.9841
1717278960000,67764.2,67788.5,67762.4,67788.5,15.436,1046079.8397
1717279020000,67788.5,67808.3,67788.4,67808,4.75,322055.9692
1717279080000,67808,67812.8,67803.7,67812.8,4.235,287164.105
1717279140000,67812.8,67812.8,67788.6,67788.7,2.286,154990.5787
1717279200000,67788.7,67792.1,67771,67792,9.232,625725.2674
1717279260000,67792,67792,67736.8,67750.1,33.462,2267497.2571
1717279320000,67750.1,67781.9,67750.1,67781.8,1.401,94926.3932
1717279380000,67781.8,67795.6,67781.8,67795.6,1.174,79583.8657
1717279440000,67795.6,67802.2,67795.5,67802.2,0.842,57085.9129
1717279500000,67802.2,67802.2,67796.3,67796.3,7.409,502332.8801
1717279560000,67796.3,67821.5,67796.3,67805,20.557,1393930.1185
1717279620000,67805,67823.9,67801.8,67822.5,6.785,460162.7359
1717279680000,67822.5,67835.5,67812.3,67812.4,24.15,1638017.7969
1717279740000,67812.4,67812.4,67805.8,67811.1,2.677,181519.8505
1717279800000,67811.1,67828.2,67811.1,67820.8,11.518,781180.5129
1717279860000,67820.8,67835.4,67816.5,67835.4,4.301,291701.361
1717279920000,67835.4,67838.9,67835.4,67838.8,3.007,203986.2494
1717279980000,67838.8,67838.8,67820,67820,4.626,313811.2953
1717280040000,67820,67820.1,67814.4,67814.5,1.016,68901.1315
1717280100000,67814.5,67834,67814.4,67834,1.54,104453.1837
1717280160000,67834,67834,67820.8,67824.6,2.952,200221.5542
1717280220000,67824.6,67829.8,67824.5,67829.8,1.459,98961.5181
1717280280000,67829.8,67829.8,67804,67804,10.678,724229.4733
1717280340000,67804,67807.2,67785,67788.6,14.261,966868.0356
1717280400000,67788.6,67795.6,67788.5,67795.5,5.992,406209.5485
1717280460000,67795.5,67805.7,67795.5,67805.7,2.857,193711.7835
1717280520000,67805.7,67829,67805.6,67829,5.744,389563.6105
1717280580000,67829,67829,67828.9,67829,1.455,98691.0701
1717280640000,67829,67850,67828.9,67850,6.879,466684.5809
1717280700000,67850,67887.9,67849.9,67887.8,20.001,1357462.4043
1717280760000,67887.8,67942,67887.8,67890.8,107.494,7300384.0927
1717280820000,67890.8,67890.9,67870.3,67870.3,9.851,668703.5559
1717280880000,67870.3,67876.4,67862.1,67876.4,4.089,277508.2206
1717280940000,67876.4,67885.2,67870.2,67870.2,4.413,299541.3063
1717281000000,67870.2,67870.3,67851.3,67851.4,18.889,1281764.9822
1717281060000,67851.4,67851.4,67831.6,67831.6,3.397,230459.8479
1717281120000,67831.6,67831.7,67806.5,67806.5,10.423,706862.1463
1717281180000,67806.5,67806.5,67792.3,67798.9,11.682,792000.5292
1717281240000,67798.9,67825.3,67798.9,67825.3,3.577,242557.8879
1717281300000,67825.3,67825.3,67825.2,67825.2,5.013,340007.794
1717281360000,67825.2,67829.5,67825.2,67829.4,1.025,69522.663
1717281420000,67829.4,67829.5,67829.4,67829.5,0.165,11191.8628
1717281480000,67829.5,67829.5,67805.9,67806,3.398,230449.733
1717281540000,67806,67817.3,67805.9,67817.3,4.493,304677.4391
1717281600000,67817.3,67817.3,67811.9,67811.9,1.613,109387.2273
1717281660000,67811.9,67812,67804.3,67804.3,0.549,37227.7099
1717281720000,67804.3,67804.3,67802.9,67802.9,0.209,14170.8443
1717281780000,67802.9,67803,67802.9,67803,1.264,85702.88
1717281840000,67803,67803,67802.9,67803,1.177,79804.066
1717281900000,67803,67803,67802.8,67802.8,1.18,80007.4106
1717281960000,67802.8,67828.9,67802.8,67827.9,17.882,1212634.9375
1717282020000,67827.9,67830,67821.4,67821.5,8.06,546700.0853
1717282080000,67821.5,67826,67818.3,67818.4,2.017,136798.9872
1717282140000,67818.4,67818.4,67818.3,67818.3,0.259,17564.9519
1717282200000,67818.3,67818.3,67805.8,67805.9,2.184,148106.8367
1717282260000,67805.9,67805.9,67805.8,67805.9,1.522,103200.5502
1717282320000,67805.9,67806.3,67805.1,67805.1,0.432,29292.2619
1717282380000,67805.1,67805.2,67805.1,67805.2,2.529,171479.3351
1717282440000,67805.2,67805.2,67805.1,67805.1,1.874,127066.9324
1717282500000,67805.1,67814.8,67802,67814.8,6.356,431002.1637
1717282560000,67814.8,67815.1,67801.1,67807.3,6.432,436171.9511
1717282620000,67807.3,67807.4,67807.3,67807.3,0.272,18443.5973
1717282680000,67807.3,67807.4,67800,67800.1,1.4,94920.8269
1717282740000,67800.1,67800.1,67797.7,67797.7,1.174,79596.6367
1717282800000,67797.7,67817.2,67797.7,67817.1,4.494,304747.848
1717282860000,67817.1,67817.2,67813.3,67813.3,2.287,155094.9938
1717282920000,67813.3,67821,67813.3,67813.8,5.092,345313.9145
1717282980000,67813.8,67854.4,67813.8,67852.7,51.955,3524852.39
1717283040000,67852.7,67852.8,67840.4,67840.4,1.199,81348.7509
1717283100000,67840.4,67840.5,67837,67837,4.771,323660.7265
1717283160000,67837,67837.1,67829.4,67829.5,2.997,203306.9667
1717283220000,67829.5,67854.2,67829.4,67840,20.054,1360606.8546
1717283280000,67840,67840,67821,67825.5,7.753,525870.4334
1717283340000,67825.5,67825.5,67816.7,67816.7,1.625,110210.1073
1717283400000,67816.7,67850.7,67816.7,67844.2,8.105,549816.0493
1717283460000,67844.2,67844.3,67815.1,67815.1,9.768,662556.2832
1717283520000,67815.1,67815.1,67815,67815.1,1.447,98128.3151
1717283580000,67815.1,67815.1,67812.6,67812.7,1.598,108367.8226
1717283640000,67812.7,67812.7,67804.5,67804.5,1.486,100758.9247
1717283700000,67804.5,67815.8,67804.5,67810.3,7.678,520611.5895
1717283760000,67810.3,67810.4,67803.8,67808.8,0.988,66994.514
1717283820000,67808.8,67832.7,67808.7,67832.7,12.632,856790.3246
1717283880000,67832.7,67832.7,67832.6,67832.6,1.174,79635.584
1717283940000,67832.6,67832.7,67822.5,67822.5,1.827,123924.5697
1717284000000,67822.5,67822.6,67822.5,67822.5,1.443,97867.9897
1717284060000,67822.5,67822.6,67822.5,67822.5,1.177,79827.1885
1717284120000,67822.5,67822.6,67822.5,67822.6,1.988,134831.2188
1717284180000,67822.6,67822.6,67822.5,67822.6,0.656,44491.5895
1717284240000,67822.6,67822.6,67822.1,67822.1,0.932,63210.5949
1717284300000,67822.1,67822.1,67795,67795,13.471,913363.6876
1717284360000,67795,67795,67794.8,67794.9,2.247,152334.9328
1717284420000,67794.9,67794.9,67791,67791,1.636,110911.2168
1717284480000,67791,67791.1,67774.5,67782.4,47.051,3189190.3863
1717284540000,67782.4,67782.5,67771.7,67771.7,2.854,193441.6648
1717284600000,67771.7,67771.8,67769,67769,4.747,321703.3123
1717284660000,67769,67769.1,67769,67769,9.742,660205.727
1717284720000,67769,67769.1,67769,67769.1,0.383,25955.5485
1717284780000,67769.1,67769.1,67764.1,67764.1,5.149,348933.0072
1717284840000,67764.1,67773.3,67764.1,67773.3,3.017,204459.2344
1717284900000,67773.3,67784.6,67773.2,67777.1,2.16,146398.7966
1717284960000,67777.1,67785,67777,67777,5.036,341336.2803
1717285020000,67777,67783.5,67777,67777.7,4.166,282371.1026
1717285080000,67777.7,67777.7,67774.7,67774.7,1.868,126605.1706
1717285140000,67774.7,67784.1,67774.7,67784,1.87,126746.5775
1717285200000,67784,67784.1,67784,67784.1,0.571,38704.6844
1717285260000,67784.1,67784.1,67784,67784,0.598,40534.8683
1717285320000,67784,67784,67768.9,67768.9,3.25,220287.2158
1717285380000,67768.9,67768.9,67756,67756,14.366,973419.1518
1717285440000,67756,67756.1,67756,67756,6.274,425101.4817
1717285500000,67756,67763.1,67754,67757.8,13.598,921346.6863
1717285560000,67757.8,67757.8,67751,67751.1,12.373,838331.7483
1717285620000,67751.1,67753.8,67751,67753.7,7.916,536319.7495
1717285680000,67753.7,67767.2,67753.7,67767.2,4.377,296601.8548
1717285740000,67767.2,67767.2,67767.1,67767.1,2.919,197812.4218
1717285800000,67767.1,67770.8,67765.8,67770.8,3.336,226069.818
1717285860000,67770.8,67777.6,67770.8,67777.5,6.258,424131.355
1717285920000,67777.5,67778,67777.5,67777.6,2.24,151822.39
1717285980000,67777.6,67777.6,67777.5,67777.5,5.707,386806.2038
1717286040000,67777.5,67777.6,67777.5,67777.5,0.225,15249.9514
1717286100000,67777.5,67784.8,67777.5,67784.8,1.884,127699.0301
1717286160000,67784.8,67784.8,67784.7,67784.8,4.601,311877.7859
1717286220000,67784.8,67784.8,67784.7,67784.8,0.297,20132.0656
1717286280000,67784.8,67800,67784.7,67800,4.595,311512.0991
1717286340000,67800,67800,67792.8,67792.8,4.561,309215.2089
1717286400000,67792.8,67796.9,67786,67789.4,9.439,639889.5423
1717286460000,67789.4,67789.4,67784.7,67784.8,1.347,91310.7912
1717286520000,67784.8,67784.8,67770.2,67770.2,9.748,660697.0173
1717286580000,67770.2,67790.2,67770.2,67790.2,5.251,355894.6564
1717286640000,67790.2,67795.7,67790.1,67795.7,1.097,74369.0527
1717286700000,67795.7,67810.8,67795.6,67810.6,18.457,1251345.9415
1717286760000,67810.6,67810.6,67796.2,67796.3,2.206,149579.6927
1717286820000,67796.3,67796.3,67784.6,67784.8,2.935,198958.0296
1717286880000,67784.8,67790.9,67784.8,67790.9,0.935,63381.5801
1717286940000,67790.9,67791.5,67790.9,67791.5,2.916,197679.9133
1717287000000,67791.5,67800.9,67791.4,67800.7,8.721,591239.285
1717287060000,67800.7,67804.2,67800.6,67804.1,14.112,956806.3638
1717287120000,67804.1,67807.6,67804.1,67807.5,6.147,416801.0718
1717287180000,67807.5,67807.6,67781.4,67781.5,6.452,437406.733
1717287240000,67781.5,67784.3,67776,67784.3,1.975,133864.3098
1717287300000,67784.3,67806.3,67784.3,67806.3,2.656,180062.1497
1717287360000,67806.3,67834,67806.3,67822.6,15.899,1078283.9973
1717287420000,67822.6,67835.5,67822.5,67833.5,2.269,153908.3616
1717287480000,67833.5,67846,67833.5,67839.8,9.911,672353.6772
1717287540000,67839.8,67839.9,67833.5,67833.9,4.189,284158.6184
1717287600000,67833.9,67834,67820.7,67823.6,9.146,620388.8708
1717287660000,67823.6,67830.9,67805.9,67805.9,23.057,1563817.1944
1717287720000,67805.9,67825.4,67805.9,67825.4,2.162,146620.5072
1717287780000,67825.4,67825.4,67825.3,67825.3,1.937,131377.6573
1717287840000,67825.3,67825.4,67825.3,67825.4,0.239,16210.2543
1717287900000,67825.4,67825.4,67825.3,67825.4,0.149,10105.9771
1717287960000,67825.4,67825.4,67825.3,67825.4,0.53,35947.4294
1717288020000,67825.4,67825.4,67805.3,67805.4,5.309,360045.7318
1717288080000,67805.4,67814.6,67805.3,67814.6,2.3,155964.3314
1717288140000,67814.6,67826.3,67814.6,67826.2,0.534,36217.1826
1717288200000,67826.2,67826.3,67817.3,67817.4,4.424,300033.6748
1717288260000,67817.4,67817.4,67817.3,67817.3,7.562,512834.4486
1717288320000,67817.3,67817.4,67808.2,67808.2,5.881,398817.5885
1717288380000,67808.2,67808.3,67808.2,67808.2,2.106,142804.1874
1717288440000,67808.2,67811.5,67808.2,67811.4,1.028,69708.4714
1717288500000,67811.4,67811.5,67798.4,67804.5,2.426,164488.5017
1717288560000,67804.5,67806.5,67804.5,67806.4,0.725,49159.6283
1717288620000,67806.4,67806.5,67799.2,67799.2,1.006,68212.2093
1717288680000,67799.2,67801.3,67781,67801.3,8.789,595809.0049
1717288740000,67801.3,67801.3,67801.2,67801.2,0.466,31595.3922
1717288800000,67801.2,67817.4,67801.2,67817.3,3.818,258886.1203
1717288860000,67817.3,67824.2,67817.3,67824.2,1.565,106140.06
1717288920000,67824.2,67824.2,67824.1,67824.2,0.251,17023.8707
1717288980000,67824.2,67851.6,67824.1,67846.7,11.696,793513.3674
1717289040000,67846.7,67846.8,67846.7,67846.7,1.723,116899.907
1717289100000,67846.7,67846.8,67834.1,67834.3,5.488,372309.8226
1717289160000,67834.3,67834.3,67821,67821.1,2.043,138565.1501
1717289220000,67821.1,67851.5,67821,67846.1,39.947,2710027.5284
1717289280000,67846.1,67846.1,67834.5,67834.5,3.886,263633.8095
1717289340000,67834.5,67834.6,67824.8,67825.6,6.503,441084.8731
1717289400000,67825.6,67838.6,67825.5,67838.6,3.031,205594.6623
1717289460000,67838.6,67846.8,67838.5,67846.8,7.529,510759.167
1717289520000,67846.8,67865.4,67846.7,67861.2,28.206,1914061.7731
1717289580000,67861.2,67940.5,67861.1,67940.5,36.336,2467256.6833
1717289640000,67940.5,67940.5,67904.6,67904.6,14.708,998940.4797
1717289700000,67904.6,67917.9,67904.6,67917.9,11.841,804124.1813
1717289760000,67917.9,67930,67913,67913.1,27.788,1887405.4724
1717289820000,67913.1,67913.1,67861.4,67893.7,212.85,14449737.9059
1717289880000,67893.7,67897.5,67880.1,67890,38.925,2642470.6275
1717289940000,67890,67916,67890,67916,9.955,676043.4602
1717290000000,67916,67926.1,67906.3,67906.3,9.347,634831.3785
1717290060000,67906.3,67906.4,67893.4,67901.1,4.076,276770.8672
1717290120000,67901.1,67901.1,67897.9,67897.9,2.885,195886.4099
1717290180000,67897.9,67898,67893.4,67898,10.892,739510.742
1717290240000,67898,67898,67884.5,67884.5,11.546,783903.5899
1717290300000,67884.5,67884.5,67843.7,67843.8,29.211,1982453.7821
1717290360000,67843.8,67858.7,67843.7,67855.2,2.625,178109.0312
1717290420000,67855.2,67864.4,67850,67853,16.624,1127974.0323
1717290480000,67853,67853,67847.9,67848,7.756,526252.7029
1717290540000,67848,67848,67843.7,67843.8,2.93,198793.1648
1717290600000,67843.8,67843.8,67795.3,67799.7,42.748,2898715.1406
1717290660000,67799.7,67799.7,67786.3,67786.4,11.966,811183.8086
1717290720000,67786.4,67805.1,67786.4,67805.1,10.64,721382.4712
1717290780000,67805.1,67837.7,67805.1,67837.6,6.456,437879.1322
1717290840000,67837.6,67837.7,67829.6,67829.7,5.169,350628.7898
1717290900000,67829.7,67838.7,67829.6,67838.5,3.124,211913.5385
1717290960000,67838.5,67865.3,67838.5,67865.3,18.404,1248873.6862
1717291020000,67865.3,67883.3,67865.3,67873.2,7.628,517770.3815
1717291080000,67873.2,67873.2,67858.8,67858.9,3.866,262354.4192
1717291140000,67858.9,67868,67858.8,67867.9,5.404,366722.7665
1717291200000,67867.9,67868.2,67867.9,67868.2,1.662,112796.715
1717291260000,67868.2,67868.2,67839.3,67839.4,14.823,1005744.2341
1717291320000,67839.4,67839.4,67825.5,67825.5,6.389,433384.6388
1717291380000,67825.5,67825.5,67810.9,67810.9,3.61,244846.312
1717291440000,67810.9,67811,67800,67800,1.932,130994.1568
1717291500000,67800,67878.5,67800,67869.2,17.664,1198555.0453
1717291560000,67869.2,67882.5,67862.1,67877.9,8.692,589961.7369
1717291620000,67877.9,67890,67873.7,67886.7,21.544,1462472.8066
1717291680000,67886.7,67899.9,67886.7,67899.9,4.328,293849.1536
1717291740000,67899.9,67899.9,67896.1,67896.1,9.687,657713.7068
1717291800000,67896.1,67896.2,67867.4,67867.5,6.375,432728.4289
1717291860000,67867.5,67888.4,67867.4,67888.3,7.293,495013.556
1717291920000,67888.3,67896.2,67888.3,67890.2,3.454,234499.4564
1717291980000,67890.2,67898,67890.1,67898,3.264,221610.6976
1717292040000,67898,67898.8,67885.5,67885.5,4.259,289151.4887
1717292100000,67885.5,67885.6,67856.7,67856.7,3.228,219081.8137
1717292160000,67856.7,67856.7,67850,67850,1.108,75180.152
1717292220000,67850,67859.6,67850,67859.6,1.982,134483.2594
1717292280000,67859.6,67860,67859.5,67860,0.913,61956.0767
1717292340000,67860,67868.5,67857.2,67857.3,1.458,98945.7449
1717292400000,67857.3,67857.4,67850,67852.6,1.722,116841.1807
1717292460000,67852.6,67852.6,67815.8,67822.8,20.977,1423048.6122
1717292520000,67822.8,67834.6,67822.7,67834.6,4.991,338519.0304
1717292580000,67834.6,67858,67834.6,67835.2,2.484,168542.5269
1717292640000,67835.2,67835.2,67835.1,67835.2,1.023,69395.3466
1717292700000,67835.2,67850.6,67835.1,67850.5,2.619,177667.4992
1717292760000,67850.5,67850.5,67831.4,67831.4,14.551,987158.4322
1717292820000,67831.4,67831.5,67825.9,67825.9,2.645,179405.3922
1717292880000,67825.9,67826,67825.9,67826,4.982,337908.7455
1717292940000,67826,67826,67801.1,67806.9,14.406,976916.6584
1717293000000,67806.9,67807.8,67806.9,67807.8,2.894,196233.3791
1717293060000,67807.8,67826,67790,67790.1,21.513,1458711.9861
1717293120000,67790.1,67790.2,67777,67777,26.848,1819879.3128
1717293180000,67777,67796.2,67760.8,67796.2,34.676,2350046.8767
1717293240000,67796.2,67805.3,67796.2,67797.1,5.976,405158.2142
1717293300000,67797.1,67811.3,67756.7,67756.7,34.998,2372278.6161
1717293360000,67756.7,67780.6,67721.1,67742.9,87.374,5919454.0398
1717293420000,67742.9,67751.1,67742.9,67751.1,16.848,1141440.6416
1717293480000,67751.1,67777,67751.1,67773.1,8.637,585315.9674
1717293540000,67773.1,67784.6,67773,67780.7,15.349,1040351.5204
1717293600000,67780.7,67785.2,67780.6,67785.1,3.394,230061.647
1717293660000,67785.1,67797.4,67752.9,67752.9,7.911,536194.7483
1717293720000,67752.9,67753,67740.5,67744.2,11.303,765770.3738
1717293780000,67744.2,67753.1,67744.1,67753,4.679,316996.8692
1717293840000,67753,67764.1,67753,67764,3.853,261078.8618
1717293900000,67764,67776.2,67755.7,67776.2,23.714,1607124.4393
1717293960000,67776.2,67780.9,67767.4,67767.5,9.085,615698.5192
1717294020000,67767.5,67787.8,67767.5,67787.8,1.688,114417.101
1717294080000,67787.8,67793.2,67787.8,67793.1,2.064,139925.0376
1717294140000,67793.1,67793.2,67793.1,67793.2,1.642,111316.3921
1717294200000,67793.2,67815.8,67793.1,67810.4,26.711,1810903.9818
1717294260000,67810.4,67818.2,67807.9,67807.9,10.259,695688.9085
1717294320000,67807.9,67815.3,67807.9,67815.3,9.431,639562.6071
1717294380000,67815.3,67815.3,67805.1,67815.3,11.346,769414.3928
1717294440000,67815.3,67815.3,67815.2,67815.2,0.638,43266.1459
1717294500000,67815.2,67815.3,67795,67809.4,12.201,827271.6914
1717294560000,67809.4,67810.6,67809.3,67810.6,4.537,307653.4673
1717294620000,67810.6,67812.7,67791.3,67812.7,4.617,313038.3833
1717294680000,67812.7,67827.9,67809.6,67809.7,3.117,211408.9253
1717294740000,67809.7,67826,67809.6,67826,2.182,147976.4155
1717294800000,67826,67834.3,67826,67832.7,8.135,551797.1306
1717294860000,67832.7,67836.7,67825.2,67825.3,1.222,82893.0795
1717294920000,67825.3,67836.1,67825.3,67826.2,3.304,224116.7176
1717294980000,67826.2,67834.5,67822.6,67834.5,2.422,164270.6581
1717295040000,67834.5,67837.5,67834.5,67837.5,3.667,248758.964
1717295100000,67837.5,67839.7,67818.8,67827.6,7.252,491915.196
1717295160000,67827.6,67841.9,67811.9,67811.9,19.061,1292849.1757
1717295220000,67811.9,67815.3,67795,67815.3,7.64,518017.0074
1717295280000,67815.3,67815.3,67802.4,67806.7,6.458,437908.4505
1717295340000,67806.7,67815.3,67780.7,67785.3,12.239,829784.0138
1717295400000,67785.3,67793.4,67785.2,67785.2,5.597,379416.7168
1717295460000,67785.2,67785.3,67775.3,67775.4,7.237,490530.8766
1717295520000,67775.4,67775.4,67766.2,67766.2,2.344,158849.1449
1717295580000,67766.2,67780.9,67766.2,67780.9,2.322,157366.295
1717295640000,67780.9,67782.4,67767,67771.8,5.866,397544.344
1717295700000,67771.8,67786,67755.2,67786,27.641,1873298.1158
1717295760000,67786,67802,67785.9,67801.9,5.039,341599.2767
1717295820000,67801.9,67809.8,67799.5,67804.1,8.392,569013.1377
1717295880000,67804.1,67806.8,67797.6,67806.7,5.371,364150.7869
1717295940000,67806.7,67806.8,67763.7,67763.8,6.263,424633.7242
1717296000000,67763.8,67784.8,67763.7,67784.8,28.027,1899418.907
1717296060000,67784.8,67800.3,67784.7,67800.3,10.452,708586.39
1717296120000,67800.3,67800.3,67789.2,67789.3,4.107,278445.5997
1717296180000,67789.3,67789.3,67772.9,67777.3,8.493,575666.6032
1717296240000,67777.3,67786.5,67774,67774.1,1.467,99434.6058
1717296300000,67774.1,67781.3,67761.8,67761.8,7.515,509277.8996
1717296360000,67761.8,67761.8,67750,67750,12.519,848198.9887
1717296420000,67750,67750.1,67730,67730,12.456,843724.5656
1717296480000,67730,67730.1,67721.1,67721.1,13.289,900004.7121
1717296540000,67721.1,67721.1,67670.9,67701.5,126.747,8579070.396
1717296600000,67701.5,67702,67701.1,67701.1,7.213,488333.3863
1717296660000,67701.1,67701.1,67680,67683.6,17.272,1169032.1287
1717296720000,67683.6,67683.7,67670,67674.9,21.595,1461461.1258
1717296780000,67674.9,67705,67674.9,67705,26.011,1760620.2972
1717296840000,67705,67713.9,67704.9,67713.8,10.294,696967.1107
1717296900000,67713.8,67730.4,67713.8,67730.3,2.563,173571.9646
1717296960000,67730.3,67730.4,67717.1,67725.2,12.618,854539.6726
1717297020000,67725.2,67728.1,67715,67728.1,7.794,527811.9899
1717297080000,67728.1,67742.8,67728.1,67742.8,4.306,291683.8535
1717297140000,67742.8,67766.2,67742.8,67756.5,13.869,939718.0162
1717297200000,67756.5,67787.2,67747,67787.1,52.911,3585098.7942
1717297260000,67787.1,67787.2,67774,67774.1,9.381,635868.5363
1717297320000,67774.1,67786.2,67762.3,67771.8,11.442,775454.5658
1717297380000,67771.8,67774.1,67771.7,67774.1,1.474,99897.9789
1717297440000,67774.1,67800.3,67774.1,67800.3,4.303,291705.9394
1717297500000,67800.3,67824,67800.2,67811.1,56.458,3828501.817
1717297560000,67811.1,67818,67809.4,67809.5,13.34,904679.2212
1717297620000,67809.5,67811.5,67801.8,67801.8,9.93,673331.1105
1717297680000,67801.8,67801.9,67795.8,67801.9,8.506,576714.1767
1717297740000,67801.9,67810.6,67801.8,67810.5,5.964,404390.9095
1717297800000,67810.5,67810.6,67810.5,67810.5,1.158,78524.6166
1717297860000,67810.5,67810.6,67810.5,67810.5,1.811,122804.8773
1717297920000,67810.5,67810.6,67810.5,67810.6,1.606,108903.6837
1717297980000,67810.6,67810.6,67810.5,67810.6,4.754,322371.359
1717298040000,67810.6,67820,67810.6,67819.9,14.075,954515.9438
1717298100000,67819.9,67820,67801.1,67801.1,16.186,1097683.5919
1717298160000,67801.1,67801.1,67770.1,67770.2,2.99,202691.2494
1717298220000,67770.2,67791,67767.5,67788.9,11.087,751537.5648
1717298280000,67788.9,67789,67788.9,67788.9,0.527,35724.7714
1717298340000,67788.9,67789,67780.1,67780.1,0.546,37012.1178
1717298400000,67780.1,67787.5,67780.1,67787.4,7.356,498600.1242
1717298460000,67787.4,67797.4,67787.4,67797.3,2.287,155040.6971
1717298520000,67797.3,67822.1,67797.3,67822,8.407,570143.4119
1717298580000,67822,67822.1,67822,67822,0.592,40150.6668
1717298640000,67822,67822.1,67822,67822.1,0.471,31944.1911
1717298700000,67822.1,67825,67822.1,67824.9,3.753,254538.0479
1717298760000,67824.9,67825,67824.9,67825,1.194,80982.9901
1717298820000,67825,67825,67824.9,67824.9,0.944,64026.7384
1717298880000,67824.9,67825,67814,67821.7,3.735,253313.4709
1717298940000,67821.7,67821.8,67821.6,67821.6,2.609,176946.7728
1717299000000,67821.6,67821.6,67810.6,67810.9,6.985,473659.2711
1717299060000,67810.9,67818.6,67810.5,67818.6,4.723,320270.6489
1717299120000,67818.6,67823.7,67818.5,67823.7,1.242,84233.0379
1717299180000,67823.7,67830.9,67823.6,67830.8,12.401,841139.9243
1717299240000,67830.8,67834.9,67830.8,67834.8,3.544,240405.0394
1717299300000,67834.8,67834.9,67822.9,67823,3.509,238016.0837
1717299360000,67823,67823.1,67823,67823,2.642,179188.4995
1717299420000,67823,67823.1,67823,67823,4.021,272716.3648
1717299480000,67823,67823.1,67823,67823,1.512,102548.387
1717299540000,67823,67823.1,67823,67823,0.376,25501.478
1717299600000,67823,67823.1,67823,67823.1,2.06,139715.4343
1717299660000,67823.1,67834.3,67823,67834.3,3.019,204767.1908
1717299720000,67834.3,67834.3,67834.2,67834.2,4.721,320245.289
1717299780000,67834.2,67834.2,67824.8,67827.1,4.759,322813.7891
1717299840000,67827.1,67827.5,67827.1,67827.5,1.041,70608.3465
1717299900000,67827.5,67827.5,67827.4,67827.5,2.299,155935.3578
1717299960000,67827.5,67831.8,67827.4,67831.7,5.704,386910.7693
1717300020000,67831.7,67831.7,67824.9,67825,2.406,163191.766
1717300080000,67825,67825,67824.9,67824.9,3.236,219481.3955
1717300140000,67824.9,67831.8,67824.9,67831.8,3.395,230270.7487
