startTime,openPrice,highPrice,lowPrice,closePrice,volume,turnover
1598985000000,12011,12011,12010.5,12010.5,0.05,600.525
1598985060000,12010.5,12010.5,12010.5,12010.5,1.049,12599.0145
1598985120000,12010.5,12010.5,11994.5,11995,3.844,46108.78
1598985180000,11995,11995,11994.5,11994.5,0.001,11.9945
1598985240000,11994.5,11994.5,11994,11994,0.039,467.766
1598985300000,11994,11994,11994,11994,0,0
1598985360000,11994,11994,11994,11994,0,0
1598985420000,11994,11994.5,11994,11994,0.002,23.988
1598985480000,11994,11994,11994,11994,0,0
1598985540000,11994,11994,11994,11994,0,0
1598985600000,11994,11994,11994,11994,0,0
1598985660000,11994,11994,11991,11991,2,23982
1598985720000,11991,11991,11991,11991,1.3,15588.3
1598985780000,11991,11991.5,11991,11991.5,0.001,11.9915
1598985840000,11991.5,11991.5,11991.5,11991.5,0,0
1598985900000,11991.5,11991.5,11991.5,11991.5,0,0
1598985960000,11991.5,11991.5,11991.5,11991.5,0,0
1598986020000,11991.5,11991.5,11991,11991,0.002,23.982
1598986080000,11991,11991,11991,11991,0,0
1598986140000,11991,11991,11991,11991,0,0
1598986200000,11991,11991,11991,11991,0.005,59.955
1598986260000,11991,11991.5,11991,11991.5,1.445,17327.7175
1598986320000,11991.5,11991.5,11991.5,11991.5,0.471,5647.9965
1598986380000,11991.5,11991.5,11991.5,11991.5,0,0
1598986440000,11991.5,11991.5,11989,11989,0.25,2997.25
1598986500000,11989,11989.5,11989,11989.5,2.005,24038.9475
1598986560000,11989.5,11991,11989.5,11991,0.01,119.91
1598986620000,11991,11993,11991,11992,10.002,119943.984
1598986680000,11992,11992,11992,11992,0,0
1598986740000,11992,11992,11992,11992,0,0
1598986800000,11992,11998,11992,11998,0.455,5459.09
1598986860000,11998,11998,11998,11998,0,0
1598986920000,11998,11998,11997.5,11998,13.283,159369.434
1598986980000,11998,11998.5,11998,11998.5,0.293,3515.5605
1598987040000,11998.5,11998.5,11998,11998,0.02,239.96
1598987100000,11998,11998,11996,11996.5,1.148,13771.982
1598987160000,11996.5,11998,11996.5,11998,8.171,98035.658
1598987220000,11998,11998.5,11998,11998.5,0.019,227.9715
1598987280000,11998.5,11998.5,11998.5,11998.5,0.029,347.9565
1598987340000,11998.5,11998.5,11998.5,11998.5,0,0
1598987400000,11998.5,11999,11996,11996,0.109,1307.564
1598987460000,11996,11996,11995,11995,0.312,3742.44
1598987520000,11995,11995,11989,11989,1,11989
1598987580000,11989,11989.5,11989,11989,0.3,3596.7
1598987640000,11989,11989,11989,11989,0.013,155.857
1598987700000,11989,11989,11988.5,11988.5,0.092,1102.942
1598987760000,11988.5,11988.5,11988.5,11988.5,0,0
1598987820000,11988.5,11988.5,11988,11988,0.239,2865.132
1598987880000,11988,11988.5,11988,11988,9.881,118453.428
1598987940000,11988,11988.5,11988,11988.5,2.475,29671.5375
1598988000000,11988.5,11988.5,11985,11985.5,0.421,5045.8955
1598988060000,11985.5,11985.5,11985,11985,0.41,4913.85
1598988120000,11985,11986.5,11985,11986.5,2.582,30949.143
1598988180000,11986.5,11989.5,11986.5,11989,2.84,34048.76
1598988240000,11989,11992,11989,11992,2.55,30579.6
1598988300000,11992,11992,11992,11992,0,0
1598988360000,11992,11992.5,11988.5,11989,0.864,10358.496
1598988420000,11989,11989,11988.5,11989,0.099,1186.911
1598988480000,11989,11989,11989,11989,0,0
1598988540000,11989,11989,11988.5,11988.5,1,11988.5
1598988600000,11988.5,11988.5,11988.5,11988.5,0,0
1598988660000,11988.5,11988.5,11988.5,11988.5,0,0
1598988720000,11988.5,11988.5,11979.5,11982.5,2.74,32832.05
1598988780000,11982.5,11982.5,11979.5,11979.5,0.716,8577.322
1598988840000,11979.5,11979.5,11979.5,11979.5,0,0
1598988900000,11979.5,11979.5,11973,11973.5,2.666,31921.351
1598988960000,11973.5,11973.5,11973.5,11973.5,1.1,13170.85
1598989020000,11973.5,11973.5,11973,11973,0.002,23.946
1598989080000,11973,11973.5,11973,11973.5,1.21,14487.935
1598989140000,11973.5,11973.5,11973,11973.5,0.283,3388.5005
1598989200000,11973.5,11978.5,11973.5,11978.5,2.7,32341.95
1598989260000,11978.5,11978.5,11978.5,11978.5,0,0
1598989320000,11978.5,11979,11978.5,11979,0.2,2395.8
1598989380000,11979,11979,11979,11979,1.672,20028.888
1598989440000,11979,11979,11979,11979,0,0
1598989500000,11979,11979,11979,11979,0,0
1598989560000,11979,11980,11976,11976,1.204,14419.104
1598989620000,11976,11976.5,11976,11976,0.324,3880.224
1598989680000,11976,11976.5,11976,11976.5,5.001,59894.4765
1598989740000,11976.5,11977,11976,11977,0.106,1269.562
1598989800000,11977,11977,11977,11977,0,0
1598989860000,11977,11977,11976.5,11977,0.4,4790.8
1598989920000,11977,11977,11977,11977,0,0
1598989980000,11977,11977,11976.5,11976.5,0.109,1305.4385
1598990040000,11976.5,11977,11976.5,11977,0.863,10336.151
1598990100000,11977,11978.5,11977,11978.5,0.065,778.6025
1598990160000,11978.5,11979,11978.5,11978.5,1.023,12254.0055
1598990220000,11978.5,11979,11978.5,11978.5,0.121,1449.3985
1598990280000,11978.5,11978.5,11973.5,11973.5,0.916,10967.726
1598990340000,11973.5,11973.5,11972.5,11972.5,7,83807.5
1598990400000,11972.5,11973.5,11972.5,11973.5,3.29,39392.815
1598990460000,11973.5,11974,11973.5,11974,0.3,3592.2
1598990520000,11974,11979,11973.5,11979,1.213,14530.527
1598990580000,11979,11979,11979,11979,0.015,179.685
1598990640000,11979,11979,11979,11979,0.042,503.118
1598990700000,11979,11979,11972,11972,1.293,15479.796
1598990760000,11972,11972,11972,11972,0.102,1221.144
1598990820000,11972,11972.5,11972,11972,0.002,23.944
1598990880000,11972,11972,11972,11972,0,0
1598990940000,11972,11972,11960,11960,12.241,146402.36
1598991000000,11960,11961.5,11960,11961.5,0.925,11064.3875
1598991060000,11961.5,11961.5,11961.5,11961.5,0.998,11937.577
1598991120000,11961.5,11961.5,11961.5,11961.5,0.01,119.615
1598991180000,11961.5,11961.5,11960,11960,1.112,13299.52
1598991240000,11960,11960,11960,11960,0,0
1598991300000,11960,11960.5,11960,11960.5,0.31,3707.755
1598991360000,11960.5,11971,11960.5,11971,3.162,37852.302
1598991420000,11971,11972,11970.5,11972,0.697,8344.484
1598991480000,11972,11972,11972,11972,1.877,22471.444
1598991540000,11972,11978.5,11972,11978.5,2.807,33623.6495
1598991600000,11978.5,11979,11977,11979,0.844,10110.276
1598991660000,11979,11979,11979,11979,0,0
1598991720000,11979,11979,11978.5,11978.5,0.01,119.785
1598991780000,11978.5,11978.5,11978.5,11978.5,0.1,1197.85
1598991840000,11978.5,11979,11978.5,11979,0.165,1976.535
1598991900000,11979,11983,11979,11982.5,1.54,18453.05
1598991960000,11982.5,11982.5,11982.5,11982.5,0.068,814.81
1598992020000,11982.5,11983,11982.5,11982.5,0.002,23.965
1598992080000,11982.5,11983,11982.5,11983,0.088,1054.504
1598992140000,11983,11983,11982.5,11982.5,1,11982.5
1598992200000,11982.5,11982.5,11981,11981,2.504,30000.424
1598992260000,11981,11981.5,11981,11981.5,0.034,407.371
1598992320000,11981.5,11981.5,11981,11981,1.38,16533.78
1598992380000,11981,11981.5,11981,11981.5,0.5,5990.75
1598992440000,11981.5,11982.5,11981,11982.5,1.564,18740.63
1598992500000,11982.5,11982.5,11982.5,11982.5,0,0
1598992560000,11982.5,11982.5,11982.5,11982.5,0,0
1598992620000,11982.5,11983,11982.5,11982.5,0.002,23.965
1598992680000,11982.5,11985,11982.5,11984.5,0.571,6843.1495
1598992740000,11984.5,11984.5,11984.5,11984.5,0,0
1598992800000,11984.5,11985,11984.5,11985,0.001,11.985
1598992860000,11985,11985,11984.5,11985,1.199,14370.015
1598992920000,11985,11985,11985,11985,0,0
1598992980000,11985,11993.5,11985,11993.5,6.766,81148.021
1598993040000,11993.5,11993.5,11993.5,11993.5,0,0
1598993100000,11993.5,11993.5,11993.5,11993.5,13.808,165606.248
1598993160000,11993.5,11993.5,11993.5,11993.5,0,0
1598993220000,11993.5,11993.5,11993,11993,0.002,23.986
1598993280000,11993,11993,11993,11993,0,0
1598993340000,11993,11993,11993,11993,0,0
1598993400000,11993,11996,11993,11996,2.024,24279.904
1598993460000,11996,11996,11995.5,11995.5,0.026,311.883
1598993520000,11995.5,12004,11995.5,12004,4.028,48352.112
1598993580000,12004,12009.5,12004,12009.5,1.29,15492.255
1598993640000,12009.5,12016,12009.5,12016,1.864,22397.824
1598993700000,12016,12018,12016,12017.5,0.774,9301.545
1598993760000,12017.5,12020,12017.5,12020,1.099,13209.98
1598993820000,12020,12020.5,12020,12020,1.73,20794.6
1598993880000,12020,12020.5,12020,12020,0.512,6154.24
1598993940000,12020,12020.5,12020,12020,2.118,25458.36
1598994000000,12020,12020,12012,12012,11.079,133080.948
1598994060000,12012,12012,12012,12012,0,0
1598994120000,12012,12012.5,12012,12012.5,1.722,20685.525
1598994180000,12012.5,12012.5,12012,12012,0.057,684.684
1598994240000,12012,12012.5,12012,12012.5,0.5,6006.25
1598994300000,12012.5,12015,12012.5,12015,0.9,10813.5
1598994360000,12015,12016,12015,12016,5.146,61834.336
1598994420000,12016,12017,12016,12017,0.147,1766.499
1598994480000,12017,12017,12016.5,12016.5,0.253,3040.1745
1598994540000,12016.5,12016.5,12016.5,12016.5,0.55,6609.075
1598994600000,12016.5,12017,12016.5,12017,0.07,841.19
1598994660000,12017,12017,12016.5,12017,2.331,28011.627
1598994720000,12017,12017,12015,12015,1,12015
1598994780000,12015,12024,12015,12024,5.139,61791.336
1598994840000,12024,12024,12024,12024,0.31,3727.44
1598994900000,12024,12024.5,12024,12024.5,0.101,1214.4745
1598994960000,12024.5,12028,12024.5,12028,5.807,69846.596
1598995020000,12028,12033.5,12028,12033.5,3.379,40661.1965
1598995080000,12033.5,12034.5,12033.5,12034.5,1.968,23683.896
1598995140000,12034.5,12034.5,12034,12034,1.029,12382.986
1598995200000,12034,12034,12034,12034,0.1,1203.4
1598995260000,12034,12034,12032,12032.5,1.32,15882.9
1598995320000,12032.5,12032.5,12032.5,12032.5,0.5,6016.25
1598995380000,12032.5,12032.5,12031.5,12031.5,0.038,457.197
1598995440000,12031.5,12031.5,12031.5,12031.5,0.001,12.0315
1598995500000,12031.5,12031.5,12031,12031,0.25,3007.75
1598995560000,12031,12031,12031,12031,0,0
1598995620000,12031,12031,12025,12025,1.592,19143.8
1598995680000,12025,12025,12012,12012,4.265,51231.18
1598995740000,12012,12012.5,12012,12012,0.067,804.804
1598995800000,12012,12012,12011,12011,0.062,744.682
1598995860000,12011,12011,12011,12011,0,0
1598995920000,12011,12011,12010.5,12010.5,0.16,1921.68
1598995980000,12010.5,12010.5,12010.5,12010.5,0,0
1598996040000,12010.5,12010.5,12010.5,12010.5,0,0
1598996100000,12010.5,12010.5,12010.5,12010.5,0,0
1598996160000,12010.5,12010.5,12010.5,12010.5,0,0
1598996220000,12010.5,12016,12010.5,12016,1.233,14815.728
1598996280000,12016,12021.5,12016,12021.5,4.128,49624.752
1598996340000,12021.5,12021.5,12021.5,12021.5,0,0
1598996400000,12021.5,12024.5,12021.5,12024.5,1.509,18144.9705
1598996460000,12024.5,12025,12024.5,12025,1.107,13311.675
1598996520000,12025,12029.5,12025,12029.5,0.812,9767.954
1598996580000,12029.5,12035,12029.5,12034.5,4.268,51363.246
1598996640000,12034.5,12053,12034.5,12049,9.59,115549.91
1598996700000,12049,12049,12044,12044,1.067,12850.948
1598996760000,12044,12044,12028.5,12028.5,3.232,38876.112
1598996820000,12028.5,12029,12028.5,12028.5,0.128,1539.648
1598996880000,12028.5,12028.5,12022,12022.5,1.015,12202.8375
1598996940000,12022.5,12022.5,12022.5,12022.5,10,120225
1598997000000,12022.5,12022.5,12022.5,12022.5,0.032,384.72
1598997060000,12022.5,12022.5,12022,12022,1,12022
1598997120000,12022,12029,12022,12029,10.275,123597.975
1598997180000,12029,12029.5,12029,12029.5,0.2,2405.9
1598997240000,12029.5,12029.5,12029.5,12029.5,0,0
1598997300000,12029.5,12029.5,12029.5,12029.5,0.003,36.0885
1598997360000,12029.5,12032,12029.5,12032,1.454,17494.528
1598997420000,12032,12036.5,12030.5,12030.5,1.187,14280.2035
1598997480000,12030.5,12030.5,12030,12030,0.266,3199.98
1598997540000,12030,12030,12029,12029,0.145,1744.205
1598997600000,12029,12029,12027,12027,0.21,2525.67
1598997660000,12027,12027,12021.5,12021.5,2.399,28839.5785
1598997720000,12021.5,12021.5,12019,12020,0.575,6911.5
1598997780000,12020,12020,12020,12020,0,0
1598997840000,12020,12020,12020,12020,0.443,5324.86
1598997900000,12020,12020,12020,12020,0,0
1598997960000,12020,12020,12020,12020,0.73,8774.6
1598998020000,12020,12020,12019.5,12019.5,0.002,24.039
1598998080000,12019.5,12030,12019.5,12030,1.087,13076.61
1598998140000,12030,12030,12030,12030,0.317,3813.51
1598998200000,12030,12030.5,12030,12030.5,0.819,9852.9795
1598998260000,12030.5,12038,12030.5,12037.5,1.557,18742.3875
1598998320000,12037.5,12041.5,12037.5,12041.5,1.394,16785.851
1598998380000,12041.5,12043.5,12041.5,12043.5,2,24087
1598998440000,12043.5,12043.5,12043.5,12043.5,0,0
1598998500000,12043.5,12044,12043.5,12043.5,2.028,24424.218
1598998560000,12043.5,12044,12038,12038,1.429,17202.302
1598998620000,12038,12038.5,12038,12038,0.002,24.076
1598998680000,12038,12038,12038,12038,0,0
1598998740000,12038,12038,12038,12038,0,0
1598998800000,12038,12038.5,12038,12038.5,0.052,626.002
1598998860000,12038.5,12057,12038.5,12057,12.033,145081.881
1598998920000,12057,12057,12054,12054,0.066,795.564
1598998980000,12054,12054,12040,12040,3.471,41790.84
1598999040000,12040,12040.5,12040,12040.5,0.527,6345.3435
1598999100000,12040.5,12040.5,12035,12035,2.134,25682.69
1598999160000,12035,12035,12027,12027,2.286,27493.722
1598999220000,12027,12027,12000,12000,13.981,167772
1598999280000,12000,12000,11987,11987.5,4.928,59074.4
1598999340000,11987.5,11996.5,11980,11996.5,11.012,132105.458
1598999400000,11996.5,12000,11991,11991.5,5.172,62020.038
1598999460000,11991.5,11991.5,11991,11991,1,11991
1598999520000,11991,11991.5,11981.5,11982,3.184,38150.688
1598999580000,11982,11987.5,11982,11987.5,1.701,20390.7375
1598999640000,11987.5,11987.5,11972,11972.5,6.505,77881.1125
1598999700000,11972.5,11973.5,11964,11964,5.878,70324.392
1598999760000,11964,11982,11964,11982,3.644,43662.408
1598999820000,11982,11982.5,11973,11973,1.495,17899.635
1598999880000,11973,11974.5,11967,11967,2.951,35314.617
1598999940000,11967,11967,11965,11965.5,15.135,181097.8425
1599000000000,11965.5,11966.5,11961,11962,10.567,126402.454
1599000060000,11962,11967,11961,11961,3.118,37294.398
1599000120000,11961,11961.5,11961,11961,5.031,60175.791
1599000180000,11961,11963,11961,11963,2.464,29476.832
1599000240000,11963,11972,11963,11968,7.076,84685.568
1599000300000,11968,11971,11968,11970.5,1.605,19212.6525
1599000360000,11970.5,11976,11970.5,11976,15.443,184945.368
1599000420000,11976,11980.5,11976,11980.5,10.153,121638.0165
1599000480000,11980.5,11981,11968,11968,1.67,19986.56
1599000540000,11968,11970.5,11968,11970.5,1.086,12999.963
1599000600000,11970.5,11970.5,11970.5,11970.5,0,0
1599000660000,11970.5,11975,11970.5,11975,0.243,2909.925
1599000720000,11975,11975.5,11974.5,11975,5.57,66700.75
1599000780000,11975,11975,11975,11975,0,0
1599000840000,11975,11975.5,11975,11975.5,0.16,1916.08
1599000900000,11975.5,11975.5,11975,11975,0.5,5987.5
1599000960000,11975,11975,11975,11975,0,0
1599001020000,11975,11975.5,11975,11975,0.002,23.95
1599001080000,11975,11975,11975,11975,0,0
1599001140000,11975,11980,11975,11980,0.862,10326.76
1599001200000,11980,11981,11980,11981,0.303,3630.243
1599001260000,11981,11985,11981,11985,3.11,37273.35
1599001320000,11985,11985,11985,11985,0.601,7202.985
1599001380000,11985,11987,11985,11986.5,0.089,1066.7985
1599001440000,11986.5,11986.5,11986.5,11986.5,0,0
1599001500000,11986.5,11986.5,11986.5,11986.5,0,0
1599001560000,11986.5,11986.5,11986.5,11986.5,0,0
1599001620000,11986.5,11987,11986.5,11987,1.057,12670.259
1599001680000,11987,11988,11987,11988,3.091,37054.908
1599001740000,11988,11988,11988,11988,0.158,1894.104
1599001800000,11988,11988,11988,11988,0.477,5718.276
1599001860000,11988,11988,11987.5,11987.5,2,23975
1599001920000,11987.5,11987.5,11987.5,11987.5,0.005,59.9375
1599001980000,11987.5,11987.5,11987.5,11987.5,0.01,119.875
1599002040000,11987.5,11988,11987.5,11988,2.988,35820.144
1599002100000,11988,11993,11988,11993,9.07,108776.51
1599002160000,11993,11997,11993,11997,0.328,3935.016
1599002220000,11997,11998,11997,11998,0.964,11566.072
1599002280000,11998,11998,11998,11998,0,0
1599002340000,11998,12004,11998,12004,0.783,9399.132
1599002400000,12004,12004,12003,12003,0.038,456.114
1599002460000,12003,12003,12003,12003,0.693,8318.079
1599002520000,12003,12009,12002.5,12009,5.04,60525.36
1599002580000,12009,12009.5,12009,12009.5,0.345,4143.2775
1599002640000,12009.5,12010,12009.5,12010,0.542,6509.42
1599002700000,12010,12010,12009.5,12010,2.361,28355.61
1599002760000,12010,12010,12008,12008,2.401,28831.208
1599002820000,12008,12008.5,12004,12004,1.15,13804.6
1599002880000,12004,12005,12004,12005,0.01,120.05
1599002940000,12005,12005,12005,12005,0,0
1599003000000,12005,12005,12005,12005,0,0
1599003060000,12005,12009,12005,12008.5,4.089,49102.7565
1599003120000,12008.5,12014,12008.5,12014,1.458,17516.412
1599003180000,12014,12015,12014,12015,2.791,33533.865
1599003240000,12015,12015,12008,12008,7.751,93074.008
1599003300000,12008,12008,12006.5,12007,2.551,30629.857
1599003360000,12007,12007,12006.5,12006.5,0.024,288.156
1599003420000,12006.5,12006.5,12003.5,12004.5,1.144,13733.148
1599003480000,12004.5,12006.5,12003,12003,6.713,80576.139
1599003540000,12003,12003,11984.5,11986.5,5.175,62030.1375
1599003600000,11986.5,11988,11986.5,11988,0.814,9758.232
1599003660000,11988,11988,11987.5,11988,0.072,863.136
1599003720000,11988,11993.5,11988,11993.5,0.717,8599.3395
1599003780000,11993.5,11994,11993.5,11994,0.2,2398.8
1599003840000,11994,11994,11994,11994,0,0
1599003900000,11994,11994,11994,11994,0,0
1599003960000,11994,11994,11991.5,11992,0.861,10325.112
1599004020000,11992,11992,11991.5,11991.5,0.002,23.983
1599004080000,11991.5,11991.5,11991.5,11991.5,0,0
1599004140000,11991.5,11991.5,11989,11989,0.069,827.241
1599004200000,11989,11989,11986,11986,0.179,2145.494
1599004260000,11986,11986,11960,11961.5,7.678,91840.397
1599004320000,11961.5,11961.5,11880,11892.5,130.748,1554920.59
1599004380000,11892.5,11922,11873,11921.5,47.008,560405.872
1599004440000,11921.5,11933.5,11921.5,11933.5,12.631,150732.0385
1599004500000,11933.5,11933.5,11926,11926,1.336,15933.136
1599004560000,11926,11928.5,11920,11920,2.037,24281.04
1599004620000,11920,11921,11912.5,11921,5.783,68939.143
1599004680000,11921,11921,11920.5,11921,8.709,103819.989
1599004740000,11921,11927.5,11920.5,11927.5,9.81,117008.775
1599004800000,11927.5,11928,11913,11915.5,5.221,62210.8255
1599004860000,11915.5,11939,11915.5,11939,12.817,153022.163
1599004920000,11939,11953,11933,11949.5,30.202,360898.799
1599004980000,11949.5,11950,11949.5,11950,0.635,7588.25
1599005040000,11950,11950,11948,11948,7.493,89526.364
1599005100000,11948,11948,11938.5,11944,6.336,75677.184
1599005160000,11944,11945,11941,11941,14.487,172989.267
1599005220000,11941,11944,11941,11944,5.114,61081.616
1599005280000,11944,11952,11943.5,11951.5,1.057,12632.7355
1599005340000,11951.5,11955.5,11951.5,11955,0.749,8954.295
1599005400000,11955,11955,11950,11950,39.3,469635
1599005460000,11950,11950,11928,11928,2.193,26158.104
1599005520000,11928,11928,11927,11927.5,61.926,738622.365
1599005580000,11927.5,11927.5,11921,11921,91.785,1094168.985
1599005640000,11921,11921,11908.5,11909,14.636,174300.124
1599005700000,11909,11917,11908.5,11916.5,7.875,93842.4375
1599005760000,11916.5,11933.5,11916.5,11933.5,7.004,83582.234
1599005820000,11933.5,11950,11933,11949.5,10.5,125469.75
1599005880000,11949.5,11950,11949.5,11950,0.441,5269.95
1599005940000,11950,11950,11942.5,11942.5,48.941,584477.8925
1599006000000,11942.5,11943,11942,11943,45.531,543776.733
1599006060000,11943,11949,11943,11949,4.663,55718.187
1599006120000,11949,11949,11946.5,11946.5,2.68,32016.62
1599006180000,11946.5,11946.5,11946.5,11946.5,0,0
1599006240000,11946.5,11946.5,11946,11946,0.144,1720.224
1599006300000,11946,11946,11946,11946,0,0
1599006360000,11946,11946,11939.5,11939.5,12.685,151452.5575
1599006420000,11939.5,11940,11935,11935,0.035,417.725
1599006480000,11935,11935,11934,11934,0.348,4153.032
1599006540000,11934,11942,11934,11941.5,1.24,14807.46
1599006600000,11941.5,11941.5,11930.5,11930.5,7.167,85505.8935
1599006660000,11930.5,11930.5,11924.5,11925,1.263,15061.275
1599006720000,11925,11925,11919.5,11919.5,1.131,13480.9545
1599006780000,11919.5,11919.5,11919.5,11919.5,0,0
1599006840000,11919.5,11919.5,11908.5,11909,18.815,224067.835
1599006900000,11909,11912.5,11903.5,11903.5,14.481,172374.5835
1599006960000,11903.5,11904,11891,11904,4.906,58401.024
1599007020000,11904,11916.5,11904,11916.5,5.363,63908.1895
1599007080000,11916.5,11918,11916.5,11918,0.347,4135.546
1599007140000,11918,11918.5,11918,11918.5,0.276,3289.506
1599007200000,11918.5,11925,11918.5,11925,2.288,27284.4
1599007260000,11925,11928,11925,11927.5,1.506,17962.815
1599007320000,11927.5,11935,11927.5,11935,9.394,112117.39
1599007380000,11935,11935,11934.5,11934.5,0.1,1193.45
1599007440000,11934.5,11935,11934.5,11934.5,4.994,59600.893
1599007500000,11934.5,11934.5,11924,11929.5,11.806,140839.677
1599007560000,11929.5,11929.5,11929.5,11929.5,3.874,46214.883
1599007620000,11929.5,11929.5,11929,11929.5,5.005,59707.1475
1599007680000,11929.5,11929.5,11929.5,11929.5,0.001,11.9295
1599007740000,11929.5,11929.5,11918,11918.5,6.51,77589.435
1599007800000,11918.5,11918.5,11917,11917,1.068,12727.356
1599007860000,11917,11917,11912,11912,0.485,5777.32
1599007920000,11912,11912,11912,11912,0,0
1599007980000,11912,11912,11907,11907,0.409,4869.963
1599008040000,11907,11907,11906.5,11907,2.23,26552.61
1599008100000,11907,11907,11902,11902.5,0.255,3035.1375
1599008160000,11902.5,11902.5,11896,11901,14.861,176860.761
1599008220000,11901,11912,11900.5,11909,39.54,470881.86
1599008280000,11909,11909,11898,11898.5,0.616,7329.476
1599008340000,11898.5,11898.5,11890,11896.5,6.676,79421.034
1599008400000,11896.5,11897,11896.5,11897,0.001,11.897
1599008460000,11897,11908.5,11896.5,11908.5,1.466,17457.861
1599008520000,11908.5,11915,11908.5,11914.5,16.137,192264.2865
1599008580000,11914.5,11914.5,11914.5,11914.5,0.088,1048.476
1599008640000,11914.5,11915.5,11914,11914,5.767,68708.038
1599008700000,11914,11914.5,11914,11914.5,0.147,1751.4315
1599008760000,11914.5,11914.5,11914,11914,2.146,25567.444
1599008820000,11914,11914.5,11891.5,11891.5,18.273,217293.3795
1599008880000,11891.5,11891.5,11882,11882,5.751,68333.382
1599008940000,11882,11884,11880,11880.5,8.723,103633.6015
1599009000000,11880.5,11880.5,11873,11874,4.915,58360.71
1599009060000,11874,11890,11874,11889.5,6.744,80182.788
1599009120000,11889.5,11897.5,11889.5,11897.5,0.839,9982.0025
1599009180000,11897.5,11897.5,11897,11897.5,0.354,4211.715
1599009240000,11897.5,11897.5,11896,11896,2.549,30322.904
1599009300000,11896,11896.5,11896,11896,1.526,18153.296
1599009360000,11896,11896.5,11894.5,11894.5,1.685,20042.2325
1599009420000,11894.5,11895,11887,11887,0.341,4053.467
1599009480000,11887,11894,11886,11894,4.629,55057.326
1599009540000,11894,11899.5,11894,11899.5,4.174,49668.513
1599009600000,11899.5,11900.5,11899,11900.5,2.218,26395.309
1599009660000,11900.5,11907,11900.5,11907,3.181,37876.167
1599009720000,11907,11907,11906.5,11906.5,1.025,12204.1625
1599009780000,11906.5,11906.5,11906.5,11906.5,0.076,904.894
1599009840000,11906.5,11906.5,11906,11906.5,0.579,6893.8635
1599009900000,11906.5,11908,11906.5,11908,0.777,9252.516
1599009960000,11908,11908,11908,11908,0.011,130.988
1599010020000,11908,11908,11907.5,11908,1.378,16409.224
1599010080000,11908,11913.5,11908,11913.5,1.074,12795.099
1599010140000,11913.5,11913.5,11913.5,11913.5,0.004,47.654
1599010200000,11913.5,11913.5,11903,11903,2.515,29936.045
1599010260000,11903,11909,11903,11909,1.42,16910.78
1599010320000,11909,11915,11909,11914.5,2.025,24126.8625
1599010380000,11914.5,11914.5,11914.5,11914.5,0,0
1599010440000,11914.5,11914.5,11914.5,11914.5,0,0
1599010500000,11914.5,11915,11914.5,11915,0.137,1632.355
1599010560000,11915,11915,11914.5,11914.5,0.005,59.5725
1599010620000,11914.5,11915,11914.5,11915,41.021,488765.215
1599010680000,11915,11915,11915,11915,0,0
1599010740000,11915,11915.5,11915,11915.5,52.845,629674.5975
1599010800000,11915.5,11922,11915.5,11922,29.69,353964.18
1599010860000,11922,11924.5,11922,11924.5,35.23,420100.135
1599010920000,11924.5,11925,11924.5,11924.5,0.887,10577.0315
1599010980000,11924.5,11924.5,11924.5,11924.5,0,0
1599011040000,11924.5,11924.5,11924.5,11924.5,0.167,1991.3915
1599011100000,11924.5,11924.5,11922,11922,0.1,1192.2
1599011160000,11922,11922,11922,11922,0.111,1323.342
1599011220000,11922,11922.5,11920,11920.5,1.679,20014.5195
1599011280000,11920.5,11920.5,11920.5,11920.5,0,0
1599011340000,11920.5,11920.5,11914.5,11914.5,1.16,13820.82
1599011400000,11914.5,11914.5,11908.5,11908.5,1.543,18374.8155
1599011460000,11908.5,11908.5,11908.5,11908.5,0,0
1599011520000,11908.5,11908.5,11906,11906,0.924,11001.144
1599011580000,11906,11906,11901,11901,0.553,6581.253
1599011640000,11901,11901,11901,11901,0.008,95.208
1599011700000,11901,11901.5,11901,11901.5,45.858,545778.987
1599011760000,11901.5,11902,11901.5,11902,34.696,412951.792
1599011820000,11902,11902.5,11901.5,11902.5,23.2,276138
1599011880000,11902.5,11903.5,11902.5,11903.5,34.657,412539.5995
1599011940000,11903.5,11903.5,11903,11903.5,43.637,519433.0295
1599012000000,11903.5,11903.5,11891,11891.5,7.731,91933.1865
1599012060000,11891.5,11891.5,11891,11891,2.86,34008.26
1599012120000,11891,11891,11890,11890,1.222,14529.58
1599012180000,11890,11890,11889,11889,0.075,891.675
1599012240000,11889,11889.5,11889,11889,0.04,475.56
1599012300000,11889,11889.5,11889,11889,0.12,1426.68
1599012360000,11889,11889.5,11889,11889,0.031,368.559
1599012420000,11889,11889.5,11889,11889.5,4.647,55250.5065
1599012480000,11889.5,11889.5,11889,11889.5,1.089,12947.6655
1599012540000,11889.5,11889.5,11889,11889,0.1,1188.9
1599012600000,11889,11889.5,11889,11889.5,0.834,9915.843
1599012660000,11889.5,11889.5,11889.5,11889.5,2.748,32672.346
1599012720000,11889.5,11889.5,11889.5,11889.5,0,0
1599012780000,11889.5,11892,11889.5,11892,5.164,61410.288
1599012840000,11892,11892,11892,11892,3.646,43358.232
1599012900000,11892,11892,11891.5,11892,3.29,39124.68
1599012960000,11892,11892,11891.5,11891.5,0.028,332.962
1599013020000,11891.5,11892,11891.5,11892,0.162,1926.504
1599013080000,11892,11892,11891.5,11891.5,0.559,6647.3485
1599013140000,11891.5,11891.5,11883,11883.5,14.937,177503.8395
1599013200000,11883.5,11883.5,11875,11875,4.052,48117.5
1599013260000,11875,11881,11875,11881,7.541,89594.621
1599013320000,11881,11881,11881,11881,0.589,6997.909
1599013380000,11881,11881,11881,11881,1.922,22835.282
1599013440000,11881,11882.5,11881,11882.5,1.815,21566.7375
1599013500000,11882.5,11885,11882.5,11885,6.91,82125.35
1599013560000,11885,11895,11885,11895,15.401,183194.895
1599013620000,11895,11903.5,11895,11903.5,5.036,59946.026
1599013680000,11903.5,11904,11903.5,11904,0.198,2356.992
1599013740000,11904,11904,11904,11904,0,0
1599013800000,11904,11904,11903.5,11904,6.135,73031.04
1599013860000,11904,11905,11904,11905,0.385,4583.425
1599013920000,11905,11906,11905,11906,0.1,1190.6
1599013980000,11906,11906,11900,11900,0.952,11328.8
1599014040000,11900,11900,11900,11900,0,0
1599014100000,11900,11908,11900,11908,1.423,16945.084
1599014160000,11908,11908,11908,11908,0,0
1599014220000,11908,11910,11907.5,11910,3.705,44126.55
1599014280000,11910,11911,11910,11911,3.54,42164.94
1599014340000,11911,11911,11911,11911,0.1,1191.1
1599014400000,11911,11911,11911,11911,2.532,30158.652
1599014460000,11911,11911,11911,11911,0.02,238.22
1599014520000,11911,11911,11911,11911,0,0
1599014580000,11911,11911,11911,11911,1.5,17866.5
1599014640000,11911,11911,11911,11911,0,0
1599014700000,11911,11911,11908,11908.5,0.128,1524.288
1599014760000,11908.5,11908.5,11896,11896,2.325,27658.2
1599014820000,11896,11896.5,11896,11896,0.022,261.712
1599014880000,11896,11896,11896,11896,2,23792
1599014940000,11896,11896,11896,11896,0,0
1599015000000,11896,11896,11896,11896,0.1,1189.6
1599015060000,11896,11896.5,11896,11896,0.15,1784.4
1599015120000,11896,11896.5,11896,11896.5,1.66,19748.19
1599015180000,11896.5,11896.5,11896.5,11896.5,1.231,14644.5915
1599015240000,11896.5,11896.5,11896.5,11896.5,0,0
1599015300000,11896.5,11896.5,11896.5,11896.5,0,0
1599015360000,11896.5,11897,11896.5,11897,5.5,65433.5
1599015420000,11897,11898,11897,11897.5,0.002,23.795
1599015480000,11897.5,11897.5,11892.5,11892.5,0.205,2437.9625
1599015540000,11892.5,11892.5,11868.5,11871.5,19.059,226258.9185
1599015600000,11871.5,11871.5,11856,11858.5,20.039,237632.4815
1599015660000,11858.5,11869,11857.5,11869,6.472,76816.168
1599015720000,11869,11869,11868.5,11869,8.98,106583.62
1599015780000,11869,11869.5,11869,11869.5,4.187,49697.5965
1599015840000,11869.5,11872,11869.5,11872,1.839,21832.608
1599015900000,11872,11880.5,11872,11880.5,2.571,30544.7655
1599015960000,11880.5,11880.5,11880.5,11880.5,0.07,831.635
1599016020000,11880.5,11880.5,11869,11869,3.795,45042.855
1599016080000,11869,11869.5,11863,11863,0.468,5551.884
1599016140000,11863,11867,11862,11866.5,2.665,31624.2225
1599016200000,11866.5,11871,11863.5,11863.5,1.999,23715.1365
1599016260000,11863.5,11863.5,11862,11862,1.104,13095.648
1599016320000,11862,11862,11862,11862,0.041,486.342
1599016380000,11862,11862,11854.5,11855,3.483,41290.965
1599016440000,11855,11858,11854.5,11858,3.219,38170.902
1599016500000,11858,11858,11858,11858,1.523,18059.734
1599016560000,11858,11859,11858,11858.5,0.148,1755.058
1599016620000,11858.5,11865,11858.5,11865,5.323,63157.395
1599016680000,11865,11865,11860,11860,2.581,30610.66
1599016740000,11860,11860.5,11860,11860.5,0.006,71.163
1599016800000,11860.5,11860.5,11854,11854,0.95,11261.3
1599016860000,11854,11854.5,11853,11853,1.02,12090.06
1599016920000,11853,11853.5,11845.5,11845.5,22.676,268608.558
1599016980000,11845.5,11846,11845.5,11846,6.108,72355.368
1599017040000,11846,11846,11845.5,11845.5,1.46,17294.43
1599017100000,11845.5,11845.5,11836,11838.5,3.8,44986.3
1599017160000,11838.5,11860.5,11838.5,11860.5,4.562,54107.601
1599017220000,11860.5,11860.5,11860,11860.5,1.102,13070.271
1599017280000,11860.5,11860.5,11860.5,11860.5,0.007,83.0235
1599017340000,11860.5,11866,11860.5,11866,2.985,35420.01
1599017400000,11866,11867,11866,11866.5,1.098,13029.417
1599017460000,11866.5,11866.5,11865.5,11866,48.302,573151.532
1599017520000,11866,11866,11864,11864.5,56.224,667069.648
1599017580000,11864.5,11864.5,11861,11861,43.362,514316.682
1599017640000,11861,11861,11859.5,11859.5,35.487,420858.0765
1599017700000,11859.5,11859.5,11859,11859,0.12,1423.08
1599017760000,11859,11859,11859,11859,0.631,7483.029
1599017820000,11859,11859.5,11849,11849,5.958,70596.342
1599017880000,11849,11849,11849,11849,0,0
1599017940000,11849,11849.5,11849,11849.5,0.004,47.398
1599018000000,11849.5,11849.5,11849,11849,0.204,2417.196
1599018060000,11849,11849,11842,11842,6.408,75883.536
1599018120000,11842,11842,11840,11840,0.721,8536.64
1599018180000,11840,11840.5,11840,11840,0.17,2012.8
1599018240000,11840,11840,11838,11838,4.264,50477.232
1599018300000,11838,11838.5,11836.5,11837,0.221,2615.977
1599018360000,11837,11840,11837,11840,0.776,9187.84
1599018420000,11840,11844,11839.5,11844,1.476,17481.744
1599018480000,11844,11845,11844,11845,0.508,6017.26
1599018540000,11845,11845,11845,11845,0.09,1066.05
1599018600000,11845,11845,11845,11845,0.01,118.45
1599018660000,11845,11845,11844.5,11845,0.229,2712.505
1599018720000,11845,11852,11845,11852,1.601,18975.052
1599018780000,11852,11857,11851.5,11857,7.387,87587.659
1599018840000,11857,11857,11856.5,11856.5,0.027,320.1255
1599018900000,11856.5,11856.5,11856.5,11856.5,0,0
1599018960000,11856.5,11856.5,11854,11854.5,0.302,3580.059
1599019020000,11854.5,11854.5,11850,11850,5.828,69061.8
1599019080000,11850,11850,11850,11850,0,0
1599019140000,11850,11850,11844.5,11844.5,2.295,27183.1275
1599019200000,11844.5,11845,11836,11845,5.953,70513.285
1599019260000,11845,11845,11842,11845,2.029,24033.505
1599019320000,11845,11855.5,11845,11855.5,8.648,102526.364
1599019380000,11855.5,11857,11855.5,11857,9.505,112700.785
1599019440000,11857,11857,11857,11857,0,0
1599019500000,11857,11857,11857,11857,0.221,2620.397
1599019560000,11857,11867,11856.5,11867,2.599,30842.333
1599019620000,11867,11867,11866.5,11866.5,4.481,53173.7865
1599019680000,11866.5,11866.5,11860.5,11860.5,3.312,39281.976
1599019740000,11860.5,11860.5,11860.5,11860.5,0,0
1599019800000,11860.5,11864,11860.5,11864,29.17,346072.88
1599019860000,11864,11864,11864,11864,0.24,2847.36
1599019920000,11864,11868,11864,11868,2.768,32850.624
1599019980000,11868,11869,11868,11868.5,0.003,35.6055
1599020040000,11868.5,11870.5,11868.5,11870.5,0.503,5970.8615
1599020100000,11870.5,11871,11870.5,11871,21.831,259155.801
1599020160000,11871,11871.5,11871,11871.5,3.567,42345.6405
1599020220000,11871.5,11871.5,11871,11871,1.331,15800.301
1599020280000,11871,11871,11871,11871,0.058,688.518
1599020340000,11871,11871,11871,11871,0.1,1187.1
1599020400000,11871,11871,11870.5,11871,2.481,29451.951
1599020460000,11871,11871,11870,11870.5,1.486,17639.563
1599020520000,11870.5,11870.5,11865.5,11866,0.715,8484.19
1599020580000,11866,11866,11865.5,11865.5,0.152,1803.556
1599020640000,11865.5,11865.5,11865.5,11865.5,0.207,2456.1585
1599020700000,11865.5,11866,11865.5,11866,0.674,7997.684
1599020760000,11866,11866,11865.5,11866,0.337,3998.842
1599020820000,11866,11882,11866,11882,2.321,27578.122
1599020880000,11882,11886.5,11882,11886.5,3.105,36907.5825
1599020940000,11886.5,11886.5,11886,11886,1.521,18078.606
1599021000000,11886,11886.5,11886,11886.5,0.857,10186.7305
1599021060000,11886.5,11886.5,11886.5,11886.5,1.182,14049.843
1599021120000,11886.5,11886.5,11882,11882,0.913,10848.266
1599021180000,11882,11883.5,11882,11883.5,0.36,4278.06
1599021240000,11883.5,11888.5,11883.5,11888.5,2.995,35606.0575
1599021300000,11888.5,11889.5,11888.5,11889.5,8.857,105305.3015
1599021360000,11889.5,11890,11889.5,11890,0.926,11010.14
1599021420000,11890,11894,11889.5,11893.5,2.595,30863.6325
1599021480000,11893.5,11893.5,11893,11893.5,0.493,5863.4955
1599021540000,11893.5,11893.5,11893,11893,2.894,34418.342
1599021600000,11893,11893,11892,11892.5,0.977,11618.9725
1599021660000,11892.5,11892.5,11892.5,11892.5,0,0
1599021720000,11892.5,11892.5,11887,11887,3.624,43078.488
1599021780000,11887,11887,11886,11886,0.4,4754.4
1599021840000,11886,11888.5,11886,11888.5,0.201,2389.5885
1599021900000,11888.5,11889.5,11888.5,11889.5,0.471,5599.9545
1599021960000,11889.5,11897,11889.5,11897,2.855,33965.935
1599022020000,11897,11897,11895,11895.5,4.664,55480.612
1599022080000,11895.5,11895.5,11895.5,11895.5,0.015,178.4325
1599022140000,11895.5,11895.5,11895,11895,0.3,3568.5
1599022200000,11895,11895,11889.5,11889.5,2.113,25122.5135
1599022260000,11889.5,11889.5,11889.5,11889.5,0,0
1599022320000,11889.5,11889.5,11879,11879,2.778,32999.862
1599022380000,11879,11879,11879,11879,0,0
1599022440000,11879,11879,11875,11875,1.292,15342.5
1599022500000,11875,11875.5,11875,11875.5,8.015,95182.1325
1599022560000,11875.5,11875.5,11875.5,11875.5,0.002,23.751
1599022620000,11875.5,11875.5,11872,11872.5,1.627,19316.5575
1599022680000,11872.5,11872.5,11872,11872,1,11872
1599022740000,11872,11872,11872,11872,0,0
1599022800000,11872,11872.5,11872,11872,0.109,1294.048
1599022860000,11872,11872,11872,11872,0,0
1599022920000,11872,11872,11872,11872,0,0
1599022980000,11872,11872,11872,11872,0.1,1187.2
1599023040000,11872,11872,11872,11872,0.278,3300.416
1599023100000,11872,11872,11872,11872,0.212,2516.864
1599023160000,11872,11872,11870.5,11870.5,0.246,2920.143
1599023220000,11870.5,11871,11867.5,11867.5,1.026,12176.055
1599023280000,11867.5,11868.5,11867.5,11868.5,1.779,21114.0615
1599023340000,11868.5,11872,11868.5,11872,1.566,18591.552
1599023400000,11872,11872,11872,11872,0.088,1044.736
1599023460000,11872,11872,11872,11872,0.001,11.872
1599023520000,11872,11887,11872,11887,1.4,16641.8
1599023580000,11887,11896.5,11887,11896.5,4.018,47800.137
1599023640000,11896.5,11899,11896.5,11899,2.121,25237.779
1599023700000,11899,11904.5,11897.5,11897.5,18.598,221269.705
1599023760000,11897.5,11897.5,11897.5,11897.5,0,0
1599023820000,11897.5,11897.5,11897,11897,0.002,23.794
1599023880000,11897,11897.5,11897,11897.5,0.015,178.4625
1599023940000,11897.5,11897.5,11897,11897,0.003,35.691
1599024000000,11897,11897,11895,11895,6.017,71572.215
1599024060000,11895,11895,11892,11892,2.586,30752.712
1599024120000,11892,11894,11892,11893.5,3.462,41175.297
1599024180000,11893.5,11893.5,11888.5,11888.5,4.677,55602.5145
1599024240000,11888.5,11888.5,11888.5,11888.5,0.064,760.864
1599024300000,11888.5,11888.5,11888.5,11888.5,0,0
1599024360000,11888.5,11888.5,11888.5,11888.5,0,0
1599024420000,11888.5,11889,11888.5,11888.5,0.002,23.777
1599024480000,11888.5,11888.5,11888.5,11888.5,0,0
1599024540000,11888.5,11889,11888.5,11889,0.02,237.78
1599024600000,11889,11889,11889,11889,2.872,34145.208
1599024660000,11889,11889,11888.5,11888.5,2.035,24193.0975
1599024720000,11888.5,11888.5,11886,11886,0.2,2377.2
1599024780000,11886,11886,11886,11886,0.174,2068.164
1599024840000,11886,11886,11886,11886,0,0
1599024900000,11886,11886,11885.5,11885.5,0.017,202.0535
1599024960000,11885.5,11885.5,11875.5,11875.5,1.362,16174.431
1599025020000,11875.5,11876,11875,11875,0.763,9060.625
1599025080000,11875,11875,11875,11875,0.363,4310.625
1599025140000,11875,11875,11874,11874,0.068,807.432
1599025200000,11874,11874,11874,11874,0,0
1599025260000,11874,11874,11874,11874,0,0
1599025320000,11874,11874,11874,11874,0.01,118.74
1599025380000,11874,11874,11873.5,11873.5,0.112,1329.832
1599025440000,11873.5,11874,11873.5,11874,0.552,6554.448
1599025500000,11874,11874,11871,11871,1.379,16370.109
1599025560000,11871,11871,11870.5,11870.5,0.55,6528.775
1599025620000,11870.5,11870.5,11865,11866,2.856,33889.296
1599025680000,11866,11866,11866,11866,0.003,35.598
1599025740000,11866,11866,11865.5,11865.5,1.5,17798.25
1599025800000,11865.5,11865.5,11865.5,11865.5,0,0
1599025860000,11865.5,11869.5,11865.5,11869.5,1.348,16000.086
1599025920000,11869.5,11870,11869.5,11870,0.123,1460.01
1599025980000,11870,11870,11870,11870,0,0
1599026040000,11870,11870,11870,11870,0,0
1599026100000,11870,11870,11867,11867,0.175,2076.725
1599026160000,11867,11867,11863,11863,0.295,3499.585
1599026220000,11863,11863,11862.5,11862.5,0.086,1020.175
1599026280000,11862.5,11867.5,11862.5,11867,1.965,23318.655
1599026340000,11867,11867,11865,11865.5,0.515,6110.7325
1599026400000,11865.5,11865.5,11862.5,11862.5,4.711,55884.2375
1599026460000,11862.5,11862.5,11859,11859,0.243,2881.737
1599026520000,11859,11859,11853,11853,1.507,17862.471
1599026580000,11853,11853,11853,11853,0,0
1599026640000,11853,11853,11853,11853,0.111,1315.683
1599026700000,11853,11853,11853,11853,0,0
1599026760000,11853,11853,11841,11845,5.62,66568.9
1599026820000,11845,11845,11843.5,11843.5,0.113,1338.3155
1599026880000,11843.5,11843.5,11821,11827.5,21.651,256077.2025
1599026940000,11827.5,11828,11802,11802,32.781,386881.362
1599027000000,11802,11812,11785,11810.5,169.553,2002505.7065
1599027060000,11810.5,11810.5,11801.5,11801.5,13.461,158859.9915
1599027120000,11801.5,11808,11801.5,11808,10.01,118198.08
1599027180000,11808,11813,11808,11813,1.093,12911.609
1599027240000,11813,11816,11813,11816,0.149,1760.584
1599027300000,11816,11816.5,11815.5,11816.5,5.274,62320.221
1599027360000,11816.5,11817,11814,11814,1.184,13987.776
1599027420000,11814,11814.5,11781.5,11797,30.152,355703.144
1599027480000,11797,11800,11797,11799.5,5.149,60755.6255
1599027540000,11799.5,11800,11799.5,11800,0.21,2478
1599027600000,11800,11814,11800,11813.5,13.041,154059.8535
1599027660000,11813.5,11813.5,11813,11813,10.134,119712.942
1599027720000,11813,11813.5,11810,11810,3.218,38004.58
1599027780000,11810,11810.5,11810,11810,0.232,2739.92
1599027840000,11810,11810.5,11810,11810.5,1.379,16286.6795
1599027900000,11810.5,11810.5,11810,11810,1.01,11928.1
1599027960000,11810,11810,11809,11809.5,2.126,25106.997
1599028020000,11809.5,11809.5,11809,11809,5.343,63095.487
1599028080000,11809,11809.5,11809,11809.5,0.216,2550.852
1599028140000,11809.5,11810.5,11809,11810.5,2.087,24648.5135
1599028200000,11810.5,11811.5,11810,11810,7.749,91515.69
1599028260000,11810,11810,11803.5,11803.5,5.284,62369.694
1599028320000,11803.5,11803.5,11803,11803,0.5,5901.5
1599028380000,11803,11803,11784,11793,30.893,364321.149
1599028440000,11793,11798,11793,11797.5,3.347,39486.2325
1599028500000,11797.5,11801,11797.5,11800.5,1.219,14384.8095
1599028560000,11800.5,11815,11800.5,11811.5,2.98,35198.27
1599028620000,11811.5,11811.5,11802,11802,7.374,87027.948
1599028680000,11802,11802,11800,11800.5,8.685,102487.3425
1599028740000,11800.5,11800.5,11764,11776,69.49,818314.24
1599028800000,11776,11784,11767,11777.5,8.798,103618.445
1599028860000,11777.5,11788,11766,11788,11.88,140041.44
1599028920000,11788,11788,11777,11777.5,1.974,23248.785
1599028980000,11777.5,11777.5,11777,11777.5,2.121,24980.0775
1599029040000,11777.5,11788.5,11777.5,11788.5,1.373,16185.6105
1599029100000,11788.5,11791.5,11788,11791.5,11.993,141415.4595
1599029160000,11791.5,11791.5,11777,11777.5,1.846,21741.265
1599029220000,11777.5,11782,11777.5,11782,16.938,199563.516
1599029280000,11782,11782,11771,11771,4.312,50756.552
1599029340000,11771,11775,11771,11775,0.646,7606.65
1599029400000,11775,11781,11774.5,11781,2.107,24822.567
1599029460000,11781,11782,11776,11776.5,1.601,18854.1765
1599029520000,11776.5,11776.5,11772,11772,4.431,52161.732
1599029580000,11772,11773,11770,11770,4.395,51729.15
1599029640000,11770,11772,11770,11772,5.574,65617.128
1599029700000,11772,11772,11765,11765.5,15.133,178047.3115
1599029760000,11765.5,11780,11765,11780,4.055,47767.9
1599029820000,11780,11793.5,11770,11792.5,13.939,164375.6575
1599029880000,11792.5,11795,11792.5,11795,1.689,19921.755
1599029940000,11795,11805,11794.5,11803.5,17.179,202772.3265
1599030000000,11803.5,11803.5,11794,11794,3.062,36113.228
1599030060000,11794,11794.5,11794,11794.5,0.03,353.835
1599030120000,11794.5,11794.5,11794.5,11794.5,0.31,3656.295
1599030180000,11794.5,11798.5,11783,11783.5,102.213,1204426.8855
1599030240000,11783.5,11795.5,11783.5,11795.5,69.414,818772.837
1599030300000,11795.5,11795.5,11786,11786,1.113,13117.818
1599030360000,11786,11787,11786,11786.5,0.706,8321.269
1599030420000,11786.5,11787,11786.5,11786.5,0.355,4184.2075
1599030480000,11786.5,11787,11773,11773,12.421,146232.433
1599030540000,11773,11773,11771,11771,2.013,23695.023
1599030600000,11771,11771.5,11771,11771,0.51,6003.21
1599030660000,11771,11771,11770,11770,0.422,4966.94
1599030720000,11770,11770.5,11770,11770.5,0.405,4767.0525
1599030780000,11770.5,11770.5,11770.5,11770.5,0.182,2142.231
1599030840000,11770.5,11777,11770.5,11777,1.695,19962.015
1599030900000,11777,11778,11777,11778,0.53,6242.34
1599030960000,11778,11783,11777.5,11783,60.082,707946.206
1599031020000,11783,11788,11782.5,11788,2.865,33772.62
1599031080000,11788,11789.5,11788,11789.5,0.584,6885.068
1599031140000,11789.5,11792,11789.5,11792,9.199,108474.608
1599031200000,11792,11793.5,11792,11793.5,0.834,9835.779
1599031260000,11793.5,11794.5,11793.5,11794.5,0.126,1486.107
1599031320000,11794.5,11796,11794.5,11796,1.302,15358.392
1599031380000,11796,11796,11796,11796,0.966,11394.936
1599031440000,11796,11796.5,11796,11796.5,0.073,861.1445
1599031500000,11796.5,11797,11796.5,11797,2.189,25823.633
1599031560000,11797,11798,11796.5,11798,0.528,6229.344
1599031620000,11798,11798,11797.5,11798,0.173,2041.054
1599031680000,11798,11798,11797.5,11797.5,1.345,15867.6375
1599031740000,11797.5,11798,11797.5,11798,1.74,20528.52
1599031800000,11798,11814,11798,11813,10.796,127533.148
1599031860000,11813,11813,11812.5,11812.5,7.307,86313.9375
1599031920000,11812.5,11812.5,11787,11787,10.581,124718.247
1599031980000,11787,11787,11776.5,11777,51.668,608494.036
1599032040000,11777,11777,11772.5,11773,40.334,474852.182
1599032100000,11773,11773,11772.5,11772.5,1.663,19577.6675
1599032160000,11772.5,11773,11746.5,11764.5,285.027,3353200.1415
1599032220000,11764.5,11772,11764.5,11771.5,3.678,43295.577
1599032280000,11771.5,11777.5,11771.5,11777,3.445,40571.765
1599032340000,11777,11777,11775,11775,0.077,906.675
1599032400000,11775,11775.5,11765,11769,104.088,1225011.672
1599032460000,11769,11770,11768.5,11770,1.372,16148.44
1599032520000,11770,11770.5,11769.5,11770.5,0.682,8027.481
1599032580000,11770.5,11775,11770.5,11775,2.362,27812.55
1599032640000,11775,11775,11775,11775,4.235,49867.125
1599032700000,11775,11775,11772.5,11772.5,1.074,12643.665
1599032760000,11772.5,11772.5,11768.5,11768.5,5.322,62631.957
1599032820000,11768.5,11769,11768.5,11769,5.293,62293.317
1599032880000,11769,11769,11768.5,11768.5,0.3,3530.55
1599032940000,11768.5,11768.5,11768.5,11768.5,0.5,5884.25
1599033000000,11768.5,11768.5,11757,11757,4.451,52330.407
1599033060000,11757,11757,11754.5,11754.5,1.896,22286.532
1599033120000,11754.5,11754.5,11745,11747,9.312,109388.064
1599033180000,11747,11758,11746.5,11758,9.353,109972.574
1599033240000,11758,11758,11752,11752,3.571,41966.392
1599033300000,11752,11755.5,11752,11755,0.56,6582.8
1599033360000,11755,11755.5,11748.5,11748.5,6.557,77034.9145
1599033420000,11748.5,11748.5,11745,11745,0.403,4733.235
1599033480000,11745,11745,11728,11734.5,25.613,300555.7485
1599033540000,11734.5,11736,11732,11732,7.809,91615.188
1599033600000,11732,11745,11732,11745,7.867,92397.915
1599033660000,11745,11750,11745,11750,3.171,37259.25
1599033720000,11750,11750,11729.5,11730,4.621,54204.33
1599033780000,11730,11730,11705.5,11712.5,63.056,738543.4
1599033840000,11712.5,11712.5,11684.5,11708,52.259,611848.372
1599033900000,11708,11708,11667,11683.5,56.203,656647.7505
1599033960000,11683.5,11683.5,11675,11675,2.917,34055.975
1599034020000,11675,11693,11675,11693,10.978,128365.754
1599034080000,11693,11695,11685,11688.5,10.691,124961.7535
1599034140000,11688.5,11708.5,11688.5,11703.5,22.008,257570.628
1599034200000,11703.5,11704,11703.5,11703.5,9.851,115291.1785
1599034260000,11703.5,11709.5,11703.5,11705,6.144,71915.52
1599034320000,11705,11714.5,11705,11714.5,11.966,140175.707
1599034380000,11714.5,11718,11714,11718,26.672,312542.496
1599034440000,11718,11718,11717.5,11717.5,2.185,25602.7375
1599034500000,11717.5,11717.5,11700.5,11700.5,5.095,59614.0475
1599034560000,11700.5,11700.5,11697,11700,8.908,104223.6
1599034620000,11700,11710,11699.5,11709.5,1.49,17447.155
1599034680000,11709.5,11710,11709.5,11710,5.856,68573.76
1599034740000,11710,11715,11710,11715,15.531,181945.665
1599034800000,11715,11720,11715,11720,5.015,58775.8
1599034860000,11720,11725,11719.5,11719.5,3.032,35533.524
1599034920000,11719.5,11725,11719.5,11725,8.711,102136.475
1599034980000,11725,11730,11725,11730,1.977,23190.21
1599035040000,11730,11730,11729.5,11730,1.978,23201.94
1599035100000,11730,11730,11720,11720,2.104,24658.88
1599035160000,11720,11720,11719.5,11720,2.839,33273.08
1599035220000,11720,11723,11720,11723,0.622,7291.706
1599035280000,11723,11730,11722.5,11727,2.444,28660.788
1599035340000,11727,11727.5,11725.5,11725.5,10.528,123446.064
1599035400000,11725.5,11725.5,11721,11721,1.959,22961.439
1599035460000,11721,11721,11718,11718,1.505,17635.59
1599035520000,11718,11719,11714.5,11719,18.157,212781.883
1599035580000,11719,11719,11718.5,11718.5,9.315,109157.8275
1599035640000,11718.5,11720,11718.5,11720,0.34,3984.8
1599035700000,11720,11723.5,11720,11723.5,1.396,16366.006
1599035760000,11723.5,11726,11723.5,11725.5,0.163,1911.2565
1599035820000,11725.5,11728,11725.5,11728,4.114,48248.992
1599035880000,11728,11731,11728,11730.5,1.36,15953.48
1599035940000,11730.5,11731,11730.5,11731,1.042,12223.702
1599036000000,11731,11731,11730.5,11730.5,1.342,15742.331
1599036060000,11730.5,11731,11717,11717.5,7.569,88689.7575
1599036120000,11717.5,11717.5,11717.5,11717.5,0.6,7030.5
1599036180000,11717.5,11717.5,11707,11709,6.368,74562.912
1599036240000,11709,11709.5,11709,11709,3.573,41836.257
1599036300000,11709,11709.5,11701,11701,13.24,154921.24
1599036360000,11701,11701,11701,11701,0,0
1599036420000,11701,11701.5,11690,11690,12.777,149363.13
1599036480000,11690,11691,11690,11691,20.174,235854.234
1599036540000,11691,11694,11691,11691.5,2.915,34080.7225
1599036600000,11691.5,11691.5,11689,11689.5,4.623,54040.5585
1599036660000,11689.5,11689.5,11679,11680.5,2.865,33464.6325
1599036720000,11680.5,11685,11680.5,11684.5,0.545,6368.0525
1599036780000,11684.5,11702.5,11684.5,11700,5.836,68281.2
1599036840000,11700,11704,11700,11704,7.688,89980.352
1599036900000,11704,11710,11704,11710,3.03,35481.3
1599036960000,11710,11713.5,11710,11713.5,0.176,2061.576
1599037020000,11713.5,11714.5,11713,11714.5,2.161,25315.0345
1599037080000,11714.5,11714.5,11714.5,11714.5,1.501,17583.4645
1599037140000,11714.5,11715,11714.5,11715,0.155,1815.825
1599037200000,11715,11717.5,11715,11717.5,8.192,95989.76
1599037260000,11717.5,11717.5,11717,11717,0.161,1886.437
1599037320000,11717,11717,11717,11717,0.2,2343.4
1599037380000,11717,11717,11714.5,11714.5,0.707,8282.1515
1599037440000,11714.5,11715,11714.5,11715,1.769,20723.835
1599037500000,11715,11720,11714.5,11719.5,2.924,34267.818
1599037560000,11719.5,11720,11719.5,11720,0.388,4547.36
1599037620000,11720,11729,11719.5,11721.5,108.943,1276975.3745
1599037680000,11721.5,11721.5,11721,11721,1,11721
1599037740000,11721,11729,11721,11729,15.268,179078.372
1599037800000,11729,11734,11729,11734,3.554,41702.636
1599037860000,11734,11734,11733.5,11734,1.882,22083.388
1599037920000,11734,11739,11733.5,11739,9.35,109759.65
1599037980000,11739,11739,11738.5,11738.5,0.173,2030.7605
1599038040000,11738.5,11739,11738.5,11739,0.601,7055.139
1599038100000,11739,11740,11739,11740,10.702,125641.48
1599038160000,11740,11740,11733,11733,3.482,40854.306
1599038220000,11733,11737,11730,11730,3.763,44139.99
1599038280000,11730,11730,11730,11730,0.002,23.46
1599038340000,11730,11730,11730,11730,0,0
1599038400000,11730,11730,11729.5,11729.5,36.479,427880.4305
1599038460000,11729.5,11730,11729,11729.5,10.147,119019.2365
1599038520000,11729.5,11729.5,11727,11727,0.007,82.089
1599038580000,11727,11735.5,11727,11735.5,14.475,169871.3625
1599038640000,11735.5,11739,11735.5,11739,1.519,17831.541
1599038700000,11739,11739,11738.5,11739,1.095,12854.205
1599038760000,11739,11745.5,11739,11745,6.859,80558.955
1599038820000,11745,11745,11744.5,11744.5,0.007,82.2115
1599038880000,11744.5,11745,11744.5,11745,2.18,25604.1
1599038940000,11745,11745,11745,11745,2.136,25087.32
1599039000000,11745,11745,11744.5,11744.5,0.165,1937.8425
1599039060000,11744.5,11744.5,11730,11730,1.06,12433.8
1599039120000,11730,11730,11730,11730,1.111,13032.03
1599039180000,11730,11730,11723,11723,1,11723
1599039240000,11723,11723.5,11723,11723.5,2.347,27515.0545
1599039300000,11723.5,11727,11723.5,11727,0.524,6144.948
1599039360000,11727,11727.5,11726.5,11727.5,0.38,4456.45
1599039420000,11727.5,11727.5,11727,11727.5,0.007,82.0925
1599039480000,11727.5,11727.5,11727.5,11727.5,0.206,2415.865
1599039540000,11727.5,11727.5,11727.5,11727.5,0,0
1599039600000,11727.5,11727.5,11727,11727,0.512,6004.224
1599039660000,11727,11727,11727,11727,0,0
1599039720000,11727,11739.5,11727,11739,1.448,16998.072
1599039780000,11739,11739.5,11739,11739.5,5.129,60211.8955
1599039840000,11739.5,11739.5,11739.5,11739.5,0.412,4836.674
1599039900000,11739.5,11740,11739.5,11739.5,2.748,32260.146
1599039960000,11739.5,11744,11739.5,11744,0.639,7504.416
1599040020000,11744,11744,11743.5,11744,1.963,23053.472
1599040080000,11744,11744,11743.5,11743.5,0.2,2348.7
1599040140000,11743.5,11744,11743.5,11744,0.127,1491.488
1599040200000,11744,11744,11744,11744,0.5,5872
1599040260000,11744,11755,11744,11753.5,2.295,26974.2825
1599040320000,11753.5,11753.5,11753.5,11753.5,0.384,4513.344
1599040380000,11753.5,11759.5,11753.5,11759.5,5.418,63712.971
1599040440000,11759.5,11759.5,11759,11759,0.61,7172.99
1599040500000,11759,11760,11753,11756,1.836,21584.016
1599040560000,11756,11756,11756,11756,0.812,9545.872
1599040620000,11756,11759.5,11755.5,11759.5,4.983,58597.5885
1599040680000,11759.5,11759.5,11759,11759,0.121,1422.839
1599040740000,11759,11759,11759,11759,0,0
1599040800000,11759,11759.5,11759,11759.5,0.2,2351.9
1599040860000,11759.5,11759.5,11759.5,11759.5,0.108,1270.026
1599040920000,11759.5,11759.5,11753,11753,1.718,20191.654
1599040980000,11753,11753.5,11750,11750,2.784,32712
1599041040000,11750,11750,11733,11733.5,2.904,34074.084
1599041100000,11733.5,11733.5,11733.5,11733.5,0.123,1443.2205
1599041160000,11733.5,11733.5,11728.5,11728.5,0.601,7048.8285
1599041220000,11728.5,11733,11728.5,11732.5,0.525,6159.5625
1599041280000,11732.5,11732.5,11732.5,11732.5,1.8,21118.5
1599041340000,11732.5,11733,11732.5,11732.5,0.854,10019.555
1599041400000,11732.5,11732.5,11729.5,11730,0.63,7389.9
1599041460000,11730,11730,11724,11724,4.914,57611.736
1599041520000,11724,11724,11724,11724,0.6,7034.4
1599041580000,11724,11724.5,11724,11724.5,0.2,2344.9
1599041640000,11724.5,11724.5,11724.5,11724.5,0,0
1599041700000,11724.5,11724.5,11724,11724,0.157,1840.668
1599041760000,11724,11724.5,11724,11724.5,1.001,11736.2245
1599041820000,11724.5,11724.5,11724,11724,0.002,23.448
1599041880000,11724,11724,11724,11724,0,0
1599041940000,11724,11724.5,11724,11724.5,0.325,3810.4625
1599042000000,11724.5,11724.5,11724.5,11724.5,0,0
1599042060000,11724.5,11725,11720,11720,7.049,82614.28
1599042120000,11720,11720,11715,11715,2.856,33458.04
1599042180000,11715,11715.5,11705,11713,12.965,151859.045
1599042240000,11713,11713,11708,11708,0.135,1580.58
1599042300000,11708,11708,11700,11700,6.179,72294.3
1599042360000,11700,11700,11692,11692,22.6,264239.2
1599042420000,11692,11696,11692,11696,1.528,17871.488
1599042480000,11696,11696,11641.5,11644,104.162,1212862.328
1599042540000,11644,11657,11589,11635.5,363.5,4229504.25
1599042600000,11635.5,11644.5,11601,11644.5,61.34,714273.63
1599042660000,11644.5,11644.5,11636.5,11639.5,5.281,61468.1995
1599042720000,11639.5,11639.5,11635,11635,3.187,37080.745
1599042780000,11635,11649,11635,11649,9.569,111469.281
1599042840000,11649,11651,11648.5,11650.5,15.569,181386.6345
1599042900000,11650.5,11657,11650.5,11657,13.155,153347.835
1599042960000,11657,11657,11656.5,11656.5,8.759,102099.2835
1599043020000,11656.5,11656.5,11650,11650.5,4.028,46928.214
1599043080000,11650.5,11650.5,11650,11650,2.435,28367.75
1599043140000,11650,11650,11638,11638,4.587,53383.506
1599043200000,11638,11638,11623.5,11629.5,11.921,138635.2695
1599043260000,11629.5,11630,11608.5,11616.5,11.336,131684.644
1599043320000,11616.5,11624,11616.5,11624,4.588,53330.912
1599043380000,11624,11625.5,11604.5,11607.5,10.328,119882.26
1599043440000,11607.5,11609,11580,11592.5,151.656,1758072.18
1599043500000,11592.5,11592.5,11580.5,11589,12.45,144283.05
1599043560000,11589,11609.5,11589,11609,24.299,282087.091
1599043620000,11609,11612.5,11609,11612.5,9.37,108809.125
1599043680000,11612.5,11613,11607,11608.5,51.49,597721.665
1599043740000,11608.5,11609,11590.5,11590.5,11.045,128017.0725
1599043800000,11590.5,11613,11590.5,11613,5.175,60097.275
1599043860000,11613,11621,11610,11617,33.6,390331.2
1599043920000,11617,11617,11615.5,11615.5,6.778,78729.859
1599043980000,11615.5,11616,11615.5,11616,1.594,18515.904
1599044040000,11616,11616,11593,11593,5.809,67343.737
1599044100000,11593,11593.5,11593,11593,2.631,30501.183
1599044160000,11593,11593.5,11532,11543,96.45,1113322.35
1599044220000,11543,11570,11538.5,11570,20.598,238318.86
1599044280000,11570,11590,11570,11584,8.833,102321.472
1599044340000,11584,11590,11584,11590,3.232,37458.88
1599044400000,11590,11590,11569,11569.5,14.069,162771.2955
1599044460000,11569.5,11581,11569.5,11580.5,15.228,176347.854
1599044520000,11580.5,11580.5,11550,11560.5,29.045,335774.7225
1599044580000,11560.5,11560.5,11505,11532.5,113.578,1309838.285
1599044640000,11532.5,11557,11527,11543,59.797,690236.771
1599044700000,11543,11546.5,11530.5,11541,7.326,84549.366
1599044760000,11541,11551.5,11541,11551,7.26,83860.26
1599044820000,11551,11552,11541,11541,3.021,34865.361
1599044880000,11541,11549,11529,11532,6.748,77817.936
1599044940000,11532,11532,11432,11432,365.551,4178979.032
1599045000000,11432,11432.5,11278,11351.5,739.21,8391142.315
1599045060000,11351.5,11384,11330,11360,96.086,1091536.96
1599045120000,11360,11400,11358.5,11399.5,142.39,1623174.805
1599045180000,11399.5,11412,11370,11409,31.986,364928.274
1599045240000,11409,11444,11409,11436,38.809,443819.724
1599045300000,11436,11436,11406,11406,20.428,233001.768
1599045360000,11406,11421,11406,11419,12.674,144724.406
1599045420000,11419,11419,11382,11397.5,22.228,253343.63
1599045480000,11397.5,11415,11391.5,11414.5,6.149,70187.7605
1599045540000,11414.5,11428,11411,11411,13.04,148799.44
1599045600000,11411,11411,11374.5,11380.5,22.895,260556.5475
1599045660000,11380.5,11383,11320,11322.5,26.843,303929.8675
1599045720000,11322.5,11322.5,11171,11238,423.648,4760956.224
1599045780000,11238,11299,11238,11264,56.454,635897.856
1599045840000,11264,11350,11264,11327.5,42.596,482506.19
1599045900000,11327.5,11346,11327,11341,12.27,139154.07
1599045960000,11341,11371,11311.5,11353.5,36.938,419375.583
1599046020000,11353.5,11366.5,11351.5,11366.5,13.437,152731.6605
1599046080000,11366.5,11366.5,11340,11340,9.897,112231.98
1599046140000,11340,11343,11330.5,11342,14.361,162882.462
1599046200000,11342,11342.5,11300,11307,21.382,241766.274
1599046260000,11307,11360,11307,11359,25.614,290949.426
1599046320000,11359,11387,11358.5,11373.5,56.516,642784.726
1599046380000,11373.5,11386,11373.5,11381.5,15.842,180305.723
1599046440000,11381.5,11390,11369,11387,12.011,136769.257
1599046500000,11387,11387.5,11387,11387,6.692,76201.804
1599046560000,11387,11390,11383,11383,4.912,55913.296
1599046620000,11383,11391,11382,11391,3.651,41588.541
1599046680000,11391,11391,11387,11387,24.131,274779.697
1599046740000,11387,11387,11383,11383.5,5.129,58385.9715
1599046800000,11383.5,11383.5,11365,11365,4.671,53085.915
1599046860000,11365,11377,11365,11376.5,8.666,98588.749
1599046920000,11376.5,11377,11367,11367.5,120.469,1369431.3575
1599046980000,11367.5,11389,11367.5,11380.5,30.428,346285.854
1599047040000,11380.5,11385,11374,11385,4.013,45688.005
1599047100000,11385,11385,11368,11370,14.561,165558.57
1599047160000,11370,11372,11370,11372,0.385,4378.22
1599047220000,11372,11385.5,11372,11385.5,1.97,22429.435
1599047280000,11385.5,11395,11385.5,11395,9.597,109357.815
1599047340000,11395,11435,11394.5,11435,24.179,276486.865
1599047400000,11435,11435,11415,11415,32.219,367779.885
1599047460000,11415,11415.5,11395,11400,15.038,171433.2
1599047520000,11400,11407.5,11400,11405,1.352,15419.56
1599047580000,11405,11413,11404.5,11412.5,3.563,40662.7375
1599047640000,11412.5,11414,11412.5,11414,3.568,40725.152
1599047700000,11414,11414.5,11414,11414.5,0.767,8754.9215
1599047760000,11414.5,11415,11414.5,11414.5,0.387,4417.4115
1599047820000,11414.5,11415,11414.5,11415,0.048,547.92
1599047880000,11415,11416,11415,11415.5,1.162,13264.811
1599047940000,11415.5,11416,11415.5,11415.5,4.05,46232.775
1599048000000,11415.5,11415.5,11396,11403,15.217,173519.451
1599048060000,11403,11403,11396,11396,1.987,22643.852
1599048120000,11396,11411,11396,11410.5,7.811,89127.4155
1599048180000,11410.5,11416.5,11410.5,11416.5,1.331,15195.3615
1599048240000,11416.5,11418,11416.5,11418,1.281,14626.458
1599048300000,11418,11429,11418,11429,2.478,28321.062
1599048360000,11429,11448,11429,11448,14.721,168526.008
1599048420000,11448,11448,11438,11439.5,9.362,107096.599
1599048480000,11439.5,11449,11439.5,11448.5,10.18,116545.73
1599048540000,11448.5,11451,11443,11445.5,7.879,90179.0945
1599048600000,11445.5,11445.5,11442,11442,0.221,2528.682
1599048660000,11442,11442,11440,11440,2.4,27456
1599048720000,11440,11440,11435.5,11439,5.777,66083.103
1599048780000,11439,11439,11433,11433,1.688,19298.904
1599048840000,11433,11438.5,11433,11438.5,1.168,13360.168
1599048900000,11438.5,11438.5,11438,11438.5,1.639,18747.7015
1599048960000,11438.5,11450,11438,11450,13.174,150842.3
1599049020000,11450,11450,11449.5,11450,0.07,801.5
1599049080000,11450,11491,11450,11480,24.907,285932.36
1599049140000,11480,11486,11475,11475,6.631,76090.725
1599049200000,11475,11483,11471,11483,5.122,58815.926
1599049260000,11483,11483,11478,11478.5,4.219,48427.7915
1599049320000,11478.5,11478.5,11478.5,11478.5,0.254,2915.539
1599049380000,11478.5,11480,11471.5,11472,1.835,21051.12
1599049440000,11472,11472,11471.5,11471.5,1.818,20855.187
1599049500000,11471.5,11471.5,11437,11437,19.962,228305.394
1599049560000,11437,11445,11413,11414,13.403,152981.842
1599049620000,11414,11414.5,11402,11414,12.633,144193.062
1599049680000,11414,11414.5,11402,11402.5,8.838,100775.295
1599049740000,11402.5,11420,11402.5,11419.5,8.613,98356.1535
1599049800000,11419.5,11423.5,11419.5,11423.5,2.357,26925.1895
1599049860000,11423.5,11426,11422,11426,2.107,24074.582
1599049920000,11426,11443,11426,11442.5,9.653,110454.4525
1599049980000,11442.5,11449.5,11442.5,11442.5,6.233,71321.1025
1599050040000,11442.5,11443,11438,11438,3.457,39541.166
1599050100000,11438,11438,11433,11433,14.913,170500.329
1599050160000,11433,11434.5,11433,11434.5,0.208,2378.376
1599050220000,11434.5,11442.5,11434.5,11441.5,7.449,85227.7335
1599050280000,11441.5,11442,11441.5,11442,0.233,2665.986
1599050340000,11442,11442,11442,11442,0.15,1716.3
1599050400000,11442,11442,11430.5,11430.5,19.565,223637.7325
1599050460000,11430.5,11442,11428.5,11442,2.153,24634.626
1599050520000,11442,11442,11441.5,11442,3.739,42781.638
1599050580000,11442,11442,11432.5,11435.5,2.691,30772.9305
1599050640000,11435.5,11435.5,11425,11425.5,4.325,49415.2875
1599050700000,11425.5,11436,11419,11436,2.331,26657.316
1599050760000,11436,11449,11436,11448.5,3.551,40653.6235
1599050820000,11448.5,11448.5,11428,11428,5.806,66350.968
1599050880000,11428,11428,11413.5,11413.5,2.771,31626.8085
1599050940000,11413.5,11417.5,11413,11417.5,2.084,23794.07
1599051000000,11417.5,11426,11415.5,11426,4.933,56364.458
1599051060000,11426,11426,11426,11426,0.018,205.668
1599051120000,11426,11437.5,11426,11437.5,4.387,50176.3125
1599051180000,11437.5,11441,11437.5,11441,0.541,6189.581
1599051240000,11441,11448,11441,11448,5.214,59689.872
1599051300000,11448,11448.5,11448,11448.5,0.016,183.176
1599051360000,11448.5,11448.5,11447,11447,0.513,5872.311
1599051420000,11447,11447.5,11447,11447,0.182,2083.354
1599051480000,11447,11447,11442.5,11442.5,0.761,8707.7425
1599051540000,11442.5,11443,11442.5,11443,0.3,3432.9
1599051600000,11443,11443,11434.5,11434.5,1.227,14030.1315
1599051660000,11434.5,11437.5,11432.5,11437.5,0.602,6885.375
1599051720000,11437.5,11450,11437.5,11450,2.693,30834.85
1599051780000,11450,11452.5,11449.5,11452.5,0.374,4283.235
1599051840000,11452.5,11452.5,11452,11452,0.1,1145.2
1599051900000,11452,11452,11442.5,11442.5,1.16,13273.3
1599051960000,11442.5,11442.5,11439,11439,0.333,3809.187
1599052020000,11439,11441,11439,11441,0.111,1269.951
1599052080000,11441,11441,11438.5,11439,18.283,209139.237
1599052140000,11439,11439,11426.5,11430.5,7.499,85717.3195
1599052200000,11430.5,11433.5,11430.5,11433.5,3.085,35272.3475
1599052260000,11433.5,11433.5,11430.5,11430.5,0.8,9144.4
1599052320000,11430.5,11431,11430.5,11430.5,0.05,571.525
1599052380000,11430.5,11436.5,11430.5,11436.5,4.721,53991.7165
1599052440000,11436.5,11447,11436.5,11447,3.012,34478.364
1599052500000,11447,11453,11447,11452.5,3.833,43897.4325
1599052560000,11452.5,11455,11451.5,11452.5,2.419,27703.5975
1599052620000,11452.5,11458,11451,11458,1.136,13016.288
1599052680000,11458,11458,11449,11449,2.28,26103.72
1599052740000,11449,11449,11445,11445,0.214,2449.23
1599052800000,11445,11445,11445,11445,1.254,14352.03
1599052860000,11445,11445,11438.5,11438.5,0.415,4746.9775
1599052920000,11438.5,11443,11438.5,11443,0.469,5366.767
1599052980000,11443,11448,11443,11448,0.955,10932.84
1599053040000,11448,11448.5,11447,11447,0.316,3617.252
1599053100000,11447,11447,11428.5,11428.5,6.925,79142.3625
1599053160000,11428.5,11430,11425,11425,1.211,13835.675
1599053220000,11425,11425,11424.5,11425,0.106,1211.05
1599053280000,11425,11432,11425,11430,7.986,91279.98
1599053340000,11430,11432.5,11429.5,11432,6.552,74902.464
1599053400000,11432,11432,11425,11425,0.979,11185.075
1599053460000,11425,11425,11411.5,11411.5,10.587,120813.5505
1599053520000,11411.5,11411.5,11386,11393,31.713,361306.209
1599053580000,11393,11393,11383,11392,12.73,145020.16
1599053640000,11392,11398.5,11392,11398.5,2.03,23138.955
1599053700000,11398.5,11398.5,11391,11391.5,10.286,117172.969
1599053760000,11391.5,11391.5,11379,11385,5.653,64359.405
1599053820000,11385,11385,11356.5,11367,38.69,439789.23
1599053880000,11367,11370,11357,11370,15.923,181044.51
1599053940000,11370,11370,11346,11351,11.531,130888.381
1599054000000,11351,11351.5,11336,11340.5,47.451,538118.0655
1599054060000,11340.5,11377,11340.5,11376.5,10.71,121842.315
1599054120000,11376.5,11388.5,11376.5,11381,6.069,69071.289
1599054180000,11381,11381,11379,11379,1.049,11936.571
1599054240000,11379,11388.5,11379,11386.5,13.182,150096.843
1599054300000,11386.5,11386.5,11375,11375,5.496,62517
1599054360000,11375,11376.5,11373.5,11376.5,8.495,96643.3675
1599054420000,11376.5,11376.5,11376,11376,0.084,955.584
1599054480000,11376,11377,11376,11377,1.7,19340.9
1599054540000,11377,11378,11377,11378,0.999,11366.622
1599054600000,11378,11378.5,11367,11367.5,0.998,11344.765
1599054660000,11367.5,11367.5,11354.5,11356,5.154,58528.824
1599054720000,11356,11356,11349,11349,6.985,79272.765
1599054780000,11349,11349,11342,11343,8.081,91662.783
1599054840000,11343,11349.5,11343,11346,4.504,51102.384
1599054900000,11346,11346,11340.5,11342,4.169,47284.798
1599054960000,11342,11342,11332,11335.5,6.368,72184.464
1599055020000,11335.5,11352,11335.5,11352,3.531,40083.912
1599055080000,11352,11358.5,11352,11355,3.705,42070.275
1599055140000,11355,11355,11355,11355,0,0
1599055200000,11355,11355,11352,11352.5,1.45,16461.125
1599055260000,11352.5,11352.5,11346,11346,2.407,27309.822
1599055320000,11346,11346,11331,11331,7.456,84483.936
1599055380000,11331,11331,11320,11325,8.934,101177.55
1599055440000,11325,11325.5,11325,11325,14.016,158731.2
1599055500000,11325,11328.5,11325,11328.5,2.361,26746.5885
1599055560000,11328.5,11352,11328.5,11352,4.297,48779.544
1599055620000,11352,11363,11352,11363,5.475,62212.425
1599055680000,11363,11370,11363,11366,15.511,176298.026
1599055740000,11366,11375,11366,11375,2.066,23500.75
1599055800000,11375,11377.5,11375,11375,0.553,6290.375
1599055860000,11375,11375.5,11375,11375,2.242,25502.75
1599055920000,11375,11375.5,11372,11373,48.167,547803.291
1599055980000,11373,11373,11373,11373,0,0
1599056040000,11373,11375,11372.5,11375,0.967,10999.625
1599056100000,11375,11375,11374,11374,0.524,5959.976
1599056160000,11374,11374,11374,11374,0.006,68.244
1599056220000,11374,11374.5,11374,11374.5,1.302,14809.599
1599056280000,11374.5,11374.5,11374,11374,0.056,636.944
1599056340000,11374,11374,11362,11362,4.77,54196.74
1599056400000,11362,11362.5,11362,11362.5,0.119,1352.1375
1599056460000,11362.5,11362.5,11360,11360.5,10.713,121705.0365
1599056520000,11360.5,11360.5,11360,11360,2.087,23708.32
1599056580000,11360,11360,11360,11360,0.243,2760.48
1599056640000,11360,11360.5,11360,11360.5,1.001,11371.8605
1599056700000,11360.5,11366.5,11360.5,11366.5,1.404,15958.566
1599056760000,11366.5,11368.5,11366.5,11368,5.155,58602.04
1599056820000,11368,11374.5,11368,11374.5,5.972,67928.514
1599056880000,11374.5,11374.5,11374.5,11374.5,0,0
1599056940000,11374.5,11375,11374.5,11375,0.06,682.5
1599057000000,11375,11375,11363,11363.5,1.72,19545.22
1599057060000,11363.5,11363.5,11350,11350.5,1.505,17082.5025
1599057120000,11350.5,11350.5,11343.5,11347,3.8,43118.6
1599057180000,11347,11347,11335,11335,7.964,90271.94
1599057240000,11335,11335,11332.5,11332.5,2.558,28988.535
1599057300000,11332.5,11332.5,11329,11329,2.11,23904.19
1599057360000,11329,11338,11328,11338,5.568,63129.984
1599057420000,11338,11338,11328,11328,3.055,34607.04
1599057480000,11328,11329.5,11328,11329.5,2.506,28391.727
1599057540000,11329.5,11329.5,11312,11322.5,10.021,113462.7725
1599057600000,11322.5,11323,11320,11320.5,2.014,22799.487
1599057660000,11320.5,11320.5,11300,11302,17.803,201209.506
1599057720000,11302,11303,11300,11303,16.612,187765.436
1599057780000,11303,11328,11303,11327,11.9,134791.3
1599057840000,11327,11328,11327,11328,4.008,45402.624
1599057900000,11328,11328,11319,11319.5,2.903,32860.5085
1599057960000,11319.5,11337,11319.5,11337,5.953,67489.161
1599058020000,11337,11337,11326.5,11327.5,5.488,62165.32
1599058080000,11327.5,11327.5,11317,11318,6.039,68349.402
1599058140000,11318,11321.5,11318,11321.5,0.104,1177.436
1599058200000,11321.5,11321.5,11296,11315.5,9.93,112362.915
1599058260000,11315.5,11316,11309,11311.5,2.582,29206.293
1599058320000,11311.5,11312,11305,11305.5,2.739,30965.7645
1599058380000,11305.5,11305.5,11290,11290.5,18.135,204753.2175
1599058440000,11290.5,11292,11281,11292,15.457,174540.444
1599058500000,11292,11292,11261,11261,33.604,378414.644
1599058560000,11261,11265.5,11243,11265.5,71.901,810000.7155
1599058620000,11265.5,11265.5,11230,11232.5,18.515,207969.7375
1599058680000,11232.5,11245.5,11214,11245.5,23.643,265877.3565
1599058740000,11245.5,11255,11245.5,11255,15.398,173304.49
1599058800000,11255,11282.5,11250.5,11282.5,22.373,252423.3725
1599058860000,11282.5,11283,11282.5,11282.5,5.244,59165.43
1599058920000,11282.5,11286,11282.5,11284,1.814,20469.176
1599058980000,11284,11286.5,11284,11286.5,3.584,40450.816
1599059040000,11286.5,11290,11286,11290,1.106,12486.74
1599059100000,11290,11294,11290,11294,0.471,5319.474
1599059160000,11294,11303,11294,11302.5,7.732,87390.93
1599059220000,11302.5,11308,11294,11304.5,13.621,153978.5945
1599059280000,11304.5,11305,11304.5,11305,1.738,19648.09
1599059340000,11305,11305,11305,11305,0.148,1673.14
1599059400000,11305,11326.5,11305,11326.5,8.441,95606.9865
1599059460000,11326.5,11355,11326.5,11350,27.59,313146.5
1599059520000,11350,11350,11335.5,11338,12.274,139162.612
1599059580000,11338,11348,11338,11347,14.368,163033.696
1599059640000,11347,11347.5,11347,11347.5,0.169,1917.7275
1599059700000,11347.5,11347.5,11347,11347,2.595,29445.465
1599059760000,11347,11347.5,11330,11330,6.808,77134.64
1599059820000,11330,11330.5,11326,11326,3.244,36741.544
1599059880000,11326,11341.5,11326,11341.5,4.681,53089.5615
1599059940000,11341.5,11345,11341.5,11344.5,2.227,25264.2015
1599060000000,11344.5,11344.5,11342.5,11342.5,3.198,36273.315
1599060060000,11342.5,11342.5,11342,11342.5,6.938,78694.265
1599060120000,11342.5,11342.5,11342,11342,1.009,11444.078
1599060180000,11342,11342,11316,11318.5,8.596,97293.826
1599060240000,11318.5,11318.5,11318.5,11318.5,1.089,12325.8465
1599060300000,11318.5,11318.5,11311,11311,3.255,36817.305
1599060360000,11311,11311,11307,11307.5,21.664,244965.68
1599060420000,11307.5,11308,11285.5,11285.5,4.974,56134.077
1599060480000,11285.5,11306.5,11279,11306.5,15.858,179298.477
1599060540000,11306.5,11339.5,11306.5,11339.5,19.535,221517.1325
1599060600000,11339.5,11339.5,11330,11330,0.519,5880.27
1599060660000,11330,11330.5,11324,11324,3.587,40619.188
1599060720000,11324,11340,11322,11340,12.203,138382.02
1599060780000,11340,11345,11340,11345,1.049,11900.905
1599060840000,11345,11354.5,11344.5,11354.5,22.519,255691.9855
1599060900000,11354.5,11359.5,11354.5,11359.5,17.587,199779.5265
1599060960000,11359.5,11359.5,11352,11352,1.924,21841.248
1599061020000,11352,11352.5,11350,11350.5,4.071,46207.8855
1599061080000,11350.5,11350.5,11350,11350,3.601,40871.35
1599061140000,11350,11350.5,11350,11350.5,4.882,55413.141
1599061200000,11350.5,11350.5,11350,11350.5,6.227,70679.5635
1599061260000,11350.5,11350.5,11350.5,11350.5,30.493,346110.7965
1599061320000,11350.5,11350.5,11350.5,11350.5,66.451,754252.0755
1599061380000,11350.5,11354,11350.5,11353.5,30.803,349721.8605
1599061440000,11353.5,11354,11353.5,11353.5,5.314,60332.499
1599061500000,11353.5,11356,11353,11356,9.729,110482.524
1599061560000,11356,11356,11355.5,11356,1.862,21144.872
1599061620000,11356,11356,11355.5,11355.5,3.455,39233.2525
1599061680000,11355.5,11358.5,11355.5,11358.5,6.5,73830.25
1599061740000,11358.5,11358.5,11358,11358,2.674,30371.292
1599061800000,11358,11358.5,11358,11358.5,72.951,828613.9335
1599061860000,11358.5,11358.5,11349,11349,5.935,67356.315
1599061920000,11349,11349,11339.5,11340,10.607,120283.38
1599061980000,11340,11340,11339.5,11339.5,2.471,28019.9045
1599062040000,11339.5,11339.5,11336,11336,5.677,64354.472
1599062100000,11336,11336,11336,11336,0.004,45.344
1599062160000,11336,11336,11336,11336,0.043,487.448
1599062220000,11336,11336.5,11336,11336,0.002,22.672
1599062280000,11336,11346,11336,11346,3.566,40459.836
1599062340000,11346,11346,11346,11346,0.049,555.954
1599062400000,11346,11346,11332,11344.5,6.023,68327.9235
1599062460000,11344.5,11371.5,11344.5,11371.5,61.867,703520.5905
1599062520000,11371.5,11371.5,11366,11366,23.598,268214.868
1599062580000,11366,11366,11319,11327.5,11.888,134661.32
1599062640000,11327.5,11327.5,11294,11326,26.9,304669.4
1599062700000,11326,11338,11326,11335,10.339,117192.565
1599062760000,11335,11335,11316,11321,5.583,63205.143
1599062820000,11321,11322,11315,11320,2.577,29171.64
1599062880000,11320,11320,11315.5,11317,1.663,18820.171
1599062940000,11317,11319,11315,11315,0.86,9730.9
1599063000000,11315,11316,11315,11315.5,0.081,916.5555
1599063060000,11315.5,11315.5,11305,11306.5,4.531,51229.7515
1599063120000,11306.5,11306.5,11306.5,11306.5,0,0
1599063180000,11306.5,11306.5,11300,11302.5,3.185,35998.4625
1599063240000,11302.5,11309,11302.5,11308.5,3.418,38652.453
1599063300000,11308.5,11317,11308.5,11317,3.853,43604.401
1599063360000,11317,11318.5,11311,11311,0.878,9931.058
1599063420000,11311,11311,11302.5,11310,6.439,72825.09
1599063480000,11310,11310,11309.5,11309.5,2.1,23749.95
1599063540000,11309.5,11309.5,11309.5,11309.5,0.855,9669.6225
1599063600000,11309.5,11309.5,11297.5,11298,8.702,98315.196
1599063660000,11298,11298,11294.5,11296,3.102,35040.192
1599063720000,11296,11296,11281.5,11288,17.029,192223.352
1599063780000,11288,11289,11267.5,11279,18.718,211120.322
1599063840000,11279,11281,11267.5,11267.5,8.696,97982.18
1599063900000,11267.5,11274.5,11262,11274.5,14.564,164201.818
1599063960000,11274.5,11286.5,11274.5,11284,6.39,72104.76
1599064020000,11284,11291.5,11284,11291,6.481,73176.971
1599064080000,11291,11300.5,11291,11300,6.082,68726.6
1599064140000,11300,11301.5,11300,11301.5,2.596,29338.694
1599064200000,11301.5,11304.5,11301.5,11304.5,35.065,396392.2925
1599064260000,11304.5,11305,11292,11292.5,6.874,77624.645
1599064320000,11292.5,11295,11292.5,11295,1.703,19235.385
1599064380000,11295,11300,11295,11300,0.408,4610.4
1599064440000,11300,11300,11297,11297,1.536,17352.192
1599064500000,11297,11297,11287,11287,12.847,145004.089
1599064560000,11287,11295,11285,11295,4.93,55684.35
1599064620000,11295,11297,11289,11289,3.232,36486.048
1599064680000,11289,11289,11279,11279,3.392,38258.368
1599064740000,11279,11279,11273,11273.5,3.666,41328.651
1599064800000,11273.5,11275,11273.5,11275,5.203,58663.825
1599064860000,11275,11275,11263.5,11264,2.445,27540.48
1599064920000,11264,11264,11262,11263.5,9.264,104345.064
1599064980000,11263.5,11264,11262,11262.5,3.034,34170.425
1599065040000,11262.5,11277,11262.5,11276.5,4.086,46075.779
1599065100000,11276.5,11285,11276.5,11285,3.667,41382.095
1599065160000,11285,11285,11284.5,11285,0.239,2697.115
1599065220000,11285,11287.5,11284.5,11287.5,2.919,32948.2125
1599065280000,11287.5,11287.5,11287.5,11287.5,3.699,41752.4625
1599065340000,11287.5,11291.5,11287.5,11291.5,1.353,15277.3995
1599065400000,11291.5,11293.5,11291.5,11293.5,3.404,38443.074
1599065460000,11293.5,11293.5,11293,11293,0.055,621.115
1599065520000,11293,11299.5,11293,11299.5,2.645,29887.1775
1599065580000,11299.5,11300.5,11299.5,11300.5,0.57,6441.285
1599065640000,11300.5,11300.5,11300,11300,0.133,1502.9
1599065700000,11300,11301,11300,11301,0.009,101.709
1599065760000,11301,11310.5,11300.5,11310.5,3.874,43816.877
1599065820000,11310.5,11310.5,11304,11304,7.168,81027.072
1599065880000,11304,11315,11304,11315,9.442,106836.23
1599065940000,11315,11315,11315,11315,0,0
1599066000000,11315,11315,11315,11315,0.002,22.63
1599066060000,11315,11315,11308,11308,1.711,19347.988
1599066120000,11308,11308,11308,11308,0.568,6422.944
1599066180000,11308,11308.5,11301.5,11301.5,5.315,60067.4725
1599066240000,11301.5,11305,11297,11305,11.75,132833.75
1599066300000,11305,11305,11305,11305,0.01,113.05
1599066360000,11305,11318.5,11305,11318.5,6.289,71182.0465
1599066420000,11318.5,11319,11318.5,11318.5,0.017,192.4145
1599066480000,11318.5,11321,11318.5,11320.5,2.516,28482.378
1599066540000,11320.5,11323,11320.5,11322.5,7.493,84839.4925
1599066600000,11322.5,11322.5,11322.5,11322.5,0,0
1599066660000,11322.5,11323,11322.5,11323,1.535,17380.805
1599066720000,11323,11323,11323,11323,0,0
1599066780000,11323,11323,11322.5,11323,1.14,12908.22
1599066840000,11323,11323,11323,11323,0.024,271.752
1599066900000,11323,11323.5,11323,11323.5,0.001,11.3235
1599066960000,11323.5,11324,11323.5,11324,0.001,11.324
1599067020000,11324,11324,11323.5,11323.5,0.483,5469.2505
1599067080000,11323.5,11330,11323.5,11330,2.549,28880.17
1599067140000,11330,11330,11330,11330,0.745,8440.85
1599067200000,11330,11336,11330,11335.5,1.677,19009.6335
1599067260000,11335.5,11340.5,11335.5,11340.5,5.297,60070.6285
1599067320000,11340.5,11340.5,11339,11339.5,1.395,15818.6025
1599067380000,11339.5,11339.5,11339.5,11339.5,5.5,62367.25
1599067440000,11339.5,11339.5,11339.5,11339.5,0.2,2267.9
1599067500000,11339.5,11339.5,11339.5,11339.5,0.1,1133.95
1599067560000,11339.5,11339.5,11339.5,11339.5,3,34018.5
1599067620000,11339.5,11340,11339.5,11339.5,0.202,2290.579
1599067680000,11339.5,11341,11339.5,11341,0.015,170.115
1599067740000,11341,11341,11340.5,11341,0.101,1145.441
1599067800000,11341,11344,11341,11343.5,6.264,71055.684
1599067860000,11343.5,11343.5,11343.5,11343.5,0,0
1599067920000,11343.5,11347,11343.5,11347,0.87,9871.89
1599067980000,11347,11355,11346.5,11355,15.016,170506.68
1599068040000,11355,11355,11355,11355,0.303,3440.565
1599068100000,11355,11355,11354.5,11355,0.62,7040.1
1599068160000,11355,11355,11354.5,11355,1.106,12558.63
1599068220000,11355,11355,11354.5,11355,0.502,5700.21
1599068280000,11355,11355,11355,11355,0,0
1599068340000,11355,11355.5,11355,11355.5,3,34066.5
1599068400000,11355.5,11358.5,11355.5,11358.5,0.987,11210.8395
1599068460000,11358.5,11362,11358.5,11362,3.148,35767.576
1599068520000,11362,11364,11362,11364,0.286,3250.104
1599068580000,11364,11364,11363.5,11363.5,0.07,795.445
1599068640000,11363.5,11363.5,11363.5,11363.5,0.65,7386.275
1599068700000,11363.5,11364,11354,11354,4.162,47255.348
1599068760000,11354,11355,11354,11355,0.905,10276.275
1599068820000,11355,11356,11355,11355.5,0.002,22.711
1599068880000,11355.5,11355.5,11350,11350,1.033,11724.55
1599068940000,11350,11350,11350,11350,0,0
1599069000000,11350,11350,11348.5,11348.5,10.075,114336.1375
1599069060000,11348.5,11356,11348.5,11356,1.038,11787.528
1599069120000,11356,11356.5,11356,11356.5,0.046,522.399
1599069180000,11356.5,11357,11356.5,11357,0.1,1135.7
1599069240000,11357,11357,11356.5,11357,0.141,1601.337
1599069300000,11357,11357,11357,11357,0,0
1599069360000,11357,11357,11357,11357,0,0
1599069420000,11357,11357,11356.5,11356.5,0.002,22.713
1599069480000,11356.5,11358.5,11356.5,11358.5,0.827,9393.4795
1599069540000,11358.5,11360.5,11358.5,11360,5.775,65604
1599069600000,11360,11361.5,11360,11361.5,1.566,17792.109
1599069660000,11361.5,11362,11361.5,11362,3.335,37892.27
1599069720000,11362,11362,11362,11362,0.01,113.62
1599069780000,11362,11362,11357,11357,3.984,45246.288
1599069840000,11357,11357,11348.5,11348.5,5.184,58830.624
1599069900000,11348.5,11348.5,11348,11348,1.546,17544.008
1599069960000,11348,11348,11348,11348,0.001,11.348
1599070020000,11348,11348.5,11341,11341,9.173,104030.993
1599070080000,11341,11341,11339,11339,0.389,4410.871
1599070140000,11339,11339,11338.5,11338.5,0.35,3968.475
1599070200000,11338.5,11338.5,11338.5,11338.5,0,0
1599070260000,11338.5,11338.5,11338.5,11338.5,0.11,1247.235
1599070320000,11338.5,11343,11338.5,11343,5.057,57361.551
1599070380000,11343,11346,11343,11346,0.271,3074.766
1599070440000,11346,11353.5,11346,11353.5,6.621,75171.5235
1599070500000,11353.5,11354,11353.5,11354,0.03,340.62
1599070560000,11354,11355,11354,11355,0.217,2464.035
1599070620000,11355,11355,11354.5,11355,0.103,1169.565
1599070680000,11355,11357,11355,11356.5,0.661,7506.6465
1599070740000,11356.5,11356.5,11356.5,11356.5,0,0
1599070800000,11356.5,11356.5,11356.5,11356.5,0.17,1930.605
1599070860000,11356.5,11357,11356.5,11357,0.013,147.641
1599070920000,11357,11357,11357,11357,0,0
1599070980000,11357,11357,11357,11357,0,0
1599071040000,11357,11357,11356.5,11356.5,0.669,7597.4985
1599071100000,11356.5,11357,11356.5,11357,1.66,18852.62
1599071160000,11357,11357,11357,11357,0,0
1599071220000,11357,11357,11356.5,11356.5,0.002,22.713
1599071280000,11356.5,11357,11356.5,11357,3.143,35695.051
1599071340000,11357,11368,11357,11368,3.608,41015.744
1599071400000,11368,11368,11368,11368,0.212,2410.016
1599071460000,11368,11379,11368,11378.5,17.291,196745.6435
1599071520000,11378.5,11394.5,11378.5,11391,21.642,246524.022
1599071580000,11391,11391.5,11390.5,11391.5,1.899,21632.4585
1599071640000,11391.5,11394.5,11391.5,11393,4.104,46756.872
1599071700000,11393,11393,11393,11393,3,34179
1599071760000,11393,11393.5,11393,11393.5,0.241,2745.8335
1599071820000,11393.5,11393.5,11390,11390.5,0.22,2505.91
1599071880000,11390.5,11390.5,11390.5,11390.5,0,0
1599071940000,11390.5,11390.5,11390.5,11390.5,0.5,5695.25
1599072000000,11390.5,11390.5,11390.5,11390.5,0.162,1845.261
1599072060000,11390.5,11390.5,11389,11389,0.184,2095.576
1599072120000,11389,11389,11383,11383.5,2.228,25362.438
1599072180000,11383.5,11383.5,11381.5,11381.5,1.478,16821.857
1599072240000,11381.5,11381.5,11378.5,11378.5,2.744,31222.604
1599072300000,11378.5,11378.5,11378.5,11378.5,0.015,170.6775
1599072360000,11378.5,11378.5,11378.5,11378.5,0.001,11.3785
1599072420000,11378.5,11383,11378,11383,1.312,14934.496
1599072480000,11383,11385.5,11383,11385.5,0.233,2652.8215
1599072540000,11385.5,11385.5,11385.5,11385.5,0,0
1599072600000,11385.5,11387,11385.5,11387,2.5,28467.5
1599072660000,11387,11387,11387,11387,0,0
1599072720000,11387,11389,11387,11389,0.7,7972.3
1599072780000,11389,11392.5,11389,11392.5,3.025,34462.3125
1599072840000,11392.5,11392.5,11392.5,11392.5,0.118,1344.315
1599072900000,11392.5,11392.5,11392.5,11392.5,0.94,10708.95
1599072960000,11392.5,11392.5,11392.5,11392.5,0,0
1599073020000,11392.5,11393.5,11392,11393.5,0.678,7724.793
1599073080000,11393.5,11396,11393.5,11396,0.699,7965.804
1599073140000,11396,11396.5,11396,11396,0.412,4695.152
1599073200000,11396,11396,11396,11396,0.68,7749.28
1599073260000,11396,11396,11390,11390,0.68,7745.2
1599073320000,11390,11390,11387,11387.5,1.353,15407.2875
1599073380000,11387.5,11387.5,11387.5,11387.5,1.593,18140.2875
1599073440000,11387.5,11387.5,11387.5,11387.5,0,0
1599073500000,11387.5,11387.5,11387.5,11387.5,0,0
1599073560000,11387.5,11387.5,11387,11387,0.6,6832.2
1599073620000,11387,11387.5,11387,11387,0.002,22.774
1599073680000,11387,11387,11387,11387,0,0
1599073740000,11387,11387,11386.5,11386.5,1.101,12536.5365
1599073800000,11386.5,11386.5,11381,11381,1.229,13987.249
1599073860000,11381,11381,11376.5,11376.5,2.24,25483.36
1599073920000,11376.5,11377,11376.5,11377,0.956,10876.412
1599073980000,11377,11382.5,11377,11382.5,3.453,39303.7725
1599074040000,11382.5,11382.5,11382.5,11382.5,1,11382.5
1599074100000,11382.5,11382.5,11382.5,11382.5,0,0
1599074160000,11382.5,11387.5,11382.5,11387.5,3.985,45379.1875
1599074220000,11387.5,11393,11387,11393,5.335,60781.655
1599074280000,11393,11393,11393,11393,0,0
1599074340000,11393,11394.5,11393,11394.5,0.712,8112.884
1599074400000,11394.5,11397,11394.5,11397,1.265,14417.205
1599074460000,11397,11397,11397,11397,0.004,45.588
1599074520000,11397,11399,11396.5,11399,1.809,20620.791
1599074580000,11399,11402.5,11399,11402.5,4.467,50934.9675
1599074640000,11402.5,11402.5,11402.5,11402.5,0.353,4025.0825
1599074700000,11402.5,11402.5,11402.5,11402.5,0,0
1599074760000,11402.5,11408,11402.5,11408,3.281,37429.648
1599074820000,11408,11409,11407,11407.5,6.437,73430.0775
1599074880000,11407.5,11407.5,11407,11407,0.475,5418.325
1599074940000,11407,11407,11399,11399,1.316,15001.084
1599075000000,11399,11399,11396,11396,1.168,13310.528
1599075060000,11396,11396,11378.5,11378.5,7.656,87113.796
1599075120000,11378.5,11378.5,11362,11366.5,6.215,70642.7975
1599075180000,11366.5,11366.5,11360,11360,2.107,23935.52
1599075240000,11360,11364,11360,11364,2.3,26137.2
1599075300000,11364,11364,11356.5,11356.5,2.404,27301.026
1599075360000,11356.5,11357,11356.5,11356.5,1.609,18272.6085
1599075420000,11356.5,11357,11356.5,11356.5,0.002,22.713
1599075480000,11356.5,11356.5,11356.5,11356.5,0,0
1599075540000,11356.5,11364.5,11356.5,11364.5,2.451,27854.3895
1599075600000,11364.5,11371,11364.5,11371,4.059,46154.889
1599075660000,11371,11371,11371,11371,0.009,102.339
1599075720000,11371,11372,11371,11372,0.406,4617.032
1599075780000,11372,11372,11371.5,11371.5,0.747,8494.5105
1599075840000,11371.5,11371.5,11369.5,11369.5,1.45,16485.775
1599075900000,11369.5,11369.5,11369.5,11369.5,0,0
1599075960000,11369.5,11369.5,11368.5,11368.5,0.125,1421.0625
1599076020000,11368.5,11370.5,11368,11370.5,1.002,11393.241
1599076080000,11370.5,11379.5,11370.5,11379.5,3.032,34502.644
1599076140000,11379.5,11379.5,11379.5,11379.5,0,0
1599076200000,11379.5,11380.5,11379.5,11380.5,0.01,113.805
1599076260000,11380.5,11380.5,11380.5,11380.5,0,0
1599076320000,11380.5,11380.5,11380.5,11380.5,0,0
1599076380000,11380.5,11380.5,11377.5,11377.5,0.224,2548.56
1599076440000,11377.5,11380.5,11377.5,11380.5,0.106,1206.333
1599076500000,11380.5,11391,11380,11391,2.241,25527.231
1599076560000,11391,11393,11391,11392.5,0.74,8430.45
1599076620000,11392.5,11393,11392.5,11393,0.003,34.179
1599076680000,11393,11394,11393,11394,0.032,364.608
1599076740000,11394,11394,11393.5,11394,2.248,25613.712
1599076800000,11394,11394,11375,11375,5.317,60480.875
1599076860000,11375,11375.5,11375,11375,5.89,66998.75
1599076920000,11375,11375,11375,11375,5,56875
1599076980000,11375,11375.5,11375,11375.5,0.1,1137.55
1599077040000,11375.5,11375.5,11375,11375,0.01,113.75
1599077100000,11375,11375,11370,11370,1.861,21159.57
1599077160000,11370,11370,11370,11370,4.517,51358.29
1599077220000,11370,11370,11369,11369.5,0.102,1159.689
1599077280000,11369.5,11369.5,11356,11360.5,13.021,147925.0705
1599077340000,11360.5,11362,11360.5,11362,0.188,2136.056
1599077400000,11362,11362,11362,11362,0.2,2272.4
1599077460000,11362,11362,11360,11360,5.109,58038.24
1599077520000,11360,11360,11360,11360,0,0
1599077580000,11360,11360,11359.5,11360,0.2,2272
1599077640000,11360,11360,11360,11360,3.916,44485.76
1599077700000,11360,11360,11359.5,11359.5,0.309,3510.0855
1599077760000,11359.5,11361,11359.5,11361,0.01,113.61
1599077820000,11361,11362.5,11360.5,11362.5,1.681,19100.3625
1599077880000,11362.5,11362.5,11359.5,11359.5,5.01,56911.095
1599077940000,11359.5,11359.5,11343,11343,5.502,62409.186
1599078000000,11343,11343.5,11342,11342.5,0.123,1395.1275
1599078060000,11342.5,11342.5,11329,11331.5,11.283,127853.3145
1599078120000,11331.5,11331.5,11331,11331,1.927,21834.837
1599078180000,11331,11331.5,11331,11331.5,0.024,271.956
1599078240000,11331.5,11335,11331.5,11335,0.269,3049.115
1599078300000,11335,11346.5,11335,11343.5,3.181,36083.6735
1599078360000,11343.5,11343.5,11343,11343,0.009,102.087
1599078420000,11343,11343.5,11324,11324,6.482,73402.168
1599078480000,11324,11324.5,11311.5,11318.5,10.326,116874.831
1599078540000,11318.5,11322,11318.5,11321.5,1.773,20073.0195
1599078600000,11321.5,11328,11321.5,11328,2.036,23063.808
1599078660000,11328,11337.5,11328,11337.5,4.268,48388.45
1599078720000,11337.5,11338,11337.5,11338,4.21,47732.98
1599078780000,11338,11339,11338,11339,0.234,2653.326
1599078840000,11339,11339,11339,11339,0,0
1599078900000,11339,11346,11338.5,11346,3.474,39416.004
1599078960000,11346,11346,11346,11346,0.1,1134.6
1599079020000,11346,11346,11345.5,11345.5,2.721,30871.1055
1599079080000,11345.5,11346,11345.5,11346,1.689,19163.394
1599079140000,11346,11346,11346,11346,0,0
1599079200000,11346,11348,11346,11347.5,1.207,13696.4325
1599079260000,11347.5,11348,11347.5,11348,0.01,113.48
1599079320000,11348,11348,11348,11348,0,0
1599079380000,11348,11348,11342,11342,1.836,20823.912
1599079440000,11342,11342,11338,11338.5,6.837,77521.3245
1599079500000,11338.5,11340,11338.5,11339.5,1.043,11827.0985
1599079560000,11339.5,11355,11339.5,11354.5,9.4,106732.3
1599079620000,11354.5,11360,11354.5,11359.5,3.339,37929.3705
1599079680000,11359.5,11360,11359.5,11360,0.346,3930.56
1599079740000,11360,11360,11359.5,11359.5,0.02,227.19
1599079800000,11359.5,11359.5,11359.5,11359.5,0,0
1599079860000,11359.5,11360,11359.5,11360,1.078,12246.08
1599079920000,11360,11360,11357,11357,1.05,11924.85
1599079980000,11357,11357,11357,11357,0,0
1599080040000,11357,11357,11356,11356,0.173,1964.588
1599080100000,11356,11356,11356,11356,0,0
1599080160000,11356,11357,11356,11356.5,1.326,15058.719
1599080220000,11356.5,11358,11356.5,11358,0.031,352.098
1599080280000,11358,11360,11358,11360,1.612,18312.32
1599080340000,11360,11360,11360,11360,0,0
1599080400000,11360,11360,11356,11356.5,0.85,9653.025
1599080460000,11356.5,11356.5,11353,11353,0.871,9888.463
1599080520000,11353,11353,11350,11350,2.498,28352.3
1599080580000,11350,11350,11350,11350,0,0
1599080640000,11350,11350,11350,11350,0.119,1350.65
1599080700000,11350,11350.5,11350,11350.5,0.065,737.7825
1599080760000,11350.5,11354,11350.5,11354,0.964,10945.256
1599080820000,11354,11356,11354,11355.5,2.149,24402.9695
1599080880000,11355.5,11355.5,11355.5,11355.5,0,0
1599080940000,11355.5,11355.5,11355.5,11355.5,0,0
1599081000000,11355.5,11355.5,11355.5,11355.5,0,0
1599081060000,11355.5,11356,11355.5,11355.5,0.3,3406.65
1599081120000,11355.5,11356,11355.5,11356,0.25,2839
1599081180000,11356,11356,11356,11356,0.25,2839
1599081240000,11356,11356,11356,11356,0,0
1599081300000,11356,11356,11354,11354.5,0.105,1192.2225
1599081360000,11354.5,11354.5,11354.5,11354.5,0,0
1599081420000,11354.5,11356,11354.5,11356,0.277,3145.612
1599081480000,11356,11356,11356,11356,0,0
1599081540000,11356,11358,11356,11358,0.4,4543.2
1599081600000,11358,11358,11358,11358,0,0
1599081660000,11358,11358,11358,11358,0,0
1599081720000,11358,11358,11358,11358,0,0
1599081780000,11358,11358,11358,11358,0,0
1599081840000,11358,11358,11358,11358,0.296,3361.968
1599081900000,11358,11358,11358,11358,0.292,3316.536
1599081960000,11358,11360,11358,11359.5,0.49,5566.155
1599082020000,11359.5,11370,11359.5,11370,2.153,24479.61
1599082080000,11370,11377,11370,11377,2.065,23493.505
1599082140000,11377,11377,11376.5,11377,1.145,13026.665
1599082200000,11377,11377,11376.5,11376.5,0.511,5813.3915
1599082260000,11376.5,11377,11376.5,11377,0.04,455.08
1599082320000,11377,11377,11375,11375,0.15,1706.25
1599082380000,11375,11375,11374.5,11374.5,1.361,15480.6945
1599082440000,11374.5,11374.5,11374.5,11374.5,0,0
1599082500000,11374.5,11374.5,11374,11374,0.02,227.48
1599082560000,11374,11374.5,11374,11374.5,0.501,5698.6245
1599082620000,11374.5,11374.5,11374,11374,0.002,22.748
1599082680000,11374,11374,11374,11374,0,0
1599082740000,11374,11374,11374,11374,0.06,682.44
1599082800000,11374,11374,11374,11374,0,0
1599082860000,11374,11374,11374,11374,0,0
1599082920000,11374,11374.5,11374,11374.5,0.01,113.745
1599082980000,11374.5,11374.5,11374,11374,0.01,113.74
1599083040000,11374,11374,11374,11374,0,0
1599083100000,11374,11374,11374,11374,0.035,398.09
1599083160000,11374,11374.5,11374,11374,0.082,932.668
1599083220000,11374,11374.5,11368,11368,6.611,75153.848
1599083280000,11368,11368,11368,11368,0,0
1599083340000,11368,11368,11364.5,11364.5,2.276,25865.602
1599083400000,11364.5,11364.5,11364.5,11364.5,0.01,113.645
1599083460000,11364.5,11364.5,11364,11364,0.522,5932.008
1599083520000,11364,11364,11364,11364,0,0
1599083580000,11364,11364,11364,11364,0,0
1599083640000,11364,11364,11364,11364,0,0
1599083700000,11364,11364,11364,11364,0,0
1599083760000,11364,11364,11364,11364,0,0
1599083820000,11364,11369,11364,11369,1.366,15530.054
1599083880000,11369,11369,11368.5,11368.5,0.013,147.7905
1599083940000,11368.5,11370,11368.5,11370,1.393,15838.41
1599084000000,11370,11373,11370,11373,0.184,2092.632
1599084060000,11373,11375,11373,11374.5,0.128,1455.936
1599084120000,11374.5,11377,11374.5,11377,0.861,9795.597
1599084180000,11377,11377,11377,11377,0.624,7099.248
1599084240000,11377,11377,11376.5,11376.5,1.574,17906.611
1599084300000,11376.5,11376.5,11376.5,11376.5,0.138,1569.957
1599084360000,11376.5,11377,11376.5,11377,0.013,147.901
1599084420000,11377,11377,11376.5,11376.5,0.304,3458.456
1599084480000,11376.5,11376.5,11376.5,11376.5,0,0
1599084540000,11376.5,11377,11376.5,11377,0.229,2605.333
1599084600000,11377,11388.5,11377,11387,10.827,123287.049
1599084660000,11387,11387,11387,11387,0.029,330.223
1599084720000,11387,11387,11386.5,11386.5,1.328,15121.272
1599084780000,11386.5,11387,11386.5,11387,0.1,1138.7
1599084840000,11387,11387,11387,11387,0,0
1599084900000,11387,11387,11387,11387,0.1,1138.7
1599084960000,11387,11387,11381,11381.5,0.596,6783.374
1599085020000,11381.5,11381.5,11379,11379.5,0.121,1376.9195
1599085080000,11379.5,11379.5,11377.5,11377.5,0.223,2537.1825
1599085140000,11377.5,11383,11377.5,11383,4.136,47080.088
1599085200000,11383,11388.5,11383,11388.5,1.56,17766.06
1599085260000,11388.5,11403,11388.5,11403,7.406,84450.618
1599085320000,11403,11403,11401,11401,0.109,1242.709
1599085380000,11401,11401.5,11401,11401.5,0.131,1493.5965
1599085440000,11401.5,11401.5,11401.5,11401.5,0.03,342.045
1599085500000,11401.5,11401.5,11401.5,11401.5,0,0
1599085560000,11401.5,11402,11401.5,11402,0.557,6350.914
1599085620000,11402,11404.5,11402,11404.5,0.176,2007.192
1599085680000,11404.5,11406,11404.5,11405.5,1.523,17370.5765
1599085740000,11405.5,11411.5,11405.5,11411.5,3.889,44379.3235
1599085800000,11411.5,11414,11411.5,11414,0.55,6277.7
1599085860000,11414,11414,11413,11413.5,0.186,2122.911
1599085920000,11413.5,11413.5,11413.5,11413.5,0.011,125.5485
1599085980000,11413.5,11413.5,11413.5,11413.5,0,0
1599086040000,11413.5,11413.5,11409.5,11409.5,7.919,90351.8305
1599086100000,11409.5,11420,11409.5,11417.5,3.679,42004.9825
1599086160000,11417.5,11418.5,11417.5,11418.5,0.492,5617.902
1599086220000,11418.5,11418.5,11418,11418.5,0.157,1792.7045
1599086280000,11418.5,11422,11418.5,11422,5.565,63563.43
1599086340000,11422,11422.5,11422,11422.5,0.69,7881.525
1599086400000,11422.5,11422.5,11422,11422.5,0.171,1953.2475
1599086460000,11422.5,11422.5,11415,11415,0.317,3618.555
1599086520000,11415,11415.5,11415,11415,0.209,2385.735
1599086580000,11415,11415,11408,11408.5,3.836,43763.006
1599086640000,11408.5,11408.5,11408.5,11408.5,0,0
1599086700000,11408.5,11421.5,11408.5,11421.5,2.362,26977.583
1599086760000,11421.5,11423.5,11421.5,11423,3.346,38221.358
1599086820000,11423,11428,11423,11428,5.415,61882.62
1599086880000,11428,11434,11427.5,11434,1.79,20466.86
1599086940000,11434,11436,11434,11436,2.611,29859.396
1599087000000,11436,11436,11431.5,11431.5,0.346,3955.299
1599087060000,11431.5,11435,11431.5,11431.5,50.424,576421.956
1599087120000,11431.5,11432,11431.5,11432,0.028,320.096
1599087180000,11432,11432,11431.5,11431.5,0.036,411.534
1599087240000,11431.5,11431.5,11431.5,11431.5,0,0
1599087300000,11431.5,11432,11431.5,11432,0.86,9831.52
1599087360000,11432,11432,11432,11432,0.014,160.048
1599087420000,11432,11432,11431.5,11432,0.202,2309.264
1599087480000,11432,11432,11431.5,11431.5,0.3,3429.45
1599087540000,11431.5,11432,11431.5,11431.5,1.007,11511.5205
1599087600000,11431.5,11431.5,11431.5,11431.5,0.1,1143.15
1599087660000,11431.5,11431.5,11426.5,11426.5,4.625,52847.5625
1599087720000,11426.5,11426.5,11423.5,11423.5,0.1,1142.35
1599087780000,11423.5,11423.5,11422.5,11422.5,0.102,1165.095
1599087840000,11422.5,11422.5,11422.5,11422.5,0,0
1599087900000,11422.5,11422.5,11422.5,11422.5,0.05,571.125
1599087960000,11422.5,11422.5,11419,11419,0.762,8701.278
1599088020000,11419,11419,11417,11417,0.175,1997.975
1599088080000,11417,11417,11415.5,11415.5,0.015,171.2325
1599088140000,11415.5,11415.5,11415.5,11415.5,1.833,20924.6115
1599088200000,11415.5,11415.5,11415.5,11415.5,0.03,342.465
1599088260000,11415.5,11416,11415.5,11416,0.109,1244.344
1599088320000,11416,11416,11416,11416,0,0
1599088380000,11416,11416,11413.5,11414,1.631,18616.234
1599088440000,11414,11416,11414,11415.5,1.337,15262.5235
1599088500000,11415.5,11415.5,11415,11415,1.3,14839.5
1599088560000,11415,11415.5,11415,11415.5,0.812,9269.386
1599088620000,11415.5,11415.5,11415,11415,0.002,22.83
1599088680000,11415,11415,11414,11414,0.252,2876.328
1599088740000,11414,11414,11410,11410,15.541,177322.81
1599088800000,11410,11410,11410,11410,0,0
1599088860000,11410,11411,11410,11411,1.575,17972.325
1599088920000,11411,11413,11407,11413,100.83,1150772.79
1599088980000,11413,11413,11413,11413,0.12,1369.56
1599089040000,11413,11418,11413,11418,2.086,23817.948
1599089100000,11418,11419,11417.5,11419,1.983,22643.877
1599089160000,11419,11420,11419,11420,1.138,12995.96
1599089220000,11420,11420,11419.5,11419.5,0.002,22.839
1599089280000,11419.5,11419.5,11408,11408,49.076,559859.008
1599089340000,11408,11413,11408,11413,0.2,2282.6
1599089400000,11413,11415.5,11413,11415.5,0.205,2340.1775
1599089460000,11415.5,11415.5,11415.5,11415.5,0,0
1599089520000,11415.5,11417,11415.5,11417,0.004,45.668
1599089580000,11417,11417,11411.5,11411.5,0.626,7143.599
1599089640000,11411.5,11411.5,11411.5,11411.5,0,0
1599089700000,11411.5,11411.5,11409.5,11409.5,6.524,74435.578
1599089760000,11409.5,11409.5,11409.5,11409.5,0.2,2281.9
1599089820000,11409.5,11409.5,11409,11409.5,0.548,6252.406
1599089880000,11409.5,11409.5,11409,11409,0.036,410.724
1599089940000,11409,11409,11405,11405,0.777,8861.685
1599090000000,11405,11405,11404,11404,0.27,3079.08
1599090060000,11404,11404,11403.5,11403.5,0.15,1710.525
1599090120000,11403.5,11403.5,11403.5,11403.5,0.3,3421.05
1599090180000,11403.5,11406.5,11403.5,11406.5,3.591,40960.7415
1599090240000,11406.5,11412.5,11406.5,11412.5,2.739,31258.8375
1599090300000,11412.5,11412.5,11405,11405.5,1.182,13481.301
1599090360000,11405.5,11405.5,11405.5,11405.5,0,0
1599090420000,11405.5,11405.5,11404.5,11404.5,0.219,2497.5855
1599090480000,11404.5,11404.5,11403.5,11404,0.948,10810.992
1599090540000,11404,11407,11404,11407,0.545,6216.815
1599090600000,11407,11407,11406.5,11406.5,0.043,490.4795
1599090660000,11406.5,11406.5,11406.5,11406.5,2,22813
1599090720000,11406.5,11407,11406.5,11407,0.027,307.989
1599090780000,11407,11407,11406.5,11406.5,3.75,42774.375
1599090840000,11406.5,11406.5,11403,11403,4.963,56593.089
1599090900000,11403,11403,11402,11402,2.886,32906.172
1599090960000,11402,11402,11391,11391,5.465,62251.815
1599091020000,11391,11391,11378.5,11383.5,9.48,107915.58
1599091080000,11383.5,11386.5,11383.5,11386.5,1.071,12194.9415
1599091140000,11386.5,11388.5,11386.5,11388.5,1.132,12891.782
1599091200000,11388.5,11388.5,11381,11381,10.857,123563.517
1599091260000,11381,11381,11379,11379,1.63,18547.77
1599091320000,11379,11379.5,11365,11365,9.113,103569.245
1599091380000,11365,11371.5,11365,11371.5,5.79,65840.985
1599091440000,11371.5,11372.5,11370,11370,4.05,46048.5
1599091500000,11370,11370,11368.5,11368.5,0.132,1500.642
1599091560000,11368.5,11371,11368,11371,1.155,13133.505
1599091620000,11371,11371.5,11371,11371,0.004,45.484
1599091680000,11371,11376.5,11371,11376.5,7.197,81876.6705
1599091740000,11376.5,11387,11376.5,11387,2.958,33682.746
1599091800000,11387,11390.5,11387,11390,1.476,16811.64
1599091860000,11390,11390.5,11390,11390.5,0.447,5091.5535
1599091920000,11390.5,11399,11390.5,11399,2.718,30982.482
1599091980000,11399,11399,11399,11399,0.12,1367.88
1599092040000,11399,11399,11398.5,11399,2.121,24177.279
1599092100000,11399,11399,11398.5,11399,6.5,74093.5
1599092160000,11399,11399,11399,11399,0,0
1599092220000,11399,11401,11398.5,11401,1.333,15197.533
1599092280000,11401,11408,11401,11408,7.556,86198.848
1599092340000,11408,11410,11408,11410,0.531,6058.71
1599092400000,11410,11410,11410,11410,0,0
1599092460000,11410,11410,11410,11410,0,0
1599092520000,11410,11411,11410,11411,5.131,58549.841
1599092580000,11411,11412.5,11411,11412.5,0.65,7418.125
1599092640000,11412.5,11414,11412.5,11414,0.435,4965.09
1599092700000,11414,11417,11414,11416.5,5.502,62813.583
1599092760000,11416.5,11416.5,11407,11407,13.677,156013.539
1599092820000,11407,11414,11407,11414,1.087,12407.018
1599092880000,11414,11415,11414,11415,0.11,1255.65
1599092940000,11415,11416.5,11415,11416.5,0.245,2797.0425
1599093000000,11416.5,11418.5,11416.5,11418.5,1.945,22208.9825
1599093060000,11418.5,11442,11418.5,11434.5,17.234,197062.173
1599093120000,11434.5,11435,11434.5,11435,0.121,1383.635
1599093180000,11435,11438,11435,11437.5,0.162,1852.875
1599093240000,11437.5,11437.5,11432.5,11432.5,2.292,26203.29
1599093300000,11432.5,11437,11432.5,11433.5,2.004,22912.734
1599093360000,11433.5,11433.5,11424.5,11424.5,5.385,61520.9325
1599093420000,11424.5,11424.5,11424,11424,0.002,22.848
1599093480000,11424,11424.5,11424,11424.5,1.014,11584.443
1599093540000,11424.5,11426,11424.5,11426,0.15,1713.9
1599093600000,11426,11426,11426,11426,0.06,685.56
1599093660000,11426,11426,11424,11424,0.6,6854.4
1599093720000,11424,11424,11422,11422,1.731,19771.482
1599093780000,11422,11422,11422,11422,0.002,22.844
1599093840000,11422,11422,11419,11419,0.8,9135.2
1599093900000,11419,11419,11419,11419,0,0
1599093960000,11419,11419,11419,11419,0.4,4567.6
1599094020000,11419,11426,11419,11426,2.286,26119.836
1599094080000,11426,11430,11426,11430,1.006,11498.58
1599094140000,11430,11434.5,11430,11434.5,1.582,18089.379
1599094200000,11434.5,11434.5,11434.5,11434.5,0,0
1599094260000,11434.5,11434.5,11434,11434,0.25,2858.5
1599094320000,11434,11434.5,11428,11428,6.857,78361.796
1599094380000,11428,11428.5,11428,11428.5,0.01,114.285
1599094440000,11428.5,11428.5,11424,11424,1.261,14405.664
1599094500000,11424,11426,11424,11426,2.386,27262.436
1599094560000,11426,11427,11426,11426.5,6.035,68958.9275
1599094620000,11426.5,11427,11426.5,11426.5,0.003,34.2795
1599094680000,11426.5,11426.5,11424,11424,3.568,40760.832
1599094740000,11424,11424,11415.5,11415.5,3.645,41609.4975
1599094800000,11415.5,11418.5,11415.5,11418.5,0.716,8175.646
1599094860000,11418.5,11418.5,11414.5,11414.5,5.386,61478.497
1599094920000,11414.5,11414.5,11412.5,11412.5,1.002,11435.325
1599094980000,11412.5,11412.5,11410,11410,8.325,94988.25
1599095040000,11410,11410,11410,11410,0,0
1599095100000,11410,11410,11408,11408,0.353,4027.024
1599095160000,11408,11408,11408,11408,0.01,114.08
1599095220000,11408,11408.5,11408,11408.5,0.152,1734.092
1599095280000,11408.5,11408.5,11408.5,11408.5,0,0
1599095340000,11408.5,11408.5,11407.5,11407.5,1.077,12285.8775
1599095400000,11407.5,11407.5,11398.5,11398.5,7.815,89079.2775
1599095460000,11398.5,11398.5,11398.5,11398.5,0,0
1599095520000,11398.5,11398.5,11387.5,11388.5,3.793,43196.5805
1599095580000,11388.5,11388.5,11388.5,11388.5,0.01,113.885
1599095640000,11388.5,11391,11388.5,11391,1.01,11504.91
1599095700000,11391,11392,11391,11392,0.659,7507.328
1599095760000,11392,11395,11391.5,11395,3.119,35541.005
1599095820000,11395,11395.5,11395,11395,1.632,18596.64
1599095880000,11395,11395,11395,11395,1.593,18152.235
1599095940000,11395,11395.5,11395,11395.5,0.059,672.3345
1599096000000,11395.5,11395.5,11395,11395,0.55,6267.25
1599096060000,11395,11395,11387.5,11387.5,5.788,65910.85
1599096120000,11387.5,11387.5,11385,11385,1.066,12136.41
1599096180000,11385,11389,11385,11389,2.254,25670.806
1599096240000,11389,11389,11389,11389,0,0
1599096300000,11389,11397,11389,11396.5,0.784,8934.856
1599096360000,11396.5,11402.5,11396.5,11402.5,2.129,24275.9225
1599096420000,11402.5,11403,11394,11394,2.102,23950.188
1599096480000,11394,11394,11394,11394,1.033,11770.002
1599096540000,11394,11394,11394,11394,0,0
1599096600000,11394,11394,11393,11393,7.178,81778.954
1599096660000,11393,11402.5,11393,11402.5,1.61,18358.025
1599096720000,11402.5,11403.5,11402.5,11403.5,0.813,9271.0455
1599096780000,11403.5,11405.5,11403.5,11405.5,1.872,21351.096
1599096840000,11405.5,11408,11405.5,11408,0.344,3924.352
1599096900000,11408,11409,11408,11409,1.192,13599.528
1599096960000,11409,11409,11409,11409,1.15,13120.35
1599097020000,11409,11409.5,11409,11409,0.002,22.818
1599097080000,11409,11410,11409,11410,1.045,11923.45
1599097140000,11410,11411,11410,11411,0.038,433.618
1599097200000,11411,11411,11409,11409,1.919,21893.871
1599097260000,11409,11409,11409,11409,0,0
1599097320000,11409,11412.5,11409,11412.5,0.266,3035.725
1599097380000,11412.5,11412.5,11412,11412.5,1.906,21752.225
1599097440000,11412.5,11419,11412.5,11418.5,16.35,186692.475
1599097500000,11418.5,11419,11418.5,11419,2,22838
1599097560000,11419,11419,11418.5,11418.5,1,11418.5
1599097620000,11418.5,11419,11418.5,11418.5,1.526,17424.631
1599097680000,11418.5,11421,11418.5,11421,3.005,34320.105
1599097740000,11421,11423.5,11420.5,11423,0.495,5654.385
1599097800000,11423,11424,11423,11423.5,1.086,12405.921
1599097860000,11423.5,11423.5,11414.5,11414.5,18.636,212720.622
1599097920000,11414.5,11415.5,11414.5,11415.5,0.037,422.3735
1599097980000,11415.5,11417,11415.5,11417,12.082,137940.194
1599098040000,11417,11420.5,11417,11420.5,1.147,13099.3135
1599098100000,11420.5,11420.5,11419.5,11419.5,0.945,10791.4275
1599098160000,11419.5,11419.5,11419.5,11419.5,0.622,7102.929
1599098220000,11419.5,11428.5,11419.5,11427,4.716,53889.732
1599098280000,11427,11427,11423.5,11423.5,1.536,17546.496
1599098340000,11423.5,11423.5,11423.5,11423.5,1.443,16484.1105
1599098400000,11423.5,11426,11423.5,11426,23.157,264591.882
1599098460000,11426,11426.5,11424,11424,8.081,92317.344
1599098520000,11424,11424,11419,11419.5,0.882,10071.999
1599098580000,11419.5,11419.5,11415.5,11415.5,1.168,13333.304
1599098640000,11415.5,11415.5,11414,11414,0.1,1141.4
1599098700000,11414,11414.5,11414,11414.5,0.01,114.145
1599098760000,11414.5,11414.5,11414.5,11414.5,0.03,342.435
1599098820000,11414.5,11416,11414,11416,1.085,12386.36
1599098880000,11416,11416.5,11412.5,11412.5,1.928,22003.3
1599098940000,11412.5,11412.5,11408.5,11408.5,3,34225.5
1599099000000,11408.5,11408.5,11408,11408,0.002,22.816
1599099060000,11408,11418,11408,11418,2,22836
1599099120000,11418,11418,11417.5,11417.5,0.103,1176.0025
1599099180000,11417.5,11417.5,11417.5,11417.5,0,0
1599099240000,11417.5,11418,11417.5,11418,0.013,148.434
1599099300000,11418,11418,11418,11418,0,0
1599099360000,11418,11418,11417.5,11417.5,0.01,114.175
1599099420000,11417.5,11418,11417.5,11417.5,0.002,22.835
1599099480000,11417.5,11418,11411.5,11417.5,2.535,28943.3625
1599099540000,11417.5,11418,11415.5,11415.5,0.663,7568.4765
1599099600000,11415.5,11415.5,11415.5,11415.5,0,0
1599099660000,11415.5,11415.5,11415,11415,0.001,11.415
1599099720000,11415,11415,11410,11410,8.298,94680.18
1599099780000,11410,11410,11410,11410,0,0
1599099840000,11410,11410,11410,11410,0.009,102.69
1599099900000,11410,11410.5,11410,11410.5,1,11410.5
1599099960000,11410.5,11410.5,11406.5,11406.5,2.509,28618.9085
1599100020000,11406.5,11406.5,11405.5,11405.5,1.016,11587.988
1599100080000,11405.5,11405.5,11405,11405,1.001,11416.405
1599100140000,11405,11405,11405,11405,0.816,9306.48
1599100200000,11405,11405,11405,11405,0,0
1599100260000,11405,11405.5,11405,11405.5,2.92,33304.06
1599100320000,11405.5,11408.5,11405.5,11408.5,1.975,22531.7875
1599100380000,11408.5,11408.5,11408.5,11408.5,0.05,570.425
1599100440000,11408.5,11408.5,11408.5,11408.5,0,0
1599100500000,11408.5,11409,11408.5,11409,0.02,228.18
1599100560000,11409,11413.5,11409,11413.5,1.829,20875.2915
1599100620000,11413.5,11414.5,11413.5,11414.5,0.412,4702.774
1599100680000,11414.5,11414.5,11411,11411,0.1,1141.1
1599100740000,11411,11411,11409,11409,1.07,12207.63
1599100800000,11409,11409,11405,11405,0.427,4869.935
1599100860000,11405,11405,11405,11405,0.1,1140.5
1599100920000,11405,11406,11405,11406,1.261,14382.966
1599100980000,11406,11406,11406,11406,0,0
1599101040000,11406,11406,11406,11406,0,0
1599101100000,11406,11406,11406,11406,0,0
1599101160000,11406,11406,11403.5,11403.5,4.461,50871.0135
1599101220000,11403.5,11403.5,11399,11399,5.975,68109.025
1599101280000,11399,11399.5,11398.5,11398.5,0.785,8947.8225
1599101340000,11398.5,11399,11398.5,11399,1.565,17839.435
1599101400000,11399,11405,11399,11404.5,0.79,9009.555
1599101460000,11404.5,11405,11404.5,11405,0.02,228.1
1599101520000,11405,11420.5,11405,11420,11.519,131546.98
1599101580000,11420,11420,11420,11420,0.391,4465.22
1599101640000,11420,11421,11420,11421,0.07,799.47
1599101700000,11421,11422.5,11421,11422.5,0.6,6853.5
1599101760000,11422.5,11425,11422.5,11424.5,4.653,53158.1985
1599101820000,11424.5,11425,11424.5,11424.5,0.002,22.849
1599101880000,11424.5,11424.5,11422,11422,0.515,5882.33
1599101940000,11422,11422,11422,11422,0,0
1599102000000,11422,11427.5,11421.5,11427.5,2.846,32522.665
1599102060000,11427.5,11435,11427.5,11435,9.78,111834.3
1599102120000,11435,11435,11435,11435,0.237,2710.095
1599102180000,11435,11435,11426,11426,2.767,31615.742
1599102240000,11426,11426,11426,11426,0.007,79.982
1599102300000,11426,11426,11422.5,11422.5,0.17,1941.825
1599102360000,11422.5,11422.5,11420.5,11421,2.719,31053.699
1599102420000,11421,11421,11419,11419.5,0.031,354.0045
1599102480000,11419.5,11419.5,11410,11410,3.296,37607.36
1599102540000,11410,11410,11409.5,11409.5,2.045,23332.4275
1599102600000,11409.5,11410.5,11409.5,11410.5,1.084,12368.982
1599102660000,11410.5,11411,11410.5,11411,1.826,20836.486
1599102720000,11411,11411,11405.5,11405.5,5.543,63220.6865
1599102780000,11405.5,11407,11405.5,11407,0.042,479.094
1599102840000,11407,11407,11395,11395,2.778,31655.31
1599102900000,11395,11396,11392,11392.5,2.01,22898.925
1599102960000,11392.5,11392.5,11392,11392,1.726,19662.592
1599103020000,11392,11392.5,11391,11391,1.006,11459.346
1599103080000,11391,11391,11384.5,11386.5,6.776,77154.924
1599103140000,11386.5,11387,11386.5,11386.5,0.754,8585.421
1599103200000,11386.5,11387,11381,11381,6.791,77288.371
1599103260000,11381,11381.5,11381,11381.5,0.125,1422.6875
1599103320000,11381.5,11381.5,11381,11381,0.501,5701.881
1599103380000,11381,11381.5,11381,11381,5.155,58669.055
1599103440000,11381,11381,11381,11381,0,0
1599103500000,11381,11381,11381,11381,0.849,9662.469
1599103560000,11381,11381,11381,11381,0.008,91.048
1599103620000,11381,11381.5,11379,11379.5,1.408,16022.336
1599103680000,11379.5,11379.5,11378,11378.5,1.428,16248.498
1599103740000,11378.5,11378.5,11378,11378,0.122,1388.116
1599103800000,11378,11378.5,11356.5,11356.5,21.278,241643.607
1599103860000,11356.5,11364,11356.5,11364,1.738,19750.632
1599103920000,11364,11365,11363,11363.5,2.074,23567.899
1599103980000,11363.5,11363.5,11363,11363.5,0.055,624.9925
1599104040000,11363.5,11363.5,11363.5,11363.5,4.64,52726.64
1599104100000,11363.5,11373,11363.5,11369.5,6.285,71457.3075
1599104160000,11369.5,11369.5,11368,11368,0.102,1159.536
1599104220000,11368,11368,11367,11367,0.002,22.734
1599104280000,11367,11367,11355.5,11355.5,6.76,76763.18
1599104340000,11355.5,11355.5,11350,11350,5.885,66794.75
1599104400000,11350,11350.5,11350,11350,0.605,6866.75
1599104460000,11350,11350.5,11350,11350.5,0.01,113.505
1599104520000,11350.5,11350.5,11350.5,11350.5,0.372,4222.386
1599104580000,11350.5,11354,11350.5,11354,1.285,14589.89
1599104640000,11354,11356,11354,11356,0.69,7835.64
1599104700000,11356,11357,11356,11357,0.109,1237.913
1599104760000,11357,11357,11356,11356,0.176,1998.656
1599104820000,11356,11361,11356,11361,2.702,30697.422
1599104880000,11361,11375,11361,11374.5,6.111,69509.5695
1599104940000,11374.5,11375,11374.5,11375,0.2,2275
