timestamp,open,high,low,close,volume,turnover
2024-02-05 00:00:00,42796.7,42825.3,42796.6,42825.3,49.002,2097841.8276
2024-02-05 00:01:00,42825.3,42825.3,42792.9,42802.7,33.939,1452843.5068
2024-02-05 00:02:00,42802.7,42805.1,42791.6,42800.1,14.447,618344.567
2024-02-05 00:03:00,42800.1,42819.6,42800.0,42813.7,68.006,2911355.4951
2024-02-05 00:04:00,42813.7,42813.7,42805.9,42805.9,8.262,353673.1608
2024-02-05 00:05:00,42805.9,42806.0,42791.0,42791.0,22.278,953506.1099
2024-02-05 00:06:00,42791.0,42791.5,42780.0,42780.1,51.377,2198108.914
2024-02-05 00:07:00,42780.1,42805.0,42780.1,42799.3,16.192,692888.7775
2024-02-05 00:08:00,42799.3,42814.4,42795.0,42809.6,45.729,1957425.4268
2024-02-05 00:09:00,42809.6,42809.6,42787.7,42792.9,29.283,1253053.0276
2024-02-05 00:10:00,42792.9,42792.9,42790.4,42792.9,11.737,502243.0454
2024-02-05 00:11:00,42792.9,42792.9,42786.7,42786.8,8.676,371249.1829
2024-02-05 00:12:00,42786.8,42786.8,42760.0,42767.7,73.681,3151182.1494
2024-02-05 00:13:00,42767.7,42789.4,42762.1,42784.5,38.717,1655940.1288
2024-02-05 00:14:00,42784.5,42784.5,42775.0,42781.1,9.945,425439.2946
2024-02-05 00:15:00,42781.1,42781.1,42756.9,42770.7,31.666,1354253.1819
2024-02-05 00:16:00,42770.7,42770.8,42750.1,42754.2,47.345,2024364.2876
2024-02-05 00:17:00,42754.2,42765.6,42754.2,42760.4,36.992,1581820.39
2024-02-05 00:18:00,42760.4,42760.5,42754.2,42754.3,24.812,1060866.0162
2024-02-05 00:19:00,42754.3,42762.5,42738.0,42750.0,118.629,5071066.2915
2024-02-05 00:20:00,42750.0,42765.3,42734.5,42761.2,42.306,1808409.5075
2024-02-05 00:21:00,42761.2,42761.2,42742.9,42746.7,10.151,433959.0455
2024-02-05 00:22:00,42746.7,42746.8,42733.9,42734.0,20.195,863147.6321
2024-02-05 00:23:00,42734.0,42745.7,42732.0,42732.1,32.217,1376865.7251
2024-02-05 00:24:00,42732.1,42745.0,42732.0,42744.9,19.77,844954.9673
2024-02-05 00:25:00,42744.9,42749.2,42735.2,42735.3,19.366,827757.4744
2024-02-05 00:26:00,42735.3,42773.6,42735.1,42773.5,35.602,1522272.5243
2024-02-05 00:27:00,42773.5,42789.9,42770.7,42789.9,25.635,1096673.1645
2024-02-05 00:28:00,42789.9,42789.9,42782.5,42784.6,13.009,556586.9155
2024-02-05 00:29:00,42784.6,42784.6,42767.4,42770.1,27.961,1195984.8302
2024-02-05 00:30:00,42770.1,42787.4,42769.4,42787.4,15.527,664126.2935
2024-02-05 00:31:00,42787.4,42798.6,42781.7,42798.6,22.243,951765.5866
2024-02-05 00:32:00,42798.6,42804.3,42796.3,42802.6,19.223,822757.3284
2024-02-05 00:33:00,42802.6,42802.6,42746.1,42746.2,43.353,1854353.142
2024-02-05 00:34:00,42746.2,42767.5,42746.0,42746.0,34.118,1458725.6794
2024-02-05 00:35:00,42746.0,42746.1,42730.0,42738.0,91.21,3897644.201
2024-02-05 00:36:00,42738.0,42753.5,42731.6,42741.9,18.209,778237.5291
2024-02-05 00:37:00,42741.9,42749.2,42628.8,42678.0,868.154,37048329.6975
2024-02-05 00:38:00,42678.0,42678.2,42561.4,42634.6,881.59,37555974.0246
2024-02-05 00:39:00,42634.6,42677.0,42618.5,42625.9,278.638,11885314.0139
2024-02-05 00:40:00,42625.9,42631.1,42560.4,42574.8,284.778,12127413.2929
2024-02-05 00:41:00,42574.8,42634.3,42550.5,42601.2,356.103,15166566.8397
2024-02-05 00:42:00,42601.2,42655.0,42601.1,42655.0,82.467,3515017.8406
2024-02-05 00:43:00,42655.0,42655.0,42623.3,42635.0,89.146,3801108.8716
2024-02-05 00:44:00,42635.0,42640.6,42614.6,42631.5,72.293,3081405.5923
2024-02-05 00:45:00,42631.5,42650.9,42621.1,42646.9,90.576,3861922.5498
2024-02-05 00:46:00,42646.9,42676.8,42646.8,42665.4,110.813,4727540.5812
2024-02-05 00:47:00,42665.4,42698.4,42665.3,42681.7,82.747,3531869.0711
2024-02-05 00:48:00,42681.7,42697.4,42674.6,42690.0,69.861,2982249.619
2024-02-05 00:49:00,42690.0,42690.0,42646.6,42656.7,59.256,2528420.7268
2024-02-05 00:50:00,42656.7,42659.7,42634.2,42644.1,47.787,2037966.5354
2024-02-05 00:51:00,42644.1,42667.0,42644.0,42660.0,32.6,1390694.8573
2024-02-05 00:52:00,42660.0,42684.9,42644.4,42644.4,48.509,2069577.351
2024-02-05 00:53:00,42644.4,42659.8,42637.0,42637.1,25.493,1087261.036
2024-02-05 00:54:00,42637.1,42655.6,42617.5,42617.5,30.173,1286289.88
2024-02-05 00:55:00,42617.5,42641.6,42600.0,42631.0,190.779,8130002.8444
2024-02-05 00:56:00,42631.0,42634.6,42588.2,42592.5,61.275,2610562.452
2024-02-05 00:57:00,42592.5,42631.3,42588.4,42616.6,43.522,1854673.1269
2024-02-05 00:58:00,42616.6,42632.7,42602.9,42630.4,34.087,1452926.9163
2024-02-05 00:59:00,42630.4,42644.0,42624.0,42636.2,68.124,2904370.8299
2024-02-05 01:00:00,42636.2,42636.2,42605.1,42605.1,46.668,1988978.5764
2024-02-05 01:01:00,42605.1,42631.6,42594.3,42627.0,35.492,1512219.7049
2024-02-05 01:02:00,42627.0,42653.9,42616.9,42653.9,27.321,1164762.5145
2024-02-05 01:03:00,42653.9,42667.1,42605.2,42605.3,64.303,2742344.9843
2024-02-05 01:04:00,42605.3,42630.9,42604.8,42625.8,19.898,848026.6067
2024-02-05 01:05:00,42625.8,42634.0,42620.0,42620.9,26.158,1114969.334
2024-02-05 01:06:00,42620.9,42657.7,42620.8,42650.8,25.652,1093895.6458
2024-02-05 01:07:00,42650.8,42655.2,42622.0,42624.4,18.147,773858.5837
2024-02-05 01:08:00,42624.4,42629.8,42620.7,42626.2,16.3,694771.3014
2024-02-05 01:09:00,42626.2,42632.1,42623.2,42623.3,33.124,1412078.9764
2024-02-05 01:10:00,42623.3,42647.2,42616.3,42616.4,18.6,792925.4163
2024-02-05 01:11:00,42616.4,42635.3,42610.9,42632.0,37.166,1584061.5266
2024-02-05 01:12:00,42632.0,42652.2,42631.9,42650.2,15.772,672581.6634
2024-02-05 01:13:00,42650.2,42650.2,42640.3,42643.1,16.881,719906.802
2024-02-05 01:14:00,42643.1,42649.3,42643.1,42649.3,17.69,754388.4461
2024-02-05 01:15:00,42649.3,42649.3,42625.0,42625.0,35.41,1509768.7952
2024-02-05 01:16:00,42625.0,42634.4,42625.0,42634.4,26.708,1138510.9103
2024-02-05 01:17:00,42634.4,42634.4,42628.4,42629.8,22.604,963589.0802
2024-02-05 01:18:00,42629.8,42647.8,42629.7,42644.4,33.276,1418995.6346
2024-02-05 01:19:00,42644.4,42650.7,42643.8,42649.5,43.653,1861664.8645
2024-02-05 01:20:00,42649.5,42649.6,42601.9,42601.9,30.467,1298584.1842
2024-02-05 01:21:00,42601.9,42614.4,42586.8,42614.4,76.53,3259612.9639
2024-02-05 01:22:00,42614.4,42622.7,42611.6,42622.0,11.814,503483.4008
2024-02-05 01:23:00,42622.0,42648.7,42616.9,42616.9,18.284,779535.1888
2024-02-05 01:24:00,42616.9,42619.7,42614.3,42619.7,8.957,381735.042
2024-02-05 01:25:00,42619.7,42630.6,42619.6,42626.9,15.725,670263.7323
2024-02-05 01:26:00,42626.9,42627.0,42607.2,42616.3,12.112,516192.1244
2024-02-05 01:27:00,42616.3,42624.7,42614.0,42624.7,6.849,291866.2183
2024-02-05 01:28:00,42624.7,42631.2,42624.7,42625.6,8.086,344682.0056
2024-02-05 01:29:00,42625.6,42625.7,42607.2,42617.8,11.823,503817.9865
2024-02-05 01:30:00,42617.8,42617.8,42602.2,42604.8,15.377,655164.371
2024-02-05 01:31:00,42604.8,42604.9,42590.0,42590.0,26.716,1138052.9709
2024-02-05 01:32:00,42590.0,42641.5,42590.0,42631.0,52.055,2218623.3755
2024-02-05 01:33:00,42631.0,42639.1,42620.5,42633.9,32.895,1402380.1949
2024-02-05 01:34:00,42633.9,42633.9,42621.4,42621.8,23.094,984409.4754
2024-02-05 01:35:00,42621.8,42621.9,42614.8,42614.8,9.286,395749.3441
2024-02-05 01:36:00,42614.8,42633.1,42606.3,42628.2,22.617,963852.4115
2024-02-05 01:37:00,42628.2,42635.1,42623.4,42625.0,54.849,2338237.168
2024-02-05 01:38:00,42625.0,42638.0,42616.0,42631.8,8.491,361952.2276
2024-02-05 01:39:00,42631.8,42637.9,42631.8,42633.7,22.057,940385.0459
2024-02-05 01:40:00,42633.7,42637.1,42611.3,42612.7,16.315,695522.8195
2024-02-05 01:41:00,42612.7,42612.7,42578.2,42591.6,57.973,2468878.1948
2024-02-05 01:42:00,42591.6,42595.1,42588.1,42591.1,5.934,252740.6298
2024-02-05 01:43:00,42591.1,42605.9,42591.0,42602.6,10.304,438963.9518
2024-02-05 01:44:00,42602.6,42605.0,42600.0,42600.0,10.604,451762.9724
2024-02-05 01:45:00,42600.0,42605.9,42585.2,42585.2,9.972,424727.8735
2024-02-05 01:46:00,42585.2,42591.9,42585.1,42585.7,18.278,778416.0912
2024-02-05 01:47:00,42585.7,42609.0,42562.6,42602.2,111.866,4763369.1777
2024-02-05 01:48:00,42602.2,42632.8,42602.2,42619.8,57.263,2440656.0738
2024-02-05 01:49:00,42619.8,42631.1,42617.0,42617.0,34.364,1464681.0914
2024-02-05 01:50:00,42617.0,42625.9,42616.9,42623.6,17.887,762374.2541
2024-02-05 01:51:00,42623.6,42623.7,42619.5,42619.6,9.759,415941.2602
2024-02-05 01:52:00,42619.6,42619.6,42591.7,42605.4,26.728,1138742.0508
2024-02-05 01:53:00,42605.4,42605.5,42580.0,42585.9,19.88,846631.1902
2024-02-05 01:54:00,42585.9,42603.1,42585.8,42598.5,11.653,496373.6915
2024-02-05 01:55:00,42598.5,42598.6,42575.0,42575.0,33.837,1440916.3607
2024-02-05 01:56:00,42575.0,42579.6,42565.9,42566.8,43.379,1846739.5474
2024-02-05 01:57:00,42566.8,42568.4,42550.5,42550.5,40.882,1739912.8786
2024-02-05 01:58:00,42550.5,42574.9,42515.0,42566.6,400.033,17017456.5863
2024-02-05 01:59:00,42566.6,42605.9,42563.1,42594.3,109.374,4658192.8764
2024-02-05 02:00:00,42594.3,42602.9,42588.0,42596.9,31.266,1331810.8915
2024-02-05 02:01:00,42596.9,42617.0,42596.8,42607.1,24.125,1028063.4933
2024-02-05 02:02:00,42607.1,42615.0,42600.0,42600.1,17.401,741408.9235
2024-02-05 02:03:00,42600.1,42600.1,42568.0,42581.5,33.353,1420243.7667
2024-02-05 02:04:00,42581.5,42615.0,42576.3,42606.9,35.432,1509243.451
2024-02-05 02:05:00,42606.9,42611.0,42602.5,42602.6,13.485,574580.7777
2024-02-05 02:06:00,42602.6,42626.3,42600.1,42615.1,45.869,1955003.4926
2024-02-05 02:07:00,42615.1,42621.9,42615.0,42621.9,15.955,679965.6718
2024-02-05 02:08:00,42621.9,42656.6,42606.7,42649.2,158.648,6764328.6932
2024-02-05 02:09:00,42649.2,42674.0,42649.2,42673.9,101.282,4321203.655
2024-02-05 02:10:00,42673.9,42678.7,42646.8,42646.9,84.257,3595146.6475
2024-02-05 02:11:00,42646.9,42646.9,42638.5,42643.1,18.76,799928.3249
2024-02-05 02:12:00,42643.1,42644.1,42639.3,42644.0,9.587,408798.4664
2024-02-05 02:13:00,42644.0,42667.2,42644.0,42650.0,28.086,1197998.8962
2024-02-05 02:14:00,42650.0,42650.0,42648.4,42648.4,5.75,245231.5772
2024-02-05 02:15:00,42648.4,42663.8,42640.0,42663.1,31.296,1334766.1973
2024-02-05 02:16:00,42663.1,42663.1,42641.2,42646.7,14.737,628478.2456
2024-02-05 02:17:00,42646.7,42659.0,42646.7,42655.8,10.468,446495.4525
2024-02-05 02:18:00,42655.8,42684.0,42655.8,42682.5,22.552,962372.3325
2024-02-05 02:19:00,42682.5,42740.0,42681.3,42716.4,266.91,11402063.637
2024-02-05 02:20:00,42716.4,42769.5,42700.2,42740.2,306.285,13091652.5401
2024-02-05 02:21:00,42740.2,42780.8,42739.1,42777.7,155.688,6658003.5435
2024-02-05 02:22:00,42777.7,42900.0,42744.9,42817.9,669.009,28651132.3551
2024-02-05 02:23:00,42817.9,42932.2,42812.8,42869.7,541.987,23245142.2548
2024-02-05 02:24:00,42869.7,42907.4,42862.2,42894.9,110.045,4719420.5815
2024-02-05 02:25:00,42894.9,42903.7,42866.6,42866.6,58.913,2526866.3197
2024-02-05 02:26:00,42866.6,42867.6,42822.9,42850.1,181.335,7768564.0222
2024-02-05 02:27:00,42850.1,42850.2,42825.9,42845.8,34.944,1496925.5063
2024-02-05 02:28:00,42845.8,42846.6,42834.8,42836.7,28.838,1235544.6042
2024-02-05 02:29:00,42836.7,42870.0,42836.7,42870.0,40.508,1736166.7497
2024-02-05 02:30:00,42870.0,42907.5,42869.9,42907.4,97.111,4165133.3951
2024-02-05 02:31:00,42907.4,42936.7,42901.8,42901.8,71.42,3065008.4903
2024-02-05 02:32:00,42901.8,42941.3,42901.8,42940.3,43.382,1862330.0109
2024-02-05 02:33:00,42940.3,42978.1,42929.6,42929.6,151.941,6527294.1862
2024-02-05 02:34:00,42929.6,42941.4,42902.3,42917.9,112.215,4815789.8775
2024-02-05 02:35:00,42917.9,42923.3,42880.4,42882.9,77.034,3304388.5663
2024-02-05 02:36:00,42882.9,42903.8,42875.6,42883.9,43.901,1882772.7215
2024-02-05 02:37:00,42883.9,42908.8,42882.2,42905.2,30.768,1319843.4013
2024-02-05 02:38:00,42905.2,42924.6,42890.6,42924.5,42.057,1804484.5333
2024-02-05 02:39:00,42924.5,42924.5,42903.0,42911.5,73.487,3153539.928
2024-02-05 02:40:00,42911.5,42911.5,42895.0,42904.2,21.066,903819.3144
2024-02-05 02:41:00,42904.2,42915.1,42890.7,42890.8,20.888,896110.7855
2024-02-05 02:42:00,42890.8,42900.0,42876.5,42876.5,23.071,989408.5564
2024-02-05 02:43:00,42876.5,42880.0,42857.9,42860.3,25.797,1105909.6425
2024-02-05 02:44:00,42860.3,42865.7,42855.0,42855.0,16.332,699972.9349
2024-02-05 02:45:00,42855.0,42855.0,42833.4,42844.2,66.478,2847840.1591
2024-02-05 02:46:00,42844.2,42844.2,42800.1,42810.5,69.503,2975489.3643
2024-02-05 02:47:00,42810.5,42836.0,42810.4,42825.0,27.854,1192757.4127
2024-02-05 02:48:00,42825.0,42842.5,42824.1,42840.6,14.919,638985.403
2024-02-05 02:49:00,42840.6,42840.7,42822.4,42834.0,7.796,333931.0318
2024-02-05 02:50:00,42834.0,42871.7,42834.0,42866.6,34.958,1498386.1377
2024-02-05 02:51:00,42866.6,42866.6,42845.4,42845.4,26.983,1156368.2471
2024-02-05 02:52:00,42845.4,42845.4,42822.9,42833.6,12.301,526924.3615
2024-02-05 02:53:00,42833.6,42844.1,42826.7,42840.8,13.905,595594.0473
2024-02-05 02:54:00,42840.8,42843.4,42826.0,42843.3,6.107,261581.3465
2024-02-05 02:55:00,42843.3,42843.4,42837.2,42837.4,3.607,154520.0424
2024-02-05 02:56:00,42837.4,42837.4,42820.7,42829.0,66.381,2843128.124
2024-02-05 02:57:00,42829.0,42829.0,42817.1,42817.1,5.94,254389.3499
2024-02-05 02:58:00,42817.1,42837.5,42802.7,42835.9,29.558,1265502.5669
2024-02-05 02:59:00,42835.9,42835.9,42818.8,42820.3,13.027,557879.7653
2024-02-05 03:00:00,42820.3,42835.8,42820.3,42835.8,6.107,261571.3406
2024-02-05 03:01:00,42835.8,42859.3,42809.9,42857.3,93.287,3996326.8497
2024-02-05 03:02:00,42857.3,42864.2,42847.0,42853.6,29.203,1251425.4479
2024-02-05 03:03:00,42853.6,42865.5,42853.6,42864.1,25.556,1095325.3161
2024-02-05 03:04:00,42864.1,42883.4,42864.1,42880.9,19.393,831391.6404
2024-02-05 03:05:00,42880.9,42881.0,42876.9,42881.0,8.257,354042.1221
2024-02-05 03:06:00,42881.0,42881.0,42857.3,42872.8,15.551,666668.9396
2024-02-05 03:07:00,42872.8,42872.8,42858.2,42863.3,8.717,373635.6593
2024-02-05 03:08:00,42863.3,42863.3,42862.0,42862.1,11.688,500973.4197
2024-02-05 03:09:00,42862.1,42866.6,42852.1,42852.1,5.837,250176.4386
2024-02-05 03:10:00,42852.1,42858.1,42841.3,42849.1,8.498,364122.8908
2024-02-05 03:11:00,42849.1,42853.3,42846.3,42846.4,10.066,431331.0121
2024-02-05 03:12:00,42846.4,42846.4,42830.8,42830.8,9.451,404897.7498
2024-02-05 03:13:00,42830.8,42837.7,42820.0,42820.1,60.945,2610155.2437
2024-02-05 03:14:00,42820.1,42820.1,42800.1,42805.6,85.335,3652970.2156
2024-02-05 03:15:00,42805.6,42805.7,42785.4,42799.3,77.224,3304781.3462
2024-02-05 03:16:00,42799.3,42800.0,42792.7,42792.8,21.073,901898.7035
2024-02-05 03:17:00,42792.8,42796.5,42792.7,42796.5,9.534,407990.3106
2024-02-05 03:18:00,42796.5,42796.5,42791.7,42791.7,7.255,310477.8557
2024-02-05 03:19:00,42791.7,42791.7,42787.4,42787.4,6.788,290456.9093
2024-02-05 03:20:00,42787.4,42787.5,42763.0,42768.4,77.903,3331987.0571
2024-02-05 03:21:00,42768.4,42768.5,42748.0,42749.4,61.834,2643707.1265
2024-02-05 03:22:00,42749.4,42760.2,42748.0,42748.2,68.747,2939191.0863
2024-02-05 03:23:00,42748.2,42765.2,42748.2,42765.2,21.206,906657.6539
2024-02-05 03:24:00,42765.2,42766.9,42746.2,42746.2,26.878,1149348.2187
2024-02-05 03:25:00,42746.2,42746.4,42746.0,42746.3,18.389,786060.8013
2024-02-05 03:26:00,42746.3,42750.0,42742.8,42750.0,30.059,1284880.0434
2024-02-05 03:27:00,42750.0,42763.5,42749.9,42760.0,16.602,709915.1836
2024-02-05 03:28:00,42760.0,42760.1,42751.4,42751.4,11.464,490160.9626
2024-02-05 03:29:00,42751.4,42755.0,42751.4,42754.3,6.395,273405.7692
2024-02-05 03:30:00,42754.3,42792.3,42744.0,42780.1,75.518,3229349.7097
2024-02-05 03:31:00,42780.1,42792.0,42780.0,42780.1,20.376,871878.1342
2024-02-05 03:32:00,42780.1,42789.9,42780.1,42783.0,14.317,612539.5238
2024-02-05 03:33:00,42783.0,42783.0,42781.4,42781.5,16.509,706286.6756
2024-02-05 03:34:00,42781.5,42792.9,42781.4,42790.2,13.728,587370.7532
2024-02-05 03:35:00,42790.2,42790.3,42778.1,42778.1,12.067,516284.1711
2024-02-05 03:36:00,42778.1,42778.1,42752.9,42765.5,8.115,347015.3979
2024-02-05 03:37:00,42765.5,42765.6,42750.0,42750.0,10.155,434162.8065
2024-02-05 03:38:00,42750.0,42769.0,42750.0,42754.5,12.17,520315.5856
2024-02-05 03:39:00,42754.5,42754.6,42746.1,42746.2,38.018,1625394.5952
2024-02-05 03:40:00,42746.2,42760.0,42746.1,42760.0,21.896,936047.7072
2024-02-05 03:41:00,42760.0,42771.9,42760.0,42769.8,21.849,934500.5715
2024-02-05 03:42:00,42769.8,42787.5,42769.8,42787.4,14.038,600500.0696
2024-02-05 03:43:00,42787.4,42790.3,42784.0,42787.3,14.371,614915.213
2024-02-05 03:44:00,42787.3,42789.0,42787.3,42788.9,9.432,403573.0133
2024-02-05 03:45:00,42788.9,42839.3,42788.9,42838.9,58.242,2493850.8222
2024-02-05 03:46:00,42838.9,42855.0,42838.8,42842.4,38.896,1666615.8083
2024-02-05 03:47:00,42842.4,42842.5,42812.3,42812.3,26.99,1155978.8163
2024-02-05 03:48:00,42812.3,42827.4,42812.3,42827.3,53.577,2294174.9102
2024-02-05 03:49:00,42827.3,42827.3,42816.1,42816.1,7.412,317378.6807
2024-02-05 03:50:00,42816.1,42816.2,42808.6,42808.6,5.716,244712.7358
2024-02-05 03:51:00,42808.6,42808.7,42802.1,42802.1,4.978,213095.6421
2024-02-05 03:52:00,42802.1,42802.1,42770.9,42771.0,21.431,916910.9453
2024-02-05 03:53:00,42771.0,42771.0,42754.9,42768.9,24.941,1066545.6112
2024-02-05 03:54:00,42768.9,42773.7,42729.5,42729.5,79.607,3402846.4195
2024-02-05 03:55:00,42729.5,42732.4,42690.8,42690.9,183.105,7820352.4174
2024-02-05 03:56:00,42690.9,42690.9,42630.9,42642.4,322.346,13750187.6981
2024-02-05 03:57:00,42642.4,42642.4,42553.0,42610.0,431.907,18394111.7135
2024-02-05 03:58:00,42610.0,42635.2,42602.9,42635.2,80.309,3422650.7039
2024-02-05 03:59:00,42635.2,42640.2,42608.1,42620.1,101.988,4347652.0458
2024-02-05 04:00:00,42620.1,42656.5,42620.0,42653.5,55.915,2384237.4498
2024-02-05 04:01:00,42653.5,42653.6,42644.7,42645.3,38.893,1658794.1809
2024-02-05 04:02:00,42645.3,42645.3,42589.0,42591.3,49.915,2127059.2637
2024-02-05 04:03:00,42591.3,42599.8,42588.0,42599.7,46.271,1970723.4071
2024-02-05 04:04:00,42599.7,42608.9,42599.7,42608.9,33.507,1427552.3689
2024-02-05 04:05:00,42608.9,42609.5,42608.8,42609.5,20.114,857039.0787
2024-02-05 04:06:00,42609.5,42619.6,42609.5,42619.6,30.642,1305824.1575
2024-02-05 04:07:00,42619.6,42620.0,42590.8,42590.8,38.369,1634737.778
2024-02-05 04:08:00,42590.8,42590.8,42565.2,42565.4,99.847,4252022.5225
2024-02-05 04:09:00,42565.4,42565.4,42154.0,42402.5,2808.757,118981865.1537
2024-02-05 04:10:00,42402.5,42415.9,42340.0,42345.0,348.521,14773149.0487
2024-02-05 04:11:00,42345.0,42373.6,42320.0,42373.6,264.525,11200716.5278
2024-02-05 04:12:00,42373.6,42457.8,42373.5,42436.3,368.343,15630293.2862
2024-02-05 04:13:00,42436.3,42464.0,42431.0,42455.4,118.13,5014510.1013
2024-02-05 04:14:00,42455.4,42486.2,42444.4,42482.1,131.239,5572794.5766
2024-02-05 04:15:00,42482.1,42507.0,42480.7,42507.0,77.729,3302764.7661
2024-02-05 04:16:00,42507.0,42540.0,42505.3,42534.2,162.856,6924454.1772
2024-02-05 04:17:00,42534.2,42582.1,42534.2,42539.8,253.691,10796016.5777
2024-02-05 04:18:00,42539.8,42567.0,42538.5,42562.3,115.484,4914438.915
2024-02-05 04:19:00,42562.3,42609.0,42562.3,42608.9,78.381,3338718.423
2024-02-05 04:20:00,42608.9,42615.5,42477.7,42485.2,222.221,9455475.5486
2024-02-05 04:21:00,42485.2,42527.8,42476.6,42517.8,173.027,7353149.728
2024-02-05 04:22:00,42517.8,42536.5,42480.0,42536.4,86.026,3656419.301
2024-02-05 04:23:00,42536.4,42585.1,42526.8,42528.3,131.583,5599878.4453
2024-02-05 04:24:00,42528.3,42528.3,42502.0,42509.1,26.695,1134816.3244
2024-02-05 04:25:00,42509.1,42555.0,42507.1,42555.0,60.738,2582725.9081
2024-02-05 04:26:00,42555.0,42555.0,42500.8,42500.8,24.809,1055079.4878
2024-02-05 04:27:00,42500.8,42532.0,42494.1,42525.8,26.314,1118708.4124
2024-02-05 04:28:00,42525.8,42550.6,42524.7,42547.2,53.276,2266071.5607
2024-02-05 04:29:00,42547.2,42549.7,42530.5,42549.6,12.07,513466.8849
2024-02-05 04:30:00,42549.6,42552.0,42481.3,42535.9,127.392,5416773.5826
2024-02-05 04:31:00,42535.9,42578.4,42534.4,42558.6,75.363,3206965.0942
2024-02-05 04:32:00,42558.6,42588.0,42558.6,42566.8,33.518,1427028.5413
2024-02-05 04:33:00,42566.8,42571.1,42550.4,42550.5,38.914,1656240.6687
2024-02-05 04:34:00,42550.5,42574.9,42550.1,42571.1,30.065,1279628.8104
2024-02-05 04:35:00,42571.1,42639.5,42571.0,42627.1,126.216,5378216.6926
2024-02-05 04:36:00,42627.1,42628.8,42601.1,42612.8,50.127,2136220.7336
2024-02-05 04:37:00,42612.8,42624.8,42601.8,42601.8,33.462,1426010.1993
2024-02-05 04:38:00,42601.8,42604.6,42578.6,42580.0,31.858,1356714.4371
2024-02-05 04:39:00,42580.0,42595.0,42575.2,42593.1,90.898,3870643.2436
2024-02-05 04:40:00,42593.1,42609.8,42580.2,42606.1,17.89,762066.279
2024-02-05 04:41:00,42606.1,42606.2,42584.0,42604.1,18.04,768487.0105
2024-02-05 04:42:00,42604.1,42619.3,42597.9,42619.3,31.602,1346505.1928
2024-02-05 04:43:00,42619.3,42629.9,42610.2,42610.2,34.051,1451484.1941
2024-02-05 04:44:00,42610.2,42610.3,42580.0,42595.9,53.672,2285954.0087
2024-02-05 04:45:00,42595.9,42597.7,42575.0,42579.8,15.762,671246.18
2024-02-05 04:46:00,42579.8,42579.9,42560.0,42576.6,19.098,812959.8913
2024-02-05 04:47:00,42576.6,42579.2,42546.0,42550.0,34.246,1457711.6112
2024-02-05 04:48:00,42550.0,42568.0,42548.1,42562.9,20.142,857230.6563
2024-02-05 04:49:00,42562.9,42565.9,42555.1,42555.9,6.189,263415.2679
2024-02-05 04:50:00,42555.9,42556.2,42540.7,42540.7,10.757,457689.866
2024-02-05 04:51:00,42540.7,42584.7,42540.6,42580.4,53.2,2264502.3217
2024-02-05 04:52:00,42580.4,42582.9,42558.0,42582.9,17.965,764794.159
2024-02-05 04:53:00,42582.9,42582.9,42559.5,42563.7,16.214,690314.3041
2024-02-05 04:54:00,42563.7,42566.1,42554.0,42556.7,13.68,582223.612
2024-02-05 04:55:00,42556.7,42569.9,42550.0,42558.7,23.852,1015095.982
2024-02-05 04:56:00,42558.7,42567.0,42555.4,42566.9,10.754,457694.0418
2024-02-05 04:57:00,42566.9,42573.2,42566.9,42573.1,6.168,262574.6208
2024-02-05 04:58:00,42573.1,42597.5,42573.1,42585.2,14.705,626279.3253
2024-02-05 04:59:00,42585.2,42593.1,42585.2,42592.1,9.161,390170.0833
2024-02-05 05:00:00,42592.1,42603.3,42585.4,42595.0,49.259,2098098.2495
2024-02-05 05:01:00,42595.0,42607.9,42590.2,42595.0,18.745,798509.5106
2024-02-05 05:02:00,42595.0,42610.0,42595.0,42595.0,11.058,471083.274
2024-02-05 05:03:00,42595.0,42595.1,42580.0,42585.9,13.919,592838.1185
2024-02-05 05:04:00,42585.9,42586.0,42574.8,42574.8,9.667,411611.7654
2024-02-05 05:05:00,42574.8,42591.6,42568.6,42576.7,29.659,1262852.9219
2024-02-05 05:06:00,42576.7,42576.7,42549.5,42549.5,22.361,951657.7448
2024-02-05 05:07:00,42549.5,42564.1,42549.5,42559.7,33.998,1446768.0608
2024-02-05 05:08:00,42559.7,42559.8,42550.6,42555.9,7.791,331567.1845
2024-02-05 05:09:00,42555.9,42559.8,42554.1,42554.1,13.724,584078.6365
2024-02-05 05:10:00,42554.1,42557.0,42553.7,42553.7,5.251,223452.4332
2024-02-05 05:11:00,42553.7,42553.8,42531.5,42542.6,71.2,3028731.0917
2024-02-05 05:12:00,42542.6,42542.6,42536.6,42536.7,10.622,451848.0289
2024-02-05 05:13:00,42536.7,42559.7,42536.6,42550.3,22.275,947739.5365
2024-02-05 05:14:00,42550.3,42550.3,42535.1,42535.2,19.05,810385.933
2024-02-05 05:15:00,42535.2,42553.5,42535.2,42553.5,8.81,374823.5754
2024-02-05 05:16:00,42553.5,42569.2,42553.4,42566.1,54.33,2312482.7709
2024-02-05 05:17:00,42566.1,42569.2,42547.6,42569.1,9.348,397811.1189
2024-02-05 05:18:00,42569.1,42578.7,42561.2,42569.4,21.953,934671.3055
2024-02-05 05:19:00,42569.4,42569.5,42566.9,42566.9,9.48,403548.876
2024-02-05 05:20:00,42566.9,42579.9,42566.9,42579.9,12.707,541000.3272
2024-02-05 05:21:00,42579.9,42579.9,42576.8,42576.9,8.751,372608.268
2024-02-05 05:22:00,42576.9,42586.4,42576.9,42586.4,5.923,252227.1506
2024-02-05 05:23:00,42586.4,42586.4,42580.0,42580.0,16.375,697312.3191
2024-02-05 05:24:00,42580.0,42587.8,42577.1,42584.6,52.415,2231854.1021
2024-02-05 05:25:00,42584.6,42584.6,42546.0,42551.7,46.222,1967404.1984
2024-02-05 05:26:00,42551.7,42571.8,42551.7,42571.8,13.425,571325.5476
2024-02-05 05:27:00,42571.8,42571.8,42558.0,42561.6,10.094,429657.5878
2024-02-05 05:28:00,42561.6,42571.0,42561.6,42570.9,5.046,214786.8344
2024-02-05 05:29:00,42570.9,42571.0,42557.6,42559.6,21.317,907251.206
2024-02-05 05:30:00,42559.6,42571.6,42550.2,42559.6,52.321,2226676.6959
2024-02-05 05:31:00,42559.6,42562.1,42552.4,42555.7,25.47,1083871.3871
2024-02-05 05:32:00,42555.7,42563.2,42553.7,42556.2,13.737,584590.2464
2024-02-05 05:33:00,42556.2,42563.3,42556.2,42563.2,5.833,248244.4725
2024-02-05 05:34:00,42563.2,42564.0,42561.7,42561.8,7.982,339743.154
2024-02-05 05:35:00,42561.8,42561.8,42551.2,42551.2,18.757,798240.8534
2024-02-05 05:36:00,42551.2,42562.2,42551.1,42551.9,12.777,543700.0691
2024-02-05 05:37:00,42551.9,42562.0,42551.9,42562.0,13.08,556629.4178
2024-02-05 05:38:00,42562.0,42562.0,42561.9,42562.0,7.992,340155.1705
2024-02-05 05:39:00,42562.0,42562.0,42547.4,42554.2,39.287,1671791.0415
2024-02-05 05:40:00,42554.2,42559.3,42554.2,42559.2,15.508,659951.7261
2024-02-05 05:41:00,42559.2,42562.0,42554.2,42561.9,22.063,938976.7151
2024-02-05 05:42:00,42561.9,42562.2,42561.9,42562.2,7.46,317513.0258
2024-02-05 05:43:00,42562.2,42562.2,42562.1,42562.2,3.113,132496.0399
2024-02-05 05:44:00,42562.2,42562.2,42562.1,42562.1,9.506,404595.9879
2024-02-05 05:45:00,42562.1,42562.2,42538.1,42540.0,34.217,1456001.171
2024-02-05 05:46:00,42540.0,42543.0,42518.8,42520.0,42.551,1809651.7672
2024-02-05 05:47:00,42520.0,42522.4,42519.3,42522.4,22.074,938599.179
2024-02-05 05:48:00,42522.4,42526.6,42480.8,42502.8,137.239,5832473.4478
2024-02-05 05:49:00,42502.8,42502.9,42429.3,42446.6,203.71,8649118.573
2024-02-05 05:50:00,42446.6,42470.4,42420.4,42465.0,167.394,7105324.6571
2024-02-05 05:51:00,42465.0,42487.7,42460.4,42486.2,62.724,2664066.8474
2024-02-05 05:52:00,42486.2,42491.2,42473.2,42477.9,23.462,996689.5938
2024-02-05 05:53:00,42477.9,42502.7,42477.8,42496.7,38.854,1651083.7125
2024-02-05 05:54:00,42496.7,42606.1,42496.7,42593.0,217.975,9279869.0429
2024-02-05 05:55:00,42593.0,42606.2,42558.4,42564.0,64.978,2766337.6263
2024-02-05 05:56:00,42564.0,42564.0,42539.6,42552.3,40.003,1702060.0806
2024-02-05 05:57:00,42552.3,42552.4,42542.7,42544.3,8.453,359640.8371
2024-02-05 05:58:00,42544.3,42577.6,42544.2,42556.3,31.676,1348320.5177
2024-02-05 05:59:00,42556.3,42565.7,42555.3,42555.3,6.689,284668.5957
2024-02-05 06:00:00,42555.3,42559.2,42538.8,42538.8,72.288,3075783.4993
2024-02-05 06:01:00,42538.8,42538.8,42508.5,42508.5,31.147,1324397.5311
2024-02-05 06:02:00,42508.5,42526.1,42469.3,42526.0,162.092,6888020.2837
2024-02-05 06:03:00,42526.0,42526.1,42504.0,42504.1,25.618,1089142.591
2024-02-05 06:04:00,42504.1,42504.1,42484.2,42488.7,39.549,1680697.7017
2024-02-05 06:05:00,42488.7,42497.1,42475.5,42475.5,18.869,801612.3448
2024-02-05 06:06:00,42475.5,42479.6,42450.5,42460.5,50.257,2133911.2603
2024-02-05 06:07:00,42460.5,42472.2,42438.0,42442.8,51.923,2204352.573
2024-02-05 06:08:00,42442.8,42462.5,42442.8,42458.5,23.51,998107.2843
2024-02-05 06:09:00,42458.5,42469.3,42413.4,42422.1,170.305,7228018.4563
2024-02-05 06:10:00,42422.1,42427.6,42388.5,42398.1,173.054,7338036.6276
2024-02-05 06:11:00,42398.1,42407.1,42379.1,42384.2,185.069,7845063.8392
2024-02-05 06:12:00,42384.2,42408.4,42365.0,42408.4,165.526,7014921.0148
2024-02-05 06:13:00,42408.4,42432.0,42405.4,42430.8,51.068,2166299.174
2024-02-05 06:14:00,42430.8,42442.7,42430.8,42440.2,27.278,1157649.0615
2024-02-05 06:15:00,42440.2,42440.2,42410.0,42410.0,46.075,1954511.1808
2024-02-05 06:16:00,42410.0,42412.8,42400.6,42409.8,12.216,518039.7605
2024-02-05 06:17:00,42409.8,42415.1,42378.0,42396.0,40.358,1711255.426
2024-02-05 06:18:00,42396.0,42398.4,42376.8,42380.1,91.87,3894334.9874
2024-02-05 06:19:00,42380.1,42389.4,42360.0,42385.7,48.695,2063450.4139
2024-02-05 06:20:00,42385.7,42385.7,42370.1,42377.2,25.241,1069592.207
2024-02-05 06:21:00,42377.2,42377.2,42350.0,42358.0,52.631,2229280.5965
2024-02-05 06:22:00,42358.0,42369.2,42335.0,42341.0,91.245,3863972.2355
2024-02-05 06:23:00,42341.0,42383.0,42341.0,42379.2,56.071,2375372.1191
2024-02-05 06:24:00,42379.2,42381.5,42348.0,42350.0,51.634,2187207.4142
2024-02-05 06:25:00,42350.0,42367.2,42343.5,42360.9,21.119,894522.8006
2024-02-05 06:26:00,42360.9,42387.5,42360.9,42372.9,58.052,2460187.1302
2024-02-05 06:27:00,42372.9,42373.1,42362.0,42367.6,11.457,485394.6716
2024-02-05 06:28:00,42367.6,42388.0,42365.0,42367.8,101.438,4298221.7269
2024-02-05 06:29:00,42367.8,42367.8,42330.7,42334.6,130.443,5523073.9862
2024-02-05 06:30:00,42334.6,42356.8,42328.3,42344.6,122.422,5183323.7664
2024-02-05 06:31:00,42344.6,42376.6,42344.5,42376.6,45.345,1920880.4953
2024-02-05 06:32:00,42376.6,42388.2,42363.9,42365.3,28.694,1216079.5893
2024-02-05 06:33:00,42365.3,42383.4,42365.3,42375.5,17.289,732583.4567
2024-02-05 06:34:00,42375.5,42375.6,42372.0,42375.1,4.917,208352.6269
2024-02-05 06:35:00,42375.1,42375.1,42351.8,42357.8,25.99,1101003.8085
2024-02-05 06:36:00,42357.8,42357.8,42307.6,42313.8,124.578,5272460.2829
2024-02-05 06:37:00,42313.8,42339.9,42313.7,42332.8,66.988,2835403.2178
2024-02-05 06:38:00,42332.8,42332.9,42284.9,42295.4,223.467,9453588.7963
2024-02-05 06:39:00,42295.4,42324.3,42295.4,42301.6,84.924,3593078.1345
2024-02-05 06:40:00,42301.6,42339.1,42254.7,42336.9,231.649,9797743.006
2024-02-05 06:41:00,42336.9,42339.9,42307.9,42315.0,78.056,3304121.8794
2024-02-05 06:42:00,42315.0,42320.4,42257.8,42282.6,209.142,8843149.7703
2024-02-05 06:43:00,42282.6,42289.9,42233.0,42233.8,244.494,10330132.0319
2024-02-05 06:44:00,42233.8,42274.5,42229.6,42262.4,132.194,5585601.786
2024-02-05 06:45:00,42262.4,42294.9,42257.8,42289.9,135.947,5747371.2025
2024-02-05 06:46:00,42289.9,42316.4,42284.0,42305.5,53.992,2283930.2434
2024-02-05 06:47:00,42305.5,42340.0,42305.4,42337.4,61.694,2611365.873
2024-02-05 06:48:00,42337.4,42349.5,42309.0,42313.9,87.962,3723214.051
2024-02-05 06:49:00,42313.9,42328.9,42313.9,42327.6,12.601,533315.0446
2024-02-05 06:50:00,42327.6,42350.0,42327.6,42349.9,45.453,1924549.4102
2024-02-05 06:51:00,42349.9,42350.8,42342.3,42350.8,25.259,1069674.4024
2024-02-05 06:52:00,42350.8,42370.3,42350.7,42367.1,36.037,1526659.9373
2024-02-05 06:53:00,42367.1,42367.1,42367.0,42367.0,7.175,303983.8334
2024-02-05 06:54:00,42367.0,42380.0,42363.4,42363.5,53.812,2280132.544
2024-02-05 06:55:00,42363.5,42394.8,42362.5,42392.2,72.744,3082322.7846
2024-02-05 06:56:00,42392.2,42392.7,42365.0,42388.9,35.281,1495134.2778
2024-02-05 06:57:00,42388.9,42388.9,42370.5,42374.2,15.826,670716.1535
2024-02-05 06:58:00,42374.2,42408.4,42374.2,42407.5,60.897,2581892.6389
2024-02-05 06:59:00,42407.5,42407.5,42394.4,42403.9,30.031,1273257.4549
2024-02-05 07:00:00,42403.9,42417.7,42385.3,42386.6,89.303,3786959.3287
2024-02-05 07:01:00,42386.6,42391.5,42369.7,42387.7,76.845,3256208.2372
2024-02-05 07:02:00,42387.7,42387.8,42367.6,42369.9,21.32,903480.5219
2024-02-05 07:03:00,42369.9,42386.7,42365.5,42386.7,17.912,759015.1906
2024-02-05 07:04:00,42386.7,42430.4,42384.8,42430.4,68.415,2901875.3278
2024-02-05 07:05:00,42430.4,42504.8,42427.2,42483.7,302.774,12860251.9783
2024-02-05 07:06:00,42483.7,42483.8,42457.5,42464.6,43.995,1868537.9071
2024-02-05 07:07:00,42464.6,42464.7,42434.6,42436.8,48.412,2054664.2261
2024-02-05 07:08:00,42436.8,42441.1,42435.6,42436.3,7.992,339162.0489
2024-02-05 07:09:00,42436.3,42445.7,42435.5,42439.3,19.473,826457.463
2024-02-05 07:10:00,42439.3,42463.5,42439.3,42452.9,20.804,883232.0203
2024-02-05 07:11:00,42452.9,42464.6,42452.9,42460.0,19.11,811445.1127
2024-02-05 07:12:00,42460.0,42467.4,42460.0,42467.4,11.239,477248.1183
2024-02-05 07:13:00,42467.4,42467.4,42451.9,42466.7,9.654,409897.7974
2024-02-05 07:14:00,42466.7,42466.8,42462.0,42465.0,6.26,265825.1584
2024-02-05 07:15:00,42465.0,42474.0,42464.9,42472.2,17.802,756084.8112
2024-02-05 07:16:00,42472.2,42472.2,42455.9,42457.9,9.472,402219.0492
2024-02-05 07:17:00,42457.9,42457.9,42426.5,42429.7,49.34,2094049.0452
2024-02-05 07:18:00,42429.7,42450.0,42429.7,42432.3,10.277,436153.3204
2024-02-05 07:19:00,42432.3,42436.4,42426.0,42427.7,11.167,473868.1552
2024-02-05 07:20:00,42427.7,42443.3,42427.7,42430.7,23.44,994699.6498
2024-02-05 07:21:00,42430.7,42449.9,42426.6,42445.7,40.977,1738768.3863
2024-02-05 07:22:00,42445.7,42466.0,42445.6,42459.6,11.685,496121.187
2024-02-05 07:23:00,42459.6,42472.2,42459.5,42472.2,17.977,763392.2879
2024-02-05 07:24:00,42472.2,42472.2,42425.6,42438.3,103.773,4405493.5325
2024-02-05 07:25:00,42438.3,42457.6,42438.3,42457.6,20.272,860471.5258
2024-02-05 07:26:00,42457.6,42463.6,42450.5,42463.6,27.273,1157939.8022
2024-02-05 07:27:00,42463.6,42482.5,42463.6,42482.5,35.261,1497624.2854
2024-02-05 07:28:00,42482.5,42537.4,42482.5,42523.5,305.261,12978884.0246
2024-02-05 07:29:00,42523.5,42523.5,42510.3,42512.4,20.813,884835.7051
2024-02-05 07:30:00,42512.4,42518.6,42474.5,42480.3,50.224,2134275.4737
2024-02-05 07:31:00,42480.3,42500.1,42480.3,42500.0,25.465,1082154.2658
2024-02-05 07:32:00,42500.0,42500.5,42494.8,42494.8,18.457,784412.2785
2024-02-05 07:33:00,42494.8,42494.8,42491.8,42492.2,11.758,499632.4929
2024-02-05 07:34:00,42492.2,42492.2,42463.6,42463.8,43.622,1853117.8524
2024-02-05 07:35:00,42463.8,42484.5,42463.8,42477.8,15.093,641045.6103
2024-02-05 07:36:00,42477.8,42500.0,42477.0,42500.0,25.535,1084855.5571
2024-02-05 07:37:00,42500.0,42513.0,42499.9,42506.7,20.253,860869.1618
2024-02-05 07:38:00,42506.7,42507.1,42500.0,42503.6,19.461,827176.3156
2024-02-05 07:39:00,42503.6,42506.5,42483.5,42487.1,73.124,3107579.4952
2024-02-05 07:40:00,42487.1,42487.1,42478.0,42483.5,22.03,935913.4895
2024-02-05 07:41:00,42483.5,42483.5,42464.5,42477.9,15.213,646116.6838
2024-02-05 07:42:00,42477.9,42482.4,42466.0,42466.0,13.514,574053.964
2024-02-05 07:43:00,42466.0,42466.1,42455.2,42463.0,27.041,1148087.1441
2024-02-05 07:44:00,42463.0,42463.0,42455.0,42455.1,8.263,350851.5133
2024-02-05 07:45:00,42455.1,42455.1,42391.7,42412.4,173.332,7353355.0984
2024-02-05 07:46:00,42412.4,42431.3,42412.4,42415.0,67.612,2868289.2572
2024-02-05 07:47:00,42415.0,42423.3,42414.0,42414.1,25.936,1100222.0795
2024-02-05 07:48:00,42414.1,42414.1,42399.2,42399.3,36.893,1564369.5357
2024-02-05 07:49:00,42399.3,42400.2,42374.7,42377.0,65.419,2773298.3127
2024-02-05 07:50:00,42377.0,42378.5,42357.1,42373.6,174.959,7413007.8526
2024-02-05 07:51:00,42373.6,42376.5,42369.0,42372.6,26.789,1135127.799
2024-02-05 07:52:00,42372.6,42394.1,42372.6,42391.6,47.435,2010353.3395
2024-02-05 07:53:00,42391.6,42392.0,42379.2,42383.0,14.331,607455.2874
2024-02-05 07:54:00,42383.0,42389.2,42381.8,42388.6,15.791,669342.5011
2024-02-05 07:55:00,42388.6,42406.0,42388.6,42406.0,35.435,1502408.8363
2024-02-05 07:56:00,42406.0,42406.0,42401.7,42406.0,10.068,426933.8819
2024-02-05 07:57:00,42406.0,42406.0,42395.0,42395.0,6.949,294663.6555
2024-02-05 07:58:00,42395.0,42403.9,42395.0,42403.9,5.364,227431.433
2024-02-05 07:59:00,42403.9,42405.8,42393.0,42393.0,4.742,201055.6864
2024-02-05 08:00:00,42393.0,42398.0,42385.2,42387.0,21.156,896837.9678
2024-02-05 08:01:00,42387.0,42393.6,42386.0,42386.2,2.917,123646.7844
2024-02-05 08:02:00,42386.2,42390.6,42377.0,42379.0,15.154,642363.4851
2024-02-05 08:03:00,42379.0,42395.1,42373.8,42393.1,20.362,863091.3196
2024-02-05 08:04:00,42393.1,42393.2,42375.0,42383.6,16.386,694458.9154
2024-02-05 08:05:00,42383.6,42393.4,42383.6,42387.9,9.902,419734.8906
2024-02-05 08:06:00,42387.9,42401.0,42387.9,42398.0,13.887,588775.0227
2024-02-05 08:07:00,42398.0,42420.0,42394.6,42416.0,18.874,800383.9563
2024-02-05 08:08:00,42416.0,42416.0,42393.4,42396.8,21.249,900958.1358
2024-02-05 08:09:00,42396.8,42416.0,42396.8,42409.6,26.678,1131204.8006
2024-02-05 08:10:00,42409.6,42418.9,42409.5,42417.2,8.823,374251.0314
2024-02-05 08:11:00,42417.2,42417.2,42388.1,42388.2,22.486,953405.6882
2024-02-05 08:12:00,42388.2,42400.4,42388.1,42397.7,21.329,904269.6502
2024-02-05 08:13:00,42397.7,42417.5,42397.7,42413.4,20.769,880888.4757
2024-02-05 08:14:00,42413.4,42432.1,42413.4,42432.0,8.479,359754.14
2024-02-05 08:15:00,42432.0,42452.5,42432.0,42451.9,18.204,772632.7224
2024-02-05 08:16:00,42451.9,42451.9,42436.5,42440.1,8.354,354572.2729
2024-02-05 08:17:00,42440.1,42440.1,42435.3,42435.8,7.457,316447.8311
2024-02-05 08:18:00,42435.8,42442.6,42430.1,42440.8,12.937,548968.2417
2024-02-05 08:19:00,42440.8,42440.9,42440.3,42440.3,4.327,183640.8015
2024-02-05 08:20:00,42440.3,42440.3,42434.7,42434.7,2.566,108891.3154
2024-02-05 08:21:00,42434.7,42434.7,42428.7,42432.6,6.368,270201.207
2024-02-05 08:22:00,42432.6,42432.6,42432.5,42432.5,3.146,133492.8581
2024-02-05 08:23:00,42432.5,42432.5,42414.0,42414.0,20.34,862764.928
2024-02-05 08:24:00,42414.0,42419.2,42413.3,42419.2,10.375,440046.6741
2024-02-05 08:25:00,42419.2,42426.5,42419.1,42426.4,17.032,722604.6872
2024-02-05 08:26:00,42426.4,42426.5,42420.3,42420.3,4.675,198320.0758
2024-02-05 08:27:00,42420.3,42420.4,42416.1,42416.2,2.598,110204.7779
2024-02-05 08:28:00,42416.2,42416.2,42410.0,42413.5,42.923,1820452.9619
2024-02-05 08:29:00,42413.5,42432.9,42413.5,42432.8,20.304,861400.0231
2024-02-05 08:30:00,42432.8,42439.8,42422.7,42438.9,10.235,434291.7003
2024-02-05 08:31:00,42438.9,42442.0,42434.7,42442.0,9.555,405505.4494
2024-02-05 08:32:00,42442.0,42442.0,42429.8,42434.0,13.243,561983.7293
2024-02-05 08:33:00,42434.0,42448.3,42433.9,42442.3,9.242,392251.6144
2024-02-05 08:34:00,42442.3,42449.6,42442.3,42446.4,13.054,554091.8484
2024-02-05 08:35:00,42446.4,42448.1,42443.8,42448.1,21.525,913650.5059
2024-02-05 08:36:00,42448.1,42479.8,42448.1,42478.4,63.008,2675968.1983
2024-02-05 08:37:00,42478.4,42502.2,42473.6,42494.1,194.253,8254076.0884
2024-02-05 08:38:00,42494.1,42494.1,42476.4,42476.5,14.326,608640.1239
2024-02-05 08:39:00,42476.5,42480.1,42475.2,42480.1,19.49,827870.5683
2024-02-05 08:40:00,42480.1,42522.9,42480.0,42522.8,65.799,2796600.9425
2024-02-05 08:41:00,42522.8,42531.0,42520.0,42529.6,84.303,3584920.9003
2024-02-05 08:42:00,42529.6,42532.3,42525.0,42525.7,74.64,3174359.318
2024-02-05 08:43:00,42525.7,42525.7,42517.3,42519.9,29.877,1270388.0525
2024-02-05 08:44:00,42519.9,42519.9,42517.6,42517.6,23.11,982597.9145
2024-02-05 08:45:00,42517.6,42543.8,42517.6,42543.7,43.14,1834885.6421
2024-02-05 08:46:00,42543.7,42546.0,42527.7,42531.3,59.514,2531701.7052
2024-02-05 08:47:00,42531.3,42590.0,42531.3,42574.1,145.309,6185771.2081
2024-02-05 08:48:00,42574.1,42574.1,42541.1,42547.3,39.844,1695489.3602
2024-02-05 08:49:00,42547.3,42547.4,42541.1,42541.2,11.961,508839.0964
2024-02-05 08:50:00,42541.2,42556.5,42541.2,42541.7,20.264,862170.4573
2024-02-05 08:51:00,42541.7,42541.7,42527.8,42539.0,69.998,2977342.3192
2024-02-05 08:52:00,42539.0,42548.0,42539.0,42547.1,17.504,744683.0879
2024-02-05 08:53:00,42547.1,42556.2,42547.0,42555.7,21.888,931359.3539
2024-02-05 08:54:00,42555.7,42570.0,42555.7,42570.0,24.19,1029639.8324
2024-02-05 08:55:00,42570.0,42574.7,42559.6,42559.6,14.251,606670.4802
2024-02-05 08:56:00,42559.6,42559.6,42551.8,42553.0,25.57,1088122.0031
2024-02-05 08:57:00,42553.0,42558.0,42551.1,42558.0,13.174,560587.3918
2024-02-05 08:58:00,42558.0,42558.4,42548.5,42554.8,7.833,333325.2905
2024-02-05 08:59:00,42554.8,42560.0,42551.7,42559.9,10.746,457302.0672
2024-02-05 09:00:00,42559.9,42559.9,42546.6,42552.2,15.836,673848.5981
2024-02-05 09:01:00,42552.2,42583.3,42552.2,42578.1,33.81,1439149.6009
2024-02-05 09:02:00,42578.1,42594.4,42570.0,42594.1,44.159,1880528.1521
2024-02-05 09:03:00,42594.1,42594.1,42586.8,42588.3,25.524,1087047.4145
2024-02-05 09:04:00,42588.3,42588.3,42579.4,42579.4,18.224,776003.0378
2024-02-05 09:05:00,42579.4,42579.5,42575.7,42575.7,14.318,609645.5668
2024-02-05 09:06:00,42575.7,42575.8,42562.0,42572.6,58.204,2477618.7359
2024-02-05 09:07:00,42572.6,42580.0,42571.2,42579.9,9.516,405146.019
2024-02-05 09:08:00,42579.9,42580.0,42565.8,42572.4,17.79,757379.8855
2024-02-05 09:09:00,42572.4,42574.0,42566.3,42567.5,10.935,465527.1972
2024-02-05 09:10:00,42567.5,42567.5,42551.6,42561.2,22.459,955806.9932
2024-02-05 09:11:00,42561.2,42567.7,42561.2,42562.7,5.668,241255.3576
2024-02-05 09:12:00,42562.7,42567.9,42559.3,42560.3,11.498,489401.16
2024-02-05 09:13:00,42560.3,42566.1,42560.3,42566.1,6.935,295161.7497
2024-02-05 09:14:00,42566.1,42575.0,42566.1,42567.9,10.374,441635.3503
2024-02-05 09:15:00,42567.9,42576.9,42567.9,42576.9,13.328,567441.1751
2024-02-05 09:16:00,42576.9,42608.7,42567.7,42597.3,92.238,3928821.0149
2024-02-05 09:17:00,42597.3,42597.4,42579.4,42584.2,23.917,1018607.45
2024-02-05 09:18:00,42584.2,42584.2,42584.0,42584.1,8.011,341141.0456
2024-02-05 09:19:00,42584.1,42587.0,42583.6,42583.7,6.166,262574.0778
2024-02-05 09:20:00,42583.7,42610.3,42583.7,42604.1,38.191,1627059.2351
2024-02-05 09:21:00,42604.1,42675.2,42604.0,42633.2,401.51,17123796.5604
2024-02-05 09:22:00,42633.2,42687.5,42633.2,42671.8,230.377,9827940.0405
2024-02-05 09:23:00,42671.8,42673.5,42652.7,42653.2,36.544,1559090.0565
2024-02-05 09:24:00,42653.2,42678.9,42650.0,42656.0,81.503,3477026.0012
2024-02-05 09:25:00,42656.0,42667.3,42652.7,42656.0,25.244,1076855.5723
2024-02-05 09:26:00,42656.0,42685.0,42656.0,42666.5,55.943,2387221.9547
2024-02-05 09:27:00,42666.5,42687.2,42664.9,42678.5,51.58,2201277.8645
2024-02-05 09:28:00,42678.5,42697.7,42677.8,42689.7,53.081,2266009.7512
2024-02-05 09:29:00,42689.7,42718.8,42685.2,42700.1,150.904,6444530.4315
2024-02-05 09:30:00,42700.1,42707.3,42677.0,42677.0,89.993,3841521.8059
2024-02-05 09:31:00,42677.0,42685.5,42658.1,42685.4,56.86,2426143.3059
2024-02-05 09:32:00,42685.4,42685.4,42663.5,42667.7,54.941,2344497.7866
2024-02-05 09:33:00,42667.7,42668.6,42650.0,42661.4,81.126,3460488.155
2024-02-05 09:34:00,42661.4,42672.1,42661.4,42669.2,11.216,478552.2026
2024-02-05 09:35:00,42669.2,42680.1,42667.4,42678.4,46.362,1978430.7951
2024-02-05 09:36:00,42678.4,42692.8,42675.2,42692.8,49.482,2112217.773
2024-02-05 09:37:00,42692.8,42693.0,42673.9,42680.1,14.53,620225.2593
2024-02-05 09:38:00,42680.1,42700.0,42678.9,42681.2,104.681,4468912.2793
2024-02-05 09:39:00,42681.2,42684.5,42679.0,42680.6,15.952,680852.1732
2024-02-05 09:40:00,42680.6,42683.4,42677.3,42680.5,21.473,916471.2036
2024-02-05 09:41:00,42680.5,42680.5,42667.9,42675.4,18.564,792199.5136
2024-02-05 09:42:00,42675.4,42676.6,42658.8,42662.4,34.373,1466494.9509
2024-02-05 09:43:00,42662.4,42676.4,42660.1,42662.0,108.785,4641392.1194
2024-02-05 09:44:00,42662.0,42668.9,42657.0,42666.0,13.627,581359.9531
2024-02-05 09:45:00,42666.0,42673.6,42661.3,42663.4,8.882,378989.949
2024-02-05 09:46:00,42663.4,42681.9,42663.0,42681.9,9.704,414126.8228
2024-02-05 09:47:00,42681.9,42692.1,42675.7,42692.1,40.267,1718742.9054
2024-02-05 09:48:00,42692.1,42699.0,42692.1,42699.0,14.926,637241.6876
2024-02-05 09:49:00,42699.0,42715.1,42698.9,42715.1,49.968,2133926.3314
2024-02-05 09:50:00,42715.1,42753.8,42715.0,42753.8,286.338,12237235.7688
2024-02-05 09:51:00,42753.8,42786.0,42753.8,42770.3,166.421,7118030.7458
2024-02-05 09:52:00,42770.3,42814.2,42750.0,42750.1,200.229,8566736.6561
2024-02-05 09:53:00,42750.1,42754.9,42731.5,42731.6,48.262,2062842.4677
2024-02-05 09:54:00,42731.6,42740.9,42722.9,42738.7,24.541,1048683.4599
2024-02-05 09:55:00,42738.7,42748.8,42729.0,42729.0,23.448,1002117.9526
2024-02-05 09:56:00,42729.0,42735.4,42721.7,42732.0,30.244,1292272.4553
2024-02-05 09:57:00,42732.0,42748.6,42729.1,42738.9,29.614,1265615.962
2024-02-05 09:58:00,42738.9,42742.1,42723.4,42723.4,15.738,672567.9236
2024-02-05 09:59:00,42723.4,42750.0,42723.4,42742.3,19.426,830363.9387
2024-02-05 10:00:00,42742.3,42750.0,42733.8,42742.1,41.458,1772138.0607
2024-02-05 10:01:00,42742.1,42747.0,42742.1,42744.4,5.743,245487.167
2024-02-05 10:02:00,42744.4,42749.9,42744.3,42749.8,5.454,233146.2716
2024-02-05 10:03:00,42749.8,42753.2,42742.8,42748.4,15.717,671894.1038
2024-02-05 10:04:00,42748.4,42783.5,42748.4,42781.8,52.088,2227660.2867
2024-02-05 10:05:00,42781.8,42781.9,42765.1,42767.2,40.282,1722992.1973
2024-02-05 10:06:00,42767.2,42767.2,42737.2,42737.9,41.289,1764818.5844
2024-02-05 10:07:00,42737.9,42739.9,42705.3,42719.7,150.909,6447463.779
2024-02-05 10:08:00,42719.7,42736.6,42710.9,42723.1,91.263,3898861.3924
2024-02-05 10:09:00,42723.1,42757.1,42723.0,42753.6,33.838,1446311.4814
2024-02-05 10:10:00,42753.6,42753.7,42738.7,42742.0,17.899,765165.4352
2024-02-05 10:11:00,42742.0,42750.0,42720.3,42729.0,29.87,1276595.5604
2024-02-05 10:12:00,42729.0,42736.5,42724.5,42728.0,12.348,527617.4424
2024-02-05 10:13:00,42728.0,42728.9,42723.5,42723.5,10.409,444740.4507
2024-02-05 10:14:00,42723.5,42723.6,42715.6,42719.9,18.162,775904.1944
2024-02-05 10:15:00,42719.9,42729.7,42706.3,42706.3,12.459,532280.3478
2024-02-05 10:16:00,42706.3,42706.3,42683.3,42692.0,54.218,2314835.5012
2024-02-05 10:17:00,42692.0,42709.0,42692.0,42709.0,38.627,1649327.1331
2024-02-05 10:18:00,42709.0,42728.0,42709.0,42727.9,22.582,964578.3676
2024-02-05 10:19:00,42727.9,42730.0,42722.0,42727.3,19.074,814979.5427
2024-02-05 10:20:00,42727.3,42728.2,42727.3,42727.6,5.491,234619.4423
2024-02-05 10:21:00,42727.6,42727.7,42725.6,42725.7,4.459,190520.7943
2024-02-05 10:22:00,42725.7,42727.7,42725.0,42725.0,20.355,869680.9241
2024-02-05 10:23:00,42725.0,42725.1,42709.7,42720.3,26.853,1147242.9845
2024-02-05 10:24:00,42720.3,42742.5,42720.3,42742.5,35.865,1532549.6839
2024-02-05 10:25:00,42742.5,42742.5,42730.0,42731.9,10.151,433819.2996
2024-02-05 10:26:00,42731.9,42738.9,42731.9,42733.0,45.553,1946687.6331
2024-02-05 10:27:00,42733.0,42734.7,42724.3,42724.3,28.448,1215633.1115
2024-02-05 10:28:00,42724.3,42742.9,42724.3,42741.2,30.947,1322347.5878
2024-02-05 10:29:00,42741.2,42741.3,42724.6,42724.7,11.501,491508.3652
2024-02-05 10:30:00,42724.7,42732.2,42710.5,42723.7,12.359,528000.7886
2024-02-05 10:31:00,42723.7,42731.4,42723.7,42731.4,22.743,971749.7111
2024-02-05 10:32:00,42731.4,42735.8,42720.9,42721.0,13.962,596618.8793
2024-02-05 10:33:00,42721.0,42726.9,42720.9,42723.5,7.657,327154.9875
2024-02-05 10:34:00,42723.5,42723.5,42698.5,42700.8,40.44,1727199.3491
2024-02-05 10:35:00,42700.8,42700.9,42666.8,42668.0,110.87,4731892.9538
2024-02-05 10:36:00,42668.0,42688.6,42668.0,42676.2,16.058,685327.6432
2024-02-05 10:37:00,42676.2,42676.3,42636.5,42669.1,195.372,8333594.9055
2024-02-05 10:38:00,42669.1,42670.0,42653.2,42661.5,20.336,867653.0912
2024-02-05 10:39:00,42661.5,42667.0,42651.3,42656.6,22.994,980997.8538
2024-02-05 10:40:00,42656.6,42679.9,42653.2,42665.4,87.474,3731914.7491
2024-02-05 10:41:00,42665.4,42677.6,42656.0,42677.6,17.007,725635.8079
2024-02-05 10:42:00,42677.6,42680.0,42666.6,42670.0,18.297,780881.6198
2024-02-05 10:43:00,42670.0,42670.1,42654.7,42654.7,22.689,968039.982
2024-02-05 10:44:00,42654.7,42661.8,42654.7,42656.1,10.7,456458.1113
2024-02-05 10:45:00,42656.1,42659.9,42654.6,42659.0,5.63,240168.1979
2024-02-05 10:46:00,42659.0,42659.1,42659.0,42659.0,12.462,531616.5107
2024-02-05 10:47:00,42659.0,42660.0,42650.3,42650.9,15.297,652492.5894
2024-02-05 10:48:00,42650.9,42656.9,42650.3,42654.6,20.368,868738.2248
2024-02-05 10:49:00,42654.6,42654.6,42650.5,42654.1,7.541,321652.9186
2024-02-05 10:50:00,42654.1,42659.9,42654.0,42655.6,6.496,277092.4406
2024-02-05 10:51:00,42655.6,42673.4,42655.6,42668.7,39.827,1699171.6253
2024-02-05 10:52:00,42668.7,42668.7,42653.7,42653.9,7.867,335625.0561
2024-02-05 10:53:00,42653.9,42659.3,42651.0,42652.3,21.51,917487.68
2024-02-05 10:54:00,42652.3,42659.7,42652.3,42659.0,2.225,94914.7293
2024-02-05 10:55:00,42659.0,42659.1,42654.0,42654.0,7.11,303297.4691
2024-02-05 10:56:00,42654.0,42654.0,42647.3,42647.3,39.532,1686015.0634
2024-02-05 10:57:00,42647.3,42647.3,42628.9,42629.3,34.834,1485218.5993
2024-02-05 10:58:00,42629.3,42633.4,42620.3,42629.0,32.85,1400214.0629
2024-02-05 10:59:00,42629.0,42629.9,42623.4,42623.4,7.5,319694.9958
2024-02-05 11:00:00,42623.4,42632.3,42623.4,42632.2,5.511,234918.3111
2024-02-05 11:01:00,42632.2,42650.0,42632.2,42645.0,15.413,657284.1064
2024-02-05 11:02:00,42645.0,42662.9,42643.0,42660.1,19.192,818658.9778
2024-02-05 11:03:00,42660.1,42660.1,42658.9,42659.0,5.529,235864.9703
2024-02-05 11:04:00,42659.0,42663.0,42658.9,42663.0,6.787,289548.8784
2024-02-05 11:05:00,42663.0,42680.7,42662.9,42676.0,54.985,2346515.0204
2024-02-05 11:06:00,42676.0,42676.0,42660.1,42660.1,17.853,761834.8168
2024-02-05 11:07:00,42660.1,42670.0,42660.1,42666.1,13.401,571751.4447
2024-02-05 11:08:00,42666.1,42666.1,42663.1,42663.1,4.405,187932.3971
2024-02-05 11:09:00,42663.1,42663.2,42660.0,42660.1,4.17,177894.9708
2024-02-05 11:10:00,42660.1,42682.8,42660.1,42682.7,19.541,833923.771
2024-02-05 11:11:00,42682.7,42683.1,42679.4,42679.4,10.615,453069.9591
2024-02-05 11:12:00,42679.4,42685.7,42679.4,42685.7,7.056,301150.3625
2024-02-05 11:13:00,42685.7,42698.9,42682.1,42698.9,25.981,1109094.4812
2024-02-05 11:14:00,42698.9,42700.0,42698.9,42699.9,6.319,269820.1875
2024-02-05 11:15:00,42699.9,42709.6,42696.1,42709.6,33.061,1411781.5868
2024-02-05 11:16:00,42709.6,42729.6,42709.6,42721.5,44.191,1887803.6839
2024-02-05 11:17:00,42721.5,42749.0,42721.4,42735.4,84.272,3601372.9253
2024-02-05 11:18:00,42735.4,42735.4,42722.2,42733.0,21.041,899052.5347
2024-02-05 11:19:00,42733.0,42735.2,42727.9,42727.9,12.313,526144.4231
2024-02-05 11:20:00,42727.9,42736.0,42727.9,42735.9,21.292,909782.1797
2024-02-05 11:21:00,42735.9,42755.0,42735.9,42755.0,28.985,1239050.9068
2024-02-05 11:22:00,42755.0,42762.4,42750.9,42752.1,96.051,4106770.5415
2024-02-05 11:23:00,42752.1,42761.4,42752.0,42755.9,21.214,907021.6532
2024-02-05 11:24:00,42755.9,42756.0,42752.6,42752.6,19.935,852311.1888
2024-02-05 11:25:00,42752.6,42753.5,42736.1,42736.1,51.092,2183805.0396
2024-02-05 11:26:00,42736.1,42745.8,42736.1,42736.2,11.862,506972.6142
2024-02-05 11:27:00,42736.2,42740.6,42725.7,42735.8,59.54,2544473.2651
2024-02-05 11:28:00,42735.8,42760.2,42735.7,42760.1,17.526,749333.1441
2024-02-05 11:29:00,42760.1,42767.0,42760.1,42762.6,37.622,1608888.3425
2024-02-05 11:30:00,42762.6,42763.9,42758.2,42758.3,15.593,666767.6318
2024-02-05 11:31:00,42758.3,42758.3,42755.1,42755.2,3.501,149686.9754
2024-02-05 11:32:00,42755.2,42770.8,42755.1,42765.5,30.625,1309680.3141
2024-02-05 11:33:00,42765.5,42777.0,42765.4,42775.8,18.024,770905.6916
2024-02-05 11:34:00,42775.8,42775.8,42775.5,42775.5,9.045,386904.9921
2024-02-05 11:35:00,42775.5,42786.0,42775.5,42786.0,18.219,779438.9093
2024-02-05 11:36:00,42786.0,42800.0,42785.9,42789.9,58.601,2507736.7032
2024-02-05 11:37:00,42789.9,42797.4,42783.0,42796.6,28.828,1233468.7248
2024-02-05 11:38:00,42796.6,42796.6,42784.2,42784.6,42.336,1811483.7665
2024-02-05 11:39:00,42784.6,42789.0,42784.5,42787.1,8.854,378838.4457
2024-02-05 11:40:00,42787.1,42800.0,42787.0,42797.1,36.934,1580596.3905
2024-02-05 11:41:00,42797.1,42835.0,42797.0,42827.5,108.387,4641388.3586
2024-02-05 11:42:00,42827.5,42827.6,42765.7,42777.1,204.679,8758776.731
2024-02-05 11:43:00,42777.1,42777.1,42724.1,42745.6,117.45,5020676.5965
2024-02-05 11:44:00,42745.6,42745.7,42724.1,42740.3,47.423,2026600.8959
2024-02-05 11:45:00,42740.3,42740.3,42735.0,42735.0,9.531,407321.301
2024-02-05 11:46:00,42735.0,42735.1,42735.0,42735.0,10.804,461709.1442
2024-02-05 11:47:00,42735.0,42735.1,42735.0,42735.0,7.171,306452.9734
2024-02-05 11:48:00,42735.0,42735.1,42712.5,42712.5,34.751,1484892.9544
2024-02-05 11:49:00,42712.5,42718.4,42700.2,42703.5,31.617,1350237.2489
2024-02-05 11:50:00,42703.5,42709.8,42701.3,42705.3,42.596,1819061.3016
2024-02-05 11:51:00,42705.3,42710.0,42695.3,42710.0,25.533,1090347.8819
2024-02-05 11:52:00,42710.0,42732.5,42709.9,42731.3,12.912,551659.9615
2024-02-05 11:53:00,42731.3,42756.1,42731.3,42745.4,39.214,1676124.9348
2024-02-05 11:54:00,42745.4,42751.8,42742.2,42742.2,25.262,1079872.4182
2024-02-05 11:55:00,42742.2,42742.3,42727.4,42735.3,33.138,1416184.5763
2024-02-05 11:56:00,42735.3,42735.4,42723.7,42723.7,15.081,644370.9856
2024-02-05 11:57:00,42723.7,42723.8,42710.9,42711.0,23.112,987252.4818
2024-02-05 11:58:00,42711.0,42737.2,42710.9,42731.5,41.915,1790958.2094
2024-02-05 11:59:00,42731.5,42731.6,42710.3,42711.0,26.986,1152833.9433
2024-02-05 12:00:00,42711.0,42711.1,42711.0,42711.0,9.483,405028.5115
2024-02-05 12:01:00,42711.0,42725.5,42709.5,42709.5,12.776,545710.4777
2024-02-05 12:02:00,42709.5,42709.6,42697.6,42697.7,14.132,603526.2059
2024-02-05 12:03:00,42697.7,42697.7,42675.2,42678.8,69.945,2985497.9783
2024-02-05 12:04:00,42678.8,42700.1,42678.7,42699.9,30.398,1297814.9847
2024-02-05 12:05:00,42699.9,42700.0,42691.7,42699.6,24.985,1066709.0686
2024-02-05 12:06:00,42699.6,42707.6,42699.5,42703.9,39.368,1681056.4018
2024-02-05 12:07:00,42703.9,42703.9,42696.5,42696.6,11.684,498915.7088
2024-02-05 12:08:00,42696.6,42709.5,42688.4,42709.5,16.104,687521.4263
2024-02-05 12:09:00,42709.5,42711.5,42709.4,42711.5,6.823,291417.2443
2024-02-05 12:10:00,42711.5,42713.3,42700.6,42705.6,16.082,686855.6135
2024-02-05 12:11:00,42705.6,42708.0,42705.6,42707.9,7.963,340067.9675
2024-02-05 12:12:00,42707.9,42708.5,42707.9,42707.9,4.433,189325.5868
2024-02-05 12:13:00,42707.9,42716.6,42707.9,42716.6,9.342,399010.7642
2024-02-05 12:14:00,42716.6,42716.6,42716.5,42716.6,2.971,126910.9515
2024-02-05 12:15:00,42716.6,42739.9,42716.5,42739.9,19.625,838531.7525
2024-02-05 12:16:00,42739.9,42739.9,42739.8,42739.9,5.117,218699.9999
2024-02-05 12:17:00,42739.9,42739.9,42732.5,42732.6,9.152,391149.8449
2024-02-05 12:18:00,42732.6,42740.1,42732.5,42740.1,3.938,168297.1764
2024-02-05 12:19:00,42740.1,42745.1,42732.6,42732.6,19.442,830953.0522
2024-02-05 12:20:00,42732.6,42743.5,42732.5,42743.4,6.484,277085.7698
2024-02-05 12:21:00,42743.4,42759.9,42743.4,42759.8,17.357,742066.9286
2024-02-05 12:22:00,42759.8,42777.1,42759.8,42777.0,63.22,2703877.0571
2024-02-05 12:23:00,42777.0,42780.0,42776.9,42776.9,28.499,1219169.0722
2024-02-05 12:24:00,42776.9,42780.8,42776.9,42780.8,13.665,584572.3736
2024-02-05 12:25:00,42780.8,42780.8,42776.9,42780.8,6.642,284135.787
2024-02-05 12:26:00,42780.8,42794.1,42778.9,42789.2,39.439,1687484.5161
2024-02-05 12:27:00,42789.2,42806.9,42783.4,42804.7,43.898,1878803.0258
2024-02-05 12:28:00,42804.7,42818.2,42804.6,42808.2,66.551,2849084.1216
2024-02-05 12:29:00,42808.2,42808.2,42793.0,42797.3,34.308,1468252.182
2024-02-05 12:30:00,42797.3,42824.3,42797.3,42817.9,48.209,2064033.3924
2024-02-05 12:31:00,42817.9,42830.0,42816.2,42818.3,107.61,4608241.3199
2024-02-05 12:32:00,42818.3,42818.3,42795.5,42800.7,24.695,1057081.3236
2024-02-05 12:33:00,42800.7,42806.4,42800.7,42806.1,31.185,1334822.0191
2024-02-05 12:34:00,42806.1,42807.6,42795.0,42795.0,10.709,458371.8665
2024-02-05 12:35:00,42795.0,42795.0,42779.1,42789.6,28.291,1210473.9619
2024-02-05 12:36:00,42789.6,42789.7,42778.2,42784.7,20.222,865103.5482
2024-02-05 12:37:00,42784.7,42786.0,42766.5,42766.6,87.412,3739370.1858
2024-02-05 12:38:00,42766.6,42777.6,42765.6,42777.6,40.971,1752273.557
2024-02-05 12:39:00,42777.6,42785.4,42769.2,42785.4,15.64,669009.1174
2024-02-05 12:40:00,42785.4,42785.4,42771.6,42774.9,5.274,225613.4241
2024-02-05 12:41:00,42774.9,42786.1,42772.9,42778.3,34.488,1475467.042
2024-02-05 12:42:00,42778.3,42785.5,42776.2,42785.5,2.618,112000.1501
2024-02-05 12:43:00,42785.5,42790.2,42780.5,42780.6,9.527,407613.5152
2024-02-05 12:44:00,42780.6,42780.6,42776.3,42776.4,5.279,225832.6651
2024-02-05 12:45:00,42776.4,42807.7,42776.3,42807.6,20.848,892049.5684
2024-02-05 12:46:00,42807.6,42826.4,42807.4,42807.5,80.963,3466617.9699
2024-02-05 12:47:00,42807.5,42816.6,42800.1,42813.6,14.079,602679.5975
2024-02-05 12:48:00,42813.6,42817.6,42800.1,42817.5,14.287,611592.9704
2024-02-05 12:49:00,42817.5,42825.0,42817.5,42825.0,16.766,717944.1463
2024-02-05 12:50:00,42825.0,42866.7,42824.9,42837.5,182.925,7838185.6708
2024-02-05 12:51:00,42837.5,42870.5,42818.0,42842.2,166.794,7146323.9254
2024-02-05 12:52:00,42842.2,42856.4,42834.8,42841.5,152.496,6533691.154
2024-02-05 12:53:00,42841.5,42850.0,42841.4,42845.8,41.868,1793831.7189
2024-02-05 12:54:00,42845.8,42870.0,42845.3,42866.5,77.305,3313473.2683
2024-02-05 12:55:00,42866.5,42885.7,42862.0,42881.7,140.709,6033072.6051
2024-02-05 12:56:00,42881.7,42923.7,42866.8,42911.3,218.469,9372270.4719
2024-02-05 12:57:00,42911.3,42929.0,42862.6,42880.4,133.743,5737403.3511
2024-02-05 12:58:00,42880.4,42883.8,42864.5,42864.5,37.101,1590609.3337
2024-02-05 12:59:00,42864.5,42891.6,42864.4,42891.4,53.833,2308163.4551
2024-02-05 13:00:00,42891.4,42910.0,42886.9,42909.9,33.724,1446652.7822
2024-02-05 13:01:00,42909.9,42934.9,42900.2,42933.5,89.21,3828292.0458
2024-02-05 13:02:00,42933.5,42933.5,42910.5,42927.0,95.985,4120316.2736
2024-02-05 13:03:00,42927.0,42947.9,42921.7,42940.6,143.824,6175514.3912
2024-02-05 13:04:00,42940.6,42950.0,42940.6,42940.6,65.446,2810589.9423
2024-02-05 13:05:00,42940.6,42950.0,42929.4,42947.1,63.067,2707901.0313
2024-02-05 13:06:00,42947.1,43028.6,42936.3,42978.3,686.443,29510907.6114
2024-02-05 13:07:00,42978.3,43028.6,42944.3,42977.9,229.735,9875441.0044
2024-02-05 13:08:00,42977.9,43058.9,42977.9,43037.4,259.371,11160392.2918
2024-02-05 13:09:00,43037.4,43075.0,43017.7,43043.7,277.465,11944617.4487
2024-02-05 13:10:00,43043.7,43075.0,43039.3,43066.5,205.533,8849361.4147
2024-02-05 13:11:00,43066.5,43066.6,43031.7,43047.5,101.285,4359951.2147
2024-02-05 13:12:00,43047.5,43047.9,43032.2,43042.0,65.095,2801600.6071
2024-02-05 13:13:00,43042.0,43054.0,43015.6,43015.6,102.736,4421251.444
2024-02-05 13:14:00,43015.6,43048.5,43005.0,43045.7,101.071,4348926.1862
2024-02-05 13:15:00,43045.7,43066.0,43032.8,43051.4,292.545,12594644.8016
2024-02-05 13:16:00,43051.4,43066.0,43043.8,43063.0,90.806,3910067.811
2024-02-05 13:17:00,43063.0,43108.2,43061.7,43087.1,303.438,13075256.3977
2024-02-05 13:18:00,43087.1,43108.2,43083.5,43106.1,70.103,3021466.4744
2024-02-05 13:19:00,43106.1,43149.9,43087.8,43087.8,406.689,17537372.1825
2024-02-05 13:20:00,43087.8,43145.0,43085.0,43145.0,153.217,6606106.6004
2024-02-05 13:21:00,43145.0,43150.0,43103.9,43114.3,234.967,10133742.6956
2024-02-05 13:22:00,43114.3,43129.9,43105.5,43107.6,58.703,2531009.9279
2024-02-05 13:23:00,43107.6,43114.1,43100.0,43104.8,108.956,4696481.0344
2024-02-05 13:24:00,43104.8,43104.9,43050.6,43054.6,227.054,9779965.3529
2024-02-05 13:25:00,43054.6,43107.2,43054.6,43104.9,93.805,4041079.8151
2024-02-05 13:26:00,43104.9,43104.9,43050.8,43063.3,126.439,5446373.909
2024-02-05 13:27:00,43063.3,43063.4,43032.2,43039.3,141.04,6072305.5577
2024-02-05 13:28:00,43039.3,43049.4,43016.1,43027.6,112.307,4832240.8211
2024-02-05 13:29:00,43027.6,43050.0,43022.1,43047.2,62.637,2695825.3521
2024-02-05 13:30:00,43047.2,43097.0,43047.2,43076.8,103.905,4476360.1636
2024-02-05 13:31:00,43076.8,43105.0,43071.8,43103.2,115.022,4956541.8321
2024-02-05 13:32:00,43103.2,43170.7,43099.4,43145.8,360.103,15537422.3091
2024-02-05 13:33:00,43145.8,43148.1,43118.0,43136.6,347.02,14968598.1297
2024-02-05 13:34:00,43136.6,43190.6,43126.3,43173.4,544.012,23479938.0525
2024-02-05 13:35:00,43173.4,43181.0,43157.5,43169.4,124.618,5379495.7471
2024-02-05 13:36:00,43169.4,43181.0,43169.3,43173.1,57.858,2497943.2431
2024-02-05 13:37:00,43173.1,43177.3,43155.7,43162.1,142.589,6155387.147
2024-02-05 13:38:00,43162.1,43175.0,43133.6,43133.7,143.708,6202224.2161
2024-02-05 13:39:00,43133.7,43164.4,43132.7,43136.2,76.339,3293596.1887
2024-02-05 13:40:00,43136.2,43136.2,43117.5,43123.6,51.058,2202051.5682
2024-02-05 13:41:00,43123.6,43123.7,43071.0,43103.3,150.846,6499983.1294
2024-02-05 13:42:00,43103.3,43103.3,43071.4,43080.1,72.83,3137743.2928
2024-02-05 13:43:00,43080.1,43080.2,43046.1,43063.3,177.413,7639025.1755
2024-02-05 13:44:00,43063.3,43094.0,43063.3,43085.3,101.871,4388729.2586
2024-02-05 13:45:00,43085.3,43114.5,43081.0,43112.4,67.781,2921554.2125
2024-02-05 13:46:00,43112.4,43112.4,43070.2,43085.6,61.462,2648010.7176
2024-02-05 13:47:00,43085.6,43087.0,43075.1,43084.5,43.058,1855053.5949
2024-02-05 13:48:00,43084.5,43084.6,43066.0,43066.0,30.614,1318785.6979
2024-02-05 13:49:00,43066.0,43066.0,43060.1,43062.9,17.491,753210.2481
2024-02-05 13:50:00,43062.9,43071.9,43022.0,43034.0,154.122,6634853.3242
2024-02-05 13:51:00,43034.0,43039.1,42976.0,42995.3,240.09,10324019.5347
2024-02-05 13:52:00,42995.3,43038.0,42995.3,43021.7,72.992,3140305.6282
2024-02-05 13:53:00,43021.7,43036.0,43018.5,43018.5,24.295,1045346.9423
2024-02-05 13:54:00,43018.5,43032.2,43014.6,43015.2,37.23,1601757.7177
2024-02-05 13:55:00,43015.2,43062.0,43014.8,43037.1,150.188,6463300.9399
2024-02-05 13:56:00,43037.1,43047.6,43036.2,43036.2,35.944,1547035.6517
2024-02-05 13:57:00,43036.2,43055.0,43013.1,43049.7,51.607,2220888.7815
2024-02-05 13:58:00,43049.7,43065.3,43032.6,43051.1,38.829,1671640.5863
2024-02-05 13:59:00,43051.1,43051.1,43022.0,43022.1,18.692,804420.6166
2024-02-05 14:00:00,43022.1,43059.8,43022.1,43059.8,47.357,2038412.4209
2024-02-05 14:01:00,43059.8,43066.4,43039.2,43042.1,29.872,1286267.8399
2024-02-05 14:02:00,43042.1,43050.0,43033.3,43050.0,13.638,586981.9156
2024-02-05 14:03:00,43050.0,43050.0,43036.6,43036.6,11.862,510563.5396
2024-02-05 14:04:00,43036.6,43045.9,43033.3,43033.4,50.039,2153552.7416
2024-02-05 14:05:00,43033.4,43033.4,43010.8,43014.5,22.095,950482.4733
2024-02-05 14:06:00,43014.5,43041.9,43001.3,43036.9,58.797,2529879.203
2024-02-05 14:07:00,43036.9,43036.9,43015.4,43019.9,15.272,657004.7447
2024-02-05 14:08:00,43019.9,43022.2,43010.1,43019.9,26.037,1119987.0423
2024-02-05 14:09:00,43019.9,43039.2,43019.9,43032.3,17.52,753941.5855
2024-02-05 14:10:00,43032.3,43047.1,43024.3,43044.0,17.239,741925.0851
2024-02-05 14:11:00,43044.0,43050.3,43042.6,43042.7,30.128,1296934.6641
2024-02-05 14:12:00,43042.7,43050.3,43020.0,43025.2,27.008,1162161.0988
2024-02-05 14:13:00,43025.2,43025.2,43005.1,43005.1,36.953,1589550.8862
2024-02-05 14:14:00,43005.1,43010.9,42980.0,42980.1,46.768,2010657.1501
2024-02-05 14:15:00,42980.1,42997.7,42974.7,42997.6,34.613,1487834.9634
2024-02-05 14:16:00,42997.6,43020.0,42997.6,43013.6,47.048,2023377.3165
2024-02-05 14:17:00,43013.6,43016.6,43001.3,43016.6,29.632,1274497.3518
2024-02-05 14:18:00,43016.6,43023.4,43002.2,43022.1,31.585,1358663.2192
2024-02-05 14:19:00,43022.1,43022.1,43003.6,43003.6,26.19,1126503.8883
2024-02-05 14:20:00,43003.6,43038.9,43003.6,43038.9,48.668,2093996.2091
2024-02-05 14:21:00,43038.9,43045.8,43027.2,43045.7,43.307,1863739.1672
2024-02-05 14:22:00,43045.7,43046.0,43029.3,43044.0,22.212,956050.4934
2024-02-05 14:23:00,43044.0,43044.1,43030.0,43032.9,9.974,429194.9712
2024-02-05 14:24:00,43032.9,43039.1,43026.4,43026.4,33.139,1425986.3449
2024-02-05 14:25:00,43026.4,43030.0,43002.2,43026.6,33.021,1420287.8382
2024-02-05 14:26:00,43026.6,43026.6,43005.1,43010.0,45.969,1977264.294
2024-02-05 14:27:00,43010.0,43020.8,43010.0,43010.1,26.343,1133081.6752
2024-02-05 14:28:00,43010.1,43030.0,43010.1,43029.9,16.971,730128.0876
2024-02-05 14:29:00,43029.9,43030.0,43006.9,43018.8,14.118,607359.8478
2024-02-05 14:30:00,43018.8,43047.1,43018.8,43047.1,19.204,826436.5219
2024-02-05 14:31:00,43047.1,43052.2,43035.4,43041.5,33.252,1431445.1621
2024-02-05 14:32:00,43041.5,43047.7,43032.2,43046.0,24.075,1036122.1489
2024-02-05 14:33:00,43046.0,43046.1,43033.8,43040.1,11.808,508220.7472
2024-02-05 14:34:00,43040.1,43040.1,43012.2,43013.7,19.921,857078.2376
2024-02-05 14:35:00,43013.7,43020.0,43006.9,43009.9,24.819,1067542.6857
2024-02-05 14:36:00,43009.9,43019.7,43005.5,43016.3,66.286,2851284.9285
2024-02-05 14:37:00,43016.3,43016.3,43004.1,43009.5,22.345,961021.8386
2024-02-05 14:38:00,43009.5,43016.3,43004.0,43004.0,23.102,993697.358
2024-02-05 14:39:00,43004.0,43004.0,42985.0,42986.0,44.705,1922061.5421
2024-02-05 14:40:00,42986.0,43000.0,42986.0,42993.2,37.484,1611595.1642
2024-02-05 14:41:00,42993.2,42993.3,42980.0,42980.0,26.761,1150251.8167
2024-02-05 14:42:00,42980.0,42987.9,42954.2,42960.9,101.015,4340143.5964
2024-02-05 14:43:00,42960.9,42968.9,42960.8,42968.4,35.119,1508902.0413
2024-02-05 14:44:00,42968.4,42971.8,42965.7,42965.9,12.091,519559.4239
2024-02-05 14:45:00,42965.9,42980.0,42965.8,42980.0,12.625,542546.3944
2024-02-05 14:46:00,42980.0,42982.0,42979.3,42981.9,12.923,555442.4331
2024-02-05 14:47:00,42981.9,42989.2,42981.9,42989.1,14.057,604227.6213
2024-02-05 14:48:00,42989.1,43015.3,42989.1,43006.7,82.236,3536127.2811
2024-02-05 14:49:00,43006.7,43006.7,42994.2,43000.8,24.163,1039060.1555
2024-02-05 14:50:00,43000.8,43016.0,42993.6,43016.0,10.486,450985.0429
2024-02-05 14:51:00,43016.0,43016.0,42993.6,42993.6,11.099,477286.0318
2024-02-05 14:52:00,42993.6,43000.0,42989.1,42989.1,17.631,758033.2953
2024-02-05 14:53:00,42989.1,42989.2,42962.0,42976.4,97.115,4172878.5
2024-02-05 14:54:00,42976.4,42985.8,42974.8,42982.1,7.305,313984.5105
2024-02-05 14:55:00,42982.1,42982.1,42971.2,42972.7,13.028,559896.1475
2024-02-05 14:56:00,42972.7,42976.0,42972.7,42974.5,13.145,564910.0461
2024-02-05 14:57:00,42974.5,42975.9,42974.3,42974.4,19.86,853475.8443
2024-02-05 14:58:00,42974.4,42974.4,42967.3,42972.5,12.554,539447.8014
2024-02-05 14:59:00,42972.5,42972.9,42972.5,42972.9,7.497,322167.5487
2024-02-05 15:00:00,42972.9,43003.5,42972.8,43002.9,22.392,962525.8942
2024-02-05 15:01:00,43002.9,43002.9,42968.3,42968.3,10.434,448487.8155
2024-02-05 15:02:00,42968.3,42972.5,42961.3,42971.1,13.382,575014.7009
2024-02-05 15:03:00,42971.1,42971.1,42960.0,42965.0,12.745,547570.6481
2024-02-05 15:04:00,42965.0,42965.1,42949.0,42949.0,29.992,1288316.8338
2024-02-05 15:05:00,42949.0,42954.0,42934.0,42934.0,70.988,3048524.0557
2024-02-05 15:06:00,42934.0,42956.6,42934.0,42953.2,84.894,3645767.2018
2024-02-05 15:07:00,42953.2,42964.9,42953.1,42964.3,24.377,1047322.2256
2024-02-05 15:08:00,42964.3,42964.3,42951.6,42951.6,16.639,714703.2295
2024-02-05 15:09:00,42951.6,42951.6,42939.7,42939.8,24.776,1064023.5741
2024-02-05 15:10:00,42939.8,42955.5,42939.7,42955.5,16.043,689048.2854
2024-02-05 15:11:00,42955.5,42965.1,42950.3,42965.1,24.206,1039854.0107
2024-02-05 15:12:00,42965.1,42965.1,42939.8,42946.9,73.572,3160078.635
2024-02-05 15:13:00,42946.9,42960.0,42946.9,42960.0,14.066,604228.3417
2024-02-05 15:14:00,42960.0,42960.0,42946.6,42950.1,21.425,920326.7688
2024-02-05 15:15:00,42950.1,42963.3,42945.1,42963.3,22.243,955458.2292
2024-02-05 15:16:00,42963.3,42963.3,42954.5,42960.9,13.37,574379.9028
2024-02-05 15:17:00,42960.9,42964.5,42954.5,42958.7,8.356,358977.7572
2024-02-05 15:18:00,42958.7,42965.1,42957.7,42965.1,16.573,711973.2394
2024-02-05 15:19:00,42965.1,43006.0,42965.0,42982.7,147.6,6346062.1463
2024-02-05 15:20:00,42982.7,42985.5,42976.4,42985.5,8.769,376883.6359
2024-02-05 15:21:00,42985.5,43000.0,42980.1,43000.0,22.213,954970.5824
2024-02-05 15:22:00,43000.0,43014.4,42999.9,43009.4,32.268,1387802.156
2024-02-05 15:23:00,43009.4,43009.4,43000.7,43001.9,25.681,1104389.1784
2024-02-05 15:24:00,43001.9,43024.4,43001.9,43024.4,44.703,1922975.3113
2024-02-05 15:25:00,43024.4,43032.2,43020.0,43025.0,87.522,3765901.2853
2024-02-05 15:26:00,43025.0,43040.6,43024.9,43032.1,36.154,1555900.7233
2024-02-05 15:27:00,43032.1,43036.2,43020.0,43036.2,25.613,1102025.1572
2024-02-05 15:28:00,43036.2,43036.2,43030.9,43033.4,10.816,465462.4206
2024-02-05 15:29:00,43033.4,43033.5,43022.6,43022.6,10.564,454524.7744
2024-02-05 15:30:00,43022.6,43061.7,43022.6,43060.6,147.151,6334830.2323
2024-02-05 15:31:00,43060.6,43080.6,43060.6,43070.4,99.038,4265935.4477
2024-02-05 15:32:00,43070.4,43146.4,43070.1,43136.9,401.169,17294664.2594
2024-02-05 15:33:00,43136.9,43164.9,43136.1,43155.3,175.013,7551942.3424
2024-02-05 15:34:00,43155.3,43242.5,43154.9,43172.9,664.72,28715351.8228
2024-02-05 15:35:00,43172.9,43229.9,43171.7,43180.9,203.384,8785238.5267
2024-02-05 15:36:00,43180.9,43198.3,43180.7,43195.2,82.763,3574367.7641
2024-02-05 15:37:00,43195.2,43199.9,43155.2,43167.5,202.191,8730022.8225
2024-02-05 15:38:00,43167.5,43194.9,43167.5,43186.2,107.635,4648131.6987
2024-02-05 15:39:00,43186.2,43200.0,43143.5,43154.6,263.35,11370795.7797
2024-02-05 15:40:00,43154.6,43159.0,43121.2,43142.7,167.669,7231980.3971
2024-02-05 15:41:00,43142.7,43142.8,43112.1,43134.1,66.645,2873971.6865
2024-02-05 15:42:00,43134.1,43176.4,43134.0,43151.5,148.203,6395755.6992
2024-02-05 15:43:00,43151.5,43178.7,43151.5,43175.2,35.082,1514585.3896
2024-02-05 15:44:00,43175.2,43190.6,43155.0,43155.1,55.636,2402323.1035
2024-02-05 15:45:00,43155.1,43184.1,43153.8,43182.8,99.633,4301180.9216
2024-02-05 15:46:00,43182.8,43183.5,43171.4,43181.4,24.468,1056478.0788
2024-02-05 15:47:00,43181.4,43199.8,43176.3,43192.8,50.818,2195014.3555
2024-02-05 15:48:00,43192.8,43197.3,43186.5,43195.7,43.601,1883166.2346
2024-02-05 15:49:00,43195.7,43199.0,43186.0,43193.5,49.229,2126367.0244
2024-02-05 15:50:00,43193.5,43266.6,43185.0,43250.3,303.742,13131426.1892
2024-02-05 15:51:00,43250.3,43258.9,43187.5,43190.6,222.029,9597914.0203
2024-02-05 15:52:00,43190.6,43190.6,43167.1,43175.3,111.26,4804054.2417
2024-02-05 15:53:00,43175.3,43179.9,43155.6,43156.9,164.809,7114638.1709
2024-02-05 15:54:00,43156.9,43158.0,43151.0,43151.0,21.779,939838.7444
2024-02-05 15:55:00,43151.0,43151.1,43123.5,43131.5,72.333,3120066.7905
2024-02-05 15:56:00,43131.5,43161.9,43130.2,43135.0,33.962,1465299.5122
2024-02-05 15:57:00,43135.0,43160.0,43135.0,43160.0,19.539,843066.1206
2024-02-05 15:58:00,43160.0,43166.8,43159.5,43163.0,14.372,620311.5194
2024-02-05 15:59:00,43163.0,43173.1,43160.0,43160.1,17.527,756581.0027
2024-02-05 16:00:00,43160.1,43200.0,43160.0,43183.0,101.55,4385416.2277
2024-02-05 16:01:00,43183.0,43184.7,43144.3,43147.7,46.552,2009191.0763
2024-02-05 16:02:00,43147.7,43175.0,43147.7,43156.3,54.007,2330669.5587
2024-02-05 16:03:00,43156.3,43162.0,43153.9,43159.9,7.193,310435.9018
2024-02-05 16:04:00,43159.9,43180.0,43157.1,43165.2,8.598,371147.0267
2024-02-05 16:05:00,43165.2,43165.2,43145.7,43162.9,33.552,1447967.692
2024-02-05 16:06:00,43162.9,43184.0,43162.8,43180.0,20.9,902375.3045
2024-02-05 16:07:00,43180.0,43183.1,43164.0,43167.2,51.292,2214315.3463
2024-02-05 16:08:00,43167.2,43180.0,43167.1,43177.5,33.08,1428220.9973
2024-02-05 16:09:00,43177.5,43184.2,43171.0,43171.0,63.973,2762173.9991
2024-02-05 16:10:00,43171.0,43171.0,43150.0,43152.5,15.494,668667.3465
2024-02-05 16:11:00,43152.5,43171.1,43152.5,43169.9,23.271,1004408.9423
2024-02-05 16:12:00,43169.9,43170.0,43146.3,43165.0,53.719,2318180.6207
2024-02-05 16:13:00,43165.0,43169.3,43165.0,43169.2,9.749,420848.1464
2024-02-05 16:14:00,43169.2,43169.3,43168.6,43168.6,4.744,204793.0743
2024-02-05 16:15:00,43168.6,43168.6,43151.1,43151.2,13.987,603729.4644
2024-02-05 16:16:00,43151.2,43158.5,43147.7,43152.0,25.822,1114260.5615
2024-02-05 16:17:00,43152.0,43175.5,43151.9,43173.5,22.924,989398.4287
2024-02-05 16:18:00,43173.5,43198.1,43173.5,43196.7,46.687,2016259.7642
2024-02-05 16:19:00,43196.7,43198.0,43158.0,43158.0,33.355,1440430.4389
2024-02-05 16:20:00,43158.0,43158.1,43134.1,43134.2,42.098,1816277.8772
2024-02-05 16:21:00,43134.2,43134.2,43105.7,43105.7,87.606,3777750.743
2024-02-05 16:22:00,43105.7,43110.0,43089.3,43101.8,112.563,4851242.256
2024-02-05 16:23:00,43101.8,43117.3,43095.3,43104.5,146.381,6309980.6082
2024-02-05 16:24:00,43104.5,43116.7,43100.3,43106.1,67.506,2910081.27
2024-02-05 16:25:00,43106.1,43114.0,43100.3,43103.9,63.91,2755173.6504
2024-02-05 16:26:00,43103.9,43110.0,43103.9,43109.9,9.007,388262.9708
2024-02-05 16:27:00,43109.9,43118.2,43109.9,43118.2,14.718,634531.7654
2024-02-05 16:28:00,43118.2,43146.0,43118.1,43128.1,36.726,1584098.5699
2024-02-05 16:29:00,43128.1,43140.2,43127.2,43128.5,19.119,824658.5193
2024-02-05 16:30:00,43128.5,43147.6,43128.5,43141.9,26.6,1147601.3532
2024-02-05 16:31:00,43141.9,43155.0,43141.9,43155.0,15.352,662443.8163
2024-02-05 16:32:00,43155.0,43155.0,43149.9,43149.9,22.613,975767.9044
2024-02-05 16:33:00,43149.9,43150.0,43107.4,43132.8,148.193,6392267.9491
2024-02-05 16:34:00,43132.8,43142.7,43132.8,43139.9,8.051,347296.0919
2024-02-05 16:35:00,43139.9,43142.0,43120.5,43120.5,34.716,1497412.4628
2024-02-05 16:36:00,43120.5,43125.2,43106.4,43113.5,36.031,1553508.1211
2024-02-05 16:37:00,43113.5,43113.6,43101.0,43102.6,40.153,1730820.2719
2024-02-05 16:38:00,43102.6,43106.5,43095.2,43102.9,39.59,1706365.6435
2024-02-05 16:39:00,43102.9,43102.9,43095.6,43096.8,20.779,895572.6902
2024-02-05 16:40:00,43096.8,43104.6,43096.8,43104.6,19.327,833011.4905
2024-02-05 16:41:00,43104.6,43109.6,43078.2,43098.2,41.329,1780906.034
2024-02-05 16:42:00,43098.2,43114.7,43098.1,43114.7,23.747,1023660.5987
2024-02-05 16:43:00,43114.7,43114.9,43104.7,43110.5,49.627,2139434.7836
2024-02-05 16:44:00,43110.5,43120.9,43110.5,43120.9,13.945,601263.274
2024-02-05 16:45:00,43120.9,43121.5,43119.0,43119.1,14.756,636283.002
2024-02-05 16:46:00,43119.1,43125.0,43119.0,43122.6,5.062,218282.9671
2024-02-05 16:47:00,43122.6,43130.1,43120.8,43121.0,24.179,1042754.8395
2024-02-05 16:48:00,43121.0,43121.1,43093.2,43098.6,41.568,1791885.1642
2024-02-05 16:49:00,43098.6,43098.7,43080.5,43087.9,22.903,986888.1487
2024-02-05 16:50:00,43087.9,43088.0,43060.0,43083.5,58.836,2534128.8689
2024-02-05 16:51:00,43083.5,43098.7,43073.3,43098.7,45.929,1978863.1452
2024-02-05 16:52:00,43098.7,43113.3,43098.7,43113.3,35.54,1531992.8719
2024-02-05 16:53:00,43113.3,43119.4,43102.8,43109.3,16.133,695555.6331
2024-02-05 16:54:00,43109.3,43119.1,43109.3,43119.1,12.748,549590.7006
2024-02-05 16:55:00,43119.1,43120.0,43110.0,43120.0,32.722,1410845.5772
2024-02-05 16:56:00,43120.0,43125.0,43102.8,43102.8,26.341,1135803.6147
2024-02-05 16:57:00,43102.8,43115.3,43102.8,43115.3,12.763,550153.3567
2024-02-05 16:58:00,43115.3,43121.4,43115.3,43121.3,3.968,171099.9921
2024-02-05 16:59:00,43121.3,43123.7,43104.5,43115.2,23.039,993340.8151
2024-02-05 17:00:00,43115.2,43120.0,43112.2,43117.7,12.111,522196.9582
2024-02-05 17:01:00,43117.7,43127.1,43114.9,43114.9,27.764,1197245.3684
2024-02-05 17:02:00,43114.9,43125.6,43112.3,43123.1,13.85,597245.9697
2024-02-05 17:03:00,43123.1,43125.6,43113.0,43122.5,10.314,444749.0343
2024-02-05 17:04:00,43122.5,43127.2,43122.5,43124.3,9.181,395927.1386
2024-02-05 17:05:00,43124.3,43137.0,43124.3,43137.0,19.52,841944.9867
2024-02-05 17:06:00,43137.0,43147.1,43136.9,43147.1,25.395,1095662.6976
2024-02-05 17:07:00,43147.1,43155.0,43144.1,43155.0,28.717,1239130.9189
2024-02-05 17:08:00,43155.0,43186.5,43154.9,43164.8,108.091,4667127.2837
2024-02-05 17:09:00,43164.8,43180.3,43154.5,43159.0,38.202,1649029.3477
2024-02-05 17:10:00,43159.0,43159.1,43146.0,43150.6,13.055,563357.1823
2024-02-05 17:11:00,43150.6,43159.6,43150.5,43159.1,14.055,606542.4603
2024-02-05 17:12:00,43159.1,43159.2,43152.6,43156.6,11.077,478037.7674
2024-02-05 17:13:00,43156.6,43157.1,43155.1,43157.0,9.105,392932.1593
2024-02-05 17:14:00,43157.0,43159.9,43155.0,43156.8,9.354,403698.9749
2024-02-05 17:15:00,43156.8,43160.7,43156.8,43157.3,6.127,264430.3409
2024-02-05 17:16:00,43157.3,43157.4,43101.7,43107.9,124.847,5383110.9333
2024-02-05 17:17:00,43107.9,43109.2,43086.7,43104.0,44.522,1918706.9769
2024-02-05 17:18:00,43104.0,43121.7,43100.1,43121.7,7.009,302142.2189
2024-02-05 17:19:00,43121.7,43123.1,43118.0,43123.0,19.252,830187.2528
2024-02-05 17:20:00,43123.0,43132.9,43102.0,43132.9,17.593,758661.6435
2024-02-05 17:21:00,43132.9,43135.9,43128.2,43132.2,12.079,520987.8333
2024-02-05 17:22:00,43132.2,43156.1,43132.2,43156.1,16.621,717113.5766
2024-02-05 17:23:00,43156.1,43166.8,43144.8,43148.1,31.611,1364406.6419
2024-02-05 17:24:00,43148.1,43164.5,43148.1,43159.0,15.168,654635.5951
2024-02-05 17:25:00,43159.0,43166.7,43159.0,43162.9,7.085,305815.4727
2024-02-05 17:26:00,43162.9,43176.5,43161.2,43171.6,22.179,957489.1457
2024-02-05 17:27:00,43171.6,43181.1,43159.9,43168.0,24.595,1061828.087
2024-02-05 17:28:00,43168.0,43182.6,43167.9,43182.5,21.107,911350.6955
2024-02-05 17:29:00,43182.5,43199.0,43181.6,43184.1,136.728,5905527.0887
2024-02-05 17:30:00,43184.1,43192.8,43184.1,43192.6,51.697,2232826.7441
2024-02-05 17:31:00,43192.6,43192.8,43178.4,43184.8,37.068,1600807.4778
2024-02-05 17:32:00,43184.8,43184.9,43173.3,43177.6,27.711,1196532.376
2024-02-05 17:33:00,43177.6,43180.0,43176.0,43176.0,35.282,1523432.0855
2024-02-05 17:34:00,43176.0,43188.5,43176.0,43182.6,30.732,1327035.5205
2024-02-05 17:35:00,43182.6,43185.5,43181.5,43182.0,8.418,363519.6619
2024-02-05 17:36:00,43182.0,43184.0,43178.0,43178.0,20.406,881186.5721
2024-02-05 17:37:00,43178.0,43185.6,43176.0,43176.1,18.137,783187.7539
2024-02-05 17:38:00,43176.1,43176.1,43160.4,43160.4,41.254,1780835.1405
2024-02-05 17:39:00,43160.4,43160.5,43140.9,43141.9,71.807,3098611.8584
2024-02-05 17:40:00,43141.9,43173.7,43136.5,43171.0,37.512,1618819.7946
2024-02-05 17:41:00,43171.0,43180.0,43165.0,43165.1,39.231,1693847.5983
2024-02-05 17:42:00,43165.1,43177.7,43165.1,43173.9,15.637,675066.2619
2024-02-05 17:43:00,43173.9,43182.3,43172.5,43180.0,16.541,714177.7635
2024-02-05 17:44:00,43180.0,43180.6,43180.0,43180.6,5.399,233131.775
2024-02-05 17:45:00,43180.6,43180.6,43168.1,43171.3,24.406,1053663.4617
2024-02-05 17:46:00,43171.3,43171.4,43146.1,43150.9,19.613,846469.4455
2024-02-05 17:47:00,43150.9,43164.7,43145.0,43150.1,19.551,843687.6849
2024-02-05 17:48:00,43150.1,43182.2,43150.1,43173.0,36.179,1562019.1257
2024-02-05 17:49:00,43173.0,43173.1,43165.7,43165.7,10.597,457484.3067
2024-02-05 17:50:00,43165.7,43165.8,43165.7,43165.7,7.588,327541.7534
2024-02-05 17:51:00,43165.7,43174.4,43165.7,43174.4,7.448,321532.2066
2024-02-05 17:52:00,43174.4,43174.4,43169.7,43170.4,9.512,410665.5755
2024-02-05 17:53:00,43170.4,43170.5,43170.4,43170.5,3.447,148808.521
2024-02-05 17:54:00,43170.5,43170.5,43153.4,43158.0,33.555,1448298.3217
2024-02-05 17:55:00,43158.0,43167.8,43157.9,43164.7,11.916,514365.4274
2024-02-05 17:56:00,43164.7,43164.8,43151.3,43151.3,5.638,243334.0939
2024-02-05 17:57:00,43151.3,43151.5,43140.0,43146.2,29.217,1260521.8672
2024-02-05 17:58:00,43146.2,43146.2,43115.8,43121.9,107.394,4631584.0306
2024-02-05 17:59:00,43121.9,43122.0,43111.5,43111.6,58.28,2512937.9614
2024-02-05 18:00:00,43111.6,43135.1,43110.6,43130.0,95.104,4101088.3144
2024-02-05 18:01:00,43130.0,43130.1,43110.1,43113.1,28.954,1248397.5909
2024-02-05 18:02:00,43113.1,43127.9,43109.9,43126.3,21.243,915935.1782
2024-02-05 18:03:00,43126.3,43135.0,43122.7,43135.0,17.167,740385.7503
2024-02-05 18:04:00,43135.0,43135.0,43122.6,43122.6,60.223,2597333.4887
2024-02-05 18:05:00,43122.6,43130.0,43122.6,43129.9,12.167,524685.7846
2024-02-05 18:06:00,43129.9,43137.0,43129.9,43137.0,7.784,335756.8952
2024-02-05 18:07:00,43137.0,43141.1,43133.1,43133.2,10.663,459984.4898
2024-02-05 18:08:00,43133.2,43133.2,43131.5,43131.6,11.143,480623.302
2024-02-05 18:09:00,43131.6,43131.6,43122.7,43122.8,16.943,730704.8649
2024-02-05 18:10:00,43122.8,43138.2,43122.7,43138.1,13.465,580802.2047
2024-02-05 18:11:00,43138.1,43152.8,43138.1,43152.8,13.685,590444.9932
2024-02-05 18:12:00,43152.8,43152.8,43152.6,43152.7,6.214,268150.7002
2024-02-05 18:13:00,43152.7,43170.1,43152.6,43167.7,26.664,1150887.5743
2024-02-05 18:14:00,43167.7,43187.6,43162.1,43181.4,100.623,4344892.0291
2024-02-05 18:15:00,43181.4,43184.7,43160.0,43170.8,66.788,2883740.9147
2024-02-05 18:16:00,43170.8,43170.8,43160.3,43170.4,13.863,598366.9794
2024-02-05 18:17:00,43170.4,43208.9,43170.4,43208.8,166.924,7210570.8078
2024-02-05 18:18:00,43208.8,43221.4,43195.6,43195.6,137.824,5955872.8917
2024-02-05 18:19:00,43195.6,43205.5,43193.7,43202.1,38.748,1673867.1317
2024-02-05 18:20:00,43202.1,43214.9,43195.9,43214.0,30.87,1333594.6654
2024-02-05 18:21:00,43214.0,43236.0,43210.0,43235.9,138.246,5975680.318
2024-02-05 18:22:00,43235.9,43245.6,43210.4,43228.0,116.674,5044109.1238
2024-02-05 18:23:00,43228.0,43235.5,43216.5,43226.9,45.766,1978159.9298
2024-02-05 18:24:00,43226.9,43313.0,43212.0,43228.0,584.964,25312279.8032
2024-02-05 18:25:00,43228.0,43250.0,43213.2,43246.9,89.976,3889497.423
2024-02-05 18:26:00,43246.9,43250.0,43224.9,43240.1,57.284,2477015.7686
2024-02-05 18:27:00,43240.1,43249.1,43232.8,43233.5,27.243,1177971.9253
2024-02-05 18:28:00,43233.5,43244.0,43233.5,43239.8,29.459,1273846.7807
2024-02-05 18:29:00,43239.8,43239.8,43233.5,43239.2,22.757,983968.5599
2024-02-05 18:30:00,43239.2,43266.6,43239.1,43263.3,116.849,5054288.0869
2024-02-05 18:31:00,43263.3,43268.0,43250.0,43258.7,79.316,3431396.967
2024-02-05 18:32:00,43258.7,43293.2,43258.6,43266.9,151.153,6541408.9431
2024-02-05 18:33:00,43266.9,43338.6,43264.7,43290.4,401.358,17380418.7581
2024-02-05 18:34:00,43290.4,43315.8,43290.3,43300.0,148.538,6431995.6786
2024-02-05 18:35:00,43300.0,43304.2,43290.0,43290.0,120.459,5215618.081
2024-02-05 18:36:00,43290.0,43292.0,43252.7,43252.7,101.72,4401328.3222
2024-02-05 18:37:00,43252.7,43252.8,43235.0,43240.0,99.445,4300456.1742
2024-02-05 18:38:00,43240.0,43240.0,43204.6,43226.9,144.716,6254332.0525
2024-02-05 18:39:00,43226.9,43230.9,43221.6,43229.0,35.9,1551853.2974
2024-02-05 18:40:00,43229.0,43229.0,43200.0,43222.8,69.055,2984091.2519
2024-02-05 18:41:00,43222.8,43236.5,43220.0,43220.1,40.988,1771873.5744
2024-02-05 18:42:00,43220.1,43236.0,43215.8,43223.2,26.247,1134551.8206
2024-02-05 18:43:00,43223.2,43231.6,43220.0,43230.3,13.124,567319.6345
2024-02-05 18:44:00,43230.3,43248.7,43230.3,43246.8,25.505,1102945.6492
2024-02-05 18:45:00,43246.8,43277.1,43246.8,43274.9,40.909,1769818.86
2024-02-05 18:46:00,43274.9,43307.3,43274.9,43303.1,123.584,5350290.1952
2024-02-05 18:47:00,43303.1,43336.9,43275.0,43329.7,151.687,6569118.5383
2024-02-05 18:48:00,43329.7,43349.2,43314.5,43341.3,257.193,11145468.4541
2024-02-05 18:49:00,43341.3,43369.5,43324.9,43346.8,337.295,14621077.5924
2024-02-05 18:50:00,43346.8,43346.8,43322.3,43337.1,201.257,8721265.3201
2024-02-05 18:51:00,43337.1,43375.8,43324.2,43349.2,277.091,12011158.5902
2024-02-05 18:52:00,43349.2,43374.3,43349.2,43374.2,133.023,5768886.2085
2024-02-05 18:53:00,43374.2,43458.5,43372.9,43394.7,951.46,41303419.2659
2024-02-05 18:54:00,43394.7,43439.7,43394.7,43408.5,304.873,13236911.5963
2024-02-05 18:55:00,43408.5,43411.9,43365.0,43378.3,144.462,6267680.8147
2024-02-05 18:56:00,43378.3,43378.4,43340.5,43340.5,153.62,6660491.9813
2024-02-05 18:57:00,43340.5,43369.6,43326.1,43339.7,351.111,15219692.4135
2024-02-05 18:58:00,43339.7,43373.9,43333.5,43369.8,127.083,5510021.3163
2024-02-05 18:59:00,43369.8,43371.9,43350.0,43366.1,49.713,2155595.2936
2024-02-05 19:00:00,43366.1,43387.8,43357.4,43365.2,67.123,2911256.7896
2024-02-05 19:01:00,43365.2,43408.4,43358.0,43408.3,144.514,6269072.8375
2024-02-05 19:02:00,43408.3,43436.0,43405.5,43414.9,176.415,7659789.6682
2024-02-05 19:03:00,43414.9,43433.0,43410.3,43431.0,101.569,4410314.307
2024-02-05 19:04:00,43431.0,43452.1,43425.4,43436.2,109.588,4760459.8683
2024-02-05 19:05:00,43436.2,43479.9,43436.2,43466.0,260.576,11326239.409
2024-02-05 19:06:00,43466.0,43519.9,43441.8,43507.3,706.135,30710624.6742
2024-02-05 19:07:00,43507.3,43548.0,43475.3,43543.6,478.183,20810231.9727
2024-02-05 19:08:00,43543.6,43567.9,43494.1,43509.0,392.654,17092406.1957
2024-02-05 19:09:00,43509.0,43509.0,43455.9,43460.8,278.087,12090669.5658
2024-02-05 19:10:00,43460.8,43498.0,43452.9,43482.5,174.397,7582217.1113
2024-02-05 19:11:00,43482.5,43496.7,43436.2,43442.8,198.667,8633889.1039
2024-02-05 19:12:00,43442.8,43454.8,43433.1,43433.1,102.758,4463674.0382
2024-02-05 19:13:00,43433.1,43442.4,43432.8,43442.3,42.425,1842813.7656
2024-02-05 19:14:00,43442.3,43442.4,43427.3,43427.3,70.168,3047767.3898
2024-02-05 19:15:00,43427.3,43480.7,43427.3,43469.4,125.483,5453799.9843
2024-02-05 19:16:00,43469.4,43492.7,43469.4,43488.5,89.13,3875347.0192
2024-02-05 19:17:00,43488.5,43519.4,43481.5,43500.0,178.403,7760652.8719
2024-02-05 19:18:00,43500.0,43511.0,43488.7,43493.3,103.083,4484018.8926
2024-02-05 19:19:00,43493.3,43494.9,43400.0,43400.0,206.72,8978945.8022
2024-02-05 19:20:00,43400.0,43419.8,43370.3,43376.6,367.298,15938686.6577
2024-02-05 19:21:00,43376.6,43376.6,43348.0,43354.7,215.0,9323201.8447
2024-02-05 19:22:00,43354.7,43382.7,43350.0,43352.0,113.806,4934974.2976
2024-02-05 19:23:00,43352.0,43388.4,43350.0,43375.9,92.852,4026712.2915
2024-02-05 19:24:00,43375.9,43393.4,43375.9,43393.4,41.365,1794781.2469
2024-02-05 19:25:00,43393.4,43419.2,43388.9,43389.0,104.483,4534961.0766
2024-02-05 19:26:00,43389.0,43409.8,43388.9,43401.2,24.375,1057933.3111
2024-02-05 19:27:00,43401.2,43405.0,43393.0,43396.8,45.126,1958373.1515
2024-02-05 19:28:00,43396.8,43400.0,43393.2,43400.0,21.703,941864.9622
2024-02-05 19:29:00,43400.0,43435.3,43399.9,43428.0,174.794,7588128.0911
2024-02-05 19:30:00,43428.0,43450.0,43414.8,43448.0,75.834,3294460.6908
2024-02-05 19:31:00,43448.0,43450.0,43440.0,43444.1,50.798,2206895.3405
2024-02-05 19:32:00,43444.1,43450.0,43438.2,43448.5,63.656,2765495.0325
2024-02-05 19:33:00,43448.5,43450.0,43410.6,43412.4,145.042,6300053.1377
2024-02-05 19:34:00,43412.4,43440.0,43407.8,43439.7,105.451,4578604.9793
2024-02-05 19:35:00,43439.7,43446.4,43426.9,43431.0,63.117,2741656.4298
2024-02-05 19:36:00,43431.0,43450.0,43422.5,43437.1,114.801,4986618.7485
2024-02-05 19:37:00,43437.1,43463.1,43434.7,43463.0,88.247,3834377.6371
2024-02-05 19:38:00,43463.0,43465.5,43448.6,43459.9,92.37,4014079.1423
2024-02-05 19:39:00,43459.9,43473.0,43458.8,43468.9,83.964,3649810.5932
2024-02-05 19:40:00,43468.9,43475.5,43459.6,43469.0,53.827,2339905.8397
2024-02-05 19:41:00,43469.0,43472.2,43424.5,43424.5,74.384,3231686.8219
2024-02-05 19:42:00,43424.5,43434.9,43384.2,43395.9,162.209,7041264.0363
2024-02-05 19:43:00,43395.9,43396.0,43385.9,43386.6,35.769,1551977.2237
2024-02-05 19:44:00,43386.6,43386.7,43354.0,43354.1,71.71,3109994.7354
2024-02-05 19:45:00,43354.1,43388.4,43354.0,43387.6,96.241,4174659.7272
2024-02-05 19:46:00,43387.6,43404.9,43387.6,43404.8,51.198,2221760.1002
2024-02-05 19:47:00,43404.8,43404.9,43403.9,43403.9,29.766,1291986.2734
2024-02-05 19:48:00,43403.9,43407.8,43403.2,43407.7,5.733,248838.7267
2024-02-05 19:49:00,43407.7,43408.0,43380.0,43380.1,31.908,1384912.1499
2024-02-05 19:50:00,43380.1,43391.8,43317.0,43323.9,137.167,5945522.0755
2024-02-05 19:51:00,43323.9,43323.9,43281.2,43310.5,393.275,17030076.3194
2024-02-05 19:52:00,43310.5,43322.2,43281.0,43322.2,147.477,6385979.3498
2024-02-05 19:53:00,43322.2,43322.2,43297.9,43299.9,39.814,1724462.6413
2024-02-05 19:54:00,43299.9,43318.3,43299.9,43316.7,90.706,3928516.2179
2024-02-05 19:55:00,43316.7,43322.0,43309.9,43322.0,51.448,2228634.7851
2024-02-05 19:56:00,43322.0,43347.8,43322.0,43326.3,77.234,3346713.5281
2024-02-05 19:57:00,43326.3,43346.9,43326.3,43331.0,36.143,1566346.6818
2024-02-05 19:58:00,43331.0,43347.8,43331.0,43343.9,28.114,1218422.6568
2024-02-05 19:59:00,43343.9,43347.2,43336.1,43347.2,20.444,886071.9102
2024-02-05 20:00:00,43347.2,43369.0,43339.9,43342.0,161.641,7007524.2187
2024-02-05 20:01:00,43342.0,43342.0,43322.0,43328.1,33.118,1435054.2516
2024-02-05 20:02:00,43328.1,43328.1,43302.0,43305.0,101.478,4395183.982
2024-02-05 20:03:00,43305.0,43359.1,43303.2,43359.0,35.208,1525593.6177
2024-02-05 20:04:00,43359.0,43388.1,43356.1,43372.5,88.053,3819536.3421
2024-02-05 20:05:00,43372.5,43392.0,43351.5,43391.8,70.524,3059610.1415
2024-02-05 20:06:00,43391.8,43391.9,43364.7,43390.5,30.85,1338431.7682
2024-02-05 20:07:00,43390.5,43390.6,43339.0,43339.3,46.289,2007067.8587
2024-02-05 20:08:00,43339.3,43339.4,43290.0,43290.1,112.972,4892328.4962
2024-02-05 20:09:00,43290.1,43301.5,43257.3,43271.6,223.509,9671882.912
2024-02-05 20:10:00,43271.6,43271.6,43237.3,43266.9,164.899,7132318.6362
2024-02-05 20:11:00,43266.9,43274.5,43262.8,43274.4,66.381,2872215.0857
2024-02-05 20:12:00,43274.4,43310.6,43274.4,43287.9,249.899,10819289.972
2024-02-05 20:13:00,43287.9,43313.5,43287.9,43301.8,47.07,2038377.5799
2024-02-05 20:14:00,43301.8,43301.9,43271.4,43278.6,33.926,1468243.3728
2024-02-05 20:15:00,43278.6,43300.1,43261.7,43292.6,70.835,3065891.8152
2024-02-05 20:16:00,43292.6,43315.1,43292.5,43295.8,50.579,2190320.3742
2024-02-05 20:17:00,43295.8,43304.9,43289.1,43289.1,30.075,1302171.7102
2024-02-05 20:18:00,43289.1,43290.0,43275.0,43275.0,33.455,1448236.9275
2024-02-05 20:19:00,43275.0,43277.9,43258.3,43258.3,81.022,3505563.5276
2024-02-05 20:20:00,43258.3,43259.3,43216.2,43223.8,204.133,8825755.0391
2024-02-05 20:21:00,43223.8,43232.6,43210.0,43219.9,146.009,6310713.011
2024-02-05 20:22:00,43219.9,43226.5,43174.4,43192.5,265.369,11463845.7782
2024-02-05 20:23:00,43192.5,43212.6,43161.1,43212.6,255.781,11044301.2796
2024-02-05 20:24:00,43212.6,43215.6,43206.9,43208.9,74.731,3229262.0952
2024-02-05 20:25:00,43208.9,43212.4,43185.0,43200.0,112.2,4847063.779
2024-02-05 20:26:00,43200.0,43200.0,43137.0,43142.4,267.734,11554176.7782
2024-02-05 20:27:00,43142.4,43170.1,43130.7,43135.0,110.214,4755427.9616
2024-02-05 20:28:00,43135.0,43176.1,43135.0,43166.5,215.407,9297149.1409
2024-02-05 20:29:00,43166.5,43196.0,43154.1,43181.7,196.349,8478434.7827
2024-02-05 20:30:00,43181.7,43181.7,43133.4,43140.0,98.301,4241376.2455
2024-02-05 20:31:00,43140.0,43181.5,43065.7,43096.0,642.64,27706031.6962
2024-02-05 20:32:00,43096.0,43100.0,42972.8,43002.3,866.314,37275205.2351
2024-02-05 20:33:00,43002.3,43036.7,42976.1,42988.5,452.623,19463966.1631
2024-02-05 20:34:00,42988.5,43025.8,42951.8,43012.5,389.809,16756446.146
2024-02-05 20:35:00,43012.5,43022.0,42968.2,43003.4,330.832,14224622.5155
2024-02-05 20:36:00,43003.4,43045.9,42972.0,43045.2,218.357,9388343.6183
2024-02-05 20:37:00,43045.2,43051.8,43017.9,43051.1,164.848,7095541.558
2024-02-05 20:38:00,43051.1,43051.2,43012.0,43027.7,170.401,7331318.2007
2024-02-05 20:39:00,43027.7,43045.4,43022.0,43045.4,111.257,4787721.3655
2024-02-05 20:40:00,43045.4,43059.0,43032.1,43050.0,195.249,8404659.116
2024-02-05 20:41:00,43050.0,43059.0,43035.2,43040.5,73.829,3178444.6472
2024-02-05 20:42:00,43040.5,43042.6,42975.8,42987.8,242.118,10411623.18
2024-02-05 20:43:00,42987.8,43010.7,42980.0,42990.1,96.213,4136357.8115
2024-02-05 20:44:00,42990.1,43025.0,42990.0,43009.8,36.291,1561016.6326
2024-02-05 20:45:00,43009.8,43019.2,42981.7,42982.3,132.035,5677976.0273
2024-02-05 20:46:00,42982.3,42984.3,42880.2,42884.3,921.483,39553579.5821
2024-02-05 20:47:00,42884.3,42926.6,42860.2,42910.1,496.982,21313218.4735
2024-02-05 20:48:00,42910.1,42910.1,42872.4,42897.8,166.042,7121988.2416
2024-02-05 20:49:00,42897.8,42897.8,42792.0,42829.7,891.83,38192750.1062
2024-02-05 20:50:00,42829.7,42829.8,42746.6,42809.9,1007.178,43089532.4505
2024-02-05 20:51:00,42809.9,42878.4,42800.0,42835.2,663.278,28418540.6682
2024-02-05 20:52:00,42835.2,42896.2,42835.2,42865.6,355.644,15245615.1185
2024-02-05 20:53:00,42865.6,42914.0,42851.4,42851.4,313.543,13446631.9175
2024-02-05 20:54:00,42851.4,42851.4,42818.9,42824.1,139.643,5980922.781
2024-02-05 20:55:00,42824.1,42840.5,42820.1,42835.7,134.189,5747477.5243
2024-02-05 20:56:00,42835.7,42903.5,42835.7,42884.2,363.353,15584129.3559
2024-02-05 20:57:00,42884.2,42903.8,42870.0,42903.7,96.211,4125934.2543
2024-02-05 20:58:00,42903.7,42906.0,42846.1,42857.8,151.263,6485046.9598
2024-02-05 20:59:00,42857.8,42876.4,42832.9,42836.2,122.4,5245079.3746
2024-02-05 21:00:00,42836.2,42840.7,42800.0,42839.3,179.541,7687351.2747
2024-02-05 21:01:00,42839.3,42908.4,42839.3,42880.3,241.546,10358482.0523
2024-02-05 21:02:00,42880.3,42891.5,42871.4,42891.5,66.662,2858715.4198
2024-02-05 21:03:00,42891.5,42929.4,42870.0,42870.0,192.456,8257690.7194
2024-02-05 21:04:00,42870.0,42905.9,42864.0,42904.6,164.788,7067844.5669
2024-02-05 21:05:00,42904.6,42904.7,42866.3,42866.4,70.274,3013694.1639
2024-02-05 21:06:00,42866.4,42867.7,42842.4,42842.4,82.008,3514211.1516
2024-02-05 21:07:00,42842.4,42901.2,42833.5,42874.6,69.37,2973626.7539
2024-02-05 21:08:00,42874.6,42875.8,42850.0,42875.8,55.348,2372226.2152
2024-02-05 21:09:00,42875.8,42899.7,42875.7,42890.1,44.709,1917589.7519
2024-02-05 21:10:00,42890.1,42893.9,42843.5,42843.7,72.988,3128404.037
2024-02-05 21:11:00,42843.7,42852.8,42806.5,42814.0,176.35,7551785.0731
2024-02-05 21:12:00,42814.0,42829.6,42781.3,42789.9,228.2,9767009.9075
2024-02-05 21:13:00,42789.9,42789.9,42670.7,42720.5,986.349,42143670.7967
2024-02-05 21:14:00,42720.5,42748.1,42681.8,42748.1,331.377,14153336.0981
2024-02-05 21:15:00,42748.1,42748.1,42650.0,42682.9,481.653,20556884.286
2024-02-05 21:16:00,42682.9,42684.0,42614.2,42679.2,550.843,23492909.1285
2024-02-05 21:17:00,42679.2,42709.5,42668.1,42675.2,229.415,9791948.6605
2024-02-05 21:18:00,42675.2,42705.2,42660.0,42683.2,173.045,7385965.6056
2024-02-05 21:19:00,42683.2,42808.0,42683.2,42762.2,537.038,22964868.8713
2024-02-05 21:20:00,42762.2,42770.4,42695.1,42718.6,162.03,6922062.2757
2024-02-05 21:21:00,42718.6,42728.2,42653.0,42679.1,223.893,9555621.3744
2024-02-05 21:22:00,42679.1,42706.5,42676.0,42688.0,108.722,4641402.8868
2024-02-05 21:23:00,42688.0,42694.5,42658.2,42668.1,96.73,4128049.3981
2024-02-05 21:24:00,42668.1,42708.5,42663.6,42690.0,92.141,3932846.6803
2024-02-05 21:25:00,42690.0,42690.0,42600.0,42610.0,486.592,20742877.4183
2024-02-05 21:26:00,42610.0,42635.0,42586.9,42594.0,239.98,10226239.1637
2024-02-05 21:27:00,42594.0,42622.2,42563.2,42567.7,440.196,18747314.2646
2024-02-05 21:28:00,42567.7,42615.0,42567.7,42609.0,104.553,4452775.8721
2024-02-05 21:29:00,42609.0,42633.4,42576.3,42617.6,138.05,5882808.8692
2024-02-05 21:30:00,42617.6,42643.5,42596.7,42640.6,216.304,9219842.7558
2024-02-05 21:31:00,42640.6,42684.7,42620.0,42673.9,245.669,10479333.2254
2024-02-05 21:32:00,42673.9,42708.4,42661.0,42698.6,368.267,15721173.6819
2024-02-05 21:33:00,42698.6,42702.4,42660.2,42670.1,158.077,6747808.3484
2024-02-05 21:34:00,42670.1,42673.4,42630.3,42646.2,125.116,5335881.5905
2024-02-05 21:35:00,42646.2,42649.9,42592.8,42600.0,177.188,7551571.3895
2024-02-05 21:36:00,42600.0,42600.1,42515.0,42541.8,727.481,30950190.1774
2024-02-05 21:37:00,42541.8,42602.6,42541.8,42600.4,250.612,10669395.6928
2024-02-05 21:38:00,42600.4,42645.8,42590.0,42639.9,193.554,8250401.6196
2024-02-05 21:39:00,42639.9,42650.0,42611.4,42649.9,260.74,11115544.8637
2024-02-05 21:40:00,42649.9,42651.0,42600.4,42600.5,111.48,4751928.5111
2024-02-05 21:41:00,42600.5,42615.7,42550.6,42558.7,196.712,8375811.7286
2024-02-05 21:42:00,42558.7,42590.0,42558.6,42575.0,98.53,4194608.1016
2024-02-05 21:43:00,42575.0,42639.7,42571.1,42639.6,67.827,2889881.1263
2024-02-05 21:44:00,42639.6,42670.1,42636.8,42639.3,145.823,6219424.9871
2024-02-05 21:45:00,42639.3,42672.1,42639.2,42667.9,119.815,5110561.329
2024-02-05 21:46:00,42667.9,42697.5,42658.4,42680.6,237.969,10156776.691
2024-02-05 21:47:00,42680.6,42705.3,42675.0,42702.4,85.78,3662178.8551
2024-02-05 21:48:00,42702.4,42715.1,42662.0,42668.9,161.009,6874668.8545
2024-02-05 21:49:00,42668.9,42671.3,42653.1,42653.2,44.125,1882565.2502
2024-02-05 21:50:00,42653.2,42653.2,42580.0,42587.8,166.122,7078934.7931
2024-02-05 21:51:00,42587.8,42627.3,42570.7,42613.2,147.552,6284905.8466
2024-02-05 21:52:00,42613.2,42615.9,42563.3,42574.9,74.96,3191784.8468
2024-02-05 21:53:00,42574.9,42589.9,42561.4,42565.2,49.467,2105752.1956
2024-02-05 21:54:00,42565.2,42577.9,42550.1,42562.7,72.809,3098897.8049
2024-02-05 21:55:00,42562.7,42573.0,42520.3,42539.9,254.999,10848042.9687
2024-02-05 21:56:00,42539.9,42572.7,42534.4,42570.5,124.061,5279724.6005
2024-02-05 21:57:00,42570.5,42574.8,42524.7,42534.1,104.954,4465613.3454
2024-02-05 21:58:00,42534.1,42541.6,42500.7,42508.3,182.085,7742433.4351
2024-02-05 21:59:00,42508.3,42547.1,42439.4,42544.8,1004.52,42682619.7928
2024-02-05 22:00:00,42544.8,42587.4,42538.8,42581.3,224.963,9574954.8274
2024-02-05 22:01:00,42581.3,42597.0,42518.0,42520.8,160.253,6822217.7674
2024-02-05 22:02:00,42520.8,42558.4,42516.9,42550.0,112.939,4804598.1102
2024-02-05 22:03:00,42550.0,42585.5,42549.1,42558.6,68.092,2898483.1633
2024-02-05 22:04:00,42558.6,42615.4,42558.6,42600.1,159.632,6800523.3922
2024-02-05 22:05:00,42600.1,42600.1,42555.0,42555.1,54.744,2331038.5301
2024-02-05 22:06:00,42555.1,42596.1,42546.3,42549.0,82.222,3500356.2511
2024-02-05 22:07:00,42549.0,42567.0,42541.9,42542.0,35.507,1510989.1101
2024-02-05 22:08:00,42542.0,42580.2,42542.0,42574.3,40.373,1718737.7685
2024-02-05 22:09:00,42574.3,42586.5,42563.1,42580.1,38.788,1651547.3622
2024-02-05 22:10:00,42580.1,42580.1,42550.9,42560.0,53.882,2293352.0253
2024-02-05 22:11:00,42560.0,42587.5,42552.9,42580.9,66.023,2810998.956
2024-02-05 22:12:00,42580.9,42626.9,42579.0,42614.1,113.769,4847881.8851
2024-02-05 22:13:00,42614.1,42614.1,42579.1,42581.1,41.291,1758665.9919
2024-02-05 22:14:00,42581.1,42592.7,42562.5,42562.5,73.965,3149540.9962
2024-02-05 22:15:00,42562.5,42590.7,42562.5,42576.3,74.359,3166015.7428
2024-02-05 22:16:00,42576.3,42588.0,42554.1,42588.0,38.965,1658801.9723
2024-02-05 22:17:00,42588.0,42600.0,42580.0,42597.2,34.028,1449263.9648
2024-02-05 22:18:00,42597.2,42629.9,42594.1,42622.6,50.783,2164084.5449
2024-02-05 22:19:00,42622.6,42672.8,42606.7,42667.4,153.267,6536618.2561
2024-02-05 22:20:00,42667.4,42672.1,42638.3,42663.9,175.438,7483597.8362
2024-02-05 22:21:00,42663.9,42668.0,42650.0,42651.8,90.514,3860972.0723
2024-02-05 22:22:00,42651.8,42656.9,42639.4,42656.8,53.173,2267771.8734
2024-02-05 22:23:00,42656.8,42696.7,42656.8,42678.9,152.942,6527246.1714
2024-02-05 22:24:00,42678.9,42710.7,42674.9,42710.6,94.725,4044399.7044
2024-02-05 22:25:00,42710.6,42710.6,42672.8,42682.0,107.565,4591830.3827
2024-02-05 22:26:00,42682.0,42687.4,42674.0,42674.0,38.397,1638676.6674
2024-02-05 22:27:00,42674.0,42740.3,42674.0,42735.3,106.175,4535510.3424
2024-02-05 22:28:00,42735.3,42758.7,42729.8,42730.0,278.376,11898570.3872
2024-02-05 22:29:00,42730.0,42734.1,42710.0,42713.0,69.233,2957876.3637
2024-02-05 22:30:00,42713.0,42741.5,42710.2,42710.2,107.172,4579371.5202
2024-02-05 22:31:00,42710.2,42710.2,42681.5,42689.9,87.137,3720380.4789
2024-02-05 22:32:00,42689.9,42702.8,42684.5,42685.1,34.976,1493182.6583
2024-02-05 22:33:00,42685.1,42709.8,42680.0,42680.0,47.272,2018365.7792
2024-02-05 22:34:00,42680.0,42689.9,42662.4,42664.3,88.38,3771009.2731
2024-02-05 22:35:00,42664.3,42683.2,42650.0,42679.6,72.903,3110289.6299
2024-02-05 22:36:00,42679.6,42695.0,42670.5,42675.8,52.487,2240342.2445
2024-02-05 22:37:00,42675.8,42697.2,42675.8,42694.9,48.78,2082439.2713
2024-02-05 22:38:00,42694.9,42696.9,42677.6,42679.9,25.979,1108936.2846
2024-02-05 22:39:00,42679.9,42689.2,42663.6,42689.1,45.963,1961446.3447
2024-02-05 22:40:00,42689.1,42689.3,42685.3,42685.4,23.541,1004917.5533
2024-02-05 22:41:00,42685.4,42689.3,42678.6,42686.2,17.513,747516.8384
2024-02-05 22:42:00,42686.2,42693.7,42680.1,42693.7,33.503,1430113.9529
2024-02-05 22:43:00,42693.7,42730.0,42693.7,42730.0,48.303,2062821.4533
2024-02-05 22:44:00,42730.0,42761.8,42729.7,42746.0,135.145,5777166.5307
2024-02-05 22:45:00,42746.0,42757.1,42719.6,42719.6,65.548,2801661.297
2024-02-05 22:46:00,42719.6,42727.1,42716.1,42716.1,80.663,3445780.4913
2024-02-05 22:47:00,42716.1,42716.2,42702.5,42706.8,22.743,971350.5062
2024-02-05 22:48:00,42706.8,42707.2,42681.1,42681.2,13.616,581265.0438
2024-02-05 22:49:00,42681.2,42704.6,42681.2,42692.7,53.097,2266863.3429
2024-02-05 22:50:00,42692.7,42700.5,42681.1,42681.1,15.319,653955.5824
2024-02-05 22:51:00,42681.1,42684.8,42646.5,42672.8,115.73,4937660.5729
2024-02-05 22:52:00,42672.8,42687.3,42658.5,42667.9,23.515,1003341.6521
2024-02-05 22:53:00,42667.9,42680.0,42660.1,42680.0,36.312,1549454.4785
2024-02-05 22:54:00,42680.0,42690.1,42680.0,42690.1,14.954,638309.4003
2024-02-05 22:55:00,42690.1,42690.1,42652.0,42652.1,57.72,2462623.3648
2024-02-05 22:56:00,42652.1,42667.8,42640.0,42648.5,41.859,1785457.498
2024-02-05 22:57:00,42648.5,42650.0,42633.4,42641.5,38.257,1631423.7352
2024-02-05 22:58:00,42641.5,42656.4,42641.5,42648.5,18.303,780582.7342
2024-02-05 22:59:00,42648.5,42653.1,42648.5,42653.0,14.219,606465.8103
2024-02-05 23:00:00,42653.0,42690.3,42653.0,42669.7,44.017,1878614.3445
2024-02-05 23:01:00,42669.7,42699.6,42663.2,42699.6,23.889,1019712.4801
2024-02-05 23:02:00,42699.6,42699.7,42673.8,42675.6,23.104,986284.007
2024-02-05 23:03:00,42675.6,42679.0,42668.8,42672.6,9.981,425934.9692
2024-02-05 23:04:00,42672.6,42701.9,42672.5,42701.9,29.129,1243571.3189
2024-02-05 23:05:00,42701.9,42718.0,42701.8,42702.0,29.305,1251677.4909
2024-02-05 23:06:00,42702.0,42748.0,42702.0,42747.9,43.16,1844214.4472
2024-02-05 23:07:00,42747.9,42752.7,42729.5,42740.0,36.967,1580023.2148
2024-02-05 23:08:00,42740.0,42742.6,42730.0,42742.6,17.532,749251.0202
2024-02-05 23:09:00,42742.6,42764.5,42742.6,42764.5,61.737,2639617.8919
2024-02-05 23:10:00,42764.5,42787.3,42764.5,42785.1,139.338,5960552.7066
2024-02-05 23:11:00,42785.1,42815.0,42770.3,42793.6,259.371,11099740.8947
2024-02-05 23:12:00,42793.6,42794.3,42785.0,42794.2,48.291,2066381.3224
2024-02-05 23:13:00,42794.2,42819.4,42786.1,42812.7,96.764,4141887.0144
2024-02-05 23:14:00,42812.7,42816.3,42793.3,42808.9,88.324,3781131.3809
2024-02-05 23:15:00,42808.9,42824.2,42772.0,42776.2,172.407,7379955.5916
2024-02-05 23:16:00,42776.2,42776.3,42749.9,42754.7,101.884,4356323.3361
2024-02-05 23:17:00,42754.7,42759.1,42741.0,42741.5,27.426,1172464.7889
2024-02-05 23:18:00,42741.5,42745.9,42725.4,42745.9,40.133,1715029.0111
2024-02-05 23:19:00,42745.9,42760.4,42740.9,42760.4,29.746,1271680.406
2024-02-05 23:20:00,42760.4,42760.4,42716.5,42716.5,42.307,1807872.7713
2024-02-05 23:21:00,42716.5,42722.4,42702.0,42710.2,34.693,1481787.7882
2024-02-05 23:22:00,42710.2,42718.9,42689.8,42693.0,40.958,1749139.0223
2024-02-05 23:23:00,42693.0,42708.9,42681.9,42708.9,31.311,1336691.382
2024-02-05 23:24:00,42708.9,42717.5,42708.8,42717.5,12.775,545672.3312
2024-02-05 23:25:00,42717.5,42717.5,42685.7,42687.2,31.416,1341396.7354
2024-02-05 23:26:00,42687.2,42718.0,42687.2,42697.1,40.068,1710785.6655
2024-02-05 23:27:00,42697.1,42718.0,42687.8,42718.0,28.081,1199323.0728
2024-02-05 23:28:00,42718.0,42718.0,42693.6,42699.4,14.629,624786.0989
2024-02-05 23:29:00,42699.4,42705.6,42693.0,42705.6,14.872,634990.189
2024-02-05 23:30:00,42705.6,42715.2,42691.2,42714.6,17.268,737455.0798
2024-02-05 23:31:00,42714.6,42714.6,42690.0,42709.3,33.873,1446306.7464
2024-02-05 23:32:00,42709.3,42709.3,42695.3,42706.6,35.597,1519972.1622
2024-02-05 23:33:00,42706.6,42710.0,42690.1,42694.1,26.44,1128895.9149
2024-02-05 23:34:00,42694.1,42709.1,42693.0,42709.0,8.013,342165.347
2024-02-05 23:35:00,42709.0,42720.0,42708.6,42715.5,27.736,1184721.7296
2024-02-05 23:36:00,42715.5,42723.1,42711.7,42711.7,19.442,830556.3942
2024-02-05 23:37:00,42711.7,42711.7,42590.0,42637.2,428.096,18249073.56
2024-02-05 23:38:00,42637.2,42640.9,42600.0,42629.3,79.224,3376541.9054
2024-02-05 23:39:00,42629.3,42629.3,42565.9,42598.4,169.018,7199638.7579
2024-02-05 23:40:00,42598.4,42622.6,42590.1,42610.9,130.636,5565555.4624
2024-02-05 23:41:00,42610.9,42633.1,42594.7,42628.1,37.099,1581132.1379
2024-02-05 23:42:00,42628.1,42635.7,42628.0,42635.7,14.539,619830.5612
2024-02-05 23:43:00,42635.7,42636.8,42622.2,42624.6,16.668,710555.3186
2024-02-05 23:44:00,42624.6,42639.9,42624.6,42639.8,15.755,671680.5844
2024-02-05 23:45:00,42639.8,42639.9,42578.1,42583.7,71.443,3044094.4995
2024-02-05 23:46:00,42583.7,42619.7,42547.0,42608.4,209.582,8924522.3261
2024-02-05 23:47:00,42608.4,42627.1,42600.0,42627.1,25.354,1080434.0846
2024-02-05 23:48:00,42627.1,42627.1,42602.5,42625.9,10.112,430946.6221
2024-02-05 23:49:00,42625.9,42638.8,42622.9,42623.1,24.513,1045048.1067
2024-02-05 23:50:00,42623.1,42636.0,42618.5,42618.6,8.151,347415.9777
2024-02-05 23:51:00,42618.6,42634.5,42587.3,42594.7,60.864,2593725.8295
2024-02-05 23:52:00,42594.7,42614.4,42589.0,42594.8,13.996,596204.8181
2024-02-05 23:53:00,42594.8,42599.0,42574.2,42599.0,66.485,2831151.7658
2024-02-05 23:54:00,42599.0,42601.0,42583.3,42596.0,15.56,662734.0832
2024-02-05 23:55:00,42596.0,42606.6,42596.0,42603.9,18.174,774259.8318
2024-02-05 23:56:00,42603.9,42630.0,42601.6,42610.2,45.305,1930544.569
2024-02-05 23:57:00,42610.2,42612.8,42597.5,42607.9,8.669,369322.2549
2024-02-05 23:58:00,42607.9,42617.7,42602.5,42607.7,43.02,1833128.0633
2024-02-05 23:59:00,42607.7,42621.0,42606.8,42621.0,7.254,309132.2434
2024-02-06 00:00:00,42621.0,42621.0,42595.4,42602.6,28.089,1196737.273
2024-02-06 00:01:00,42602.6,42620.4,42595.5,42620.4,29.071,1238647.149
2024-02-06 00:02:00,42620.4,42632.0,42615.5,42632.0,24.766,1055675.3381
2024-02-06 00:03:00,42632.0,42632.0,42615.1,42628.1,12.915,550492.867
2024-02-06 00:04:00,42628.1,42628.2,42619.1,42619.1,3.772,160779.4827
2024-02-06 00:05:00,42619.1,42631.4,42596.4,42596.4,17.94,764581.6768
2024-02-06 00:06:00,42596.4,42596.4,42562.0,42585.6,93.57,3983605.2867
2024-02-06 00:07:00,42585.6,42606.0,42580.6,42606.0,12.354,526186.2248
2024-02-06 00:08:00,42606.0,42611.0,42585.7,42608.0,40.891,1741885.5753
2024-02-06 00:09:00,42608.0,42623.9,42598.0,42619.7,43.03,1833532.8025
2024-02-06 00:10:00,42619.7,42623.3,42600.1,42608.0,24.941,1062827.4067
2024-02-06 00:11:00,42608.0,42625.9,42594.9,42614.8,42.163,1796773.8581
2024-02-06 00:12:00,42614.8,42614.8,42602.6,42606.5,5.239,223241.2264
2024-02-06 00:13:00,42606.5,42621.4,42606.4,42621.3,6.113,260527.9691
2024-02-06 00:14:00,42621.3,42629.7,42613.2,42621.0,52.513,2238395.4598
2024-02-06 00:15:00,42621.0,42621.0,42620.0,42621.0,6.41,273200.0187
2024-02-06 00:16:00,42621.0,42621.0,42590.2,42603.4,31.882,1358411.3552
2024-02-06 00:17:00,42603.4,42625.8,42586.4,42596.8,61.472,2618489.6107
2024-02-06 00:18:00,42596.8,42596.9,42588.2,42596.5,10.376,441930.5708
2024-02-06 00:19:00,42596.5,42597.1,42590.0,42594.0,9.87,420423.4493
2024-02-06 00:20:00,42594.0,42600.0,42592.2,42594.4,6.068,258460.5386
2024-02-06 00:21:00,42594.4,42643.6,42594.4,42641.5,49.758,2121284.6406
2024-02-06 00:22:00,42641.5,42656.7,42633.0,42635.7,28.699,1223953.5696
2024-02-06 00:23:00,42635.7,42635.7,42620.0,42626.2,11.7,498708.1835
2024-02-06 00:24:00,42626.2,42643.8,42624.1,42643.8,9.61,409758.3122
2024-02-06 00:25:00,42643.8,42645.2,42630.0,42636.0,18.908,806264.0498
2024-02-06 00:26:00,42636.0,42642.4,42631.7,42642.4,9.875,421045.0612
2024-02-06 00:27:00,42642.4,42655.4,42640.7,42655.4,14.434,615584.0746
2024-02-06 00:28:00,42655.4,42698.8,42655.3,42683.6,193.46,8257344.8367
2024-02-06 00:29:00,42683.6,42725.5,42683.5,42718.2,346.812,14811379.6561
2024-02-06 00:30:00,42718.2,42731.8,42695.5,42695.5,93.88,4009957.0264
2024-02-06 00:31:00,42695.5,42710.1,42688.0,42697.4,67.203,2869277.1877
2024-02-06 00:32:00,42697.4,42732.0,42696.0,42721.0,31.714,1354873.1712
2024-02-06 00:33:00,42721.0,42727.0,42716.0,42717.1,17.859,762948.7585
2024-02-06 00:34:00,42717.1,42727.0,42717.0,42717.0,14.645,625655.3541
2024-02-06 00:35:00,42717.0,42733.5,42715.3,42724.2,67.379,2878944.0261
2024-02-06 00:36:00,42724.2,42753.7,42724.1,42753.6,60.746,2596262.7369
2024-02-06 00:37:00,42753.6,42773.0,42753.6,42772.9,46.889,2005044.6751
2024-02-06 00:38:00,42772.9,42784.4,42759.6,42780.6,124.621,5330658.7678
2024-02-06 00:39:00,42780.6,42799.4,42780.1,42793.0,87.687,3751795.3891
2024-02-06 00:40:00,42793.0,42793.1,42763.8,42763.8,43.509,1861146.6486
2024-02-06 00:41:00,42763.8,42763.9,42763.3,42763.4,18.695,799463.6208
2024-02-06 00:42:00,42763.4,42774.7,42763.3,42763.4,59.712,2553575.2444
2024-02-06 00:43:00,42763.4,42771.8,42754.9,42758.1,26.023,1112767.1098
2024-02-06 00:44:00,42758.1,42764.8,42758.1,42761.7,12.673,541902.9945
2024-02-06 00:45:00,42761.7,42784.0,42759.9,42783.9,20.746,887427.3449
2024-02-06 00:46:00,42783.9,42797.9,42783.9,42792.4,23.323,998018.4445
2024-02-06 00:47:00,42792.4,42800.2,42792.4,42800.0,28.364,1213972.5901
2024-02-06 00:48:00,42800.0,42818.2,42788.5,42788.5,65.562,2806751.6457
2024-02-06 00:49:00,42788.5,42791.8,42767.1,42789.9,87.036,3723320.6737
2024-02-06 00:50:00,42789.9,42800.0,42789.9,42795.0,16.412,702307.226
2024-02-06 00:51:00,42795.0,42820.0,42795.0,42819.1,27.342,1170522.4907
2024-02-06 00:52:00,42819.1,42855.0,42817.8,42828.0,195.317,8367289.5588
2024-02-06 00:53:00,42828.0,42837.2,42824.4,42837.1,42.491,1819865.0485
2024-02-06 00:54:00,42837.1,42850.2,42837.1,42843.9,69.493,2977467.7063
2024-02-06 00:55:00,42843.9,42849.5,42827.0,42830.0,30.496,1306464.077
2024-02-06 00:56:00,42830.0,42830.1,42818.4,42818.4,32.605,1396275.1406
2024-02-06 00:57:00,42818.4,42818.6,42811.3,42812.6,22.663,970311.7094
2024-02-06 00:58:00,42812.6,42814.4,42806.6,42807.2,31.015,1327749.2741
2024-02-06 00:59:00,42807.2,42807.3,42803.5,42803.6,27.851,1192158.2496
2024-02-06 01:00:00,42803.6,42854.0,42803.5,42854.0,144.846,6203928.2593
2024-02-06 01:01:00,42854.0,42854.6,42814.0,42846.1,172.937,7408067.2089
2024-02-06 01:02:00,42846.1,42846.1,42821.8,42822.9,23.925,1024765.1527
2024-02-06 01:03:00,42822.9,42840.0,42821.8,42821.9,15.805,676846.9639
2024-02-06 01:04:00,42821.9,42823.5,42809.3,42809.4,9.899,423880.0664
2024-02-06 01:05:00,42809.4,42834.0,42809.4,42826.5,25.557,1094477.486
2024-02-06 01:06:00,42826.5,42833.5,42825.0,42827.9,11.643,498652.2894
2024-02-06 01:07:00,42827.9,42848.0,42827.9,42834.6,16.265,696729.693
2024-02-06 01:08:00,42834.6,42834.6,42791.5,42791.5,68.273,2922191.148
2024-02-06 01:09:00,42791.5,42813.7,42791.5,42813.0,16.306,697954.3757
2024-02-06 01:10:00,42813.0,42813.0,42805.1,42809.4,10.666,456598.359
2024-02-06 01:11:00,42809.4,42810.9,42809.3,42810.9,5.623,240723.2415
2024-02-06 01:12:00,42810.9,42814.0,42802.0,42802.0,15.248,652784.7534
2024-02-06 01:13:00,42802.0,42819.9,42798.2,42798.3,53.833,2304612.292
2024-02-06 01:14:00,42798.3,42817.0,42798.3,42807.3,13.976,598299.934
2024-02-06 01:15:00,42807.3,42824.0,42806.9,42807.0,11.347,485827.8126
2024-02-06 01:16:00,42807.0,42817.5,42806.5,42817.0,7.081,303151.5601
2024-02-06 01:17:00,42817.0,42844.4,42817.0,42831.8,16.813,720105.7335
2024-02-06 01:18:00,42831.8,42842.0,42828.3,42831.0,19.684,843193.2342
2024-02-06 01:19:00,42831.0,42847.4,42831.0,42843.2,21.798,933900.0134
2024-02-06 01:20:00,42843.2,42859.1,42840.0,42851.9,63.625,2726571.6139
2024-02-06 01:21:00,42851.9,42851.9,42826.9,42832.0,18.495,792337.5786
2024-02-06 01:22:00,42832.0,42832.1,42794.9,42821.9,168.394,7208929.9918
2024-02-06 01:23:00,42821.9,42821.9,42790.8,42793.8,56.4,2414042.898
2024-02-06 01:24:00,42793.8,42804.6,42793.8,42804.5,12.367,529301.4547
2024-02-06 01:25:00,42804.5,42804.6,42753.8,42767.6,122.911,5256961.8711
2024-02-06 01:26:00,42767.6,42774.1,42733.4,42744.0,92.901,3971465.7351
2024-02-06 01:27:00,42744.0,42751.8,42733.4,42745.1,109.675,4687450.6742
2024-02-06 01:28:00,42745.1,42753.0,42745.1,42753.0,28.619,1223445.5614
2024-02-06 01:29:00,42753.0,42754.2,42750.0,42754.2,17.328,740818.0203
2024-02-06 01:30:00,42754.2,42788.7,42754.1,42776.7,38.888,1663157.271
2024-02-06 01:31:00,42776.7,42781.7,42720.2,42731.4,65.897,2816496.4104
2024-02-06 01:32:00,42731.4,42734.7,42688.3,42694.6,213.401,9113133.7183
2024-02-06 01:33:00,42694.6,42699.7,42673.0,42680.4,108.714,4640664.0676
2024-02-06 01:34:00,42680.4,42685.1,42668.7,42685.0,88.152,3762065.3078
2024-02-06 01:35:00,42685.0,42691.0,42666.7,42668.6,32.479,1386237.6375
2024-02-06 01:36:00,42668.6,42668.7,42600.3,42631.9,246.35,10504255.9765
2024-02-06 01:37:00,42631.9,42649.1,42626.7,42642.4,46.573,1985943.2064
2024-02-06 01:38:00,42642.4,42649.2,42630.0,42638.7,37.717,1608316.1508
2024-02-06 01:39:00,42638.7,42638.7,42600.0,42600.1,84.288,3591606.9163
2024-02-06 01:40:00,42600.1,42617.4,42600.0,42617.4,44.53,1897394.4926
2024-02-06 01:41:00,42617.4,42617.4,42565.8,42586.3,336.284,14319873.4401
2024-02-06 01:42:00,42586.3,42598.2,42563.4,42566.4,51.941,2211465.8468
2024-02-06 01:43:00,42566.4,42589.7,42566.4,42576.8,114.923,4892501.3191
2024-02-06 01:44:00,42576.8,42578.4,42551.0,42566.4,191.951,8169265.4241
2024-02-06 01:45:00,42566.4,42589.2,42520.5,42577.0,353.839,15058345.5976
2024-02-06 01:46:00,42577.0,42607.1,42577.0,42607.1,76.843,3273353.0467
2024-02-06 01:47:00,42607.1,42608.3,42596.1,42599.5,21.044,896498.223
2024-02-06 01:48:00,42599.5,42612.5,42588.0,42606.8,31.52,1342757.273
2024-02-06 01:49:00,42606.8,42606.8,42568.7,42579.9,28.503,1213832.4999
2024-02-06 01:50:00,42579.9,42586.1,42530.9,42540.5,49.584,2109734.3659
2024-02-06 01:51:00,42540.5,42540.5,42452.3,42472.7,589.756,25058425.938
2024-02-06 01:52:00,42472.7,42475.4,42362.0,42392.7,764.294,32419035.7169
2024-02-06 01:53:00,42392.7,42400.0,42320.0,42346.9,576.201,24403812.5949
2024-02-06 01:54:00,42346.9,42395.3,42319.4,42344.1,446.165,18899367.0148
2024-02-06 01:55:00,42344.1,42380.0,42312.5,42312.5,398.247,16861986.3876
2024-02-06 01:56:00,42312.5,42379.9,42302.1,42376.3,249.417,10557551.2435
2024-02-06 01:57:00,42376.3,42405.4,42340.9,42405.1,191.528,8116374.9372
2024-02-06 01:58:00,42405.1,42429.7,42391.8,42414.6,171.083,7256133.1462
2024-02-06 01:59:00,42414.6,42432.9,42404.8,42418.8,100.604,4267505.8143
2024-02-06 02:00:00,42418.8,42431.1,42370.0,42376.9,123.725,5245877.6972
2024-02-06 02:01:00,42376.9,42438.3,42370.3,42438.2,63.523,2694715.8931
2024-02-06 02:02:00,42438.2,42440.4,42416.4,42440.4,73.624,3123992.983
2024-02-06 02:03:00,42440.4,42449.1,42412.9,42424.3,92.2,3912761.2633
2024-02-06 02:04:00,42424.3,42440.7,42419.1,42440.7,34.166,1449786.7883
2024-02-06 02:05:00,42440.7,42462.4,42440.6,42462.3,40.35,1712726.4143
2024-02-06 02:06:00,42462.3,42470.0,42422.6,42423.9,82.799,3515155.3191
2024-02-06 02:07:00,42423.9,42446.8,42417.8,42445.3,24.306,1031310.7048
2024-02-06 02:08:00,42445.3,42464.4,42400.0,42404.1,65.585,2782063.0389
2024-02-06 02:09:00,42404.1,42404.2,42370.0,42372.1,76.504,3242645.6934
2024-02-06 02:10:00,42372.1,42404.4,42372.1,42396.0,108.971,4619699.4878
2024-02-06 02:11:00,42396.0,42432.5,42395.9,42421.8,45.184,1916691.9337
2024-02-06 02:12:00,42421.8,42432.7,42418.5,42418.7,15.817,671019.9064
2024-02-06 02:13:00,42418.7,42436.5,42418.7,42436.5,17.96,762023.193
2024-02-06 02:14:00,42436.5,42445.3,42433.5,42433.6,39.472,1675227.0708
2024-02-06 02:15:00,42433.6,42435.8,42391.2,42397.1,60.974,2586116.3197
2024-02-06 02:16:00,42397.1,42404.0,42391.4,42392.4,64.518,2735394.9831
2024-02-06 02:17:00,42392.4,42395.3,42371.0,42379.9,71.007,3009307.0055
2024-02-06 02:18:00,42379.9,42408.3,42373.4,42379.1,43.623,1849124.5034
2024-02-06 02:19:00,42379.1,42397.3,42376.7,42389.6,16.144,684298.5637
2024-02-06 02:20:00,42389.6,42446.1,42389.6,42421.3,37.507,1591107.6958
2024-02-06 02:21:00,42421.3,42432.8,42389.5,42400.4,54.243,2300043.5645
2024-02-06 02:22:00,42400.4,42409.3,42358.4,42368.0,100.211,4246524.9246
2024-02-06 02:23:00,42368.0,42387.1,42334.5,42354.6,379.077,16056815.9813
2024-02-06 02:24:00,42354.6,42374.4,42338.5,42351.4,159.677,6763832.5971
2024-02-06 02:25:00,42351.4,42377.7,42351.4,42365.9,86.921,3682008.6522
2024-02-06 02:26:00,42365.9,42397.9,42365.9,42379.7,114.614,4858768.6236
2024-02-06 02:27:00,42379.7,42404.4,42366.1,42392.5,60.657,2571455.6666
2024-02-06 02:28:00,42392.5,42392.6,42380.0,42380.1,29.473,1249200.2937
2024-02-06 02:29:00,42380.1,42433.7,42372.0,42406.7,135.462,5745528.1905
2024-02-06 02:30:00,42406.7,42408.9,42370.4,42374.2,53.183,2254075.3579
2024-02-06 02:31:00,42374.2,42397.8,42373.8,42378.1,43.139,1828541.8235
2024-02-06 02:32:00,42378.1,42413.0,42373.2,42409.3,90.742,3847577.8794
2024-02-06 02:33:00,42409.3,42437.5,42398.2,42437.4,38.747,1643864.5274
2024-02-06 02:34:00,42437.4,42445.2,42433.8,42445.2,19.688,835556.2
2024-02-06 02:35:00,42445.2,42445.9,42436.0,42436.0,25.313,1074374.0986
2024-02-06 02:36:00,42436.0,42439.8,42412.9,42419.7,24.214,1027268.5122
2024-02-06 02:37:00,42419.7,42432.3,42412.5,42412.5,12.141,515063.5338
2024-02-06 02:38:00,42412.5,42433.8,42410.1,42410.1,49.729,2109706.8176
2024-02-06 02:39:00,42410.1,42422.6,42373.0,42373.0,85.149,3610214.6735
2024-02-06 02:40:00,42373.0,42378.3,42344.7,42372.0,195.869,8296594.5245
2024-02-06 02:41:00,42372.0,42388.3,42369.0,42388.3,13.653,578639.9226
2024-02-06 02:42:00,42388.3,42418.5,42366.5,42366.6,135.618,5751240.6914
2024-02-06 02:43:00,42366.6,42383.2,42360.0,42378.4,42.494,1800503.9305
2024-02-06 02:44:00,42378.4,42408.0,42378.4,42400.5,18.95,803499.4321
2024-02-06 02:45:00,42400.5,42427.1,42395.6,42427.0,83.598,3545437.6372
2024-02-06 02:46:00,42427.0,42440.5,42413.3,42413.3,37.6,1595518.3271
2024-02-06 02:47:00,42413.3,42429.6,42413.2,42429.0,20.402,865531.5813
2024-02-06 02:48:00,42429.0,42429.0,42425.0,42428.0,19.421,823998.2545
2024-02-06 02:49:00,42428.0,42428.0,42416.0,42417.5,21.933,930482.7589
2024-02-06 02:50:00,42417.5,42420.3,42400.0,42400.7,16.824,713588.3421
2024-02-06 02:51:00,42400.7,42400.7,42356.9,42372.8,69.173,2930763.1403
2024-02-06 02:52:00,42372.8,42392.0,42364.7,42378.4,35.088,1487039.6608
2024-02-06 02:53:00,42378.4,42391.9,42370.0,42391.1,24.098,1021193.2239
2024-02-06 02:54:00,42391.1,42391.1,42371.7,42372.0,14.358,608500.4842
2024-02-06 02:55:00,42372.0,42386.0,42372.0,42376.3,65.521,2776766.9871
2024-02-06 02:56:00,42376.3,42389.9,42376.3,42389.1,11.24,476401.5762
2024-02-06 02:57:00,42389.1,42391.7,42389.0,42391.6,11.044,468157.4458
2024-02-06 02:58:00,42391.6,42395.5,42391.6,42393.4,24.351,1032311.3891
2024-02-06 02:59:00,42393.4,42393.4,42390.0,42390.0,10.866,460625.6116
2024-02-06 03:00:00,42390.0,42417.4,42390.0,42395.1,70.798,3002181.536
2024-02-06 03:01:00,42395.1,42419.2,42395.1,42405.4,44.443,1884743.6127
2024-02-06 03:02:00,42405.4,42405.4,42394.0,42405.0,28.679,1215951.6174
2024-02-06 03:03:00,42405.0,42414.6,42401.4,42411.2,11.228,476144.2353
2024-02-06 03:04:00,42411.2,42411.2,42394.5,42410.0,17.717,751259.1786
2024-02-06 03:05:00,42410.0,42410.0,42390.0,42393.9,19.918,844437.0145
2024-02-06 03:06:00,42393.9,42394.0,42378.0,42379.9,39.71,1683141.6732
2024-02-06 03:07:00,42379.9,42390.1,42379.9,42390.1,16.813,712559.928
2024-02-06 03:08:00,42390.1,42407.5,42390.0,42407.5,18.791,796680.525
2024-02-06 03:09:00,42407.5,42415.8,42407.5,42410.0,8.107,343821.9278
2024-02-06 03:10:00,42410.0,42430.8,42410.0,42430.8,20.39,864866.9432
2024-02-06 03:11:00,42430.8,42499.8,42426.7,42479.7,185.436,7874775.8836
2024-02-06 03:12:00,42479.7,42490.4,42469.0,42490.3,51.631,2193279.2775
2024-02-06 03:13:00,42490.3,42539.0,42482.9,42486.2,321.403,13662680.987
2024-02-06 03:14:00,42486.2,42494.9,42473.2,42479.8,46.818,1988919.0748
2024-02-06 03:15:00,42479.8,42506.2,42455.0,42455.1,66.973,2844810.9157
2024-02-06 03:16:00,42455.1,42460.1,42430.4,42438.0,76.473,3245628.306
2024-02-06 03:17:00,42438.0,42438.1,42421.0,42421.0,19.149,812455.2062
2024-02-06 03:18:00,42421.0,42421.1,42350.0,42374.0,317.547,13456675.8789
2024-02-06 03:19:00,42374.0,42391.5,42367.7,42382.8,19.61,831016.167
2024-02-06 03:20:00,42382.8,42382.9,42353.6,42358.7,49.957,2116281.6842
2024-02-06 03:21:00,42358.7,42373.3,42341.7,42371.4,58.487,2477107.3397
2024-02-06 03:22:00,42371.4,42373.9,42361.4,42368.8,11.518,488024.1539
2024-02-06 03:23:00,42368.8,42388.6,42364.6,42364.8,25.069,1062366.7931
2024-02-06 03:24:00,42364.8,42387.2,42364.8,42384.0,15.739,666941.9654
2024-02-06 03:25:00,42384.0,42385.3,42362.5,42372.0,30.094,1275226.9629
2024-02-06 03:26:00,42372.0,42379.6,42368.8,42373.1,26.733,1132745.3982
2024-02-06 03:27:00,42373.1,42382.2,42368.5,42375.1,38.126,1615626.8947
2024-02-06 03:28:00,42375.1,42381.3,42373.5,42377.5,16.606,703734.8341
2024-02-06 03:29:00,42377.5,42379.9,42353.8,42353.9,33.736,1429130.3532
2024-02-06 03:30:00,42353.9,42355.8,42314.4,42325.8,130.996,5545071.1508
2024-02-06 03:31:00,42325.8,42329.1,42286.3,42310.3,221.922,9387906.1076
2024-02-06 03:32:00,42310.3,42325.0,42310.3,42324.9,58.408,2471901.6507
2024-02-06 03:33:00,42324.9,42349.8,42324.9,42349.8,76.944,3257013.1885
2024-02-06 03:34:00,42349.8,42392.3,42349.8,42386.0,131.047,5553527.4091
2024-02-06 03:35:00,42386.0,42439.6,42385.9,42434.2,151.598,6430334.6236
2024-02-06 03:36:00,42434.2,42452.2,42434.1,42452.2,57.67,2447605.5032
2024-02-06 03:37:00,42452.2,42452.2,42432.0,42432.0,96.221,4083857.5159
2024-02-06 03:38:00,42432.0,42473.1,42430.0,42468.3,108.447,4604157.4675
2024-02-06 03:39:00,42468.3,42468.3,42425.1,42448.4,85.346,3622149.8159
2024-02-06 03:40:00,42448.4,42448.5,42436.1,42436.9,19.436,824868.4023
2024-02-06 03:41:00,42436.9,42437.0,42434.0,42434.0,6.679,283431.5589
2024-02-06 03:42:00,42434.0,42442.6,42433.1,42435.6,29.101,1234922.1309
2024-02-06 03:43:00,42435.6,42468.9,42435.6,42468.9,57.377,2435637.2755
2024-02-06 03:44:00,42468.9,42476.1,42468.8,42470.1,64.873,2755364.6288
2024-02-06 03:45:00,42470.1,42470.1,42451.8,42457.6,18.785,797534.0172
2024-02-06 03:46:00,42457.6,42490.9,42457.5,42481.1,34.609,1470124.8024
2024-02-06 03:47:00,42481.1,42481.2,42452.8,42452.8,9.052,384391.7968
2024-02-06 03:48:00,42452.8,42452.9,42439.7,42439.7,16.439,697843.5036
2024-02-06 03:49:00,42439.7,42439.7,42430.7,42430.7,8.829,374655.9094
2024-02-06 03:50:00,42430.7,42430.8,42408.7,42408.9,37.236,1579532.7686
2024-02-06 03:51:00,42408.9,42430.7,42408.1,42430.6,30.183,1280153.2983
2024-02-06 03:52:00,42430.6,42434.8,42430.5,42431.5,13.233,561510.4882
2024-02-06 03:53:00,42431.5,42431.6,42392.3,42404.7,63.826,2707044.6256
2024-02-06 03:54:00,42404.7,42404.8,42389.5,42396.7,17.356,735863.9936
2024-02-06 03:55:00,42396.7,42404.5,42387.3,42391.3,41.415,1755852.5775
2024-02-06 03:56:00,42391.3,42401.4,42391.2,42401.3,11.116,471253.7697
2024-02-06 03:57:00,42401.3,42406.5,42401.3,42406.5,8.91,377807.6209
2024-02-06 03:58:00,42406.5,42410.5,42403.8,42403.8,9.478,401941.6756
2024-02-06 03:59:00,42403.8,42403.9,42397.1,42397.2,14.401,610582.0206
2024-02-06 04:00:00,42397.2,42408.6,42397.1,42404.2,15.591,661075.488
2024-02-06 04:01:00,42404.2,42404.3,42366.4,42366.8,45.389,1923829.3968
2024-02-06 04:02:00,42366.8,42368.1,42357.1,42368.1,22.573,956212.3924
2024-02-06 04:03:00,42368.1,42408.7,42368.1,42408.7,29.862,1265816.2116
2024-02-06 04:04:00,42408.7,42440.0,42408.6,42439.7,49.006,2079152.9463
2024-02-06 04:05:00,42439.7,42447.8,42410.5,42410.5,41.163,1747019.0525
2024-02-06 04:06:00,42410.5,42414.9,42410.5,42414.9,6.856,290786.696
2024-02-06 04:07:00,42414.9,42433.9,42414.9,42432.2,16.591,703759.8797
2024-02-06 04:08:00,42432.2,42432.2,42410.4,42410.4,19.987,847854.8211
2024-02-06 04:09:00,42410.4,42415.5,42410.0,42410.6,18.354,778425.1909
2024-02-06 04:10:00,42410.6,42412.3,42409.8,42409.9,6.876,291613.92
2024-02-06 04:11:00,42409.9,42412.4,42409.8,42412.4,9.212,390686.0045
2024-02-06 04:12:00,42412.4,42415.9,42412.3,42414.7,6.006,254733.1927
2024-02-06 04:13:00,42414.7,42414.7,42409.6,42414.5,34.801,1475945.4344
2024-02-06 04:14:00,42414.5,42414.9,42414.5,42414.8,6.886,292068.6032
2024-02-06 04:15:00,42414.8,42414.9,42411.6,42411.7,8.437,357831.9416
2024-02-06 04:16:00,42411.7,42419.0,42411.6,42418.9,6.124,259733.499
2024-02-06 04:17:00,42418.9,42418.9,42417.0,42417.1,4.327,183538.4888
2024-02-06 04:18:00,42417.1,42424.5,42417.0,42424.4,7.812,331385.4935
2024-02-06 04:19:00,42424.4,42436.0,42423.4,42436.0,14.853,630158.0402
2024-02-06 04:20:00,42436.0,42442.2,42435.9,42442.2,12.288,521476.211
2024-02-06 04:21:00,42442.2,42462.8,42442.2,42462.8,54.353,2307488.3105
2024-02-06 04:22:00,42462.8,42468.5,42457.0,42464.9,39.485,1676634.0901
2024-02-06 04:23:00,42464.9,42508.4,42464.8,42492.1,236.331,10040857.5479
2024-02-06 04:24:00,42492.1,42492.1,42466.6,42470.9,32.853,1395320.4368
2024-02-06 04:25:00,42470.9,42482.9,42470.1,42482.8,13.327,566055.6831
2024-02-06 04:26:00,42482.8,42484.2,42482.8,42484.1,16.361,695071.1515
2024-02-06 04:27:00,42484.1,42484.2,42484.1,42484.2,9.451,401517.7075
2024-02-06 04:28:00,42484.2,42489.4,42484.1,42484.2,29.332,1246209.948
2024-02-06 04:29:00,42484.2,42484.2,42476.0,42476.0,10.459,444288.4326
2024-02-06 04:30:00,42476.0,42476.1,42435.0,42435.1,32.151,1364938.74
2024-02-06 04:31:00,42435.1,42476.7,42435.0,42442.4,45.231,1920116.0514
2024-02-06 04:32:00,42442.4,42457.1,42442.3,42456.8,20.824,883877.8741
2024-02-06 04:33:00,42456.8,42465.6,42441.0,42465.6,32.308,1371530.4732
2024-02-06 04:34:00,42465.6,42474.8,42452.2,42467.0,45.111,1915574.6281
2024-02-06 04:35:00,42467.0,42478.2,42456.9,42478.2,23.784,1010015.1624
2024-02-06 04:36:00,42478.2,42499.1,42478.1,42488.1,19.901,845598.5246
2024-02-06 04:37:00,42488.1,42488.1,42464.8,42484.6,27.875,1184000.5213
2024-02-06 04:38:00,42484.6,42492.7,42475.8,42492.6,28.773,1222327.3562
2024-02-06 04:39:00,42492.6,42492.7,42476.0,42476.0,23.992,1019253.0388
2024-02-06 04:40:00,42476.0,42476.1,42476.0,42476.0,5.54,235317.3895
2024-02-06 04:41:00,42476.0,42481.0,42462.1,42481.0,34.789,1477597.4086
2024-02-06 04:42:00,42481.0,42481.0,42476.6,42477.4,7.833,332726.9952
2024-02-06 04:43:00,42477.4,42477.5,42465.1,42465.9,15.824,672067.893
2024-02-06 04:44:00,42465.9,42465.9,42462.0,42462.0,8.325,353511.394
2024-02-06 04:45:00,42462.0,42489.7,42455.0,42485.0,48.392,2055496.0234
2024-02-06 04:46:00,42485.0,42519.6,42485.0,42512.2,71.637,3045089.2221
2024-02-06 04:47:00,42512.2,42554.3,42508.3,42535.5,256.637,10916489.2395
2024-02-06 04:48:00,42535.5,42543.4,42535.4,42543.4,25.398,1080398.1158
2024-02-06 04:49:00,42543.4,42544.5,42539.6,42544.5,44.617,1898134.6576
2024-02-06 04:50:00,42544.5,42588.2,42544.4,42588.2,268.773,11440787.6569
2024-02-06 04:51:00,42588.2,42610.7,42576.1,42589.0,217.459,9262857.3772
2024-02-06 04:52:00,42589.0,42613.4,42588.9,42598.0,90.598,3859906.9993
2024-02-06 04:53:00,42598.0,42664.4,42598.0,42625.4,306.301,13059520.1977
2024-02-06 04:54:00,42625.4,42649.0,42609.8,42614.1,98.794,4212014.0867
2024-02-06 04:55:00,42614.1,42644.0,42614.1,42644.0,59.123,2520636.1219
2024-02-06 04:56:00,42644.0,42647.1,42614.2,42626.0,88.89,3789634.3674
2024-02-06 04:57:00,42626.0,42630.0,42614.2,42618.0,32.617,1390239.6565
2024-02-06 04:58:00,42618.0,42628.3,42606.0,42617.1,91.641,3905445.6036
2024-02-06 04:59:00,42617.1,42621.4,42615.0,42616.5,19.25,820378.5174
2024-02-06 05:00:00,42616.5,42625.0,42602.1,42624.9,34.902,1487130.5265
2024-02-06 05:01:00,42624.9,42629.0,42624.9,42629.0,8.586,365980.0704
2024-02-06 05:02:00,42629.0,42660.0,42629.0,42659.9,33.256,1418158.0644
2024-02-06 05:03:00,42659.9,42660.0,42656.1,42660.0,21.893,933938.5692
2024-02-06 05:04:00,42660.0,42665.4,42650.7,42650.7,47.521,2027290.2779
2024-02-06 05:05:00,42650.7,42669.8,42650.7,42667.3,27.006,1151991.0731
2024-02-06 05:06:00,42667.3,42674.0,42659.9,42674.0,21.287,908213.585
2024-02-06 05:07:00,42674.0,42686.6,42673.9,42685.4,93.759,4001823.7717
2024-02-06 05:08:00,42685.4,42686.7,42672.1,42686.7,44.756,1910173.3838
2024-02-06 05:09:00,42686.7,42696.3,42684.2,42687.4,84.519,3608305.0223
2024-02-06 05:10:00,42687.4,42689.0,42679.6,42681.2,35.739,1525534.4974
2024-02-06 05:11:00,42681.2,42681.2,42680.3,42680.3,11.208,478366.9254
2024-02-06 05:12:00,42680.3,42680.4,42658.1,42679.9,119.672,5106014.3203
2024-02-06 05:13:00,42679.9,42679.9,42670.0,42672.9,26.425,1127733.9629
2024-02-06 05:14:00,42672.9,42679.9,42672.8,42673.6,19.548,834193.9715
2024-02-06 05:15:00,42673.6,42687.1,42673.6,42679.2,31.728,1354055.1628
2024-02-06 05:16:00,42679.2,42688.3,42674.1,42674.1,18.242,778651.02
2024-02-06 05:17:00,42674.1,42687.6,42674.1,42676.6,16.876,720256.8136
2024-02-06 05:18:00,42676.6,42686.0,42676.6,42684.1,6.253,266900.15
2024-02-06 05:19:00,42684.1,42685.0,42681.0,42682.2,6.828,291438.2319
2024-02-06 05:20:00,42682.2,42710.1,42678.0,42710.0,72.761,3106719.1331
2024-02-06 05:21:00,42710.0,42716.1,42690.3,42704.1,28.036,1197297.3335
2024-02-06 05:22:00,42704.1,42704.1,42686.4,42690.0,21.448,915655.9474
2024-02-06 05:23:00,42690.0,42700.0,42688.4,42700.0,29.556,1261782.6169
2024-02-06 05:24:00,42700.0,42700.0,42695.0,42700.0,7.065,301656.6917
2024-02-06 05:25:00,42700.0,42700.0,42685.0,42695.0,17.433,744286.6479
2024-02-06 05:26:00,42695.0,42695.1,42690.9,42691.3,10.075,430123.3034
2024-02-06 05:27:00,42691.3,42695.1,42691.2,42695.0,8.78,374857.036
2024-02-06 05:28:00,42695.0,42695.1,42686.9,42689.7,10.281,438886.756
2024-02-06 05:29:00,42689.7,42692.6,42689.7,42692.6,18.256,779378.5003
2024-02-06 05:30:00,42692.6,42692.6,42688.2,42689.1,22.831,974659.5696
2024-02-06 05:31:00,42689.1,42697.9,42678.4,42686.0,92.11,3931962.6258
2024-02-06 05:32:00,42686.0,42691.0,42686.0,42690.9,22.695,968812.304
2024-02-06 05:33:00,42690.9,42696.4,42678.0,42678.1,33.183,1416541.1298
2024-02-06 05:34:00,42678.1,42696.4,42678.0,42684.9,57.133,2438860.2106
2024-02-06 05:35:00,42684.9,42694.3,42684.9,42690.9,30.128,1286199.1923
2024-02-06 05:36:00,42690.9,42700.0,42677.8,42699.9,35.682,1523315.8775
2024-02-06 05:37:00,42699.9,42728.0,42693.9,42706.3,102.153,4362995.8542
2024-02-06 05:38:00,42706.3,42721.5,42706.3,42721.3,26.088,1114439.8539
2024-02-06 05:39:00,42721.3,42721.5,42714.4,42714.4,28.353,1211239.5776
2024-02-06 05:40:00,42714.4,42716.0,42711.5,42713.0,33.703,1439561.4796
2024-02-06 05:41:00,42713.0,42715.8,42680.1,42682.1,45.056,1924111.9684
2024-02-06 05:42:00,42682.1,42682.1,42654.2,42672.0,60.694,2589552.8407
2024-02-06 05:43:00,42672.0,42672.1,42628.6,42644.8,143.212,6106901.3902
2024-02-06 05:44:00,42644.8,42644.9,42640.3,42640.4,19.178,817791.3308
2024-02-06 05:45:00,42640.4,42640.4,42637.3,42637.4,22.425,956192.3108
2024-02-06 05:46:00,42637.4,42637.4,42620.0,42627.6,43.201,1841429.5942
2024-02-06 05:47:00,42627.6,42639.3,42627.5,42638.9,50.696,2161533.5266
2024-02-06 05:48:00,42638.9,42664.8,42638.9,42661.9,106.956,4562377.1794
2024-02-06 05:49:00,42661.9,42670.0,42661.9,42666.7,29.427,1255557.3487
2024-02-06 05:50:00,42666.7,42670.0,42658.5,42670.0,17.406,742589.7098
2024-02-06 05:51:00,42670.0,42670.0,42605.5,42617.3,146.288,6237363.4143
2024-02-06 05:52:00,42617.3,42617.4,42610.1,42616.6,31.306,1334091.526
2024-02-06 05:53:00,42616.6,42619.6,42616.5,42619.5,12.58,536128.9427
2024-02-06 05:54:00,42619.5,42622.0,42619.5,42621.9,19.66,837930.765
2024-02-06 05:55:00,42621.9,42622.3,42608.3,42622.3,39.025,1663030.0762
2024-02-06 05:56:00,42622.3,42628.6,42610.0,42628.6,36.748,1566114.5805
2024-02-06 05:57:00,42628.6,42628.6,42582.1,42593.5,134.327,5721567.8636
2024-02-06 05:58:00,42593.5,42605.7,42587.9,42605.6,34.632,1475091.7855
2024-02-06 05:59:00,42605.6,42606.5,42593.0,42602.7,35.225,1500610.602
2024-02-06 06:00:00,42602.7,42618.2,42589.0,42618.1,40.327,1718029.8271
2024-02-06 06:01:00,42618.1,42618.2,42589.2,42594.7,27.143,1156422.3132
2024-02-06 06:02:00,42594.7,42607.3,42594.7,42606.4,55.213,2352209.0483
2024-02-06 06:03:00,42606.4,42606.4,42597.5,42597.6,8.473,360975.4961
2024-02-06 06:04:00,42597.6,42599.8,42597.5,42597.5,5.62,239401.8804
2024-02-06 06:05:00,42597.5,42597.6,42590.0,42592.0,20.828,887166.8339
2024-02-06 06:06:00,42592.0,42592.1,42592.0,42592.0,7.398,315095.895
2024-02-06 06:07:00,42592.0,42592.1,42592.0,42592.1,4.784,203760.1986
2024-02-06 06:08:00,42592.1,42631.4,42592.0,42631.3,40.821,1739677.7551
2024-02-06 06:09:00,42631.3,42633.4,42631.3,42633.4,11.264,480201.8391
2024-02-06 06:10:00,42633.4,42634.4,42631.3,42634.4,5.024,214185.5359
2024-02-06 06:11:00,42634.4,42634.4,42614.2,42616.0,20.621,879044.9874
2024-02-06 06:12:00,42616.0,42619.4,42611.4,42616.3,22.716,968036.3804
2024-02-06 06:13:00,42616.3,42616.3,42600.3,42601.6,5.365,228597.7165
2024-02-06 06:14:00,42601.6,42601.7,42590.0,42595.0,36.96,1574377.3527
2024-02-06 06:15:00,42595.0,42599.9,42585.0,42595.1,9.65,410996.7015
2024-02-06 06:16:00,42595.1,42604.0,42595.0,42603.9,7.973,339633.0847
2024-02-06 06:17:00,42603.9,42606.0,42603.9,42605.9,10.114,430899.3283
2024-02-06 06:18:00,42605.9,42613.4,42605.9,42610.0,12.989,553457.2025
2024-02-06 06:19:00,42610.0,42612.1,42609.0,42610.0,9.921,422732.0069
2024-02-06 06:20:00,42610.0,42615.0,42602.8,42612.2,7.637,325429.5238
2024-02-06 06:21:00,42612.2,42613.7,42600.3,42600.4,18.533,789705.9045
2024-02-06 06:22:00,42600.4,42603.0,42600.3,42602.9,7.309,311373.2643
2024-02-06 06:23:00,42602.9,42603.2,42594.3,42594.3,12.683,540302.3286
2024-02-06 06:24:00,42594.3,42601.0,42594.3,42594.5,9.078,386682.8398
2024-02-06 06:25:00,42594.5,42598.9,42594.4,42596.9,17.037,725734.3966
2024-02-06 06:26:00,42596.9,42597.0,42584.0,42584.2,11.785,501881.266
2024-02-06 06:27:00,42584.2,42589.4,42568.8,42589.3,61.156,2603843.1425
2024-02-06 06:28:00,42589.3,42589.3,42583.4,42588.8,12.931,550670.4927
2024-02-06 06:29:00,42588.8,42588.9,42586.0,42586.1,11.009,468837.8788
2024-02-06 06:30:00,42586.1,42586.1,42554.0,42554.0,42.641,1814881.2328
2024-02-06 06:31:00,42554.0,42581.1,42554.0,42566.3,19.345,823507.6308
2024-02-06 06:32:00,42566.3,42572.2,42559.9,42571.9,7.835,333535.9371
2024-02-06 06:33:00,42571.9,42572.0,42558.5,42565.7,10.561,449577.9519
2024-02-06 06:34:00,42565.7,42565.7,42559.5,42560.5,13.15,559720.1025
2024-02-06 06:35:00,42560.5,42566.9,42560.4,42566.8,25.48,1084485.816
2024-02-06 06:36:00,42566.8,42566.9,42566.8,42566.8,3.889,165542.4728
2024-02-06 06:37:00,42566.8,42581.1,42566.7,42566.8,13.655,581329.5435
2024-02-06 06:38:00,42566.8,42581.1,42566.7,42581.0,17.298,736451.7861
2024-02-06 06:39:00,42581.0,42618.0,42581.0,42615.0,102.743,4377012.1683
2024-02-06 06:40:00,42615.0,42641.0,42607.0,42637.8,58.168,2479777.0396
2024-02-06 06:41:00,42637.8,42637.9,42625.1,42627.6,37.677,1606178.6055
2024-02-06 06:42:00,42627.6,42637.1,42625.8,42628.3,36.865,1571649.6479
2024-02-06 06:43:00,42628.3,42632.0,42577.0,42577.9,90.252,3846236.7076
2024-02-06 06:44:00,42577.9,42582.0,42575.0,42578.0,10.863,462514.2997
2024-02-06 06:45:00,42578.0,42579.9,42569.0,42569.0,11.233,478245.9853
2024-02-06 06:46:00,42569.0,42594.1,42568.6,42591.9,17.417,741581.8174
2024-02-06 06:47:00,42591.9,42609.3,42591.8,42604.5,5.903,251470.7627
2024-02-06 06:48:00,42604.5,42616.4,42601.7,42616.4,11.782,501947.8698
2024-02-06 06:49:00,42616.4,42634.1,42616.4,42634.1,32.021,1364961.7103
2024-02-06 06:50:00,42634.1,42662.4,42620.5,42657.0,52.672,2246469.5748
2024-02-06 06:51:00,42657.0,42657.0,42640.0,42640.0,15.37,655457.8436
2024-02-06 06:52:00,42640.0,42645.0,42640.0,42645.0,9.369,399528.3856
2024-02-06 06:53:00,42645.0,42679.2,42642.1,42675.0,84.067,3586269.3461
2024-02-06 06:54:00,42675.0,42683.0,42673.1,42675.9,16.338,697264.6997
2024-02-06 06:55:00,42675.9,42725.8,42675.8,42713.7,142.668,6093066.4589
2024-02-06 06:56:00,42713.7,42760.0,42710.3,42736.5,278.259,11892317.6108
2024-02-06 06:57:00,42736.5,42743.1,42714.5,42714.5,34.036,1454350.7979
2024-02-06 06:58:00,42714.5,42714.5,42685.6,42694.5,46.855,2000559.3289
2024-02-06 06:59:00,42694.5,42699.3,42689.1,42689.2,13.061,557611.7658
2024-02-06 07:00:00,42689.2,42699.2,42681.8,42688.4,23.968,1023293.1276
2024-02-06 07:01:00,42688.4,42688.5,42672.6,42673.0,16.496,703999.6868
2024-02-06 07:02:00,42673.0,42673.1,42664.5,42668.3,25.311,1079964.2941
2024-02-06 07:03:00,42668.3,42675.9,42660.1,42660.1,23.9,1019662.4883
2024-02-06 07:04:00,42660.1,42660.1,42650.0,42656.1,64.969,2771138.8049
2024-02-06 07:05:00,42656.1,42679.5,42656.0,42679.5,13.16,561462.4887
2024-02-06 07:06:00,42679.5,42690.0,42679.5,42684.9,16.996,725419.8767
2024-02-06 07:07:00,42684.9,42708.4,42684.9,42701.2,16.8,717199.2196
2024-02-06 07:08:00,42701.2,42701.2,42685.4,42688.2,57.034,2435069.2394
2024-02-06 07:09:00,42688.2,42695.5,42673.2,42677.1,41.526,1772538.2887
2024-02-06 07:10:00,42677.1,42677.1,42660.9,42671.8,9.642,411390.5514
2024-02-06 07:11:00,42671.8,42696.3,42669.8,42695.4,12.526,534631.4164
2024-02-06 07:12:00,42695.4,42698.4,42693.3,42698.4,9.547,407607.5529
2024-02-06 07:13:00,42698.4,42707.9,42695.5,42704.6,13.397,572055.616
2024-02-06 07:14:00,42704.6,42715.0,42702.0,42714.9,23.237,992414.1796
2024-02-06 07:15:00,42714.9,42729.5,42702.2,42729.4,26.4,1127692.833
2024-02-06 07:16:00,42729.4,42737.5,42723.1,42730.1,34.135,1458611.1923
2024-02-06 07:17:00,42730.1,42730.1,42700.6,42704.8,36.778,1570758.3076
2024-02-06 07:18:00,42704.8,42708.5,42696.2,42696.2,21.964,937862.2621
2024-02-06 07:19:00,42696.2,42696.3,42691.5,42693.1,17.881,763397.2889
2024-02-06 07:20:00,42693.1,42694.0,42675.0,42675.0,15.765,672892.7327
2024-02-06 07:21:00,42675.0,42675.1,42672.0,42672.0,6.365,271615.2296
2024-02-06 07:22:00,42672.0,42672.1,42672.0,42672.0,2.363,100833.9582
2024-02-06 07:23:00,42672.0,42672.1,42664.2,42664.2,33.857,1444609.6364
2024-02-06 07:24:00,42664.2,42672.0,42664.2,42672.0,7.409,316115.9146
2024-02-06 07:25:00,42672.0,42677.0,42654.7,42661.4,33.808,1442561.3007
2024-02-06 07:26:00,42661.4,42668.2,42651.4,42657.7,20.604,878885.7159
2024-02-06 07:27:00,42657.7,42660.2,42656.1,42660.2,8.08,344692.9979
2024-02-06 07:28:00,42660.2,42660.2,42657.3,42657.3,7.092,302533.9977
2024-02-06 07:29:00,42657.3,42657.4,42647.4,42647.4,14.786,630623.4488
2024-02-06 07:30:00,42647.4,42648.6,42635.3,42635.3,13.502,575743.8581
2024-02-06 07:31:00,42635.3,42635.4,42633.0,42633.6,9.868,420715.8022
2024-02-06 07:32:00,42633.6,42633.6,42628.4,42632.2,14.217,606082.9755
2024-02-06 07:33:00,42632.2,42638.6,42630.5,42633.5,12.962,552631.7476
2024-02-06 07:34:00,42633.5,42638.5,42631.5,42634.3,6.063,258499.0427
2024-02-06 07:35:00,42634.3,42664.0,42631.1,42664.0,16.738,713736.2169
2024-02-06 07:36:00,42664.0,42670.0,42664.0,42669.9,3.543,151176.5176
2024-02-06 07:37:00,42669.9,42700.8,42669.9,42696.6,55.877,2385619.1757
2024-02-06 07:38:00,42696.6,42744.0,42686.4,42739.8,185.007,7903273.7912
2024-02-06 07:39:00,42739.8,42798.6,42737.5,42774.2,426.09,18229529.3725
2024-02-06 07:40:00,42774.2,42778.7,42744.0,42769.1,149.255,6382533.8611
2024-02-06 07:41:00,42769.1,42779.9,42761.0,42779.9,51.439,2200214.3582
2024-02-06 07:42:00,42779.9,42800.0,42771.0,42799.9,68.256,2920708.0129
2024-02-06 07:43:00,42799.9,42825.9,42785.3,42788.1,167.049,7150382.9722
2024-02-06 07:44:00,42788.1,42788.1,42772.2,42772.3,29.569,1264908.4782
2024-02-06 07:45:00,42772.3,42774.2,42759.6,42774.2,56.441,2413749.5672
2024-02-06 07:46:00,42774.2,42777.1,42741.5,42747.2,33.667,1439417.6498
2024-02-06 07:47:00,42747.2,42769.9,42744.8,42759.2,22.03,942037.4798
2024-02-06 07:48:00,42759.2,42760.8,42750.0,42759.7,4.028,172219.1848
2024-02-06 07:49:00,42759.7,42768.0,42757.0,42762.7,49.978,2137099.4728
2024-02-06 07:50:00,42762.7,42777.5,42762.7,42777.4,8.328,356175.5886
2024-02-06 07:51:00,42777.4,42806.6,42777.4,42785.6,71.887,3076169.7703
2024-02-06 07:52:00,42785.6,42785.7,42771.0,42771.0,15.73,672889.9665
2024-02-06 07:53:00,42771.0,42788.1,42762.0,42776.1,18.72,800784.003
2024-02-06 07:54:00,42776.1,42778.3,42745.4,42745.5,27.299,1167435.8164
2024-02-06 07:55:00,42745.5,42751.7,42745.4,42747.0,17.864,763670.1947
2024-02-06 07:56:00,42747.0,42766.4,42747.0,42758.0,76.063,3251696.2386
2024-02-06 07:57:00,42758.0,42758.0,42743.0,42743.1,14.235,608526.5514
2024-02-06 07:58:00,42743.1,42743.1,42715.1,42715.1,21.481,917910.2678
2024-02-06 07:59:00,42715.1,42724.2,42715.0,42720.7,20.409,871882.9254
2024-02-06 08:00:00,42720.7,42739.6,42716.2,42722.3,28.024,1197258.6936
2024-02-06 08:01:00,42722.3,42738.2,42720.0,42738.1,9.943,424895.2544
2024-02-06 08:02:00,42738.1,42740.8,42738.1,42740.6,5.785,247243.268
2024-02-06 08:03:00,42740.6,42761.7,42730.4,42752.1,75.475,3225996.434
2024-02-06 08:04:00,42752.1,42789.2,42752.0,42783.1,36.116,1544920.8006
2024-02-06 08:05:00,42783.1,42795.0,42776.5,42794.9,18.845,806341.9321
2024-02-06 08:06:00,42794.9,42841.9,42794.9,42838.9,128.9,5519790.9653
2024-02-06 08:07:00,42838.9,42842.0,42801.3,42802.8,102.884,4405465.946
2024-02-06 08:08:00,42802.8,42864.0,42802.7,42861.3,255.296,10939641.417
2024-02-06 08:09:00,42861.3,42861.4,42833.5,42842.6,65.238,2795051.5413
2024-02-06 08:10:00,42842.6,42842.6,42825.5,42833.3,22.755,974654.8211
2024-02-06 08:11:00,42833.3,42858.9,42832.1,42853.0,44.231,1894791.5604
2024-02-06 08:12:00,42853.0,42864.0,42845.4,42864.0,60.632,2598537.733
2024-02-06 08:13:00,42864.0,42864.0,42860.0,42860.0,55.799,2391710.3886
2024-02-06 08:14:00,42860.0,42913.1,42860.0,42891.8,363.667,15596619.1008
2024-02-06 08:15:00,42891.8,42915.7,42887.0,42900.0,85.137,3652533.5082
2024-02-06 08:16:00,42900.0,42924.0,42889.1,42890.0,121.444,5210962.169
2024-02-06 08:17:00,42890.0,42896.3,42861.1,42870.7,55.261,2369580.1722
2024-02-06 08:18:00,42870.7,42871.2,42863.3,42864.0,18.75,803767.3847
2024-02-06 08:19:00,42864.0,42887.6,42862.8,42878.1,41.249,1768277.4098
2024-02-06 08:20:00,42878.1,42887.5,42878.1,42883.3,22.8,977725.9628
2024-02-06 08:21:00,42883.3,42906.0,42883.3,42902.2,27.936,1198234.4404
2024-02-06 08:22:00,42902.2,42902.2,42878.1,42878.1,36.65,1571967.5073
2024-02-06 08:23:00,42878.1,42878.2,42861.3,42861.3,28.345,1215153.8558
2024-02-06 08:24:00,42861.3,42869.5,42848.9,42850.0,44.392,1902426.4617
2024-02-06 08:25:00,42850.0,42851.0,42839.2,42847.2,40.307,1726995.9046
2024-02-06 08:26:00,42847.2,42851.0,42847.2,42850.9,9.697,415523.9037
2024-02-06 08:27:00,42850.9,42851.0,42841.0,42841.0,12.567,538459.7043
2024-02-06 08:28:00,42841.0,42845.4,42841.0,42845.4,6.541,280228.1041
2024-02-06 08:29:00,42845.4,42845.4,42833.0,42833.0,21.426,917880.3453
2024-02-06 08:30:00,42833.0,42862.6,42830.0,42862.6,32.818,1406014.6848
2024-02-06 08:31:00,42862.6,42871.4,42861.2,42868.2,29.191,1251378.522
2024-02-06 08:32:00,42868.2,42871.2,42861.2,42871.2,17.609,754813.9471
2024-02-06 08:33:00,42871.2,42881.3,42867.4,42867.4,38.334,1643620.1306
2024-02-06 08:34:00,42867.4,42919.5,42867.4,42895.5,83.177,3568361.6454
2024-02-06 08:35:00,42895.5,42936.0,42885.0,42935.7,118.864,5101081.9608
2024-02-06 08:36:00,42935.7,42940.1,42892.8,42896.3,100.767,4324831.6916
2024-02-06 08:37:00,42896.3,42898.0,42893.6,42898.0,15.202,652083.1779
2024-02-06 08:38:00,42898.0,42910.0,42893.5,42909.9,58.555,2511989.7407
2024-02-06 08:39:00,42909.9,42928.5,42908.3,42922.7,56.116,2408512.0074
2024-02-06 08:40:00,42922.7,42950.0,42921.5,42948.9,90.889,3902811.3115
2024-02-06 08:41:00,42948.9,42948.9,42941.6,42941.6,22.286,957032.6018
2024-02-06 08:42:00,42941.6,42941.6,42915.3,42920.0,53.787,2308829.7755
2024-02-06 08:43:00,42920.0,42922.9,42917.0,42922.9,22.916,983567.297
2024-02-06 08:44:00,42922.9,42933.6,42922.8,42929.5,28.047,1203893.367
2024-02-06 08:45:00,42929.5,42929.5,42898.0,42898.1,25.735,1104237.6998
2024-02-06 08:46:00,42898.1,42906.0,42886.5,42886.5,46.95,2014057.7812
2024-02-06 08:47:00,42886.5,42899.0,42883.8,42899.0,22.169,950835.0446
2024-02-06 08:48:00,42899.0,42899.8,42888.7,42888.7,17.031,730514.8067
2024-02-06 08:49:00,42888.7,42910.6,42888.4,42899.0,13.157,564404.7566
2024-02-06 08:50:00,42899.0,42903.6,42898.9,42903.5,5.99,256980.7553
2024-02-06 08:51:00,42903.5,42903.6,42903.5,42903.5,7.627,327225.1686
2024-02-06 08:52:00,42903.5,42903.6,42893.7,42893.9,56.253,2413351.1901
2024-02-06 08:53:00,42893.9,42893.9,42881.9,42881.9,9.34,400561.2065
2024-02-06 08:54:00,42881.9,42890.2,42881.9,42890.2,30.727,1317788.7533
2024-02-06 08:55:00,42890.2,42899.9,42882.5,42899.9,20.095,861844.312
2024-02-06 08:56:00,42899.9,42901.6,42899.9,42901.6,8.448,362424.0055
2024-02-06 08:57:00,42901.6,42901.6,42886.5,42888.0,11.979,513822.6831
2024-02-06 08:58:00,42888.0,42888.0,42886.5,42886.5,6.43,275761.0275
2024-02-06 08:59:00,42886.5,42886.6,42886.5,42886.5,3.037,130246.4165
2024-02-06 09:00:00,42886.5,42892.3,42871.6,42881.6,40.205,1724060.126
2024-02-06 09:01:00,42881.6,42881.7,42871.1,42875.6,14.071,603265.9531
2024-02-06 09:02:00,42875.6,42875.7,42854.7,42854.7,79.857,3422957.2081
2024-02-06 09:03:00,42854.7,42854.8,42854.0,42854.0,14.009,600345.9305
2024-02-06 09:04:00,42854.0,42861.9,42842.8,42842.8,32.427,1389590.2761
2024-02-06 09:05:00,42842.8,42847.5,42842.2,42842.3,15.594,668110.8248
2024-02-06 09:06:00,42842.3,42852.7,42842.2,42845.6,16.45,704849.4967
2024-02-06 09:07:00,42845.6,42867.9,42845.6,42867.5,22.297,955562.3368
2024-02-06 09:08:00,42867.5,42867.5,42856.3,42860.2,12.941,554664.9812
2024-02-06 09:09:00,42860.2,42860.2,42845.6,42846.0,17.305,741600.0952
2024-02-06 09:10:00,42846.0,42857.7,42846.0,42857.7,7.303,312929.8339
2024-02-06 09:11:00,42857.7,42857.9,42812.4,42815.4,127.814,5473645.5735
2024-02-06 09:12:00,42815.4,42820.0,42814.4,42814.4,25.513,1092415.2426
2024-02-06 09:13:00,42814.4,42816.6,42814.4,42814.5,25.603,1096223.1517
2024-02-06 09:14:00,42814.5,42815.4,42811.5,42815.3,16.085,688648.8522
2024-02-06 09:15:00,42815.3,42817.5,42809.6,42809.6,30.375,1300371.2642
2024-02-06 09:16:00,42809.6,42809.7,42757.9,42758.4,121.823,5211676.2109
2024-02-06 09:17:00,42758.4,42786.0,42753.9,42785.9,72.534,3101909.5683
2024-02-06 09:18:00,42785.9,42820.9,42785.9,42820.9,30.098,1288242.2989
2024-02-06 09:19:00,42820.9,42857.1,42820.9,42837.0,91.756,3930867.527
