startTime,openPrice,highPrice,lowPrice,closePrice,volume,turnover
1685989800000,25641.9,25642.5,25625,25627,78.619,2015015.5647
1685989860000,25627,25636.1,25618.2,25631,158.448,4060899.9124
1685989920000,25631,25649,25619.9,25619.9,70.329,1802984.6739
1685989980000,25619.9,25620,25593,25597,389.793,9980549.7298
1685990040000,25597,25607.8,25575.7,25594.2,520.652,13324096.8778
1685990100000,25594.2,25635,25594.2,25635,151.616,3883292.4197
1685990160000,25635,25636.8,25613.4,25636.7,225.063,5767994.5649
1685990220000,25636.7,25636.7,25611,25611,55.007,1409253.5534
1685990280000,25611,25624.7,25598,25600.1,135.676,3474372.1471
1685990340000,25600.1,25626,25600,25622.2,53.674,1374705.9369
1685990400000,25622.2,25632,25622.2,25632,54.81,1404675.229
1685990460000,25632,25632.1,25632,25632.1,26.518,679710.8853
1685990520000,25632.1,25632.1,25603.7,25603.7,79.71,2041905.908
1685990580000,25603.7,25612.5,25597,25600.1,102.701,2629262.6897
1685990640000,25600.1,25614.5,25600,25600.2,147.833,3785250.1705
1685990700000,25600.2,25600.2,25576.4,25592.9,147.772,3780960.3846
1685990760000,25592.9,25604.6,25592.7,25598.1,41.749,1068769.2129
1685990820000,25598.1,25616.1,25597.3,25609.1,51.165,1310121.5988
1685990880000,25609.1,25609.1,25602.7,25604.8,24.221,620184
1685990940000,25604.8,25614.7,25604.8,25613.9,87.991,2253319.8664
1685991000000,25613.9,25613.9,25599.9,25600,75.046,1921483.352
1685991060000,25600,25600,25588.5,25590,91.184,2333703.4744
1685991120000,25590,25608.3,25585.8,25604.2,76.824,1966493.9122
1685991180000,25604.2,25604.2,25588.7,25588.7,34.682,887582.6691
1685991240000,25588.7,25598,25570.8,25594.6,103.818,2656126.9033
1685991300000,25594.6,25602,25583.1,25589.6,71.222,1822815.5234
1685991360000,25589.6,25589.7,25536.6,25545.1,359.577,9188975.2174
1685991420000,25545.1,25566.3,25512.1,25557.3,501.481,12804313.2058
1685991480000,25557.3,25558.6,25546,25546,94.703,2419889.6419
1685991540000,25546,25555,25544.3,25555,102.101,2608372.3521
1685991600000,25555,25555,25524.2,25539.8,135.665,3464127.462
1685991660000,25539.8,25547.4,25487.8,25499.8,325.872,8311827.6642
1685991720000,25499.8,25513.3,25451.8,25476.7,965.198,24588234.1093
1685991780000,25476.7,25476.7,25372.4,25424.5,1742.497,44280501.9337
1685991840000,25424.5,25505.8,25414.5,25498.2,662.661,16874918.1221
1685991900000,25498.2,25509.3,25477.9,25506.8,151.883,3871818.3867
1685991960000,25506.8,25524.8,25506.7,25506.7,144.767,3693516.7825
1685992020000,25506.7,25564.2,25493.3,25560.8,401.13,10242899.4532
1685992080000,25560.8,25577.8,25547.3,25552.9,371.696,9502546.5605
1685992140000,25552.9,25554.5,25540,25553.5,126.066,3220496.9001
1685992200000,25553.5,25570,25551,25559.1,93.286,2384499.6876
1685992260000,25559.1,25559.2,25528.5,25537.4,142.544,3640766.9245
1685992320000,25537.4,25540.9,25520.9,25523,48.727,1243914.2732
1685992380000,25523,25533.2,25507,25531.3,189.715,4841529.5352
1685992440000,25531.3,25531.4,25517,25529.6,25.006,638260.5726
1685992500000,25529.6,25537.9,25514.5,25520.3,190.382,4858944.4443
1685992560000,25520.3,25520.3,25457.8,25467,270.445,6891796.6834
1685992620000,25467,25490.7,25467,25477.5,122.586,3123336.498
1685992680000,25477.5,25500,25473.1,25500,125.012,3185462.9211
1685992740000,25500,25503.7,25476,25476,108.934,2777129.5351
1685992800000,25476,25482.2,25458.3,25482.2,82.937,2112243.9226
1685992860000,25482.2,25494.4,25474,25492.7,59.043,1504531.9245
1685992920000,25492.7,25514.6,25492,25513.2,61.97,1580799.6675
1685992980000,25513.2,25513.3,25493.7,25493.8,41.644,1062170.2426
1685993040000,25493.8,25494.6,25482.2,25491.7,29.794,759453.3899
1685993100000,25491.7,25491.7,25457.9,25458,73.215,1864630.5686
1685993160000,25458,25458,25417.3,25423.3,370.989,9434667.617
1685993220000,25423.3,25440.1,25411.6,25411.7,190.543,4844785.3203
1685993280000,25411.7,25448.6,25386.6,25445.6,330.827,8408676.626
1685993340000,25445.6,25445.6,25428.1,25434.2,90.144,2292841.5902
1685993400000,25434.2,25451.5,25425,25451.5,140.839,3581988.2117
1685993460000,25451.5,25513.9,25451.5,25511.3,159.713,4070188.4583
1685993520000,25511.3,25511.3,25492.3,25505.5,119.177,3039496.3782
1685993580000,25505.5,25520.9,25497.5,25515.5,184.589,4709025.4925
1685993640000,25515.5,25546.5,25515.5,25546.4,189.036,4827317.3882
1685993700000,25546.4,25546.4,25523.5,25525.1,97.648,2493715.1762
1685993760000,25525.1,25525.1,25500.1,25504.6,154.472,3941227.2084
1685993820000,25504.6,25504.6,25478.5,25478.5,55.189,1406738.3641
1685993880000,25478.5,25500,25478.5,25500,31.622,805821.9013
1685993940000,25500,25500,25476.1,25476.2,43.958,1120119.8709
1685994000000,25476.2,25499.5,25467.1,25489.8,127.023,3236081.8972
1685994060000,25489.8,25490.8,25486.8,25490.8,20.762,529185.0453
1685994120000,25490.8,25490.8,25483,25487,31.89,812749.1064
1685994180000,25487,25487.1,25473.1,25473.5,61.536,1568161.8662
1685994240000,25473.5,25495,25473.4,25494.2,38.208,973751.8011
1685994300000,25494.2,25509.6,25486.6,25500,112.547,2869931.4502
1685994360000,25500,25507.3,25499.9,25507.2,28.016,714548.8706
1685994420000,25507.2,25530.1,25507.2,25530.1,80.936,2065453.7984
1685994480000,25530.1,25588.6,25530,25571.8,392.579,10037140.8548
1685994540000,25571.8,25618,25571.7,25618,870.228,22276522.7699
1685994600000,25618,25632.9,25583.5,25583.6,188.563,4828666.1026
1685994660000,25583.6,25594.3,25578.1,25590.1,84.783,2169493.5328
1685994720000,25590.1,25595,25582,25595,50.424,1290185.9801
1685994780000,25595,25630,25595,25629.1,139.247,3567439.4526
1685994840000,25629.1,25629.2,25601,25601.1,100.997,2587180.7513
1685994900000,25601.1,25603.7,25582.1,25588.7,61.212,1566710.2473
1685994960000,25588.7,25588.8,25579.2,25579.2,24.905,637156.5264
1685995020000,25579.2,25594.5,25575,25594.5,45.952,1175508.9266
1685995080000,25594.5,25602.1,25585.1,25602.1,28.942,740839.513
1685995140000,25602.1,25626.6,25598.4,25626.5,72.172,1848452.7698
1685995200000,25626.5,25633.7,25602.3,25633.7,82.117,2103520.1027
1685995260000,25633.7,25670,25629.3,25657.6,289.808,7435162.5888
1685995320000,25657.6,25666.3,25649.6,25663.3,114.633,2940942.1623
1685995380000,25663.3,25663.3,25650,25650,115.751,2969435.666
1685995440000,25650,25650.1,25629,25636.7,86.977,2230094.6966
1685995500000,25636.7,25636.7,25604.6,25605.1,76.8,1967202.3204
1685995560000,25605.1,25619.8,25605,25619.8,40.99,1049840.0216
1685995620000,25619.8,25619.8,25617.1,25618.1,24.727,633474.6702
1685995680000,25618.1,25618.1,25615.6,25615.7,24.205,620072.2727
1685995740000,25615.7,25615.7,25605.6,25614.7,55.619,1424317.6981
1685995800000,25614.7,25630.5,25610,25630.5,46.443,1189724.3355
1685995860000,25630.5,25638.9,25630,25638.7,26.912,689923.8927
1685995920000,25638.7,25639.6,25621.4,25637.2,28.948,742083.7969
1685995980000,25637.2,25642.8,25637.1,25642.8,28.587,732979.2523
1685996040000,25642.8,25650,25642.7,25650,41.206,1056752.4631
1685996100000,25650,25650,25631.3,25631.4,39.899,1023190.6435
1685996160000,25631.4,25631.4,25614,25616.5,37.827,969084.7002
1685996220000,25616.5,25623.3,25616.5,25620.6,21.545,552003.4391
1685996280000,25620.6,25627.6,25620.6,25627.5,17.752,454882.9291
1685996340000,25627.5,25627.5,25620,25621.4,37.174,952447.3377
1685996400000,25621.4,25627.8,25615.9,25627.3,57.404,1470755.8179
1685996460000,25627.3,25655.3,25627.2,25655.1,39.471,1012173.6984
1685996520000,25655.1,25666.5,25655,25660.5,78.312,2009600.2242
1685996580000,25660.5,25660.5,25628.9,25630.3,35.987,922997.0961
1685996640000,25630.3,25633.2,25630.2,25633.2,28.284,724977.1899
1685996700000,25633.2,25633.2,25621.4,25622,33.976,870733.0689
1685996760000,25622,25625.9,25622,25625.9,20.298,520125.1078
1685996820000,25625.9,25630,25625.8,25630,11.304,289703.0334
1685996880000,25630,25630,25628.6,25628.7,18.51,474394.8384
1685996940000,25628.7,25630,25628,25630,56.011,1435473.8611
1685997000000,25630,25649.4,25629.9,25645.5,41.688,1068702.0796
1685997060000,25645.5,25645.6,25641.5,25641.6,6.251,160293.9313
1685997120000,25641.6,25641.6,25628,25628,54.957,1408786.4177
1685997180000,25628,25633,25618.4,25625.2,47.72,1222774.2141
1685997240000,25625.2,25625.3,25610,25612.2,65.537,1678781.034
1685997300000,25612.2,25620.3,25604.8,25604.9,54.655,1399855.0011
1685997360000,25604.9,25605,25586.2,25586.2,145.854,3733212.6903
1685997420000,25586.2,25617.4,25571.7,25617.4,201.011,5143150.8793
1685997480000,25617.4,25624.4,25603.4,25604.9,18.564,475459.4383
1685997540000,25604.9,25612.8,25604.9,25612.8,23.721,607397.5363
1685997600000,25612.8,25612.8,25594.2,25594.2,44.964,1151315.8367
1685997660000,25594.2,25596.7,25585.9,25596.7,35.516,908952.9286
1685997720000,25596.7,25598.6,25594.1,25594.9,19.967,511058.9508
1685997780000,25594.9,25598.6,25594.9,25595.9,30.942,791989.2811
1685997840000,25595.9,25596,25582.8,25584.6,93.309,2387903.2933
1685997900000,25584.6,25602.5,25584.5,25602.4,19.675,503526.4467
1685997960000,25602.4,25611.1,25602.4,25611.1,30.59,783289.3183
1685998020000,25611.1,25611.1,25594.7,25600.1,40.335,1032586.8552
1685998080000,25600.1,25604.9,25597.6,25604.9,12.958,331720.4066
1685998140000,25604.9,25607,25600,25602.9,11.613,297353.4867
1685998200000,25602.9,25603.7,25602,25602.1,7.25,185619.769
1685998260000,25602.1,25602.1,25600.1,25601.8,29.124,745581.8323
1685998320000,25601.8,25606,25601,25602.9,11.881,304180.3717
1685998380000,25602.9,25602.9,25601.5,25602.7,12.84,328732.1244
1685998440000,25602.7,25609,25602.7,25602.7,29.959,767167.3852
1685998500000,25602.7,25602.8,25593.7,25593.8,11.998,307106.2843
1685998560000,25593.8,25605.1,25588.7,25605,19.703,504274.8207
1685998620000,25605,25614.7,25605,25614.6,26.629,681926.7577
1685998680000,25614.6,25622.4,25614.6,25619.1,28.085,719490.7505
1685998740000,25619.1,25628.2,25619,25628.2,21.543,552044.2889
1685998800000,25628.2,25630,25619.1,25626.3,75.71,1940139.0396
1685998860000,25626.3,25626.3,25605.4,25605.4,26.005,666128.6686
1685998920000,25605.4,25607.9,25602.9,25603,42.253,1081954.8378
1685998980000,25603,25617.4,25602.9,25608.8,17.371,444871.3663
1685999040000,25608.8,25609.6,25604.1,25604.2,13.185,337635.0033
1685999100000,25604.2,25605.4,25600,25600.1,21.592,552822.7994
1685999160000,25600.1,25600.1,25596.5,25596.5,44.484,1138704.4189
1685999220000,25596.5,25596.5,25586.9,25586.9,57.464,1470676.463
1685999280000,25586.9,25607,25586.9,25594.1,40.047,1024963.8764
1685999340000,25594.1,25594.2,25586.9,25592.1,44.349,1134919.8487
1685999400000,25592.1,25592.1,25586.9,25589.9,14,358254.874
1685999460000,25589.9,25590,25588,25589.6,4.774,122165.6416
1685999520000,25589.6,25590,25582.8,25582.9,58.049,1485354.4623
1685999580000,25582.9,25584.2,25580.4,25584.2,19.112,488908.1785
1685999640000,25584.2,25584.2,25582.7,25582.8,8.824,225748.8666
1685999700000,25582.8,25584.2,25580,25580.1,40.311,1031239.9051
1685999760000,25580.1,25580.1,25550,25550,255.479,6530437.0018
1685999820000,25550,25551.5,25510,25550.5,357.487,9128122.2151
1685999880000,25550.5,25571.3,25550,25566.3,108.568,2775309.2487
1685999940000,25566.3,25568,25566.3,25567.9,31.373,802116.1824
1686000000000,25567.9,25568,25555,25558.1,19.244,491894.0971
1686000060000,25558.1,25560,25524.1,25524.1,134.525,3436379.3631
1686000120000,25524.1,25527,25501,25510.1,209.126,5334955.0905
1686000180000,25510.1,25523.2,25509,25521.6,65.197,1663539.9284
1686000240000,25521.6,25536.7,25521.5,25536.7,90.922,2321710.6276
1686000300000,25536.7,25545.8,25536.6,25545.8,88.674,2264652.4745
1686000360000,25545.8,25555,25545.7,25555,29.546,754922.9895
1686000420000,25555,25581.4,25554.9,25576.1,169.477,4333746.2541
1686000480000,25576.1,25590.8,25575.8,25590,121.555,3109769.99
1686000540000,25590,25598.4,25587.9,25598.4,103.945,2660165.1355
1686000600000,25598.4,25598.5,25577.4,25577.4,39.445,1009249.2998
1686000660000,25577.4,25577.5,25533.3,25540.8,388.657,9932472.7537
1686000720000,25540.8,25540.8,25524.7,25524.8,78.855,2013401.9089
1686000780000,25524.8,25527.1,25524.7,25525,48.042,1226349.0269
1686000840000,25525,25555.9,25525,25555,82.033,2094917.2544
1686000900000,25555,25555,25537.3,25537.4,34.893,891492.5935
1686000960000,25537.4,25537.4,25522.6,25523.1,35.908,916711.1421
1686001020000,25523.1,25523.1,25501.4,25501.4,49.058,1251399.9553
1686001080000,25501.4,25526,25501.4,25526,68.819,1755824.5425
1686001140000,25526,25532.7,25526,25530,18.432,470580.0959
1686001200000,25530,25548.6,25529.9,25548.6,60.022,1533073.4159
1686001260000,25548.6,25580.5,25548.6,25567,104.326,2667688.8042
1686001320000,25567,25570.8,25564.2,25569.1,28.197,720926.3567
1686001380000,25569.1,25569.1,25562.3,25562.4,61.696,1577353.1033
1686001440000,25562.4,25562.4,25534.3,25534.3,31.855,813912.2292
1686001500000,25534.3,25541.9,25528.9,25541.5,35.87,915989.7467
1686001560000,25541.5,25548.2,25541.5,25548.2,50.01,1277497.0101
1686001620000,25548.2,25552,25548.2,25551.9,9.549,243994.3276
1686001680000,25551.9,25552,25551.9,25552,4.207,107497.1273
1686001740000,25552,25562.2,25551.9,25562.2,12.002,306691.5706
1686001800000,25562.2,25573.7,25562.2,25573.7,6.362,162676.6888
1686001860000,25573.7,25596.8,25573.7,25595.1,85.541,2188958.1088
1686001920000,25595.1,25612,25595.1,25609.8,146.549,3752566.8656
1686001980000,25609.8,25609.8,25604.8,25604.9,88.523,2266710.8994
1686002040000,25604.9,25612.9,25604.8,25612.9,27.39,701333.5692
1686002100000,25612.9,25636,25612.8,25632.4,369.605,9471610.3482
1686002160000,25632.4,25632.5,25618.5,25618.6,34.062,872891.7322
1686002220000,25618.6,25638.5,25618.5,25638.5,35.695,914841.4429
1686002280000,25638.5,25669.2,25638.5,25665.7,243.699,6252629.7847
1686002340000,25665.7,25669.4,25648.7,25648.7,103.829,2664471.0175
1686002400000,25648.7,25675.6,25648.7,25658.4,156.507,4016682.0914
1686002460000,25658.4,25660.3,25642.9,25660.3,91.699,2352342.6706
1686002520000,25660.3,25670,25647.6,25670,26.326,675528.8205
1686002580000,25670,25675.7,25663.2,25675.7,45.575,1169862.3315
1686002640000,25675.7,25675.7,25670,25670.1,30.084,772324.6016
1686002700000,25670.1,25670.1,25658.3,25658.3,34.995,898185.2558
1686002760000,25658.3,25667,25656.3,25656.3,48.448,1243224.4261
1686002820000,25656.3,25656.4,25637.5,25637.5,49.009,1256814.1218
1686002880000,25637.5,25654.2,25637.5,25654.1,52.963,1358071.7315
1686002940000,25654.1,25656.1,25645,25645.1,14.966,383889.4486
1686003000000,25645.1,25665.7,25645,25665.7,54.842,1406912.2904
1686003060000,25665.7,25669.5,25659.1,25659.1,46.576,1195461.3645
1686003120000,25659.1,25659.2,25647.1,25647.2,30.231,775478.8818
1686003180000,25647.2,25649.1,25647.1,25649.1,12.033,308628.1547
1686003240000,25649.1,25661,25649,25661,19.902,510505.7428
1686003300000,25661,25670,25648.4,25654,56.763,1456667.047
1686003360000,25654,25654,25650.4,25650.8,21.569,553277.9725
1686003420000,25650.8,25660.2,25650.8,25651,26.672,684319.4345
1686003480000,25651,25660,25642.6,25659.9,24.944,639759.7653
1686003540000,25659.9,25660,25659.9,25659.9,5.415,138948.7619
1686003600000,25659.9,25660,25658.5,25658.6,25.228,647324.9917
1686003660000,25658.6,25673.3,25658.5,25673.3,37.933,973513.9454
1686003720000,25673.3,25698.5,25673.3,25696.6,255.105,6553234.4863
1686003780000,25696.6,25731.6,25696.6,25722.6,496.304,12762106.8585
1686003840000,25722.6,25733,25703.5,25706.7,109.269,2810584.2949
1686003900000,25706.7,25706.7,25684.1,25686,63.474,1630928.3599
1686003960000,25686,25689.1,25680.3,25689.1,21.802,559983.7266
1686004020000,25689.1,25689.1,25687.3,25688.1,10.442,268240.5156
1686004080000,25688.1,25700,25688,25699.6,57.133,1467802.0728
1686004140000,25699.6,25703.7,25695.8,25700.4,80.565,2070383.6786
1686004200000,25700.4,25709.8,25692,25697.1,32.313,830418.6161
1686004260000,25697.1,25697.1,25685.6,25686,29.794,765406.2197
1686004320000,25686,25689.8,25680.8,25685.6,67.177,1725327.0684
1686004380000,25685.6,25691.8,25680.5,25680.5,36.718,943111.5105
1686004440000,25680.5,25687.3,25680.5,25687.3,7.061,181342.3191
1686004500000,25687.3,25698.8,25687.2,25693.6,36.417,935778.6799
1686004560000,25693.6,25700.7,25693.5,25700,54.278,1394875.2726
1686004620000,25700,25725.3,25699.9,25717.4,70.777,1820273.2423
1686004680000,25717.4,25734,25717.4,25732.1,117.287,3017847.1934
1686004740000,25732.1,25746.1,25729.4,25738.9,215.399,5543667.87
1686004800000,25738.9,25738.9,25720,25725,39.798,1024003.4367
1686004860000,25725,25738.4,25720,25738.3,51.26,1318766.6426
1686004920000,25738.3,25738.4,25734.2,25735.1,9.894,254626.4338
1686004980000,25735.1,25754,25735.1,25745.7,75.24,1937270.9109
1686005040000,25745.7,25769.6,25743.2,25759,75.123,1934930.4223
1686005100000,25759,25759.1,25723.8,25723.9,86.214,2219103.8192
1686005160000,25723.9,25723.9,25718,25722,25.249,649412.2874
1686005220000,25722,25722,25710.5,25710.6,83.013,2135032.4728
1686005280000,25710.6,25721.9,25710.5,25714.1,71.946,1850196.3711
1686005340000,25714.1,25726.7,25712.8,25726.7,29.652,762644.8225
1686005400000,25726.7,25726.8,25719.9,25720.4,24.266,624177.6814
1686005460000,25720.4,25726.8,25720.4,25726.8,84.825,2182021.3328
1686005520000,25726.8,25726.8,25719.5,25724.9,16.819,432671.4105
1686005580000,25724.9,25725,25719.9,25719.9,12.247,315011.394
1686005640000,25719.9,25726.8,25711.9,25712,43.043,1107049.2706
1686005700000,25712,25716.1,25705,25706,120.68,3102648.1031
1686005760000,25706,25706.1,25700,25700,43.054,1106534.7753
1686005820000,25700,25708,25700,25708,19.765,507998.0278
1686005880000,25708,25709.6,25701.3,25701.3,10.232,263023.1711
1686005940000,25701.3,25701.4,25701.2,25701.3,4.398,113034.1269
1686006000000,25701.3,25701.3,25688.9,25699.5,58.343,1499098.8648
1686006060000,25699.5,25699.6,25699.5,25699.6,6.611,169899.8246
1686006120000,25699.6,25710,25699.5,25700.2,21.953,564279.2569
1686006180000,25700.2,25701.8,25698.5,25701.8,15.942,409710.3928
1686006240000,25701.8,25715,25701.7,25715,21.403,550146.2679
1686006300000,25715,25715,25693.3,25693.4,15.348,394510.9817
1686006360000,25693.4,25705.3,25693.3,25705.3,24.057,618222.6444
1686006420000,25705.3,25705.3,25693.3,25696.4,47.458,1219740.9829
1686006480000,25696.4,25713.8,25696.3,25713.8,52.879,1358925.6443
1686006540000,25713.8,25713.8,25709.4,25711.7,9.252,237891.3287
1686006600000,25711.7,25725.2,25711.7,25717.6,96.31,2477054.2169
1686006660000,25717.6,25733.1,25717.6,25732.1,108.24,2784600.5764
1686006720000,25732.1,25734.9,25732,25734.8,25.592,658591.2336
1686006780000,25734.8,25737.7,25734.8,25737.7,21.837,561977.4228
1686006840000,25737.7,25746.6,25737,25737,52.957,1363250.054
1686006900000,25737,25748.9,25737,25748.8,13.161,338794.5054
1686006960000,25748.8,25756,25748.8,25752.8,67.32,1733695.5256
1686007020000,25752.8,25765.8,25752.7,25761,58.171,1498402.8099
1686007080000,25761,25762.6,25750,25750.1,41.326,1064463.3957
1686007140000,25750.1,25750.1,25737.4,25747.9,57.338,1476036.2656
1686007200000,25747.9,25766.1,25747.9,25756.1,47.46,1222498.0517
1686007260000,25756.1,25766.7,25756,25766.7,21.389,551057.9239
1686007320000,25766.7,25774.5,25766.6,25769.1,170.449,4392710.2506
1686007380000,25769.1,25777.5,25769,25772.3,36.955,952491.5397
1686007440000,25772.3,25775.5,25772.2,25775.4,32.92,848470.1495
1686007500000,25775.4,25784.8,25772,25772.8,77.058,1986425.7153
1686007560000,25772.8,25799.3,25772.7,25797.2,159.286,4107760.1682
1686007620000,25797.2,25827.6,25797.1,25816,394.848,10191018.6403
1686007680000,25816,25841.8,25810,25825,134.793,3481690.4645
1686007740000,25825,25846,25816.2,25846,112.563,2907352.6374
1686007800000,25846,25854.9,25815.7,25815.8,142.397,3679025.8989
1686007860000,25815.8,25815.9,25802,25815.9,99.663,2572200.0228
1686007920000,25815.9,25819.9,25808.5,25808.5,26.784,691448.8629
1686007980000,25808.5,25812.5,25807.1,25809.1,44.955,1160337.2695
1686008040000,25809.1,25809.1,25805.2,25806,15.202,392303.4572
1686008100000,25806,25814.8,25800,25800,60.232,1554395.0836
1686008160000,25800,25803.3,25795.8,25800.2,90.337,2330665.3404
1686008220000,25800.2,25800.2,25780.1,25780.1,88.128,2272566.4574
1686008280000,25780.1,25789.7,25780.1,25783,60.906,1570495.6798
1686008340000,25783,25806.1,25782.6,25802.3,23.568,608017.6299
1686008400000,25802.3,25804.5,25795.6,25795.7,47.927,1236505.1918
1686008460000,25795.7,25798.6,25793.6,25797.6,30.513,787072.0526
1686008520000,25797.6,25804.4,25794.5,25804.4,13.487,347979.6864
1686008580000,25804.4,25804.8,25796.5,25796.5,60.336,1556806.8048
1686008640000,25796.5,25796.6,25796.1,25796.6,17.241,444754.5737
1686008700000,25796.6,25796.6,25772.9,25775.6,86.006,2217153.0226
1686008760000,25775.6,25787.9,25756,25765.2,231.996,5978878.2703
1686008820000,25765.2,25776.8,25765.1,25770,57.105,1471667.923
1686008880000,25770,25770,25735.2,25742,103.098,2654453.8986
1686008940000,25742,25757.9,25741.9,25755.5,73.191,1884688.583
1686009000000,25755.5,25762.2,25755.5,25758.6,116.581,3003277.0953
1686009060000,25758.6,25758.6,25744.9,25744.9,58.066,1495191.9428
1686009120000,25744.9,25753.8,25744.9,25753.8,19.379,498994.1828
1686009180000,25753.8,25753.9,25748.4,25748.4,17.373,447418.0581
1686009240000,25748.4,25748.5,25722.6,25730.3,63.893,1644178.5951
1686009300000,25730.3,25740,25730,25739.9,34.289,882351.6418
1686009360000,25739.9,25740.4,25739.9,25740.3,23.699,610014.1596
1686009420000,25740.3,25740.4,25740.3,25740.4,3.004,77324.0342
1686009480000,25740.4,25740.4,25740.3,25740.3,1.649,42445.7833
1686009540000,25740.3,25740.4,25709,25717.2,132.288,3402580.5701
1686009600000,25717.2,25730,25709.8,25730,74.284,1910473.0883
1686009660000,25730,25734.5,25709.8,25734.5,136.351,3507108.7036
1686009720000,25734.5,25740,25726.7,25726.7,41.298,1062772.2807
1686009780000,25726.7,25729.7,25717.5,25722.9,27.508,707630.5791
1686009840000,25722.9,25735.3,25722.9,25729.9,137.944,3549281.0333
1686009900000,25729.9,25740.2,25725.8,25740.1,45.821,1179152.0874
1686009960000,25740.1,25740.1,25711.2,25714.3,68.349,1757921.8421
1686010020000,25714.3,25716.4,25690.5,25699.2,170.306,4377064.3608
1686010080000,25699.2,25699.3,25687.2,25699.3,127.925,3286736.4519
1686010140000,25699.3,25710.7,25699.2,25708,36.394,935480.6743
1686010200000,25708,25715.6,25707.9,25715.5,21.776,559900.1862
1686010260000,25715.5,25715.6,25711.3,25715.5,13.703,352365.905
1686010320000,25715.5,25715.6,25706.6,25706.6,13.807,355014.4348
1686010380000,25706.6,25725,25706.6,25724.5,39.62,1019042.6294
1686010440000,25724.5,25724.5,25723,25723.1,12.656,325554.3243
1686010500000,25723.1,25737.5,25723,25730.4,104.951,2700213.1736
1686010560000,25730.4,25740,25730.3,25740,29.696,764315.8253
1686010620000,25740,25740,25731,25731.1,34.765,894842.9834
1686010680000,25731.1,25731.1,25724,25724.1,30.731,790600.7937
1686010740000,25724.1,25740.2,25724,25740.2,41.316,1063206.7362
1686010800000,25740.2,25740.2,25740.1,25740.1,13.926,358457.9399
1686010860000,25740.1,25740.2,25740.1,25740.2,4.653,119768.9939
1686010920000,25740.2,25740.2,25740.1,25740.1,2.568,66100.6941
1686010980000,25740.1,25744.2,25740.1,25744.1,31.528,811610.2977
1686011040000,25744.1,25744.2,25744,25744.1,32.49,836425.7564
1686011100000,25744.1,25745.4,25744,25745.4,22.211,571803.8066
1686011160000,25745.4,25745.4,25744,25745,12.695,326832.6199
1686011220000,25745,25745.4,25717.9,25719.3,50.247,1293183.7626
1686011280000,25719.3,25720.9,25702,25720.8,46.242,1188928.771
1686011340000,25720.8,25720.9,25700.1,25700.1,85.838,2207130.8198
1686011400000,25700.1,25715.1,25700.1,25715.1,33.31,856323.9709
1686011460000,25715.1,25717.9,25707.8,25710.8,50.756,1305113.2293
1686011520000,25710.8,25720.8,25708.7,25720.8,22.683,583249.182
1686011580000,25720.8,25722.7,25720.7,25722.6,10.142,260866.7817
1686011640000,25722.6,25724.5,25722.6,25724.5,9.228,237378.4675
1686011700000,25724.5,25724.5,25724.4,25724.5,9.812,252408.7497
1686011760000,25724.5,25735.6,25724.4,25735.6,16.844,433415.0526
1686011820000,25735.6,25736.2,25724.4,25724.4,18.645,479814.022
1686011880000,25724.4,25724.5,25713,25713,20.15,518259.2689
1686011940000,25713,25719.1,25713,25719,8.473,217905.4411
1686012000000,25719,25721.8,25698,25698,32.67,839750.0822
1686012060000,25698,25712.7,25692.8,25712.7,164.977,4239351.9989
1686012120000,25712.7,25727.9,25712.6,25721.1,16.993,437028.4704
1686012180000,25721.1,25725,25717.5,25724.3,12.731,327433.543
1686012240000,25724.3,25724.3,25724.2,25724.2,4.136,106395.4917
1686012300000,25724.2,25724.3,25717.4,25717.4,18.384,472851.57
1686012360000,25717.4,25723.8,25717.4,25723.8,7.863,202248.8172
1686012420000,25723.8,25723.8,25703.4,25703.4,26.794,688886.014
1686012480000,25703.4,25703.5,25690.4,25698.8,58.268,1497229.8649
1686012540000,25698.8,25699.9,25692,25692,17.816,457778.1062
1686012600000,25692,25692.1,25668.9,25678.6,432.436,11103305.6347
1686012660000,25678.6,25678.7,25670.9,25676,49.271,1264957.3466
1686012720000,25676,25676,25675.9,25675.9,17.214,441985.9201
1686012780000,25675.9,25676,25662,25667.9,139.019,3568413.3668
1686012840000,25667.9,25675.5,25661.1,25663.6,149.833,3845226.2895
1686012900000,25663.6,25670,25663.6,25665.2,53.254,1366886.5602
1686012960000,25665.2,25670,25665.2,25670,57.706,1481223.0072
1686013020000,25670,25670,25666.4,25666.5,18.276,469134.3975
1686013080000,25666.5,25684.9,25666.4,25684.9,145.3,3729794.9063
1686013140000,25684.9,25684.9,25678.9,25680.3,5.446,139860.9722
1686013200000,25680.3,25680.3,25673.8,25674,11.786,302627.8129
1686013260000,25674,25686.1,25674,25686.1,41.88,1075482.0255
1686013320000,25686.1,25686.1,25679,25681.2,18.076,464255.9447
1686013380000,25681.2,25681.2,25676.9,25681.1,83.065,2132995.9249
1686013440000,25681.1,25681.2,25675.6,25676,20.161,517707.3642
1686013500000,25676,25676.1,25676,25676.1,5.757,147816.9267
1686013560000,25676.1,25676.1,25652,25659.2,91.002,2335145.076
1686013620000,25659.2,25660.9,25659.2,25659.2,17.076,438176.3393
1686013680000,25659.2,25660.9,25656.4,25659,21.807,559527.7234
1686013740000,25659,25660,25659,25659.9,27.35,701781.7404
1686013800000,25659.9,25660,25642.3,25657.2,167.074,4285164.3801
1686013860000,25657.2,25658,25645.6,25645.6,27.764,712205.8506
1686013920000,25645.6,25653,25636.8,25653,66.513,1705547.5105
1686013980000,25653,25653,25652.9,25652.9,8.296,212816.9822
1686014040000,25652.9,25653,25643.5,25643.5,20.75,532207.0962
1686014100000,25643.5,25653,25639.4,25653,74.957,1922408.3608
1686014160000,25653,25662.1,25652.9,25662.1,37.585,964349.802
1686014220000,25662.1,25662.1,25654.5,25659,20.276,520273.7512
1686014280000,25659,25663,25643.8,25643.8,45.393,1164243.4982
1686014340000,25643.8,25650.1,25643.8,25650,11.397,292291.0967
1686014400000,25650,25650.1,25635,25635.1,42.262,1083570.0881
1686014460000,25635.1,25642.6,25635,25635,36.08,924938.2515
1686014520000,25635,25640,25635,25636.3,17.202,440990.0409
1686014580000,25636.3,25636.4,25635,25635.1,7.431,190499.1026
1686014640000,25635.1,25636.4,25635.1,25636.3,9.379,240443.6571
1686014700000,25636.3,25636.4,25611.9,25633.2,142.474,3651136.0623
1686014760000,25633.2,25642.4,25633.1,25642.3,21.411,548920.0059
1686014820000,25642.3,25642.4,25630,25630,27.464,704082.9121
1686014880000,25630,25634,25618.5,25624.7,18.321,469474.0567
1686014940000,25624.7,25634.7,25615.9,25630,46.966,1203415.2066
1686015000000,25630,25630.1,25627.5,25629.9,53.966,1383096.801
1686015060000,25629.9,25633.5,25625.3,25629.7,25.344,649566.5782
1686015120000,25629.7,25629.7,25620,25620,14.079,360808.264
1686015180000,25620,25620.1,25614.1,25616.3,25.421,651182.3465
1686015240000,25616.3,25620,25594.1,25612.4,160.333,4105027.0808
1686015300000,25612.4,25640,25612.4,25640,95.101,2437685.7029
1686015360000,25640,25645,25629.6,25629.6,20.659,529697.1485
1686015420000,25629.6,25635,25629.6,25635,15.368,393885.4595
1686015480000,25635,25635,25617,25618.3,20.779,532498.0465
1686015540000,25618.3,25621.7,25618.3,25618.4,30.768,788273.4753
1686015600000,25618.4,25625.3,25615.4,25625.3,21.055,539440.6803
1686015660000,25625.3,25635.4,25625.2,25630.9,56.12,1438464.7891
1686015720000,25630.9,25639.5,25630.6,25639.5,24.999,640792.9206
1686015780000,25639.5,25651,25637.8,25651,30.329,777716.4781
1686015840000,25651,25651,25640.8,25644,12.901,330869.4865
1686015900000,25644,25644,25633.5,25633.5,15.418,395286.9194
1686015960000,25633.5,25643.9,25633.5,25634.9,14.569,373560.7837
1686016020000,25634.9,25635.2,25631.2,25631.2,13.349,342194.0779
1686016080000,25631.2,25638.2,25631.2,25637.3,16.527,423696.7317
1686016140000,25637.3,25637.3,25621.1,25621.2,25.099,643282.947
1686016200000,25621.2,25629.5,25612,25625.5,24.695,632721.2548
1686016260000,25625.5,25629.9,25620,25623.9,10.999,281860.0692
1686016320000,25623.9,25624,25614.1,25614.2,14.39,368703.4232
1686016380000,25614.2,25620.9,25611.8,25620.8,8.935,228866.6645
1686016440000,25620.8,25622,25616.2,25622,2.376,60874.3512
1686016500000,25622,25630,25619.1,25626.2,27.637,708155.1386
1686016560000,25626.2,25629.9,25618.3,25625.8,12.188,312326.6739
1686016620000,25625.8,25630,25625.7,25630,3.792,97182.9863
1686016680000,25630,25630,25627.2,25627.2,6.94,177857.9146
1686016740000,25627.2,25627.3,25627.2,25627.3,6.65,170421.0624
1686016800000,25627.3,25627.3,25611.2,25615.1,24.64,631219.9993
1686016860000,25615.1,25620.4,25613.3,25620,15.603,399675.8519
1686016920000,25620,25620.1,25620,25620.1,1.654,42375.5819
1686016980000,25620.1,25620.1,25605.5,25605.5,24.201,619967.6985
1686017040000,25605.5,25620.6,25583.6,25620.6,128.414,3286896.6324
1686017100000,25620.6,25631.4,25616.3,25631.4,62.978,1613759.5674
1686017160000,25631.4,25641,25631.4,25641,20.055,514114.9876
1686017220000,25641,25650,25641,25650,36.158,927399.2679
1686017280000,25650,25650,25649.9,25649.9,28.855,740130.2168
1686017340000,25649.9,25655.8,25649.9,25655.8,36.07,925250.4333
1686017400000,25655.8,25656,25651,25655,45.958,1179009.5384
1686017460000,25655,25655.1,25651.1,25651.1,12.414,318466.6233
1686017520000,25651.1,25651.2,25651.1,25651.1,8.315,213289.4379
1686017580000,25651.1,25659.6,25651.1,25657.8,37.875,971739.5498
1686017640000,25657.8,25657.9,25655.4,25655.5,6.739,172906.2425
1686017700000,25655.5,25659.7,25654.2,25659.7,17.892,459032.5599
1686017760000,25659.7,25662.7,25659.6,25662.7,46.081,1182502.6092
1686017820000,25662.7,25662.7,25660,25660.1,11.489,294830.3583
1686017880000,25660.1,25660.1,25660,25660.1,4.783,122732.1228
1686017940000,25660.1,25666,25660,25666,17.602,451736.1533
1686018000000,25666,25671.7,25666,25671.7,35.381,908204.7968
1686018060000,25671.7,25715,25671.6,25693.6,289.387,7435077.6963
1686018120000,25693.6,25728.8,25693.6,25728.8,121.276,3118761.6596
1686018180000,25728.8,25738.4,25728.7,25735,58.819,1513709.2887
1686018240000,25735,25749.9,25735,25749.9,136.589,3516275.8773
1686018300000,25749.9,25749.9,25722.5,25722.5,48.495,1247983.7757
1686018360000,25722.5,25722.5,25703.4,25706.2,39.551,1016830.0747
1686018420000,25706.2,25708.9,25706.1,25707.1,45.03,1157628.3909
1686018480000,25707.1,25728.7,25707.1,25728.7,18.679,480508.4971
1686018540000,25728.7,25739,25728.7,25737.5,29.123,749411.5377
1686018600000,25737.5,25746.5,25728.8,25746.4,36.175,931017.7113
1686018660000,25746.4,25746.5,25726.9,25732.4,34.753,894430.8972
1686018720000,25732.4,25733.4,25728.8,25730.1,6.434,165554.7189
1686018780000,25730.1,25745.8,25730,25745.6,31.56,812282.84
1686018840000,25745.6,25765.1,25745.6,25756.5,126.976,3270300.4498
1686018900000,25756.5,25777,25756.2,25770,107.501,2770107.3505
1686018960000,25770,25777,25766.2,25769,53.927,1389818.9472
1686019020000,25769,25769.1,25758.1,25758.2,18.949,488188.2395
1686019080000,25758.2,25758.2,25747.7,25748.3,27.757,714752.6648
1686019140000,25748.3,25757.5,25748,25754.6,63.424,1633129.6234
1686019200000,25754.6,25757.9,25740.2,25740.2,36.556,941283.4468
1686019260000,25740.2,25740.2,25734.3,25735.9,34.481,887440.3168
1686019320000,25735.9,25741.8,25735.9,25741.2,23.132,595372.2418
1686019380000,25741.2,25745,25741.2,25745,16.469,423985.602
1686019440000,25745,25745,25739.4,25739.6,17.101,440194.6829
1686019500000,25739.6,25742.3,25738,25742.3,12.813,329810.7804
1686019560000,25742.3,25742.9,25741.1,25741.1,7.05,181480.771
1686019620000,25741.1,25741.2,25740.5,25740.6,2.633,67776.1999
1686019680000,25740.6,25740.6,25738,25739.9,18.944,487592.2467
1686019740000,25739.9,25739.9,25739.1,25739.1,4.781,123062.0605
1686019800000,25739.1,25740,25738.1,25740,11.625,299211.8525
1686019860000,25740,25740.9,25738,25738.1,11.245,289427.0514
1686019920000,25738.1,25741,25738,25741,5.527,142265.48
1686019980000,25741,25743.1,25740.9,25743.1,14.862,382577.9574
1686020040000,25743.1,25743.6,25743,25743.5,4.947,127352.6481
1686020100000,25743.5,25743.6,25738,25739.8,17.759,457115.8006
1686020160000,25739.8,25745,25739.7,25741.1,10.869,279784.8863
1686020220000,25741.1,25741.1,25739.5,25739.5,9.967,256549.315
1686020280000,25739.5,25739.6,25739.5,25739.5,4.174,107436.9508
1686020340000,25739.5,25750,25739.5,25749.9,28.505,733816.5633
1686020400000,25749.9,25750,25744.2,25744.2,18.023,464007.0401
1686020460000,25744.2,25744.3,25741.3,25741.4,14.938,384525.404
1686020520000,25741.4,25741.4,25741.3,25741.4,3.452,88859.0671
1686020580000,25741.4,25741.5,25741,25741.1,6.43,165516.0317
1686020640000,25741.1,25741.1,25739,25739.1,15.229,392007.5202
1686020700000,25739.1,25739.1,25735.4,25735.4,35.323,909157.8362
1686020760000,25735.4,25735.4,25735.3,25735.3,18.942,487478.7575
1686020820000,25735.3,25735.4,25725,25725,20.522,528061.5335
1686020880000,25725,25727.6,25721.1,25724.7,17.781,457419.7797
1686020940000,25724.7,25727.6,25724.3,25727.5,8.264,212595.5934
1686021000000,25727.5,25727.6,25727.5,25727.5,6.063,155985.9441
1686021060000,25727.5,25727.6,25726.9,25726.9,11.203,288223.2061
1686021120000,25726.9,25727,25720,25720.1,14.288,367519.2464
1686021180000,25720.1,25720.1,25720,25720.1,4.137,106403.7061
1686021240000,25720.1,25735,25720,25735,27.432,705685.0675
1686021300000,25735,25735,25727.8,25729,36.172,930661.1521
1686021360000,25729,25729.1,25718.3,25719,15.778,405858.4272
1686021420000,25719,25719,25718.9,25719,5.203,133815.5087
1686021480000,25719,25738,25718.9,25738,20.671,531746.5998
1686021540000,25738,25738,25737.9,25737.9,9.105,234343.8572
1686021600000,25737.9,25738,25733.6,25733.7,10.31,265346.7863
1686021660000,25733.7,25733.7,25733.5,25733.5,23.022,592438.8207
1686021720000,25733.5,25733.6,25727.8,25727.8,10.038,258282.2284
1686021780000,25727.8,25734.1,25727.8,25733.2,4.781,123018.002
1686021840000,25733.2,25734.8,25733.2,25734.8,2.391,61530.1637
1686021900000,25734.8,25735.1,25733.2,25733.3,2.798,72005.5717
1686021960000,25733.3,25733.3,25733.2,25733.2,4.275,110009.5228
1686022020000,25733.2,25733.3,25733.2,25733.3,2.238,57591.0148
1686022080000,25733.3,25738,25733.2,25738,13.551,348749.0855
1686022140000,25738,25748.6,25737.9,25748.6,64.717,1665785.824
1686022200000,25748.6,25750,25735.4,25735.4,36.544,940790.8932
1686022260000,25735.4,25735.4,25722.9,25722.9,36.205,931440.067
1686022320000,25722.9,25723,25705.8,25708.6,146.38,3763448.4421
1686022380000,25708.6,25717.2,25708.6,25717.1,44.902,1154536.7024
1686022440000,25717.1,25717.2,25717.1,25717.1,5.725,147230.4396
1686022500000,25717.1,25717.1,25711.6,25711.6,7.175,184504.757
1686022560000,25711.6,25727,25711.5,25727,6.991,179815.8637
1686022620000,25727,25729.1,25727,25727.1,31.349,806556.7712
1686022680000,25727.1,25727.1,25727,25727,8.127,209083.4664
1686022740000,25727,25727.1,25727,25727,1.454,37407.1345
1686022800000,25727,25727.1,25725.9,25725.9,4.049,104168.0502
1686022860000,25725.9,25727.2,25725.9,25727.2,4.521,116311.8944
1686022920000,25727.2,25727.2,25725.9,25727.2,1.794,46154.1918
1686022980000,25727.2,25727.2,25727.1,25727.2,3.262,83922.0879
1686023040000,25727.2,25730,25727.2,25729.1,2.962,76209.9243
1686023100000,25729.1,25729.1,25715.8,25715.8,11.782,303051.3634
1686023160000,25715.8,25715.8,25708.1,25708.1,20.927,538058.0172
1686023220000,25708.1,25708.2,25705.6,25705.6,9.249,237755.5651
1686023280000,25705.6,25715.3,25705.4,25715.3,11.411,293365.7502
1686023340000,25715.3,25716.7,25715.3,25716.6,18.43,473952.6762
1686023400000,25716.6,25716.7,25716.6,25716.7,5.434,139744.4085
1686023460000,25716.7,25718.4,25716.6,25718.4,5.587,143681.1239
1686023520000,25718.4,25718.4,25713,25713,8.888,228558.7758
1686023580000,25713,25713.1,25707,25713.1,15.634,401922.7318
1686023640000,25713.1,25720,25711.8,25712.8,27.683,711814.2273
1686023700000,25712.8,25712.8,25707,25708.3,11.335,291407.3209
1686023760000,25708.3,25717,25708.2,25717,37.581,966154.4817
1686023820000,25717,25717,25716.9,25717,3.531,90806.6201
1686023880000,25717,25722,25716.9,25722,30.12,774672.2221
1686023940000,25722,25724.9,25717,25719.1,23.109,594379.8349
1686024000000,25719.1,25719.2,25714,25719.1,36.713,944055.3834
1686024060000,25719.1,25721,25719.1,25721,7.55,194190.0497
1686024120000,25721,25721,25720.9,25720.9,7.612,195788.1305
1686024180000,25720.9,25722.6,25720.9,25722.6,5.104,131285.9403
1686024240000,25722.6,25722.6,25718.3,25718.3,19.005,488819.7002
1686024300000,25718.3,25720.6,25718.3,25720.6,3.773,97038.1084
1686024360000,25720.6,25723.4,25720.5,25723.4,8.338,214468.1969
1686024420000,25723.4,25725,25723.3,25725,7.469,192139.2833
1686024480000,25725,25725.4,25724.9,25725.3,9.169,235874.8965
1686024540000,25725.3,25725.8,25725.3,25725.7,8.48,218151.283
1686024600000,25725.7,25728.3,25725.7,25728.3,22.733,584863.1505
1686024660000,25728.3,25730,25728.2,25729.9,10.936,281379.033
1686024720000,25729.9,25730,25722.5,25722.6,29.312,754182.6228
1686024780000,25722.6,25725,25720.5,25721.6,16.545,425565.64
1686024840000,25721.6,25721.6,25720,25720,10.365,266599.981
1686024900000,25720,25720.1,25720,25720,5.802,149227.4879
1686024960000,25720,25720.1,25711.5,25718.3,34.801,894866.5726
1686025020000,25718.3,25718.4,25718.3,25718.4,3.06,78698.0838
1686025080000,25718.4,25725,25718.3,25725,23.473,603816.4354
1686025140000,25725,25730.4,25724.9,25730.4,10.252,263756.2652
1686025200000,25730.4,25738.8,25730.3,25738.8,17.75,456755.2854
1686025260000,25738.8,25744.3,25738.7,25744.3,8.796,226409.0711
1686025320000,25744.3,25746.9,25744.2,25746.9,17.045,438841.7698
1686025380000,25746.9,25747.8,25746.9,25747.8,3.832,98664.6924
1686025440000,25747.8,25748.2,25747.7,25748.2,35.718,919661.5178
1686025500000,25748.2,25748.2,25748.1,25748.2,8.176,210516.9944
1686025560000,25748.2,25751.3,25746.2,25751.3,58.941,1517682.1543
1686025620000,25751.3,25755.3,25751.2,25754.4,94.581,2435831.8196
1686025680000,25754.4,25754.4,25753.8,25753.8,18.818,484638.1917
1686025740000,25753.8,25753.8,25753.1,25753.2,15.437,397551.4264
1686025800000,25753.2,25753.2,25748.7,25748.7,12.292,316542.0631
1686025860000,25748.7,25762,25748.7,25761.9,105.411,2715058.6208
1686025920000,25761.9,25762.7,25759.8,25760,27.215,701103.5053
1686025980000,25760,25762.3,25759.9,25762.2,12.035,310044.6347
1686026040000,25762.2,25762.9,25762.2,25762.9,24.593,633577.9397
1686026100000,25762.9,25770,25762.8,25770,63.169,1627633.2269
1686026160000,25770,25770,25769.9,25769.9,43.976,1133261.3831
1686026220000,25769.9,25770,25759.4,25761.7,29.738,766205.8432
1686026280000,25761.7,25761.8,25754.6,25754.7,7.746,199539.7952
1686026340000,25754.7,25754.7,25750.8,25751.9,54.951,1415189.9499
1686026400000,25751.9,25752.9,25751.9,25752.9,18.599,478974.6644
1686026460000,25752.9,25762.6,25752.9,25762.5,18.833,485101.313
1686026520000,25762.5,25762.6,25757,25757.1,19.018,489870.9166
1686026580000,25757.1,25760.8,25757,25760.8,8.685,223711.2442
1686026640000,25760.8,25762.4,25760.7,25762.3,4.916,126644.5305
1686026700000,25762.3,25762.8,25762.3,25762.7,20.859,537385.1121
1686026760000,25762.7,25762.8,25762.7,25762.8,67.088,1728368.3448
1686026820000,25762.8,25762.8,25762.5,25762.7,37.106,955950.2405
1686026880000,25762.7,25769.4,25757.3,25757.4,74.373,1916085.0308
1686026940000,25757.4,25758.8,25757.3,25758.4,9.655,248698.3482
1686027000000,25758.4,25762.6,25758.4,25762.6,7.979,205531.3723
1686027060000,25762.6,25775,25762.5,25774.9,18.897,486988.8969
1686027120000,25774.9,25777,25772.3,25777,109.947,2833827.2227
1686027180000,25777,25777,25774.4,25774.4,33.072,852491.5853
1686027240000,25774.4,25777,25774.4,25777,19.465,501716.7006
1686027300000,25777,25777,25776.9,25777,65.659,1692491.9438
1686027360000,25777,25787,25776.9,25787,151.716,3911178.6832
1686027420000,25787,25787,25786.9,25787,13.381,345055.7382
1686027480000,25787,25787,25778,25780.1,39.361,1014768.0985
1686027540000,25780.1,25780.1,25779,25779.2,29.512,760793.7786
1686027600000,25779.2,25782.2,25779.1,25782.1,9.226,237857.3474
1686027660000,25782.1,25790,25782.1,25789.9,36.194,933354.3965
1686027720000,25789.9,25796.1,25789.9,25794.8,70.653,1822351.9052
1686027780000,25794.8,25794.9,25792.2,25792.2,56.201,1449621.2979
1686027840000,25792.2,25794.9,25792.2,25794.9,47.075,1214241.114
1686027900000,25794.9,25799.7,25793.8,25793.9,20.415,526606.6776
1686027960000,25793.9,25793.9,25788.7,25788.7,39.12,1008873.8265
1686028020000,25788.7,25788.8,25788.7,25788.8,7.167,184827.6891
1686028080000,25788.8,25788.8,25780,25780,58.85,1517558.9436
1686028140000,25780,25780.1,25777.4,25777.4,23.622,608954.1098
1686028200000,25777.4,25777.5,25774.4,25777.3,39.215,1010805.2892
1686028260000,25777.3,25777.4,25773.2,25773.2,16.299,420095.8179
1686028320000,25773.2,25774.4,25769.7,25774.3,26.911,693541.0921
1686028380000,25774.3,25774.4,25774.3,25774.3,5.509,141990.8954
1686028440000,25774.3,25777,25774.3,25776.9,7.349,189422.6644
1686028500000,25776.9,25777,25776.9,25776.9,5.485,141386.6474
1686028560000,25776.9,25776.9,25762.6,25762.6,40.857,1052933.8404
1686028620000,25762.6,25762.7,25757.5,25757.6,128.101,3299976.991
1686028680000,25757.6,25762.1,25752.8,25762.1,30.861,794904.7538
1686028740000,25762.1,25762.1,25762,25762.1,3.734,96195.4073
1686028800000,25762.1,25762.1,25753.1,25753.1,35.854,923529.5025
1686028860000,25753.1,25753.2,25753.1,25753.2,6.098,157042.5962
1686028920000,25753.2,25753.2,25747.3,25748,114.52,2948747.5091
1686028980000,25748,25748.1,25745.7,25745.7,51.097,1315623.2508
1686029040000,25745.7,25752.3,25745.4,25752.3,63.183,1626704.1378
1686029100000,25752.3,25752.3,25752.2,25752.3,7.374,189897.1394
1686029160000,25752.3,25752.3,25745.4,25745.4,13.172,339171.9888
1686029220000,25745.4,25745.5,25745.4,25745.4,31.388,808098.6557
1686029280000,25745.4,25745.8,25745.4,25745.7,6.448,166007.4107
1686029340000,25745.7,25745.8,25745.4,25745.5,12.759,328487.9281
1686029400000,25745.5,25745.5,25745.4,25745.5,6.487,167010.5362
1686029460000,25745.5,25745.5,25742.2,25742.3,60.641,1561143.3571
1686029520000,25742.3,25742.4,25742.3,25742.3,14.105,363095.5047
1686029580000,25742.3,25742.4,25742.3,25742.3,5.914,152240.1174
1686029640000,25742.3,25742.4,25742,25742,7.863,202411.3681
1686029700000,25742,25742,25740.1,25740.1,15.799,406682.4801
1686029760000,25740.1,25740.2,25739.1,25739.1,45.687,1175976.3075
1686029820000,25739.1,25759.2,25739.1,25756.6,40.503,1042984.7977
1686029880000,25756.6,25756.6,25750.5,25750.5,13.267,341672.1965
1686029940000,25750.5,25750.6,25749.5,25749.5,6.57,169180.0824
1686030000000,25749.5,25749.6,25749.3,25749.4,8.246,212329.676
1686030060000,25749.4,25749.4,25749.3,25749.4,2.386,61437.943
1686030120000,25749.4,25773.8,25749.3,25769.5,78.663,2026526.5048
1686030180000,25769.5,25770,25769,25769.1,16.413,422959.3768
1686030240000,25769.1,25775.8,25764.7,25773,79.09,2038328.086
1686030300000,25773,25775.2,25772.9,25775.2,9.096,234446.5741
1686030360000,25775.2,25780,25775.1,25780,71.841,1851927.565
1686030420000,25780,25780,25763.8,25763.9,23.213,598258.748
1686030480000,25763.9,25763.9,25760.8,25760.8,6.032,155402.4832
1686030540000,25760.8,25760.9,25760.1,25760.1,18.622,479713.5767
1686030600000,25760.1,25760.2,25760,25760.1,6.99,180063.4018
1686030660000,25760.1,25760.1,25758.1,25760,36.164,931573.0697
1686030720000,25760,25760,25750,25750,29.5,759749.9988
1686030780000,25750,25750.1,25743.7,25745.2,88.27,2272551.1644
1686030840000,25745.2,25748,25740.7,25748,47.61,1225633.5348
1686030900000,25748,25751.6,25747.9,25751.6,13.225,340553.7479
1686030960000,25751.6,25753.1,25751.6,25753.1,24.97,643047.3023
1686031020000,25753.1,25759,25752.9,25752.9,74.11,1908822.3901
1686031080000,25752.9,25755.6,25752.8,25755.6,23.893,615335.2064
1686031140000,25755.6,25756,25755.5,25756,8.63,222273.4544
1686031200000,25756,25756,25748.2,25748.3,23.549,606440.2029
1686031260000,25748.3,25748.3,25745,25745,6.273,161501.215
1686031320000,25745,25745.1,25742.2,25742.2,15.3,393881.6387
1686031380000,25742.2,25744.1,25742.2,25743,12.95,333378.8364
1686031440000,25743,25743,25741.4,25741.4,18.99,488845.5998
1686031500000,25741.4,25745.9,25740,25745.8,32.537,837538.979
1686031560000,25745.8,25746.4,25745.8,25746.4,12.9,332122.0094
1686031620000,25746.4,25747.5,25746.4,25747.5,2.814,72451.5598
1686031680000,25747.5,25747.5,25747.4,25747.5,4.289,110430.8124
1686031740000,25747.5,25747.5,25746.1,25746.2,6.969,179432.0446
1686031800000,25746.2,25750,25746.1,25750,7.433,191380.334
1686031860000,25750,25751.4,25749.9,25751.4,27.979,720493.4683
1686031920000,25751.4,25752,25751.4,25752,7.108,183045.1772
1686031980000,25752,25752,25751.9,25751.9,9.76,251339.276
1686032040000,25751.9,25755,25751.9,25753.2,15.592,401549.0648
1686032100000,25753.2,25755.1,25751.9,25751.9,10.47,269649.9125
1686032160000,25751.9,25752,25751.9,25751.9,6.578,169396.3158
1686032220000,25751.9,25752,25751.9,25752,24.6,633497.6996
1686032280000,25752,25758.8,25751.9,25758.8,12.162,313234.7894
1686032340000,25758.8,25758.8,25757,25757,9.824,253053.9506
1686032400000,25757,25761,25752.6,25761,17.664,454936.6899
1686032460000,25761,25761.7,25760.9,25761.7,8.232,212069.6049
1686032520000,25761.7,25765.3,25761.6,25765.3,6.272,161589.5741
1686032580000,25765.3,25766.1,25765.2,25766.1,9.357,241087.4692
1686032640000,25766.1,25770.9,25762.1,25762.1,38.19,984058.5946
1686032700000,25762.1,25762.2,25759.1,25759.2,12.657,326057.982
1686032760000,25759.2,25759.2,25748.2,25748.7,53.099,1367339.7323
1686032820000,25748.7,25748.8,25748.7,25748.8,6.577,169349.4079
1686032880000,25748.8,25748.8,25748.7,25748.8,2.608,67152.7409
1686032940000,25748.8,25748.8,25748.7,25748.7,6.172,158921.2197
1686033000000,25748.7,25752.8,25748.7,25752.7,13.717,353229.4595
1686033060000,25752.7,25754.5,25752.7,25754.2,76.616,1973124.1382
1686033120000,25754.2,25755.6,25754.2,25755.6,33.299,857601.4539
1686033180000,25755.6,25758.6,25755.5,25758.6,7.313,188362.7042
1686033240000,25758.6,25758.6,25756,25756,62.926,1620846.0262
1686033300000,25756,25756.1,25756,25756,28.028,721889.6448
1686033360000,25756,25756.1,25748.8,25749.2,42.188,1086358.046
1686033420000,25749.2,25749.3,25749,25749,32.233,829974.4655
1686033480000,25749,25749.1,25741.9,25745.7,95.962,2470754.9034
1686033540000,25745.7,25745.8,25742.1,25742.1,45.158,1162556.1915
1686033600000,25742.1,25742.2,25742.1,25742.1,9.638,248102.417
1686033660000,25742.1,25742.2,25742.1,25742.2,10.965,282262.1695
1686033720000,25742.2,25754.1,25742.1,25750,52.161,1343188.9958
1686033780000,25750,25753,25743.2,25744.1,53.104,1367303.3564
1686033840000,25744.1,25745.2,25744.1,25745.1,16.64,428398.4679
1686033900000,25745.1,25759.5,25745.1,25759.5,47.364,1219716.0149
1686033960000,25759.5,25775,25759.4,25767,59.34,1529066.1743
1686034020000,25767,25785.2,25766.9,25782.4,71.934,1854242.7792
1686034080000,25782.4,25794.1,25782.3,25794.1,123.338,3180805.0425
1686034140000,25794.1,25799.9,25785.6,25788.3,83.912,2164268.6283
1686034200000,25788.3,25788.3,25778.1,25778.2,38.158,983947.3718
1686034260000,25778.2,25779.7,25772.2,25776.3,13.549,349234.6365
1686034320000,25776.3,25776.4,25763.5,25763.5,68.91,1775784.7992
1686034380000,25763.5,25763.6,25754.1,25759.3,25.176,648549.6281
1686034440000,25759.3,25761.7,25759.2,25761.6,11.416,294077.1355
1686034500000,25761.6,25765,25761.6,25763.4,9.812,252787.9986
1686034560000,25763.4,25763.5,25755.7,25755.8,11.332,291912.0181
1686034620000,25755.8,25761.5,25755.7,25761.5,6.676,171962.1521
1686034680000,25761.5,25761.5,25754.8,25756.3,10.005,257707.3465
1686034740000,25756.3,25756.3,25754.8,25755.9,19.472,501514.645
1686034800000,25755.9,25764.4,25755.9,25764.3,6.238,160702.1436
1686034860000,25764.3,25764.4,25761.2,25764.3,10.324,265976.4688
1686034920000,25764.3,25770.9,25764.2,25770.9,52.989,1365454.5523
1686034980000,25770.9,25775,25770.8,25775,9.278,239118.4873
1686035040000,25775,25775.9,25774.9,25775.9,18.233,469959.7019
1686035100000,25775.9,25779.3,25775.8,25779.3,7.135,183918.8306
1686035160000,25779.3,25779.5,25779.2,25779.5,9.161,236163.8409
1686035220000,25779.5,25780.4,25779.4,25780.3,13.116,338132.5086
1686035280000,25780.3,25780.3,25772.8,25778.8,19.649,506484.1372
1686035340000,25778.8,25778.8,25777.1,25777.1,6.94,178900.346
1686035400000,25777.1,25777.2,25774.8,25774.8,32.844,846618.3958
1686035460000,25774.8,25777,25774.8,25776.9,7.632,196723.147
1686035520000,25776.9,25777,25769.6,25770,15.168,390906.9271
1686035580000,25770,25770,25765.4,25765.4,27.333,704268.4713
1686035640000,25765.4,25765.5,25764.9,25765,17.098,440535.6536
1686035700000,25765,25777.2,25764.9,25775.3,25.712,662653.3853
1686035760000,25775.3,25775.3,25771.8,25773.9,6.081,156731.626
1686035820000,25773.9,25783,25773.8,25778.1,46.528,1199376.8975
1686035880000,25778.1,25781.8,25778.1,25781.7,5.337,137595.3987
1686035940000,25781.7,25781.8,25777.4,25777.4,8.433,217406.9692
1686036000000,25777.4,25778.4,25771,25778.4,8.859,228360.4263
1686036060000,25778.4,25784.9,25778.3,25780.4,73.389,1892053.4389
1686036120000,25780.4,25780.5,25776.8,25776.9,5.136,132403.2314
1686036180000,25776.9,25776.9,25776.8,25776.9,4.158,107180.1033
1686036240000,25776.9,25776.9,25773,25773.1,10.237,263862.3448
1686036300000,25773.1,25776.5,25773,25776.5,6.537,168480.8777
1686036360000,25776.5,25787,25773.5,25784.9,226.484,5839272.3471
1686036420000,25784.9,25789,25784.9,25789,58.085,1497811.6113
1686036480000,25789,25789.3,25788.9,25789.3,36.106,931144.4119
1686036540000,25789.3,25793.5,25781.1,25781.1,42.309,1091054.7338
1686036600000,25781.1,25785,25781.1,25784.9,30.742,792593.9913
1686036660000,25784.9,25791,25784.9,25791,11.428,294695.9939
1686036720000,25791,25796.9,25790.9,25796.9,29.573,762830.1734
1686036780000,25796.9,25796.9,25793.1,25793.1,17.747,457764.1318
1686036840000,25793.1,25793.5,25786,25786,14.955,385709.6836
1686036900000,25786,25786.1,25779,25779,17.804,459008.6113
1686036960000,25779,25779.1,25765.2,25767.9,115.562,2977996.6363
1686037020000,25767.9,25768,25764.4,25764.4,65.034,1675696.9646
1686037080000,25764.4,25764.5,25764.4,25764.4,4.522,116506.8825
1686037140000,25764.4,25764.5,25757.1,25757.2,30.786,793083.6903
1686037200000,25757.2,25759.3,25747.9,25747.9,46.571,1199255.0884
1686037260000,25747.9,25747.9,25734.8,25737.9,123.293,3173523.7824
1686037320000,25737.9,25746.8,25737.9,25742.1,24.618,633731.0012
1686037380000,25742.1,25745,25740.7,25741,68.509,1763642.2801
1686037440000,25741,25741,25725,25725.1,50.319,1294749.4361
1686037500000,25725.1,25737.7,25725.1,25737.6,49.565,1275322.895
1686037560000,25737.6,25742.1,25731.3,25731.3,101.613,2615356.2937
1686037620000,25731.3,25731.4,25730.1,25730.2,12.936,332853.677
1686037680000,25730.2,25730.2,25715.7,25715.7,130.739,3362643.5049
1686037740000,25715.7,25715.8,25710.8,25710.8,52.736,1356081.8412
1686037800000,25710.8,25710.9,25687,25701.8,252.395,6485877.84
1686037860000,25701.8,25723.9,25701.8,25723.8,125.448,3225882.0387
1686037920000,25723.8,25733,25722.3,25733,34.289,882157.5261
1686037980000,25733,25733,25730,25730,14.322,368533.9707
1686038040000,25730,25735.6,25727.4,25735.6,48.321,1243354.8542
1686038100000,25735.6,25735.6,25720.1,25720.2,21.475,552514.6274
1686038160000,25720.2,25720.2,25708.8,25708.8,40.402,1038897.5131
1686038220000,25708.8,25710.9,25708.8,25710.1,22.95,590047.2179
1686038280000,25710.1,25710.2,25708.1,25708.1,26.573,683164.9138
1686038340000,25708.1,25709,25708.1,25708.9,27.598,709499.9544
1686038400000,25708.9,25724.1,25708.9,25720.5,33.233,854681.7064
1686038460000,25720.5,25723.4,25720.4,25723.4,17.901,460457.4063
1686038520000,25723.4,25726,25715.7,25716.7,42.078,1082402.8814
1686038580000,25716.7,25726.9,25716.7,25726.8,6.776,174311.5201
1686038640000,25726.8,25726.9,25726.8,25726.9,5.529,142243.8185
1686038700000,25726.9,25726.9,25726.8,25726.8,31.064,799177.558
1686038760000,25726.8,25726.9,25726.8,25726.9,37.7,969900.6801
1686038820000,25726.9,25726.9,25726.7,25726.8,14.48,372523.645
1686038880000,25726.8,25726.9,25726.7,25726.9,14.247,366530.3414
1686038940000,25726.9,25730,25726.9,25729.9,44.202,1137285.8825
1686039000000,25729.9,25729.9,25715.1,25715.1,28.796,740753.7826
1686039060000,25715.1,25715.1,25701,25701,33.041,849490.1131
1686039120000,25701,25709.7,25698.3,25705.2,46.78,1202390.8459
1686039180000,25705.2,25709.4,25690.8,25690.8,70.49,1811901.6847
1686039240000,25690.8,25690.8,25683,25690.1,66.465,1707283.2431
1686039300000,25690.1,25693.9,25683.7,25693.9,42.635,1095166.6685
1686039360000,25693.9,25693.9,25677.1,25678.4,57.177,1468554.1238
1686039420000,25678.4,25678.5,25677,25677,91.574,2351351.017
1686039480000,25677,25681.2,25677,25679.3,38.179,980414.0865
1686039540000,25679.3,25679.3,25668.1,25669.3,100.951,2591528.139
1686039600000,25669.3,25689.2,25669.2,25679.6,45.508,1168624.1124
1686039660000,25679.6,25679.7,25679,25679.7,22.51,578042.7017
1686039720000,25679.7,25679.7,25676.1,25676.2,20.188,518374.955
1686039780000,25676.2,25677.6,25676.1,25677.6,14.378,369176.8934
1686039840000,25677.6,25678,25665.9,25665.9,149.611,3841030.8617
1686039900000,25665.9,25672,25665.9,25667.4,23.134,593828.0084
1686039960000,25667.4,25667.5,25664,25664,56.582,1452173.9934
1686040020000,25664,25673.5,25664,25673.4,30.605,785545.2775
1686040080000,25673.4,25674.2,25673.4,25673.8,15.487,397613.4202
1686040140000,25673.8,25673.8,25673.7,25673.8,13.952,358199.9986
1686040200000,25673.8,25684.7,25673.7,25684.7,28.454,730654.4016
1686040260000,25684.7,25691.6,25684.7,25691.6,43.711,1122925.9137
1686040320000,25691.6,25697.2,25686.4,25686.5,55.501,1426066.5038
1686040380000,25686.5,25686.5,25686.4,25686.5,19.289,495466.7523
1686040440000,25686.5,25686.5,25686.4,25686.5,13.218,339523.603
1686040500000,25686.5,25686.5,25686.4,25686.5,16.193,415940.2993
1686040560000,25686.5,25699.2,25686.4,25699.2,46.725,1200543.7062
1686040620000,25699.2,25699.2,25690.8,25690.8,14.868,382019.7637
1686040680000,25690.8,25690.9,25685.7,25685.8,45.719,1174435.169
1686040740000,25685.8,25688,25684.5,25687.9,7.619,195696.8619
1686040800000,25687.9,25690.9,25687.9,25690.9,22.026,565842.766
1686040860000,25690.9,25697.9,25690.8,25697.9,29.236,751157.0608
1686040920000,25697.9,25706.8,25697.8,25705.4,142.054,3651277.1258
1686040980000,25705.4,25710.5,25705.3,25708.7,57.673,1482707.3633
1686041040000,25708.7,25708.8,25708.7,25708.7,15.57,400285.4422
1686041100000,25708.7,25711.1,25696,25696,92.819,2386172.2973
1686041160000,25696,25698.7,25695.2,25698.6,16.027,411858.4367
1686041220000,25698.6,25698.7,25698.6,25698.6,5.071,130317.823
1686041280000,25698.6,25698.7,25698.6,25698.6,5.329,136948.0336
1686041340000,25698.6,25700,25698.6,25700,4.736,121709.403
1686041400000,25700,25711,25699.9,25711,10.845,278805.7157
1686041460000,25711,25718,25710.9,25712.1,40.636,1044905.1946
1686041520000,25712.1,25712.1,25703.2,25703.2,19.297,496126.708
1686041580000,25703.2,25706.9,25703.2,25706.8,9.398,241561.1244
1686041640000,25706.8,25708.1,25706.8,25707,17.913,460488.0315
1686041700000,25707,25707,25691.3,25691.4,38.25,983098.2047
1686041760000,25691.4,25700,25691.3,25700,33.204,853243.5595
1686041820000,25700,25700,25692.4,25692.4,12.092,310707.604
1686041880000,25692.4,25700.2,25692.4,25700.1,5.71,146714.4406
1686041940000,25700.1,25700.2,25694.1,25694.2,4.557,117099.739
1686042000000,25694.2,25700,25694.1,25700,4.727,121465.679
1686042060000,25700,25700,25699,25699,6.022,154762.7942
1686042120000,25699,25699.1,25698.5,25698.6,4.351,111816.0041
1686042180000,25698.6,25698.6,25696.1,25696.2,10.923,280683.5178
1686042240000,25696.2,25699.8,25696.1,25699.8,5.103,131144.9433
1686042300000,25699.8,25699.8,25699.7,25699.7,0.984,25288.5681
1686042360000,25699.7,25699.8,25699.5,25699.5,7.17,184266.8535
1686042420000,25699.5,25699.6,25695,25695,5.364,137846.0361
1686042480000,25695,25697.4,25695,25697.1,17.082,438958.4022
1686042540000,25697.1,25700,25697,25700,6.22,159844.383
1686042600000,25700,25700,25699.2,25699.2,20.089,516277.4302
1686042660000,25699.2,25699.3,25699.2,25699.3,4.367,112228.8119
1686042720000,25699.3,25699.3,25697.4,25698.8,4.768,122528.4015
1686042780000,25698.8,25698.9,25698.8,25698.9,5.207,133814.1467
1686042840000,25698.9,25699.3,25698.8,25699.3,6.66,171155.7057
1686042900000,25699.3,25699.3,25699.2,25699.3,7.536,193669.3628
1686042960000,25699.3,25699.3,25687,25687.1,30.614,786520.173
1686043020000,25687.1,25692.6,25687,25692.5,5.308,136366.5647
1686043080000,25692.5,25696.1,25687,25696,30.604,786198.4731
1686043140000,25696,25696,25683.4,25683.5,36.65,941442.6823
1686043200000,25683.5,25683.5,25683.4,25683.4,1.953,50159.7649
1686043260000,25683.4,25683.5,25683.4,25683.4,4.946,127030.1887
1686043320000,25683.4,25698.9,25683.4,25698.9,23.125,594053.8738
1686043380000,25698.9,25699.3,25698.8,25699.3,4.656,119655.2974
1686043440000,25699.3,25699.3,25699.2,25699.3,4.237,108887.6965
1686043500000,25699.3,25699.3,25699.2,25699.2,6.315,162290.7211
1686043560000,25699.2,25699.3,25699.2,25699.3,10.203,262209.6976
1686043620000,25699.3,25707.9,25699.2,25707.9,35.46,911329.9192
1686043680000,25707.9,25719.3,25707.8,25714.3,99.256,2552473.929
1686043740000,25714.3,25723,25714.3,25723,26.22,674387.3425
1686043800000,25723,25727.9,25723,25727.8,17.45,448927.4341
1686043860000,25727.8,25730,25723.7,25723.7,36.681,943700.8087
1686043920000,25723.7,25723.7,25723.2,25723.2,11.486,295457.7709
1686043980000,25723.2,25723.3,25721.1,25721.1,28.013,720563.1671
1686044040000,25721.1,25721.1,25710.9,25711,13.037,335257.3097
1686044100000,25711,25715.9,25710.9,25712.6,20.555,528513.3572
1686044160000,25712.6,25713,25711,25713,13.991,359728.2393
1686044220000,25713,25720,25712.9,25718,7.216,185575.6095
1686044280000,25718,25722.6,25718,25720.3,26.091,671104.5972
1686044340000,25720.3,25720.3,25720.2,25720.2,9.15,235340.4067
1686044400000,25720.2,25730,25720.2,25730,34.712,892999.0178
1686044460000,25730,25730,25729.9,25730,22.846,587827.2574
1686044520000,25730,25743.9,25729.9,25742.6,72.776,1872683.506
1686044580000,25742.6,25745,25742.5,25744.9,26.334,677946.6699
1686044640000,25744.9,25745,25744,25744,13.458,346473.2841
1686044700000,25744,25744.1,25743.6,25743.7,11.649,299890.5185
1686044760000,25743.7,25743.7,25741.2,25741.2,28.298,728478.8867
1686044820000,25741.2,25741.3,25741.2,25741.2,7.714,198568.1566
1686044880000,25741.2,25747.8,25740,25740.1,74.802,1925760.1623
1686044940000,25740.1,25740.1,25738,25738,30.571,786864.7752
1686045000000,25738,25738.1,25738,25738,12.84,330476.5803
1686045060000,25738,25738.8,25738,25738.8,12.55,323015.4364
1686045120000,25738.8,25738.8,25738.7,25738.7,24.138,621281.9533
1686045180000,25738.7,25738.8,25738.7,25738.8,1.97,50705.3454
1686045240000,25738.8,25738.8,25738.7,25738.7,3.596,92556.466
1686045300000,25738.7,25738.8,25738.7,25738.8,7.667,197338.9375
1686045360000,25738.8,25744.7,25738.7,25744.7,60.416,1555048.7931
1686045420000,25744.7,25762.8,25744.7,25762.7,74.542,1919879.5514
1686045480000,25762.7,25775,25754.3,25754.3,90.573,2333892.4197
1686045540000,25754.3,25754.3,25740,25741.2,39.295,1011871.2338
1686045600000,25741.2,25749.8,25741.2,25749.8,38.843,1000110.8557
1686045660000,25749.8,25749.8,25748.1,25748.2,7.435,191447.4865
1686045720000,25748.2,25749.8,25748.1,25749.2,24.901,641162.1647
1686045780000,25749.2,25750.5,25749.2,25750.5,13.781,354862.7395
1686045840000,25750.5,25753,25750.4,25752.9,6.948,178923.0346
1686045900000,25752.9,25754,25752.9,25754,12.564,323565.0004
1686045960000,25754,25754.3,25753.9,25754.2,9.696,249710.9696
1686046020000,25754.2,25754.4,25754.2,25754.3,9.883,254529.8259
1686046080000,25754.3,25755.1,25750,25750,25.285,651178.5857
1686046140000,25750,25750.1,25738.5,25743.3,45.785,1178669.8375
1686046200000,25743.3,25746,25743.3,25746,16.778,431960.2639
1686046260000,25746,25756.3,25746,25756.3,13.697,352723.0182
1686046320000,25756.3,25756.3,25756,25756,23.042,593471.2756
1686046380000,25756,25757.1,25756,25757.1,13.916,358429.7063
1686046440000,25757.1,25757.1,25757,25757.1,4.34,111785.5366
1686046500000,25757.1,25760.7,25757,25760.7,53.17,1369612.1604
1686046560000,25760.7,25761.2,25760.6,25761.2,9.746,251065.8296
1686046620000,25761.2,25764.2,25761.2,25764.2,43.35,1116801.3037
1686046680000,25764.2,25775,25764.1,25772.9,52.405,1350402.4108
1686046740000,25772.9,25775,25772.9,25774.9,13.984,360414.8982
1686046800000,25774.9,25775,25760.8,25760.9,37.154,957400.6718
1686046860000,25760.9,25765.8,25760.6,25765.7,8.631,222345.6904
1686046920000,25765.7,25765.8,25765.7,25765.8,7.829,201720.0901
1686046980000,25765.8,25765.8,25765.7,25765.7,7.289,187806.6499
1686047040000,25765.7,25765.8,25765.7,25765.7,2.298,59209.7605
1686047100000,25765.7,25767.9,25765.7,25767.9,21.724,559741.5913
1686047160000,25767.9,25773.6,25763.5,25763.6,26.775,689943.7854
1686047220000,25763.6,25763.6,25763.2,25763.2,5.786,149066.7488
1686047280000,25763.2,25763.2,25752.1,25752.1,32.911,847732.9509
1686047340000,25752.1,25752.1,25747.3,25747.3,36.328,935402.4439
1686047400000,25747.3,25756.3,25747.2,25756.2,18.339,472285.2011
1686047460000,25756.2,25760.1,25756.1,25760,14.675,378002.3065
1686047520000,25760,25761.5,25760,25761.5,16.672,429482.6208
1686047580000,25761.5,25761.5,25755,25755,13.808,355696.1646
1686047640000,25755,25755.1,25755,25755,7.815,201275.5391
1686047700000,25755,25755.1,25755,25755.1,4.549,117159.5771
1686047760000,25755.1,25764.5,25755,25758.9,16.464,424108.9238
1686047820000,25758.9,25759,25758.9,25759,3.037,78229.8906
1686047880000,25759,25760,25758.9,25759.9,7.223,186060.4468
1686047940000,25759.9,25760,25759.9,25759.9,5.342,137609.4957
1686048000000,25759.9,25760,25759.9,25760,2.903,74781.2019
1686048060000,25760,25769.7,25759.9,25769.7,9.98,257142.773
1686048120000,25769.7,25771,25769.6,25771,8.177,210726.7151
1686048180000,25771,25771,25770.9,25771,19.312,497688.2936
1686048240000,25771,25773.7,25770.9,25773.7,27.031,696621.2081
1686048300000,25773.7,25776.3,25773.6,25776.3,36.559,942303.2184
1686048360000,25776.3,25776.3,25776.2,25776.2,27.264,702762.5779
1686048420000,25776.2,25780,25767.6,25780,76.819,1979985.9697
1686048480000,25780,25780,25762.6,25762.7,14.946,385118.2296
1686048540000,25762.7,25764.4,25762.6,25764.4,11.582,298388.0472
1686048600000,25764.4,25766.8,25764.4,25766.7,7.829,201725.7556
1686048660000,25766.7,25766.8,25762.8,25762.8,11.954,308013.9651
1686048720000,25762.8,25762.8,25760.1,25760.1,2.981,76793.7858
1686048780000,25760.1,25760.2,25748.6,25750.2,24.91,641593.0965
1686048840000,25750.2,25753.8,25744.4,25749,36.533,940657.8892
1686048900000,25749,25749,25742,25742,40.473,1042041.408
1686048960000,25742,25742.1,25738.4,25739.8,25.641,660019.3044
1686049020000,25739.8,25747,25739.7,25744.4,42.195,1086241.545
1686049080000,25744.4,25744.4,25727.6,25731.1,98.633,2537922.9906
1686049140000,25731.1,25731.2,25731.1,25731.1,12.986,334144.5333
1686049200000,25731.1,25736.3,25731.1,25736.2,19.905,512252.8546
1686049260000,25736.2,25736.3,25736.2,25736.3,7.197,185223.9821
1686049320000,25736.3,25736.3,25730,25730,15.948,410410.252
1686049380000,25730,25730.1,25725.7,25725.7,29.183,750818.8993
1686049440000,25725.7,25725.7,25724.2,25725.4,23.927,615523.2898
1686049500000,25725.4,25738.8,25725.4,25738.7,22.375,575771.2624
1686049560000,25738.7,25739.3,25730,25735.3,23.521,605371.0037
1686049620000,25735.3,25735.4,25735.1,25735.1,27.863,717064.0921
1686049680000,25735.1,25735.1,25735,25735.1,10.122,260490.3961
1686049740000,25735.1,25736.3,25735,25736.3,22.998,591867.8922
1686049800000,25736.3,25736.3,25729.9,25729.9,10.975,282419.5733
1686049860000,25729.9,25730,25721,25721,16.642,428147.3718
1686049920000,25721,25721.1,25716.3,25716.3,65.305,1679560.9876
1686049980000,25716.3,25716.4,25715.4,25715.4,16.098,413974.9329
1686050040000,25715.4,25715.5,25713.3,25713.4,54.966,1413437.1067
1686050100000,25713.4,25713.4,25712.4,25712.4,18.512,475999.8222
1686050160000,25712.4,25712.5,25710.4,25710.4,34.937,898284.333
1686050220000,25710.4,25710.4,25700,25700.1,144.635,3717934.822
1686050280000,25700.1,25701,25700,25700.9,22.951,589853.6244
1686050340000,25700.9,25709.9,25700.9,25709.8,28.161,723941.1702
1686050400000,25709.8,25712,25709.8,25711.9,12.594,323798.6425
1686050460000,25711.9,25711.9,25705.7,25708.1,16.738,430314.1108
1686050520000,25708.1,25708.2,25701.9,25702,9.706,249480.7221
1686050580000,25702,25702.1,25690.2,25690.2,34.899,896671.1037
1686050640000,25690.2,25690.3,25682.5,25682.5,89.978,2311351.4208
1686050700000,25682.5,25688.6,25680.8,25682.1,48.321,1241040.8505
1686050760000,25682.1,25697.2,25682,25690.2,79.653,2045938.0868
1686050820000,25690.2,25690.3,25684,25686,18.057,463816.1901
1686050880000,25686,25690.2,25685.9,25690.1,27.327,701953.7647
1686050940000,25690.1,25690.1,25681.4,25681.5,26.511,680906.1718
1686051000000,25681.5,25689.3,25681.2,25689.2,28.518,732468.3267
1686051060000,25689.2,25695.6,25689.2,25695.6,37.522,964094.6354
1686051120000,25695.6,25695.6,25685,25689.2,64.515,1657377.698
1686051180000,25689.2,25689.2,25683.2,25683.2,32.713,840298.0564
1686051240000,25683.2,25683.3,25680,25680,17.014,436948.6958
1686051300000,25680,25681,25680,25680,15.466,397173.4744
1686051360000,25680,25680.1,25678.1,25678.1,18.096,464697.9424
1686051420000,25678.1,25678.2,25670,25674.9,45.735,1174233.3973
1686051480000,25674.9,25674.9,25667,25667.1,35.287,905779.3363
1686051540000,25667.1,25673.9,25667,25669.2,39.153,1005106.3556
1686051600000,25669.2,25669.3,25655.2,25656.1,116.228,2982430.2654
1686051660000,25656.1,25661.2,25656.1,25659.5,85.376,2190677.5066
1686051720000,25659.5,25659.6,25659.5,25659.5,29.319,752312.7397
1686051780000,25659.5,25660.8,25628,25658.8,369.209,9468422.0892
1686051840000,25658.8,25666.2,25641.8,25666.2,119.711,3070420.5126
1686051900000,25666.2,25687.5,25666.1,25687.5,100.643,2583831.7958
1686051960000,25687.5,25692.8,25687.5,25690.2,36.062,926467.4739
1686052020000,25690.2,25690.3,25690.1,25690.1,16.848,432827.881
1686052080000,25690.1,25690.2,25690,25690,8.392,215591.6415
1686052140000,25690,25690.1,25666.2,25671.9,67.283,1727434.4184
1686052200000,25671.9,25672,25655.4,25662.2,27.347,701751.2428
1686052260000,25662.2,25684.2,25662.2,25683,46.56,1195524.5375
1686052320000,25683,25683.1,25666.3,25666.3,22.494,577600.2584
1686052380000,25666.3,25677.3,25666.3,25670.4,33.142,850883.5801
1686052440000,25670.4,25673.7,25668,25668.1,13.939,357826.3594
1686052500000,25668.1,25673.7,25666,25673.7,19.646,504306.335
1686052560000,25673.7,25677.9,25673.6,25677.9,14.49,372049.5271
1686052620000,25677.9,25677.9,25658.8,25670.1,94.802,2433356.4761
1686052680000,25670.1,25670.2,25662.4,25663.4,22.361,573894.5872
1686052740000,25663.4,25675,25660.9,25674.8,17.643,452897.6696
1686052800000,25674.8,25683.4,25674.7,25683.3,20.335,522240.6714
1686052860000,25683.3,25686.8,25682.7,25686.8,28.013,719488.0865
1686052920000,25686.8,25687.8,25685,25685,39.045,1002960.385
1686052980000,25685,25687.8,25683.7,25687.7,27.063,695180.7646
1686053040000,25687.7,25687.8,25682.7,25682.7,19.407,498504.042
1686053100000,25682.7,25682.7,25670.6,25670.7,66.238,1700987.6168
1686053160000,25670.7,25673,25667.3,25673,74.544,1913534.9596
1686053220000,25673,25675,25672.7,25672.7,26.236,673583.3109
1686053280000,25672.7,25680,25670.5,25670.5,78.143,2006295.716
1686053340000,25670.5,25670.6,25670.5,25670.6,8.319,213553.1579
1686053400000,25670.6,25670.6,25555,25563.5,2072.392,53067391.2086
1686053460000,25563.5,25563.6,25428.5,25430.2,3019.881,76942376.296
1686053520000,25430.2,25512.6,25423.1,25506.4,1099.856,28015771.5998
1686053580000,25506.4,25512,25422.5,25426.5,635.817,16194670.9206
1686053640000,25426.5,25448.7,25324.2,25448.7,2870.343,72854591.6446
1686053700000,25448.7,25564.9,25443.5,25557.6,1249.514,31867888.6201
1686053760000,25557.6,25557.6,25514.4,25531.2,476.171,12154955.8492
1686053820000,25531.2,25642,25530.6,25634,737.925,18884281.6796
1686053880000,25634,25733.9,25634,25650,1850.402,47537036.0872
1686053940000,25650,25694.2,25650,25661.2,391.571,10051925.4085
1686054000000,25661.2,25671.1,25600,25600,546.428,14010024.8068
1686054060000,25600,25643.9,25594.8,25639.9,263.618,6754832.4704
1686054120000,25639.9,25650,25590.1,25593,236.629,6060765.1311
1686054180000,25593,25599.2,25558.3,25589.6,512.779,13115723.9314
1686054240000,25589.6,25596.5,25563.8,25596.4,238.692,6105478.7788
1686054300000,25596.4,25635.3,25578.5,25615.2,408.075,10447634.7581
1686054360000,25615.2,25624.2,25584,25591.7,131.098,3356686.8854
1686054420000,25591.7,25593.6,25555,25569,185.734,4749385.037
1686054480000,25569,25585.4,25564,25580.1,84.789,2168702.8536
1686054540000,25580.1,25580.1,25540.9,25542,331.249,8465181.2851
1686054600000,25542,25580,25540.4,25580,247.834,6335509.3403
1686054660000,25580,25594.2,25570,25573,195.917,5012002.09
1686054720000,25573,25573.1,25537.1,25537.1,145.802,3725620.3404
1686054780000,25537.1,25558.6,25522.2,25522.3,271.763,6938978.7982
1686054840000,25522.3,25534.1,25500.8,25534,295.788,7548088.5915
1686054900000,25534,25534.1,25476.1,25476.2,379.57,9679851.182
1686054960000,25476.2,25495.8,25456.9,25480.9,623.909,15894511.1243
1686055020000,25480.9,25522,25477,25479.9,223.595,5701986.688
1686055080000,25479.9,25500,25471.5,25500,139.7,3560307.5301
1686055140000,25500,25514,25480,25480.1,129.066,3290837.4996
1686055200000,25480.1,25497.7,25454.9,25497.7,408.151,10395519.5843
1686055260000,25497.7,25555,25497.2,25548.2,348.6,8900697.5406
1686055320000,25548.2,25599.7,25548.2,25591.4,530.512,13569572.0917
1686055380000,25591.4,25591.5,25568.1,25568.1,102.318,2616985.1425
1686055440000,25568.1,25585.5,25568.1,25585.5,141.146,3610328.5902
1686055500000,25585.5,25630,25585,25609.2,450.849,11545958.2586
1686055560000,25609.2,25626,25590,25590,221.234,5665226.5547
1686055620000,25590,25590.1,25544.4,25544.4,343.297,8776331.6347
1686055680000,25544.4,25557,25544.4,25551,135.956,3473729.8161
1686055740000,25551,25572.5,25550.9,25572.5,133.202,3404900.1724
1686055800000,25572.5,25572.5,25542.8,25549.4,89.464,2286495.5962
1686055860000,25549.4,25555.7,25536.2,25555.7,131.859,3369027.5703
1686055920000,25555.7,25577.2,25553.9,25561,249.262,6372107.1416
1686055980000,25561,25595.8,25560.9,25590.2,104.89,2682926.4226
1686056040000,25590.2,25590.3,25561.3,25563.4,67.111,1716282.5053
1686056100000,25563.4,25564.9,25542.5,25542.5,50.979,1302526.4041
1686056160000,25542.5,25552.6,25510.1,25522.3,182.758,4665546.8371
1686056220000,25522.3,25522.3,25490.2,25502.7,328.483,8376598.1657
1686056280000,25502.7,25510,25491.9,25496.3,157.84,4025073.4969
1686056340000,25496.3,25529.9,25494.5,25525.5,179.332,4575647.1894
1686056400000,25525.5,25542.4,25511.9,25540.4,106.964,2730704.9901
1686056460000,25540.4,25540.4,25532.3,25534.9,45.184,1153875.3728
1686056520000,25534.9,25549,25534.9,25549,66.673,1702947.6055
1686056580000,25549,25560,25546.7,25554.2,82.902,2118495.7553
1686056640000,25554.2,25554.7,25532.3,25532.4,80.092,2045839.1487
1686056700000,25532.4,25532.4,25507.5,25507.5,68.9,1758336.8514
1686056760000,25507.5,25507.5,25481.8,25485.1,204.777,5220054.1362
1686056820000,25485.1,25513,25481.8,25504.7,105.488,2690025.6935
1686056880000,25504.7,25518.7,25504.6,25508.4,54.195,1382589.0851
1686056940000,25508.4,25508.4,25487,25487,34.492,879375.004
1686057000000,25487,25487.1,25452.4,25487,304.613,7757969.8013
1686057060000,25487,25487.1,25475.4,25477.9,79.251,2019205.9875
1686057120000,25477.9,25523.8,25461,25515.4,296.88,7566346.9528
1686057180000,25515.4,25527.1,25484.7,25485.1,115.288,2941260.5332
1686057240000,25485.1,25487.2,25470.1,25474.6,86.413,2201454.8067
1686057300000,25474.6,25508.5,25466,25488.9,117.392,2992413.1401
1686057360000,25488.9,25488.9,25466.1,25466.6,62.136,1582878.1593
1686057420000,25466.6,25466.6,25431.1,25431.2,300.169,7640256.4366
1686057480000,25431.2,25455,25369,25448.1,893.708,22706329.2558
1686057540000,25448.1,25485,25448.1,25466.6,511.369,13028467.2109
1686057600000,25466.6,25482.7,25458.5,25474.1,297.239,7570849.564
1686057660000,25474.1,25501,25472.5,25490.2,233.553,5953229.0567
1686057720000,25490.2,25500,25467.8,25491.9,248.229,6326527.8496
1686057780000,25491.9,25506.1,25475.9,25488.6,165.659,4222666.2401
1686057840000,25488.6,25508.5,25488.6,25496.2,147.221,3754112.9284
1686057900000,25496.2,25500,25484.2,25496.8,84.156,2145408.389
1686057960000,25496.8,25496.8,25480.6,25480.6,87.936,2241262.3312
1686058020000,25480.6,25503.9,25480.6,25492,68.406,1743902.3732
1686058080000,25492,25512.4,25480.5,25512.4,156.124,3980252.7527
1686058140000,25512.4,25567.7,25512.3,25531.5,520.705,13300345.2872
1686058200000,25531.5,25538,25513.6,25516.3,119.956,3061617.5562
1686058260000,25516.3,25516.4,25500.6,25511.8,85.148,2171999.0634
1686058320000,25511.8,25511.8,25494.9,25504.8,73.064,1863241.9338
1686058380000,25504.8,25509.6,25472.2,25473.1,140.408,3579094.8549
1686058440000,25473.1,25492.9,25472,25472,81.517,2076920.0303
1686058500000,25472,25497.7,25472,25478.9,53.04,1351766.2531
1686058560000,25478.9,25509.5,25466.5,25494.1,143.026,3644878.7102
1686058620000,25494.1,25546.3,25494,25523.6,353.779,9030140.8704
1686058680000,25523.6,25541.9,25495.4,25496.6,198.487,5066246.8175
1686058740000,25496.6,25505,25480,25480.8,140.937,3592806.251
1686058800000,25480.8,25508.9,25473.9,25508.9,138.588,3532345.589
1686058860000,25508.9,25534.3,25508.8,25534.2,75.83,1935443.1984
1686058920000,25534.2,25548.9,25521.5,25548.8,111.36,2844132.1055
1686058980000,25548.8,25587,25548.8,25585.8,368.215,9415047.9208
1686059040000,25585.8,25666.2,25585.7,25635.9,1080.963,27709307.3773
1686059100000,25635.9,25658.8,25622.4,25622.4,347.126,8901696.425
1686059160000,25622.4,25675,25609.6,25672.5,418.986,10745107.6878
1686059220000,25672.5,25745,25668.4,25685.2,1379.2,35459673.7312
1686059280000,25685.2,25707.1,25672,25691.9,313.039,8041766.6191
1686059340000,25691.9,25708.9,25687.1,25692,146.259,3758919.4695
1686059400000,25692,25705,25664.3,25664.3,222.017,5701418.9103
1686059460000,25664.3,25664.3,25630,25630.1,194.163,4979120.9675
1686059520000,25630.1,25647.8,25616.8,25641.8,550.149,14098828.1772
1686059580000,25641.8,25673,25635,25659.9,409.523,10501890.8499
1686059640000,25659.9,25669.4,25646.8,25651.8,48.011,1231857.9659
1686059700000,25651.8,25685.8,25640.7,25670.7,137.782,3536285.8977
1686059760000,25670.7,25720,25670.7,25712.1,247.255,6355245.6449
1686059820000,25712.1,25772.5,25701.4,25725.8,758.068,19520665.1637
1686059880000,25725.8,25725.8,25704.8,25720.1,330.91,8510061.6484
1686059940000,25720.1,25745.2,25715.1,25724,211.246,5435753.7173
1686060000000,25724,25755,25723.6,25750.7,235.314,6058753.1149
1686060060000,25750.7,25870.7,25746.6,25868.1,1792.387,46281282.1944
1686060120000,25868.1,26025,25868,25966.9,4477.286,116149787.0413
1686060180000,25966.9,26118,25958.6,26024.4,3258.013,84801142.078
1686060240000,26024.4,26031.8,25915.6,25917.3,998.418,25930366.5428
1686060300000,25917.3,25925,25863.9,25868.1,1521.978,39412237.6276
1686060360000,25868.1,25900.9,25866.7,25879.9,533.451,13807538.1519
1686060420000,25879.9,25927.8,25879.9,25896.5,420.356,10890884.5932
1686060480000,25896.5,25952.8,25891.7,25951.6,391.423,10149078.5774
1686060540000,25951.6,26000,25914.1,25995,761.806,19788020.9573
1686060600000,25995,26009.7,25957.5,26009.7,543.213,14115274.1134
1686060660000,26009.7,26082.4,25998.6,26000,871.389,22691970.2569
1686060720000,26000,26002.1,25938.9,25945.5,642.979,16698508.8955
1686060780000,25945.5,25965.2,25934,25936.6,201.075,5216467.1198
1686060840000,25936.6,25936.6,25893.3,25903.5,621.502,16100998.5571
1686060900000,25903.5,25948.9,25882,25895.1,291.072,7540895.6922
1686060960000,25895.1,25939,25885.5,25930.8,272.916,7070958.9533
1686061020000,25930.8,25954.5,25903.2,25909.9,306.197,7937668.3268
1686061080000,25909.9,25911.1,25891.4,25891.4,129.385,3350715.3077
1686061140000,25891.4,25892,25854.2,25857.3,429.887,11120666.1212
1686061200000,25857.3,25927,25842.5,25927,362.044,9366922.0087
1686061260000,25927,25945.3,25904,25937.3,390.32,10119792.8659
1686061320000,25937.3,25965,25937.3,25957.6,260.665,6765288.4254
1686061380000,25957.6,25967.4,25943,25947.3,245.002,6359532.2867
1686061440000,25947.3,25962,25932.2,25950.8,239.697,6220267.7548
1686061500000,25950.8,25977.5,25925,25926,256.534,6656930.2864
1686061560000,25926,25945.1,25923.6,25923.6,118.265,3066947.6355
1686061620000,25923.6,25936.8,25906.6,25922.2,162.723,4218272.7657
1686061680000,25922.2,25938.9,25920,25938.9,53.881,1396914.7573
1686061740000,25938.9,25939,25906.9,25906.9,143.655,3724563.53
1686061800000,25906.9,25936.5,25901.9,25901.9,166.916,4326087.2676
1686061860000,25901.9,25902,25876.1,25888.9,475.103,12299971.4968
1686061920000,25888.9,25920,25877.3,25920,102.341,2650071.0923
1686061980000,25920,25992.3,25916.7,25992.3,435.315,11299955.1896
1686062040000,25992.3,25992.3,25956.3,25970.4,241.029,6260597.0664
1686062100000,25970.4,25981,25960.1,25974.6,120.559,3130957.6849
1686062160000,25974.6,26029.9,25968.9,26009.7,337.872,8786261.3586
1686062220000,26009.7,26027.3,25992.6,26008.8,484.084,12592982.8588
1686062280000,26008.8,26010,25961.1,25966.5,815.562,21188766.3819
1686062340000,25966.5,25970,25955,25959,88.48,2296866.2888
1686062400000,25959,25995.7,25956.5,25993.1,90.492,2350810.7696
1686062460000,25993.1,25993.1,25976.6,25980,225.635,5863543.2527
1686062520000,25980,25980.1,25952.3,25952.4,152.914,3970710.5791
1686062580000,25952.4,25983.6,25952.3,25972,195.901,5086802.0641
1686062640000,25972,25988.4,25959.3,25988.4,178.85,4644080.3322
1686062700000,25988.4,26047.1,25988.4,26009.1,404.922,10538545.6602
1686062760000,26009.1,26014,25957.6,25967,322.755,8386111.445
1686062820000,25967,25975.2,25959.3,25964.5,119.08,3092077.3566
1686062880000,25964.5,25973.6,25947.3,25953.2,352.216,9142824.5572
1686062940000,25953.2,25977.6,25953.2,25977.6,103.115,2677279.1159
1686063000000,25977.6,26023.3,25977.5,25994.7,147.791,3843269.7822
1686063060000,25994.7,26000,25967,25985.4,101.669,2642003.63
1686063120000,25985.4,25985.5,25978.1,25982.1,36.582,950436.156
1686063180000,25982.1,25997.1,25975,25975.1,27.909,725302.6463
1686063240000,25975.1,25994,25973.9,25988.8,38.585,1002766.922
1686063300000,25988.8,25990.3,25975.1,25985.3,43.895,1140463.0684
1686063360000,25985.3,25999.5,25985.3,25993.3,149.018,3873541.2696
1686063420000,25993.3,26009,25988,26009,159.736,4152952.038
1686063480000,26009,26028.3,25994,25996.1,129.671,3373780.3772
1686063540000,25996.1,26014.4,25991.4,26014.3,113.813,2959058.6243
1686063600000,26014.3,26037,26001.1,26002.9,198.335,5160458.1639
1686063660000,26002.9,26002.9,25975.1,25981.9,159.63,4148583.5305
1686063720000,25981.9,25988.4,25970.5,25975.1,81.135,2107840.3167
1686063780000,25975.1,25984.5,25968.9,25984.4,69.656,1809167.703
1686063840000,25984.4,25984.4,25967.4,25983.9,99.202,2576761.7262
1686063900000,25983.9,26007.8,25980,25991.5,64.354,1672873.6167
1686063960000,25991.5,26016.7,25986,26016.7,133.272,3465739.3736
1686064020000,26016.7,26037.9,26005.4,26005.4,267.958,6971452.7723
1686064080000,26005.4,26039.9,26005.4,26035.1,104.243,2713558.6231
1686064140000,26035.1,26040,26017.6,26017.6,90.753,2362351.5349
1686064200000,26017.6,26017.6,26000,26008,57.085,1484580.8807
1686064260000,26008,26040,26005.7,26040,58.703,1527762.7995
1686064320000,26040,26070,25996.2,25996.2,419.642,10927797.3894
1686064380000,25996.2,25996.2,25972,25972,296.592,7706594.4625
1686064440000,25972,25986,25963,25972.2,251.158,6523803.4331
1686064500000,25972.2,25983.7,25948.2,25949.4,262.637,6818576.5565
1686064560000,25949.4,25962.8,25934.7,25940.1,277.371,7196851.4897
1686064620000,25940.1,25944.4,25922,25923.1,231.04,5991282.0119
1686064680000,25923.1,25933,25917,25933,103.586,2685276.0745
1686064740000,25933,25947.1,25932,25943.4,108.248,2807610.5204
1686064800000,25943.4,25972.2,25942.6,25972.2,117.682,3055076.2002
1686064860000,25972.2,25986.5,25930,25930.1,177.206,4599162.0873
1686064920000,25930.1,25942.3,25930,25938.6,60.577,1570919.4337
1686064980000,25938.6,25963.1,25933.6,25948.5,71.674,1859958.2614
1686065040000,25948.5,25955.9,25940.6,25940.6,64.249,1667058.4612
1686065100000,25940.6,25950.9,25924.5,25924.5,72.887,1890266.4931
1686065160000,25924.5,25930.1,25910,25910,204.945,5312185.1852
1686065220000,25910,25939.1,25906.6,25932,48.614,1260063.6666
1686065280000,25932,25950,25931.9,25939.3,57.66,1495848.0774
1686065340000,25939.3,25939.3,25923.1,25923.2,54.251,1406875.1912
1686065400000,25923.2,25959.9,25923.2,25951.5,189.112,4905098.2269
1686065460000,25951.5,25970,25951.5,25963,60.204,1563173.8285
1686065520000,25963,25979.5,25950,25950.1,50.535,1312389.621
1686065580000,25950.1,25961.3,25936.2,25936.3,78.87,2046678.0233
1686065640000,25936.3,25943,25932.5,25935.8,25.621,664552.754
1686065700000,25935.8,25952.2,25935.8,25952.1,25.332,657277.3795
1686065760000,25952.1,25970,25952.1,25966.3,43.204,1121839.3017
1686065820000,25966.3,25970,25957.6,25963.8,37.387,970706.8032
1686065880000,25963.8,25970,25963.8,25969.9,12.204,316924.2512
1686065940000,25969.9,25978.5,25969.9,25969.9,87.389,2269703.5184
1686066000000,25969.9,25971.3,25964.6,25967,53.537,1390379.9928
1686066060000,25967,25967,25965.7,25966.8,63.251,1642393.2186
1686066120000,25966.8,26009.7,25966.7,26009.7,234.232,6087359.0445
1686066180000,26009.7,26009.7,25986.9,25986.9,91.178,2370530.803
1686066240000,25986.9,26002.3,25986.9,26002.2,45.622,1186017.2474
1686066300000,26002.2,26025.6,26002.2,26023.1,87.985,2289430.0951
1686066360000,26023.1,26036,26023,26032.6,63.941,1664446.2139
1686066420000,26032.6,26055.1,26025.5,26050,141.843,3694239.5529
1686066480000,26050,26075,26035.5,26039.4,330.921,8623775.6747
1686066540000,26039.4,26055,26029.4,26029.4,295.518,7695473.0378
1686066600000,26029.4,26047,26024.9,26042.1,92.038,2396090.6842
1686066660000,26042.1,26065.7,26040.5,26065.7,45.265,1179352.0011
1686066720000,26065.7,26140,26002.2,26019.3,1742.825,45468040.6005
1686066780000,26019.3,26038.9,26013.6,26015.8,224.575,5844452.8361
1686066840000,26015.8,26033.4,26013.3,26027.8,74.429,1936932.9118
1686066900000,26027.8,26049.9,26027.7,26045.8,177.892,4631937.475
1686066960000,26045.8,26066.3,26045.7,26051.2,222.044,5785712.1782
1686067020000,26051.2,26070.1,26032,26052.6,217.341,5661477.4388
1686067080000,26052.6,26052.6,26038.7,26038.8,142.693,3716413.6265
1686067140000,26038.8,26056.2,26038.8,26055,97.711,2545161.9749
1686067200000,26055,26069.7,26054.9,26069.7,100.273,2613402.8198
1686067260000,26069.7,26113.2,26055.1,26099.9,792.708,20675019.4121
1686067320000,26099.9,26123.4,26087.2,26118.9,352.269,9196343.0851
1686067380000,26118.9,26183.6,26110.5,26159,1211.844,31684392.0236
1686067440000,26159,26180,26136.4,26153.9,416.978,10907054.4211
1686067500000,26153.9,26160,26124.9,26129.9,340.449,8900321.5276
1686067560000,26129.9,26130,26097.7,26109.5,293.675,7668851.9103
1686067620000,26109.5,26122,26086.1,26104.6,264.225,6896971.6076
1686067680000,26104.6,26129.1,26104.6,26111.6,170.514,4453407.3141
1686067740000,26111.6,26181.9,26111.6,26157.9,429.258,11227006.5122
1686067800000,26157.9,26197.3,26157.9,26160.4,358.29,9382297.9608
1686067860000,26160.4,26184.9,26158.1,26158.1,170.679,4467134.905
1686067920000,26158.1,26175.6,26158.1,26160.1,103.145,2698991.8627
1686067980000,26160.1,26160.1,26125,26130.5,159.367,4166177.5703
1686068040000,26130.5,26138,26130,26138,113.417,2963997.771
1686068100000,26138,26150,26138,26149.1,50.37,1317044.4905
1686068160000,26149.1,26150.1,26138,26138,132.068,3452460.8506
1686068220000,26138,26138,26112.9,26132.2,244.435,6385768.2867
1686068280000,26132.2,26132.3,26117.5,26119,56.478,1475402.4902
1686068340000,26119,26132.8,26114.9,26132.7,186.648,4874984.141
1686068400000,26132.7,26171.8,26130.3,26165.1,111.629,2919600.2301
1686068460000,26165.1,26227.5,26165,26220.8,903.956,23690763.1111
1686068520000,26220.8,26243.1,26204,26205.1,554.338,14541068.7588
1686068580000,26205.1,26209,26172.3,26183.6,357.894,9375118.5945
1686068640000,26183.6,26217.1,26183.6,26212.6,142.566,3735405.626
1686068700000,26212.6,26231.3,26206.5,26223.9,189.97,4981749.9225
1686068760000,26223.9,26224,26204.6,26207.9,123.29,3231602.6493
1686068820000,26207.9,26208,26186.8,26189.3,145.842,3820957.7351
1686068880000,26189.3,26200.5,26182,26195.3,148.097,3878542.0314
1686068940000,26195.3,26205.9,26188.4,26200.8,77.079,2019329.4685
1686069000000,26200.8,26210,26200.7,26209.9,113.917,2985436.4554
1686069060000,26209.9,26210,26191,26191,59.605,1561593.1291
1686069120000,26191,26191,26172.2,26182.4,173.63,4545491.6905
1686069180000,26182.4,26192,26180,26185.4,38.052,996379.0935
1686069240000,26185.4,26185.5,26164.1,26168.7,88.209,2308438.5457
1686069300000,26168.7,26175,26155,26155.1,115.536,3022169.2549
1686069360000,26155.1,26169.2,26155,26165.2,91.515,2393801.7042
1686069420000,26165.2,26165.2,26140.2,26140.2,235.06,6146729.0139
1686069480000,26140.2,26156.3,26140.2,26150,133.872,3500394.2058
1686069540000,26150,26150,26143.8,26147,45.45,1188405.3687
1686069600000,26147,26167.9,26146.9,26167.8,86.711,2267622.8322
1686069660000,26167.8,26169,26143.8,26143.9,76.42,1998891.3977
1686069720000,26143.9,26166.1,26143.8,26163,54.546,1426631.9543
1686069780000,26163,26164.9,26139.7,26162.5,235.91,6167837.0327
1686069840000,26162.5,26172.4,26155,26156.7,163.327,4272848.9678
1686069900000,26156.7,26162.5,26147,26147.1,95.378,2494657.4033
1686069960000,26147.1,26147.1,26136,26141.5,73.467,1920450.2895
1686070020000,26141.5,26141.6,26133.7,26137,90.769,2372553.5956
1686070080000,26137,26146.6,26125.1,26131.5,74.778,1954193.9422
1686070140000,26131.5,26149.9,26131.5,26146.4,62.353,1629672.0001
1686070200000,26146.4,26222,26146.3,26211.7,425.634,11149377.8603
1686070260000,26211.7,26285,26195.5,26257.5,1120.845,29421461.2494
1686070320000,26257.5,26294.1,26255.5,26271.7,957.403,25153884.5978
1686070380000,26271.7,26286.5,26251.9,26252,283.654,7451734.2007
1686070440000,26252,26275.9,26241.5,26267.6,164.143,4309788.7049
1686070500000,26267.6,26337,26261,26316.2,1721.026,45288129.3572
1686070560000,26316.2,26328.5,26299.1,26300.9,302.026,7948400.7093
1686070620000,26300.9,26394.2,26300.9,26318.8,1835.35,48386023.8345
1686070680000,26318.8,26347.4,26315.7,26344.8,585.706,15421319.3755
1686070740000,26344.8,26381.5,26342.2,26358.8,404.676,10666845.2486
1686070800000,26358.8,26414.3,26356.8,26372.7,1192.347,31473433.3753
1686070860000,26372.7,26372.7,26320,26320,711.577,18741445.8901
1686070920000,26320,26328.6,26309,26309.5,362.891,9550922.1534
1686070980000,26309.5,26309.5,26275.9,26283.1,561.48,14762655.4786
1686071040000,26283.1,26321.1,26275.8,26311.5,453.744,11931428.9652
1686071100000,26311.5,26321.8,26307.5,26319.8,169.048,4448260.264
1686071160000,26319.8,26338.5,26292.1,26295.6,284.387,7481073.3247
1686071220000,26295.6,26302.2,26290,26293.4,101.023,2656223.4657
1686071280000,26293.4,26299.4,26280,26284.6,180.984,4757292.7953
1686071340000,26284.6,26318,26278.5,26311.8,301.884,7936038.6495
1686071400000,26311.8,26382.7,26311.7,26378.5,425.686,11220587.8723
1686071460000,26378.5,26435,26378.5,26434.4,778.732,20564497.3469
1686071520000,26434.4,26468.5,26418.4,26432.2,1330.849,35192259.1874
1686071580000,26432.2,26476.5,26430.6,26476.5,773.854,20469513.7122
1686071640000,26476.5,26479.4,26430.9,26444.7,834.75,22086635.0255
1686071700000,26444.7,26460,26415.8,26420.9,468.576,12385767.974
1686071760000,26420.9,26422,26403.4,26408.3,159.137,4203323.642
1686071820000,26408.3,26471.2,26388,26471.2,397.496,10502446.1027
1686071880000,26471.2,26480,26430,26450,338.397,8952830.9335
1686071940000,26450,26520,26447.5,26490,1531.698,40579762.124
1686072000000,26490,26503.5,26462.4,26484.7,420.75,11143051.1465
1686072060000,26484.7,26522.8,26475,26477.5,523.461,13873299.364
1686072120000,26477.5,26477.6,26423.8,26431.7,668.04,17665447.2262
1686072180000,26431.7,26458.2,26411.4,26433.1,673.503,17799069.2749
1686072240000,26433.1,26437.6,26422.5,26432,80.306,2122435.9464
1686072300000,26432,26509.4,26431.7,26499.5,530.581,14046806.9687
1686072360000,26499.5,26545.3,26498.5,26518.3,1019.727,27043094.1519
1686072420000,26518.3,26659.7,26518.3,26617.7,4124.329,109763845.5127
1686072480000,26617.7,26664.4,26606.7,26611.6,787.109,20962949.4883
1686072540000,26611.6,26734,26611.6,26685.7,1953.97,52140492.5762
1686072600000,26685.7,26719.6,26655,26658.6,955.13,25493907.3377
1686072660000,26658.6,26666,26620,26638.6,686.726,18295501.5156
1686072720000,26638.6,26638.6,26611.1,26614.7,410.036,10915387.8725
1686072780000,26614.7,26614.7,26585.9,26590.1,282.758,7521203.9564
1686072840000,26590.1,26612.2,26573.2,26608.5,268.39,7137814.9414
1686072900000,26608.5,26674.4,26600,26674.3,429.645,11442687.2439
1686072960000,26674.3,26730.8,26650.5,26701.5,562.387,15012400.324
1686073020000,26701.5,26767,26701.5,26713.2,1448.742,38742856.6004
1686073080000,26713.2,26728.1,26667.7,26686.5,582.401,15543929.1573
1686073140000,26686.5,26721.1,26686.5,26718.7,406.442,10853881.6406
1686073200000,26718.7,26749,26690.9,26697,389.852,10417066.9798
1686073260000,26697,26712.9,26690,26695.5,114.439,3055450.8529
1686073320000,26695.5,26700,26674.2,26677.3,118.375,3159252.1558
1686073380000,26677.3,26707,26677.3,26694.4,239.454,6391806.879
1686073440000,26694.4,26719.3,26677.8,26677.9,332.34,8873863.1756
1686073500000,26677.9,26725,26677.8,26706.5,153.413,4096749.9051
1686073560000,26706.5,26725,26706.4,26710,213.138,5694854.0304
1686073620000,26710,26711.7,26679.2,26679.2,141.45,3775244.6304
1686073680000,26679.2,26682.8,26640.2,26640.2,380.647,10145013.8105
1686073740000,26640.2,26650,26640,26650,206.371,5498529.5958
1686073800000,26650,26688.9,26642.6,26685.3,312.334,8328292.1003
1686073860000,26685.3,26685.3,26663.9,26670.9,105.577,2816006.8268
1686073920000,26670.9,26717.9,26670.9,26688.9,188.97,5044929.199
1686073980000,26688.9,26697.9,26654.8,26657.3,120.015,3202169.0937
1686074040000,26657.3,26668,26656.2,26664,148.815,3967510.9249
1686074100000,26664,26664.3,26639.5,26664.2,441.876,11776828.1597
1686074160000,26664.2,26692,26662.5,26682.1,118.653,3165602.9781
1686074220000,26682.1,26683.9,26665.9,26667.6,98.551,2628919.1075
1686074280000,26667.6,26667.6,26636.6,26644.9,202.458,5394745.1833
1686074340000,26644.9,26660,26644.9,26659.9,104.898,2796153.9623
1686074400000,26659.9,26681.4,26659.9,26673.2,119.811,3195760.5008
1686074460000,26673.2,26673.2,26645.3,26645.3,136.535,3639735.1146
1686074520000,26645.3,26650,26626.4,26636.5,140.161,3733455.9856
1686074580000,26636.5,26649.8,26624.2,26644.8,113.306,3017796.8658
1686074640000,26644.8,26644.9,26622.5,26626.4,148.907,3965363.2858
1686074700000,26626.4,26650,26626.3,26635.7,103.96,2769573.4973
1686074760000,26635.7,26649,26635.1,26648.9,44.745,1192052.645
1686074820000,26648.9,26666.5,26648.9,26664.8,199.776,5325820.4589
1686074880000,26664.8,26689.9,26664.7,26680.4,140.696,3753919.2269
1686074940000,26680.4,26684.7,26665.8,26665.8,67.835,1809560.9763
1686075000000,26665.8,26684,26665.8,26683.9,56.54,1508601.6318
1686075060000,26683.9,26705.1,26683.9,26705,167.806,4479951.4202
1686075120000,26705,26720,26705,26712.8,256.422,6850137.1795
1686075180000,26712.8,26733,26695.9,26701.1,340.397,9094959.9672
1686075240000,26701.1,26715.4,26697.8,26703.9,62.251,1662441.7559
1686075300000,26703.9,26725.6,26703.4,26725.6,124.037,3313099.5448
1686075360000,26725.6,26743.2,26717.7,26717.8,301.783,8067467.005
1686075420000,26717.8,26717.8,26703,26703.1,120.629,3221681.9299
1686075480000,26703.1,26707.5,26691.1,26707.4,104.009,2777069.8407
1686075540000,26707.4,26720,26707.4,26715.2,63.475,1695882.7789
1686075600000,26715.2,26726.1,26699.2,26702.2,117.017,3126217.91
1686075660000,26702.2,26709,26700,26704.2,43.866,1171392.5011
1686075720000,26704.2,26709,26690.2,26708.9,126.564,3378944.5371
1686075780000,26708.9,26717.1,26696.4,26711.9,41.332,1103856.8645
1686075840000,26711.9,26711.9,26702.7,26702.7,45.78,1222683.4428
1686075900000,26702.7,26720.4,26702.7,26710.1,266.134,7109211.4467
1686075960000,26710.1,26717.7,26709.1,26711.1,21.302,569003.26
1686076020000,26711.1,26720,26710.1,26716,23.861,637443.7581
1686076080000,26716,26725,26715.5,26721.9,101.278,2706017.8036
1686076140000,26721.9,26737,26719.3,26733.7,136.389,3645629.9837
1686076200000,26733.7,26750,26724.6,26732.1,168.911,4516743.2542
1686076260000,26732.1,26749.9,26732.1,26748.3,85.398,2283664.4579
1686076320000,26748.3,26773.1,26729.9,26730.8,384.143,10279135.4732
1686076380000,26730.8,26735.5,26715.7,26715.8,143.246,3828663.0045
1686076440000,26715.8,26715.8,26702.5,26702.5,295.622,7895561.6126
1686076500000,26702.5,26702.6,26682.1,26682.1,129.298,3451407.2784
1686076560000,26682.1,26689.6,26674.5,26674.5,143.638,3832817.4292
1686076620000,26674.5,26688.2,26656.4,26682.6,470.54,12550064.6891
1686076680000,26682.6,26687.7,26674,26687.6,201.791,5383569.9672
1686076740000,26687.6,26714.1,26687.6,26714.1,124.282,3318733.1297
1686076800000,26714.1,26727.2,26704,26727.2,224.644,6001636.4326
1686076860000,26727.2,26730,26712.2,26716.1,100.103,2675070.8775
1686076920000,26716.1,26719.1,26712,26712,36.001,961729.4635
1686076980000,26712,26715.3,26710.4,26715.1,39.985,1068148.4235
1686077040000,26715.1,26715.3,26715,26715.3,11.759,314143.1099
1686077100000,26715.3,26720,26695,26720,93.37,2494067.716
1686077160000,26720,26726.7,26708.2,26708.2,85.016,2271388.4219
1686077220000,26708.2,26723.9,26708.2,26723.9,53.409,1427067.7917
1686077280000,26723.9,26727.7,26712.3,26712.3,29.87,798179.8594
1686077340000,26712.3,26714.7,26701.7,26701.7,61.211,1634819.8882
1686077400000,26701.7,26706.1,26691.8,26691.8,120.643,3221028.6866
1686077460000,26691.8,26707.9,26691.8,26696.4,44.483,1187610.5225
1686077520000,26696.4,26697,26691.1,26691.1,62.675,1673129.574
1686077580000,26691.1,26691.2,26680.1,26687.4,51.733,1380596.5014
1686077640000,26687.4,26687.5,26661.1,26669.2,108.138,2884077.7617
1686077700000,26669.2,26687.2,26665.2,26685,39.196,1045491.2242
1686077760000,26685,26697,26685,26696.9,24.924,665263.3624
1686077820000,26696.9,26697,26695,26695,16.086,429427.2065
1686077880000,26695,26698.4,26688.9,26688.9,61.81,1650013.3122
1686077940000,26688.9,26689,26684.1,26684.1,21.112,563414.0069
1686078000000,26684.1,26700,26684.1,26700,27.206,726266.5693
1686078060000,26700,26703.8,26699.9,26703.7,21.144,564590.8384
1686078120000,26703.7,26710,26703.7,26703.7,68.244,1822682.3925
1686078180000,26703.7,26703.8,26694.1,26699.9,32.67,872285.1105
1686078240000,26699.9,26700,26699.9,26699.9,6.751,180251.3282
1686078300000,26699.9,26708.7,26675.2,26679.6,49.941,1333157.2704
1686078360000,26679.6,26688.8,26679.5,26686.5,32.313,862262.0229
1686078420000,26686.5,26699.3,26686.5,26699.1,53.117,1418066.3689
1686078480000,26699.1,26706.7,26699,26702.7,36.446,973184.9506
1686078540000,26702.7,26702.8,26691.9,26692.1,22.916,611783.3757
1686078600000,26692.1,26704.2,26692.1,26704.2,15.291,408242.5423
1686078660000,26704.2,26716.3,26704.1,26716.2,46.586,1244256.1092
1686078720000,26716.2,26726,26713.3,26713.3,74.017,1977758.5699
1686078780000,26713.3,26718.3,26713.3,26718.2,13.578,362768.3236
1686078840000,26718.2,26720.2,26718.2,26720.1,31.384,838550.1263
1686078900000,26720.1,26723.9,26709.5,26723.8,104.599,2794774.2258
1686078960000,26723.8,26731.3,26720,26722.1,122.053,3262225.4904
1686079020000,26722.1,26722.1,26713.9,26719.4,112.695,3011142.7575
1686079080000,26719.4,26719.4,26711,26711,21.239,567407.7644
1686079140000,26711,26711.1,26710.9,26711,17.202,459482.8138
1686079200000,26711,26724,26710.9,26724,70.172,1874912.4308
1686079260000,26724,26739.1,26723.9,26739,66.026,1765263.2879
1686079320000,26739,26749.9,26739,26748.6,104.668,2799349.8403
1686079380000,26748.6,26769.5,26748.6,26769.1,127.022,3399042.2483
1686079440000,26769.1,26971.8,26769.1,26874.6,5742.387,154336036.8571
1686079500000,26874.6,26921,26857,26879.9,825.894,22201475.7034
1686079560000,26879.9,26879.9,26850.2,26850.3,363.518,9765310.0943
1686079620000,26850.3,26890,26845.5,26885.4,212.564,5711790.7692
1686079680000,26885.4,26974.3,26881.1,26935.7,692.794,18658662.8932
1686079740000,26935.7,26965.8,26902.2,26904.1,471.525,12697545.9709
1686079800000,26904.1,26932.9,26902.9,26918.6,370.027,9959786.8753
1686079860000,26918.6,26949.5,26918.5,26943.9,340.668,9176091.7985
1686079920000,26943.9,26946.7,26909,26912.4,285.973,7701562.2494
1686079980000,26912.4,26912.5,26865.9,26875.2,316.114,8497894.1031
1686080040000,26875.2,26896.3,26862,26862,279.336,7506330.529
1686080100000,26862,26891.7,26862,26891.6,182.59,4907919.0733
1686080160000,26891.6,26919.8,26891.6,26913,201.3,5416806.7787
1686080220000,26913,26926.5,26890,26890.1,199.348,5365138.12
1686080280000,26890.1,26910.3,26890.1,26900.1,65.727,1768296.9985
1686080340000,26900.1,26910.3,26860.5,26881.3,374.269,10062615.1023
1686080400000,26881.3,26893.9,26864.5,26870.1,237.312,6378474.0198
1686080460000,26870.1,26894,26869.7,26887.2,162.4,4365676.8416
1686080520000,26887.2,26927.7,26887.2,26927.7,131.051,3526528.0307
1686080580000,26927.7,26933,26914.6,26914.6,85.971,2314892.8007
1686080640000,26914.6,26917,26900,26906,150.39,4046813.6285
1686080700000,26906,26941.6,26902.3,26937.9,152.12,4095211.3727
1686080760000,26937.9,27034,26907.6,26907.6,1572.978,42444805.3825
1686080820000,26907.6,26917.3,26881.5,26917.3,421.656,11340453.6854
1686080880000,26917.3,26928.4,26900.4,26926.4,178.613,4807621.5043
1686080940000,26926.4,26963.2,26925.7,26947.6,166.643,4490325.7833
1686081000000,26947.6,27000,26944.2,26975.7,429.102,11574610.7897
1686081060000,26975.7,27093.8,26975.7,27053.1,1559.334,42176822.4902
1686081120000,27053.1,27187.5,27033,27122,3197.919,86761417.9193
1686081180000,27122,27213.9,27118.3,27153.1,1639.794,44564598.6266
1686081240000,27153.1,27174,27113.3,27150.9,587.445,15943412.4613
1686081300000,27150.9,27173.9,27104.6,27104.7,479.083,13003730.4186
1686081360000,27104.7,27147.9,27104.6,27142.9,333,9031074.727
1686081420000,27142.9,27163.2,27121.8,27121.8,267.738,7267233.651
1686081480000,27121.8,27129,27110,27123.3,199.431,5407985.6436
1686081540000,27123.3,27137.8,27070.2,27070.2,382.837,10376077.2245
1686081600000,27070.2,27130,27070.1,27126.3,275.983,7482146.5452
1686081660000,27126.3,27138.1,27111.8,27115.2,247.464,6712213.9213
1686081720000,27115.2,27118.5,27070.4,27071.2,358.922,9721410.1165
1686081780000,27071.2,27071.3,27047.7,27050.2,260.295,7042520.7284
1686081840000,27050.2,27070,27043.9,27062.5,199.988,5410875.8503
1686081900000,27062.5,27125.5,27062.5,27115.7,330.464,8955058.6284
1686081960000,27115.7,27174.4,27115.6,27169.4,562.394,15265355.6566
1686082020000,27169.4,27169.5,27121.7,27125.2,223.06,6053846.1441
1686082080000,27125.2,27149.9,27123.2,27123.2,372.871,10119145.3491
1686082140000,27123.2,27134.6,27123,27123.1,118.978,3227421.0134
1686082200000,27123.1,27169.9,27123.1,27145,182.677,4959877.645
1686082260000,27145,27170,27141.9,27142.9,106.509,2892079.0501
1686082320000,27142.9,27154.7,27136,27136,83.497,2266381.3517
1686082380000,27136,27144.5,27125.7,27125.7,117,3174918.3943
1686082440000,27125.7,27158,27125.7,27142.1,133.328,3619089.7158
1686082500000,27142.1,27207.5,27130.4,27134.2,1131.126,30744047.6284
1686082560000,27134.2,27145.1,27125,27125,155.613,4222080.8462
1686082620000,27125,27125,27090,27090,200.757,5442372.2793
1686082680000,27090,27115.2,27075.5,27076.9,193.17,5233282.9546
1686082740000,27076.9,27080.2,27050,27050,500.121,13534312.3672
1686082800000,27050,27081,27038.3,27058.2,285.606,7728610.7823
1686082860000,27058.2,27059.9,27022,27034,386.116,10440005.0319
1686082920000,27034,27059.4,27029.6,27038.1,164.54,4449191.3161
1686082980000,27038.1,27039,26885.3,26894.5,1671.893,45055620.1304
1686083040000,26894.5,26954.7,26876.8,26950.7,1300.703,35008845.4401
1686083100000,26950.7,26997.1,26940.9,26992.1,318.707,8595371.243
1686083160000,26992.1,26992.1,26959,26985,162.281,4377318.5477
1686083220000,26985,26999.9,26968.2,26989.8,203.28,5485539.4475
1686083280000,26989.8,27000,26979.5,26997.7,148.033,3995316.0638
1686083340000,26997.7,27010.8,26980.7,26984.5,178.952,4831699.8769
1686083400000,26984.5,27002.4,26980.7,26994.9,71.487,1929502.3857
1686083460000,26994.9,26995,26954.5,26965.9,189.917,5123106.8398
1686083520000,26965.9,26969.9,26919.3,26932.2,432.935,11661371.7922
1686083580000,26932.2,26960.7,26928.5,26940,122.761,3307764.0506
1686083640000,26940,26945.1,26932.8,26935.4,91.868,2474813.1062
1686083700000,26935.4,26955.5,26935.4,26955,224.632,6053162.6751
1686083760000,26955,26992.7,26951.2,26988.9,141.47,3816970.5764
1686083820000,26988.9,26988.9,26959.8,26975.9,135.007,3642512.4644
1686083880000,26975.9,26975.9,26945.5,26955.2,68.57,1848500.2161
1686083940000,26955.2,26961.8,26947.9,26950.3,44.509,1199722.6423
1686084000000,26950.3,26958.4,26914.2,26919.9,402.49,10839146.1382
1686084060000,26919.9,26936.9,26916.5,26919.2,90.052,2424687.1547
1686084120000,26919.2,26931.6,26909.4,26919.9,133.668,3598328.5643
1686084180000,26919.9,26930,26905.6,26919.9,89.236,2401978.089
1686084240000,26919.9,26947.2,26914,26930.1,168.63,4541662.6988
1686084300000,26930.1,26969.8,26918.8,26969.7,155.15,4182489.5215
1686084360000,26969.7,26978,26948.4,26977.9,273.381,7370542.3552
1686084420000,26977.9,26984.3,26965.2,26966.6,66.821,1802687.4356
1686084480000,26966.6,26970.3,26949.9,26949.9,55.642,1500143.8281
1686084540000,26949.9,26956.2,26949.9,26950.8,29.304,789777.9661
1686084600000,26950.8,26975.3,26950.8,26975.2,82.18,2216427.0466
1686084660000,26975.2,26975.8,26964.5,26964.5,82.351,2220937.0229
1686084720000,26964.5,26964.5,26946,26949.9,28.12,757881.9977
1686084780000,26949.9,26960.6,26949.3,26960.6,43.181,1163828.3153
1686084840000,26960.6,26960.6,26956,26959.9,29.962,807736.0892
1686084900000,26959.9,26973.8,26952.9,26952.9,112.419,3030948.5553
1686084960000,26952.9,26959.6,26950.9,26956.9,15.481,417292.2428
1686085020000,26956.9,26957,26950.4,26950.4,51.261,1381557.3714
1686085080000,26950.4,26956.6,26942.5,26942.5,41.769,1125693.6936
1686085140000,26942.5,26942.6,26925.4,26925.5,133.56,3597338.6171
1686085200000,26925.5,26969,26925.4,26969,117.562,3169064.3915
1686085260000,26969,26969,26949,26959.5,49.057,1322631.3581
1686085320000,26959.5,26979.4,26950.8,26979.4,101.765,2744356.8373
1686085380000,26979.4,26988,26970.5,26987.9,80.353,2167828.3543
1686085440000,26987.9,26990,26983.3,26983.3,65.861,1777442.0296
1686085500000,26983.3,27019.9,26982.1,26982.1,266.778,7203605.3124
1686085560000,26982.1,26998.1,26980,26980,84.124,2270516.7852
1686085620000,26980,26997.2,26980,26989.1,78.095,2107836.6546
1686085680000,26989.1,26989.2,26964.3,26977.8,56.941,1535896.0249
1686085740000,26977.8,26977.9,26965,26966,91.504,2468187.9347
1686085800000,26966,26980,26965,26980,29.381,792554.4023
1686085860000,26980,27000,26979.9,26999.6,79.299,2140664.6668
1686085920000,26999.6,27023.7,26999.6,27014.5,115.437,3118425.0377
1686085980000,27014.5,27062.1,27011.7,27048,361.2,9766793.194
1686086040000,27048,27048,27025.7,27035.1,102.46,2769893.8856
1686086100000,27035.1,27041.3,27015.7,27015.8,56.755,1534069.966
1686086160000,27015.8,27024.4,27015.1,27015.1,26.243,709031.3351
1686086220000,27015.1,27026,27015.1,27016.1,53.861,1455267.9518
1686086280000,27016.1,27025.3,27015.1,27015.2,51.039,1378940.5643
1686086340000,27015.2,27015.2,26999.9,26999.9,124.659,3366558.3195
1686086400000,26999.9,27006.1,26993.5,27003.6,41.507,1120638.2058
1686086460000,27003.6,27006.5,27001.5,27001.5,33.004,891247.0033
1686086520000,27001.5,27001.5,26985,26986,39.306,1060875.1763
1686086580000,26986,26994.6,26980.5,26994.6,61.144,1650099.3462
1686086640000,26994.6,27000.6,26992.7,26998,34.185,922880.4487
1686086700000,26998,27006.4,26994,27006.4,67.311,1817566.2798
1686086760000,27006.4,27006.4,27002.7,27005,12.446,336111.4618
1686086820000,27005,27005.1,26995.8,26996,46.157,1246204.7429
1686086880000,26996,26996.8,26994.1,26994.1,6.927,186996.1574
1686086940000,26994.1,26994.3,26992.4,26994.2,12.681,342312.0896
1686087000000,26994.2,26994.3,26984.8,26984.9,37.103,1001392.283
1686087060000,26984.9,26984.9,26964.7,26964.7,84.273,2273279.0017
1686087120000,26964.7,26964.8,26952.3,26952.3,190.313,5130383.067
1686087180000,26952.3,26957.5,26950,26956.2,78.381,2112538.5615
1686087240000,26956.2,26956.2,26938.2,26939.5,181.325,4885480.3818
1686087300000,26939.5,26944.9,26933,26944.9,54.86,1477795.1319
1686087360000,26944.9,26948.6,26941.7,26943.6,26.289,708341.3534
1686087420000,26943.6,26954.9,26943.6,26954.8,27.693,746267.1596
1686087480000,26954.8,26960,26954.8,26959.9,15.64,421604.5703
1686087540000,26959.9,26966,26959.9,26966,13.195,355799.8184
1686087600000,26966,26995,26965.9,26995,66.842,1803612.4315
1686087660000,26995,27020,26994.9,27020,84.624,2285178.5556
1686087720000,27020,27040.3,27006.6,27006.6,145.757,3939863.8219
1686087780000,27006.6,27018.6,26998.9,27018.6,35.353,954624.7706
1686087840000,27018.6,27030,27018.6,27029.9,45.407,1227134.1604
1686087900000,27029.9,27029.9,27009.3,27009.4,60.548,1635657.6138
1686087960000,27009.4,27042.4,27009.4,27042.3,82.863,2239150.8765
1686088020000,27042.3,27042.4,27025.9,27025.9,28.989,783763.1065
1686088080000,27025.9,27025.9,27017.5,27017.5,37.513,1013665.7413
1686088140000,27017.5,27017.5,27008.6,27009.1,21.433,578935.4403
1686088200000,27009.1,27015.3,27004.6,27015.3,24.312,656629.2474
1686088260000,27015.3,27034,27015.2,27034,21.681,586007.7991
1686088320000,27034,27037.9,27034,27037.9,56.296,1522040.73
1686088380000,27037.9,27073.6,27037.9,27064.6,191.043,5169582.9275
1686088440000,27064.6,27064.6,27058.6,27059.6,52.389,1417736.1811
1686088500000,27059.6,27085.5,27059.6,27062.6,146.962,3978623.4494
1686088560000,27062.6,27062.6,27009.8,27013,187.124,5057855.7134
1686088620000,27013,27045.4,27011.4,27045.4,57.842,1563056.6821
1686088680000,27045.4,27045.4,27020,27020.1,26.318,711539.8585
1686088740000,27020.1,27046.3,27020.1,27046.3,26.784,724095.5757
1686088800000,27046.3,27057.4,27042.9,27042.9,45.913,1241944.9943
1686088860000,27042.9,27060,27041.3,27053.7,33.409,903622.4342
1686088920000,27053.7,27077.1,27053.6,27068.3,108.321,2932371.962
1686088980000,27068.3,27076.4,27061.3,27069.5,49.303,1334551.1837
1686089040000,27069.5,27071.5,27050.1,27050.1,27.766,751359.4341
1686089100000,27050.1,27050.8,27037.1,27042.8,53.1,1435916.8288
1686089160000,27042.8,27045,27039.4,27039.5,14.978,405047.5166
1686089220000,27039.5,27039.5,27037.1,27037.2,21.137,571513.7382
1686089280000,27037.2,27050.4,27037.1,27040.7,39.876,1078343.6283
1686089340000,27040.7,27040.7,27038,27038,16.754,453000.6963
1686089400000,27038,27052.9,27038,27048.9,37.043,1001843.626
1686089460000,27048.9,27050.6,27048.8,27050.5,18.807,508731.5921
1686089520000,27050.5,27052.8,27048.8,27048.8,34.917,944528.1079
1686089580000,27048.8,27048.9,27048.8,27048.9,4.023,108817.3755
1686089640000,27048.9,27066.2,27048.8,27063.4,58.947,1595168.5084
1686089700000,27063.4,27063.5,27055,27055,100.213,2711963.8711
1686089760000,27055,27055.1,27055,27055,15.489,419054.992
1686089820000,27055,27055.1,27052.7,27052.7,23.02,622803.9629
1686089880000,27052.7,27055.1,27050,27050,145.851,3945476.2218
1686089940000,27050,27050.1,27050,27050,6.79,183669.617
1686090000000,27050,27061.6,27050,27058.7,37.033,1002022.1238
1686090060000,27058.7,27058.8,27052.4,27052.4,15.214,411666.742
1686090120000,27052.4,27052.5,27050,27050,32.014,866035.72
1686090180000,27050,27050.1,27040.9,27040.9,20.425,552377.1981
1686090240000,27040.9,27040.9,27037,27037,28.909,781677.2477
1686090300000,27037,27054.4,27037,27044.5,28.485,770280.2675
1686090360000,27044.5,27050.3,27044.5,27050.2,11.596,313662.1984
1686090420000,27050.2,27050.3,27044.4,27044.4,19.092,516401.0643
1686090480000,27044.4,27046.9,27041.5,27041.5,11.93,322651.1497
1686090540000,27041.5,27041.6,27039.9,27041.1,20.169,545395.1185
1686090600000,27041.1,27063.7,27041.1,27063.7,65.195,1763606.6559
1686090660000,27063.7,27063.7,27063.6,27063.7,13.057,353370.2016
1686090720000,27063.7,27077.4,27063.6,27077.3,88.88,2405944.2655
1686090780000,27077.3,27108.9,27077.3,27088.1,304.102,8239605.9423
1686090840000,27088.1,27117,27088,27116.9,231.744,6281949.3532
1686090900000,27116.9,27117,27103.3,27103.4,63.281,1715600.7606
1686090960000,27103.4,27109.5,27097.9,27097.9,37.524,1017081.5499
1686091020000,27097.9,27111.7,27097.9,27109.1,44.764,1213258.668
1686091080000,27109.1,27109.2,27100.6,27102.8,36.808,997701.5799
1686091140000,27102.8,27102.8,27098.7,27098.8,26.048,705949.7283
1686091200000,27098.8,27098.8,27091.3,27092.5,43.778,1186041.2176
1686091260000,27092.5,27112.4,27092.4,27103.7,120.151,3256714.8348
1686091320000,27103.7,27111.9,27103.7,27111.8,38.949,1055825.1424
1686091380000,27111.8,27111.9,27103.9,27106.4,44.444,1204829.2247
1686091440000,27106.4,27110,27106.4,27109.9,26.935,730129.6643
1686091500000,27109.9,27110.7,27106.8,27109.4,46.752,1267404.0054
1686091560000,27109.4,27109.4,27100.2,27100.3,31.955,866186.3885
1686091620000,27100.3,27101.9,27100.2,27101.9,16.58,449323.8751
1686091680000,27101.9,27109.2,27101.9,27109.1,42.101,1141302.2696
1686091740000,27109.1,27109.2,27109.1,27109.2,17.838,483573.3172
1686091800000,27109.2,27109.2,27105,27105,59.107,1602173.9985
1686091860000,27105,27109.2,27105,27109.1,22.186,601415.6735
1686091920000,27109.1,27166.7,27109.1,27154.3,620.515,16839517.7525
1686091980000,27154.3,27156.7,27135.6,27136.1,113.665,3085557.6321
1686092040000,27136.1,27152.8,27136.1,27150.6,66.711,1810986.8997
1686092100000,27150.6,27177.6,27150.6,27169.3,152.183,4134905.4959
1686092160000,27169.3,27181,27155.8,27157.9,92.258,2506728.6528
1686092220000,27157.9,27169.9,27156.1,27158.4,65.735,1785551.9855
1686092280000,27158.4,27166,27158.3,27162.6,21.499,583976.5557
1686092340000,27162.6,27162.7,27141,27141,54.274,1473620.9209
1686092400000,27141,27172.7,27136.3,27172.7,64.679,1755819.8271
1686092460000,27172.7,27175,27149.7,27149.7,47.051,1278159.6791
1686092520000,27149.7,27153.8,27141.3,27141.9,77.933,2115467.8293
1686092580000,27141.9,27142,27135,27135,34.98,949318.8271
1686092640000,27135,27136.5,27130,27130,36.695,995625.3174
1686092700000,27130,27148,27126,27148,59.112,1603961.2351
1686092760000,27148,27163.6,27137.6,27137.6,78.377,2127995.0927
1686092820000,27137.6,27137.7,27123.5,27123.6,75.457,2046982.5174
1686092880000,27123.6,27123.6,27110.1,27110.2,48.316,1310063.1894
1686092940000,27110.2,27125.6,27110.1,27118.9,80.862,2192645.8045
1686093000000,27118.9,27130,27118.9,27130,8.287,224775.2221
1686093060000,27130,27150,27130,27133.1,45.725,1240965.4005
1686093120000,27133.1,27144,27133.1,27136.3,48.708,1321903.3248
1686093180000,27136.3,27136.4,27123.5,27123.5,60.792,1649497.0443
1686093240000,27123.5,27128.1,27123.5,27128,11.924,323458.8002
1686093300000,27128,27145.5,27127.9,27137.3,109.139,2961091.278
1686093360000,27137.3,27138.5,27137.2,27138.5,11.719,318024.9837
1686093420000,27138.5,27165.6,27131.7,27158.9,180.624,4904621.4764
1686093480000,27158.9,27158.9,27137.7,27142.1,77.738,2110346.3141
1686093540000,27142.1,27142.2,27142.1,27142.2,7.838,212739.9837
1686093600000,27142.2,27164.5,27142.1,27159.6,69.004,1873762.2543
1686093660000,27159.6,27180.1,27159.5,27177.4,98.711,2682292.8793
1686093720000,27177.4,27180.8,27176,27176.1,60.469,1643392.2714
1686093780000,27176.1,27187.7,27170.4,27187.6,86.712,2356665.235
1686093840000,27187.6,27219,27175.1,27179.1,618.659,16828263.3472
1686093900000,27179.1,27200,27179,27189.1,99.152,2695834.0491
1686093960000,27189.1,27284.8,27189,27284.8,1623.624,44240122.1486
1686094020000,27284.8,27290,27245.9,27270.7,696.415,18997561.1318
1686094080000,27270.7,27333.3,27268.2,27324.9,1097.533,29967693.6961
1686094140000,27324.9,27356.7,27275.1,27284.9,727.305,19873243.4566
1686094200000,27284.9,27292.4,27248,27248.5,281.389,7673181.7998
1686094260000,27248.5,27249,27218.2,27229.9,175.083,4768039.6058
1686094320000,27229.9,27236,27218.1,27220,167.211,4552188.7315
1686094380000,27220,27237.8,27213.9,27213.9,155.484,4233338.6942
1686094440000,27213.9,27217,27205,27205,111.762,3041181.4592
1686094500000,27205,27208.2,27183.5,27183.6,198.616,5401767.0634
1686094560000,27183.6,27205,27153.5,27163.9,363.904,9889690.4151
1686094620000,27163.9,27176.9,27156.5,27163.9,210.35,5713429.7791
1686094680000,27163.9,27173.5,27138,27145,233.925,6350653.527
1686094740000,27145,27155,27134.9,27155,199.665,5419515.3628
1686094800000,27155,27179.9,27154.9,27167.3,63.919,1736801.9599
1686094860000,27167.3,27191.6,27167.3,27174.2,170.968,4647137.3155
1686094920000,27174.2,27174.2,27173.4,27173.4,32.038,870590.8751
1686094980000,27173.4,27188.9,27160.5,27160.6,85.781,2331109.7324
1686095040000,27160.6,27180.6,27160.5,27172.1,79.362,2156559.7933
1686095100000,27172.1,27191,27172,27190.9,126.703,3444042.7193
1686095160000,27190.9,27191.6,27168.6,27168.6,64.836,1762497.1269
1686095220000,27168.6,27183,27168.6,27180.5,32.337,878811.7432
1686095280000,27180.5,27180.6,27169.5,27169.5,35.851,974294.1548
1686095340000,27169.5,27175,27169.5,27174.9,16.852,457889.6018
1686095400000,27174.9,27210.9,27174.9,27210.9,130.184,3540521.1331
1686095460000,27210.9,27212.7,27181,27184.5,137.296,3734149.8902
1686095520000,27184.5,27199.7,27184.4,27195.6,52.741,1434338.5692
1686095580000,27195.6,27195.7,27184.1,27184.1,70.568,1918763.0212
1686095640000,27184.1,27188.3,27177.3,27188.2,28.405,772068.5345
1686095700000,27188.2,27221,27187.2,27208.5,98.006,2666517.9879
1686095760000,27208.5,27237.7,27208.4,27237.6,98.258,2675117.9749
1686095820000,27237.6,27237.7,27214,27215.5,104.831,2854244.4518
1686095880000,27215.5,27217.9,27212.6,27212.6,63.82,1736995.8129
1686095940000,27212.6,27217,27209.7,27216.9,33.317,906670.6135
1686096000000,27216.9,27236.5,27216.9,27223.9,100.381,2733098.7797
1686096060000,27223.9,27223.9,27178.2,27178.3,197.957,5382755.2949
1686096120000,27178.3,27179.1,27169.5,27179,170.025,4620356.8392
1686096180000,27179,27179.5,27175,27179.5,34.811,946023.7337
1686096240000,27179.5,27197.5,27179.5,27184.9,96.562,2625479.9423
1686096300000,27184.9,27220.5,27184.8,27220.5,100.24,2726287.191
1686096360000,27220.5,27248.5,27220.5,27248.4,139.933,3811839.0506
1686096420000,27248.4,27267,27228.3,27267,443.966,12097493.8782
1686096480000,27267,27267,27241.2,27249.1,175.194,4775569.078
1686096540000,27249.1,27249.1,27229.3,27233,54.776,1492176.7048
1686096600000,27233,27233,27185,27193.3,210.145,5715321.5745
1686096660000,27193.3,27225.3,27191.5,27221.6,56.846,1546808.2136
1686096720000,27221.6,27238.7,27211.4,27238.6,53.403,1453914.3749
1686096780000,27238.6,27238.7,27225,27225,31.884,868310.3591
1686096840000,27225,27225.1,27213.2,27220,33.703,917388.6042
1686096900000,27220,27227.6,27210.5,27210.5,55.903,1521813.5931
1686096960000,27210.5,27215.4,27199.4,27199.5,85.745,2332628.8858
1686097020000,27199.5,27201.8,27169,27169,94.333,2564106.8238
1686097080000,27169,27174,27166.5,27166.5,58.945,1601550.0558
1686097140000,27166.5,27166.6,27152,27157.7,82.066,2228816.8853
1686097200000,27157.7,27179.8,27154.4,27174.3,40.956,1112849.4659
1686097260000,27174.3,27184,27174.3,27175,18.859,512597.3256
1686097320000,27175,27189.4,27175,27184,27.981,760671.9424
1686097380000,27184,27199.3,27184,27199.2,46.085,1253210.2303
1686097440000,27199.2,27211.5,27199.2,27204.9,26.962,733490.0394
1686097500000,27204.9,27235.6,27204.9,27210.4,140.209,3816644.6634
1686097560000,27210.4,27211.5,27197,27198.7,53.313,1450264.7335
1686097620000,27198.7,27199.1,27188,27189.5,26.192,712296.0474
1686097680000,27189.5,27190.2,27187,27189.4,44.647,1213901.3327
1686097740000,27189.4,27208.6,27189.4,27194.4,25.213,685699.3849
1686097800000,27194.4,27201.3,27193.4,27193.4,4.599,125081.62
1686097860000,27193.4,27193.4,27182.8,27182.8,24.974,678994.0266
1686097920000,27182.8,27188.6,27182.8,27182.8,10.462,284400.3767
1686097980000,27182.8,27191.2,27182.2,27190.3,18.989,516239.0653
1686098040000,27190.3,27198,27190.3,27197.9,49.846,1355428.6825
1686098100000,27197.9,27237.1,27197.9,27233.4,94.127,2562244.2861
1686098160000,27233.4,27246.1,27232.3,27246,69.053,1880756.1511
1686098220000,27246,27268.9,27235.9,27236.1,111.455,3037846.5488
1686098280000,27236.1,27249.7,27236.1,27237,35.975,980177.6427
1686098340000,27237,27237,27222.4,27232,69.483,1891921.8203
1686098400000,27232,27260,27232,27255.1,83.423,2273558.7933
1686098460000,27255.1,27284.3,27255,27278.7,154.326,4208978.9221
1686098520000,27278.7,27284.9,27266.9,27270.9,69.953,1908050.4347
1686098580000,27270.9,27275,27264.5,27267,31.357,855067.7445
1686098640000,27267,27306.1,27266.9,27300.6,194.038,5296116.1049
1686098700000,27300.6,27397,27300.5,27372.3,1042.085,28504957.1956
1686098760000,27372.3,27378.3,27295.8,27303.7,760.954,20801577.8597
1686098820000,27303.7,27321.9,27267.3,27267.3,235.157,6416717.4247
1686098880000,27267.3,27267.4,27246.1,27250.5,223.922,6102485.4581
1686098940000,27250.5,27250.6,27227.6,27228.5,275.122,7493223.9413
1686099000000,27228.5,27233.4,27222,27233.4,52.64,1433229.0765
1686099060000,27233.4,27233.4,27211,27213.1,55.655,1514907.8127
1686099120000,27213.1,27215.1,27190.4,27190.9,111.516,3033150.7569
1686099180000,27190.9,27203.4,27185.9,27192.9,146.15,3974835.7684
1686099240000,27192.9,27210,27192.8,27209.9,59.624,1621921.3732
1686099300000,27209.9,27209.9,27196,27196,46.011,1251756.9129
1686099360000,27196,27205.9,27185,27185.1,94.695,2574926.1725
1686099420000,27185.1,27197.1,27174.5,27174.5,94.296,2563489.3253
1686099480000,27174.5,27185.3,27167.2,27184.1,103.047,2800304.5596
1686099540000,27184.1,27185.6,27168,27170.3,147.845,4017996.4941
1686099600000,27170.3,27199,27169.8,27184.4,150.138,4081777.4808
1686099660000,27184.4,27197,27171.9,27189.7,100.455,2730615.7247
1686099720000,27189.7,27209.1,27187.7,27208.5,71.374,1941353.6536
1686099780000,27208.5,27208.5,27153.7,27153.7,139.563,3792522.0115
1686099840000,27153.7,27157.4,27145.4,27155.5,138.014,3747368.1696
1686099900000,27155.5,27173.3,27155.4,27165.9,58.602,1591908.2165
1686099960000,27165.9,27174.9,27162.2,27163,40.051,1088156.1867
1686100020000,27163,27164,27150,27150.9,23.804,646359.1891
1686100080000,27150.9,27154,27143.1,27145.1,42.996,1167288.2479
1686100140000,27145.1,27145.1,27130.4,27131.2,153.019,4152311.1888
1686100200000,27131.2,27159.3,27131.2,27153.7,80.109,2174861.6823
1686100260000,27153.7,27153.7,27141.1,27141.1,32.957,894687.0618
1686100320000,27141.1,27141.2,27120.2,27121.1,105.627,2865754.7469
1686100380000,27121.1,27129,27105.1,27107.7,243.98,6615358.0435
1686100440000,27107.7,27125,27092.8,27115.7,271.767,7366313.1093
1686100500000,27115.7,27133.3,27111.5,27133.3,78.014,2116006.533
1686100560000,27133.3,27145.1,27122,27144.4,120.111,3259192.9913
1686100620000,27144.4,27144.5,27117.4,27130.3,130.466,3540038.5687
1686100680000,27130.3,27130.3,27115.4,27118.9,22.235,603015.1632
1686100740000,27118.9,27119,27095.3,27105.1,153.884,4170337.381
1686100800000,27105.1,27110.4,27071,27105.9,234.586,6354975.022
1686100860000,27105.9,27115.2,27100.1,27100.1,124.736,3381356.2087
1686100920000,27100.1,27100.1,27069.5,27075,155.246,4204123.8412
1686100980000,27075,27089.9,27055.3,27058,90.371,2446484.253
1686101040000,27058,27068.8,27054.2,27063.8,78.689,2129290.2565
1686101100000,27063.8,27073.5,27061.3,27065.1,53.111,1437610.3957
1686101160000,27065.1,27093.4,27065.1,27084.2,90.231,2443870.0147
1686101220000,27084.2,27086.4,27055.8,27062.8,72.617,1965538.8022
1686101280000,27062.8,27080.6,27062.7,27080.6,19.358,524068.8954
1686101340000,27080.6,27096.8,27072.5,27093,72.664,1968000.8009
1686101400000,27093,27093,27071.1,27071.1,38.646,1046580.1607
1686101460000,27071.1,27095.4,27069.4,27095.4,59.859,1620935.5629
1686101520000,27095.4,27097.5,27086,27086,42.435,1149608.4215
1686101580000,27086,27086,27072.1,27072.1,39.842,1078988.2617
1686101640000,27072.1,27078.1,27066.7,27078.1,40.213,1088642.227
1686101700000,27078.1,27096.7,27078.1,27090.5,71.841,1946022.25
1686101760000,27090.5,27090.6,27060.7,27060.8,67.098,1816549.5136
1686101820000,27060.8,27065.4,27050.3,27062.6,38.187,1033178.7403
1686101880000,27062.6,27075.2,27054.5,27071.4,50.909,1377964.7169
1686101940000,27071.4,27082.5,27068.7,27082.4,49.092,1329325.1357
1686102000000,27082.4,27087.6,27078.8,27080.1,60.775,1645879.6778
1686102060000,27080.1,27089.5,27080,27087,29.896,809745.0493
1686102120000,27087,27114.5,27087,27104.1,125.279,3395813.9642
1686102180000,27104.1,27112.5,27089.6,27108.5,67.815,1837823.6435
1686102240000,27108.5,27111.6,27108.5,27110.9,14.925,404604.6488
1686102300000,27110.9,27111,27091.5,27091.5,63.056,1708880.5056
1686102360000,27091.5,27091.6,27080,27080,12.431,336703.8444
1686102420000,27080,27080.1,27071.7,27071.7,18.125,490772.1396
1686102480000,27071.7,27072.4,27067.5,27072.3,24.384,660069.4097
1686102540000,27072.3,27074.6,27072.3,27074.6,9.209,249318.9805
1686102600000,27074.6,27086.6,27074.5,27086.5,21.661,586630.6125
1686102660000,27086.5,27086.6,27080,27080,21.425,580276.5514
1686102720000,27080,27083.3,27080,27083.3,4.242,114886.0795
1686102780000,27083.3,27083.3,27075.4,27076.9,16.189,438338.1269
1686102840000,27076.9,27076.9,27074.1,27074.2,4.296,116311.5065
1686102900000,27074.2,27086.4,27074.1,27085.8,53.631,1452216.9724
1686102960000,27085.8,27100,27084.9,27094.8,23.803,644823.2823
1686103020000,27094.8,27100.7,27093.6,27100.7,39.245,1063509.5414
1686103080000,27100.7,27100.7,27080.7,27080.7,19.429,526325.0334
1686103140000,27080.7,27080.8,27075,27075.1,9.344,253002.5796
1686103200000,27075.1,27084.1,27075,27075.1,17.735,480266.9624
1686103260000,27075.1,27075.1,27053.2,27053.2,81.775,2213490.617
1686103320000,27053.2,27059.5,27038,27050.3,195.102,5277045.663
1686103380000,27050.3,27056.2,27041.8,27041.8,84.448,2284183.0825
1686103440000,27041.8,27062.7,27040,27060.6,43.651,1180834.8411
1686103500000,27060.6,27066,27057.9,27062,28.994,784625.2461
1686103560000,27062,27062.5,27051.3,27051.3,15.606,422275.9816
1686103620000,27051.3,27051.3,27034,27041.1,58.776,1589094.2754
1686103680000,27041.1,27065.4,27041,27064.2,42.912,1161085.8612
1686103740000,27064.2,27064.2,27054.1,27059.3,30.25,818584.7637
1686103800000,27059.3,27059.4,27050,27050,17.915,484704.9786
1686103860000,27050,27050.1,27014.9,27023.3,202.464,5471883.8065
1686103920000,27023.3,27035.1,27022.6,27034.3,50.795,1372796.5108
1686103980000,27034.3,27034.4,27018.3,27018.3,61.87,1672068.0093
1686104040000,27018.3,27023.3,27015.6,27020.1,41.866,1131199.4848
1686104100000,27020.1,27027.8,27015.4,27016.6,33.507,905364.1865
1686104160000,27016.6,27016.6,26980,26986.9,341.328,9214684.7093
1686104220000,26986.9,27006.2,26981.5,27006.2,75.267,2031784.3758
1686104280000,27006.2,27016.9,27003.3,27006.3,53.021,1432077.3822
1686104340000,27006.3,27006.4,27003.1,27004.8,36.454,984445.5531
1686104400000,27004.8,27017,26992.9,26993,77.787,2100632.9393
1686104460000,26993,26993.6,26961,26973.4,216.004,5826682.0115
1686104520000,26973.4,27000,26967.2,26999,129.747,3500146.6255
1686104580000,26999,26999,26976.1,26976.1,34.078,919613.2875
1686104640000,26976.1,26979,26967,26977.3,32.865,886487.3643
1686104700000,26977.3,26995.9,26974.5,26989.5,29.923,807466.3559
1686104760000,26989.5,26995.9,26977.9,26995.9,98.974,2671097.4513
1686104820000,26995.9,26995.9,26983.5,26983.5,28.923,780583.3093
1686104880000,26983.5,26983.6,26967.5,26968.2,35.624,960990.2393
1686104940000,26968.2,26979.5,26968.2,26976.4,71.066,1917031.3471
1686105000000,26976.4,26977.1,26970.1,26970.1,43.413,1171001.392
1686105060000,26970.1,26980,26968.2,26979.7,49.86,1344916.7521
1686105120000,26979.7,26979.8,26967.8,26967.9,33.163,894612.7801
1686105180000,26967.9,26967.9,26959,26960.2,53.022,1429606.995
1686105240000,26960.2,26962,26953,26953.1,59.997,1617296.4816
1686105300000,26953.1,26974.6,26952.3,26952.3,55.806,1504437.0788
1686105360000,26952.3,26952.4,26920,26926.5,243.777,6565881.1981
1686105420000,26926.5,26934.9,26911,26917.1,99.598,2681274.2358
1686105480000,26917.1,26922.2,26912.2,26919,72.609,1954391.474
1686105540000,26919,26919.1,26902,26912,90.104,2424867.5733
1686105600000,26912,26960.6,26911.9,26946.1,159.915,4307371.9651
1686105660000,26946.1,26974.7,26946,26965.5,161.413,4352696.7113
1686105720000,26965.5,27003.9,26964.5,26999.9,191.908,5180299.3507
1686105780000,26999.9,26999.9,26980,26982.7,58.205,1571113.0316
1686105840000,26982.7,27005,26982.7,27001,118.528,3199282.0476
1686105900000,27001,27001.1,26990,26990,25.786,696109.1513
1686105960000,26990,26990.1,26978,26979.5,60.599,1635165.3279
1686106020000,26979.5,26979.6,26969.5,26969.6,22.239,599864.4141
1686106080000,26969.6,26969.6,26962.6,26962.6,19.434,524052.4464
1686106140000,26962.6,26963.8,26942.7,26942.8,69.509,1873583.6776
1686106200000,26942.8,26947.5,26934.7,26947.5,52.072,1402952.1171
1686106260000,26947.5,26972.6,26947.4,26972,40.828,1100761.5284
1686106320000,26972,26972.1,26957.4,26959.5,16.555,446359.4616
1686106380000,26959.5,26963.4,26943.8,26943.8,12.311,331856.6659
1686106440000,26943.8,26947.9,26943.8,26947.8,17.972,484249.5214
1686106500000,26947.8,26947.9,26945,26946.8,14.556,392239.5278
1686106560000,26946.8,26946.9,26938.3,26938.3,29.003,781436.3905
1686106620000,26938.3,26953.1,26938.3,26953.1,27.338,736634.6007
1686106680000,26953.1,26953.1,26950.5,26951,12.15,327455.8501
1686106740000,26951,26951.1,26932.8,26932.8,21.527,580041.0027
1686106800000,26932.8,26938,26928.5,26937.9,53.656,1445116.1425
1686106860000,26937.9,26942.3,26937.9,26942.2,24.814,668519.6883
1686106920000,26942.2,26942.3,26942,26942.1,12.027,324034.148
1686106980000,26942.1,26942.1,26939,26939.4,31.593,851153.9586
1686107040000,26939.4,26939.4,26915.8,26916.3,93.13,2507383.1644
1686107100000,26916.3,26942.1,26916.3,26942.1,90.992,2450678.5246
1686107160000,26942.1,26951.1,26942,26947.2,112.725,3037945.9922
1686107220000,26947.2,26947.2,26934.9,26934.9,11.36,306056.989
1686107280000,26934.9,26935,26930,26930.1,12.599,339350.1148
1686107340000,26930.1,26941.5,26929.5,26941.4,40.797,1098869.475
1686107400000,26941.4,26959.8,26941.4,26952.8,53.002,1428548.6198
1686107460000,26952.8,26952.9,26930,26930.1,51.059,1375651.6736
1686107520000,26930.1,26932.9,26883.2,26886.8,327.495,8808984.5028
1686107580000,26886.8,26892.5,26860.1,26869.1,347.999,9351617.0662
1686107640000,26869.1,26869.2,26864.1,26868.4,70.692,1899324.5999
1686107700000,26868.4,26900,26868.4,26900,105.216,2828700.3216
1686107760000,26900,26918.7,26900,26918.6,103.613,2787858.7562
1686107820000,26918.6,26918.7,26890,26890,69.4,1867363.5443
1686107880000,26890,26890.1,26876.5,26876.6,54.888,1475479.6088
1686107940000,26876.6,26876.6,26852.4,26853.7,126.243,3391314.6433
1686108000000,26853.7,26866.7,26853.7,26861.8,148.498,3988686.319
1686108060000,26861.8,26881.7,26861.8,26871.1,48.347,1299130.3263
1686108120000,26871.1,26872.4,26856,26859.9,33.785,907586.1815
1686108180000,26859.9,26859.9,26835,26837.4,319.968,8589845.6965
1686108240000,26837.4,26837.5,26825.4,26832.1,120.198,3225134.7396
1686108300000,26832.1,26832.2,26798.3,26825,568.024,15229048.9924
1686108360000,26825,26830,26803.8,26804.5,167.279,4485562.3382
1686108420000,26804.5,26818.6,26804.5,26817.1,106.879,2865498.2197
1686108480000,26817.1,26830,26817.1,26830,47.231,1266907.0762
1686108540000,26830,26839.2,26813,26813.1,178.556,4791283.8861
1686108600000,26813.1,26813.1,26756.2,26757.6,430.304,11523895.1935
1686108660000,26757.6,26792,26739.7,26745.9,669.883,17932188.3954
1686108720000,26745.9,26760.7,26745.8,26756.4,222.467,5952109.5816
1686108780000,26756.4,26759.7,26725,26725,245.629,6567223.0492
1686108840000,26725,26743.4,26725,26740.1,262.746,7024292.5847
1686108900000,26740.1,26754.1,26720.3,26721,191.825,5129596.1654
1686108960000,26721,26736.5,26720.9,26726.3,77.458,2070051.5854
1686109020000,26726.3,26753.6,26726.2,26753.6,86.112,2302506.6019
1686109080000,26753.6,26767.1,26740.7,26741.6,104.115,2785765.1542
1686109140000,26741.6,26769.4,26741.5,26761.1,103.703,2775154.1033
1686109200000,26761.1,26767,26747.9,26748,58.838,1574556.1258
1686109260000,26748,26766.4,26748,26766.4,90.053,2409749.4942
1686109320000,26766.4,26821.4,26766.4,26808.8,314.721,8433984.7224
1686109380000,26808.8,26826,26808.7,26815,133.674,3584969.4532
1686109440000,26815,26826,26815,26821.7,89.468,2399667.8444
1686109500000,26821.7,26821.7,26801,26801.1,121.944,3269531.1654
1686109560000,26801.1,26816.7,26801,26816.7,89.358,2395369.3299
1686109620000,26816.7,26826,26816.6,26825.9,118.012,3165466.6483
1686109680000,26825.9,26843.3,26825.9,26838,204.838,5497573.2371
1686109740000,26838,26854.7,26837.7,26840.6,194.664,5226215.0543
