startTime,openPrice,highPrice,lowPrice,closePrice,volume,turnover
1686076200000,26733.7,26750,26724.6,26732.1,168.911,4516743.2542
1686076260000,26732.1,26749.9,26732.1,26748.3,85.398,2283664.4579
1686076320000,26748.3,26773.1,26729.9,26730.8,384.143,10279135.4732
1686076380000,26730.8,26735.5,26715.7,26715.8,143.246,3828663.0045
1686076440000,26715.8,26715.8,26702.5,26702.5,295.622,7895561.6126
1686076500000,26702.5,26702.6,26682.1,26682.1,129.298,3451407.2784
1686076560000,26682.1,26689.6,26674.5,26674.5,143.638,3832817.4292
1686076620000,26674.5,26688.2,26656.4,26682.6,470.54,12550064.6891
1686076680000,26682.6,26687.7,26674,26687.6,201.791,5383569.9672
1686076740000,26687.6,26714.1,26687.6,26714.1,124.282,3318733.1297
1686076800000,26714.1,26727.2,26704,26727.2,224.644,6001636.4326
1686076860000,26727.2,26730,26712.2,26716.1,100.103,2675070.8775
1686076920000,26716.1,26719.1,26712,26712,36.001,961729.4635
1686076980000,26712,26715.3,26710.4,26715.1,39.985,1068148.4235
1686077040000,26715.1,26715.3,26715,26715.3,11.759,314143.1099
1686077100000,26715.3,26720,26695,26720,93.37,2494067.716
1686077160000,26720,26726.7,26708.2,26708.2,85.016,2271388.4219
1686077220000,26708.2,26723.9,26708.2,26723.9,53.409,1427067.7917
1686077280000,26723.9,26727.7,26712.3,26712.3,29.87,798179.8594
1686077340000,26712.3,26714.7,26701.7,26701.7,61.211,1634819.8882
1686077400000,26701.7,26706.1,26691.8,26691.8,120.643,3221028.6866
1686077460000,26691.8,26707.9,26691.8,26696.4,44.483,1187610.5225
1686077520000,26696.4,26697,26691.1,26691.1,62.675,1673129.574
1686077580000,26691.1,26691.2,26680.1,26687.4,51.733,1380596.5014
1686077640000,26687.4,26687.5,26661.1,26669.2,108.138,2884077.7617
1686077700000,26669.2,26687.2,26665.2,26685,39.196,1045491.2242
1686077760000,26685,26697,26685,26696.9,24.924,665263.3624
1686077820000,26696.9,26697,26695,26695,16.086,429427.2065
1686077880000,26695,26698.4,26688.9,26688.9,61.81,1650013.3122
1686077940000,26688.9,26689,26684.1,26684.1,21.112,563414.0069
1686078000000,26684.1,26700,26684.1,26700,27.206,726266.5693
1686078060000,26700,26703.8,26699.9,26703.7,21.144,564590.8384
1686078120000,26703.7,26710,26703.7,26703.7,68.244,1822682.3925
1686078180000,26703.7,26703.8,26694.1,26699.9,32.67,872285.1105
1686078240000,26699.9,26700,26699.9,26699.9,6.751,180251.3282
1686078300000,26699.9,26708.7,26675.2,26679.6,49.941,1333157.2704
1686078360000,26679.6,26688.8,26679.5,26686.5,32.313,862262.0229
1686078420000,26686.5,26699.3,26686.5,26699.1,53.117,1418066.3689
1686078480000,26699.1,26706.7,26699,26702.7,36.446,973184.9506
1686078540000,26702.7,26702.8,26691.9,26692.1,22.916,611783.3757
1686078600000,26692.1,26704.2,26692.1,26704.2,15.291,408242.5423
1686078660000,26704.2,26716.3,26704.1,26716.2,46.586,1244256.1092
1686078720000,26716.2,26726,26713.3,26713.3,74.017,1977758.5699
1686078780000,26713.3,26718.3,26713.3,26718.2,13.578,362768.3236
1686078840000,26718.2,26720.2,26718.2,26720.1,31.384,838550.1263
1686078900000,26720.1,26723.9,26709.5,26723.8,104.599,2794774.2258
1686078960000,26723.8,26731.3,26720,26722.1,122.053,3262225.4904
1686079020000,26722.1,26722.1,26713.9,26719.4,112.695,3011142.7575
1686079080000,26719.4,26719.4,26711,26711,21.239,567407.7644
1686079140000,26711,26711.1,26710.9,26711,17.202,459482.8138
1686079200000,26711,26724,26710.9,26724,70.172,1874912.4308
1686079260000,26724,26739.1,26723.9,26739,66.026,1765263.2879
1686079320000,26739,26749.9,26739,26748.6,104.668,2799349.8403
1686079380000,26748.6,26769.5,26748.6,26769.1,127.022,3399042.2483
1686079440000,26769.1,26971.8,26769.1,26874.6,5742.387,154336036.8571
1686079500000,26874.6,26921,26857,26879.9,825.894,22201475.7034
1686079560000,26879.9,26879.9,26850.2,26850.3,363.518,9765310.0943
1686079620000,26850.3,26890,26845.5,26885.4,212.564,5711790.7692
1686079680000,26885.4,26974.3,26881.1,26935.7,692.794,18658662.8932
1686079740000,26935.7,26965.8,26902.2,26904.1,471.525,12697545.9709
1686079800000,26904.1,26932.9,26902.9,26918.6,370.027,9959786.8753
1686079860000,26918.6,26949.5,26918.5,26943.9,340.668,9176091.7985
1686079920000,26943.9,26946.7,26909,26912.4,285.973,7701562.2494
1686079980000,26912.4,26912.5,26865.9,26875.2,316.114,8497894.1031
1686080040000,26875.2,26896.3,26862,26862,279.336,7506330.529
1686080100000,26862,26891.7,26862,26891.6,182.59,4907919.0733
1686080160000,26891.6,26919.8,26891.6,26913,201.3,5416806.7787
1686080220000,26913,26926.5,26890,26890.1,199.348,5365138.12
1686080280000,26890.1,26910.3,26890.1,26900.1,65.727,1768296.9985
1686080340000,26900.1,26910.3,26860.5,26881.3,374.269,10062615.1023
1686080400000,26881.3,26893.9,26864.5,26870.1,237.312,6378474.0198
1686080460000,26870.1,26894,26869.7,26887.2,162.4,4365676.8416
1686080520000,26887.2,26927.7,26887.2,26927.7,131.051,3526528.0307
1686080580000,26927.7,26933,26914.6,26914.6,85.971,2314892.8007
1686080640000,26914.6,26917,26900,26906,150.39,4046813.6285
1686080700000,26906,26941.6,26902.3,26937.9,152.12,4095211.3727
1686080760000,26937.9,27034,26907.6,26907.6,1572.978,42444805.3825
1686080820000,26907.6,26917.3,26881.5,26917.3,421.656,11340453.6854
1686080880000,26917.3,26928.4,26900.4,26926.4,178.613,4807621.5043
1686080940000,26926.4,26963.2,26925.7,26947.6,166.643,4490325.7833
1686081000000,26947.6,27000,26944.2,26975.7,429.102,11574610.7897
1686081060000,26975.7,27093.8,26975.7,27053.1,1559.334,42176822.4902
1686081120000,27053.1,27187.5,27033,27122,3197.919,86761417.9193
1686081180000,27122,27213.9,27118.3,27153.1,1639.794,44564598.6266
1686081240000,27153.1,27174,27113.3,27150.9,587.445,15943412.4613
1686081300000,27150.9,27173.9,27104.6,27104.7,479.083,13003730.4186
1686081360000,27104.7,27147.9,27104.6,27142.9,333,9031074.727
1686081420000,27142.9,27163.2,27121.8,27121.8,267.738,7267233.651
1686081480000,27121.8,27129,27110,27123.3,199.431,5407985.6436
1686081540000,27123.3,27137.8,27070.2,27070.2,382.837,10376077.2245
1686081600000,27070.2,27130,27070.1,27126.3,275.983,7482146.5452
1686081660000,27126.3,27138.1,27111.8,27115.2,247.464,6712213.9213
1686081720000,27115.2,27118.5,27070.4,27071.2,358.922,9721410.1165
1686081780000,27071.2,27071.3,27047.7,27050.2,260.295,7042520.7284
1686081840000,27050.2,27070,27043.9,27062.5,199.988,5410875.8503
1686081900000,27062.5,27125.5,27062.5,27115.7,330.464,8955058.6284
1686081960000,27115.7,27174.4,27115.6,27169.4,562.394,15265355.6566
1686082020000,27169.4,27169.5,27121.7,27125.2,223.06,6053846.1441
1686082080000,27125.2,27149.9,27123.2,27123.2,372.871,10119145.3491
1686082140000,27123.2,27134.6,27123,27123.1,118.978,3227421.0134
1686082200000,27123.1,27169.9,27123.1,27145,182.677,4959877.645
1686082260000,27145,27170,27141.9,27142.9,106.509,2892079.0501
1686082320000,27142.9,27154.7,27136,27136,83.497,2266381.3517
1686082380000,27136,27144.5,27125.7,27125.7,117,3174918.3943
1686082440000,27125.7,27158,27125.7,27142.1,133.328,3619089.7158
1686082500000,27142.1,27207.5,27130.4,27134.2,1131.126,30744047.6284
1686082560000,27134.2,27145.1,27125,27125,155.613,4222080.8462
1686082620000,27125,27125,27090,27090,200.757,5442372.2793
1686082680000,27090,27115.2,27075.5,27076.9,193.17,5233282.9546
1686082740000,27076.9,27080.2,27050,27050,500.121,13534312.3672
1686082800000,27050,27081,27038.3,27058.2,285.606,7728610.7823
1686082860000,27058.2,27059.9,27022,27034,386.116,10440005.0319
1686082920000,27034,27059.4,27029.6,27038.1,164.54,4449191.3161
1686082980000,27038.1,27039,26885.3,26894.5,1671.893,45055620.1304
1686083040000,26894.5,26954.7,26876.8,26950.7,1300.703,35008845.4401
1686083100000,26950.7,26997.1,26940.9,26992.1,318.707,8595371.243
1686083160000,26992.1,26992.1,26959,26985,162.281,4377318.5477
1686083220000,26985,26999.9,26968.2,26989.8,203.28,5485539.4475
1686083280000,26989.8,27000,26979.5,26997.7,148.033,3995316.0638
1686083340000,26997.7,27010.8,26980.7,26984.5,178.952,4831699.8769
1686083400000,26984.5,27002.4,26980.7,26994.9,71.487,1929502.3857
1686083460000,26994.9,26995,26954.5,26965.9,189.917,5123106.8398
1686083520000,26965.9,26969.9,26919.3,26932.2,432.935,11661371.7922
1686083580000,26932.2,26960.7,26928.5,26940,122.761,3307764.0506
1686083640000,26940,26945.1,26932.8,26935.4,91.868,2474813.1062
1686083700000,26935.4,26955.5,26935.4,26955,224.632,6053162.6751
1686083760000,26955,26992.7,26951.2,26988.9,141.47,3816970.5764
1686083820000,26988.9,26988.9,26959.8,26975.9,135.007,3642512.4644
1686083880000,26975.9,26975.9,26945.5,26955.2,68.57,1848500.2161
1686083940000,26955.2,26961.8,26947.9,26950.3,44.509,1199722.6423
1686084000000,26950.3,26958.4,26914.2,26919.9,402.49,10839146.1382
1686084060000,26919.9,26936.9,26916.5,26919.2,90.052,2424687.1547
1686084120000,26919.2,26931.6,26909.4,26919.9,133.668,3598328.5643
1686084180000,26919.9,26930,26905.6,26919.9,89.236,2401978.089
1686084240000,26919.9,26947.2,26914,26930.1,168.63,4541662.6988
1686084300000,26930.1,26969.8,26918.8,26969.7,155.15,4182489.5215
1686084360000,26969.7,26978,26948.4,26977.9,273.381,7370542.3552
1686084420000,26977.9,26984.3,26965.2,26966.6,66.821,1802687.4356
1686084480000,26966.6,26970.3,26949.9,26949.9,55.642,1500143.8281
1686084540000,26949.9,26956.2,26949.9,26950.8,29.304,789777.9661
1686084600000,26950.8,26975.3,26950.8,26975.2,82.18,2216427.0466
1686084660000,26975.2,26975.8,26964.5,26964.5,82.351,2220937.0229
1686084720000,26964.5,26964.5,26946,26949.9,28.12,757881.9977
1686084780000,26949.9,26960.6,26949.3,26960.6,43.181,1163828.3153
1686084840000,26960.6,26960.6,26956,26959.9,29.962,807736.0892
1686084900000,26959.9,26973.8,26952.9,26952.9,112.419,3030948.5553
1686084960000,26952.9,26959.6,26950.9,26956.9,15.481,417292.2428
1686085020000,26956.9,26957,26950.4,26950.4,51.261,1381557.3714
1686085080000,26950.4,26956.6,26942.5,26942.5,41.769,1125693.6936
1686085140000,26942.5,26942.6,26925.4,26925.5,133.56,3597338.6171
1686085200000,26925.5,26969,26925.4,26969,117.562,3169064.3915
1686085260000,26969,26969,26949,26959.5,49.057,1322631.3581
1686085320000,26959.5,26979.4,26950.8,26979.4,101.765,2744356.8373
1686085380000,26979.4,26988,26970.5,26987.9,80.353,2167828.3543
1686085440000,26987.9,26990,26983.3,26983.3,65.861,1777442.0296
1686085500000,26983.3,27019.9,26982.1,26982.1,266.778,7203605.3124
1686085560000,26982.1,26998.1,26980,26980,84.124,2270516.7852
1686085620000,26980,26997.2,26980,26989.1,78.095,2107836.6546
1686085680000,26989.1,26989.2,26964.3,26977.8,56.941,1535896.0249
1686085740000,26977.8,26977.9,26965,26966,91.504,2468187.9347
1686085800000,26966,26980,26965,26980,29.381,792554.4023
1686085860000,26980,27000,26979.9,26999.6,79.299,2140664.6668
1686085920000,26999.6,27023.7,26999.6,27014.5,115.437,3118425.0377
1686085980000,27014.5,27062.1,27011.7,27048,361.2,9766793.194
1686086040000,27048,27048,27025.7,27035.1,102.46,2769893.8856
1686086100000,27035.1,27041.3,27015.7,27015.8,56.755,1534069.966
1686086160000,27015.8,27024.4,27015.1,27015.1,26.243,709031.3351
1686086220000,27015.1,27026,27015.1,27016.1,53.861,1455267.9518
1686086280000,27016.1,27025.3,27015.1,27015.2,51.039,1378940.5643
1686086340000,27015.2,27015.2,26999.9,26999.9,124.659,3366558.3195
1686086400000,26999.9,27006.1,26993.5,27003.6,41.507,1120638.2058
1686086460000,27003.6,27006.5,27001.5,27001.5,33.004,891247.0033
1686086520000,27001.5,27001.5,26985,26986,39.306,1060875.1763
1686086580000,26986,26994.6,26980.5,26994.6,61.144,1650099.3462
1686086640000,26994.6,27000.6,26992.7,26998,34.185,922880.4487
1686086700000,26998,27006.4,26994,27006.4,67.311,1817566.2798
1686086760000,27006.4,27006.4,27002.7,27005,12.446,336111.4618
1686086820000,27005,27005.1,26995.8,26996,46.157,1246204.7429
1686086880000,26996,26996.8,26994.1,26994.1,6.927,186996.1574
1686086940000,26994.1,26994.3,26992.4,26994.2,12.681,342312.0896
1686087000000,26994.2,26994.3,26984.8,26984.9,37.103,1001392.283
1686087060000,26984.9,26984.9,26964.7,26964.7,84.273,2273279.0017
1686087120000,26964.7,26964.8,26952.3,26952.3,190.313,5130383.067
1686087180000,26952.3,26957.5,26950,26956.2,78.381,2112538.5615
1686087240000,26956.2,26956.2,26938.2,26939.5,181.325,4885480.3818
1686087300000,26939.5,26944.9,26933,26944.9,54.86,1477795.1319
1686087360000,26944.9,26948.6,26941.7,26943.6,26.289,708341.3534
1686087420000,26943.6,26954.9,26943.6,26954.8,27.693,746267.1596
1686087480000,26954.8,26960,26954.8,26959.9,15.64,421604.5703
1686087540000,26959.9,26966,26959.9,26966,13.195,355799.8184
1686087600000,26966,26995,26965.9,26995,66.842,1803612.4315
1686087660000,26995,27020,26994.9,27020,84.624,2285178.5556
1686087720000,27020,27040.3,27006.6,27006.6,145.757,3939863.8219
1686087780000,27006.6,27018.6,26998.9,27018.6,35.353,954624.7706
1686087840000,27018.6,27030,27018.6,27029.9,45.407,1227134.1604
1686087900000,27029.9,27029.9,27009.3,27009.4,60.548,1635657.6138
1686087960000,27009.4,27042.4,27009.4,27042.3,82.863,2239150.8765
1686088020000,27042.3,27042.4,27025.9,27025.9,28.989,783763.1065
1686088080000,27025.9,27025.9,27017.5,27017.5,37.513,1013665.7413
1686088140000,27017.5,27017.5,27008.6,27009.1,21.433,578935.4403
1686088200000,27009.1,27015.3,27004.6,27015.3,24.312,656629.2474
1686088260000,27015.3,27034,27015.2,27034,21.681,586007.7991
1686088320000,27034,27037.9,27034,27037.9,56.296,1522040.73
1686088380000,27037.9,27073.6,27037.9,27064.6,191.043,5169582.9275
1686088440000,27064.6,27064.6,27058.6,27059.6,52.389,1417736.1811
1686088500000,27059.6,27085.5,27059.6,27062.6,146.962,3978623.4494
1686088560000,27062.6,27062.6,27009.8,27013,187.124,5057855.7134
1686088620000,27013,27045.4,27011.4,27045.4,57.842,1563056.6821
1686088680000,27045.4,27045.4,27020,27020.1,26.318,711539.8585
1686088740000,27020.1,27046.3,27020.1,27046.3,26.784,724095.5757
1686088800000,27046.3,27057.4,27042.9,27042.9,45.913,1241944.9943
1686088860000,27042.9,27060,27041.3,27053.7,33.409,903622.4342
1686088920000,27053.7,27077.1,27053.6,27068.3,108.321,2932371.962
1686088980000,27068.3,27076.4,27061.3,27069.5,49.303,1334551.1837
1686089040000,27069.5,27071.5,27050.1,27050.1,27.766,751359.4341
1686089100000,27050.1,27050.8,27037.1,27042.8,53.1,1435916.8288
1686089160000,27042.8,27045,27039.4,27039.5,14.978,405047.5166
1686089220000,27039.5,27039.5,27037.1,27037.2,21.137,571513.7382
1686089280000,27037.2,27050.4,27037.1,27040.7,39.876,1078343.6283
1686089340000,27040.7,27040.7,27038,27038,16.754,453000.6963
1686089400000,27038,27052.9,27038,27048.9,37.043,1001843.626
1686089460000,27048.9,27050.6,27048.8,27050.5,18.807,508731.5921
1686089520000,27050.5,27052.8,27048.8,27048.8,34.917,944528.1079
1686089580000,27048.8,27048.9,27048.8,27048.9,4.023,108817.3755
1686089640000,27048.9,27066.2,27048.8,27063.4,58.947,1595168.5084
1686089700000,27063.4,27063.5,27055,27055,100.213,2711963.8711
1686089760000,27055,27055.1,27055,27055,15.489,419054.992
1686089820000,27055,27055.1,27052.7,27052.7,23.02,622803.9629
1686089880000,27052.7,27055.1,27050,27050,145.851,3945476.2218
1686089940000,27050,27050.1,27050,27050,6.79,183669.617
1686090000000,27050,27061.6,27050,27058.7,37.033,1002022.1238
1686090060000,27058.7,27058.8,27052.4,27052.4,15.214,411666.742
1686090120000,27052.4,27052.5,27050,27050,32.014,866035.72
1686090180000,27050,27050.1,27040.9,27040.9,20.425,552377.1981
1686090240000,27040.9,27040.9,27037,27037,28.909,781677.2477
1686090300000,27037,27054.4,27037,27044.5,28.485,770280.2675
1686090360000,27044.5,27050.3,27044.5,27050.2,11.596,313662.1984
1686090420000,27050.2,27050.3,27044.4,27044.4,19.092,516401.0643
1686090480000,27044.4,27046.9,27041.5,27041.5,11.93,322651.1497
1686090540000,27041.5,27041.6,27039.9,27041.1,20.169,545395.1185
1686090600000,27041.1,27063.7,27041.1,27063.7,65.195,1763606.6559
1686090660000,27063.7,27063.7,27063.6,27063.7,13.057,353370.2016
1686090720000,27063.7,27077.4,27063.6,27077.3,88.88,2405944.2655
1686090780000,27077.3,27108.9,27077.3,27088.1,304.102,8239605.9423
1686090840000,27088.1,27117,27088,27116.9,231.744,6281949.3532
1686090900000,27116.9,27117,27103.3,27103.4,63.281,1715600.7606
1686090960000,27103.4,27109.5,27097.9,27097.9,37.524,1017081.5499
1686091020000,27097.9,27111.7,27097.9,27109.1,44.764,1213258.668
1686091080000,27109.1,27109.2,27100.6,27102.8,36.808,997701.5799
1686091140000,27102.8,27102.8,27098.7,27098.8,26.048,705949.7283
1686091200000,27098.8,27098.8,27091.3,27092.5,43.778,1186041.2176
1686091260000,27092.5,27112.4,27092.4,27103.7,120.151,3256714.8348
1686091320000,27103.7,27111.9,27103.7,27111.8,38.949,1055825.1424
1686091380000,27111.8,27111.9,27103.9,27106.4,44.444,1204829.2247
1686091440000,27106.4,27110,27106.4,27109.9,26.935,730129.6643
1686091500000,27109.9,27110.7,27106.8,27109.4,46.752,1267404.0054
1686091560000,27109.4,27109.4,27100.2,27100.3,31.955,866186.3885
1686091620000,27100.3,27101.9,27100.2,27101.9,16.58,449323.8751
1686091680000,27101.9,27109.2,27101.9,27109.1,42.101,1141302.2696
1686091740000,27109.1,27109.2,27109.1,27109.2,17.838,483573.3172
1686091800000,27109.2,27109.2,27105,27105,59.107,1602173.9985
1686091860000,27105,27109.2,27105,27109.1,22.186,601415.6735
1686091920000,27109.1,27166.7,27109.1,27154.3,620.515,16839517.7525
1686091980000,27154.3,27156.7,27135.6,27136.1,113.665,3085557.6321
1686092040000,27136.1,27152.8,27136.1,27150.6,66.711,1810986.8997
1686092100000,27150.6,27177.6,27150.6,27169.3,152.183,4134905.4959
1686092160000,27169.3,27181,27155.8,27157.9,92.258,2506728.6528
1686092220000,27157.9,27169.9,27156.1,27158.4,65.735,1785551.9855
1686092280000,27158.4,27166,27158.3,27162.6,21.499,583976.5557
1686092340000,27162.6,27162.7,27141,27141,54.274,1473620.9209
1686092400000,27141,27172.7,27136.3,27172.7,64.679,1755819.8271
1686092460000,27172.7,27175,27149.7,27149.7,47.051,1278159.6791
1686092520000,27149.7,27153.8,27141.3,27141.9,77.933,2115467.8293
1686092580000,27141.9,27142,27135,27135,34.98,949318.8271
1686092640000,27135,27136.5,27130,27130,36.695,995625.3174
1686092700000,27130,27148,27126,27148,59.112,1603961.2351
1686092760000,27148,27163.6,27137.6,27137.6,78.377,2127995.0927
1686092820000,27137.6,27137.7,27123.5,27123.6,75.457,2046982.5174
1686092880000,27123.6,27123.6,27110.1,27110.2,48.316,1310063.1894
1686092940000,27110.2,27125.6,27110.1,27118.9,80.862,2192645.8045
1686093000000,27118.9,27130,27118.9,27130,8.287,224775.2221
1686093060000,27130,27150,27130,27133.1,45.725,1240965.4005
1686093120000,27133.1,27144,27133.1,27136.3,48.708,1321903.3248
1686093180000,27136.3,27136.4,27123.5,27123.5,60.792,1649497.0443
1686093240000,27123.5,27128.1,27123.5,27128,11.924,323458.8002
1686093300000,27128,27145.5,27127.9,27137.3,109.139,2961091.278
1686093360000,27137.3,27138.5,27137.2,27138.5,11.719,318024.9837
1686093420000,27138.5,27165.6,27131.7,27158.9,180.624,4904621.4764
1686093480000,27158.9,27158.9,27137.7,27142.1,77.738,2110346.3141
1686093540000,27142.1,27142.2,27142.1,27142.2,7.838,212739.9837
1686093600000,27142.2,27164.5,27142.1,27159.6,69.004,1873762.2543
1686093660000,27159.6,27180.1,27159.5,27177.4,98.711,2682292.8793
1686093720000,27177.4,27180.8,27176,27176.1,60.469,1643392.2714
1686093780000,27176.1,27187.7,27170.4,27187.6,86.712,2356665.235
1686093840000,27187.6,27219,27175.1,27179.1,618.659,16828263.3472
1686093900000,27179.1,27200,27179,27189.1,99.152,2695834.0491
1686093960000,27189.1,27284.8,27189,27284.8,1623.624,44240122.1486
1686094020000,27284.8,27290,27245.9,27270.7,696.415,18997561.1318
1686094080000,27270.7,27333.3,27268.2,27324.9,1097.533,29967693.6961
1686094140000,27324.9,27356.7,27275.1,27284.9,727.305,19873243.4566
1686094200000,27284.9,27292.4,27248,27248.5,281.389,7673181.7998
1686094260000,27248.5,27249,27218.2,27229.9,175.083,4768039.6058
1686094320000,27229.9,27236,27218.1,27220,167.211,4552188.7315
1686094380000,27220,27237.8,27213.9,27213.9,155.484,4233338.6942
1686094440000,27213.9,27217,27205,27205,111.762,3041181.4592
1686094500000,27205,27208.2,27183.5,27183.6,198.616,5401767.0634
1686094560000,27183.6,27205,27153.5,27163.9,363.904,9889690.4151
1686094620000,27163.9,27176.9,27156.5,27163.9,210.35,5713429.7791
1686094680000,27163.9,27173.5,27138,27145,233.925,6350653.527
1686094740000,27145,27155,27134.9,27155,199.665,5419515.3628
1686094800000,27155,27179.9,27154.9,27167.3,63.919,1736801.9599
1686094860000,27167.3,27191.6,27167.3,27174.2,170.968,4647137.3155
1686094920000,27174.2,27174.2,27173.4,27173.4,32.038,870590.8751
1686094980000,27173.4,27188.9,27160.5,27160.6,85.781,2331109.7324
1686095040000,27160.6,27180.6,27160.5,27172.1,79.362,2156559.7933
1686095100000,27172.1,27191,27172,27190.9,126.703,3444042.7193
1686095160000,27190.9,27191.6,27168.6,27168.6,64.836,1762497.1269
1686095220000,27168.6,27183,27168.6,27180.5,32.337,878811.7432
1686095280000,27180.5,27180.6,27169.5,27169.5,35.851,974294.1548
1686095340000,27169.5,27175,27169.5,27174.9,16.852,457889.6018
1686095400000,27174.9,27210.9,27174.9,27210.9,130.184,3540521.1331
1686095460000,27210.9,27212.7,27181,27184.5,137.296,3734149.8902
1686095520000,27184.5,27199.7,27184.4,27195.6,52.741,1434338.5692
1686095580000,27195.6,27195.7,27184.1,27184.1,70.568,1918763.0212
1686095640000,27184.1,27188.3,27177.3,27188.2,28.405,772068.5345
1686095700000,27188.2,27221,27187.2,27208.5,98.006,2666517.9879
1686095760000,27208.5,27237.7,27208.4,27237.6,98.258,2675117.9749
1686095820000,27237.6,27237.7,27214,27215.5,104.831,2854244.4518
1686095880000,27215.5,27217.9,27212.6,27212.6,63.82,1736995.8129
1686095940000,27212.6,27217,27209.7,27216.9,33.317,906670.6135
1686096000000,27216.9,27236.5,27216.9,27223.9,100.381,2733098.7797
1686096060000,27223.9,27223.9,27178.2,27178.3,197.957,5382755.2949
1686096120000,27178.3,27179.1,27169.5,27179,170.025,4620356.8392
1686096180000,27179,27179.5,27175,27179.5,34.811,946023.7337
1686096240000,27179.5,27197.5,27179.5,27184.9,96.562,2625479.9423
1686096300000,27184.9,27220.5,27184.8,27220.5,100.24,2726287.191
1686096360000,27220.5,27248.5,27220.5,27248.4,139.933,3811839.0506
1686096420000,27248.4,27267,27228.3,27267,443.966,12097493.8782
1686096480000,27267,27267,27241.2,27249.1,175.194,4775569.078
1686096540000,27249.1,27249.1,27229.3,27233,54.776,1492176.7048
1686096600000,27233,27233,27185,27193.3,210.145,5715321.5745
1686096660000,27193.3,27225.3,27191.5,27221.6,56.846,1546808.2136
1686096720000,27221.6,27238.7,27211.4,27238.6,53.403,1453914.3749
1686096780000,27238.6,27238.7,27225,27225,31.884,868310.3591
1686096840000,27225,27225.1,27213.2,27220,33.703,917388.6042
1686096900000,27220,27227.6,27210.5,27210.5,55.903,1521813.5931
1686096960000,27210.5,27215.4,27199.4,27199.5,85.745,2332628.8858
1686097020000,27199.5,27201.8,27169,27169,94.333,2564106.8238
1686097080000,27169,27174,27166.5,27166.5,58.945,1601550.0558
1686097140000,27166.5,27166.6,27152,27157.7,82.066,2228816.8853
1686097200000,27157.7,27179.8,27154.4,27174.3,40.956,1112849.4659
1686097260000,27174.3,27184,27174.3,27175,18.859,512597.3256
1686097320000,27175,27189.4,27175,27184,27.981,760671.9424
1686097380000,27184,27199.3,27184,27199.2,46.085,1253210.2303
1686097440000,27199.2,27211.5,27199.2,27204.9,26.962,733490.0394
1686097500000,27204.9,27235.6,27204.9,27210.4,140.209,3816644.6634
1686097560000,27210.4,27211.5,27197,27198.7,53.313,1450264.7335
1686097620000,27198.7,27199.1,27188,27189.5,26.192,712296.0474
1686097680000,27189.5,27190.2,27187,27189.4,44.647,1213901.3327
1686097740000,27189.4,27208.6,27189.4,27194.4,25.213,685699.3849
1686097800000,27194.4,27201.3,27193.4,27193.4,4.599,125081.62
1686097860000,27193.4,27193.4,27182.8,27182.8,24.974,678994.0266
1686097920000,27182.8,27188.6,27182.8,27182.8,10.462,284400.3767
1686097980000,27182.8,27191.2,27182.2,27190.3,18.989,516239.0653
1686098040000,27190.3,27198,27190.3,27197.9,49.846,1355428.6825
1686098100000,27197.9,27237.1,27197.9,27233.4,94.127,2562244.2861
1686098160000,27233.4,27246.1,27232.3,27246,69.053,1880756.1511
1686098220000,27246,27268.9,27235.9,27236.1,111.455,3037846.5488
1686098280000,27236.1,27249.7,27236.1,27237,35.975,980177.6427
1686098340000,27237,27237,27222.4,27232,69.483,1891921.8203
1686098400000,27232,27260,27232,27255.1,83.423,2273558.7933
1686098460000,27255.1,27284.3,27255,27278.7,154.326,4208978.9221
1686098520000,27278.7,27284.9,27266.9,27270.9,69.953,1908050.4347
1686098580000,27270.9,27275,27264.5,27267,31.357,855067.7445
1686098640000,27267,27306.1,27266.9,27300.6,194.038,5296116.1049
1686098700000,27300.6,27397,27300.5,27372.3,1042.085,28504957.1956
1686098760000,27372.3,27378.3,27295.8,27303.7,760.954,20801577.8597
1686098820000,27303.7,27321.9,27267.3,27267.3,235.157,6416717.4247
1686098880000,27267.3,27267.4,27246.1,27250.5,223.922,6102485.4581
1686098940000,27250.5,27250.6,27227.6,27228.5,275.122,7493223.9413
1686099000000,27228.5,27233.4,27222,27233.4,52.64,1433229.0765
1686099060000,27233.4,27233.4,27211,27213.1,55.655,1514907.8127
1686099120000,27213.1,27215.1,27190.4,27190.9,111.516,3033150.7569
1686099180000,27190.9,27203.4,27185.9,27192.9,146.15,3974835.7684
1686099240000,27192.9,27210,27192.8,27209.9,59.624,1621921.3732
1686099300000,27209.9,27209.9,27196,27196,46.011,1251756.9129
1686099360000,27196,27205.9,27185,27185.1,94.695,2574926.1725
1686099420000,27185.1,27197.1,27174.5,27174.5,94.296,2563489.3253
1686099480000,27174.5,27185.3,27167.2,27184.1,103.047,2800304.5596
1686099540000,27184.1,27185.6,27168,27170.3,147.845,4017996.4941
1686099600000,27170.3,27199,27169.8,27184.4,150.138,4081777.4808
1686099660000,27184.4,27197,27171.9,27189.7,100.455,2730615.7247
1686099720000,27189.7,27209.1,27187.7,27208.5,71.374,1941353.6536
1686099780000,27208.5,27208.5,27153.7,27153.7,139.563,3792522.0115
1686099840000,27153.7,27157.4,27145.4,27155.5,138.014,3747368.1696
1686099900000,27155.5,27173.3,27155.4,27165.9,58.602,1591908.2165
1686099960000,27165.9,27174.9,27162.2,27163,40.051,1088156.1867
1686100020000,27163,27164,27150,27150.9,23.804,646359.1891
1686100080000,27150.9,27154,27143.1,27145.1,42.996,1167288.2479
1686100140000,27145.1,27145.1,27130.4,27131.2,153.019,4152311.1888
1686100200000,27131.2,27159.3,27131.2,27153.7,80.109,2174861.6823
1686100260000,27153.7,27153.7,27141.1,27141.1,32.957,894687.0618
1686100320000,27141.1,27141.2,27120.2,27121.1,105.627,2865754.7469
1686100380000,27121.1,27129,27105.1,27107.7,243.98,6615358.0435
1686100440000,27107.7,27125,27092.8,27115.7,271.767,7366313.1093
1686100500000,27115.7,27133.3,27111.5,27133.3,78.014,2116006.533
1686100560000,27133.3,27145.1,27122,27144.4,120.111,3259192.9913
1686100620000,27144.4,27144.5,27117.4,27130.3,130.466,3540038.5687
1686100680000,27130.3,27130.3,27115.4,27118.9,22.235,603015.1632
1686100740000,27118.9,27119,27095.3,27105.1,153.884,4170337.381
1686100800000,27105.1,27110.4,27071,27105.9,234.586,6354975.022
1686100860000,27105.9,27115.2,27100.1,27100.1,124.736,3381356.2087
1686100920000,27100.1,27100.1,27069.5,27075,155.246,4204123.8412
1686100980000,27075,27089.9,27055.3,27058,90.371,2446484.253
1686101040000,27058,27068.8,27054.2,27063.8,78.689,2129290.2565
1686101100000,27063.8,27073.5,27061.3,27065.1,53.111,1437610.3957
1686101160000,27065.1,27093.4,27065.1,27084.2,90.231,2443870.0147
1686101220000,27084.2,27086.4,27055.8,27062.8,72.617,1965538.8022
1686101280000,27062.8,27080.6,27062.7,27080.6,19.358,524068.8954
1686101340000,27080.6,27096.8,27072.5,27093,72.664,1968000.8009
1686101400000,27093,27093,27071.1,27071.1,38.646,1046580.1607
1686101460000,27071.1,27095.4,27069.4,27095.4,59.859,1620935.5629
1686101520000,27095.4,27097.5,27086,27086,42.435,1149608.4215
1686101580000,27086,27086,27072.1,27072.1,39.842,1078988.2617
1686101640000,27072.1,27078.1,27066.7,27078.1,40.213,1088642.227
1686101700000,27078.1,27096.7,27078.1,27090.5,71.841,1946022.25
1686101760000,27090.5,27090.6,27060.7,27060.8,67.098,1816549.5136
1686101820000,27060.8,27065.4,27050.3,27062.6,38.187,1033178.7403
1686101880000,27062.6,27075.2,27054.5,27071.4,50.909,1377964.7169
1686101940000,27071.4,27082.5,27068.7,27082.4,49.092,1329325.1357
1686102000000,27082.4,27087.6,27078.8,27080.1,60.775,1645879.6778
1686102060000,27080.1,27089.5,27080,27087,29.896,809745.0493
1686102120000,27087,27114.5,27087,27104.1,125.279,3395813.9642
1686102180000,27104.1,27112.5,27089.6,27108.5,67.815,1837823.6435
1686102240000,27108.5,27111.6,27108.5,27110.9,14.925,404604.6488
1686102300000,27110.9,27111,27091.5,27091.5,63.056,1708880.5056
1686102360000,27091.5,27091.6,27080,27080,12.431,336703.8444
1686102420000,27080,27080.1,27071.7,27071.7,18.125,490772.1396
1686102480000,27071.7,27072.4,27067.5,27072.3,24.384,660069.4097
1686102540000,27072.3,27074.6,27072.3,27074.6,9.209,249318.9805
1686102600000,27074.6,27086.6,27074.5,27086.5,21.661,586630.6125
1686102660000,27086.5,27086.6,27080,27080,21.425,580276.5514
1686102720000,27080,27083.3,27080,27083.3,4.242,114886.0795
1686102780000,27083.3,27083.3,27075.4,27076.9,16.189,438338.1269
1686102840000,27076.9,27076.9,27074.1,27074.2,4.296,116311.5065
1686102900000,27074.2,27086.4,27074.1,27085.8,53.631,1452216.9724
1686102960000,27085.8,27100,27084.9,27094.8,23.803,644823.2823
1686103020000,27094.8,27100.7,27093.6,27100.7,39.245,1063509.5414
1686103080000,27100.7,27100.7,27080.7,27080.7,19.429,526325.0334
1686103140000,27080.7,27080.8,27075,27075.1,9.344,253002.5796
1686103200000,27075.1,27084.1,27075,27075.1,17.735,480266.9624
1686103260000,27075.1,27075.1,27053.2,27053.2,81.775,2213490.617
1686103320000,27053.2,27059.5,27038,27050.3,195.102,5277045.663
1686103380000,27050.3,27056.2,27041.8,27041.8,84.448,2284183.0825
1686103440000,27041.8,27062.7,27040,27060.6,43.651,1180834.8411
1686103500000,27060.6,27066,27057.9,27062,28.994,784625.2461
1686103560000,27062,27062.5,27051.3,27051.3,15.606,422275.9816
1686103620000,27051.3,27051.3,27034,27041.1,58.776,1589094.2754
1686103680000,27041.1,27065.4,27041,27064.2,42.912,1161085.8612
1686103740000,27064.2,27064.2,27054.1,27059.3,30.25,818584.7637
1686103800000,27059.3,27059.4,27050,27050,17.915,484704.9786
1686103860000,27050,27050.1,27014.9,27023.3,202.464,5471883.8065
1686103920000,27023.3,27035.1,27022.6,27034.3,50.795,1372796.5108
1686103980000,27034.3,27034.4,27018.3,27018.3,61.87,1672068.0093
1686104040000,27018.3,27023.3,27015.6,27020.1,41.866,1131199.4848
1686104100000,27020.1,27027.8,27015.4,27016.6,33.507,905364.1865
1686104160000,27016.6,27016.6,26980,26986.9,341.328,9214684.7093
1686104220000,26986.9,27006.2,26981.5,27006.2,75.267,2031784.3758
1686104280000,27006.2,27016.9,27003.3,27006.3,53.021,1432077.3822
1686104340000,27006.3,27006.4,27003.1,27004.8,36.454,984445.5531
1686104400000,27004.8,27017,26992.9,26993,77.787,2100632.9393
1686104460000,26993,26993.6,26961,26973.4,216.004,5826682.0115
1686104520000,26973.4,27000,26967.2,26999,129.747,3500146.6255
1686104580000,26999,26999,26976.1,26976.1,34.078,919613.2875
1686104640000,26976.1,26979,26967,26977.3,32.865,886487.3643
1686104700000,26977.3,26995.9,26974.5,26989.5,29.923,807466.3559
1686104760000,26989.5,26995.9,26977.9,26995.9,98.974,2671097.4513
1686104820000,26995.9,26995.9,26983.5,26983.5,28.923,780583.3093
1686104880000,26983.5,26983.6,26967.5,26968.2,35.624,960990.2393
1686104940000,26968.2,26979.5,26968.2,26976.4,71.066,1917031.3471
1686105000000,26976.4,26977.1,26970.1,26970.1,43.413,1171001.392
1686105060000,26970.1,26980,26968.2,26979.7,49.86,1344916.7521
1686105120000,26979.7,26979.8,26967.8,26967.9,33.163,894612.7801
1686105180000,26967.9,26967.9,26959,26960.2,53.022,1429606.995
1686105240000,26960.2,26962,26953,26953.1,59.997,1617296.4816
1686105300000,26953.1,26974.6,26952.3,26952.3,55.806,1504437.0788
1686105360000,26952.3,26952.4,26920,26926.5,243.777,6565881.1981
1686105420000,26926.5,26934.9,26911,26917.1,99.598,2681274.2358
1686105480000,26917.1,26922.2,26912.2,26919,72.609,1954391.474
1686105540000,26919,26919.1,26902,26912,90.104,2424867.5733
1686105600000,26912,26960.6,26911.9,26946.1,159.915,4307371.9651
1686105660000,26946.1,26974.7,26946,26965.5,161.413,4352696.7113
1686105720000,26965.5,27003.9,26964.5,26999.9,191.908,5180299.3507
1686105780000,26999.9,26999.9,26980,26982.7,58.205,1571113.0316
1686105840000,26982.7,27005,26982.7,27001,118.528,3199282.0476
1686105900000,27001,27001.1,26990,26990,25.786,696109.1513
1686105960000,26990,26990.1,26978,26979.5,60.599,1635165.3279
1686106020000,26979.5,26979.6,26969.5,26969.6,22.239,599864.4141
1686106080000,26969.6,26969.6,26962.6,26962.6,19.434,524052.4464
1686106140000,26962.6,26963.8,26942.7,26942.8,69.509,1873583.6776
1686106200000,26942.8,26947.5,26934.7,26947.5,52.072,1402952.1171
1686106260000,26947.5,26972.6,26947.4,26972,40.828,1100761.5284
1686106320000,26972,26972.1,26957.4,26959.5,16.555,446359.4616
1686106380000,26959.5,26963.4,26943.8,26943.8,12.311,331856.6659
1686106440000,26943.8,26947.9,26943.8,26947.8,17.972,484249.5214
1686106500000,26947.8,26947.9,26945,26946.8,14.556,392239.5278
1686106560000,26946.8,26946.9,26938.3,26938.3,29.003,781436.3905
1686106620000,26938.3,26953.1,26938.3,26953.1,27.338,736634.6007
1686106680000,26953.1,26953.1,26950.5,26951,12.15,327455.8501
1686106740000,26951,26951.1,26932.8,26932.8,21.527,580041.0027
1686106800000,26932.8,26938,26928.5,26937.9,53.656,1445116.1425
1686106860000,26937.9,26942.3,26937.9,26942.2,24.814,668519.6883
1686106920000,26942.2,26942.3,26942,26942.1,12.027,324034.148
1686106980000,26942.1,26942.1,26939,26939.4,31.593,851153.9586
1686107040000,26939.4,26939.4,26915.8,26916.3,93.13,2507383.1644
1686107100000,26916.3,26942.1,26916.3,26942.1,90.992,2450678.5246
1686107160000,26942.1,26951.1,26942,26947.2,112.725,3037945.9922
1686107220000,26947.2,26947.2,26934.9,26934.9,11.36,306056.989
1686107280000,26934.9,26935,26930,26930.1,12.599,339350.1148
1686107340000,26930.1,26941.5,26929.5,26941.4,40.797,1098869.475
1686107400000,26941.4,26959.8,26941.4,26952.8,53.002,1428548.6198
1686107460000,26952.8,26952.9,26930,26930.1,51.059,1375651.6736
1686107520000,26930.1,26932.9,26883.2,26886.8,327.495,8808984.5028
1686107580000,26886.8,26892.5,26860.1,26869.1,347.999,9351617.0662
1686107640000,26869.1,26869.2,26864.1,26868.4,70.692,1899324.5999
1686107700000,26868.4,26900,26868.4,26900,105.216,2828700.3216
1686107760000,26900,26918.7,26900,26918.6,103.613,2787858.7562
1686107820000,26918.6,26918.7,26890,26890,69.4,1867363.5443
1686107880000,26890,26890.1,26876.5,26876.6,54.888,1475479.6088
1686107940000,26876.6,26876.6,26852.4,26853.7,126.243,3391314.6433
1686108000000,26853.7,26866.7,26853.7,26861.8,148.498,3988686.319
1686108060000,26861.8,26881.7,26861.8,26871.1,48.347,1299130.3263
1686108120000,26871.1,26872.4,26856,26859.9,33.785,907586.1815
1686108180000,26859.9,26859.9,26835,26837.4,319.968,8589845.6965
1686108240000,26837.4,26837.5,26825.4,26832.1,120.198,3225134.7396
1686108300000,26832.1,26832.2,26798.3,26825,568.024,15229048.9924
1686108360000,26825,26830,26803.8,26804.5,167.279,4485562.3382
1686108420000,26804.5,26818.6,26804.5,26817.1,106.879,2865498.2197
1686108480000,26817.1,26830,26817.1,26830,47.231,1266907.0762
1686108540000,26830,26839.2,26813,26813.1,178.556,4791283.8861
1686108600000,26813.1,26813.1,26756.2,26757.6,430.304,11523895.1935
1686108660000,26757.6,26792,26739.7,26745.9,669.883,17932188.3954
1686108720000,26745.9,26760.7,26745.8,26756.4,222.467,5952109.5816
1686108780000,26756.4,26759.7,26725,26725,245.629,6567223.0492
1686108840000,26725,26743.4,26725,26740.1,262.746,7024292.5847
1686108900000,26740.1,26754.1,26720.3,26721,191.825,5129596.1654
1686108960000,26721,26736.5,26720.9,26726.3,77.458,2070051.5854
1686109020000,26726.3,26753.6,26726.2,26753.6,86.112,2302506.6019
1686109080000,26753.6,26767.1,26740.7,26741.6,104.115,2785765.1542
1686109140000,26741.6,26769.4,26741.5,26761.1,103.703,2775154.1033
1686109200000,26761.1,26767,26747.9,26748,58.838,1574556.1258
1686109260000,26748,26766.4,26748,26766.4,90.053,2409749.4942
1686109320000,26766.4,26821.4,26766.4,26808.8,314.721,8433984.7224
1686109380000,26808.8,26826,26808.7,26815,133.674,3584969.4532
1686109440000,26815,26826,26815,26821.7,89.468,2399667.8444
1686109500000,26821.7,26821.7,26801,26801.1,121.944,3269531.1654
1686109560000,26801.1,26816.7,26801,26816.7,89.358,2395369.3299
1686109620000,26816.7,26826,26816.6,26825.9,118.012,3165466.6483
1686109680000,26825.9,26843.3,26825.9,26838,204.838,5497573.2371
1686109740000,26838,26854.7,26837.7,26840.6,194.664,5226215.0543
1686109800000,26840.6,26841.5,26833.8,26835.1,59.61,1599715.1864
1686109860000,26835.1,26845.8,26833.8,26845.8,21.128,567019.2452
1686109920000,26845.8,26870.5,26841.6,26870.5,90.803,2439060.5057
1686109980000,26870.5,26885.5,26870.4,26882.8,174.559,4692199.8782
1686110040000,26882.8,26882.9,26866.8,26871.6,83.34,2239926.182
1686110100000,26871.6,26898.4,26871.5,26890.2,126.987,3414151.3743
1686110160000,26890.2,26908.3,26890.1,26900.1,200.827,5401700.225
1686110220000,26900.1,26919.8,26900,26906.2,125.032,3364579.4797
1686110280000,26906.2,26906.2,26900,26900,33.246,894464.4736
1686110340000,26900,26900.6,26887.6,26900.5,69.339,1864894.1258
1686110400000,26900.5,26900.6,26890.2,26890.2,39.992,1075672.2666
1686110460000,26890.2,26890.2,26867.6,26867.6,138.568,3724286.3756
1686110520000,26867.6,26877,26867.6,26872.1,36.754,987674.6476
1686110580000,26872.1,26875.6,26872.1,26875.6,20.238,543881.6793
1686110640000,26875.6,26894.8,26875.5,26894.8,102.341,2751475.6835
1686110700000,26894.8,26914.2,26894.8,26904.8,90.833,2443935.1865
1686110760000,26904.8,26910.2,26900.4,26900.5,32.495,874350.7039
1686110820000,26900.5,26900.5,26891.5,26900,24.837,668027.9515
1686110880000,26900,26911.2,26899.9,26911.2,37.487,1008657.5817
1686110940000,26911.2,26917.9,26911.1,26916.5,40.361,1086313.7034
1686111000000,26916.5,26917,26900.5,26904.2,63.619,1711956.8878
1686111060000,26904.2,26904.2,26894.9,26896.3,18.983,510573.1298
1686111120000,26896.3,26907.6,26896.3,26900.5,35.667,959429.356
1686111180000,26900.5,26915.2,26900,26913.9,24.305,654059.3811
1686111240000,26913.9,26919.1,26913.9,26918.1,22.218,598043.1483
1686111300000,26918.1,26918.2,26903,26907.7,19.608,527661.3647
1686111360000,26907.7,26908,26902.6,26907.9,29.632,797254.251
1686111420000,26907.9,26916.4,26907.9,26914.5,26.843,722409.087
1686111480000,26914.5,26922.9,26914.4,26917.4,27.057,728308.4973
1686111540000,26917.4,26919.6,26917.3,26917.3,10.545,283848.3086
1686111600000,26917.3,26917.4,26904,26904.2,57.092,1536267.0189
1686111660000,26904.2,26908.1,26896.5,26896.5,36.616,985042.631
1686111720000,26896.5,26896.6,26891.6,26895,37.823,1017208.3595
1686111780000,26895,26905.4,26894.9,26905.4,34.53,928860.6941
1686111840000,26905.4,26908,26900.4,26900.5,27.738,746218.3823
1686111900000,26900.5,26904.8,26900.5,26901.2,27.695,745041.2856
1686111960000,26901.2,26901.2,26901.1,26901.2,5.803,156107.3082
1686112020000,26901.2,26915,26901.1,26914.9,54.897,1477014.0059
1686112080000,26914.9,26952.3,26914.9,26948.5,295.993,7973601.8027
1686112140000,26948.5,26948.6,26915.8,26916.5,273.951,7378450.4496
1686112200000,26916.5,26916.6,26902.7,26902.7,22.155,596208.3778
1686112260000,26902.7,26907.6,26900.2,26902.6,28.687,771792.6991
1686112320000,26902.6,26905,26898.5,26904.9,38.564,1037391.1841
1686112380000,26904.9,26905,26904.9,26905,13.753,370023.3874
1686112440000,26905,26905,26898.5,26900.1,30.218,812858.5405
1686112500000,26900.1,26901.3,26896.6,26901.2,18.039,485219.639
1686112560000,26901.2,26904.3,26893.6,26894,36.679,986594.9231
1686112620000,26894,26894,26887.3,26887.9,32.412,871619.3006
1686112680000,26887.9,26895.3,26881.9,26889.3,47.061,1265300.4749
1686112740000,26889.3,26889.3,26880.8,26880.8,29.891,803540.8497
1686112800000,26880.8,26886.6,26880.8,26886.6,24.634,662203.4993
1686112860000,26886.6,26896.7,26886.5,26896.6,10.426,280382.592
1686112920000,26896.6,26918.6,26896.6,26909.8,80.937,2177829.6323
1686112980000,26909.8,26911.5,26908.5,26908.6,44.498,1197458.7136
1686113040000,26908.6,26908.7,26908.6,26908.6,14.288,384470.4613
1686113100000,26908.6,26910,26897.7,26897.8,37.25,1002301.6583
1686113160000,26897.8,26897.8,26896.6,26896.6,18.06,485766.1655
1686113220000,26896.6,26900.2,26895.3,26895.3,12.812,344623.1324
1686113280000,26895.3,26905.7,26895.3,26905.7,20.067,539767.4539
1686113340000,26905.7,26906.7,26905.6,26906.7,15.898,427747.8422
1686113400000,26906.7,26934.4,26906.7,26934.4,64.439,1734860.6909
1686113460000,26934.4,26934.9,26930.3,26931.8,20.058,540209.8716
1686113520000,26931.8,26950.5,26931.8,26950.5,58.136,1566517.4768
1686113580000,26950.5,26950.5,26935.2,26935.2,78.829,2124144.1693
1686113640000,26935.2,26941.7,26928.8,26931.4,40.82,1099556.4473
1686113700000,26931.4,26936.6,26927.6,26927.7,51.966,1399561.285
1686113760000,26927.7,26934.6,26927.6,26934.5,12.132,326709.6406
1686113820000,26934.5,26945.3,26934.5,26945.3,125.435,3378902.319
1686113880000,26945.3,26945.3,26932.8,26932.8,68.315,1840555.5198
1686113940000,26932.8,26932.9,26921.9,26922,22.428,603921.8905
1686114000000,26922,26930,26921.9,26930,12.221,329082.2697
1686114060000,26930,26930,26923.6,26923.6,9.661,260144.0352
1686114120000,26923.6,26929.9,26923.6,26929.9,16.656,448472.8727
1686114180000,26929.9,26931.4,26929.8,26931.4,5.959,160478.2527
1686114240000,26931.4,26936.7,26931.4,26936.7,20.488,551850.5001
1686114300000,26936.7,26939.1,26936.7,26937.7,28.117,757415.0438
1686114360000,26937.7,26939.9,26937.6,26938.9,8.111,218499.635
1686114420000,26938.9,26942.8,26938.9,26940.5,13.74,370156.9822
1686114480000,26940.5,26944.5,26940.4,26944.5,19.036,512884.5166
1686114540000,26944.5,26957.9,26944.4,26957.8,74.916,2019143.7937
1686114600000,26957.8,26957.8,26944.5,26952,82.284,2217888.1757
1686114660000,26952,26952,26945,26945.1,15.897,428424.2035
1686114720000,26945.1,26945.1,26945,26945.1,15.45,416301.1574
1686114780000,26945.1,26957.9,26945.1,26957.9,22.225,599012.757
1686114840000,26957.9,26957.9,26952.5,26956.5,17.672,476386.1677
1686114900000,26956.5,26957.1,26944.5,26944.5,15.742,424252.1852
1686114960000,26944.5,26944.6,26935.2,26935.2,13.82,372308.7849
1686115020000,26935.2,26935.3,26925.9,26925.9,13.946,375568.3504
1686115080000,26925.9,26926,26925.9,26925.9,13.728,369639.0241
1686115140000,26925.9,26925.9,26913.7,26917.2,46.556,1253225.3939
1686115200000,26917.2,26926.2,26912.2,26926.2,148.121,3986927.9863
1686115260000,26926.2,26933.1,26926.1,26928.4,16.271,438170.1069
1686115320000,26928.4,26935.5,26928.3,26935.5,6.034,162502.1478
1686115380000,26935.5,26942.6,26932.2,26942.6,62.375,1680126.5791
1686115440000,26942.6,26958.8,26942.6,26950.1,56.227,1515271.9004
1686115500000,26950.1,26955.7,26950,26954.2,13.68,368735.2719
1686115560000,26954.2,26954.8,26954.2,26954.8,8.639,232859.5959
1686115620000,26954.8,26969.6,26954.7,26961.6,93.518,2521647.7426
1686115680000,26961.6,26961.6,26945.8,26945.8,58.995,1590132.2171
1686115740000,26945.8,26945.9,26937.5,26938.1,40.708,1096780.2394
1686115800000,26938.1,26938.1,26930,26930,15.952,429675.2139
1686115860000,26930,26930.1,26921.3,26921.3,19.286,519304.7269
1686115920000,26921.3,26921.4,26921,26921,24.454,658330.0379
1686115980000,26921,26921.1,26912,26912,11.41,307144.7126
1686116040000,26912,26912.1,26904.7,26904.7,67.847,1825589.3178
1686116100000,26904.7,26911.4,26893.4,26893.4,90.685,2439790.193
1686116160000,26893.4,26913.1,26893.4,26913.1,77.587,2087385.2344
1686116220000,26913.1,26913.1,26908,26908,11.696,314756.4003
1686116280000,26908,26908.1,26908,26908.1,8.705,234234.4446
1686116340000,26908.1,26908.1,26908,26908.1,19.5,524706.8707
1686116400000,26908.1,26908.1,26908,26908.1,1.563,42057.3047
1686116460000,26908.1,26908.1,26899.2,26899.2,31.722,853446.0623
1686116520000,26899.2,26899.3,26899.2,26899.3,4.953,133231.8056
1686116580000,26899.3,26899.3,26892.8,26892.8,13.146,353566.3
1686116640000,26892.8,26896.7,26892.8,26896.7,18.237,490449.9869
1686116700000,26896.7,26899.1,26893.9,26894,25.727,691966.3938
1686116760000,26894,26894,26886,26886.1,44.531,1197417.8433
1686116820000,26886.1,26886.4,26872.3,26877.3,134.606,3618103.0921
1686116880000,26877.3,26877.3,26874.4,26876.1,19.02,511178.8397
1686116940000,26876.1,26876.2,26871.6,26871.6,20.96,563269.161
1686117000000,26871.6,26884.6,26871.2,26884.5,56.539,1519687.4891
1686117060000,26884.5,26888.2,26880.8,26880.8,16.065,431900.8035
1686117120000,26880.8,26880.9,26869.3,26872.9,72.926,1959603.4134
1686117180000,26872.9,26876.4,26872.9,26874.4,13.362,359107.7881
1686117240000,26874.4,26880,26874.3,26876.6,32.434,871708.4959
1686117300000,26876.6,26893,26876.3,26892.9,49.477,1330316.8894
1686117360000,26892.9,26911.9,26892.9,26911.9,36.229,974672.6352
1686117420000,26911.9,26918.2,26907.4,26907.4,44.687,1202736.8558
1686117480000,26907.4,26909.4,26907.4,26909.4,24.794,667144.6402
1686117540000,26909.4,26909.4,26903.1,26903.1,27.056,727968.8135
1686117600000,26903.1,26910.1,26903.1,26905.4,43.446,1169043.5668
1686117660000,26905.4,26905.4,26905.3,26905.4,18.771,505039.7485
1686117720000,26905.4,26908.5,26905.4,26908.4,22.471,604647.9326
1686117780000,26908.4,26908.5,26908.4,26908.5,24.867,669132.9485
1686117840000,26908.5,26926.3,26908.4,26926.2,48.779,1312985.6356
1686117900000,26926.2,26934.7,26926.2,26930.4,161.342,4345214.424
1686117960000,26930.4,26930.4,26929.9,26930,30.221,813849.2789
1686118020000,26930,26930.4,26929.9,26930.4,15.476,416769.2477
1686118080000,26930.4,26933.3,26930.3,26933.2,14.077,379105.1727
1686118140000,26933.2,26933.3,26919.7,26919.7,37.063,998004.4458
1686118200000,26919.7,26924.8,26919.7,26924.7,21.516,579309.7972
1686118260000,26924.7,26930,26924.7,26930,31.241,841199.1428
1686118320000,26930,26930,26921.6,26921.6,21.373,575531.2271
1686118380000,26921.6,26921.7,26910.2,26910.2,34.036,916122.1359
1686118440000,26910.2,26910.3,26900,26900.1,64.465,1734525.138
1686118500000,26900.1,26904,26889.7,26904,29.798,801357.0156
1686118560000,26904,26904,26899,26901.4,45.202,1215964.4071
1686118620000,26901.4,26914.5,26901.4,26914.5,21.335,574059.3277
1686118680000,26914.5,26918.6,26910,26918.3,33.483,901184.1995
1686118740000,26918.3,26926,26917.1,26922.1,18.47,497209.4761
1686118800000,26922.1,26923.8,26916.7,26921.9,23.195,624402.0734
1686118860000,26921.9,26921.9,26914.3,26917.7,17.099,460256.5142
1686118920000,26917.7,26919.8,26914,26919.8,25.007,673122.4831
1686118980000,26919.8,26922.6,26919.7,26920.7,30.983,834110.5023
1686119040000,26920.7,26920.7,26912.5,26912.6,14.484,389896.6544
1686119100000,26912.6,26912.6,26905.1,26905.2,15.387,414072.3181
1686119160000,26905.2,26905.2,26902.4,26902.4,7.281,195879.5897
1686119220000,26902.4,26902.5,26900.2,26900.3,27.788,747527.1489
1686119280000,26900.3,26900.3,26896.2,26896.2,43.34,1165757.8698
1686119340000,26896.2,26898.1,26895.7,26898.1,54.047,1453662.9667
1686119400000,26898.1,26898.1,26898,26898,17.871,480695.2421
1686119460000,26898,26898.1,26892.6,26892.6,21.902,589097.4947
1686119520000,26892.6,26892.7,26884.6,26884.6,38.254,1028627.3211
1686119580000,26884.6,26892.8,26882.4,26892.8,55.064,1480399.917
1686119640000,26892.8,26892.8,26881.8,26881.9,24.881,668942.0679
1686119700000,26881.9,26886.4,26881.9,26883.5,12.906,346989.6255
1686119760000,26883.5,26883.6,26877.9,26877.9,42.414,1140109.0317
1686119820000,26877.9,26877.9,26870,26870,27.752,745787.4455
1686119880000,26870,26870,26830.1,26833.5,241.01,6470434.8377
1686119940000,26833.5,26844.4,26801.6,26810.1,209.281,5613394.7012
1686120000000,26810.1,26837.6,26809.2,26836.9,169.174,4537854.6911
1686120060000,26836.9,26846.7,26825.8,26836.7,137.368,3687009.9244
1686120120000,26836.7,26842.9,26834.2,26842.9,30.198,810511.1835
1686120180000,26842.9,26843,26834.1,26841.9,24.313,652499.6451
1686120240000,26841.9,26844,26836.2,26836.5,20.88,560472.6384
1686120300000,26836.5,26856.9,26836.5,26852.6,49.836,1337970.9798
1686120360000,26852.6,26876.6,26852.6,26866.8,92.405,2482509.4006
1686120420000,26866.8,26870.2,26857,26857,38.351,1030351.1743
1686120480000,26857,26857.1,26843.1,26844.1,50.043,1343576.937
1686120540000,26844.1,26844.1,26834.2,26834.2,87.785,2355689.7839
1686120600000,26834.2,26834.3,26825,26825.1,69.518,1865347.8229
1686120660000,26825.1,26831.6,26822,26822.1,28.373,761076.6976
1686120720000,26822.1,26822.1,26812,26814.6,46.954,1259142.699
1686120780000,26814.6,26823.2,26811,26823.1,27.165,728429.7903
1686120840000,26823.1,26823.2,26823.1,26823.2,16.991,455752.8364
1686120900000,26823.2,26837.5,26823.2,26832.6,46.285,1241935.9978
1686120960000,26832.6,26846.7,26832.6,26842,17.78,477170.5521
1686121020000,26842,26845.3,26835.8,26841.4,32.98,885229.6206
1686121080000,26841.4,26844.3,26835,26835,16.68,447705.5885
1686121140000,26835,26835.1,26816.3,26820.7,84.37,2262873.9678
1686121200000,26820.7,26825,26816.8,26821.5,56.382,1512265.1567
1686121260000,26821.5,26822,26812.8,26812.8,54.3,1456274.309
1686121320000,26812.8,26818.5,26807.7,26807.8,56.328,1510230.6846
1686121380000,26807.8,26827.9,26806.2,26827.5,75.537,2025707.1445
1686121440000,26827.5,26828.3,26827.4,26828.2,20.088,538916.9042
1686121500000,26828.2,26835.5,26824.8,26824.9,70.312,1886597.6866
1686121560000,26824.9,26824.9,26813.7,26817.6,38.222,1025062.2738
1686121620000,26817.6,26831,26817.6,26830.9,27.08,726397.4499
1686121680000,26830.9,26832.5,26830.9,26832.5,21.532,577730.3684
1686121740000,26832.5,26834.2,26817.5,26817.5,34.769,932729.083
1686121800000,26817.5,26818,26805.1,26807.2,18.083,484813.186
1686121860000,26807.2,26807.3,26800,26800,105.438,2825931.8566
1686121920000,26800,26802.9,26795.1,26795.1,139.218,3730786.3105
1686121980000,26795.1,26797.1,26775.1,26775.1,163.034,4367179.3488
1686122040000,26775.1,26790.5,26770,26779,133.824,3583404.5387
1686122100000,26779,26779.1,26757.8,26763.2,121.751,3258824.1068
1686122160000,26763.2,26784.5,26760.7,26784.5,102.001,2730329.9901
1686122220000,26784.5,26795.7,26784.5,26795.6,47.112,1262122.4406
1686122280000,26795.6,26798.4,26785.8,26788.3,77.657,2080701.8047
1686122340000,26788.3,26789.9,26778.7,26779.6,24.103,645555.3224
1686122400000,26779.6,26779.6,26763.7,26763.8,51.361,1375179.6172
1686122460000,26763.8,26763.8,26750.8,26750.8,103.095,2758419.9577
1686122520000,26750.8,26764.4,26746.5,26764.3,132.09,3534033.9529
1686122580000,26764.3,26770,26764.3,26770,37.223,996379.9513
1686122640000,26770,26795,26768,26795,88.443,2368854.3258
1686122700000,26795,26819.5,26791.1,26819.5,186.819,5007743.7409
1686122760000,26819.5,26829,26814.1,26814.8,180.416,4839136.397
1686122820000,26814.8,26814.9,26801,26807.9,103.629,2777976.3643
1686122880000,26807.9,26818.5,26807.9,26818.5,44.05,1181107.8791
1686122940000,26818.5,26834.9,26813.2,26834.9,76.358,2047848.0962
1686123000000,26834.9,26834.9,26821.7,26826.1,108.585,2913016.1951
1686123060000,26826.1,26834.4,26826.1,26828.1,55.595,1491684.7611
1686123120000,26828.1,26868.4,26828.1,26847.5,249.119,6689149.0997
1686123180000,26847.5,26876.4,26847.4,26876.3,89.885,2414836.8616
1686123240000,26876.3,26895,26876.3,26887.1,133.664,3593905.2157
1686123300000,26887.1,26887.2,26864,26864.1,104.085,2797109.8462
1686123360000,26864.1,26870.6,26864.1,26866.2,59.148,1589067.9315
1686123420000,26866.2,26866.3,26849.2,26862.4,55.661,1494950.2283
1686123480000,26862.4,26863.8,26855,26855.1,19.081,512529.2377
1686123540000,26855.1,26855.8,26850,26850,23.05,618932.8794
1686123600000,26850,26856,26850,26856,30.668,823504.7078
1686123660000,26856,26856.1,26840.6,26843.9,61.21,1643345.3929
1686123720000,26843.9,26844.8,26838.4,26840,109.079,2927984.7778
1686123780000,26840,26842.9,26835,26842.9,34.129,915998.5698
1686123840000,26842.9,26842.9,26839,26840.3,18.637,500254.9546
1686123900000,26840.3,26840.8,26840.3,26840.8,17.102,459029.2827
1686123960000,26840.8,26842.9,26840.7,26842.8,25.769,691708.9427
1686124020000,26842.8,26848.1,26842.8,26848.1,38.415,1031180.6005
1686124080000,26848.1,26848.1,26842.8,26842.8,10.55,283206.3287
1686124140000,26842.8,26846,26831.4,26831.4,44.584,1196633.3208
1686124200000,26831.4,26831.5,26818.4,26822.4,41.561,1114746.9053
1686124260000,26822.4,26828.5,26822.4,26828.4,32.999,885174.3946
1686124320000,26828.4,26833,26828.4,26831.3,23.877,640648.6095
1686124380000,26831.3,26831.3,26830.1,26830.9,18.239,489359.5605
1686124440000,26830.9,26830.9,26814.2,26818.8,85.461,2292210.4831
1686124500000,26818.8,26818.8,26805.7,26814.1,93.595,2509306.7596
1686124560000,26814.1,26821.5,26809.2,26809.2,20.186,541306.5604
1686124620000,26809.2,26811,26800.7,26800.8,44.406,1190325.7982
1686124680000,26800.8,26801,26792.4,26798.4,108.141,2897980.5621
1686124740000,26798.4,26798.5,26780,26785.9,107.046,2867542.5229
1686124800000,26785.9,26789.5,26778.9,26787.4,112.128,3003036.3137
1686124860000,26787.4,26802.7,26787.4,26799.9,89.967,2411049.2146
1686124920000,26799.9,26814.8,26799.1,26812.7,76.405,2048433.5691
1686124980000,26812.7,26814.7,26806,26806.1,39.35,1055066.9311
1686125040000,26806.1,26806.1,26791.7,26795.4,24.467,655617.6613
1686125100000,26795.4,26814,26795.4,26814,45.254,1212964.7453
1686125160000,26814,26816.2,26813.9,26816.1,14.121,378670.6091
1686125220000,26816.1,26816.2,26800.1,26800.2,43.852,1175444.6614
1686125280000,26800.2,26800.9,26800.1,26800.1,30.2,809371.9101
1686125340000,26800.1,26800.2,26792.2,26792.3,22.38,599688.3462
1686125400000,26792.3,26792.4,26773.4,26784.1,65.577,1756205.8241
1686125460000,26784.1,26791.3,26780,26780.1,53.556,1434652.8727
1686125520000,26780.1,26780.1,26766.6,26766.9,52.78,1412973.5489
1686125580000,26766.9,26771,26756.4,26765.9,173.176,4634399.9118
1686125640000,26765.9,26776.4,26765.9,26776.4,32.823,878698.6371
1686125700000,26776.4,26779.3,26771.9,26779.3,53.945,1444378.6361
1686125760000,26779.3,26790.6,26779.3,26790.6,41.536,1112597.8818
1686125820000,26790.6,26799.9,26790.6,26797.8,44.231,1185282.3009
1686125880000,26797.8,26798.9,26797.8,26798.8,12.537,335967.1402
1686125940000,26798.8,26799.9,26798.8,26799.9,12.651,339038.7009
1686126000000,26799.9,26814.5,26799.8,26812.2,161.231,4322054.6588
1686126060000,26812.2,26818.6,26812.2,26818.6,22.599,606045.2865
1686126120000,26818.6,26819,26812.2,26812.2,47.574,1275822.4698
1686126180000,26812.2,26814.7,26810.5,26814.6,43.238,1159271.5844
1686126240000,26814.6,26814.7,26814.6,26814.7,14.229,381545.5691
1686126300000,26814.7,26814.7,26801.3,26801.3,46.072,1235232.2721
1686126360000,26801.3,26801.3,26797.2,26797.2,17.749,475640.765
1686126420000,26797.2,26797.3,26787.7,26787.8,21.429,574188.0661
1686126480000,26787.8,26787.8,26787.6,26787.6,7.064,189228.0099
1686126540000,26787.6,26789.8,26787.6,26789.8,107.784,2887333.5298
1686126600000,26789.8,26789.8,26789.7,26789.8,21.954,588142.6424
1686126660000,26789.8,26789.8,26785,26785,31.504,843962.4689
1686126720000,26785,26788.5,26781.9,26788.4,67.278,1802051.158
1686126780000,26788.4,26788.5,26785.6,26785.6,15.394,412368.9748
1686126840000,26785.6,26785.7,26783.7,26783.7,14.881,398586.1708
1686126900000,26783.7,26783.8,26783.3,26783.3,9.877,264540.5593
1686126960000,26783.3,26788.7,26783.3,26788.7,13.958,373853.8272
1686127020000,26788.7,26799.5,26788.6,26799.5,42.162,1129696.456
1686127080000,26799.5,26803.8,26799.5,26803.8,39.008,1045524.1045
1686127140000,26803.8,26805.7,26803.7,26805.7,20.87,559408.8663
1686127200000,26805.7,26810,26805.6,26810,32.225,863835.5455
1686127260000,26810,26825.1,26810,26825,69.657,1868195.3104
1686127320000,26825,26833.2,26825,26833.2,87.618,2350551.8708
1686127380000,26833.2,26835.2,26828.8,26828.9,104.684,2809019.1662
1686127440000,26828.9,26829.2,26825,26829.2,20.4,547268.5004
1686127500000,26829.2,26832,26823,26823,19.588,525533.4471
1686127560000,26823,26823,26815.1,26815.2,34.282,919320.8493
1686127620000,26815.2,26821.1,26809.8,26821.1,62.717,1681673.9505
1686127680000,26821.1,26822.3,26820.9,26821,14.519,389431.9637
1686127740000,26821,26822.9,26820.3,26822.9,13.259,355632.4283
1686127800000,26822.9,26826.1,26818.8,26818.8,55.871,1498634.9861
1686127860000,26818.8,26818.8,26792.6,26797.4,94.246,2525759.2062
1686127920000,26797.4,26797.4,26783.3,26783.3,34.93,935795.6488
1686127980000,26783.3,26787,26782.5,26787,32.848,879772.9826
1686128040000,26787,26787,26786.3,26786.3,13.97,374212.8981
1686128100000,26786.3,26791.9,26786.3,26791.9,83.114,2226407.7162
1686128160000,26791.9,26791.9,26791.8,26791.9,14.795,396385.1096
1686128220000,26791.9,26806.6,26791.8,26806.5,34.402,921875.873
1686128280000,26806.5,26806.6,26806.5,26806.6,7.68,205874.3554
1686128340000,26806.6,26811,26806.5,26811,21.439,574755.7332
1686128400000,26811,26811,26785.8,26785.8,87.41,2342443.7003
1686128460000,26785.8,26785.9,26782.2,26782.2,15.72,421049.8656
1686128520000,26782.2,26785.9,26780.7,26785.9,25.589,685344.9911
1686128580000,26785.9,26796.8,26784,26796.8,73.424,1966786.1069
1686128640000,26796.8,26798.2,26796.7,26798.1,13.591,364210.4623
1686128700000,26798.1,26798.2,26788.8,26788.9,24.366,652897.8753
1686128760000,26788.9,26788.9,26779.4,26779.4,22.861,612248.006
1686128820000,26779.4,26785.4,26757,26785.4,148.695,3980427.5886
1686128880000,26785.4,26798.2,26785.4,26795.4,27.95,748883.5895
1686128940000,26795.4,26798.2,26791,26791,21.685,581087.9059
1686129000000,26791,26791.1,26785.2,26785.2,14.322,383685.14
1686129060000,26785.2,26785.3,26772.8,26784.1,48.708,1304236.4539
1686129120000,26784.1,26786.9,26772.9,26773,65.235,1747167.4716
1686129180000,26773,26773,26757.9,26766.2,67.009,1793572.0299
1686129240000,26766.2,26778.2,26766.2,26778.2,38.139,1020968.9452
1686129300000,26778.2,26778.2,26761.2,26774.7,80.323,2149959.6577
1686129360000,26774.7,26774.8,26773.3,26773.3,10.789,288858.5039
1686129420000,26773.3,26773.8,26773.3,26773.8,9.346,250224.0738
1686129480000,26773.8,26773.8,26724.4,26739.9,301.139,8053259.7883
1686129540000,26739.9,26739.9,26675.4,26695.7,1085.356,28980962.5044
1686129600000,26695.7,26712.4,26681.8,26702.9,368.484,9838185.3516
1686129660000,26702.9,26736.8,26702.9,26732.7,178.223,4762588.9528
1686129720000,26732.7,26739.1,26728.3,26732.1,54.235,1449968.9936
1686129780000,26732.1,26739.3,26720.9,26724.6,60.062,1605667.1108
1686129840000,26724.6,26724.7,26707.2,26714.3,100.714,2690514.5149
1686129900000,26714.3,26714.3,26692.3,26707.1,59.315,1583850.2962
1686129960000,26707.1,26720,26700.5,26717.2,53.986,1441979.2768
1686130020000,26717.2,26718.7,26705.3,26708,55.726,1488354.8505
1686130080000,26708,26710,26705.2,26709.9,48.776,1302605.8773
1686130140000,26709.9,26710,26705,26705.1,68.419,1827261.7255
1686130200000,26705.1,26727.3,26701,26727.2,69.989,1869785.7482
1686130260000,26727.2,26727.3,26717,26717.1,59.328,1585471.0304
1686130320000,26717.1,26719.2,26711,26712,67.874,1813350.1421
1686130380000,26712,26712,26677.8,26677.8,205.274,5478927.6216
1686130440000,26677.8,26695,26670.3,26688.9,222.426,5934070.8259
1686130500000,26688.9,26688.9,26665.1,26666.1,160.582,4282786.0514
1686130560000,26666.1,26666.2,26656,26660,151.138,4029403.8925
1686130620000,26660,26662.8,26641,26657.7,322.475,8593257.7519
1686130680000,26657.7,26657.7,26635.6,26649.9,242.204,6453818.5792
1686130740000,26649.9,26650,26622.1,26629.9,370.406,9864593.0931
1686130800000,26629.9,26678.7,26629.9,26665.4,282.874,7539812.0087
1686130860000,26665.4,26668.9,26655.5,26665.9,157.323,4194911.9336
1686130920000,26665.9,26722.1,26665.9,26721.6,258.491,6902280.6088
1686130980000,26721.6,26722.9,26706.6,26716.1,80.398,2147792.5563
1686131040000,26716.1,26721.4,26716,26721.1,38.422,1026627.8141
1686131100000,26721.1,26721.6,26721,26721.1,62.906,1680930.6341
1686131160000,26721.1,26721.1,26666.6,26666.9,346.094,9240491.0042
1686131220000,26666.9,26667,26624.3,26624.4,469.11,12498699.0121
1686131280000,26624.4,26640,26613.6,26638.7,204.637,5448102.3839
1686131340000,26638.7,26638.8,26606.5,26612.5,193.651,5154983.6906
1686131400000,26612.5,26627.7,26583.5,26583.6,497.187,13224676.9517
1686131460000,26583.6,26636.1,26555.2,26633,654.441,17398684.5608
1686131520000,26633,26639,26615,26618.1,144.968,3860277.9601
1686131580000,26618.1,26630,26606.1,26606.2,104.475,2781325.4093
1686131640000,26606.2,26618.4,26558.2,26575.8,360.019,9570794.4836
1686131700000,26575.8,26575.9,26517.2,26517.2,579.774,15391822.8624
1686131760000,26517.2,26556.4,26501,26521.1,975.943,25889070.2398
1686131820000,26521.1,26531.8,26405,26458.9,2363.947,62569292.3987
1686131880000,26458.9,26497,26458.9,26471.2,471.052,12474702.3499
1686131940000,26471.2,26497.5,26440.2,26475.8,392.308,10385448.7817
1686132000000,26475.8,26475.8,26405.1,26418.5,786.091,20783503.9547
1686132060000,26418.5,26432.3,26370,26402.4,1168.451,30838819.2582
1686132120000,26402.4,26402.4,26335.2,26388,1504.559,39667608.4245
1686132180000,26388,26440.4,26367.6,26420,612.635,16178591.9141
1686132240000,26420,26425.4,26380.9,26404.1,395.285,10434512.3477
1686132300000,26404.1,26443,26397.8,26433.1,421.121,11128283.6544
1686132360000,26433.1,26483,26430,26480.7,461.896,12221129.197
1686132420000,26480.7,26513.6,26475.8,26511.5,565.68,14989935.4838
1686132480000,26511.5,26523,26485,26508.1,285.676,7573179.8958
1686132540000,26508.1,26555,26508,26549.8,548.241,14552351.576
1686132600000,26549.8,26549.8,26511.6,26512.4,354.529,9406321.2389
1686132660000,26512.4,26537.6,26502.3,26513.5,261.674,6940833.0074
1686132720000,26513.5,26519.8,26495.4,26505,264.056,6999070.0676
1686132780000,26505,26512.1,26487.7,26512.1,150.489,3988055.5561
1686132840000,26512.1,26528.4,26502.2,26509.9,106.16,2815170.0322
1686132900000,26509.9,26510,26481,26481,94.057,2491906.4192
1686132960000,26481,26486.8,26454.7,26486.8,261.304,6915947.9015
1686133020000,26486.8,26535.7,26486.7,26529.2,266.385,7063834.1491
1686133080000,26529.2,26529.2,26515.9,26519.5,66.486,1763395.2926
1686133140000,26519.5,26530,26516.3,26524.9,67.78,1797657.7444
1686133200000,26524.9,26525,26513.3,26514.8,70.744,1875996.4884
1686133260000,26514.8,26518.4,26511.5,26515.2,30.962,820950.283
1686133320000,26515.2,26522.2,26515,26518.9,55.559,1473430.5652
1686133380000,26518.9,26518.9,26490.1,26490.1,103.931,2755068.8213
1686133440000,26490.1,26522.7,26485.2,26491.2,183.439,4861720.6106
1686133500000,26491.2,26491.3,26470.5,26487.6,119.876,3174374.0731
1686133560000,26487.6,26509.8,26487.5,26509.8,60.743,1609611.3755
1686133620000,26509.8,26529.9,26509.7,26529.9,162.664,4313497.5383
1686133680000,26529.9,26547.4,26523.3,26546,243.803,6470101.6657
1686133740000,26546,26578.9,26540.3,26575,283.952,7542008.9446
1686133800000,26575,26586.2,26551.6,26560.1,340.2,9039171.7922
1686133860000,26560.1,26567.2,26551.9,26565.2,69.786,1853428.9991
1686133920000,26565.2,26565.3,26545.1,26545.2,67.318,1787897.6765
1686133980000,26545.2,26545.2,26530.8,26537.9,46.08,1222946.0643
1686134040000,26537.9,26546.7,26535.2,26546.7,56.104,1489090.3902
1686134100000,26546.7,26546.7,26507.9,26521.1,82.776,2195590.8868
1686134160000,26521.1,26530,26514.5,26522.9,45.431,1204866.932
1686134220000,26522.9,26541.3,26522.8,26541.3,30.772,816386.317
1686134280000,26541.3,26560,26537.7,26556.5,77.907,2068643.1034
1686134340000,26556.5,26569,26553.6,26553.7,45.795,1216450.4552
1686134400000,26553.7,26556.5,26546.6,26546.6,74.308,1973161.4768
1686134460000,26546.6,26549.9,26542.2,26549.9,31.631,839687.9756
1686134520000,26549.9,26568.9,26549.8,26568.9,59.789,1588093.0072
1686134580000,26568.9,26593.5,26568.8,26592.3,147.293,3914952.628
1686134640000,26592.3,26615.3,26592.2,26615.3,388.136,10327211.1882
1686134700000,26615.3,26624.6,26577,26577.1,435.62,11587449.8642
1686134760000,26577.1,26577.1,26570,26570,123.545,3282760.3827
1686134820000,26570,26570,26551.1,26551.1,63.73,1692694.7108
1686134880000,26551.1,26560.2,26550,26560.2,82.111,2180589.3783
1686134940000,26560.2,26560.3,26555.1,26558.4,52.385,1391226.183
1686135000000,26558.4,26569.2,26555,26559.2,42.752,1135637.4687
1686135060000,26559.2,26565.5,26550.1,26565.5,42.838,1137629.077
1686135120000,26565.5,26585.6,26565.5,26585.6,35.953,955594.0573
1686135180000,26585.6,26603.1,26584.9,26585,138.519,3683520.6
1686135240000,26585,26585.1,26569.6,26583.9,42.909,1140398.5848
1686135300000,26583.9,26589,26566.4,26566.4,45.277,1203440.7831
1686135360000,26566.4,26587.7,26562.3,26587.7,50.371,1338330.4481
1686135420000,26587.7,26587.7,26580,26580,29.133,774473.916
1686135480000,26580,26582.7,26577.4,26582.7,26.536,705322.4509
1686135540000,26582.7,26582.7,26582.6,26582.7,10.269,272976.9844
1686135600000,26582.7,26585.1,26577,26585.1,37.102,986256.8199
1686135660000,26585.1,26600,26585,26600,88.765,2360428.1553
1686135720000,26600,26600,26585.1,26597.8,43.464,1155864.9013
1686135780000,26597.8,26603,26592.9,26593,55.331,1471832.4764
1686135840000,26593,26594.4,26581.9,26594.3,60.21,1600787.1622
1686135900000,26594.3,26595.4,26584.2,26584.3,32.008,851086.1331
1686135960000,26584.3,26584.3,26579.5,26579.6,43.662,1160570.636
1686136020000,26579.6,26579.6,26575,26575,38.564,1024852.5125
1686136080000,26575,26575.1,26563.9,26574.9,93.24,2477123.5824
1686136140000,26574.9,26599.4,26567.8,26599.4,51.987,1381674.4443
1686136200000,26599.4,26633,26599.4,26622.6,214.484,5709154.7205
1686136260000,26622.6,26633,26622.5,26629,70.879,1887546.3235
1686136320000,26629,26659.9,26623.6,26659.9,268.916,7164506.6555
1686136380000,26659.9,26684.7,26653.1,26671.8,379.29,10116060.3814
1686136440000,26671.8,26671.8,26651.1,26654.5,58.667,1563931.678
1686136500000,26654.5,26660,26629.2,26629.2,112.353,2993414.1435
1686136560000,26629.2,26636.9,26624.1,26630.1,77.577,2065924.5871
1686136620000,26630.1,26634.7,26625,26630.5,54.051,1439402.0091
1686136680000,26630.5,26639.6,26630.4,26634.3,57.309,1526479.2875
1686136740000,26634.3,26634.4,26628.6,26628.7,20.016,533044.5353
1686136800000,26628.7,26628.8,26617.5,26624.9,92.09,2451511.7569
1686136860000,26624.9,26691.1,26621.6,26683.2,262.353,6996331.479
1686136920000,26683.2,26763.6,26683.2,26758.9,910.869,24345434.271
1686136980000,26758.9,26795,26745.9,26748.2,760.301,20359990.0471
1686137040000,26748.2,26764.5,26741.6,26741.6,277.228,7416427.2936
1686137100000,26741.6,26749.9,26715.7,26718.7,269.671,7208482.276
1686137160000,26718.7,26744.9,26718.7,26744.9,73.437,1963097.6268
1686137220000,26744.9,26744.9,26726.2,26728.5,53.511,1430364.1175
1686137280000,26728.5,26728.6,26721.1,26725.8,79.643,2128484.7715
1686137340000,26725.8,26741.3,26719.9,26733.3,57.797,1544911.2312
1686137400000,26733.3,26783.4,26733.3,26780.2,215.641,5771159.4139
1686137460000,26780.2,26844.3,26780.1,26842,674.764,18094275.184
1686137520000,26842,26945,26820,26945,1219.007,32780485.5156
1686137580000,26945,26979,26885.4,26918,1095.48,29500698.6359
1686137640000,26918,26920,26878.6,26890.1,470.711,12657937.2411
1686137700000,26890.1,26891.8,26860,26868.4,177.232,4762986.7275
1686137760000,26868.4,26868.5,26843.1,26856.6,235.991,6337286.0599
1686137820000,26856.6,26856.7,26839.7,26848.5,135.9,3648163.8184
1686137880000,26848.5,26848.7,26830,26835,195.991,5260795.7496
1686137940000,26835,26843.9,26825,26843.9,106.408,2855000.942
1686138000000,26843.9,26869.5,26825,26825.1,377.891,10146367.5028
1686138060000,26825.1,26838.6,26811,26831.9,155.544,4172765.8132
1686138120000,26831.9,26843.7,26829.8,26840.7,131.245,3522433.4152
1686138180000,26840.7,26848.3,26817.3,26817.3,87.704,2353075.7718
1686138240000,26817.3,26826.4,26817.3,26820.2,58.17,1560376.6401
1686138300000,26820.2,26820.3,26809.8,26812.2,47.062,1261856.9213
1686138360000,26812.2,26812.2,26783.1,26788.1,219.246,5874682.3827
1686138420000,26788.1,26791.2,26775.3,26791.2,133.883,3585649.8834
1686138480000,26791.2,26796.6,26781.8,26786.4,46.95,1257788.2824
1686138540000,26786.4,26790,26770,26784.1,79.339,2124831.8328
1686138600000,26784.1,26784.2,26761.5,26777.8,188.215,5038299.2075
1686138660000,26777.8,26778,26764.1,26767.3,102.292,2738424.8785
1686138720000,26767.3,26767.3,26759.4,26764,63.774,1706743.9543
1686138780000,26764,26811.5,26763.9,26802.3,137.84,3693526.3419
1686138840000,26802.3,26806.5,26787.2,26802,145.633,3902551.8116
1686138900000,26802,26807.2,26781.7,26807.1,111.317,2982365.3589
1686138960000,26807.1,26861.3,26807.1,26843.1,275.769,7402222.1489
1686139020000,26843.1,26857,26821,26825.9,192.653,5171802.3323
1686139080000,26825.9,26839.2,26820,26836.6,60.012,1610189.7486
1686139140000,26836.6,26884.6,26836.6,26884.5,203.515,5466101.0456
1686139200000,26884.5,26888.1,26860.5,26887.1,250.351,6728451.8902
1686139260000,26887.1,26896.7,26858.7,26858.7,120.381,3235185.4031
1686139320000,26858.7,26864.2,26853.6,26853.6,82.705,2221161.5953
1686139380000,26853.6,26853.7,26828.8,26828.9,210.568,5652465.1419
1686139440000,26828.9,26838.9,26826.8,26832.3,40.802,1094745.2463
1686139500000,26832.3,26832.3,26815.6,26815.6,54.569,1463777.3023
1686139560000,26815.6,26815.7,26775.1,26783,195.459,5236556.6391
1686139620000,26783,26799,26772.9,26777.2,117.44,3145089.7733
1686139680000,26777.2,26840,26777.2,26840,143.829,3855125.2788
1686139740000,26840,26842.8,26812.5,26812.6,80.114,2149885.7064
1686139800000,26812.6,26820,26802.1,26809.8,65.765,1763136.132
1686139860000,26809.8,26810.2,26797.9,26797.9,40.766,1092718.6352
1686139920000,26797.9,26798.3,26784.4,26798.3,68.215,1827493.049
1686139980000,26798.3,26825.5,26798.2,26822.9,102.582,2750650.1073
1686140040000,26822.9,26823,26808.9,26808.9,68.142,1827477.6954
1686140100000,26808.9,26820.6,26807.2,26820.6,62.734,1682126.1955
1686140160000,26820.6,26820.9,26812,26812.3,73.248,1964361.8513
1686140220000,26812.3,26812.4,26735.5,26750,696.463,18635354.3657
1686140280000,26750,26776.6,26741.1,26776.5,419.163,11215131.5395
1686140340000,26776.5,26789.3,26771.4,26788.7,114.93,3077794.2689
1686140400000,26788.7,26788.7,26767.2,26767.3,120.181,3218162.0877
1686140460000,26767.3,26774.8,26759.3,26774.8,41.349,1106693.3723
1686140520000,26774.8,26789,26769.6,26789,66.07,1769139.2435
1686140580000,26789,26792.1,26779,26787.4,40.361,1081140.1151
1686140640000,26787.4,26789,26785.7,26788.5,21.573,577899.846
1686140700000,26788.5,26790.6,26774,26778,65.226,1747092.7902
1686140760000,26778,26779.5,26767.7,26779.5,25.206,674837.2648
1686140820000,26779.5,26790,26774.4,26781.1,22.086,591541.9334
1686140880000,26781.1,26781.1,26778.5,26778.6,4.271,114372.6922
1686140940000,26778.6,26797,26778.5,26797,52.255,1399899.8996
1686141000000,26797,26797,26769.1,26786.7,47.706,1277692.0059
1686141060000,26786.7,26818.9,26779.5,26818.9,99.256,2659646.5538
1686141120000,26818.9,26819,26805.7,26812,131.183,3517473.2086
1686141180000,26812,26826.5,26806.1,26813.4,132.848,3562886.7572
1686141240000,26813.4,26834.1,26813.3,26830.1,82.665,2217476.6532
1686141300000,26830.1,26835,26817,26817.1,24.734,663585.7246
1686141360000,26817.1,26817.1,26801.2,26801.2,28.233,756836.1868
1686141420000,26801.2,26820,26801.2,26811.7,56.059,1503046.8626
1686141480000,26811.7,26825.4,26801.3,26801.4,46.578,1248892.8266
1686141540000,26801.4,26816.5,26801.3,26815.4,37.93,1016889.667
1686141600000,26815.4,26839.7,26815.4,26833.3,48.831,1310289.1344
1686141660000,26833.3,26852,26833.3,26842.7,75.206,2018774.09
1686141720000,26842.7,26856,26835.1,26855.9,48.765,1309225.4082
1686141780000,26855.9,26856,26846.3,26846.3,40.234,1080393.9398
1686141840000,26846.3,26850.5,26842.1,26850.4,53.677,1440983.8707
1686141900000,26850.4,26851.5,26825,26825,29.997,805075.2705
1686141960000,26825,26846.6,26825,26846.6,38.195,1025038.958
1686142020000,26846.6,26857.1,26844.2,26844.2,76.603,2056852.5405
1686142080000,26844.2,26844.2,26817.4,26817.5,42.16,1131036.2857
1686142140000,26817.5,26817.5,26806.6,26806.7,98.098,2630304.4196
1686142200000,26806.7,26814.1,26803.1,26814.1,77.115,2067141.3025
1686142260000,26814.1,26830,26809.6,26815.8,93.739,2513734.5527
1686142320000,26815.8,26815.8,26765,26773.3,153.928,4123539.6791
1686142380000,26773.3,26782.5,26756.3,26774.1,100.493,2690078.1104
1686142440000,26774.1,26785.1,26764.6,26785,79.125,2118784.2391
1686142500000,26785,26791.7,26783.9,26791.7,12.577,336898.1336
1686142560000,26791.7,26806,26791.7,26805.9,18.883,506015.9639
1686142620000,26805.9,26806.1,26797.5,26797.6,29.551,792071.1064
1686142680000,26797.6,26797.6,26771,26771,50.872,1362690.1871
1686142740000,26771,26789.7,26760.6,26789.7,41.151,1101790.7873
1686142800000,26789.7,26789.7,26789.5,26789.5,4.581,122722.9855
1686142860000,26789.5,26789.6,26771,26771,67.572,1809735.3087
1686142920000,26771,26789.8,26768,26789.7,60.111,1609514.3476
1686142980000,26789.7,26799,26787.2,26799,30.197,809044.8258
1686143040000,26799,26799,26782.2,26782.2,14.556,389944.5858
1686143100000,26782.2,26783.2,26766.7,26766.7,34.096,912851.1996
1686143160000,26766.7,26776,26766,26774.1,34.863,933172.1556
1686143220000,26774.1,26774.1,26763.5,26763.6,37.059,991904.8213
1686143280000,26763.6,26763.6,26751.9,26753.6,143.357,3835914.6851
1686143340000,26753.6,26758.3,26745,26749.7,103.434,2766629.5066
1686143400000,26749.7,26751.2,26745,26745.1,32.811,877587.8743
1686143460000,26745.1,26753.7,26740,26740,87.089,2329133.4096
1686143520000,26740,26758.5,26740,26758.5,42.571,1138623.5539
1686143580000,26758.5,26760,26756.8,26759.9,36.702,982107.6688
1686143640000,26759.9,26763.7,26746.3,26746.3,44.601,1193380.9392
1686143700000,26746.3,26746.4,26693.3,26738.6,555.483,14839948.4806
1686143760000,26738.6,26743.6,26713.8,26720.4,101.067,2701413.8143
1686143820000,26720.4,26725,26710,26713.5,98.08,2620504.6602
1686143880000,26713.5,26729.9,26713.4,26718.4,38.228,1021605.7227
1686143940000,26718.4,26733.9,26705.1,26733.9,99.505,2658469.2063
1686144000000,26733.9,26759.4,26730,26759.4,109.776,2935378.9316
1686144060000,26759.4,26777.5,26750.1,26750.1,115.891,3101766.9856
1686144120000,26750.1,26755,26746.4,26746.4,54.219,1450354.0414
1686144180000,26746.4,26750,26741.7,26750,41.544,1111038.692
1686144240000,26750,26756.8,26749.9,26756.8,21.426,573170.6589
1686144300000,26756.8,26756.8,26751.3,26751.3,23.323,623939.901
1686144360000,26751.3,26775.9,26751.3,26775.8,57.109,1528438.2629
1686144420000,26775.8,26785.8,26766.2,26768.6,101.037,2705605.3485
1686144480000,26768.6,26768.7,26751.5,26753.3,47.244,1264080.6685
1686144540000,26753.3,26765.1,26742.8,26744.6,99.472,2661799.1147
1686144600000,26744.6,26785.1,26716,26785.1,164.869,4409487.1175
1686144660000,26785.1,26800,26770.1,26780.6,137.848,3692930.125
1686144720000,26780.6,26813.4,26780,26813.4,178.898,4794517.5165
1686144780000,26813.4,26819.9,26799.4,26799.4,158.965,4261988.5329
1686144840000,26799.4,26810.9,26797.9,26801.7,109.335,2930389.011
1686144900000,26801.7,26807.3,26777,26777.1,91.35,2447881.9913
1686144960000,26777.1,26785.1,26763.9,26785.1,133.886,3584658.9998
1686145020000,26785.1,26788.2,26779.3,26784.5,41.005,1098181.9709
1686145080000,26784.5,26800.5,26773.5,26773.5,104.122,2789161.8849
1686145140000,26773.5,26773.6,26761.9,26762,33.349,892539.3004
1686145200000,26762,26765,26753,26764.9,35.259,943495.5718
1686145260000,26764.9,26775,26764.4,26764.4,30.997,829792.6434
1686145320000,26764.4,26764.4,26710,26722.3,275.735,7369087.8051
1686145380000,26722.3,26724.9,26687.7,26687.7,643.713,17191902.7644
1686145440000,26687.7,26709,26655.5,26709,784.209,20920439.5436
1686145500000,26709,26714.2,26672.3,26672.3,160.866,4293910.9675
1686145560000,26672.3,26684,26658,26683.9,152.794,4074606.7376
1686145620000,26683.9,26705.1,26683.9,26705,128.578,3433080.8518
1686145680000,26705,26749.3,26705,26748.6,146.225,3908545.8804
1686145740000,26748.6,26750,26717.2,26717.2,162.872,4354806.4527
1686145800000,26717.2,26734.8,26717.2,26727.9,155.598,4158176.3561
1686145860000,26727.9,26783.9,26727.9,26765,218.14,5838321.4484
1686145920000,26765,26770.4,26750.8,26753.2,92.115,2464881.9234
1686145980000,26753.2,26770,26748.4,26763,33.681,901276.4071
1686146040000,26763,26764.6,26744,26764.6,152.908,4091711.4469
1686146100000,26764.6,26819,26764.5,26815.3,241.896,6482931.002
1686146160000,26815.3,26847.5,26815.2,26824.3,380.5,10208728.9829
1686146220000,26824.3,26856.4,26817.3,26838,293.669,7881357.3526
1686146280000,26838,26850.5,26830.9,26833,188.936,5071621.7767
1686146340000,26833,26833.1,26803.5,26803.5,202.919,5441418.1852
1686146400000,26803.5,26803.6,26782.2,26789.3,208.757,5593044.7739
1686146460000,26789.3,26799,26777,26798.9,181.569,4863585.7669
1686146520000,26798.9,26801.1,26769.3,26771.6,70.459,1886859.2752
1686146580000,26771.6,26771.6,26736.8,26758.8,204.302,5465281.9205
1686146640000,26758.8,26764.3,26734,26762.3,119.892,3207109.0879
1686146700000,26762.3,26786,26758.6,26780,38.968,1043274.4049
1686146760000,26780,26786.1,26772.9,26779.5,28.682,768072.0898
1686146820000,26779.5,26779.5,26737.7,26740.8,89.977,2407646.1365
1686146880000,26740.8,26751.8,26724.7,26737.7,237.68,6354393.9149
1686146940000,26737.7,26757.3,26737.7,26745,49.215,1316309.3961
1686147000000,26745,26760,26721.3,26760,83.568,2234474.7105
1686147060000,26760,26765.1,26751.5,26754.4,80.501,2154046.3685
1686147120000,26754.4,26759,26742.4,26758.9,21.002,561732.3933
1686147180000,26758.9,26781.9,26758.9,26761,116.09,3108164.4323
1686147240000,26761,26761,26686.4,26695.3,618.178,16507746.1974
1686147300000,26695.3,26695.4,26613,26632.4,768.672,20486045.3256
1686147360000,26632.4,26649.4,26602.5,26645.6,434.032,11557828.1286
1686147420000,26645.6,26697.9,26637.9,26697.9,189.86,5063689.0938
1686147480000,26697.9,26698.3,26660.2,26662.9,75.287,2009016.9716
1686147540000,26662.9,26687.1,26656.8,26682.2,102.286,2728863.8992
1686147600000,26682.2,26689.5,26658.4,26660,90.172,2405110.061
1686147660000,26660,26660.1,26630,26640.1,349.898,9320509.4281
1686147720000,26640.1,26640.1,26555,26587.1,681.593,18121639.3127
1686147780000,26587.1,26587.1,26552.8,26578,255.99,6802469.1125
1686147840000,26578,26587.5,26489,26509.2,1397.1,37053432.1791
1686147900000,26509.2,26579.9,26491.8,26579.9,416.299,11045725.4875
1686147960000,26579.9,26604,26579.8,26587.2,294.548,7833778.5618
1686148020000,26587.2,26632.5,26580.1,26614,336.188,8945306.8516
1686148080000,26614,26633.6,26604.2,26632.5,126.91,3378149.2176
1686148140000,26632.5,26657.1,26631,26642.8,163.973,4368597.1183
1686148200000,26642.8,26642.8,26576.6,26585.3,449.792,11967688.7949
1686148260000,26585.3,26585.3,26520.2,26555,946.232,25110983.9569
1686148320000,26555,26580.3,26492.2,26577.1,670.784,17797605.3555
1686148380000,26577.1,26577.1,26541.6,26545.1,225.603,5991648.4048
1686148440000,26545.1,26550,26510,26527,203.114,5387027.5091
1686148500000,26527,26545,26468.2,26479.5,743.78,19704151.8491
1686148560000,26479.5,26544.1,26468.5,26515.3,533.644,14151040.3728
1686148620000,26515.3,26520,26406,26422.3,1738.125,45957033.7313
1686148680000,26422.3,26452.8,26391,26413.2,588.249,15539607.8609
1686148740000,26413.2,26461.8,26375,26461.8,695.829,18373224.7474
1686148800000,26461.8,26461.8,26388.3,26438.5,911.519,24089720.3292
1686148860000,26438.5,26489.8,26436.6,26489.8,365.421,9667201.251
1686148920000,26489.8,26512.8,26472.5,26483.6,549.888,14571300.4842
1686148980000,26483.6,26494.4,26475.1,26483.8,139.492,3694312.1624
1686149040000,26483.8,26510,26470.1,26502.2,135.234,3582633.2805
1686149100000,26502.2,26534.8,26472.9,26534.7,342.859,9086341.5536
1686149160000,26534.7,26536.7,26442.2,26446.1,424.514,11245325.5499
1686149220000,26446.1,26451.5,26412.7,26427.4,280.335,7408280.4123
1686149280000,26427.4,26449.4,26407.2,26427.3,210.895,5571503.3871
1686149340000,26427.3,26427.3,26400,26400.1,264.734,6991101.7568
1686149400000,26400.1,26415.2,26383.8,26400,204.795,5405547.8461
1686149460000,26400,26444,26393.7,26419.8,183.495,4848906.285
1686149520000,26419.8,26427.7,26356,26363.5,466.691,12311679.2657
1686149580000,26363.5,26426,26329.9,26425.9,814.61,21476661.1968
1686149640000,26425.9,26426.7,26363.3,26365.8,235.902,6226450.4671
1686149700000,26365.8,26378.1,26326.7,26370,401.364,10574602.8036
1686149760000,26370,26416.4,26364,26404.5,206.74,5457533.3975
1686149820000,26404.5,26404.5,26371.3,26394.3,177.335,4679524.6755
1686149880000,26394.3,26400,26386,26399,129.967,3430418.0481
1686149940000,26399,26442.8,26399,26430,289.282,7643606.1921
1686150000000,26430,26430,26337.5,26348.4,477.163,12581941.4108
1686150060000,26348.4,26348.5,26255,26271.3,2430.539,63907122.9958
1686150120000,26271.3,26316.8,26232,26316.6,831.401,21843510.6562
1686150180000,26316.6,26380.9,26307.9,26380.9,585.878,15434347.5655
1686150240000,26380.9,26380.9,26343,26369.9,262.525,6920935.7199
1686150300000,26369.9,26425.9,26369.9,26425.3,616.016,16260059.855
1686150360000,26425.3,26440,26419,26424.5,401.512,10611849.2255
1686150420000,26424.5,26438.8,26406.4,26436.7,211.164,5580042.0291
1686150480000,26436.7,26482.9,26432.7,26471.8,674.133,17836615.6972
1686150540000,26471.8,26535.7,26471.7,26511.7,830.263,22009335.3434
1686150600000,26511.7,26515.1,26485.1,26485.1,299.67,7942008.6913
1686150660000,26485.1,26495.5,26469.6,26472.5,161.639,4280377.5753
1686150720000,26472.5,26493.1,26464.6,26493.1,176.044,4661052.3485
1686150780000,26493.1,26510.5,26489.1,26494.9,101.278,2683358.6431
1686150840000,26494.9,26529.5,26475,26516.6,306.961,8135294.2226
1686150900000,26516.6,26528,26481.3,26490.9,148.022,3922862.052
1686150960000,26490.9,26497,26471.5,26471.6,109.744,2906381.4687
1686151020000,26471.6,26520,26470.4,26508.4,129.449,3430041.7186
1686151080000,26508.4,26549.5,26501.7,26537.2,187.464,4973842.5344
1686151140000,26537.2,26567.4,26533.1,26537,500.613,13293834.0235
1686151200000,26537,26537.7,26514.6,26520.3,178.211,4726459.5628
1686151260000,26520.3,26546.1,26516.8,26541.2,104.645,2776676.3298
1686151320000,26541.2,26546.3,26530,26530.1,42.41,1125576.1031
1686151380000,26530.1,26530.1,26508.9,26515.6,123.825,3283373.293
1686151440000,26515.6,26515.6,26473.3,26478.3,285.034,7550034.7085
1686151500000,26478.3,26494.6,26469.5,26481.7,141.104,3736033.6178
1686151560000,26481.7,26488.3,26462.5,26475.4,85.623,2266621.9222
1686151620000,26475.4,26484.7,26467.8,26484.7,51.944,1375171.5462
1686151680000,26484.7,26492.5,26472.6,26492.4,61.944,1640708.5017
1686151740000,26492.4,26512.3,26492.4,26501.4,97.933,2595074.5069
1686151800000,26501.4,26536.1,26493.7,26535.1,149.786,3971785.6919
1686151860000,26535.1,26589,26535.1,26570,523.098,13897796.6933
1686151920000,26570,26634.7,26559.9,26631.2,492.31,13098301.4608
1686151980000,26631.2,26654.5,26601,26630.1,677.998,18058574.1421
1686152040000,26630.1,26670.1,26615.8,26615.8,393.518,10485622.1957
1686152100000,26615.8,26619.1,26576.3,26590,270.092,7183181.4447
1686152160000,26590,26590,26574.3,26581.5,78.191,2078400.0704
1686152220000,26581.5,26590.1,26571.4,26573.3,50.735,1348380.8138
1686152280000,26573.3,26579.9,26548.1,26563.3,152.746,4056995.263
1686152340000,26563.3,26574,26543.8,26572.4,95.009,2523361.0031
1686152400000,26572.4,26573.9,26520.1,26529.8,171.105,4541034.3925
1686152460000,26529.8,26529.8,26466.1,26469,480.374,12726648.1051
1686152520000,26469,26471.6,26361.6,26399.6,1189.428,31419604.1741
1686152580000,26399.6,26431.4,26386.9,26394.4,297.173,7848238.4562
1686152640000,26394.4,26400.7,26357.1,26370.4,333.846,8807087.1933
1686152700000,26370.4,26405,26340,26397.5,291.432,7684652.7695
1686152760000,26397.5,26436.1,26397.5,26433.1,231.169,6107362.4626
1686152820000,26433.1,26445.8,26391,26402.6,228.601,6040886.1086
1686152880000,26402.6,26434.9,26402.6,26434.1,70.579,1864571.4285
1686152940000,26434.1,26442.2,26409.8,26416.6,81.41,2151827.0489
1686153000000,26416.6,26416.6,26367.1,26373.5,200.126,5279854.3705
1686153060000,26373.5,26373.6,26277,26314.9,985.368,25924737.8462
1686153120000,26314.9,26337,26291.1,26307.5,344.65,9067511.9756
1686153180000,26307.5,26333.5,26307.5,26322.3,177.297,4666925.8317
1686153240000,26322.3,26322.3,26285.8,26317,303.702,7989341.0781
1686153300000,26317,26317,26274,26283.9,250.917,6597344.7976
1686153360000,26283.9,26288.7,26261.1,26280,339.22,8911739.0763
1686153420000,26280,26299.9,26267.2,26292.3,199.084,5231678.0412
1686153480000,26292.3,26321.3,26286.4,26313.9,253.057,6657336.0814
1686153540000,26313.9,26343.9,26313.8,26337.1,221.749,5839023.4781
1686153600000,26337.1,26337.2,26301.4,26301.4,234.222,6164071.3756
1686153660000,26301.4,26303.3,26268.4,26303.3,283.999,7465088.7318
1686153720000,26303.3,26363.4,26303.3,26352.6,262.455,6914669.4131
1686153780000,26352.6,26376.8,26350.5,26359.6,130.207,3433227.8207
1686153840000,26359.6,26379.8,26357.6,26379.8,91.772,2420194.8474
1686153900000,26379.8,26381.6,26351.7,26351.8,96.742,2550553.6352
1686153960000,26351.8,26397,26345,26390.6,185.37,4889471.7776
1686154020000,26390.6,26396.7,26371,26378.1,158.466,4181578.0077
1686154080000,26378.1,26390.6,26365.1,26390,71.683,1891030.1922
1686154140000,26390,26390,26361.8,26361.8,68.253,1800262.1564
1686154200000,26361.8,26361.8,26341.3,26355.5,201.074,5298201.2688
1686154260000,26355.5,26380,26355.4,26369.1,80.754,2129611.776
1686154320000,26369.1,26375,26345.1,26345.1,69.365,1828763.7832
1686154380000,26345.1,26345.2,26255,26255,373.665,9823342.5766
1686154440000,26255,26292.1,26211,26274.2,751.39,19722952.4175
1686154500000,26274.2,26323.3,26253.7,26322.8,299.812,7880022.7385
1686154560000,26322.8,26334,26305,26321.4,183.894,4840309.0089
1686154620000,26321.4,26352.1,26321.3,26341.6,154.586,4071451.6113
1686154680000,26341.6,26369.2,26339.4,26369.1,62.149,1638165.9133
1686154740000,26369.1,26380,26351.3,26351.7,163.996,4324399.4175
1686154800000,26351.7,26375,26350,26361.7,53.4,1407720.9857
1686154860000,26361.7,26367.1,26361.6,26363.5,21.926,578066.4813
1686154920000,26363.5,26391,26356.1,26390.9,109.815,2897225.9923
1686154980000,26390.9,26396.4,26385.9,26385.9,73.737,1945997.1815
1686155040000,26385.9,26390.1,26370.4,26370.5,66.017,1741753.1128
1686155100000,26370.5,26370.5,26311,26321.2,233.009,6137007.2397
1686155160000,26321.2,26322.1,26299.9,26312.7,166.531,4381899.5546
1686155220000,26312.7,26312.7,26257.4,26258.3,206.236,5419617.7043
1686155280000,26258.3,26271.4,26239.4,26249.1,301.44,7913793.9983
1686155340000,26249.1,26310,26249.1,26306,193.254,5078922.9479
1686155400000,26306,26306,26276.1,26305.8,76.571,2013178.4946
1686155460000,26305.8,26379.6,26305.7,26372.4,262.836,6925781.6031
1686155520000,26372.4,26376.3,26349,26376.3,208.25,5491146.7068
1686155580000,26376.3,26390.9,26366.1,26390.8,94.615,2495843.9908
1686155640000,26390.8,26416.3,26383.4,26402.9,299.582,7909868.2303
1686155700000,26402.9,26410.9,26376.1,26380,213.545,5637012.5776
1686155760000,26380,26392,26360.3,26360.3,139.656,3683632.3353
1686155820000,26360.3,26360.6,26340.4,26360.6,67.319,1773940.8671
1686155880000,26360.6,26360.6,26347.1,26355.6,37.184,980007.5313
1686155940000,26355.6,26384.9,26350,26384.9,93.826,2474006.8596
1686156000000,26384.9,26387.1,26368.6,26377.6,34.469,909262.3334
1686156060000,26377.6,26404.9,26374.6,26401.5,87.434,2307586.6181
1686156120000,26401.5,26401.5,26382.4,26382.8,20.866,550720.8606
1686156180000,26382.8,26387.4,26374.4,26387.4,31.336,826638.0538
1686156240000,26387.4,26393.4,26383.4,26393.3,21.489,567054.3752
1686156300000,26393.3,26395.9,26375.9,26395.8,46.342,1222687.9897
1686156360000,26395.8,26421.7,26395.8,26421.7,107.468,2838061.3993
1686156420000,26421.7,26427,26405.1,26424.8,129.75,3427914.1499
1686156480000,26424.8,26427.6,26406.2,26420,53.641,1417229.5416
1686156540000,26420,26420,26409.6,26414.1,21.897,578417.5091
1686156600000,26414.1,26414.1,26378.9,26378.9,95.255,2513975.4393
1686156660000,26378.9,26379,26361,26373.8,50.39,1328687.7344
1686156720000,26373.8,26378,26368.2,26375.7,42.084,1109869.6864
1686156780000,26375.7,26389.8,26375.6,26388.3,89.479,2360520.7614
1686156840000,26388.3,26388.3,26323.3,26323.3,255.978,6742861.2678
1686156900000,26323.3,26342.1,26323.3,26342.1,95.111,2504463.5484
1686156960000,26342.1,26355.5,26337.2,26339.5,27.295,719108.3921
1686157020000,26339.5,26340,26327.1,26335.8,25.732,677594.318
1686157080000,26335.8,26339.9,26306,26321.2,72.853,1917654.6637
1686157140000,26321.2,26325.3,26313,26313.7,59.628,1569369.7003
1686157200000,26313.7,26335.8,26311.2,26326.6,59.343,1561938.4017
1686157260000,26326.6,26340,26322.7,26339.4,52.034,1370290.2684
1686157320000,26339.4,26347.9,26326,26326,20.629,543351.073
1686157380000,26326,26326,26315.4,26324.5,36.817,969059.0639
1686157440000,26324.5,26330,26300.8,26300.9,86.931,2287359.0082
1686157500000,26300.9,26306.4,26269.4,26270.8,497.304,13072239.1436
1686157560000,26270.8,26380.3,26260,26369.5,681.32,17931290.4595
1686157620000,26369.5,26375,26342.7,26345.8,145.624,3838578.1984
1686157680000,26345.8,26405.8,26345.8,26404.7,146.23,3858629.2054
1686157740000,26404.7,26423.7,26392.7,26406.4,122.935,3246516.9585
1686157800000,26406.4,26406.4,26388.6,26395.9,23.345,616234.809
1686157860000,26395.9,26395.9,26373.7,26373.7,83.374,2200105.9358
1686157920000,26373.7,26393.4,26368,26368,71.043,1874310.641
1686157980000,26368,26368,26348.9,26351.2,58.31,1536814.9221
1686158040000,26351.2,26355.9,26336.4,26355.8,48.038,1265435.4239
1686158100000,26355.8,26389.9,26355.8,26389.9,47.557,1254364.4312
1686158160000,26389.9,26435.8,26389.8,26426.6,179.772,4749464.5133
1686158220000,26426.6,26434,26391.9,26391.9,203.136,5366185.8256
1686158280000,26391.9,26392,26355,26355,122.336,3226642.5742
1686158340000,26355,26384.2,26355,26384.2,66.222,1745892.3545
1686158400000,26384.2,26384.6,26365.5,26365.6,30.763,811379.2557
1686158460000,26365.6,26365.6,26337.1,26339.7,83.505,2200745.5378
1686158520000,26339.7,26378.7,26339.7,26378.7,38.784,1022551.0999
1686158580000,26378.7,26417.2,26375.3,26404.5,37.902,1000596.7435
1686158640000,26404.5,26414.9,26376.6,26376.6,300.179,7924392.5247
1686158700000,26376.6,26376.6,26350.1,26376.5,232.976,6141679.1367
1686158760000,26376.5,26394.1,26376.5,26393.8,21.975,579821.1397
1686158820000,26393.8,26398.2,26389.6,26397,61.833,1632042.468
1686158880000,26397,26400.6,26390,26399,44.322,1169829.3151
1686158940000,26399,26420,26399,26407.9,96.776,2556446.1912
1686159000000,26407.9,26407.9,26404.4,26407.8,34.225,903758.5489
1686159060000,26407.8,26426.9,26396,26426.9,109.347,2887606.8925
1686159120000,26426.9,26444.2,26426.8,26430.1,126.091,3333461.0267
1686159180000,26430.1,26484.9,26430,26476.2,529.328,14004698.8761
1686159240000,26476.2,26490,26459.4,26461.7,253.676,6716238.5767
1686159300000,26461.7,26461.8,26431.4,26435.7,84.873,2244160.3907
1686159360000,26435.7,26454.4,26435,26453.4,63.763,1686176.7542
1686159420000,26453.4,26468.3,26453,26468.2,33.64,890120.5839
1686159480000,26468.2,26491.9,26465.7,26470,151.709,4017541.9754
1686159540000,26470,26476.2,26457.2,26471.6,64.008,1694149.1787
1686159600000,26471.6,26471.6,26457.2,26464.2,51.787,1370688.4152
1686159660000,26464.2,26477.3,26460.1,26477.3,16.722,442592.7864
1686159720000,26477.3,26480.6,26465,26479.4,28.909,765400.6791
1686159780000,26479.4,26520,26477.5,26501.1,303.267,8037213.2363
1686159840000,26501.1,26548.2,26491.9,26517.1,198.06,5253352.5855
1686159900000,26517.1,26543.4,26483.4,26504.8,251.355,6664034.6122
1686159960000,26504.8,26504.8,26462.8,26469.4,130.162,3446730.4681
1686160020000,26469.4,26473.2,26464.3,26469.6,42.409,1122589.3484
1686160080000,26469.6,26473.3,26469.6,26471.2,20.644,546465.9312
1686160140000,26471.2,26473,26459.7,26473,63.085,1669756.6452
1686160200000,26473,26473,26450.5,26454.3,59.452,1572867.3611
1686160260000,26454.3,26473.3,26454.3,26467.8,33.734,892649.8885
1686160320000,26467.8,26496.2,26467.7,26494.4,35.448,938939.3651
1686160380000,26494.4,26496.7,26479.7,26479.8,17.894,474001.7507
1686160440000,26479.8,26497.8,26479.8,26480.1,19.231,509504.6967
1686160500000,26480.1,26497.3,26480,26490.2,33.355,883553.3677
1686160560000,26490.2,26495,26485.3,26495,23.905,633227.8057
1686160620000,26495,26521.7,26495,26509.2,68.325,1811225.8842
1686160680000,26509.2,26517.7,26508,26515,79.878,2118069.9761
1686160740000,26515,26515.1,26496,26496,42.327,1121862.7616
1686160800000,26496,26498.1,26473.6,26488.8,72.998,1933370.4919
1686160860000,26488.8,26504.8,26488.8,26491.7,24.192,640988.1262
1686160920000,26491.7,26491.8,26483.1,26483.4,10.201,270200.2635
1686160980000,26483.4,26500,26481.1,26493.2,66.748,1768009.4677
1686161040000,26493.2,26496.3,26481.5,26486.8,32.148,851569.089
1686161100000,26486.8,26497.6,26481.2,26481.2,15.355,406820.2361
1686161160000,26481.2,26497.8,26480.1,26496.6,19.804,524591.3132
1686161220000,26496.6,26500,26490.1,26495.3,14.835,393100.4552
1686161280000,26495.3,26500,26490.7,26499.9,19.11,506358.1168
1686161340000,26499.9,26518.6,26498.3,26504.6,46.359,1228766.7863
1686161400000,26504.6,26504.6,26480,26483,31.694,839477.3365
1686161460000,26483,26490.5,26476.7,26476.7,16.337,432639.8498
1686161520000,26476.7,26479.1,26465.5,26470.5,66.248,1753727.147
1686161580000,26470.5,26492,26470.5,26488.2,27.718,734045.7977
1686161640000,26488.2,26522,26488.2,26522,29.2,773983.1977
1686161700000,26522,26522.2,26500.5,26500.6,30.967,821069.9412
1686161760000,26500.6,26500.6,26486,26500,28.047,743014.3111
1686161820000,26500,26509,26497.2,26507.5,16.19,429032.5113
1686161880000,26507.5,26507.5,26501.1,26501.6,14.308,379205.9859
1686161940000,26501.6,26505,26501.6,26505,14.029,371823.2704
1686162000000,26505,26508.8,26494.7,26494.8,27.792,736533.6818
1686162060000,26494.8,26494.8,26480,26480.8,44.285,1172814.1618
1686162120000,26480.8,26488.2,26480,26488.2,37.348,989080.4851
1686162180000,26488.2,26488.2,26486.9,26486.9,8.891,235503.0874
1686162240000,26486.9,26487,26481.8,26481.9,11.238,297634.0445
1686162300000,26481.9,26481.9,26481.8,26481.9,2.847,75393.7803
1686162360000,26481.9,26481.9,26457.8,26469.9,130.253,3447461.3307
1686162420000,26469.9,26470,26452.1,26466.7,118.539,3136243.8003
1686162480000,26466.7,26480,26463.4,26479.9,34.8,921121.1248
1686162540000,26479.9,26480,26468,26468,52.436,1388021.5506
1686162600000,26468,26478.1,26466,26478.1,7.972,211009.9937
1686162660000,26478.1,26482.6,26478,26482.5,5.2,137700.8931
1686162720000,26482.5,26482.6,26473.1,26473.1,10.789,285683.45
1686162780000,26473.1,26477.8,26467.2,26469.5,19.959,528391.3779
1686162840000,26469.5,26479.5,26469.5,26479.5,9.257,245075.2241
1686162900000,26479.5,26489.5,26461.4,26461.4,53.205,1408731.3739
1686162960000,26461.4,26477.6,26460.2,26477.5,76.631,2028436.5154
1686163020000,26477.5,26493.1,26476,26487.7,24.181,640387.7633
1686163080000,26487.7,26495.5,26487.6,26488.5,21.173,560914.0714
1686163140000,26488.5,26488.5,26476,26477.8,32.262,854396.4161
1686163200000,26477.8,26479.6,26475,26479.6,25.562,676815.0235
1686163260000,26479.6,26479.7,26472,26478.7,27.499,728032.0451
1686163320000,26478.7,26486,26478.7,26479.5,19.436,514736.2894
1686163380000,26479.5,26479.5,26453.1,26453.2,50.293,1331039.0522
1686163440000,26453.2,26453.2,26443.3,26453,158.039,4179677.6629
1686163500000,26453,26458.7,26444.5,26447.2,29.364,776711.1673
1686163560000,26447.2,26459,26447.2,26459,38.804,1026566.0007
1686163620000,26459,26463,26452.7,26463,12.077,319501.9353
1686163680000,26463,26463,26452.9,26453,19.161,506999.1147
1686163740000,26453,26453,26444.6,26452.9,20.965,554524.6082
1686163800000,26452.9,26455.5,26452.9,26455.4,17.714,468592.3457
1686163860000,26455.4,26462.3,26453.8,26453.8,18.71,495036.064
1686163920000,26453.8,26461,26453.8,26459.1,12.009,317761.5417
1686163980000,26459.1,26463,26458.4,26463,12.408,328340.3209
1686164040000,26463,26463,26460.3,26460.3,5.477,144932.5577
1686164100000,26460.3,26468.1,26460.3,26464.8,26.516,701736.3216
1686164160000,26464.8,26464.8,26433.8,26437.7,80.099,2117944.2012
1686164220000,26437.7,26443.8,26426,26441.6,152.122,4020871.5883
1686164280000,26441.6,26450,26441.6,26449.6,34.711,918003.0064
1686164340000,26449.6,26453.1,26442.9,26453,30.325,802032.1927
1686164400000,26453,26453.1,26449,26449.8,12.043,318545.9338
1686164460000,26449.8,26449.8,26438.3,26439.1,31.867,842590.363
1686164520000,26439.1,26439.1,26425.5,26425.6,32.641,862723.4637
1686164580000,26425.6,26449.7,26421.2,26446,67.359,1780225.7164
1686164640000,26446,26448.1,26440.4,26447.4,15.84,418890.6964
1686164700000,26447.4,26461.7,26447.3,26457.4,63.463,1679171.3287
1686164760000,26457.4,26467.3,26457.3,26467.2,17.196,455080.2843
1686164820000,26467.2,26467.3,26467.2,26467.3,9.086,240481.6523
1686164880000,26467.3,26472.8,26450.4,26453.4,53.153,1406574.3474
1686164940000,26453.4,26457.8,26448.5,26454.4,20.69,547307.4153
1686165000000,26454.4,26454.5,26439.3,26442.1,34.249,905762.1903
1686165060000,26442.1,26459.8,26442.1,26459.8,14.588,385858.9189
1686165120000,26459.8,26480.7,26459.8,26477.2,42.94,1136923.8567
1686165180000,26477.2,26497.9,26477.1,26496.4,58.213,1542094.6647
1686165240000,26496.4,26496.5,26484,26485.3,28.258,748565.127
1686165300000,26485.3,26503.5,26485.3,26502.7,58.592,1552550.7946
1686165360000,26502.7,26516,26501,26506.3,79.09,2096887.9194
1686165420000,26506.3,26506.4,26487.1,26487.1,29.829,790530.241
1686165480000,26487.1,26487.2,26468,26468.1,42.933,1136804.2192
1686165540000,26468.1,26468.1,26450.4,26450.5,83.441,2207806.5351
1686165600000,26450.5,26467,26440.7,26461.1,87.976,2327140.7568
1686165660000,26461.1,26471.8,26461.1,26471.8,21.773,576301.9828
1686165720000,26471.8,26495,26471.7,26494.9,27.371,724855.8699
1686165780000,26494.9,26495,26468.2,26468.2,28.195,746700.1948
1686165840000,26468.2,26470.8,26467.6,26467.7,4.016,106302.701
1686165900000,26467.7,26469.9,26464,26466.6,57.473,1521178.0769
1686165960000,26466.6,26466.6,26466.5,26466.5,4.407,116638.0248
1686166020000,26466.5,26475.9,26466.5,26475.9,3.51,92914.9604
1686166080000,26475.9,26476.5,26475.8,26476.5,3.382,89542.8967
1686166140000,26476.5,26493,26476.4,26491,61.04,1616715.8779
1686166200000,26491,26499.7,26475,26475.9,52.174,1382340.144
1686166260000,26475.9,26476,26473,26473,4.469,118314.0715
1686166320000,26473,26483.4,26473,26483.4,15.717,416148.0137
1686166380000,26483.4,26483.4,26458.6,26463.8,45.843,1213309.1987
1686166440000,26463.8,26466.1,26463.7,26466.1,11.167,295534.8642
1686166500000,26466.1,26467,26462.5,26466.5,7.11,188163.1357
1686166560000,26466.5,26478.5,26466.4,26476,11.639,308106.3364
1686166620000,26476,26476,26457.2,26457.2,19.429,514249.5446
1686166680000,26457.2,26468.4,26457.2,26464.7,9.694,256489.54
1686166740000,26464.7,26476.6,26460.1,26475.1,24.775,655804.012
1686166800000,26475.1,26478,26475.1,26477.9,5.704,151022.4584
1686166860000,26477.9,26488,26473.9,26488,47.946,1269566.908
1686166920000,26488,26503.2,26487.9,26502.4,31.839,843703.3587
1686166980000,26502.4,26503.2,26499.9,26499.9,21.339,565536.9928
1686167040000,26499.9,26503.2,26494.8,26502.9,27.388,725760.0706
1686167100000,26502.9,26502.9,26473,26473,74.105,1962989.8108
1686167160000,26473,26473.1,26455.5,26459.4,31.642,837297.5602
1686167220000,26459.4,26459.5,26451.3,26451.4,32.38,856528.8731
1686167280000,26451.4,26457.8,26439.9,26457.8,52.483,1387920.6246
1686167340000,26457.8,26457.8,26450,26456.4,30.172,798197.1415
1686167400000,26456.4,26467.9,26456.4,26467.7,11.663,308627.9132
1686167460000,26467.7,26483.5,26467.7,26483.4,8.957,237157.0804
1686167520000,26483.4,26489.1,26481,26484.5,16.662,441291.6355
1686167580000,26484.5,26492.3,26480.7,26484.3,5.402,143074.8028
1686167640000,26484.3,26489.5,26463.7,26463.7,54.34,1438697.0373
1686167700000,26463.7,26467.3,26455.6,26458,11.82,312771.6391
1686167760000,26458,26466.6,26458,26464.8,3.385,89573.8569
1686167820000,26464.8,26464.8,26461,26461.2,3.816,100983.4544
1686167880000,26461.2,26474.9,26461.1,26474.8,9.351,247507.8643
1686167940000,26474.8,26481.6,26465.1,26465.1,10.687,282944.8598
1686168000000,26465.1,26479.6,26462,26465,81.641,2160857.5689
1686168060000,26465,26465,26456.8,26463.7,50.467,1335334.2874
1686168120000,26463.7,26463.8,26454.6,26454.6,9.665,255741.6617
1686168180000,26454.6,26465.7,26431.5,26438,46.763,1236658.1839
1686168240000,26438,26444,26424.2,26432.3,63.022,1666087.2591
1686168300000,26432.3,26441.8,26432.3,26441.8,55.72,1472898.1436
1686168360000,26441.8,26450,26441.7,26449.9,17.311,457795.7886
1686168420000,26449.9,26462,26449.9,26460.6,12.772,337938.6741
1686168480000,26460.6,26469.6,26460.5,26468,8.058,213243.0873
1686168540000,26468,26468.1,26444,26444,14.221,376256.8505
1686168600000,26444,26444.1,26432,26432.1,10.488,277283.5724
1686168660000,26432.1,26434.8,26431,26431,9.082,240060.177
1686168720000,26431,26431.1,26405.3,26405.3,79.037,2087893.165
1686168780000,26405.3,26410.2,26356.3,26364.5,453.231,11956397.1049
1686168840000,26364.5,26365,26325.3,26343.4,313.817,8266679.36
1686168900000,26343.4,26349.8,26330.2,26330.2,126.073,3321386.2497
1686168960000,26330.2,26363.3,26330.2,26363.3,126.549,3334693.5816
1686169020000,26363.3,26376,26358.5,26376,42.067,1109121.4717
1686169080000,26376,26384.4,26376,26384.4,49.147,1296452.7092
1686169140000,26384.4,26391,26378,26378,56.647,1494815.8742
1686169200000,26378,26388,26378,26387.9,14.071,371262.2109
1686169260000,26387.9,26396.6,26384.7,26384.8,22.55,595114.6924
1686169320000,26384.8,26384.8,26350,26363.1,70.507,1858753.4533
1686169380000,26363.1,26363.1,26343.1,26349.9,31.68,834787.1784
1686169440000,26349.9,26353.4,26318.7,26318.7,180.012,4740177.6556
1686169500000,26318.7,26326.6,26301.4,26319.9,93.226,2453187.5034
1686169560000,26319.9,26323.6,26315.1,26323.6,55.916,1471617.1563
1686169620000,26323.6,26328.9,26320.2,26328.9,87.627,2306620.6613
1686169680000,26328.9,26353.1,26328.8,26351.8,43.074,1134514.5097
1686169740000,26351.8,26356,26330,26337.9,101.231,2666904.3704
1686169800000,26337.9,26348.5,26337.9,26348.5,25.126,661852.9873
1686169860000,26348.5,26358.5,26348.4,26352.9,44.693,1177934.1698
1686169920000,26352.9,26368.9,26352.8,26368.9,104.997,2768204.8176
1686169980000,26368.9,26369,26367.2,26367.2,6.884,181516.0814
1686170040000,26367.2,26369.5,26367.2,26369.5,6.624,174668.0186
1686170100000,26369.5,26373,26369.4,26373,10.795,284665.7276
1686170160000,26373,26382.5,26372.9,26380.3,55.149,1454731.8625
1686170220000,26380.3,26380.3,26349.5,26350.7,55.304,1457913.4073
1686170280000,26350.7,26357.4,26350.6,26357.4,19.73,519912.1203
1686170340000,26357.4,26359.1,26355.3,26355.3,55.534,1463792.6866
1686170400000,26355.3,26355.4,26320.2,26324.9,112.07,2950555.967
1686170460000,26324.9,26325,26310,26310,125.787,3311034.9528
1686170520000,26310,26326.2,26309.5,26326.2,45.402,1194885.4148
1686170580000,26326.2,26339.9,26326.2,26339.6,23.075,607706.9146
1686170640000,26339.6,26339.9,26339.6,26339.9,31.341,825514.7028
1686170700000,26339.9,26363.6,26339.8,26363.6,14.364,378524.2415
1686170760000,26363.6,26363.6,26357.8,26360,10.739,283110.059
1686170820000,26360,26360,26350.4,26350.5,8.1,213462.1417
1686170880000,26350.5,26353.4,26319.6,26320.6,46.604,1227216.7069
1686170940000,26320.6,26330.6,26320.6,26328.8,48.72,1282664.0312
1686171000000,26328.8,26338.9,26328.8,26338.9,47.899,1261216.5367
1686171060000,26338.9,26350,26338.8,26349.9,13.368,352194.13
1686171120000,26349.9,26352,26349.9,26352,12.565,331091.3498
1686171180000,26352,26352,26332.5,26336.5,94.779,2496481.9121
1686171240000,26336.5,26348.8,26336.5,26343.1,111.518,2937951.1209
1686171300000,26343.1,26344.3,26343.1,26344.3,26.013,685269.8083
1686171360000,26344.3,26362.1,26344.2,26362,25.135,662276.857
1686171420000,26362,26362.1,26351.3,26352.4,26.788,706087.0547
1686171480000,26352.4,26353.4,26352.3,26352.4,37.887,998412.972
1686171540000,26352.4,26352.4,26347.4,26347.4,7.74,203936.8718
1686171600000,26347.4,26347.5,26347.4,26347.4,3.919,103255.7762
1686171660000,26347.4,26347.5,26347.2,26347.2,7.454,196393.5051
1686171720000,26347.2,26362.6,26347.2,26362.6,51.984,1369919.9572
1686171780000,26362.6,26384,26362.6,26384,117.911,3109932.2727
1686171840000,26384,26384,26375.4,26381.1,39.714,1047606.4815
1686171900000,26381.1,26381.5,26366,26366.1,13.848,365246.2576
1686171960000,26366.1,26366.1,26357.9,26360.7,21.576,568785.8085
1686172020000,26360.7,26362,26355,26355.1,8.298,218731.3018
1686172080000,26355.1,26355.1,26344.3,26344.4,24.367,642060.4595
1686172140000,26344.4,26344.4,26269.8,26315.5,834.377,21935294.9895
1686172200000,26315.5,26336.4,26315.5,26334.5,100.609,2649089.1506
1686172260000,26334.5,26380.9,26334.5,26380.9,63.082,1662705.499
1686172320000,26380.9,26387.7,26372.3,26384.9,66.717,1759976.3727
1686172380000,26384.9,26395.2,26384.8,26393.4,84.85,2239139.2147
1686172440000,26393.4,26413,26393.3,26410,142.412,3760230.4355
1686172500000,26410,26412.5,26403.2,26409.5,37.84,999214.2095
1686172560000,26409.5,26418.9,26392.6,26418.9,82.665,2182997.3063
1686172620000,26418.9,26431.9,26418.8,26424.9,83.404,2203928.5569
1686172680000,26424.9,26429.2,26420,26420,43.799,1157345.4606
1686172740000,26420,26420.1,26420,26420,17.434,460607.7589
1686172800000,26420,26427.9,26420,26420.1,73.161,1933150.3163
1686172860000,26420.1,26420.1,26411.5,26411.6,29.937,790739.7506
1686172920000,26411.6,26431.6,26411.5,26422.7,89.586,2366919.451
1686172980000,26422.7,26422.7,26420.8,26420.8,25.206,665998.1918
1686173040000,26420.8,26423.8,26420.3,26423.7,9.692,256084.5774
1686173100000,26423.7,26427.8,26421,26421.1,19.255,508801.5935
1686173160000,26421.1,26428,26421,26428,13.383,353644.119
1686173220000,26428,26446.7,26427.9,26446.7,47.158,1246821.7098
1686173280000,26446.7,26446.7,26436.1,26437.2,41.5,1097400.8997
1686173340000,26437.2,26444.9,26435,26444.1,74.252,1963046.9388
1686173400000,26444.1,26444.2,26443,26443.1,38.417,1015892.1174
1686173460000,26443.1,26443.1,26430.4,26430.9,25.391,671242.1462
1686173520000,26430.9,26434.7,26430.8,26432.9,25.182,665635.345
1686173580000,26432.9,26432.9,26419.7,26423.9,53.973,1426320.1364
1686173640000,26423.9,26428.5,26414.1,26415.1,32.337,854455.4698
1686173700000,26415.1,26434.7,26415,26428.8,67.683,1788723.9086
1686173760000,26428.8,26428.8,26420,26427.3,31.336,827984.4855
1686173820000,26427.3,26434.9,26426.5,26434.8,108.29,2862354.5321
1686173880000,26434.8,26441.6,26430,26430,57.836,1529018.0298
1686173940000,26430,26430.1,26383,26383.5,188.722,4983578.3191
1686174000000,26383.5,26383.5,26360,26367.4,90.585,2388586.3137
1686174060000,26367.4,26377.9,26367.4,26377.9,34.427,907837.9931
1686174120000,26377.9,26377.9,26341.2,26341.2,48.094,1267923.2277
1686174180000,26341.2,26341.3,26332.9,26332.9,24.59,647616.8204
1686174240000,26332.9,26369.5,26332.9,26369.5,37.836,996706.4454
1686174300000,26369.5,26380.9,26369.5,26380.9,21.881,577148.5178
1686174360000,26380.9,26382.4,26358.2,26358.2,18.143,478518.8619
1686174420000,26358.2,26382.4,26357.3,26379.2,22.063,581726.9211
1686174480000,26379.2,26380.6,26379.1,26380.6,12.45,328422.0518
1686174540000,26380.6,26383.1,26380.5,26383,6.276,165576.6187
1686174600000,26383,26385.3,26383,26385.3,6.601,174162.2984
1686174660000,26385.3,26385.3,26369.1,26369.1,21.848,576375.2957
1686174720000,26369.1,26369.1,26364.6,26364.6,17.027,448928.2223
1686174780000,26364.6,26364.6,26337,26337,24.067,634094.085
1686174840000,26337,26337,26275.6,26277.4,219.581,5775288.3657
1686174900000,26277.4,26309.5,26277.3,26309.5,117.401,3087532.9628
1686174960000,26309.5,26310,26139,26209,1872.335,49042909.642
1686175020000,26209,26212,26155.1,26155.1,265.496,6952772.2899
1686175080000,26155.1,26159.9,26130,26159.9,401.274,10491673.9301
1686175140000,26159.9,26162.5,26115.4,26140,227.967,5957853.1051
1686175200000,26140,26211.5,26117.5,26192.9,444.481,11635164.4708
1686175260000,26192.9,26244,26178.7,26223.4,458.697,12025900.9678
1686175320000,26223.4,26223.4,26195.1,26211.8,172.361,4516346.1695
1686175380000,26211.8,26224.2,26193,26204.9,108.157,2834815.4641
1686175440000,26204.9,26210,26172,26190.7,219.429,5747400.93
1686175500000,26190.7,26190.8,26175,26187.5,155.729,4077215.5066
1686175560000,26187.5,26204.2,26187.4,26195.9,152.681,3999667.0923
1686175620000,26195.9,26212.3,26183.4,26212.3,120.157,3147806.2485
1686175680000,26212.3,26237.5,26212.2,26237.5,83.391,2186984.0829
1686175740000,26237.5,26253,26237.4,26249.9,75.233,1974486.6923
1686175800000,26249.9,26257.6,26236,26257.5,159.339,4182393.583
1686175860000,26257.5,26257.6,26238.1,26245.3,72.368,1899243.2024
1686175920000,26245.3,26256.2,26240,26255.2,23.888,627022.639
1686175980000,26255.2,26317.3,26255.1,26311.1,372.081,9783705.7909
1686176040000,26311.1,26329.1,26302.2,26324.4,319.965,8421465.1567
1686176100000,26324.4,26324.4,26291.1,26305.6,169.614,4462836.4429
1686176160000,26305.6,26349,26304.8,26346,210.265,5536959.9726
1686176220000,26346,26365,26339.4,26349.7,126.089,3322889.9531
1686176280000,26349.7,26356.1,26334.3,26340.6,42.303,1114519.348
1686176340000,26340.6,26344,26332.2,26344,14.896,392278.1909
1686176400000,26344,26350,26312,26312,47.799,1258814.165
1686176460000,26312,26320,26311,26317,45.272,1191307.386
1686176520000,26317,26317,26294.7,26303.7,124.399,3272329.594
1686176580000,26303.7,26318.5,26289.3,26318.5,84.28,2216812.3748
1686176640000,26318.5,26319.9,26297.2,26300.7,56.108,1475755.2217
1686176700000,26300.7,26300.7,26277.6,26280.4,59.527,1564774.2497
1686176760000,26280.4,26288.2,26263.6,26274.7,110.488,2903245.604
1686176820000,26274.7,26277.5,26259,26259.3,56.026,1471352.3897
1686176880000,26259.3,26261.8,26257.8,26259.1,53.507,1405111.5434
1686176940000,26259.1,26266.5,26250.4,26263.3,65.222,1712514.3103
1686177000000,26263.3,26270,26258.4,26264,22.522,591561.9043
1686177060000,26264,26306,26264,26290.6,187.429,4927032.1724
1686177120000,26290.6,26290.6,26270.4,26270.5,21.205,557188.784
1686177180000,26270.5,26283,26263.3,26270.6,43.967,1155037.5651
1686177240000,26270.6,26279.4,26260.8,26260.8,46.821,1229974.8069
1686177300000,26260.8,26263.9,26245.5,26245.5,89.642,2353262.699
1686177360000,26245.5,26245.6,26227.3,26244.7,81.886,2148343.3732
1686177420000,26244.7,26245.5,26214.8,26220.6,139.792,3665770.5619
1686177480000,26220.6,26253.9,26220.5,26250.5,55.589,1458399.8976
1686177540000,26250.5,26265.7,26250.5,26259.5,87.73,2304018.8271
1686177600000,26259.5,26264.7,26252.9,26253,25.299,664350.1854
1686177660000,26253,26253,26236.4,26236.4,19.514,512129.8596
1686177720000,26236.4,26248,26234,26234.1,31.672,831085.2097
1686177780000,26234.1,26234.1,26220.5,26224.6,25.824,677275.5628
1686177840000,26224.6,26231.3,26224.6,26231.2,9.552,250545.4462
1686177900000,26231.2,26250,26225.1,26250,15.611,409638.8634
1686177960000,26250,26261.1,26249.9,26258.8,24.806,651351.9208
1686178020000,26258.8,26264.8,26257.4,26261.2,57.109,1499840.8636
1686178080000,26261.2,26270.8,26248.8,26248.8,63.735,1674113.2945
1686178140000,26248.8,26255.7,26248.8,26255.7,22.946,602390.6169
1686178200000,26255.7,26267.4,26255.6,26267.3,9.099,238941.643
1686178260000,26267.3,26268.3,26265,26267.9,18.589,488266.4037
1686178320000,26267.9,26284,26267.8,26284,17.356,456108.3141
1686178380000,26284,26291.7,26266.4,26266.5,70.143,1843337.7252
1686178440000,26266.5,26273.4,26266.4,26273.3,12.993,341319.454
1686178500000,26273.3,26273.4,26246.5,26250,41.513,1089963.7367
1686178560000,26250,26251.2,26236,26236,45.226,1186787.7307
1686178620000,26236,26269,26236,26264.4,60.704,1593116.4974
1686178680000,26264.4,26270,26260.2,26263.7,11.109,291785.2829
1686178740000,26263.7,26263.7,26250,26258.9,53.34,1400467.0499
1686178800000,26258.9,26273.4,26258.9,26273.4,8.466,222370.9229
1686178860000,26273.4,26285.7,26273.4,26285.7,49.98,1313640.7269
1686178920000,26285.7,26286.8,26279.4,26286.8,30.321,796994.9868
1686178980000,26286.8,26301.2,26286,26297.8,82.65,2173379.9373
1686179040000,26297.8,26298.5,26287.5,26293,39.222,1031352.534
1686179100000,26293,26299.8,26268.3,26268.4,68.767,1806881.2234
1686179160000,26268.4,26268.4,26263.3,26267.9,25.394,666965.5775
1686179220000,26267.9,26282.2,26267.9,26282.2,16.384,430417.205
1686179280000,26282.2,26282.2,26267.9,26267.9,21.058,553345.3776
1686179340000,26267.9,26279.3,26263.8,26279.3,7.62,200151.0452
1686179400000,26279.3,26279.3,26260,26260,12.873,338142.4508
1686179460000,26260,26265.3,26246.9,26246.9,35.525,932773.8968
1686179520000,26246.9,26256.2,26242,26256.2,18.054,473866.6606
1686179580000,26256.2,26264,26240,26244.6,27.472,721040.6729
1686179640000,26244.6,26252.4,26242,26252.3,48.38,1269729.378
1686179700000,26252.3,26256.5,26251.6,26256.5,9.943,261042.4135
1686179760000,26256.5,26282.2,26256.5,26281.9,28.318,743804.7394
1686179820000,26281.9,26283,26274.9,26277.5,34.826,915249.6694
1686179880000,26277.5,26295.2,26277.5,26295.1,50.828,1336289.7246
1686179940000,26295.1,26300,26288.5,26294.2,65.41,1720039.7394
1686180000000,26294.2,26294.3,26285.2,26285.6,20.175,530440.6027
1686180060000,26285.6,26301.1,26285.5,26301.1,24.176,635561.6203
1686180120000,26301.1,26312.1,26301.1,26301.3,39.555,1040602.2939
1686180180000,26301.3,26310.4,26301.2,26310.4,16.66,438287.7477
1686180240000,26310.4,26311.5,26308.1,26311.5,22.076,580821.1012
1686180300000,26311.5,26311.5,26296.5,26298.9,11.313,297540.5433
1686180360000,26298.9,26303.9,26295.3,26303.9,28.576,751493.4927
1686180420000,26303.9,26306.9,26303.9,26306.8,11.389,299594.7007
1686180480000,26306.8,26306.9,26303.9,26304,11.302,297301.0513
1686180540000,26304,26304,26292.5,26292.5,22.502,591863.0064
1686180600000,26292.5,26304,26292.5,26304,52.203,1372820.7898
1686180660000,26304,26332.3,26304,26330,99.088,2608010.1762
1686180720000,26330,26343.1,26323.4,26332.5,111.683,2941153.9364
1686180780000,26332.5,26332.5,26321.4,26332,29.836,785475.1124
1686180840000,26332,26339,26332,26338.9,9.011,237303.442
1686180900000,26338.9,26339,26316.5,26316.5,32.473,854883.9753
1686180960000,26316.5,26322.3,26316.5,26322,35.457,933199.971
1686181020000,26322,26327.1,26321.9,26327.1,8.366,220223.677
1686181080000,26327.1,26329.3,26327,26329.2,23.203,610884.4512
1686181140000,26329.2,26329.3,26329.2,26329.2,11.928,314055.7531
1686181200000,26329.2,26332.3,26317.5,26324.7,27.292,718554.0059
1686181260000,26324.7,26326.6,26321.9,26323.6,79.808,2100874.9003
1686181320000,26323.6,26331.3,26323.5,26328.1,8.158,214771.6631
1686181380000,26328.1,26328.1,26325.5,26325.5,10.427,274496.4321
1686181440000,26325.5,26334.2,26325.5,26334.1,8.176,215280.1131
1686181500000,26334.1,26334.2,26316.9,26329.1,58.843,1549042.9287
1686181560000,26329.1,26351.3,26329.1,26341,55.044,1449861.8136
1686181620000,26341,26341.1,26331.9,26339.1,15.219,400789.3247
1686181680000,26339.1,26342.4,26332.3,26332.4,16.143,425223.0267
1686181740000,26332.4,26332.4,26332.3,26332.3,17.515,461210.518
1686181800000,26332.3,26334.3,26325.4,26325.4,11.543,303946.3521
1686181860000,26325.4,26325.5,26325.4,26325.4,8.997,236850.4016
1686181920000,26325.4,26340.4,26325.4,26340.3,33.051,870236.3245
1686181980000,26340.3,26355.5,26340.3,26351.3,62.216,1639180.7927
1686182040000,26351.3,26351.3,26344.6,26350.1,13.644,359481.4109
1686182100000,26350.1,26352.4,26338.2,26338.2,16.899,445223.0023
1686182160000,26338.2,26338.2,26324.2,26330.4,31.028,816982.6962
1686182220000,26330.4,26333.8,26330.4,26333.8,21.192,558001.2985
1686182280000,26333.8,26333.8,26330.7,26331.1,22.456,591314.1723
1686182340000,26331.1,26332.7,26323,26323.4,51.428,1353992.1496
1686182400000,26323.4,26326.5,26315,26325.4,68.979,1815506.2087
1686182460000,26325.4,26326.8,26316.8,26316.8,23.915,629571.2035
1686182520000,26316.8,26326.7,26316.8,26325.9,56.126,1477274.4743
1686182580000,26325.9,26330.8,26322.5,26322.6,21.179,557605.04
1686182640000,26322.6,26331.5,26322.6,26327.7,24.076,633886.834
1686182700000,26327.7,26340,26327.6,26340,14.725,387756.4585
1686182760000,26340,26348.3,26322,26322,37.44,986148.1379
1686182820000,26322,26326.9,26302.9,26306.2,102.416,2694428.2022
1686182880000,26306.2,26310,26304.4,26307.8,30.142,792904.0305
1686182940000,26307.8,26307.8,26305.8,26305.9,20.818,547637.9264
1686183000000,26305.9,26346.9,26305.9,26346.9,52.795,1389713.4219
1686183060000,26346.9,26368,26346.9,26367.2,92.69,2443311.0846
1686183120000,26367.2,26367.3,26355.4,26362,86.83,2289027.5751
1686183180000,26362,26365,26335.2,26335.2,24.63,649012.6716
1686183240000,26335.2,26335.3,26317.1,26317.1,20.159,530724.0032
1686183300000,26317.1,26323.3,26302.3,26302.3,29.441,774672.1283
1686183360000,26302.3,26309.9,26296.9,26309.9,52.876,1390678.4143
1686183420000,26309.9,26323.1,26309.9,26323.1,169.509,4460821.654
1686183480000,26323.1,26340.7,26321.1,26337.1,16.657,438630.8686
1686183540000,26337.1,26346.1,26337.1,26343,9.011,237389.5688
1686183600000,26343,26346.1,26340.5,26340.7,52.992,1396094.7599
1686183660000,26340.7,26340.7,26312.2,26312.2,25.457,670203.4278
1686183720000,26312.2,26320,26310.1,26319.9,9.745,256429.1637
1686183780000,26319.9,26329.8,26319.9,26329.7,7.236,190484.2323
1686183840000,26329.7,26333.3,26329.5,26333.2,4.495,118354.2045
1686183900000,26333.2,26333.3,26326.4,26330.6,15.51,408406.7341
1686183960000,26330.6,26346.1,26330.6,26346.1,25.328,667110.105
1686184020000,26346.1,26350,26344.6,26350,23.28,613375.5771
1686184080000,26350,26362,26347.2,26362,159.817,4211469.7562
1686184140000,26362,26362,26361.9,26361.9,7.948,209524.9654
1686184200000,26361.9,26388.4,26361.9,26365.8,155.862,4111161.1252
1686184260000,26365.8,26376,26365.8,26376,27.621,728341.1892
1686184320000,26376,26376,26351.1,26351.1,39.01,1028555.4849
1686184380000,26351.1,26361.6,26351.1,26351.1,19.399,511261.7777
1686184440000,26351.1,26383.8,26351.1,26380.4,94.503,2491701.8701
1686184500000,26380.4,26380.5,26375,26379.7,41.669,1099171.8881
1686184560000,26379.7,26380.6,26379.6,26380.6,22.149,584297.0631
1686184620000,26380.6,26384.5,26380.6,26383.8,32.491,857237.8877
1686184680000,26383.8,26423.8,26383.7,26393.1,238.136,6288349.9766
1686184740000,26393.1,26401.4,26392.1,26393.4,76,2006219.5672
1686184800000,26393.4,26393.4,26380,26380.7,39.796,1049916.1553
1686184860000,26380.7,26384.1,26373.3,26383.7,56.281,1484669.335
1686184920000,26383.7,26384.8,26377.2,26377.3,12.191,321623.7907
1686184980000,26377.3,26377.3,26356.8,26357.6,116.541,3072311.8127
1686185040000,26357.6,26364.2,26357.5,26364.2,18.44,486123.7918
1686185100000,26364.2,26364.2,26356.2,26356.2,16.567,436657.7229
1686185160000,26356.2,26363.6,26356.2,26357.1,7.72,203500.0834
1686185220000,26357.1,26368.2,26357,26368.1,27.155,715757.6319
1686185280000,26368.1,26369.2,26360.5,26361.7,5.977,157582.358
1686185340000,26361.7,26361.8,26352.5,26360,34.71,914792.8819
1686185400000,26360,26360,26352,26354.1,28.481,750580.0231
1686185460000,26354.1,26382.9,26354.1,26375,17.954,473504.0095
1686185520000,26375,26384.3,26370.9,26382,11.796,311152.294
1686185580000,26382,26393,26380.2,26392.9,7.809,206068.8587
1686185640000,26392.9,26404.8,26392.9,26401.8,30.193,797071.6951
1686185700000,26401.8,26401.8,26382,26384.1,39.545,1043839.1219
1686185760000,26384.1,26388.7,26384,26384,4.668,123167.9088
1686185820000,26384,26387.8,26384,26387,5.726,151087.8511
1686185880000,26387,26387.1,26377,26377.9,12.932,341161.583
1686185940000,26377.9,26377.9,26374.5,26374.5,10.666,281316.8447
1686186000000,26374.5,26388.4,26369.5,26371.5,74.587,1967319.992
1686186060000,26371.5,26376.5,26368.7,26376.4,13.11,345741.6197
1686186120000,26376.4,26381.3,26373.1,26374.9,10.711,282528.8843
1686186180000,26374.9,26378.4,26372.2,26375.3,7.781,205226.1585
1686186240000,26375.3,26375.6,26375,26375.5,6.14,161945.2238
1686186300000,26375.5,26394.4,26375.5,26394.4,23.114,609926.815
1686186360000,26394.4,26408.8,26394.4,26406.9,71.162,1878867.2349
1686186420000,26406.9,26410.2,26395.2,26396.1,30.302,800075.2389
1686186480000,26396.1,26403.6,26394.2,26403.5,19.5,514762.7457
1686186540000,26403.5,26410,26403.5,26410,46.054,1216049.5447
1686186600000,26410,26413.5,26404.8,26413.5,40.636,1073174.0946
1686186660000,26413.5,26419.1,26405.6,26405.6,85.059,2246882.6507
1686186720000,26405.6,26421.4,26405.6,26421.4,63.909,1687946.6759
1686186780000,26421.4,26437.7,26412.5,26430.7,175.842,4647771.6336
1686186840000,26430.7,26457.3,26429.8,26449.9,132.765,3511189.2835
1686186900000,26449.9,26453.3,26433.5,26433.5,154.628,4088729.4838
1686186960000,26433.5,26433.5,26420.2,26420.3,19.418,513136.5033
1686187020000,26420.3,26420.3,26414.6,26414.6,13.067,345211.4855
1686187080000,26414.6,26414.6,26412.1,26412.1,33.962,897042.344
1686187140000,26412.1,26419,26412.1,26419,9.131,241172.0618
1686187200000,26419,26419,26416,26418.2,5.104,134834.7501
1686187260000,26418.2,26425.7,26417.2,26424.3,24.497,647236.2552
1686187320000,26424.3,26432.6,26424,26432.6,47.511,1255618.5751
1686187380000,26432.6,26443.1,26432.6,26439.4,57.513,1520534.2094
1686187440000,26439.4,26441.5,26439.4,26441.5,16.932,447685.8191
1686187500000,26441.5,26452.5,26441.4,26452.4,36.447,963845.6926
1686187560000,26452.4,26452.5,26441,26441,53.546,1416156.1855
1686187620000,26441,26444,26436.7,26444,19.293,510120.104
1686187680000,26444,26451.2,26444,26451.2,26.355,697045.5169
1686187740000,26451.2,26453.2,26451.2,26452.6,21.217,561238.9055
1686187800000,26452.6,26453.9,26438.1,26438.1,41.128,1087612.4568
1686187860000,26438.1,26438.2,26415,26415,45.64,1205987.9609
1686187920000,26415,26427.9,26400.3,26427.9,57.683,1523556.558
1686187980000,26427.9,26439.6,26427.9,26433.9,16.987,449048.0542
1686188040000,26433.9,26433.9,26425.7,26425.7,8.472,223914.0557
1686188100000,26425.7,26425.8,26425.7,26425.8,10.215,269938.7027
1686188160000,26425.8,26433.9,26425.7,26433.9,30.692,811179.5724
1686188220000,26433.9,26443,26433.9,26440.9,30.71,811930.2246
1686188280000,26440.9,26451.8,26437,26437.1,45.919,1214284.4585
1686188340000,26437.1,26437.4,26435.7,26435.7,12.874,340352.0303
1686188400000,26435.7,26436.9,26435.7,26436.9,9.56,252733.8737
1686188460000,26436.9,26436.9,26426.7,26426.7,44.133,1166571.4885
1686188520000,26426.7,26426.8,26426.7,26426.7,18.117,478773.9493
1686188580000,26426.7,26426.8,26426.7,26426.7,3.549,93788.5467
1686188640000,26426.7,26434,26424.9,26430.7,38.825,1026004.1328
1686188700000,26430.7,26438.3,26430.7,26433.9,26.919,711576.4596
1686188760000,26433.9,26433.9,26411.4,26429.9,36.248,957883.8237
1686188820000,26429.9,26430,26420.7,26426.5,8.04,212458.8771
1686188880000,26426.5,26426.5,26417.7,26421.3,10.317,272576.2555
1686188940000,26421.3,26427,26413.8,26413.8,7.494,197996.0055
1686189000000,26413.8,26416.2,26411.4,26411.4,18.581,490829.4895
1686189060000,26411.4,26424.5,26410,26424.5,11.596,306274.7636
1686189120000,26424.5,26424.5,26417.8,26417.8,6.944,183488.1113
1686189180000,26417.8,26417.9,26412.9,26413,6.275,165757.7816
1686189240000,26413,26419.5,26412.9,26419.5,10.191,269193.0699
1686189300000,26419.5,26434,26419.4,26434,13.348,352701.8911
1686189360000,26434,26434,26425.8,26425.8,15.17,400928.347
1686189420000,26425.8,26425.9,26425.8,26425.8,10.597,280035.0702
1686189480000,26425.8,26425.9,26425.8,26425.9,4.15,109667.4161
1686189540000,26425.9,26433.7,26425.8,26433.6,21.471,567442.5287
1686189600000,26433.6,26436.7,26429.9,26429.9,8.193,216569.2658
1686189660000,26429.9,26430,26427.4,26427.4,9.406,248577.9924
1686189720000,26427.4,26427.5,26427,26427,1.879,49657.0659
1686189780000,26427,26427,26425,26425.1,14.676,387814.5947
1686189840000,26425.1,26425.1,26420.3,26420.3,13.474,356038.5808
1686189900000,26420.3,26420.4,26420,26420.4,10.399,274742.9614
1686189960000,26420.4,26428,26420.3,26428,9.071,239686.9953
1686190020000,26428,26428,26415.3,26417.2,35.451,936533.8497
1686190080000,26417.2,26417.3,26415.4,26415.5,6.38,168537.6286
1686190140000,26415.5,26415.5,26408.2,26408.2,62.119,1640574.3852
1686190200000,26408.2,26414,26408.2,26413.9,19.115,504881.3964
1686190260000,26413.9,26415,26406.5,26406.6,23.669,625093.2828
1686190320000,26406.6,26406.6,26400.4,26400.4,109.939,2902648.7209
1686190380000,26400.4,26400.5,26391.9,26391.9,69.921,1845734.6828
1686190440000,26391.9,26395.8,26385.9,26395.8,81.571,2152491.3359
1686190500000,26395.8,26395.8,26380.9,26380.9,35.069,925284.948
1686190560000,26380.9,26385.4,26380.9,26385.4,23.76,626871.7254
1686190620000,26385.4,26391.8,26385.3,26391.8,32.361,853913.9224
1686190680000,26391.8,26401.4,26384,26384.1,35.392,934254.5285
1686190740000,26384.1,26384.1,26381,26382,48.36,1275849.0961
1686190800000,26382,26389.6,26380.4,26389.6,17.801,469676.9943
1686190860000,26389.6,26408.2,26389.5,26408.2,37.956,1001956.8209
1686190920000,26408.2,26423.5,26406.3,26421.2,39.19,1035108.9288
1686190980000,26421.2,26421.2,26411.5,26414.3,28.383,749829.8437
1686191040000,26414.3,26416.6,26414.3,26416.6,5.679,150018.3954
1686191100000,26416.6,26426.2,26416.5,26423.4,66.49,1756895.998
1686191160000,26423.4,26425.7,26420.2,26420.3,43.652,1153450.0677
1686191220000,26420.3,26426.8,26420.2,26426.8,22.322,589831.8659
1686191280000,26426.8,26429.5,26426.8,26429,23.759,627919.3655
1686191340000,26429,26434.7,26429,26434.6,11.555,305394.3829
1686191400000,26434.6,26435,26425.8,26425.8,9.567,252862.5663
1686191460000,26425.8,26425.8,26419.5,26420.2,10.639,281108.126
1686191520000,26420.2,26420.2,26420.1,26420.2,5.514,145680.7001
1686191580000,26420.2,26421,26414.5,26416.6,35.34,933658.4798
1686191640000,26416.6,26416.6,26414.5,26414.5,6.469,170878.8042
1686191700000,26414.5,26414.6,26414.5,26414.6,2.8,73960.7949
1686191760000,26414.6,26414.6,26400,26400.1,26.437,698095.6102
1686191820000,26400.1,26407.8,26400,26405,8.608,227277.4082
1686191880000,26405,26407.8,26404.9,26407.7,5.174,136629.7822
1686191940000,26407.7,26421.6,26407.7,26413,40.929,1081150.1086
1686192000000,26413,26413.6,26412.8,26412.9,3.908,103222.9045
1686192060000,26412.9,26414.1,26407.6,26409.6,10.83,286033.1924
1686192120000,26409.6,26413.2,26409.5,26413.1,4.897,129338.6913
1686192180000,26413.1,26413.2,26408.5,26408.6,5.533,146125.8224
1686192240000,26408.6,26408.6,26408.5,26408.5,1.076,28415.5718
1686192300000,26408.5,26408.6,26400,26400,12.692,335120.4211
1686192360000,26400,26400.1,26385.1,26385.2,42.407,1119177.2186
1686192420000,26385.2,26385.2,26375,26375,36.888,973046.5033
1686192480000,26375,26375.1,26361,26361.1,43.428,1145063.2734
1686192540000,26361.1,26364.3,26361,26362.8,19.12,504055.0675
1686192600000,26362.8,26366.7,26345.6,26360.3,255.527,6734023.9074
1686192660000,26360.3,26367.6,26354.1,26363.1,75.877,2000378.8481
1686192720000,26363.1,26368.5,26358.1,26365,18.372,484381.8262
1686192780000,26365,26369.9,26365,26368.2,24.744,652431.8956
1686192840000,26368.2,26377.8,26368.1,26374.1,42.712,1126405.4386
1686192900000,26374.1,26385.8,26374.1,26385.7,40.067,1056976.1982
1686192960000,26385.7,26385.8,26379,26379.1,36.368,959549.2044
1686193020000,26379.1,26379.1,26371.8,26371.9,14.679,387150.0801
1686193080000,26371.9,26373.3,26367.8,26367.8,31.914,841640.0429
1686193140000,26367.8,26370,26365.7,26370,25.739,678661.2414
1686193200000,26370,26371.1,26366.3,26371,54.733,1443319.6877
1686193260000,26371,26373.4,26371,26373.3,6.531,172236.4624
1686193320000,26373.3,26373.4,26361,26361,62.605,1650941.378
1686193380000,26361,26361.2,26350,26350.1,29.463,776542.5907
1686193440000,26350.1,26362.6,26350,26362.5,33.367,879444.3063
1686193500000,26362.5,26367,26362.5,26367,17.038,449170.7596
1686193560000,26367,26372.3,26362.4,26362.5,18.384,484743.4341
1686193620000,26362.5,26365,26361.4,26365,15.998,421746.9323
1686193680000,26365,26367.1,26364.9,26367.1,4.338,114371.3206
1686193740000,26367.1,26367.1,26345.8,26345.8,18.989,500453.8392
1686193800000,26345.8,26345.9,26318.1,26324.3,177.666,4678099.5076
1686193860000,26324.3,26329,26310.5,26314.5,51.234,1348409.1457
1686193920000,26314.5,26323,26304.5,26323,79.409,2089258.6348
1686193980000,26323,26328.8,26318.3,26328.8,43.129,1135309.8923
1686194040000,26328.8,26330,26328.7,26330,10.433,274691.937
1686194100000,26330,26335.7,26329.9,26335.6,13.757,362259.0061
1686194160000,26335.6,26347.5,26335.6,26347.5,30.458,802287.0516
1686194220000,26347.5,26347.9,26336.4,26345.8,28.163,741949.3277
1686194280000,26345.8,26355.1,26345.1,26355.1,32.726,862307.0056
1686194340000,26355.1,26357.7,26355,26355,23.022,606752.7854
1686194400000,26355,26355.1,26338.5,26338.5,22.643,596607.1278
1686194460000,26338.5,26352.1,26338.5,26346.6,10.065,265164.4673
1686194520000,26346.6,26346.7,26335.6,26338,12.852,338525.3003
1686194580000,26338,26338.1,26314,26314,25.266,665177.6148
1686194640000,26314,26314,26285.7,26288.3,177.107,4657602.8957
1686194700000,26288.3,26296.7,26270.9,26272.9,136.949,3599006.2013
1686194760000,26272.9,26284.1,26270.5,26270.6,144.181,3788289.8881
1686194820000,26270.6,26270.6,26256.4,26256.4,72.267,1897974.9941
1686194880000,26256.4,26263.3,26237,26250.1,230.613,6053244.127
1686194940000,26250.1,26250.1,26190.3,26230,517.677,13571011.1414
1686195000000,26230,26272.3,26229.5,26260.7,204.816,5376689.7671
1686195060000,26260.7,26269.4,26240,26240.1,62.916,1652240.6938
1686195120000,26240.1,26240.1,26203.7,26214.6,188.666,4946110.1553
1686195180000,26214.6,26242,26212.9,26238.8,67.755,1777419.5726
1686195240000,26238.8,26257.7,26232.8,26254,108.95,2859928.4461
1686195300000,26254,26266.8,26253.2,26266.8,77.141,2025580.4289
1686195360000,26266.8,26281.9,26266.7,26270,218.242,5734637.0985
1686195420000,26270,26270.1,26246.3,26249.6,60.515,1588759.8331
1686195480000,26249.6,26259.5,26228.4,26243.1,224.666,5895015.2394
1686195540000,26243.1,26250,26225.5,26225.5,84.861,2226669.1505
1686195600000,26225.5,26239.2,26214,26239.2,101.799,2669957.4964
1686195660000,26239.2,26253.8,26232.2,26253.7,137.449,3606677.2601
1686195720000,26253.7,26259.9,26248.2,26248.2,22.805,598715.0208
1686195780000,26248.2,26258.9,26248.2,26256.9,29.62,777662.1121
1686195840000,26256.9,26273.2,26256,26273.2,19.534,513003.5033
1686195900000,26273.2,26276.8,26257,26257,43.821,1151081.4165
1686195960000,26257,26264.9,26253,26262.3,21.211,557021.8639
1686196020000,26262.3,26271.3,26259.9,26268.2,19.755,518822.4814
1686196080000,26268.2,26280,26268.1,26280,34.301,901358.8469
1686196140000,26280,26293.6,26279.9,26293.6,50.968,1339862.7545
