startTime,openPrice,highPrice,lowPrice,closePrice,volume,turnover
1617647400000,58850,58877,58850,58877,4.053,238628.481
1617647460000,58877,58877,58850,58850,7.606,447613.1
1617647520000,58850,58864.5,58850,58864.5,0.427,25135.1415
1617647580000,58864.5,58892.5,58864.5,58892.5,4.215,248231.8875
1617647640000,58892.5,58892.5,58892,58892.5,0.639,37632.3075
1617647700000,58892.5,58892.5,58892,58892.5,1.726,101648.455
1617647760000,58892.5,58906,58892.5,58906,1.959,115396.854
1617647820000,58906,58906,58906,58906,0.037,2179.522
1617647880000,58906,58906,58861.5,58862,2.881,169581.422
1617647940000,58862,58898.5,58861.5,58898.5,3.465,204083.3025
1617648000000,58898.5,58898.5,58898,58898.5,1.241,73093.0385
1617648060000,58898.5,58898.5,58896.5,58896.5,1.675,98651.6375
1617648120000,58896.5,58896.5,58876.5,58876.5,0.113,6653.0445
1617648180000,58876.5,58876.5,58850,58850,2.135,125644.75
1617648240000,58850,58850,58825,58825,1.757,103355.525
1617648300000,58822.5,58829,58822,58829,5.91,347679.39
1617648360000,58829,58860.5,58828.5,58836,8.164,480337.104
1617648420000,58836,58836.5,58836,58836.5,0.59,34713.535
1617648480000,58836.5,58849.5,58836.5,58849.5,0.604,35545.098
1617648540000,58849.5,58875,58849.5,58875,0.66,38857.5
1617648600000,58875,58900,58875,58900,2.114,124514.6
1617648660000,58900,58900,58872,58872,1.614,95019.408
1617648720000,58872,58872,58861,58861,2.767,162868.387
1617648780000,58861,58898.5,58861,58898,1.005,59192.49
1617648840000,58898,58898.5,58898,58898.5,0.942,55482.387
1617648900000,58898.5,58898.5,58886,58886,0.618,36391.548
1617648960000,58886,58886,58853.5,58853.5,51.676,3041313.466
1617649020000,58853.5,58853.5,58850,58850.5,15.773,928248.9365
1617649080000,58850.5,58854,58850,58854,1.086,63915.444
1617649140000,58854,58880,58854,58880,2.001,117818.88
1617649200000,58880,58904.5,58880,58904.5,7.578,446378.301
1617649260000,58904.5,58904.5,58880.5,58881,3.694,217506.414
1617649320000,58881,58881,58880.5,58880.5,0.173,10186.3265
1617649380000,58880.5,58933.5,58880.5,58933.5,4.921,290011.7535
1617649440000,58933.5,58933.5,58933,58933,0.971,57223.943
1617649500000,58933,58933.5,58918.5,58919,0.956,56326.564
1617649560000,58919,58919,58918.5,58918.5,1.091,64280.0835
1617649620000,58918.5,58971.5,58918.5,58971.5,66.57,3925732.755
1617649680000,58971.5,58988.5,58971,58987,85.889,5066334.443
1617649740000,58987,58999.5,58976,58999.5,3.433,202545.2835
1617649800000,58999.5,58999.5,58999,58999,7.019,414113.981
1617649860000,58999,58999.5,58993,58993,7.456,439851.808
1617649920000,58993,58999.5,58993,58999,0.467,27552.533
1617649980000,58999,59000,58999,59000,1.281,75579
1617650040000,59000.5,59001,59000.5,59001,3.21,189393.21
1617650100000,59001,59035,59001,59034.5,22.086,1303835.967
1617650160000,59034.5,59035,59010,59010,5.761,339956.61
1617650220000,59010,59010.5,59010,59010,1.159,68392.59
1617650280000,59010.5,59010.5,58996.5,58996.5,3.971,234275.1015
1617650340000,58996.5,58996.5,58968.5,58969,4.049,238765.481
1617650400000,58968.5,58968.5,58943,58943,14.358,846303.594
1617650460000,58943,58997,58943,58997,12.13,715633.61
1617650520000,58997,59090,58996.5,59090,57.46,3395311.4
1617650580000,59090,59118,59090,59118,10.751,635577.618
1617650640000,59118,59118,59086.5,59086.5,13.683,808480.5795
1617650700000,59086.5,59086.5,59031,59031.5,6.073,358498.2995
1617650760000,59031.5,59031.5,59008,59008,8.525,503043.2
1617650820000,59008,59008,59008,59008,0.78,46026.24
1617650880000,59008,59008,58982,58982.5,8.254,486841.555
1617650940000,58982.5,58982.5,58954.5,58954.5,2.007,118321.6815
1617651000000,58951.5,58952,58914.5,58915,9.602,565701.83
1617651060000,58915,58915,58869,58899.5,9.384,552712.908
1617651120000,58899.5,58900,58899.5,58900,7.603,447816.7
1617651180000,58900,58900,58899.5,58900,0.782,46059.8
1617651240000,58900,58954.5,58899.5,58954.5,3.262,192309.579
1617651300000,58954.5,58974.5,58954,58974,1.168,68881.632
1617651360000,58974,58974,58973.5,58974,0.657,38745.918
1617651420000,58974,58974,58971.5,58971.5,3.428,202154.302
1617651480000,58971.5,58971.5,58965,58965,0.071,4186.515
1617651540000,58965,58965.5,58950,58950,1.35,79582.5
1617651600000,58940,58940,58939,58939,1.658,97720.862
1617651660000,58939,58939,58909.5,58909.5,10.479,617312.6505
1617651720000,58909.5,58910,58909.5,58909.5,0.772,45478.134
1617651780000,58909.5,58927,58909.5,58926.5,6.802,400818.053
1617651840000,58926.5,58976,58926.5,58976,2.633,155283.808
1617651900000,58976,58998.5,58975.5,58998.5,2.913,171862.6305
1617651960000,58998.5,58999,58998.5,58999,3.325,196171.675
1617652020000,58999,59024.5,58999,59024.5,2.455,144905.1475
1617652080000,59024.5,59033.5,59024,59033.5,2.403,141857.5005
1617652140000,59033.5,59033.5,59008,59008.5,7.166,422854.911
1617652200000,59008.5,59010,59008,59010,0.683,40303.83
1617652260000,59010,59031,59010,59031,3.222,190197.882
1617652320000,59031,59031,59030.5,59030.5,0.698,41203.289
1617652380000,59030.5,59031,59030.5,59030.5,0.347,20483.5835
1617652440000,59030.5,59030.5,59018,59018.5,2.272,134090.032
1617652500000,59018.5,59025,59018,59025,6.805,401665.125
1617652560000,59026,59027.5,59025.5,59027,0.365,21544.855
1617652620000,59027,59035,59027,59035,1.093,64525.255
1617652680000,59035,59035,59034.5,59034.5,0.29,17120.005
1617652740000,59034.5,59059.5,59034.5,59059,8.204,484520.036
1617652800000,59059,59076.5,59059,59076.5,0.88,51987.32
1617652860000,59076.5,59091,59076,59089,6.64,392350.96
1617652920000,59089,59111,59089,59107,13.272,784468.104
1617652980000,59107,59107.5,59107,59107.5,1.579,93330.7425
1617653040000,59107.5,59107.5,59093,59093.5,0.482,28483.067
1617653100000,59093.5,59105,59093,59104.5,4.904,289848.468
1617653160000,59104.5,59105,59097,59097,0.375,22161.375
1617653220000,59097,59097,59076,59076,0.496,29301.696
1617653280000,59076,59076,59052,59052,0.676,39919.152
1617653340000,59052,59052.5,59052,59052,1.058,62477.016
1617653400000,59052,59052.5,59052,59052.5,0.209,12341.9725
1617653460000,59052.5,59052.5,59026,59026,3.441,203108.466
1617653520000,59026,59028,59007,59028,3.83,226077.24
1617653580000,59028,59048,59027.5,59033.5,1.846,108975.841
1617653640000,59033.5,59033.5,59015.5,59015.5,3.718,219419.629
1617653700000,59015.5,59016,59015.5,59016,0.248,14635.968
1617653760000,59016,59016,59015.5,59016,0.512,30216.192
1617653820000,59016,59033,59016,59033,1.15,67887.95
1617653880000,59033,59051.5,59033,59051,0.28,16534.28
1617653940000,59051,59051.5,59042.5,59042.5,1.477,87205.7725
1617654000000,59042.5,59042.5,59042,59042.5,1.077,63588.7725
1617654060000,59042.5,59042.5,59042,59042.5,3.578,211254.065
1617654120000,59042.5,59042.5,59039,59039.5,0.03,1771.185
1617654180000,59039.5,59039.5,59022,59022,1.064,62799.408
1617654240000,59022,59022.5,59022,59022.5,0.6,35413.5
1617654300000,59022.5,59022.5,59011,59011,1.841,108639.251
1617654360000,59011,59028.5,59011,59028,0.649,38309.172
1617654420000,59028,59028.5,59028,59028.5,0.277,16350.8945
1617654480000,59037,59037.5,59037,59037,0.215,12692.955
1617654540000,59037,59037,59011,59011,0.662,39065.282
1617654600000,59011,59045.5,59010.5,59045.5,1.507,88981.5685
1617654660000,59045.5,59077,59045.5,59077,5.461,322619.497
1617654720000,59077,59080,59076.5,59079.5,2.85,168376.575
1617654780000,59079.5,59079.5,59032,59060,1.205,71167.3
1617654840000,59060,59079,59060,59078,4.587,270990.786
1617654900000,59078,59078,59026,59026,7.265,428823.89
1617654960000,59026,59026.5,59026,59026,1.091,64397.366
1617655020000,59026,59026.5,59026,59026,0.186,10978.836
1617655080000,59026,59026.5,59026,59026,0.251,14815.526
1617655140000,59026,59026.5,59020,59020,1.312,77434.24
1617655200000,59020,59020,58968,58968,26.816,1581285.888
1617655260000,58968,58980,58932,58980,18.677,1101569.46
1617655320000,58980,58980,58979.5,58979.5,0.763,45001.3585
1617655380000,58979.5,58980,58959.5,58959.5,1.719,101351.3805
1617655440000,58959.5,58960,58959.5,58960,0.535,31543.6
1617655500000,58960,58960,58926,58926.5,1.319,77724.0535
1617655560000,58926.5,58927,58917.5,58918,2.489,146646.902
1617655620000,58918,58918,58917.5,58918,0.842,49608.956
1617655680000,58918,58918,58917.5,58918,0.141,8307.438
1617655740000,58918,58918,58885.5,58885.5,5.213,306970.1115
1617655800000,58885.5,58885.5,58885,58885.5,18.033,1061882.2215
1617655860000,58885.5,58885.5,58885,58885,0.221,13013.585
1617655920000,58885,58885.5,58855,58855,7.204,423991.42
1617655980000,58855,58855,58846.5,58846.5,15.147,891347.9355
1617656040000,58845.5,58845.5,58825,58825.5,3.433,201947.9415
1617656100000,58825.5,58825.5,58825,58825,1.016,59766.2
1617656160000,58825,58825.5,58825,58825,0.769,45236.425
1617656220000,58825,58825.5,58825,58825.5,1.656,97415.028
1617656280000,58825.5,58826,58825.5,58826,4.353,256069.578
1617656340000,58826,58827,58825.5,58827,2.062,121301.274
1617656400000,58827,58844,58826.5,58844,3.183,187300.452
1617656460000,58844,58844,58843.5,58844,1.367,80439.748
1617656520000,58844,58844,58844,58844,1.095,64434.18
1617656580000,58844,58848,58844,58848,17.529,1031546.592
1617656640000,58848,58863.5,58848,58863.5,10.213,601172.9255
1617656700000,58863.5,58863.5,58863,58863.5,0.708,41675.358
1617656760000,58863.5,58863.5,58863,58863,1.769,104128.647
1617656820000,58863,58893.5,58863,58893.5,4.282,252181.967
1617656880000,58893.5,58893.5,58893,58893.5,1.775,104535.9625
1617656940000,58893.5,58894,58893.5,58894,1.587,93464.778
1617657000000,58894,58894,58893.5,58894,0.246,14487.924
1617657060000,58894,58894.5,58893.5,58894.5,5.964,351246.798
1617657120000,58894.5,58899,58894.5,58899,2.387,140591.913
1617657180000,58899,58899,58898.5,58898.5,0.888,52301.868
1617657240000,58898.5,58899,58894,58894,13.646,803667.524
1617657300000,58894,58894,58885,58885,3.634,213988.09
1617657360000,58885,58885,58816,58818,31.091,1828710.438
1617657420000,58818,58818,58736.5,58746.5,100.467,5902084.6155
1617657480000,58746.5,58747,58746,58747,21.282,1250253.654
1617657540000,58747,58776.5,58747,58776.5,23.374,1373841.911
1617657600000,58776.5,58811.5,58776.5,58811.5,13.248,779134.752
1617657660000,58811.5,58819.5,58811.5,58819,2.659,156399.721
1617657720000,58819,58819.5,58819,58819.5,0.34,19998.63
1617657780000,58819.5,58819.5,58807,58807,2.259,132845.013
1617657840000,58807,58807.5,58807,58807.5,0.063,3704.8725
1617657900000,58807.5,58807.5,58807,58807,1.629,95796.603
1617657960000,58807,58807,58807,58807,0.615,36166.305
1617658020000,58807,58807.5,58807,58807,2.592,152427.744
1617658080000,58807,58807,58778,58778,2.361,138774.858
1617658140000,58778,58778.5,58778,58778,1.761,103508.058
1617658200000,58778,58778.5,58739,58742,19.308,1134190.536
1617658260000,58738.5,58739,58689,58695.5,10.521,617535.3555
1617658320000,58695.5,58696,58685,58685.5,1.868,109624.514
1617658380000,58685.5,58685.5,58656.5,58656.5,17.166,1006897.479
1617658440000,58656.5,58656.5,58622.5,58623,10.092,591623.316
1617658500000,58623,58623,58622.5,58623,13.501,791469.123
1617658560000,58623,58623,58527,58553,166.754,9763946.962
1617658620000,58553,58567.5,58552.5,58567.5,10.417,610097.6475
1617658680000,58567.5,58608.5,58567,58608.5,20.425,1197078.6125
1617658740000,58608.5,58622.5,58608.5,58622.5,9.546,559610.385
1617658800000,58622.5,58630.5,58622.5,58630.5,11.805,692133.0525
1617658860000,58630.5,58657.5,58630.5,58657.5,17.789,1043458.2675
1617658920000,58657.5,58668.5,58657.5,58668.5,11.315,663834.0775
1617658980000,58668.5,58669.5,58600,58600,17.22,1009092
1617659040000,58600,58649,58600,58648.5,3.247,190431.6795
1617659100000,58648.5,58666,58648.5,58666,7.595,445568.27
1617659160000,58666,58681,58666,58681,3.432,201393.192
1617659220000,58681,58681,58669,58669,9.815,575836.235
1617659280000,58657.5,58658,58657.5,58658,3.616,212107.328
1617659340000,58658,58658,58657.5,58658,0.231,13549.998
1617659400000,58658,58658,58657.5,58658,3.445,202076.81
1617659460000,58663,58672,58663,58672,4.204,246657.088
1617659520000,58672,58729,58672,58729,46.679,2741410.991
1617659580000,58729,58729,58711.5,58712,4.899,287630.088
1617659640000,58712,58712.5,58712,58712.5,2.283,134040.6375
1617659700000,58712.5,58742.5,58712.5,58742.5,7.548,443388.39
1617659760000,58742.5,58750,58720,58720,2.941,172695.52
1617659820000,58720,58720,58700.5,58714,20.346,1194595.044
1617659880000,58714,58714,58713.5,58713.5,0.118,6928.193
1617659940000,58713.5,58714,58705.5,58705.5,6.201,364032.8055
1617660000000,58705.5,58709,58705.5,58709,18.822,1105020.798
1617660060000,58709,58791.5,58708.5,58791,6.987,410772.717
1617660120000,58791,58791.5,58770,58770.5,1.403,82455.0115
1617660180000,58770.5,58770.5,58770,58770,0.351,20628.27
1617660240000,58770,58852.5,58770,58833,22.536,1325860.488
1617660300000,58833,58846.5,58782,58782,2.572,151187.304
1617660360000,58782,58861,58782,58861,2.123,124961.903
1617660420000,58861,58861,58840,58841.5,1.549,91145.4835
1617660480000,58841.5,58842,58841.5,58842,0.755,44425.71
1617660540000,58842,58842,58812.5,58813,2.716,159736.108
1617660600000,58813,58813,58797.5,58797.5,20.366,1197469.885
1617660660000,58797.5,58798,58797.5,58798,13.728,807178.944
1617660720000,58798,58798,58797.5,58797.5,1.985,116713.0375
1617660780000,58797.5,58798,58740.5,58779.5,8.438,495981.421
1617660840000,58779.5,58804.5,58779.5,58804.5,0.553,32518.8885
1617660900000,58804.5,58805,58762.5,58762.5,2.493,146494.9125
1617660960000,58762.5,58763,58748,58748,2.9,170369.2
1617661020000,58748,58748.5,58748,58748.5,0.206,12102.191
1617661080000,58748.5,58770,58748.5,58769.5,5.221,306835.5595
1617661140000,58769.5,58769.5,58750,58750.5,0.569,33429.0345
1617661200000,58750.5,58787,58750.5,58787,4.963,291759.881
1617661260000,58787,58796,58787,58796,2.307,135642.372
1617661320000,58796,58796,58795.5,58796,0.886,52093.256
1617661380000,58802.5,58802.5,58802,58802,0.689,40514.578
1617661440000,58802,58837.5,58802,58837.5,2.643,155507.5125
1617661500000,58837.5,58837.5,58837,58837,0.382,22475.734
1617661560000,58837,58859,58837,58858.5,3.004,176810.934
1617661620000,58858.5,58859,58858.5,58858.5,1.985,116834.1225
1617661680000,58858.5,58883,58858.5,58883,2.581,151977.023
1617661740000,58883,58884,58882.5,58883.5,1.005,59177.9175
1617661800000,58883.5,58889,58883.5,58889,2.384,140391.376
1617661860000,58905,58906,58904.5,58906,2.759,162521.654
1617661920000,58906,58906,58880,58880,16.56,975052.8
1617661980000,58880,58880.5,58880,58880,0.817,48104.96
1617662040000,58880,58880.5,58880,58880.5,0.057,3356.1885
1617662100000,58880.5,58880.5,58877,58877,6.806,400716.862
1617662160000,58877,58886,58853,58886,6.505,383053.43
1617662220000,58886,58894.5,58872,58872,3.177,187036.344
1617662280000,58872,58872,58819.5,58819.5,3.484,204927.138
1617662340000,58819.5,58819.5,58807,58807,0.174,10232.418
1617662400000,58807.5,58875,58807,58836,3.068,180508.848
1617662460000,58836,58845,58834,58844.5,3.409,200600.9005
1617662520000,58844.5,58845,58836,58844.5,0.664,39072.748
1617662580000,58844.5,58860,58836.5,58860,1.061,62450.46
1617662640000,58860,58870,58859.5,58869.5,1.653,97311.2835
1617662700000,58869.5,58870,58869.5,58869.5,0.359,21134.1505
1617662760000,58869.5,58901,58869.5,58901,2.623,154497.323
1617662820000,58901,58906,58900.5,58905.5,1.578,92952.879
1617662880000,58905.5,58928,58905.5,58927,30.789,1814303.403
1617662940000,58927,58927.5,58908,58927.5,4.084,240659.91
1617663000000,58927.5,58967,58898,58967,4.761,280741.887
1617663060000,58967,58967,58966.5,58967,1.711,100892.537
1617663120000,58967,58990,58967,58990,5.572,328692.28
1617663180000,58990,58990.5,58990,58990,1.589,93735.11
1617663240000,58990,58990,58958,58958,5.875,346378.25
1617663300000,58958,58980,58958,58979.5,4.013,236684.7335
1617663360000,58979.5,58979.5,58958,58958,5.405,318667.99
1617663420000,58958,58958.5,58944,58944,6.101,359617.344
1617663480000,58944,58944,58925,58925,3.005,177069.625
1617663540000,58925,58925.5,58925,58925.5,4.392,258800.796
1617663600000,58925,58925.5,58914,58914,1.142,67279.788
1617663660000,58914,58914,58825.5,58849.5,6.365,374577.0675
1617663720000,58849.5,58850,58800,58800,4.386,257896.8
1617663780000,58800,58800.5,58800,58800,2.49,146412
1617663840000,58800,58800.5,58750,58750,5.872,344980
1617663900000,58750,58767,58746,58746.5,2.353,138230.5145
1617663960000,58746.5,58747,58746.5,58747,10.002,587587.494
1617664020000,58747,58760.5,58746.5,58760,2.186,128449.36
1617664080000,58760,58783.5,58760,58783.5,2.325,136671.6375
1617664140000,58783.5,58783.5,58746.5,58746.5,11.062,649853.783
1617664200000,58747,58747,58703,58703,5.59,328149.77
1617664260000,58703,58703,58657,58669.5,41.414,2429738.673
1617664320000,58669.5,58669.5,58655.5,58655.5,8.322,488131.071
1617664380000,58655.5,58656,58620,58620.5,8.144,477405.352
1617664440000,58620.5,58658,58620,58631.5,6.091,357124.4665
1617664500000,58630.5,58658,58630,58657.5,7.057,413945.9775
1617664560000,58658,58669,58657.5,58669,5.586,327725.034
1617664620000,58669,58669,58657.5,58658,4.967,291354.286
1617664680000,58658,58721,58657.5,58721,10.494,616218.174
1617664740000,58721,58723,58701,58714,9.294,545687.916
1617664800000,58714,58714,58691,58691.5,2.123,124602.0545
1617664860000,58691.5,58703.5,58691,58703,0.674,39565.822
1617664920000,58703,58703.5,58703,58703.5,1.834,107662.219
1617664980000,58703.5,58724.5,58703,58724.5,1.313,77105.2685
1617665040000,58726,58763.5,58726,58763.5,6.217,365332.6795
1617665100000,58763.5,58780,58763.5,58779.5,3.347,196734.9865
1617665160000,58779.5,58784.5,58779.5,58784.5,2.748,161539.806
1617665220000,58784.5,58795,58784.5,58794.5,2.505,147280.2225
1617665280000,58794.5,58796,58794.5,58796,2.869,168685.724
1617665340000,58796,58800,58796,58799.5,1.172,68913.014
1617665400000,58799.5,58800,58799.5,58799.5,0.145,8525.9275
1617665460000,58799.5,58850,58799.5,58849.5,6.578,387112.011
1617665520000,58849.5,58850.5,58822,58822,3.287,193347.914
1617665580000,58822,58822,58820,58820.5,2.665,156756.6325
1617665640000,58820.5,58820.5,58820,58820,1.008,59290.56
1617665700000,58820,58820,58784,58784,4.066,239015.744
1617665760000,58784,58784,58762,58763,8.623,506713.349
1617665820000,58763,58777.5,58763,58777.5,2.335,137245.4625
1617665880000,58777.5,58777.5,58754,58754,1.246,73207.484
1617665940000,58754,58754,58720.5,58720.5,3.301,193836.3705
1617666000000,58720.5,58720.5,58712.5,58720,6.439,378098.08
1617666060000,58720,58754.5,58720,58754.5,2.165,127203.4925
1617666120000,58754.5,58754.5,58754,58754.5,0.126,7403.067
1617666180000,58754.5,58754.5,58700.5,58700.5,1.626,95447.013
1617666240000,58700.5,58739,58700.5,58735,0.373,21908.155
1617666300000,58735,58769.5,58735,58769.5,3.076,180774.982
1617666360000,58769.5,58769.5,58744.5,58769.5,9.397,552256.9915
1617666420000,58769.5,58769.5,58769,58769.5,1.433,84216.6935
1617666480000,58769.5,58769.5,58769.5,58769.5,8.011,470802.4645
1617666540000,58769.5,58769.5,58767.5,58767.5,2.138,125644.915
1617666600000,58767.5,58767.5,58743.5,58752.5,1.051,61748.8775
1617666660000,58752.5,58767.5,58752.5,58767,0.405,23800.635
1617666720000,58767,58767,58767,58767,0.439,25798.713
1617666780000,58767,58817.5,58767,58817.5,3.685,216742.4875
1617666840000,58817.5,58835,58817.5,58830,6.699,394102.17
1617666900000,58830,58830,58809.5,58824,0.833,49000.392
1617666960000,58824,58865,58824,58861,12.277,722636.497
1617667020000,58861,58889.5,58861,58889,13.379,787875.931
1617667080000,58889,59032,58889,59032,40.789,2407856.248
1617667140000,59032,59179.5,59031.5,59179.5,76.44,4523680.98
1617667200000,59179.5,59280,59179.5,59279.5,59.106,3503774.127
1617667260000,59280,59350.5,59250,59350,75.499,4480865.65
1617667320000,59350,59469,59350,59469,42.832,2547176.208
1617667380000,59469,59469,59206,59206,35.528,2103470.768
1617667440000,59206,59300,59180,59243,30.7,1818760.1
1617667500000,59243,59397,59243,59397,28.421,1688122.137
1617667560000,59397,59408,59312,59338.5,18.191,1079426.6535
1617667620000,59338.5,59425.5,59338.5,59425.5,9.744,579042.072
1617667680000,59425.5,59468.5,59411.5,59468,17.658,1050085.944
1617667740000,59468,59495,59465,59494.5,25.985,1545964.5825
1617667800000,59494.5,59547,59442,59442,55.681,3309790.002
1617667860000,59442,59465.5,59410,59465,11.101,660120.965
1617667920000,59465,59489.5,59344.5,59344.5,12.19,723409.455
1617667980000,59344.5,59377.5,59334.5,59351.5,2.867,170160.7505
1617668040000,59351.5,59395.5,59351.5,59364.5,12.166,722228.507
1617668100000,59364.5,59412,59360.5,59361,7.187,426627.507
1617668160000,59361,59361,59360.5,59360.5,2.335,138606.7675
1617668220000,59360.5,59361,59280,59280,38.102,2258686.56
1617668280000,59280.5,59280.5,59255,59255,20.361,1206491.055
1617668340000,59255,59255,59205,59205,37.297,2208168.885
1617668400000,59205,59205,59201,59201,9.003,532986.603
1617668460000,59201,59201,59163.5,59164,27.092,1602871.088
1617668520000,59164,59249.5,59164,59202.5,15.233,901831.6825
1617668580000,59202.5,59240,59202.5,59220,4.267,252691.74
1617668640000,59220,59268,59220,59268,7.965,472069.62
1617668700000,59268,59288,59267.5,59288,9.099,539461.512
1617668760000,59288,59326.5,59287.5,59313,12.561,745030.593
1617668820000,59313,59313,59312.5,59313,1.942,115185.846
1617668880000,59313,59328,59313,59319.5,1.54,91352.03
1617668940000,59315,59315,59280,59280,10.418,617579.04
1617669000000,59280,59349,59250,59279.5,28.274,1676068.583
1617669060000,59279.5,59280,59259.5,59259.5,3.338,197808.211
1617669120000,59260,59260,59259.5,59259.5,0.646,38281.637
1617669180000,59259.5,59300,59250,59299.5,9.265,549409.8675
1617669240000,59299.5,59320.5,59274.5,59320.5,5.938,352245.129
1617669300000,59320.5,59320.5,59262.5,59265,5.583,330876.495
1617669360000,59265,59265,59260.5,59261,0.348,20622.828
1617669420000,59262,59317,59261.5,59317,11.277,668917.809
1617669480000,59317,59344,59304.5,59320,8.26,489983.2
1617669540000,59320,59320.5,59288.5,59288.5,2.148,127351.698
1617669600000,59288.5,59328,59265,59328,3.997,237134.016
1617669660000,59328,59328,59270,59270,2.037,120732.99
1617669720000,59270,59306.5,59270,59306,3.099,183789.294
1617669780000,59306,59306.5,59280,59280,1.568,92951.04
1617669840000,59280,59300.5,59280,59300.5,1.67,99031.835
1617669900000,59300.5,59300.5,59289.5,59289.5,1.613,95633.9635
1617669960000,59289.5,59290,59289.5,59290,0.082,4861.78
1617670020000,59290,59306.5,59290,59306,11.218,665294.708
1617670080000,59306,59306.5,59306,59306.5,0.602,35702.513
1617670140000,59306.5,59345,59306,59345,1.581,93824.445
1617670200000,59345,59368.5,59344.5,59368,7.776,461645.568
1617670260000,59368,59375,59367.5,59367.5,1.733,102883.8775
1617670320000,59367.5,59367.5,59367,59367.5,1.288,76465.34
1617670380000,59367.5,59368,59367,59367.5,0.929,55152.4075
1617670440000,59367.5,59368,59367.5,59368,1.148,68154.464
1617670500000,59368,59384.5,59367.5,59384.5,9.025,535945.1125
1617670560000,59384.5,59384.5,59384,59384.5,1.263,75002.6235
1617670620000,59384.5,59401.5,59384.5,59401.5,4.154,246753.831
1617670680000,59401.5,59402,59401.5,59402,3.474,206362.548
1617670740000,59402,59408.5,59401.5,59408.5,4.076,242149.046
1617670800000,59408.5,59471,59408,59471,12.118,720669.578
1617670860000,59471,59552,59471,59520,34.442,2049987.84
1617670920000,59523,59541,59389.5,59389.5,22.721,1349388.8295
1617670980000,59389.5,59439,59362,59362,44.409,2636207.058
1617671040000,59362,59362,59318.5,59318.5,20.784,1232875.704
1617671100000,59316.5,59317,59316.5,59316.5,13.548,803619.942
1617671160000,59316.5,59353.5,59316.5,59353,15.583,924897.799
1617671220000,59353,59354,59353,59354,0.68,40360.72
1617671280000,59354,59354,59335,59335,5.414,321239.69
1617671340000,59335,59385.5,59335,59366,4.348,258123.368
1617671400000,59365.5,59365.5,59328,59328,3.097,183738.816
1617671460000,59328,59372,59328,59371.5,6.882,408594.663
1617671520000,59329,59359.5,59329,59359.5,17.066,1013029.227
1617671580000,59359.5,59359.5,59331,59331,3.736,221660.616
1617671640000,59331,59331.5,59316.5,59316.5,2.013,119404.1145
1617671700000,59316.5,59316.5,59288.5,59289.5,7.136,423089.872
1617671760000,59289.5,59289.5,59211,59211,40.979,2426407.569
1617671820000,59211,59211.5,59211,59211,8.243,488076.273
1617671880000,59211,59274.5,59211,59274.5,27.71,1642496.395
1617671940000,59274.5,59313.5,59233,59233,4.797,284140.701
1617672000000,59233,59233.5,59175,59175.5,6.635,392629.4425
1617672060000,59175.5,59175.5,59054.5,59099.5,44.182,2611134.109
1617672120000,59100,59114,59099.5,59113.5,12.954,765756.279
1617672180000,59113.5,59125,59075,59075,8.858,523286.35
1617672240000,59075,59075.5,59000.5,59000.5,76,4484038
1617672300000,59000.5,59043,58997.5,59042.5,34.353,2028287.0025
1617672360000,59042.5,59083,59042.5,59082.5,4.088,241529.26
1617672420000,59082.5,59083,59054.5,59067,5.353,316185.651
1617672480000,59067,59100,59066.5,59100,3.118,184273.8
1617672540000,59100,59112,59099.5,59112,0.899,53141.688
1617672600000,59112,59139,59111.5,59139,5.501,325323.639
1617672660000,59139,59140,59105.5,59116.5,8.692,513840.618
1617672720000,59116.5,59130,59061.5,59061.5,15.163,895549.5245
1617672780000,59061.5,59149.5,59061.5,59149.5,8.658,512116.371
1617672840000,59150,59157,59130.5,59131,4.155,245689.305
1617672900000,59131,59139,59130.5,59139,3.589,212249.871
1617672960000,59139,59149,59138.5,59149,1.491,88191.159
1617673020000,59149,59150,59149,59149.5,2.924,172953.138
1617673080000,59149.5,59160.5,59149,59149,3.956,233993.444
1617673140000,59149,59160,59149,59150,3.131,185198.65
1617673200000,59150,59150,59149.5,59150,1.192,70506.8
1617673260000,59150,59150,59065,59065.5,13.874,819474.747
1617673320000,59065.5,59091.5,59049,59073.5,3.45,203803.575
1617673380000,59073.5,59099,59068.5,59099,4.962,293249.238
1617673440000,59099.5,59099.5,59099,59099.5,0.797,47102.3015
1617673500000,59099.5,59099.5,59050,59050.5,3.95,233249.475
1617673560000,59050.5,59050.5,59048,59048,2.327,137404.696
1617673620000,59048,59048,59014,59014,8.57,505749.98
1617673680000,59014,59014,58934.5,58991,25.132,1482561.812
1617673740000,58991,59023.5,58989.5,59023,4.417,260704.591
1617673800000,59023,59051.5,59023,59051.5,5.099,301103.5985
1617673860000,59051.5,59057.5,59039.5,59039.5,3.84,226711.68
1617673920000,59039.5,59039.5,58966.5,58971.5,18.269,1077350.3335
1617673980000,58971.5,58998,58971.5,58997.5,2.978,175694.555
1617674040000,58997.5,58998,58960.5,58961,1.677,98877.597
1617674100000,58961,58961,58909,58909,13.589,800514.401
1617674160000,58909,58909.5,58825,58839,29.939,1761580.821
1617674220000,58839,58875,58838.5,58875,8.459,498023.625
1617674280000,58875,58889,58874.5,58888.5,6.016,354273.216
1617674340000,58888.5,58902,58888.5,58902,2.983,175704.666
1617674400000,58902,58928,58888.5,58928,3.92,230997.76
1617674460000,58928,58928,58842.5,58842.5,4.419,260025.0075
1617674520000,58842.5,58842.5,58780,58821.5,20.132,1184194.438
1617674580000,58821.5,58850,58806,58850,4.575,269238.75
1617674640000,58850,58850,58793.5,58793.5,4.833,284148.9855
1617674700000,58793.5,58850,58793.5,58849.5,7.094,417478.353
1617674760000,58849.5,58849.5,58792.5,58792.5,5.113,300606.0525
1617674820000,58792.5,58793,58735,58735,18.416,1081663.76
1617674880000,58735,58780,58735,58780,3.162,185862.36
1617674940000,58780,58800,58780,58800,5.594,328927.2
1617675000000,58800,58800,58794,58794,1.113,65437.722
1617675060000,58794,58794,58780,58780,2.999,176281.22
1617675120000,58780,58780.5,58750.5,58773.5,12.214,717859.529
1617675180000,58773.5,58780.5,58773.5,58780.5,4.193,246466.6365
1617675240000,58788,58802,58788,58802,7.458,438545.316
1617675300000,58806.5,58821.5,58806,58817.5,3.535,207919.8625
1617675360000,58817.5,58854.5,58817,58854.5,5.195,305749.1275
1617675420000,58854.5,58889.5,58854.5,58889.5,4.567,268948.3465
1617675480000,58889.5,58898,58885,58885.5,7.151,421090.2105
1617675540000,58885.5,58885.5,58884,58884,1.958,115294.872
1617675600000,58883.5,58883.5,58853,58853,10.6,623841.8
1617675660000,58853,58853.5,58853,58853,2.856,168084.168
1617675720000,58853,58853,58853,58853,0.347,20421.991
1617675780000,58853,58853.5,58834,58834,3.854,226746.236
1617675840000,58834,58834.5,58834,58834,0.466,27416.644
1617675900000,58834,58834.5,58834,58834.5,0.733,43125.6885
1617675960000,58834.5,58846.5,58834,58846.5,13.741,808609.7565
1617676020000,58846.5,58846.5,58842.5,58842.5,2.07,121803.975
1617676080000,58842.5,58842.5,58841,58841,1.116,65666.556
1617676140000,58841,58841.5,58841,58841,0.706,41541.746
1617676200000,58841,58841.5,58841,58841,0.989,58193.749
1617676260000,58841,58841,58834,58834,2.063,121374.542
1617676320000,58834,58841.5,58834,58841.5,1.913,112563.7895
1617676380000,58841.5,58870,58841.5,58870,6.861,403907.07
1617676440000,58870,58870,58869.5,58870,0.616,36263.92
1617676500000,58870,58883,58869.5,58883,2.371,139611.593
1617676560000,58883,58883.5,58883,58883,0.859,50580.497
1617676620000,58883,58887.5,58883,58887,0.523,30797.901
1617676680000,58887,58890,58887,58889.5,1.925,113362.2875
1617676740000,58889.5,58890.5,58889.5,58890.5,1.387,81681.1235
1617676800000,58890.5,58890.5,58890,58890.5,2.887,170016.8735
1617676860000,58890.5,58890.5,58890,58890.5,3.986,234737.533
1617676920000,58890.5,58890.5,58890,58890.5,1.524,89749.122
1617676980000,58890.5,58890.5,58890.5,58890.5,0.094,5535.707
1617677040000,58890.5,58890.5,58890,58890,8.698,512225.22
1617677100000,58890,58890.5,58890,58890.5,4.694,276432.007
1617677160000,58890.5,58890.5,58890,58890,2.445,143986.05
1617677220000,58890,58890,58866,58866,3.863,227399.358
1617677280000,58866,58866.5,58866,58866.5,2.365,139219.2725
1617677340000,58866.5,58866.5,58860.5,58860.5,1.028,60508.594
1617677400000,58860.5,58861,58860.5,58861,1.675,98592.175
1617677460000,58861,58861,58860.5,58861,0.441,25957.701
1617677520000,58860.5,58865,58860.5,58865,4.649,273663.385
1617677580000,58865,58865,58864.5,58865,0.306,18012.69
1617677640000,58865,58866,58864.5,58866,0.616,36261.456
1617677700000,58866,58870,58865.5,58870,1.79,105377.3
1617677760000,58870,58870,58860,58860,0.648,38141.28
1617677820000,58860,58860,58851,58851,1.074,63205.974
1617677880000,58851,58851,58851,58851,0.108,6355.908
1617677940000,58851,58851.5,58851,58851,0.59,34722.09
1617678000000,58851,58851.5,58851,58851,0.194,11417.094
1617678060000,58851,58851,58850,58850.5,8.348,491283.974
1617678120000,58850.5,58850.5,58842.5,58842.5,0.585,34422.8625
1617678180000,58842.5,58842.5,58828,58840,4.212,247834.08
1617678240000,58840,58854,58840,58854,2.582,151961.028
1617678300000,58854,58890,58854,58889.5,5.208,306696.516
1617678360000,58889.5,58890,58889.5,58889.5,1.69,99523.255
1617678420000,58889.5,58890,58889.5,58889.5,0.565,33272.5675
1617678480000,58889.5,58890,58889.5,58889.5,1.436,84565.322
1617678540000,58889.5,58890.5,58889.5,58890.5,0.744,43814.532
1617678600000,58890.5,58890.5,58888,58888.5,6.281,369878.6685
1617678660000,58888.5,58888.5,58888,58888,0.103,6065.464
1617678720000,58888,58888,58887.5,58888,1.704,100345.152
1617678780000,58888,58888,58887.5,58887.5,0.322,18961.775
1617678840000,58887.5,58888,58880,58880,1.328,78192.64
1617678900000,58880,58880.5,58880,58880.5,0.222,13071.471
1617678960000,58880.5,58880.5,58866.5,58866.5,0.52,30610.58
1617679020000,58866.5,58866.5,58866.5,58866.5,0.067,3944.0555
1617679080000,58866.5,58867,58854,58854,0.514,30250.956
1617679140000,58854,58854.5,58854,58854,0.265,15596.31
1617679200000,58854,58854,58854,58854,0.05,2942.7
1617679260000,58854,58854.5,58854,58854.5,0.937,55146.6665
1617679320000,58854.5,58854.5,58854.5,58854.5,1.51,88870.295
1617679380000,58868,58877.5,58868,58873,0.295,17367.535
1617679440000,58873,58873.5,58873,58873.5,1.147,67527.9045
1617679500000,58873,58880.5,58873,58880.5,1.714,100921.177
1617679560000,58894.5,58920,58894.5,58920,7.674,452152.08
1617679620000,58920,58920,58919.5,58919.5,5.853,344855.8335
1617679680000,58919.5,58982.5,58919.5,58982.5,13.413,791132.2725
1617679740000,58982.5,58994,58982.5,58994,5.667,334318.998
1617679800000,58994,58994,58993.5,58993.5,2.133,125833.1355
1617679860000,58993.5,58994,58990,58990.5,12.263,723400.5015
1617679920000,58990,58990.5,58990,58990,5.145,303503.55
1617679980000,58990,58990,58978,58978,7.278,429241.884
1617680040000,58978,58978.5,58977.5,58978,1.119,65996.382
1617680100000,58978,58978,58953.5,58954,5.565,328079.01
1617680160000,58954,58954,58953.5,58953.5,5.983,352718.7905
1617680220000,58953.5,58954,58933.5,58933.5,4.19,246931.365
1617680280000,58933.5,58934,58933.5,58933.5,0.714,42078.519
1617680340000,58933.5,58934,58933.5,58933.5,0.418,24634.203
1617680400000,58933.5,58934,58933.5,58934,2.913,171674.742
1617680460000,58934,58934,58933.5,58933.5,0.048,2828.808
1617680520000,58933.5,58934,58933.5,58933.5,0.455,26814.7425
1617680580000,58933.5,58934,58933.5,58933.5,0.47,27698.745
1617680640000,58933.5,58934,58933.5,58934,0.201,11845.734
1617680700000,58934,58934,58933.5,58933.5,0.177,10431.2295
1617680760000,58933.5,58933.5,58933.5,58933.5,0.887,52274.0145
1617680820000,58933.5,58933.5,58919.5,58920,1.217,71705.64
1617680880000,58920,58920,58919,58919,1.438,84725.522
1617680940000,58913.5,58913.5,58911,58911.5,0.93,54787.695
1617681000000,58911.5,58911.5,58902,58902,4.411,259816.722
1617681060000,58902,58902.5,58889.5,58889.5,7.461,439374.5595
1617681120000,58889.5,58889.5,58885,58885,1.119,65892.315
1617681180000,58885,58885,58867,58867,4.804,282797.068
1617681240000,58867,58867,58833,58833,18.967,1115885.511
1617681300000,58833,58833.5,58775,58775,14.789,869223.475
1617681360000,58775,58775.5,58713,58713.5,15.826,929199.851
1617681420000,58713.5,58713.5,58709,58709,7.812,458634.708
1617681480000,58709,58713.5,58709,58713.5,17.348,1018561.798
1617681540000,58713.5,58715,58713,58713.5,7.85,460900.975
1617681600000,58713,58775.5,58713,58775.5,5.585,328261.1675
1617681660000,58775.5,58775.5,58775,58775.5,3.794,222994.247
1617681720000,58775.5,58803.5,58775,58803.5,11.191,658069.9685
1617681780000,58803.5,58803.5,58803,58803,2.864,168411.792
1617681840000,58803,58803.5,58803,58803.5,4.115,241976.4025
1617681900000,58803.5,58805,58803,58805,3.03,178179.15
1617681960000,58805,58812,58805,58812,0.651,38286.612
1617682020000,58812,58817,58812,58817,2.153,126633.001
1617682080000,58817,58817,58816.5,58816.5,0.424,24938.196
1617682140000,58816.5,58817,58816.5,58816.5,1.995,117338.9175
1617682200000,58816.5,58816.5,58816.5,58816.5,0.242,14233.593
1617682260000,58816.5,58817,58816.5,58816.5,1.77,104105.205
1617682320000,58816.5,58816.5,58816.5,58816.5,0.107,6293.3655
1617682380000,58816.5,58817,58816.5,58817,0.234,13763.178
1617682440000,58817,58841,58816.5,58841,7.12,418947.92
1617682500000,58841,58841,58816.5,58817,17.541,1031708.997
1617682560000,58817,58817,58800,58800,2.8,164640
1617682620000,58800,58842.5,58800,58842.5,2.794,164405.945
1617682680000,58842.5,58871.5,58842.5,58871.5,5.629,331387.6735
1617682740000,58871.5,58871.5,58871,58871.5,0.903,53160.9645
1617682800000,58871.5,58871.5,58871,58871,3.272,192625.912
1617682860000,58871,58878,58871,58878,2.716,159912.648
1617682920000,58878,58880,58878,58880,0.9,52992
1617682980000,58880,58921,58879.5,58921,5.94,349990.74
1617683040000,58921,58921,58920.5,58920.5,1.791,105526.6155
1617683100000,58920.5,58921,58894.5,58895,16.624,979070.48
1617683160000,58895,58895,58894.5,58894.5,0.171,10070.9595
1617683220000,58894.5,58895,58894.5,58894.5,0.812,47822.334
1617683280000,58894.5,58894.5,58894.5,58894.5,0.556,32745.342
1617683340000,58894.5,58894.5,58861,58861.5,2.889,170050.8735
1617683400000,58861.5,58883.5,58861,58883.5,4.193,246898.5155
1617683460000,58883.5,58909.5,58883.5,58909.5,7.036,414487.242
1617683520000,58909.5,58948.5,58909.5,58948.5,3.169,186807.7965
1617683580000,58948.5,58948.5,58948,58948,1.681,99091.588
1617683640000,58948,58948.5,58948,58948.5,1.058,62367.513
1617683700000,58948.5,58948.5,58948,58948,0.743,43798.364
1617683760000,58948,58948.5,58948,58948,1.313,77398.724
1617683820000,58948,58948.5,58935.5,58935.5,3.937,232029.0635
1617683880000,58935.5,58936,58920.5,58920.5,1.43,84256.315
1617683940000,58920.5,58921,58920.5,58920.5,1.623,95627.9715
1617684000000,58920.5,58920.5,58880,58880.5,2.157,127005.2385
1617684060000,58880.5,58907,58880,58907,2.859,168415.113
1617684120000,58907,58907,58891,58891,1.947,114660.777
1617684180000,58891,58891,58884,58884,0.865,50934.66
1617684240000,58884,58884.5,58867,58867.5,14.314,842629.395
1617684300000,58867.5,58867.5,58867,58867.5,0.027,1589.4225
1617684360000,58867.5,58867.5,58849.5,58849.5,4.378,257643.111
1617684420000,58849.5,58849.5,58844,58844.5,0.297,17476.8165
1617684480000,58844.5,58844.5,58844,58844.5,0.636,37425.102
1617684540000,58844.5,58844.5,58844,58844,0.217,12769.148
1617684600000,58844,58844.5,58844,58844.5,0.08,4707.56
1617684660000,58844.5,58845,58844,58845,0.791,46546.395
1617684720000,58856,58885,58856,58884.5,2.279,134197.7755
1617684780000,58884.5,58885,58884.5,58885,0.112,6595.12
1617684840000,58885,58897,58885,58897,0.678,39932.166
1617684900000,58897,58897,58884.5,58884.5,0.101,5947.3345
1617684960000,58884.5,58885,58884.5,58884.5,0.853,50228.4785
1617685020000,58884.5,58884.5,58884.5,58884.5,0,0
1617685080000,58884.5,58884.5,58884.5,58884.5,0.922,54291.509
1617685140000,58884.5,58884.5,58884.5,58884.5,0.046,2708.687
1617685200000,58884.5,58885,58884.5,58885,0.294,17312.19
1617685260000,58885,58885,58884.5,58885,0.867,51053.295
1617685320000,58885,58885,58884.5,58885,0.892,52525.42
1617685380000,58885,58885,58884.5,58884.5,3.908,230120.626
1617685440000,58884.5,58885,58884.5,58885,0.43,25320.55
1617685500000,58885,58909,58885,58909,4.809,283293.381
1617685560000,58909,58910,58908.5,58910,4.259,250897.69
1617685620000,58910,58910,58909.5,58910,1.445,85124.95
1617685680000,58910,58910,58909.5,58909.5,0.357,21030.6915
1617685740000,58909.5,58910,58909.5,58910,0.123,7245.93
1617685800000,58910,58910,58909.5,58910,0.472,27805.52
1617685860000,58910,58910,58909.5,58909.5,1.897,111751.3215
1617685920000,58909.5,58915,58909.5,58915,5.332,314134.78
1617685980000,58915,58926,58915,58926,2.354,138711.804
1617686040000,58926,58928.5,58926,58928.5,0.518,30524.963
1617686100000,58928.5,58928.5,58910.5,58910.5,2.296,135258.508
1617686160000,58910.5,58911,58910.5,58911,3.808,224333.088
1617686220000,58911,58911,58909.5,58909.5,0.936,55139.292
1617686280000,58909.5,58910,58909,58909.5,0.485,28571.1075
1617686340000,58909.5,58909.5,58909,58909.5,0.048,2827.656
1617686400000,58909.5,58909.5,58909,58909.5,0.5,29454.75
1617686460000,58909.5,58909.5,58901,58901,3.411,200911.311
1617686520000,58901,58901.5,58893.5,58894,3.503,206305.682
1617686580000,58894,58894,58884.5,58884.5,11.526,678702.747
1617686640000,58884.5,58884.5,58877,58878,16.215,954706.77
1617686700000,58878,58878,58877.5,58878,0.07,4121.46
1617686760000,58878,58885,58877.5,58885,2.536,149332.36
1617686820000,58885,58886,58885,58886,7.973,469498.078
1617686880000,58886,58926,58886,58925.5,16.523,973626.0365
1617686940000,58925.5,58927.5,58925.5,58927.5,1.281,75486.1275
1617687000000,58927.5,58928.5,58927.5,58928.5,0.519,30583.8915
1617687060000,58928.5,58929.5,58928.5,58929.5,0.588,34650.546
1617687120000,58929.5,58929.5,58929,58929.5,0.175,10312.6625
1617687180000,58929.5,58929.5,58929,58929,0.503,29641.287
1617687240000,58929,58929.5,58928,58928,2.108,124220.224
1617687300000,58928,58928,58927,58927,1.488,87683.376
1617687360000,58927,58970,58927,58970,24.334,1434975.98
1617687420000,58970,58976,58970,58976,0.8,47180.8
1617687480000,58976,58984,58975.5,58984,13.864,817754.176
1617687540000,58984.5,59000,58984.5,58999.5,14.239,840093.8805
1617687600000,58999.5,59024,58999.5,59024,10.798,637341.152
1617687660000,59024,59042.5,59024,59042,33.602,1983929.284
1617687720000,59042,59045,59042,59045,3.473,205063.285
1617687780000,59045,59047.5,59045,59047.5,1.322,78060.795
1617687840000,59047.5,59047.5,59028.5,59029,6.146,362792.234
1617687900000,59029,59029,59028.5,59028.5,1.212,71542.542
1617687960000,59028.5,59029,59005.5,59005.5,2.407,142026.2385
1617688020000,59005.5,59005.5,59000,59000,2.663,157117
1617688080000,59000,59000.5,59000,59000,0.177,10443
1617688140000,59000,59000.5,59000,59000,0.511,30149
1617688200000,59000,59000,58956,58956,14.326,844603.656
1617688260000,58956,58968.5,58956,58968.5,0.881,51951.2485
1617688320000,58968.5,58969,58968.5,58969,0.473,27892.337
1617688380000,58969,58969,58968.5,58969,0.415,24472.135
1617688440000,58969,58969,58968,58968,1.329,78368.472
1617688500000,58968,58968,58955.5,58955.5,3.314,195378.527
1617688560000,58955.5,58956,58955.5,58955.5,2.549,150277.5695
1617688620000,58955.5,58955.5,58935,58935,3.725,219532.875
1617688680000,58935,58935.5,58935,58935,0.174,10254.69
1617688740000,58935,58935.5,58935,58935.5,1.2,70722.6
1617688800000,58935,58935.5,58935,58935.5,0.328,19330.844
1617688860000,58935.5,58935.5,58907.5,58907.5,4.412,259899.89
1617688920000,58907.5,58907.5,58885,58885.5,10.713,630840.3615
1617688980000,58885.5,58885.5,58885,58885,0.19,11188.15
1617689040000,58885,58885.5,58874,58874,8.876,522565.624
1617689100000,58870,58870,58867.5,58868,2.965,174543.62
1617689160000,58868,58868,58867.5,58868,0.083,4886.044
1617689220000,58868,58868,58867.5,58868,0.346,20368.328
1617689280000,58868,58868,58860,58860.5,3.652,214958.546
1617689340000,58860.5,58860.5,58860,58860,2.449,144148.14
1617689400000,58860,58860,58850,58850,1.556,91570.6
1617689460000,58850,58850.5,58850,58850,0.854,50257.9
1617689520000,58850,58850.5,58850,58850.5,0.461,27130.0805
1617689580000,58850.5,58850.5,58843.5,58844,2.879,169411.876
1617689640000,58844,58844,58843.5,58843.5,0.479,28186.0365
1617689700000,58843.5,58844,58817,58817,3.609,212270.553
1617689760000,58817,58817,58727.5,58752,33.68,1978767.36
1617689820000,58752,58765.5,58751.5,58765.5,7.257,426461.2335
1617689880000,58765.5,58770,58765,58770,3.38,198642.6
1617689940000,58770,58770,58769.5,58770,2.096,123181.92
1617690000000,58770,58800,58770,58800,5.243,308288.4
1617690060000,58800,58803.5,58800,58803.5,4.799,282197.9965
1617690120000,58803.5,58803.5,58803,58803.5,0.496,29166.536
1617690180000,58803.5,58843,58803,58842.5,7.608,447673.74
1617690240000,58842.5,58843,58820,58820,8.37,492323.4
1617690300000,58820,58820.5,58820,58820,0.5,29410
1617690360000,58820,58820.5,58820,58820.5,1.363,80172.3415
1617690420000,58820.5,58820.5,58820,58820,2.444,143756.08
1617690480000,58820,58853.5,58820,58853.5,3.958,232942.153
1617690540000,58853.5,58868,58853,58868,2.829,166537.572
1617690600000,58868,58903.5,58868,58903.5,11.648,686107.968
1617690660000,58903.5,58950,58903,58950,4.956,292156.2
1617690720000,58950,58953,58950,58952.5,2.305,135885.5125
1617690780000,58952.5,58953,58915,58915,8.919,525462.885
1617690840000,58915,58950,58915,58950,1.011,59598.45
1617690900000,58950,58966.5,58949.5,58966.5,2.552,150482.508
1617690960000,58966.5,58979,58966.5,58979,19.428,1145844.012
1617691020000,58979,58979,58975,58975,4.13,243566.75
1617691080000,58975,58979,58975,58978.5,3.68,217040.88
1617691140000,58978.5,58979,58978.5,58978.5,0.959,56560.3815
1617691200000,58978.5,58981.5,58978.5,58981.5,2.104,124097.076
1617691260000,58981.5,58981.5,58981,58981,1.904,112299.824
1617691320000,58981,58994,58981,58994,2.344,138281.936
1617691380000,58994,58994,58993.5,58993.5,3.989,235325.0715
1617691440000,58993.5,58993.5,58966.5,58966.5,1.747,103014.4755
1617691500000,58966.5,58967,58966.5,58966.5,0.824,48588.396
1617691560000,58967,58967,58956.5,58956.5,4.819,284111.3735
1617691620000,58956.5,58956.5,58954,58954,1.754,103405.316
1617691680000,58954,58954.5,58954,58954.5,0.498,29359.341
1617691740000,58954,58955.5,58954,58955,0.23,13559.65
1617691800000,58955,58955,58953,58953,0.135,7958.655
1617691860000,58953,58953.5,58953,58953,15.357,905341.221
1617691920000,58953,58953.5,58952.5,58952.5,2.385,140601.7125
1617691980000,58952.5,58952.5,58928,58928,1.188,70006.464
1617692040000,58918.5,58918.5,58881,58881,11.558,680546.598
1617692100000,58881,58881.5,58881,58881,0.319,18783.039
1617692160000,58881,58881.5,58881,58881,0.968,56996.808
1617692220000,58881.5,58881.5,58881,58881.5,0.971,57173.9365
1617692280000,58881.5,58881.5,58881,58881.5,1.039,61177.8785
1617692340000,58881.5,58881.5,58881,58881.5,0.596,35093.374
1617692400000,58881.5,58881.5,58877.5,58877.5,1.406,82781.765
1617692460000,58877.5,58877.5,58855.5,58855.5,2.54,149492.97
1617692520000,58855.5,58856,58850.5,58850.5,1.792,105460.096
1617692580000,58850.5,58850.5,58840,58840.5,1.851,108913.7655
1617692640000,58840.5,58869,58840,58869,2.799,164774.331
1617692700000,58869,58869,58837,58837,6.028,354669.436
1617692760000,58837,58837,58805,58805,9.555,561881.775
1617692820000,58805,58818,58804,58806.5,3.323,195413.9995
1617692880000,58806.5,58806.5,58805.5,58806,11.62,683325.72
1617692940000,58806,58806,58805,58805.5,0.691,40634.6005
1617693000000,58805.5,58854.5,58805.5,58854.5,7.518,442468.131
1617693060000,58854.5,58854.5,58854,58854.5,2.74,161261.33
1617693120000,58854.5,58870,58854.5,58870,0.408,24018.96
1617693180000,58870,58870.5,58870,58870.5,0.273,16071.6465
1617693240000,58870.5,58878.5,58870.5,58878.5,3.747,220617.7395
1617693300000,58878.5,58878.5,58878,58878,0.763,44923.914
1617693360000,58878,58878,58850.5,58859.5,3.688,217073.836
1617693420000,58859.5,58865.5,58859.5,58865.5,0.042,2472.351
1617693480000,58865.5,58905.5,58865.5,58905.5,4.852,285809.486
1617693540000,58905.5,58926,58905.5,58926,5.395,317905.77
1617693600000,58926,58935.5,58926,58935.5,3.155,185941.5025
1617693660000,58935.5,58950.5,58935.5,58950.5,1.535,90489.0175
1617693720000,58950.5,58950.5,58934.5,58950,6.918,407816.1
1617693780000,58950,58950.5,58950,58950.5,0.624,36785.112
1617693840000,58950.5,58950.5,58940,58940,7.526,443582.44
1617693900000,58940,58940,58928.5,58928.5,5.113,301301.4205
1617693960000,58928.5,58928.5,58912,58912,0.746,43948.352
1617694020000,58912,58912,58873.5,58874,3.709,218363.666
1617694080000,58874,58874,58865,58865,0.796,46856.54
1617694140000,58865,58881,58865,58881,1.926,113404.806
1617694200000,58881,58881.5,58834.5,58834.5,2.48,145909.56
1617694260000,58834.5,58835,58834.5,58835,1.804,106138.34
1617694320000,58835,58835,58834.5,58835,2.735,160913.725
1617694380000,58835,58835,58834.5,58835,19.679,1157813.965
1617694440000,58835,58835,58810,58810,6.57,386381.7
1617694500000,58810,58810.5,58810,58810.5,2.381,140027.8005
1617694560000,58810.5,58810.5,58810,58810,4.393,258352.33
1617694620000,58810,58810.5,58807,58807,6.474,380716.518
1617694680000,58807,58807.5,58807,58807.5,16.051,943919.1825
1617694740000,58807.5,58807.5,58800,58800,3.558,209210.4
1617694800000,58799,58799,58780,58780.5,5.156,303072.258
1617694860000,58780.5,58780.5,58750,58756.5,19.239,1130416.3035
1617694920000,58756.5,58756.5,58750,58750,10.962,644017.5
1617694980000,58750,58786.5,58750,58786.5,8.384,492866.016
1617695040000,58786.5,58800,58786.5,58800,5.688,334454.4
1617695100000,58800,58800,58615.5,58616.5,94.156,5519095.174
1617695160000,58616.5,58630.5,58504,58566.5,56.225,3292901.4625
1617695220000,58566.5,58650,58566.5,58645.5,14.384,843556.872
1617695280000,58645.5,58683,58624,58683,6.803,399220.449
1617695340000,58683,58683,58650,58650.5,17.926,1051368.863
1617695400000,58650.5,58700,58625,58625,20.245,1186863.125
1617695460000,58625,58625.5,58622.5,58622.5,5.351,313688.9975
1617695520000,58622.5,58622.5,58592.5,58593,17.091,1001412.963
1617695580000,58593,58593,58592.5,58593,1.262,73944.366
1617695640000,58593,58593,58570,58585,3.397,199013.245
1617695700000,58585,58585,58523,58523.5,7.173,419789.0655
1617695760000,58523.5,58523.5,58463,58520,78.866,4615238.32
1617695820000,58520,58592.5,58519.5,58592.5,10.523,616568.8775
1617695880000,58592.5,58592.5,58588,58588,3.67,215017.96
1617695940000,58588,58671,58588,58671,14.252,836179.092
1617696000000,58671,58671,58643,58643,12.715,745645.745
1617696060000,58643,58643.5,58507.5,58522,20.636,1207659.992
1617696120000,58522,58617.5,58495,58569,29.951,1754200.119
1617696180000,58569,58576,58509.5,58560,14.793,866278.08
1617696240000,58560,58592,58559.5,58592,3.111,182279.712
1617696300000,58592,58619,58550.5,58550.5,7.272,425779.236
1617696360000,58550.5,58609.5,58550.5,58609,5.5,322349.5
1617696420000,58609,58642.5,58609,58642.5,4.397,257851.0725
1617696480000,58642.5,59000,58642.5,58999,69.761,4115829.239
1617696540000,58999,59000,58414,58820.5,197.867,11638635.8735
1617696600000,58820.5,58840,58742,58811.5,30.117,1771225.9455
1617696660000,58835.5,58835.5,58730.5,58738,14.719,864564.622
1617696720000,58738,58738.5,58677.5,58707.5,10.349,607563.9175
1617696780000,58707.5,58777,58707.5,58777,8.514,500427.378
1617696840000,58786.5,58786.5,58725,58759.5,3.194,187677.843
1617696900000,58759.5,58760,58724,58724,7.137,419113.188
1617696960000,58724,58775,58724,58775,3.471,204008.025
1617697020000,58775,58848,58774.5,58848,13.833,814044.384
1617697080000,58848,58848,58820,58820.5,8.138,478681.229
1617697140000,58820.5,58847,58820,58846.5,1.982,116633.763
1617697200000,58846.5,58847,58846.5,58847,1.499,88211.653
1617697260000,58847,58976,58846.5,58938.5,13.551,798675.6135
1617697320000,58938.5,58959.5,58924,58959,10.864,640530.576
1617697380000,58949.5,58959.5,58949,58959,4.361,257120.199
1617697440000,58959,58963.5,58959,58963,5.883,346879.329
1617697500000,58963,58988,58924,58988,14.488,854618.144
1617697560000,58988,58988,58929,58929,5.428,319866.612
1617697620000,58929,58929,58926,58926.5,3.178,187268.417
1617697680000,58926.5,58926.5,58911,58911,2.365,139324.515
1617697740000,58911,58911,58868,58895,7.242,426517.59
1617697800000,58895,58895.5,58870,58870,3.281,193152.47
1617697860000,58870,58870.5,58852,58870.5,0.977,57516.4785
1617697920000,58870.5,58870.5,58870,58870,0.706,41562.22
1617697980000,58870,58870.5,58852,58852,3.193,187914.436
1617698040000,58852,58852,58843,58843,0.678,39895.554
1617698100000,58843,58843.5,58840,58840,0.282,16592.88
1617698160000,58840,58840.5,58820,58840.5,3.02,177698.31
1617698220000,58840.5,58840.5,58794,58794.5,4.194,246584.133
1617698280000,58794.5,58809,58794.5,58803.5,2.738,161003.983
1617698340000,58803.5,58803.5,58795,58801.5,0.277,16288.0155
1617698400000,58801.5,58801.5,58801,58801.5,1.626,95611.239
1617698460000,58801.5,58801.5,58801,58801.5,1.067,62741.2005
1617698520000,58801.5,58801.5,58793.5,58793.5,11.482,675066.967
1617698580000,58793.5,58794,58742,58742,17.553,1031098.326
1617698640000,58742,58742,58728,58728,0.942,55321.776
1617698700000,58728,58728.5,58685,58699.5,7.303,428682.4485
1617698760000,58699.5,58700,58665,58665,20.797,1220056.005
1617698820000,58665,58665,58565,58565,55.139,3229215.535
1617698880000,58565,58634,58524,58634,34.274,2009621.716
1617698940000,58634,58634,58625,58625.5,2.579,151195.1645
1617699000000,58625.5,58650,58625,58650,5.054,296417.1
1617699060000,58650,58666,58625,58666,8.498,498543.668
1617699120000,58666,58698,58666,58698,5.861,344028.978
1617699180000,58698,58698,58666,58666.5,4.844,284180.526
1617699240000,58666.5,58666.5,58666,58666,1.519,89113.654
1617699300000,58666,58666.5,58647,58647,2.048,120109.056
1617699360000,58647,58666.5,58647,58666.5,0.563,33029.2395
1617699420000,58666.5,58666.5,58666,58666.5,0.065,3813.3225
1617699480000,58666.5,58666.5,58665,58665.5,7.067,414589.0885
1617699540000,58665.5,58665.5,58608.5,58616.5,26.085,1529011.4025
1617699600000,58616.5,58616.5,58558,58558,24.808,1452706.864
1617699660000,58558,58571,58558,58570.5,7.717,451988.5485
1617699720000,58570.5,58624,58570.5,58624,6.047,354499.328
1617699780000,58624,58624.5,58623.5,58624.5,1.98,116076.51
1617699840000,58624.5,58655.5,58624.5,58655.5,5.904,346302.072
1617699900000,58655.5,58655.5,58650,58650,2.581,151375.65
1617699960000,58650.5,58650.5,58610,58610,6.143,360041.23
1617700020000,58610,58610.5,58581.5,58608,6.972,408614.976
1617700080000,58608,58636,58607.5,58636,1.331,78044.516
1617700140000,58636,58649.5,58635.5,58649.5,2.623,153837.6385
1617700200000,58649.5,58649.5,58649,58649.5,4.122,241753.239
1617700260000,58649.5,58664.5,58649.5,58664,35.305,2071132.52
1617700320000,58664,58741,58664,58741,31.602,1856333.082
1617700380000,58741,58785.5,58741,58785,31.972,1879474.02
1617700440000,58785,58785.5,58785,58785,6.943,408144.255
1617700500000,58785,58785.5,58779.5,58779.5,6.275,368841.3625
1617700560000,58779.5,58782,58779.5,58782,14.059,826416.138
1617700620000,58782,58810,58782,58810,3.771,221772.51
1617700680000,58810,58810,58790,58790.5,10.436,613537.658
1617700740000,58790.5,58790.5,58775,58775,3.777,221993.175
1617700800000,58775,58775,58755,58755.5,1.491,87604.4505
1617700860000,58755.5,58755.5,58755,58755,0.579,34019.145
1617700920000,58755,58755.5,58755,58755,1.409,82785.795
1617700980000,58755,58755.5,58755,58755,0.259,15217.545
1617701040000,58755,58755.5,58712,58712,3.754,220404.848
1617701100000,58712,58712,58690,58690.5,1.618,94961.229
1617701160000,58690.5,58711.5,58690,58711.5,1.118,65639.457
1617701220000,58711.5,58711.5,58711.5,58711.5,0.069,4051.0935
1617701280000,58711.5,58711.5,58711,58711.5,0.5,29355.75
1617701340000,58711.5,58711.5,58711,58711,0.964,56597.404
1617701400000,58711,58711,58672.5,58672.5,6.49,380784.525
1617701460000,58672.5,58673,58672.5,58673,0.369,21650.337
1617701520000,58673,58732,58673,58732,3.993,234516.876
1617701580000,58732,58732,58731.5,58732,0.65,38175.8
1617701640000,58732,58732,58731.5,58732,0.753,44225.196
1617701700000,58732,58732,58732,58732,0.614,36061.448
1617701760000,58732.5,58733,58732.5,58733,1.427,83811.991
1617701820000,58733,58733,58732.5,58733,10.261,602659.313
1617701880000,58733,58735.5,58733,58735,0.705,41408.175
1617701940000,58735,58735.5,58735,58735,5.291,310766.885
1617702000000,58735,58760,58735,58759.5,2.024,118929.228
1617702060000,58759.5,58790,58759.5,58789.5,4.026,236686.527
1617702120000,58789.5,58789.5,58786,58786,0.961,56493.346
1617702180000,58786.5,58808,58786,58808,7.334,431297.872
1617702240000,58807.5,58820,58807.5,58814,3.943,231903.602
1617702300000,58814,58814.5,58800,58800,7.029,413305.2
1617702360000,58800,58800,58783,58783.5,7.86,462038.31
1617702420000,58783.5,58783.5,58775.5,58775.5,4.414,259435.057
1617702480000,58775.5,58776,58775.5,58776,1.1,64653.6
1617702540000,58776,58776,58776,58776,0.399,23451.624
1617702600000,58776,58776,58775.5,58776,2.729,160399.704
1617702660000,58776,58809,58776,58809,4.102,241234.518
1617702720000,58809,58825,58809,58825,0.671,39471.575
1617702780000,58825,58825,58819.5,58819.5,0.926,54466.857
1617702840000,58819.5,58820,58819.5,58820,0.283,16646.06
1617702900000,58819.5,58820,58819,58819,1.062,62465.778
1617702960000,58788,58788.5,58788,58788,1.178,69252.264
1617703020000,58788,58788.5,58785.5,58786,0.497,29216.642
1617703080000,58786,58786,58785.5,58785.5,1.048,61607.204
1617703140000,58785.5,58786,58785.5,58786,0.065,3821.09
1617703200000,58786,58786,58775,58775.5,4.796,281887.298
1617703260000,58775.5,58775.5,58767.5,58768,1.337,78572.816
1617703320000,58768,58768,58745,58745,2.583,151738.335
1617703380000,58745,58745,58720,58720,5.558,326365.76
1617703440000,58720,58720,58700,58700.5,2.319,136126.4595
1617703500000,58700.5,58720,58700.5,58720,4.26,250147.2
1617703560000,58720,58720,58719.5,58719.5,3.659,214854.6505
1617703620000,58719.5,58720,58719.5,58720,3.148,184850.56
1617703680000,58720,58720,58719.5,58720,1.644,96535.68
1617703740000,58720,58720,58675,58675.5,3.788,222262.794
1617703800000,58675.5,58700,58675,58700,3.73,218951
1617703860000,58700,58720,58699.5,58720,3.643,213916.96
1617703920000,58720,58720,58719.5,58719.5,1.552,91132.664
1617703980000,58719.5,58720,58719.5,58720,0.004,234.88
1617704040000,58720,58720,58720,58720,1.022,60011.84
1617704100000,58720,58720,58719.5,58720,0.065,3816.8
1617704160000,58720,58720,58685,58685,2.213,129869.905
1617704220000,58685,58685.5,58652,58670,17.371,1019156.57
1617704280000,58670,58678.5,58669.5,58678.5,1.445,84790.4325
1617704340000,58678.5,58678.5,58678,58678,4.204,246682.312
1617704400000,58678,58678.5,58678,58678.5,0.554,32507.889
1617704460000,58678.5,58678.5,58678,58678,1.427,83733.506
1617704520000,58678,58678.5,58621,58621.5,11.082,649643.463
1617704580000,58621.5,58621.5,58621,58621.5,0.669,39217.7835
1617704640000,58621.5,58649.5,58621,58649.5,3.27,191783.865
1617704700000,58649.5,58674,58649.5,58660,1.672,98079.52
1617704760000,58660,58660.5,58660,58660,0.418,24519.88
1617704820000,58660,58670,58660,58670,2.068,121329.56
1617704880000,58670,58728.5,58670,58728.5,5.311,311907.0635
1617704940000,58728.5,58775,58728,58775,10.747,631654.925
1617705000000,58775,58796.5,58759.5,58796.5,16.281,957265.8165
1617705060000,58796.5,58819,58796,58818.5,5.274,310208.769
1617705120000,58818.5,58824.5,58818.5,58824,2.969,174648.456
1617705180000,58824,58847,58824,58847,13.678,804909.266
1617705240000,58847,58848,58820,58820,24.371,1433502.22
1617705300000,58820,58820.5,58808,58808,4.739,278691.112
1617705360000,58808,58808.5,58808,58808.5,0.831,48869.8635
1617705420000,58808.5,58808.5,58806.5,58807,0.837,49221.459
1617705480000,58807,58807,58806,58806,3.422,201234.132
1617705540000,58806,58806,58770,58770,2.578,151509.06
1617705600000,58770,58770.5,58770,58770,5.94,349093.8
1617705660000,58770,58770.5,58770,58770.5,1.765,103729.9325
1617705720000,58770.5,58770.5,58763,58763,6.895,405170.885
1617705780000,58763,58763,58715,58715,6.956,408421.54
1617705840000,58715,58715,58709.5,58709.5,2.471,145071.1745
1617705900000,58709.5,58709.5,58684,58684,7.479,438897.636
1617705960000,58684,58684,58661,58661,6.689,392383.429
1617706020000,58661,58661.5,58661,58661.5,7.478,438670.697
1617706080000,58661.5,58699.5,58661,58699.5,7.746,454686.327
1617706140000,58699.5,58709,58699,58709,3.392,199140.928
1617706200000,58709,58709,58708.5,58708.5,3.527,207064.8795
1617706260000,58708.5,58715.5,58708.5,58715.5,3.085,181137.3175
1617706320000,58715.5,58715.5,58649,58649,9.512,557869.288
1617706380000,58646.5,58660.5,58646.5,58660.5,4.524,265380.102
1617706440000,58660.5,58668,58660.5,58668,2.073,121618.764
1617706500000,58668,58668,58667.5,58667.5,0.992,58198.16
1617706560000,58667.5,58668,58650,58650,8.874,520460.1
1617706620000,58650,58650,58600,58600,40.142,2352321.2
1617706680000,58600,58600.5,58586.5,58586.5,9.003,527454.2595
1617706740000,58586.5,58586.5,58540.5,58541,22.467,1315240.647
1617706800000,58541,58624,58540.5,58624,10.201,598023.424
1617706860000,58624,58630,58623.5,58629.5,4.468,261956.606
1617706920000,58629.5,58630,58629.5,58629.5,0.593,34767.2935
1617706980000,58629.5,58629.5,58600.5,58600.5,3.4,199241.7
1617707040000,58600.5,58601,58600.5,58601,2.556,149784.156
1617707100000,58601,58601,58600.5,58600.5,3.105,181954.5525
1617707160000,58600.5,58646,58600.5,58646,4.932,289242.072
1617707220000,58646,58678,58646,58678,8.951,525226.778
1617707280000,58678,58678,58634.5,58634.5,5.648,331167.656
1617707340000,58634.5,58660,58634.5,58660,8.029,470981.14
1617707400000,58660,58660,58659.5,58659.5,1.748,102536.806
1617707460000,58659.5,58659.5,58630,58630,1.288,75515.44
1617707520000,58630,58630,58573.5,58573.5,15.689,918959.6415
1617707580000,58573.5,58573.5,58546.5,58546.5,6.675,390797.8875
1617707640000,58547,58547,58521.5,58521.5,14.173,829425.2195
1617707700000,58521.5,58540,58520,58540,7.396,432961.84
1617707760000,58540,58565,58540,58565,10.549,617802.185
1617707820000,58565,58610,58564.5,58609.5,6.443,377621.0085
1617707880000,58609.5,58610,58609.5,58610,1.103,64646.83
1617707940000,58610,58610,58582,58583,5.035,294965.405
1617708000000,58583,58583,58569,58569,3.363,196967.547
1617708060000,58569,58569,58479,58479,18.301,1070224.179
1617708120000,58479,58541.5,58479,58541.5,11.021,645185.8715
1617708180000,58541.5,58541.5,58541,58541.5,4.344,254304.276
1617708240000,58541.5,58541.5,58541,58541,0.32,18733.12
1617708300000,58541,58579.5,58541,58579.5,6.772,396700.374
1617708360000,58579.5,58635,58579.5,58635,10.355,607165.425
1617708420000,58634.5,58635,58611,58611.5,3.408,199747.992
1617708480000,58611.5,58611.5,58611,58611.5,0.878,51460.897
1617708540000,58611.5,58640,58611,58639.5,1.611,94468.2345
1617708600000,58639.5,58640,58610,58610,9.288,544369.68
1617708660000,58610,58610.5,58610,58610,0.896,52514.56
1617708720000,58610,58610.5,58610,58610.5,0.118,6916.039
1617708780000,58610.5,58610.5,58600.5,58600.5,0.189,11075.4945
1617708840000,58600.5,58600.5,58545,58545.5,3.724,218023.442
1617708900000,58545.5,58545.5,58545,58545,3.671,214918.695
1617708960000,58545,58578,58545,58578,2.33,136486.74
1617709020000,58578,58578,58578,58578,0.436,25540.008
1617709080000,58578,58578,58577.5,58578,0.431,25247.118
1617709140000,58578,58619.5,58578,58619.5,3.847,225509.2165
1617709200000,58619.5,58619.5,58619,58619,4.662,273281.778
1617709260000,58619,58619.5,58619,58619.5,1.635,95842.8825
1617709320000,58619.5,58619.5,58619,58619,0.281,16471.939
1617709380000,58619,58619.5,58600,58600,2.421,141870.6
1617709440000,58600,58600.5,58600,58600.5,1.383,81044.4915
1617709500000,58600.5,58600.5,58600,58600,1.072,62819.2
1617709560000,58600,58632,58600,58632,3.245,190260.84
1617709620000,58632,58632,58600,58632,1.382,81029.424
1617709680000,58632,58632,58588,58588,1.54,90225.52
1617709740000,58588,58600.5,58588,58600,0.898,52622.8
1617709800000,58600,58600.5,58595,58595,1.201,70372.595
1617709860000,58595,58595.5,58554,58554,16.458,963681.732
1617709920000,58554,58560.5,58554,58560,2.721,159341.76
1617709980000,58560,58570,58560,58570,4.343,254369.51
1617710040000,58570,58570,58569.5,58570,1.697,99393.29
1617710100000,58570,58595.5,58569.5,58595.5,4.501,263738.3455
1617710160000,58611,58624,58611,58624,3.308,193928.192
1617710220000,58624,58650,58623.5,58650,6.566,385095.9
1617710280000,58650,58650,58649.5,58649.5,1.519,89088.5905
1617710340000,58649.5,58661,58649.5,58660.5,8.279,485650.2795
1617710400000,58660.5,58661,58630,58642.5,4.414,258847.995
1617710460000,58642.5,58745,58642.5,58745,21.074,1237992.13
1617710520000,58745,58825,58745,58824.5,56.355,3315054.6975
1617710580000,58824.5,58871.5,58824,58871,17.645,1038778.795
1617710640000,58871,58871,58799,58824.5,13.233,778424.6085
1617710700000,58824.5,58825,58754.5,58788,14.56,855953.28
1617710760000,58788,58809,58763.5,58763.5,3.949,232057.0615
1617710820000,58763.5,58792,58763.5,58768,2.748,161494.464
1617710880000,58768,58779.5,58768,58779.5,17.441,1025173.2595
1617710940000,58779.5,58794,58779,58793.5,11.375,668776.0625
1617711000000,58793.5,58809,58793.5,58808.5,2.022,118910.787
1617711060000,58808.5,58809,58772.5,58772.5,6.445,378788.7625
1617711120000,58772.5,58773,58772.5,58773,2.352,138234.096
1617711180000,58773,58773,58770,58772.5,1.393,81870.0925
1617711240000,58772.5,58772.5,58772,58772.5,0.449,26388.8525
1617711300000,58772.5,58772.5,58755,58755,2.298,135018.99
1617711360000,58755,58772.5,58755,58772.5,0.78,45842.55
1617711420000,58772.5,58772.5,58772,58772,1.592,93565.024
1617711480000,58772,58815.5,58772,58815.5,14.719,865705.3445
1617711540000,58815.5,58842.5,58815,58842.5,9.409,553649.0825
1617711600000,58842.5,58843,58842,58843,18.482,1087536.326
1617711660000,58843,58870,58842.5,58869.5,15.524,913890.118
1617711720000,58869.5,58941,58869.5,58940.5,14.585,859647.1925
1617711780000,58947.5,59076.5,58947.5,59076,72.36,4274739.36
1617711840000,59076,59136,59001.5,59060.5,43.079,2544267.2795
1617711900000,59060.5,59071.5,59031.5,59060.5,11.046,652382.283
1617711960000,59060.5,59061,59025,59025,10.295,607662.375
1617712020000,59025,59025.5,59017.5,59017.5,10.359,611362.2825
1617712080000,59017.5,59020,59017.5,59020,5.342,315284.84
1617712140000,59020,59020,59019.5,59020,1.227,72417.54
1617712200000,59020,59026,59020,59025.5,3.413,201454.0315
1617712260000,59025.5,59026,59025.5,59026,6.44,380127.44
1617712320000,59026,59026,59000,59000,13.845,816855
1617712380000,59000,59000.5,58981,58981,5.467,322449.127
1617712440000,58981,58981,58970,58970,10.288,606683.36
1617712500000,58970,59000,58970,58999.5,15.545,917147.2275
1617712560000,58999.5,59009,58999.5,59009,9.118,538044.062
1617712620000,59009,59009,59008.5,59009,1.733,102262.597
1617712680000,59009,59009,58981.5,58981.5,9.596,565986.474
1617712740000,58981.5,58982,58981.5,58981.5,1.049,61871.5935
1617712800000,58981.5,58982,58981.5,58981.5,1.158,68300.577
1617712860000,58981.5,58982,58981.5,58982,1.173,69185.886
1617712920000,58982,58982,58981.5,58982,3.021,178184.622
1617712980000,58982,58982,58884,58893,14.72,866904.96
1617713040000,58893,58944,58893,58944,5.221,307746.624
1617713100000,58944,58944,58943.5,58944,6.263,369166.272
1617713160000,58944,58958,58944,58958,2.809,165613.022
1617713220000,58958,58958,58951,58951,8.004,471843.804
1617713280000,58951,58951.5,58951,58951,2.02,119081.02
1617713340000,58951,58951.5,58951,58951.5,0.526,31008.489
1617713400000,58951.5,58951.5,58898.5,58898.5,8.269,487031.6965
1617713460000,58898.5,58899,58898.5,58899,11.152,656841.648
1617713520000,58899,58899,58898.5,58898.5,2.193,129164.4105
1617713580000,58898.5,58898.5,58836,58840.5,14.668,863072.454
1617713640000,58840.5,58841,58765,58765.5,25.94,1524377.07
1617713700000,58765.5,58765.5,58711,58713.5,13.446,789461.721
1617713760000,58713.5,58735.5,58678.5,58680,28.57,1676487.6
1617713820000,58680.5,58680.5,58664,58664.5,13.199,774312.7355
1617713880000,58664.5,58664.5,58610,58617,31.916,1870820.172
1617713940000,58617,58617,58610.5,58615,7.465,437560.975
1617714000000,58615,58660.5,58614.5,58660,11.208,657461.28
1617714060000,58660,58696.5,58660,58696.5,9.057,531614.2005
1617714120000,58696.5,58707,58696.5,58707,8.407,493549.749
1617714180000,58707,58720,58706.5,58720,8.693,510452.96
1617714240000,58720,58722.5,58720,58722,1.214,71288.508
1617714300000,58722,58722.5,58722,58722.5,3.814,223967.615
1617714360000,58722.5,58722.5,58722,58722.5,1.027,60308.0075
1617714420000,58722.5,58722.5,58722,58722,2.283,134062.326
1617714480000,58722,58722.5,58720.5,58720.5,6.659,391019.8095
1617714540000,58720,58720.5,58720,58720,4.217,247622.24
1617714600000,58720,58720,58707,58707,7.662,449813.034
1617714660000,58707,58707.5,58707,58707,0.678,39803.346
1617714720000,58707,58707.5,58707,58707.5,1.665,97747.9875
1617714780000,58707.5,58707.5,58707,58707.5,0.428,25126.81
1617714840000,58707.5,58751.5,58707,58751.5,13.884,815705.826
1617714900000,58751.5,58751.5,58744,58744,5.859,344181.096
1617714960000,58744,58744,58680,58680,18.126,1063633.68
1617715020000,58680,58680.5,58680,58680,3.808,223453.44
1617715080000,58680,58739,58680,58739,2.979,174983.481
1617715140000,58739,58739.5,58739,58739.5,5.224,306855.148
1617715200000,58739.5,58740,58739.5,58740,0.489,28723.86
1617715260000,58740,58740,58723,58723,2.799,164365.677
1617715320000,58723,58740,58723,58740,1.14,66963.6
1617715380000,58740,58740,58707,58707,4.807,282204.549
1617715440000,58707,58731,58707,58731,1.9,111588.9
1617715500000,58731,58741.5,58731,58741.5,0.76,44643.54
1617715560000,58741.5,58743,58741.5,58741.5,2.525,148322.2875
1617715620000,58741.5,58741.5,58679,58679.5,10.128,594305.976
1617715680000,58679.5,58679.5,58677.5,58677.5,30.089,1765547.2975
1617715740000,58677.5,58718,58677.5,58718,8.121,476848.878
1617715800000,58718,58718,58678,58678,5.363,314690.114
1617715860000,58678,58678,58650,58650,11.798,691952.7
1617715920000,58650,58676,58640,58676,9.977,585410.452
1617715980000,58676,58712,58676,58711.5,4.792,281345.508
1617716040000,58711.5,58732.5,58711,58732.5,1.904,111826.68
1617716100000,58732.5,58732.5,58721,58722,2.514,147627.108
1617716160000,58722,58722,58674,58674.5,3.756,220381.422
1617716220000,58674.5,58674.5,58661,58661,3.11,182435.71
1617716280000,58661,58661,58644,58644,4.471,262197.324
1617716340000,58644,58644,58637.5,58638,15.077,884085.126
1617716400000,58638,58638,58600,58600,53.162,3115293.2
1617716460000,58600,58600.5,58552,58581.5,49.259,2885666.1085
1617716520000,58581.5,58647,58581.5,58647,7.404,434222.388
1617716580000,58647,58686.5,58647,58686.5,7.597,445841.3405
1617716640000,58686.5,58686.5,58669.5,58670,5.756,337704.52
1617716700000,58670,58670,58669.5,58670,1.018,59726.06
1617716760000,58670,58670,58668,58668,2.065,121149.42
1617716820000,58631.5,58631.5,58587.5,58587.5,6.156,360664.65
1617716880000,58587.5,58616,58564,58564,6.202,363213.928
1617716940000,58564,58564.5,58501,58506.5,33.573,1964238.7245
1617717000000,58510.5,58529,58506.5,58509.5,22.525,1317926.4875
1617717060000,58509.5,58528.5,58509,58528.5,9.136,534716.376
1617717120000,58528.5,58569.5,58528,58569.5,4.804,281367.878
1617717180000,58569.5,58571.5,58566.5,58566.5,2.435,142609.4275
1617717240000,58566.5,58590.5,58566.5,58590,1.722,100891.98
1617717300000,58590,58590.5,58560.5,58563.5,2.006,117478.381
1617717360000,58563.5,58590.5,58563.5,58590.5,2.733,160127.8365
1617717420000,58590.5,58590.5,58590,58590,7.384,432628.56
1617717480000,58590,58600,58574,58574,33.24,1946999.76
1617717540000,58574,58574,58555,58555,12.884,754422.62
1617717600000,58555,58555.5,58450.5,58450.5,34.374,2009177.487
1617717660000,58450.5,58451,58284.5,58321.5,117.41,6847527.315
1617717720000,58330,58342.5,58242,58287,49.066,2859909.942
1617717780000,58287,58334,58167,58334,67.201,3920103.134
1617717840000,58334,58350,58300,58350,17.774,1037112.9
1617717900000,58350,58350,58300,58300,10.722,625092.6
1617717960000,58300,58310,58278,58290,4.098,238872.42
1617718020000,58290,58300,58289.5,58300,6.219,362567.7
1617718080000,58300,58300,58299.5,58299.5,2.515,146623.2425
1617718140000,58299.5,58300,58224.5,58224.5,16.1,937414.45
1617718200000,58224.5,58224.5,58130,58134,61.545,3577857.03
1617718260000,58134,58134.5,57890,57890,161.693,9360407.77
1617718320000,57890,58035.5,57841,58035.5,159.993,9285273.7515
1617718380000,58035.5,58133.5,58035.5,58070.5,37.51,2178224.455
1617718440000,58070.5,58154.5,58070.5,58135.5,21.929,1274853.3795
1617718500000,58135.5,58136,58087,58131.5,19.635,1141412.0025
1617718560000,58131.5,58132,58088,58131.5,15.231,885400.8765
1617718620000,58132,58132,58131.5,58131.5,6.13,356346.095
1617718680000,58131.5,58132,58120,58120,4.464,259447.68
1617718740000,58120,58120.5,58045,58045,14.228,825864.26
1617718800000,58045,58045,58000,58020,17.133,994056.66
1617718860000,58004.5,58005,57914,57936.5,35.353,2048229.0845
1617718920000,57936.5,57936.5,57686,57752,102.144,5899020.288
1617718980000,57752,57752.5,57600,57600.5,64.598,3720877.099
1617719040000,57600.5,57772,57589.5,57772,85.746,4953717.912
1617719100000,57772,57788,57700,57788,29.339,1695442.132
1617719160000,57788,57793,57787.5,57793,23.396,1352125.028
1617719220000,57793,57793,57703.5,57761,50.023,2889378.503
1617719280000,57761,57792.5,57745,57770,6.614,382090.78
1617719340000,57770,57850.5,57770,57850.5,27.726,1603962.963
1617719400000,57850.5,57850.5,57718,57718,73.343,4233211.274
1617719460000,57718,57718,57580,57580.5,93.22,5367654.21
1617719520000,57580.5,57694,57580,57671.5,74.876,4318211.234
1617719580000,57671.5,57713,57621.5,57713,22.274,1285499.362
1617719640000,57721.5,57756.5,57679,57756.5,19.431,1122266.5515
1617719700000,57756.5,57791,57756,57791,21.367,1234820.297
1617719760000,57791,57848.5,57790.5,57848.5,15.005,868016.7425
1617719820000,57848.5,57900.5,57848,57900.5,31.022,1796189.311
1617719880000,57900.5,57931,57869,57869,22.378,1294992.482
1617719940000,57869,57925,57869,57925,22.314,1292538.45
1617720000000,57925,57941,57866.5,57899.5,22.977,1330356.8115
1617720060000,57899.5,57913,57880,57912.5,7.611,440772.0375
1617720120000,57912.5,57913,57853.5,57853.5,11.095,641884.5825
1617720180000,57853.5,57883.5,57853.5,57874.5,11.43,661505.535
1617720240000,57874.5,57874.5,57815.5,57839.5,5.346,309209.967
1617720300000,57839.5,57840,57700,57757.5,31.459,1816993.1925
1617720360000,57757.5,57791,57721,57791,6.504,375872.664
1617720420000,57791,57894,57791,57894,16.33,945409.02
1617720480000,57894,57973,57893.5,57973,29.385,1703536.605
1617720540000,57973,58053,57972.5,57979.5,52.424,3039517.308
1617720600000,58010,58040,58010,58040,9.751,565948.04
1617720660000,58040,58040,58014,58024,8.333,483513.992
1617720720000,58024,58024.5,57973.5,58000,12.854,745532
1617720780000,58000,58030.5,57973.5,58020,4.191,243161.82
1617720840000,58019.5,58019.5,58007,58010,1.805,104708.05
1617720900000,58010,58012,58000,58000,19.741,1144978
1617720960000,58000,58000,57931.5,57960,3.857,223551.72
1617721020000,57960,57978,57950,57950,7.576,439029.2
1617721080000,57950,57989.5,57950,57989,2.033,117891.637
1617721140000,57989,58041,57988.5,58041,8.918,517609.638
1617721200000,58041,58041,57974,58040.5,8.82,511917.21
1617721260000,58040.5,58070,58035.5,58070,6.327,367408.89
1617721320000,58070,58108,58069.5,58108,18.932,1100100.656
1617721380000,58108,58110,58102.5,58109.5,3.906,226975.707
1617721440000,58109.5,58110,58070,58070,12.976,753516.32
1617721500000,58070,58072.5,58020,58032,5.684,329853.888
1617721560000,58032,58032.5,57960,57960.5,13.789,799217.3345
1617721620000,57960.5,57994.5,57960,57969,9.322,540387.018
1617721680000,57969,57969,57961,57961,2.816,163218.176
1617721740000,57961,57961.5,57920,57920,20.98,1215161.6
1617721800000,57920,57920.5,57915,57915,3.447,199633.005
1617721860000,57915,57950,57915,57949.5,6.134,355462.233
1617721920000,57949.5,57950,57918,57918,4.41,255418.38
1617721980000,57918,57918.5,57918,57918.5,1.796,104021.626
1617722040000,57918.5,57959.5,57918,57959.5,6.595,382242.9025
1617722100000,57959.5,57998,57959.5,57997.5,4.68,271428.3
1617722160000,57997.5,57998,57961,57961,1.587,91984.107
1617722220000,57961,57961,57925,57925,5.724,331562.7
1617722280000,57925,57925.5,57832.5,57832.5,11.789,681787.3425
1617722340000,57832.5,57844,57761.5,57843.5,16.992,982876.752
1617722400000,57843.5,57846,57806.5,57807,10.885,629229.195
1617722460000,57807,57807,57772,57798.5,11.281,652024.8785
1617722520000,57798.5,57845.5,57798,57845.5,5.116,295937.578
1617722580000,57845.5,57848.5,57845,57848.5,4.806,278019.891
1617722640000,57848,57873.5,57848,57873.5,7.198,416573.453
1617722700000,57873.5,57913,57873,57873.5,7.354,425601.719
1617722760000,57873.5,57873.5,57857.5,57858,3.211,185782.038
1617722820000,57858,57858,57855,57855.5,1.922,111198.271
1617722880000,57855.5,57875,57853.5,57875,12.289,711225.875
1617722940000,57875,57892,57874.5,57892,9.521,551189.732
1617723000000,57892,57892,57856.5,57856.5,12.114,700873.641
1617723060000,57856.5,57857,57822,57822,8.18,472983.96
1617723120000,57822,57822,57734.5,57734.5,42.032,2426696.504
1617723180000,57734.5,57824.5,57734.5,57824.5,12.994,751371.553
1617723240000,57824.5,57864,57824.5,57864,21.6,1249862.4
1617723300000,57864,57956,57863.5,57913,26.571,1538806.323
1617723360000,57913,57913.5,57867,57867,7.526,435507.042
1617723420000,57867,57867.5,57848.5,57848.5,17.394,1006216.809
1617723480000,57848.5,57955,57848.5,57954.5,9.744,564708.648
1617723540000,57954.5,57980,57940,57977.5,8.592,498142.68
1617723600000,57977.5,57977.5,57950,57950,8.312,481680.4
1617723660000,57950,57992.5,57950,57992,3.737,216716.104
1617723720000,57992,57992.5,57992,57992,4.605,267053.16
1617723780000,57992,57992.5,57970,57970,1.357,78665.29
1617723840000,57970,57970.5,57954,57959,9.455,548002.345
1617723900000,57959,57999.5,57959,57999.5,39.869,2312382.0655
1617723960000,57999.5,58040,57999.5,58039.5,24.049,1395791.9355
1617724020000,58039.5,58040.5,58039.5,58040.5,1.671,96985.6755
1617724080000,58040.5,58040.5,58040,58040,1.927,111843.08
1617724140000,58040,58040.5,58040,58040,3.083,178937.32
1617724200000,58040,58040.5,58040,58040,1.422,82532.88
1617724260000,58040.5,58050,58040,58050,5.865,340463.25
1617724320000,58050,58083,58050,58070,31.083,1804989.81
1617724380000,58070,58070.5,58004,58010.5,5.352,310472.196
1617724440000,58010.5,58016,58000,58000,2.949,171042
1617724500000,58000,58000.5,58000,58000,2.499,144942
1617724560000,58000,58011.5,58000,58010.5,2.698,156512.329
1617724620000,58010.5,58011,57994.5,57994.5,5.845,338977.8525
1617724680000,57994.5,57994.5,57950,57950.5,22.007,1275316.6535
1617724740000,57950.5,57950.5,57919,57919.5,6.113,354061.9035
1617724800000,57919.5,57989,57856,57903.5,38.572,2233453.802
1617724860000,57903.5,57936.5,57850,57935.5,12.013,695979.1615
1617724920000,57935.5,57936,57900,57900.5,5.868,339760.134
1617724980000,57900.5,57924,57900,57924,4.459,258283.116
1617725040000,57924,57924.5,57900,57900.5,0.916,53036.858
1617725100000,57900,57900.5,57877.5,57877.5,3.161,182950.7775
1617725160000,57877,57925,57869,57924.5,11.954,692429.473
1617725220000,57924.5,57950,57924.5,57950,4.758,275726.1
1617725280000,57966,58026,57966,58025.5,7.853,455674.2515
1617725340000,58025.5,58057.5,58025.5,58057.5,15.353,891356.7975
1617725400000,58057.5,58099,58057.5,58099,12.664,735765.736
1617725460000,58099,58099,58073.5,58073.5,4.321,250935.5935
1617725520000,58073.5,58142,58073.5,58120.5,19.685,1144102.0425
1617725580000,58120.5,58143,58074.5,58109.5,6.522,378990.159
1617725640000,58109.5,58109.5,58071.5,58072,4.298,249593.456
1617725700000,58072,58076,58072,58075.5,1.377,79969.9635
1617725760000,58075.5,58090,58075.5,58089.5,3.315,192566.6925
1617725820000,58089.5,58090,58089.5,58089.5,1.734,100727.193
1617725880000,58089.5,58090,58089.5,58090,5.303,308051.27
1617725940000,58090,58090,58045.5,58046,13.999,812585.954
1617726000000,58046,58060,58045.5,58058,2.823,163897.734
1617726060000,58058,58058.5,58047,58047,0.47,27282.09
1617726120000,58047,58047.5,58047,58047,0.565,32796.555
1617726180000,58047,58047.5,58045.5,58045.5,0.968,56188.044
1617726240000,58045.5,58046,58045.5,58046,3.882,225334.572
1617726300000,58046,58046,58045.5,58046,1.603,93047.738
1617726360000,58046,58046,58045.5,58045.5,0.473,27455.5215
1617726420000,58045.5,58046,58045.5,58046,0.674,39123.004
1617726480000,58045.5,58093,58045.5,58092.5,8.478,492508.215
1617726540000,58092.5,58093,58092.5,58093,0.793,46067.749
1617726600000,58093,58100,58092.5,58100,2.342,136070.2
1617726660000,58100,58100,58099.5,58100,0.771,44795.1
1617726720000,58100,58100,58099.5,58099.5,0.153,8889.2235
1617726780000,58099.5,58115,58099.5,58115,3.998,232343.77
1617726840000,58115,58115.5,58114.5,58115.5,1.091,63404.0105
1617726900000,58115.5,58115.5,58115,58115.5,1.245,72353.7975
1617726960000,58115.5,58131.5,58115,58131.5,10.872,632005.668
1617727020000,58131.5,58174,58131.5,58174,94.968,5524668.432
1617727080000,58174,58174,58173.5,58174,2.054,119489.396
1617727140000,58174,58204.5,58174,58204,13.12,763636.48
1617727200000,58204,58210.5,58185,58185,10.527,612513.495
1617727260000,58185,58185.5,58185,58185.5,1.017,59174.6535
1617727320000,58185.5,58209,58185,58209,12.935,752933.415
1617727380000,58209,58209,58208.5,58209,0.85,49477.65
1617727440000,58209,58209,58195,58195,13.583,790462.685
1617727500000,58195,58200.5,58159,58200.5,15.015,873880.5075
1617727560000,58200.5,58228,58200,58228,3.217,187319.476
1617727620000,58228,58228,58227.5,58228,1.516,88273.648
1617727680000,58228,58228,58200,58200,2.702,157256.4
1617727740000,58200,58200.5,58200,58200,0.911,53020.2
1617727800000,58200,58217.5,58200,58217.5,1.646,95826.005
1617727860000,58217.5,58217.5,58200.5,58200.5,1.122,65300.961
1617727920000,58200.5,58201,58171,58171,6.856,398820.376
1617727980000,58171,58173,58158,58158,1.214,70603.812
1617728040000,58158,58164,58158,58164,0.154,8957.256
1617728100000,58164,58164,58163.5,58164,3.651,212356.764
1617728160000,58164,58164,58163.5,58164,2.737,159194.868
1617728220000,58164,58164,58151,58151,9.579,557028.429
1617728280000,58151,58151.5,58151,58151.5,1.798,104556.397
1617728340000,58151.5,58151.5,58150.5,58150.5,0.512,29773.056
1617728400000,58150.5,58164,58150.5,58164,4.251,247255.164
1617728460000,58164,58191,58164,58191,16.983,988257.753
1617728520000,58191,58192,58191,58192,1.2,69830.4
1617728580000,58192,58216.5,58192,58216.5,9.703,564874.6995
1617728640000,58216,58217,58216,58217,1.261,73411.637
1617728700000,58217,58220,58217,58219.5,0.924,53794.818
1617728760000,58219.5,58220,58177.5,58177.5,8.337,485025.8175
1617728820000,58177.5,58178,58177.5,58178,1.823,106058.494
1617728880000,58178,58178,58150,58150,3.984,231669.6
1617728940000,58150,58150.5,58150,58150.5,3.206,186430.503
1617729000000,58150.5,58150.5,58150,58150.5,0.269,15642.4845
1617729060000,58150.5,58150.5,58139.5,58139.5,6.011,349476.5345
1617729120000,58139.5,58139.5,58080.5,58134,10.495,610116.33
1617729180000,58134,58149.5,58121.5,58149.5,3.047,177181.5265
1617729240000,58149.5,58155,58107,58107,5.238,304364.466
1617729300000,58107,58107,58105,58105,1.601,93026.105
1617729360000,58105,58140,58105,58140,1.519,88314.66
1617729420000,58140,58171,58139.5,58171,10.603,616787.113
1617729480000,58169,58171,58155.5,58171,2.165,125940.215
1617729540000,58171,58211.5,58171,58181,5.468,318133.708
1617729600000,58181,58206.5,58181,58206,3.884,226072.104
1617729660000,58206,58206.5,58180.5,58180.5,8.533,496454.2065
1617729720000,58180.5,58181,58180.5,58180.5,0.038,2210.859
1617729780000,58180.5,58181,58180.5,58181,0.355,20654.255
1617729840000,58181,58181,58180.5,58181,0.112,6516.272
1617729900000,58181,58181,58181,58181,1.1,63999.1
1617729960000,58181,58181,58141.5,58141.5,2.161,125643.7815
1617730020000,58141.5,58141.5,58141,58141,1.599,92967.459
1617730080000,58141,58141.5,58141,58141.5,0.642,37326.843
1617730140000,58141.5,58155.5,58141.5,58155.5,2.313,134513.6715
1617730200000,58155.5,58155.5,58155,58155.5,1.046,60830.653
1617730260000,58155.5,58198,58155,58198,3.055,177794.89
1617730320000,58198,58204.5,58197.5,58204.5,1.719,100053.5355
1617730380000,58204.5,58204.5,58204,58204,0.278,16180.712
1617730440000,58204,58221,58192.5,58221,6.903,401899.563
1617730500000,58221,58243,58220.5,58242.5,6.727,391797.2975
1617730560000,58242.5,58244,58220,58230.5,7.528,438359.204
1617730620000,58230.5,58244.5,58230.5,58244.5,1.478,86085.371
1617730680000,58244.5,58249,58244.5,58249,29.839,1738091.911
1617730740000,58249,58255,58249,58255,22.573,1314990.115
1617730800000,58255,58260,58255,58260,0.629,36645.54
1617730860000,58260,58263,58259.5,58263,1.829,106563.027
1617730920000,58263,58265,58263,58265,3.873,225660.345
1617730980000,58265,58265,58264.5,58265,2.151,125328.015
1617731040000,58265,58265,58264.5,58264.5,0.062,3612.399
1617731100000,58264.5,58265,58264.5,58265,1.077,62751.405
1617731160000,58265,58265,58264.5,58264.5,0.356,20742.162
1617731220000,58264.5,58265,58264.5,58264.5,1.412,82269.474
1617731280000,58264.5,58265,58264.5,58265,0.648,37755.72
1617731340000,58265,58265,58264.5,58265,0.17,9905.05
1617731400000,58265,58265,58264.5,58265,0.616,35891.24
1617731460000,58265,58265,58264.5,58265,0.065,3787.225
1617731520000,58265,58267,58264.5,58267,1.727,100627.109
1617731580000,58267,58271,58267,58271,2.035,118581.485
1617731640000,58271,58273.5,58270.5,58273,2.832,165029.136
1617731700000,58273,58273.5,58273,58273.5,4.581,266950.9035
1617731760000,58273.5,58274,58273.5,58273.5,0.607,35372.0145
1617731820000,58273.5,58274,58273.5,58274,0.571,33274.454
1617731880000,58274,58275,58274,58275,1.216,70862.4
1617731940000,58275,58287,58274.5,58287,3.339,194620.293
1617732000000,58287,58287,58286.5,58286.5,0.337,19642.5505
1617732060000,58286.5,58287,58225.5,58225.5,15.431,898477.6905
1617732120000,58225.5,58225.5,58204.5,58205,3.892,226533.86
1617732180000,58205,58250,58205,58208.5,6.96,405131.16
1617732240000,58208.5,58209,58202,58202,3.449,200738.698
1617732300000,58202,58202,58143,58170,6.037,351172.29
1617732360000,58170,58170.5,58170,58170.5,1.832,106568.356
1617732420000,58170.5,58170.5,58170,58170,0.909,52876.53
1617732480000,58170,58170,58100,58100,29.234,1698495.4
1617732540000,58100,58150.5,58100,58138.5,6.855,398539.4175
1617732600000,58138.5,58149.5,58138.5,58149,1.113,64719.837
1617732660000,58149,58149.5,58121,58121,2.353,136758.713
1617732720000,58121,58121.5,58093.5,58120,10.949,636355.88
1617732780000,58120,58199,58119.5,58199,3.289,191416.511
1617732840000,58199,58199,58176.5,58176.5,0.661,38454.6665
1617732900000,58176.5,58177,58176.5,58177,0.742,43167.334
1617732960000,58177,58221,58177,58221,3.552,206800.992
1617733020000,58221,58240,58221,58240,9.543,555784.32
1617733080000,58240,58240,58239.5,58239.5,0.554,32264.683
1617733140000,58240,58240,58240,58240,0.008,465.92
1617733200000,58240,58240,58239.5,58239.5,0.421,24518.8295
1617733260000,58239.5,58239.5,58220.5,58220.5,4.109,239228.0345
1617733320000,58220.5,58231.5,58220.5,58231.5,0.841,48972.6915
1617733380000,58231.5,58239.5,58231.5,58239.5,0.36,20966.22
1617733440000,58239.5,58240,58239.5,58240,1.24,72217.6
1617733500000,58240,58240,58229.5,58229.5,0.022,1281.049
1617733560000,58229.5,58229.5,58225.5,58225.5,1.297,75518.4735
1617733620000,58225.5,58236.5,58225.5,58236.5,1.321,76930.4165
1617733680000,58236.5,58248.5,58236,58248.5,1.612,93896.582
1617733740000,58248.5,58248.5,58248,58248.5,0.67,39026.495
1617733800000,58248.5,58270.5,58248.5,58270.5,11.575,674481.0375
1617733860000,58270.5,58270.5,58230,58230,2.275,132473.25
1617733920000,58230,58230.5,58203,58203,4.714,274368.942
1617733980000,58203,58203,58203,58203,0.26,15132.78
1617734040000,58203,58229,58203,58203.5,0.075,4365.2625
1617734100000,58203.5,58203.5,58203,58203,1.428,83113.884
1617734160000,58203,58203.5,58194.5,58194.5,1.876,109172.882
1617734220000,58194.5,58195,58194.5,58194.5,1.466,85313.137
1617734280000,58194.5,58194.5,58194.5,58194.5,0.018,1047.501
1617734340000,58194.5,58194.5,58087,58087,5.23,303795.01
1617734400000,58087,58218.5,58087,58218,5.218,303781.524
1617734460000,58218,58218.5,58218,58218,0.961,55947.498
1617734520000,58218,58218,58205.5,58211.5,1.131,65837.2065
1617734580000,58211.5,58212,58211.5,58212,0.017,989.604
1617734640000,58212,58212,58211.5,58211.5,0.125,7276.4375
1617734700000,58211.5,58228.5,58211.5,58228.5,4.086,237921.651
1617734760000,58228.5,58228.5,58228,58228,0.804,46815.312
1617734820000,58228,58228,58201.5,58202.5,1.594,92774.785
1617734880000,58202.5,58230,58202.5,58230,0.714,41576.22
1617734940000,58230,58238,58230,58238,0.793,46182.734
1617735000000,58238,58239,58204,58214.5,7.551,439577.6895
1617735060000,58214.5,58214.5,58214,58214,0.205,11933.87
1617735120000,58214,58227,58214,58227,4.748,276461.796
1617735180000,58227,58234,58227,58234,0.414,24108.876
1617735240000,58234,58270.5,58234,58270.5,9.518,554618.619
1617735300000,58271,58285,58269,58269,3.533,205864.377
1617735360000,58269,58285,58269,58285,1.857,108235.245
1617735420000,58285,58285,58284.5,58285,1.144,66678.04
1617735480000,58285,58285,58284.5,58284.5,1.787,104154.4015
1617735540000,58284.5,58285,58284.5,58284.5,1.218,70990.521
1617735600000,58284.5,58285,58284.5,58285,2.324,135454.34
1617735660000,58285,58285,58284.5,58284.5,1.974,115053.603
1617735720000,58284.5,58284.5,58284.5,58284.5,0.055,3205.6475
1617735780000,58284.5,58285,58252,58252.5,7.224,420816.06
1617735840000,58252.5,58252.5,58250,58250,0.838,48813.5
1617735900000,58250,58250,58240,58240,0.059,3436.16
1617735960000,58240,58252.5,58240,58252,0.74,43106.48
1617736020000,58252,58252.5,58252,58252,1.132,65941.264
1617736080000,58252,58278,58240,58278,11.268,656676.504
1617736140000,58285,58285,58101.5,58155,11.283,656162.865
1617736200000,58155,58246.5,58154,58221,9.389,546636.969
1617736260000,58221,58221,58213.5,58213.5,0.92,53556.42
1617736320000,58213.5,58213.5,58213.5,58213.5,3.001,174698.7135
1617736380000,58213.5,58242,58213.5,58242,0.937,54572.754
1617736440000,58242,58242,58242,58242,0.011,640.662
1617736500000,58242,58242.5,58242,58242,0.015,873.63
1617736560000,58242,58242,58242,58242,0,0
1617736620000,58242,58242,58213.5,58213.5,2.382,138664.557
1617736680000,58213.5,58213.5,58185.5,58185.5,2.133,124109.6715
1617736740000,58185.5,58207,58185.5,58207,2.385,138823.695
1617736800000,58220,58223.5,58179.5,58179.5,1.064,61902.988
1617736860000,58179.5,58180,58171,58171,1.512,87954.552
1617736920000,58171,58171,58159,58159.5,5.781,336220.0695
1617736980000,58159.5,58159.5,58159,58159.5,1.782,103640.229
1617737040000,58159.5,58159.5,58159,58159,0.015,872.385
1617737100000,58159,58159.5,58159,58159.5,0.041,2384.5395
1617737160000,58159.5,58159.5,58159,58159.5,2.541,147783.2895
1617737220000,58159.5,58159.5,58159.5,58159.5,0.093,5408.8335
1617737280000,58159.5,58159.5,58124,58124,1.492,86721.008
1617737340000,58124,58124,58099.5,58099.5,4.132,240067.134
1617737400000,58099.5,58127,58099.5,58126.5,2.302,133807.203
1617737460000,58126.5,58167.5,58126.5,58167,1.997,116159.499
1617737520000,58167,58167.5,58150.5,58150.5,0.212,12327.906
1617737580000,58150.5,58171,58150.5,58171,0.056,3257.576
1617737640000,58171,58191,58171,58191,0.511,29735.601
1617737700000,58191,58191,58190.5,58191,2.721,158337.711
1617737760000,58191,58200,58190.5,58199.5,0.304,17692.648
1617737820000,58199.5,58200,58146,58159,0.468,27218.412
1617737880000,58159,58183,58158.5,58182.5,2.672,155463.64
1617737940000,58182.5,58183,58182.5,58182.5,0.542,31534.915
1617738000000,58182.5,58182.5,58161,58167,2.758,160424.586
1617738060000,58167,58167,58143.5,58144,0.129,7500.576
1617738120000,58144,58144,58136,58136,2.363,137375.368
1617738180000,58136,58136,58112.5,58112.5,0.624,36262.2
1617738240000,58112.5,58149,58112.5,58149,1.75,101760.75
1617738300000,58149,58155.5,58149,58155.5,0.868,50478.974
1617738360000,58155.5,58155.5,58155,58155,0.269,15643.695
1617738420000,58155,58155,58155,58155,1.825,106132.875
1617738480000,58150.5,58150.5,58147,58147,0.788,45819.836
1617738540000,58147,58147.5,58147,58147,0.259,15060.073
1617738600000,58147,58147.5,58147,58147,0.84,48843.48
1617738660000,58147,58147.5,58147,58147,0.206,11978.282
1617738720000,58147,58147.5,58147,58147.5,0.037,2151.4575
1617738780000,58147.5,58160,58147.5,58160,2.767,160928.72
1617738840000,58160,58191,58160,58190.5,15.312,891012.936
1617738900000,58190.5,58219,58190.5,58218.5,2.501,145604.4685
1617738960000,58218.5,58246,58208.5,58208.5,5.727,333360.0795
1617739020000,58208.5,58258.5,58208.5,58258.5,3.396,197845.866
1617739080000,58258.5,58258.5,58258,58258.5,5.105,297409.6425
1617739140000,58258.5,58258.5,58258.5,58258.5,0.5,29129.25
1617739200000,58258.5,58320,58258,58320,22.597,1317857.04
1617739260000,58320,58320.5,58257.5,58257.5,45.216,2634171.12
1617739320000,58257.5,58320.5,58257.5,58320.5,5.252,306299.266
1617739380000,58320.5,58321,58320.5,58321,3.679,214562.959
1617739440000,58321,58321.5,58320.5,58321,0.108,6298.668
1617739500000,58321,58321.5,58321,58321,2.007,117050.247
1617739560000,58321,58321.5,58321,58321,0.477,27819.117
1617739620000,58321,58321.5,58321,58321.5,9.005,525185.1075
1617739680000,58321.5,58321.5,58319.5,58320,8.683,506392.56
1617739740000,58320,58320,58319.5,58319.5,0.826,48171.907
1617739800000,58319.5,58320,58319.5,58319.5,4.809,280458.4755
1617739860000,58319.5,58319.5,58284,58284,3.157,184002.588
1617739920000,58284,58284,58257,58257,1.735,101075.895
1617739980000,58257,58300,58257,58299.5,3.429,199908.9855
1617740040000,58299.5,58300,58299.5,58300,1.678,97827.4
1617740100000,58300,58300,58300,58300,0.146,8511.8
1617740160000,58300,58300,58299.5,58300,0.139,8103.7
1617740220000,58300,58300,58299.5,58299.5,3.104,180961.648
1617740280000,58299.5,58300,58299.5,58300,1.042,60748.6
1617740340000,58300,58300,58299.5,58300,0.391,22795.3
1617740400000,58300,58300,58300,58300,0.237,13817.1
1617740460000,58300,58316,58300,58316,1.585,92430.86
1617740520000,58316,58316,58315.5,58316,4.043,235771.588
1617740580000,58316,58316,58277.5,58299,2.846,165918.954
1617740640000,58299,58299.5,58299,58299.5,1.001,58357.7995
1617740700000,58299.5,58299.5,58299,58299.5,0.207,12067.9965
1617740760000,58299.5,58299.5,58299,58299,3.481,202938.819
1617740820000,58299,58299.5,58299,58299,0.258,15041.142
1617740880000,58299,58299.5,58299,58299,0.874,50953.326
1617740940000,58299,58299,58299,58299,1.084,63196.116
1617741000000,58299,58299,58299,58299,0,0
1617741060000,58299,58299.5,58299,58299,0.251,14633.049
1617741120000,58299,58299.5,58299,58299,2.453,143007.447
1617741180000,58299,58299,58293,58293,3.054,178026.822
1617741240000,58293,58293,58235,58235.5,7.916,460992.218
1617741300000,58235.5,58255.5,58235,58255.5,0.618,36001.899
1617741360000,58255.5,58255.5,58255,58255.5,0.09,5242.995
1617741420000,58255.5,58255.5,58255,58255.5,10.082,587331.951
1617741480000,58255.5,58255.5,58255,58255,0.043,2504.965
1617741540000,58255,58258,58255,58258,2.394,139469.652
1617741600000,58258,58258,58258,58258,0.38,22138.04
1617741660000,58258,58258,58258,58258,0.179,10428.182
1617741720000,58258,58258,58257.5,58257.5,0.05,2912.875
1617741780000,58257.5,58277,58257.5,58276.5,0.572,33334.158
1617741840000,58276.5,58276.5,58276.5,58276.5,0.185,10781.1525
1617741900000,58274.5,58274.5,58274.5,58274.5,0,0
1617741960000,58274.5,58274.5,58255.5,58256,0.289,16835.984
1617742020000,58256,58256,58255.5,58255.5,0.26,15146.43
1617742080000,58255.5,58256,58250.5,58250.5,0.089,5184.2945
1617742140000,58250.5,58251,58228.5,58228.5,1.053,61314.6105
1617742200000,58228.5,58228.5,58228.5,58228.5,2.804,163272.714
1617742260000,58228.5,58229,58228.5,58229,0.263,15314.227
1617742320000,58229,58229,58229,58229,0.1,5822.9
1617742380000,58229,58229,58228.5,58228.5,0.032,1863.312
1617742440000,58228.5,58229,58228.5,58229,1.13,65798.77
1617742500000,58229,58229,58228.5,58228.5,0.413,24048.3705
1617742560000,58228.5,58233.5,58228.5,58233.5,2.042,118912.807
1617742620000,58233.5,58253,58233.5,58253,1.011,58893.783
1617742680000,58253,58253,58252.5,58253,0.275,16019.575
1617742740000,58253,58253,58252.5,58253,1.237,72058.961
1617742800000,58253,58253,58252.5,58252.5,0.91,53009.775
1617742860000,58252.5,58253,58252.5,58252.5,0.637,37106.8425
1617742920000,58252.5,58253,58217,58217,15.645,910804.965
1617742980000,58217,58217.5,58217,58217.5,0.122,7102.535
1617743040000,58217.5,58217.5,58217,58217,3.657,212899.569
1617743100000,58217,58217.5,58217,58217.5,0.071,4133.4425
1617743160000,58217.5,58217.5,58217,58217,0.145,8441.465
1617743220000,58217,58217.5,58217,58217.5,0.06,3493.05
1617743280000,58217.5,58217.5,58216.5,58216.5,0.506,29457.549
1617743340000,58216.5,58216.5,58207.5,58207.5,2.684,156228.93
1617743400000,58207.5,58207.5,58204.5,58204.5,2.205,128340.9225
1617743460000,58204.5,58204.5,58201.5,58201.5,4.171,242758.4565
1617743520000,58201.5,58201.5,58200.5,58200.5,1.062,61808.931
1617743580000,58200.5,58201,58200.5,58200.5,0.804,46793.202
1617743640000,58200.5,58201,58199.5,58199.5,1.052,61225.874
1617743700000,58199.5,58199.5,58179.5,58179.5,1.594,92738.123
1617743760000,58179.5,58179.5,58168,58168,3.166,184159.888
1617743820000,58168,58168,58164,58164.5,1.18,68634.11
1617743880000,58164.5,58164.5,58161.5,58161.5,0.918,53392.257
1617743940000,58162,58162,58126,58126,20.646,1200069.396
1617744000000,58126,58126,58080.5,58081,31.42,1824905.02
1617744060000,58081,58081,57946.5,57946.5,78.159,4529040.4935
1617744120000,57946.5,57946.5,57945,57945.5,4.091,237055.0405
1617744180000,57945.5,57945.5,57945,57945,1.433,83035.185
1617744240000,57945,57945.5,57926,57926,22.297,1291576.022
1617744300000,57926,57926,57880,57880,20.567,1190417.96
1617744360000,57880,57880,57844,57844.5,7.656,442857.492
1617744420000,57844.5,57844.5,57844,57844.5,8.391,485373.1995
1617744480000,57864,57971.5,57864,57971,15.957,925043.247
1617744540000,57971,57971.5,57924.5,57949.5,4.989,289110.0555
1617744600000,57949.5,57949.5,57949,57949,0.958,55515.142
1617744660000,57949,57949,57925,57925,6.301,364985.425
1617744720000,57925,57925,57687,57761,55.457,3203251.777
1617744780000,57761,57818,57760.5,57818,11.178,646289.604
1617744840000,57818,57828.5,57817.5,57828.5,2.227,128784.0695
1617744900000,57828.5,57860.5,57828,57860.5,8.454,489152.667
1617744960000,57860.5,57860.5,57860,57860,2.307,133483.02
1617745020000,57860,57881.5,57860,57881.5,3.778,218676.307
1617745080000,57881.5,57907.5,57881,57907.5,7.315,423593.3625
1617745140000,57907.5,57907.5,57859.5,57859.5,10.274,594448.503
1617745200000,57859.5,57896,57859.5,57896,1.123,65017.208
1617745260000,57896,57896,57864,57866,4.065,235225.29
1617745320000,57888,57925,57888,57925,3.175,183911.875
1617745380000,57925,57925,57924.5,57924.5,4.53,262397.985
1617745440000,57924.5,57966,57924.5,57966,2.818,163348.188
1617745500000,57966,57966,57950,57951.5,4.142,240035.113
1617745560000,57951.5,58005.5,57951.5,58005,8.304,481673.52
1617745620000,58005,58005.5,57985.5,57995,2.484,144059.58
1617745680000,57995,58025,57995,58025,23.92,1387958
1617745740000,58025,58050,58025,58050,6.856,397990.8
1617745800000,58050,58079,58049.5,58079,12.594,731446.926
1617745860000,58079,58090,58029,58089.5,7.667,445372.1965
1617745920000,58089.5,58090,58066,58085,4.827,280376.295
1617745980000,58085,58085,58084.5,58084.5,2.918,169490.571
1617746040000,58084.5,58085,58070.5,58070.5,22.384,1299850.072
1617746100000,58070.5,58070.5,58023.5,58023.5,8.335,483625.8725
1617746160000,58023.5,58023.5,57986,57986,6.056,351163.216
1617746220000,57986,57986.5,57986,57986.5,4.609,267259.7785
1617746280000,57986.5,57986.5,57986,57986,0.874,50679.764
1617746340000,57986,57986,57919,57919.5,14.379,832824.4905
1617746400000,57919.5,57919.5,57850,57850,10.974,634845.9
1617746460000,57850,57850.5,57820,57820,9.225,533389.5
1617746520000,57820,57833,57820,57833,5.407,312703.031
1617746580000,57833,57874.5,57832.5,57874.5,12.04,696808.98
1617746640000,57874.5,57877,57844.5,57845,14.715,851189.175
1617746700000,57845,57845,57829,57829.5,1.153,66677.4135
1617746760000,57829.5,57829.5,57773,57788,7.164,413993.232
1617746820000,57788,57789.5,57771.5,57789,4.309,249012.801
1617746880000,57789,57789.5,57789,57789.5,1.806,104367.837
1617746940000,57789.5,57789.5,57787,57787,1.14,65877.18
1617747000000,57787,57787,57725,57725.5,9.101,525359.7755
1617747060000,57725.5,57825,57725.5,57824.5,14.012,810236.894
1617747120000,57824.5,57824.5,57824,57824.5,1.265,73147.9925
1617747180000,57824,57825,57824,57825,0.852,49266.9
1617747240000,57825,57883,57825,57883,9.49,549309.67
1617747300000,57883,57919,57869,57893.5,15.756,912169.986
1617747360000,57893.5,57894,57849.5,57855.5,1.497,86609.6835
1617747420000,57855.5,57855.5,57855.5,57855.5,0.55,31820.525
1617747480000,57855.5,57856,57854,57854,1.837,106277.798
1617747540000,57854,57854,57843,57843.5,0.924,53447.394
1617747600000,57843.5,57909.5,57843.5,57909.5,8.54,494547.13
1617747660000,57909.5,57925,57892.5,57925,3.168,183506.4
1617747720000,57925,57976.5,57925,57926.5,5.966,345589.499
1617747780000,57926.5,57986.5,57926.5,57986.5,4.135,239774.1775
1617747840000,57986.5,57987,57929,57956.5,1.583,91745.1395
1617747900000,57956.5,57988,57948.5,57948.5,1.442,83561.737
1617747960000,57948.5,57949,57919,57919,0.599,34693.481
1617748020000,57919,57919.5,57919,57919.5,0.285,16507.0575
1617748080000,57919.5,57949,57919.5,57949,1.913,110856.437
1617748140000,57949,57949,57900,57900,1.408,81523.2
1617748200000,57900,57900.5,57900,57900,6.549,379187.1
1617748260000,57900,57945,57900,57945,1.146,66404.97
1617748320000,57945,57962,57944.5,57962,1.67,96796.54
1617748380000,57961.5,58023.5,57961.5,58023.5,11.5,667270.25
1617748440000,58023.5,58025.5,58023.5,58025,1.601,92898.025
1617748500000,58025,58049.5,58025,58049,3.159,183376.791
1617748560000,58049,58050,58049,58049.5,0.594,34481.403
1617748620000,58049.5,58050.5,58049.5,58050.5,0.422,24497.311
1617748680000,58050.5,58051.5,58050.5,58051.5,0.458,26587.587
1617748740000,58051.5,58051.5,58051,58051.5,1.153,66933.3795
1617748800000,58051.5,58051.5,58050,58050.5,0.922,53522.561
1617748860000,58050.5,58050.5,58050,58050,1.546,89745.3
1617748920000,58050,58050.5,58050,58050.5,1.57,91139.285
1617748980000,58050.5,58050.5,58050,58050,2.719,157837.95
1617749040000,58050,58050,58028.5,58028.5,4.812,279233.142
1617749100000,58028.5,58029,58028.5,58029,0.331,19207.599
1617749160000,58029,58029,58028.5,58029,1.559,90467.211
1617749220000,58029,58029,58028.5,58028.5,2.602,150990.157
1617749280000,58000.5,58000.5,57992,57992,2.151,124740.792
1617749340000,57992,57992.5,57992,57992.5,0.148,8582.89
1617749400000,57992.5,58021.5,57992.5,58021.5,0.964,55932.726
1617749460000,58021.5,58021.5,58021.5,58021.5,1.81,105018.915
1617749520000,58021.5,58032.5,58021.5,58032.5,4.951,287318.9075
1617749580000,58032.5,58032.5,58032,58032,0.4,23212.8
1617749640000,58032,58032.5,58006,58006,0.637,36949.822
1617749700000,58006,58006.5,58006,58006.5,0.344,19954.236
1617749760000,58006.5,58006.5,57990,57990,2.064,119691.36
1617749820000,57990,57990,57942.5,57942.5,5.738,332474.065
1617749880000,57942.5,57943,57942.5,57943,2.367,137151.081
1617749940000,57943,57943,57942.5,57943,1.438,83322.034
1617750000000,57943,57943,57942.5,57942.5,0.669,38763.5325
1617750060000,57942.5,57942.5,57925,57925,2.827,163753.975
1617750120000,57925,57925.5,57925,57925,0.086,4981.55
1617750180000,57925.5,57925.5,57925.5,57925.5,0.25,14481.375
1617750240000,57925.5,57925.5,57913,57913,1.399,81020.287
1617750300000,57913,57950,57913,57950,2.279,132068.05
1617750360000,57950,57996,57950,57996,2.017,116977.932
1617750420000,57996,58006.5,57996,58006,3.656,212069.936
1617750480000,58006,58015,58006,58015,0.837,48558.555
1617750540000,58015,58015,58015,58015,0.437,25352.555
1617750600000,58015,58015,58015,58015,0.187,10848.805
1617750660000,58015,58015,58014.5,58014.5,1.946,112896.217
1617750720000,58014.5,58015,58014.5,58015,9.728,564369.92
1617750780000,58015,58017,58015,58017,2.41,139820.97
1617750840000,58017,58056.5,58016.5,58056,23.452,1361529.312
1617750900000,58056,58056.5,58033,58033,0.717,41609.661
1617750960000,58033,58033.5,58031.5,58031.5,2.344,136025.836
1617751020000,58031.5,58033.5,58031.5,58033.5,9.488,550621.848
1617751080000,58033.5,58118,58033.5,58116.5,27.377,1591055.4205
1617751140000,58116.5,58116.5,58116,58116,9.716,564655.056
1617751200000,58116,58116.5,58116,58116,1.431,83163.996
1617751260000,58116,58116.5,58114,58114,5.56,323113.84
1617751320000,58114,58114,58089.5,58090,1.34,77840.6
1617751380000,58090,58090,58090,58090,2.482,144179.38
1617751440000,58090,58090,58090,58090,9.742,565912.78
1617751500000,58090,58116.5,58089.5,58116.5,23.503,1365912.0995
1617751560000,58116.5,58116.5,58116.5,58116.5,0.387,22491.0855
1617751620000,58116.5,58116.5,58116,58116,1.281,74446.596
1617751680000,58116,58139,58116,58138.5,4.181,243077.0685
1617751740000,58138.5,58139,58138.5,58138.5,3.618,210345.093
1617751800000,58138.5,58140,58138.5,58140,2.014,117093.96
1617751860000,58140,58140,58139.5,58140,1.555,90407.7
1617751920000,58150,58163,58149.5,58163,2.472,143778.936
1617751980000,58163,58166.5,58162.5,58166,0.464,26989.024
1617752040000,58166,58166.5,58166,58166,3.293,191540.638
1617752100000,58166,58166.5,58140.5,58140.5,5.295,307853.9475
1617752160000,58140.5,58141,58140.5,58140.5,1.72,100001.66
1617752220000,58140.5,58141,58140.5,58141,0.34,19767.94
1617752280000,58141,58141,58131,58131,1.814,105449.634
1617752340000,58131,58131,58112,58112,2.627,152660.224
1617752400000,58112,58128.5,58112,58128,2.376,138112.128
1617752460000,58128,58128,58128,58128,0.482,28017.696
1617752520000,58128,58128,58109.5,58110,90.49,5258373.9
1617752580000,58110,58110,58109,58109,2.918,169562.062
1617752640000,58109,58109,58108.5,58108.5,0.076,4416.246
1617752700000,58108.5,58108.5,58106,58106,0.566,32887.996
1617752760000,58106,58128.5,58106,58128.5,10.064,585005.224
1617752820000,58128.5,58128.5,58100.5,58101,1.006,58449.606
1617752880000,58101,58101,58079,58079,4.744,275526.776
1617752940000,58079,58079,58058,58058,4.334,251623.372
1617753000000,58058,58058,58051.5,58051.5,2.276,132125.214
1617753060000,58051.5,58085,58051.5,58085,10.084,585729.14
1617753120000,58085,58085,58084.5,58084.5,0.315,18296.6175
1617753180000,58084.5,58099,58084.5,58099,5.366,311759.234
1617753240000,58099,58099,58098.5,58098.5,1.181,68614.3285
1617753300000,58098.5,58098.5,58080,58080,5.074,294697.92
1617753360000,58080,58080,58078,58078.5,0.314,18236.649
1617753420000,58078.5,58078.5,58059,58059,4.494,260917.146
1617753480000,58059,58059,58031,58031,5.906,342731.086
1617753540000,58031,58031,58026,58026.5,9.642,559491.513
1617753600000,58026.5,58026.5,58026,58026.5,21.239,1232424.8335
1617753660000,58026.5,58026.5,58026,58026.5,0.991,57504.2615
1617753720000,58026.5,58026.5,58021.5,58021.5,13.905,806788.9575
1617753780000,58020.5,58020.5,58020,58020.5,6.425,372781.7125
1617753840000,58020.5,58020.5,58015,58015,1.814,105239.21
1617753900000,58015,58021.5,58015,58021.5,1.148,66608.682
1617753960000,58021.5,58049.5,58021.5,58049.5,1.16,67337.42
1617754020000,58049.5,58104.5,58049.5,58104.5,6.404,372101.218
1617754080000,58104.5,58114.5,58104,58114.5,4.105,238560.0225
1617754140000,58114.5,58125,58114.5,58124.5,1.113,64692.5685
1617754200000,58124.5,58149.5,58124.5,58149.5,8.444,491014.378
1617754260000,58149.5,58181.5,58149.5,58181.5,5.451,317147.3565
1617754320000,58181.5,58181.5,58181,58181,4.509,262338.129
1617754380000,58181,58181.5,58181,58181.5,4.171,242675.0365
1617754440000,58181.5,58220,58181.5,58220,52.797,3073841.34
1617754500000,58220,58221,58180,58180,8.506,494879.08
1617754560000,58180,58188,58180,58188,18.146,1055879.448
1617754620000,58188,58200,58187,58187.5,9.84,572565
1617754680000,58187.5,58187.5,58187,58187,23.929,1392356.723
1617754740000,58187,58187,58176,58176.5,1.048,60968.972
1617754800000,58176.5,58176.5,58133.5,58133.5,11.264,654815.744
1617754860000,58133.5,58133.5,58124.5,58124.5,17.21,1000322.645
1617754920000,58124.5,58125,58124.5,58124.5,2.06,119736.47
1617754980000,58115.5,58115.5,58114.5,58115,4.68,271978.2
1617755040000,58115,58125,58115,58125,3.641,211633.125
1617755100000,58125,58125,58125,58125,1.722,100091.25
1617755160000,58125,58151,58125,58151,2.823,164160.273
1617755220000,58151,58151,58150.5,58151,0.399,23202.249
1617755280000,58151,58151,58148,58148,2.001,116354.148
1617755340000,58148,58148.5,58148,58148,0.577,33551.396
1617755400000,58148,58148,58114,58114,4.852,281969.128
1617755460000,58105.5,58106,58074.5,58074.5,19.629,1139944.3605
1617755520000,58074.5,58074.5,58070,58070,0.864,50172.48
1617755580000,58070,58070,58016,58016,9.023,523478.368
1617755640000,58016,58016,58004,58004.5,3.285,190544.7825
1617755700000,58004.5,58004.5,57991,57991,30.274,1755619.534
1617755760000,57991,57991.5,57946,57946.5,17.629,1021538.8485
1617755820000,57946.5,57949.5,57946,57949.5,5.833,338019.4335
1617755880000,57950,57950.5,57950,57950.5,2.971,172170.9355
1617755940000,57950.5,57977,57950.5,57977,12.619,731611.763
1617756000000,57977,57977,57916,57916,12.824,742714.784
1617756060000,57916,57916.5,57915.5,57915.5,1.416,82008.348
1617756120000,57915.5,57916,57915.5,57915.5,0.691,40019.6105
1617756180000,57915.5,57940,57915.5,57940,22.954,1329954.76
1617756240000,57940,57940,57907,57907,12.498,723721.686
1617756300000,57907,57907.5,57850,57850,11.854,685753.9
1617756360000,57850,57850,57730,57767,36.688,2119355.696
1617756420000,57767.5,57809,57754.5,57754.5,4.812,277914.654
1617756480000,57754.5,57755,57660.5,57661,35.326,2036932.486
1617756540000,57661,57760,57660.5,57760,8.377,483855.52
1617756600000,57740,57760,57731.5,57734.5,2.269,130999.5805
1617756660000,57734.5,57734.5,57682.5,57690,27.976,1613935.44
1617756720000,57690,57775,57689.5,57753.5,4.086,235980.801
1617756780000,57753.5,57772,57751,57751.5,3.274,189078.411
1617756840000,57751.5,57772.5,57751.5,57770.5,3.179,183652.4195
1617756900000,57770.5,57771,57770.5,57771,2.387,137899.377
1617756960000,57771,57771,57761,57761,2.558,147752.638
1617757020000,57761,57761,57680.5,57700.5,8.373,483126.2865
1617757080000,57700.5,57700.5,57556.5,57688,82.548,4762029.024
1617757140000,57688,57733,57670.5,57729,14.442,833722.218
1617757200000,57729,57729,57640.5,57640.5,15.612,899883.486
1617757260000,57627,57631,57600,57631,3.26,187877.06
1617757320000,57631,57631,57505,57505.5,22.331,1284155.3205
1617757380000,57505.5,57638.5,57505.5,57638,15.585,898288.23
1617757440000,57638,57638.5,57603,57616,3.582,206380.512
1617757500000,57616,57650,57603.5,57650,6.286,362387.9
1617757560000,57650,57685.5,57650,57684.5,6.091,351356.2895
1617757620000,57684.5,57684.5,57684,57684,0.59,34033.56
1617757680000,57684,57684.5,57660,57660,3.88,223720.8
1617757740000,57660,57660.5,57650,57650,1.771,102098.15
1617757800000,57650,57666.5,57650,57666.5,6.808,392593.532
1617757860000,57666.5,57666.5,57626.5,57626.5,3.689,212584.1585
1617757920000,57626.5,57627,57626.5,57627,1.718,99003.186
1617757980000,57626.5,57680.5,57626.5,57680.5,2.252,129896.486
1617758040000,57680.5,57733,57680.5,57733,10.133,585008.489
1617758100000,57733,57733,57725,57725,2.852,164631.7
1617758160000,57725,57725.5,57698.5,57699,2.588,149325.012
1617758220000,57699,57699,57698.5,57698.5,4.11,237140.835
1617758280000,57698.5,57698.5,57621,57621,5.998,345610.758
1617758340000,57621,57653,57600,57653,5.485,316226.705
1617758400000,57653,57653,57652.5,57653,0.867,49985.151
1617758460000,57653,57677,57598.5,57598.5,4.012,231085.182
1617758520000,57598.5,57598.5,57329.5,57410,184.461,10589906.01
1617758580000,57400,57452.5,57392.5,57452.5,8.949,514142.4225
1617758640000,57452,57464.5,57400,57464.5,11.615,667450.1675
1617758700000,57464.5,57464.5,57401.5,57401.5,3.127,179494.4905
1617758760000,57401.5,57402,57301.5,57303,31.163,1785733.389
1617758820000,57303,57398.5,57259.5,57385,36.024,2067237.24
1617758880000,57385,57495.5,57385,57495,16.848,968675.76
1617758940000,57495,57520,57495,57505.5,2.66,152964.63
1617759000000,57505.5,57506,57452,57453,6.557,376719.321
1617759060000,57453,57453,57440,57449.5,10.962,629761.419
1617759120000,57449.5,57499,57449.5,57499,11.731,674520.769
1617759180000,57499,57500,57437.5,57460,8.142,467839.32
1617759240000,57460,57463,57422,57422,0.334,19178.948
1617759300000,57422,57479.5,57422,57479,1.569,90184.551
1617759360000,57479,57479,57425.5,57461,3.129,179795.469
1617759420000,57461,57515,57461,57514.5,6.179,355382.0955
1617759480000,57514.5,57530,57500,57530,6.094,350587.82
1617759540000,57530,57569,57510.5,57510.5,22.867,1315092.6035
1617759600000,57510.5,57583,57510.5,57580,5.072,292045.76
1617759660000,57580,57587,57579.5,57587,6.879,396140.973
1617759720000,57587,57587,57550,57567,3.822,220021.074
1617759780000,57567,57571.5,57567,57571,0.479,27576.509
1617759840000,57571,57571,57563,57563,2.812,161867.156
1617759900000,57563,57563,57541.5,57542,5.023,289033.466
1617759960000,57542,57580,57541.5,57580,6.287,362005.46
1617760020000,57580,57590,57580,57590,6.574,378596.66
1617760080000,57590,57590,57589.5,57590,5.437,313116.83
1617760140000,57590,57625.5,57590,57625.5,12.225,704471.7375
1617760200000,57625.5,57676.5,57617,57617,7.338,422793.546
1617760260000,57617,57617,57609,57609,4.913,283033.017
1617760320000,57609,57610,57608.5,57608.5,0.685,39461.8225
1617760380000,57608.5,57608.5,57600,57600,0.384,22118.4
1617760440000,57600,57600,57572,57572,3.791,218255.452
1617760500000,57572,57572.5,57572,57572.5,2.757,158727.3825
1617760560000,57572.5,57572.5,57572,57572,4.476,257692.272
1617760620000,57572,57589.5,57572,57589,1.009,58107.301
1617760680000,57589,57589.5,57567,57567,2.511,144550.737
1617760740000,57567,57589.5,57563,57589.5,3.447,198511.0065
1617760800000,57589.5,57589.5,57577,57577.5,0.949,54641.0475
1617760860000,57577.5,57634,57577,57633.5,11.771,678403.9285
1617760920000,57633.5,57663,57633.5,57663,13.379,771473.277
1617760980000,57663,57678.5,57662.5,57678.5,3.357,193626.7245
1617761040000,57678.5,57690.5,57678.5,57690.5,4.314,248876.817
1617761100000,57690.5,57690.5,57690,57690,8.722,503172.18
1617761160000,57690,57690.5,57690,57690,3.648,210453.12
1617761220000,57690,57690.5,57690,57690.5,1.535,88554.9175
1617761280000,57690.5,57690.5,57690,57690.5,0.748,43152.494
1617761340000,57690.5,57690.5,57690,57690,1.498,86419.62
1617761400000,57690,57690.5,57690,57690,0.2,11538
1617761460000,57690,57690.5,57690,57690,10.36,597668.4
1617761520000,57690,57690.5,57670,57670,9.064,522720.88
1617761580000,57670,57670.5,57651.5,57652,2.475,142688.7
1617761640000,57652,57670.5,57652,57670.5,1.93,111304.065
1617761700000,57670.5,57694,57670.5,57694,17.748,1023953.112
1617761760000,57694,57694,57693.5,57694,1.175,67790.45
1617761820000,57694,57694,57694,57694,0.205,11827.27
1617761880000,57694,57700,57693.5,57700,4.886,281922.2
1617761940000,57700,57700,57699.5,57699.5,0.413,23829.8935
1617762000000,57699.5,57704.5,57699.5,57704.5,7.036,406008.862
1617762060000,57704.5,57799,57704.5,57798.5,35.201,2034564.9985
1617762120000,57798.5,57859.5,57798.5,57852,18.418,1065518.136
1617762180000,57852,57852.5,57805,57805.5,8.755,506087.1525
1617762240000,57805.5,57805.5,57800,57800.5,8.12,469340.06
1617762300000,57800.5,57800.5,57790,57790.5,2.081,120262.0305
1617762360000,57790.5,57790.5,57768,57768,5.545,320323.56
1617762420000,57768,57768.5,57768,57768,0.799,46156.632
1617762480000,57768,57768.5,57768,57768,3.019,174401.592
1617762540000,57768,57768.5,57768,57768.5,0.218,12593.533
1617762600000,57768.5,57768.5,57768,57768.5,0.57,32928.045
1617762660000,57768.5,57786,57768.5,57785.5,3.109,179655.1195
1617762720000,57785.5,57786,57780,57780.5,1.138,65754.209
1617762780000,57780.5,57780.5,57761,57761,5.325,307577.325
1617762840000,57761,57761,57760.5,57761,3.018,174322.698
1617762900000,57761,57761,57760.5,57760.5,0.16,9241.68
1617762960000,57760.5,57761,57760.5,57761,4.179,241383.219
1617763020000,57761,57768,57761,57768,18.117,1046582.856
1617763080000,57768,57823.5,57768,57823.5,15.573,900485.3655
1617763140000,57823.5,57826,57823,57826,5.971,345279.046
1617763200000,57826,57827,57825.5,57827,3.147,181981.569
1617763260000,57827,57827,57826.5,57827,0.091,5262.257
1617763320000,57827,57828.5,57826.5,57828.5,3.378,195344.673
1617763380000,57828.5,57830,57828.5,57829.5,3.134,181237.653
1617763440000,57829.5,57869,57829.5,57869,21.654,1253095.326
1617763500000,57869,57879.5,57868.5,57879.5,3.553,205645.8635
1617763560000,57879,57879.5,57879,57879.5,0.83,48039.985
1617763620000,57879.5,57895,57879,57895,8.229,476417.955
1617763680000,57895,57895,57894.5,57894.5,1.526,88347.007
1617763740000,57894.5,57923.5,57894.5,57905,19.095,1105695.975
1617763800000,57905,57905,57860,57860,7.515,434817.9
1617763860000,57860,57860,57857.5,57858,4.062,235019.196
1617763920000,57858,57858,57852.5,57852.5,0.562,32513.105
1617763980000,57852.5,57852.5,57810.5,57822.5,9.335,539773.0375
1617764040000,57822.5,57822.5,57822,57822,2.028,117263.016
1617764100000,57820.5,57820.5,57811,57815,0.723,41800.245
1617764160000,57815,57815,57814.5,57815,0.433,25033.895
1617764220000,57815,57821,57814.5,57820.5,3.918,226540.719
1617764280000,57820.5,57820.5,57800,57800,3.242,187387.6
1617764340000,57800,57802.5,57793,57802.5,2.64,152598.6
1617764400000,57802.5,57812.5,57802.5,57812,1.325,76600.9
1617764460000,57812,57812.5,57800.5,57800.5,1.369,79128.8845
1617764520000,57800.5,57800.5,57785.5,57786,3.3,190693.8
1617764580000,57786,57803,57785.5,57803,8.858,512018.974
1617764640000,57803,57810.5,57803,57810.5,0.329,19019.6545
1617764700000,57810.5,57810.5,57789,57789,1.406,81251.334
1617764760000,57789,57789,57785.5,57785.5,3.094,178788.337
1617764820000,57785.5,57785.5,57761,57761,3.533,204069.613
1617764880000,57761,57761.5,57741,57742,4.186,241708.012
1617764940000,57742,57767.5,57742,57767.5,1.406,81221.105
1617765000000,57767.5,57767.5,57767,57767.5,0.449,25937.6075
1617765060000,57767.5,57767.5,57744.5,57745,0.637,36783.565
1617765120000,57745,57745,57744.5,57744.5,1.803,104113.3335
1617765180000,57744.5,57757,57744.5,57756.5,2.904,167724.876
1617765240000,57756.5,57757,57756.5,57756.5,1.544,89176.036
1617765300000,57756.5,57756.5,57750.5,57750.5,0.269,15534.8845
1617765360000,57750.5,57767,57750,57767,1.295,74808.265
1617765420000,57767,57800.5,57767,57800.5,8.522,492575.861
1617765480000,57800.5,57810.5,57800.5,57810.5,5.419,313275.0995
1617765540000,57810.5,57822,57810,57822,11.06,639511.32
1617765600000,57822,57854.5,57822,57854.5,5.905,341630.8225
1617765660000,57854.5,57855,57854.5,57855,11.967,692350.785
1617765720000,57855,57950,57854.5,57945,46.14,2673582.3
1617765780000,57945,57994,57945,57993.5,22.901,1328109.1435
1617765840000,57993.5,58069.5,57993.5,58023,71.573,4152880.179
1617765900000,58023.5,58070,58023,58050.5,6.682,387893.441
1617765960000,58050.5,58070,58050,58069.5,7.502,435637.389
1617766020000,58069.5,58100,58069.5,58100,17.18,998158
1617766080000,58100,58100,58047,58047,6.543,379801.521
1617766140000,58047,58047.5,58012,58012,10.589,614289.068
1617766200000,58012,58045,58012,58032.5,16.076,932930.47
1617766260000,58032.5,58032.5,58015.5,58015.5,2.135,123863.0925
1617766320000,58015.5,58015.5,58008,58008.5,0.962,55804.177
1617766380000,58008.5,58008.5,57991.5,57992,3.357,194679.144
1617766440000,57992,58000,57991.5,57999.5,0.773,44833.6135
1617766500000,57999.5,58000,57999.5,57999.5,0.343,19893.8285
1617766560000,57999.5,58000,57983.5,57983.5,6.818,395331.503
1617766620000,57983.5,57984,57983.5,57983.5,0.878,50909.513
1617766680000,57983.5,57984,57983.5,57983.5,3.584,207812.864
1617766740000,57983.5,57983.5,57964,57965,10.876,630427.34
1617766800000,57965,58033,57965,58033,12.236,710091.788
1617766860000,58033,58033,58016.5,58016.5,9.338,541758.077
1617766920000,58016.5,58017,58016.5,58016.5,1.594,92478.301
1617766980000,58016.5,58017,58016.5,58017,0.344,19957.848
1617767040000,58017,58017,58016.5,58017,0.286,16592.862
1617767100000,58017,58017,57987.5,57987.5,20.512,1189439.6
1617767160000,57987.5,57987.5,57911,57911,27.806,1610273.266
1617767220000,57906,57908,57905.5,57908,7.786,450871.688
1617767280000,57908,57920,57907.5,57919.5,2.423,140338.9485
1617767340000,57919.5,57931.5,57919.5,57931,1.546,89561.326
